EnergyDeposit(eV),LET(keV/um)
1271.56,0.127146
1003.32,0.100324
2032.31,0.202936
4098.3,0.409808
1069.46,0.106942
603.223,0.0603215
1553.42,0.155321
1173.19,0.116505
1216.95,0.121592
1236.56,0.123631
2297.74,0.229736
1152.44,0.115027
1812.66,0.181213
1638.58,0.163769
1082.67,0.108125
1835.96,0.183572
855.885,0.0855485
2587.91,0.257902
980.903,0.0980312
1241.78,0.124097
504.273,0.0504067
1257.58,0.125719
1840.56,0.183997
1225.47,0.12254
817.74,0.0817695
1048.86,0.104875
1044.06,0.104141
2181.02,0.21639
1223.6,0.122326
1286.95,0.128476
1052.66,0.105261
1299.83,0.129959
1737.17,0.159756
851.042,0.0850342
1167.18,0.11665
1334.91,0.133248
805.761,0.0805573
924.505,0.092346
1033.45,0.103208
843.686,0.0843193
983.514,0.0982734
1443.49,0.14434
4562.07,0.454973
554.119,0.0554104
1867.88,0.186676
727.293,0.0727198
1023.22,0.102292
1864.31,0.1863
1581.09,0.158004
1360.99,0.13607
2970.52,0.296809
1441.71,0.144148
2195.47,0.219498
1762.33,0.176091
1040.57,0.104045
1893.61,0.189298
1613.9,0.161288
2353.6,0.235319
2199.19,0.218802
1324.17,0.132403
1436.04,0.143515
1269.41,0.126365
996.845,0.0995974
1113.48,0.111311
1709.13,0.170742
726.964,0.0721158
571.131,0.0570924
2272.48,0.227057
700.806,0.0700681
17371.2,1.69194
1686.62,0.168542
1405.99,0.140355
1564.81,0.156384
1105.45,0.110394
1238.11,0.123791
1366.73,0.136662
1773.12,0.176662
3616.93,0.361368
884.086,0.0883874
818.702,0.0818639
1116.45,0.111531
2761.98,0.27606
5216.73,0.521459
1432.92,0.143235
5479.26,0.549475
3761.96,0.375217
5332.36,0.507786
1168.07,0.116755
1241.45,0.124063
3966.99,0.396347
867.323,0.0867107
1549.57,0.154814
1046.33,0.104602
2950.56,0.294594
2049.64,0.20487
2152.99,0.21518
2193.08,0.219176
1501.35,0.149951
17368.1,1.72889
1091.52,0.109144
1311.47,0.131076
1181.36,0.118094
1490.21,0.149003
2485.35,0.248074
1081.93,0.108161
1873.66,0.187291
728.546,0.0728394
1081.86,0.107991
790.068,0.0787023
11916.8,1.18919
1372.59,0.137233
825.069,0.0825012
634.162,0.0633536
1145.24,0.114497
2114.03,0.211251
2739.97,0.273302
2166.08,0.216379
1187.49,0.118742
1738.98,0.17324
1536.92,0.153542
825.411,0.0825374
2920.43,0.291885
925.651,0.0925469
9371.84,0.934843
9471.81,0.945316
1081.71,0.10801
1375.25,0.137499
977.906,0.097745
721.18,0.0721026
2086.75,0.208567
677.476,0.0676916
773.671,0.0773489
777.216,0.0777054
1682.54,0.168233
1081.21,0.108037
2304.31,0.230325
1047.71,0.104697
3274.33,0.327406
981.237,0.098008
1321.6,0.132127
1220.05,0.121968
2062.91,0.206155
808.575,0.080854
1105.41,0.110527
1559.78,0.155921
6173.52,0.615118
1408.15,0.140682
738.686,0.0738617
645.442,0.0645324
2310.01,0.230979
918.165,0.0917954
3257.12,0.325272
1269.92,0.126952
1427.1,0.141993
1350.79,0.135051
2616.26,0.261287
763.194,0.0762977
680.121,0.0679245
421.014,0.0420987
1439.1,0.143767
2637.18,0.263607
874.679,0.0871274
1021.52,0.102131
751.27,0.0749912
1321.56,0.132128
1099.78,0.10997
930.723,0.0930219
1559.17,0.155863
2697.92,0.269755
14029.9,1.39643
1377.59,0.137662
1403.44,0.14028
1426.77,0.142609
1122.59,0.112121
908.473,0.0908368
1564.58,0.156395
1982.52,0.19824
3498.25,0.349443
2291.29,0.228692
860.094,0.086003
2651.81,0.264193
678.557,0.0677595
2209.21,0.220779
4522.83,0.448797
788.672,0.0788553
6734.76,0.672754
974.578,0.0966177
5243.13,0.523828
1062.55,0.10617
2001.16,0.199762
1243.22,0.12422
1407.67,0.140679
1577.28,0.155213
1753.08,0.175273
1767.79,0.176641
2486.21,0.248542
620.397,0.062022
1216.41,0.121636
1593.14,0.15916
620.03,0.0619435
970.983,0.0970555
1715.7,0.171542
1183.21,0.118309
929.521,0.0929499
1589.58,0.158939
1059.81,0.105561
900.279,0.0899698
1214.81,0.121422
1374.3,0.137385
1408.58,0.140848
2490.87,0.248975
1680.82,0.168053
728.817,0.0728131
1224.85,0.122479
1093.11,0.109302
1497.2,0.149652
1066.49,0.106629
3244.03,0.324162
1353.48,0.135303
780.529,0.0780218
399.293,0.0399276
1555,0.155484
840.271,0.0840192
1084.83,0.108437
2094.86,0.209438
11874.2,1.18697
1214.68,0.12133
910.074,0.0909537
1889.41,0.186692
1126.44,0.112616
1338.26,0.133749
928.574,0.0928467
875.5,0.0874343
1862.1,0.186177
5519.59,0.550747
970.035,0.0966229
1620.1,0.161961
1740.9,0.173753
1359.08,0.135825
1210.24,0.120952
1089.93,0.108947
1369.82,0.136948
4059.46,0.405394
1183.97,0.118364
684.527,0.0684097
6171.67,0.615723
670.026,0.0669451
1036.23,0.103619
882.062,0.0879171
4046.95,0.404169
1245.55,0.124545
1183.5,0.118123
10788.3,1.07787
6259.47,0.621756
1240.69,0.124053
3748.2,0.374737
1300.82,0.130002
755.745,0.0755602
1410.06,0.140976
1019.07,0.101894
3067.72,0.306586
2265.06,0.22638
1890,0.188941
1097.56,0.109706
2322.82,0.232127
2599.08,0.25983
1226.07,0.122535
959.439,0.0959074
1014.43,0.101424
872.843,0.0872802
1704.33,0.170346
767.217,0.0767071
800.842,0.0799457
1911.36,0.190965
836.01,0.0835692
1409.86,0.140823
1153.42,0.115228
1400.55,0.139945
10539.5,1.05134
875.421,0.0874882
1337.3,0.133723
4784.49,0.478331
1193.26,0.1193
1014.44,0.101434
1555.15,0.155146
815.061,0.0808936
4795.27,0.480364
715.533,0.0715455
934.596,0.0934406
410.292,0.040901
935.778,0.0935726
4453.55,0.443455
775.604,0.0775553
790.272,0.0789807
2432.87,0.243238
732.433,0.0732395
2278.48,0.227778
1246.93,0.124584
1366.24,0.136547
1424.79,0.142123
1170.48,0.116957
1680.57,0.167959
1076.73,0.159969
1394.28,0.1394
1045.27,0.104522
1644.56,0.161424
2040.12,0.203852
662.054,0.0661777
906.484,0.0906012
5216.85,0.515668
1393.94,0.139382
5044.96,0.503751
2875.79,0.286395
928.263,0.0928187
1114.02,0.111386
1042.16,0.104202
1764.61,0.176344
1103.63,0.110322
1222.87,0.122214
1569.47,0.156909
4480.39,0.447677
1031.43,0.103104
3329.92,0.332764
1014.01,0.101361
582.556,0.0582056
746.985,0.0746675
1540.69,0.153971
868.05,0.086797
1098.03,0.109626
897.891,0.0897763
1692.58,0.169005
1270.08,0.126876
2093.73,0.209352
1020.07,0.0929489
546.353,0.054602
1549.67,0.154926
1296.3,0.129618
889.574,0.0888716
1167.9,0.116716
2815.94,0.281367
1249.71,0.124924
937.766,0.0937675
656.335,0.065624
1901.15,0.19004
1643.44,0.164291
1275.24,0.127457
790.262,0.0789973
1186.78,0.118648
1718.77,0.171829
1298.78,0.129779
1229.23,0.122708
826.735,0.0825947
812.216,0.0811338
1075.66,0.107481
2293.48,0.228852
1586.01,0.15855
729.648,0.0729575
3019.12,0.178075
1250.22,0.124917
1107.2,0.110655
2921.44,0.291798
994.797,0.0994447
626.01,0.0624127
1494.23,0.149325
1338.47,0.133833
1269.25,0.126904
669.913,0.0669854
1877.71,0.187752
2003.06,0.200279
1476.93,0.14727
7728.28,0.771287
1834.32,0.182852
4492.03,0.447157
962.261,0.0961326
1501.93,0.150169
819.825,0.0819526
655.017,0.0654969
4886.6,0.488138
934.446,0.0934172
2495.67,0.249104
1315.84,0.131462
1149.05,0.114903
1519.12,0.151719
3036.35,0.303588
1249.77,0.124909
1238.07,0.123433
730.921,0.0730494
2349.43,0.23459
1093.06,0.109226
1045.22,0.104499
905.63,0.0905047
671.574,0.0671535
1333.29,0.133322
704.389,0.070394
1301.64,0.130143
950.443,0.095042
2024.91,0.202305
1662.82,0.166278
731.26,0.0730949
1275.8,0.127548
1762.47,0.176234
693.601,0.0689464
749.04,0.0747201
630.277,0.0629895
1200.09,0.119736
1580.18,0.158001
981.61,0.0981498
3712.43,0.370834
721.013,0.0720954
1301.22,0.130017
1055.78,0.105548
1134.92,0.113322
940.959,0.0938631
667.233,0.0666355
1201.44,0.120075
1506.26,0.150611
1223.9,0.122198
1066.11,0.106594
3080.93,0.307975
1112.87,0.108508
870.285,0.0870114
971.003,0.0970626
1176.3,0.117613
1586.08,0.158596
1071.22,0.10705
1839.47,0.183848
1197.52,0.11974
866.164,0.0866131
3149.04,0.314146
1015.59,0.101541
1325.33,0.132251
749.383,0.0749329
1368.13,0.136779
1624.29,0.16236
1270.26,0.126985
1200.52,0.120037
1894.52,0.189445
2954.21,0.295161
870.787,0.0870745
1332.91,0.133262
990.768,0.0989132
1297.44,0.129678
833.947,0.0833231
965.954,0.0965207
957.298,0.0954001
431.216,0.0431125
2833.8,0.282516
840.754,0.0840529
610.641,0.061058
24170.9,2.40567
1271.73,0.127011
2454.46,0.245268
2297.76,0.229698
1172.65,0.117233
2845.98,0.283122
1083.65,0.108353
1475.21,0.147391
1005.95,0.100537
985.545,0.098538
919.966,0.0918798
1178.9,0.117864
1837.56,0.183721
8866.6,0.886251
2174.12,0.217378
815.405,0.0815074
1190.84,0.119004
1287.83,0.12877
1698.75,0.169474
1527.39,0.152726
1948.13,0.193819
3074.49,0.307407
2100.24,0.209963
1129.17,0.112847
1356.46,0.13538
943.035,0.0942381
1005.34,0.100502
1217.43,0.121727
817.666,0.0817012
1136.81,0.11352
1134.24,0.113372
1154.67,0.115447
829.557,0.0829467
892.183,0.0891433
862.651,0.0862577
632.959,0.0632343
1305.51,0.130498
1336.54,0.13359
3449.05,0.344544
1233.88,0.12328
1117.6,0.111754
2031.87,0.20315
738.02,0.0737896
482.169,0.0481925
1430.49,0.142761
868.616,0.0868342
5180.71,0.517453
1974.9,0.197459
10116.9,2.99609
827.047,0.0825716
992.597,0.0992354
1016.28,0.101626
966.725,0.0965689
838.542,0.0836835
1749.72,0.174612
974.429,0.0973579
1929.79,0.192856
1039.76,0.103858
1257.24,0.125687
1152.85,0.115243
1004.18,0.100412
5978.45,0.596667
993.524,0.0993443
1103.72,0.108578
1859.6,0.185242
786.303,0.0785417
1335.58,0.13352
21118.8,2.10287
2569.06,0.256825
825.288,0.0825068
575.687,0.0575536
958.592,0.0957013
1127.23,0.112717
1228.05,0.12262
4180.33,0.417558
1405.23,0.140457
969.397,0.0968773
4938.21,0.493306
1083.6,0.108316
692.657,0.0692243
389.309,0.0389268
828.526,0.0828077
791.563,0.0791392
767.43,0.0767388
1218.51,0.12184
1201.44,0.120094
1724.25,0.172351
1910.27,0.190993
915.946,0.0915933
1220.12,0.122
1889.96,0.188829
1304.75,0.130449
2100.57,0.209912
819.567,0.0812481
1229.93,0.122921
1676.41,0.167397
894.383,0.0894284
1020.9,0.102034
1215.43,0.121505
1612.69,0.161126
1828.09,0.182574
1701.71,0.170122
2433.23,0.243178
3000.88,0.299699
1041.01,0.103827
1133.41,0.113199
1021.83,0.102086
1492.75,0.149198
1645.68,0.164526
907.381,0.0907266
11303.5,3.10318
4487.16,0.448652
2328.75,0.232834
9629.9,0.962043
1155.52,0.115528
2576.6,0.257057
1204.53,0.120407
2482.03,0.247419
1024.41,0.102279
1291.32,0.129112
3835.9,0.383095
2809.98,0.280948
2016.59,0.201554
719.247,0.0718751
1427.23,0.142627
729.359,0.0729334
1337.2,0.133655
2085.83,0.207739
725.06,0.0724981
678.073,0.0677961
12279.9,1.21675
2838.33,0.283763
1688.98,0.16873
1107.4,0.110223
2080.7,0.207999
2466.89,0.246612
826.928,0.0826672
1075.84,0.107558
758.549,0.0758522
1211.72,0.120895
2237.58,0.223617
1237.48,0.122843
1313.23,0.131298
1157.84,0.115755
759.331,0.0758342
1906.93,0.19061
539.974,0.0539895
1931.19,0.19308
799.159,0.0789738
1426.82,0.142653
865.96,0.0865851
2069.38,0.206888
6085.42,0.607206
9258.52,0.861308
2629.15,0.262787
641.842,0.0641815
1224.2,0.122349
1686.49,0.168564
1813.38,0.181176
1246.61,0.12461
2359.61,0.23591
2710.74,0.270819
1494.82,0.149311
1119.45,0.111754
1524.97,0.152362
1378.95,0.137851
1121.39,0.112127
2666.07,0.266513
2168.25,0.216648
688.206,0.0687545
1401.99,0.14015
911.171,0.0910376
1595.1,0.154875
1468.68,0.14679
1020.57,0.102021
1865.41,0.186479
1530.41,0.152076
3366.81,0.336544
706.983,0.0706807
1031.27,0.102961
628.027,0.0627181
910.291,0.090965
1223.21,0.122176
475.012,0.0474955
1151.98,0.115173
2125.1,0.21248
1199.65,0.119913
1019.17,0.101872
920.603,0.0920004
741.893,0.0741662
3001.88,0.300114
1016.55,0.101633
1492.32,0.149189
2272.99,0.226892
1140.81,0.11407
1233.87,0.123316
1008.74,0.100732
1524.96,0.15248
744.205,0.0743788
1487.58,0.148731
1825.1,0.182264
674.132,0.0673998
1075.63,0.107543
1421.88,0.142163
1318.72,0.131682
1194.07,0.119327
802.562,0.0802497
952.826,0.0952659
552.547,0.0552329
1159.99,0.115966
844.125,0.0843321
2594.06,0.259142
2470.44,0.246189
1419.42,0.141549
1253.26,0.125232
1248.7,0.124686
1269.89,0.126702
874.328,0.0874206
652.363,0.0651843
1017.44,0.101541
1402.1,0.140044
1287.24,0.128698
1033.72,0.103298
1140.23,0.114012
1067.4,0.106678
879.977,0.0879858
3154.62,0.315323
1200.53,0.119958
1667.05,0.166691
1064.7,0.10644
760.938,0.0760539
1812.89,0.181243
2130.92,0.21286
892.047,0.089201
945.478,0.0924857
951.115,0.0950956
2301.87,0.230087
1337.36,0.133723
1839.12,0.183355
1441.62,0.143941
812.197,0.0805028
1623.18,0.162293
986.634,0.0985644
451.795,0.0451615
625.883,0.0625816
1284.5,0.127935
1323.37,0.13232
665.171,0.0664931
1080.74,0.107965
876.184,0.0876066
2699.34,0.269909
901.129,0.0899251
600.733,0.0600426
1582.48,0.158172
1063.37,0.106323
665.999,0.0664134
894.414,0.0893798
1048.38,0.104153
722.075,0.0721689
3159.46,0.315843
1586.52,0.15859
916.742,0.0916389
4107.78,1.06379
7389.28,0.737601
729.624,0.0729373
11662.2,1.16542
1811.76,0.180408
798.599,0.0797962
2027.21,0.202255
1111.61,0.110985
1084.2,0.108403
893.829,0.0893692
742.828,0.0742767
1137.82,0.113777
845.827,0.0844727
2595.58,0.259524
1581.88,0.158103
1235.78,0.123407
876.072,0.0876004
1133.09,0.113276
1583.01,0.158163
3187.85,0.318513
1378.32,0.137786
2283.85,0.228304
1989.76,0.198878
986.305,0.0985914
3241.45,0.324005
1180.27,0.117996
1794.91,0.173856
1378.99,0.137849
808.717,0.080862
1118.06,0.111187
1503.83,0.150241
1119.46,0.111889
2148.39,0.214787
1663.32,0.166305
662.915,0.0660516
1210.28,0.116283
4655.96,0.462929
1108.96,0.110824
1372.36,0.137181
1122.78,0.112244
775.046,0.0774986
5894.66,1.48497
1422.24,0.142211
2718.76,0.271822
1197.88,0.119239
621.566,0.0621543
1719.83,0.171704
753.424,0.0752462
1584.42,0.158105
729.599,0.0729351
1206.13,0.120374
1286.46,0.128573
989.436,0.0988833
1568.89,0.156858
1311.14,0.130982
1342.63,0.134157
1054.34,0.105401
1718.41,0.171797
806.763,0.0806574
1479.16,0.147873
1044.73,0.10446
774.275,0.0774207
984.696,0.0984477
1181.25,0.117991
1590.01,0.158633
1732.84,0.173111
1373.84,0.137314
7232.93,0.721799
867.396,0.0866839
1754.52,0.175409
777.093,0.0776979
691.61,0.0690822
1706.63,0.17028
1053.24,0.105116
1296.58,0.129651
4486.35,0.447056
841.804,0.0841789
2717.61,0.27103
736.837,0.0736709
709.927,0.0709485
1613.02,0.161295
1077.48,0.107606
1357.65,0.135758
771.802,0.0771416
1795.66,0.17945
892.408,0.0891318
1366.15,0.136603
1412.55,0.141171
2909.15,0.290578
1350.53,0.134982
1660.77,0.166047
1960.76,0.196056
5606.4,0.560012
967.13,0.0967007
2094.89,0.209456
2722.33,0.271819
896.925,0.0896166
766.798,0.0765004
577.059,0.0576611
956.713,0.0953327
623.226,0.0623207
1593.61,0.159283
1026.18,0.102608
2232.68,0.223212
2636.66,0.26351
2561.65,0.256045
984.049,0.0983916
848.728,0.0848506
2026.66,0.202384
936.882,0.0935865
1734.97,0.173492
1523.77,0.152359
1131.19,0.113069
21848.2,2.17427
1324.47,0.13215
3534.59,0.594131
1877.16,0.187384
914.571,0.0914266
848.344,0.0848177
3467.49,0.345065
1197.92,0.119771
1192.08,0.119146
2152.97,0.21525
5791.47,0.578685
542.489,0.0542423
729.08,0.072864
1275.02,0.127313
600.701,0.0530834
878.941,0.087827
1652.8,0.164767
2384.31,0.238366
1108.22,0.110818
628.664,0.0628622
984.035,0.0983842
983.585,0.0983225
2771.14,0.276224
706.031,0.0705888
1099.25,0.109917
1025.6,0.10251
4538.72,0.453554
1053.44,0.104876
1758.95,0.175736
1814.06,0.181332
1346.3,0.134104
8979.89,0.897078
1040.99,0.104085
958.809,0.095854
1469.44,0.146908
806.284,0.0803738
1605.3,0.160501
1226.15,0.122558
2533.74,0.253163
1899.56,0.189885
1374.43,0.137276
1257.05,0.125613
1254.84,0.125441
10954.5,1.0919
1579.6,0.157924
1522.13,0.152162
771.827,0.0771803
1124.87,0.112439
1095.54,0.109494
854.818,0.0854683
1876.06,0.18738
2607.19,0.260698
3793.27,0.379148
3265.17,0.326364
3349.79,0.334425
2256.77,0.225626
5215.1,0.521412
1160.2,0.115909
989.387,0.0989206
1246.49,0.12463
1516.58,0.147306
1453.53,0.145302
1729.09,0.172838
1567.07,0.156673
840.473,0.084033
1502.7,0.150151
557.551,0.0557358
2605.67,0.260506
599.759,0.0599614
888.626,0.0888142
2028.97,0.202751
888.611,0.0888464
3527.61,0.352603
993.289,0.0991649
1639.8,0.163957
1073.74,0.107356
995.69,0.099564
1311.97,0.131177
1404.36,0.140253
894.392,0.089435
1818.64,0.181852
854.326,0.0854216
1970.46,0.196959
657.521,0.0657499
2644.24,0.263236
859.45,0.0858714
1440.24,0.143946
917.901,0.0917271
1407.77,0.140723
2088.51,0.208812
1571.9,0.157091
835.578,0.0826186
8270.43,4.54012
867.949,0.086757
1452.72,0.145233
1602.91,0.160262
641.05,0.0640856
1081.54,0.108089
2721.47,0.261308
1646.35,0.163859
987.152,0.0986603
720.993,0.0720895
1606.09,0.160579
1709.68,0.17094
1585.19,0.158421
2160.73,0.215933
1127.02,0.112631
1562.14,0.15605
1373.12,0.137229
1356.87,0.135669
1519.05,0.151874
1731.38,0.172111
575.608,0.0575255
1571.24,0.157036
448.531,0.0448305
708.41,0.0707228
947.794,0.0946929
719.155,0.0719121
6262.17,0.625821
1327.16,0.132605
1702.89,0.169974
1372.4,0.137229
1377.41,0.137619
785.549,0.0784618
1121.06,0.112062
1300.28,0.129335
1290.03,0.130486
1669.95,0.166818
2657.83,0.26527
1287.79,0.128772
885.252,0.0884978
804.485,0.0798919
2793.5,0.278084
933.053,0.0932955
2379.17,0.236474
2423.16,0.242269
1086.11,0.108183
361.101,0.0361092
872.779,0.0872345
793.572,0.0792844
828.039,0.0827648
4289.55,0.428854
1635.35,0.163184
2118.66,0.211858
1054.5,0.105435
1211.08,0.120317
3749.09,0.374278
2534.31,0.253363
695.712,0.0695443
1640.69,0.163959
970.737,0.09706
710.97,0.0710936
1899.82,0.189737
933.77,0.0933676
819.585,0.081953
1958.27,0.195758
905.158,0.090501
1532.76,0.153098
3455.69,0.345334
944.005,0.0943948
7041.26,0.70307
2317.83,0.231724
1336.41,0.133516
1122.89,0.112158
1568.02,0.15668
1284.86,0.128438
2496.96,0.249574
5293.99,0.52689
803.261,0.0802515
1170.3,0.11689
1331.7,0.133101
18888.5,1.88298
1851.24,0.184862
1290.69,0.128867
3099.15,0.309747
3210.56,0.320955
1203.12,0.12007
1830.37,0.182997
1990.23,0.199009
3538.08,0.351471
1580.6,0.157994
1500.17,0.149968
1874.78,0.187335
1565.74,0.156073
892.083,0.0891976
1484.64,0.148395
1003.83,0.100369
772.083,0.0771978
1207.86,0.119865
988.005,0.0987043
1639.34,0.163907
1254.95,0.125395
11427.2,1.14116
1055.94,0.105305
902.147,0.0901959
1730.67,0.172999
1479.87,0.147955
2502.22,0.250035
1151.64,0.115151
1762.43,0.176172
844.032,0.0843509
13058.4,1.30282
8479.46,0.845538
1962.42,0.196019
1438.86,0.143867
1353.92,0.135271
1257.2,0.125656
1346.42,0.134626
767.83,0.0765585
1644.88,0.164445
1408.4,0.14073
759.242,0.0756546
2274.59,0.227021
1539.49,0.153943
590.875,0.0590569
1148.59,0.114851
1344.32,0.134402
1789.2,0.178396
1669.16,0.166863
1760.75,0.175807
813.525,0.0812927
2565.12,0.256406
1249.69,0.124968
1666.36,0.102937
2850.92,0.284812
723.548,0.0722779
2519.07,0.251738
905.385,0.0905124
1362.95,0.135732
2596.11,0.259542
20355,2.02897
1076.26,0.107601
1433.71,0.143364
1193.41,0.119196
908.812,0.0908664
793.628,0.079342
832.063,0.0831979
1631.37,0.1631
827.383,0.0827037
1394.07,0.139393
2038.12,0.203723
838.866,0.0838639
884.089,0.0883584
11593.3,1.10647
1703.86,0.170348
987.029,0.0986719
731.641,0.0731141
602.684,0.0602611
1362.53,0.136182
1730.39,0.173029
1485.47,0.148535
811.93,0.081148
626.939,0.0626196
1337.69,0.133763
1202.05,0.120153
945.395,0.0945382
619.766,0.0619669
592.183,0.0592044
13716.4,1.36728
1454.84,0.145474
1012.49,0.101227
969.959,0.0969941
1269.24,0.126734
862.635,0.0861878
1080.07,0.107971
1012.67,0.1012
7939.64,0.790019
1812.23,0.1811
3095.5,0.308009
1232,0.123101
889.249,0.0888959
1003.15,0.100279
1050.15,0.104985
1366.11,0.136478
1690.88,0.168961
2749.74,0.274914
4584.49,0.455369
1126.56,0.112445
1261.39,0.12612
880.209,0.0880171
1634.64,0.163409
3871.66,0.386267
2903.13,0.290148
1061.6,0.106135
1690.16,0.168999
1444.82,0.144434
788.648,0.0788068
1247.57,0.124152
1569.64,0.156883
3935.66,0.392608
605.068,0.0604912
1773.89,1.34566
1286.22,0.128597
491.193,0.0490659
661.261,0.0661235
8241.78,0.822605
1762.36,0.176224
1712.94,0.171212
1771.59,0.176937
1585.92,0.158343
3069.59,0.306416
3472.6,0.34699
1002.1,0.100186
591.774,0.0591472
1629.77,0.162915
1268.31,0.126754
1353.18,0.135292
1554.81,0.155411
705.67,0.0705479
834.788,0.0833464
670.932,0.0670737
1887.97,0.188611
1683.48,0.16829
769.326,0.0768725
973.365,0.0973063
2759.5,0.275832
1292.71,0.125654
4496.17,0.449224
1039.55,0.10392
1925.45,0.192507
1671.61,0.167103
1213.53,0.121326
1874.1,0.187248
2855.71,0.285231
610.682,0.0610627
2229.62,0.222739
2056.1,0.205578
1208.49,0.120828
727.574,0.0727199
858.818,0.0858564
1434.12,0.143289
1159.1,0.115652
1293.8,0.129281
765.324,0.0765147
1583.86,0.158355
2198.42,0.218893
1559.17,0.155893
1123.98,0.112283
1565.92,0.156569
2309.22,0.230813
2426.77,0.198188
2164.43,0.216385
3929.56,0.383263
1560.5,0.155916
2331.47,0.225714
1447.76,0.14466
983.09,0.0982877
2174.04,0.217317
1145.43,0.114518
616.483,0.0616119
1729.04,0.172868
1969.68,0.19673
2652.43,0.265001
1897.27,0.189549
825.554,0.08253
1932.36,0.193177
1048.1,0.104804
942.257,0.0941555
1065.76,0.106541
1232.74,0.12327
1014.38,0.101411
1991.77,0.198686
8180.68,0.816812
2093.89,0.209217
1103,0.109868
3580.84,0.357635
2067.95,0.206617
4536.16,0.453541
1071.44,0.106818
1713.04,0.171254
1863.49,0.185874
2240.31,0.222951
647.676,0.0647477
1141.03,0.114094
2189.77,0.218936
1253.63,0.125303
1105,0.110483
1730.18,0.172842
871.247,0.0871063
4170.23,0.416537
893.626,0.0893444
6238.09,0.620248
815.454,0.0814959
2213.26,0.221292
875.182,0.0868257
1098.14,0.109798
2019.67,0.201928
2683.71,0.268233
831.335,0.0831281
710.502,0.0710379
1996.31,0.198647
4918.73,0.491647
1087.11,0.108698
1617.61,0.161682
1040.83,0.104074
2940.02,0.29391
1184.42,0.11843
1827.06,0.182629
646.163,0.0645886
1259.49,0.125863
853.94,0.0853375
1204.83,0.12021
2892.66,0.288873
1267.54,0.126695
707.17,0.0706397
1110.17,0.110953
717.326,0.0717194
1108.39,0.110806
756.848,0.0749255
747.444,0.0747419
1664.15,0.166119
1424.66,0.142389
1246.36,0.124099
1249.41,0.124859
887.485,0.0886867
1960.13,0.196
1078.5,0.107804
2741.52,0.274077
671.185,0.0670848
1838.14,0.183778
1404.48,0.140345
1109.14,0.110877
3849.02,0.384693
922.583,0.0922227
1204.68,0.120266
565.773,0.0565642
1076.46,0.107532
941.989,0.0941728
733.181,0.0733135
1371.97,0.137186
971.124,0.0970872
1741.4,0.174003
813.852,0.081376
2648.34,0.264348
1132.2,0.113206
2486.28,0.248426
733.088,0.0732507
588.603,0.0588084
3000.57,0.299699
1030.24,0.103015
1087.54,0.108627
1312.03,0.13108
6192.1,0.61748
722.781,0.0722749
930.939,0.0930776
863.663,0.0863595
1177.58,0.117715
602.448,0.0602401
2486.36,0.248516
8599.7,0.859362
1019.67,0.101958
878.114,0.0877659
1483.48,0.148315
1549,0.154822
1455.11,0.145494
1408.97,0.138833
2662.12,0.265923
1669.62,0.166942
1143.87,0.114361
594.579,0.0594148
1747.81,0.174689
1368.36,0.136806
544.423,0.0544404
789.381,0.0789273
911.473,0.0910889
1204.09,0.12034
5689.36,0.568734
748.95,0.0748773
1355.69,0.135464
3286.93,0.328504
1044.5,0.104347
951.944,0.0951273
1978.96,0.19779
861.643,0.0861108
15673.7,1.55824
1559.18,0.155882
1024.57,0.10243
1706.91,0.170637
1442.92,0.143553
1063.86,0.106372
877.621,0.0877311
5647.08,0.56345
1711.96,0.171147
1459.67,0.145955
1282.92,0.128211
2814.46,0.281326
834.318,0.0834263
994.115,0.0993602
1400.38,0.139801
2464.07,0.245032
1716.73,0.171493
1178.4,0.117833
922.243,0.092217
1184.69,0.116585
3221.49,0.321914
896.451,0.089618
544.851,0.0544848
1335.23,0.133504
878.46,0.0871326
1548.55,0.154832
2824.41,0.282384
4696.71,0.468946
1350.18,0.134983
2091.49,0.209122
960.671,0.0960387
864.987,0.086467
761.931,0.0761908
1174.23,0.117353
2789.61,0.270131
872.393,0.0871622
1248.73,0.124846
538.652,0.0538506
1338.31,0.133808
8708.04,0.868043
1073.32,0.107289
596.516,0.0596417
983.7,0.0983652
1034.85,0.103326
753.624,0.0751765
1339.96,0.133972
908.57,0.0908263
2310.08,0.230807
1447.99,0.144763
1893.67,0.189295
1427.21,0.142626
2987.93,0.298458
1830.13,0.182083
1036.83,0.103571
1185.08,0.118335
1332.68,0.133262
1969.83,0.196934
1130.87,0.113067
702.556,0.0702538
1443.42,0.143852
1198.5,0.119723
1874.08,0.187397
4284.65,0.428327
2711.9,0.270976
1183.06,0.118205
1134.86,0.113439
883.634,0.0883327
1227.91,0.122782
1371.93,0.136898
726.14,0.0726094
1896.19,0.189332
2061.43,0.20612
1297.96,0.129649
1283.06,0.128238
1060.47,0.105934
4226.19,0.422513
2792.72,0.279244
767.496,0.0767365
568.031,0.056698
1381.97,0.137505
917.31,0.091616
1051.39,0.104485
799.087,0.079895
970.726,0.0969834
939.691,0.0939628
1358.71,0.135671
1621.55,0.161127
1030.62,0.103001
2618.67,0.260821
1041.28,0.104069
1298.22,0.129666
975.965,0.0975763
1859.12,0.185861
3354.43,0.334889
3857.64,0.385461
2626.56,0.261965
1908.39,0.19074
2294.39,0.229416
1635.3,0.163388
1500.99,0.14998
728.507,0.072562
1090.21,0.108967
840.918,0.0840575
1698.02,0.169434
846.602,0.0842414
1179.88,0.117929
923.098,0.0921635
1073.78,0.107375
1384.87,0.138458
1434.99,0.143353
765.228,0.0765219
1725.15,0.172085
1286.16,0.128485
1063.19,0.105879
554.718,0.0554689
837.469,0.0836534
1677.16,0.167572
946.226,0.0946195
3289.92,0.328844
4354.65,0.435381
1988.19,0.198765
1189.87,0.118966
1531.19,0.152657
1032.68,0.103202
696.538,0.0696402
1176.52,0.117649
1103.37,0.109812
2007.64,0.200751
1100.22,0.109874
2304.31,0.229094
1117.29,0.111674
802.947,0.0802225
730.813,0.0730412
770.095,0.0770018
885.781,0.0885535
1408.39,0.140818
1676.93,0.167602
939.354,0.0939282
1026.59,0.102628
903.231,0.0902622
1036.12,0.103574
2473.88,0.246889
2954.01,0.295192
1100.14,0.110007
1050.29,0.104988
1032.72,0.103223
1604.68,0.159932
765.962,0.0765919
1563.21,0.156183
1116.92,0.111504
970.589,0.0970543
1956.09,0.195229
1251.45,0.118403
1920.29,0.191904
926.464,0.0926162
599.371,0.059932
814.849,0.0814785
991.588,0.0991088
2106.07,0.210191
750.372,0.0750017
5251.91,0.52447
4129.5,0.409968
910.406,0.0909672
1244.92,0.124361
4420.51,0.437912
10320.7,1.03184
1102.67,0.110249
1883.06,0.188255
2110.92,0.211068
1607.03,0.160528
10428.6,1.04008
1471.95,0.147188
2350.69,0.234933
5241.74,0.523974
2031.05,0.203072
2015.93,0.201518
2072.41,0.207227
1191.41,0.11905
749.599,0.0749402
1143.99,0.114199
6614.78,0.659906
976.295,0.0974118
2736.69,0.273644
908.163,0.0905471
1334.86,0.133445
939.632,0.093952
849.459,0.0846361
973.868,0.0971506
1169.01,0.116796
1631.96,0.163034
794.988,0.0794845
1586.32,0.158524
4966.91,0.496581
1814.29,0.181265
1356.64,0.135567
845.547,0.0845441
3558.35,0.355709
838.461,0.0838392
1030.92,0.103049
1304.3,0.130423
999.257,0.0999155
965.194,0.0964996
607.874,0.0607057
1525.53,0.152525
2812.31,0.280914
1155.78,0.114914
1632.26,0.163195
390.972,0.0390817
2565.97,0.256409
1188.38,0.118837
953.027,0.0952487
8899.41,0.888483
1282.75,0.128266
2780.01,0.277906
1487.5,0.1486
2093.63,0.207126
1833.83,0.182576
1013.1,0.101138
1497.94,0.149762
1510.78,0.150899
2181.92,0.217672
873.282,0.08692
703.066,0.070287
5250.24,0.524585
2889.15,0.288623
998.824,0.0997979
446.505,0.0446412
1111.79,0.111131
1275.35,0.127383
800.816,0.0800807
1990.35,0.198943
847.141,0.0846982
2715.64,0.271452
1273.23,0.12646
603.712,0.0603542
733.809,0.073362
801.707,0.0801474
2435.69,0.243533
2211.25,0.22107
814.413,0.0814389
912.112,0.0910584
549.177,0.0530166
2342.81,0.233838
2047.74,0.204617
923.72,0.0861876
1087.37,0.10869
2233.27,0.223272
1093.12,0.109294
1068.5,0.106638
882.88,0.0876639
1239.03,0.123858
1401.99,0.139992
1109.37,0.110919
963.472,0.0962446
1247.66,0.124749
1033.19,0.103276
1615.71,0.161514
4076.46,0.406789
1242.72,0.124255
1065.51,0.106382
811.777,0.0811675
1201.64,0.120113
923.371,0.0921859
933.064,0.093278
1942.88,0.1936
1022.49,0.100896
831.049,0.083072
1795.08,0.179423
1195.4,0.119453
881.317,0.0880604
1170.3,0.0962737
835.661,0.0835474
751.577,0.0751442
1027.65,0.10276
624.386,0.062431
1116.31,0.111604
614.792,0.0614537
1188.19,0.118793
1170.96,0.117055
1117.28,0.111673
5647.94,0.564172
915.407,0.0914723
1501.08,0.15007
980.322,0.0980251
4335.54,0.433418
1980.96,0.197658
1078.74,0.107784
1194.93,0.119489
1237.48,0.12371
967.242,0.096715
2131.46,0.212761
1490.68,0.149011
1933.32,0.193287
1200.19,0.120008
1278.59,0.127742
4634.72,0.463356
1417.13,0.141687
945.477,0.091392
1849.2,0.184876
1960.12,0.195941
3547.77,0.354425
1634.78,0.163467
963.201,0.096305
1513.83,0.151363
1059.05,0.105873
1827.95,0.182608
1084.26,0.108411
3297.58,0.329619
1573.91,0.157382
2199.33,0.219853
1736.9,0.173664
1354.57,0.135325
672.98,0.0672779
2617.83,0.261641
3413.32,0.341038
1026.87,0.102553
918.27,0.091767
1260.79,0.125914
8897.48,0.889332
1058.56,0.10585
1431.42,0.143132
1519.45,0.15166
1188.79,0.118473
1134.18,0.113387
1087.29,0.108721
687.2,0.0671187
749.779,0.0749428
1630.7,0.163058
945.043,0.0944935
1111.64,0.111147
2184.97,0.217701
1157.07,0.114774
1451.83,0.145108
2130.29,0.212861
1698.57,0.169166
1070.83,0.10707
601.92,0.06018
1387.49,0.138652
874.785,0.0874437
948.993,0.0948606
1008.72,0.100821
1027.3,0.102489
3191.16,0.318884
1237.79,0.123745
1874.68,0.186072
838.783,0.0838758
5085.5,0.507671
1067.18,0.106652
1751.8,0.1748
1515.85,0.151483
860.985,0.0860504
1354.43,0.128757
749.382,0.0749123
998.069,0.0997488
872.948,0.0872845
1743.3,0.174308
809.686,0.0809582
832.382,0.0831674
737.452,0.0737418
1541.63,0.154114
718.72,0.0711494
3563.66,0.355695
1786.63,0.178484
1737.15,0.173671
1697.2,0.169311
1064.26,0.106421
1699.5,0.16994
1040.25,0.103991
795.775,0.0793488
1340.68,0.133951
2810,0.280953
1375.72,0.137534
861.956,0.0861849
4219.86,0.42163
2719.82,0.271824
1127.82,0.11275
741.306,0.0741125
1294.4,0.129389
1012.35,0.101214
1114.44,0.111418
771.621,0.0771452
3598.75,0.358605
1731.99,0.172725
859.65,0.0859351
1213.58,0.121339
2281.16,0.227705
898.549,0.0898445
1355.74,0.135511
3261.48,0.326056
1100.33,0.109979
1989.96,0.19897
1385.73,0.138557
2682.62,0.267891
522.804,0.0522708
1187.9,0.118777
966.868,0.0966794
1903.22,0.190265
879.526,0.0879276
1560.04,0.155956
1352.16,0.135152
961.735,0.0961328
8534.55,0.85079
1236.31,0.123509
1210.93,0.12109
844.35,0.0844216
1080.66,0.108042
1072.33,0.107176
1049.02,0.104887
5520.43,0.551339
681.55,0.0681544
763.131,0.0761239
1171.49,0.11692
1227.33,0.122608
1445.35,0.144532
1518.59,0.151832
873.306,0.0872881
3470.12,0.346969
882.332,0.0882103
24212.8,2.40853
2705.16,0.270474
1738.6,0.172971
1826.05,0.182579
964.509,0.0964348
769.976,0.076991
6460.84,0.645397
856.251,0.0856202
1299.78,0.129936
848.47,0.0848344
1725.2,0.172496
1022.25,0.102123
1631.91,0.163143
2394.41,0.239342
4173.23,0.417154
1666.48,0.166421
1955.29,0.195389
1937.22,0.193691
1059.36,0.105924
1163.04,0.116296
902.407,0.0902377
602.568,0.0601886
607.725,0.0607483
2879.74,0.287862
1358.12,0.135802
720.314,0.0719982
2561,0.256043
887.222,0.0885328
931.525,0.0930465
1911.1,0.190896
956.398,0.0955795
3915.25,0.390448
3836.38,0.383211
789.799,0.0789738
1011.87,0.101084
1346,0.134506
1213.9,0.121352
1748.34,0.174813
1024.86,0.102479
1322.14,0.132143
1179.92,0.117966
1087.47,0.108655
3398.11,0.339721
896.827,0.08941
7929.93,0.792067
1252.09,0.125176
1550.92,0.155076
1867.11,0.186578
600.209,0.0600181
3464.06,0.346039
3293.7,0.329061
1169.53,0.116861
800.825,0.0800158
679.975,0.0679853
657.703,0.0656825
1098.75,0.109837
775.001,0.0774795
1266.08,0.126377
1300.96,0.13004
3191.04,0.318631
938.433,0.0938006
1617.8,0.161685
1344.91,0.13447
1561.69,0.155995
2451.54,0.244682
1137.23,0.113652
805.963,0.0805534
794.73,0.0794667
1199.32,0.119721
785.244,0.0785204
1168.61,0.116851
1929.63,0.192904
1758.36,0.175823
1048.15,0.104798
1346.58,0.1218
1734.43,0.173278
1195.73,0.119455
1308.67,0.130313
891.646,0.0891139
1161.18,0.116051
1576.92,0.157588
1167.14,0.116604
823.324,0.0822853
739.831,0.0738884
1514.4,0.151402
1660.39,0.165978
1511.88,0.151155
727.501,0.0726768
1234.46,0.123098
784.308,0.0784091
1503.94,0.150304
1114.18,0.111283
1579.31,0.157788
1534.29,0.153383
1414.52,0.14143
868.399,0.0867816
854.766,0.0854664
1050.37,0.105025
1837.19,0.183688
1509.82,0.150973
2556.19,0.255414
1513.51,0.151264
6933.83,0.690262
1825.48,0.182499
1744.78,0.174448
899.029,0.0898956
1200.65,0.120057
3005.82,0.300479
1712.92,0.170906
1394.47,0.139351
738.669,0.0738333
886.118,0.0884539
1123.3,0.112277
772.489,0.0772434
1687.96,0.168622
973.16,0.0973018
966.802,0.0966707
2507.56,0.250703
1045.49,0.104399
1287.33,0.128653
2398.85,0.238262
2685.58,0.268015
1528.27,0.152769
2037.4,0.203701
900.549,0.0899474
1304.2,0.130303
908.005,0.0907695
1304.64,0.130418
1170.03,0.116965
3570.83,0.356962
966.731,0.0965142
1599.86,0.159972
828.513,0.082829
952.749,0.0952649
837.136,0.0836763
656.002,0.0655672
1086.91,0.108638
1576.7,0.157527
958.577,0.0958086
1728.66,0.172836
1118.61,0.111657
1103.19,0.110278
1996.24,0.199568
978.703,0.0978634
1205.93,0.120365
1160.88,0.115811
1538.71,0.15382
729.178,0.0729092
1119.37,0.111425
957.65,0.0956708
3498.17,0.349071
1624.94,0.162375
1151.69,0.115158
633.087,0.0632735
1485.27,0.148472
21579.4,2.15166
687.647,0.0687037
12563.5,1.25431
1941.55,0.193583
845.753,0.0839768
1651.07,0.165097
879.217,0.0879135
3086.12,0.30835
3124.25,0.312208
677.8,0.0676968
1305.24,0.1305
1000.54,0.0922725
739.793,0.0738313
879.455,0.0878792
2184.04,0.21827
1597.31,0.159685
930.75,0.0930557
999.027,0.0998479
1122.02,0.111765
1094.4,0.109437
1993.96,0.19932
1588.24,0.158742
1345.6,0.134253
1333.72,0.13334
730.457,0.0730265
2309.31,0.230393
1109.34,0.110922
3183.12,0.315981
6626.46,0.662336
3222.29,0.321528
2166.97,0.216612
755.005,0.0753665
1892.46,0.189181
2029.13,0.202877
3975.53,0.397341
847.947,0.0847758
1714.08,0.170891
1012.83,0.101247
1075.16,0.107482
3454.24,0.345229
563.457,0.0563398
1211.94,0.120746
725.089,0.0724132
542.599,0.0542532
1152.19,0.115183
592.217,0.0592193
2321.06,0.231972
822.677,0.0822191
645.012,0.0644788
2367.78,0.236719
2225.28,0.222508
1382.07,0.138163
825.047,0.0824769
1010.86,0.101064
1323.5,0.132267
3578.4,0.357717
1342.46,0.134233
803.225,0.0801542
612.279,0.0610232
1062.67,0.105964
734.33,0.0733929
924.687,0.0924484
1359.31,0.135928
13188.5,4.02971
855.328,0.085487
1337.88,0.133777
866.791,0.0858662
1028.99,0.102538
1417.15,0.141684
812.5,0.0810572
1201.2,0.120106
1064.66,0.106451
1330.3,0.132945
1208.77,0.120818
2928.36,0.29275
1490.53,0.148921
4744.96,0.473817
562.28,0.0562265
1170.16,0.117
1924.78,0.192402
5655.59,0.563545
4523.35,0.45226
1532.48,0.153005
2082.47,0.171455
1850.72,0.185031
1193.61,0.119344
4323.55,0.431715
3679.66,0.367426
892.262,0.0891283
917.213,0.0916414
1716.82,0.171663
2179.98,0.217841
1363.51,0.136338
925.745,0.0925421
1246.69,0.124647
3045.56,0.30447
1827.07,0.18252
1247.21,0.124677
1105.74,0.110554
1351.8,0.134995
1102.5,0.110144
1563.63,0.156337
840.477,0.0840431
995.972,0.0995916
979.701,0.0979334
2464.72,0.246275
2126.61,0.212562
857.949,0.0857
1036.53,0.103588
8490.48,0.847887
966.426,0.0965858
1153.7,0.114996
719.741,0.0719638
6144.11,0.614001
1024.39,0.102351
1380.75,0.136242
2306.05,0.230587
996.76,0.0996657
973.205,0.0973012
960.198,0.0959908
807.389,0.0806914
1941.74,0.194136
969.315,0.0968551
967.27,0.0967207
1776.16,0.177374
1361.04,0.136022
549.591,0.0547249
731.69,0.0731079
1646.35,0.164473
760.009,0.0759816
1336.05,0.133601
2020.56,0.201985
662.691,0.0662513
889.654,0.0889588
1060.42,0.106015
1554.67,0.155383
1052.01,0.105145
1331.69,0.133107
1047.1,0.104649
2348.47,0.287076
1038.03,0.103746
5410.24,0.540614
1879.78,0.187825
967.824,0.096776
2164.43,0.215951
2072.93,0.207096
2159.83,0.215835
2364.94,0.236067
971.431,0.0969884
1366.02,0.136599
18497.5,1.84614
1435.27,0.143428
803.185,0.0800918
1148.75,0.114802
1500.09,0.149924
1034.25,0.102021
1264.55,0.126422
1149.56,0.114609
652.546,0.0652357
836.11,0.0833211
994.145,0.0993169
1945.57,0.194439
1205.74,0.120561
827.554,0.0827362
2444.28,0.244363
1213.66,0.121343
1847.84,0.184754
2204.63,0.220391
6146.57,0.614511
2164.1,0.216311
1551.28,0.155115
1506.31,0.150619
548.32,0.0548262
1294.83,0.129177
962.038,0.0962012
2204.85,0.220433
1335.39,0.1333
5014.56,0.501281
855.1,0.0854986
793.733,0.0791823
1039.93,0.103926
611.473,0.0611405
1138.18,0.113796
505.354,0.050513
1214.61,0.121438
1093.31,0.109195
624.004,0.0623678
1119.89,0.111911
703.682,0.0703544
1064.3,0.106415
682.75,0.0682737
602.467,0.0602149
1173.23,0.117294
1193.52,0.119319
749.183,0.0748666
638.237,0.0637951
782.683,0.0782596
1369.98,0.136741
1153.44,0.115299
1300.61,0.129982
1017.02,0.101693
3230.36,0.322986
1335.27,0.133408
1767.66,0.176699
2835.37,0.283461
2188.65,0.218786
923.891,0.0923479
878.805,0.0878629
1178.2,0.117753
883.598,0.0883326
592.482,0.0592413
2778.23,0.277781
3387.66,0.338594
898.703,0.0898049
1941.05,0.193847
730.42,0.0729461
2045.23,0.203525
1689.25,0.168817
1499.14,0.1499
1385.78,0.138486
1665.95,0.16656
758.041,0.0757941
589.16,0.0589058
1024.39,0.102431
1804.09,0.179877
1015.43,0.10152
925.203,0.092504
886.794,0.0885082
1060.97,0.106068
1824.85,0.18247
2303.59,0.230322
756.612,0.075656
1246.86,0.124643
1514.24,0.151336
1516.15,0.151414
3909.58,0.390845
1496.96,0.149598
1201.75,0.120109
6423.22,0.6415
690.968,0.0690548
519.957,0.0519927
1493.08,0.149292
1410.68,0.141039
1679.11,0.167873
1505.66,0.15043
1309.58,0.130848
1405.05,0.140175
1358.32,0.135362
943.623,0.0942951
1038.96,0.103796
1920.61,0.192034
878.384,0.0877881
2219.4,0.221796
2007.18,0.200688
829.348,0.082903
6240.82,0.622596
1672.46,0.167209
1180.76,0.118005
3330.51,0.33302
1059,0.10589
889.815,0.0889423
1814.22,0.181035
4792.88,0.478566
727.954,0.0727499
935.559,0.0933672
898.547,0.0898134
837.982,0.0837655
1275.07,0.127378
827.65,0.082749
823.188,0.0823011
859.478,0.0858812
717.992,0.0717971
980.609,0.098044
795.383,0.0795352
655.708,0.0653978
1443.4,0.144282
997.048,0.0996795
2581.8,0.258067
1852.82,0.182411
1011.14,0.101054
546.285,0.0546271
898.598,0.0898212
1279.94,0.127933
1084.3,0.108408
1077.18,0.107708
1140.38,0.114023
1075.05,0.107473
4591.17,0.45862
1352.56,0.135077
725.63,0.0725296
1227.47,0.122721
6719.55,0.670533
1547.28,0.154719
911.973,0.0911922
1298.28,0.129823
1449.28,0.144862
921.755,0.0921477
1875.48,0.18746
642.146,0.0641777
1011.82,0.101113
916.143,0.0916059
1021.4,0.101994
1008.09,0.100773
2643.53,0.264198
996.395,0.0995625
1627.99,0.162733
491.772,0.04917
2153.11,0.215228
820.881,0.0820834
951.054,0.0950952
745.096,0.0742437
1825.45,0.182527
2160.69,0.216011
1124.04,0.112338
995.671,0.0995111
2071.44,0.206982
2422.83,0.241999
898.024,0.0897689
1377.68,0.137756
1687.61,0.168648
2503.39,0.250318
729.005,0.072898
2291.42,0.229098
1098.74,0.109862
4861.56,0.48482
1359.1,0.13418
1174.67,0.11741
1338.46,0.133838
1161.09,0.116103
2164.76,0.216325
3556.44,0.354538
1004.36,0.10035
609.701,0.060933
1267.93,0.126374
759.698,0.0759615
564.067,0.0564017
1438.75,0.143804
1002.22,0.100194
1229.01,0.122824
1018.91,0.10187
637.272,0.0637106
1254.87,0.125466
1085.34,0.10848
1025.01,0.102401
1199.97,0.119977
1279.96,0.127987
2600.44,0.259715
1155.82,0.115539
1131.35,0.113124
990.599,0.0989154
1130.19,0.112997
771.297,0.0771209
2208.21,0.220777
977.603,0.0977462
3930.45,0.392249
1200.12,0.11995
985.845,0.0985505
1607.81,0.160716
527.027,0.0526832
1285.63,0.128468
3888.86,0.388667
3279.25,0.327774
663.404,0.066337
863.325,0.0862662
916.138,0.0916108
3746.34,0.374523
1223.54,0.122214
2734.03,0.273335
940.139,0.0939803
908.728,0.09054
3726.32,0.371995
14600,4.34885
2311.15,0.231001
9395.64,0.938344
726.942,0.0726713
2342.91,0.234161
1713.92,0.170237
1565.33,0.156305
629.085,0.0624674
1315.34,0.131505
1390.17,0.138991
1439.62,0.143914
1031.54,0.103132
655.444,0.0654931
1026.37,0.102603
1022.66,0.102261
1747.32,0.174707
2194.13,0.219337
769.923,0.0769888
699.006,0.0698591
2817.49,0.281482
1345.36,0.134502
1261.75,0.125045
1661.96,0.166176
1285.82,0.128572
1025.27,0.1025
1049.64,0.104924
804.455,0.0804402
1866.11,0.186159
875.808,0.087455
1257.95,0.125783
3058.35,0.305683
903.688,0.0903579
991.695,0.0991556
697.312,0.0696395
1415.1,0.141346
1033.44,0.103339
822.781,0.0822634
1014.92,0.10148
854.104,0.0854082
1806.46,0.179189
1144.09,0.114341
1558.43,0.155723
1250.19,0.124845
1401.97,0.14006
4508.68,0.450734
960.033,0.09598
1333.54,0.133346
2158.29,0.215635
1230,0.12286
667.142,0.0666334
1094.19,0.109357
948.6,0.0948546
803.827,0.0803799
1119.68,0.111875
4199.71,0.419758
2065.57,0.206012
667.217,0.0667172
887.827,0.0887228
880.399,0.0880219
948.42,0.0948354
631.758,0.0631453
1030.62,0.103018
938.156,0.0938119
1166.38,0.116632
2164.87,0.216419
2760.75,0.275915
1559.6,0.155858
600.471,0.0595494
9444.57,1.13571
2473.26,0.247253
1236.63,0.123655
605.656,0.060539
754.85,0.0752375
1471.63,0.147097
1004,0.100379
2476.99,0.247045
10119.6,1.00726
1226.12,0.122078
952.505,0.0996581
945.111,0.0945044
911.642,0.09114
1847.14,0.184585
845.775,0.0844918
733.925,0.0733775
943.993,0.0943972
1274.91,0.127334
985.647,0.0985572
1312.51,0.131245
1936.42,0.19337
23078,2.29713
886.902,0.0885848
695.775,0.0695673
1111.56,0.11114
9831.16,0.975781
742.468,0.0742291
708.035,0.0707897
906.547,0.0901738
767.959,0.0767769
1194.27,0.119385
1177.28,0.117699
921.041,0.0920248
1217.1,0.121703
786.758,0.0786596
894.18,0.0893534
1018.51,0.101842
1241.32,0.123906
1363.23,0.136146
700.955,0.0699144
3265.98,0.326272
1207.11,0.120684
919.142,0.0919015
8188.24,0.816876
1460.71,0.145312
1584.18,0.158194
2465.34,0.246251
1673.54,0.167259
1967.64,0.196182
767.32,0.0764488
1287.68,0.128582
12770.7,1.26891
966.118,0.0965273
1506.6,0.150626
519.169,0.0519155
894.369,0.0894294
508.622,0.0507956
9595.18,0.957963
1923.25,0.191862
962.669,0.0962534
1060.77,0.105954
1030.39,0.103001
929.887,0.092972
10307.8,1.02852
929.13,0.0928601
1085.02,0.0735453
740.287,0.0740271
1126.24,0.112621
1633.67,0.163358
1062.32,0.105716
1001.07,0.100106
6022.07,0.601902
1420.59,0.14205
1264.05,0.126369
2196.5,0.219486
13298.5,1.32868
690.136,0.0689672
1205.27,0.120519
1213.97,0.121286
1379.48,0.137612
1411.84,0.141167
2224.04,0.222227
999.255,0.0999225
1505.03,0.150484
1464.42,0.146433
2043.97,0.204366
6005.35,0.600455
2495.9,0.249163
1540.06,0.153693
828.882,0.0828788
757.784,0.0757706
603.444,0.0602903
947.658,0.094752
9707.82,0.96645
1626.96,0.16268
1323.03,0.132264
1667.82,0.166758
1379.2,0.137816
798.233,0.0797371
2243.39,0.224291
916.979,0.0916735
1254.09,0.125386
826.295,0.0825745
767.476,0.0767325
1170.45,0.117037
1404.58,0.140329
1971.88,0.196645
1235.51,0.1235
1193.64,0.11935
1152.54,0.115244
881.459,0.0881433
324.815,0.0324782
4091.88,0.408784
977.356,0.0976102
1326.06,0.132582
615.72,0.0615583
943.723,0.0943352
852.339,0.0851519
924.972,0.0924784
13099,1.30638
1205.44,0.120539
847.212,0.0846963
1390.66,0.139043
1506.01,0.150519
870.941,0.086991
5694.17,0.568688
1945.89,0.194403
1216.78,0.121283
543.807,0.0542576
1026.98,0.10268
1765.82,0.176545
865.2,0.0865101
1706.25,0.170061
956.186,0.095595
696.854,0.0696775
862.366,0.0861804
1502.18,0.150208
794.245,0.0793802
2350.37,0.23455
1546.32,0.154623
1237.46,0.123664
1776.16,0.177604
1054.28,0.105312
895.23,0.0895194
1022.53,0.10195
12131.2,6.90955
2516.28,0.251496
677.728,0.0677636
1039.33,0.103924
1488.85,0.148685
4189.9,0.418911
1836.75,0.183639
1395.17,0.139147
944.404,0.09442
775.474,0.0775427
884.276,0.0882391
1071.3,0.10712
1260.63,0.126055
1047.32,0.104701
778.008,0.0777538
1059.06,0.105884
4290.68,0.428681
1076.59,0.107642
2668.94,0.266762
623.809,0.0623573
1913.3,0.190902
1094.24,0.109389
2326.78,0.232537
823.642,0.0823621
2792,0.278716
2476.52,0.247486
1025.37,0.102424
1348.68,0.134848
1123.43,0.112336
1174.09,0.117406
721.482,0.0721067
725.228,0.0724952
1905.76,0.190561
1124.12,0.112269
877.524,0.0877346
1021.34,0.102099
1043.66,0.10431
1139.48,0.113933
569.741,0.0569698
2231.79,0.223162
554.086,0.054583
693.744,0.06935
927.241,0.0924026
1341.6,0.133803
1100.01,0.109973
1098.77,0.109831
2512.31,0.25113
1370.22,0.137008
1577.86,0.157761
1989.12,0.198784
842.285,0.0841497
837.61,0.0837573
1178.17,0.117799
2003.82,0.20036
822.656,0.0822349
1201.91,0.12016
1684.74,0.168381
4961.63,0.495389
887.033,0.0886909
2824.79,0.282347
353.696,0.0352956
1197.53,0.119725
1118.3,0.111712
6441.11,0.643254
546.518,0.0546426
1627.56,0.162752
583.194,0.0583079
954.198,0.0950404
738.401,0.0738366
1117.45,0.111739
1494.98,0.149297
1484.28,0.145728
807.852,0.0807316
2056.99,0.203386
1268.51,0.126795
3280.95,0.32801
2146.27,0.214335
1119.9,0.111948
1182.51,0.118238
1220.27,0.122019
9213.23,0.920763
2217.02,0.221683
1905.95,0.190491
1323.98,0.132361
1308.3,0.130785
1422.16,0.142184
591.634,0.0591601
1512.11,0.151092
1323.76,0.132373
1978.61,0.197785
2057.49,0.205731
1418.44,0.141823
1627,0.162659
3270.12,0.326922
1106.16,0.1105
1030.23,0.102999
1714.82,0.17126
793.926,0.079157
649.938,0.0649258
1230.31,0.122962
810.036,0.0809754
1741.75,0.174117
881.933,0.0881854
900.525,0.0900493
2137.66,0.212911
1881.75,0.188126
3915.25,0.391141
558.496,0.0556521
5656.71,0.565157
557.019,0.0556972
11660.5,2.50194
550.442,0.0550423
3247.84,0.324242
1068.5,0.106847
1473.5,0.146965
6692.5,0.668373
677.555,0.067755
2851.13,0.285035
1167.41,0.116572
1682.72,0.168249
936.072,0.0935273
826.615,0.0826573
889.883,0.088957
1371.16,0.13704
747.999,0.0747494
1417.35,0.141636
961.154,0.0960943
784.218,0.0784047
1368.76,0.136597
1591.36,0.158544
5991.96,0.598489
946.858,0.0946568
1085.64,0.108526
1519.11,0.151564
1430.66,0.142899
866.259,0.086623
1147.76,0.114601
1057.87,0.105777
1023.91,0.102388
4222.89,0.42201
1559.73,0.155953
3886.91,3.00584
1653.39,0.165099
1024.52,0.102428
1867.09,0.186582
2952.44,0.295209
1358.15,0.135784
2529.7,0.252763
1269.34,0.126908
817.975,0.0817414
920.825,0.0918971
1455.1,0.145488
1361.75,0.136152
1095.47,0.10953
1029.2,0.102893
763.238,0.0761639
719.999,0.0719808
871.198,0.0870305
974.674,0.0973816
2593.34,0.259227
1232.97,0.123281
1319.71,0.131946
1010.16,0.101011
2485.84,0.248422
1274.59,0.1254
1049.62,0.104933
3588.53,0.358804
1283.92,0.128299
600.444,0.0599947
2288.65,0.228731
2341.04,0.234044
2335.25,0.233428
954.588,0.0954099
1025.01,0.102273
1219.97,0.121936
685.913,0.0685883
1211.61,0.121128
3331.01,0.332665
1021.69,0.102111
2719.88,0.271661
1470.94,0.147076
3247.78,0.324534
9437.32,0.941979
4606.12,0.46028
3593.46,0.359118
1201.77,0.120164
1103.95,0.110241
1036.15,0.103446
2548.76,0.2545
1003.76,0.100349
725.054,0.0724602
469.811,0.0469277
524.416,0.052435
1967.09,0.196637
3066.14,0.306412
1205.42,0.120211
601.706,0.0599761
797.824,0.0796987
1749.14,0.17475
916.848,0.0916189
1024.59,0.102447
833.664,0.0833318
1261.52,0.125979
862.034,0.0861923
1924.76,0.192242
651.186,0.0651148
886.418,0.0886326
8429.79,0.841312
682.601,0.0681538
3154.48,0.314988
2829.02,0.282694
696.06,0.0688974
491.52,0.0491454
1181.37,0.118131
1251.86,0.125168
1344.8,0.13443
1688.45,0.168777
1116.92,0.111671
1142.37,0.114136
1624.57,0.162414
2082.61,0.208204
1422.34,0.142026
1577.04,0.1577
870.697,0.0870555
1473,0.147285
851.157,0.0851131
1897.17,0.189689
763.876,0.0763521
1520.75,0.152008
3002.3,0.299958
2075.3,0.207502
1023.29,0.102237
1134.96,0.113471
3539.65,0.353619
4668.62,0.466614
1128.77,0.112838
1163.95,0.0881504
3164.31,0.316241
1924.2,0.192335
779.544,0.0779061
1045.99,0.104585
846.991,0.0846818
2801.91,0.279663
985.569,0.0985384
1016.19,0.101535
1993.01,0.199252
1694.43,0.16943
3697.92,0.36974
812.99,0.0812231
2114.29,0.211109
804.862,0.0803893
1716.89,0.171613
1171.28,0.117115
1361.69,0.136152
2696.13,0.269429
789.571,0.0789135
2874.92,0.287299
880.411,0.0880356
722.939,0.0722895
854.042,0.0853714
1773.01,0.177282
579.719,0.0579653
1735.89,0.173558
5718.71,0.571507
14488.4,1.44567
2809.53,0.278962
1069.12,0.10597
937.166,0.0936879
1926.11,0.192254
903.651,0.0903624
612.52,0.0609808
729.534,0.0729454
1835.93,0.183243
3047.32,0.304685
1375.68,0.137491
890.736,0.0890656
1050.06,0.105003
1278.54,0.127804
774.146,0.0723069
1071.57,0.107134
2160.26,0.215875
1238.33,0.123723
818.761,0.08185
1104.4,0.110415
7574.07,0.755333
2491.72,0.249092
866.697,0.0866597
2380.68,0.237948
1193.4,0.119328
8023.99,0.800955
988.611,0.0988492
3025.19,0.302331
717.385,0.0717075
1037.51,0.103673
1521.09,0.151981
1567.7,0.156707
877.594,0.0876594
1599.66,0.159809
2543.08,0.253811
862.84,0.0862139
1154.61,0.115421
3056.61,0.305409
1157.1,0.115646
1434.77,0.143461
2640.41,0.26399
842.603,0.0842025
1159.66,0.11585
1137.44,0.113513
1149.98,0.114952
1074.49,0.107431
1885.19,0.188509
678.154,0.0677621
2681.96,0.267955
4200.63,0.417341
706.741,0.0706717
1233.12,0.123015
1149.97,0.11493
1717.6,0.171552
1567.05,0.156671
2866.68,0.286263
1083.56,0.108225
828.233,0.0823481
2112.97,0.21091
590.813,0.0590287
978.757,0.0978343
2261.59,0.22612
949.365,0.0949043
1248.73,0.124857
2839.06,0.283849
1099.61,0.109951
1493.81,0.149373
944.185,0.094354
1498.92,0.149877
883.881,0.0883363
1623.32,0.162271
7768.89,0.775394
2082.93,0.208216
1218.8,0.121806
1230.88,0.122998
848.925,0.084891
775.187,0.0774865
650.677,0.065037
689.615,0.068865
766.715,0.0766607
1861.82,0.18617
1910.25,0.190978
1652.37,0.165217
854.255,0.085393
1134.35,0.113383
1810.39,0.180988
1193.46,0.119162
777.444,0.0777248
6036.03,0.603061
964.404,0.0935813
1959.28,0.195832
326.294,0.0326126
1593.55,0.159235
903.704,0.0903102
1963.94,0.196197
4318.86,0.43153
996.709,0.0996033
1230.05,0.12298
1131.35,0.112722
4341.89,0.433558
922.004,0.0910378
928.553,0.0928378
1331.24,0.133116
1032.91,0.103048
692.376,0.0692009
2329.49,0.232918
1685.97,0.168417
1105.41,0.1105
1631.28,0.163037
1654.61,0.165397
1102.21,0.110099
642.436,0.0641458
1022.18,0.102205
2122.8,0.212247
798.598,0.0798588
3607.51,0.360481
2075.17,0.207404
1753.6,0.175324
1642.2,0.164128
1941.01,0.194012
1313.31,0.131312
1163.3,0.116324
795.629,0.0795608
1719.95,0.171888
1040.62,0.104054
1267.8,0.126682
1400.73,0.14
1276.17,0.127603
988.914,0.098842
1040.47,0.104024
1704.89,0.170478
1991.93,0.19917
1246.6,0.124467
741.557,0.074071
1492.39,0.148913
976.631,0.0976364
363.488,0.0363393
2549.06,0.25468
699.684,0.0698821
874.58,0.0874023
697.412,0.0697166
1507.32,0.150592
1101.3,0.110122
1776.79,0.177576
554.444,0.0553495
1519.37,0.15176
717.813,0.0712776
892.348,0.0892067
6267,0.626072
1177.23,0.117199
4894.38,0.48908
1154.32,0.11542
4057.02,0.405504
1248.12,0.12481
833.561,0.0833543
1451.97,0.145112
595.77,0.0594478
826.552,0.0826468
806.572,0.0806496
1262.38,0.126063
2395.17,0.239415
960.008,0.09596
1252.13,0.123538
1219.92,0.12184
2600.2,0.259846
1989.34,0.198917
608.262,0.06082
1081.64,0.107168
1046.13,0.104611
1185.01,0.117521
1213.84,0.12119
4596.67,0.457982
1051.11,0.105078
3257.19,0.32547
1590.39,0.158855
1400.4,0.139965
1182.25,0.118207
843.361,0.084309
837.684,0.0837637
1733.34,0.173243
3769.97,0.375678
965.037,0.096475
3690.68,0.368532
1412.94,0.140964
1475.86,0.147479
677.544,0.0675971
1483.32,0.14816
2773.18,0.276704
1247.64,0.124204
890.931,0.0890823
5694.3,0.569182
701.909,0.0701327
1528.57,0.152852
1134.34,0.113401
1685.01,0.168419
3013.23,0.301173
934.792,0.0934132
1979.81,0.197912
2451.04,0.244663
1157.84,0.115757
2171.03,0.217031
1916.54,0.191284
2420.68,0.241953
1023.15,0.100796
793.157,0.0785478
848.788,0.0847579
1528,0.15274
1102.69,0.110207
1025.71,0.102561
1119.16,0.111407
1003.76,0.10027
1446.76,0.14464
1547.92,0.154095
740.64,0.0740597
2364.38,0.236379
1135.86,0.113555
1017.67,0.10169
1207.06,0.120644
817.994,0.0817836
777.94,0.0777724
2129.52,0.212912
5481.11,0.544429
1424.09,0.142048
1773.43,0.177326
1379.49,0.137936
1600.93,0.159874
977.888,0.0977263
1126.24,0.112619
1486.13,0.148469
1708.02,0.170771
772.323,0.0772136
755.321,0.0755056
689.637,0.0689329
2193.9,0.219349
827.497,0.0823547
1111.42,0.110919
1911.66,0.191037
943.547,0.0943373
959.757,0.0959649
6377.81,0.637286
1834.26,0.183293
2866.56,0.28616
1598.16,0.159773
1045.18,0.101983
1061.36,0.106131
3234.62,0.32255
1725.76,0.172441
3608.16,0.360342
2213.22,0.221179
1135.6,0.113533
1606.7,0.159746
966.911,0.0966873
1989.08,0.198774
741.977,0.074174
1541.38,0.154128
992.316,0.098963
1117.65,0.11171
1589.33,0.158864
5884.01,0.58778
447.613,0.0447083
1731.89,0.173162
1480.14,0.14798
1159.19,0.115823
1184.67,0.11846
771.111,0.0769454
2547.78,0.254608
1822.45,0.182205
2456.21,0.24552
1860.67,0.185938
1049.86,0.104977
731.832,0.0731356
1151.8,0.115123
1127.42,0.112647
4161.49,0.415868
1925.64,0.192425
1498.93,0.149652
1315.8,0.130056
2845.87,0.284437
6315.83,0.630975
4132.68,0.413011
798.806,0.0798753
3712.1,0.371047
2300.32,0.229983
861.694,0.0858561
1589.14,0.158739
1047.59,0.104754
638.896,0.0638318
568.017,0.056736
1434.63,0.14346
1761.2,0.176049
1211.36,0.120997
973.726,0.0973691
695.816,0.0695661
729.983,0.0729958
1635.63,0.163401
1603.45,0.160304
1399.85,0.139942
1779.45,0.177738
891.75,0.0891374
1512.65,0.15101
2122.51,0.212193
1589.8,0.158685
1114.8,0.11147
1416.43,0.141629
2127.02,0.212631
1234.42,0.123232
2523.64,0.252342
1410.77,0.140983
1900.47,0.190037
3630.67,0.362968
625.428,0.0623995
1752.37,0.175115
577.917,0.0572302
1116.11,0.1116
1881.67,0.188112
543.851,0.0543737
837.338,0.0837283
5748.45,0.571634
934.711,0.09345
850.998,0.0847674
1269.85,0.126838
9732.43,0.972589
1034.75,0.103447
1145.99,0.114543
3283.36,0.327206
1493.02,0.149113
1234.09,0.123398
2444.06,0.244337
13357.2,1.3339
1344.14,0.134351
2026.91,0.202508
1090.37,0.108986
4854.92,0.485078
1917.79,0.191753
1704.22,0.170407
899.631,0.0891994
989.888,0.0989183
1364.46,0.136419
941.343,0.094067
1625.6,0.162457
1196.26,0.119467
1318.16,0.131808
802.798,0.0799316
3027.35,1.96819
2534.67,0.25344
6286.1,0.626095
2202.81,0.220206
1085.42,0.108503
667.241,0.0666452
1049.34,0.104879
2157.26,0.215679
1680.63,0.168049
791.697,0.0791412
730.62,0.0730543
922.076,0.0921853
969.803,0.0969506
6053.19,0.604853
1037.09,0.103661
1139.81,0.113614
1480.36,0.147956
2289.93,0.22876
1596.59,0.15946
2106.47,0.210603
939.195,0.0939037
2726.87,0.272594
2434.75,0.24345
1461.86,0.14569
1054.16,0.105411
1226.87,0.122669
1420.57,0.141879
3241.36,0.324001
830.272,0.0829783
1309.38,0.130888
1849.34,0.184831
1556.6,0.155628
1355.08,0.135497
1623.85,0.162347
978.411,0.097762
993.136,0.0915214
1828.56,0.182841
1827.14,0.182711
953.376,0.0943974
1699.93,0.169938
1293.26,0.129279
3971.66,0.39695
1636.36,0.163555
4155.94,0.415072
808.977,0.0808946
1306.52,0.130647
760.259,0.0759997
1940.41,0.193988
3554.65,0.355253
2206.97,0.22062
1722.32,0.171993
1245.39,0.124497
750.868,0.0750835
889.86,0.0889264
592.858,0.0592274
1203.52,0.12033
766.155,0.0765456
1370.1,0.134882
1875.05,0.187472
792.655,0.0791475
1684.57,0.168419
1108.6,0.110851
648.874,0.0635986
2005.68,0.200452
1711.38,0.171078
1362.31,0.136188
762.764,0.0774429
695.366,0.0695341
1476.77,0.14728
968.976,0.0968791
2126.29,0.212598
1524.85,0.15244
2438.5,0.243776
1279.76,0.127911
977.892,0.0976946
904.933,0.0904913
778.629,0.0776821
1263.23,0.126177
1035.39,0.103477
2476.11,0.247213
822.854,0.0822771
854.756,0.0853372
888.414,0.0888049
14035.2,1.39998
966.373,0.0965476
930.841,0.0930696
1388.78,0.138817
1075.58,0.107546
570.532,0.0570373
938.084,0.0937999
4450.02,0.444586
1112.23,0.111194
1591.09,0.159047
532.646,0.0532622
1050.2,0.105004
1504.08,0.14967
2484.71,0.248
1116.84,0.110309
2435.62,0.243097
1413.8,0.1413
1423.71,0.142352
1135.36,0.113426
2273.42,0.227212
1025.73,0.102512
1970.29,0.197008
1553.28,0.155291
3033.61,0.303268
1625.96,0.162285
1399.93,0.139965
2014.73,0.20147
2322.94,0.23212
1441.93,0.144184
752.197,0.0751645
1059.42,0.105782
668.117,0.0668065
1830.08,0.182902
3872.83,0.386884
865.797,0.0865229
806.669,0.0806316
1070.76,0.10704
990.85,0.0990473
2252.18,0.22435
12766.3,1.27456
1094.13,0.108871
1826.99,0.18255
828.335,0.0828263
1933.23,0.19319
5844.01,0.583001
1753.28,0.175131
1561.78,0.156046
984.834,0.0984077
1069.8,0.106965
744.811,0.0744587
2298.5,0.22956
7496.12,0.747739
855.73,0.0855299
1203.93,0.120355
967.662,0.096765
1447.23,0.144677
923.433,0.0923329
1055.29,0.105493
1461.84,0.146137
961.911,0.0961746
403.269,0.0403257
750.211,0.0749754
1024.29,0.102378
899.318,0.0895021
892.393,0.0892191
1135.8,0.113553
864.8,0.0864765
1853.4,0.18524
748.084,0.0746779
1195.06,0.119423
1306.72,0.130649
1125.12,0.112368
2034.72,0.203394
3287.36,0.328299
1846.22,0.184478
958.869,0.095876
907.301,0.0903801
2865.92,0.284786
1445.08,0.144392
1966.28,0.196578
1130.27,0.11157
4985.32,0.4918
1096,0.109458
977.543,0.0976014
1222.68,0.122254
1103.44,0.110318
1420.8,0.142072
1680.94,0.168035
984.56,0.0984212
1619.74,0.16197
1346.85,0.134602
993.648,0.0993373
1139.32,0.113884
2074.99,0.207386
11492.3,1.14654
925.656,0.092562
1764.5,0.176367
835.328,0.083529
1195.22,0.122303
803.715,0.0803609
4100.96,0.409646
1443.61,0.144347
901.364,0.0901265
1714.28,0.171409
784.801,0.0783025
1831.79,0.183121
3596.41,0.358958
1699.8,0.169969
1345.06,0.134496
657.463,0.065727
669.892,0.0669642
1075.06,0.107181
8215.91,0.821257
836.214,0.0836117
1038.96,0.103887
897.388,0.0897205
1143,0.113284
976.583,0.0975969
1658.52,0.165831
1062.3,0.105411
830.957,0.0830227
748.838,0.0748789
1386.07,0.138511
836.953,0.083647
602.797,0.0602794
745.358,0.0744936
1794.17,0.179406
2591.21,0.258966
1247.93,0.124781
1370.02,0.136606
1044.15,0.104391
795.666,0.0795114
536.962,0.0536757
1647.67,0.16472
837.884,0.0837799
2310.32,0.230971
870.747,0.0870737
1556.13,0.15551
3077.48,0.307115
1209.56,0.120952
1708.94,0.170874
4554.53,0.450127
857.663,0.085739
2072.3,0.207184
1461.36,0.146129
750.772,0.0749991
1014.57,0.101442
1011.11,0.101059
1441.11,0.143914
1160.65,0.116034
3763.62,0.375463
1398.61,0.139844
1185.36,0.118534
1851.08,0.185076
991.196,0.0990501
1014.26,0.101378
1648.3,0.164804
674.129,0.0674092
2027.46,0.202731
1214.89,0.121474
683.009,0.0682261
680.118,0.0679552
1511.15,0.151021
1429.03,0.142872
1699.6,0.169823
1790.58,0.179008
775.765,0.0775546
1118.33,0.111753
1098.81,0.109761
1271.11,0.127097
1268.26,0.126816
1438.41,0.143764
1022,0.102154
931.89,0.093099
885.127,0.0882511
1432.76,0.143199
1514.41,0.151409
773.274,0.0773001
1005.14,0.0986983
6726.06,0.671008
994.873,0.0994785
1792,0.179156
1568.3,0.156749
914.237,0.0910905
819.745,0.0819641
894.462,0.0894343
1097.87,0.109669
1019.61,0.101957
2909.23,0.290442
2973.5,0.297295
1974.32,0.197324
1245.63,0.124509
1935.62,0.193522
738.269,0.0735744
1853.71,0.184768
1000.66,0.0999731
929.801,0.0927539
1652.27,0.165133
720.594,0.0719622
2417.61,0.241483
2574.11,0.257035
806.872,0.0804284
1051.62,0.105156
689.85,0.0689726
741.137,0.0740622
918.148,0.0915457
1606.19,0.160608
1460.14,0.145888
887.209,0.0887108
1331.44,0.133138
2316.89,0.231642
1030.77,0.102981
10440.1,1.03384
1052.75,0.10522
1867.19,0.186646
1639.19,0.163767
1175.85,0.11753
2823.67,0.282355
922.223,0.0922
1329.73,0.13297
811.717,0.0803704
1533.21,0.153308
885.179,0.0884667
1010.57,0.101003
913.341,0.0913206
2227.15,0.222615
494.986,0.0494854
1516.52,0.152753
1072.12,0.107189
1534.61,0.153453
1569.45,0.156561
2237.16,0.22369
1308.04,0.130795
2665.62,0.265519
1244.73,0.124454
938.024,0.093721
621.871,0.0621762
1430.69,0.142931
902.553,0.090175
1929.88,0.192941
1499.4,0.149916
5199.86,0.519843
1039.23,0.103591
591.485,0.059146
1423.68,0.142181
658.486,0.0658364
1637.01,0.163328
1762.01,0.176178
1442.8,0.144181
901.385,0.089912
1428.72,0.142407
1920.04,0.190624
1209.42,0.120913
2581.57,0.25809
1776,0.177582
1893.45,0.18926
977.908,0.0977808
3120.49,0.311929
1325.57,0.132323
1569.87,0.15698
706.488,0.0705445
1274.82,0.127463
962.027,0.0961904
793.131,0.0792939
1280.33,0.128006
830.478,0.0830191
2617.38,0.26169
1253.36,0.125304
1503.2,0.150263
2528.76,0.252686
3624.18,0.362043
926.05,0.0925336
1413.98,0.141343
1301.35,0.129868
959.672,0.0959561
825.284,0.082489
1350.45,0.13503
1406.43,0.138539
1028.11,0.102763
728.059,0.0727722
2155.91,0.215169
1451.7,0.145103
1018.45,0.10165
666.313,0.0659975
1367.95,0.136782
2410.66,0.240851
1085.91,0.108576
5708.58,0.570594
4699.31,0.469134
986.771,0.0986428
1465.51,0.146509
1216.43,0.121583
749.599,0.074944
2201.58,0.220132
1596.59,0.159368
866.881,0.0866679
999.879,0.0999424
1651.41,0.165111
1121.31,0.112104
1486.94,0.148685
1125.41,0.112496
659.642,0.0658359
1190.4,0.118889
2120.62,0.21202
859.278,0.0858968
3488.2,0.348676
824.343,0.0824291
1913.39,0.190945
1274.22,0.127363
1399.88,0.13995
1467.41,0.146631
1185.56,0.118526
548.313,0.0547022
944.281,0.0944228
1396.7,0.139657
3567.64,0.355612
2100.96,0.209975
2445.07,0.244438
1996.01,0.199497
1252.13,0.125161
1509.52,0.150812
2052.61,0.205218
2398.7,0.239491
992.405,0.0991874
877.061,0.0876859
4227.06,0.421998
937.661,0.0936578
793.84,0.0793799
710.633,0.0709689
911.037,0.0910168
1254.04,0.125199
674.929,0.0674848
917.257,0.0917208
1198.33,0.119826
1831.66,0.164657
776.899,0.0776522
769.088,0.0768888
1078.54,0.107839
1254.14,0.12539
967.448,0.0967306
832.353,0.0832311
1860.69,0.186001
705.402,0.0705383
605.265,0.0604945
789.532,0.0789209
855.859,0.0855244
1514.53,0.151361
1692.17,0.169123
1233.63,0.123355
635.909,0.0635827
1009.51,0.100869
1290.66,0.129014
723.222,0.0723179
902.939,0.0902556
886.575,0.087876
2820.24,0.281721
2652.8,0.265075
5551.11,0.554776
892.045,0.0890873
1225.25,0.122428
1102.04,0.110172
1017.44,0.101734
585.732,0.0585622
2341.87,0.234158
2980.81,0.297987
3415.81,0.341347
4592.17,0.459009
744.145,0.0743602
3484.75,0.34825
717.004,0.071654
1656.81,0.165609
1655.75,0.165501
840.384,0.084028
803.667,0.0803608
2935.22,0.292958
781.305,0.0781228
853.558,0.0853472
1131.33,0.111886
1173.21,0.117312
5178.46,0.517003
1230.7,0.122398
5301.36,0.529217
1753.74,0.175252
1655.93,0.165553
808.073,0.0807814
979.694,0.0977281
908.682,0.0908441
806.279,0.0806225
3692.21,0.369062
1299.41,0.129939
1486.23,0.148611
1784.95,0.178287
1037.9,0.103755
624.452,0.0624363
672.492,0.0672229
1327.2,0.132335
2735.2,0.272333
954.932,0.0954818
1553.36,0.155291
2175.42,0.21747
572.579,0.0572179
2892.82,0.289222
2443.33,0.244156
847.851,0.084735
1802.08,0.180195
874.557,0.0874357
11775.6,1.17556
4254.19,0.425202
1924.79,0.192447
3383.75,0.335204
792.507,0.0792474
1133.08,0.113275
905.376,0.0905178
1811.06,0.181075
862.769,0.0862432
4462.32,0.446048
795.419,0.0795409
3428.15,0.341787
1144.29,0.114407
679.017,0.0678948
3422.57,0.342078
1959.18,0.195358
993.477,0.0993336
10739,1.06945
953.179,0.0952542
1145.62,0.114293
1388.37,0.138747
2183.73,0.218345
894.105,0.0891739
334.888,0.0334684
1027.3,0.102716
1053.76,0.105299
734.712,0.0734664
998.909,0.0998837
1115.11,0.111505
1518.54,0.151807
1766.27,0.176328
1149.5,0.114943
497.69,0.049765
733.685,0.0732929
9672.72,0.96573
1083.66,0.108357
1288.84,0.128817
1494.26,0.149322
3305.08,0.32984
1348.55,0.134753
1012.15,0.101193
1317.04,0.131008
885.146,0.0884232
2135.02,0.213428
1679.67,0.167923
1416.4,0.141495
1522.32,0.15209
1115.14,0.111508
866.216,0.0865794
1436.58,0.143619
987.212,0.0984762
1657.33,0.165627
618.021,0.0616989
1270.22,0.12696
1003.14,0.100104
1236.98,0.123658
913.204,0.0911408
848.742,0.0848683
1147.22,0.114719
1117.99,0.111762
998.324,0.0997929
863.383,0.0861897
749.897,0.0738519
725.249,0.0725211
3164.61,0.316226
1145.19,0.114477
1413.16,0.141241
672.595,0.067152
674.067,0.0673804
1285.52,0.128428
962.149,0.0960837
3953.91,0.394941
1036.06,0.103197
748.544,0.0748254
1866.88,0.186557
1260.36,0.126033
2268,0.226765
1402.44,0.140196
695.238,0.0694976
1006.31,0.100368
1040.79,0.104068
1297.01,0.129683
1270.73,0.12699
8039.32,0.801477
2430.85,0.242988
929.043,0.0928925
2587.42,0.215401
1144.94,0.114456
969.621,0.0968737
837.658,0.0837364
1084.1,0.108362
2044.73,0.128059
432.853,0.0432719
1568.86,0.156863
2284.07,0.228353
742.925,0.0742138
2624.45,0.26201
3006.85,0.300516
896.757,0.0896681
2186.93,0.218534
1814.57,0.181444
980.671,0.098064
2622.94,0.262167
1284.76,0.128471
1984.07,0.197991
1490.1,0.148802
989.882,0.0987818
6771.89,0.675581
991.291,0.0990434
1846.95,0.184679
981.634,0.0981571
3661.64,0.365598
2224.32,0.222309
671.451,0.0671388
1103.28,0.110061
1284.69,0.128443
1168.71,0.116841
762.576,0.0761908
1438.3,0.143798
1186.18,0.118523
1413.16,0.141265
1267.93,0.126604
1545.37,0.154487
2489.3,0.248558
1070.62,0.107018
994.634,0.0994562
1843.34,0.18428
2450.1,0.244775
1125.71,0.112568
3351.81,0.33418
1529.93,0.1529
857.266,0.0857076
1298.69,0.129761
997.041,0.0996255
1348.42,0.134819
2060.55,0.205998
1735.99,0.173422
1532.82,0.153269
690.947,0.0690915
1003.82,0.100357
1203.67,0.120329
2213.79,0.221288
670.7,0.0670674
1336.02,0.133448
1204.3,0.120381
2117.3,0.211608
9377.42,0.921175
1682.78,0.168253
1002.02,0.0991337
948.343,0.0947438
1022.49,0.102216
1323.6,0.13227
853.551,0.0853088
1506.1,0.150566
3046.97,0.304206
1052,0.105197
1657.51,0.165698
1787.67,0.178597
720.292,0.0719933
1330.18,0.132925
1644.65,0.164409
11418.3,1.13981
1859.71,0.185427
2414.08,0.241237
725.124,0.0724972
838.908,0.0838768
917.09,0.091655
1889.33,0.188686
1567.5,0.156702
748.825,0.0748293
825.511,0.0825383
845.293,0.0844647
1994.04,0.198274
1037.77,0.103752
3797.26,0.379624
1031.92,0.10318
1414.12,0.141392
1001,0.100096
1550.8,0.155063
1415.76,0.141352
1670.35,0.167007
1283.52,0.128296
611.787,0.0611672
1512.2,0.145112
971.216,0.0969543
2298.07,0.229724
1157.7,0.115727
949.535,0.0949439
6905.34,0.689569
1096.35,0.109592
980.035,0.0978956
1179.13,0.117793
1034.46,0.103382
2665.27,0.265275
1017.97,0.101728
1139.39,0.11391
685.988,0.0684741
3994.68,0.399127
1700.12,0.169787
1067.43,0.106705
1570.63,0.156903
1243.34,0.124314
2881.02,0.287704
815.968,0.0815878
1214.73,0.121433
2236.6,0.223508
877.207,0.087359
1068.76,0.106866
1055.6,0.105541
514.797,0.0514683
1310.24,0.130666
1897.25,0.189667
790.246,0.0789172
1652.65,0.164983
1499.25,0.149902
1820.37,0.181991
2173.38,0.218452
717.884,0.0717647
1221.3,0.122125
1094.13,0.109328
2030.81,0.202907
1475.66,0.147527
883.166,0.0883115
1144.07,0.114335
1433.69,0.143317
1421.7,0.14212
610.596,0.0610374
1779.39,0.177871
1604.43,0.160423
5397.11,0.538619
31124.8,3.10179
2751.47,0.274933
3472.66,0.346918
2039.1,0.203871
973.381,0.097327
3540.42,0.352994
1646.7,0.164608
1465.01,0.146493
1041.35,0.1041
1354.25,0.135408
810.556,0.0810522
1645.59,0.164476
1043.98,0.104376
1415.38,0.141387
1064.06,0.106373
905.337,0.0904656
728.94,0.0728869
1831.48,0.182836
1401.92,0.140162
1106.66,0.110649
1052.01,0.105154
2951.25,0.294397
2047.69,0.204636
931.164,0.0930015
2565.1,0.255271
690.281,0.0690252
1518.81,0.151693
920.264,0.0895899
1467.19,0.146525
1902.64,0.190224
824.376,0.082414
1167.66,0.116475
827.342,0.0827267
681.068,0.0680864
932.27,0.0932166
930.223,0.0929939
615.229,0.0614795
1279.62,0.127948
726.485,0.0725433
1017.24,0.101703
740.31,0.0739523
1036.72,0.101749
946.232,0.0945856
341.815,0.0341728
960.173,0.0960106
1701.95,0.170118
1251.13,0.125099
4065.18,0.406499
4847.98,0.484548
1182.51,0.118212
815.516,0.0815499
2866.89,0.286272
1343.66,0.134298
1905.15,0.190502
810.304,0.0809983
18211.2,1.81
1349.34,0.134896
993.358,0.0993002
2026.07,0.202504
1269.03,0.126808
994.763,0.0994705
746.188,0.0744734
776.465,0.0775501
1022.89,0.102082
2378.15,0.237774
1575.66,0.157426
1519.89,0.151857
1404.62,0.14045
1328.31,0.132381
1556.31,0.155628
1289.45,0.128933
1217.39,0.121724
4324.64,0.431749
1713.79,0.171329
1443.7,0.144329
833.874,0.0833249
1331.69,0.133141
764.475,0.0764334
1164.43,0.116429
1062.66,0.10619
1685.03,0.168345
1826.89,0.182585
835.613,0.0835481
977.641,0.0975745
755.431,0.0747661
1453.82,0.14515
2249.44,0.224776
3483.14,0.347981
2140.26,0.213413
717.773,0.0683261
1108.05,0.110769
7180.3,0.717596
1124.69,0.112451
538.274,0.0536925
989.413,0.0989202
1199.51,0.103595
778.623,0.0778278
1408.12,0.140785
1309.46,0.130915
1557.46,0.155498
1162.96,0.116286
620.537,0.0620456
4699.63,0.469611
1391.92,0.139173
1331.16,0.13309
843.035,0.0840433
513.106,0.0513087
1328.53,0.132822
635.742,0.0635469
1072.14,0.106925
1734.99,0.173349
2804.7,0.280315
1225.66,0.122554
718.94,0.0718928
1472.55,0.147221
6278.24,0.625763
1062.92,0.106271
1696.3,0.169555
1671.08,0.167049
2118.94,0.211753
1809.46,0.180879
909.541,0.0904634
1995.82,0.199455
904.925,0.0904852
1623.26,0.161809
2204.92,0.220324
1088.67,0.108861
1422.75,0.142236
1077.4,0.107523
1033.66,0.103349
1883.1,0.188187
591.07,0.0590765
3858.76,0.385615
1039.55,0.103898
864.082,0.0863988
1884.44,0.18788
796.848,0.0796804
780.517,0.0780336
1002.13,0.100148
719.474,0.0719424
3552.02,0.35427
1256.65,0.125438
973.309,0.0973173
1792.43,0.179141
1531.78,0.152747
1119.06,0.111898
1287.13,0.12866
1038.85,0.103879
1774.89,0.177144
753.142,0.0752869
1705.67,0.170493
852.352,0.0852315
772.801,0.077214
1556.84,0.207837
1180.1,0.117982
1475.3,0.14751
832.861,0.0828783
678.871,0.0678789
888.866,0.0888078
1389.8,0.138957
1031.31,0.103073
1529.29,0.152909
818.76,0.0817216
2121.76,0.212126
726.658,0.0726633
737.963,0.073777
1691.95,0.168616
903.204,0.0903176
4709.33,0.470316
1224.97,0.122442
1496.6,0.149646
1875.4,0.187409
2592.46,0.259229
918.928,0.0918829
1386.65,0.138653
2464.6,0.245726
1301.24,0.129957
889.688,0.0889079
779.194,0.0778129
2367.42,0.236713
1778.82,0.177844
1611.07,0.1611
853.42,0.0851665
1105.05,0.110445
637.255,0.0636595
695.488,0.069536
711.881,0.0711594
2997.74,0.299504
1381.68,0.138014
783.738,0.0782203
1133.2,0.113233
1136.09,0.113562
2046.68,0.204341
2190.27,0.218963
2305.34,0.230473
755.791,0.075556
1702.36,0.170204
1107.42,0.110728
2623.04,0.262261
1192.3,0.1192
1253.91,0.125356
1387.05,0.138692
2050.49,0.205019
946.509,0.0939016
11842.2,1.17775
925.981,0.0922555
1241.7,0.124068
981.32,0.0977808
715.667,0.07137
3158.57,0.314114
2100.67,0.209861
1383.9,0.138274
792.16,0.0792093
2110.14,0.210789
1087.48,0.108658
1077.19,0.107711
869.108,0.0868995
822.572,0.0821384
1061.7,0.106155
809.011,0.0808484
1242.19,0.124208
2723.18,0.27215
1220.47,0.121942
680.332,0.0680052
627.984,0.0627872
3195.08,0.319114
832.979,0.083272
1141.73,0.114138
1235.52,0.123434
1580.21,0.157915
1449.2,0.144881
1010.86,0.101056
1789.39,0.17733
1191.76,0.119063
1479.99,0.14787
743.103,0.0742941
567.33,0.0567092
825.222,0.082484
2871.15,0.28635
2918.9,0.281151
1338.8,0.133847
927.116,0.0926981
933.027,0.0931558
1696,0.168988
808.824,0.0808714
1147.87,0.114772
879.64,0.0877154
1222.97,0.122264
790.939,0.0786021
750.099,0.0749972
2337.33,0.229113
1195.48,0.119541
1150.7,0.114827
1251.23,0.125111
1043.46,0.104195
977.387,0.0977002
977.018,0.0976878
1379.97,0.137984
944.185,0.0943799
11082.8,1.10433
919.407,0.0919209
2564.95,0.256408
831.813,0.0831787
931.754,0.0931682
658.83,0.0658561
609.904,0.0609351
1122.09,0.112193
776.145,0.0774784
2338.22,0.233815
1135.24,0.11263
1245.35,0.124305
1099.44,0.10992
907.122,0.0906954
1731.49,0.172737
609.219,0.0608142
1564.01,0.156241
1052.74,0.105267
1320.94,0.132066
806.205,0.0806091
2097.17,0.209641
1232.6,0.123178
2457.03,0.245554
1406.22,0.140558
1386.63,0.138653
1364.99,0.13639
1179.97,0.117955
1596.81,0.159669
889.643,0.0889555
10665.5,1.06543
449.358,0.0449253
1031.44,0.103134
964.471,0.0964384
1240.76,0.124016
1802.15,0.180146
903.451,0.0902278
1193.57,0.119272
1243.41,0.124274
1123.8,0.112377
3075.77,0.307461
975.352,0.0968656
777.537,0.0777063
1231.18,0.123074
913.404,0.091332
3167.89,0.316617
1606.44,0.1605
1304.35,0.130257
1109.74,0.110612
1399.27,0.139884
1094.67,0.109406
1043.2,0.104316
4907.43,0.489204
1363.7,0.13634
1206.24,0.120589
4757.89,0.474538
1196.26,0.119213
1329.34,0.132869
9084.71,0.906937
1113.61,0.111346
910.896,0.0910503
1568.38,0.156764
710.258,0.0710217
1275.07,0.12736
1296.01,0.129562
1943.58,0.193061
894.441,0.0893565
1323.9,0.132348
1480.04,0.147966
749.748,0.0749358
1062.6,0.106207
1834.93,0.183403
751.718,0.0751287
742.355,0.0742228
2714.55,0.271391
1577.49,0.157447
3511.32,0.351097
957.74,0.0957436
1135.01,0.113442
1409.42,0.140796
821.853,0.0821665
963.523,0.0963414
846.403,0.0846366
1402.82,0.13994
2543.01,0.253618
713.453,0.071265
2308.81,0.230669
721.799,0.072118
4189.09,0.418355
2570.67,0.245885
782.315,0.0781735
1105.71,0.110503
1469.31,0.146916
1042.51,0.104104
809.218,0.0809131
1124.44,0.112243
2266.38,0.226467
2039.51,0.203491
1100.08,0.109977
1069,0.10688
1028.8,0.102855
4210.77,0.420667
1941.11,0.194094
1932.21,0.192969
961.364,0.0961215
742.548,0.0739831
5828.54,0.581605
3113.89,0.311158
1062.51,0.106153
916.053,0.0915779
793.487,0.0793477
821.495,0.0820173
949.873,0.0948545
535.868,0.0535836
854.326,0.0854221
675.232,0.0674005
1642.66,0.16303
1123.53,0.112326
2415.61,0.241517
3957.51,0.394735
843.14,0.0838735
625.939,0.0625679
1390.73,0.139051
2107.46,0.210637
756.528,0.0755693
1001.52,0.100095
1520.6,0.152033
953.198,0.0953103
1227.84,0.12278
2044.94,0.204293
2264.89,0.226161
1438.98,0.143804
931.03,0.0930855
1227.51,0.122694
12935.2,1.29135
1839.61,0.183924
1037.33,0.103721
1666.68,0.166468
1198.64,0.119758
1045.7,0.104494
1126.03,0.112326
961.177,0.0960971
1137.34,0.113724
933.447,0.0933398
2546.47,0.254512
1565.43,0.155254
846.897,0.0846854
1513.11,0.15129
1042.56,0.10419
1698.58,0.169781
1045.92,0.104499
537.12,0.0537085
710.94,0.0710001
1647.85,0.16468
1117.62,0.111732
3285.23,0.328385
6186.43,0.615017
3996.73,0.399541
1186.66,0.11748
1009.94,0.100961
5391.3,0.538351
1137.4,0.113631
3168.49,0.316612
1912,0.191073
754.487,0.0753799
1393.22,0.138934
1266.2,0.126445
5047.99,0.504699
982.181,0.0980456
888.936,0.0888684
953.822,0.0951903
2341,0.234028
636.863,0.0636853
5684.92,0.568051
1948.93,0.194845
1839.43,0.183899
2312.25,0.231102
1900.4,0.189966
2754.82,0.275256
2005.49,0.200526
1438.9,0.143867
959.498,0.0957445
954.942,0.0954507
880.544,0.088005
1672.79,0.165889
1282.62,0.128205
1112.57,0.111166
3045.16,0.30368
890.614,0.0889116
829.682,0.0822563
1513.21,0.15011
681.587,0.068063
760.67,0.0760459
639.16,0.0631908
911.706,0.0911563
2161.84,0.21535
985.753,0.0984538
807.709,0.080302
1128.83,0.11284
10330.1,1.02809
1085.59,0.108508
938.549,0.0935381
606.588,0.0605471
1348.12,0.134715
2036.59,0.203571
973.747,0.0973407
1241.04,0.124028
1090.5,0.109035
2812.24,0.281081
788.236,0.0786389
1853.71,0.185288
1284.45,0.128328
1572.72,0.15715
1242.61,0.124232
1291.03,0.1291
2606.36,0.26047
2973.43,0.297017
700.401,0.0699785
1902.14,0.190069
1242.52,0.124238
2634.68,0.263367
1034.84,0.103449
1384.96,0.138338
1408.5,0.140631
946.23,0.094557
854.136,0.0853898
1193.37,0.119324
987.331,0.0985298
1478.08,0.147785
1720.69,0.171974
964.323,0.0964128
967.316,0.0967106
864.749,0.0864599
1122.59,0.11223
507.023,0.0506857
1905.58,0.185569
1147.5,0.11469
986.897,0.0986546
605.538,0.0604991
939.265,0.0938721
1505.07,0.150473
1642.71,0.164268
23192.8,2.30773
2451.9,0.245023
1325.87,0.132416
884.744,0.0881405
2599.43,0.259525
913.621,0.0913184
2589.24,0.258534
709.338,0.0708827
1245.95,0.124445
5194.03,0.518993
788.835,0.0788322
1888.16,0.188771
1581.26,0.158102
1028.98,0.102838
2037.6,0.203693
1062.46,0.106166
7540.97,0.752871
797.964,0.0797851
1411.98,0.141186
746.167,0.0746148
1052.75,0.10519
2593.92,0.259155
923.44,0.09231
722.36,0.0721892
1262.62,0.126206
1618.41,0.16179
1132.45,0.113183
4987.53,0.498056
747.978,0.0747832
1037.7,0.103756
955.592,0.0948574
926.483,0.0926215
3737.98,0.373244
844.322,0.0844283
754.22,0.0753741
925.79,0.0925702
663.64,0.0663578
2588.52,0.258026
1491.72,0.149141
1163.21,0.116268
1111.19,0.111032
2053.7,0.205332
1749.91,0.174966
1156.67,0.115599
1669.29,0.166881
1152.35,0.115204
578.414,0.0577998
1006.15,0.100607
1068.68,0.106832
888.928,0.0888746
717.956,0.0717698
895.837,0.089443
1602.07,0.16017
1577.28,0.157704
2137.43,0.211121
2682.74,0.268246
1290.82,0.128999
742.737,0.0735587
555.425,0.0555294
6862.35,0.684685
4075,0.407396
700.128,0.0689472
671.919,0.067048
2012.47,0.19964
944.066,0.0943749
1030.87,0.103054
938.333,0.0937765
1171.38,0.117107
736.199,0.0736021
921.486,0.0920942
624.601,0.062448
1404.74,0.140346
1475.71,0.147521
1338.19,0.133732
2912.56,0.291158
1972.4,0.197222
2121.97,0.212092
750.717,0.0748858
7685.95,0.767997
678.639,0.0678061
2234.77,0.223433
562.27,0.0561901
929.288,0.0924009
1281.57,0.12815
1954.31,0.19491
903.797,0.0903299
1215.19,0.121454
958.907,0.0957487
1531.64,0.153135
1260.62,0.126049
11023.4,1.10078
1218.16,0.121752
722.59,0.0722571
1613.07,0.161287
690.391,0.0690237
1738.44,0.172035
844.653,0.0844528
5565.51,0.556021
1781.62,0.178094
733.649,0.07332
2589.62,0.25895
1713.53,0.171195
1675.13,0.167002
1033.78,0.103374
2135.84,0.213502
2955.71,0.295497
1280.9,0.12797
2135.65,0.213346
1432.1,0.143196
1702.73,0.17022
995.231,0.0994704
1845.47,0.184371
779.858,0.0779475
1917.67,0.191707
957.504,0.0956491
778.379,0.0777346
774.803,0.077477
1293.75,0.129321
1732.03,0.172705
900.786,0.0900556
2492.03,0.249097
2197.42,0.219674
927.197,0.0925934
3989.26,0.397238
1861.4,0.186114
982.322,0.0976615
1347.15,0.134665
1785.02,0.17843
12585.8,1.25219
1197.87,0.119783
1094.2,0.109399
679.039,0.0677703
799.628,0.0797313
2909.9,0.290366
597.212,0.0596953
1492.21,0.149097
1056.3,0.105578
1213.08,0.121227
1217.61,0.121682
1520.84,0.151702
4589.9,0.458671
1060.7,0.106065
1754.61,0.175413
1900.19,0.18875
4335.53,0.432634
577.267,0.0577219
1957.13,0.195695
1180.79,0.11037
1127.64,0.112698
1867.54,0.186665
4301.74,0.429982
2221.67,0.221194
1573.61,0.157299
4931.91,0.492673
1630.77,0.16289
918.234,0.0918101
1414.82,0.14146
1609.9,0.160955
1268.14,0.126809
7811.67,0.779936
1415.05,0.141478
1803.69,0.18001
1057.29,0.105701
1948.23,0.194753
1057.56,0.104997
1614.23,0.161163
1146.05,0.114001
2323.84,0.231594
886.533,0.0884417
704.781,0.0704551
998.152,0.0997987
1098.85,0.109863
1980.36,0.197999
1342.1,0.134186
593.433,0.0593392
1410.95,0.140985
1080.69,0.107987
1184.32,0.107665
1220.04,0.121922
2180.01,0.217895
1469.99,0.146943
1454.66,0.145435
4849.92,0.484579
976.171,0.0975879
1711.25,0.171049
1347.06,0.134669
1482.84,0.148248
870.809,0.0869894
7454.96,0.745314
3311.23,0.33055
1536.9,0.153579
1513.73,0.15131
13683.1,1.367
1114.89,0.110462
642.244,0.0642227
1020.73,0.10207
894.31,0.0870514
2279.96,0.227941
770.775,0.0770317
2120.6,0.211641
3629.62,0.362934
1022.6,0.102174
1546.74,0.1544
892.891,0.0892851
889.881,0.0889013
780.914,0.077747
961.684,0.0961305
1254.18,0.125404
1277.75,0.127764
1485.51,0.14848
911.095,0.0910714
1190.68,0.119001
563.178,0.0563154
5521.5,0.551539
1442.18,0.144194
1105.32,0.110444
1933.04,0.193278
2929.05,0.292763
964.146,0.0961697
1103.84,0.110303
810.024,0.0809933
798.308,0.0798067
728.284,0.0728006
1041.94,0.104171
1222.85,0.122196
614.784,0.061477
2101.38,0.209093
3890.36,0.388402
2242.2,0.224142
2061.85,0.204751
666.186,0.066536
1560.8,0.15606
889.332,0.0887248
919.367,0.0916785
1504.64,0.15035
1184.97,0.118445
1173.05,0.117301
1204.62,0.120434
816.775,0.0816648
2530.27,0.252448
2120.06,0.211978
703.645,0.0703619
946.86,0.0938721
605.726,0.0605452
1372.14,0.116562
10045,1.0019
30886.4,3.07564
955.12,0.0954681
768.947,0.0768871
703.973,0.0703809
1209.82,0.120975
1685.41,0.168523
1264.77,0.126445
1014.67,0.101436
1651.92,0.165069
1339.58,0.133895
2144.53,0.214416
936.204,0.0935666
1091.28,0.108984
1723.79,0.169157
852.639,0.0851196
942.147,0.0928992
947.112,0.0946989
627.509,0.0627077
465.94,0.0465806
1204.63,0.120441
2005.02,0.200443
5297.16,0.52935
981.187,0.0980842
3336.3,0.333541
1209.7,0.120697
1305.14,0.130483
1102.82,0.110183
857.95,0.0857888
1405.22,0.140506
1822.33,0.182141
1806.07,0.180559
4096.81,0.409545
568.15,0.0567973
761.201,0.0760745
3068.22,0.306565
1037.85,0.10376
2311.96,0.231127
3088.32,0.308585
2911.17,0.29101
1027.79,0.10277
1784.31,0.178416
1660.91,0.165866
455.054,0.0454844
1340.67,0.133971
1010.72,0.100954
730.936,0.0730551
1999.99,0.199961
809.974,0.0809746
1462.16,0.146205
496.497,0.049575
929.145,0.0929108
843.957,0.0843603
2566.28,0.256571
1260.3,0.125912
1298.57,0.129728
874.7,0.0874579
1287.25,0.128535
8067.49,0.804687
2459.29,0.240581
1295.92,0.129503
855.358,0.0854747
1097.59,0.109719
777.76,0.0776973
1375.2,0.137377
1603.16,0.160294
1832.26,0.182968
1431.93,0.14319
3452.87,0.344997
1196.2,0.119581
1210.81,0.120911
635.035,0.0634742
1809.23,0.180861
1502.4,0.150217
620.102,0.0619495
2134.47,0.213404
1336.93,0.133638
1131.11,0.113074
5257.73,0.525484
1510.99,0.15102
932.526,0.0932428
2708.14,0.270792
829.483,0.0829463
1974.61,0.197346
2117.6,0.211719
812.852,0.0812632
1252.17,0.125099
1193.26,0.119289
11909.6,1.17703
1894.11,0.189353
1519.55,0.151941
1128.27,0.112711
1000.83,0.0999444
1576.59,0.157642
646.771,0.0646624
1112.46,0.111221
6974.17,0.696444
524.796,0.0524165
846.832,0.0844945
2177.55,0.217629
1968.15,0.196668
2224.24,0.221951
939.672,0.0939364
1981.14,0.198055
1189.59,0.118781
838.081,0.0838028
941.665,0.0940717
1946.8,0.19462
1505.46,0.149897
1261.44,0.125995
499.425,0.0499302
748.049,0.0748002
999.246,0.0998585
882.605,0.088213
1035.13,0.103507
1645.83,0.164386
876.346,0.087539
1203.11,0.120309
1147.67,0.114762
1250.13,0.125007
943.031,0.0942891
408.947,0.0408741
1031.04,0.103079
1191.13,0.118356
1882.95,0.188199
1493.58,0.149263
946.003,0.0945863
2359.31,0.235862
815.617,0.081543
1349.82,0.13486
2090.53,0.208997
1837.69,0.183757
564.685,0.0564647
3297.88,0.329751
2773.72,0.277215
1817.04,0.181681
971.687,0.0971498
1887.12,0.273958
1001.06,0.100091
5262.07,0.525773
650.301,0.0650196
808.298,0.0808274
1572.22,0.157133
1237.4,0.123714
1706.35,0.170539
1027.48,0.101834
2921.25,0.292002
653.263,0.0652872
3322.59,0.332151
1223.8,0.12237
1182.68,0.118244
1099.29,0.109844
818.576,0.081856
1386.19,0.138399
1162.13,0.116204
2065.42,0.206477
1250.37,0.124745
18554.3,1.83953
3872.18,0.386678
716.91,0.071685
2440.77,0.243934
1672.33,0.167097
809.401,0.0807796
2911.26,0.291112
1340.28,0.13398
827.755,0.0827546
1351.94,0.135154
732.007,0.0731985
1051.62,0.105037
1226.37,0.122509
809.31,0.080925
922.172,0.0922128
821.627,0.082145
1446.08,0.14456
1034.01,0.103382
1972.14,0.197199
1011.14,0.101093
1446.28,0.144584
785.194,0.0784945
567.417,0.0567168
1133.39,0.113332
1091.66,0.109017
896.533,0.0896268
1033.52,0.103344
1484.83,0.14722
1062.31,0.105683
1082.71,0.107413
866.81,0.0864728
2006.76,0.200445
1574.41,0.157379
1103.12,0.110294
1865.31,0.186424
2023.77,0.202177
2785.3,0.276856
685.98,0.0685705
737.765,0.0737637
1154.15,0.115394
2816.57,0.281452
1505.53,0.149671
663.738,0.0663711
635.248,0.0634474
743.628,0.0743314
635.373,0.0635015
749.927,0.0749703
1671.37,0.166816
9693.16,1.87672
1129.39,0.112923
569.809,0.0569268
1800.21,0.180006
1914.06,0.191374
1521.74,0.151746
1420.03,0.141876
3145.28,0.31447
2054.7,0.205194
1260.79,0.125946
1858.97,0.185819
1030.5,0.10304
1283.95,0.128371
2018.86,0.201841
671.402,0.0671377
1555.05,0.155415
906.829,0.0906793
618.043,0.0617914
1028.83,0.102875
982.942,0.0982772
1004.48,0.100414
1020.98,0.101937
1614.23,0.161385
1377.95,0.137579
1555.43,0.155483
1011.97,0.101183
1167.39,0.116679
909.945,0.0909511
866.977,0.086353
1042.84,0.103913
854.923,0.0854862
1665.74,0.166435
1142.45,0.114219
947.789,0.0947629
2675.09,0.267131
1459.78,0.140271
3213.41,0.321148
1449.07,0.144254
2805.93,0.280172
1311.59,0.131148
854.883,0.0854437
699.326,0.0698687
1281.42,0.128072
813.456,0.0813428
2513.65,0.251249
1005.43,0.100403
1519.06,0.15187
1530.36,0.153015
835.879,0.083034
1612.67,0.156597
968.76,0.0968375
1713.66,0.171324
830.448,0.0829932
1103.54,0.110201
1128.7,0.11243
877.79,0.0876503
1262.23,0.126187
5390.7,0.538052
1122.68,0.11225
2151.84,0.215035
1054.54,0.10538
1248.73,0.124844
1162.61,0.116237
685.517,0.068527
1416.59,0.141522
666.274,0.0665984
688.199,0.0687928
848.977,0.0848921
1329.65,0.131898
1347.45,0.134739
2238.65,0.223814
2332.12,0.232598
2962.2,0.295957
575.848,0.0575504
790.004,0.0789816
961.575,0.0960965
678.112,0.0677655
1546.97,0.154654
784.637,0.0781353
1520.02,0.151027
1308.83,0.130877
1498.89,0.149752
935.77,0.0934931
1341.25,0.133918
1012.75,0.101243
10084.5,1.00692
867.311,0.0576161
2667.75,0.266699
1262.81,0.126175
8069.88,0.805456
668.537,0.0666839
1855.2,0.18537
793.971,0.0793078
798.898,0.0798835
799.291,0.0799036
1564.7,0.156343
1175.64,0.117478
1254.45,0.125331
902.961,0.0901734
2155.8,0.215398
1094.2,0.109359
1596.95,0.159626
903.606,0.0901716
1999.78,0.199912
2235.43,0.223394
1735.25,0.172964
716.208,0.0715936
695.148,0.0693309
777.957,0.0777928
1780.19,0.177963
1173.71,0.117284
1499.43,0.149938
2437.94,0.243302
2842.94,0.284007
2520.45,0.251959
5596.85,0.558807
1214.62,0.121422
1153.76,0.115272
5179.12,0.51718
664.08,0.0663749
1045.84,0.104551
1275.44,0.12753
1475.59,0.147415
691.937,0.0691919
783.954,0.0783586
2956.02,0.295175
919.739,0.0918217
2858.27,0.285693
752.628,0.0751047
1819.41,0.181789
1436.54,0.143607
1914,0.190579
1133.74,0.113307
847.201,0.0841318
830.43,0.0830294
1777.58,0.177521
1577.54,0.157737
1248.05,0.124772
990.802,0.0990741
1422.52,0.14221
4416.83,0.440914
3796.92,0.37836
1369.65,0.136957
863.202,0.0863173
1286.57,0.128575
11244.2,1.12285
1191.14,0.119034
821.437,0.0820497
728.925,0.0728741
2447.24,0.24463
1382.72,0.137558
1474.44,0.147099
1178.29,0.117425
710.028,0.0709575
1600.82,0.159678
3012.59,0.301229
1364.18,0.136357
674.875,0.0674262
779.168,0.0779137
1179.91,0.117966
1752.69,0.175253
1109.2,0.110849
1431.15,0.14302
1094.01,0.109375
866.727,0.0818858
1573.43,0.157095
935.746,0.0935617
504.801,0.0504447
6473.4,2.07722
1560.66,0.155916
1294.63,0.129293
956.389,0.0956163
1448.22,0.144785
2185.42,0.218514
1166.98,0.116687
3065.59,0.306418
6728.47,0.671683
1208.25,0.120752
1803.01,0.179169
2043.18,0.204298
964.472,0.0964161
1155.74,0.115461
988.923,0.0985227
1002.12,0.100187
1196.7,0.119654
844.688,0.0844622
929.85,0.0928526
1227.22,0.122624
963.41,0.0963171
803.823,0.0803019
1344.6,0.134329
1091.17,0.109075
1592.46,0.159224
1181.33,0.117158
1095.61,0.109479
887.817,0.0887675
1701.84,0.170039
647.37,0.0647358
1256.34,0.125566
970.99,0.0970866
1628.52,0.162819
1389.79,0.138971
1305.94,0.130566
1479.1,0.147862
1639.82,0.163858
950.802,0.0950581
1357.53,0.135706
1275.26,0.127435
5331.58,0.53191
789.602,0.0789553
2008.54,0.200716
2333.13,0.233101
725.688,0.0725508
2759.8,0.275893
843.232,0.0842056
1586.09,0.158506
839.192,0.0838863
1382.62,0.138226
882.165,0.0881453
1116.47,0.111611
1373.5,0.136952
3937.92,0.393435
1630.45,0.163019
924.961,0.0924917
651.901,0.0651825
949.572,0.0949342
780.451,0.0780394
2472.29,0.247142
1091.44,0.109129
705.026,0.070484
872.458,0.0870058
1725.26,0.172501
1251.57,0.125043
876.634,0.0875915
1230.97,0.123068
1802.22,0.180147
1084.72,0.108384
857.571,0.085747
2379.61,0.237954
2442.22,0.244148
1791.8,0.179164
728.473,0.072671
750.312,0.074978
925.289,0.0925259
1805.1,0.180477
1360.4,0.135991
1051.82,0.105137
1105.24,0.110453
1993.92,0.199342
961.613,0.0958779
1333.67,0.130198
832.376,0.0832269
647.454,0.0647327
915.889,0.0915191
546.532,0.0546405
2887.14,0.288513
974.96,0.0972628
1961.67,0.196038
2322.18,0.232162
1161.93,0.116185
1302.69,0.130245
1764.08,0.176332
1490.36,0.148908
3032.04,0.302178
1062.96,0.106202
909.097,0.0907487
1369.12,0.136903
1149.69,0.114577
1277.28,0.127713
1399.07,0.139774
1043.45,0.104322
1162,0.116176
1234.54,0.123382
525.168,0.0524991
1050.34,0.105013
933.404,0.0933224
948.558,0.0948466
729.595,0.0729301
2866.24,0.286286
1588.86,0.158745
1304.69,0.130298
1590.53,0.158727
1192.86,0.119266
1389.23,0.13876
1053.07,0.105303
3196.46,0.319469
1175.16,0.117408
600.257,0.0599991
1452.11,0.126901
14650,1.46015
2149.85,0.214785
1258.05,0.125776
3168.04,0.316238
1143.67,0.114296
1775.03,0.177491
703.968,0.0703935
841.901,0.0841076
1517.26,0.151639
1898.14,0.188446
1706.66,0.170587
1447.61,0.144712
804.212,0.0803955
1544.29,0.1544
775.731,0.0775705
1269.71,0.126922
381.273,0.0381216
1353.44,0.135315
1338.39,0.133735
1038.42,0.103615
1354.32,0.135378
925.424,0.092533
717.396,0.0717229
1267.69,0.126698
1145.26,0.114507
4537.37,0.452913
772.479,0.0771815
15561.5,1.54904
1606.56,0.160156
1688.16,0.168694
482.092,0.0481734
1577.2,0.157601
1553.94,0.15536
1865.72,0.186567
1360.71,0.135964
4652.82,0.458587
694.077,0.069404
525.482,0.0525415
697.579,0.069739
927.855,0.0927732
910.767,0.091029
1305.03,0.130468
1627.16,0.162691
1047.59,0.104751
1767.32,0.176661
936.568,0.0935934
1685.21,0.168503
1229.93,0.122709
1682.57,0.168149
1582.99,0.158212
1122.38,0.112217
1445.5,0.144526
1143.72,0.112944
1447.45,0.144629
1522.1,0.152196
924.035,0.0923543
5323.43,0.53212
2168.11,0.216629
813.646,0.0813507
4746.85,0.473602
1293.12,0.128946
1105.42,0.110533
3860.16,0.385929
1335.46,0.133539
1710.7,0.171017
1893.27,0.189303
645.861,0.0644794
1043.18,0.104224
1035.01,0.103481
1320.2,0.132014
2582.91,0.258266
784.688,0.0784492
983.15,0.0959803
1562.83,0.156251
942.151,0.0941359
912.23,0.0912184
618.165,0.0618115
895.828,0.0895602
1309.97,0.130974
3675.53,0.366809
2060.06,0.205991
1872.91,0.187139
1497.7,0.149708
1407.27,0.140536
930.314,0.0929386
2738.33,0.273705
1160,0.115943
1449.22,0.144908
1122.17,0.112179
1970.51,0.196988
1175.11,0.116713
1413.51,0.14133
502.798,0.050232
930.774,0.0930468
1293.46,0.129331
1392.8,0.138966
965.163,0.0964881
2168.19,0.216715
846.25,0.0846202
1942.34,0.194001
1161.35,0.116099
2109.81,0.210853
584.517,0.0584438
1970.45,0.196947
1059.97,0.105881
1936.31,0.193174
1054.7,0.10542
870.647,0.087047
2622.16,0.262074
1509,0.150897
1141.48,0.114041
8980.79,0.895489
5727.27,0.567785
2566.09,0.256306
1294.82,0.129432
1169.58,0.11449
1419.19,0.141639
2604.59,0.260291
6639.5,0.663481
1360.39,0.135937
3662.13,0.365761
1006.32,0.100596
822.648,0.082264
1523.65,0.152242
524.654,0.0524381
3488.82,0.348088
18058.2,1.80483
1592.13,0.15773
1383.29,0.138213
853.102,0.0852781
961.51,0.0961484
874.079,0.0873568
2238.24,0.223405
1634.36,0.163393
988.342,0.0988307
1073.2,0.107298
2434.36,0.243306
1093.67,0.109251
1151.72,0.115138
906.151,0.0906096
776.834,0.0776758
581.714,0.0581463
799.372,0.0799349
1149.49,0.114943
1072.72,0.107117
1119.42,0.111912
1216.96,0.121677
1846.82,0.184649
749.108,0.0749046
1397.89,0.139771
646.959,0.0646392
899.805,0.0899164
3308.92,0.330712
1001.01,0.100082
993.821,0.0991422
1274.85,0.12748
1294.69,0.12939
592.102,0.0592071
1497.42,0.149645
886.027,0.0885014
3187.42,0.317896
5250.5,0.524169
1483.98,0.148366
1201.66,0.120084
826.832,0.081692
1110.45,0.110945
994.237,0.0994177
827.133,0.0826536
3067.62,0.306615
797.57,0.0796943
833.951,0.0833699
2381.55,0.23804
6098.31,0.608702
1365.53,0.136406
1380.93,0.138002
856.246,0.0855867
1503.31,0.150319
5002.36,0.499363
830.079,0.0829956
937.916,0.093494
1677.02,0.167686
729.89,0.0729427
631.16,0.0630879
1325.39,0.132315
753.497,0.075347
728.592,0.072837
1094.39,0.109404
2458.4,0.245689
1004.53,0.10045
3570.23,0.356865
1166.71,0.116353
1195.79,0.119548
713.475,0.0712791
903.381,0.0903166
1512.2,0.1506
1387.66,0.13872
1039.98,0.103869
1428.21,0.142771
598.657,0.0598287
1131.22,0.11311
998.121,0.0998087
669.128,0.0669108
1531.25,0.153075
928.803,0.0927571
1030.2,0.102995
778.607,0.077859
1033.73,0.10332
1608.38,0.160825
614.686,0.0614649
1834.36,0.183284
2009.98,0.200938
645.943,0.0645239
993.653,0.0993495
1005.88,0.100366
1206.37,0.120611
810.766,0.0810483
989.43,0.0988977
1419.04,0.141865
1665.06,0.166478
1406.41,0.139721
797.314,0.0797099
933.102,0.093296
879.551,0.0879322
5583.16,0.55649
2034.14,0.203307
1247.58,0.124749
1650.97,0.165078
1430.49,0.142874
1729.45,0.172814
866.82,0.086679
1728.58,0.172844
870.424,0.0870159
1178.43,0.1178
813.828,0.0811281
820.347,0.0819709
2660.38,0.265851
1024.59,0.102411
4654.44,0.464787
1292.46,0.129216
903.673,0.0903252
1409.17,0.140823
3111.65,0.310717
2358.54,0.235693
768.264,0.0768096
1096.16,0.109582
462.62,0.0462614
1937.47,0.193562
706.291,0.0704804
1488.33,0.148785
5319.41,0.531592
744.158,0.0743845
867.329,0.0867099
994.588,0.099424
1013.15,0.101267
2957.27,0.295653
1121.09,0.112031
1002.06,0.100198
1258.71,0.125859
939.629,0.0939198
936.951,0.0936823
881.296,0.088116
1221.16,0.122018
1725.39,0.172286
1219.75,0.121884
718.855,0.0718712
816.392,0.0814646
1014.69,0.101399
979.943,0.097951
1142.1,0.113796
6748.1,0.674699
1103.45,0.110234
2999.01,0.299557
1580.13,0.157998
3384.1,0.338231
635.621,0.0631607
4257.02,0.425594
2414.88,0.241467
1345.57,0.134505
702.84,0.0702758
955.096,0.0954799
1493.02,0.149016
1172.16,0.117177
1198.94,0.119863
1559.71,0.155828
646.383,0.0645536
813.283,0.0812832
2463.98,0.246362
1075.36,0.107152
5179.9,0.517318
1262.27,0.126198
1475.18,0.147383
748.623,0.0748455
1064.99,0.106464
1280.9,0.128081
2983.42,0.298305
1044.01,0.104369
850.958,0.0849064
816.891,0.0816675
1204.43,0.120378
1534.58,0.152836
1148.4,0.114692
4462.55,0.711137
991.04,0.0990989
808.815,0.0808602
3755.27,0.375395
1807.7,0.180746
2973.12,0.297245
936.742,0.0936683
1239.34,0.123932
1143.52,0.114328
1782,0.17818
1813.75,0.181326
2735.56,0.273315
867.777,0.0867637
1509.64,0.150916
2665.63,0.2662
996.537,0.09965
1220.75,0.119313
942.237,0.0941351
5521.69,0.855495
1095.86,0.109578
641.677,0.0641542
7193.55,0.717716
638.056,0.0637546
1930.99,0.193052
32250.6,3.21441
2228.29,0.222641
1555.7,0.155313
492.548,0.0492093
1030.98,0.103044
771.585,0.0771523
6800.27,0.67916
1602,0.160138
857.885,0.0857677
5070.09,0.506623
1174.48,0.117402
1417.51,0.141723
5643.7,0.563516
913.648,0.0913302
923.348,0.0871558
1972.34,0.197151
2114.31,0.211332
1858.5,0.185725
832.131,0.0831874
9479.41,7.03865
897.357,0.0896876
5234.17,0.523007
742.412,0.0739757
2284.56,0.228254
1078.55,0.10785
4313.44,0.43126
1548.35,0.1548
1897.73,0.189544
1567.84,0.156769
1683.4,0.168257
1157.79,0.115768
846.793,0.0845933
2701.76,0.270085
1014.9,0.101391
1986.98,0.19861
1606.42,0.160285
1017.6,0.101738
898.022,0.0897547
2065.09,0.205445
4370.02,0.436862
1335.26,0.133488
1404.66,0.140452
2534.17,0.253381
1455.25,0.145233
1552.85,0.155266
1592.2,0.159193
1164.04,0.116366
2077.62,0.206469
2335.03,0.233299
645.737,0.0644783
5790.23,0.578148
3844.27,0.383958
1513.19,0.151282
1029.27,0.101438
1939.63,0.193926
762.545,0.0762082
1875.78,0.187567
2076.2,0.207262
3125.5,0.311847
892.038,0.0891873
1102.14,0.110194
1054.46,0.105373
13405.9,4.09215
2617.16,0.261607
1064.97,0.106478
573.115,0.0573024
795.106,0.0794909
2323.73,0.232107
705.059,0.0704908
955.838,0.0955209
1389.49,0.138899
2108.43,0.210782
1519.68,0.151813
871.435,0.087139
881.218,0.0881189
1083.25,0.108242
1122.43,0.11222
2989.2,0.298408
1421.21,0.141945
1042.49,0.104245
1338.65,0.133832
1919.01,0.191835
1268.19,0.126732
1273.14,0.12698
1745.93,0.174474
603.515,0.060342
1760.54,0.175987
1605.95,0.160454
2293.43,0.229257
9031.84,0.900328
4033.6,0.403136
831.978,0.0831472
1112.03,0.111144
1701.41,0.170107
1277.57,0.127543
1456.42,0.145554
918.228,0.0902498
1227.33,0.12273
1066.46,0.106604
1784.62,0.178422
3150.46,0.314908
1745.05,0.174296
1909.41,0.190906
798.388,0.0797967
1447.97,0.144712
1202.72,0.120251
2056.09,0.205558
1673.21,0.167014
1270.45,0.126979
646.032,0.0645927
1087.23,0.108533
1068.73,0.106861
2112.36,0.210359
1109.42,0.110902
1151.46,0.115085
3781.17,0.377556
837.711,0.0837609
1053.75,0.105365
2164.06,0.216351
1645.56,0.164446
1283.4,0.128279
751.989,0.0751973
6708.83,0.669474
896.336,0.0891788
1112.16,0.111048
983.267,0.0983179
3177.2,0.316193
3260.57,0.325948
1062.55,0.106251
2239.99,0.223963
944.068,0.0943845
751.505,0.0751477
1117.05,0.111606
1191.73,0.119166
817.166,0.0816871
1177.88,0.11774
853.207,0.0852365
760.481,0.0760398
984.814,0.0984434
3653.38,0.365096
964.591,0.0964362
1561.68,0.156106
1067.42,0.106741
2157.65,0.215555
1704.59,0.170017
956.528,0.0954194
1131.71,0.113116
636.895,0.0636692
1454.49,0.145419
1818.7,0.181654
2022.46,0.202016
878.069,0.0877982
738.655,0.0737234
1022.74,0.10224
961.679,0.0961516
1258.31,0.125818
1065.63,0.106407
2409.02,0.240629
887.335,0.0886857
1068.76,0.106807
1007.2,0.100599
1915.89,0.191295
1435.57,0.1434
1260.04,0.125811
791.453,0.0791384
848.106,0.0847892
1279.78,0.127972
1017.33,0.101708
904.949,0.0904906
2531.71,0.253081
8684.44,0.851522
5367.39,1.34586
2094.4,0.201504
3189.84,0.318694
656.094,0.065529
850.484,0.0850232
5483.36,0.546146
823.493,0.0823427
665.557,0.0664734
1005.88,0.100537
5627.24,0.562637
1143.23,0.114276
1477.22,0.147669
1585.2,0.158445
2553.7,0.255114
1188.8,0.118851
1046.83,0.104678
1123.17,0.112258
1896.31,0.189185
975.005,0.09739
1915.53,0.191428
1124.12,0.112078
1485.09,0.148213
3815.3,0.381119
2271.05,0.226615
2315.06,0.230774
1639.46,0.163561
1078.63,0.10747
863.134,0.0862856
1213.33,0.121312
1069.1,0.106835
1524.91,0.152471
6616.53,0.658956
1294.47,0.128799
1240.1,0.123989
588.382,0.0588307
6845.26,0.68426
990.228,0.0990176
1174.16,0.117404
1743.45,0.173685
1008.48,0.100833
471.768,0.0471744
11012.4,1.09854
1421.56,0.142114
2950.57,0.294524
3581.26,3.63954
3478.25,0.347435
1346.24,0.134611
1135.39,0.113482
679.093,0.0678848
661.274,0.0660215
783.862,0.0783775
653.235,0.0653211
865.054,0.0863931
1961.68,0.196114
1033.04,0.103138
1558.91,0.155829
1204.14,0.120374
1269.55,0.126897
1225.2,0.122372
934.052,0.0933245
1605.77,0.160459
1229.05,0.122857
2530.63,0.252957
1849.09,0.184605
1309.64,0.130937
2834.77,0.28345
948.515,0.094694
666.466,0.0666378
1861.99,0.18597
1207.51,0.120746
1204.94,0.120445
828.407,0.0828186
934.152,0.0933824
904.077,0.0901726
1011.19,0.0997691
1338.3,0.133825
530.186,0.0530131
876.229,0.0876081
650.227,0.0649941
735.908,0.0735843
668.985,0.066221
1248.73,0.124795
1350.74,0.135044
1099.51,0.109826
1695.24,0.168898
1403.29,0.140238
855.423,0.0850868
2125.57,0.21231
643.239,0.0642486
1754.66,0.175333
910.188,0.0909809
2242.89,0.224211
1259.26,0.125887
1652.33,0.164677
1086.01,0.10856
732.038,0.0731747
1264.65,0.125817
1233.48,0.123009
784.557,0.0784221
925.59,0.0923595
839.179,0.0838497
2498.22,0.249719
1324.86,0.130817
2132.87,0.212953
1313.93,0.131345
910.14,0.0909589
1020.06,0.10191
2825.45,0.282354
622.968,0.0622966
2949.48,0.290958
4932.48,0.492192
1099.58,0.109956
1560.26,0.155916
1136.92,0.113576
792.989,0.0792927
812.184,0.081207
948.782,0.0948702
3071.06,0.306826
884.97,0.0884424
1162.24,0.116201
559.709,0.0559647
1157.46,0.114972
949.385,0.0948047
1033.93,0.103341
1738.54,0.173715
1001.1,0.0997269
1479.55,0.147435
905.671,0.0905622
6163.23,0.611082
598.62,0.0598576
913.446,0.0913106
1672.55,0.167051
1688,0.168515
987.322,0.0986972
1310.65,0.130769
945.219,0.0944049
1148.89,0.114708
842.628,0.0842417
1280.83,0.126532
2820.37,0.28201
1084.58,0.108343
923.815,0.0922498
1005.14,0.100464
684.188,0.0682696
9610.03,0.956167
594.117,0.0594089
651.89,0.0651718
2706.01,0.269853
1232.81,0.123175
972.06,0.0971864
19026.6,1.90072
897.97,0.0897511
997.515,0.0995361
4115.36,0.411449
2233.5,0.223216
1178.03,0.117619
2991.26,0.298935
621.474,0.0621276
1456.78,0.1456
1458.21,0.145513
2061.27,0.206093
2702.27,0.270062
1269.97,0.126939
1018.07,0.101791
1276.92,0.127389
688.158,0.0688136
775.925,0.0775746
1554.22,0.155409
776.505,0.0776408
1310.67,0.131031
667.731,0.0667403
1165.85,0.116576
1782.84,0.176896
1935.12,0.193357
4020.31,0.401538
1411,0.141077
1274.95,0.127338
1897.19,0.189657
2101.19,0.209953
790.689,0.0790325
1173.57,0.117327
900.606,0.0899156
2289.23,0.228863
2990.56,0.299039
992.109,0.099146
792.415,0.0791622
1786.11,0.178354
7159.08,0.715368
1799.93,0.179765
1400.54,0.139993
3678.22,0.367382
1293.61,0.129323
1587.03,0.158648
501.032,0.0501021
2025.35,0.202521
1124.31,0.112384
1294.57,0.129271
1000.78,0.100023
1063.1,0.106156
3224.9,0.32236
1140.82,0.113885
1236.99,0.123613
517.917,0.0517762
951.512,0.0950899
854.645,0.085452
836.106,0.0835216
943.854,0.0943632
1379.26,0.137901
2521.38,0.251144
667.302,0.0667297
2599.53,0.259696
1155.62,0.115498
2593.51,0.259087
554.516,0.0553988
1072.68,0.10652
852.537,0.0852427
1768.31,0.176729
2049.69,0.204798
1434.95,0.143424
931.062,0.092912
455.753,0.0455033
1264.83,0.126434
2722.94,0.271896
1163.75,0.116264
1169.85,0.116726
1294.69,0.129422
1017.27,0.101721
12084.5,1.20739
4057.6,0.405592
789.371,0.0788902
800.718,0.0799265
1002.29,0.10022
1190.76,0.118885
1528.84,0.152772
2064.82,0.206215
774.777,0.0774719
1252.12,0.125077
1599.9,0.159894
1893.92,0.189374
1270.82,0.127022
835.896,0.08358
735.106,0.0733128
825.432,0.0825149
724.681,0.0724583
2667.39,0.266694
1989.76,0.198909
1748.93,0.172864
1495.89,0.149528
1252.9,0.125257
589.674,0.0589509
1101.75,0.0944587
1297.42,0.129664
1049.45,0.104907
1276.43,0.127636
909.884,0.0909753
1506.16,0.150589
1403.43,0.140306
869.661,0.0868712
1109.6,0.108641
742.923,0.0742882
3531.17,0.352976
567.398,0.0567384
1651.86,0.16518
1138.96,0.113841
725.462,0.0725211
746.765,0.0746275
1858.9,0.185592
1090.78,0.108968
596.877,0.0596615
847.016,0.0846833
1162.9,0.11621
1178.72,0.117849
1039.85,0.103936
590.068,0.0588559
983.109,0.0982882
919.999,0.0919655
852.013,0.085192
1054.05,0.105393
610.686,0.0610611
1388.71,0.138837
932.212,0.0932013
1642.96,0.164175
8103.47,0.809004
1387.38,0.138722
1082.97,0.10828
777.506,0.0776598
1271.42,0.127127
1668.61,0.166642
1984.37,0.198129
1432.77,0.141924
582.023,0.0581788
836.678,0.0836271
1241.28,0.124025
811.818,0.0810081
774.122,0.0770185
1888.86,0.188749
677.767,0.0677235
1383.62,0.138349
971.402,0.0970738
546.923,0.0546734
520.675,0.0520277
1281.6,0.128144
2244.22,0.224312
1511.91,0.151142
578.952,0.0578489
1110.23,0.110999
2422.42,0.241738
1508.96,0.152782
2961.15,0.29565
1260.52,0.125903
1873.14,0.187265
1551.05,0.154996
721.829,0.0721103
1737.61,0.173733
1456.65,0.145561
1485.22,0.148439
796.358,0.079597
1909.79,0.19086
1269.82,0.126943
1074.08,0.107316
4326.09,0.432364
1283.73,0.128275
2546.5,0.254328
898.592,0.0898458
1648.32,0.164616
877.63,0.087747
629.251,0.0629183
917.332,0.0917221
924.707,0.0924203
897.398,0.0897311
627.391,0.0627169
2279.63,0.227576
1012.29,0.101225
1723.98,0.170755
3020.23,0.301077
1612.52,0.16122
2294.74,0.229446
1423.55,0.142306
1868.17,0.186804
705.454,0.0705403
796.253,0.079488
1892.06,0.188836
643.466,0.0643421
3996.38,0.39925
1882.28,0.188099
1047.08,0.104637
795.995,0.0795969
1047.59,0.104727
707.983,0.0707948
2613.77,0.261312
1683.97,0.165268
1434.32,0.143189
1411.44,0.141071
928.401,0.092279
1016.09,0.100377
470.697,0.0470357
979.847,0.0979338
1262.95,0.126245
1574.3,0.157359
1016.47,0.10164
683.355,0.0682566
1048.71,0.104866
1338.19,0.133798
640.395,0.0640224
1329.9,0.132884
1461.59,0.146121
663.299,0.0663264
1006.37,0.100599
692.977,0.0692923
1086.42,0.108536
1621.56,0.161967
4071.54,0.406891
3384.88,0.338082
942.049,0.0941862
1026.7,0.102651
1109.64,0.110873
1467.44,0.146503
1430.77,0.142477
2540.88,0.253965
1182.47,0.118188
1056.71,0.105657
857.515,0.0857281
878.347,0.0877638
735.153,0.0734722
2482.45,0.248019
1821.53,0.182076
1127.05,0.112582
556.575,0.0555907
3628.12,0.362338
1857.68,0.185646
1304.35,0.129111
1916.53,0.191596
1358.68,0.135792
2945.08,0.294375
718.947,0.0718787
1218.54,0.121846
595.835,0.0595823
644.785,0.0643965
1674.22,0.166254
989.461,0.0989186
819.15,0.0819077
1106.54,0.110471
588.87,0.0588769
1281.96,0.12817
1131.35,0.112903
1369.25,0.136887
988.223,0.0987623
2121.77,0.212141
1114.54,0.111258
1183.28,0.118316
2367.19,0.236462
943.597,0.0942865
1070.41,0.107012
1687.86,0.16872
1624.64,0.162372
913.628,0.0912709
1155.08,0.115109
937.787,0.0937735
1597.19,0.159214
835.284,0.0834616
1030.7,0.102932
2028.55,0.202694
1008.63,0.100793
665.353,0.0664767
4992.54,0.498316
1381.04,0.138016
2190.11,0.218791
2329.02,0.232524
2185.55,0.218423
819.537,0.0819402
1163.85,0.116304
703.698,0.0703602
869.627,0.0869068
2198.35,0.219766
1550,0.154954
2874.02,0.287377
1447.19,0.144698
1607.13,0.160537
2295.82,0.22931
891.131,0.0891069
1406.39,0.140485
1139.25,0.113826
481.474,0.0481421
650.197,0.0649995
2138.53,0.213725
2112.67,0.211077
4409.75,0.440194
1744.02,0.172408
1162.21,0.11618
1003.95,0.100233
2536.38,0.253045
1223.76,0.122369
1016.44,0.10154
1026.74,0.102601
1499.71,0.149943
1070.46,0.106981
931.452,0.0930934
996.027,0.0995307
1433.16,0.14298
1222.22,0.122204
1115.13,0.1115
717.901,0.0717853
1107.16,0.110639
1583.98,0.158346
726.305,0.0725789
1968.86,0.196754
1184.08,0.118399
2156.08,0.215553
1087.24,0.108687
726.651,0.0726447
983.214,0.0983181
1748.19,0.174814
1756.37,0.174211
1032.14,0.1032
1101.26,0.110101
922.672,0.0921563
1586.53,0.158541
3279.31,0.327521
3394.19,0.33905
992.519,0.0991946
3316.56,0.331417
1839.51,0.183897
928.854,0.0925013
2198.27,0.219615
1512.13,0.151087
3366.92,0.335857
1434.59,0.142938
1491.44,0.149012
1092.21,0.109213
4554.82,0.45535
23119.2,2.3023
2421.49,0.241386
1159.74,0.11597
977.243,0.0977154
1129.01,0.112895
11852.4,1.18052
1452.1,0.145167
1502.69,0.150128
1672.86,0.167209
2634.42,0.259586
1497.85,0.149675
2989.85,0.298951
2549.87,0.254813
829.741,0.0827584
1153.82,0.115098
706.398,0.0706312
1258.18,0.125795
2131.6,0.213149
757.273,0.075705
1172.5,0.117239
833.863,0.0833579
1980.77,0.198053
860.17,0.0860141
3148.17,0.314549
756.092,0.0754194
5981.8,0.597337
1355.19,0.135474
997.328,0.0996928
1588.49,0.158829
1485.37,0.148528
967.31,0.0967051
1825.63,0.18245
721.513,0.0720976
1969.21,0.196842
1050.68,0.105045
692.249,0.0692147
1115.42,0.111518
1509.2,0.150804
978.653,0.0978442
967.8,0.0967295
835.582,0.0835175
1333.04,0.133243
720.658,0.0720388
562.366,0.0562339
829.267,0.0829167
1081.28,0.108091
872.443,0.0872386
1103.98,0.110313
1695.13,0.169424
858.909,0.085823
984.086,0.0984037
1144.33,0.114425
623.773,0.0623078
5008.29,0.500583
641.182,0.0640753
1085.09,0.108481
805.006,0.080494
1905.67,0.190384
922.621,0.0921452
670.573,0.0670485
1155.8,0.115567
1046.45,0.104625
1907.6,0.190728
738.439,0.0738378
3953.3,0.395209
809.924,0.0809778
1451.57,0.145134
1220.97,0.122044
1382.83,0.138204
2646.38,0.264041
3993.65,0.398944
1132.47,0.113166
643.382,0.0643049
959.666,0.0959634
1797.85,0.17975
2101.31,0.209808
1983.12,0.198032
1041.91,0.104007
1166.82,0.116516
893.013,0.0892274
1851.34,0.18509
958.175,0.0958103
1355.62,0.135453
1603.99,0.160383
2450.26,0.244808
1320.57,0.13192
771.929,0.0770616
1767.38,0.17666
858.112,0.0857402
1380.08,0.137985
1791.58,0.179129
721.256,0.0720969
1059.73,0.105826
790.543,0.0789606
19475.4,1.94323
1345.72,0.134545
439.254,0.0439179
957.245,0.0955058
1645.63,0.164531
1495.25,0.149311
897.173,0.0896832
1140.53,0.114042
1381.79,0.138026
2035.18,0.203491
1127.07,0.112705
1241.93,0.12413
1004.16,0.100327
641.056,0.0641018
1006.51,0.100626
956.353,0.0954265
914.598,0.0914232
906.723,0.0906582
1045.16,0.104407
920.363,0.0920248
1697.09,0.169543
1494.96,0.149491
2566.5,0.256102
1021.92,0.10207
760.98,0.0760799
2003.48,0.200042
1148.63,0.114829
994.415,0.0994121
902.607,0.0902564
1292.14,0.129186
829.695,0.0829594
9017.2,0.901189
923.57,0.0919405
780.938,0.0780892
2319.81,0.231887
1186.27,0.118611
809.945,0.0808905
2232.41,0.222154
1235.88,0.123541
2406,0.240549
906.581,0.0906391
928.371,0.0928245
713.31,0.0713248
1328.96,0.132619
427.214,0.0427206
4076.67,0.407513
1605.35,0.15968
1141.25,0.114112
1511.56,0.151134
3824.21,0.382287
728.736,0.0728359
2032.07,0.202193
760.097,0.0759999
2325.9,0.232553
658.906,0.0658808
1160.13,0.115921
1242.89,0.124253
676.931,0.0676794
946.329,0.0944867
1301.43,0.130134
13513.7,1.34773
927.982,0.0925712
618.247,0.0613615
1013.56,0.101335
1527.24,0.152608
1339.44,0.133912
1251.59,0.125101
1055.18,0.105513
1143.78,0.114234
1272.75,0.12721
2773.4,0.277143
2925.52,0.292318
1010.26,0.101003
892.423,0.0892352
1092.16,0.109057
851.236,0.0851006
1181.92,0.117519
2558.95,0.255195
1487.73,0.148763
1411.28,0.141084
1129.13,0.112884
1744.47,0.17438
953.582,0.0953156
726.325,0.0700817
881.381,0.0881289
985.441,0.0985256
884.549,0.0883965
785.425,0.0785393
7623.39,0.760329
623.574,0.0623357
2445.74,0.244546
1179.12,0.117908
1950.16,0.194748
1817.28,0.181217
1664.25,0.166353
1062.39,0.106232
1598.25,0.15974
1194.04,0.11934
1148.7,0.114328
1606.98,0.160675
2127.73,0.212703
1150.43,0.11503
1387.75,0.138726
785.642,0.0785465
4607.04,0.460404
1035.31,0.103484
1723.99,0.172347
3186.93,0.31832
771.528,0.0771367
985.38,0.0983281
3476.14,0.347528
682.434,0.0682382
1800,0.179224
1437.73,0.143646
792.102,0.0792055
985.104,0.0984907
2943.72,0.293876
646.752,0.064661
1896.97,0.189565
2299.06,0.22985
882.979,0.0882805
2537.05,0.253563
1397.03,0.139647
1492.65,0.149204
931.323,0.0931184
548.506,0.0548496
1287.38,0.12872
646.774,0.0646694
1371.94,0.137071
2065.59,0.206498
2475.63,0.247515
894.668,0.0894532
666.651,0.0666542
5689.48,0.568663
687.795,0.0687738
850.03,0.0849937
1118.79,0.111737
2768.57,0.27666
22097.4,2.20401
1078.58,0.107852
919.072,0.0918473
1234.65,0.123254
1515.71,0.151553
800.23,0.0798996
20718,2.05401
824.16,0.0822137
982.45,0.0982133
3063.14,0.306262
1081.03,0.108067
710.017,0.0709847
939.137,0.0938934
1389.77,0.138752
1064.43,0.106301
984.564,0.0984336
568.366,0.0568324
905.776,0.0905325
1854.91,0.185072
1122.15,0.11216
1006.72,0.0869882
1717.18,0.171663
873.786,0.0873704
3549.08,0.354542
908.687,0.0908298
1500,0.149771
1679.83,0.167948
955.404,0.095538
1074.53,0.106853
3314.2,0.331271
4198.35,0.419718
955.361,0.0955112
826.962,0.0826724
2669.34,0.266864
835.63,0.0834463
2542.01,0.244796
1165.24,0.1163
1256.43,0.125515
1636.97,0.163579
925.144,0.0923829
2175.57,0.216068
16759.5,1.65499
820.88,0.0820005
2187.96,0.217073
1315.24,0.131368
1791.95,0.179185
3518.45,0.547187
9137.32,0.912294
8022.79,0.800485
828.228,0.0827889
1464.11,0.146272
1382.19,0.138163
1676.96,0.16766
979.458,0.0978596
1112.73,0.111252
1936.37,0.193622
823.527,0.0823243
1244.18,0.124223
1351.75,0.13507
2704.7,0.270322
3943.73,0.394209
901.559,0.0894569
1834.53,0.183371
1849.96,0.184446
1454.64,0.145445
994.149,0.0994073
580.067,0.0579206
1261.44,0.1261
654.302,0.0654191
1343.16,0.133964
865.393,0.0865142
772.066,0.0771999
2667.7,0.266555
1617.94,0.161674
1302.31,0.130218
1043.84,0.104281
2020.36,0.201941
685.14,0.0685022
1027.53,0.102751
1240.74,0.124069
606.911,0.0606886
1051.12,0.105025
781.062,0.0781005
1384.93,0.13849
973.396,0.0971853
548.729,0.0548591
1035.48,0.103542
1197.99,0.119539
2988.22,0.298647
2493.49,0.249189
1693.62,0.16891
831.534,0.0829616
1175.07,0.117144
1043.01,0.104258
875.748,0.0875334
1080.77,0.10799
1119.93,0.111927
2352.18,0.235085
1095.09,0.109449
400.643,0.0400608
1018.07,0.101793
943.909,0.0943704
1316.55,0.131606
1146.86,0.114642
3031.27,0.302873
1149.34,0.114801
985.422,0.0985338
1087.37,0.108593
1285.76,0.128241
1040.37,0.104
1288.23,0.12872
808.862,0.0807996
729.935,0.0729743
1664.15,0.166408
1230.92,0.123071
834.439,0.0834076
1245.78,0.124562
1072.81,0.10726
2210.13,0.220987
963.812,0.0963596
1186.42,0.118626
1046.14,0.104412
732.188,0.0732162
908.281,0.0908211
1640.59,0.163813
2921.13,0.292042
1869.31,0.186873
1033.14,0.103312
2044.84,0.203838
926.477,0.0917773
1770.43,0.177022
1438.8,0.143817
3360.19,0.335931
6762.3,0.675767
1298.32,0.129798
915.54,0.0915525
3661.44,0.365858
1373.2,0.137236
1012.98,0.101277
1281.36,0.128131
4420.33,0.440965
2119.47,0.211709
1056.95,0.105324
1666.48,0.166599
948.334,0.0948303
725.124,0.0724716
803.108,0.0802914
1092.56,0.109238
733.174,0.0732593
6743.47,0.671935
2552.04,0.254996
638.747,0.0638675
1359.95,0.135908
974.719,0.0974611
781.508,0.0781416
1031.44,0.103123
3638.14,0.363443
1040.51,0.10388
465.35,0.0464878
747.892,0.0747788
760.646,0.0760603
1367.82,0.136776
1198.25,0.119804
1028.84,0.102858
1266.59,0.126617
751.69,0.0751418
681.35,0.0681328
2054.16,0.205274
715.115,0.0713977
18497.9,1.80789
546.999,0.0545425
1241.62,0.123787
1379.91,0.137969
1009.37,0.100917
1309.01,0.13089
1857.88,0.185781
576.408,0.0576374
1414.28,0.141324
955.053,0.0954195
1660.9,0.165987
2051.78,0.205134
1138.06,0.113741
1263.99,0.126259
969.971,0.0969733
999.158,0.0999019
1859.62,0.18593
934.789,0.0930886
834.807,0.0834571
1899.48,0.189769
1737.5,0.173443
889.574,0.0888027
2424.21,0.242339
1441.82,0.144132
1221.19,0.122024
1297.71,0.129736
2191.18,0.219111
707.641,0.0707248
970.069,0.0969877
1237.84,0.123562
1729.67,0.17291
1100.95,0.110085
799.39,0.0799241
816.227,0.0816043
604.412,0.0603306
726.894,0.0725195
1526.87,0.152057
1003.23,0.100304
3027.79,0.301906
1303.43,0.130324
688.673,0.068844
1258.38,0.125701
1048.26,0.104503
1607.71,0.160757
998.411,0.0998244
764.429,0.07635
1907.03,0.190681
1457.01,0.145609
1195.5,0.119542
805.408,0.0803559
1195.71,0.119551
959.902,0.0949225
2123.25,0.212196
1412.59,0.141156
1686.85,0.16854
960.72,0.0960073
868.752,0.0868426
3878.16,0.387097
860.947,0.0859138
1189.83,0.117903
1214.05,0.120992
2419.76,0.241959
3234.46,0.320739
951.858,0.0951621
1573.13,0.157233
781.431,0.0779911
1414.28,0.141419
1229.07,0.122803
1480.25,0.147872
1109.83,0.110958
1127.1,0.112692
1007.84,0.100753
1375.5,0.137512
562.414,0.0562292
1197.68,0.119399
925.564,0.0925495
933.149,0.0931912
2127.68,0.212675
1081.84,0.108074
1024.46,0.102416
2465.23,0.246424
934.865,0.0927488
1617.33,0.161501
881.761,0.0881223
1197.62,0.119707
940.796,0.094075
959.03,0.0958951
825.17,0.0825073
666.258,0.0666007
604.009,0.0603627
772.863,0.0772728
839.229,0.0839188
1295.89,0.129509
893.564,0.089345
1188.12,0.118797
954.241,0.0954125
933.194,0.0932596
1153.19,0.115306
1240.32,0.124011
861.358,0.0861093
617.6,0.0617458
2997.05,0.29951
1222.55,0.122252
1011.57,0.101042
1357.16,0.130831
1472.14,0.146768
741.646,0.0741335
1435.98,0.143538
2520.27,0.251938
829.589,0.0829265
1142.9,0.114224
876.468,0.0872743
4133.4,0.412709
1353.38,0.135255
2066.62,0.206616
1459.53,0.145891
1007.65,0.100751
884.165,0.0883771
1124.76,0.112401
757.463,0.0757297
1235.65,0.122576
1763.39,0.176283
806.42,0.0806379
847.116,0.0846411
1876.43,0.187548
882.271,0.0882183
927.283,0.0926099
1067.07,0.106647
823.807,0.0823735
2325.9,0.232353
962.289,0.0943228
958.313,0.0958186
1543.3,0.154062
1258.23,0.125791
2021.65,0.202077
1210.05,0.120838
3623.42,0.361664
1056.51,0.10564
1006.62,0.100594
2717.99,0.271598
714.557,0.0714535
2948.77,0.294606
1266,0.126591
954.327,0.095384
1753.16,0.175253
734.304,0.0734176
914.643,0.0914442
692.961,0.0692705
809.001,0.0808251
952.271,0.0952131
1144.59,0.114429
1261.12,0.125611
1637.75,0.163699
1568.51,0.156804
822.213,0.0821374
1457.04,0.144652
1925.07,0.19246
773.023,0.0770892
1829.72,0.18277
1253.57,0.125179
1062.48,0.106204
1801.05,0.179761
1250.18,0.125002
988.323,0.0987902
1197.46,0.119569
1052.59,0.105234
1224.81,0.122432
1499.79,0.14968
1868.42,0.186813
1704.42,0.170136
3606.3,0.359826
846.179,0.0834771
880.398,0.0878999
1982.18,0.198093
2092.18,0.208961
1366.26,0.136598
1470.96,0.147066
722.784,0.0721066
1333.92,0.133356
3729.6,0.37256
2205.97,0.220497
989.624,0.0989397
1287.02,0.128676
749.657,0.0749643
7681.89,0.767458
1789.11,0.178865
551.544,0.0551491
1302.96,0.13021
3134.48,0.31319
5899.39,0.589199
1479.98,0.147932
1077.67,0.107734
801.835,0.0798912
697.751,0.0697707
5507.84,0.549321
974.289,0.0973425
595.78,0.0594951
1165.56,0.116523
1444.18,0.143925
1241.38,0.124122
800.798,0.0800482
754.46,0.0754392
625.412,0.0625171
706.342,0.0705708
985.78,0.096745
1039.66,0.1038
3747.7,0.374698
1237.79,0.123624
983.101,0.0982991
1260.18,0.125965
690.69,0.0690573
1423.32,0.14232
1534.42,0.153412
1630.71,0.16303
950.557,0.0950462
787.181,0.0787097
582.773,0.0582471
4157.67,0.415359
1385.07,0.138273
1119.53,0.111204
6799.66,0.679731
937.831,0.0937816
788.624,0.0788589
1574.43,0.157372
2273.64,0.227346
779.314,0.0779303
2330.38,0.232899
674.893,0.0674716
1413.09,0.141268
1057.28,0.1057
1247.54,0.124612
2521.27,0.252031
1066.3,0.106486
1394.85,0.139459
789.481,0.0789044
875.382,0.0875166
1026.43,0.102592
1006.69,0.100547
2651.65,0.264907
2393,0.239266
1217.41,0.12164
1473.81,0.147226
1775.34,0.17717
5705.59,0.569667
1197.68,0.117647
693.075,0.0692999
760.515,0.0760035
1280.86,0.128071
1091.69,0.109155
1326.9,0.132684
768.385,0.0768146
1999.18,0.199602
1465.53,0.146429
1330.46,0.133022
1599.76,0.15991
840.74,0.0839071
1759.48,0.175927
1507.53,0.150642
2388.45,0.238781
1086.97,0.105543
608.203,0.0607257
1815.32,0.181492
827.177,0.0826586
1608.85,0.16084
5574.39,0.556467
13903.9,2.85443
1207.56,0.12073
777.521,0.0777412
1070.29,0.107017
1098.85,0.109815
683.506,0.0683219
1162.66,0.116215
1283.01,0.12803
1010.06,0.100989
739.428,0.0739382
1484.8,0.148467
1885.84,0.188565
1966.4,0.196109
627.67,0.0627539
801.194,0.0801005
832.132,0.0831972
881.036,0.0880885
1147.86,0.11477
1380.09,0.137931
1276.61,0.127618
1694.48,0.169424
838.741,0.0838702
4347.29,0.434
743.907,0.0743611
7079.94,0.705306
782.127,0.0782099
2034.48,0.202833
1149.09,0.114819
2283.92,0.228288
2410.08,0.240875
1740.06,0.173919
2772.72,0.2771
2303.57,0.230345
753.777,0.0753733
1021.12,0.102001
2369.44,0.236887
966.341,0.0965279
4132.79,0.412199
805.962,0.0805468
448.041,0.0437288
660.443,0.0660243
1087.71,0.108721
1810.6,0.181022
1171.08,0.117103
896.327,0.0896225
887.619,0.0887168
804.259,0.0803922
1307.19,0.130654
1809.7,0.180747
777.679,0.0777633
1314.46,0.13141
865.549,0.0865525
746.196,0.0746046
639.894,0.0639037
2126.62,0.212495
3996.7,0.399514
1401.99,0.140048
1531.15,0.152975
2162.82,0.216122
6053.32,0.594101
1370.25,0.136817
1545.42,0.154403
11799.2,1.16818
752.909,0.0752788
1141.15,0.113897
921.859,0.0921824
2047.42,0.204683
2492.06,0.249013
1334.96,0.133448
1421.64,0.142139
2138.23,0.21372
1050.57,0.105049
1299.75,0.12997
3195.47,0.319016
3939.77,0.393714
927.106,0.0926984
5301.68,0.528964
1900.89,0.190024
1015.47,0.10154
1528.17,0.152637
1813.19,0.181053
1017.88,0.101749
1453.91,0.145255
941.116,0.093954
1122.29,0.112201
1143.69,0.114334
788.314,0.0788276
1915.37,0.191503
1357.01,0.135672
1309.09,0.130898
3871.82,0.386049
803.841,0.0802793
1034.9,0.103481
1033.4,0.103302
952.433,0.0952228
770.932,0.0770364
1126.31,0.112332
1173.44,0.11732
1682.93,0.16817
880.075,0.087999
824.489,0.082444
2006.93,0.200269
858.855,0.085838
1100.07,0.109978
778.187,0.0778063
1236.69,0.123221
1128.71,0.112854
720.835,0.0720805
2040.19,0.203975
1097.84,0.109778
1187.04,0.118641
1220.56,0.122043
1080.81,0.107809
1307.18,0.13071
3040.35,0.304
1184.09,0.118401
820.223,0.0820036
1134.35,0.1133
1123.61,0.112322
601.368,0.0601297
429.233,0.0428655
1500.96,0.15009
605.705,0.0605489
1038.61,0.103789
4234.12,0.422889
1269.81,0.126961
553.198,0.055319
1945.69,0.194434
693.623,0.069313
1256.68,0.125601
1593.39,0.15913
1466.93,0.14666
2528.42,0.252683
934.25,0.0934093
1676.38,0.167572
1334.55,0.133355
1453.36,0.14532
1465.74,0.146555
1182.49,0.118187
1539.03,0.153895
1372.19,0.137141
2253.41,0.225284
1732.03,0.173048
1049.82,0.104953
616.449,0.0616207
1404.48,0.140272
1243.99,0.124387
1217.88,0.121353
1779.71,0.177913
1196.39,0.119493
1593.04,0.159297
2402.87,0.239615
754.274,0.0754052
901.18,0.0898743
2718.43,0.271781
690.474,0.0690282
3150.79,0.314123
1529.24,0.152709
672.82,0.0672738
879.897,0.087981
1040.04,0.103941
987.367,0.0986848
1128.55,0.112812
1360.39,0.135959
593.659,0.0593628
1935.61,0.193463
1534.68,0.153351
1486.98,0.148677
2739.42,0.273809
884.154,0.0883882
972.055,0.0971901
889.958,0.0889655
1429.83,0.142826
985.39,0.0984866
866.678,0.0864827
3382.54,0.337429
1062.11,0.106143
748.582,0.0747892
3392.63,0.339128
2759.43,0.275877
1261.02,0.126083
633.259,0.0633074
1232,0.123134
6131.08,0.610981
1421.73,0.142168
8836,0.878309
1376.15,0.13761
1188.09,0.118789
1019.72,0.101929
1247.59,0.126749
815.739,0.0815406
1579.87,0.157882
1033.15,0.103289
1373.35,0.137014
1374.6,0.137443
952.714,0.0952646
857.323,0.0857277
1097.9,0.109747
1599.34,0.159819
923.155,0.0922646
1148.32,0.114742
865.66,0.0865181
1009.58,0.0998911
1496.79,0.149607
787.724,0.0786044
1087.2,0.108665
1747.31,0.174236
1098.01,0.109797
1856,0.185562
710.42,0.0710367
2306.18,0.23049
2851.59,0.284876
2015.25,0.201397
950.83,0.0950218
3061.02,0.305749
1164.69,0.116455
1063.7,0.106351
2451.27,0.245048
13775.8,3.45781
989.659,0.0989198
938.111,0.093784
764.519,0.0764347
1312.29,0.131186
3531.66,0.352905
1369.66,0.136933
1069.29,0.106912
773.691,0.077366
974.277,0.097425
1773.35,0.177218
1253.87,0.125377
2030.41,0.202973
1380.62,0.138015
1647.54,0.162758
1835.2,0.183451
971.085,0.0970977
759.036,0.0758914
1416.06,0.141573
1835.81,0.183478
970.408,0.0969983
1420.39,0.142021
1289.02,0.12886
1705.61,0.170489
2097.32,0.20953
2070.72,0.207019
1076.13,0.107589
2031.1,0.203074
1469.37,0.146887
1355.96,0.13526
1633.34,0.163192
1013.36,0.101186
1750.91,0.175067
963.366,0.0963261
18737.4,1.86837
968.607,0.0968327
815.799,0.0815718
1151.01,0.114982
737.331,0.0737043
930.156,0.0907497
738.539,0.0737
777.565,0.0777124
1888.29,0.188785
1385.36,0.138528
1125.3,0.112528
2085.32,0.208514
3884.04,0.388344
1034.39,0.103355
1105.55,0.110504
895.13,0.0894958
1171.97,0.117169
598.77,0.0598699
954.875,0.0954388
858.44,0.085793
1813.52,0.179759
1220.78,0.121558
1135.76,0.113573
2005.07,0.200479
1288.32,0.128818
908.282,0.0906452
1074.06,0.10736
2433.95,0.243171
1237.33,0.123646
885.621,0.0884677
558.419,0.0557945
1113.17,0.111269
936.341,0.0936003
652.993,0.0652737
874.793,0.0861053
958.708,0.0958675
2841.06,0.283703
1296.88,0.129668
859.512,0.0858931
913.886,0.0913749
4445.1,0.443983
786.964,0.0786334
727.536,0.0726189
1021.07,0.102084
1720.89,0.171946
1761.96,0.176157
1603.19,0.160265
1913.89,0.191234
782.798,0.0776376
851.894,0.0851612
1083.69,0.108357
1506.8,0.150667
1640.66,0.16389
2711.72,0.270942
978.84,0.0978818
1033.72,0.103337
717.354,0.0717326
1215.52,0.121519
798.262,0.0797317
806.498,0.0805025
1502.39,0.149987
1090.92,0.109029
1217.79,0.121711
1449.99,0.144943
1404.18,0.140391
3370.24,0.336853
2759.54,0.275804
1385.47,0.138518
497.928,0.0496529
1801.42,0.18011
1442.51,0.14415
1138.04,0.113644
1581.2,0.157424
636.268,0.0635014
1190.22,0.118989
715.031,0.0714201
1061.42,0.106134
7600.62,0.756792
4914.66,0.491279
1241.62,0.124132
2104.84,0.210388
1508.82,0.150836
960.342,0.0960037
1149.08,0.114811
717.786,0.0717699
8589.07,0.857868
995.829,0.0995432
2335.81,0.233429
1368.09,0.13675
839.159,0.0839035
3371.57,0.336961
865.762,0.0864229
978.442,0.0978225
5393.92,0.527714
2263.99,0.226371
3183.75,0.317409
1117.4,0.111647
1957.24,0.195702
1741.18,0.174066
591.048,0.0590924
1116.12,0.111554
610.288,0.0610265
768.442,0.0768408
918.119,0.0918072
1076.18,0.107607
1112.5,0.111201
889.761,0.0889444
2786.53,0.278556
1212.56,0.12075
1369.29,0.136897
748.608,0.0748457
1133.6,0.113328
1032.81,0.103217
1831.7,0.182734
1178.88,0.117794
661.301,0.0660916
938.79,0.0938566
1095.59,0.109523
1120.22,0.112005
921.089,0.0920906
9988.42,0.996909
2567.11,0.255825
1451.06,0.145088
2392.33,0.239212
1281.2,0.128096
1589.14,0.158873
1194.27,0.119056
886.751,0.0886565
1477.36,0.147721
2628.53,0.262819
4936.56,0.492969
916.765,0.0916382
952.381,0.0952205
618.727,0.0617721
1027.29,0.102693
844.251,0.0844188
2828.24,0.282726
984.361,0.0984254
689.218,0.0688284
643.922,0.064343
4540.21,0.45386
24010.4,2.37517
1543.58,0.141565
813.919,0.0813475
704.658,0.0704225
2011.05,0.201048
1688.53,0.168836
2310.36,0.230404
1938.17,0.193643
915.347,0.0915251
840.107,0.0839919
1214.13,0.122533
4095.61,0.408523
3180.02,0.317554
4067.2,0.406545
1116.02,0.111584
1499.04,0.149886
867.375,0.0864428
801.591,0.0799646
774.837,0.0774619
1395.48,0.136118
1649.3,0.164898
1422.22,0.142188
908.756,0.0907528
774.099,0.077303
1714.26,0.171205
828.644,0.0828345
1060.49,0.106043
1106.3,0.110556
1386.42,0.138625
1000.05,0.0997369
1397.21,0.139637
1038.49,0.103847
851.787,0.0850943
1227.12,0.122669
875.136,0.0864414
950.167,0.094986
754.778,0.0754388
1104.13,0.110407
523.178,0.0523155
1601.28,0.159931
1374.19,0.137296
757.586,0.0754747
1363.07,0.136224
825.854,0.0825514
1309.3,0.130731
782.124,0.0781379
3151.69,0.314257
2247.64,0.224708
915.473,0.0914837
830.923,0.0830078
1326.99,0.12896
629.638,0.0629213
1089.57,0.108949
1097.71,0.109765
692.933,0.069261
938.893,0.0936558
2092.2,0.209177
853.827,0.0853595
821.457,0.0821387
3484.88,0.348158
1321.82,0.132156
4643.83,0.462576
974.708,0.0974547
645.337,0.0645002
1184.94,0.118412
865.129,0.0864991
3257.35,0.324767
1369.03,0.136861
654.256,0.0649522
1028.07,0.102749
4439.75,0.443558
1722.95,0.172277
583.301,0.058313
2241.92,0.224142
661.92,0.0661645
1210.18,0.12101
1988.88,0.198407
1955.3,0.195256
1354.48,0.135367
1177.36,0.117671
836.997,0.0836293
1247.26,0.124715
1114.56,0.111382
1267.14,0.126581
875.448,0.0874951
1288.21,0.128813
990.988,0.0990903
1229.3,0.1229
719.011,0.0718227
1774.68,0.177386
3252.96,0.325162
973.354,0.0973148
1314.08,0.131204
1810.48,0.181012
1100.44,0.110027
1036.75,0.10366
1040.5,0.104042
1790.9,0.179013
939.351,0.0937272
1212.39,0.121237
1156.47,0.113976
627.258,0.0627246
968.136,0.0960948
1946.58,0.194601
861.545,0.0855074
4443.59,0.443823
1724.83,0.172442
1977.28,0.197703
1587.18,0.158615
801.301,0.080128
983.759,0.0983738
1697.35,0.169722
4769.15,0.476491
617.4,0.0617373
1117.48,0.111734
610.189,0.060513
1624.87,0.162378
1461.22,0.145494
700.374,0.0699523
1270.51,0.127045
1406.19,0.14039
7272.69,0.726555
1600.59,0.160004
1188.24,0.118806
2152.37,0.215188
705.442,0.0703719
1045.41,0.104465
1151.5,0.115128
1474.83,0.146542
1360.39,0.135957
776.198,0.0776034
1706.72,0.170639
1120.23,0.111998
970.017,0.0969591
1025.05,0.1023
1503.4,0.150335
2480.29,0.247853
2312.44,0.231136
692.82,0.0692807
866.716,0.086669
1029.71,0.102608
7151.37,0.704559
889.313,0.0889091
1008.49,0.100726
1106.91,0.110284
2720.91,0.272002
1338.44,0.133763
758.355,0.0756588
2691.78,0.26403
1427.38,0.142728
1449.49,0.144926
928.681,0.0928548
866.414,0.0865997
800.957,0.0800857
687.071,0.0686159
4268.68,0.41271
895.899,0.0895071
793.896,0.0793645
1860.35,0.186009
1133.61,0.113345
871.588,0.0871578
1128.07,0.112787
1187.03,0.118117
1029.03,0.102813
1004.75,0.100462
718.215,0.0717913
1262.22,0.126199
1657.88,0.165729
1271.97,0.127189
2207.77,0.220758
886.91,0.088583
872.849,0.0872098
1869.22,0.186913
856.678,0.0854512
1712.37,0.171126
1908.23,0.190655
788.326,0.0787944
708.639,0.0708515
1222.1,0.122199
1128.79,0.112869
812.186,0.0812025
1178.35,0.117804
822.209,0.0820134
760.267,0.0759865
756.097,0.0755919
1242.95,0.124176
2554.51,0.255269
8706.78,0.870459
1296.7,0.129662
2877.32,0.287562
1240.83,0.123867
546.085,0.0545907
594.306,0.0594197
3362.51,0.335696
1763.29,0.176288
712.257,0.0712157
2085.08,0.208472
950.227,0.0941196
1068.38,0.10677
3911.53,0.390074
1361.43,0.136121
803.52,0.0803051
1416.89,0.141633
5886.86,0.587827
603.856,0.060377
899.668,0.0898624
3223.2,0.322289
892.756,0.0892603
1740.96,0.174018
1962.88,0.186768
1086.9,0.108575
9198.7,0.916497
895.03,0.0894969
1151.11,0.115085
973.497,0.0973148
1152.95,0.11527
1424.64,0.142422
1771.45,0.176706
1139.57,0.113612
881.312,0.0881279
1384.68,0.138395
2142.1,0.214142
1364.04,0.136399
1218.51,0.121639
795.595,0.0795483
1292.89,0.129103
999.669,0.0999424
641.402,0.0641288
589.013,0.058887
1525.71,0.152457
1349.09,0.134882
932.89,0.0932442
1442.08,0.143881
3392.25,0.339152
4881.95,0.487908
1585.06,0.158497
1111.1,0.111065
763.51,0.0763425
906.558,0.0905463
3246.71,0.324226
1881.86,0.188161
785.079,0.0780486
1032.46,0.103206
1143.71,0.114346
1228.95,0.122749
788.055,0.0787997
898.875,0.0897434
879.985,0.0879891
1293.08,0.129298
3433.63,0.342947
1216.05,0.121463
1672.48,0.167208
732.859,0.0732489
1167.93,0.116589
1214.3,0.12131
829.818,0.0829114
801.505,0.0800977
864.461,0.0863425
2493.54,0.248496
981.479,0.0981418
1618.3,0.161482
2105.8,0.210508
2648.37,0.264707
2878.12,0.28755
2076.49,0.207524
1176.09,0.11759
997.303,0.0996292
678.646,0.0678626
945.299,0.0944835
1961.17,0.196063
1392.96,0.13926
1001.61,0.100146
1082.14,0.1082
3853.79,0.384519
1234.72,0.123434
1575.94,0.157558
1111.43,0.111134
1203.98,0.120376
1715.89,0.171572
1602.09,0.160156
1628.93,0.1623
2477.6,0.247722
1130.29,0.112755
1057.26,0.105706
1933.49,0.193311
1857.49,0.185721
1875.72,0.187236
741.099,0.0741035
932.825,0.0931478
2334.39,0.233342
1033.28,0.103291
1300.4,0.130022
978.426,0.0976744
861.363,0.0861099
1541.89,0.154078
1387.91,0.138745
1194.06,0.119372
1044.99,0.10424
801.595,0.0800567
1687.04,0.16864
836.808,0.0836086
15532,2.96705
1037.55,0.103728
1621.93,0.16218
923.49,0.0923047
982.871,0.098279
2233.12,0.223087
2388.82,0.238861
1370.63,0.137041
1247.95,0.124775
781.846,0.0780885
1336.81,0.13366
1599.9,0.121231
1399.09,0.139738
868.782,0.0868706
593.355,0.0592976
857.497,0.0856479
1237.23,0.123711
1538.42,0.153826
2485.77,0.248468
1166.68,0.116618
2373.97,0.237307
1221.44,0.121935
1476.04,0.147289
1566.24,0.156604
1224.31,0.122414
1232.8,0.123227
1615.62,0.161545
933.165,0.0932928
787.196,0.0787094
2028.4,0.202509
837.881,0.0837866
1227.48,0.122544
2297.03,0.229569
1123.45,0.112295
1037.45,0.103734
485.376,0.0485339
1187.2,0.118542
2419.45,0.241885
963.277,0.0963012
963.469,0.0962957
1466.48,0.146317
1001.6,0.10015
1094.85,0.109289
2259.01,0.225644
893.453,0.0893371
812.488,0.0812427
1072.63,0.107262
7516.16,0.750605
1850.71,0.184639
1525.38,0.152426
1008.83,0.100726
1023.17,0.102307
5651.9,0.564779
1764.67,0.176444
820.198,0.0819647
976.764,0.0976538
831.22,0.083118
1282.32,0.128019
529.12,0.0528822
3226.34,0.322558
1755.05,0.175484
1080.78,0.108045
884.065,0.0884043
8080.17,0.806471
762.939,0.0762722
1040.38,0.103999
2426.88,0.242599
831.812,0.0831109
1235.21,0.123487
923.986,0.0923959
997.516,0.0996915
961.817,0.0959891
1465.28,0.14642
1292.08,0.12902
1386.28,0.138314
1119.55,0.111698
996.492,0.0996259
466.263,0.0466235
947.255,0.0945122
1457.63,0.145716
1054.06,0.105385
18432.5,1.83921
782.381,0.0763947
1555.35,0.155471
1607.42,0.160731
2169.08,0.216795
1327.97,0.132769
849.936,0.0849761
2682.68,0.267403
2448.18,0.244798
1099.1,0.109899
2827.75,0.282606
4317.18,0.430814
1533.53,0.153293
1047.95,0.104778
2545.16,0.254496
847.154,0.0847112
3836.45,0.38346
829.776,0.0829448
1530.17,0.152853
1185.05,0.118472
786.476,0.0786469
885.973,0.0885452
937.883,0.093743
664.997,0.0664095
934.15,0.0933803
1050.4,0.105035
1856.41,0.182879
3968.82,0.396792
1761.48,0.17589
479.516,0.0479497
1991.79,0.199021
1064.21,0.106413
3575.57,0.35513
1252.05,0.125115
966.38,0.0965778
1695.99,0.169195
1313.58,0.131264
1856.8,0.185601
2225.89,0.222545
768.422,0.0768301
1072.37,0.107072
7144.78,0.712929
1030.76,0.103017
715.252,0.0714983
1520.04,0.151949
1045.99,0.1043
1046.64,0.104547
1311.74,0.13094
825.131,0.0824811
1344.29,0.134338
1621.13,0.161873
989.606,0.0987506
1104.58,0.110452
2814.31,0.281367
1968.98,0.196827
1083.71,0.108369
869.308,0.0868697
746.579,0.074651
1308.63,0.130593
899.904,0.0899727
980.719,0.0979975
1179.86,0.117915
876.675,0.0875514
1130.24,0.113
1449.73,0.120987
560.926,0.0560511
635.453,0.0634555
898.026,0.0896357
2292.41,0.229104
1820.14,0.181989
783.096,0.0783041
1394.74,0.139329
2514.48,0.25125
933.201,0.0933043
1933.07,0.193242
8625.9,0.861186
1297.5,0.12968
910.521,0.0910318
2002.66,0.200192
1127.03,0.112391
1316.59,0.131607
413.535,0.0413401
1289.62,0.12895
1535.78,0.153556
1811.73,0.180869
2512.03,0.25099
2348.46,0.234831
813.65,0.0813016
605.75,0.0604837
2129.77,0.21294
836.614,0.0836394
624.914,0.0624614
1234.6,0.123422
1853.85,0.18531
3225.66,0.321296
1222.43,0.12224
1531.49,0.152732
1298.85,0.129792
1242.9,0.124261
2445.73,0.244486
1443.79,0.144371
1194.9,0.119417
924.613,0.0923431
974.908,0.097435
1000.61,0.100043
954.481,0.0954372
1432.07,0.143183
1203.03,0.120112
785.776,0.0785374
3546.87,0.354318
795.184,0.0795042
960.876,0.0959625
806.831,0.0806608
1035.45,0.103004
657.275,0.0656472
1187.32,0.118404
977.356,0.0977121
869.365,0.086934
718.703,0.071851
3892.05,0.388975
932.343,0.0932195
1458.07,0.145759
1789.89,0.17894
7827.55,0.780617
1717.42,0.171718
2076.75,0.207599
2629.81,0.238463
747.159,0.0747034
1211.38,0.121104
3105.54,0.310426
1152.1,0.114422
1079.7,0.107942
2136.53,0.213422
832.188,0.0832013
1111.09,0.111091
1062.38,0.106219
734.133,0.0732843
1689.28,0.1689
840.95,0.0840799
924.371,0.092379
1727.6,0.172737
1172.48,0.117239
1852.5,0.1852
2055.81,0.204992
5308.03,0.530065
947.845,0.0947488
1626.22,0.162558
1366.62,0.136645
944.463,0.0944367
1482.93,0.148271
1502.11,0.150181
1895.2,0.189038
867.963,0.0867388
2154.68,0.215412
1468.78,0.146717
1868.99,0.186869
645.702,0.0641994
2644.91,0.26441
1418.44,0.141606
3733.23,0.372338
14949.9,4.36876
1541.43,0.154118
646.922,0.0646547
2413.19,0.241169
991.574,0.0990843
485.705,0.0484314
1275.39,0.127276
2251.4,0.224578
2007.9,0.200735
1526.86,0.152598
1397.59,0.13973
992.589,0.0992137
1479.89,0.14796
623.61,0.0623436
825.018,0.0824855
779.247,0.0779133
3176.81,0.317481
888.06,0.0887975
693.796,0.0693393
3273.8,0.327213
809.82,0.0809344
2189.56,0.218434
862.979,0.0862939
944.371,0.0944299
1362.06,0.136097
5939.59,0.593547
2083.34,0.208227
1262.51,0.126234
1432.2,0.143083
1042.89,0.10422
697.805,0.0697702
1854.41,0.185396
2797.1,0.278018
957.521,0.0954102
3452.22,0.344589
1296.4,0.129587
924.632,0.0924229
1230.17,0.122969
1533.06,0.153058
889.28,0.0888629
1571.04,0.156993
905.776,0.090569
721.809,0.0720725
997.115,0.099647
1170.72,0.117063
1927.07,0.192698
1105.11,0.110467
785.973,0.078543
1384.73,0.138467
1048.16,0.104812
1253.51,0.12533
1541.87,0.154172
1684.54,0.166545
1206.45,0.120565
1383.32,0.138298
971.628,0.0971553
2093.24,0.209234
1501.73,0.150141
3264.96,0.326311
875.999,0.0874405
1067.75,0.106736
1665.92,0.166562
920.596,0.0918954
844.902,0.0841756
1175.66,0.11731
1205.63,0.120544
1179.18,0.11783
834.158,0.0833639
1128.09,0.112444
10684.6,3.85797
643.214,0.0643021
1005.54,0.100527
1154.07,0.115005
1435.6,0.143417
1030.41,0.102988
1039.27,0.103912
645.933,0.0645695
691.443,0.0691355
1324.65,0.132266
5490.17,0.547186
1306.49,0.130578
1732.74,0.173156
1523.99,0.152357
1864.98,0.186424
1653.95,0.165336
890.674,0.0890561
1128.03,0.112744
2954.5,0.295391
755.302,0.0754388
1209.6,0.120922
1177.94,0.117779
3435.05,0.343201
1191.75,0.118921
752.169,0.0751492
4122.09,0.411363
2092.34,0.209133
1331.03,0.13305
1051.19,0.105039
1261.15,0.126052
1702.97,0.170248
1917.25,0.19171
2782.53,0.278116
953.463,0.0952208
762.362,0.076162
1017.79,0.101768
2345.82,0.225179
1498.46,0.149792
1553.85,0.155207
1385,0.138353
2453.04,0.245179
812.149,0.0812027
2057.34,0.205675
1633.02,0.163148
2475.64,0.247516
1179.9,0.117932
2053.53,0.205185
3744.65,0.374277
1160.76,0.115613
1327.56,0.132735
860.045,0.085994
852.837,0.0852734
1247.75,0.124708
765.48,0.0763862
1052.54,0.105218
6741.06,0.673858
1230.04,0.122443
929.151,0.0928542
657.809,0.0656714
1838.15,0.183727
1551.6,0.155151
870.877,0.0870772
1373.16,0.137301
821.038,0.0820825
1161.26,0.11612
974.358,0.0974086
1079.29,0.107914
1377.74,0.13771
7679.06,0.767746
778.671,0.0778571
4435.08,0.442241
1046.44,0.104637
1249.52,0.124948
1664.46,0.159355
2739.33,0.273731
690.954,0.0690549
1071.46,0.107059
1668.72,0.166812
755.226,0.0755108
1300.22,0.12994
1437.46,0.143544
1896.23,0.189603
2048.28,0.204687
1611.4,0.161115
1350.76,0.135047
2789.85,0.27865
1348.45,0.134808
770.675,0.0770592
4648.43,0.464361
1385.57,0.138495
2829.98,0.282781
1762.24,0.176204
1869.16,0.186848
2443.13,0.244188
2062.94,0.206201
946.055,0.0945015
774.311,0.077355
2370.14,0.236767
744.307,0.0744123
1226.08,0.122599
806.518,0.0805952
1956.03,0.195446
657.38,0.0656856
882.829,0.0882376
1634.78,0.163385
12745.2,1.2712
468.14,0.0467805
1647.41,0.164473
757.043,0.0756505
1390.89,0.138924
1445.21,0.144515
1143.25,0.11424
1174.59,0.117378
1710.12,0.171001
1282.02,0.128031
3220.87,0.321276
1832.36,0.182987
1331.62,0.133035
669.705,0.0668235
3121.77,0.31211
4687.27,0.468563
855.447,0.0855386
1953.62,0.193834
2441.99,0.244106
924.378,0.0924325
1790.2,0.178975
8065.11,3.18271
1019.45,0.101819
773.196,0.0772554
1276.65,0.127579
1524.99,0.152477
3835.82,0.379214
952.86,0.0952697
1368.29,0.1367
970.865,0.0970649
1129.47,0.112935
563.115,0.0563014
1655.07,0.16539
775.967,0.0775658
1211.54,0.121118
1054.09,0.10506
1310.55,0.130974
2797.31,0.27965
8444.08,0.843852
1628.17,0.162741
1284.29,0.128421
1132.33,0.113126
4737.38,0.471752
1011.94,0.10112
1190.84,0.119079
2420.02,0.241969
3541.25,0.353766
986.711,0.0986623
928.279,0.0928265
889.458,0.0889183
923.562,0.092195
1141.12,0.114071
1203.5,0.120055
1374.95,0.137412
799.537,0.0799505
1325.41,0.132394
1173.81,0.117335
1069.3,0.0708996
1491.59,0.148875
717.642,0.0717526
1431.46,0.143133
946.061,0.0945753
1476.96,0.147629
2384.66,0.23783
595.299,0.0595287
5421.51,0.541574
1136.22,0.113609
1029.08,0.102887
417.066,0.0416891
1017.25,0.101373
1245.63,0.124555
1691.57,0.16912
898.58,0.0897704
895.834,0.0895105
1671.57,0.166949
863.132,0.0862437
1154.6,0.115371
1176.6,0.117567
1816.63,0.181583
5165.22,0.515732
1070.33,0.106988
818.42,0.0818329
6364.22,0.635581
743.93,0.0743887
2553.13,0.255204
1753.86,0.1752
3299.46,0.329825
2254.45,0.225408
2352.38,0.234911
1777.45,0.177693
3800.42,0.379584
1818.55,0.181803
1344.48,0.134417
1020.98,0.102089
1466.62,0.146591
700.981,0.0700875
1191.3,0.119091
1209.91,0.12094
1089.55,0.108944
3226.06,0.322215
1558.36,0.155479
794.258,0.0794035
1297.87,0.129748
1053.13,0.105306
1748.71,0.174848
1286.89,0.128638
2041.17,0.204037
2581.19,0.257948
2042.79,0.203793
3989.64,0.397976
1890.01,0.188968
1228.25,0.12282
728.219,0.072813
2960.74,0.295941
691.468,0.0690923
6584.37,0.655508
1005.86,0.10045
2339.28,0.233852
865.58,0.0864984
1524.7,0.152379
1240.73,0.124016
1186.21,0.118581
3756.52,0.373974
1436.78,0.143628
1859.68,0.185846
1116.19,0.111522
3154.34,0.315298
745.559,0.0745376
1188.33,0.118696
1185.96,0.118349
867.046,0.0865686
1021.74,0.102106
1288.19,0.12878
1702.75,0.170225
1714.51,0.171259
1076.42,0.107611
803.656,0.0803619
2469.76,0.246663
1518.43,0.151831
688.309,0.0687185
934.171,0.0933958
1331.53,0.133131
1225.79,0.122544
914.25,0.0913978
748.358,0.0747574
2365.42,0.236442
2205.24,0.220473
1090.67,0.108901
802.68,0.0802385
1118.72,0.111815
1126.21,0.112544
10125.7,1.27707
1033.96,0.103376
990.331,0.0990124
2308.62,0.230569
835.574,0.0834999
613.785,0.0612955
910.128,0.0908574
1027.8,0.102725
1181.54,0.118128
1051.99,0.105189
1031.6,0.103012
1274.35,0.127258
983.716,0.0980399
725.584,0.0725382
1705.58,0.170523
1697.95,0.169734
820.816,0.0818207
968.726,0.0968672
853.903,0.0852872
4070.48,0.406184
698.357,0.0698309
972.715,0.0972649
4129.41,3.35124
5711.86,0.56987
581.854,0.0581523
1033.81,0.103352
1408.04,0.140786
649.277,0.0648262
1278.49,0.127717
1164.21,0.116385
1334.88,0.133365
1630.52,0.16295
1755.24,0.175488
940.997,0.0940982
770.563,0.0769726
2238.19,0.223706
971.74,0.0971041
1796.72,0.179648
827.256,0.0827146
1684.82,0.167594
1466.07,0.146348
1823.9,0.182003
892.698,0.0892213
1141.56,0.113259
2894.7,0.288488
1638.28,0.163788
1276.87,0.127531
1472.22,0.147192
1247.56,0.12456
849.28,0.0848981
1386.51,0.138546
1363.64,0.13633
687.584,0.0687326
1132.25,0.113101
1873.01,0.187241
736.596,0.0736178
722.587,0.0722543
747.479,0.0746734
698.615,0.0697286
9011,3.2667
1515.46,0.151251
2509.04,0.250861
1627.91,0.162585
1251.89,0.124929
921.435,0.0921404
1308.4,0.130741
877.886,0.0877541
963.776,0.0924916
951.697,0.0950952
3690.43,0.368802
833.096,0.0832718
3356.18,0.335362
1097.15,0.108488
2543.37,0.254107
954.675,0.0953983
792.8,0.0792369
1248.02,0.124676
2061.95,0.206162
5686.18,0.564517
758.311,0.0757882
1469.35,0.14687
1805.24,0.180381
3590.36,0.35857
635.704,0.06356
1197.83,0.119773
1667.89,0.163762
893.143,0.0892864
2115.66,0.211446
1151.32,0.115046
1706.89,0.169995
3400.94,0.340037
2739.19,0.273838
821.579,0.0821493
873.255,0.087203
809.531,0.0808911
2772.6,0.277211
856.876,0.0856471
1562.84,0.156232
986.058,0.0986032
10336.9,1.03293
2076.11,0.207389
1974.17,0.197334
1237.55,0.123721
5080,0.507875
1284.4,0.128184
1064.63,0.106455
835.834,0.0835513
1289.08,0.128586
7193.25,0.718374
1185.6,0.118376
4306.42,0.425093
1068.47,0.106819
1587.01,0.158678
813.79,0.0812914
715.247,0.0715081
748.167,0.0747781
1865.34,0.186357
1519.38,0.151911
781.603,0.0781453
1310.7,0.102447
1179.23,0.117849
954.389,0.095361
1437.13,0.14371
715.361,0.0714397
880.048,0.0879998
999.848,0.0999794
791.961,0.0791488
1767.42,0.176239
1549.62,0.154931
1125.49,0.112485
3885.69,0.385992
1697.75,0.169669
1772.74,0.177239
1869.63,0.186933
1106.21,0.110607
957.046,0.0954161
1263.49,0.126168
902.026,0.0901174
1045.78,0.104566
659.993,0.0659503
1497.36,0.14972
1039.15,0.103911
1603.33,0.160261
2030.51,0.202987
1609.38,0.160883
1358.15,0.135702
972.999,0.097277
1958.98,0.195795
1024.69,0.102318
1251.48,0.125131
776.537,0.0776393
2267.51,0.22662
3136.22,0.31358
924.909,0.0920691
2184.36,0.2183
1088.65,0.108846
1370.9,0.137075
1859.6,0.18593
2799.39,0.279582
939.981,0.0939678
1606.54,0.159699
730.188,0.0729828
1086.67,0.108575
948.673,0.0947922
1051.62,0.105109
1773.93,0.177137
4331.94,3.07405
1075.68,0.107549
14557.5,1.45371
1003.92,0.100386
1202.48,0.120186
2381.46,0.238061
1380.74,0.137997
822.088,0.0821939
3230.6,0.321898
977.613,0.0976885
1240.81,0.124036
858.836,0.0858251
1106.01,0.110596
673.239,0.0656224
1097.17,0.109646
1952.13,0.195192
379.712,0.0379701
927.466,0.0926475
686.412,0.0686347
1018.51,0.101802
1097.02,0.109549
4263.15,0.426129
1112.47,0.111224
875.848,0.0875638
570.864,0.0570814
1606.97,0.160577
1376.24,0.136927
1551.72,0.154937
1148.46,0.114818
2798.21,0.279804
2281.9,0.227956
1047.57,0.10475
877.013,0.087505
795.019,0.0794573
1948.38,0.194793
1381.71,0.138106
923.762,0.0923469
1193.33,0.119291
1434.98,0.143441
704.573,0.0704226
2040.33,0.203876
3421.92,0.342149
1150.55,0.115031
933.902,0.0933352
1601.39,0.159998
1613.07,0.161258
1042.31,0.104228
1263.5,0.125861
832.926,0.0832795
1597.8,0.159562
471.352,0.0469324
1108.77,0.110802
1463.07,0.146292
1632.02,0.163121
1214.44,0.121353
1472.16,0.147196
699.37,0.0699194
2698.07,0.269501
1511.54,0.151122
1222.38,0.122196
1149.07,0.113407
5748.56,0.572523
3296.53,0.329513
1059.36,0.105879
1516.92,0.151643
1547.83,0.154707
771.207,0.0770496
1069.43,0.106871
1460.35,0.146014
1383.34,0.138309
928.963,0.0928907
998.489,0.0998469
1021.51,0.102144
923.669,0.092345
1175.7,0.117559
914.367,0.0914138
584.459,0.0584405
815.898,0.0815248
1475.07,0.147485
5151.06,0.514497
1886.67,0.188633
1261.78,0.124156
811.458,0.0810997
884.696,0.0884453
1499.24,0.148212
1992.25,0.198932
858.625,0.0773483
1402.2,0.140179
1030.61,0.103033
965.076,0.0964974
1169.5,0.116944
1506.65,0.150639
2940.69,0.292552
529.134,0.052894
7127.53,0.709825
911.315,0.0910983
1717.43,0.17166
930.288,0.092796
856.177,0.0856154
1051.83,0.105174
2358.6,0.235761
1293.41,0.129281
2556.69,0.255441
1043.99,0.104264
726.18,0.0726109
1102.14,0.110162
1866.77,0.186575
1245.6,0.123794
2892.7,0.289132
764.698,0.0764632
1755.76,0.17551
1052.93,0.105285
649.994,0.0649509
834.22,0.0834209
887.071,0.0886654
1265.93,0.126539
1012.7,0.101262
754.486,0.0753948
704.421,0.0704089
787.823,0.0787722
1908.28,0.190808
665.075,0.0665032
1874.54,0.187383
1150.25,0.114991
1844.51,0.184399
563.428,0.0558373
766.301,0.0766122
630.548,0.0630329
4371.78,0.436789
508.277,0.0507991
732.416,0.0732398
1611.05,0.160753
490.233,0.0490204
14207.4,4.05508
914.878,0.0914775
1765.2,0.176437
1162.97,0.116264
1750.99,0.174897
2432.85,0.242902
1017.42,0.101741
7015.68,0.701341
1593.06,0.148345
1144.54,0.114449
2268.07,0.226692
512.948,0.0512917
5544,0.55412
962.018,0.0960676
1218.68,0.121857
1999,0.199779
2351.95,0.235036
1490.23,0.148837
11406,1.13749
695.259,0.0694537
3496.92,0.349649
995.184,0.0994938
2040.79,0.203931
2516.18,0.251282
784.226,0.078257
1378.64,0.137842
1896.45,0.189422
1298.3,0.129775
912.437,0.0912395
1400.13,0.14
794.984,0.0794959
711.126,0.0710873
1817.83,0.181762
1956.06,0.195567
692.283,0.0691729
784.834,0.0784771
15319.2,1.52901
700.93,0.0700573
918.216,0.0917492
1229.9,0.122926
2162.98,0.216243
3830.29,0.38185
1631.96,0.163123
976.749,0.0976683
952.245,0.0951252
951.305,0.0950857
1662.71,0.166199
2452.93,0.243993
514.651,0.0513548
2205.85,0.217905
921.834,0.0921108
1538.33,0.153723
1443.82,0.144272
1979.68,0.195387
8123.01,0.81081
640.192,0.0640154
1167.92,0.115859
441.783,0.044163
984.031,0.0983411
2026.72,0.202626
1448.55,0.136662
624.231,0.0624131
983.749,0.0983631
1309.01,0.130714
778.349,0.0778313
1678.2,0.167768
1334.64,0.133381
823.356,0.0822904
2425.45,0.242099
3340.55,0.333988
1259.95,0.125973
1943.86,0.194106
1472.65,0.146944
2291.03,0.229045
854.826,0.08546
765.594,0.0765266
916.393,0.0916236
1715.16,0.171506
3424.31,0.342229
1913.59,0.191325
1704.37,0.17035
1181.21,0.118104
1662.72,0.166182
729.88,0.0729823
1080.23,0.108009
1446.3,0.144551
732.099,0.0731799
1197.86,0.119726
1877.85,0.187756
1034.01,0.103393
961.494,0.0961021
669.369,0.0668726
2525.86,0.252024
887.462,0.0885953
882.887,0.0881703
853.425,0.0853284
1304.06,0.130365
4155.5,0.415206
2359.07,0.235343
2106.76,0.210485
854.038,0.0853847
778.815,0.0778391
1206.22,0.12041
1038.04,0.10376
636.764,0.0635679
2092.88,0.209153
1208.31,0.120804
768.97,0.0768285
2905.46,0.29033
1370.76,0.13705
1318.25,0.131804
987.484,0.0985326
1036.22,0.103549
1042.5,0.101242
1105.12,0.110436
1125.61,0.112534
756.534,0.0756471
1290.73,0.129047
3893.2,0.388849
2076.47,0.207501
2873.45,0.286988
1417.56,0.141735
1465.6,0.14652
759.441,0.0759292
808.464,0.0808281
1063.86,0.106323
10457.2,1.03428
1385.08,0.138481
538.748,0.0538711
593.676,0.0593471
1051.26,0.105082
725.466,0.0725296
1007.51,0.100716
2190.12,0.218914
709.696,0.0709047
1239.29,0.123759
1484.57,0.148356
1261.59,0.125803
7944.65,0.793945
1457.3,0.145691
941.718,0.0940927
2559.42,0.255882
7547.61,0.754594
1006.63,0.100659
992.898,0.0992692
1581.82,0.157879
1864.95,0.186477
4834.72,0.482843
983.398,0.0982708
2278.76,0.227724
1716.97,0.171554
1561.69,0.155998
3177.49,0.317261
636.104,0.0635639
1138.52,0.113814
1163.74,0.116347
694.739,0.0694683
911.212,0.0908796
756.523,0.0756425
853.451,0.0853441
2316.13,0.231542
956.844,0.0956674
1391.19,0.138932
948.409,0.0948298
1893.84,0.189381
1529.58,0.152456
946.895,0.0946792
1142.94,0.11428
2480.83,0.247925
1854.96,0.185327
695.828,0.0694725
1449.14,0.144668
1223.88,0.122135
755.57,0.0755276
1100.12,0.109802
995.191,0.0994725
2437.55,0.243453
2861.77,0.285999
885.449,0.0885335
1674.68,0.167367
605.606,0.0604988
2595.71,0.259291
799.585,0.0798361
1191.16,0.11901
1332.71,0.13314
969.22,0.0969035
832.293,0.0832004
1647.14,0.164655
2036.39,0.203617
1028.34,0.102751
15021.5,2.56096
806.855,0.0805202
1120.34,0.112025
845.266,0.0845203
754.65,0.0746904
3036.72,0.302718
1721.76,0.172019
896.357,0.0896261
1190.3,0.11889
1482.58,0.1481
973.782,0.0972856
2160.79,0.216034
969.081,0.0968877
1119.63,0.111899
517.395,0.0517171
1893.83,0.188547
807.769,0.0807759
3365.93,0.33633
2174.71,0.217443
1999.4,0.199693
5807.94,0.579716
5186.74,0.518555
2593.78,0.259279
1850.3,0.184642
4770.34,0.476698
1097.2,0.109687
1107.61,0.110719
1337.63,0.133716
2758.25,0.259011
590.736,0.0590379
1365.21,0.136485
816.574,0.0815587
669.042,0.0667654
1040.82,0.103807
586.504,0.0586465
1389.89,0.138974
1175.96,0.117589
700.25,0.0699931
683.716,0.0682903
1535.3,0.153525
722.05,0.0721926
1756.88,0.175684
786.134,0.0785553
1566.7,0.156568
1442.56,0.144236
2752.74,0.275129
975.493,0.0975035
1470.21,0.146921
1167.04,0.11668
689.269,0.0688415
1020.85,0.102073
1667.9,0.166555
634.357,0.0634088
6081.94,0.604668
669.856,0.0669723
2257.64,0.225752
1410.3,0.141008
1701.78,0.170071
760.05,0.075768
1003.64,0.100354
1893.41,0.189281
3183.97,0.318337
964.016,0.096321
7897.59,0.787026
701.693,0.0700338
590.581,0.0590483
1418.78,0.141808
797.476,0.0796817
1235.65,0.123547
1741.24,0.171664
706.62,0.0705516
807.571,0.0803641
11547.2,1.15067
1037.82,0.103441
3380.84,0.338063
1332.79,0.133216
5779.28,0.57726
1223.25,0.122242
906.127,0.0906018
838.523,0.0836612
1130.77,0.113051
1516.97,0.151643
1205.81,0.12054
2246,0.223684
2866.9,0.2865
1532.53,0.153227
1835.23,0.183489
812.441,0.0811884
1407.29,0.140392
2097.3,0.209669
1076.45,0.107443
2620.9,0.261864
1699.9,0.169985
1487.44,0.148742
2554.79,0.255181
1190.05,0.118985
1543.96,0.154376
1675.7,0.167567
1256.14,0.125609
995.421,0.0994987
5368.65,0.533778
954.441,0.0954389
1144.79,0.114442
1142.72,0.114018
3093.34,0.309309
1220.04,0.121721
1176.81,0.117672
1151.32,0.115071
1658.13,0.165707
1543.71,0.154349
706.569,0.0704189
1897.28,0.189512
1009.58,0.100905
1739.09,0.173877
816.718,0.0799548
1443.35,0.144172
1610.47,0.160928
1039.82,0.103819
1604.37,0.160419
1381.25,0.137561
2436.19,0.243538
1722.13,0.172028
2016.49,0.201642
898.935,0.0898779
3191.92,0.318981
1117.18,0.111647
618.189,0.0618047
2180.49,0.217677
1909.3,0.190899
1763.41,0.176142
896.803,0.0896759
1098.73,0.109837
1960.33,0.195921
3286.23,0.328451
2815.64,0.280996
1702.62,0.170248
834.623,0.0834536
1135.81,0.113513
1537.25,0.153634
2652.56,0.264691
879.401,0.087931
1143.39,0.114248
3793.58,0.378789
1828.09,0.182747
1775.37,0.176916
1374.58,0.137339
1304.27,0.130418
1393.5,0.139331
2860.8,0.28604
2223.7,0.221832
844.443,0.0843954
983.982,0.0983827
1158.28,0.115771
1748.03,0.174707
2957.91,0.295636
646.654,0.0646093
2245.76,0.224544
2562.33,0.256201
955.534,0.0955506
857.591,0.0856417
815.323,0.0814152
8737.09,0.871832
1494.32,0.149026
1406.16,0.140553
1463.78,0.146261
2106.72,0.210532
749.402,0.0749359
995.859,0.0995276
1072.59,0.107175
1875.59,0.187524
1005.64,0.100523
3269.92,0.326489
711.427,0.0711357
5184.72,0.518092
1515.13,0.151496
1692.07,0.168955
920.624,0.0920129
1242.45,0.124071
1110.52,0.110943
1098.6,0.109809
557.816,0.0556971
2360.51,0.236024
1150.61,0.114719
1135.82,0.113573
1428.21,0.1428
749.652,0.074947
912.666,0.0912405
1766.69,0.176611
790.516,0.0790069
1675.49,0.167356
715.417,0.0715379
1410.66,0.140038
741.246,0.074056
1078.01,0.107711
1706.66,0.17062
1563.06,0.156157
754.951,0.0754199
910.185,0.0909875
1058.04,0.105795
980.496,0.0978382
2184.1,0.218334
825.296,0.0824896
972.334,0.0971958
751.347,0.0751162
1547.15,0.154554
1627.38,0.162687
966.096,0.0965234
1320.65,0.132043
2049.82,0.20433
3454.2,0.343528
2561.72,0.255741
5399.03,0.539413
1921.46,0.192036
1779.17,0.139154
2422.94,0.242258
1249.57,0.124919
855.848,0.0854888
1105.92,0.110507
5269.32,0.526787
2764.1,0.276359
1687.35,0.168616
2247.82,0.224565
1958.27,0.195519
1270.72,0.126921
1684.64,0.168283
1337.28,0.133469
1407.13,0.140081
1204.2,0.120245
2513.21,0.251168
869.534,0.0869269
1355.31,0.135529
1671.82,0.167158
1049.45,0.104883
1211.85,0.121048
904.871,0.0904826
1940.36,0.194003
1606.22,0.160447
1307.09,0.130697
793.079,0.0793049
2565.7,0.256361
881.841,0.0881495
640.225,0.0639976
2911.62,0.291043
1447.64,0.144657
2566.07,0.256488
926.111,0.0873661
1268.95,0.126793
768.555,0.0768241
1484.3,0.148382
971.552,0.0971115
865.124,0.086488
2078.47,0.207564
2815.14,0.280767
1371.74,0.137133
1268.99,0.126868
1830.69,0.182914
1626.99,0.162434
1050.22,0.104867
1161.19,0.116062
1055.29,0.105514
4833.81,0.482592
2374.64,0.237351
1945.93,0.19447
723.422,0.0721997
1217.65,0.12176
4235.34,0.423074
2916.57,0.291227
1068.67,0.10652
985.748,0.098565
2110.89,0.21106
1589.83,0.158468
1255.04,0.125485
900.049,0.0891207
1186.23,0.118489
1363.55,0.136344
2768.6,0.276818
1759.29,0.175822
907.522,0.0907103
996.944,0.0996923
1156.43,0.115593
889.335,0.0881012
1324.34,0.132365
846.955,0.0845837
2986.3,0.298478
1323.14,0.132302
944.029,0.0943739
1646.75,0.164615
902.25,0.0902064
1373.96,0.137319
935.887,0.0935859
1449.64,0.14492
2015.9,0.201473
805.499,0.0805436
1018.75,0.101863
1849.29,0.184857
529.245,0.0528798
988.303,0.0987167
656.952,0.0656389
1355.82,0.135526
1042.54,0.104206
1819.41,0.181923
1478.86,0.147763
1605.52,0.160469
1818.88,0.181632
2148.89,0.214812
2950.74,0.295026
725.658,0.0725562
828.87,0.0827888
924.195,0.0923996
817.641,0.081732
1164.53,0.116372
1389.47,0.138937
950.324,0.0949921
2779.48,0.277821
1548.92,0.154865
1736.16,0.173606
549.769,0.0549713
756.209,0.0756166
1076.37,0.107628
948.778,0.0948653
2343.51,0.233941
3065.87,0.306476
1149.97,0.114971
1360.1,0.135956
1246.74,0.124658
1037.69,0.103765
1249.38,0.124795
944.581,0.0944468
1262.45,0.126237
1279.01,0.127868
2995.8,0.299503
1740.31,0.173706
1197.94,0.119538
1973.79,0.197141
1301.82,0.12985
733.485,0.0732963
1588.3,0.158685
855.71,0.0802539
985.018,0.0984823
1315.62,0.131533
1285.75,0.128498
1568.12,0.156718
1466.89,0.146663
942.065,0.0941962
609.563,0.0609441
1532.1,0.153173
2275.06,0.226901
775.142,0.0774625
1384.39,0.138429
1078.7,0.107834
633.556,0.0633265
2340.56,0.234015
2247.83,0.224522
406.029,0.0406021
2661.49,0.266038
1182.45,0.118229
1539.3,0.153902
1661.46,0.166063
878.842,0.0877943
3075.54,0.306943
1366.87,0.136631
563.007,0.0559829
816.792,0.0812633
1115.05,0.111447
598.487,0.0598475
727.589,0.0727411
1021.51,0.102146
1048.29,0.104651
999.331,0.0996898
1362.95,0.136073
1071.71,0.107051
1728.22,0.172759
915.712,0.0915432
2200.15,0.21983
974.204,0.0973669
974.888,0.097476
1463.81,0.146294
1204.41,0.120055
673.464,0.0673134
11615.6,1.15506
765.398,0.0765298
1532.88,0.153207
951.372,0.0950984
1505.3,0.15051
1447.34,0.144711
1108.66,0.110791
1977.66,0.19754
1300.48,0.12997
3606.31,0.343165
698.906,0.0698313
1470.94,0.147064
4523.37,0.451286
4890.29,0.488361
698.96,0.069772
867.126,0.0866983
1096.96,0.109677
972.171,0.097164
1912.95,0.191134
1287.04,0.128697
2913.83,0.286458
692.988,0.0692344
2036.46,0.203585
1471.27,0.146916
594.081,0.0594058
2052.85,0.205233
1989.19,0.198868
1093.86,0.106904
770.816,0.0770679
1358.71,0.135753
885.853,0.088277
692.607,0.0692517
1652.12,0.165094
1465.64,0.146506
652.647,0.0652465
920.282,0.0920041
898.701,0.089856
1344.92,0.134482
899.255,0.0899136
1579.45,0.15791
1166.66,0.116501
1339.44,0.111325
1126.22,0.112429
1587.4,0.158511
2853.46,0.284439
912.369,0.0910685
661.186,0.0660646
1807.79,0.180744
3808.23,0.380344
6278.31,0.627655
859.446,0.0859402
11986.6,1.19166
985.013,0.0984831
3517.41,0.35142
982.875,0.0981875
478.891,0.0478688
783.952,0.0783877
789.029,0.0788978
1191.59,0.119142
862.061,0.0861716
643.747,0.0643566
891.798,0.0857889
1063.73,0.101751
1118.14,0.111771
2078.49,0.207627
789.18,0.078884
984.53,0.0979551
790.029,0.0788579
732.401,0.0732005
1281.41,0.128125
1299.7,0.129777
1810.8,0.180985
2228.47,0.222814
1146.08,0.114599
1473.24,0.147119
1746.23,0.174561
984.362,0.098379
483.828,0.0483687
674.132,0.0665734
1155.4,0.115448
837.256,0.0837211
905.846,0.0893318
1915.45,0.19124
1158.13,0.115809
2590.29,0.25881
1198.57,0.119782
1138.84,0.11384
3306.22,0.330333
1438.06,0.143747
1172.62,0.117057
2646.41,0.264617
1080.58,0.108021
555.157,0.0554109
813.927,0.0813745
1113.44,0.111332
866.012,0.0865956
1221.55,0.121821
1224.17,0.122296
1509.63,0.150959
2374.53,0.237083
1915.7,0.191515
1648.12,0.164783
1123.4,0.112326
970.763,0.0970539
1607.79,0.160587
2417.1,0.241434
739.017,0.0738637
1438.32,0.143807
2322.68,0.23215
812.708,0.0807474
776.723,0.0776716
719.492,0.0719357
1029.76,0.102921
971.522,0.0971354
2373.4,0.237177
2382.36,0.238201
921.62,0.092109
2199.88,0.21994
491.764,0.0491753
980.507,0.0979546
626.926,0.0626773
1590.38,0.158876
825.036,0.0818878
1073,0.107293
1088.76,0.108851
784.574,0.0780226
1110.29,0.111012
1495.39,0.149493
1610.71,0.161016
888.87,0.088883
11799.3,1.17585
1644.21,0.164366
1386.33,0.138575
2529.9,0.252844
817.596,0.0817494
2049.17,0.204743
762.265,0.0762224
1710.36,0.169577
866.714,0.0865677
1764.47,0.176429
1369.1,0.135641
1425.15,0.142263
994.22,0.0993195
1973.49,0.197302
1232.86,0.123275
1376.05,0.137597
2905.38,0.2903
1555.8,0.153887
1422.79,0.142265
1102.38,0.110227
1183.54,0.118315
1538.49,0.153833
2185.75,0.218165
1470.11,0.146833
1050.95,0.105008
866.499,0.0865645
2084.59,0.208408
2225.17,0.22246
712.101,0.0712036
6766.1,0.675981
2258.91,0.222875
1525.54,0.152298
12134.7,1.20755
1070.47,0.107039
2067.63,0.206654
1626.78,0.162588
1468.45,0.14682
640.731,0.0639823
750.702,0.0748077
959.132,0.0958785
1081.68,0.108151
845.197,0.0844502
2363.94,0.236316
1062.5,0.106155
648.807,0.064814
2044.33,0.204172
1164.41,0.116428
802.922,0.0802799
1134.09,0.113089
3937,0.393582
1368.44,0.136811
1297.6,0.128645
1234.44,0.123342
1053.35,0.105308
1074.26,0.107146
1200.7,0.120013
1695.18,0.169493
508.008,0.0507318
845.256,0.0845058
2115.45,0.211438
1265.89,0.126412
1464.05,0.146356
1040.64,0.104059
940.844,0.0940569
1735.56,0.173502
1631.09,0.163061
5379,0.537379
1219.1,0.121901
844.604,0.084389
1063.22,0.1063
1342.3,0.134116
1063.16,0.106314
1366.39,0.136585
1060.44,0.106028
910.721,0.0910221
1084.18,0.108415
2264.33,0.22641
762.444,0.0762033
1391.48,0.139145
1054.99,0.10537
2689.57,0.268843
1032.11,0.101927
1007.91,0.100719
811.568,0.0803683
1067.78,0.106751
497.09,0.0497017
974.067,0.0973975
1396.79,0.139636
20442.9,2.03819
1052.83,0.105225
684.958,0.0684796
2845.65,0.284294
710.558,0.0710038
1313.58,0.131311
2061.55,0.205633
946.221,0.0946159
1682.48,0.168087
2406.44,0.240576
3255.14,0.325131
1689.6,0.164397
738.746,0.0738548
1663.58,0.1663
1177.08,0.117687
1484.65,0.148414
1233.35,0.123323
793.415,0.0793274
2827.98,0.282359
950.948,0.0950314
696.165,0.0695865
6813.59,0.681026
1926.82,0.192642
1081.81,0.108059
4954.66,0.495326
2342.24,0.234135
1613.38,0.161323
1521.15,0.138491
1393.25,0.139313
2102.68,0.210165
1227.4,0.1227
1381.6,0.138154
1026.71,0.102656
2746.84,0.274574
860.416,0.0860311
3122.02,0.312099
1909.91,0.19064
4383.71,0.437945
1075.39,0.107485
2019.69,0.201631
1044.61,0.104383
349.989,0.0349967
1018.95,0.10187
1695.63,0.16952
770.34,0.0769928
1341.3,0.134046
2082.03,0.207959
3237.39,0.323569
758.811,0.0758774
2300.72,0.230056
2195.59,0.219508
893.168,0.0892539
1484.1,0.148366
3694.23,0.369211
1053.32,0.105143
1093.93,0.109374
748.684,0.0748194
1722.52,0.172202
1014.25,0.101395
1155.17,0.115353
816.58,0.0816479
1388.7,0.138834
1796.8,0.178842
1034.47,0.103406
778.388,0.0766736
1566.24,0.156616
617.939,0.0617521
1045.4,0.104499
1610.56,0.160874
1515.77,0.151546
22601,2.24579
947.621,0.0947556
747.33,0.0747221
1432.31,0.143206
966.838,0.0965607
2314.75,0.231217
540.677,0.0540411
3171.2,0.317056
493.347,0.0493277
1749.92,0.174652
13175.8,1.31436
2255.87,0.225553
1371.72,0.137048
904.418,0.0895218
899.839,0.089873
1965.27,0.196226
870.026,0.0867077
4250.92,0.424733
904.133,0.0903735
16732,2.29762
2098.33,0.20971
1892.44,0.18914
1302.5,0.130062
4452.52,0.444488
849.048,0.0848808
1047.73,0.10476
855.939,0.0855569
434.978,0.0434811
1125.16,0.11233
845.355,0.0845307
6146.1,0.613524
707.015,0.0706447
1034.37,0.103432
1260.59,0.12605
634.717,0.0634583
1320.56,0.132048
1011.03,0.101083
1876.31,0.18751
3279.76,0.32717
776.499,0.0776471
825.249,0.0825179
994.786,0.0992488
868.733,0.086866
1622.32,0.162115
942.745,0.0940789
1088.5,0.10881
1486.28,0.142885
1081.08,0.108062
2462.34,0.246215
1970.44,0.196665
4736.05,0.473261
426.738,0.0426685
2316,0.231394
1326.13,0.132484
432.254,0.0431753
1713.97,0.171333
1039.12,0.10387
1028.95,0.102842
1864.03,0.186172
1836.13,0.183473
796.273,0.0795782
1203.49,0.120231
1037,0.103694
1020.6,0.101995
1862.6,0.186137
1954,0.195366
1074.28,0.107391
665.222,0.0664267
916.284,0.0914489
2403.89,0.240055
1939.51,0.193903
1320.09,0.132005
771.453,0.0771392
1079.92,0.107897
1043.39,0.104304
1372.09,0.137175
2372.06,0.237046
1986.57,0.198605
2942.08,0.294139
6215.86,0.620604
1093.01,0.109106
829.951,0.0829844
2150.83,0.214969
2990.86,0.298857
1420.19,0.141771
944.804,0.0944362
1586.01,0.158577
2756.74,0.275386
873.701,0.0873549
1889.77,0.188957
703.129,0.0681436
707.47,0.0706687
1393.84,0.139322
946.937,0.0946235
982.296,0.0981912
1641.74,0.164108
1457.41,0.145575
2939.43,0.293725
1278.87,0.127067
17668.3,1.75614
1082.11,0.108195
1649.89,0.164939
781.952,0.0781508
1277.94,0.127774
2896.45,0.289614
3247.51,0.324688
1660.22,0.165696
1615.47,0.16148
1201.59,0.120053
1017.2,0.101391
2342.99,0.234262
498.77,0.0498619
2291.25,0.228945
932.989,0.0932816
1494.15,0.149338
1118.92,0.111888
899.924,0.0899638
1051.67,0.1049
2325.35,0.232519
1123.62,0.111326
663.545,0.066307
849.818,0.0849669
2589.49,0.258675
1037.94,0.103788
1428.22,0.142804
1904.46,0.190394
1107.63,0.110706
3309.38,0.330884
619.87,0.0619797
2837.52,0.283619
1429.2,0.1429
1841.16,0.183864
1577.57,0.157705
887.023,0.0886991
2563.9,0.25622
674.167,0.0673775
697.3,0.0697258
1196.85,0.119663
1451.83,0.144907
1574.76,0.157393
5115.76,0.508039
1910.42,0.191006
732.768,0.0732244
1439.99,0.143861
1496.96,0.149678
1249.84,0.124882
870.132,0.0869893
695.095,0.0694769
1275.03,0.127432
2114.62,0.211174
633.315,0.0633272
1124.53,0.112433
6747.04,0.673682
1059.38,0.105929
1221.39,0.122136
728.253,0.0728196
1348.64,0.134857
1726.01,0.172593
948.206,0.0947843
651.72,0.0651607
2525.87,0.252399
2126.67,0.212594
1362.38,0.133349
1015.62,0.101246
784.811,0.0784258
830.616,0.0830491
1127.96,0.112533
1112.67,0.111165
1332.91,0.133279
1239.64,0.123785
1856.31,0.185579
888.185,0.0887999
2489.7,0.248885
1023.76,0.102317
1027.73,0.102768
703.797,0.0703771
777.039,0.0776725
693.62,0.0693139
1069.74,0.106966
1328.48,0.132791
1424.65,0.14226
1562.5,0.156241
3752.48,0.375216
1103.97,0.110352
1268.58,0.126746
11097.1,1.10607
1215.5,0.121545
1196.03,0.119589
998.34,0.0994773
1105.29,0.110508
1171.68,0.117134
1016.25,0.101571
2807.69,0.280655
830.179,0.0830159
2148.68,0.214787
1301.46,0.129971
1385.76,0.138413
1105.1,0.110499
1047.24,0.10456
1496.78,0.149363
2293.21,0.228968
929.204,0.0929152
766.451,0.0766248
2137.46,0.213589
559.063,0.0558965
764.152,0.076303
950.724,0.0950626
980.906,0.0978898
699.911,0.0699884
1048.17,0.104802
1927.16,0.192691
735.153,0.0735102
763.859,0.0763016
1297.43,0.129718
1499.91,0.149987
977.351,0.0977053
847.713,0.0847344
1304.27,0.130332
772.015,0.0771333
1220.69,0.122044
960.944,0.0960141
4422.74,0.441591
890.343,0.0890266
1637.96,0.163719
1621.64,0.162161
959.547,0.0959369
1234.25,0.123392
1025.91,0.102581
939.233,0.0938203
823.565,0.0823452
742.707,0.0741753
1042.26,0.104108
830.742,0.0830677
1865.52,0.186314
2047.67,0.204723
857.707,0.0856662
2068.42,0.206835
919.655,0.091934
1335.01,0.133342
993.939,0.0993356
1163.29,0.116278
569.558,0.0569391
1924.81,0.192444
2206.75,0.220626
1020.9,0.102046
1689.99,0.16897
753.21,0.0752879
1026.33,0.10262
1773.02,0.177145
1187.71,0.118744
2595.07,0.259153
1468.18,0.146772
1017.62,0.101723
1054.82,0.105457
2400.94,0.239995
1381.97,0.13815
884.518,0.0883939
909.707,0.090913
1092.27,0.109223
990.078,0.0989899
1652.08,0.165152
1146.05,0.114519
1135.76,0.11357
643.776,0.0642619
1569.66,0.156709
849.906,0.0848887
1427.91,0.142655
2079.01,0.207762
1078.59,0.107842
965.816,0.0965099
1135.45,0.113478
966.352,0.0965529
3059.78,0.305875
1523.35,0.152287
1032.82,0.103278
2681.41,0.267107
994.333,0.099396
640.914,0.0640698
1287.55,0.128745
847.401,0.0847346
986.533,0.0986298
863.259,0.086305
1247.91,0.124735
1308.29,0.130756
5941.59,0.593691
1087.56,0.106918
593.087,0.0592655
1029.71,0.102759
2131.92,0.213121
1268.08,0.126271
634.401,0.0634183
1185.96,0.117713
1312.94,0.131242
842.768,0.0842506
767.207,0.0767185
2925.18,0.29235
3008.48,0.300742
1554.17,0.155373
2012.75,0.201204
1244.64,0.12437
3128.44,0.312648
2444.83,0.244459
2294.4,0.2294
2228.23,0.222565
757.492,0.0756897
1359.68,0.13591
799.722,0.0798542
4003.34,0.400004
3692.95,0.368947
642.928,0.0642865
867.679,0.0866949
901.696,0.090063
1055.47,0.105537
796.4,0.0796173
1446.32,0.144565
942.958,0.0933171
606.443,0.0606393
1652.74,0.165098
1509.26,0.150914
1195.13,0.119476
830.366,0.0830068
1029.36,0.102847
1454.24,0.145403
2190.56,0.219041
910.852,0.0910461
1533.41,0.153288
1092.35,0.109227
1904.16,0.190392
1233.8,0.123319
763.504,0.0763371
1648.95,0.164802
4283.7,0.428217
1459.23,0.145749
846.143,0.0846035
1182.91,0.11822
2974.66,0.297127
3969.83,0.39625
1160.11,0.115983
757.82,0.0757593
7136.68,0.713404
927.379,0.0925414
1064.56,0.106429
1315.7,0.131554
990.957,0.099087
1103.3,0.110328
3386.18,0.338403
2485.58,0.247797
1127.01,0.112683
1549.09,0.154765
725.096,0.0724369
775.628,0.0775497
1440.68,0.144029
1575.99,0.157597
1411.42,0.140747
4489.84,0.447599
1506.4,0.150552
1021.2,0.102037
1231.48,0.123138
1969.46,0.196643
782.865,0.0778771
936.803,0.0936712
1612.41,0.161105
1486.6,0.148495
587.624,0.0586046
4266.85,0.426116
1514.68,0.15091
818.491,0.0818474
905.094,0.0904656
3030.96,0.302957
1234.9,0.123347
1673.81,0.167342
1531.8,0.153013
1425.21,0.142173
2242.14,0.224057
944.759,0.0944464
1511.64,0.150193
1368.04,0.136768
1021.21,0.100844
1621.53,0.161947
846.067,0.0845587
727.25,0.072713
920.851,0.0920717
527.763,0.0527752
1252.34,0.122555
1322.39,0.132194
827.398,0.082619
679.846,0.067924
1181.03,0.118051
963.356,0.0963255
1104.97,0.110472
754.91,0.0754856
1654.57,0.165444
1292.7,0.129036
1653.73,0.181888
1291.91,0.129138
1003.59,0.100345
1825.4,0.182247
879.247,0.0878458
1017.65,0.101727
1864.68,0.186384
2569.95,0.256957
1774.56,0.177431
1114.45,0.11144
848.434,0.0848163
1164.95,0.116392
885.864,0.0885701
957.257,0.0956686
1306.58,0.13064
1438.99,0.143829
1345.98,0.134518
2067.55,0.206653
1357.11,0.135681
7117.61,0.709523
1481.44,0.148097
1259.55,0.125933
930.699,0.0929748
916.86,0.0916841
1114.51,0.111265
1153.35,0.115248
8424.49,0.839999
869.78,0.0869672
1203.9,0.120346
1157.78,0.115589
1355.61,0.135541
1335.13,0.133491
725.831,0.0724069
1034.55,0.10309
980.292,0.0979675
392.29,0.0391961
1209.9,0.120913
1208.62,0.120761
1003.37,0.100334
938.25,0.0938109
863.474,0.0863451
2041.54,0.204088
3918.19,0.390746
735.331,0.0735308
1491.63,0.149137
926.081,0.0925895
813.33,0.0813084
759.211,0.0758802
754.418,0.0754267
1139.72,0.113948
1240.73,0.123997
894.075,0.0893844
921.671,0.0921634
604.657,0.0604447
1753.66,0.17503
1192.19,0.119182
722.33,0.0722012
6157.15,0.614846
777.666,0.0776059
7788.04,0.77699
1059.57,0.105836
1365.55,0.136524
1752.82,0.175038
999.09,0.0998709
2259.95,0.22597
615.593,0.0615581
1015.71,0.101552
1371.08,0.137035
640.537,0.0640319
545.349,0.0544555
2920.18,0.291408
608.855,0.0608815
1099.5,0.109926
1180.04,0.117971
1629.16,0.162904
2673.76,0.266769
1999.73,0.199759
1114.39,0.111374
2307.23,0.230494
555.349,0.0554662
2104.9,0.209934
965.635,0.096398
818.671,0.0817914
3450.41,0.344974
1173.15,0.11717
893.03,0.0892582
2525.19,0.251031
3077.4,1.01242
673.134,0.0673017
1371.79,0.137048
958.323,0.0957871
1293.82,0.129375
1417.16,0.141708
2008.46,0.200821
1102.74,0.110218
1177.03,0.117663
1021.29,0.101537
23715.3,2.35335
1102.77,0.110165
2279.62,0.227855
978.233,0.0977664
1022.28,0.102192
1591.57,0.158961
1324.41,0.13208
969.042,0.0968955
913.512,0.091264
3632.85,0.363212
4378.51,0.436683
1019.68,0.10194
748.625,0.0748543
1173.87,0.117373
907.337,0.0906759
977.633,0.0977292
6117.97,0.610941
2357.13,0.235013
1254.85,0.125482
2743.35,0.274163
2072.77,0.207255
925.764,0.0925364
738.681,0.0738447
695.288,0.0695229
973.085,0.0972874
1297.15,0.129692
1103.57,0.110291
1441.35,0.14395
2211.44,0.221077
1044.99,0.104435
2315.03,0.231477
1996.7,0.199639
5518.53,0.550869
2543.2,0.254187
2131.37,0.213096
1203.06,0.120272
2230.26,0.222983
1209.29,0.120879
1348.38,0.134813
2358.09,0.233771
2565.75,0.255007
741.657,0.0741126
1006.1,0.100541
1614.41,0.161385
677.661,0.0677488
1273.14,0.127308
6145.47,0.61181
1568.84,0.156662
575.853,0.0575838
983.342,0.0983203
831.534,0.0831177
1347.79,0.134743
620.623,0.0620593
976.802,0.0976573
825.94,0.0825773
1535.67,0.153468
2322.49,0.232147
1583.76,0.158318
991.111,0.0990639
2257.02,0.22564
784.622,0.0784566
1833.95,0.183191
1230.98,0.123062
11523.5,1.1515
1430.46,0.142937
1818.89,0.181874
1887.23,0.188688
882.682,0.0882396
1805.37,0.18048
1107.27,0.11068
2427.17,0.242636
1018.34,0.101806
634.892,0.0634647
3398.7,0.339653
1391.62,0.139151
1077.81,0.107707
3190.98,0.318918
862.025,0.0861542
1324.45,0.13243
1063.44,0.106113
817.944,0.0817735
666.358,0.0666141
1127.48,0.112651
620.011,0.0619356
1620.58,0.161525
1754.53,0.175447
508.359,0.0508208
881.773,0.0881672
915.655,0.0915002
1675.86,0.167561
986.035,0.0985524
3005.31,0.300337
4744.57,0.474329
1397.79,0.139724
840.055,0.0839457
1037.43,0.103688
715.674,0.0715662
2623.79,0.262121
1232.37,0.12298
1398.99,0.139891
1116.31,0.111568
1126.65,0.11257
1165.14,0.116484
861.275,0.0860907
1564.11,0.156242
978.568,0.0978066
963.867,0.0962949
1084.83,0.108439
2324.26,0.232266
901.671,0.090129
1278.14,0.127741
1124.89,0.112478
1446.3,0.144545
1014.91,0.101459
827.858,0.0827513
1159.69,0.115876
893.457,0.0893367
4878.26,0.48763
3071.88,0.307019
1076.17,0.10756
1777.74,0.177457
1828.77,0.182808
1111.71,0.111168
831.544,0.0831477
1181.5,0.118135
2139.34,0.21385
890.52,0.0890185
742.09,0.0741963
788.704,0.0788468
747.667,0.0747631
620.408,0.0619999
720.881,0.0720633
1254.75,0.125249
805.745,0.08053
1864.29,0.186361
1242.87,0.124267
1301.16,0.130012
1628.69,0.162796
1488.85,0.148853
983.598,0.0982605
1378.18,0.137758
1191.05,0.118912
1577.27,0.15769
2027.25,0.202626
873.887,0.0873786
681.091,0.0678365
703.931,0.0701705
1107.49,0.11041
1834.8,0.183375
2246.35,0.224551
2110.17,0.210826
1213.98,0.121381
3150.78,0.313751
634.206,0.0633911
2414.83,0.241147
812.33,0.0812108
1021.28,0.102009
1065.54,0.106525
1051.12,0.105016
812.323,0.0811444
425.464,0.0425214
985.819,0.0984535
1798.4,0.17802
1107.52,0.110728
1032.1,0.103195
2476.96,0.247536
1247.03,0.124681
1245.91,0.124514
1891.94,0.18912
939.905,0.0939813
1053.19,0.105297
1173.69,0.117272
1547.09,0.154697
1029.65,0.102784
1255.51,0.125529
3287.99,0.32866
1071.4,0.107085
1060.74,0.105949
1484.71,0.148335
1173.35,0.117309
1342.19,0.134181
611.407,0.0611135
803.146,0.080289
529.566,0.0529165
6738.06,0.67275
1068.25,0.106815
3128.27,0.312702
1405.31,0.140491
3152.59,0.315183
826.861,0.0826783
776.128,0.0776114
1409.55,0.140779
1190.47,0.118934
2415.14,0.24103
1090.19,0.109015
2255.26,0.225477
1774.73,0.17719
1934.53,0.193448
1165.57,0.11624
1218.28,0.121795
1361.66,0.13613
1378.84,0.137633
1053.61,0.105326
1166.59,0.116438
990.406,0.0989717
900.779,0.0900554
642.023,0.0640678
827.239,0.0827157
2547.27,0.253308
1106.74,0.11067
708.025,0.0706769
1014.8,0.101243
1055.04,0.105239
6067.16,0.606206
1217.06,0.121634
707.916,0.0682631
1770.52,0.176742
1070.22,0.106212
3765.65,0.376472
6067.06,0.603921
699.413,0.0628811
1943.35,0.194264
1875.62,0.187313
748.026,0.0747304
3518.55,0.350745
718.735,0.0718698
1388.53,0.138829
1215.31,0.120974
1009.61,0.100863
1288.09,0.128591
878.774,0.0878295
1766.68,0.176422
1491.92,0.149103
3392.95,0.33793
1065.03,0.106429
1096.21,0.109587
6068.53,0.605972
1834.06,0.182929
1718.77,0.170784
1039.8,0.103679
889.552,0.0889523
770.5,0.0770248
5163.22,0.516136
848.428,0.0848341
557.847,0.0557749
1064.67,0.106444
1139.25,0.113893
3880.95,0.387932
872.879,0.0866602
1035.42,0.103535
809.975,0.0809313
1024.86,0.102454
1448.29,0.144658
909.863,0.0909772
1113.83,0.111286
905.678,0.0897801
874.449,0.0874311
839.528,0.0839403
1331.97,0.132516
1939.33,0.193819
1564.72,0.156369
742.25,0.0734171
4089.34,0.408544
2302.85,0.230236
1953.08,0.195282
745.465,0.074523
847.961,0.0847719
938.633,0.0938578
1157.4,0.115681
1332.39,0.133192
950.529,0.0950223
817.756,0.0816586
1127.7,0.112637
926.468,0.0926389
631.066,0.0630988
1092.38,0.109059
896.868,0.0896838
1290.38,0.129005
911.576,0.0911386
1592.37,0.159199
898.995,0.0898969
629.661,0.0629627
1160.59,0.116022
1533.17,0.153256
799.022,0.0798424
723.434,0.0723418
1059.02,0.105894
961.081,0.0960933
1925.51,0.192435
3788.14,0.378753
1653,0.164482
1009.5,0.100927
1248.17,0.124667
1254.44,0.1254
2677.39,0.267655
1941.18,0.194059
3182.69,0.317853
1319.67,0.131744
1599.34,0.159918
1084.35,0.108431
946.495,0.0946353
1072.42,0.107233
6933.32,0.692599
817.079,0.0817024
3908.7,0.390368
1200.78,0.119932
1429.49,0.14294
1338.46,0.133837
714.226,0.0714157
887.217,0.0886583
1252.68,0.0979752
2620.06,0.261924
1777.18,0.177562
1291.42,0.129111
715.156,0.0714449
1283.54,0.128338
1363.5,0.136326
1597.62,0.159716
2284.14,0.22835
883.352,0.0882973
3133.41,0.313067
1111.71,0.11109
1212.99,0.121229
847.139,0.0847015
1512.9,0.151199
617.12,0.061702
9283.03,0.926299
840.113,0.0839244
502.058,0.0502038
767.378,0.0767305
1056.22,0.105559
1306.67,0.130355
1122.89,0.112272
1409.93,0.140652
1143.39,0.114322
929.177,0.0928586
827.234,0.0827222
1343.85,0.134193
1632.32,0.163184
896.862,0.0896639
1308.58,0.130752
1057.36,0.105655
2075.87,0.20752
834.803,0.0824331
2998.5,0.297229
808.118,0.0806601
1199.45,0.11985
1402.06,0.137862
759.855,0.0759668
798.703,0.0798557
1915.02,0.191313
2706.99,0.270533
755.845,0.0753108
2384.97,0.238483
3307.67,0.33056
882.444,0.0881379
878.659,0.0878282
773.141,0.0771717
1862.61,0.18608
1582.2,0.158199
2892.69,0.289178
1057.49,0.10569
1937.11,0.193689
1159.19,0.115873
721.296,0.072121
1593.54,0.158921
7592.64,0.758954
1145.53,0.114525
673.18,0.0673084
26500.1,2.63594
2370.99,0.236945
3291.01,0.32892
2500.46,0.249995
524.969,0.0524892
1656.53,0.165642
885.599,0.0885546
1293.9,0.129368
1226.04,0.122073
1081.66,0.108128
10681.8,1.06359
984.681,0.0984003
1400.84,0.140023
2203.17,0.220219
4749.61,0.474581
1020.58,0.101932
2972.88,0.29715
1828.17,0.182765
712.683,0.0712408
1035.4,0.103494
909.291,0.0909244
973.965,0.0973863
796.317,0.0796061
1024.58,0.102447
818.392,0.0817898
1158.59,0.115849
1337.28,0.133689
3345.33,0.333523
1074.9,0.107454
1013.52,0.101328
2877.85,0.286825
1857.84,0.185556
1021.19,0.102102
738.006,0.0735433
774.821,0.07732
1867.66,0.18672
1559.13,0.155795
3209.71,0.320869
949.322,0.0948597
1140.97,0.114085
