EnergyDeposit(eV),LET(keV/um)
1217.15,0.121698
1092.94,0.109283
864.578,0.086445
840.927,0.0840788
837.503,0.0837276
4776.18,0.476729
2067,0.206586
716.666,0.0715667
752.211,0.0751944
642.944,0.0642517
1340.6,0.133997
780.872,0.0780779
2101.05,0.209866
3695.26,0.368775
1289.04,0.128866
867.397,0.0867035
957.089,0.0957002
1117.58,0.111745
3852.81,0.385134
2646.96,0.264478
1115.49,0.111485
1676.58,0.167548
1265.54,0.126547
761.305,0.0761021
1419.68,0.141919
717.074,0.0716939
1039.94,0.103936
1913.45,0.190287
1110.08,0.110987
1291.5,0.128757
1252.5,0.125227
1516.61,0.151645
587.85,0.0587402
710.62,0.0710405
2028.86,0.202851
1287.97,0.128784
742.743,0.0742572
637.194,0.0634738
946.269,0.0945951
964.587,0.0964494
4931.18,0.492783
1754.72,0.175431
1332.72,0.133222
2216.71,0.221442
945.613,0.0944646
1003.49,0.10034
380.403,0.0380344
3460.22,0.345935
1011.84,0.101167
1337.29,0.133685
985.345,0.0985159
1392.93,0.139233
1396.73,0.139617
751.017,0.0750813
2577.57,0.257664
1497.05,0.149536
2727.25,0.272565
933.963,0.0933666
3595.47,0.357886
844.739,0.0844572
2230.22,0.222892
2503.3,0.250281
16161.7,1.60574
2044.16,0.202424
1566.2,0.156544
813.793,0.0813239
1003.91,0.100369
995.525,0.0995348
3431.65,0.342837
1637.8,0.163721
995.389,0.0975439
2003.17,0.200237
765.407,0.0762683
691.604,0.0691236
1555.64,0.153965
968.324,0.0967716
1368.27,0.136697
1058.87,0.105856
1494.72,0.149399
1080.24,0.107965
1257.94,0.125688
810.204,0.0809878
849.62,0.0849474
793.319,0.079315
1483.55,0.148323
1675.65,0.167532
2162.98,0.216115
1605.88,0.160544
615.171,0.0614609
887.553,0.0887102
1159.43,0.115888
1165.37,0.116469
1487.29,0.148668
867.913,0.0867117
2439.48,0.243873
1243.95,0.124346
1912.18,0.191122
1428.63,0.142854
783.649,0.0783576
1381.6,0.138134
1205.13,0.120502
908.159,0.0907462
1503.89,0.148289
657.47,0.0656705
1464.49,0.146435
750.614,0.0750375
658.253,0.0656891
4004.04,0.400078
843.911,0.0843658
1846.94,0.184654
1609.18,0.160863
1369.5,0.136866
1218.16,0.121695
999.66,0.0998048
533.536,0.0532286
2756.14,0.275431
1177.37,0.117681
1246.27,0.124617
4829.01,0.482777
855.099,0.0850506
1598.91,0.159848
2044.16,0.204117
1649.45,0.164709
1153.85,0.115119
1863.91,0.186371
1235,0.123451
1907.31,0.190633
880.744,0.0879974
1302.3,0.130126
994.065,0.0993552
999.466,0.0999412
467.23,0.046675
1861.4,0.186001
1113.08,0.111297
702.007,0.070186
763.594,0.0763259
958.9,0.0958767
942.77,0.0942692
2827.58,0.282437
784.887,0.0784728
2035.34,0.203456
1623.04,0.161472
970.622,0.0970491
762.676,0.0762564
965.279,0.0965088
1894.27,0.189389
668.169,0.066774
4733.52,0.473279
803.544,0.0803473
1819.23,0.181762
862.072,0.0862037
2409.73,0.240947
1566.03,0.156597
943.023,0.0942691
2221.13,0.221895
2385.27,0.238373
2113.42,0.211063
1509.05,0.150761
1327.5,0.132743
3909.83,0.390499
1078.48,0.107802
2479.35,0.247721
839.709,0.0838516
922.767,0.0921404
723.369,0.0723349
1716.78,0.171645
994.739,0.0993061
1517.58,0.151717
1261.44,0.12611
882.276,0.088221
612.428,0.061222
1137.53,0.113724
10599.2,2.22454
2359.17,0.235545
536.945,0.0536929
658.418,0.0656862
1013.5,0.101322
1918.7,0.191628
1799.57,0.179944
1844.49,0.184299
776.309,0.0775134
2800.05,0.279887
993.853,0.0986547
5063.81,0.505377
2339.04,0.233715
1951.4,0.194507
1448.08,0.144747
1841.25,0.18408
712.613,0.0712524
941.721,0.0941524
1106.84,0.11065
1048.6,0.10478
1097.54,0.109721
1155.82,0.115459
884.257,0.0884025
1187.87,0.118678
1425.91,0.142587
361.536,0.0361357
1584.15,0.158405
682.036,0.0682007
1224.19,0.122146
1687.34,0.168654
1142.26,0.114128
1058.02,0.105757
1657.65,0.165613
2216.24,0.221603
1598.15,0.159777
1119.42,0.111919
1491.67,0.149142
1449.35,0.144498
991.688,0.0991446
899.2,0.0898791
1319.17,0.131896
1498.63,0.149786
2486.36,0.24859
1394.27,0.139321
4660.36,0.465895
1722.29,0.172175
1246.03,0.124582
12433.6,1.23734
1024.43,0.102407
1796.51,0.179593
946.409,0.094595
747.663,0.0747112
826.172,0.0826112
1228.73,0.122781
1488.99,0.148833
1979.14,0.197751
594.964,0.0594902
940.136,0.0940005
1154.08,0.115355
1209.33,0.120926
1537.39,0.153485
742.667,0.0742514
976.371,0.0976342
781.417,0.0781011
1366.45,0.136459
1728.99,0.172814
1428.19,0.142552
926.445,0.0925963
10823.5,1.0727
1045.65,0.104412
788.903,0.0786088
1133.08,0.113302
3004.08,0.300071
839.02,0.0837756
912.819,0.0912391
988.908,0.0988594
1377.52,0.137677
1726.21,0.172596
847.917,0.0847788
1288.46,0.128837
1041.71,0.10414
1298.69,0.129855
4563.82,0.455997
1037.05,0.103468
851.609,0.085141
1074.26,0.107414
881.391,0.0880903
1240.39,0.124021
1780.48,0.177799
720.426,0.0719705
734.632,0.0734528
1215.78,0.121565
650.033,0.064982
604.587,0.0604216
1315.54,0.131539
1398.11,0.139452
917.106,0.0917035
1794.13,0.179363
1599.51,0.159313
733.954,0.0733813
2925.02,0.292279
2480.18,0.247632
1172.89,0.117
855.641,0.0854621
5095.04,0.508311
1913.43,0.191228
1233.11,0.123236
1897.17,0.189669
1063.16,0.10602
1740.29,0.173773
2521.21,0.25188
808.841,0.0808421
716.488,0.0716007
2052.73,0.205169
1276.72,0.127624
614.852,0.0614536
1032.56,0.103216
1017.74,0.10176
975.928,0.0975865
923.953,0.0923356
9106.26,0.906561
1462.56,0.146076
882.386,0.0882298
1557,0.155633
956.162,0.0955258
3115.3,0.311242
1867.57,0.186535
2083.71,0.208135
1901.76,0.189624
1395.29,0.139498
2398.74,0.239771
907.113,0.0906348
2449.29,0.244847
970.26,0.0969648
1002.76,0.100218
1359.33,0.135901
691.139,0.0691046
1520.62,0.152038
2587.91,0.258697
1011.99,0.101158
1035.55,0.103458
2769.81,0.275399
967.013,0.0966821
989.44,0.0988454
1388.48,0.138665
3552.74,0.354842
1315.61,0.131543
893.409,0.0892991
1567.51,0.156701
1198.91,0.119802
1601.92,0.160143
701.32,0.0700804
1932.41,0.19312
1311.24,0.131109
1121.72,0.112076
1287.72,0.128693
1838.89,0.183726
3210.57,0.320843
1153.1,0.115303
1261.91,0.126172
1012.26,0.101055
2262.92,0.226254
1753.91,0.175068
1259.18,0.125759
909.295,0.0909182
989.624,0.0988683
1509.61,0.150915
3516.79,0.35143
2831.33,0.282963
1421.58,0.142117
1855.17,0.185226
1353.57,0.13522
4174.66,0.417271
865.848,0.0865
1230.77,0.122902
1307.9,0.130773
936.498,0.0936129
1491.48,0.149044
2220.8,0.221938
5664,0.566241
763.207,0.0762955
8375.67,2.87542
2075.88,0.207391
954.617,0.0954059
2025.62,0.202139
530.52,0.0529718
1813.07,0.181256
1523.99,0.152338
988.799,0.0988634
1486.89,0.148625
1749.99,0.174867
1509.12,0.150874
731.927,0.0730972
2150.62,0.215002
1458.31,0.145468
763.049,0.0762969
805.5,0.0805392
4608.81,0.460483
756.385,0.0756346
1490.45,0.14876
1338.44,0.133811
1377.06,0.137699
618.871,0.0618051
867.312,0.0867144
1451.72,0.145145
1793.37,0.179088
2383.62,0.238275
4261.28,0.425278
1100,0.109917
5021.05,0.501402
1546.31,0.154303
6856.98,0.684728
1151.45,0.115062
2268.59,0.226308
480.84,0.04803
852.205,0.0851851
1389.24,0.138839
1466.5,0.146436
2171.81,0.216924
1078.16,0.107794
1341.31,0.134044
1090.86,0.109066
1720.99,0.171911
1609.75,0.160963
891.252,0.089041
6170.15,0.616561
589.732,0.0589655
831.401,0.0828393
3422.15,0.341874
1184.45,0.118413
1055.56,0.105541
1253.22,0.125299
1864.51,0.186378
552.768,0.0552667
631.851,0.0631012
960.526,0.096047
830.438,0.0829902
1157.35,0.115726
789.797,0.0789449
1259.85,0.125961
850.002,0.0849935
2582.26,0.25689
967.449,0.0967276
978.524,0.0978198
2104.87,0.210434
670.161,0.0670018
996.571,0.0996516
713.727,0.0713621
853.551,0.0852486
996.925,0.0996221
757.474,0.0757459
1420.46,0.141967
1125.01,0.112475
1361.41,0.135488
2740.03,0.273686
975.306,0.0972049
1458.18,0.145432
2094.88,0.209126
879.15,0.0879051
1872.73,0.186941
829.867,0.0819425
2611.73,0.261128
1924.92,0.192055
733.564,0.0733389
2100.1,0.209999
1313.73,0.131182
1411.89,0.141148
1203.46,0.120317
1104.16,0.110406
903.435,0.0903394
1505.78,0.150561
829.032,0.0828952
985.046,0.0984921
1550.89,0.155034
853.03,0.0852354
3223.68,0.322267
6160.5,0.615165
2195.47,0.219371
1154.06,0.115214
2646.24,0.264451
690.258,0.0690212
1548.27,0.154625
1563.62,0.156316
6301.17,0.628872
1273.7,0.127331
1202.56,0.120175
1171.86,0.112786
1308.17,0.130803
796.993,0.0796899
1071.87,0.107181
2006.81,0.200622
1536.45,0.153638
697.615,0.0697002
985.16,0.0984439
553.444,0.0553301
1097.85,0.109686
1714.87,0.171457
1306.16,0.130551
1533.12,0.15328
1023.36,0.102312
628.685,0.0628628
1353.01,0.135247
889.546,0.088891
1798.29,0.179776
555.603,0.0555217
849.776,0.0849613
2038.7,0.203849
3402.38,0.339782
1099.46,0.109925
1349.92,0.134983
3566.17,0.356561
917.409,0.0916385
1160.21,0.115937
931.582,0.0931485
925.166,0.0924948
1321.92,0.13217
1493.73,0.149321
1522.56,0.152197
1401.42,0.140132
2063.06,0.206026
735.191,0.0735064
1110.12,0.110992
4929.45,0.492399
733.836,0.0733513
1113.94,0.111385
799.271,0.0799206
7689.05,0.767389
2760.96,0.274514
2485.33,0.248514
1861.04,0.186075
950.572,0.0947078
386.847,0.0386698
4666.02,0.466361
677.918,0.0677746
2850,0.284934
1633.98,0.16339
1096.68,0.10961
1102.59,0.110138
1630.06,0.162904
1830.87,0.183032
1465.37,0.146518
1114.09,0.111334
982.498,0.0980897
2104.69,0.210353
1109.92,0.110851
1525.56,0.152431
1104.72,0.110424
1104.78,0.11041
885.895,0.0885809
841.898,0.0841015
975.495,0.097538
1062.05,0.106183
1498.47,0.149823
1451.85,0.14515
1067.07,0.106625
3436.43,0.342671
1290.35,0.128919
973.004,0.0972748
1101.98,0.110174
1586.32,0.158449
706.265,0.0695182
24184.2,2.41172
610,0.0609852
2564.66,0.256317
1727.85,0.172737
1813.3,0.181284
1227.62,0.122647
1087.55,0.108692
1230.57,0.122945
2016.24,0.201385
820.86,0.082075
1165.15,0.116476
1587.4,0.158608
891.197,0.0891097
1275.61,0.127434
1852.6,0.185172
686.667,0.0686591
2380.23,0.236837
6094.09,0.608185
607.728,0.0607551
2604.93,0.260379
903.681,0.0894054
3236.32,0.323523
1506.73,0.150589
1727.59,0.17274
19619.2,1.96095
1450.73,0.144895
2339.28,0.233804
671.366,0.0670988
8663.05,0.863304
1188.02,0.118677
814.822,0.0814448
1231.37,0.12313
7248.66,0.723789
1211.43,0.121097
1318.56,0.131809
1088.28,0.108779
2091.63,0.208975
1320.46,0.131835
6563.45,0.655806
609.037,0.0580939
1660.88,0.166057
881.646,0.0881391
1776.33,0.176107
1462.89,0.146239
1712.19,0.17117
1888.83,0.188707
672.281,0.0671781
752.826,0.0752667
1096.56,0.109631
24367,2.40627
1174.77,0.117473
2372.7,0.23717
924.665,0.09233
1404.49,0.140364
1388.81,0.13778
1075.15,0.107491
832.358,0.0832277
3802.06,0.370336
1137.22,0.113627
1661.21,0.165714
2316.18,0.231544
2122.65,0.211972
803.959,0.0803812
1089.9,0.108958
1397.71,0.139686
22320.5,2.22866
1025.5,0.102538
2219.83,0.221851
677.81,0.0677485
1333.69,0.133354
1795.96,0.179538
2279.02,0.227598
777.711,0.077731
852.637,0.0852422
1015.36,0.101506
1008.33,0.100817
669.108,0.0665268
864.879,0.0864309
2651.12,0.265082
1395.72,0.139483
1163.46,0.116321
1443.46,0.144199
864.226,0.0863901
2410.69,0.241011
1655.19,0.165431
1490.95,0.148896
1021.7,0.102148
1053.76,0.105336
10805.1,1.07994
1936.7,0.193657
947.58,0.094746
2006.8,0.200637
1221.85,0.174426
1780.32,0.177937
1002.65,0.100249
1605,0.160152
2667.15,0.266344
3021.05,0.300977
2299.73,0.229815
932.705,0.0932612
2439.21,0.243822
829.768,0.0829038
5701.18,0.569954
1278.79,0.127871
2021.49,0.201992
2009.63,0.200933
1405.1,0.14045
1155.67,0.115549
1325.79,0.132306
727.752,0.072763
714.628,0.0710781
712.831,0.0712158
773.464,0.0772531
1385.49,0.138514
937.926,0.0937522
679.809,0.0668287
2121.27,0.212001
6684.62,0.667536
1161.96,0.116157
1601.45,0.160028
881.517,0.0880929
965.904,0.096578
683.055,0.0681807
965.154,0.0964557
804.263,0.080378
3411.11,0.340854
2131.28,0.212862
1767.65,0.176743
3493.72,0.348376
2633.85,0.263355
957.507,0.0957454
971.088,0.0970979
1160.29,0.115902
1399.99,0.139805
1068.18,0.106755
1325.43,0.132206
771.287,0.0770954
6470.77,0.644324
916.555,0.0916362
9521.29,0.950679
649.401,0.0649356
1096.43,0.109504
1353.54,0.135304
1122.23,0.112168
901.01,0.0900755
2443.69,0.244237
1898.09,0.189743
657.974,0.0657801
782.624,0.0782426
1622.72,0.162148
795.485,0.0795155
944.612,0.093282
1799.27,0.179901
1064.27,0.106424
680.517,0.0680379
605.384,0.0605176
1360.97,0.136053
608.116,0.0607913
1266.64,0.126126
1421.07,0.14187
4349.98,0.434376
1647.61,0.164682
8939.94,0.891468
2428.18,0.242349
1156.74,0.115095
652.962,0.0652751
1370.04,0.136851
931.04,0.0931014
1028.58,0.10282
848.71,0.0847077
1378.11,0.137683
899.672,0.0899502
1185.75,0.118489
1228.91,0.122827
1765.05,0.176421
654.587,0.0651648
725.051,0.072458
1241.51,0.124112
775.774,0.0775574
599.296,0.059363
1278.04,0.12758
725.454,0.072518
2199.32,0.219783
1607.03,0.160635
1592.17,0.158997
1255.53,0.125484
1089.67,0.108961
2158.05,0.215718
647.747,0.0646805
3992.91,0.398805
2592.17,0.258916
466.407,0.0466361
949.017,0.0948705
857.772,0.0857409
1064.43,0.106325
1197.58,0.119734
1792.66,0.179245
616.836,0.0615608
2000.23,0.199897
640.833,0.0640577
2105.02,0.20993
953.41,0.0953113
1659.91,0.165779
966.834,0.096644
642.113,0.0641225
1180.99,0.118078
1578.52,0.157693
1682.48,0.168084
2413.6,0.241308
1247.54,0.124363
6087.46,0.607513
833.482,0.0833382
915.278,0.091522
573.301,0.0573026
1439.95,0.143932
1305.69,0.130472
2039.56,0.203724
684.354,0.0684316
884.369,0.0884071
1009.44,0.100935
1920.53,0.192006
706.252,0.070623
914.732,0.0913455
2523.28,0.251905
710.11,0.0710088
1180.74,0.11792
1421,0.142066
17424.8,1.74067
1121.22,0.112094
813.367,0.0812997
1603.27,0.160234
1372.25,0.137188
1594.31,0.159282
883.444,0.0883384
1917.91,0.191378
1021.59,0.102138
2124.82,0.211987
3638.5,0.363806
2785.12,0.277592
1507.92,0.150191
563.438,0.0562958
937.316,0.0937248
1169.92,0.116961
1564.49,0.15638
903.823,0.0903751
1208.91,0.12076
6052.93,0.603117
620.79,0.0620747
1068.34,0.106794
1881.13,0.18786
1531.57,0.153124
1135.53,0.113507
1280.54,0.12774
878.679,0.0878519
1028.67,0.102861
1272.46,0.125916
1015.81,0.101546
837.675,0.0837201
861.325,0.0860695
1372.01,0.137169
637.681,0.0637582
693.325,0.0692809
1132.74,0.11322
910.633,0.0910553
1033.73,0.10333
3739.61,0.37387
706.232,0.0705838
1032.01,0.103193
2256.59,0.225611
3608.91,0.360642
1169.05,0.1169
2688.12,0.268702
1130.36,0.113028
1119.38,0.111857
1148.72,0.11481
2291.76,0.229089
531.64,0.0531517
1909.06,0.190879
1421.27,0.142009
2311.88,0.230779
869.177,0.0868874
1592.76,0.15919
2069.32,0.206805
776.11,0.07759
1863.76,0.186337
969.767,0.0969096
1594.57,0.159347
10718.2,1.4585
815.948,0.0815569
2914.61,0.290764
1883.74,0.188283
1066.32,0.106601
1423.37,0.142287
919.131,0.091903
821.477,0.0821296
629.204,0.0629131
537.801,0.0537583
1542.06,0.15404
1188.04,0.118782
2109.17,0.210796
1026.97,0.102513
464.621,0.0464573
783.303,0.0782993
1001.63,0.100025
1157.39,0.11568
2092.38,0.209212
2444.98,0.244378
774.674,0.0774352
906.099,0.0905828
669.904,0.0669873
1205.25,0.12049
1373.89,0.137383
863.353,0.0863296
581.254,0.0581193
1548.94,0.154846
1336.04,0.133532
1048.5,0.10482
915.587,0.0914874
1241.82,0.124038
861.258,0.0861084
1031.42,0.103126
2011.46,0.201121
941.295,0.0940961
1468.2,0.146757
1589.37,0.158756
7239.28,0.721897
2398.76,0.242989
1388.85,0.13872
463.106,0.0463046
1245.88,0.124563
1456.03,0.145503
1458.68,0.14583
1082.83,0.108272
6774.07,3.02509
857.635,0.0856985
7082.69,0.704594
1956.93,0.195578
1445.8,0.144488
656.524,0.0656095
925.123,0.0924949
1851.44,0.18493
946.711,0.0945846
1337.34,0.133576
1247.57,0.12456
553.055,0.0552987
1005.83,0.100579
1834.35,0.183362
1964.19,0.196388
761.768,0.0760999
943.796,0.0938513
683.103,0.0682792
877.171,0.0876761
1813.48,0.181302
1779.07,0.177834
1125.43,0.112511
724.596,0.0724323
1796.62,0.179604
3920.81,0.391848
1417.87,0.141704
1013.51,0.101328
784.018,0.0783802
974.824,0.0974175
2943.25,0.29425
1159.57,0.115879
1029.73,0.102922
1136.01,0.113566
2329.24,0.232827
953.452,0.0952897
914.885,0.0914015
516.283,0.0516001
2901.63,0.290097
705.679,0.0705324
1822.31,0.18195
4730.21,0.472437
1260.07,0.125975
1162.59,0.116243
2398.48,0.239822
1127.99,0.112777
1081.27,0.108087
1026.74,0.102499
6674.77,0.665169
1193.35,0.119168
8297.61,0.829094
1110.07,0.111001
1670.4,0.167007
1321.26,0.131901
924.76,0.0924143
2211.87,0.221085
1002.61,0.100239
1240.31,0.123947
1492.13,0.149176
1369.88,0.136891
989.655,0.0988842
1334.77,0.133446
927.079,0.0926881
1801.03,0.180058
1405.04,0.140199
1025.67,0.102562
1745.8,0.174568
2528.47,0.252744
710.738,0.0710699
880.031,0.0879938
2993.64,0.299036
697.923,0.0697704
1106.82,0.110611
1127.5,0.112698
1551.66,0.15513
485.487,0.0485327
1565.96,0.156551
1148.34,0.114809
1486.43,0.148478
1320.8,0.131978
1544.93,0.15443
1365.74,0.136544
1745,0.174417
727.53,0.0726967
743.42,0.0743309
935.995,0.0930243
1312.22,0.131187
5079.8,0.505595
2455.26,0.24524
2041.53,0.204125
3662.82,0.366208
982.241,0.0981643
910.905,0.0910824
1300.5,0.129675
1527.89,0.152734
1781.88,0.178125
2118.95,0.2118
1980.71,0.198012
827.128,0.0826761
1178.17,0.117689
617.696,0.0617495
1126.19,0.112514
1679.74,0.167894
1172.86,0.116916
1265.65,0.126514
1352.98,0.13525
2368.72,0.23653
1386.66,0.138558
1961.31,0.467619
1155.83,0.115575
919.637,0.0919353
1119.04,0.111865
854.132,0.085381
1787,0.178624
2860.66,0.285879
1411.85,0.141179
4272.47,0.427087
1326.82,0.130453
865.51,0.0865447
997.143,0.0996952
1728.69,0.172416
1415.14,0.141398
1999.77,0.19991
964.643,0.0963792
717.805,0.0717664
607.397,0.0607178
693.766,0.069367
2560.64,0.255792
1547.52,0.15471
708.536,0.0706958
1184.58,0.118429
1431.23,0.143082
2229.62,0.222799
986.457,0.0986435
2078.78,0.207247
1215.73,0.121541
700.636,0.0700506
1433.98,0.143364
1462.17,0.146186
1040.02,0.103844
1373.19,0.137289
588.098,0.0587929
1964.63,0.196437
818.605,0.0818512
1380.51,0.137997
957.158,0.0956678
1945.24,0.194448
1317.83,0.131595
1755.92,0.17549
1144.51,0.114374
667.97,0.0667273
2232.36,0.223182
984.865,0.098485
1330.67,0.133047
1507.84,0.150684
966.036,0.096549
1393.92,0.139342
1777.99,0.1777
660.364,0.0660309
408.004,0.0407993
1343.73,0.134358
2240.25,0.223893
598.391,0.0598351
2045.99,0.204549
1297.13,0.129634
2230.69,0.223039
617.69,0.0617551
1950.3,0.194949
1307.02,0.130515
582.244,0.0581952
1022.34,0.102071
2698.72,0.269555
977.187,0.0976718
910.172,0.0909741
2894.82,0.289252
728.972,0.072869
2310.33,0.230808
870.818,0.0870643
8981.22,0.897168
1832.14,0.182967
1048.13,0.104802
2115.93,0.211476
993.744,0.0993673
818.81,0.0818572
2676.59,0.267599
816.507,0.0816372
753.497,0.0753339
1859.1,0.185729
5387.83,0.526866
7971.65,0.795991
756.898,0.0756804
846.451,0.0846003
9386.36,0.937531
1942.12,0.193992
736.252,0.0736233
1805.94,0.180575
1017.83,0.101726
2647.22,0.263496
652.931,0.0652318
778.438,0.0778315
997.062,0.099641
843.534,0.0843332
2070.79,0.206996
1226.58,0.122648
46074.7,4.55314
975.64,0.0973216
1403.72,0.140305
1542.13,0.154134
2521.74,0.252029
1909.98,0.190975
2032.74,0.203237
1428.57,0.14281
984.278,0.0983208
935.322,0.0932628
2021.73,0.201991
1155.66,0.115558
1058.57,0.105799
1001.92,0.100094
1008.43,0.100839
2263.79,0.25821
811.903,0.0811295
991.529,0.0991211
865.626,0.0865277
996.079,0.099595
1542.44,0.154107
1437.96,0.143788
1962.8,0.196171
762.609,0.0762053
1619.59,0.161932
1440.48,0.14372
1271.59,0.127108
923.386,0.0923086
1027.43,0.102664
2882.1,0.287998
1068.47,0.106842
1102.79,0.110261
1144.78,0.114442
534.934,0.0534917
1330.29,0.133005
899.523,0.0899358
1287.08,0.128688
1617.31,0.161719
936.335,0.0935899
2421.2,0.242022
1389.01,0.13886
1536.96,0.153422
947.782,0.0947441
1344.3,0.134408
1329.84,0.132929
980.795,0.0980532
1750.93,0.175078
1995.63,0.199383
1136.72,0.113639
1775.15,0.177483
809.09,0.080878
1071.32,0.107122
629.505,0.062873
1895.87,0.189547
982.619,0.0977449
1159.81,0.115967
657.363,0.065703
2704.96,0.270406
1498.73,0.149832
1051.83,0.105152
689.541,0.0689425
1273.69,0.127287
3565.71,0.356485
1204.58,0.120374
1140.75,0.114047
2440.62,0.24393
1090.81,0.109054
1163.01,0.116284
1771.35,0.177002
3014.74,0.301231
1032.39,0.103229
1729.45,0.172928
1269.79,0.126948
746.73,0.0746721
1354.23,0.135344
2670.51,0.266975
15786.1,3.45023
1675.22,0.167325
714.424,0.071425
2555.13,0.25543
818.161,0.0817653
1730.6,0.172901
925.177,0.0925101
3172.46,0.317147
1258.36,0.125823
3255.97,0.325356
3099.33,0.309769
1071.37,0.107119
2552.41,0.255179
1213.23,0.12126
2201.36,0.220034
836.352,0.0836262
1534.48,0.153347
1144.82,0.114411
947.025,0.0944952
860.599,0.0860427
868.445,0.0868094
2286,0.227857
1231.55,0.123106
3556.39,0.354808
2702.24,0.26974
1010.55,0.100832
1572.4,0.156843
2281.13,0.227937
1775.55,0.177521
1122.15,0.112188
1600.31,0.158423
11573.9,1.15525
1921.82,0.192136
1160,0.115973
1236.28,0.123553
823.179,0.0822637
2010.94,0.201026
995.988,0.0994481
1308.6,0.130775
928.048,0.0927947
754.885,0.0754282
1026.27,0.102625
1167.41,0.116522
1184.02,0.118392
2627.34,0.262538
980.147,0.0979888
1041.26,0.104032
973.136,0.0972987
2496.89,0.249526
795.346,0.0795296
1143.86,0.114359
874.774,0.0874626
7107.92,0.71032
1751.61,0.175009
1119.38,0.111604
932.698,0.0932315
1149.84,0.114915
526.496,0.0526458
1557.79,0.155713
1122.94,0.112222
4572.39,0.456986
3294.19,0.324257
1014.67,0.101321
483.61,0.048303
882.632,0.0879947
1075.04,0.107487
14762.2,1.47387
1149.39,0.114793
2182.83,0.217967
2574.23,0.257393
1479.12,0.147772
732.882,0.0732189
515.51,0.0515436
1433.51,0.143329
2772.12,0.277129
921.691,0.0921273
980.686,0.098022
618.694,0.0618569
921.769,0.0921737
803.373,0.080308
2281.46,0.22808
2172.11,0.21693
942.197,0.0941673
1160.85,0.116065
1229.63,0.122948
1122.99,0.112292
1465.34,0.146515
1618.75,0.161855
834.749,0.0834632
1176.31,0.117593
2362.82,0.236255
4471.74,0.446209
1695.72,0.169513
1631.36,0.163112
907.234,0.0906091
660.442,0.0660122
4962.68,0.494928
1297.03,0.129441
1307.99,0.130483
1445.17,0.144458
862.164,0.0861914
1416.34,0.141537
1215.18,0.121492
952.059,0.0951842
9504.85,0.949132
1176.46,0.11757
776.529,0.0776476
1325.37,0.132507
1613.23,0.161273
5743.99,0.572003
915.567,0.0915147
883.175,0.0882623
1092.04,0.109194
1795.71,0.179263
1703.65,0.170353
1100.85,0.110007
1214.42,0.121431
920.144,0.0919855
2392.33,0.239209
907.719,0.0907051
786.694,0.0786411
16855.4,1.65835
1207.84,0.120498
829.101,0.0828942
4699.74,0.469801
545.586,0.054515
2001.29,0.199497
6877.6,0.686338
1018.41,0.101831
917.03,0.0916972
1603.9,0.160178
4218.54,0.421587
4924.33,0.492106
530.966,0.0530949
1719.68,0.17175
3276.62,0.327571
1030.42,0.102997
1323.95,0.132313
1008.78,0.100824
22233.5,2.22051
889.96,0.088774
1825.71,0.18247
7588.99,0.758216
777.896,0.0777844
1077.46,0.107729
4555.17,5.29122
1221.66,0.122149
721.781,0.0721615
803.913,0.0803717
1329.27,0.132852
949.487,0.0948754
1371.03,0.137053
988.725,0.0985667
1332.33,0.133146
637.957,0.0637936
1818.94,0.18188
976.987,0.0976222
967.527,0.0967077
888.364,0.0888281
1456.83,0.145575
852.093,0.085156
903.074,0.0902988
805.694,0.0805531
817.182,0.0816351
1026.16,0.102609
3287.61,0.328645
1277.43,0.127671
5117.08,0.510744
1097.22,0.109613
1028.08,0.102798
5563.49,0.553984
2097.35,0.209679
1727.74,0.172632
1376.5,0.137542
1527.6,0.152738
2019.44,0.201656
13934,1.39211
5239.41,0.523715
1665.63,0.166553
1333.19,0.133315
703.123,0.0703005
1922.15,0.192192
1096.72,0.109668
1160.86,0.116061
1336.56,0.133331
1965.1,0.192115
1336.94,0.133685
2329.1,0.232778
4460.32,0.445445
626.481,0.0626059
1116.13,0.111589
961.382,0.0957429
2714.9,0.271357
1296.99,0.129649
1431.42,0.142964
5447.82,0.544661
1782.31,0.175806
852.691,0.0838609
2160.43,0.215996
987.618,0.0987265
1965.41,0.19644
1445.06,0.144394
2672.7,0.266856
795.898,0.0795736
2148.72,0.214805
738.246,0.0738062
1738.01,0.173753
13147.3,1.30989
1466,0.146571
1672.93,0.167259
2387.43,0.238698
4404.44,0.439826
2315.89,0.231435
1494.39,0.149321
1299.43,0.129873
1026.04,0.10253
827.134,0.0826607
1463.49,0.145153
2307.56,0.230701
1074.56,0.10743
1159.35,0.11463
1449.78,0.14496
1033.06,0.103261
1560.94,0.156022
1353.6,0.135337
1350.79,0.135014
15741.7,1.56904
2655.81,0.265485
813.663,0.0813638
1195.51,0.119524
1664.15,0.166304
1448.53,0.144827
8887.06,0.883579
2888.71,0.288811
1236.31,0.123587
1496.9,0.149586
1364.02,0.136355
1347.88,0.134777
587.93,0.0586324
5377.93,0.537688
1416.83,0.141489
1522.82,0.152262
2264.22,0.226267
971.508,0.09714
1994.64,0.199314
1900.69,0.189728
5342.51,0.534013
781.403,0.0781261
1292.73,0.129197
882.167,0.0882109
949.303,0.0949165
2422.49,0.242131
1163.41,0.116233
1072.19,0.107203
1309.73,0.130901
1242.89,0.124259
748.84,0.0748791
911.35,0.0911089
705.979,0.0705896
1641.85,0.1641
1090.61,0.109041
742.612,0.0741956
1683.9,0.16836
4172.02,0.41708
1733.8,0.173152
1303.71,0.13035
2658.31,0.265602
1552.28,0.155196
2598.37,0.259736
770.189,0.077003
683.948,0.0683476
836.875,0.0836739
792.919,0.0792659
645.813,0.0645715
848.465,0.0848313
312.914,0.0312901
880.744,0.0880631
1666.14,0.166499
2528.64,0.252759
648.086,0.064796
817.506,0.0817029
1896.3,0.189599
1146.6,0.114609
1230.93,0.122901
1058.59,0.105774
987.318,0.0986919
750.047,0.0746996
965.11,0.0965
1642.11,0.164168
12736.1,1.27206
1116.57,0.111535
1493.75,0.149349
15782.3,1.57061
746.413,0.0746239
1614.27,0.161413
1163.64,0.116316
564.582,0.056451
1406.92,0.140683
14123.5,1.40531
14111,1.40744
922.353,0.0921667
669.751,0.0669605
1349.25,0.13484
540.885,0.0540441
2972.06,0.297012
1472.69,0.14708
1094.67,0.109435
1586,0.158466
1522.02,0.152176
518.306,0.0518264
839.707,0.083919
905.97,0.0905892
1332.29,0.133063
834.551,0.083311
1276.99,0.127665
2069.16,0.206603
1920.41,0.19198
701.143,0.070086
2365.76,0.236449
1505.03,0.150473
1569.7,0.156833
17704.7,1.76029
1020.27,0.101996
697.901,0.0697738
3822.65,0.379838
1000.2,0.100016
679.877,0.0679744
2622.42,0.26203
1687.75,0.168668
877.789,0.0877731
507.483,0.0507342
2050.15,0.204836
1775.83,0.177044
591.182,0.0590017
1942.33,0.194089
1647.64,0.164744
1608.29,0.160804
2310.24,0.230956
2938.67,0.293745
1035.68,0.103294
1872.09,0.187107
805.112,0.0797853
1733.37,0.173132
1249.2,0.124868
2694.35,0.269148
721.333,0.0720997
3162.49,0.315779
885.122,0.0885009
1359.84,0.13597
1802.16,0.180047
1080.88,0.108047
1164.02,0.116011
2709,0.2708
1287.27,0.128262
2254.54,0.22542
1296.63,0.129652
5211.08,0.520418
1084.34,0.108404
1029.53,0.102927
1125.66,0.112558
1010.25,0.100976
1728.56,0.172628
1153.65,0.115354
547.75,0.0547078
1110.52,0.110993
825.815,0.082213
943.4,0.0943143
989.933,0.0989706
911.696,0.0911264
1183.73,0.118367
1453.68,0.145222
1063.79,0.106344
1366.85,0.136654
1380.43,0.137998
1126.61,0.112379
811.388,0.0810464
1283.31,0.128304
1316.68,0.13166
351.537,0.0351522
15393.5,1.53439
982.776,0.0981865
706.692,0.0706407
2181.56,0.132118
1270.07,0.12694
2660.99,0.266024
1231.6,0.123083
2113.34,0.21126
4966.04,0.496225
1238.41,0.123811
781.572,0.0778517
622.746,0.0622582
1085.42,0.108506
1499.63,0.149929
885.682,0.0885439
22616.8,2.24887
1631.55,0.163082
3546.4,0.354117
2244.42,0.224216
2455.45,0.244986
1401.38,0.14013
1516.17,0.151383
3791.74,0.378741
875.414,0.0875214
900.274,0.0899619
488.288,0.0487876
1106.47,0.110635
1042.27,0.104195
646.382,0.0646261
1602.58,0.160217
926.15,0.0926043
701.725,0.0701674
659.589,0.065952
1434.96,0.143424
1024.18,0.102383
962.486,0.0961759
1859.65,0.18462
957.017,0.0956968
1691.17,0.168933
2357.28,0.235503
1763.62,0.176306
1007.07,0.100681
3208.76,0.32041
1952.74,0.194803
1338.15,0.133794
1738.3,0.173708
1160.69,0.116036
2110.55,0.210871
1865.81,0.186069
853.943,0.0853845
603.645,0.0602967
875.283,0.0868843
1505.36,0.150507
3442.68,0.343608
1288.87,0.128689
1374.98,0.137434
451.882,0.0447585
490.723,0.0490177
896.074,0.0895549
2051.61,0.205047
646.492,0.0646171
1366.11,0.13645
2484.76,0.248425
1456.75,0.145452
709.498,0.0709388
1400.92,0.139165
1188.38,0.118806
755.273,0.0755089
3594.67,0.35931
955.804,0.0954396
2009.5,0.200779
955.557,0.0954523
1178.34,0.117757
1224.31,0.122417
853.82,0.0853665
1898.25,0.189806
1686.73,0.168593
1096.19,0.109613
1151.34,0.115126
408.986,0.0408759
2770.13,0.275737
1652.76,0.165272
627.064,0.0627031
1876.74,0.186904
1000.94,0.100046
6553.88,0.655068
1768.7,0.173437
1294.14,0.129389
1972.7,0.197124
1052.79,0.10488
1949.56,0.19493
4695.6,0.469408
2303.02,0.229936
3064.58,0.30637
1036.17,0.103612
645.748,0.0645102
1272.54,0.12724
1925.95,0.192559
1509.49,0.150738
785.419,0.0784685
1104.46,0.110377
2017.85,0.201124
2420.9,0.241946
1417.06,0.141217
1737.03,0.173616
6386.43,0.63782
617.406,0.061738
1321.18,0.132016
1213.66,0.121361
7711.96,0.770629
1793.78,0.179288
434.035,0.0464912
1387.85,0.138617
635.145,0.0634628
1256.46,0.125569
871.636,0.0871439
1034.45,0.103106
3473.6,0.346976
1085.67,0.108553
1200.91,0.120026
1469.31,0.146892
1318.56,0.131734
1692.08,0.169145
2259.14,0.225861
3384.03,0.33826
582.47,0.0581866
1893.14,0.189282
931.065,0.0929796
1166.66,0.116663
1389.75,0.138924
1070.62,0.107045
694.403,0.0694322
867.365,0.0866617
1166.66,0.116638
1280.9,0.127833
745.061,0.0744915
1966.59,0.196627
1374.68,0.137222
4072.43,0.406603
1321.97,0.132184
941.534,0.0941445
1267.41,0.126718
1447.95,0.144692
823.745,0.0823698
962.801,0.0962211
826.625,0.0826274
1005.01,0.100467
1033.13,0.102898
623.487,0.0623397
1618.02,0.161733
722.727,0.0722499
1681.23,0.16638
969.592,0.0968928
1717.15,0.171689
1284.29,0.128182
2504.49,0.250299
849.233,0.0848802
978.692,0.0978615
946.236,0.0946216
2678.6,0.267805
987.117,0.0986499
3256.86,0.32547
1022.84,0.102272
1637.9,0.163691
1531.18,0.153049
1761.72,0.176119
2805.45,0.280209
2400.28,0.239965
820.976,0.0820731
809.459,0.0809316
2153.37,0.214979
1358.92,0.135884
897.788,0.0897586
723.04,0.0721898
2436.2,0.243511
1056.75,0.105529
2074.81,0.207321
463.381,0.0463154
1124,0.112333
1554.9,0.155362
1442.33,0.14419
4002.96,0.39982
1855.84,0.18554
1573.43,0.155366
1247.41,0.124697
894.659,0.0894515
913.487,0.0912767
1096.06,0.109585
3810.92,0.380822
1097.04,0.109654
1342.1,0.13406
1163.79,0.116324
1449.02,0.144784
2208.67,0.220613
2216.54,0.220963
1408.95,0.140852
834.431,0.0834314
896.928,0.0895589
2661.2,1.75618
6777.19,0.676833
1043.69,0.104264
4005.4,0.40014
1133.75,0.113318
1315.15,0.131475
875.779,0.0875736
2731.66,0.273017
1073.5,0.107334
790.762,0.0776606
1478.94,0.14782
780.905,0.0780788
3449.27,0.344718
2129.63,0.212933
786.734,0.0786343
993.684,0.0993522
1094.92,0.109484
786.274,0.0785817
1215.43,0.12152
1394.64,0.13922
889.044,0.0888764
3418.56,0.341773
1915.46,0.1915
1174.2,0.117397
2717.4,0.271567
1027.86,0.102665
1426.26,0.142595
1888.9,0.188842
666.948,0.0666796
1026.16,0.101168
448.8,0.0448562
1167.46,0.116654
2320.36,0.231981
1091.66,0.109148
1144.88,0.11448
868.916,0.0868282
1035.09,0.103473
1966.61,0.196593
550.974,0.0550903
1316.12,0.131436
1210.59,0.121031
787.025,0.0786647
1053.61,0.105355
1160.67,0.115905
1186.7,0.118652
3568.89,0.356678
924.68,0.0924255
1603.24,0.160164
826.33,0.0825627
1590.46,0.159035
1227.74,0.122682
1113.29,0.111322
2838.74,0.283742
678.046,0.0678002
1533.27,0.153233
1026.72,0.102659
2022.48,0.202222
3784.6,0.378417
824.697,0.0821683
1745.72,0.173957
2014.97,0.201476
2550.07,0.254754
1554.05,0.155308
1389.91,0.138897
1558.43,0.155821
1264.41,0.126426
10304.8,1.02953
2316.27,0.231607
1758.75,0.175355
942.69,0.0942561
1946.68,0.19461
1664.66,0.154988
1981.85,0.194216
6221.42,0.621548
1789.31,0.178901
1216.87,0.12158
975.325,0.097506
769.56,0.0769222
934.245,0.0934016
756.823,0.0756617
2279.75,0.227851
746.941,0.0740636
526.308,0.0526004
501.573,0.0501469
548.752,0.0548727
1362.01,0.320382
1469.22,0.146826
652.14,0.0649773
1853.19,0.185238
869.464,0.0948535
587.036,0.0586906
1453.24,0.145222
881.15,0.0880685
1904.34,0.190042
1215.65,0.121559
1906.95,0.190662
1228.65,0.1227
1709.88,0.170963
687.464,0.068728
751.668,0.0750783
958.263,0.095791
997.079,0.0996836
1457.63,0.145672
1347.03,0.134685
2981.01,0.298015
1777.48,0.177672
1011.25,0.101075
727.851,0.072734
2171.03,0.216957
579.959,0.0579615
1116.61,0.111551
1075.64,0.10754
1818.59,0.181668
2611.8,0.261091
1858.75,0.187289
489.607,0.048952
1567.56,0.156653
650.729,0.0650492
5425.09,0.541665
1107.39,0.108182
1653.16,0.165301
1238.64,0.12384
1496.42,0.14947
1091.14,0.109097
1194.14,0.120562
2165.75,0.216484
4237.79,0.423249
943.831,0.0940306
1431.59,0.143142
729.652,0.0729601
1126.88,0.112607
1555.75,0.155464
1164.63,0.116372
1902.38,0.190214
3024.65,0.302354
706.708,0.0706271
1071.87,0.107131
1198.29,0.119716
1301.96,0.130113
960.24,0.0960062
1616.25,0.161554
659.631,0.0659153
1052.16,0.105203
948.253,0.0947805
1482.56,0.148032
1964.94,0.196298
1270.26,0.126971
867.599,0.0867524
669.978,0.0669836
2577.76,0.257706
2319.51,0.23179
387.528,0.0387437
2186.76,0.218443
997.381,0.0997137
3141.11,0.314065
3336.27,0.333511
6417.51,0.640341
1175.99,0.117585
10038.5,1.00136
761.948,0.0761834
2163.27,0.216011
876.879,0.087662
1656.13,0.16544
1380.57,0.137923
839.661,0.0839338
3647.25,0.364332
3350.16,0.334893
3760.57,0.375771
883.431,0.0882976
3751.21,0.37456
873.17,0.0866182
1241.4,0.123891
1775.62,0.177492
1811.55,0.181088
3439.38,0.343747
917.817,0.0916308
2180.13,0.217889
1120.53,0.112033
872.653,0.0872252
975.672,0.0975479
766.071,0.0766008
887.684,0.0885708
1432.79,0.143181
1323.73,0.132355
936.768,0.0932718
1385.97,0.138588
715.15,0.0714945
962.108,0.096202
3188.16,0.318362
1455.33,0.145501
7566.81,0.755956
1199.49,0.119204
1214.41,0.121148
1310.32,0.131009
1480.61,0.148035
1537.01,0.153685
1529.03,0.152873
1850.49,0.185032
1470.08,0.146996
982.429,0.0982278
914.684,0.0914523
952.831,0.0952713
1609.02,0.160721
1026.15,0.102554
1388.06,0.138722
1488.57,0.14882
2101.57,0.21001
1718.64,0.171708
3416.25,0.341303
556.057,0.0555169
1137.57,0.113675
3422.77,0.342062
1366.05,0.136585
1027.78,0.102721
1632.02,0.16319
1242.78,0.124273
762.331,0.0761786
3770.05,0.376937
2365.69,0.236482
2551.02,0.254474
11176.3,4.01924
5728.47,0.562259
760.774,0.07607
1813.76,0.181333
947.92,0.0947817
1494.12,0.149339
979.132,0.0978236
1179.95,0.117879
2290.91,0.228479
1971.7,0.193399
523.3,0.0523233
1016.53,0.101604
777.141,0.0776908
875.106,0.0861238
2219.99,0.221682
680.441,0.068034
762.657,0.0762493
1066.11,0.106608
3026.13,0.302562
883.302,0.0882921
3219.33,0.32147
1304.62,0.130366
1369.54,0.136932
1025.44,0.102422
1041.57,0.104151
2399.69,0.241171
1411.66,0.141133
1290.2,0.128987
1220.2,0.121924
1250.19,0.124905
1953.51,0.195186
807.545,0.0807492
888.981,0.0888782
5188.65,0.518544
1687.14,0.168528
544.395,0.0543821
7008.51,0.700249
2077.94,0.207697
1051.98,0.105153
913.037,0.0912614
2204.89,0.220432
1954.8,0.195419
1794.97,0.179162
953.916,0.0953828
830.357,0.0830076
1369.69,0.136869
945.584,0.0945271
1146.73,0.114649
1436.66,0.143626
1941.93,0.194122
1506.06,0.150494
2155.63,0.215459
3522.05,0.352122
1818.65,0.181799
756.563,0.0756464
1188.42,0.11879
806.407,0.0806021
1151.14,0.114745
1007.07,0.100586
1206.05,0.120539
1008.97,0.100852
812.105,0.0811994
2773.98,0.277239
1097.42,0.109668
1564.52,0.156436
1472.48,0.147024
1236.71,0.123647
2300.95,0.230041
491.627,0.0490204
1019.52,0.101902
1107.02,0.110691
1201.67,0.120061
785.688,0.0785253
1165.47,0.116469
1490.45,0.148981
1103.93,0.108818
1146.55,0.114643
1494.85,0.149474
2637.38,0.263601
1971.09,0.196998
3988.71,0.398742
1471.28,0.147119
1099.28,0.109902
2825.93,0.28248
938.613,0.0938269
1449.74,0.144944
1263.88,0.126156
3013.73,0.301028
1162.54,0.116175
1304.38,0.130422
1457.56,0.145689
750.732,0.0746636
549.249,0.0547493
1101.24,0.10999
1133.49,0.113337
1643.95,0.164382
1031.97,0.103133
807.265,0.080684
807.425,0.0807262
1097.85,0.109771
1299.54,0.129938
1011.94,0.101125
1450.1,0.144998
1731.78,0.173093
716.413,0.0715968
796.838,0.0796701
699.321,0.069911
1339.12,0.133899
1441.26,0.143921
1145.52,0.114526
901.267,0.0900797
924.544,0.0924446
2199.71,0.219942
931.241,0.0930929
574.418,0.0573964
2816.6,0.281606
8891.25,0.873037
1401.35,0.140125
1744.28,0.174238
967.897,0.0967622
1528.98,0.152879
1243.98,0.124388
1360.53,0.135982
1309.48,0.130815
1363.23,0.136262
1483.57,0.148329
656.234,0.0656131
1045.3,0.104438
1131.95,0.113149
1206.13,0.120566
822.083,0.0821585
1014.76,0.101436
870.132,0.0859293
2729.65,0.272614
1304.91,0.13048
607.09,0.0605023
2111.92,0.211069
647.501,0.0640429
693.771,0.0693187
786.238,0.0786037
934.367,0.0934187
439.025,0.0438917
936.886,0.0936435
1416.14,0.140896
1220.59,0.121985
1101.03,0.110074
1550.57,0.154984
949.945,0.0949916
1376.41,0.137634
1090.47,0.108989
781.954,0.078153
944.573,0.0943181
891.582,0.0889445
1127.59,0.112709
1064.1,0.106364
841.889,0.0841836
861.027,0.0860096
1257.74,0.125662
614.028,0.0611425
1604.67,0.160367
1528.67,0.152753
579.859,0.0579113
2129.5,0.212883
1588.36,0.158817
1158.18,0.115771
896.133,0.0886737
2264.2,0.226353
671.319,0.0671219
1110,0.110959
928.405,0.0928186
2412.88,0.241197
1657.1,0.165688
816.004,0.0815314
1043,0.104231
691.632,0.069106
688.63,0.0688203
784.899,0.0784281
1648.24,0.164588
1479.34,0.147683
1144.32,0.11438
1478.94,0.147701
778.749,0.07784
1369.53,0.136937
724.741,0.072418
1115.39,0.111523
3557.32,0.354994
833.803,0.0833078
3447.02,0.344494
1194.62,0.119442
6781.96,0.677552
808.626,0.0807659
1706.08,0.170587
744.243,0.0743295
970.488,0.0970229
764.934,0.0764653
1915.77,0.191541
1360.16,0.135998
2117.2,0.211568
1209.17,0.120896
2018.25,0.201769
3818.89,0.381675
450.805,0.0450754
1048.36,0.104807
820.245,0.0820008
1668.95,0.166847
947.523,0.0941548
1285.47,0.12852
1947,0.194373
718.386,0.071789
628.733,0.0628504
785.783,0.0785565
1058.24,0.105776
896.83,0.087768
3656.78,0.365534
859.987,0.0859784
1014.21,0.101373
1037.79,0.103738
1207.04,0.120656
3134.48,0.313377
1503.18,0.150162
937.103,0.0934521
1056.31,0.105589
1143,0.114275
634.226,0.0634024
2258.48,0.22558
737.043,0.0736845
1117.5,0.111719
1299.88,0.129964
1150.32,0.115012
1756.79,0.17565
1426.25,0.142606
1709.86,0.17097
1984.68,0.198316
789.961,0.0789592
1731.84,0.173142
2659.26,0.265471
7140.48,6.01775
604.979,0.0604402
1427.72,0.142474
1186.47,0.118569
1581.72,0.15814
744.825,0.0744397
1532.36,0.153038
1131.45,0.113095
7414.66,0.740011
1258.06,0.125662
895.972,0.0895492
760.606,0.0760425
3529.97,0.352749
4107.02,0.408217
656.812,0.0655735
959.506,0.0959131
1368.8,0.136618
1332.16,0.131127
1636.85,0.163588
812.704,0.0812642
821.56,0.0821335
1952.76,0.195153
4808.3,0.48038
565.386,0.0565307
1085.6,0.108484
4123.75,0.411427
1038.32,0.103751
1085.16,0.108196
1692.49,0.169106
1495.71,0.149542
16279.4,1.60744
1102.32,0.110215
896.866,0.0896134
2902.78,0.290055
1810.52,0.180794
2171.64,0.217124
1278.9,0.127687
1370.22,0.136527
659.243,0.0659168
1226.17,0.122595
3474.31,0.347249
1642.54,0.164098
1617.7,0.161718
1469.14,0.146867
960.407,0.0954572
1603.69,0.160231
1287.33,0.128676
4336.53,0.43352
1509.71,0.150937
952.101,0.0951749
1395.28,0.139423
945.559,0.0945027
1057.35,0.10563
1636.26,0.163613
902.834,0.0902576
799.783,0.0799653
809.765,0.0809397
1094.73,0.109224
1082,0.108164
1568.13,0.156515
2315.74,0.231437
3539.47,0.353149
2545.28,0.254392
1551.8,0.15512
2422.8,0.242034
1427.87,0.142699
903.941,0.090348
2718.15,0.269391
957.175,0.0956774
1211.86,0.12118
964.047,0.0963878
925.148,0.0924566
947.536,0.0947505
1491.7,0.149138
811.041,0.0810411
683.621,0.0680444
965.944,0.0965923
669.62,0.0669562
1084.48,0.108431
961.555,0.096148
1558.5,0.155403
2582.02,0.246919
1117.27,0.111662
1004.48,0.100427
1009.93,0.100967
1311.9,0.13117
2405.15,0.240418
704.844,0.0704646
1670.38,0.166916
1224.99,0.122193
1575.25,0.157461
1168.69,0.114841
1220.04,0.121984
2708.64,0.270813
805.074,0.0804869
1211.93,0.121142
1983.85,0.198158
980.497,0.0977992
792.309,0.0790983
1061.67,0.10616
1346.25,0.134602
1344.54,0.133373
3781.36,0.378032
2430.76,0.243039
978.885,0.097869
1295.64,0.129065
545.496,0.0545368
1189.14,0.118544
1911.68,0.191078
1334.56,0.133361
1373.53,0.137318
15653.2,1.56197
1332.19,0.133167
1129.17,0.112389
1265.18,0.126504
970.149,0.0968423
824.883,0.0824339
822.883,0.0822848
996.979,0.0993757
682.914,0.0682423
972.58,0.0971447
1873.17,0.187118
2355.37,0.235479
1638.72,0.163784
2536.31,0.253027
1714.41,0.171427
1057.47,0.105598
1813.54,0.181347
1388.13,0.138795
608.893,0.0608791
2359.33,0.235829
2228.55,0.222668
1692.84,0.169257
1724.86,0.172238
802.137,0.0802072
469.214,0.0468804
1008.07,0.100675
990.3,0.0989832
1004.37,0.100325
1058.89,0.105841
1641.81,0.16415
712.761,0.0712616
1281.07,0.128096
1059.65,0.105951
1109.64,0.110957
690.942,0.0690491
1039.88,0.103899
807.835,0.0807342
1535.36,0.153449
965.761,0.0965581
2604.88,0.260325
1112.41,0.11123
679.023,0.0678772
1260.92,0.125909
1918.94,0.191515
2373.63,0.237279
1225.18,0.122471
2278.03,0.227666
1230.02,0.122987
1094.99,0.109459
1613.84,0.161327
1305.84,0.130546
543.221,0.0543124
1678.87,0.167694
915.662,0.0915594
2227.07,0.222597
1816.82,0.181512
1261.41,0.124284
1046.17,0.104608
1052.71,0.105177
1199.7,0.119931
1057.7,0.105499
1044.18,0.104407
1115.4,0.111511
21125.5,2.1031
643.769,0.064373
718.994,0.0718913
723.191,0.0722948
5167.11,0.515843
1231.41,0.123094
1172.47,0.117185
972.373,0.0972276
4705.93,0.470404
2015.26,0.201402
1118.03,0.110721
1202.31,0.119723
1018.27,0.101801
1188.86,0.118623
602.692,0.0602365
1070.41,0.107035
1176.04,0.117591
1982.2,0.197942
2015.04,0.20113
1193.37,0.119256
966.889,0.0966644
692.612,0.069252
1604.91,0.160355
1107.17,0.110174
1250.66,0.124337
1342.96,0.134236
1037.82,0.103703
3844.81,0.384397
1432.84,0.143162
890.772,0.0890696
1117.7,0.111748
3009.49,0.300523
1408.28,0.140537
2396.7,0.239532
882.682,0.0880274
2477.5,0.247703
4138.89,1.45591
2139.12,0.213742
2390.27,0.239008
2979.04,0.297808
691.188,0.0690509
7891.71,0.787912
1123.76,0.112278
1238.8,0.123774
2072.87,0.207243
921.581,0.0921151
672.64,0.0672423
3378.02,0.337535
1076.62,0.107503
1850.04,0.184886
2669.6,0.266845
4036.41,0.403553
3184.78,0.317481
1648.65,0.164777
1850.97,0.185012
941.398,0.0941105
777.208,0.0775627
999.583,0.0999423
1059.94,0.105974
1045.23,0.104518
1186.5,0.118622
1048.29,0.104737
5351.11,0.534765
463.79,0.0463487
1209.13,0.1209
573.621,0.0573532
1657.9,0.165723
978.592,0.0978288
1320.64,0.131949
1513.06,0.151283
1152.75,0.115223
1002.06,0.100201
649.004,0.0648903
1079.25,0.107838
1822.64,0.182231
1271.85,0.127138
954.758,0.0944045
2033.66,0.203217
877.579,0.0876493
2200.71,0.220011
1351.7,0.135119
798.171,0.0798042
1478.95,0.147744
691.47,0.0691216
778.441,0.0778286
862.82,0.0862267
845.419,0.084513
877.16,0.0875972
1252.55,0.125241
2332.63,0.232857
898.149,0.0897379
2156.19,0.215518
489.449,0.0489164
568.652,0.0567879
1580.43,0.157633
1835.81,0.183399
1885.95,0.188426
1657.09,0.165609
1203.35,0.120327
1240.82,0.124001
968.508,0.0968451
1088.89,0.10806
1604.39,0.160135
1129.15,0.11289
627.02,0.0626946
2083.54,0.206968
1455.46,0.145532
847.832,0.0844968
885.128,0.0884917
1224.02,0.122389
1202.37,0.120215
2505.13,0.250473
867.891,0.0867786
2456.15,0.245521
916.243,0.0915806
491.273,0.0490959
954.347,0.0954239
1027.16,0.102681
2354.33,0.235261
2353.83,0.235164
869.942,0.0869505
1410.76,0.14104
781.037,0.078087
2905.89,0.290537
676.063,0.0676005
839.009,0.0838689
958.641,0.0958563
1264.08,0.126306
1615.31,0.160206
1248.47,0.124756
1400.22,0.139991
594.045,0.0593637
1128.87,0.112859
1102.71,0.111526
1378.78,0.137778
1301.98,0.130186
2135.4,0.213476
1288.81,0.128836
997.121,0.0996865
552.077,0.0552043
1423.4,0.142288
1379,0.137877
1530.74,0.152245
3301.92,0.329916
1084.4,0.108427
388.458,0.0388421
680.973,0.0680826
1656.28,0.1656
1118.44,0.111809
845.174,0.0844879
1047.67,0.104738
776.182,0.0775828
559.934,0.0559858
1480.31,0.147994
1646.07,0.164556
1483.43,0.148251
1532.24,0.153183
626.741,0.0626536
995.759,0.0995735
827.437,0.0826613
523.987,0.0523596
955.36,0.0955276
1267.29,0.126662
1533.76,0.15324
1186.16,0.118593
1198.07,0.119602
1772.1,0.177158
1507.08,0.150697
1835.94,0.183505
755.223,0.0755067
828.564,0.082833
591.159,0.0590163
1268.56,0.126581
777.589,0.0777451
1236.71,0.123613
808.74,0.0808685
1277,0.127492
2110.89,0.210979
1518.23,0.151802
1593.64,0.159347
1267.92,0.12673
2157.46,0.215462
2041.64,0.204101
1161.06,0.115727
4377.73,0.437073
1755.92,0.175533
770.029,0.0768985
3315.07,0.330811
827.413,0.0827394
1388.99,0.138824
1587.68,0.158704
698.51,0.0698486
810.164,0.0809927
861.492,0.0861339
1203.79,0.12037
1404.31,0.140335
1138.04,0.113792
1430.64,0.142501
2470.84,0.246802
461.443,0.0461392
1431.9,0.143178
6194.64,0.617684
805.329,0.0804339
1611.96,0.161093
2458.21,0.245509
914.735,0.0914616
1313.81,0.131312
1374.06,0.137388
1064.24,0.102372
1275.94,0.127559
1137.88,0.113639
2593.65,0.258565
910.297,0.0909928
14612.1,1.45639
2559.39,0.255779
3320.11,0.33157
1149.96,0.114955
1796.64,0.179647
6105.84,0.609044
901.35,0.0900483
1674.39,0.167399
992.819,0.0992323
1006.44,0.100566
1739.09,0.173483
1829.51,0.182882
824.606,0.0824408
1375.81,0.137254
475.816,0.0475763
1563.69,0.155993
1057.3,0.105707
1017.01,0.101682
881.092,0.0881001
1867.87,0.18677
898.344,0.0897854
1032.54,0.103238
1548.27,0.154725
1771.56,0.177111
2564.14,0.256351
1268.27,0.126812
726.813,0.0726436
1763.48,0.176233
1624.99,0.162467
4566.6,0.455882
996.529,0.0996413
3415.63,0.340423
2166.32,0.216027
2821.19,0.282062
917.558,0.0917192
5102.98,0.510036
1148.28,0.114722
1152.99,0.115269
1130.44,0.113001
2284.21,0.228274
2748.41,0.274633
1602.34,0.159988
996.271,0.0996141
1118.13,0.111778
1735.65,0.173308
1403.04,0.140224
3768.8,0.3762
1599.4,0.159833
6794,0.678876
1605.91,0.160479
1555.18,0.155464
2123.81,0.211689
1657.33,0.165705
1859.48,0.185917
1723.91,0.172219
929.366,0.0924161
1215.99,0.121558
1707.98,0.169795
977.375,0.0977282
4332.7,0.432785
1168.99,0.116593
1244.98,0.124325
5692.13,0.568741
1542.94,0.154278
1024.16,0.10214
1270.63,0.127057
1001.69,0.0999411
2112.94,0.211102
827.938,0.0827116
1026.28,0.102625
1363.34,0.136221
1479.06,0.147791
3555.92,0.355345
999.614,0.0998104
709.169,0.0708962
1365.38,0.136516
2214.39,0.221381
2147.15,0.214602
2233.61,0.222767
1141.74,0.114156
1654.66,0.165362
812.251,0.0810798
1420.5,0.141939
1591.82,0.159099
1550.5,0.154953
1776.7,0.177633
1539.6,0.153886
976.584,0.0972795
991.39,0.0991077
967.402,0.0967327
1972.62,0.197209
1306.98,0.130607
1332.14,0.133205
779.617,0.0779507
1770.56,0.177009
1511.94,0.150939
913.469,0.0929339
479.498,0.0479434
649.977,0.0649444
1914.77,0.191443
1274.19,0.127369
24774.3,2.44665
1683.04,0.168287
23260.9,2.31781
2303.51,0.230226
1711.6,0.171132
886.521,0.0886477
1192.02,0.119181
1329.72,0.132833
2160.94,0.216019
576.378,0.0576248
1296.54,0.129605
787.982,0.0787737
1536.87,0.153677
830.098,0.0828768
2074.06,0.207277
1021.4,0.100729
1215.87,0.121571
2001.53,0.199581
678.849,0.0678774
1258.14,0.125718
986.351,0.0986283
1860.8,0.185942
1363.12,0.136286
2320.24,0.231555
1284.34,0.128375
1661.44,0.166108
1604.19,0.158228
1035.82,0.103558
1631.29,0.163115
763.976,0.0763924
2199,0.219633
3056.58,0.305588
1715.76,0.171544
1446.65,0.144585
3489.21,0.348277
5989.77,0.598691
2443.7,0.244342
1516.5,0.15159
2819.75,0.281872
1016.54,0.101612
1428.5,0.142821
1954.29,0.195067
1357.66,0.135762
1069.78,0.106911
1251.28,0.125042
1032.71,0.103077
1141.52,0.114141
1800.77,0.180003
1382.69,0.138238
1099.27,0.109905
1768.71,0.176798
2969.37,0.296841
1228.76,0.122789
1381.25,0.138101
853.247,0.085309
1078.48,0.107832
12561.8,1.25483
1936.94,0.193603
1034.25,0.101901
792.58,0.0792537
1120.24,0.111955
1343.12,0.134189
2032.23,0.203156
879.979,0.0879916
1796.12,0.179192
1197.68,0.119671
1318.21,0.131736
1243.39,0.12432
945.81,0.0945508
575.167,0.0575065
2040.05,0.203991
1750.36,0.174926
1403.64,0.140346
853.258,0.0852268
642.42,0.0641507
2552.52,0.255058
1306.61,0.130584
1221.42,0.122038
1608.02,0.160638
1091.44,0.109101
1034.96,0.10347
2588.01,0.258589
1029.6,0.10293
933.609,0.0932576
1383.05,0.138174
516.894,0.0516673
1247.75,0.124716
1441.82,0.14372
815.992,0.0815318
1498.62,0.149599
967.944,0.0967627
1221.13,0.12211
1194.85,0.119454
1170.23,0.116988
1701.63,0.170065
851.047,0.0848553
1285.73,0.128534
1669.26,0.166503
1326.64,0.13263
2054.32,0.205131
1484.25,0.148418
683.433,0.068321
899.816,0.0899704
4010.02,0.400576
4594.34,0.438182
956.673,0.0955863
1593.95,0.159285
1050.41,0.105007
7195.76,0.718441
1338.95,0.13386
1461.24,0.145762
607.469,0.0607407
1184.55,0.118429
1027.38,0.10269
1270.26,0.127016
3046.66,0.304512
2180.03,0.217797
2180,0.217931
1604.4,0.162241
1124.78,0.112445
1049.79,0.104941
855.632,0.0855465
1140.35,0.114021
1750.53,0.174992
1826.35,0.182595
4072.41,0.407193
1302.28,0.129823
1062.83,0.106151
1915.21,0.191437
1792.48,0.179158
391.203,0.039115
1538.74,0.153595
1700.45,0.17
939.548,0.0939434
2954.32,0.295231
942.361,0.0941616
2889.47,0.28886
643.588,0.0643577
1331.47,0.133109
1821.94,0.182026
1746.62,0.174589
1993.2,0.199243
1392.36,0.139192
1227.36,0.122652
656.533,0.0656452
953.636,0.0952866
868.816,0.08687
932.329,0.0931708
1261.35,0.126109
1106.25,0.105352
865.373,0.0864845
536.823,0.0535674
1955.55,0.195504
588.129,0.0587366
894.365,0.0893769
2137.2,0.213706
809.697,0.0809455
553.417,0.0553158
4506.58,0.450373
1019.99,0.101889
2057.24,0.205574
1709.09,0.17085
4316.12,0.431257
816.728,0.081643
2443.68,0.244313
1674.61,0.167364
1999.98,0.199829
2476.84,0.24681
1510.71,0.151039
1040.2,0.103927
937.015,0.093687
1797.34,0.179575
837.502,0.0837041
1203.69,0.120327
856.404,0.0856293
1061.47,0.106089
759.395,0.0759178
1248.08,0.12467
950.668,0.0950603
798.794,0.0798059
1122.26,0.112079
637.516,0.0637313
1217.76,0.119919
1198.67,0.119761
1869.01,0.185085
1448.35,0.144686
1335.03,0.132721
1373.18,0.13722
1063.48,0.106338
1445.37,0.144274
904.458,0.0904326
1532.79,0.153197
2174.07,0.217205
1276.92,0.127591
493.905,0.0493838
1291.48,0.128701
1209.38,0.120931
931.97,0.09272
1177.29,0.117241
1129.28,0.112765
1852.18,0.185052
522.81,0.0522569
3154.28,0.315016
3102.43,0.309926
694.752,0.0694575
933.49,0.0933028
3968.8,0.396277
995.982,0.0994612
1319.92,0.131874
4540.6,0.452369
1111.67,0.1111
6194.65,0.619183
2409.93,0.24079
2374.57,0.237354
1267.64,0.126635
811.113,0.081107
1140.44,0.114018
2434.47,0.24308
1062.16,0.106175
1063.45,0.106331
687.332,0.0686924
807.917,0.0807487
763.374,0.0763193
1673.57,0.167133
949.646,0.0948256
1143.55,0.114183
1641.25,0.164103
1638.59,0.163648
1055.49,0.105134
1108.7,0.110837
1568.17,0.156791
875.833,0.0875033
882.613,0.0881599
928.939,0.0928364
846.74,0.0846369
1749.86,0.174929
1601.99,0.160151
825.64,0.0825475
1276.34,0.127575
685.745,0.0685355
1167.5,0.116735
4091.26,0.408732
2162.38,0.211619
3504.37,0.329838
847.422,0.0847232
2253.25,0.225295
2140.81,0.213865
928.171,0.0927944
919.41,0.0918797
9946.25,0.99406
1179.46,0.117917
1782.11,0.17805
1924.49,0.18885
2248.46,0.223945
1102.4,0.110225
844.4,0.0844205
1151.25,0.11495
1647.59,0.16471
6835.99,0.680845
3917.65,0.391619
1507.18,0.149896
1802.32,0.180101
1073.87,0.107374
985.818,0.0984009
772.562,0.0772518
1056.12,0.105572
1825.37,0.182436
1413.34,0.141134
2635.43,0.263429
1066.76,0.106671
728.445,0.0725207
836.743,0.0836211
1393.14,0.139257
744.91,0.0744567
1081.41,0.1081
1288.94,0.128877
796.776,0.0796197
1578.94,0.157748
2094.62,0.209118
4688.01,0.468324
1245.21,0.124479
1430.65,0.14304
1529.79,0.152952
3207.15,0.320373
1007.57,0.100731
1265.58,0.126456
634.585,0.0634538
692.756,0.0690383
1113.16,0.111188
2575.81,0.257468
1122.36,0.112203
1897.79,0.189697
1321.58,0.13197
1732.28,0.173102
1604.75,0.160458
1266.87,0.124939
7829.47,0.782336
1066.56,0.106566
1143.53,0.114304
1391.81,0.139162
1062.33,0.106123
1438.68,0.143724
2000.51,0.2
1232.02,0.123189
1311.21,0.130985
1143.7,0.114335
9327.21,0.925922
1914.06,0.191363
589.259,0.0589089
1965.71,0.196458
893.499,0.087683
1057.75,0.105734
866.841,0.086567
3224.38,0.321823
2917.9,0.291474
1229.06,0.122774
678.276,0.0678053
1758.26,0.175724
736.483,0.0736396
716.484,0.0716151
2146.97,0.214618
1386.24,0.138609
1023.5,0.102309
1137.9,0.113726
994.623,0.0994516
905.587,0.0905415
1794.97,0.179483
1058.46,0.105804
1484.43,0.148418
1614.49,0.161431
742.83,0.0742552
795.24,0.0795125
1268.73,0.126801
1295.67,0.129462
1025.68,0.102473
1636.19,0.163579
813.811,0.0813782
1056.68,0.105572
1166.05,0.116398
771.313,0.0771245
1404.61,0.140449
1000.51,0.0999823
771.423,0.077081
15857.3,1.57929
826.44,0.0825704
1838.09,0.18376
2253.95,0.224909
2222.3,0.222052
1511.46,0.151071
617.305,0.0617081
1714.91,0.171451
963.669,0.0962995
960.794,0.0960724
740.736,0.0739564
1681.63,0.167701
656.841,0.0656734
1486.97,0.148602
1256.33,0.125387
758.346,0.0758274
2739.33,0.273804
5787.48,0.577776
1344.98,0.134174
2060.38,0.205923
744.804,0.0744652
1730.14,0.172963
1705.36,0.170466
1387.22,0.138627
1617.41,0.161641
1575.31,0.157523
9961.6,0.995893
1220.98,0.122055
1140.56,0.114014
872.776,0.0867295
2318.42,0.231632
1261.3,0.126113
1093.3,0.109317
1131.98,0.113166
3030.74,0.302397
1129.93,0.112922
1171.95,0.117171
1404.54,0.140339
2233.12,0.223277
1315.56,0.131546
914.726,0.0913988
1363.44,0.136279
814.579,0.0814344
636.321,0.0635512
725.425,0.07253
2547.1,0.253322
7905.2,0.785968
1709.95,0.170978
1371.46,0.137112
1260.41,0.126024
1538.18,0.153685
1839.56,0.18393
1340.15,0.133836
1615.47,0.161521
1334.98,0.133432
20333.8,2.01854
1354.19,0.135381
1177.12,0.117614
2325.51,0.232226
1819.09,0.181899
1177.58,0.117697
671.946,0.0668258
1557.57,0.155655
1948.04,0.194565
1091.41,0.109084
1151.87,0.115169
952.668,0.0952586
1118.38,0.111754
1141.72,0.112839
1738,0.173774
8672.72,0.864164
1355.51,0.135506
1658.05,0.165421
954.532,0.0954397
1636.35,0.163605
1225.11,0.122439
769.34,0.0769101
690.496,0.0684865
602.536,0.0602162
736.971,0.0735462
927.948,0.0927877
888.307,0.0887849
1918.23,0.191516
1780.49,0.17785
1686.13,0.168368
984.632,0.098368
650.185,0.0649936
902.179,0.0901447
1150.38,0.114932
839.564,0.0839487
1737.97,0.17378
1132.16,0.113177
1359.96,0.135968
1273.02,0.127265
1654.3,0.165145
2819.87,0.281547
1991.34,0.198995
740.387,0.0740268
1142.25,0.114192
886.743,0.0886717
1907.76,0.190618
1352.72,0.13523
926.667,0.0925865
1741.85,0.17411
1412.7,0.141237
1596.65,0.159559
771.57,0.0771323
748.45,0.0745677
588.521,0.0588257
533.571,0.0533479
1058.01,0.105767
3235.1,0.323089
883.704,0.0883129
2895.48,0.289432
1021.88,0.101995
944.122,0.0943864
1368.81,0.136856
653.584,0.0653171
1454.37,0.145396
1011.5,0.100992
989.133,0.0988952
1000.21,0.0999296
1847.45,0.18457
2674.64,0.267422
2074.03,0.207215
1002.99,0.107738
2817.71,0.281338
1123.85,0.112238
1034.74,0.103421
5422.27,0.542161
658.68,0.06571
808.664,0.0807888
1267.53,0.126727
846.062,0.0845874
7869.72,4.93003
801.686,0.0801116
1881.32,0.188114
2755.51,0.27548
1686.95,0.168569
1195.26,0.119514
4201.98,0.419993
2343.29,0.234298
1288.46,0.128712
694.118,0.0693951
996.929,0.0996595
1820.39,0.181961
1541.91,0.15418
779.737,0.0779646
1543.02,0.154221
878.179,0.087772
3107.6,0.310516
1466.27,0.146563
1140.16,0.113919
1817.25,0.181702
1162.12,0.116084
9869.25,0.983996
786.919,0.0786878
3048.12,0.304607
1481.72,0.147696
1313.67,0.131276
2822.65,0.281916
785.908,0.0785729
1081.2,0.108075
935.93,0.0935877
2239.58,0.223703
1021.65,0.102104
1076.71,0.107658
1381.18,0.138073
859.691,0.0859456
591.161,0.0589769
2398.73,0.239793
680.226,0.0680196
1091.71,0.109145
2002.74,0.200063
972.857,0.0972828
1476.41,0.147616
1171.22,0.117102
3391.63,0.338847
1858.24,0.185706
727.36,0.0727218
2936.92,0.293556
2759.44,0.275473
1249.47,0.124944
890.357,0.0890303
1577.16,0.15764
1336.86,0.13368
1013.13,0.101258
3033.44,0.303242
1527.49,0.152694
1771.68,0.177142
1432.8,0.143164
836.819,0.0836251
506.095,0.050442
4617.45,0.461362
1238.06,0.123797
1197.57,0.119475
1620.35,0.161998
993.179,0.0992639
3111.78,0.310657
1237.82,0.123731
1176.1,0.117598
1474.22,0.147372
1249.41,0.124685
1316.06,0.131506
888.206,0.0887581
8800.92,0.873785
3276.35,0.327461
1244.35,0.124387
2121.54,0.211801
536.284,0.0535604
1427.73,0.141481
3047.25,0.304128
1045.11,0.104501
1717.7,0.171635
2150.17,0.214926
2155.53,0.214798
1420.44,0.141962
550.002,0.0549705
1440.26,0.143992
3434.78,0.343212
514.467,0.051401
921.585,0.0919905
1125.05,0.112457
1390.79,0.139065
1787.45,0.1787
2049.82,0.203218
698.576,0.0697941
1771.29,0.177111
960.543,0.0959833
1173.38,0.117097
1643.97,0.164361
992.215,0.0992036
1691.19,0.168987
1090.37,0.108941
577.965,0.0577577
802.987,0.080287
1288.82,0.128874
1060.8,0.106045
1511.42,0.151028
9306.66,0.930268
997.387,0.0996828
1534.5,0.153416
1180.46,0.117945
4060.82,0.405664
1201.62,0.120085
2441.99,0.243752
787.384,0.0786915
1508.55,0.150722
4621.47,0.462043
856.551,0.085583
1062.42,0.10623
1047.69,0.104739
1351.41,0.135005
1277.57,0.12742
1573.66,0.157332
857.144,0.0856902
932.243,0.0931916
806.918,0.0806824
1064.1,0.106354
1095.21,0.109485
1046.35,0.104621
980.545,0.0979563
1165.1,0.116348
1087.63,0.108704
1033.05,0.103286
1389.11,0.138904
1112.22,0.111188
1120.56,0.112031
968.776,0.096868
527.933,0.0527738
1563.18,0.156259
4071.77,0.407004
872.984,0.0872635
1919.67,0.191436
1145.81,0.114534
2558.56,0.255773
945.961,0.0945822
698.327,0.0698124
1707.6,0.170731
1023.15,0.102287
6173.77,0.615998
1476.86,0.147681
1074.74,0.107413
2451.73,0.24516
978.126,0.0977938
1540.23,0.153832
1106.9,0.110566
835.064,0.08335
822.75,0.0822583
1476.84,0.147655
1042.81,0.104277
1673.4,0.167163
3515.84,0.350367
1624.68,0.162435
2363.12,0.236291
1058.48,0.10583
705.998,0.0705666
3380.72,0.33795
1217.44,0.121704
2266.04,0.225633
1598.97,0.159853
1170.47,0.116945
673.365,0.0672753
1658.54,0.163024
1125.51,0.112541
1091.65,0.109074
1627.54,0.162683
1172.83,0.117165
5087.88,0.508462
1677.02,0.167642
3368.72,0.336777
1966.54,0.196347
3024.66,0.302322
2847.32,0.284628
736.519,0.0736293
1394.09,0.139391
1177.24,0.117643
1629.63,0.162794
883.837,0.0883774
898.338,0.0898107
3700,0.369936
14190.4,1.41833
1373.69,0.137325
1707.68,0.170737
857.934,0.0856097
1007.84,0.100523
1047.91,0.104784
448.61,0.0447885
3015.93,0.300787
1466.61,0.146618
1378.58,0.137745
700.228,0.0700136
1778.62,0.177807
1545.02,0.154409
1237.06,0.123684
3095.08,0.308732
1083.37,0.108238
1050.92,0.105082
937.468,0.0937424
1895.39,0.189314
1136,0.113586
881.013,0.0880831
1176.22,0.117521
1188.92,0.118875
1043.84,0.104352
1220.49,0.121966
841.947,0.0841355
963.258,0.096128
1057.05,0.105698
1093.79,0.109233
2354.4,0.235352
735.224,0.0735069
1491.26,0.149013
754.832,0.0754722
991.935,0.099181
1927.7,0.192699
1126.41,0.112559
1187.4,0.118664
3169.38,0.316845
1375.79,0.13751
1224.07,0.122374
924.577,0.0923886
1611.38,0.16112
774.558,0.0774443
3003.52,0.300212
2935.89,0.293394
955.906,0.0955328
1659.8,0.165946
1315.88,0.131569
1018.24,0.101766
1577.88,0.15778
1099.97,0.109938
548.594,0.0548543
979.314,0.0978195
746.865,0.0745036
1887.23,0.188516
1694.33,0.169301
914.796,0.0914383
1407.51,0.140662
1601.42,0.160119
1102.6,0.110234
1454.14,0.145395
1170.44,0.11692
1484.29,0.148418
2333.3,0.232885
735.891,0.0735391
11473.5,1.14617
734.024,0.0733841
2564.44,0.256418
667.393,0.0667364
1432.1,0.143179
1106.1,0.110603
1495.59,0.149517
1983.23,0.198263
1120.61,0.111783
446.527,0.0446498
1866.48,0.185985
1872.05,0.187116
2022.18,0.202026
6038.13,0.602835
1322.93,0.131319
2484.63,0.247174
3343.09,0.334118
1926.74,0.191609
1659.18,0.165848
1591.72,0.159109
1817.55,0.18167
2090.08,0.208806
901.853,0.0901616
2262.2,0.225688
1200.02,0.119963
857.857,0.0857574
9457.08,0.941694
3990.2,0.371194
1149.5,0.11402
626.038,0.06257
1195.2,0.119498
1596.91,0.159679
1640.24,0.164004
1220.18,0.121927
2091.34,0.209021
1743.95,0.174371
859.265,0.0859224
1382.22,0.13815
6942.1,0.692982
1653.63,0.165339
1136.82,0.113588
1631.47,0.162988
1042.09,0.104166
1751.41,0.175073
1509.37,0.150923
675.426,0.0669758
1066.28,0.105969
926.879,0.0926721
644.282,0.0644134
22250.1,2.20815
3976.97,0.397159
566.446,0.0566414
1154.36,0.115421
1133.99,0.113394
1443.56,0.144309
800.242,0.079998
852.637,0.0852406
656.372,0.065624
1338.38,0.133763
611.748,0.0611416
741.399,0.0741204
1462.74,0.146195
2429.18,0.242815
1146.59,0.114597
826.574,0.0825544
2563.9,0.256145
776.65,0.0775766
846.744,0.0846483
2106.82,0.210511
905.395,0.0905256
1551.52,0.155116
2666.25,0.266083
2621.01,0.261883
5546.5,0.553629
1080.02,0.107977
947.642,0.0947324
889.404,0.0888825
1181.15,0.118067
1100.73,0.109941
666.588,0.0666227
1425.78,0.14245
947.582,0.0946531
1107.87,0.11068
2238.14,0.223555
1411.93,0.141163
6624.7,0.661555
1349.35,0.13493
1811.47,0.181088
2067.8,0.206697
816.322,0.0815031
833.669,0.0833367
3732.33,0.372957
665.925,0.0665886
855.228,0.0854831
1971.78,0.197142
2058.88,0.205826
1157.56,0.11571
890.687,0.088515
1098.08,0.109798
1089.25,0.108897
1088.39,0.108837
6358.95,0.635258
1550.06,0.154955
2000.3,0.200001
842.55,0.084101
629.293,0.0628645
1286.11,0.128561
1429.22,0.139579
1805.99,0.180519
1716.43,0.171532
1074.09,0.10567
2608.15,0.260711
990.659,0.099053
697.726,0.0697298
1151.72,0.115083
2296.9,0.229197
1609.37,0.160929
1078.23,0.107803
1181.18,0.118015
1350.47,0.134951
4307.99,0.43046
1585.97,0.158537
887.967,0.0887701
1775.86,0.17739
1000.35,0.100017
2255.01,0.225412
1672.23,0.167169
2129.71,0.212768
711.919,0.0711875
1109.3,0.110873
2495.46,0.249516
805.986,0.0805895
825.78,0.0825075
651.686,0.0651565
1698.94,0.169831
1472.59,0.147214
1368.04,0.136752
743.061,0.0743027
2914.18,0.291301
1913.36,0.191248
772.646,0.0772373
2843.54,0.284167
744.143,0.0744078
2270.45,0.226718
2720.84,0.272011
1339.71,0.133933
2460.15,0.245836
1904.92,0.190484
1387.69,0.138184
601.226,0.0601161
1064.99,0.106421
566.159,0.0562542
2293.83,0.229275
945.952,0.0945234
1026.47,0.102612
1224.71,0.122446
1334.41,0.133399
3053.84,0.305322
1028.08,0.102781
2397.26,0.239113
3749.44,0.374585
781.466,0.0781398
1357.48,0.135645
662.964,0.0662741
1392.58,0.136753
1123.51,0.112117
1178.34,0.117736
1126.93,0.112613
934.714,0.0934673
1031.11,0.103026
1474.29,0.147311
1568.31,0.156799
2327.46,0.232532
596.987,0.0596747
2421,0.241919
1620.35,0.161944
6864.29,0.683245
818.616,0.0818241
854.359,0.0854224
1288.56,0.128729
1203.29,0.120258
1210.25,0.120973
997.855,0.0997808
1924.1,0.192358
1098.44,0.108828
1692.02,0.169107
781.277,0.0780461
1200.9,0.120087
1044.05,0.104333
1562.38,0.156015
696.727,0.0696603
1026.34,0.102525
603.631,0.0602179
1399.43,0.139831
888.283,0.0887917
809.456,0.0808959
1056.18,0.105613
1869.94,0.186856
2258.33,0.22524
952.479,0.0950894
1121.66,0.11214
632.494,0.0632362
1153.48,0.115332
928.409,0.0926423
1077.21,0.107655
1415.71,0.141463
970.157,0.0967232
2113.7,0.21129
2144.27,0.213682
1199,0.119885
987.868,0.0987797
975.097,0.0974806
1862.87,0.186179
1647.14,0.164693
1010.01,0.100801
2615.62,0.26102
11184.5,1.11682
876.745,0.087664
936.883,0.0936654
2130.9,0.212447
1350.22,0.13496
3363.27,0.336239
3060.99,0.305677
1950.12,0.194876
920.877,0.0920259
1360.85,0.136068
1339.68,0.133954
920.001,0.0919547
1471.65,0.147098
3039.03,0.303665
772.337,0.0772247
1047.36,0.104717
884.671,0.0884592
1058.36,0.105769
1131.63,0.113148
1171.92,0.117161
4374.21,0.436814
982.666,0.0981791
1250.15,0.124987
1021.14,0.102079
1912.38,0.191079
1123.53,0.112197
968.501,0.0968113
1460.22,0.14577
4240.75,0.423788
10786.6,1.07539
899.571,0.0899115
2738.23,0.273347
1416.31,0.141597
990.096,0.0989694
803.483,0.0803447
2370.35,0.236531
1487.31,0.148208
1357.01,0.135665
1314.25,0.120451
691.925,0.0691336
1622.76,0.162152
948.038,0.0947844
1802.86,0.180157
614.536,0.0614285
7328.78,0.732382
702.167,0.0701541
1373.32,0.137246
1202.43,0.120025
2466.48,0.246482
2494.57,0.249437
2095.03,0.209493
905.271,0.0904731
1449.11,0.144884
4238.16,0.423232
1750.79,0.174629
2770.3,0.27653
1605.99,0.160571
2004.69,0.199994
673.679,0.0673631
1331.86,0.132175
1690.92,0.169058
3470.15,0.346669
1247.18,0.124686
1351.91,0.135122
3100.98,0.309937
1223.76,0.122358
1679.77,0.167911
1412.79,0.14125
705.385,0.0705294
2292.84,0.229
3554.86,0.355297
8400.81,0.839222
1794.88,0.179382
655.279,0.0655099
744.58,0.0744243
590.579,0.0590536
888.235,0.0887243
1076.21,0.107459
1084.19,0.108414
745.571,0.074521
847.535,0.0847156
846.649,0.0840197
2202.77,0.220109
5117.77,0.511519
1222.88,0.122281
755.943,0.0755831
1161.63,0.11615
1125.58,0.112538
1069.84,0.1069
1359.49,0.135723
1914.74,0.194574
1085.24,0.108502
2994.34,0.299129
1030.28,0.102998
1054.99,0.105453
737.425,0.0737291
1033.07,0.102316
1017.28,0.101642
841.359,0.0841307
1459.71,0.144676
1661.6,0.166122
1261.58,0.126139
1246.35,0.124381
5492.29,0.548517
812.252,0.0812171
1313.2,0.131276
1277.46,0.1277
840.841,0.0840196
2073.51,0.207107
1653.4,0.165315
1028.71,0.102814
3137.92,0.313752
6829.54,0.681869
1432.01,0.142971
3742.97,0.374035
1118.93,0.111877
1010.09,0.100987
1332.88,0.133169
1209.21,0.120907
1438.11,0.143755
1033.17,0.10325
1274.42,0.127091
716.173,0.0715936
1358.17,0.135777
1313.39,0.131264
1126.74,0.112592
1954.38,0.195342
929.295,0.0928838
933.83,0.093381
807.582,0.0804996
415.159,0.0414905
1906.51,0.19063
1324.12,0.13235
3449.62,0.344785
1188.61,0.118541
18942.5,1.88331
2766.68,0.2764
2036.98,0.203512
2088.75,0.20886
997.351,0.0996752
1972,0.187288
924.083,0.0923715
1090.57,0.108938
1529.15,0.152895
737.172,0.0736576
1227.91,0.122745
1035.91,0.103573
586.598,0.0585503
1158.7,0.115859
945.86,0.0945712
1304.3,0.130423
2680.6,0.268039
641.734,0.0641504
622.668,0.062212
776.09,0.0775824
1504.08,0.150382
1026.43,0.10244
992.551,0.0992467
790.006,0.0789849
1553.27,0.155304
1251.9,0.125133
6510.03,0.650679
1408.55,0.140771
1124.84,0.112454
421.688,0.0421123
1740.87,0.174039
777.216,0.0776913
1260.6,0.12594
1460.69,0.146032
764.521,0.0764011
1851.31,0.185017
1040.81,0.104053
1541.4,0.154111
872.246,0.087217
813.534,0.0813393
1252.62,0.125258
1078,0.107773
1417.31,0.141708
904.639,0.0901042
3360.08,0.335925
655.009,0.0654712
1041.71,0.104099
1102.24,0.110199
4159.86,0.413792
1780.12,0.177732
1445.15,0.144492
914.257,0.0842698
884.826,0.0884718
1209.79,0.120913
1522.95,0.152233
1088.83,0.10884
1053.63,0.105262
833.694,0.08329
686.613,0.068654
578.423,0.0578185
1607.57,0.160677
3520.52,0.351646
714.568,0.0714319
1858.91,0.185882
1936.08,0.193594
1482.48,0.148232
1577.12,0.157572
1178.94,0.117824
1207.75,0.120733
948.63,0.0948502
1089.69,0.108793
1387.26,0.1386
858.75,0.0858588
1411.39,0.141122
813.807,0.0813642
2171.67,0.21714
1603.37,0.160254
1846.88,0.184449
613.186,0.0612969
583.151,0.05831
1824.33,0.18239
921.849,0.091894
918.9,0.0918686
1887.11,0.188343
682.464,0.0682304
1198.33,0.119807
11494,1.1401
2621,0.261344
1455.02,0.145424
4088.9,0.40876
4139.46,0.412396
796.445,0.0795988
2419.36,0.241135
3891.43,0.388864
750.91,0.0750637
1829.42,0.179084
3149.23,0.314861
1070.64,0.106577
1420.47,0.141778
1388.84,0.138833
1426.58,0.142574
859.089,0.0858762
23037.7,2.89272
3152.82,0.312893
2026.48,0.202615
1631.57,0.162636
2295.86,0.229454
2316.4,0.231631
707.283,0.0705569
899.005,0.0898824
1763.46,0.176326
1218.63,0.121857
1348.87,0.134838
1127.65,0.112683
531.868,0.0531842
3449.07,0.344199
1199.02,0.119862
781.309,0.0781093
1918.69,0.191765
1260.98,0.126094
2376.89,0.237331
902.362,0.090223
10285.1,1.02743
786.504,0.0786136
5854.87,0.583769
765.367,0.0765343
1915.66,0.191336
1896.08,0.189462
863.041,0.0862977
1136.11,0.113485
1390.9,0.139038
1830.68,0.182932
1085.35,0.108455
2020.71,0.201986
988.361,0.0988289
2394.02,0.239179
2548.01,0.254374
1325.16,0.132504
1443.02,0.144019
1384.49,0.138065
1456.3,0.145564
976.878,0.0976187
1014.69,0.101449
1385.03,0.138473
1148.51,0.114698
1575.51,0.149957
534.009,0.053377
1356.63,0.135614
1265.36,0.126497
940.711,0.0940609
1770.6,0.176916
578.943,0.0578785
1257.75,0.125736
1308.57,0.130832
1143.47,0.114338
1772.36,0.176787
983.902,0.0983569
9942.47,0.992062
760.542,0.0760327
2041.91,0.203999
856.012,0.0855719
687.916,0.0687562
2181.85,0.217882
1573.01,0.157167
1090.28,0.108821
1691.02,0.16879
2176.72,0.217614
707.283,0.0703184
1513.74,0.151254
2524.76,0.251889
720.514,0.072046
1727.48,0.172719
482.71,0.0482343
957.165,0.0957068
1122.8,0.11222
774.55,0.0774215
791.665,0.0791541
1625.11,0.162352
917.936,0.0917866
1262.4,0.126229
1048.91,0.104862
605.037,0.060411
1356.95,0.135684
695.287,0.0695081
2191.99,0.218977
724.125,0.0723773
1473.82,0.147362
1269.59,0.126929
4334.62,0.433003
1254.9,0.125384
835.765,0.0835535
912.754,0.0912235
1741.74,0.174037
4608.27,0.460539
1176.95,0.117612
687.714,0.0687676
14374.3,1.43462
1518.45,0.149344
1366.63,0.13662
813.377,0.0813176
816.444,0.0804175
477.182,0.0477017
898.521,0.089829
3546.7,0.354595
751.236,0.0751188
2819.06,0.281763
2493.38,0.248828
1262.63,0.126245
1486.19,0.148604
928.629,0.0928329
1038.12,0.103774
1778.85,0.177799
743.118,0.0742868
1322.92,0.132216
3010.62,0.300402
1248.6,0.124738
854.425,0.0854039
1470.26,0.146844
1732.62,0.173217
868.511,0.0868394
1367.49,0.136745
953.086,0.0952503
1277.42,0.127669
953.881,0.0952966
709.516,0.0709407
7352.22,0.732204
1685.22,0.168508
1006.86,0.10062
3168.14,0.316577
1003.05,0.100259
2409.37,0.240874
859.167,0.085877
2220.05,0.221851
1218.01,0.121761
6851.25,0.685002
1782.01,0.17815
1421.87,0.141936
1710.85,0.170991
479.92,0.0479865
848.28,0.0847875
1345.63,0.134519
765.662,0.0765488
3570.15,0.356938
1803.71,0.180265
946.29,0.0945877
2104.73,0.210394
1222.62,0.122239
1148.14,0.114761
1960.68,0.194682
1959.39,0.195851
1056.94,0.105688
1805.45,0.180534
2942.92,0.293651
6167.35,0.616158
2670.7,0.266908
6689.65,0.667771
754.372,0.0754065
1583.38,0.158055
743.541,0.0742598
1554.62,0.155384
1207.57,0.120706
755.161,0.0754818
965.256,0.0965132
1846.54,0.18458
3084.08,0.30795
695.453,0.0695411
751.176,0.0751093
1320.25,0.132008
490.318,0.0490272
735.936,0.0728518
2400.16,0.239916
2484.48,0.248422
684.462,0.0684245
1949.63,0.194933
1666.55,0.166578
2452.6,0.245116
1122.2,0.112153
812.104,0.081192
653.476,0.0653312
2357.26,0.235349
985.834,0.0984553
1342.55,0.134206
1418.08,0.141252
537.842,0.0537641
453.787,0.0453582
852.315,0.0852239
654.045,0.0653484
1471.36,0.147109
696.7,0.0696114
1360.46,0.135977
1142.81,0.11322
1915.99,0.1911
793.842,0.0793339
807.151,0.0806656
669.633,0.0669585
879.201,0.0878625
829.044,0.0828318
1492.17,0.149198
784.957,0.0784892
1131.96,0.113116
1099.16,0.109651
1488.79,0.148811
738.848,0.0738602
950.581,0.0949807
883.024,0.0881699
906.851,0.0905926
857.131,0.0856989
21176.2,2.11219
2695.19,0.268609
1566.03,0.156357
747.048,0.0746915
1281.5,0.128068
1019.27,0.101851
1114.3,0.111381
1482.06,0.148097
1391.89,0.13909
3555.14,0.355426
484.199,0.0483759
2735.16,0.273458
1614.5,0.16142
2513.19,0.251265
1876.86,0.187628
1275.98,0.12756
890.761,0.0890507
906.308,0.090605
726.491,0.0726379
982.093,0.0982019
1338.89,0.13379
986.209,0.0985963
725.713,0.072549
2561.01,0.25599
972.215,0.0971772
1466.62,0.146613
854.461,0.0852878
2763.45,0.276323
1412.63,0.141224
938.137,0.0937693
20166.3,2.57347
1337.95,0.133784
1045.33,0.104502
1702.3,0.16997
3709.98,0.370386
840.523,0.0838036
1088.67,0.108849
1059.32,0.105914
617.536,0.0617093
2939.99,0.293841
994.415,0.09941
930.263,0.0929377
1304.7,0.130437
3191.15,0.319062
944.576,0.0944384
923.348,0.092194
3136.97,0.313417
905.1,0.0904887
952.229,0.0952155
3689.05,0.368282
982.223,0.098184
4234.11,0.423083
1148.72,0.114832
781.878,0.0781599
1813.19,0.181283
3347.57,0.334473
1400.44,0.139991
826.825,0.0825981
971.705,0.0971657
1172.99,0.117284
887.753,0.0887605
1320.01,0.131949
873.938,0.0873666
1382.44,0.138002
784.453,0.078279
1261.14,0.125586
5881.42,0.585993
10408.3,1.03677
1490.81,0.148605
910.517,0.0909977
2165.35,0.2165
948.765,0.0948576
838.839,0.0838484
963.223,0.0963166
1355.87,0.135545
832.465,0.0832343
950.455,0.0950258
1401.09,0.1401
1574.21,0.15729
1269.22,0.126117
1103.58,0.110314
1217.1,0.121664
918.563,0.091849
1720.48,0.172033
2258.93,0.225738
2119.05,0.207201
23232.4,2.30789
3860.04,0.385876
916.13,0.0915474
1848.31,0.184672
1206.89,0.120459
1181.9,0.118089
843.792,0.0841958
2707.93,0.27073
1281.81,0.128154
1090.84,0.109023
1807.71,0.180589
2395.71,0.239492
578.986,0.0578754
837.458,0.0837279
1489.81,0.148957
2126.88,0.212653
1165.9,0.116581
1577.47,0.156778
1454.67,0.144967
1060.85,0.106067
803.149,0.0803084
1273.56,0.127205
4072.59,0.406834
1046.6,0.104563
2756.32,0.275163
1241.64,0.124068
1458.38,0.1458
861.467,0.0860984
1012.92,0.101287
2589.93,0.252924
1841.5,0.184033
1111.95,0.111173
1252.11,0.125174
2040.93,0.203797
4372.65,0.436705
1517.55,0.15174
1182.06,0.118198
3679.52,0.35559
1020.7,0.101986
2106.58,0.210584
615.646,0.0615509
1732.52,0.173223
1116.79,0.111587
658.855,0.0655166
668.798,0.0668654
3152.59,0.315023
1021.06,0.102043
2221.93,0.222157
1203.99,0.120391
3972.81,0.397133
1431.12,0.143076
1704.43,0.170392
1883.33,0.188255
1123.94,0.112239
1207.88,0.120777
801.44,0.0801146
731.168,0.0731108
988.855,0.0988514
711.785,0.0710989
1570.86,0.157073
986.491,0.0986168
4328.77,0.431655
2630.36,0.262855
1350.01,0.134858
1251.77,0.125138
941.584,0.0941204
947.403,0.0946428
2120.93,0.212063
3290.26,0.32851
1808.17,0.180691
716.554,0.071641
2747.39,0.274652
2317.16,0.231638
1443.73,0.144271
585.786,0.0585475
1055.34,0.105527
1970.92,0.196924
634.016,0.0633964
1811.27,0.18109
783.766,0.0782164
1478.63,0.147826
872.6,0.087245
507.176,0.0507126
2087.59,0.207729
897.368,0.089694
1687.12,0.168641
1337.73,0.133662
2065.97,0.206318
2462.07,0.243353
947.948,0.0947821
1197.68,0.119727
1307.25,0.130689
2118.45,0.211698
1141.97,0.114191
1288.49,0.128837
1808.45,0.18079
1095.75,0.109552
2049.57,0.204721
5383.18,0.534587
2157.88,0.215665
1517.81,0.151641
10592.2,1.05796
739.421,0.07393
621.911,0.0621363
2138.16,0.213797
5845.74,0.583415
1076.94,0.106718
1091.94,0.109164
3295.33,0.329449
896.917,0.0895129
1133.78,0.113285
1587.4,0.158711
977.675,0.097763
845.824,0.0845388
1981.33,0.198104
674.877,0.0674628
2098.08,0.209723
11465.7,1.14317
1222.48,0.122174
1359,0.135685
2407.83,0.240697
2682.03,0.267959
930.585,0.0928962
917.578,0.091746
11352.8,1.13299
1609.25,0.160699
917.306,0.091708
815.075,0.0814931
745.41,0.0744987
637.403,0.0636714
810.94,0.0810482
818.12,0.0813583
698.553,0.0697551
1982.88,0.198103
1077.09,0.107655
711.241,0.0711225
1473.05,0.147273
2735.18,0.273445
1826.07,0.182447
976.369,0.0975685
1090.68,0.109025
1308.96,0.130875
1601.56,0.160133
911.075,0.0910595
3250.71,0.324948
1164.28,0.116057
1070.12,0.10694
2337.17,0.233632
1485.18,0.148381
6690.77,0.667393
2494.79,0.249405
407.724,0.0407567
7600.55,0.759324
3080.23,0.307714
1638.58,0.163813
1199,0.117559
1137.15,0.113691
967.483,0.0967382
3111.7,0.310975
1471.51,0.147033
1735.97,0.173402
1661.31,0.165788
1095.37,0.109512
1143.74,0.114352
3127.92,0.312587
891.477,0.0891253
3262.63,0.326116
709.291,0.0709114
1292.58,0.129229
2126.31,0.212605
1174.53,0.117366
1343.37,0.130786
751.065,0.0756298
621.377,0.0621286
2571.32,0.257027
1097.1,0.109695
793.1,0.0790999
2739.92,0.27385
801.933,0.0801776
879.588,0.0879349
1326.46,0.129685
833.639,0.0833448
4041.77,0.403901
1099.18,0.109764
2715.69,0.271383
1015.85,0.101573
991.562,0.0991432
1755.47,0.175457
1318.02,0.131774
1098.26,0.109816
1171.38,0.117048
1241.69,0.123919
1082.06,0.10819
1249.32,0.124792
961.699,0.0961649
1035.31,0.103449
2135.27,0.213451
1684.78,0.168415
845.251,0.0843988
763.73,0.0762863
1675.74,0.16744
1164.53,0.116341
2515.95,0.25139
718.205,0.0717874
2104.53,0.210395
977.423,0.0976664
703.625,0.0702951
1300.35,0.129999
526.475,0.0525568
1924.36,0.192373
893.072,0.0892984
1167.84,0.116774
2074.55,0.207339
885.217,0.0884507
1129.35,0.112615
2791.42,0.278374
1673.53,0.167324
976.842,0.0976694
1126.02,0.1126
803.614,0.0803495
1015.69,0.101557
1490.33,0.14789
1419.26,0.141908
853.654,0.085363
1328.38,0.132759
2426.17,0.242383
4218.68,0.421712
3538.68,0.353179
616.097,0.061593
3982.41,0.398163
1668.28,0.166799
1068.5,0.106827
1731.21,0.173026
1045.24,0.104464
1419.7,0.141925
1406.11,0.140367
775.993,0.0774261
1126.37,0.112598
647.567,0.0647113
1466.38,0.146634
807.936,0.0807757
982.285,0.0982073
2822.84,0.281869
7723.48,0.771364
2228.12,0.221931
1659.32,0.165919
1918.85,0.191816
980.871,0.0980805
902.094,0.0901911
1303.04,0.13012
930.406,0.0929955
1181.16,0.118043
1421.24,0.142077
524.202,0.0523925
1176.07,0.117595
4525.2,0.450701
1982.12,0.198144
2974.88,0.29719
926.189,0.0925633
1518.49,0.151831
1279.17,0.127909
1775.92,0.174282
1689.23,0.168889
1159.63,0.115888
1212.4,0.121216
1104.01,0.11039
1420.57,0.141971
2802.67,0.279992
1740.38,0.173979
917.365,0.0917199
2407.81,0.240589
18540.7,1.84883
5006.35,0.50012
1576.29,0.157548
886.382,0.0886214
2010.32,0.201023
1446.55,0.144632
2226.8,0.222238
1043.53,0.104347
986.353,0.0984486
2371.16,0.2368
1215.09,0.121413
2978.27,0.297042
711.43,0.0711248
655.571,0.0655421
1213.34,0.121278
2426.78,0.242441
1949.92,0.193347
1551.44,0.155135
1591.07,0.159097
1404.44,0.140184
598.042,0.0597774
1812.99,0.181116
1016.38,0.101619
1049.09,0.104842
1564.93,0.156185
915.811,0.0915756
18179.1,7.01585
762.952,0.0762872
1375.43,0.137526
1690.99,0.169017
2232.8,0.223136
4414.11,0.440846
981.103,0.098076
2758.58,0.275715
1788.04,0.178687
2631.88,4.24527
949.884,0.094938
1943.69,0.194218
1107.02,0.110687
1123.74,0.112346
3753.14,0.374971
2033.68,0.203093
601.195,0.0600729
1549.26,0.15478
889.531,0.0889388
1395.74,0.139462
942.237,0.0941878
808.603,0.0808398
920.509,0.0920437
1006.2,0.100606
9707.06,0.967195
1318.48,0.131712
959.376,0.0959312
1538.02,0.153561
1378.66,0.137702
526.251,0.0526181
1015.75,0.101505
820.684,0.0820162
1811.85,0.180564
2859.69,0.285851
490.755,0.0490321
734.667,0.073458
1381.4,0.137955
2690.33,0.268757
1070.41,0.106999
4319.14,0.431103
959.819,0.0959598
1742.25,0.174174
1876.02,0.187546
1854.86,0.185478
1611.98,0.161177
2111.79,0.211007
721.263,0.071959
1673.24,0.167283
1598.37,0.159781
1052.47,0.105139
1477.4,0.147705
1039.31,0.103899
899.231,0.0899116
946.029,0.0945836
1097.67,0.10974
1466.79,0.146642
1985.22,0.198361
1067.36,0.106716
1374.74,0.137432
864.362,0.0864139
523.732,0.0523703
1460.85,0.146033
867.651,0.0867168
599.19,0.0598933
1020.2,0.101963
1101.12,0.110049
941.517,0.0940833
10253.3,1.02418
5512.8,0.550581
706.352,0.0705894
904.763,0.0904382
2843.95,0.284294
1076.87,0.107604
1389.23,0.138873
1053.24,0.105286
485.099,0.0484786
853.76,0.0851719
1106.63,0.110647
1355.16,0.135492
837.175,0.0837052
3545.48,0.354354
851.938,0.0851307
1538.36,0.153799
1173.19,0.117308
1648.11,0.164646
19868,1.97326
990.752,0.0990729
686.695,0.0686481
1570.89,0.15706
2298.79,0.229828
1403.31,0.140259
894.111,0.0893918
1131.63,0.112722
1181.65,0.11808
1625.11,0.162468
1224.41,0.122407
1048.64,0.104797
913.677,0.0913366
1056.66,0.105572
2105.97,0.21051
1373.91,0.137297
14044.1,1.40354
1694.54,0.169421
1183.88,0.118366
1419.83,0.141974
596.117,0.0595471
1429.15,0.142806
1875.9,0.187472
1093.86,0.10927
1310.7,0.130887
1033.59,0.103313
1412.8,0.14126
858.75,0.0858705
1319.75,0.131951
2375.45,0.237337
2083.34,0.208167
1040.86,0.103769
1822.08,0.182126
1142.52,0.114224
744.135,0.0744067
1836.28,0.183485
1397.12,0.139697
732.729,0.0732234
1301.43,0.130065
1198.32,0.119755
4420.58,0.44174
982.497,0.0981986
680.347,0.0680133
1355.79,0.13557
1200.59,0.120035
1965.97,0.196168
2128.16,0.212682
4280.89,0.427871
1116.52,0.111465
1673.09,0.167121
687.698,0.068734
1265.69,0.126182
1606.07,0.1605
1319.48,0.13166
1415.46,0.141531
692.446,0.069225
799.179,0.0798989
849.06,0.0849009
1353.95,0.135348
1165.7,0.116539
1173.22,0.117295
10433.6,1.0405
871.247,0.0869239
1041.43,0.104112
1094.97,0.109484
8495,0.847783
1024.48,0.102392
1276.38,0.12757
1021.13,0.102102
1228.26,0.122817
1474.81,0.147455
373.501,0.037331
1513.05,0.15105
850.267,0.0849775
1903.01,0.1899
793.181,0.0793054
1789.36,0.178886
1137.91,0.113734
1541.57,0.154129
1334.61,0.133415
1469.54,0.146923
2179.49,0.217761
1570.79,0.157027
2611.69,0.261077
1236.02,0.123579
1297.77,0.129759
1815.99,0.181564
1017.53,0.101726
936.201,0.0936101
1255.68,0.124698
2454.86,0.245338
887.376,0.0886878
821.438,0.0821211
2053.4,0.205326
1272.65,0.127231
1112.92,0.111255
936.77,0.0936615
997.901,0.0996635
1528.5,0.152833
1823.43,0.182005
826.652,0.0826595
1369.46,0.136878
1015.72,0.101566
848.661,0.0848178
1112.01,0.111151
18839.9,1.87886
1276.8,0.127662
1863.87,0.186245
1147.96,0.114642
1830.95,0.183009
1516.92,0.151473
910.952,0.0910842
4334.3,0.433189
892.568,0.0872495
2073.92,0.207355
2004.58,0.200207
1190.99,0.119076
1730.16,0.172838
2255.29,0.225175
876.206,0.0876172
2700.65,0.269788
1474.2,0.147344
1233.35,0.123322
942.819,0.094248
1626.83,0.162549
1337.53,0.133742
932.029,0.0931852
1291.66,0.129152
880.486,0.0880321
915.249,0.0915084
1017.72,0.101759
2494.29,0.249145
1376.33,0.137568
1078.46,0.107706
1177.34,0.117697
3279.25,0.31968
1001.77,0.100125
1035.88,0.10355
1202.33,0.119938
884.119,0.0884084
728.781,0.0728682
1488.15,0.148777
1038.1,0.103801
651.986,0.0651002
1387.38,0.138465
773.407,0.0773366
3962.73,0.394444
1242.55,0.124242
5148.02,0.513509
917.353,0.0913499
2305.01,0.230401
1654.61,0.165444
1542.71,0.154179
1570.1,0.15681
1633.12,0.163262
768.566,0.0768222
1294.47,0.129414
741.009,0.074057
3545.82,0.354513
1854.76,0.185179
1095.64,0.109546
1855.14,0.185455
638.268,0.0638167
2067.33,0.206641
1844.07,0.184349
804.008,0.0803281
688.038,0.0687883
1189.78,0.118971
2627.21,0.262605
1057.61,0.105751
760.796,0.0760747
10676.2,1.06664
1173.83,0.11732
888.571,0.0888046
1249.33,0.124732
1073.83,0.107365
714.995,0.0714588
1509.65,0.150898
1000.95,0.0998157
1472.63,0.147233
623.737,0.0623102
1312.4,0.131227
998.556,0.0995374
1633.27,0.163294
1038.62,0.103834
1213.34,0.121292
775.563,0.0775228
2352.09,0.235056
3857.38,0.385054
1329.89,0.13205
1051.22,0.104205
830.974,0.0830633
565.889,0.0565814
471.9,0.0471805
1121.6,0.112095
1368.16,0.136801
740.137,0.0740096
699.367,0.0699204
2839.72,0.283848
1534.21,0.153396
718.576,0.071831
968.434,0.096801
799.653,0.0799564
1367.02,0.136617
795.131,0.0795059
866.213,0.0866026
676.647,0.0675875
1108.29,0.110816
914.452,0.0914368
4961.05,0.495422
879.951,0.0879099
853.784,0.0852947
1631.6,0.163073
1448.99,0.144743
836.924,0.0836818
958.848,0.0958127
1714.1,0.171362
1049.22,0.104915
2214.72,0.221288
982.09,0.0981446
827.047,0.08259
1298.48,0.12983
967.381,0.0967004
1021.13,0.101957
1854.83,0.185452
1001.98,0.100101
1521.68,0.152123
971.316,0.0971188
2788.59,0.27803
1177.91,0.11775
719.28,0.0719142
1994.06,0.19901
640.039,0.0639988
1091.44,0.109032
836.756,0.0836722
777.29,0.0777081
1406.56,0.140084
899.395,0.0898404
1197.5,0.119626
6392.97,0.638991
2634.48,0.263276
1363.87,0.136353
1705.93,0.170508
1106.2,0.110584
1065.58,0.106455
3372.71,0.337133
1633.05,0.163108
5895.3,0.589268
3046.14,0.304392
1188.99,0.118772
873.966,0.0873879
2047.48,0.204329
2189.08,0.218747
1551.29,0.154874
1041.23,0.104091
1276.25,0.12752
862.78,0.0862389
1456.6,0.145489
1155.25,0.115011
1173.65,0.117352
1006.49,0.100639
1250.06,0.124966
1743.25,0.174224
1201.78,0.120165
2727.35,0.272628
702.126,0.0701884
1127.53,0.112692
792.773,0.0792622
1364.11,0.136166
715.638,0.0715475
1592.57,0.159159
691.611,0.0690582
2123.42,0.212152
1281.61,0.128128
911.381,0.0909792
1199.54,0.119741
971.321,0.097108
529.206,0.0526307
1283.89,0.128341
2675.53,0.267236
1561.21,0.156048
1237.34,0.123289
9084.09,0.905462
3830.32,0.382667
873.692,0.0872615
2677.51,0.267715
2336.11,0.233526
2075.22,0.207409
5851.4,0.584013
1861.5,0.186064
2771.69,0.277104
1954.85,0.195115
731.61,0.0730979
1047.86,0.10404
2228.51,0.222767
2691.95,0.269017
1014.82,0.101457
1470.08,0.146895
1290.73,0.129017
1140.92,0.114055
901.146,0.090112
687.316,0.0687267
1408.88,0.140827
844.001,0.0843827
1351.32,0.134788
1237.15,0.123629
829.321,0.0828909
14453,1.44278
641.999,0.0641896
1301.56,0.129392
1153.71,0.115297
1377.3,0.137615
1124.43,0.112425
2567.54,0.256625
1225.26,0.122368
4348.68,0.434231
1755.35,0.175355
2273.87,0.227204
1141.84,0.114177
5583.82,0.55787
910.895,0.0909998
909.493,0.0909323
657.234,0.0656946
1715.23,0.173882
1017.31,0.101608
1024.64,0.102386
2039.17,0.203892
1583.46,0.158306
570.167,0.0570143
1111.06,0.111018
720.646,0.0719797
1580.72,0.158061
1543.37,0.154248
656.534,0.0656337
2417.64,0.241706
970.75,0.0969975
1292.33,0.129204
1578.86,0.157869
2561.13,0.255564
932.545,0.0932456
1016.9,0.101632
881.703,0.0880623
2637.04,0.263348
1244.38,0.124417
1135.12,0.113489
2572.51,0.257167
1235.27,0.123344
1579.18,0.157745
1133.1,0.113304
795.266,0.0795057
5446.72,4.86845
873.566,0.0873438
1316.5,0.131644
843.527,0.084343
1310.1,0.130992
1815.53,0.181162
1272.91,0.127274
1802.03,0.180101
1168.1,0.116764
1119.95,0.111955
1906.4,0.190343
641.921,0.064175
1262.71,0.126209
3018.13,0.301419
583.237,0.0582452
917.461,0.0917308
780.956,0.0780723
1075.67,0.107521
1307.1,0.130645
1516,0.151585
888.134,0.088805
2048.27,0.204697
1156.01,0.11555
1136.45,0.113631
1051.95,0.105189
1545.39,0.154523
714.028,0.071352
913.838,0.0913549
567.667,0.0567365
1184.74,0.118457
2337.83,0.233633
1554.57,0.155418
928.1,0.0928033
1378.31,0.137784
1664.65,0.166443
1803.87,0.180282
2057.31,0.205685
805.144,0.0804992
1027.17,0.102665
737.406,0.0734295
1410.45,0.140966
1821.83,0.181813
952.283,0.0950001
2380.05,0.237981
1946.29,0.194516
631.539,0.0629856
708.023,0.070767
1165.39,0.116531
929.539,0.0929209
1766.28,0.176595
1277.12,0.127603
975.259,0.0973704
2021.5,0.468019
1230.62,0.123045
2270.59,0.226935
784.773,0.0784529
16279.8,1.6255
3958.01,0.395344
7292.64,0.728162
871.451,0.0871055
1497.3,0.149531
1287.35,0.12848
1176.96,0.116846
2186.18,0.218591
1747.68,0.174426
1112.35,0.111121
1153.23,0.115233
906.74,0.0905742
1790.98,0.179005
1227.18,0.122677
764.145,0.076411
926.152,0.0924689
1904.72,0.190411
1212.27,0.121147
1669.12,0.166832
1271.37,0.127047
2100.75,0.209984
650.733,0.0650688
1604.56,0.160396
9456.25,0.943472
1307.16,0.130656
11119.9,1.10916
1344.57,0.134097
846.804,0.084661
1147.4,0.114644
2591.48,0.259046
1110.13,0.110935
830.799,0.0830356
1544.83,0.154464
650.177,0.0650027
736.967,0.0736378
2309.95,0.230723
660.035,0.0659711
3253.68,0.325137
886.38,0.0885934
3803.59,0.379349
996.07,0.099542
1134.9,0.11346
806.612,0.0782596
922.04,0.0921996
934.464,0.0934213
913.158,0.091148
1722.09,0.172079
1804.09,0.180177
3405,0.340175
962.451,0.09622
1480.51,0.14803
1776.35,0.17753
921.545,0.0920815
1628.28,0.16271
951.788,0.0951488
835.821,0.0835077
759.06,0.0750661
1057.2,0.105615
2232.96,0.222637
1228.98,0.122749
2208.41,0.220718
895.973,0.0895946
1084.62,0.0975025
3855.41,0.382981
778.326,0.077742
599.357,0.0598614
490.898,0.0490842
534.892,0.0534785
1096.02,0.109495
3207.99,0.320709
905.613,0.0903698
1159.21,0.115888
4060.7,0.405754
733.625,0.0733543
1116.69,0.111583
751.457,0.0751254
3267.18,0.325178
941.567,0.0941193
988.767,0.0988427
1999.66,0.199939
1382.08,0.138025
2346.58,0.234551
804.366,0.0804035
953.256,0.09469
1930.21,0.192947
999.773,0.0998328
2494.22,0.249248
812.54,0.0811895
1409.75,0.140876
610.937,0.0610885
1177.23,0.117714
1481.59,0.148108
727.735,0.0726303
1040.99,0.10409
904.93,0.0904177
993.357,0.0992323
1217.87,0.121778
1992.89,0.199202
2883.79,0.288098
1305.11,0.130456
2132.47,0.211873
737.822,0.0737274
566.362,0.0566316
920.828,0.0920577
1331.22,0.133111
934.783,0.093361
1429.06,0.14285
7212.27,0.718993
1387.35,0.138727
1443.89,0.14435
818.739,0.0817924
1541.05,0.153905
1480.21,0.147057
874.751,0.0874061
1124.63,0.112362
1499.83,0.149933
3062.22,0.305982
1035.59,0.103214
913.24,0.091261
821.394,0.0821346
1006.43,0.100579
2797.65,0.279703
1095.02,0.109482
1493.09,0.149295
1225.32,0.122502
15236.9,1.52036
1546.2,0.154591
912.35,0.09121
1231.76,0.122697
1226.36,0.122607
1759.76,0.175937
1230.68,0.123026
1459.34,0.145481
2288.97,0.228784
2057.99,0.205768
1431.75,0.143133
1430.04,0.142972
729.038,0.0727561
1152.53,0.115217
922.474,0.0922086
770.894,0.0769625
1252.62,0.125211
1649.14,0.164852
1225.67,0.122474
1593.28,0.159188
790.682,0.0790475
895.449,0.0894584
4066.41,0.40599
1432.18,0.143189
976.755,0.0976353
1828.16,0.182775
1518.82,0.151739
1390.2,0.139
8249.81,0.818415
775.853,0.0773425
763.889,0.076351
1316.41,0.131585
1042.52,0.104188
1808.19,0.180806
4853.09,0.484812
663.649,0.0658982
909.812,0.0909731
1012.61,0.101217
1439.4,0.143865
24299.4,2.3934
1403.2,0.140036
958.285,0.0957884
991.645,0.0991461
3455.43,0.345436
920.059,0.0918267
1367.52,0.136728
641.58,0.0641497
1409.26,0.140789
1983.95,0.198247
1932.34,0.193157
964.736,0.0964179
533.986,0.0533907
611.228,0.0611034
1260.43,0.126019
1518.73,0.151772
817.589,0.0817396
846.139,0.0846046
1085.27,0.10829
972.782,0.0972498
679.784,0.0678218
3085.16,0.308409
649.665,0.064962
1254.35,0.125406
1626.2,0.162568
1280.12,0.127843
1082.92,0.108216
847.752,0.0847461
2004.04,0.200318
957.336,0.0956645
604.582,0.0604554
1004.86,0.100483
876.11,0.0874284
3269.65,0.326685
2606.19,0.260471
1776.94,0.177666
1013.38,0.101322
1787.84,0.178755
734.88,0.0734746
1523.55,0.152313
1274.94,0.127468
990.395,0.0990299
1296.27,0.129556
1105.35,0.110426
2805.2,0.280454
1005.68,0.100496
4192.5,0.418823
1578.97,0.157806
1052.24,0.105162
5924.56,0.59213
11686.7,1.16721
1017.5,0.101671
6737,3.42939
978.478,0.0977156
849.476,0.0849296
1228.49,0.122827
925.604,0.0925194
1605.99,0.160549
1590.79,0.158854
2188.99,0.218495
738.099,0.0737762
1089.42,0.108922
888.473,0.0888104
922.639,0.0921442
31486,3.1159
1543.7,0.153542
949.529,0.0949307
778.814,0.0770757
580.591,0.0580379
1806.76,0.18061
1345.96,0.134573
1206.55,0.120649
732.599,0.0731961
1178.29,0.117818
799.118,0.0798875
1180.31,0.117969
1938.43,0.193794
1159.97,0.115982
3040.13,0.303704
1110.75,0.111025
767.679,0.0767343
1437.69,0.143709
951.33,0.0951305
1873.93,0.187299
623.592,0.0623549
3797.3,0.378539
1455.03,0.14548
2906.66,0.29059
1371.57,0.137119
3861.6,0.38591
1941.26,0.193921
811.929,0.0811756
1360.27,0.135897
1560.36,0.155237
2353.37,0.23526
1336.26,0.133584
1011.46,0.101123
993.698,0.09934
581.999,0.0579762
739.342,0.0738992
591.183,0.0591148
1354.73,0.135468
1447.28,0.143331
1151.66,0.114908
1211.61,0.121085
1346.97,0.134665
1361.9,0.136131
2506.89,0.250407
837.701,0.0836477
737.587,0.0736543
513.786,0.0513728
1785.23,0.178348
937.513,0.0937423
1622.84,0.162202
843.179,0.0841833
750.218,0.0750079
1130.56,0.112962
3244.62,0.324012
1177.56,0.117747
985.212,0.0984577
866.283,0.086625
1954.99,0.194984
1062.09,0.106137
1445.05,0.144482
1094.49,0.109404
10668,1.06225
908.535,0.0906846
749.56,0.0745867
566.948,0.0566737
1023.72,0.102048
1699.99,0.169978
1006.78,0.100651
4294.65,0.429339
4440.92,0.443248
1206.59,0.120494
1465.07,0.14591
2792.88,0.274927
1105.43,0.110502
690.004,0.0689916
1815.45,0.181429
1005.34,0.10051
1082.69,0.108262
1736.05,0.173486
656.518,0.0655921
1047.13,0.104687
1342.56,0.134178
5491.76,0.548324
557.086,0.0557026
627.653,0.0627518
1149.67,0.114857
525.155,0.0525124
1209.13,0.120901
999.011,0.0996664
677.887,0.0677824
3121.95,0.311878
3074.9,0.30711
1418.87,0.141796
1958.97,0.195681
1010.93,0.101036
1365.64,0.136545
1666.79,0.166623
1535.89,0.153458
2506.6,0.250644
1665.35,0.166437
948.044,0.0946972
1617.84,0.161759
1023.31,0.102319
2321.79,0.232008
1198.61,0.119763
875.028,0.0874872
1492.45,0.149201
1097.1,0.109701
1673.86,0.167336
1706.73,0.170652
813.432,0.0813053
1214.08,0.121257
916.629,0.0916355
1758.28,0.175619
1432.99,0.14321
6016.49,0.600563
1013.85,0.101377
1007.14,0.100689
1493.96,0.149346
657.481,0.0656857
1280.56,0.127915
1012.79,0.101229
1605.23,0.160404
2727.73,0.272521
2174.32,0.217422
967.212,0.0966726
1064.86,0.106374
848.402,0.0848348
1496.94,0.149604
2692.66,0.26911
1058.67,0.105846
1931.84,0.193122
1246.59,0.124554
1215.97,0.121591
1211.71,0.120981
1991.94,0.199161
1155.49,0.115265
2289.28,0.228662
868.027,0.0867934
833.805,0.0828738
1330.75,0.132925
2851.43,0.28491
1354.55,0.135433
1045.74,0.104409
2199.56,0.219891
1756.88,0.175658
1809.68,0.18083
1360,0.135973
842.659,0.0841546
860.88,0.0860324
1167.94,0.116756
1255.51,0.177855
1152.06,0.115198
1215.43,0.121375
775.419,0.0774922
2004.73,0.200377
4487.47,0.448261
1598.46,0.159726
1018.2,0.101801
6464.7,0.645845
1164.64,0.11643
1386.89,0.138675
1183.07,0.118257
808.566,0.0806802
3343.04,0.334224
1226.73,0.122667
1087.83,0.108735
4243.57,0.424131
2789.45,0.278793
1241.67,0.124046
1566.5,0.156527
1021.95,0.102126
1318.83,0.13186
898.104,0.089788
1944.27,0.194373
1059.13,0.105787
1641.59,0.164124
606.662,0.0606022
2289.3,0.228873
883.534,0.0882449
924.8,0.0924223
699.294,0.069914
1461.82,0.146171
1727.45,0.172718
994.507,0.0994119
947.696,0.0947476
1263.4,0.126297
720.854,0.0720703
938.153,0.0938063
1580.67,0.156557
831.745,0.0831418
2070.34,0.207003
4012.07,0.400844
1099.46,0.109873
6639.7,0.663051
1184.54,0.118381
2546,0.254316
1564.21,0.156332
2427.62,0.24259
2793.08,0.279223
1193.11,0.119277
1107.4,0.110729
694.515,0.0691815
3485.74,0.34834
1454.98,0.145426
971.552,0.0971013
1030.16,0.103009
935.426,0.0935377
2110.68,0.211008
1757.12,0.175564
1541.57,0.154123
1588.51,0.158825
1493.37,0.149328
1084.06,0.108371
768.475,0.0768419
2397.1,0.239627
1126.69,0.112659
1990.53,0.1988
1194.1,0.119332
900.962,0.0900384
998.785,0.0998577
644.338,0.0643734
1072.38,0.10704
920.201,0.0920052
894.958,0.0894577
960.001,0.0959741
1903.57,0.190059
983.576,0.0983185
3134.11,0.313265
1865.28,0.186322
1363.05,0.136272
988.797,0.0988572
659.034,0.0658986
1602.54,0.160174
4572.03,0.45712
1682.16,0.168107
736.286,0.0735761
1012.82,0.100892
1652.1,0.164806
1320.94,0.132016
2212.29,0.22121
1676.31,0.167385
1787.83,0.178747
1287.1,0.128642
700.586,0.0700559
1122.12,0.112174
8295.91,0.825907
1597.25,0.159602
1496.92,0.149563
1110.93,0.111052
1706.92,0.170599
1058.64,0.105813
593.284,0.0593127
1055.96,0.105587
716.713,0.0716648
1253.08,0.125285
941.243,0.0939855
921.091,0.092104
703.629,0.0703388
1838.8,0.183405
561.523,0.0561451
842.451,0.08417
1445.58,0.144514
773.775,0.0773716
4872.43,0.486543
1174.4,0.117431
898.742,0.0897852
1252.89,0.125241
976.715,0.0976227
704.803,0.0704488
8002.55,0.799839
5818.92,0.581653
886.037,0.0885938
4176.18,0.417415
1770.19,0.177
473.205,0.0473165
2493.87,0.247513
1142.37,0.114203
568.866,0.0568749
877.021,0.087663
1834.37,0.183345
1992.73,0.19917
1168.99,0.116883
1634.3,0.163406
888.241,0.0886867
1311.03,0.131074
795.933,0.0795235
785.412,0.0784485
1685.54,0.16836
1241.45,0.12411
1658.52,0.165795
2583.31,0.258291
757.808,0.0757234
1046.16,0.104607
1741.85,0.173996
887.152,0.0886902
928.706,0.0926999
949.477,0.0949421
824.789,0.0824695
866.582,0.0866567
1687.03,0.168683
11522.9,1.15046
952.339,0.0952092
931.618,0.0931493
14778.9,1.47532
1186.45,0.118603
2825.82,0.279731
1222.13,0.122191
2076.07,0.207593
1052.5,0.10509
835.947,0.0835847
2521.51,0.251071
2638.21,0.263571
1498.85,0.149808
794.101,0.0793992
679.563,0.0678961
1825.66,0.182512
7126.33,0.712228
732.315,0.073221
1636.42,0.163369
1425.22,0.142208
718.523,0.0718425
2865.6,0.286386
8997.33,0.898853
995.553,0.0995129
748.582,0.0747636
1036.31,0.103618
2196.41,0.219427
1121.15,0.112084
1157.95,0.115785
1475.62,0.147322
684.149,0.0683975
1708.56,0.170614
806.925,0.0806633
1273.07,0.127297
990.719,0.0990593
1753.96,0.175282
1589.31,0.158762
1069.47,0.106767
1129.8,0.11296
1985.87,0.198479
935.179,0.0934202
1014.04,0.101291
1391.97,0.13912
849.051,0.0848995
780.145,0.0777376
1083.57,0.108317
1210.73,0.121
3355.61,0.334899
1591,0.15906
1490.99,0.148711
2473.51,0.24711
1892.48,0.189211
1937.77,0.193723
1454.83,0.144898
1293.02,0.129242
1214.01,0.121302
1482.84,0.148218
1667.38,0.166716
1045.82,0.103188
997.926,0.0996636
7807.7,0.779616
4140.43,0.413629
1554.36,0.155281
1227.3,0.122706
320.622,0.0320536
2114.24,0.210841
1008.65,0.100783
1078.08,0.107719
1152.41,0.115211
1481.32,0.148091
1576.49,0.157609
1092.56,0.109237
1420.31,0.14199
899.531,0.0899461
1588.53,0.158572
1579.74,0.157881
1485.09,0.148472
955.256,0.0954116
2063.06,0.206137
854.529,0.0854075
864.843,0.0863929
866.855,0.0864226
2800.16,0.279891
1763.38,0.176298
909.409,0.0907957
1015.81,0.101565
2221.51,0.221949
2751.23,0.275036
1963.33,0.196187
852.055,0.0838355
1591.62,0.159064
930.807,0.0930392
2012.49,0.201222
743.888,0.0743872
1790.58,0.17895
965.596,0.0965208
1556.78,0.155443
2617.53,0.261699
1320.8,0.132072
2520.23,0.251968
2951.03,0.294833
2139.76,0.213468
1194.87,0.119463
1318.57,0.131298
1369.73,0.136839
1646.39,0.164618
1385.51,0.138247
3199.71,0.319678
20365,2.03172
1177.85,0.11765
1102.49,0.110224
951.138,0.0950954
1820.34,0.18189
1042.89,0.104154
650.228,0.0650044
3459.64,0.345933
536.177,0.0535629
1309.1,0.130858
1091.26,0.109078
590.579,0.0589137
913.044,0.0912954
2106.51,0.210461
830.322,0.082982
1718.58,0.171793
2475.29,0.246401
1588.56,0.158715
984.638,0.0984409
882.023,0.0881992
4683.82,2.59319
1116.23,0.111529
1561.93,0.15615
2418.07,0.24171
1030.8,0.103031
1183.28,0.118227
1643.83,0.164227
1291.17,0.129106
1212.37,0.121184
705.578,0.0705486
2401.82,0.240086
2363.99,0.235737
1789.52,0.178896
871.552,0.0871509
2010.55,0.200756
1443.07,0.144203
1941.44,0.194084
933.996,0.0933664
423.858,0.0423848
1690.35,0.168793
2018.54,0.201818
2439.72,0.243475
15420.2,1.51648
790.276,0.0768731
2821.89,0.282152
689.417,0.0689321
1607.82,0.160668
1772.22,0.177196
829.742,0.082967
13341.9,1.33033
2582.49,0.209928
1331.45,0.133088
1360.18,0.135722
955.913,0.0955498
1996.95,0.199597
1150.76,0.115041
776.008,0.0773941
976.365,0.0975883
1246.03,0.124537
1704.62,0.170431
990.086,0.0989844
1148.57,0.114236
4623.7,0.461655
2101.42,0.210112
1694.48,0.16939
806.475,0.0806409
1753.31,0.175277
1296.2,0.129592
980.439,0.0968646
1045.05,0.104436
1165.17,0.116502
8712.38,0.869621
727.089,0.0727048
1682.87,0.16823
2275.71,0.227535
889.247,0.0889091
1247.22,0.124711
2707.92,0.270389
721.051,0.07096
1966.87,0.196597
990.706,0.0990394
1696.31,0.168841
1937.29,0.193367
2065.41,0.206324
976.75,0.0976007
3609.8,0.360731
4826.99,0.482251
1380.75,0.138066
665.434,0.066494
4387.91,0.438121
1255.54,0.125514
1204.93,0.120466
914.914,0.0914142
2463.48,0.246314
804.032,0.0804002
1132.21,0.113171
1542.03,0.154183
1033.67,0.103333
513.651,0.0513621
938.548,0.0937184
548.108,0.054798
1084.58,0.108408
1213.3,0.121288
1234.41,0.123385
1030.21,0.103007
575.359,0.0574692
1050.48,0.105042
793.399,0.0792914
2043.3,0.20418
876.071,0.0875806
852.267,0.0852143
2388.51,0.238614
746.1,0.0745964
1420.64,0.141979
2557.22,0.255686
1790.06,0.178944
1729.7,0.172887
775.082,0.0819184
1017.73,0.101757
1356.62,0.135606
987.433,0.0987373
742.36,0.0742174
1425.45,0.142494
1587.69,0.158597
2568.09,0.256497
934.566,0.0933382
1107.66,0.110581
803.983,0.0803831
2347.27,0.234502
1265.37,0.126489
1944.42,0.194369
910.836,0.0910681
1448.63,0.144775
1303.74,0.130343
955.484,0.0954215
741.308,0.0740973
3448.64,0.344624
1288.69,0.128855
1775.18,0.177332
868.405,0.0867543
4636.11,0.463392
1628.42,0.162783
1692.44,0.169193
806.173,0.0805859
1087.18,0.108703
2620.98,0.261966
599.096,0.0598519
665.354,0.066526
1634.74,0.16337
1680.82,0.168012
1056.57,0.105637
1169.97,0.116972
3717.27,0.371456
1447.34,0.144691
2332.52,0.222551
1106.01,0.109887
1833.59,0.183289
1230.13,0.122979
4096.79,0.409508
1289.22,0.1289
1097.71,0.109768
1304.58,0.130313
802.179,0.0802036
1058.53,0.10577
1343.03,0.134165
1085.85,0.108467
1641.82,0.164071
1132.24,0.11317
781.709,0.0781646
1527.95,0.152601
1298.51,0.12973
1339.23,0.13386
462.627,0.0462158
2762.02,0.276182
683.217,0.0683131
1354.38,0.135427
1976.55,0.197623
833.226,0.0833003
2103.1,0.210244
11353.9,1.13256
1783.35,0.178211
704.887,0.070385
2037.39,0.203619
536.463,0.0536174
1876.62,0.187389
1052.98,0.105268
500.268,0.0499751
1955.82,0.195419
919.232,0.0918547
6350.82,0.634616
1329.73,0.132957
1006.16,0.100539
1261.63,0.126141
946.045,0.0945824
1942.17,0.194005
1556.93,0.155662
797.173,0.0797081
1190.2,0.119004
2762.53,0.276157
3260.72,0.325878
3086.51,0.30839
1169.72,0.116828
816.576,0.0813505
1118.9,0.111499
754.745,0.0754485
1714.56,0.171091
9465.71,0.94465
1359.3,0.135885
764.374,0.0763897
2615.09,0.261385
3719.85,0.371543
674.693,0.0674311
1027.05,0.102677
1094.46,0.109363
481.004,0.0480962
715.761,0.071567
1307.62,0.130671
1266.24,0.126615
1646.05,0.164192
1076.34,0.107548
1202.82,0.120091
934.003,0.0933512
1022.6,0.101783
574.279,0.0572649
708.787,0.0708703
1485.09,0.148491
1577.49,0.157745
592.771,0.0592616
1002.55,0.100164
1553.8,0.155209
652.581,0.0652374
4240.21,0.423791
1147.94,0.11456
2177.7,0.217668
1572.56,0.15707
650.095,0.064985
1063.52,0.107808
1014.3,0.100833
8772.97,0.875967
724.133,0.0723717
2320.3,0.231874
3311.55,0.328931
616.402,0.0616102
1019.53,0.101291
866.156,0.0864053
506.68,0.0506559
746.152,0.074565
1153.57,0.115346
2401.35,0.237448
1001.2,0.1001
942.256,0.0923061
1653.7,0.165212
2098.41,0.209809
1237.57,0.123752
915.681,0.0915371
843.3,0.0843192
1051.99,0.104981
3725.99,0.371473
1469.06,0.146828
1269.94,0.126565
2959.34,0.295534
2348.21,0.234799
2602.34,0.259863
896.282,0.089616
1561.17,0.155814
1982.1,0.197579
1309.38,0.130889
635.457,0.0633119
1238.76,0.123846
820.644,0.081989
996.644,0.0992438
7178.62,0.717521
928.296,0.0928211
1003.63,0.100314
895.885,0.0895021
6041.17,0.603792
1063.69,0.106334
991.761,0.0991483
643.691,0.0643532
651.291,0.0651162
1542.33,0.154158
655.919,0.0653896
1572.9,0.157138
1029.54,0.102946
1180.71,0.118029
1102.76,0.110216
845.302,0.0845092
1667.05,0.166636
951.959,0.0951782
454.021,0.0453961
985.911,0.0985496
1000.62,0.100034
1124.77,0.112074
881.06,0.0880482
853.771,0.0853705
2226.59,0.222466
1203.03,0.120181
1035.66,0.103552
1057.77,0.105766
2147.84,0.214641
728.787,0.0728481
2089.04,0.208668
1253.57,0.125322
1244.89,0.124437
4738.25,0.473323
666.003,0.0665831
1575.26,0.157511
1513.04,0.151091
1385.61,0.138507
896.149,0.0896072
1035.02,0.103441
1484.88,0.14845
2492.34,0.248965
1349.36,0.134865
771.122,0.07707
1011.13,0.101102
9018.5,0.901035
677.621,0.0677575
1086.4,0.108543
5934.47,0.592572
1234.05,0.12339
1829.49,0.182914
3734.02,0.372394
890.58,0.089049
1068.39,0.106802
1535.99,0.153555
1247.41,0.124636
7754,0.772538
841.043,0.0839532
1072.8,0.106709
907.14,0.0906738
651.218,0.0651136
575.32,0.057458
1532.48,0.15294
759.772,0.075236
979.183,0.0978773
1223.79,0.122323
1162.7,0.116252
765.918,0.0765339
2037.79,0.203505
2864.93,0.286423
861.001,0.0860942
1471.61,0.147125
828.911,0.0828824
1506.51,0.150321
859.419,0.0858856
4273.72,0.426195
2786.53,0.278436
627.041,0.0625525
1318.6,0.13184
1560.36,0.155977
1992.77,0.19925
3135.65,0.312976
7224.16,0.721157
1033.12,0.103283
2205.29,0.220119
1732.36,0.173137
2273.92,0.227327
2142.44,0.214173
993.804,0.0993684
2661.97,0.265123
883.184,0.0882509
682.604,0.0681786
3339.54,0.333588
1699.37,0.169915
1196.12,0.119607
1217.03,0.121688
814.569,0.0814442
1668.74,0.166838
1008.02,0.10078
631.323,0.0630496
939.686,0.0939192
3250.41,0.324754
1551.42,0.155032
1242.4,0.124139
1056.1,0.105371
2380.99,0.23781
1496.86,0.149343
1185.38,0.118463
1737.6,0.173562
1558.54,0.155603
837.176,0.0837001
1046.93,0.104673
1129.81,0.112962
1241.77,0.123846
432.534,0.0432326
1935.75,0.193429
1117.7,0.111741
1574.23,0.157398
930.63,0.0930186
2222.86,0.22179
6099.25,0.608376
693.014,0.0692704
864.246,0.0864206
2329.12,0.182015
1220.28,0.12178
904.861,0.0902565
1354.39,0.135394
1639.82,0.163908
1089.92,0.108979
774.25,0.077409
758.002,0.0757894
1478.22,0.147772
1058.67,0.105841
1129.63,0.112905
1075.85,0.107547
1235.59,0.123365
686.744,0.0686519
1298.15,0.129732
1636.84,0.163607
2309.42,0.230693
723.223,0.0722716
1643.17,0.164222
1375.82,0.137246
1044.42,0.104386
1495.01,0.149423
1188.54,0.118843
8451.44,0.842329
1303.02,0.130211
4739.34,0.473069
980.859,0.098025
7567.32,0.75238
5697.65,0.549807
1117.29,0.11172
3088.01,0.308294
836.647,0.0836594
1176.98,0.11757
730.138,0.0729887
1620.27,0.161925
767.817,0.0766728
1396.3,0.138975
688.916,0.0688768
4644.23,0.463562
831.049,0.0830659
952.067,0.0951373
787.585,0.0787166
1656.67,0.165623
1508.53,0.15082
1117.18,0.111708
2676.22,0.267476
1337.21,0.133706
1557.09,0.155628
1470.75,0.147057
941.333,0.0941006
626.266,0.0626158
636.163,0.0635013
1190.91,0.1189
928.659,0.0928573
1753.92,0.175368
541.373,0.0541175
2245,0.224243
1105.1,0.110503
1200.51,0.119867
1624.94,0.162476
594.92,0.059484
1294.4,0.12943
2879.5,0.287815
1656.4,0.165568
940.128,0.0939607
2726.08,0.272446
1485.4,0.148447
979.96,0.0979842
1446.87,0.144557
1436.87,0.143619
1501.81,0.150173
1373.72,0.13733
1386.17,0.138146
1270.45,0.126944
789.942,0.0789732
800.164,0.0800123
1036.97,0.103648
1209.36,0.120901
1080.96,0.10796
877.615,0.0877423
1803.75,0.180241
1439.95,0.143954
828.821,0.0828665
2175.69,0.217523
1611.37,0.161059
1870.17,0.186869
1176.86,0.117594
1228.46,0.122834
1316.9,0.131639
1238.6,0.12364
1251.44,0.125092
1894.6,0.189366
730.748,0.0730493
1634.77,0.163452
988.357,0.0987212
2627.07,0.262621
1309.57,0.130896
1690.63,0.14862
2021.8,0.201873
9262.87,0.925531
1554.69,0.15539
2158.04,0.215731
1041,0.104079
4009.68,0.399831
2438.66,0.243681
1343.75,0.134358
1696.14,0.169517
1094.67,0.109405
1653.98,0.165349
1083.99,0.108326
1365.08,0.136497
881.224,0.0881088
1568.17,0.155663
1027.21,0.102661
672.677,0.0672644
1127.97,0.112724
798.938,0.0798573
2732.03,0.272929
939.045,0.0938935
989.591,0.0989486
2198.13,0.21977
976.994,0.0976937
719.721,0.0716897
1466.2,0.146614
926.356,0.0926123
1168.58,0.116754
1360.41,0.135923
1035.91,0.10358
2247.03,0.224663
965.356,0.0965172
2379.91,0.237566
4482.57,0.448149
812.377,0.0812057
2484.5,0.247132
626.697,0.0626607
3539.15,0.353881
1401.75,0.140098
1233.46,0.123343
1054.23,0.105385
867.332,0.0866457
1970.25,0.196877
1013.85,0.101248
1060.5,0.106036
4358.48,0.433813
1061.73,0.106102
838.785,0.0838712
1016.47,0.101636
675.401,0.0674981
1270.42,0.126996
1838.11,0.183791
500.119,0.0499697
983.96,0.0983752
1359.47,0.135919
2206.76,0.220639
830.656,0.0830496
1078.61,0.1078
901.771,0.0901727
2009.99,0.200975
898.848,0.0892468
2167.09,0.216565
758.42,0.0758155
849.175,0.0848736
733.011,0.0680036
2698.96,0.269743
813.461,0.0813415
1384.61,0.138113
1826.08,0.18255
2261.57,0.226046
1584.63,0.156147
740.931,0.0740885
882.637,0.0881474
3137.42,0.313687
1834.89,0.183475
2359.85,0.235757
2181.38,0.217934
1182.46,0.118196
788.503,0.0788258
1031.23,0.103107
1042.64,0.103912
625.578,0.0624011
743.109,0.0742767
2297.96,0.229746
857.922,0.085782
1032.57,0.103215
1034.07,0.103325
1495.85,0.149546
1137.95,0.11375
1189.81,0.118832
1887.29,0.188501
986.621,0.0985812
857.026,0.0856409
619.984,0.0619872
1687.94,0.16823
871.744,0.0871559
740.099,0.0738897
1395.05,0.139468
1379.57,0.137916
1360.48,0.136023
3252.09,0.325047
7490.11,0.746209
760.524,0.0759267
885.81,0.0884633
633.151,0.0633109
1497.11,0.149675
1107.01,0.110353
1383,0.138275
3305.67,0.330489
678.114,0.0677592
18347.4,1.82845
2359.51,0.235804
1326.77,0.132559
1047.82,0.104721
7896.96,0.789328
2491.01,0.248999
2344.72,0.233555
1976.71,0.197535
1287.63,0.128753
3679.02,0.367707
3291.46,0.328473
989.665,0.0989485
453.643,0.0453525
1622.27,0.161555
3317.41,0.331635
2705.49,0.270304
1111.36,0.110925
1247.67,0.124388
1438.36,0.143828
2077.34,0.207615
1021.22,0.102083
1063.29,0.106309
10775.9,1.07693
654.935,0.0654819
905.681,0.0905389
1387.3,0.138688
1767.5,0.176725
848.932,0.0848824
624.535,0.0624135
1073.82,0.107377
1490.13,0.148446
2406.19,0.240326
1733.07,0.173302
1141.95,0.114189
680.018,0.0679839
2355.17,0.235401
1343.76,0.134267
3849.67,0.384702
2800.58,0.279114
983.398,0.0983032
789.753,0.0789452
1103.22,0.110294
1365.39,0.136515
1469.44,0.146918
1433.57,0.14228
1082.94,0.108271
1674.98,0.167381
2586.8,0.258294
1940.01,0.19395
1727.98,0.172766
1178.6,0.117716
4066.9,0.404917
760.936,0.0760854
960.191,0.0959375
1647.89,0.164765
806.949,0.0805871
1374.08,0.137093
1065.83,0.106566
2386.95,0.238241
697.723,0.0697356
686.445,0.0686198
1091.24,0.10912
2636.71,0.263611
1242.19,0.124051
2889.97,0.288972
660.026,0.0659789
736.42,0.0735892
1347.67,0.134394
960.197,0.0959582
1303.14,0.129012
1026.33,0.102566
2617.37,0.261486
1067.3,0.106546
1392.97,0.138758
2811.26,0.28102
1328.25,0.132806
613.302,0.0612947
3970.72,0.395868
23382.5,2.30914
737.507,0.0737246
1562.45,0.155865
1900.53,0.189706
1164.11,0.116365
1027.89,0.10274
700.117,0.0699752
1581.92,0.157963
5544.63,0.55418
1743.9,0.174105
756.399,0.0756171
606.498,0.0606166
1556.98,0.155688
1271.12,0.127103
878.394,0.0878271
1138.89,0.113874
1257.43,0.125735
5716.11,0.57097
1423.75,0.142322
988.285,0.0988177
884.19,0.0884104
2448.59,0.2448
1088.1,0.108779
1779.41,0.17759
2657.83,0.265675
1263.54,0.126336
2564.65,0.256298
1175.94,0.117585
1078.68,0.107861
709.684,0.0709425
4448.95,0.444545
632.31,0.0632177
1307.87,0.13072
1702.46,0.170213
910.394,0.0910148
1594.37,0.159262
2661.51,0.265847
1576.02,0.157544
691.17,0.069089
1690.04,0.168825
793.023,0.0792572
7105.57,0.707778
1088,0.108743
1192.31,0.119072
661.696,0.0661628
1017.39,0.101719
756.218,0.0756125
864.014,0.0863939
1040.71,0.103996
1215.68,0.121556
1469.65,0.146873
760.394,0.0757811
727.327,0.0727135
1403.12,0.140303
5356.7,0.535129
2049.76,0.20485
644.618,0.0644398
1051.65,0.105141
2393.45,0.237997
680.642,0.0680615
1563.13,0.156298
2110.58,0.210968
1207.53,0.120716
3491.44,0.348922
1304.1,0.130382
1368.33,0.136724
1349.07,0.134324
8959.86,0.894469
832.863,0.0831852
1188.26,0.115359
760.839,0.0760591
764.654,0.0763938
1140.42,0.11403
782.323,0.0782131
2098.9,0.209762
1279.05,0.127773
1321.09,0.132022
1375.95,0.137525
4026.11,0.402199
1115.92,0.111502
1313.1,0.131285
763.948,0.0762696
680.421,0.068041
4200.87,0.420007
1093.56,0.109318
1487.68,0.148692
1643.61,0.164324
1117.93,0.111784
1514.52,0.151367
3210.62,0.320713
1053.49,0.105327
575.748,0.0575707
851.794,0.0851187
615.823,0.0615173
689.37,0.0689276
1309.33,0.130374
1884.88,0.188449
982.382,0.0981863
933.438,0.0933353
1723.79,0.172315
1063.34,0.10631
1042.46,0.103896
1577.45,0.157698
1078.73,0.107865
1106.08,0.110575
1202.47,0.120227
2334.65,0.233392
912.919,0.0912708
808.399,0.0807992
883.156,0.0881716
2220.32,0.221973
1171.14,0.117101
991.703,0.0990145
1074.91,0.107362
3479.06,0.347627
6485.58,0.612843
1780.64,0.177781
1692.28,0.169157
734.42,0.0733451
1456.22,0.145363
1070.64,0.10704
1527.89,0.152236
1508.98,0.150874
1189.57,0.118926
3049.51,0.304672
914.649,0.0914406
537.384,0.0536764
1160.41,0.115756
745.351,0.0745145
1364.71,0.136458
1040.91,0.104083
1161.07,0.116101
1893.58,0.189331
1952.52,0.195201
792.734,0.0792508
663.891,0.0663408
2105.02,0.210444
1311.04,0.131069
1980.14,0.197453
882.686,0.086523
1175.1,0.117453
1044.46,0.104146
2261.07,0.225989
1000.7,0.0996309
4137.3,0.413655
482.933,0.0482879
1889.12,0.188835
676.915,0.0676421
910.352,0.0909868
928.709,0.0928662
4187.74,0.41804
5781.69,0.577222
1163.8,0.11624
1443.27,0.144144
2261.68,0.226102
1615.91,0.161538
1022.28,0.102186
1733.6,0.173237
1446.57,0.144603
1166.46,0.116555
1102.2,0.110135
932.519,0.0919689
961.268,0.0960146
606.857,0.0605122
1608.72,0.160824
1387.63,0.13868
825.957,0.0825667
1173.65,0.117344
7810.66,0.775035
2393.79,0.239311
1965.82,0.196185
3488.74,0.348738
1290.79,0.129044
785.479,0.0785022
760.758,0.0759984
3976.78,0.395504
1912.32,0.191013
1163.57,0.116286
1134.24,0.113389
1127.9,0.112599
24846,2.47921
983.8,0.0979588
1514.44,0.151375
1161.02,0.116059
2372.06,0.237147
1146.01,0.114591
1286.49,0.128629
783.318,0.0782069
1010.98,0.101086
1508.08,0.150757
686.723,0.0686455
1187.14,0.118696
745.802,0.0745146
708.185,0.0707982
1380.61,0.138043
1452.5,0.124478
1207.71,0.120756
2091.1,0.209066
803.373,0.080191
1154.76,0.115416
2005.72,0.20043
1562.7,0.156232
1125.48,0.112533
773.206,0.0772896
689.707,0.0689608
2189.22,0.218712
1190.82,0.119065
943.675,0.094365
1417.48,0.141728
1348.3,0.134799
805.878,0.0800443
1323.2,0.132273
1786.92,0.178665
2150.49,0.215018
1593.41,0.159305
993.244,0.0992485
1669.5,0.166883
955.812,0.0955315
1377.73,0.137551
942.78,0.094263
563.996,0.0563875
863.277,0.0862612
903.226,0.0902945
944.451,0.0944177
1151.6,0.115129
1906.04,0.190585
590.488,0.0589884
845.399,0.0844913
759.327,0.0758824
877.503,0.0876681
1007.45,0.100722
582.985,0.0579435
1672.78,0.167265
628.278,0.0628217
550.971,0.0550902
1699.93,0.169935
1859.02,0.185823
3245.32,0.324424
1732.25,0.173198
1101.24,0.110091
1028.89,0.102785
1042.38,0.104168
1667.11,0.166701
1181.49,0.117962
974.401,0.0973955
998.054,0.0997404
1058.06,0.105552
4204.48,0.420126
1142.25,0.114166
1603.64,0.160306
1037.35,0.103556
886.89,0.0886773
2465.12,0.246332
1380.35,0.137843
2699.93,0.269756
1002.93,0.100269
1230.22,0.122984
2308.04,0.22992
4506.85,0.450146
780.231,0.0779919
1605.36,0.158007
720.619,0.0720549
1516.65,0.151581
606.302,0.0606165
930.526,0.0929898
879.485,0.0879161
519.429,0.0519376
1658.58,0.165745
1479.15,0.147849
2920.14,0.29183
1613.04,0.160607
849.556,0.0849405
585.928,0.0584852
1334.11,0.133399
1477.14,0.147708
1057.11,0.105637
1341.11,0.134091
932.443,0.0931812
895.922,0.0895387
2005.53,0.200533
1094.66,0.109414
1154.49,0.115372
928.995,0.0928746
4139.51,0.412646
2519.38,0.251263
604.79,0.0604511
1636.93,0.163671
680.642,0.0679446
2047.85,0.204577
892.619,0.089232
1326.43,0.132605
1340.76,0.134024
767.787,0.0767485
1521.55,0.152138
1338.25,0.133779
910.585,0.0910444
3479.71,0.347889
2063.59,0.205306
458.805,0.0458767
1115.09,0.111496
5252.42,0.5233
1436.13,0.143589
2512.91,0.250972
940.619,0.0940339
2603.15,0.260103
2666.17,0.266235
1089.15,0.108818
937.751,0.0936862
1379.79,0.137869
1127.67,0.112605
617.774,0.0617721
1429.93,0.142847
855.941,0.0855075
1003.44,0.100326
3954.6,0.391106
1804.88,0.18036
1136.15,0.113597
1365.78,0.136503
1261.18,0.125414
842.278,0.0842183
1650.66,0.165039
721.519,0.0721457
1189.21,0.118917
1403.05,0.140267
682.195,0.0682117
950.442,0.0950253
2136.19,5.63725
6342.01,0.63531
944.389,0.0943436
1305.14,0.130436
778.503,0.0776644
3569.08,0.354823
533.478,0.0533216
619.692,0.0619254
1429.74,0.142936
994.767,0.0993799
1357.96,0.13579
973.304,0.0973072
1312.24,0.131168
697.507,0.0696619
1621.61,0.162129
1489.5,0.148728
561.617,0.0561281
752.535,0.0752312
1521.39,0.15202
738.628,0.0737841
1090.84,0.108892
891.045,0.0890812
1030.71,0.103047
1639.52,0.163924
2245.88,0.224468
5284.12,0.526507
1044.18,0.10441
2444.01,0.244369
1090.71,0.109057
1078.62,0.10782
984.015,0.0983748
2717.65,0.27158
857.925,0.0857839
1513.78,0.151314
2821.77,0.281526
1546.9,0.15465
2116.18,0.203997
1325.1,0.132495
1428.16,0.142718
1505.81,0.150567
840.611,0.0840474
6717.4,0.668636
810.568,0.0810489
1304.8,0.130454
1236.16,0.123572
607.175,0.0606991
706.764,0.0706372
1421.69,0.14215
1058.51,0.105833
592.812,0.0592788
2937.28,0.293433
1639.69,0.163892
863.016,0.086267
804.551,0.0804456
5567.33,0.556578
1582.2,0.157329
942.496,0.0937227
890.083,0.0889901
819.124,0.0818843
843.103,0.084282
852.215,0.085134
2218.73,0.221547
980.61,0.0980466
728.318,0.0728179
584.387,0.0584293
1397.81,0.139739
665.812,0.0665709
4985.1,0.498089
694.995,0.0694717
979.659,0.0978588
875.364,0.0875127
1318.4,0.131816
1269.95,0.126921
1048.18,0.104791
1982.02,0.198146
1375.02,0.137403
1223.53,0.12222
797.952,0.0797396
1215.07,0.121499
1008.73,0.0989366
586.737,0.0586504
2833.22,0.283304
1426.43,0.142602
823.087,0.0823011
2994.03,0.299182
2014.77,0.201137
1251.92,0.125048
744.832,0.0744686
3538.32,0.353636
839.697,0.0838757
858.5,0.0857961
1479,0.147889
815.337,0.081465
1141.31,0.11412
972.133,0.0971823
2036.96,0.203661
1676.01,0.1673
605.359,0.0605161
1690.6,0.168588
910.743,0.0910533
890.746,0.0890229
5478.56,0.547503
874.605,0.0874547
1191.08,0.119095
778.854,0.0778782
1326.41,0.132615
2320.13,0.231968
2111.58,0.210995
1015.17,0.101463
1118.11,0.111716
904.39,0.0904374
638.192,0.0638144
756.597,0.0756005
2476.45,0.246483
1204.67,0.120428
777.75,0.0777306
940.847,0.0940544
2229.87,0.222877
1992.02,0.19915
649.963,0.0649861
1802.61,0.180234
1035.73,0.103537
1104.12,0.110356
1373.09,0.13725
1375.51,0.137261
1543.05,0.154194
1128.45,0.112612
1249.91,0.124961
1046.06,0.104377
763.879,0.0763697
1031.98,0.103192
2147.83,0.214724
1054.53,0.105428
1056.13,0.105461
688.141,0.0688054
1712.89,0.171232
641.075,0.0640966
1379.97,0.137623
1427.59,0.142752
1007.98,0.100499
1575.97,0.15754
1936.78,0.193624
776.697,0.077529
1168.65,0.116851
703.798,0.0703682
2656.78,0.265431
6094.82,0.609247
1499.42,0.149788
956.634,0.0955194
2303.86,0.230166
2680.13,0.267921
666.91,0.0666854
1270.74,0.126964
957.825,0.0957579
876.652,0.0876595
1055.25,0.10543
636.678,0.0636578
1589.67,0.158903
764.298,0.0763558
1420.64,0.141941
2002.88,0.200013
1398.47,0.13977
1224.07,0.122364
2469.82,0.24687
1374.59,0.137011
1103.73,0.110301
1261.67,0.125978
2843.26,0.284131
3541.04,0.353935
2689.32,0.268713
1023.55,0.102209
816.385,0.0816337
1612.18,0.161145
980.51,0.0980407
1394,0.139383
380.088,0.0379862
1302.63,0.130253
2334.02,0.233345
723.21,0.0723116
3447.41,0.344651
1423.85,0.142307
2778.29,0.277598
1691.95,0.169171
641.442,0.068805
2058.43,0.205792
824.369,0.0824327
1245.26,0.124502
1194.09,0.119383
1196.86,0.119669
860.134,0.0860023
921.22,0.0921096
500.254,0.0500174
1235.61,0.123354
1269.37,0.126888
1462.37,0.146142
5439.68,0.543341
1722.23,0.172183
5581.95,0.557209
816.912,0.0815865
1808.66,0.180787
2045.34,0.204474
772.685,0.0772327
590.542,0.0590508
1087.81,0.10877
924.648,0.092433
1324.29,0.132398
507.474,0.0506047
1484.89,0.148348
1133.39,0.113329
714.349,0.0714228
1255.57,0.125494
1587.24,0.158596
768.131,0.0768066
1254.75,0.125272
1129.2,0.112917
1367.26,0.136697
1183.2,0.118285
1556.54,0.155462
897.403,0.0896628
916.265,0.091623
12608.5,1.25674
2310.73,0.231053
1234.16,0.123013
1371.66,0.137066
1141.95,0.10526
1067.5,0.106686
14079,1.40201
1588.29,0.158768
1299.59,0.129895
2588.16,0.258701
4404.77,0.439941
1902.41,0.190091
1404.12,0.140329
1072.36,0.107231
600.004,0.0599804
701.067,0.0701021
2401.37,0.240024
1675.73,0.165445
1453.09,0.145177
764.621,0.0764537
603.12,0.0603033
795.832,0.0795481
1537.31,0.153675
1737.56,0.173442
1279.63,0.127945
1279.64,0.127906
671.222,0.0670871
2249.73,0.224901
1003.07,0.100297
23349.2,2.31768
779.367,0.07778
1944.98,0.194445
1538.14,0.153751
721.569,0.0721343
1516.23,0.151612
1504.05,0.150318
1271.91,0.127118
1485.25,0.147021
593.749,0.0593681
6108.01,0.610265
825.663,0.0823848
2011.6,0.201042
1172.31,0.117126
1202.94,0.120279
922.057,0.0921386
645.178,0.0644978
439.168,0.0438976
1171.64,0.117106
688.842,0.0688626
2033.65,0.203163
945.39,0.0944746
7058.03,0.705227
1746.01,0.174364
1140.58,0.114013
2764.46,0.276313
769.626,0.076954
470.639,0.0470515
948.417,0.094813
889.966,0.0886957
981.882,0.098097
1498.28,0.149809
1348.58,0.134719
937.413,0.0937212
2858.39,0.285682
2862.54,0.28608
861.994,0.0861521
915.338,0.0915226
1636.86,0.163634
1394.11,0.138767
1038.89,0.103827
1596.76,0.211318
1773.17,0.177216
1686.15,0.168464
2707.83,0.270719
1687.2,0.168699
1302.91,0.129988
2859.3,0.2859
819.228,0.0819036
2820.76,0.281974
6003.43,0.599495
2212.4,0.221132
915.228,0.0914625
1349.87,0.134923
1723.88,0.172233
754.9,0.0754522
910.836,0.0910252
1766.71,0.176424
673.732,0.0673292
1583.11,0.15821
1232.01,0.123161
2339.47,0.233931
1260.88,0.126018
979.687,0.0979417
3302.46,0.329805
1538.31,0.153808
581.007,0.058094
2272.33,0.227067
2056.6,0.205381
1352.5,0.135196
1660.52,0.166011
2971.5,0.296562
4045.13,0.404049
4790.4,0.478034
2036.55,0.203574
1258.31,0.125733
1079.21,0.107829
1160.38,0.11593
1583.75,0.158304
2017.98,0.201637
913.183,0.0912967
1361.57,0.135961
2027.33,0.202613
1005.27,0.100495
865.495,0.0865193
1171.07,0.117037
540.9,0.0540708
940.403,0.0939565
3111.4,0.310712
934.885,0.0934519
908.072,0.0907625
1570.49,0.156951
1687.51,0.168723
1301.79,0.130175
1403.93,0.140338
775.639,0.0774641
1002.67,0.100198
1087.52,0.108718
1960.77,0.196045
1882.49,0.188032
1664.97,0.166438
12822.5,1.27992
784.277,0.0783567
5126.35,5.77374
4047.51,0.404617
1089.84,0.108584
3182.63,0.317713
1099.52,0.109766
1391.56,0.138574
1798.78,0.179816
1989.38,0.198905
1607.83,0.160764
1325.87,0.132537
1297.49,0.129641
1212.97,0.121151
855.642,0.0855613
1128.42,0.112738
879.186,0.0879119
871.462,0.0871415
1949.3,0.194907
1007.12,0.100697
1080.62,0.108021
3074.74,0.306459
873.945,0.0872562
1364.93,0.136485
939.362,0.0927137
603.841,0.0603593
951.224,0.0951019
1413.44,0.141316
1285.31,0.128515
3303.4,0.330209
1153.42,0.115326
1258.61,0.125531
1493.48,0.148317
2335.74,0.23354
2318.71,0.231765
988.449,0.0988262
1599.28,0.159882
1787.97,0.178642
1923.45,0.19233
843.656,0.0843609
1114.16,0.111157
1022.27,0.102151
1893.52,0.189055
2556.02,0.255469
1243.53,0.124234
1074.73,0.10741
1990.03,0.198236
1321.44,0.132139
1252.22,0.125032
918.073,0.0917713
4263.44,0.426251
516.394,0.0516268
13249.2,1.32297
966.021,0.0965903
2157.86,0.215739
1464.2,0.146309
839.766,0.083949
903.486,0.0902764
2012.63,0.201228
730.712,0.0729761
888.207,0.08868
5531.27,0.552328
734.528,0.0733782
1537.66,0.153562
720.918,0.0720433
1185,0.118461
809.455,0.0809294
3915.46,0.391379
894.535,0.0894278
781.289,0.0781093
1400.08,0.139516
1107.83,0.110739
1612.87,0.161235
827.486,0.082721
3225.25,0.322326
1188.57,0.118832
4727.36,0.472642
1240.11,0.123956
888.015,0.0887731
929.57,0.092922
844.727,0.0844409
1345.64,0.1344
1573.52,0.15733
992.368,0.0992121
1008.37,0.100826
2354.1,0.235279
696.444,0.0696248
1123.63,0.112217
20955.7,2.08453
911.695,0.0911322
1176.35,0.117551
903.094,0.0901944
1191.43,0.118659
1073.7,0.107325
1245.99,0.124461
1277.01,0.127673
1417.24,0.141218
938.099,0.0936612
1318.3,0.13168
963.553,0.0962683
1633.18,0.163264
3507.64,0.350525
3671.99,0.367012
2047.87,0.204639
2148.59,0.214736
1099.63,0.109935
947.199,0.0947114
1446.15,0.144551
648.409,0.0647417
1163.87,0.116342
1107.43,0.110728
1094.98,0.10949
1321.92,0.132172
2600.07,0.259768
689.012,0.0688876
22944.5,2.33036
1387.16,0.138683
1046.77,0.104634
1264.75,0.126341
1014.95,0.101464
1366.81,0.136499
1532.4,0.153069
1038.92,0.103771
1378.23,0.137723
817.99,0.0817913
5156.32,0.514789
1347.57,0.13459
881.995,0.0881912
2677.99,0.267514
1025.47,0.10249
1048.3,0.104813
1613.35,0.161239
21132.7,2.10292
3975.81,0.397262
1374.66,0.137302
1038.23,0.103821
792.934,0.0791629
1153.85,0.115323
792.602,0.07923
1544.73,0.154457
5067.39,0.50635
885.516,0.0885336
877.333,0.0877083
2072.37,0.207182
2024.99,0.202399
1464.93,0.146461
4322.13,0.43136
8248.73,0.822627
879.008,0.0878747
2561.28,0.256011
2656.06,0.265522
745.535,0.0745326
1271.37,0.127105
777.575,0.0777212
1504.12,0.149728
735.282,0.0734941
899.058,0.0898727
1232.53,0.122987
2677.34,0.267508
1796.73,0.179589
327.357,0.0327295
2294.2,0.229296
521.323,0.0521301
1160.13,0.115981
740.847,0.0740304
3036.06,0.303577
1574.94,0.157449
2041.75,0.203771
1308.64,0.130686
1742.92,0.174184
2270.87,0.227011
1512.64,0.151207
1396.61,0.139599
2754.76,0.275414
1973.67,0.19702
803.871,0.0802094
745.189,0.0745043
810.282,0.0809761
632.162,0.0632125
1004.04,0.100181
1074.52,0.106586
3128.72,0.312368
852.66,0.0852013
726.184,0.072592
2030.52,0.202996
1029.29,0.102892
1836.03,0.183518
959.717,0.0959622
843.68,0.0843575
2932.54,0.293202
3015.77,0.30135
2807.42,0.28073
1743.84,0.174083
708.719,0.0708641
1258.55,0.125832
1014.79,0.101448
4267.6,1.23672
3456.25,0.345303
1261.69,0.126166
875.058,0.0874978
1326.74,0.132562
1367.74,0.136711
1241.33,0.12394
1057.84,0.105598
1268.93,0.126876
4348.79,0.434722
1505.87,0.150528
1152.84,0.115243
1309.17,0.130891
844.351,0.0844015
1731.04,0.173073
1100.42,0.109956
1224.07,0.122401
8034.47,0.802574
3322.12,0.332012
837.897,0.0837748
2160.74,0.215483
1314.02,0.131373
1180.93,0.118088
1902.12,0.189384
777.395,0.0776301
1727.11,0.172074
744.419,0.0744216
2374.71,0.237271
1216.36,0.121595
7319.56,0.730536
1177.9,0.117716
1686.59,0.168592
821.594,0.0821381
982.008,0.0981786
1665.56,0.166507
1997.79,0.199205
613.551,0.0601421
1181.84,0.118042
2606.83,0.258565
688.003,0.0686994
3497.67,0.349562
1203.14,0.120309
1956.34,0.195592
1079.26,0.107912
1589.02,0.158356
1398.69,0.139782
647.989,0.0647868
2467.3,0.246399
3045.57,0.304257
830.231,0.0830008
2001.32,0.200105
1069.72,0.106901
608.486,0.0608412
1646.98,0.164531
1381.21,0.138043
920.899,0.0891517
636.981,0.0636922
1032.84,0.103216
1486.47,0.148609
1990.92,0.198957
1646.94,0.16454
2145.82,0.214495
1959.11,0.195848
964.183,0.0964015
2295.43,0.229272
1764.84,0.176379
1070.86,0.106753
2022.62,0.202128
1429.37,0.142922
1131.52,0.113143
2499.23,0.249761
2461.01,0.245494
604.378,0.0604104
1300.32,0.129983
1060.62,0.106026
1168.11,0.116453
1217.22,0.121633
1526.79,3.23787
556.436,0.0556271
3822.12,0.381652
689.66,0.0689575
1523.44,0.152247
1087.16,0.108586
1208.88,0.120441
9536.3,0.953247
1282.55,0.128241
911.956,0.0908304
2107.36,0.21054
1452.81,0.145267
1070.73,0.107046
2651.36,0.264323
885.164,0.0882974
691.39,0.0691195
3867.31,0.385941
2092.85,0.209239
1505.61,0.150407
953.633,0.0953183
3104.4,0.310192
901.975,0.090145
1319.02,0.131847
1714.94,0.171161
760.269,0.0760009
1406.01,0.140384
984.199,0.0983629
1871.46,0.187075
1601.82,0.159976
4095.85,0.409004
1582.07,0.158111
1615.07,0.161298
10530.3,1.04964
1080.11,0.107819
810.009,0.0809574
2340.78,0.234009
1355.48,0.135532
1567.01,0.15661
1637.88,0.16372
1271.16,0.127026
4296.31,0.42951
1129.62,0.112894
1321.33,0.13211
2731.45,0.273026
808.561,0.0808521
1446.57,0.14426
1795.27,0.179037
963.644,0.0963058
930.418,0.0930168
2180.47,0.217996
2209.65,0.22088
457.979,0.0457917
760.87,0.076082
1673.76,0.167221
643.144,0.064306
1321.87,0.132148
978.869,0.0978618
1583.67,0.1583
1115.56,0.111512
1713.49,0.17134
9977.75,0.99736
2367.58,0.236615
1480.6,0.148017
987.83,0.0987403
949.147,0.094894
1181.7,0.118062
3761.74,0.376036
1279.86,0.127903
978.088,0.0977348
1481.26,0.147951
1517.86,0.151494
1445.18,0.144361
986.869,0.0986645
5547.43,0.553997
10707.7,1.07003
1222.65,0.122242
1593.44,0.159327
783.066,0.078288
1658.9,0.16575
1425.45,0.142441
1089.46,0.108904
1103.02,0.110276
1247.51,0.124737
971.088,0.097095
747.284,0.0744518
891.168,0.0890989
907.923,0.0907786
1069.34,0.106883
2958.68,0.295207
1140.05,0.113995
687.767,0.0687329
1655.15,0.165029
4936.46,0.492876
693.442,0.0693006
758.539,0.0757753
1048.42,0.104804
2877.3,0.287672
682.207,0.0676192
2004.57,0.200171
3564.32,0.356085
2760.03,0.274728
1136.24,0.113603
1715.16,0.171414
1823.42,0.182133
1389.48,0.138906
951.931,0.095171
1278.16,0.127811
901.879,0.0900322
1539.2,0.153885
1882.46,0.18823
1986.47,0.198502
1113.79,0.111329
1749.51,0.174811
1667.53,0.166685
1022.5,0.10224
2394.99,0.239262
914.294,0.091407
1434.84,0.143428
2692.29,0.269105
1912.26,0.191194
1217.95,0.121646
1878.52,0.187739
2796.84,0.279418
1144.9,0.11429
6812.48,0.67958
1946.75,0.19463
2307.36,0.230375
2802.01,0.280156
945.797,0.0945754
1541.37,0.153955
1200.28,0.119768
706.147,0.0705707
1753.12,0.175138
1012.18,0.101186
1107.57,0.11073
1179.75,0.117967
1076.73,0.107659
1068.27,0.10681
2636.45,0.263206
698.382,0.0698252
1274.33,0.12741
1456.31,0.145201
1553.89,0.155372
1388.2,0.138674
2081.12,0.207887
1350.19,0.134996
1839.25,0.183431
960.145,0.0959303
974.019,0.0973142
659.332,0.0659179
1268.26,0.126684
1067.57,0.106637
1684.72,0.168446
1580,0.15797
1016.76,0.101435
1895.2,0.18938
2360.32,0.236006
883.854,0.0883374
1316.78,0.131586
862.773,0.0861584
1274.19,0.126028
2643.47,0.264221
3252.47,0.324142
1181.23,0.116483
12661.9,3.32002
2486.16,0.2485
1951.43,0.194957
1650.19,0.164547
2583.31,0.258304
781.286,0.0780809
1235.79,0.123308
2907,0.290427
1477.71,0.147118
893.767,0.0893733
533.13,0.0532295
1352.88,0.135251
1274.59,0.127435
834.36,0.0833657
1285.13,0.128003
1172.51,0.11722
4793.49,0.478362
1197.84,0.118878
1234.65,0.123449
2127.08,0.21266
1438.84,0.143797
750.931,0.0750699
473.457,0.0473439
719.732,0.0719668
1315.19,0.131504
946.159,0.0945555
1013.55,0.101288
770.503,0.0770361
885.99,0.0884851
851.032,0.085078
2167.84,0.216602
1081.71,0.108085
1136.9,0.113651
983.979,0.0964803
1318.23,0.131408
2272.5,0.227125
743.54,0.0743148
1039.53,0.103937
1878.54,0.187685
1229.45,0.12289
2098.13,0.209774
1050.58,0.105041
11116.5,1.10883
1915.77,0.190374
987.071,0.0986978
1009.84,0.100973
1105.95,0.110582
963.571,0.0963416
1096.84,0.109669
1988.33,0.19876
1612.66,0.161205
842.662,0.0842571
1288.88,0.128752
2239.55,0.223888
1161.1,0.116082
857.561,0.08572
3068.7,0.306657
857.098,0.0856765
2504.51,0.250427
999.679,0.0999318
2719.09,0.271769
1570.95,0.157045
874.618,0.0868851
2187.62,0.218389
1312.63,0.131213
858.679,0.0858559
1944.86,0.194432
1481.03,0.1475
927.696,0.0927452
1551.79,0.154921
1754.01,0.175378
2371.31,0.236948
1025.71,0.102529
1885.11,0.188312
820.988,0.0820928
1223.95,0.122379
2144.51,0.214379
2959.59,0.295714
1392.29,0.139168
1032.25,0.10288
1320.91,0.131109
1199.23,0.119838
1151.95,0.115072
2289.62,0.1449
1886.38,0.188418
1379.28,0.137892
3707.7,0.370046
1476.48,0.147612
1581.33,0.157746
1073.57,0.107315
4693.35,0.469207
3928.32,0.39184
734.838,0.0734775
1572.6,0.157081
1764.9,0.176465
3168.08,0.316693
1406.55,0.140405
939.321,0.0939184
1451.33,0.145092
1079.22,0.107908
816.443,0.081514
927.267,0.0926318
1014.86,0.101464
1137.3,0.1136
2296.97,0.229415
1364.36,0.136396
1731.69,0.173129
1114.86,0.111441
1251.45,0.125068
1412.8,0.141183
1059.8,0.105971
1605.12,0.160482
1404.59,0.140436
917.04,0.0917002
1493.72,0.149327
13051.8,1.30116
909.349,0.0909154
861.16,0.0860905
817.74,0.0817418
981.922,0.0981813
684.728,0.068452
1553.24,0.15527
1116.94,0.111675
982.447,0.0982396
670.896,0.0670671
2981.15,0.296842
841.231,0.0840291
5529.39,0.552102
881.655,0.0881632
963.355,0.0963151
2139.38,0.213819
1917.17,0.191516
2676.23,0.267466
899.373,0.0899007
2608.32,0.260683
1824.42,0.182389
643.784,0.0643754
1166.68,0.115988
1346.68,0.134529
1929.61,0.192952
1565.38,0.156139
1630.69,0.162627
859.22,0.0859041
927.806,0.0927193
1595.56,0.1595
1415,0.141332
1976.26,0.197527
2228.76,0.222854
1324.67,0.132433
934.055,0.0933641
1136.11,0.113584
728.11,0.0727934
1016.02,0.101354
2137.52,0.213619
2435,0.236845
1479.52,0.147844
949.888,0.0949297
2396.15,0.239131
11592.8,1.15827
4520.04,0.450897
1572.66,0.157115
1780.02,0.177974
1050,0.10497
1211.36,0.120919
1519.96,0.151925
1817.93,0.181078
1916.93,0.191685
972.784,0.0972015
735.295,0.0735281
1884.76,0.188415
2093.7,0.209007
596.807,0.059675
1083.9,0.108369
525.189,0.0524865
1427.09,0.142337
570.519,0.057045
1329.42,0.132854
578.42,0.0577841
6801.81,0.679078
2971.16,0.296915
2136.87,0.213645
1173.36,0.11728
865.386,0.0865304
1048.11,0.104719
723.151,0.0722484
1623.71,0.16228
1701.87,0.170065
972.062,0.0968633
1672.17,0.167026
5657.76,0.564041
1438.02,0.143789
1069.26,0.106922
1337.66,0.133341
1185.08,0.118352
5791.52,0.578362
2072.81,0.207233
1477.05,0.147695
843.503,0.0843292
859.99,0.0859241
546.156,0.0546137
975.539,0.0974284
2951.66,0.29476
1648.49,0.164643
651.022,0.0650595
957.496,0.0955536
1623.42,0.16209
1853.52,0.18529
830.688,0.0829827
681.216,0.0681015
4248.69,0.424604
3210.14,0.320974
7271.06,0.72464
1726.4,0.172461
1571.29,0.156843
830.044,0.0829863
423.292,0.0423128
9800.75,0.977951
835.147,0.0834918
3470.43,0.346876
815.342,0.0815246
860.059,0.0858255
2080.93,0.208072
1656.89,0.165654
984.852,0.098447
1383.7,0.138325
1225.75,0.12254
935.393,0.0934098
865.482,0.0864471
935.239,0.0934805
879.582,0.0879318
4245.34,0.423927
853.041,0.0852152
1105.38,0.110512
1583.97,0.158375
828.433,0.0828071
1585.64,0.158511
805.56,0.0805201
1120.05,0.111993
1064.6,0.106376
1455.87,0.14554
1110.7,0.111057
900.592,0.0900424
1127.98,0.112711
798.54,0.0797795
2128.41,0.212304
820.534,0.0820256
602.118,0.0601675
1394.12,0.139361
973.946,0.0973888
1362.66,0.13625
927.815,0.0927692
2689.06,0.268707
1374.53,0.13711
1378.47,0.137775
1016.66,0.101534
4570.42,0.456303
1646.76,0.164324
2172.04,0.217085
958.425,0.095811
607.75,0.0607677
2267.19,0.226668
2212.95,0.22022
1604.74,0.160441
1558.12,0.155556
9087.52,1.81489
2081.77,0.208145
1808.95,0.180857
1835.17,0.181778
1043.98,0.104327
1348.29,0.134782
1381.21,0.138118
2670.27,0.266804
1407.16,0.14067
3464.17,0.346243
865.684,0.0865598
897.345,0.089652
1269.02,0.126665
1017.66,0.101745
504.983,0.0504617
1515.52,0.151262
1416.15,0.141576
4062.22,0.405906
951.768,0.0951684
736.014,0.0735997
1179.82,0.117944
794.486,0.0792964
913.648,0.0913306
579.228,0.0577813
1579.33,0.157858
1515.11,0.151476
661.425,0.0661346
2136.08,0.213137
1369.04,0.136874
3987.41,0.398532
1256.99,0.125695
1096.14,0.109501
1289.53,0.128916
1622.54,0.161921
2039.33,0.2039
1061.07,0.106066
809.462,0.0809333
992.608,0.0991531
903.706,0.0903286
1536.64,0.153655
2056.13,0.205494
984.701,0.098377
786.357,0.0786076
2246.97,0.224642
3198.83,0.319774
513.961,0.0513909
1895.94,0.189537
715.154,0.0714918
1171.74,0.117109
1086.15,0.10858
701.715,0.0701578
603.472,0.0603435
1396.38,0.139457
2939.74,0.29384
2199.57,0.219756
4364.16,0.436183
1077.46,0.107697
894.492,0.0894469
2670.28,0.266995
918.345,0.0916762
1161.09,0.116059
1311,0.13103
3602.17,0.359157
557.624,0.0557591
1232.8,0.123257
1581.37,0.157856
10845,1.08214
1173.42,0.117334
1457.35,0.145707
754.013,0.075386
1164.61,0.116088
1227.23,0.122482
2916.52,0.291606
1795.49,0.17951
4471.27,0.446888
1274.06,0.127358
822.481,0.0822154
1595.72,0.159239
1807.25,0.180593
631.96,0.0631822
1801.66,0.180146
1102.22,0.110176
1302.46,0.13021
589.314,0.058923
776.05,0.077601
867.351,0.0867128
912.493,0.0909492
1463.41,0.146274
870.111,0.0868289
2055.44,0.205487
1028.04,0.10276
1249.27,0.124832
3555.15,0.355324
1337.2,0.13326
11898.3,5.28532
634.817,0.0634589
1327.15,0.132545
1020.49,0.100058
1973.61,0.197183
1093.91,0.108685
1143.61,0.114349
732.431,0.0732163
957.186,0.095662
1192.71,0.119117
1564.28,0.156416
1621.71,0.162034
799.702,0.0799449
1575.31,0.15729
1130.09,0.112946
939.137,0.0939006
1226.19,0.122555
6491.63,0.648975
605.484,0.0605194
835.608,0.0835437
1050.67,0.105034
3251.53,0.324944
2708.38,0.270709
1201.97,0.120138
1164.78,0.116408
1929.7,0.192901
2319.77,0.231914
2964.48,0.295518
2615.44,0.261524
1404.68,0.140435
801.431,0.080124
1450,0.144934
816.465,0.0816408
1088.45,0.108766
2509.65,0.250493
755.189,0.0754842
2521.91,0.252054
823.568,0.0822485
2286.23,0.228378
1593.26,0.159271
2007.23,0.200448
1231.23,0.122417
1118.35,0.111801
1282.22,0.127746
863.87,0.0863784
604.37,0.0603985
1045.86,0.104492
7354.73,0.732461
1870.23,0.182992
908.756,0.0908666
701.999,0.0701907
1369.69,0.136953
887.769,0.0887507
1504.01,0.150251
1396.26,0.139535
669.577,0.0669364
1857.75,0.185511
885.076,0.0884417
1015.99,0.101587
931.148,0.0930877
1156.93,0.115677
963.484,0.0962966
1064.36,0.106401
1481.32,0.148123
1449.43,0.144877
946.591,0.0946039
1382.37,0.137707
3613.6,0.361184
1197.97,0.119606
1493.64,0.151795
1972.72,0.197087
1102.22,0.110166
1896.23,0.189245
2839.74,0.283463
1446.25,0.144295
1546.72,0.154629
1140.56,0.114019
1060.34,0.105994
877.55,0.0876519
5134.31,0.513195
697.308,0.0697186
3254.27,0.325404
965.704,0.0965533
929.72,0.0929369
1431.51,0.142984
1943.39,0.19418
3532.9,0.352403
4307.1,0.430276
1289.43,0.123748
507.709,0.0507588
2301,0.229905
2029.73,0.202932
1157.04,0.115547
958.81,0.0958011
2852.72,0.285202
966.77,0.0966362
982.602,0.0982476
1687.28,0.168427
824.21,0.0824054
1650.79,0.164884
1292.91,0.128836
1218.77,0.121744
658.721,0.0658554
1076.14,0.107544
1275.57,0.12744
887.403,0.0887101
1455.79,0.145568
1097.94,0.109785
1059.53,0.105901
800.924,0.0800859
1004.11,0.100346
914.278,0.091372
1060.05,0.105994
1979.6,0.197827
1566.06,0.156593
842.341,0.0841792
2396.58,0.239581
653.823,0.0653635
1397.04,0.139601
711.6,0.0711412
1136.86,0.113436
748.903,0.0748292
776.006,0.0775607
678.891,0.0678399
2514.91,0.251444
1932.43,0.193216
862.354,0.0862266
3155.72,0.315309
2825.44,0.282249
937.946,0.0937467
1691.21,0.169093
1027.28,0.102694
1219.76,0.121922
1106.3,0.110621
1423.19,0.142217
832.104,0.0831993
1163.73,0.11631
1080.07,0.107976
811.268,0.0810818
5192.89,0.518565
1028.28,0.102792
1420.58,0.141841
931.144,0.0930203
4038.74,0.403769
1170.9,0.117062
749.276,0.0747044
909.51,0.0909356
1395,0.139254
2486.44,0.248418
751.1,0.0750367
2075.16,0.207468
2979.8,0.297847
1125.25,0.112511
1560.01,0.155925
1099.13,0.109908
1011.24,0.101117
594.53,0.0594506
1218.61,0.121815
2027.42,0.202624
1015.64,0.101432
1017.61,0.101721
7056.09,0.705345
792.633,0.0792319
481.551,0.0480119
6308.92,0.629434
1474.68,0.147436
682.947,0.0682868
1324.43,0.132414
787.892,0.0787713
1898.82,0.189786
1000.07,0.0999919
919.751,0.0919441
1292.76,0.129
7362.04,0.725752
1906.95,0.190538
1908.56,0.190791
966.503,0.096627
4912.73,0.490823
805.129,0.0800645
1527.48,0.152699
2524.84,0.252431
1283.14,0.128268
432.204,0.0431815
908.453,0.0908077
696.807,0.0696748
4795.98,0.479046
2129.48,0.212837
1076.8,0.107677
1552.16,0.155164
1264.84,0.126414
1463.5,0.146326
2347.03,0.234573
1095.98,0.109594
772.274,0.0772008
941.74,0.0941724
2334.62,0.233405
1564.96,0.156334
1425.55,0.142547
2217.29,0.221647
884.297,0.0884245
1597.9,0.159752
1595.28,0.159379
1991.68,0.199009
1871.71,0.187028
993.767,0.0993434
803.285,0.0800414
1086.72,0.108583
2805.97,0.280245
3170.94,0.316437
812.175,0.081204
961.605,0.0961527
2097.33,0.20966
5655.7,0.565433
2934.39,0.29338
1034.13,0.103362
754.47,0.0754347
665.396,0.0664958
1665.55,0.166398
4926.91,0.492581
994.833,0.0994742
6527.9,0.650365
1451.1,0.144547
4946.12,0.493911
1359.74,0.135915
2064.31,0.206344
1229.85,0.122933
1708.17,0.170624
1208.99,0.120874
3548.59,0.35438
834.55,0.0834458
718.922,0.0717439
1003.68,0.100342
848.805,0.0839474
1620.92,0.16199
24786.7,2.46139
1072.52,0.107234
1681.14,0.167889
3162.75,0.315828
2352.34,0.235042
1136.63,0.113135
3490.95,0.348898
1973.62,0.197198
1292.57,0.12912
1246.98,0.124654
1281.45,0.128076
1191.43,0.123792
3989.62,0.398744
946.053,0.0945701
1060.1,0.105994
1178.37,0.117812
1134.29,0.113386
1828.49,0.182827
552.202,0.0551854
1538.42,0.153732
984.613,0.0984247
2776.23,0.277371
1887.19,0.188631
1456.88,0.145487
891.848,0.0891655
827.415,0.0826903
576.226,0.0576126
902.922,0.0902585
763.564,0.0762934
1546.92,0.154661
5239.51,0.523506
2305.11,0.230387
1564.27,0.156299
1735.36,0.172562
820.54,0.0820257
1362.64,0.136152
2427.55,0.242581
648.709,0.0648683
1498.88,0.149845
2053.63,0.205254
960.594,0.095997
50225.5,4.97042
968.174,0.0964485
1201.5,0.119963
1494.36,0.149415
767.169,0.0767134
1741.97,0.174146
1576.72,0.157597
1646.47,0.164405
1719.06,0.171861
1712.3,0.169581
1056.57,0.105524
16519.1,4.94394
1399.05,0.139873
2417.72,0.241457
1696.81,0.169453
1155.25,0.115503
1455.53,0.145467
1114.01,0.11134
1005.78,0.100575
3692.06,0.368767
1120.92,0.112076
1772.6,0.17708
1176.24,0.117604
2632.06,0.262935
2258.93,0.225568
1133.8,0.113271
2291.69,0.228812
788.105,0.0787733
828.199,0.0827972
527.81,0.0527143
625.549,0.0625533
1149.26,0.114916
2514.4,0.25118
1420.76,0.141905
1632.3,0.162916
5683.73,0.568098
1995.28,0.199501
1207.78,0.120712
1513.31,0.150908
739.04,0.0738967
880.482,0.0880169
899.945,0.0899844
797.778,0.0796779
1201.21,0.120083
950.893,0.0949675
1035.48,0.103474
842.314,0.0840801
1775.04,0.177471
1366.9,0.136649
1149.75,0.114958
1041.59,0.104127
1082.27,0.108203
1092.27,0.10912
883.757,0.0882387
1073.32,0.106928
1413.27,0.140962
2484.43,0.248407
1463.25,0.146028
1428.29,0.142773
8572.68,0.856483
1637.18,0.16345
1387.66,0.138738
1954.28,0.195089
2570.13,0.256772
1928.68,0.192749
2434.29,0.243327
1312.6,0.131101
710.504,0.0709713
1031.53,0.103085
1325.62,0.132508
1175.52,0.11753
1200.02,0.11997
1587.52,0.158666
1705.84,0.170573
1066,0.106594
1122.04,0.112104
1504.89,0.150444
923.178,0.0922918
2610.97,0.261056
615.277,0.0614579
1439.81,0.143967
929.64,0.0927575
1283.53,0.128349
2887.71,0.288002
1343.31,0.134316
2293.59,0.228915
3102.17,0.309803
13028.2,1.2996
979.728,0.097971
999.342,0.0998529
728.134,0.0727383
3318.51,0.331194
679.424,0.0678511
941.443,0.0941397
1244.67,0.124369
1283.87,0.1282
771.054,0.0769573
7088.51,0.707268
1066,0.106568
584.983,0.0584113
1224.13,0.122379
851.699,0.0851379
1297.89,0.129766
579.918,0.0579448
904.449,0.090426
3751.43,0.374792
1141.63,0.114135
748.57,0.0747457
1124.52,0.112434
1110.67,0.111004
1189.57,0.118793
1879.33,0.187876
2388.84,0.238808
2762.6,0.276131
2178.54,0.217657
761.432,0.0761091
1430.98,0.143049
1913.62,0.191188
1103.54,0.110272
1727,0.172669
1818.11,0.181433
1697.24,0.169666
896.422,0.089562
454.214,0.045408
1392.41,0.13922
927.234,0.092681
955.995,0.0955765
1521.29,0.151308
1101.1,0.110085
2134.91,0.213467
1290.98,0.128749
1372.36,0.1372
2484.9,0.248147
1143.66,0.114299
2123.94,0.212363
1392.58,0.138555
1371.24,0.137105
1090.29,0.109004
2220.25,0.221982
997.344,0.0997185
739.209,0.0739113
2752.97,0.274895
1461.88,0.146162
667.749,0.0667418
613.318,0.061278
900.479,0.089932
1235.34,0.123407
1886.6,0.188544
1002.33,0.100209
5360.84,0.535834
1222.43,0.122218
934.981,0.0934883
730.052,0.0729988
2408.44,0.240815
1578.64,0.157752
1411.74,0.141114
1050.15,0.104995
769.072,0.076901
1386.11,0.138521
1346.65,0.134628
2117.75,0.211582
907.905,0.0907293
987.435,0.098678
1774.04,0.177369
600.084,0.0600026
3189.94,0.318647
4426.77,0.946355
1451.95,0.145183
2678.42,0.267724
602.954,0.0602844
863.471,0.0861446
1391.12,0.138957
1253.31,0.125309
1220.34,0.121908
1111.83,0.111177
1125.96,0.112394
3709.61,0.370747
1106.46,0.11056
2195.77,0.219473
987.986,0.0987845
1105.19,0.110508
1263.25,0.126285
1169.12,0.116842
2764.31,0.276278
3115,0.311388
908.011,0.09077
932.676,0.0932502
748.956,0.0748574
1392.02,0.139176
1105.09,0.110499
1401.52,0.13988
1748.4,0.174792
800.214,0.0796317
1355.04,0.135392
1271.23,0.127068
741.107,0.0740656
863.659,0.0863463
6404.11,0.638324
1505.49,0.150531
1858.2,0.185684
3947.12,0.394098
1682.09,0.168169
1523.49,0.152335
646.415,0.0646227
1192.64,0.11922
2479.53,0.247879
1125.13,0.112395
1161.92,0.11614
2645.52,0.263358
1278.33,0.127759
2407.96,0.24064
931.294,0.0931237
1158.09,0.115786
1220.58,0.122005
1835.82,0.183049
1298.02,0.129787
1402.6,0.140061
466.063,0.0466059
3421.28,0.341896
1063.84,0.106372
949.078,0.0949032
726.332,0.072512
10439.1,1.04281
806.925,0.0798006
4268.52,0.426665
1036.33,0.103628
2421.78,0.241943
2676.69,0.267581
705.497,0.0705428
1096.61,0.109658
4637.63,0.463535
1033.8,0.103369
1366.4,0.136571
888.32,0.0887808
2245.55,0.224352
4016.86,0.40137
2515.86,0.250523
722.731,0.0722672
3305.17,0.329855
755.804,0.0755531
2124.22,0.212145
1449.72,0.144865
999.257,0.0998929
702.575,0.0702342
1022.75,0.102257
1405.91,0.140547
1347.06,0.13469
1240.81,0.124015
596.959,0.0596908
1392.9,0.139159
1019.05,0.101779
18681.4,1.86236
2286.08,0.228222
6481.21,0.647207
828.099,0.0827183
1125.97,0.11258
4415.03,0.441429
3943.02,0.394045
1370.31,0.136891
2949.71,0.294794
1216.63,0.121634
2764.1,0.276374
1042.99,0.104284
903.321,0.0900712
1732.1,0.173172
1740.02,0.173884
869.433,0.0869292
1080.64,0.108043
1279.58,0.127928
932.886,0.0929064
9684.22,0.967264
1873.49,0.187323
1180.61,0.118054
1958.79,0.0931557
2181.44,0.218063
2526.83,0.252217
1263.33,0.126283
7894.19,0.787123
994.926,0.0992289
1143.69,0.114334
1237.09,0.123521
1097.51,0.109598
3468.28,0.346117
739.443,0.0739382
648.421,0.0648344
1148.03,0.114669
491.855,0.0491634
1141.55,0.114087
1369.16,0.136875
1027.29,0.102708
1684.85,0.168474
2368.09,0.236788
1366.6,0.136494
884.293,0.0884001
1577.81,0.157682
5050.27,0.504579
956.585,0.0956547
2538.8,0.25364
688.599,0.0688442
1198.2,0.119814
625.15,0.0624904
1812.04,0.181168
1432.69,0.14315
1551.69,0.155095
1477.29,0.147701
1174.96,0.117421
1313.48,0.131294
1212.86,0.121204
969.495,0.0967895
430.195,0.043016
1385.8,0.138542
1182.06,0.11816
714.829,0.0714419
2231.39,0.223087
488.657,0.0488491
970.41,0.0969653
1419.55,0.141853
1006.55,0.100582
836.599,0.0834878
678.114,0.0678108
994.978,0.0994447
1034.79,0.103475
1208.33,0.120672
1075.52,0.107493
1979.41,0.195207
1291.62,0.129158
840.42,0.084015
1047.85,0.104668
871.456,0.0868994
1388.02,0.138764
1487.73,0.148744
3800.43,0.377737
1645.83,0.15789
852.227,0.0851252
2962.13,0.295934
1037.12,0.10354
1061.76,0.106166
3429.32,0.342881
858.897,0.0858663
974.158,0.0973993
1058.6,0.105634
1968.9,0.196818
2142.31,0.214068
1258.1,0.125779
963.593,0.094694
1433.78,0.14336
1407.41,0.140638
893.731,0.0893614
1509.43,0.150884
1711.64,0.170479
1578.27,0.157807
1445.03,0.144417
2378.21,0.237785
1118.55,0.111824
625.089,0.0623914
817.879,0.0817713
1077.84,0.107679
791.239,0.0790912
1059.33,0.105847
1309.87,0.130839
3916.83,0.390763
961.996,0.0961873
687.727,0.0687671
1526.49,0.152499
510.944,0.0510031
1477.22,0.147696
1537.4,0.153723
445.538,0.0445524
575.124,0.0575078
1878.05,0.187644
1523.74,0.152365
2175.33,0.217477
477.785,0.0477443
1082.27,0.107917
950.224,0.0948444
1047.47,0.104728
2106.23,0.210568
1748.99,0.174716
751.517,0.075125
884.947,0.0884167
978.058,0.0977596
4651.22,0.464935
1871.93,0.187124
1023.19,0.102247
7038.04,0.702535
2203.41,0.220291
671.923,0.0670583
1679.83,0.167968
1820.59,0.181326
1242.29,0.124139
1175.7,0.117519
3663.63,0.366343
2400.75,0.239867
1147.92,0.114695
1232.62,0.123224
1376.74,0.137562
1543.71,0.154356
1150.88,0.115012
866.445,0.0866295
3262.38,0.326022
1211.02,0.121036
2063.55,0.206302
2323.8,0.23236
829.919,0.0829365
1338.9,0.133851
864.651,0.0863842
1051.66,0.10515
1646.74,0.164652
802.112,0.0801834
2118.42,0.211778
1026.48,0.10259
1064.86,0.106454
1483.36,0.148288
1248.24,0.124764
9786.81,0.976811
2353.11,0.235202
1517.26,0.1517
530.025,0.0529961
1449.12,0.144883
1276.25,0.127579
849.775,0.0849338
844.559,0.0844464
1076.34,0.107614
2502.16,0.249902
1037.51,0.103736
550.372,0.0550109
2545.07,0.254308
1405.79,0.140562
1086.58,0.108638
1529.92,0.152982
1682.19,0.168161
3327.82,0.332255
1011.95,0.101189
1191.22,0.119021
954.601,0.0954448
722.151,0.072212
1923.27,0.192181
3915.3,0.391315
1166.19,0.116524
1653.72,0.165348
1774.91,0.17748
2346.11,0.234522
656.288,0.0656163
476.486,0.0476436
1044.4,0.104283
2643.25,0.263924
2179.71,0.217748
2517.13,0.251556
1196.05,0.119519
865.216,0.0865021
1103.02,0.110294
1833.35,0.183214
1009.33,0.100882
1330.67,0.132998
1117.54,0.111707
1826.89,0.182427
657.891,0.0656965
1743.35,0.17429
1571.68,0.157064
1122.76,0.112186
4717.08,0.47146
1042.4,0.104233
3500.76,0.350012
925.711,0.0925087
634.396,0.0634163
1124.61,0.112322
1501.12,0.150058
919.582,0.0919468
1520.89,0.152072
854.965,0.0854639
2129.27,0.212885
1025.69,0.102535
1088.57,0.108775
2562.19,0.253697
1047.12,0.104616
1128.22,0.112785
843.863,0.0842994
592.565,0.059217
1003.27,0.100225
962.798,0.0962682
730.568,0.073048
753.522,0.0752856
1056.01,0.10558
1089.28,0.108859
767.376,0.0767167
1575.48,0.157509
1306.76,0.130659
1223.21,0.122313
1704.04,0.170311
2601.93,0.259788
2072.77,0.207258
2623.2,0.262087
10366.9,1.03588
1142.63,0.114234
1980.02,0.197841
1201.39,0.120094
2940.49,0.293917
1075.68,0.107563
779.586,0.0779566
2015.58,0.201545
1875.57,0.187455
764.754,0.0764221
1739.37,0.173919
1205.4,0.120499
1051.86,0.105147
1184.16,0.118402
1163.5,0.116313
617.314,0.0617273
877.997,0.0877766
1484.68,0.148391
922.398,0.0922326
628.267,0.0627649
1108.3,0.11013
3472.4,0.347112
1438.28,0.143759
835.362,0.0834023
1100.85,0.110077
1320.27,0.13194
973.114,0.0972289
1649.99,0.16456
1293.12,0.128699
500.264,0.0500243
1159.96,0.115964
1266.69,0.126624
1037.43,0.10371
1097.1,0.109597
866.375,0.0865645
2286.11,0.204528
1522.87,0.152272
1204.98,0.120493
17860.8,2.34889
1131.41,0.113114
3449.33,0.344021
2039.05,0.203886
2128.77,0.212779
1991.8,0.199165
807.216,0.0807181
1927.51,0.192746
670.928,0.0670728
2518.65,0.251752
1631.27,0.163115
1835.16,0.183415
2669.39,0.266734
1695.38,0.169399
1817.57,0.181684
1494.61,0.149209
1196.51,0.119582
1893.33,0.185962
1147.94,0.114707
2695.31,0.26921
1420.21,0.141999
1354.74,0.135442
979.069,0.0978986
1047.6,0.104742
1269.38,0.126926
902.333,0.0902236
1537.07,0.153591
1821.29,0.181637
1679.75,0.167952
1387.26,0.13868
2108.52,0.21071
1587.17,0.158658
847.211,0.0845731
869.248,0.0869076
976.965,0.0976649
4550.42,0.454749
1452.67,0.145135
2066.15,0.206464
1028.84,0.10288
3108.73,0.310719
847.797,0.0847604
3140.18,0.313964
1063.87,0.106242
438.648,0.0438553
1370.21,0.137016
2771.25,0.277084
2133.44,0.213238
965.54,0.0965172
921.308,0.0919799
711.56,0.0711505
2079.06,0.207353
1032.98,0.103215
1163.44,0.116308
1046.9,0.104602
1766.18,0.176606
1523.41,0.151823
1750.23,0.174979
1214.1,0.121348
739.787,0.0739588
757.974,0.0753978
2235.5,0.223301
2215.27,0.221259
838.351,0.0837897
1233.49,0.123244
706.165,0.0706059
1392.61,0.139228
1166.48,0.116621
2891.09,0.28903
398.965,0.0398914
1065.59,0.106085
1609.71,0.160932
1686.97,0.168521
1030.12,0.10297
14234.4,1.42145
2059.5,0.2058
3414.42,0.341176
697.458,0.0697374
1240.25,0.123987
1160.08,0.11598
836.292,0.0833858
1267.65,0.126758
3220.8,0.322005
1072.04,0.10718
1041.99,0.104137
934.3,0.0934038
970.967,0.0970838
3981.4,0.397504
1228.42,0.122828
1173.61,0.117314
1273.76,0.127335
1749.41,0.174857
1733.21,0.173279
1160.08,0.115999
2083.6,0.208
2574.33,0.257362
1190.65,0.119046
929.692,0.0929327
833.583,0.0833298
1568.65,0.156613
644.864,0.0644505
995.651,0.0995448
1386.2,0.138564
1185.6,0.118552
917.971,0.0917345
1224.1,0.122402
1215.37,0.121525
4939.73,0.493051
1036.26,0.103603
3264.11,0.326356
2666.87,0.288455
984.151,0.0983579
962.117,0.0961725
1171.03,0.11694
2283.09,0.228127
1085.41,0.108533
2382,0.237513
1012.41,0.100963
1147.88,0.114687
1009.85,0.100966
1640.26,0.16373
794.055,0.0793925
982.593,0.0982568
2765.44,0.276478
1689.05,0.168633
853.907,0.0853253
1277.67,0.127717
1225.86,0.122373
1667.64,0.166599
1982.97,0.198271
1056.46,0.1056
9731.71,0.97179
3869.61,0.386833
1802.19,0.180206
880.974,0.0880613
2032.86,0.203186
1628.62,0.162853
2023.81,0.202323
2243.92,0.224247
1792.34,0.179209
3839.92,0.383663
996.842,0.09968
647.425,0.064597
2203.14,0.220256
1887.63,0.188645
1376.8,0.137657
4642.66,0.464086
2281.17,0.228048
972.994,0.0969639
2339.62,0.233807
747.795,0.0747586
1332.97,0.13327
1071.43,0.107083
5101.23,0.509966
1216.83,0.121659
2853.68,0.285226
661.046,0.0658299
990.515,0.0990197
1134,0.113373
1159.93,0.115913
504.917,0.0504841
3047.25,0.304616
1199.18,0.119904
1400.44,0.140005
1258.83,0.125849
1689.28,0.168588
1155.89,0.115534
1481.51,0.148059
1308.28,0.130794
1706.9,0.170574
1416.05,0.141569
934.987,0.0934703
919.548,0.0919491
1667.13,0.166593
1066.13,0.106507
917.344,0.0916851
1697.37,0.169641
2892.19,0.288952
723.185,0.0722662
1250.31,0.124988
1816.66,0.181641
1261.63,0.126117
1095.1,0.109481
929.871,0.0929811
1244.82,0.123579
970.185,0.0970083
1354.88,0.13547
1725.3,0.171996
3368.26,0.33662
1215.57,0.121532
1610.79,0.161068
1496.56,0.149585
884.587,0.0884047
833.104,0.0832577
2507.69,0.250674
617.873,0.0617227
1309.13,0.130856
2334.65,0.233415
853.301,0.0853065
488.499,0.0488431
1383.05,0.138267
816.394,0.0815974
2934.17,0.284345
1610.99,0.161063
1639.16,0.163883
2323.01,0.232207
1012.27,0.101194
1394.49,0.139399
1179.56,0.117897
3563.82,0.356176
1045.93,0.104561
1492.88,0.149273
3544.58,0.35314
1000.28,0.0999724
945.351,0.0945167
928.601,0.0928023
1376.62,0.137646
3679.06,0.367867
1761.88,0.176174
660.695,0.0660305
2040.64,0.203979
2085.44,0.208524
1783.95,0.177885
745.649,0.0745573
1579.18,0.157108
566.152,0.0566116
3210.87,0.320277
1316.03,0.131551
988.319,0.0988028
672.306,0.0672207
5092.54,0.507467
1102.4,0.110201
1043.7,0.104264
483.273,0.0483234
1094.87,0.109445
1568.42,0.15664
1077.58,0.107749
1680.3,0.167976
795.683,0.07953
1057.16,0.105711
1365.64,0.136526
775.169,0.0774914
1677.71,0.167704
2252.33,0.22487
1236.35,0.123633
1041.72,0.104132
1364.12,0.13636
1020.75,0.102066
3466.49,0.346273
869.098,0.0869035
944.543,0.0944434
1147.75,0.114679
857.308,0.08571
1465.5,0.146365
2010.03,0.200863
1599.29,0.159734
927.731,0.0927547
1612.55,0.161132
1879.94,0.187919
1368.05,0.136731
1227.26,0.122656
1105.32,0.109809
1494.56,0.149185
1431.24,0.143033
1658.53,0.165791
993.22,0.099317
1902.17,0.189344
835.689,0.0833315
956.617,0.0956416
1355.78,0.135573
1384.81,0.138355
3199.92,0.348662
844.236,0.0844069
846.179,0.0845696
1501.32,0.149969
1224.47,0.122335
759.397,0.0758972
1011.34,0.100873
1100.08,0.109996
1409.43,0.140921
933.946,0.093176
1274.2,0.127093
2479.64,0.247482
1217.56,0.121737
2169.04,0.216352
1045.33,0.104499
535.763,0.0535713
1268.17,0.126798
675.962,0.0675574
555.478,0.0555463
15203.6,1.51022
1098.77,0.109772
858.318,0.085725
1739.39,0.173932
696.957,0.0694626
1041.17,0.104103
751.182,0.0750838
1036.4,0.103622
2256.27,0.225416
1086.62,0.108658
891.657,0.0891087
1042.91,0.104267
1079.84,0.107804
1250.3,0.124654
688.293,0.0688276
801.014,0.0800943
2164.97,0.216479
1389.55,0.138946
4534.09,0.45267
1255.8,0.125537
1706.17,0.170538
798.771,0.079849
3318.69,0.331672
792.703,0.079256
935.246,0.0933078
916.142,0.0915902
692.324,0.069215
1098.81,0.109861
811.514,0.0810978
2088.85,0.208829
4867.45,0.456306
1563.88,0.156377
490.838,0.0490708
838.659,0.0837904
1640.07,0.163965
1077.34,0.107685
1140.23,0.113977
1028.4,0.10283
831.282,0.0829224
1306.39,0.130616
900.109,0.0899866
3189.91,0.318678
1182.64,0.118206
1126.46,0.112543
636.382,0.0636272
1278.68,0.127711
826.41,0.0826054
1910.42,0.190663
849.681,0.0849396
1492.89,0.149193
1773.19,0.177184
1978.94,0.197832
1455.68,0.145517
1191.22,0.119095
824.292,0.0824087
1393.2,0.139306
951.898,0.0951659
1054.04,0.105399
2191.52,0.219077
3300.73,0.329667
506.929,0.0506911
902.325,0.0902059
1123.73,0.112164
2881.25,0.287832
3351.97,0.334668
795.337,0.0795282
857.741,0.0857561
976.528,0.0974292
904.182,0.09037
1032.74,0.102993
1452.66,0.145059
855.684,0.0855349
2998.61,0.299769
834.154,0.0833894
619.935,0.0619879
1096.04,0.109583
1389.89,0.138945
1415.2,0.141403
2362.76,0.236126
1476.82,0.147023
1662.76,0.166221
1068.99,0.106888
14110.1,3.75868
1604.8,0.160377
3612.66,0.361133
606.358,0.060497
2065.11,0.206424
1054.74,0.105432
1269.88,0.126975
823.608,0.0821882
666.202,0.0666181
846.81,0.0846798
749.632,0.0749602
1341.98,0.134146
1206.46,0.120579
1054.64,0.105429
1753.58,0.175351
787.2,0.0787072
1011.6,0.101153
1337.57,0.133721
1081.36,0.108122
854.858,0.0854773
1502.68,0.149898
2805.45,0.280514
883.214,0.0882619
1906.78,0.1906
2152.33,0.215143
669.577,0.0669414
1467.2,0.146685
914.175,0.0914041
1203.52,0.120322
1381.93,0.138072
1372.06,0.137182
1081.71,0.108155
1419.45,0.141936
917.314,0.0916904
2213.46,0.221255
1359.08,0.135803
1127.95,0.112748
1088.12,0.108613
1446.88,0.144612
1922.49,0.191889
1090.13,0.108879
757.835,0.0757771
3442.93,0.343548
1197.72,0.119753
1011.03,0.101032
1391.47,0.139119
560.604,0.05605
905.549,0.0905478
2050.96,0.204975
995.024,0.0994383
1919.24,0.19187
1225.97,0.122543
2141.59,0.213995
1017.13,0.101636
1782.05,0.178144
1252.79,0.125086
1462.56,0.14617
1176.28,0.117331
1355.95,0.135455
1527.19,0.152691
1115.83,0.111551
2146.19,0.214563
1088.4,0.108832
3280.19,0.327738
1464.35,0.146222
1001.83,0.100135
642.769,0.0641946
2461.24,0.245967
1225.95,0.12255
3040.81,0.304045
1078.29,0.107818
859.491,0.0858279
777.206,0.0776146
1675.4,0.167485
556.455,0.0556408
905.446,0.0904615
1835.05,0.183423
26186.3,2.59766
1993.82,0.199374
486.244,0.0486152
2473.09,0.247127
7395.65,0.738747
726.587,0.0726362
1104.02,0.110389
1574.95,0.157433
1200.95,0.120079
926.336,0.0925296
1031.95,0.103081
1179.15,0.1179
1263.95,0.12628
988.081,0.0988046
1194.09,0.119361
1844.31,0.184409
1612.77,0.161223
800.392,0.0796651
7219.37,0.719157
3988.4,0.398657
745.907,0.0745403
873.36,0.0873194
1943.45,0.194244
1084.95,0.10849
990.611,0.0989959
5186.07,0.518239
1007.71,0.100758
1024.82,0.102311
1008.65,0.100831
620.466,0.0620164
1562.9,0.156139
1669.37,0.166873
941.44,0.0941283
3340.04,0.333892
1034.3,0.103401
1008.52,0.100592
929.269,0.0928679
832.804,0.0832757
788.506,0.0787323
1710.23,0.170268
1265.16,0.126511
1683.15,0.16814
1031.77,0.102903
967.654,0.096483
1044.97,0.104435
3021.22,0.30183
1840.42,0.183854
1097.56,0.109737
914.323,0.0914251
1223.75,0.122339
1548.45,0.154819
2208.37,0.220792
869.886,0.0869757
1077.53,0.107656
3032.96,0.303135
1830.97,0.183044
2599.53,0.259856
957.111,0.0956529
2447.3,0.244499
837.959,0.083749
1593.28,0.159096
1040.46,0.103983
2455.38,0.245369
3035.4,0.303321
1764.78,0.176154
12316.9,3.01904
813.591,0.081307
741.298,0.0741203
1735.18,0.173464
1851.11,0.185095
987.165,0.0986332
1864.22,0.186266
887.121,0.0886914
485.431,0.0485354
2922.38,0.291837
1158.91,0.115887
906.847,0.0906613
1281.21,0.128011
579.128,0.0578826
6348.14,0.634247
1724.64,0.172416
2586.56,0.255761
973.438,0.0972476
2652.71,0.265089
1014.49,0.101417
1217.58,0.121593
744.387,0.0744256
3240.05,0.323757
791.066,0.0791038
3967.56,0.396563
981.783,0.0981572
861.613,0.0860328
1446.16,0.144413
518.094,0.0513841
1701.7,0.170071
997.63,0.0997473
1047.22,0.104507
909.763,0.0909619
941.14,0.0940968
909.768,0.0908597
504.836,0.0504659
761.659,0.0761362
1827.34,0.182715
2415.34,0.241444
926.643,0.0925854
724.386,0.0724175
3866.52,0.386586
1216.44,0.121603
750.03,0.0749635
2269.03,0.226879
1338.25,0.133781
995.367,0.0985746
852.505,0.084641
908.997,0.0908801
1411.36,0.140754
1669.43,0.166923
718.679,0.0717959
1404.89,0.140348
2014.75,0.201103
800.511,0.0800355
4020.08,0.401579
1197.77,0.119745
866.259,0.0865464
2998.43,0.299311
852.553,0.0851596
1112.94,0.111258
2464.26,0.24602
1616.12,0.160891
1379.28,0.137923
2707.72,0.270443
1899.59,0.189941
1408.25,0.140776
856.456,0.0856029
1185.19,0.118467
1057.65,0.105463
1203.1,0.120266
2298.48,0.229738
2980.34,0.297958
1230.7,0.122904
1069.49,0.106927
890.042,0.0889757
1566.8,0.156606
708.084,0.0707973
1113.65,0.111282
1767.78,0.176754
2329.09,0.232297
996.969,0.0995259
1111.15,0.111002
1314.54,0.131356
793.822,0.0793765
3230.5,0.32257
854.459,0.0854117
1957.46,0.19562
1201.64,0.120136
2560.71,0.256012
1500.49,0.149959
985.983,0.0985598
646.107,0.064607
1931.86,0.192806
1269.25,0.126727
1685.72,0.16844
1904.82,0.190361
1314.06,0.13076
4468.99,0.446306
1665.91,0.166439
1175.63,0.117301
1157.99,0.115785
977.767,0.0977557
1160.35,0.115982
1104.54,0.11043
779.777,0.0779574
1353.75,0.135329
1726.67,0.172646
7427.64,0.742457
1004.71,0.100326
997.431,0.0983124
1113.64,0.1111
1377.62,0.137634
1209.39,0.120925
2135.78,0.213522
1039.57,0.103926
943.768,0.0943357
927.802,0.0927732
2471.73,0.24656
1056.95,0.105506
3797.1,0.379477
886.378,0.0885641
867.949,0.0867091
1025.35,0.102503
1483.53,0.14827
1343.36,0.134283
740.736,0.0740535
992.783,0.0992589
450.727,0.0450719
711.444,0.0709819
718.851,0.0718737
1114.08,0.111392
3356.79,0.335263
1084.13,0.108208
2272.89,0.22722
1731.68,0.173142
2613.66,0.261255
1717.79,0.171759
416.107,0.0416085
2380.37,0.237991
1204.77,0.120448
3671.73,0.367061
1128.95,0.112734
857.325,0.0857285
989.55,0.0988347
1115.2,0.111482
1214.33,0.121396
1109.16,0.110871
616.838,0.0616552
723.992,0.0723634
1388.94,0.138853
930.015,0.092983
1646.19,0.164586
569.283,0.056893
1136.02,0.113549
1518.73,0.151726
1043.63,0.104296
4401.11,0.439792
2853.43,0.28477
1600.45,0.159536
1065.86,0.106481
1778.78,0.177837
973.935,0.0973887
1675.67,0.167543
1263.58,0.126315
944.702,0.0944317
2153.75,0.2152
663.994,0.0663156
1389.75,0.138856
1491.2,0.149105
2733.44,0.272906
1081.34,0.108106
894.502,0.0893995
818.881,0.0818504
1573.07,0.157283
2166.62,0.216649
958.419,0.0923045
2377.85,0.237415
8068.32,3.99083
1126.32,0.112618
515.947,0.0515811
723.26,0.0713609
1130.94,0.11309
981.458,0.0977732
1114.19,0.11141
1038.14,0.103725
1688.08,0.168793
3308.4,0.32974
1051.39,0.104811
2053.83,0.205211
1007.82,0.100748
631.609,0.0630438
2003.37,0.200227
1850.25,0.184861
1593.82,0.159174
590.027,0.0589453
1210.98,0.121027
1005.31,0.100501
1352.85,0.13514
947.236,0.094704
1496.51,0.149639
1233.37,0.123307
5523.06,0.551242
873.336,0.0873215
1037.12,0.103567
1118.19,0.111567
844.083,0.0843789
1153.78,0.114454
1185.58,0.118503
1692.72,0.169106
1208.87,0.120836
1158.68,0.115761
719.729,0.0719508
787.212,0.0787014
1210.39,0.12097
781.456,0.0781145
1553.08,0.155293
1503.23,0.150317
1572.98,0.157266
845.479,0.0844033
1097.22,0.109712
1235.9,0.123531
818.172,0.0818153
763.195,0.0762507
2996.34,0.299186
824.927,0.0824536
1617.07,0.161614
2358.44,0.234922
807.418,0.0807265
820.803,0.081889
992.696,0.0992402
2097.38,0.20962
789.885,0.0789604
1996.8,0.199624
1257.29,0.125709
596.07,0.0595986
1260.9,0.125988
3005.42,0.300454
2934.05,0.293245
1101.12,0.110073
861.923,0.0861554
685.912,0.0685725
1284.61,0.128367
1371.22,0.136982
607.037,0.0607005
1267.13,0.126656
2344.39,0.234364
797.229,0.079661
950.737,0.0961758
1099.38,0.109896
3524.19,0.352305
1197.12,0.119679
864.941,0.0864861
1681.76,0.168151
2241.82,0.224033
2803.48,0.280323
1601.18,0.16011
4166.14,0.416459
8220.05,0.820093
888.662,0.0883742
985.097,0.0984971
963.143,0.0961502
2288.64,0.228778
845.86,0.0845401
2575.15,0.256557
1189.06,0.118876
2435.67,0.243467
958.916,0.0958834
1054.18,0.105387
1262.39,0.126227
1020.1,0.101963
1604.96,0.160437
2695.8,0.269543
652.83,0.0652381
1062.37,0.10545
1047.69,0.104764
821.097,0.0820859
1082.32,0.108215
1489.93,0.148298
2201.99,0.22
1132.74,0.113206
947.98,0.0947829
1079.26,0.105683
946.12,0.094569
1100.95,0.110082
1170.15,0.116888
2718.75,0.271718
857.322,0.0857054
1421.55,0.141999
993.457,0.0990318
2437.53,0.243598
1142.7,0.114256
1115.05,0.111454
1548.3,0.154819
1525.93,0.152575
2590.3,0.258962
1233.97,0.123287
1325.61,0.132542
2303.38,0.229926
2811.31,0.280894
945.357,0.0944734
1003.58,0.0789613
1050.32,0.105017
660.49,0.0660258
1167.06,0.116645
802.293,0.0798501
1347.37,0.134619
1748.47,0.17477
990.438,0.0990383
1063.79,0.105808
1395.01,0.139417
1009.04,0.0998487
3404.49,0.340262
1653.27,0.164567
1349.48,0.134942
623.28,0.0611783
7545.18,0.753828
1699.74,0.16954
801.121,0.0800927
848.709,0.0848603
1707.92,0.170766
791.605,0.0791294
605.909,0.060565
923.525,0.092345
1061.2,0.106039
1392.78,0.139159
3421.74,0.341702
1137.77,0.112611
1671.85,0.167159
1053.89,0.105267
1068.77,0.106563
1097.92,0.10959
1281.68,0.128135
1378.42,0.13782
10617,1.05937
3927.81,0.392156
1917.99,0.1916
24648.2,2.46003
862.337,0.0862203
1177.84,0.117737
2635.7,0.263395
2151.85,0.215129
1440.92,0.144031
1351.15,0.135103
824.05,0.082382
504.462,0.0504291
1464.02,0.146346
1142.51,0.114194
1751.97,0.174245
1043.4,0.104293
916.06,0.0915979
2546.95,0.252249
1468.37,0.146802
610.044,0.0609682
6825.67,0.680609
975.648,0.0975361
5420.45,0.541303
1554.44,0.15492
820.877,0.0794784
1023.47,0.102282
786.624,0.0786533
867.6,0.0867551
827.397,0.0827015
1884.41,0.188414
1084.31,0.108404
1201.85,0.120118
2717.04,0.271547
1129.6,0.11295
532.623,0.0532613
579.785,0.0579296
1152.3,0.115167
641.728,0.0641476
871.861,0.0871831
1346.19,0.13453
840.897,0.0840853
2734.15,0.274288
4334.6,0.42978
3888.46,0.388676
909.59,0.0908946
1599.88,0.159957
2250.66,0.224834
3534.33,0.347352
709.386,0.0708767
1588.48,0.158841
833.376,0.0832807
1499.5,0.149813
1909.44,0.190821
1032.55,0.103184
781.999,0.0781969
1027.53,0.102667
965.352,0.0965076
1738.75,0.173529
999.609,0.0999499
821.045,0.0820794
950.358,0.094416
890.945,0.0890755
2150.43,0.214791
1042.09,0.104183
1594.74,0.159185
1201.6,0.120064
2903.69,0.289928
665.195,0.0665019
17212.4,3.43886
841.492,0.0841282
1604.95,0.160395
1118.63,0.111668
907.665,0.0907414
2011.74,0.201017
813.639,0.0813558
1274.65,0.127443
1000.49,0.100018
1097.49,0.109713
1413.78,0.14105
1039.95,0.103986
1191.57,0.119108
1030.77,0.103037
1597.91,0.159656
1108.88,0.110521
1524.87,0.15245
1073.4,0.106673
1313.8,0.131346
1458.88,0.145804
844.141,0.0844048
1897.02,0.189608
3177.78,0.317256
1394.72,0.13945
888.149,0.0888023
1606.74,0.16057
1113.1,0.111276
1193.11,0.114958
480.272,0.0480168
941.194,0.0940924
929.959,0.0929355
2189.63,0.218798
1007.62,0.1005
1877.15,0.187644
983.21,0.0983126
2304.03,0.230188
1979.12,0.197891
646.874,0.0646153
1162.9,0.116232
1099.42,0.109735
934.955,0.0934428
693.818,0.0692686
2923,0.292177
549.594,0.054933
2455.93,0.245497
544.117,0.0543897
1765.2,0.176473
3099.52,0.309752
1746.83,0.174488
8496.77,0.849176
1031.84,0.103163
2142.51,0.21414
1641.09,0.163843
1980.51,0.197904
985.066,0.0984857
882.278,0.0882167
2087.63,0.208318
2412.3,0.240977
2679.02,0.267776
1156.34,0.115542
1582.78,0.158208
1655.11,0.165374
1669.45,0.166841
1130.92,0.113066
1983.07,0.198141
1728.98,0.172647
762.11,0.0761913
1025.31,0.10249
1713.79,0.171362
3573.27,0.357084
889.563,0.0889337
866.078,0.0865585
1017.87,0.101716
1248.09,0.124731
1954.72,0.195383
1305.03,0.130345
2728.73,0.272524
2826.83,0.282627
5392.81,4.17344
2132.6,0.213144
1838.57,0.183673
1692.51,0.169168
1032.21,0.103185
3190.32,0.318685
1050.09,0.104971
1068.34,0.106829
2914.36,0.290119
804.94,0.0804866
1675.77,0.167497
1065.62,0.106504
1214.6,0.121294
16919,1.68896
5370.33,0.536878
1236.69,0.123662
916.524,0.091642
883.626,0.0883177
1666.54,0.166642
2365.93,0.23647
2466.72,0.246508
731.059,0.0730864
1426.23,0.142559
2613.87,0.261022
1041.3,0.104072
1112.9,0.111227
1628.53,0.162831
654.413,0.0654291
2909.94,0.290692
2475.92,0.246633
1293.77,0.129287
1949.41,0.194655
1803.25,0.180286
1616.14,0.161582
1469.25,0.146657
1791.15,0.179084
926.469,0.0926387
971.464,0.0970957
1375.23,0.137399
982.875,0.0982633
991.945,0.0991726
1468.6,0.146831
3366.04,0.336233
934.607,0.0934456
1367.37,0.136691
1916.15,0.191504
1843.7,0.184321
1133.87,0.113128
899.281,0.0898307
2413.21,0.240786
1111.63,0.111135
1352.69,0.135205
1279.25,0.127856
630.277,0.0630217
1077.42,0.107718
872.028,0.0871687
779.22,0.077779
4233.76,0.422946
10428.8,1.04197
1079.51,0.107946
1925.03,0.192424
1380.94,0.137601
880.861,0.0880056
1206.87,0.120669
1444.06,0.14374
1384.74,0.138299
2030.96,0.203032
1710.2,0.170996
2065.18,0.2064
1481.15,0.148101
872.967,0.0872761
1586.67,0.158591
6320.72,0.628927
1481.41,0.148128
2244.63,0.224406
2769.38,0.270306
935.795,0.09356
655.928,0.0654792
1021.41,0.101343
2177.89,0.217674
2735.47,0.273517
2786.87,0.27849
9922.59,2.12159
1299.78,0.129867
1455.6,0.145139
1019.73,0.101956
1828.54,0.182822
624.199,0.0624144
1953.44,0.19514
2156.21,0.215586
1106.67,0.110648
821.243,0.0820971
1432.34,0.142873
857.359,0.0857066
1305.66,0.130551
1153.44,0.115304
15732.6,1.56784
1780.57,0.177985
1718.89,0.171724
1289.06,0.128876
1897.84,0.189247
600.566,0.0600303
2089.27,0.208763
1495.29,0.149461
730.112,0.072993
1439.44,0.143797
601.977,0.0601487
1043.8,0.104329
709.867,0.0709752
1299.68,0.129912
928.983,0.0928244
874.783,0.0874149
906.437,0.0906236
1396.07,0.139412
1676.6,0.167418
727.881,0.0722085
1205.84,0.120502
1702.22,0.170087
782.968,0.0782702
1755.55,0.175548
835.598,0.0835362
692.434,0.0692088
1522.17,0.152152
1051.3,0.105123
1056.92,0.105646
1078.23,0.107805
872.757,0.0871245
959.209,0.09585
1262.37,0.12623
1297.41,0.129698
3975.45,0.397232
658.249,0.065812
1015.2,0.10137
3122.32,0.312029
1271.55,0.126975
1662.22,0.166081
910.888,0.0910652
841.371,0.0816014
1420.34,0.141974
1112.27,0.111073
1084.13,0.108273
1084.72,0.108435
929.145,0.0927624
3038.36,0.303586
1827.7,0.182693
1253.37,0.125107
1047.84,0.0992194
2755.04,0.275154
539.023,0.0538959
1688.75,0.168644
1268.55,0.126848
697.061,0.0696978
1681.84,0.168166
1218.28,0.121809
3266.26,0.326449
1304.34,0.130426
946.796,0.0946197
1710.02,0.170747
2081.27,0.199352
828.432,0.0828268
1252.11,0.125026
2186.5,0.218351
1038.41,0.103771
1203.3,0.120327
1400.32,0.139998
1390.64,0.138994
692.991,0.0692895
2451.4,0.245056
2154.76,0.215463
1102.82,0.110201
7742.53,5.13219
1325.89,0.132419
593.182,0.0592995
1204.65,0.120346
1852.81,0.185248
1156.04,0.115554
5813.96,0.579931
3769.84,0.376534
849.639,0.0849456
1316.7,0.131586
1146.65,0.114622
1672.34,0.166934
2003.23,0.199645
1182.27,0.117982
951.827,0.0951712
1096.92,0.109658
743.84,0.0743608
1274.35,0.127378
1353.63,0.135351
507.428,0.0507334
926.34,0.0926008
1068.83,0.106846
1850.07,0.18486
1138.94,0.113886
819.129,0.0818932
1541.75,0.15396
1451.61,0.144924
977.987,0.0977912
1106.3,0.110541
1584.53,0.158395
3310.73,0.330825
921.352,0.0919302
620.572,0.0620473
613.729,0.0613202
1736.56,0.175084
923.059,0.0922854
946.458,0.0946046
7001.71,0.699877
774.92,0.0774785
771.247,0.0771156
4429.85,0.442525
761.471,0.0760762
771.481,0.077105
632.019,0.0631911
1256.92,0.125432
1131.18,0.113105
828.736,0.0828142
2601.25,0.260038
794.427,0.0794278
1564.71,0.156365
1165.69,0.116533
1146.45,0.114585
893.44,0.0892903
2122.76,0.212214
1036.64,0.103504
834.247,0.083419
2305.09,0.230254
1394.09,0.139382
2171.61,0.2169
1284.91,0.128275
1524.85,0.152444
1244.93,0.124479
1721.06,0.171965
876.885,0.0876769
1156.55,0.115629
1853.09,0.185125
786.953,0.0786712
1186.79,0.118586
991.009,0.0990837
1693.22,0.169176
967.392,0.0967206
2112.32,0.211219
1219.48,0.12192
1872.46,0.187228
2943.27,0.293961
2357.29,0.235606
1155.57,0.114531
897.645,0.089734
2089.8,0.208855
1495.03,0.149483
1608.94,0.160861
966.047,0.0965384
1278.66,0.127738
1433.66,0.143336
2380.19,0.236938
952.819,0.0952616
1066.19,0.106613
984.839,0.0983928
881.656,0.0879118
1071.12,0.10697
3059.4,0.305102
913.501,0.0913057
1918.7,0.191801
5357.47,0.535345
1033.82,0.103147
1552.25,0.155209
1415.79,1.57461
13060.7,1.29898
877.657,0.0877582
1299.45,0.129873
674.165,0.0674092
805.508,0.080529
1409.48,0.140809
1489.78,0.148965
1224.08,0.122277
763.622,0.0763374
5041.14,0.504046
1148.03,0.114773
1248.61,0.12484
775.244,0.0775155
846.458,0.0846184
1676.4,0.167563
608.31,0.0607609
659.201,0.0658865
628.544,0.0628363
1072.54,0.107114
1918.65,0.191677
864.846,0.0864481
2027.01,0.202652
914.553,0.0913575
1226.69,0.12261
2248.63,0.224839
2477.97,0.247649
2831.38,0.28305
735.361,0.0734989
1222.48,0.122075
1277.59,0.127692
2754.04,0.275234
2564.9,0.2555
910.879,0.0910805
11016.1,1.10086
1936.96,0.193536
644.642,0.0644214
5872.12,0.584772
1465.7,0.146504
846.247,0.0846053
1013.25,0.1013
973.959,0.0973386
775.666,0.0773561
525.29,0.052502
2143.54,0.214325
965.721,0.0964353
690.299,0.0690033
1553.62,0.155358
6267.48,4.29032
1015.19,0.101462
6518.04,0.642186
993.334,0.0993128
1597.72,0.159615
1630.58,0.162902
991.051,0.0989612
798.652,0.0798019
891.837,0.0891725
1374.33,0.137413
681.806,0.0681488
1011.81,0.101163
1277.4,0.127683
1279.01,0.127866
1121.19,0.112117
1214.2,0.121389
1469.58,0.146827
3376.52,0.337429
1445.47,0.144367
3189.08,0.318354
1147.66,0.113753
7250.04,4.65375
1198.91,0.119804
1434.27,0.143389
1185.99,0.118574
1213.33,0.120655
824.083,0.0824059
1884.81,0.188459
689.911,0.0689238
3344.26,0.33428
1036.35,0.103592
720.76,0.072061
763.853,0.0762242
1394.46,0.13943
1160.05,0.115994
3413.33,0.341223
720.946,0.0720884
928.844,0.0928753
1640.94,0.164045
883.483,0.0883301
1500.28,0.149983
1298.97,0.129364
2342.92,0.23421
700.717,0.0700458
1238.61,0.12349
1497.67,0.149664
1686.5,0.168468
4920.7,0.490254
2076.45,0.207568
1170.19,0.116986
1499.65,0.149922
698.306,0.0697574
754.141,0.0753396
1943.87,0.194348
1780.78,0.177845
754.595,0.07545
1192.35,0.119187
2827.32,0.282579
616.016,0.0613181
592.537,0.0592471
1106.73,0.110609
772.003,0.0771316
1415.11,0.141462
956.726,0.0956392
577.92,0.0577729
985.173,0.0984457
1533.47,0.153332
1205.34,0.120517
927.359,0.0925349
896.437,0.0895879
10345.3,1.03201
1807.87,0.180531
2753.22,0.275258
2608.98,0.260758
898.083,0.0892107
924.967,0.0924788
1786.11,0.178586
1597.57,0.159599
22775.3,2.26031
1518.32,0.151817
2471.33,0.247003
804.74,0.0803957
778.302,0.0778194
845.449,0.084531
2804.38,0.279999
974.964,0.0973557
1474.27,0.147407
939.065,0.0936112
2662.27,0.265675
973.315,0.0973151
16765.9,3.16431
10489.5,1.04612
1964.14,0.196276
1339.77,0.133772
864.781,0.0864428
822.83,0.0822382
1551.76,0.155135
780.741,0.0780634
790.411,0.0790181
939.836,0.0939701
864.603,0.0864207
1293.43,0.129329
1327.54,0.132711
1063.8,0.106368
854.146,0.0853894
2090.01,0.208878
812.188,0.0812165
768.637,0.0768587
1309.92,0.130959
1942.8,0.194211
989.033,0.0974738
534.424,0.0534315
2025.66,0.202517
2048.53,0.204763
1515.72,0.151449
722.251,0.0722068
2250.63,0.225002
876.787,0.0876684
966.578,0.0966172
1560.52,0.121024
790.658,0.0790056
946.931,0.0946628
787.848,0.0787809
3654.58,0.365266
3536.4,0.353516
778.984,0.0778945
1348.92,0.134832
5729.76,0.572661
4536.49,0.453161
3128.5,0.312788
1405,0.140416
1223.35,0.122231
695.581,0.0695411
1655.04,0.165432
1035.98,0.103561
1384.02,0.138369
940.828,0.0940616
3116.75,0.311355
865.101,0.0864076
1024.13,0.102403
1032.06,0.103153
1097.99,0.109232
3513.27,0.34909
1600.73,0.16006
910.127,0.0909943
928.238,0.092676
1721.63,0.172108
2275.74,0.22727
1351.46,0.13513
400.358,0.0400274
2235.17,0.223455
2214.6,0.221325
1991.15,0.198828
2894.65,0.289156
828.761,0.0828159
1095.68,0.109541
761.575,0.0761286
1603.72,0.160343
1025.67,0.102479
1077.14,0.107693
1442.31,0.144192
1478.89,0.147853
