EnergyDeposit(eV),LET(keV/um)
1083.31,0.107741
1643.47,0.164266
621.233,0.0621204
1234.49,0.123304
1090.91,0.107407
2587.38,0.258581
1813.67,0.18131
574.131,0.0574109
2445.31,0.244438
2617.98,0.261306
734.171,0.0734145
1244.6,0.12443
2078.95,0.207744
731.265,0.0731157
1844.15,0.18438
966.196,0.0966087
1953.72,0.195349
597.559,0.0596748
1240.75,0.121642
747.301,0.0746599
2915.51,0.291351
1542.96,0.154291
2833.2,0.28302
723.023,0.0721755
1945.78,0.194379
1151.17,0.114954
1169.12,0.116898
1521.9,0.152111
2431.9,0.243156
1133.91,0.113364
1231.32,0.122961
889.88,0.0889783
543.639,0.0543175
1222.32,0.122195
2258.34,0.225701
1306.11,0.130552
5358.23,0.534718
939.265,0.0938948
2351.52,0.235117
1016.76,0.101653
841.994,0.084173
1202.58,0.120247
1211.71,0.121093
2202.15,0.219956
945.291,0.0944893
900.139,0.089838
993.187,0.0993117
1313.2,0.130805
1418,0.141771
1096.35,0.109631
1518.36,0.151693
605.006,0.0604319
1378.38,0.137698
551.786,0.0551303
1073.49,0.107337
1606.94,0.15947
1067.49,0.106671
1659.43,0.154873
1698.86,0.169544
1380.02,0.137986
1656.28,0.165606
1144.18,0.114247
1524.86,0.152313
3396.69,0.33953
1289.89,0.128975
815.857,0.0815698
1200.1,0.119952
1652.22,0.16509
3511.53,0.350659
5724.48,0.570907
1287.8,0.128714
3554.17,0.355145
938.134,0.0937818
705.748,0.0705154
1644.44,0.164397
6682.5,0.667242
2254.87,0.2254
483.263,0.0481076
2024.22,0.202215
1801.8,0.180012
1386.17,0.138514
2618.27,0.261803
2728.86,0.272622
1229.56,0.122875
7932.37,0.791019
871.923,0.0871863
1394.36,0.139404
1547.54,0.15457
1474.72,0.147284
1340.06,0.133722
2618.83,0.261754
1376.4,0.137496
1002.68,0.100245
718.719,0.0717686
2433.07,0.242487
971.208,0.097038
3113.95,0.311303
749.553,0.0749525
1231.78,0.123168
634.212,0.0633818
701.545,0.0699794
1013.17,0.101288
951.206,0.095011
1588.58,0.158828
1040.28,0.104024
1628.98,0.162839
1101.92,0.110048
1560.83,0.156023
909.48,0.0909342
1022.79,0.102225
953.89,0.0953575
866.039,0.0865791
4928.47,0.492628
2058.85,0.205863
888.536,0.0886895
1031.96,0.103178
1969.2,0.196829
707.782,0.0707757
1969.59,0.196749
1529.75,0.152793
850.638,0.0849763
1018.71,0.101813
552.009,0.0551989
1478.15,0.147792
1412.39,0.14119
1318.99,0.131885
485.282,0.0485101
790.513,0.078963
2979.33,0.297748
850.973,0.0850812
941.157,0.0940899
696.347,0.0696209
539.88,0.0539423
1524.81,0.152259
880.19,0.0879979
1436.82,0.143632
14180.1,1.41312
1295.14,0.129464
982.226,0.0982009
1191.14,0.119016
848.917,0.0848644
2303.91,0.230219
1852.96,0.184284
1561.81,0.155945
832.831,0.0832716
553.013,0.053061
728,0.0727946
686.491,0.0686374
13216.1,1.31932
1044.8,0.104443
858.802,0.0858449
11527.9,2.64619
1885.09,0.188465
799.144,0.079711
889.81,0.0889608
2118.46,0.21163
782.846,0.0782734
4632.54,0.462284
990.32,0.0988923
2427.82,0.242578
1242.72,0.124244
1725.83,0.172571
1578.95,0.157518
1069.28,0.106778
852.553,0.0852165
1605.83,0.160532
1110.44,0.111013
935.184,0.0934816
1256.66,0.125596
4520.17,0.450317
1027.05,0.102641
2332.65,0.233083
657.881,0.065703
1669.1,0.166775
1444.42,0.143845
957.44,0.0957264
1510.11,0.150951
1113.4,0.111319
712.765,0.0712668
2023.22,0.202296
947.933,0.0947081
1143.75,0.114357
891.092,0.089101
852.659,0.0852527
2149.43,0.214742
1047.86,0.104745
1056.85,0.105675
1025.72,0.10247
842.368,0.0840123
1436.81,0.143608
1921.14,0.191974
1881.61,0.188108
922.628,0.0918872
1005.29,0.100515
1589.55,0.158875
902.523,0.0902392
2488.4,0.248217
1463.79,0.146364
1082.13,0.108187
846.516,0.0801893
1482.49,0.148243
1186.01,0.118516
478.528,0.0478421
2280.62,0.227829
1729.66,0.172927
1230.91,0.123089
1514.38,0.151144
1313.96,0.13104
907.559,0.0907135
1649.71,0.164583
605.544,0.0605492
995.213,0.0994756
1850.71,0.185009
2097.27,0.209654
1740.7,0.17378
3049.75,0.304728
1182.18,0.118193
773.6,0.0770803
1469.63,0.146936
726.392,0.0726187
804.931,0.0804716
1191.13,0.119065
974.814,0.0974256
2551.37,0.255079
2250.25,0.224986
1716.56,0.170741
7427.25,0.741747
1336.62,0.133611
1651.03,0.165074
1791.51,0.179066
550.749,0.055048
930.542,0.0928061
1075.9,0.107583
1470.96,0.147066
5383.22,0.537237
897.164,0.0896499
2088.18,0.208804
824.966,0.0824746
653.948,0.0652665
1052.32,0.105206
1346.18,0.13461
748.283,0.0747628
1232.26,0.123209
1240.75,0.123955
1306.19,0.130581
891.455,0.0871677
2349.95,0.234958
2017.29,0.201475
1429.53,0.142916
1533.62,0.152938
1264.87,0.126416
1516.89,0.151595
1806.8,0.180489
1135.4,0.113506
820.465,0.0819499
797.749,0.0797635
814.632,0.0814495
882.069,0.0881493
952.64,0.0952615
2452.97,0.245264
1402.1,0.140174
651.302,0.0651259
1400.63,0.139925
1642.66,0.164086
1156.46,0.11563
866.934,0.0866716
2183.03,0.21823
1574.22,0.157404
951.008,0.0950833
2447.7,0.244628
1206.79,0.120635
1076.69,0.107628
925.889,0.0925571
812.862,0.0812634
2753.97,0.275335
1071.12,0.107106
1059.3,0.105922
1071.22,0.107112
684.381,0.0683627
936.657,0.0936534
822.616,0.0822141
1357.28,0.135683
1182.68,0.118258
2451.16,0.245052
1099.25,0.109835
1091.8,0.109152
2535.88,0.253265
3179.37,0.317468
3412.62,0.341124
4577.47,6.24831
570.99,0.0570854
1440.82,0.143987
422.845,0.0422796
2655.82,0.26554
1031.94,0.103176
2018.09,0.201785
1439.62,0.143806
1159.44,0.115852
1378.98,0.13788
1108.24,0.110793
943.305,0.0941048
979.734,0.0979156
678.123,0.0677905
2214.57,0.221338
732.73,0.0732553
1058.94,0.105889
1486.86,0.148373
8470.42,0.846215
1150.43,0.114989
1141.81,0.114165
4354.97,0.435052
3111.15,0.309647
1058.15,0.105806
1028.35,0.102782
976.67,0.0976382
475.493,0.0475452
968.258,0.0966852
3140.44,0.312909
1953.35,0.195271
824.43,0.0824307
1536.45,0.153635
634.235,0.0634198
970.921,0.0966507
806.073,0.080605
979.247,0.0978724
1228.13,0.122755
26711.3,2.65866
1124.53,0.112425
6210.75,0.61962
1269.86,0.126964
1376.22,0.137492
828.199,0.0827981
1868.21,0.186512
1314.38,0.130002
754.854,0.0753149
1606.49,0.160609
1395.07,0.139473
1864.19,0.186248
2374.23,0.237016
1104.18,0.110274
1142.64,0.113928
1070.84,0.107074
2215.32,0.221501
1302.44,0.130219
694.33,0.0694068
6313.5,0.630458
2990.78,0.298947
1578.26,0.157704
761.639,0.0761416
511.898,0.0511881
726.959,0.0726919
998.116,0.0997904
2006.91,0.200666
1141.87,0.11413
2054.6,0.205366
826.327,0.0826211
942.472,0.0941784
826.537,0.0826521
2386.2,0.238344
673.267,0.0673101
871.587,0.0871482
1047.63,0.104736
1391.65,0.139136
1187.17,0.11868
5097.09,0.508841
1196.63,0.11966
1741.78,0.174124
738.57,0.0729452
1024.12,0.102364
1431.2,0.143086
739.108,0.0728416
746.096,0.0744398
2125.03,0.212415
1031.32,0.103097
1246.99,0.124548
1033.83,0.103186
1232.92,0.123227
620.658,0.0620408
845.865,0.0845216
2687.02,0.268658
879.49,0.0879044
1818.19,0.181748
1004.29,0.100386
1169.65,0.116908
2000.86,0.200063
1036.62,0.103614
1353.04,0.135191
830.47,0.0830322
1897.85,0.189687
1041.88,0.104166
1217.33,0.120784
1121.93,0.112183
622.279,0.0622087
2672.04,0.266969
856.758,0.0855989
1616.34,0.161602
615.402,0.0614866
876.282,0.0876147
1050.17,0.104988
5736.91,0.572394
4397.29,0.43963
1563.03,0.156266
704.839,0.0704686
827.184,0.0826484
1204.4,0.120433
663.597,0.0663533
1033.55,0.103321
1282.95,0.128255
1329.15,0.132895
1270.59,0.127036
1151.75,0.115102
8749.67,0.87386
496.14,0.0496062
2182.03,0.218037
1154.27,0.115419
2273.63,0.227312
612.738,0.0612121
686.416,0.0686251
2661.59,0.265591
826.837,0.0826579
782.276,0.0781922
2432.11,0.243017
1089.42,0.108828
1051.64,0.105148
1570.91,0.157013
2364.59,0.235979
1381.84,0.138153
1693.75,0.169345
1846.47,0.184571
958.793,0.095772
951.892,0.0950525
912.609,0.0912306
1002.46,0.100031
1021.72,0.102155
1237.25,0.123713
2020.54,0.201777
1213.37,0.121311
870.047,0.0869955
1944.64,0.194213
1227.31,0.122691
860.422,0.0859815
1865.14,0.186481
1235.71,0.123516
1075.54,0.107536
866.923,0.0865961
1054.32,0.105418
7444.88,0.743103
1402.98,0.140132
788.66,0.0788578
2560.14,0.255734
841.456,0.0841333
708.907,0.0708852
1194.1,0.118883
1060.39,0.106033
1197.47,0.119666
768.068,0.0767695
1883.21,0.188225
3420.61,0.341178
604.931,0.060486
1081.89,0.108141
1287.16,0.128684
1208.7,0.120811
504.755,0.0504675
1114.36,0.111401
1746.38,0.174376
1671.1,0.166966
1259.27,0.125857
649.912,0.0648374
850.673,0.0850411
588.769,0.0588563
3683.94,0.367994
1089.12,0.108776
1085.41,0.108537
2689.52,0.268866
1519.18,0.151891
1180.81,0.118066
1465.27,0.146486
943.577,0.0942776
990.276,0.0989859
2166.21,0.216599
2639.5,0.262794
658.247,0.0658026
2051.74,0.20483
815.996,0.0815247
1784.55,0.178158
1750.24,0.174788
8592.39,0.854435
835.284,0.0834899
3488.96,0.348666
2896.17,0.289375
2390.01,0.238738
1163.19,0.116201
790.623,0.0790435
764.13,0.0763977
3135.76,0.31332
746.448,0.0745932
2267.18,0.225421
1398.11,0.139773
1052.87,0.105265
986.83,0.0966439
13093.8,1.30448
3270.09,1.84936
1173.12,0.117174
2059.23,0.205673
1515.33,0.151504
1474.13,0.147386
1712.03,0.171089
1280.93,0.127934
745.177,0.0745093
758.587,0.0758489
560.847,0.0560703
2268.38,0.226656
1173.96,0.117129
2777.49,0.277657
1110.83,0.110998
721.798,0.0721739
923.523,0.0923204
1257.26,0.125715
2974.29,0.297236
768.9,0.0768709
1006.55,0.10063
1494.52,0.149422
923.229,0.091397
1163.04,0.116256
824.338,0.0824313
1428.79,0.14245
460.137,0.0460056
1411.78,0.141169
1462,0.145436
1805.54,0.180364
1220.22,0.122017
727.465,0.0727129
774.437,0.0774311
1533.9,0.153372
924.772,0.0923228
1032.85,0.103075
1522.43,0.151996
1085.88,0.108577
2859.7,0.285926
1132.78,0.113226
2432.73,0.243106
1103.05,0.105402
911.565,0.0911225
943.21,0.0942643
5092.53,0.508406
870.017,0.0869683
794.312,0.079417
21320,3.60406
733.815,0.0733321
1173.81,0.150572
2661.31,0.265983
703.191,0.0702792
952.472,0.0952302
1673.57,0.166824
3384.07,0.338162
898.206,0.0897683
1608.98,0.160776
1089.87,0.108868
967.324,0.0967008
1968.53,0.196813
645.821,0.0645707
996.406,0.0995615
1333.95,0.133366
1069.93,0.106945
964.118,0.0963793
987.208,0.098715
770.001,0.0768269
1273.71,0.126916
2398.87,0.239856
1541.67,0.154067
2123.72,0.212226
3937.54,0.393167
7847.2,0.784169
1014.11,0.101382
1708.31,0.170622
2196.37,0.219474
5031.22,0.50295
753.398,0.07533
1195.62,0.119459
8685.37,0.86641
1169.94,0.116956
1074.79,0.107449
1168.16,0.116788
1845.93,0.18438
888.99,0.0888273
7188.13,6.06238
1011.67,0.10112
2557.03,0.255644
1020.45,0.10204
908.714,0.0906913
779.91,0.0771237
3663.11,0.366073
1011.42,0.100978
11456.9,1.14305
582.74,0.0582301
683.943,0.0683686
2610.62,0.260988
887.865,0.0887672
850.046,0.0847496
3265.74,0.325929
1035.41,0.103522
2767.72,0.276672
874.461,0.0874396
1347.2,0.134674
2638.41,0.263384
2161.78,0.215567
12375.8,1.23496
1713.33,0.171319
827.326,0.082707
1060.78,0.106063
1701.27,0.169951
1804.89,0.180446
1008.85,0.100834
1081.71,0.107887
4211.62,0.421015
2322.59,0.232155
1058.76,0.105865
2356.07,0.235557
779.479,0.0779177
1051.07,0.105053
2896.98,0.288759
1049.84,0.104948
747.777,0.0747633
1059.94,0.105983
7043.35,0.702743
1457.95,0.145784
1771.52,0.17632
1877.5,0.187456
998.473,0.099733
1315.96,0.13156
1677.86,0.167758
2847.5,0.284417
896.891,0.0896554
1242.74,0.124215
1042.94,0.104286
1065.64,0.106521
925.193,0.092378
586.565,0.0584963
2612.73,0.261145
851.87,0.0851807
662.152,0.0661642
3972.15,0.396881
940.692,0.0940655
883.018,0.0882756
1782.93,0.17828
1122.2,0.112055
917.414,0.0917142
1446.31,0.143951
768.546,0.076749
1142.49,0.113981
1233.93,0.123353
750.016,0.0748705
4927.95,0.492271
1392.31,0.139187
937.582,0.0937062
804.217,0.0804172
1934.31,0.193423
5465.66,0.546467
1572.35,0.15722
815.52,0.0814425
1495.5,0.149362
910.399,0.0908712
1040.07,0.104
2301.57,0.230113
1794.56,0.178055
614.321,0.0614273
959.207,0.0959044
493.694,0.0493365
1589.83,0.158922
774.505,0.0774423
979.346,0.0979152
1111.41,0.111117
516.469,0.0516456
1500.08,0.149937
850.603,0.0850114
6595.92,0.659214
1442.17,0.144016
1674.81,0.167362
2388.21,0.23852
881.748,0.0881479
3105.25,0.31045
837.014,0.083669
3028.93,0.302733
2037.69,0.203641
1661.28,0.166094
1332.18,0.133185
1276.51,0.127571
810.946,0.0810358
1472.28,0.14722
2197.81,0.219717
714.269,0.0714078
2973.38,0.297271
865.166,0.0865092
1456.03,0.131
1414.63,0.14143
1089.36,0.108862
1330.16,0.132673
12204.2,1.21964
941.161,0.0940401
595.588,0.0594212
9489.04,0.947396
1109.73,0.110901
3725.19,0.372277
711.718,0.0711624
1402.05,0.140123
1096.83,0.109608
1709.22,0.170895
7614.42,0.756465
845.997,0.0845146
5168.06,0.51021
854.182,0.0854034
1672.32,0.167207
1040.77,0.103944
863.671,0.0863448
1100.66,0.110019
1635.27,0.163501
1006.54,0.100622
833.083,0.0832272
734.898,0.0734652
1429.58,0.142917
307.107,0.0307078
1318.57,0.131844
995.935,0.0995486
851.691,0.085148
5646.21,0.563888
947.426,0.0946943
1397.72,0.139754
1873.07,0.187195
998.294,0.0998077
3627.78,0.360724
1014.33,0.101374
1105.47,0.110519
1245.24,0.124502
2057.16,0.205598
1102.65,0.110005
460.278,0.0460191
1207.64,0.120726
8342.73,0.83359
815.102,0.0814757
845.622,0.0845435
1096.17,0.109609
735.937,0.0735683
964.829,0.0963648
567.17,0.0566993
857.077,0.0856727
615.201,0.0614975
4339.88,0.433534
1243.53,0.124322
1736.47,0.173545
1231.36,0.123086
914.55,0.0914445
1459.9,0.14588
1071.37,0.107092
1436.42,0.143619
1117.85,0.111044
1941,0.194012
20378.2,2.0371
2634.63,0.263419
655,0.0653849
2245.01,0.224191
843.356,0.0839454
1165.72,0.11656
945.008,0.0944725
1121.97,0.112184
1158.73,0.115776
1069.35,0.106904
1915.58,0.191402
902.314,0.0902212
960.793,0.0960316
4000.92,0.399911
1086.14,0.108536
1934.34,0.193403
1422.09,0.14215
1376.83,0.137643
954.774,0.0954561
1733.06,0.173233
1708.29,0.170504
1078.85,0.107844
2487.54,0.248686
801.184,0.0799763
3138.68,0.313062
822.677,0.0822632
849.172,0.0849062
1635.82,0.163563
2059.25,0.205852
2102.75,0.210205
1891.62,0.189092
3757.17,0.375658
1102.83,0.110228
1544.36,0.154255
1210.82,0.120963
1098.29,0.109723
697.765,0.0697582
1195.23,0.119457
1668.65,0.166856
1544.36,0.1544
1851.57,0.184934
2408.57,0.240608
1095.55,0.109546
1186.59,0.118588
694.207,0.0693886
1478.44,0.147796
982.718,0.0982064
1779.96,0.177912
1722.93,0.172238
1090.75,0.108926
1040.75,0.103818
1835.02,0.183472
1459.21,0.145862
1063.02,0.106296
953.714,0.0953526
2185.96,0.218566
2025.9,0.202573
2688.47,0.268638
1216.32,0.121601
1535.16,0.153473
719.802,0.0719765
1450.19,0.144948
1811.71,0.194244
521.729,0.052169
1115.92,0.111445
864.381,0.0863631
2146.67,0.214527
894.331,0.0893849
531.037,0.053082
2856.41,0.285542
761.035,0.0760979
1422.47,0.142201
1578.91,0.157834
1107.98,0.110752
871.043,0.0870852
1080.73,0.107965
826.232,0.0826146
1043.39,0.104276
1943.92,0.194089
3728.55,0.372522
2479.33,0.247847
3065.19,0.306249
1515.49,0.151518
1045.88,0.104537
2007.55,0.200637
602.491,0.0602243
1318.88,0.13187
1167.45,0.116686
876.589,0.0875177
857.845,0.0855605
993.789,0.0993191
782.415,0.0781587
984.843,0.0984557
1577.4,0.157724
4947.75,0.493212
2068.51,0.206799
1102.68,0.110163
2039.53,0.20381
1226.86,0.122676
1007.09,0.100705
1601.36,0.160004
1279.86,0.127934
759.638,0.0759433
1269,0.126879
1083.39,0.108297
1114.35,0.111203
3679.22,0.367799
983.066,0.0982928
1444.51,0.144283
5087.68,0.508557
1079.36,0.107818
1086.57,0.108526
2061.7,0.205991
9179.07,0.914829
2623.41,0.262133
1134.35,0.113297
1310.52,0.130663
1806.22,0.180548
2666.76,0.266184
2274.9,0.227296
1172.23,0.117202
1652.52,0.165233
2841.18,0.284025
1913.07,0.191275
1527.99,0.152221
2119.31,0.211873
1822.43,0.181087
1401.42,0.139933
1345.52,0.134546
2474.07,0.247258
3382.21,0.338149
2958.4,0.295758
527.712,0.0527692
558.581,0.0558538
1095.53,0.109548
1693.85,0.169337
940.88,0.0939931
5980.31,0.597549
766.788,0.0765889
999.664,0.0999159
1488.7,0.14878
688.662,0.0688276
877.454,0.0877348
1078.64,0.107833
1260.15,0.12601
4661.99,0.465923
2371.43,0.237101
720.919,0.0719343
658.901,0.065878
1096.24,0.109531
1392.65,0.139247
461.842,0.0461776
1208.7,0.120726
971.63,0.0971471
1019.17,0.101223
689.989,0.0686461
1632,0.163132
955.951,0.0955921
2701.84,0.270073
1078.3,0.107786
1400.65,0.140046
1652.58,0.164861
1372.85,0.137178
1058.06,0.105775
885.988,0.0885682
756.276,0.0755338
2088.4,0.208758
1124.31,0.112377
4092.45,0.407595
1464.01,0.146359
942.875,0.0941826
1376.29,0.137597
1121.73,0.112149
1815.93,0.181533
931.491,0.0931118
1340.47,0.134034
909.936,0.0909372
1078.67,0.107764
966.448,0.0961546
1585.35,0.158485
882.012,0.0881935
993.112,0.0989183
1839.52,0.183871
1116.44,0.111283
2770.7,0.276612
386.527,0.0386485
2011.79,0.201132
1587.73,0.158747
1852.22,0.185088
1711.75,0.170892
1390.06,0.138955
1136.67,0.113646
1077.52,0.107719
910.124,0.0910052
1235.83,0.123547
1055.96,0.105587
481.141,0.0481134
4211.34,0.42104
1301.45,0.129859
2787.81,0.27869
1419.28,0.141917
879.02,0.087886
725.002,0.0721798
1304.36,0.130429
1157.93,0.115757
548.347,0.0547682
913.395,0.091306
1020.12,0.101993
926.764,0.0926097
1277.9,0.127749
949.954,0.0949005
2771.71,0.277065
5655.39,0.561709
641.345,0.0640898
1077.67,0.107742
1013.92,0.100988
2323.82,0.232145
1497.08,0.147404
2236.71,0.223627
1462.62,0.146233
1566.36,0.156623
1236.09,0.122317
1156.53,0.115635
2672.24,0.266123
1205.85,0.120518
5520.79,0.55103
4418.9,0.44161
1689.36,0.168897
4508.55,0.44953
1666.05,0.166417
1013.29,0.101251
1346.26,0.134592
533.716,0.0533621
844.824,0.0844284
3067.43,0.306163
9307.46,0.928198
3130.28,0.31258
1056.36,0.105625
1271.07,0.127094
698.273,0.0698173
1004.53,0.100364
658.47,0.0658025
570.54,0.0569859
883.831,0.0883238
915.876,0.091542
1049.94,0.104963
823.097,0.0823038
1195.97,0.119553
1441.11,0.143938
838.142,0.083807
1167.1,0.116633
789.926,0.0789614
1133.82,0.113376
1189.84,0.118904
3036.18,0.303298
2900.27,0.289978
882.022,0.0881968
1791.72,0.179087
1089.03,0.10888
1944.34,0.194409
893.564,0.0893309
2026.88,0.202535
5176.08,6.31894
1297.47,0.129737
1422.85,0.142245
1157.35,0.115652
1443.83,0.144367
1362.06,0.136171
701.197,0.0701084
1767.45,0.176563
17500.1,1.74207
1448.79,0.14479
1265.69,0.126521
891.008,0.0890346
1296.61,0.129633
1304.98,0.130449
923.113,0.0920447
838.387,0.083435
911.709,0.0911567
4053.17,0.404071
1505.94,0.150519
4542.59,0.45392
1198.31,0.119786
572.225,0.0571527
4453.81,0.4452
1121.71,0.112162
1010.31,0.100972
3709.52,0.370162
1199.36,0.119758
740.693,0.0740055
3355.74,0.334725
8038.02,0.803167
1046.11,0.104598
1069.61,0.106913
1021.4,0.102084
506.084,0.0506044
890.969,0.0890716
2631.92,0.262811
658.645,0.0657819
3247.28,0.324106
1551.2,0.155068
1202.62,0.120078
2976.63,0.297599
2090.92,0.208977
928.15,0.0924772
913.723,0.0912494
2762.74,0.276129
2441.9,0.244159
1750.41,0.174998
1432.45,0.143107
917.533,0.0917468
1018.11,0.101776
1728.32,0.17274
2264.11,0.226199
629.116,0.0625926
727.67,0.0725686
819.488,0.0818888
1179.06,0.117702
985.271,0.098435
1288.44,0.128495
2246.44,0.224536
834.594,0.0833506
1739,0.173856
798.816,0.0798407
773.962,0.0773294
1631.88,0.163169
1338.44,0.133788
2007.67,0.200623
583.742,0.0583625
1831.35,0.182591
710.278,0.071008
655.439,0.0655185
882.999,0.0882953
1195.56,0.119502
1718.59,0.171798
1963.08,0.196119
1078.48,0.107755
751.455,0.0751076
2085.23,0.208411
2210.69,0.221002
2754.67,0.275367
1214.62,0.121447
922.604,0.0922057
2281.38,0.227953
950.515,0.0950237
1012.76,0.101227
902.789,0.0902565
2015.2,0.201343
1023.75,0.102254
694.506,0.0694331
791.497,0.079138
721.355,0.07213
1865.05,0.186303
1392.67,0.139196
1681.48,0.168076
2118.63,0.211701
1227.59,0.122738
647.132,0.0646807
1237.91,0.123723
2036.09,0.203208
1142.11,0.114163
925.012,0.0924921
1126.21,0.11254
1261.27,0.126083
882.558,0.0882194
1044.77,0.104413
952.449,0.0951391
775.952,0.0775678
1068.76,0.106845
1032.51,0.103227
5406.92,0.540325
1247.59,0.124742
1660.65,0.165029
1137.08,0.113694
3210.01,0.320865
1184.69,0.118358
1665.04,0.166396
2305.75,0.230401
942.801,0.0942077
1308.23,0.130754
2354.48,0.235084
887.635,0.0887598
1213.03,0.121273
755.795,0.0755436
3350.29,0.33484
1075.07,0.10748
1552,0.155184
1048.36,0.104778
1207.45,0.120696
4694.23,0.467501
753.381,0.0751621
1164.98,0.11643
901.266,0.0901078
1320.71,0.132045
1419.05,0.14184
1820.6,0.181868
3733.22,0.372997
1117.5,0.111737
801.166,0.0800981
1477.25,0.147448
882.269,0.088201
911.27,0.0909215
591.363,0.0591329
1192.57,0.119241
1272.96,0.127229
758.283,0.0757909
396.868,0.0396785
1094.29,0.109391
1739.72,0.173906
826.167,0.0825946
1931.21,0.193103
1429.07,0.142895
1441.93,0.144116
3426.58,0.342165
1191.1,0.118995
645.867,0.0645568
951.601,0.0945183
1532.91,0.153159
841.663,0.08415
1005.11,0.100506
1779.23,0.177443
855.584,0.0855335
814.577,0.0813377
638.292,0.0638107
1545.95,0.154463
1005.63,0.100542
1030.18,0.102882
1005.34,0.100515
932.312,0.0931974
1498.27,0.149787
1258.94,0.12587
1984.56,0.198255
1337.96,0.133759
2922.59,0.292164
1832.3,0.183151
997.999,0.0997718
2200.84,0.220005
2597.86,0.259747
762.209,0.0762068
629.759,0.0629697
1909.1,0.190752
1622.17,0.161691
1578.05,0.157711
1079.89,0.107966
3102.15,0.310008
597.428,0.0597394
1108.52,0.110805
1054.97,0.105429
2162.43,0.216215
1081.5,0.108064
1070.39,0.107001
778.308,0.0777511
808.321,0.080783
1504.28,0.150117
1804.34,0.180284
1463.33,0.14631
656.636,0.0656402
835.468,0.0834685
825.715,0.0825566
1125.06,0.112492
1183.67,0.118357
724.645,0.0724291
1037.54,0.103694
1877.84,0.187725
4077.82,0.407569
1530.64,0.152994
1079.44,0.107904
1116.29,0.111538
968.082,0.0967913
1853.36,0.185295
1326.95,0.132501
887.445,0.0887006
1103.04,0.110285
1660.72,0.16604
1067.84,0.106717
1077.82,0.107615
2117.03,0.211411
1809,0.180831
525.73,0.0525003
747.492,0.0747387
521.197,0.0517233
664.874,0.0664066
1147.3,0.114687
2022.77,0.202161
7382.37,0.737374
827.973,0.0827933
752.011,0.0747373
2656.81,0.265407
1771.69,0.177165
1071.83,0.107136
1118.66,0.11186
772.311,0.0772269
1147.97,0.113673
880.802,0.0880551
1548.96,0.154697
667.496,0.0667467
1743.7,0.174231
1387.04,0.13786
1639.1,0.163891
1138,0.113784
2442.99,0.244146
942.647,0.0942424
1841.38,0.183709
1630.17,0.162938
2489.49,0.248909
1372.43,0.137215
1004.32,0.100413
929.362,0.0928967
1501.08,0.150048
1101.53,0.11008
3088.48,0.30872
1211.3,0.121041
2030.34,0.202999
788.478,0.0788054
801.336,0.0800691
848.093,0.0847934
923.206,0.0922934
742.892,0.0742806
1109.31,0.110913
982.498,0.0982299
597.706,0.0597254
748.1,0.0747361
1110.89,0.110638
2504.52,0.25036
1614.59,0.16119
1150.88,0.115031
4587.01,0.458311
1087.38,0.108731
1037.97,0.103656
2998.59,0.301587
671.532,0.0671428
1354.18,0.135407
845.447,0.0844745
1755.6,0.17554
3462.9,0.346229
1513.26,0.151264
1583.24,0.157633
943.382,0.0934129
1860.61,0.186029
1086.41,0.108597
2012.1,0.201182
4930.83,0.490745
1853.17,0.185262
742.502,0.0742098
2291.83,0.228447
960.878,0.096052
982.943,0.0981173
1652.49,0.164935
1497.19,0.150856
1521.43,0.152128
2291.36,0.228989
2921.27,0.292011
586.852,0.0586704
875.514,0.0875196
1389.73,0.13889
1274.28,0.127301
1339.35,0.133004
1135.05,0.113491
2232.14,0.223146
1380.14,0.137572
804.778,0.0804602
1203.26,0.120251
1465.34,0.146466
1340.71,0.134046
1103.71,0.110357
3459.87,0.345956
7460.45,0.745215
860.011,0.0859977
1047.25,0.104721
651.535,0.0651351
1258.33,0.12451
1060.74,0.105997
1783.51,0.178307
3398.92,0.339691
1732.07,0.172895
861.792,0.0859461
1277.67,0.127743
912.07,0.0911349
2095.11,0.209355
829.06,0.0827929
1028.26,0.102799
1325.99,0.132578
1312.08,0.131069
611.129,0.0610962
3015.51,0.300818
623.39,0.062334
1524.74,0.152431
1079.63,0.107795
1741.94,0.174156
839.611,0.0839162
618.682,0.0618419
2812.1,0.281117
6198.33,0.618741
6575.35,0.656908
1469.59,0.14691
1003.95,0.100369
7844.55,0.783791
1140.82,0.114046
2651.39,0.265066
767.371,0.0765654
3036.07,0.303277
2470.04,0.246834
1803.97,0.180328
1056.08,0.105286
770.608,0.0770573
551.24,0.0551066
799.102,0.0798758
1389.49,0.138913
1654.32,0.165405
2103.24,0.210295
927.41,0.0927247
1030.99,0.102848
1155.3,0.115254
712.102,0.0711856
1511.19,0.151035
1298.6,0.129764
4673.35,0.465733
1122.53,0.112222
1369.96,0.136922
1119.39,0.111743
547.11,0.0546529
1183.71,0.118171
942.926,0.0942771
1569.77,0.156947
1473.42,0.147303
939.589,0.0939519
3399.95,0.339447
873.985,0.0873966
788.184,0.0788114
4070.83,0.406602
1228.89,0.122882
1719.52,0.171918
659.224,0.0658923
911.47,0.0911399
869.364,0.086839
1242.5,0.12423
537.116,0.0536854
2802.61,0.280144
881.484,0.0880852
1561.95,0.155285
964.911,0.0964793
1165.54,0.116536
1391.65,0.138881
1664.06,0.166142
957.202,0.0956876
1563.55,0.156219
534.062,0.0533994
949.417,0.0949284
1655.87,0.165464
1857,0.185692
421.397,0.0421274
1199.36,0.119618
752.834,0.0752447
1877.41,0.187642
2196.28,0.219603
1449.53,0.144933
1322.33,0.132178
5912.83,0.590537
1112.42,0.111148
913.824,0.0913701
770.506,0.0770261
961.8,0.0961694
2382.09,0.238069
1021.16,0.101958
1259.08,0.125901
1500.54,0.149875
17837.5,1.7654
2129.64,0.212937
1217.22,0.121702
3726.69,0.372545
1095.46,0.1095
1183.53,0.118283
10060.1,3.22316
1360.05,0.135781
1048.25,0.104815
871.296,0.0871116
2025.28,0.202399
3664.2,0.366361
2323.14,0.232011
1182.48,0.11817
969.303,0.0969183
1227.47,0.122699
921.647,0.0921485
902.463,0.0902131
1396.44,0.139627
1519.98,0.151163
1629.26,0.161608
1349.53,0.134588
730.071,0.0729587
7050.59,0.704887
1530.75,0.152985
2046.63,0.204363
4975.82,0.497281
823.94,0.082386
1424.36,0.142408
886.807,0.0886682
776.791,0.077671
642.406,0.0642251
1033.75,0.103313
953.482,0.0952876
895.716,0.0895573
1229.35,0.122917
1736.38,0.173477
3510.84,0.350992
1429.97,0.142871
1938.58,0.193654
456.809,0.0453577
1227.52,0.122676
938.8,0.0938338
1269.91,0.126969
1162.27,0.116064
889.169,0.0888844
1850.34,0.185011
1178.82,0.117856
2663.79,0.266306
3627,0.362578
850.579,0.0849275
878.849,0.0878777
1107.88,0.110775
4702.43,0.46878
1019.43,0.101925
1628,0.16277
1923.07,0.192265
946.074,0.0945726
1468.96,0.146866
1363.87,0.13623
1260.34,0.126012
6687.82,0.667776
4244.66,0.423935
1035.4,0.103433
1810.04,0.180962
1009.65,0.10084
5287.18,0.511976
1910.38,0.190996
1189.59,0.118932
1406.29,0.140561
1028.96,0.102881
1844.54,0.184413
771.794,0.0771098
2244.65,0.224342
3303.48,0.329591
1106.42,0.11063
1092.18,0.109204
1165.73,0.116276
1483.58,0.148294
1556.71,0.155649
1778.56,0.177779
1558.43,0.155826
784.054,0.0783451
1550.61,0.155016
874.105,0.087338
1697.57,0.168821
942.104,0.0941578
2306.53,0.230473
689.249,0.0689204
1064,0.106319
901.516,0.090063
1129.85,0.112953
1029.93,0.102969
4190.89,0.418587
2989.69,0.298614
1883.37,0.188307
1112.42,0.111157
2085.26,0.208327
1403.5,0.140247
1165.46,0.116478
1531.04,0.152589
866.594,0.0866316
1462.31,0.146162
903.972,0.0901757
1174.44,0.117383
624.7,0.0624645
712.481,0.0712472
1035.52,0.103535
1007.94,0.100756
727.045,0.0726984
701.515,0.0701248
704.333,0.0703452
2077.24,0.207681
1539.86,0.153973
759.367,0.0757912
1712.7,0.171163
1153.96,0.115288
1226.19,0.122598
1348.68,0.134836
1383.68,0.138306
3917.7,0.390754
806.378,0.0805482
1383.09,0.13827
719.804,0.0719682
1119.37,0.111914
788.945,0.0788724
1804.55,0.1804
1583.84,0.158248
3529.8,0.352898
686.267,0.0685708
766.038,0.0765957
1447.36,0.144708
981.656,0.15303
922.276,0.0922136
1489.71,0.148903
1080.58,0.108028
1063.28,0.106316
1368.42,0.136812
2930.34,0.292913
3960.21,0.395592
1222.98,0.122264
1311.77,0.131039
2274.02,0.227302
2101.81,0.209969
1769.58,0.176813
721.202,0.0720992
1997.04,0.199688
742.282,0.0741748
899.946,0.089977
2122.81,0.212148
1000.35,0.100017
3626.7,0.362008
1246.81,0.124622
1421.72,0.14216
2645.35,0.264413
2334.15,0.233387
2060.33,0.205893
1613.12,0.161255
1678.18,0.167689
1201.26,0.120083
6904.93,0.69029
1153.23,0.115319
1085.32,0.108484
780.8,0.0780543
2026.43,0.20262
1562.1,0.156049
867.777,0.0867623
911.076,0.0911028
1287.44,0.128724
1102.38,0.110165
1357.89,0.135619
1835.3,0.183448
10748.6,1.07339
2046.36,0.204623
2468.02,0.246681
1786.6,0.178606
1204.38,0.120407
757.386,0.0757238
1502.35,0.150197
2864.51,0.286142
1183.96,0.118352
1398.59,0.139829
2330.72,0.233026
1791.14,0.179101
1386.9,0.138618
1046.06,0.104502
1029.53,0.102888
892.288,0.0892104
3270.02,0.326963
1565.53,0.156448
1232.06,0.123201
1447.42,0.144697
1122.29,0.112178
1189.3,0.118926
1217.69,0.121357
1223.73,0.122354
1291.38,0.129099
3127.15,0.312669
1374.36,0.136729
1707.57,0.170665
3349.57,0.333013
756.605,0.0756553
1018.89,0.101881
543.244,0.0543187
761.177,0.0761045
738.289,0.0736398
871.112,0.0862405
1244.49,0.124352
869.003,0.0868895
2787.77,0.27874
881.995,0.0881099
1360.38,0.136007
2366.98,0.236645
3028.71,0.302826
1082.4,0.108226
1034.53,0.103447
1289.89,0.128963
1154.57,0.115451
1401.16,0.139849
1088.25,0.108635
677.778,0.0677563
1717.04,0.171635
1492.66,0.149255
1337.25,0.133652
1669.47,0.166907
1612.79,0.161254
3251.15,0.324757
2339.83,0.233803
607.942,0.0607757
1598.54,0.159705
1480.38,0.147834
1218.27,0.121776
2453.23,0.244196
2150.84,0.215033
1156.67,0.115595
3748.18,1.47701
1510.94,0.150718
1060.04,0.10597
1594.82,0.159319
1200.33,0.119669
1341.45,0.134089
1452.67,0.14515
1982.64,0.198203
684.09,0.068403
1518.77,0.151662
1789.02,0.178843
2110.76,0.210938
1232.06,0.123185
1598.15,0.159661
821.993,0.0821347
1113.92,0.111332
1404.3,0.140385
980.008,0.097997
1439.86,0.143922
1335.25,0.133452
1750.72,0.174931
870.047,0.0869757
817.2,0.0816981
3337.56,0.333736
2633.48,0.263139
771.968,0.0771577
3180.49,0.317449
2092.42,0.209166
1009.5,0.100932
695.004,0.0694509
1315.05,0.131482
562.108,0.0561811
1399.85,0.139919
935.513,0.0934833
1501.56,0.150002
689.04,0.0688957
612.346,0.0612179
1136.11,0.113588
2928.96,0.292797
690.723,0.0690562
748.229,0.0747967
667.543,0.0667413
820.39,0.0820363
1514.91,0.151442
794.739,0.079368
1079.35,0.107898
950.09,0.094958
1230.93,0.12308
735.182,0.0734778
2082.32,0.208144
2282.57,0.227806
549.563,0.0547398
697.018,0.0695853
1022.47,0.102213
3082.19,0.30764
1313.14,0.13128
12010.7,1.19319
2387.77,0.238717
1171.1,0.117066
1095.42,0.10928
1706.97,0.170001
2811.94,0.28104
864.384,0.0864327
687.447,0.0687267
1021.92,0.102042
1858.6,0.181276
1654.24,0.165406
817.147,0.0816398
1163.66,0.116194
955.75,0.0953684
740.89,0.0740851
1056.86,0.105642
1241.39,0.123801
1025.74,0.10246
2386.85,0.238643
1762.03,0.175981
719.715,0.0719611
1251.44,0.125125
947.761,0.0947383
1586.11,0.158406
780.127,0.0780009
1920.63,0.191936
794.67,0.0794038
1105.26,0.110222
2378.03,0.237686
1265.73,0.126453
1195.2,0.119501
1083.81,0.108329
1994.1,0.199173
975.454,0.09749
1460.99,0.146068
877.431,0.0877341
1396.51,0.139623
1583.91,0.158328
842.395,0.0842009
1821.07,0.182074
806.129,0.0806006
1019.29,0.10191
2043.36,0.203864
22240,2.19286
870.213,0.0870046
1076.28,0.107618
1950.4,0.195021
947.418,0.0947315
1117.66,0.111723
688.753,0.0688083
865.882,0.0864952
1039.86,0.103979
1035.12,0.103486
1290.01,0.128975
1877.85,0.187759
1004.58,0.100432
1655.46,0.165501
1548.38,0.154681
1092.35,0.108866
800.478,0.0800432
708.85,0.0708777
3378.31,0.337785
1471.18,0.14702
1039.77,0.103937
1292.93,0.129005
903.136,0.0902931
827.754,0.0827567
4069.65,0.406833
976.954,0.0976899
2822.4,0.282135
783.292,0.0782345
1009.82,0.100969
1063.35,0.105578
1770.65,0.176985
862.528,0.08615
2353.26,0.235189
1144.97,0.11449
1023.38,0.10225
890.125,0.0890007
589.099,0.0588932
1013.32,0.101325
4065.57,0.406117
741.97,0.0741507
1940.34,0.194007
925.593,0.0925495
1867.31,0.185978
1835.61,0.18353
1458.29,0.1458
2188.06,0.218627
3151.22,0.314935
831.498,0.0828793
582.206,0.0582125
1554.37,0.15537
1396.8,0.139623
897.767,0.0889856
1334.41,0.133057
1163.52,0.116254
6771.89,0.675782
788.612,0.0786497
661.816,0.0661584
970.269,0.0969182
845.403,0.0845195
1543.61,0.154346
968.872,0.0968344
2853.53,0.285272
983.985,0.0983487
918.86,0.0918799
8661.43,0.862841
1884.87,0.18844
722.38,0.0721374
1226.32,0.122623
1114.57,0.111375
957.637,0.0957545
938.072,0.0937916
2914.42,0.291259
5543.82,0.552412
1133.87,0.113335
3638.18,0.363576
1123.86,0.112296
1031.21,0.103109
959.317,0.0958927
1891.54,0.189115
1870.71,0.187018
881.81,0.0879936
1873.46,0.187282
1252.2,0.125189
8461.05,0.844511
1098.81,0.109862
1493.51,0.149305
799.432,0.0799034
648.617,0.0648338
1941.97,0.19381
539.555,0.0538868
2268.37,0.226635
1259.93,0.125949
812.655,0.0812173
869.258,0.0868976
3000.73,0.299925
2187.56,0.218681
2704.23,0.270269
1427.63,0.14265
1364.18,0.136388
615.054,0.0615041
1627.09,0.162601
2354.22,0.235191
790.762,0.0790508
1045.88,0.104554
840.076,0.0838119
1251.18,0.125082
1671.54,0.167077
1286.65,0.128618
2211.28,0.221093
5505.06,0.549719
1146.18,0.114589
758.217,0.0758133
2239.75,0.223198
1131.5,0.113121
690.439,0.0689543
800.875,0.0800569
2073.68,0.207249
645.277,0.0645261
2668.36,0.266685
1248.92,0.124881
904.689,0.0904618
917.832,0.0917306
1998.11,0.199788
1240.36,0.124011
1688.84,0.168858
2860.74,0.285651
878.001,0.0877939
783.808,0.0783682
1072.89,0.107273
1115.38,0.111449
2821.46,0.282048
1239.51,0.123919
1431.44,0.142927
2444.27,0.244323
8218.4,0.817537
2674.65,0.267334
2150.99,0.214686
4148.34,0.41454
783.573,0.0782197
1032.99,0.103285
1409.36,0.140694
807.406,0.080712
14058.5,1.40165
1252.95,0.125284
842.8,0.0840888
890.786,0.0889682
3496.39,0.349554
614.686,0.0614446
1117.26,0.111651
1124.11,0.112373
624.703,0.0624624
1188.64,0.118804
750.216,0.0749855
714.11,0.071407
7205.38,1.24922
919.065,0.0918673
932.042,0.0932003
942.061,0.0941785
589.787,0.0589466
547.1,0.0547025
1769.23,0.176332
1384.37,0.138359
7826.26,0.782454
659.588,0.0659535
1372.3,0.137152
18170.1,1.8117
596.709,0.0596573
2656.49,0.265601
1812.4,0.181234
1839.2,0.18387
774.585,0.077396
1298.36,0.129825
1150.06,0.11494
1189.95,0.118965
991.404,0.099102
1765.79,0.176508
840.239,0.0840097
2371.95,0.237098
622.247,0.062013
3956.05,0.395511
875.481,0.0875271
5716.23,0.571335
885.783,0.0885696
784.756,0.0784628
3783.78,0.378311
818.686,0.0818645
792.865,0.0792302
2510.23,0.250893
927.648,0.0927326
1126.08,0.112603
2909.37,0.290807
848.979,0.0848836
1777.54,0.177744
774.595,0.0774225
1443.43,0.144332
4203.98,0.419014
2018.34,0.201638
2531.2,0.25289
1576.14,0.15758
3551.72,0.354513
2770.11,0.276978
934.445,0.0930624
1748.37,0.174573
1683.1,0.167877
1497.45,0.149574
711.509,0.0710033
1210.71,0.121045
892.576,0.0891806
1557.86,0.155772
1616.86,0.161512
2097.02,0.209487
1043.68,0.104156
878.999,0.0878806
1212.24,0.121194
946.388,0.0946318
578.262,0.0577965
2742.18,0.273756
1936.01,0.193511
1990.39,0.199028
2598.55,0.259758
924.753,0.0924731
1582.61,0.158033
1312.36,0.131119
2734.23,0.273255
1867.9,0.18678
1007.68,0.100582
2340.66,0.233778
1468.63,0.146708
1367.71,0.135749
3037.8,0.303667
522.378,0.0522286
2388.23,0.238664
1313.31,0.130995
1069.29,0.106862
916.227,0.0915438
686.74,0.0686723
1490.05,0.14892
941.322,0.0940844
1395.29,0.139453
7958.83,0.791545
945.713,0.0945535
1277.67,0.127646
2036.57,0.202609
1002.43,0.100183
956.759,0.0956025
1216.84,0.121388
2487.77,0.248763
1275.18,0.127473
1335.58,0.133441
2641.22,0.263762
1494.95,0.148376
2370.23,0.236992
6064.4,0.606298
772.349,0.0772006
852.485,0.0848708
1081.64,0.108146
1254.93,0.125455
1092.1,0.108977
657.358,0.0656957
936.583,0.0936163
2780.83,0.277794
1162.74,0.116255
1725.26,0.172475
1974.93,0.197403
1410.53,0.141024
3151.6,0.314813
953.593,0.0953531
731.904,0.073184
863.971,0.0863632
1305.93,0.130514
2580.76,0.25794
1212.47,0.121221
1577.11,0.15764
1925.59,0.190391
885.869,0.088566
3366.22,0.336563
1277.63,0.127744
2527.66,0.2527
1344.28,0.134409
1037.65,0.103686
1122.45,0.11221
2002.32,0.199908
1220.48,0.122026
811.095,0.0810685
1728.1,0.172719
3443.84,0.344314
949.968,0.0946421
807.168,0.0806859
3521.65,0.351774
1528.51,0.152822
945.549,0.0940184
714.899,0.0714173
1039.38,0.103876
811.486,0.0811348
792.925,0.079008
968.505,0.0967884
1127.35,0.112687
4283.6,0.428081
3482.97,0.348117
788.804,0.0787223
879.146,0.0878617
1015.38,0.101434
770.818,0.0770742
916.061,0.0915706
2566.98,0.256476
698.738,0.06986
2429.93,0.242185
1287.85,0.128715
807.963,0.0807727
887.719,0.0887373
2118.99,0.211768
7420.5,0.741542
933.843,0.0933672
1504.95,0.150456
1252.86,0.125282
605.793,0.060576
855.278,0.0855156
845.512,0.0842882
836.785,0.0836704
1382.01,0.138161
1752.61,0.175143
1636.68,0.163605
2301,0.229439
1807.06,0.180588
1187.05,0.118583
1840.49,0.183988
3128.4,0.312683
963.169,0.0962894
1337.13,0.128096
714.13,0.0713924
831.643,0.0831185
1352.94,0.135279
658.349,0.0658227
830.185,0.0830071
1490.81,0.14896
999.301,0.0998797
1010.54,0.101044
605.013,0.0604882
4922.36,0.491946
1626.83,0.162603
857.586,0.0857554
795.757,0.0795357
1757.44,0.175708
1652.67,0.165243
2104.87,0.208861
616.056,0.0615042
1402.28,0.140081
2251.81,0.225041
1137.43,0.113663
1134.68,0.113156
1160.98,0.116069
2022.39,0.202139
1384.98,0.138437
913.529,0.0913108
1156.11,0.11552
4408.99,0.440781
1074.63,0.107413
2437.05,0.243498
1284.75,0.128433
1948.29,0.194823
4118.09,0.411593
1694.55,0.169305
1217.33,0.121253
890.222,0.0890073
1356.38,0.135602
804.989,0.0804766
687.006,0.0686927
2832.18,0.28296
1737.41,0.173697
986.611,0.098456
890.592,0.0890454
751.004,0.0750614
1303.87,0.130345
1141.4,0.114009
4924.46,0.491859
1266.43,0.126571
2114.99,0.211412
3324.64,0.332004
1163.71,0.116169
908.933,0.0908204
989.922,0.0989785
1056.64,0.105568
1504.4,0.150189
879.815,0.0878906
1939.61,0.193865
1673.36,0.167262
1039,0.103895
957.424,0.0955763
1669.71,0.16692
1594.3,0.159352
979.328,0.0978723
1079.46,0.107908
745.812,0.0745549
1721.25,0.172082
1380.86,0.137971
2719.79,0.271571
1060.02,0.105997
1073.03,0.107289
1493.99,0.148768
1511.77,0.151108
1290.83,0.129067
1701.62,0.170099
2213.82,0.221201
503.604,0.0503138
2372.18,0.236696
6091.88,0.608766
909.457,0.0909415
2536.31,0.253472
903.528,0.090215
1418.75,0.141852
2495.99,0.249484
1881.65,0.187985
2265.03,0.226445
1352.54,0.134849
3062.71,0.30602
1051.49,0.105003
1241.67,0.124127
609.518,0.0609362
2518.84,0.251846
1996.96,0.199585
1655.86,0.165562
821.61,0.0821436
583.088,0.0583017
1409.35,0.140638
772.009,0.0771727
1963.75,0.196364
5180.76,0.517601
1721.79,0.171423
1014.12,0.101321
1313.1,0.13124
1089.77,0.108962
1139.86,0.113977
4245.83,0.424304
1067.16,0.106707
1413.24,0.141177
3024,0.302359
3214.87,0.32135
988.677,0.0981153
1410.24,0.140966
2070.84,0.207071
1360.01,0.135981
728.769,0.0728118
2117.69,0.211726
706.819,0.0704968
2119.44,0.211808
1005.09,0.100444
1378.58,0.137845
3157.77,0.315244
1970.68,0.197059
727.121,0.0726909
1178.31,0.117817
1147.39,0.114733
1471.11,0.147046
1304.87,0.130399
1662.96,0.166185
1931.92,0.193064
1335.96,0.13357
1096.17,0.109613
1025.22,0.102493
974.821,0.273755
2026.47,0.20262
1275.95,0.127578
1173.63,0.115058
1367.44,0.136541
794.4,0.0793302
1405.66,0.140519
2106.41,0.210591
1015.1,0.10127
3405.11,0.340378
1900.9,0.190068
719.811,0.0719253
1516.99,0.151632
1239.63,0.123061
832.914,0.0832797
1780.09,0.177909
566.174,0.0565001
2155.79,0.215511
1084.18,0.108299
733.757,0.0732819
2878.34,0.287675
961.639,0.0961073
1057.99,0.105789
1626.24,0.162408
1026.2,0.102501
1331.75,0.132977
635.917,0.0631521
1025.5,0.102491
1123.51,0.112262
1626.41,0.162442
786.84,0.0786765
1670.74,0.166911
1270.91,0.127071
1143.79,0.114348
778.782,0.0777753
1084.84,0.160782
2218.45,0.221666
1667.01,0.166687
656.403,0.0655802
1956.72,0.195501
1777.53,0.177728
1103.14,0.110138
667.456,0.0667285
853.301,0.085284
941.046,0.0938654
2958.65,0.29448
613.242,0.0610979
2112.8,0.211109
3483.09,0.346086
2317.85,0.231736
1302.73,0.130261
1506.06,0.150538
5733.36,0.572633
598.485,0.059786
882.472,0.0882246
3821.74,0.382085
554.527,0.0554458
670.028,0.0669746
1225.11,0.122442
1901.82,0.190034
668.18,0.0667893
982.442,0.0977757
762.607,0.0762577
3959.58,0.395533
955.601,0.0954568
2298.31,0.229774
1001.86,0.100159
1197.84,0.119584
1147.6,0.114753
2483.3,0.248224
2478.48,0.244526
1277.38,0.127671
1654.45,0.165401
918.297,0.0917333
1145.48,0.114538
1664.85,0.166204
679.714,0.0679516
1116.27,0.111561
1129.91,0.112983
1495.25,0.149483
1208.81,0.120873
3239.63,0.323879
1144.84,0.114159
849.387,0.0848725
5181.78,0.516619
1054.76,0.105432
1862.31,0.186166
2769.43,0.276548
862.264,0.0862148
2182.43,0.218011
1160.65,0.115975
1682.4,0.167995
1161.02,0.116082
1813.63,0.181332
1039.55,0.103799
976.129,0.0975816
729.171,0.0728914
610.728,0.0610592
1298.38,0.129827
9238.94,0.92057
922.02,0.0921912
706.241,0.0706158
1282.28,0.12817
897.858,0.0897598
1581.03,0.158042
2276.97,0.22767
738.491,0.0738385
802.858,0.0797913
1646.99,0.164678
856.923,0.0856769
2999.15,0.299687
2026.18,0.20255
1629.41,0.162816
1541.01,0.154073
2687.28,0.270437
1665.92,0.166193
27365.4,2.70514
704.964,0.0704677
793.199,0.0792496
555.932,0.0555823
990.566,0.0989788
2089.47,0.208889
1412.58,0.141237
1242.27,0.124208
1306.79,0.13065
1768.34,0.176604
1609.55,0.160916
776.032,0.0775933
579.883,0.0579792
1248.7,0.124843
947.917,0.0940445
1908.87,0.190712
376.562,0.0376034
898.394,0.0898261
727.754,0.0727665
1666.13,0.166571
1364.1,0.136294
1327.18,0.13269
1887.55,0.188559
1635.97,0.163397
587.45,0.0587297
1045.63,0.104536
1091.83,0.109162
520.838,0.0520621
2082.53,0.207972
1220.72,0.122041
1162.25,0.116173
1156.05,0.115583
656.695,0.0656581
2841.69,0.283866
807.01,0.0805175
2156.35,0.215601
1751.49,0.175127
1400.94,0.140093
735.587,0.0735295
1396.7,0.13966
1012.84,0.101235
926.371,0.0926178
1707.45,0.170667
1575.43,0.157455
1133.99,0.113375
836.536,0.0836452
1179.41,0.117893
816.674,0.0816399
890.348,0.0889365
540.92,0.0540765
4964.77,0.495687
972.056,0.0971755
1430.18,0.142834
1600.81,0.159994
1116.38,0.111629
749.191,0.0749021
1202.61,0.120247
714.716,0.0714528
2323.23,0.232292
7467.35,0.746182
2112.18,0.211128
2113.81,0.211344
11613.5,1.16007
1071.83,0.10718
1432.02,0.143107
1823.49,0.182262
1463.94,0.146284
4423.86,0.848334
1175.46,0.117401
732.459,0.0730026
963.179,0.0962945
1133.62,0.113332
2731,0.273075
1484.94,0.148473
725.539,0.0725278
1237.04,0.123682
1128.03,0.112726
855.446,0.0854895
4221.59,0.421352
938.547,0.0938502
2059.15,0.205689
1306.6,0.130507
844.695,0.0843089
1639.66,0.163882
622.39,0.0622333
2604.09,0.260343
1275,0.127354
1411.24,0.141092
2932.94,0.292368
2101.51,0.210044
1146.43,0.105921
789.034,0.078893
1619.14,0.161784
2225.14,0.222254
1082.15,0.108092
2121.35,0.212045
1312.09,0.131184
1603.2,0.160276
517.786,0.051775
1048.86,0.104804
709.763,0.0709485
2497.41,0.249639
530.218,0.0530144
1512.23,0.15121
1032.59,0.103196
1067.09,0.106693
711.118,0.0709635
1201.15,0.120112
3032.62,0.303152
1258.97,0.125886
1455.04,0.145486
2204.01,0.220198
1034.66,0.103418
772.93,0.0772864
1019.58,0.101895
1725.27,0.172492
1615.11,0.161359
643.274,0.0643152
1248.52,0.124689
739.556,0.073935
2963.71,0.296262
1055.34,0.105514
1198.85,0.119827
786.591,0.0786403
1014.05,0.101399
945.274,0.0945004
1435.91,0.143576
1056.18,0.1056
650.054,0.0575117
1146.55,0.114594
2459.87,0.245972
984.831,0.0983676
930.835,0.0930535
895.007,0.0894953
1370.01,0.136958
2282.36,0.228171
769.91,0.0769498
1844.73,0.178027
2660.23,0.26595
1249.67,0.124906
622.732,0.0621625
926.323,0.0926155
673.515,0.0673453
1144.17,0.114393
1519.58,0.151911
490.481,0.0490452
1311,0.131084
617.159,0.0617102
828.741,0.0828459
2235.17,0.223429
679.168,0.0678467
16467.8,1.63997
1547.89,0.154668
792.923,0.0791861
1186.16,0.118552
1060.14,0.105987
973.917,0.0973742
1052.61,0.105255
1967.07,0.196652
685.153,0.0685116
1347.69,0.134754
792.766,0.079272
1045.18,0.104513
868.871,0.086875
1484.18,0.148384
1359.18,0.134957
804.05,0.080346
993.327,0.0993158
767.3,0.0766511
1343.11,0.134147
583.318,0.0583289
1552.45,0.155197
1186.57,0.118617
1255.53,0.125545
382.005,0.0381702
7516.38,0.750235
807.138,0.0806874
1126.66,0.112639
983.83,0.0983707
25906.6,2.56754
1870.12,0.186936
839.579,0.0839488
923.904,0.0923708
1243.01,0.124291
1353.53,0.135326
847.883,0.0847484
1107.19,0.110666
1021.81,0.101957
1219.79,0.12185
1121.5,0.112109
1282.4,0.128194
1378.06,0.137492
5847.57,0.583488
1741.91,0.174129
1066.92,0.106628
1134.11,0.113356
1048.81,0.104867
1130.43,0.113024
3729.48,0.372862
1346.83,0.134642
737.058,0.0736995
940.831,0.0940083
2477.62,0.247567
2893.36,0.289189
827.022,0.0824926
1223.36,0.122292
956.83,0.0955619
608.976,0.0608369
1389.88,0.138908
969.728,0.0969586
825.13,0.08247
1073.66,0.107337
1888.9,0.18888
890.144,0.0889644
1172.58,0.117187
994.791,0.0994618
1174.42,0.117395
640.167,0.0640007
1047.71,0.104756
1539.63,0.153894
922.867,0.0922513
1085.35,0.108484
1149.65,0.114922
1143.61,0.114288
1171.72,0.116169
1077.28,0.107715
842.917,0.084231
2531.2,0.252714
880.456,0.0880276
1395.8,0.13951
666.805,0.0666354
1065.2,0.106399
1089.83,0.108938
1263.6,0.126292
650.937,0.0650465
1181.88,0.118154
1557.07,0.154906
1048.56,0.104845
666.987,0.0666751
1361.25,0.136045
630.258,0.0630134
2328.8,0.232823
1814.55,0.181312
1107,0.110677
852.463,0.0852337
2836.02,0.283493
1290.1,0.128967
1049.59,0.104951
963.919,0.0963896
1111.88,0.110878
797.918,0.0797581
1538.71,0.153701
1666.27,0.166617
2086.67,0.208626
2846.47,0.284489
965.368,0.0965251
3257.67,0.325697
1179.28,0.117911
3586.12,0.358548
886.852,0.0886662
796.789,0.0796763
900.231,0.0898528
768.262,0.0766878
521.814,0.0521589
1412.79,0.141245
1786.48,0.178561
1119.91,0.111911
2705.66,0.270513
743.362,0.0742981
757.126,0.0756923
2142.44,0.214207
1078.8,0.107807
2383.58,0.237392
7762.89,0.774127
2075.52,0.207174
3783.67,0.377671
561.333,0.0561276
1072.14,0.107146
1268.66,0.12685
1376.42,0.137555
2469.61,0.246602
2389.84,0.238923
1975.23,0.195906
976.886,0.0976725
1633.03,0.163287
928.108,0.092713
1330.93,0.133016
878.329,0.0878183
2036.39,0.203445
1636.94,0.163665
2444.63,0.244417
1343.11,0.134222
1616.61,0.161633
1012.75,0.101236
2623.67,0.262317
2277.27,0.227677
666.657,0.0664536
1822.94,0.182126
1798.79,0.179818
1084.4,0.10842
1137.23,0.113712
1050.44,0.104845
1732.59,0.173078
1040.71,0.104047
712.551,0.0712384
6082.21,0.606833
586.792,0.0586704
1112.23,0.111205
1079.65,0.107819
1348.87,0.134873
917.551,0.0917336
618.536,0.0618417
1056.84,0.105676
1191.67,0.118768
1211.15,0.121097
837.58,0.0837305
1455.71,0.145475
996.401,0.0996246
3733.39,0.372053
1233.35,0.123275
1122.5,0.112194
1828.93,0.182878
1409.17,0.140495
948.443,0.09483
2534.4,0.253142
934.522,0.0934177
813.202,0.081314
1198.16,0.119749
922.113,0.0921821
1279.05,0.127863
1142.09,0.114068
1577.43,0.157631
7174.8,0.715608
1260.05,0.12595
1043.18,0.104313
1852.74,0.185191
894.307,0.0894098
1965.02,0.196459
3053.18,0.304947
652.094,0.065167
3440.81,0.344045
5567.36,0.55653
725.597,0.072557
1717.67,0.171719
1118.95,0.111558
1361.09,0.136091
2302.51,0.229912
4490.39,0.448853
706.355,0.0706117
1499.26,0.149876
1003.6,0.100303
1663.78,0.166185
2431.57,0.242901
1561.1,0.156012
1246.16,0.124296
1502.7,0.15026
1087.15,0.108658
624.859,0.062465
1219.82,0.121892
2241.04,0.224034
2138.32,0.210836
1628.7,0.162744
1415.54,0.140927
3284.06,0.328145
1742.77,0.174206
1368.47,0.13674
767.573,0.0767108
608.419,0.0608276
1007.33,0.100561
1863.92,0.186178
2629.43,0.262798
530.942,0.0529799
17101.6,1.70237
1053.62,0.105316
701.333,0.0700885
584.605,0.0584058
1451.72,0.145118
1870.51,0.186982
690.863,0.0690708
1295.93,0.129177
949.831,0.0947984
1307.45,0.130615
712.662,0.0712082
2371.61,0.237088
1070.18,0.106989
1306.63,0.130542
4235.8,0.421479
772.075,0.077169
1070.76,0.10707
1027.99,0.10278
3529.37,0.352686
3203.19,0.320144
2159.02,0.215429
511.817,0.0511468
1272.43,0.127117
1092.03,0.1092
1064.25,0.106408
1933.86,0.192961
1886.76,0.188588
1441.39,0.144041
1459.79,0.145917
841.631,0.0841171
1375.59,0.136815
692.424,0.0692297
500.217,0.0500067
1324.86,0.132351
1437.6,0.143731
1135.59,0.11334
4753.85,0.474803
606.609,0.0606489
889.87,0.0889705
1533.97,0.153344
778.336,0.0778202
720.378,0.0720245
1314.92,0.131482
933.114,0.0933072
895.906,0.0895663
2134.96,0.210609
2348.85,0.234816
1252.68,0.125246
1394.49,0.139418
938.38,0.0938239
955.645,0.0955193
726.322,0.072629
1098.04,0.109793
639.537,0.0639472
1278.68,0.127535
690.041,0.0689752
4342.35,0.43409
1372.47,0.137021
1491.02,0.148992
1482.11,0.148115
2278.32,0.227735
556.676,0.0556463
726.456,0.0726054
935.49,0.0934977
1131.29,0.113045
971.648,0.0963669
1736.84,0.173656
943.298,0.0943234
608.78,0.0604997
717.901,0.0717527
1238.85,0.123798
10531.9,1.04881
1477.37,0.147717
965.977,0.0965323
1117.56,0.111705
1251.84,0.123646
983.855,0.0983793
1754.42,0.175238
7429.01,0.742339
735.019,0.073498
462.202,0.0462105
1027.51,0.102739
1742.77,0.174087
1941.04,0.194052
1422.58,0.142199
698.591,0.0694844
1149.64,0.114955
2938.39,0.292868
1107.77,0.110753
846.361,0.0846314
2949.13,0.294817
1191.11,0.119036
1042.05,0.104182
1553.17,0.155257
975.876,0.0975714
720.125,0.0720032
1375.46,0.137461
717.089,0.0717022
955.464,0.0955346
563.929,0.056384
16015.1,1.59936
865.454,0.0865036
1840.52,0.183902
585.456,0.0585252
3468.16,0.345974
1402.78,0.140258
1079.33,0.107857
555.637,0.0552517
1823.99,0.182307
1099.47,0.1099
1321.08,0.131955
1032.18,0.103163
760.481,0.0760412
2900.54,0.289997
6169.02,0.616198
639.083,0.0638878
806.273,0.0806129
1291.79,0.128989
1254.57,0.125421
1079.79,0.107945
1010.39,0.101032
1272.09,0.127159
939.84,0.0939444
2885.85,0.288341
849.999,0.0849933
1623.62,0.162325
1536.77,0.153504
900.72,0.0899219
2019.8,0.201903
1667.32,0.166689
1267,0.126649
3686.24,0.368559
852.25,0.0832522
1435.93,0.143575
17835.3,1.77501
2495.31,0.249288
1587.87,0.158714
877.999,0.0877468
3070.8,0.103997
836.908,0.0836089
1055.9,0.105531
1977.77,0.197698
1021.44,0.102009
803.328,0.0797954
1995.01,0.199426
918.244,0.0917759
1322.47,0.132232
1205.74,0.120473
4315.17,0.430713
573.73,0.0573494
1254.09,0.125351
2282.86,0.228208
565.077,0.0564675
1897.16,0.189418
1628.92,0.162863
1558.13,0.155739
622.858,0.0622827
926.036,0.0925814
2571.88,0.257031
2246.81,0.224517
668.034,0.0668005
981.431,0.0972303
6259.8,0.618718
2278.48,0.227748
1854.5,0.185243
2861.23,0.286084
1302.71,0.130138
1024.64,0.102169
2458.84,0.245752
1424.38,0.142406
1943.66,0.194228
865.085,0.086497
1010.16,0.100906
1226.75,0.122487
777.106,0.077679
649.392,0.0647967
1916.77,0.191471
3385.06,0.338155
1109.25,0.110879
2079.97,0.2079
3274.19,0.327099
858.958,0.0858719
4415.8,0.441237
813.733,0.0813656
1456.83,0.145654
2660.32,0.266006
1333.98,0.133362
1086.46,0.108618
1366.78,0.136634
1553.38,0.155194
896.758,0.0896676
864.282,0.0863901
654.999,0.0654767
1753.06,0.17513
1152.03,0.115194
1381.55,0.138015
1520.96,0.151971
1537.81,0.153364
1179.84,0.117921
1458.04,0.145772
1256.68,0.125475
6603.11,0.659838
1326.12,0.132582
1239.58,0.12394
2200.56,0.220027
2516.08,0.251418
2025.56,0.202539
977.928,0.0977724
843.581,0.0843463
1216.04,0.121554
4360.47,0.435641
495.549,0.0495483
2340.08,0.233934
1117.36,0.111705
863.984,0.0863877
2432.25,0.242991
1034.6,0.103443
1042.12,0.10405
1246.23,0.124578
664.957,0.0664878
1457.69,0.145733
1408.92,0.140803
1025.48,0.102532
662.856,0.0662602
812.184,0.0811973
1080.17,0.107998
842.82,0.0842676
626.84,0.0626566
504.039,0.050402
1024.91,0.102457
1276.21,0.127586
235.23,0.0235214
758.265,0.0757969
763.884,0.0763833
1529.17,0.152893
1258.72,0.125723
1904.45,0.190413
1098.63,0.109768
1927.21,0.192514
1878.16,0.187778
2611.94,0.261121
1739.13,0.173731
589.163,0.0588146
1663.41,0.166305
1988.41,0.198727
1001.72,0.100111
1291.93,0.129131
1025.58,0.102548
920.409,0.0919831
845.357,0.0845151
2147.42,0.214718
3441.54,0.34378
531.419,0.0530786
629.25,0.0629042
1239.18,0.123904
9557.07,4.08817
1187.93,0.118756
1106.8,0.110655
848.234,0.084814
1816.33,0.181188
1334.78,0.133447
926.934,0.0926479
648.706,0.0648673
953.376,0.0953244
2858.71,0.285822
560.714,0.05598
4715.35,0.470769
1418.17,0.141416
2336.73,0.233616
1000.04,0.0999445
576.503,0.0576068
2154.91,0.215381
887.974,0.0887493
1634.29,0.163389
891.458,0.0890888
1143.68,0.114347
703.447,0.0702128
1041.94,0.104187
1352.1,0.135172
1071.45,0.107133
1789.85,0.178944
1415.96,0.141581
970.67,0.0970522
3616.83,0.360986
1248.52,0.124802
1390.76,0.138577
907.086,0.0906378
767.204,0.0766749
1160.04,0.115342
1212.17,0.121113
1362.66,0.136258
1390.7,0.13886
1330.32,0.13301
1073.26,0.10722
1036.83,0.103647
2492,0.249146
802.026,0.0801985
1614.3,0.161415
1849.11,0.184876
1053.52,0.105297
5178.29,0.516903
1576.75,0.15766
1452.09,0.145116
2066.7,0.206585
2940.25,0.293883
1936.19,0.193523
1224.13,0.122364
2289.75,0.228826
872.319,0.0872169
2842.03,0.283471
899.047,0.089873
2063.91,0.206353
752.315,0.0752052
1280.03,0.12797
3068.86,0.30664
4238.07,0.423663
1150.77,0.115069
1160.35,0.11603
1994.09,0.199189
1194.05,0.119374
647.999,0.0647807
4092.58,0.408648
1064.37,0.106053
1490.48,0.148983
2104.54,0.209525
1820.02,0.181922
863.373,0.0863282
1043.95,0.104372
1196.24,0.119494
678.229,0.0678023
2994.34,0.29911
687.423,0.0687333
2866.99,0.286374
1422.75,0.142245
1127.24,0.11268
1109.38,0.110921
3253.42,0.325291
15787.1,1.57097
750.966,0.0750911
797.732,0.0797687
1237.97,0.123722
716.607,0.0716553
1813.86,0.181041
1576.01,0.157551
2435.58,0.243545
1661,0.165979
4102.64,0.40991
1403.04,0.140246
1061.28,0.106108
2028.5,0.200473
1577.8,0.157708
1092.07,0.109131
1863.1,0.185653
788.2,0.0786735
1525.84,0.152493
740.325,0.0739985
1341.45,0.134138
1228.05,0.12278
690.238,0.0689986
537.246,0.0537227
2094.02,0.208038
1717.28,0.171679
532.693,0.0532517
1825.63,0.182531
846.674,0.0846624
1245.53,0.124498
1079.75,0.10789
658.908,0.0658303
861.611,0.0861316
899.265,0.0898854
1281.9,0.128163
850.745,0.0812594
1015.08,0.101492
3727.51,0.372395
1699.26,0.169902
1124.76,0.112417
1449.41,0.144879
1455.13,0.145498
646.887,0.0646539
1774.01,0.177318
904.334,0.0904079
1448.39,0.144774
1797.2,0.179672
1083.39,0.10752
5035.32,0.503178
984.978,0.0984877
3211.02,0.320445
1650.43,0.16503
1007.24,0.100694
1457.07,0.145697
695.487,0.0694688
1218.46,0.121778
1821.55,0.181583
755.895,0.075415
1339.77,0.133934
1202.68,0.120244
840.93,0.0840639
1344.79,0.134335
1300.13,0.129906
1037.71,0.1036
2291.49,0.229091
1019.04,0.101771
1026.17,0.102605
1932.55,0.19311
805.16,0.0803629
1280.59,0.128024
1858.48,0.185762
1137.66,0.113363
1299.11,0.129897
1019.54,0.101912
2884.13,0.28793
769.522,0.0769338
1050.81,0.105066
571.997,0.0571941
1673.28,0.167234
938.673,0.0937788
874.737,0.0874381
1492.49,0.148997
1491.31,0.149065
836.584,0.0836362
871.461,0.0869806
1833.98,0.183382
1095.08,0.109343
995.422,0.0995252
861.951,0.086184
820.879,0.082083
1366.13,0.136232
1107.05,0.110696
1667.36,0.166699
755.271,0.0754849
1518.53,0.151777
902.185,0.0901745
1020.69,0.101972
1257.84,0.125737
892.034,0.0891628
1162.33,0.116099
1065.28,0.106514
640.104,0.0639968
816.781,0.0816281
587.925,0.0585291
1145.02,0.11428
2943.29,0.294262
922.474,0.0921657
886.972,0.0886506
2753.55,0.145577
3189.9,0.318309
1131.19,0.113111
999.676,0.09993
793.43,0.079326
622.605,0.0622587
2013.44,0.201229
864.164,0.086362
1369.66,0.136862
1887.38,0.188699
1705.64,0.169339
1176.23,0.117591
1116.98,0.111649
1529.86,0.152948
2995.07,0.2994
1443.08,0.1442
1169.42,0.11687
1119.98,0.111859
921.523,0.0921059
1710.23,0.17094
1024.14,0.102388
1498.54,0.149845
2138.51,0.213795
1689.16,0.168811
2198.96,0.21974
1740.91,0.174011
2633.41,0.263135
898.158,0.0897892
613.583,0.0613222
1763.95,0.176218
1424.53,0.142399
1593.11,0.159285
1158.46,0.115751
930.081,0.0929757
890.963,0.0887155
2348.83,0.23482
1803.68,0.180317
1203.8,0.120325
899.241,0.0899172
1360.12,0.135985
2174.3,0.217392
463.135,0.0463074
1269.19,0.126784
836.801,0.0836639
4037.32,0.403279
1086.72,0.108654
866.557,0.0866467
1012.52,0.101222
820.82,0.0820733
1040.94,0.104052
1037.3,0.103702
2289.49,0.228933
1038.29,0.10379
1166.85,0.11665
1732.16,0.17308
1350.06,0.13494
554.981,0.0554799
2215.69,0.221401
1705.57,0.170515
2691.97,0.269154
665.507,0.0665374
1277.89,0.127781
1032.78,0.103256
1954.94,0.195323
2681.11,0.267993
1535.62,0.153414
566.312,0.0566149
954.533,0.0953159
2277.55,0.227406
1115.88,0.11126
1036.36,0.103513
1122.32,0.112109
1103.62,0.109794
847.283,0.0847063
3973.24,0.39713
1327.35,0.132397
1838.09,0.183091
1222.51,0.122222
1158.76,0.115785
4191.82,0.41739
1728.91,0.172827
1192.72,0.119208
4442.53,3.40585
2821.99,0.282058
1474.41,0.210844
1119.58,0.111891
707.912,0.0707845
3277.67,0.327467
2546.48,0.254389
931.879,0.0931329
2631.67,0.263113
1098.91,0.108663
1474.29,0.14722
1091.99,0.109171
967.651,0.0965644
3099.07,0.309821
1984.6,0.198375
1531.09,0.153012
2014.43,0.199013
2283.12,0.228232
1205.89,0.120568
1110.66,0.111028
1110.27,0.110958
916.192,0.0915905
1115.1,0.111491
1676.7,0.167575
1305.27,0.130474
1159.44,0.115898
1951.42,0.195089
1952.07,0.195146
906.644,0.090527
1347.42,0.134729
958.404,0.0958339
18657.3,3.41962
2570.52,0.256719
1356.35,0.135551
978.617,0.0978357
3532.12,0.352623
1632.98,0.163191
1501.03,0.150066
1195.91,0.119405
687.216,0.0687005
2157.95,0.215737
1296.14,0.129602
2193.23,0.219127
4628.21,0.462685
2391.6,0.239064
1805.1,0.180425
809.934,0.0809095
2596.63,0.259511
1558.77,0.155814
956.481,0.0956321
947.524,0.0946611
951.397,0.0947172
856.718,0.0856658
950.214,0.0949606
926.81,0.0926357
3385.28,0.338023
1440.16,0.142754
1142.84,0.114249
1715.33,0.171329
1342.01,0.134081
1475.53,0.146317
1629.9,0.162959
1582.92,0.158268
1826.66,0.182606
6787.42,0.678624
522.091,0.0521836
1546.35,0.154622
1124.04,0.112375
1574.07,0.157304
4882.64,0.486475
2231.81,0.221297
1622.12,0.161984
2919.31,0.291892
2924.51,0.292149
1275.53,0.127546
2531.62,0.252957
3357.55,0.335553
961.261,0.0961038
885.189,0.088484
1562.89,0.156253
1328.58,0.132585
580.167,0.0579434
1478.37,0.147814
1078.72,0.107852
2877.65,0.287631
1762.09,0.176135
7168.09,0.714122
1173.66,0.117066
4028.82,0.402399
1199.48,0.119903
669.035,0.0668644
1073.68,0.107356
1044.56,0.104449
1593.96,0.159249
2448.88,0.244786
1364.25,0.136405
1051.9,0.105127
964.025,0.0962818
1183.17,0.118285
5369.58,0.536786
1857.1,0.185435
1381.65,0.138071
1406.67,0.140649
951.262,0.0951166
996.568,0.0996426
2097.1,0.209583
1388.81,0.138814
1149.52,0.114902
871.871,0.0870537
1366.63,0.136622
1342.25,0.134195
919.586,0.0919527
2118.86,0.211834
1022.77,0.102252
944.75,0.0942679
1398.07,0.139656
1140.88,0.114011
798.739,0.079749
4757.19,0.475543
987.317,0.0986921
987.576,0.0987133
686.403,0.0685947
1063.73,0.106255
1563.42,0.156301
2287.05,0.228621
742.886,0.0742652
1656.07,0.165367
762.385,0.0761607
966.576,0.0964315
3864.76,0.385985
1316.05,0.131582
992.344,0.0991829
1181.63,0.118142
1227.19,0.122708
1496.01,0.149433
727.652,0.0727249
1737.68,0.17373
3152.71,0.315089
1546.96,0.154561
1074.66,0.10744
13531.8,1.34558
3039.97,0.30104
1027.86,0.102774
1791.62,0.179087
3508.25,0.350036
2330.39,0.232791
908.42,0.0908105
5274.67,0.52578
1368.95,0.136887
2559.8,0.255914
1207.19,0.120451
1107.13,0.110674
1169.04,0.116718
1228,0.122797
972.11,0.09711
1442.01,0.144187
1638.62,3.85001
803.295,0.0803196
767.188,0.0767119
986.737,0.0986719
1330.45,0.133026
925.44,0.0925216
1085.33,0.108514
1094.61,0.109428
7223.92,0.720958
662.366,0.0662256
1225.44,0.122529
1090.02,0.108963
1102.01,0.110142
767.741,0.0767629
1693.86,0.169379
1654.26,0.165242
1695.7,0.16955
689.923,0.0689632
2592.81,0.255068
640.824,0.0640654
2068.67,0.206566
1681.26,0.16802
1795.88,0.179553
974.625,0.0974178
1799.26,0.179887
909.512,0.090928
1318.37,0.13183
2682.65,0.268229
1380.54,0.137682
1197.58,0.119739
1973.97,0.19721
1521.76,0.152105
2628.06,0.261875
698.975,0.0698376
573.197,0.0573043
668.663,0.0667806
1435.02,0.1434
1056.95,0.10568
1392.77,0.139256
1383.08,0.138272
1329.25,0.129486
1569.17,0.156778
982.589,0.0982523
1715.42,0.170205
1438.28,0.143786
1020.85,0.102062
1262.21,0.126212
1526.69,0.152567
1752.27,0.175217
1489.07,0.148855
1687.3,0.168588
1591.73,0.159148
906.822,0.090431
2788.39,0.27872
1899.9,0.189794
1234.13,0.123369
647.486,0.0647015
975.112,0.0974956
1256.33,0.125581
416.565,0.041643
825.57,0.0825189
911.892,0.0911335
2568.97,0.256804
879.994,0.087739
1302.05,0.130155
1633.46,0.16258
785.927,0.078493
2501.7,0.250081
2248.76,0.224853
918.391,0.0907514
2918.94,0.291668
711.565,0.071048
686.603,0.0686401
1147.41,0.114698
1029.26,0.102561
1174.33,0.117417
1458.84,0.145739
1133.25,0.113255
928.722,0.0955174
1989.35,0.198885
963.889,0.0963316
2114.84,0.211338
778.383,0.0778151
416.588,0.0415802
1915.8,0.191569
1039.96,0.103948
1394.05,0.129556
643.022,0.064217
6010.03,0.599212
2904.1,0.290319
1157.76,0.115749
927.49,0.0926258
1661.74,0.161061
1166.5,0.116589
967.977,0.0967279
1163.78,0.116275
1164.73,0.116342
868.733,0.0868651
1370.73,0.13695
1367.51,0.136726
559.671,0.0559603
984.022,0.0983725
991.821,0.099035
1174.51,0.117413
1082.34,0.108201
726.766,0.0726691
1127.42,0.112683
676.71,0.0676438
879.059,0.087802
939.794,0.0939701
1395.44,0.139507
963.111,0.0961725
816.01,0.0815621
1045.13,0.104493
694.949,0.0694815
851.57,0.0851333
6605.84,0.659887
762.772,0.0762654
1357.08,0.135663
1452.35,0.14951
686.273,0.0685874
1688.62,0.168833
1477.22,0.14767
2341,0.233191
1039.19,0.103856
2370.1,0.236951
1262.28,0.126197
1164.87,0.116455
783.684,0.0783478
1277.7,0.12769
1626.59,0.162518
4219.45,0.420693
1667.99,0.166693
1438.54,0.143642
955.787,0.0954946
989.867,0.0989797
2266.24,0.225891
1291.4,0.129135
732.514,0.0730831
1935.81,0.193532
991.874,0.0990185
1038.27,0.103793
1549.71,0.154909
1692.22,0.169119
767.72,0.0767598
2201.42,0.219604
641.296,0.0639543
1096.77,0.109643
745.803,0.0744379
4867.14,0.486445
1537.91,0.152663
1979.31,0.197846
1336.35,0.133623
1572.83,0.157257
951.896,0.0951506
1423.49,0.142271
776.964,0.0776897
6592.94,0.656855
1383.15,0.138262
952.182,0.095213
735.18,0.0735141
1344.19,0.134361
678.379,0.0678189
745.321,0.0698075
1222.47,0.122207
1146.53,0.114603
998.907,0.0998723
705.151,0.0704852
722.847,0.0722514
2627.4,0.262594
2105.71,0.210023
1215.15,0.121454
877.993,0.0877927
1394.96,0.13948
911.362,0.0911225
1428.39,0.142668
770.11,0.0769783
1282.79,0.128243
750.078,0.0749968
2774.69,0.277254
1434.84,0.143433
1258.94,0.125853
2909.11,0.290709
1278.14,0.127784
3561.74,0.355863
1398.22,0.139806
1022.96,0.102281
1031.45,0.103142
1182.41,0.118212
856.932,0.0855821
1952.65,0.195209
715.453,0.0715
908.68,0.0908208
1960.6,0.196033
6556.19,0.654723
1743.2,0.174296
859.176,0.0859108
1492.88,0.149257
978.497,0.0977419
2755.3,0.275373
1640.05,0.163969
1509.52,0.150892
3032.58,0.302984
614.948,0.0614193
1872.13,0.177501
2272.35,0.226436
1146.62,0.114571
1123.62,0.112229
1737.46,0.173507
2606.26,0.260592
2692.46,0.269191
1173.36,0.117256
1232.27,0.122393
4124.29,0.412388
934.833,0.0934572
656.96,0.0656662
849.003,0.0848953
3316.72,0.331388
24322,2.41631
863.644,0.0863372
1081.85,0.108166
1058.37,0.105709
588.013,0.0587455
1189.67,0.118878
896.588,0.0896523
989.334,0.0989279
1320.43,0.131829
441.776,0.0441438
816.447,0.0816389
919.249,0.0918557
1583.09,0.158266
864.339,0.0864026
1077.41,0.107707
1195.36,0.119494
2707.78,0.270424
1001.2,0.100101
1427.45,0.14272
944.073,0.0942212
1719.97,0.171956
1075.9,0.107497
1026.11,0.10254
1209.04,0.12088
769.08,0.0768876
2762.75,0.272518
1172.75,0.117244
1704.02,0.170373
962.492,0.0962391
1315.29,0.131468
5363.76,0.536159
843.469,0.0843334
1270.75,0.12703
2158.23,0.21569
2343.5,0.234279
2083.78,0.208204
21124.4,2.10386
1404.64,0.14045
873.091,0.0872435
1879.71,0.18794
2713.67,0.271249
2035.89,0.203358
1832.27,0.183202
1576.43,0.157601
2105.87,0.210564
2542.9,0.254265
1111.48,0.110977
642.248,0.0641928
1394.86,0.139479
1866.88,0.186599
699.654,0.0699548
1796.71,0.179483
1779.46,0.177769
1226.06,0.122457
3009.66,0.300806
2864.4,0.286396
1426.46,0.142524
823.22,0.0823143
1070.89,0.107086
1117.68,0.111733
1131.94,0.113184
1744.89,0.174233
860.9,0.0860218
15994.3,1.59059
1917.77,0.191696
1423.41,0.142271
2639.54,0.263889
1082.97,0.108253
1059.77,0.105967
2469.05,0.246717
1515.82,0.151093
538.164,0.0537583
921.524,0.0921422
1539.58,0.153919
1199.43,0.119937
1774.47,0.177412
1097.57,0.109747
2065.55,0.20646
3233.37,0.323198
1035.19,0.10332
1221.89,0.121866
1350.86,0.13504
849.745,0.0849623
1029.09,0.102876
1763.86,0.175055
641.894,0.0641765
1722.3,0.171686
866.003,0.0864731
769.024,0.0768935
4881.47,0.487711
770.754,0.0770617
1110.61,0.111046
2435.43,0.295807
933.029,0.0932577
1855.87,0.185565
1512.44,0.151219
621.827,0.0621572
692.196,0.0692173
1148.58,0.114804
1262,0.126181
885.575,0.0885136
691.295,0.0690772
994.715,0.0994604
1060.91,0.106069
2040.78,0.203286
1616.63,0.161631
933.543,0.0933218
5108.37,0.510167
7491.8,0.746607
1137.18,0.113371
1519.74,0.151934
947.48,0.0946933
800.695,0.0800561
1261.56,0.126147
1050.09,0.104955
851.559,0.0849861
951.141,0.0950548
1121.85,0.112135
892.399,0.089184
1246.9,0.124625
1138,0.113764
583.148,0.0583059
3243.98,0.324094
947.677,0.0947608
478.529,0.0478483
1176.2,0.117548
10595.8,1.05635
1808.62,0.180758
1179.07,0.1179
2507.95,0.25069
982.55,0.0982332
1414.53,0.141415
1038.64,0.103839
1198.33,0.119814
659.587,0.0657836
955.949,0.0951943
3884.62,0.388409
983.83,0.0981511
2361.03,0.235731
1015.5,0.101325
789.204,0.0788939
866.899,0.0865327
981.285,0.0981157
2032.42,0.202858
1076.13,0.107489
1052.08,0.105188
10461.8,1.86049
1137.37,0.113388
1426.56,0.14249
1538.27,0.153761
1771.88,0.176875
5844.29,0.583996
1349.14,0.134816
840.614,0.0840404
1587.73,0.158727
831.457,0.0831379
1073.02,0.107265
836.986,0.0836737
1927.13,0.190294
1171.04,0.116544
963.457,0.0963394
2967.37,0.296683
1204.04,0.120226
886.742,0.088573
1390.09,0.138978
1659.38,0.165924
1466.32,0.146367
641.597,0.0641076
1552.72,0.15512
1714.84,0.171442
2077.77,0.207501
915.941,0.0915299
1792.4,0.178752
2332.33,0.233073
2696.82,0.269221
974.886,0.0974587
2565.3,0.256446
591.978,0.0591804
704.231,0.0702316
1911.81,0.19116
897.021,0.0895762
660.462,0.0660385
998.516,0.0998392
1916.37,0.191374
1007.07,0.100669
901.159,0.0901033
5642.2,0.563703
924.756,0.0924456
1881.39,0.188109
1272.19,0.127127
1627.41,0.162698
889.494,0.0889353
2738.73,0.273805
3115.37,0.311386
1407.9,0.140708
1226.03,0.12257
1099.56,0.109889
1570.17,0.156996
1137.95,0.113784
918.585,0.0916798
975.221,0.0975122
947.231,0.0947172
1249.35,0.124908
1529.57,0.152474
1784.98,0.178225
5425.43,0.536566
2442.07,0.243377
950.359,0.0950125
782.416,0.0781016
1099.96,0.109903
972.078,0.097087
810.09,0.0809221
2023.34,0.202096
1089.22,0.108899
2010.25,0.200999
704.634,0.0704265
12965.7,1.29589
1521.76,0.152109
778.5,0.0777798
1531.18,0.153074
1606.58,0.160596
2701.98,0.269084
630.593,0.0630395
908.653,0.0907639
1512.51,0.150404
2232.22,0.223171
3903.59,0.390224
1258.77,0.125847
2529.56,0.252923
1200.96,0.12007
2055.24,0.205477
1299.82,0.129942
775.602,0.0775525
2613.95,0.261369
1067.26,0.106723
1429.09,0.142815
2149.79,0.214854
1028.74,0.10284
1079.1,0.107867
785.111,0.0780804
796.963,0.0793805
736.346,0.0736022
1359.54,0.135893
865.934,0.0947895
1540.91,0.154051
863.666,0.0861906
859.126,0.0858376
1107.08,0.110699
1193.8,0.119368
978.747,0.0977483
1070.82,0.107023
1031.37,0.103045
682.599,0.0682543
697.117,0.0696762
1058.23,0.105724
975.242,0.0974987
1764.13,0.176357
2140.11,0.213937
723.597,0.0723386
762.657,0.0762311
1964.12,0.196205
1124.07,0.112213
1566.31,0.156368
1457.9,0.145761
3967.35,0.396601
3004.89,0.300388
1415.87,0.141526
732.532,0.0732508
1693.67,0.169216
2191.41,0.219096
1614.95,0.161238
7770.53,0.774998
796.172,0.07959
1193.99,0.119349
867.268,0.0865419
2342.8,0.234009
14319.3,1.42885
9534.46,0.952806
1327.78,0.132587
16013.3,1.59499
505.406,0.0505038
1985.35,0.198269
948.654,0.0948148
1448.7,0.144585
2217.64,0.221679
741.913,0.074171
1040.93,0.10408
1684,0.168374
1143.77,0.114218
994.675,0.0994572
1250.94,0.12509
929.145,0.092887
1528,0.152513
727.359,0.0725435
1654.84,0.165438
1596.98,0.159667
1225.82,0.122474
1559.29,0.155869
4190.63,0.418837
529.013,0.0528838
1243.36,0.124266
1204.12,0.120388
3818.08,0.381637
1763.49,0.176335
581.182,0.0581153
1656.83,0.165657
468.383,0.0468268
1938.49,0.193583
1402.66,0.13991
1798.87,0.179137
782.329,0.0782115
511.68,0.0511585
2407.59,0.240485
716.404,0.0716164
821.236,0.0820533
1806.8,0.180615
6891.26,0.688956
1123.57,0.11228
4486.36,0.448467
1408.86,0.14087
2247.3,0.22462
869.045,0.0868126
699.296,0.0699252
1082.47,0.108188
1253.92,0.12538
3164.1,0.316059
1018.63,0.101842
920.982,0.0920753
621.828,0.0615273
932.786,0.0932685
836.454,0.0836404
1785.01,0.178408
1341.22,0.133918
1198.72,0.119766
1446.79,0.144588
1585.78,0.158546
1668.29,0.166672
1020.71,0.10206
1070.46,0.107026
1476.46,0.147542
2842.29,0.282161
1923.09,0.192263
1114.75,0.111432
1288.19,0.128795
1376.18,0.137604
1331.66,0.13313
15281.9,1.52591
674.367,0.0674214
9418.73,0.941224
1221.24,0.121519
928.96,0.0928217
989.976,0.0989446
1148.4,0.114831
1263.37,0.126292
1667.51,0.166722
956.901,0.0956407
914.35,0.0913552
1028.06,0.102792
848.017,0.0847837
1480.26,0.147926
30007.8,2.99171
2437.82,0.243764
3456.7,0.345237
856.884,0.0856596
1014.58,0.100492
655.877,0.0655357
1479.82,0.147923
3041.68,0.298845
1610.83,0.160765
1299.12,0.129697
1821.09,0.181992
491.741,0.0491168
1969.16,0.196738
882.851,0.0882776
1212.91,0.121274
1307.66,0.130738
1045.53,0.104441
1077.4,0.107733
1061.79,0.106063
715.513,0.071546
697.997,0.0697016
932.874,0.0930722
1266.45,0.126633
1230.8,0.123062
712.978,0.0712868
2991.97,0.298937
797.591,0.0796694
785.083,0.0784994
931.734,0.0931605
5625.92,0.561663
830.919,0.0830595
518.668,0.0518562
1326.78,0.132622
1041.43,0.103973
942.095,0.0941987
1838.56,0.18376
2008.23,0.200714
782.42,0.0782399
4015.6,0.401321
1686.29,0.168135
1475.27,0.147474
2111.72,0.210803
825.297,0.0825214
704.529,0.0703991
963.758,0.0963536
827.698,0.0827645
9826.57,0.979899
1417.18,0.141562
532.915,0.0532854
907.956,0.0907752
2163.45,0.216013
961.477,0.0961192
2122.57,0.211961
1004.58,0.100411
874.829,0.0874773
1459.03,0.145882
881.782,0.0881424
662.84,0.066277
945.089,0.0939111
9137.08,0.912029
1357.6,0.135594
897.297,0.089699
1576.68,0.157614
3255.72,0.325484
1248.53,0.124834
1919.46,0.191912
1196.49,0.119614
778.014,0.077767
1248.45,0.12481
1624.17,0.162399
1162.15,0.116095
1899.99,0.189882
2248.03,0.224626
1144.42,0.114381
1374.51,0.137374
1240.31,0.123928
1423.33,0.142237
1472.1,0.147189
2802.26,0.280078
3054.3,0.305155
1249.69,0.124893
993.1,0.0993051
1721.87,0.172134
700.6,0.070042
980.496,0.097471
999.179,0.0999061
2222.92,0.222225
1216.73,0.121654
1076.23,0.107614
1485.58,0.148476
2941.86,0.294072
1369.17,0.136814
601.744,0.0601702
1109.63,0.110813
960.01,0.0959851
582.134,0.058208
977.204,0.0977103
2018.6,0.201791
608.597,0.0608556
1212.12,0.121205
998.597,0.0998374
1667.58,0.166342
3098.25,0.309647
1035.88,0.103586
1300.67,0.126108
929.302,0.0929117
1202.93,0.120284
1588.41,0.158266
2506.48,0.250614
1879.5,0.187927
1479.79,0.147976
2075.97,0.207552
864.292,0.0864202
2049.82,0.20494
726.567,0.0726543
627.809,0.0627649
1733.59,0.173151
1241.59,0.124146
5632.62,0.562219
1319,0.131892
1018.46,0.101779
1344.35,0.134159
477.282,0.0477141
1209.03,0.120821
2182.26,0.218056
2467.03,0.246514
766.689,0.0766573
1143.6,0.114317
2013.05,0.201273
17003.1,4.94946
1393.85,0.139345
923.448,0.0923033
720.316,0.0720052
932.307,0.0929781
682.257,0.0682137
2800.83,0.27991
2553.58,0.255206
1312.1,0.131189
1152.68,0.11411
2589.31,0.258912
5824.84,0.58117
1821.96,0.182162
564.813,0.0564793
977.133,0.0976931
831.416,0.0831268
1013.7,0.101367
1210.28,0.120948
1701.54,0.169814
2395.27,0.239253
877.753,0.0877638
940.436,0.0940192
1890.5,0.188662
1727.37,0.172719
558.191,0.0557969
1026.02,0.102598
889.696,0.0889033
1888.09,0.188627
1080.88,0.108023
885.921,0.0885792
736.728,0.0736036
1841.63,0.183863
2786.09,0.278468
868.716,0.0868533
2153.77,0.215288
1042.88,0.104234
643.286,0.0643228
1709.79,0.170826
2835.44,0.283334
1243.71,0.124252
1235.85,0.123561
1247.11,0.124679
1293.31,0.129313
1085.86,0.108576
1876.16,0.18744
2224.52,0.222354
935.824,0.0935687
554.946,0.0554309
2054.58,0.205277
1513.61,0.151256
748.314,0.074775
412.331,0.041211
1518.42,0.151745
5137.94,0.512293
3085.46,0.306879
1134.12,0.113386
863.346,0.0862404
1136.67,0.113591
1474.97,0.143816
1093.56,0.109309
898.503,0.0897544
1585.19,0.157945
1766.14,0.176567
688.651,0.0688442
549.648,0.0549569
2954.47,0.295325
793.711,0.079277
5515.78,0.549647
909.524,0.0909395
1166.08,0.116518
936.483,0.0934834
4366.91,0.436538
651.361,0.0651223
1362.96,0.13628
1672.58,0.167174
1063.08,0.106273
4562.45,0.455347
1248.11,0.124372
1137.03,0.113658
1324.93,0.13235
728.043,0.0727695
649.222,0.0648886
2071.89,0.207173
934.608,0.0934365
1339.83,0.133955
1938.05,0.193756
1211.59,0.121147
726.471,0.0726375
3257.44,0.325348
901.864,0.0901661
706.795,0.0706067
2051.55,0.204351
1769.67,0.1767
1232.02,0.123185
2159.03,0.215873
978.588,0.0978518
2176.12,0.217458
1307,0.130662
1121.56,0.112146
1708.99,0.170841
653.203,0.0651689
1257.22,0.125673
989.539,0.0989466
5040.03,0.503406
822.668,0.0821415
2404.28,0.240378
1818.29,0.181787
6045.62,0.60423
1610.04,0.160903
2448.06,0.244702
1275.69,0.12756
883.713,0.0883099
622.779,0.0622557
805.781,0.0804672
1790.06,0.178961
677.912,0.0677846
4190.5,0.418389
1792.59,0.179246
1858.18,0.185723
857.748,0.0856797
623.672,0.0623346
1824.14,0.182401
2961,0.295834
1287.87,0.128765
1354.65,0.135348
528.376,0.0528357
2338.25,0.233763
827.331,0.0827136
2683.93,0.26807
1038.17,0.103753
807.948,0.0807669
1270.21,0.12698
830.283,0.0830116
2429.24,0.242886
7389.41,0.736895
1408.64,0.140829
3004.88,0.300364
659.672,0.0659558
1278.41,0.127822
602.424,0.0597882
4410.32,6.62959
1207.5,0.12046
2899.61,0.289724
1144.01,0.114367
831.352,0.0830596
1858.2,0.185748
720.921,0.0720794
1483.54,0.148311
5565.9,0.555986
7430.66,0.742389
1326.14,0.132579
3090.09,0.308833
2243.76,0.224238
2683.79,0.26712
2229.65,0.22233
1136.9,0.113683
1996.38,0.19914
945.987,0.0945713
748.648,0.0748419
2150.02,0.21469
2547.54,0.254453
1616.59,0.161563
892.558,0.0890381
2455.4,0.244992
1327.81,0.132668
1602.42,0.160212
2387.64,0.238537
2435.63,0.243385
2726.02,0.272339
1302.14,0.130204
7363.2,0.735118
1141.47,0.114073
3409.87,0.34034
2298.74,0.225782
975.402,0.0973398
1174.78,0.117185
1662.79,0.16624
568.1,0.0568008
779.861,0.0778382
906.921,0.0906792
1048.91,0.104885
965.422,0.0964726
14633,1.46188
1568.45,0.156834
521.877,0.0521457
1309.96,0.130978
1393.17,0.13929
2601.67,0.256165
1050.04,0.104954
858.338,0.085827
1736.19,0.173592
1010.66,0.101046
1258.46,0.125843
1439.06,0.1438
5810.68,0.580818
499.084,0.0498413
1047.73,0.104639
1278.73,0.127844
2622.46,0.26221
837.952,0.0837605
3182.79,0.318124
1634.1,0.163305
1999.56,0.199916
1735.64,0.173491
685.197,0.0685065
1984.66,0.198345
2684.5,0.268271
1173.8,0.117363
1524.77,0.152394
1139.56,0.113918
698.342,0.0697707
10392.6,2.14295
1082.4,0.108229
1025.31,0.102507
1240.2,0.123867
955.196,0.0954241
849.172,0.0849079
1345.82,0.13447
2085.96,0.208516
987.794,0.098764
2384.97,0.237663
1866.65,0.186352
2438.86,0.243724
1617.89,0.161703
1907.38,0.190615
13687.9,4.17831
2328.72,0.232824
867.059,0.086653
972.404,0.0971201
1634.39,0.163393
1511.03,0.150857
1729.4,0.172681
699.054,0.0698724
798.097,0.0796929
690.258,0.0689874
959.243,0.0958081
5824.03,0.580457
1011.33,0.101106
1163.35,0.116294
664.633,0.0663902
1226.78,0.122618
2357.01,0.235483
2224.85,0.222409
720.506,0.0720214
1119.75,0.111691
1187.69,0.118734
1167.19,0.116666
659.893,0.0659837
783.732,0.0783245
2044.32,0.204361
888.436,0.088823
1649.28,0.164771
1098.78,0.109814
818.181,0.081816
1024.93,0.102474
775.877,0.0775818
845.305,0.0844293
1298.11,0.129797
1301.19,0.130054
1133.65,0.113303
1123.19,0.111991
932.884,0.0932334
1045.41,0.104536
595.376,0.0595063
1277.82,0.12775
1279.56,0.127603
1203.53,0.120209
1974.41,0.197032
2845.42,0.284385
2910.6,0.290978
788.583,0.0788442
1018.18,0.101763
2189.37,0.2189
2079.4,0.20785
1062.76,0.106258
1391.19,0.13898
1834.58,0.183256
1649.59,0.164942
2574.57,0.257182
1216.56,0.121527
941.694,0.0941531
2087.33,0.208566
900.185,0.0899846
1291.31,0.129112
926.79,0.0926679
1466.71,0.146333
656.129,0.0656014
699.326,0.0699185
1307.99,0.13079
3953.88,0.394453
1711.38,0.171062
1160.06,0.115996
1483.83,0.148349
1137.34,0.112211
4036.83,0.403062
809.861,0.0809703
1018.98,0.101874
823.147,0.0822786
864.997,0.0856939
1596.74,0.159412
6669.49,0.666172
2017.22,0.201696
1028.12,0.1026
2038.65,0.203701
881.562,0.0879024
1126.3,0.112588
1222.71,0.122121
1482.25,0.148167
796.155,0.0796091
1620.97,0.162069
5321.53,0.531406
1385.62,0.138551
1097.52,0.109644
1037.22,0.103641
1655.21,0.165331
1004.15,0.100371
2369.88,0.236959
1515.67,0.151556
1303.02,0.130289
1059.28,0.105894
798.373,0.0797939
1210.31,0.121029
1014.46,0.10136
983.306,0.0983235
2800.99,0.279998
905.874,0.0905604
1504.7,0.150305
1783.07,0.178239
884.875,0.0884722
1518.26,0.151785
9902.65,0.988242
1285.34,0.127501
1635.71,0.163035
2039.75,0.203698
1318.46,0.131731
655.167,0.0655131
935.28,0.0935218
950.286,0.0942179
489.2,0.0489191
686.217,0.0685294
1144.04,0.114391
1345.55,0.134064
1563.67,0.156258
1178.93,0.117884
3338.75,0.333569
672.588,0.0672542
1911.37,0.19091
2046.76,0.204579
4778.72,0.477483
778.508,0.077813
907.965,0.0907931
1263.56,0.126278
915.226,0.0914918
1317.96,0.131628
975.248,0.0974807
1093.57,0.109342
2742.57,0.274099
4787.55,0.478438
1239.18,0.123727
2955.48,0.295497
2354.47,0.235319
2216.09,0.221572
1235.11,0.1235
1168.74,0.116857
1348.35,0.134811
3208.2,0.320546
2964.83,0.296332
735.314,0.0735234
1373.41,0.137303
650.991,0.0650928
458.498,0.0458481
1304.96,0.130396
1277.46,0.127696
13042.8,1.30211
1904.33,0.190352
2817.74,0.281734
3220.8,0.32167
2652.4,0.263644
1759.39,0.175793
1792.17,0.179094
1451.99,0.145102
957.242,0.09548
874.807,0.0847779
1357.38,0.135686
1037.57,0.103745
920.569,0.0920469
2258.04,0.225773
2473.32,0.246899
786.904,0.0786165
913.294,0.0912777
909.309,0.0908906
1681.69,0.168002
1036.09,0.103566
1014.66,0.101455
537.383,0.0537271
7566,0.755986
2797.17,0.279576
1169.38,0.116807
1012.64,0.101249
815.849,0.0815811
1129.61,0.11295
1033.38,0.103279
1527.02,0.152688
1154.45,0.115403
1050.1,0.104987
1134.12,0.113265
4694.92,0.466347
1720.71,0.1719
542.841,0.0542819
825.659,0.0825454
1321.96,0.132178
846.075,0.084576
1209.87,0.120761
3098.8,0.309756
6365.12,0.635575
1402.34,0.14022
1204.03,0.120277
1390.9,0.139029
914.599,0.0908658
1238.91,0.123876
1100.83,0.10996
2571.43,0.257093
986.421,0.0986369
637.42,0.0637335
2416.84,0.24162
670.071,0.0669806
2734.19,0.273248
909.579,0.0908508
3147.82,0.314656
1642.86,0.164131
1276.36,0.127569
1582.09,0.15816
804.443,0.0803651
1534.53,0.153137
1316.63,0.131093
864.428,0.086387
729.191,0.0729063
3026.61,0.302554
1494.53,0.149399
3209.57,0.320842
1096.33,0.109618
1052.48,0.105238
1501.57,0.149858
1778.25,0.177799
1508.98,0.150874
2724.33,0.272238
2171.74,0.216991
908.816,0.09086
2230.42,0.222893
3023.39,0.301858
2502.14,0.250199
1111.46,0.111072
1209.57,0.120936
4045.94,0.404452
1107.41,0.110703
7803.98,0.768804
1545.98,0.154489
1626.81,0.162647
809.804,0.0809602
897.482,0.0897013
1849.33,0.159526
1424.86,0.142184
1175.62,0.117509
1007.9,0.100768
1135.03,0.113491
1364.55,0.136416
888.278,0.0887968
2003.49,0.200292
1138.84,0.113879
1184.39,0.118037
1037.85,0.103759
1404.41,0.140432
1134.8,0.113453
1444.49,0.151841
657.144,0.0657108
952.148,0.0951645
2226.68,0.222439
1868.97,0.186679
794.858,0.0793182
1945.38,0.194484
1797.27,0.179587
1101.33,0.110098
4337.25,0.433433
674.929,0.0674852
1040.51,0.104017
1344.75,0.134313
1032.58,0.103222
2047.75,0.204743
1992.91,0.197869
942.947,0.0940928
745.832,0.0745517
853.18,0.0852693
1364.66,0.136345
2308.9,0.230747
3070.37,0.30701
1046.96,0.104635
1495.69,0.149549
1005.3,0.10052
1111.3,0.111117
1056.58,0.105638
849.626,0.0849487
1215.44,0.121521
1438.38,0.143824
1139.3,0.113914
952.87,0.0952128
2103.11,0.209799
1376.12,0.137579
820.992,0.0820758
1574.1,0.157336
1044.3,0.104306
1321.64,0.132062
485.288,0.0485132
2091.25,0.209093
1739.67,0.173152
1759.88,0.175807
640.188,0.064008
867.064,0.0866824
4260.34,0.424965
883.63,0.0883128
1147.69,0.113681
1024.15,0.102393
1754.75,0.175444
1763.48,0.176325
1220.64,0.122003
893.63,0.0892105
733.999,0.0733702
975.149,0.0975044
1565.53,0.156477
3461.87,0.341341
1612.27,0.161037
871.434,0.0869297
1664.18,0.166389
1343.73,0.134272
928.894,0.0928786
1137.23,0.113617
1000.12,0.100001
925.822,0.0925505
1178.33,0.117767
1138.61,0.113789
1989.38,0.198918
698.778,0.0698577
1744.26,0.174249
4124.05,0.412129
1954.39,0.195257
1005.12,0.100502
669.32,0.0668984
1215.82,0.121569
852.795,0.0852604
1265.61,0.126485
1122.23,0.112161
3288.28,0.328469
1554.47,0.15518
2417.35,0.241384
457.036,0.0456662
1632.4,0.163162
1123.15,0.112291
718.193,0.0717879
2203.78,0.220104
2379.81,0.237815
1234.83,0.123466
1876.37,0.187619
1109.96,0.110972
3735.21,0.373297
675.491,0.0675234
5678.52,0.566978
1103.27,0.110258
991.463,0.0990756
1303.29,0.130207
1146.52,0.114598
952.429,0.0952129
1214.26,0.121158
6167.88,0.615053
537.696,0.0537451
1799.42,0.179901
1107.12,0.110572
1273.34,0.127323
2016,0.201516
662.727,0.0662589
2704.01,0.270054
737.053,0.0736948
767.08,0.0763684
1685.01,0.168423
1818.8,0.18185
642.622,0.0642581
1281.33,0.128094
2543.53,0.25431
844.056,0.0844007
2201.03,0.220033
1301.58,0.129979
752.618,0.0752073
8101.84,0.80599
1615.47,0.161481
2711.29,0.270745
1371.25,0.137106
1455.72,0.144273
1022.82,0.102179
658.115,0.0656594
732.394,0.0732265
570.773,0.0570737
917.99,0.0917645
1761.12,0.177102
1780.49,0.178023
5890.57,0.588288
13033.7,3.61424
855.884,0.0855647
1605.81,0.160538
527.043,0.0525238
2468.28,0.246741
908.696,0.0908274
2069.48,0.206893
3887,0.388601
1669.02,0.166876
3245.64,0.324204
4454.92,0.445274
998.156,0.0997944
819.588,0.0818185
3350.76,0.335017
1300.59,0.130028
16586.7,1.65626
1607.59,0.160679
916.747,0.0916568
1397.47,0.139717
1133.15,0.113305
19426.7,1.94033
3400.05,0.337775
1088.86,0.108854
723.786,0.0723652
1951.55,0.195051
1055.86,0.10558
1221.42,0.122061
600.71,0.060061
473.05,0.0472696
713.678,0.0713465
975.464,0.0974616
1782.03,0.178064
8784.95,4.20504
1436.78,0.14356
568.479,0.0568369
1033.57,0.103208
1176.96,0.116258
1465.55,0.146348
977.967,0.0977435
1831.74,0.183122
771.081,0.0770964
633.491,0.0623705
1152.12,0.115193
1259.24,0.12587
797.595,0.0797495
1332.32,0.133198
1234.77,0.123394
1351.89,0.13492
1116.36,0.111494
801.17,0.0799826
1508.88,0.150802
1536.36,0.153594
2259.48,0.22584
1715.05,0.17136
873.235,0.0872991
899.479,0.08991
6855.19,0.684989
1005.71,0.100559
1424.57,0.142384
478.096,0.0478039
1507.72,0.150714
1122.94,0.112077
1037.56,0.103711
2585.53,0.258304
719.775,0.0716681
719.193,0.0718867
1403.3,0.140284
4892.46,0.488618
1829.85,0.182861
1344.38,0.134416
1563.32,0.156215
887.171,0.0886422
1194.57,0.11941
1658.84,0.165816
1672.88,0.16719
1146.99,0.114681
3494.88,0.349284
10601.7,1.0572
787.914,0.0787359
705.236,0.0704681
895.357,0.0895042
714.199,0.0713041
889.514,0.0889238
1917.17,0.191684
1979.58,0.197908
1002.82,0.100277
1240.56,0.124016
1145.58,0.114468
1790.03,0.178946
890.081,0.0889594
2193.47,0.218912
2183.56,0.218334
1217.21,0.121667
803.81,0.0798566
1341.72,0.134002
856.149,0.0855931
944.169,0.0943536
616.272,0.061312
908.286,0.0908083
1085.23,0.108449
1763.64,0.176086
1398.08,0.139692
1243.66,0.124326
3982.06,0.397916
1131.79,0.113138
852.505,0.0850714
1265.04,0.126455
2276.17,0.227593
1064.83,0.106474
918.506,0.0918249
1515.64,0.151558
2768.94,0.276822
1436.44,0.143476
883.817,0.0883639
989.321,0.0989043
1115.01,0.111479
3358.83,0.335715
2451.23,0.245108
1229.31,0.122847
637.388,0.0637264
628.689,0.0628486
1006.77,0.100414
1045.37,0.104527
872.494,0.0872183
585.386,0.0585034
902.62,0.0902485
935.096,0.0935016
1142.53,0.114184
1442.78,0.144255
643.339,0.0643144
1093.74,0.10926
2628.23,0.262743
1202.05,0.119946
1117.65,0.11176
1155.33,0.115426
1051.73,0.105147
699.08,0.069901
901.549,0.0901275
1519.69,0.151955
2720.91,0.27153
1642.53,0.164142
798.126,0.0797553
2543.66,0.254316
1073.15,0.107205
901.57,0.0901482
1844.59,0.184443
653.07,0.0653021
1832.45,0.18266
797.571,0.0797229
931.89,0.0931779
1274.3,0.127412
1112.06,0.111171
1770.27,0.176917
1584.7,0.158366
892.377,0.089152
1619.99,0.16187
1650.14,0.164273
915.186,0.0914569
2098.34,0.209688
1801.21,0.179841
2050.74,0.205046
769.271,0.0769067
1119.07,0.110351
848.734,0.0846959
954.629,0.0953806
1151.45,0.115067
926.227,0.0914148
730.005,0.0729665
1990.08,0.198449
745.693,0.0745356
2097.93,0.209654
855.435,0.0855218
1395.87,0.13956
3729.61,0.372793
2216.97,0.221422
748.499,0.0747677
777.511,0.0777395
2136.01,0.213522
1385.01,0.138491
1158.36,0.115829
924.005,0.092351
897.79,0.089692
3287.8,0.328536
867.909,0.0867003
1349.68,0.134962
2912.91,0.29123
731.778,0.0731714
1485.73,0.148547
1840.18,0.1839
1765.71,0.176461
1661.64,0.166065
1048.73,0.104845
1936.33,0.193565
1133.09,0.113168
664.573,0.0664531
1220.52,0.12199
791.882,0.0791829
1804.57,0.180276
1465.27,0.146463
1111.52,0.111138
581.754,0.0581709
707.25,0.0707092
1051.04,0.105087
1115.85,0.11157
1123.65,0.112349
1116.02,0.109378
2399.75,0.239638
2357.09,0.235669
2575.7,0.257421
1389.36,0.138847
1357.4,0.135724
807.415,0.0807374
1010.42,0.100347
6397.32,0.638761
3093.09,0.309054
1344.39,0.134424
1716.68,0.171522
1332.77,0.133261
1179.96,0.117992
1313.77,0.131348
1091.16,0.109109
1003.34,0.100302
1066.88,0.106613
1106.42,0.11062
2987.73,0.298315
6782.79,0.673591
900.844,0.0900661
1104.98,0.110484
850.738,0.0850197
1654.84,0.159151
900.176,0.0899788
4434.56,0.442416
1846.52,0.184579
773.826,0.0773289
5626.15,0.612548
1649.61,0.164917
884.754,0.0884657
736.338,0.0736089
2467.9,0.246726
1242.3,0.124209
20763.6,2.06974
1646.42,0.164631
1226.32,0.122614
1684.07,0.168341
7695.45,0.767307
1305.49,0.130513
810.198,0.0809736
2906.43,0.290497
1115.25,0.111451
1347.95,0.134546
858.38,0.0858036
1120.77,0.112032
1160.52,0.115874
1463.78,0.145835
2112.86,0.211124
1245.08,0.124319
1769.11,0.176897
394.264,0.0394044
2740.01,0.273783
1148.48,0.114808
1000.24,0.099985
1146.23,0.114581
2895.41,0.289473
1489.77,0.148793
1172.97,0.117261
944.401,0.0944197
548.165,0.0547774
3668.47,0.366502
1674.76,0.167223
1382.94,0.138272
1442.37,0.144154
4772.52,0.476821
1301.61,0.129898
1180.44,0.117986
1242.22,0.124215
1135.31,0.113498
938.243,0.0937914
882.563,0.0882417
1751.81,0.175051
618.976,0.0618931
3504.4,0.350217
2431.6,0.242494
1329.93,0.132936
1569.95,0.156833
7418.36,4.94737
1293.2,0.129089
2708.82,0.270612
1503.37,0.150318
695.061,0.0694879
684.122,0.0684055
4158.39,0.415501
757.443,0.0757407
665.929,0.0665543
1032.55,0.103213
3506.33,0.350096
1119.32,0.111857
3369.67,0.336651
5158.51,0.515459
1103.27,0.110255
1278.62,0.127731
2195.91,0.21918
1072.88,0.107254
1196.39,0.119531
1554.62,0.155423
1002.59,0.1002
983.777,0.0982648
1322.36,0.132223
1154.9,0.115451
455.137,0.0454841
685.069,0.0684835
1640.35,0.163966
1311.35,0.131106
948.493,0.094789
802.57,0.0802478
846.179,0.0846111
1034.81,0.103458
1685.85,0.168041
1118.43,0.11182
785.228,0.0785012
962.992,0.0962909
553.51,0.0552844
819.512,0.0819424
5344.21,0.534175
2819.87,0.281737
1205.09,0.120388
1316.11,0.131502
1356.56,0.135616
2512.28,0.25081
574.621,0.0574541
765.789,0.0765758
818.487,0.0818418
1030.82,0.103073
1132.24,0.113216
4988.05,0.497706
915.748,0.0915535
1869.54,0.18629
1373.49,0.137329
1655.74,0.164609
1050.55,0.105041
1803.97,0.180345
2056.05,0.205476
1133.13,0.113278
1035.3,0.103508
1036.81,0.103172
695.333,0.069496
955.485,0.0955248
754.617,0.0752774
753.587,0.0753442
1042.4,0.104196
980.833,0.0980557
1908.71,0.190638
1005.98,0.100354
1129.25,0.112866
813.615,0.0813529
2017.94,0.200919
1476.41,0.147617
1679.72,0.167964
959.7,0.0958743
546.268,0.054622
2625.29,0.262113
2094.42,0.206625
1201.11,0.120049
894.336,0.089423
1226.56,0.122592
1304.86,0.13048
2143.23,0.214084
2190.29,0.218965
1554.66,0.155407
1023.76,0.101926
1283.03,0.128278
670.932,0.0670637
862.905,0.086241
796.428,0.0796332
1048.95,0.104873
981.87,0.0981603
776.18,0.0776074
1809.39,0.180902
1416.33,0.141538
2235.41,0.223439
1594.9,0.159237
988.886,0.0987608
1830.64,0.182901
3441.63,0.344138
1372.08,0.137029
781.592,0.0779813
1145.17,0.114498
1945.83,0.194526
1015.58,0.10147
786.103,0.0785284
1079.61,0.107776
2057.77,0.205682
1657.85,0.16571
2059.83,0.205951
6319.69,0.630233
3244.06,0.324331
1727.34,0.172554
1020.43,0.102029
964.617,0.096422
2117.36,0.211713
854.757,0.085382
697.278,0.0695662
1589.86,0.158927
1932.99,0.193255
1342.51,0.133859
2052.17,0.205104
2088.56,0.208697
558.989,0.0558954
662.612,0.066249
2138.21,0.213753
2076.68,0.20697
1281.06,0.128018
1189.18,0.1189
1289.02,0.128873
1391.85,0.139151
1026.3,0.102614
901.042,0.0900304
684.932,0.0684289
1399.63,0.13987
887.658,0.0886951
785.012,0.078418
597.135,0.0597074
739.761,0.0739656
1292.42,0.129205
1371.37,0.137029
1770.97,0.176799
842.066,0.084193
1258.72,0.12583
2605.68,0.26048
3916.57,0.391416
812.137,0.0812074
1021.58,0.102112
2349.4,0.234875
1027.36,0.102634
766.909,0.076661
928.856,0.0927803
2355.56,0.23553
1733.32,0.172433
1492.82,0.149143
1543.05,0.154227
1041.43,0.104028
2905.75,0.290503
1340.26,0.134017
1082.13,0.10816
1016.83,0.101658
603.294,0.0603159
965.682,0.0965585
1378.35,0.137818
1187.48,0.11873
1078.23,0.107646
830.673,0.0830632
822.286,0.0822026
1569.02,0.156699
6647.45,0.664298
778.596,0.0778425
964.722,0.0964302
2015.45,0.201493
1034.47,0.103444
3690.79,0.368408
1630.06,0.162931
687.897,0.0686854
1173.24,0.117263
1389.3,0.138918
1248.45,0.124739
910.139,0.0910089
1067.03,0.106627
1419.15,0.141323
546.415,0.0546375
880.012,0.0879567
950.825,0.0950537
1677.8,0.167745
981.856,0.0981491
1234.17,0.123218
547.807,0.0547709
1323.95,0.13225
1573.93,0.157089
1004.64,0.10029
1380.66,0.138054
1396.05,0.139561
2382.73,0.238215
1369.08,0.136883
1144.44,0.114301
1191.97,0.119117
637.413,0.063738
913.333,0.0913024
1263.8,0.126342
1118.86,0.111875
1710.03,0.17092
1281.46,0.128076
966.26,0.0966018
1213.11,0.1213
1394.92,0.139349
1103.71,0.110357
1245.1,0.124432
993.144,0.0993123
554.734,0.0554502
1305.49,0.130509
1593.26,0.159282
942.688,0.0942242
5198.79,0.519738
709.198,0.0709068
2791.37,0.278695
1208.72,0.120755
889.943,0.0889294
1161.26,0.116094
498.297,0.0497984
1441.38,0.144121
556.782,0.0556104
1474.17,0.147161
762.292,0.0761979
1315.35,0.131515
1266.48,0.126599
1009.49,0.100936
1636.18,0.163603
2103.51,0.210274
1085.35,0.108533
723.965,0.072382
556.114,0.0556084
914.962,0.0914486
819.581,0.0819377
1217.63,0.121751
993.905,0.0993663
3885.9,0.388565
2036.35,0.203537
794.633,0.0794572
2448.48,0.244476
2553.68,0.255347
1331.37,0.13262
950.866,0.0950432
586.309,0.0586247
1165.95,0.116497
653.731,0.0653254
926.144,0.0925513
1227.38,0.122719
1043.11,0.104006
1412.54,0.141249
1100.98,0.110088
1606.02,0.160528
1070.08,0.106982
699.558,0.0699523
1262.18,0.126086
1470.27,0.146754
2195.18,0.219434
1293.4,0.126891
772.23,0.0771914
775.674,0.0775477
3099.34,0.309675
1177.83,0.117764
1824.22,0.182356
748.555,0.0748491
5053.28,0.504191
3380.07,0.337755
896.512,0.0896429
1240.21,0.123969
916.504,0.09162
760.959,0.0760833
733.537,0.0733032
1282.87,0.12828
1088.54,0.108747
1411.52,0.14082
2625.74,0.262478
972.44,0.0971515
1748.73,0.174821
1059.33,0.105912
1820.68,0.181997
2491.86,0.249128
1233.12,0.123296
1280.12,0.127965
984.05,0.0955564
2449.75,0.244915
1798.3,0.179349
1141.04,0.113785
2539.34,0.253713
1202.27,0.120017
1180.11,0.11795
897.335,0.0896599
5108.9,0.510637
819.8,0.0819593
1092.45,0.109229
3013.59,0.300531
2743.04,0.274024
1015.52,0.101545
997.486,0.099545
1000.2,0.0999857
917.689,0.0917462
2605.47,0.260349
1053.59,0.10534
744.231,0.074416
686.224,0.0686201
3504.41,0.35033
1649.94,0.164937
964.963,0.0964596
1974.71,0.197342
2169.07,0.21662
1099.65,0.109906
1351.48,0.135101
953.16,0.0952951
2545.93,0.253965
2693,0.269253
2246.74,0.223815
724.315,0.0724164
1041.68,0.104141
2598.33,0.258782
1003.49,0.100309
778.313,0.0778292
1099.07,0.109888
5464.05,0.543729
667.088,0.0667044
664.81,0.06647
1018.43,0.10175
1100.25,0.110008
1065.14,0.106098
1922.39,0.192156
2307.45,0.230714
3380.22,0.337632
1413.18,0.14128
776.819,0.0776413
1065,0.106485
590.12,0.0589974
820.357,0.0805875
2875.89,0.287371
2046.79,0.204575
12193.2,1.21459
5772.04,0.575512
3138.09,0.31338
1723.95,0.172248
729.329,0.0729283
785.841,0.0785778
500.752,0.0500692
2350.93,0.234965
7785.98,0.77732
4117.23,0.409323
641.809,0.0641387
984.251,0.0984161
1118.37,0.111751
1172.35,0.117224
527.871,0.0527773
3965.29,0.395941
1696.4,0.16885
1372.06,0.137189
830.563,0.0830502
707.801,0.0707177
1262.9,0.126205
1281.32,0.127904
1756.16,0.175609
1243.72,0.124331
843.439,0.0842775
4913.92,0.49113
1254.94,0.125244
1801.77,0.180152
694.079,0.0693998
1137.48,0.113726
29253.8,2.9124
689.616,0.0689471
1177.07,0.117702
730.297,0.073001
2210.86,0.22092
1155.83,0.115563
5450.56,0.543564
1843.95,0.184202
2296.32,0.228641
950.951,0.0950784
2920.56,0.291957
1513.3,0.151143
2255.51,0.225508
1632.74,0.163065
1336.34,0.133628
1771.25,0.17711
1280.32,0.127709
7484.16,0.747316
1243.65,0.12434
1068.34,0.106824
601.641,0.0601167
3076.03,0.307486
11559.5,1.15205
1211.91,0.121179
891.861,0.0891724
1928.46,0.192095
2255.7,0.225479
1826.05,0.18257
1169.79,0.11697
1697.4,0.169648
3833.61,0.383003
2116.87,0.211661
7764.76,0.770837
1622.21,0.162185
941.146,0.0940733
2557.36,0.253674
1115.3,0.111466
2122.33,0.212185
456.298,0.0456123
1277.68,0.127723
1693.97,0.169
1000.37,0.0999995
1093.94,0.109355
1017.31,0.101689
2580.26,0.257871
1151.77,0.115168
1270.52,0.127038
1127.35,0.112704
669.797,0.0669402
1149.99,0.114919
1121.82,0.112172
1827.34,0.182564
927.257,0.0926782
1479.65,0.147906
1230.37,0.122975
641.594,0.0641209
1589.16,0.158862
3486.51,0.347719
1405.62,0.140527
4664.42,0.466265
1780.36,0.178026
1387.3,0.138346
1070.56,0.106989
734.919,0.0734439
775.745,0.0775624
1373.08,0.137284
1193.23,0.118999
1103.64,0.110347
2155.06,0.215318
1608.3,0.160732
1211.89,0.12111
1950.6,0.194949
788.774,0.0788573
1025.55,0.102487
1411.72,0.141135
721.381,0.0718533
1631.61,0.163108
758.01,0.0757877
903.489,0.0902943
561.136,0.0561096
1823.76,0.182269
959.428,0.095926
479.856,0.0479653
1274.6,0.127425
1100.16,0.109945
2547.05,0.254614
1580.26,0.157964
1185.97,0.118585
766.496,0.0765811
919.248,0.0919037
1062.58,0.106068
750.315,0.0750208
1135.18,0.113464
924.948,0.0924785
918.925,0.0918735
1948.28,0.194388
953.833,0.0952187
1491.49,0.148572
1022.51,0.102227
996.253,0.0995963
6144.03,1.742
5082.09,0.507238
766.043,0.0765902
760.334,0.0760058
1850.03,0.184951
1100.39,0.110024
2317.56,0.231607
1440.11,0.143905
664.642,0.0664536
4937.23,0.49322
1382.37,0.138098
5625.73,0.562123
5138.26,0.513498
932.728,0.0932299
732.403,0.0732131
3085.71,0.308453
925.044,0.0924992
3316.61,0.331577
741.177,0.0741053
1064.3,0.106347
903.588,0.0903236
1149.14,0.114615
3086.8,0.308549
1115.67,0.111527
4253.08,0.425122
1949.49,0.194803
1835.49,0.183523
2245.43,0.224251
1298.22,0.129754
1197.11,0.119682
1339.67,0.133891
941.995,0.0941903
935.119,0.0934862
1697.01,0.169663
783.278,0.0783083
877.312,0.0877128
1779.08,0.177845
3051.72,0.304942
1853.74,0.185342
645.121,0.0645019
674.403,0.0674217
997.457,0.0997299
556.35,0.0552107
2792.52,0.279128
1324.14,0.132377
13260.2,1.32223
1227.47,0.122722
924.214,0.0923858
1036.46,0.103572
891.01,0.0890027
1141.48,0.114106
3601.64,0.359884
1709.5,0.170903
1332.85,0.134908
661.437,0.0661286
1574.55,0.157381
3602.46,0.359854
1251.61,0.125115
1206.23,0.120559
3164.98,0.315925
840.881,0.0840441
871.283,0.0871094
1237.55,0.122751
747.769,0.0746692
8297,0.827282
1473.47,0.147131
672.284,0.0672246
862.439,0.0861856
1649.91,0.164954
1547.56,0.15463
1148.62,0.114766
1787,0.178508
14274.5,1.4194
1645.81,0.164371
1300.25,0.129991
1489.77,0.14889
1097.52,0.109729
1045.13,0.104481
1080.2,0.107995
1038.52,0.103835
1585.87,0.158502
699.372,0.0699261
1769.69,0.176887
1095.28,0.109425
2216.21,0.22154
1631.94,0.163095
794.417,0.0790517
7026.08,0.70134
2125.25,0.212324
979.924,0.0971494
1230.25,0.123
1450.32,0.145005
1082.59,0.108249
1071.45,0.106951
3061.14,0.305931
1396.78,0.139662
1614.51,0.161396
1088.09,0.108765
818.053,0.081779
2377.62,0.237053
908.351,0.0908097
2584.99,0.257663
1495.02,0.149494
2085.07,0.20836
1803.23,0.180171
1168.97,0.116852
513.509,0.0513222
680.226,0.0679725
1845.38,0.184495
1568.68,0.156802
1681.44,0.167952
1833.94,0.183341
1578.3,0.157672
1073.41,0.10732
10469,1.04272
1352.64,0.135085
957.723,0.0957381
1306.67,0.130569
1086.18,0.108601
1053.21,0.105272
1323.47,0.132341
1432.55,0.143245
1856.54,0.185608
1009.39,0.100929
1152.12,0.112668
1018.58,0.101845
589.806,0.0589791
1681.09,0.168083
645.463,0.0645207
1814.42,0.181427
710.859,0.0710746
1119.41,0.111913
1968.43,0.195182
1275.99,0.127518
1003.27,0.100323
1160.8,0.116012
820.634,0.0819875
1149.96,0.114929
1606.84,0.160635
1238.4,0.12381
772.371,0.0772316
4009.6,0.40051
1210.13,0.121001
661.226,0.0661038
1009.65,0.10095
1934.51,0.192785
2418.26,0.241682
873.692,0.0873397
4437.7,0.443533
838.344,0.0838257
879.657,0.0879345
3074.23,0.30674
2177.27,0.217655
1195.19,0.119469
4313.29,0.431121
1039.97,0.10397
1259.78,0.125406
3395.2,0.960692
871.461,0.0871387
1051.93,0.10519
26044.2,2.58189
1344.26,0.134187
1667.34,0.166131
1093.15,0.109281
1716.32,0.169685
864.357,0.0863722
2918.73,0.291628
3080.19,0.307941
798.462,0.0796301
1414.39,0.141399
1844.25,0.184243
1092.54,0.109223
1266.19,0.126591
2405.32,0.240134
1028.49,0.102785
1274.24,0.127345
1800.7,0.180039
2269.1,0.226835
2083.95,0.209695
1433.62,0.143322
1373.53,0.137339
848.229,0.0848112
3621.31,0.36108
2424.38,0.242236
1542.58,0.154128
1002.13,0.100139
2269.13,0.225931
2686.11,0.268527
13980.8,1.39388
3273.07,0.327237
1789.01,0.178294
1193.18,0.119271
787.536,0.0786247
1441.15,0.144073
976.609,0.0973904
947.511,0.0946594
872.424,0.0872267
3224.49,0.322242
1436.71,0.143406
1188.67,0.11885
2231.71,0.222886
982.368,0.098194
10104.5,1.06082
2063.44,0.206234
2257.46,0.22547
760.44,0.0759428
815.137,0.0813935
2177.6,0.216829
1283.15,0.128193
751.514,0.0750597
1758.94,0.175814
1211.16,0.121046
712.131,0.0711932
813.822,0.0813007
842.958,0.0842737
1496.98,0.149675
5758.8,0.573767
2715.98,0.271566
1044.44,0.104421
763.276,0.076316
1633.85,0.163146
5982.41,0.598082
1836.66,0.183596
753.577,0.0751966
1224.1,0.122357
3481.66,0.348066
1430.2,0.142931
1290.68,0.129064
1265.43,0.126482
1071.33,0.107111
3686.93,0.367885
1434.23,0.143385
1727.06,0.172604
875.631,0.0874467
1890.32,0.189016
1979.04,0.197842
1469.46,0.146557
1533.57,0.152784
663.217,0.0662636
672.736,0.0672151
823.793,0.0823764
1744.22,0.174246
709.588,0.0709499
1809.81,1.18304
838.056,0.08378
2618.58,0.261115
1047.59,0.104751
1417.64,0.141534
869.836,0.0869472
1148.95,0.114875
1782.59,0.178142
1909.28,0.190837
1189.23,0.118872
973.328,0.0972925
869.386,0.0868726
714.428,0.0714303
553.912,0.0553472
2271.13,0.226844
834.24,0.0834166
2308.27,0.2293
521.656,0.0521358
1239.47,0.123885
1511.72,0.151061
1822.84,0.181542
1113.34,0.111314
1575.49,0.155322
4342.22,0.434033
1159.77,0.115894
3896.44,0.389375
1026.34,0.102575
677.11,0.0676651
1057.19,0.105632
3205.78,0.320386
911.027,0.0910907
546.847,0.0546666
2604.72,0.260433
730.817,0.0730606
2044.96,0.204278
1063.06,0.106285
1301.89,0.129932
804.762,0.0804511
678.498,0.067841
822.098,0.0822018
1771.59,0.176461
818.386,0.0817216
650.391,0.0650143
739.134,0.0739072
568.564,0.0568261
1981.93,0.197727
3577.93,0.357424
638.856,0.063874
4074.37,0.407086
865.572,0.0865285
2196.11,0.219549
914.201,0.091413
1527.7,0.15269
1335.02,0.133428
1178.41,0.117556
641.056,0.0640787
1135.47,0.113494
971.583,0.097122
2277.57,0.227554
17662.9,1.74164
1149.55,0.114942
593.477,0.0593082
1800.44,0.179974
1506.81,0.150486
2128.81,0.212786
877.978,0.0877782
1154.78,0.11543
1146.02,0.114494
1228.59,0.122817
1560.16,0.155884
1134.12,0.113354
742.692,0.0742659
971.834,0.0971631
2051.69,0.205152
1329.02,0.132874
11031.4,1.1
892.14,0.0891831
7356.94,0.734783
996.29,0.0996267
1035.65,0.103546
1001.75,0.100111
729.405,0.0729102
986.98,0.098625
1575.16,0.157508
2186.33,0.21859
920.353,0.0920273
559.537,0.0559405
595.709,0.0595703
1265.51,0.126495
930.764,0.0930095
1163.82,0.116319
1678.21,0.167786
1273.39,0.127246
3071.23,4.83074
2031.49,0.202661
2527.8,0.219897
879.141,0.0879015
1731.24,0.173039
2695.27,0.269442
863.19,0.0862594
1652.17,0.165187
1051.48,0.104956
1527.36,0.152687
1267.96,0.126755
1750.89,0.174863
2258.94,0.225846
11225.1,1.11157
1338.57,0.1335
1407.71,0.140663
1334.3,0.133387
635.424,0.0635374
1572.47,0.157201
798.281,0.0797385
613.88,0.0613805
1004.67,0.100424
3697.43,0.369371
2133.83,0.213264
2707.14,0.270642
919.93,0.091959
5610.21,0.558734
719.111,0.0719081
855.271,0.0855091
4155.07,0.414992
1396.04,0.139546
603.728,0.0603523
1928.12,0.192291
549.554,0.0549379
989.488,0.0989127
2071.87,0.207114
1464.76,0.146374
1194.52,0.119421
1754.36,0.175346
1468.98,0.145384
1291.76,0.129069
885.765,0.0885561
874.267,0.0874119
2000.24,0.199805
1607.28,0.160495
740.208,0.0734173
899.917,0.0899778
2903.39,0.289693
741.767,0.0741729
545.425,0.0545308
973.68,0.0972774
1171.76,0.117135
1619.47,0.161854
1143.8,0.114371
1734.11,0.173328
1258.74,0.125846
942.404,0.0942093
1085.28,0.107931
4440.12,0.443967
1263.6,0.126262
890.503,0.0890296
1238.17,0.123793
786.453,0.0786255
6256.14,0.6254
777.364,0.0777307
25976,2.59325
1014.2,0.101331
1231.77,0.12291
2947.01,0.294496
951.417,0.0950746
1037.1,0.103631
1009.22,0.10089
539.935,0.0539582
2535.49,0.253362
1233.64,0.12334
1055.67,0.10555
3762.11,0.375719
1475.39,0.147491
1093.78,0.109367
800.003,0.0798163
900.123,0.0899515
1294.05,0.129351
702.511,0.0702223
3362.49,0.336014
2882.04,0.288017
1493.4,0.149284
1722.49,0.172214
4879.35,0.486781
1155.25,0.115512
1084.63,0.10838
2288.21,0.228786
1284.41,0.128314
789.127,0.078906
1000.36,0.0999717
1112.52,0.111188
2266.96,0.226388
1217.79,0.121745
840.048,0.0836067
1040.12,0.104011
666.691,0.0666528
1039.98,0.103919
780.829,0.0780711
660.399,0.0659373
801.887,0.0801851
947.393,0.094729
2095.67,0.209515
909.731,0.0908993
1664.66,0.166341
935.342,0.0935193
1268.2,0.126811
647.515,0.0647309
947.587,0.0947412
1458.97,0.145701
1021.9,0.102148
5084.25,0.508179
3283.07,0.327424
1491.08,0.149028
2310.63,0.230835
934.238,0.0934192
810.704,0.0810632
686.654,0.0685859
421.867,0.0421373
1336.41,0.133631
1856.58,0.185614
1485.22,0.148474
1963.37,0.196288
1111.96,0.11103
3628.92,0.362843
1431.73,0.143109
972.771,0.097074
1085.36,0.108514
1025.14,0.102478
1692.75,0.168775
6610.98,0.655773
963.813,0.0963451
2508.98,0.25066
1106.85,0.110683
1452.53,0.145064
749.44,0.0749084
792.956,0.0790012
897.366,0.0895897
2653.84,0.265215
1321.79,0.132139
958.27,0.0958189
1145.13,0.114488
2140.64,0.213993
815.388,0.0815009
1442.2,0.144161
876.917,0.0876426
1112.1,0.111179
865.078,0.0864717
799.379,0.0798869
1617.88,0.161558
966.497,0.0966029
2940.53,0.293966
19064.4,1.90171
1945.91,0.194528
4451.48,0.444156
1312.74,0.131212
2496.46,0.249563
977.475,0.0976733
1230.4,0.122895
1976.44,0.197571
1928.63,0.192712
2589.12,0.258413
2169.53,0.216914
923.791,0.0923154
1134.9,0.11336
1000.63,0.0999889
1897.87,0.189473
1843.53,0.184301
1229.01,0.122858
1132.05,0.113091
843.114,0.0842758
1264.45,0.126435
1225.29,0.122433
1067.66,0.106733
10369.5,3.59353
793.963,0.0793872
1513.94,0.151364
1042.67,0.104255
841.201,0.0840236
1803.12,0.180091
1013.04,0.101215
665.691,0.066562
3210.15,0.320897
1300.12,0.129962
442.557,0.044252
1037.81,0.103751
1461.75,0.146128
1276.47,0.127614
734.188,0.07334
1490.36,0.14896
872.122,0.0871241
1622.55,0.162068
5282.03,0.526818
1161.53,0.116147
24114.6,2.37591
1027.28,0.102721
1174.65,0.117457
900.457,0.0900075
5390.6,0.515154
1411.75,0.141162
1250.51,0.124895
1547.48,0.154669
2789.44,0.278801
983.214,0.0982551
1343.54,0.13429
552.883,0.0552567
1910.33,0.190987
1118.98,0.111752
1417.65,0.14173
1672.58,0.167047
1636.49,0.163198
3601.5,0.360111
2857.34,0.285705
3809.09,0.380596
1572.8,0.157027
1087.48,0.108493
1390.19,0.138991
1931.51,0.193094
1208.34,0.120569
3934.05,0.39306
1706.47,0.170606
2377.23,0.23761
1279.52,0.12782
5206.41,0.520213
2066.47,0.206472
1079.17,0.107907
1066.53,0.106608
1108.21,0.110795
2469.88,0.246913
729.668,0.072961
1066.82,0.105979
2431.06,0.243071
997.874,0.099491
1359.72,0.135789
1256.79,0.12567
1832.22,0.183178
1206.08,0.120465
1171.68,0.117129
1406.04,0.14055
1231.34,0.123079
624.854,0.0624668
7059.95,0.637466
1575.94,0.157545
497.975,0.0497813
1547.64,0.154675
880.206,0.087984
1245.34,0.124479
836.515,0.0835989
1353.88,0.135325
5130.85,0.50717
736.548,0.0736481
868.22,0.0867972
1751.93,0.174905
1215.11,0.121482
1757.6,0.17562
2504.97,0.250242
814.921,0.0814768
2257.31,0.225688
929.657,0.0929144
1065.51,0.106544
1470.64,0.147052
849.852,0.0849801
1532.28,0.153195
1536.17,0.1536
1881.51,0.188043
909.285,0.0908787
634.307,0.0634285
1148.23,0.114771
1399.11,0.139802
2090.34,0.208988
489.42,0.0489369
683.769,0.068374
2362.85,0.235501
1516.35,0.15159
1627.16,0.162683
728.051,0.0727306
10527.9,1.05194
922.627,0.0921686
1841.03,0.183842
721.39,0.0721138
1802.35,0.180197
1868.49,0.183933
717.508,0.0716977
1614.85,0.161457
912.971,0.0910699
576.878,0.0576826
954.992,0.0953881
929.896,0.0923759
894.738,0.0894528
593.091,0.0592538
1354.23,0.135409
1090.56,0.108959
1064.47,0.106265
1657.14,0.16569
1594.13,0.159375
1675.21,0.167419
1869.6,0.186804
3526.02,0.351679
824.448,0.0821802
1424.49,0.142311
648.846,0.0647441
1776.92,0.177639
457.12,0.0457058
1390.01,0.138967
1546.4,0.154618
658.727,0.0658601
611.695,0.061161
1348.67,0.134777
1235.62,0.123529
933.273,0.0933167
5044.43,0.502548
2762.31,0.276206
1247.38,0.124711
1382.53,0.13812
1940.02,0.193964
7478.33,3.32456
1624.56,0.162288
1253.38,0.124214
1091.65,0.109151
2873.56,0.286704
2143.41,0.214128
1226.81,0.122572
1205.89,0.120423
985.642,0.0985563
1755.55,0.175391
2998.22,0.299685
1487.11,0.14867
1150.55,0.114992
957.996,0.0956705
1232.14,0.123144
737.828,0.0735398
720.087,0.0719656
604.824,0.0604812
1893.57,0.189254
835.089,0.0835037
777.873,0.0774347
3059.06,0.305791
1027.14,0.102703
1177.76,0.117764
1850.42,0.184907
1073.59,0.107019
2806.1,6.90267
550.506,0.0550153
1501.13,0.150102
814.701,0.0814594
670.908,0.0670886
2242.85,0.223689
1077.64,0.10775
1130.55,0.112997
1223.57,0.122205
745.026,0.074412
1761.66,0.176018
1149.02,0.114895
4565.94,0.456247
1133.97,0.113308
994.259,0.0991853
1041.33,0.0960304
2100.11,0.209977
471.526,0.0470562
901.314,0.0900985
851.677,0.0851601
3191.16,0.318966
3952.75,0.394306
1295.76,0.129325
716.944,0.0716601
1124.63,0.111394
911.707,0.0911075
1500.66,0.15001
834.464,0.0834443
798.82,0.0798772
641.502,0.0641482
1653.08,0.165247
1093.8,0.109328
1184.77,0.11838
1068.84,0.106834
1860.35,0.185923
1171.35,0.117056
1787.9,0.17877
665.981,0.0665846
607.541,0.0607265
720.077,0.0719704
2285.8,0.228533
1335.05,0.133444
1752.1,0.175144
908.208,0.0907788
1600.3,0.159949
1743.15,0.174286
784.427,0.0783073
1579.26,0.157879
915.63,0.0915347
854.34,0.0854074
4529.72,0.452171
560.953,0.0560887
11725.7,1.17218
943.569,0.0943441
851.826,0.0851474
1072.71,0.107261
575.155,0.0574985
1633.56,0.163315
900.576,0.0900473
1231.3,0.12312
1151.07,0.115093
996.917,0.0996729
1366.46,0.136617
1130.99,0.113044
1279.59,0.127925
1586.94,0.158334
1770.98,0.176811
1940.07,0.193907
1178.09,0.117797
951.076,0.0949583
1058.06,0.105666
515.362,0.05153
1106.84,0.110256
1200.94,0.120031
895.232,0.089513
1217.11,0.121635
878.811,0.0878675
1347.02,0.134693
683.147,0.0682995
821.592,0.0821287
747.322,0.0747191
1362.49,0.136231
973.994,0.0973771
1046.83,0.104631
1198.43,0.119592
1101.88,0.110184
569.73,0.0569544
1303.06,0.130235
1328.35,0.132695
9431.39,0.941325
1326.92,0.132683
928.453,0.0926342
2790.49,0.27885
731.303,0.0731271
1585.42,0.156725
1145.94,0.114578
1949.93,0.194762
1875.22,0.187327
1445.96,0.144586
7120.37,0.711692
3124.29,0.312336
1729.04,0.17272
530.541,0.0530496
2880.1,0.287798
1047.08,0.104635
1554.63,0.155431
1135.18,0.113415
1352.27,0.135201
4700.32,3.26123
1001.74,0.100113
769.016,0.0768381
966.813,0.0966619
555.409,0.0555267
2192.94,0.219273
1530.57,0.153041
800.129,0.0799503
1989.15,0.198885
723.025,0.0722882
696.495,0.0695928
2050.98,0.204979
2124.24,0.212367
886.486,0.0885974
920.942,0.092084
875.715,0.0875368
1754.04,0.175346
1764.49,0.176216
694.466,0.069403
2333.25,0.233119
1497.76,0.149719
1325.65,0.132551
1957.7,0.195711
1083.71,0.108336
1058.51,0.105755
1225.52,0.122534
987.573,0.0987414
1053.99,0.105233
1533.95,0.153298
619.152,0.0619083
707.888,0.0706937
669.489,0.0669339
1548.88,0.154832
1014.23,0.101394
869.911,0.0869667
887.236,0.0887216
1271.05,0.127096
3291.73,0.326216
1114.97,0.111436
1196.74,0.119653
1123.41,0.111525
1585.3,0.158494
1266.3,0.126618
2426.15,0.242382
1025.18,0.102427
2641.39,0.263904
1207.9,0.120776
1238.41,0.123791
10969.9,4.23525
3458.96,0.345784
988.055,0.0987701
1400.04,0.139983
1430.71,0.142908
1991.75,0.199022
1502.14,0.150197
1320.46,0.131945
1515.93,0.151537
1509.65,0.150919
1240.14,0.124007
1298.81,0.129819
949.378,0.094713
1033.81,0.103372
849.279,0.0849078
538.485,0.053838
3306.08,0.330227
826.573,0.082595
997.967,0.0997811
1046.74,0.104662
1550.67,0.155022
1553.13,0.155293
2762.83,0.27596
534.707,0.0533538
1262.96,0.126228
1523.54,0.152302
862.178,0.0862046
12256.2,1.22238
1174.69,0.117148
1076.84,0.107654
685.955,0.0685807
855.113,0.0854889
1226.42,0.12256
1966.58,0.196611
1375.97,0.137585
1084.33,0.108404
1610.79,0.161017
976.939,0.0976783
2046.75,0.204609
1579.8,0.157419
1618.86,0.161876
2939.29,0.293822
1479.91,0.147954
1429.79,0.142953
957.745,0.0957707
1921.05,0.191803
1175.91,0.117575
15093.8,1.4997
1604.04,0.160372
935.774,0.0935668
1530.22,0.152969
1842.17,0.183962
1954.55,0.195431
1643.56,0.164312
2412.86,0.241222
1948.69,0.194833
1537.28,0.153712
2902.65,0.289055
5021.25,0.501602
4322.64,0.431364
1421.04,0.142077
2355.09,0.235208
1086.52,0.108627
1093.88,0.10932
1372.03,0.137149
961.988,0.0961363
693.412,0.069307
2021.9,0.202112
1494.17,0.149321
814.261,0.0814075
934.809,0.0933988
2044.85,0.204235
1034.14,0.103082
1097.04,0.109699
1118.94,0.111827
3352.41,0.335033
1216.89,0.118425
807.901,0.0802982
752.604,0.0751679
814.145,0.0812378
1243.23,0.124284
692.857,0.0692596
1470.51,0.147014
4318.34,0.429258
1431.89,0.142235
814.049,0.081351
952.669,0.095258
1997.73,0.199729
1061.97,0.106109
560.251,0.056022
1026.52,0.102639
1960.81,0.195673
840.251,0.0837647
808.888,0.080819
1184.84,0.118389
779.147,0.0777878
1251.75,0.125155
1020.1,0.101981
2029.42,0.202886
1567.95,0.156588
761.846,0.076172
3472.48,0.347141
13458.2,1.33313
830.716,0.0830266
1072.36,0.107097
1898.47,0.189686
1143.55,0.114336
1039.79,0.103915
873.912,0.0872903
1021.85,0.102056
1183.49,0.118316
2065.65,0.206468
3600.71,0.359392
705.277,0.0705032
534.659,0.0534596
1402.32,0.140219
736.423,0.0736139
1304.53,0.130405
1690.66,0.168481
788.849,0.0788812
1657.83,0.165734
1348.41,0.134717
785.438,0.0785303
1427.94,0.14273
1925.5,0.19247
1644.45,0.16443
708.171,0.0708095
1200.11,0.119969
1063.38,0.106287
1910.83,0.191052
2355.16,0.225977
920.702,0.0920434
1085.79,0.108574
1587.44,0.158674
2542.89,0.254236
833.185,0.0832237
2414.78,0.241424
1218.2,0.121623
1171.43,0.116893
584.513,0.0584461
862.184,0.0861697
817.225,0.0816919
488.714,0.0488703
1086.35,0.108307
1316.23,0.131584
1207.33,0.120706
712.861,0.0712773
1153.08,0.115231
1176.77,0.117627
1488.32,0.148579
923.691,0.0923591
1218.21,0.121794
778.549,0.0778204
753.619,0.075305
796.952,0.0796512
1214.21,0.121388
2951.74,0.294597
2124.41,0.212344
499.667,0.0499632
959.177,0.0958181
1111.95,0.11103
1005.67,0.100478
1191.11,0.119002
1818.64,0.18177
1142.2,0.114192
640.067,0.0640005
789.754,0.0789712
2229.07,0.222802
4250.67,0.424868
2017.57,0.201684
712.102,0.0711982
732.249,0.0732122
1629.22,0.16291
1661.25,0.166087
1985.81,0.198451
566.146,0.056575
2278.66,0.227165
3877.46,0.387653
1571.96,0.156719
2569.83,0.256683
1224.94,0.122475
864.586,0.0863507
1752.04,0.175106
3079.51,0.307771
1360.73,0.135962
1211.09,0.121016
1033.73,0.103332
832.349,0.0829807
3042.33,0.303881
768.122,0.0768003
1179.33,0.117635
1086.39,0.108614
1800.55,0.180009
1564.8,0.156474
1452.85,0.14527
1184.41,0.118392
750.108,0.0747339
3060.93,0.305504
1029.34,0.102884
911.719,0.0911397
893.936,0.0892613
749.141,0.0748841
2072.32,0.206878
1363.25,0.136201
3697.78,0.369651
539.861,0.0539041
1292.43,0.129214
1213.02,0.121233
2954.51,0.295093
1349.48,0.134936
1134.39,0.113401
1995.02,0.199464
3696.1,0.369199
1386.18,0.138608
2041.64,0.20409
892.192,0.0891877
1760.33,0.17602
779.01,0.0778765
982.341,0.098202
7107.26,1.72656
3106.84,0.310631
660.494,0.0660418
1816.54,0.181443
1639.72,0.163952
961.347,0.0960574
969.603,0.0969502
1228.46,0.122838
3872.58,0.38671
8710.46,0.870868
871.941,0.0871885
984.79,0.0984552
934.854,0.0934229
11692.8,1.1665
2127.19,0.212682
4897.81,0.489647
20218.3,2.01538
1536.8,0.15359
1063.95,0.106381
1005.18,0.100492
1142.51,0.114224
1358.47,0.1358
1715.29,0.17152
828.808,0.0828332
1258.12,0.125775
4142.24,0.413504
1101.86,0.110034
1141.36,0.114121
2768.22,0.276533
2427.78,0.242503
5956.27,0.595324
715.371,0.0715209
1237.13,0.123698
3049.32,0.304636
1039.27,0.103908
722.657,0.0722312
1103.67,0.27958
1196.89,0.119621
6515.19,0.65106
909.24,0.0906792
858.003,0.0857982
1031.99,0.103096
2340.74,0.233892
659.178,0.0658543
9471.91,0.942159
719.687,0.0719599
1259.75,0.125958
956.868,0.0956081
1358.82,0.135836
1434.53,0.143448
1069.61,0.106885
1306.04,0.130583
1403.11,0.14021
1177.46,0.117693
2006.96,0.200638
1364.39,0.136223
1657.7,0.1656
1229.02,0.122564
2629.91,0.26296
707.23,0.0707162
852.649,0.0852604
895.014,0.089485
850.878,0.0850438
1816.34,0.181603
827.342,0.0827273
966.586,0.0966493
1078.96,0.107817
1618.35,0.161748
1727,0.172636
863.348,0.0862262
15515.4,3.18028
1389.35,0.138901
1067.69,0.10676
1976.98,0.195901
2192.68,0.219123
603.442,0.0603396
1582.6,0.158202
1520.55,0.149979
1101.19,0.109459
557.865,0.0557852
913.259,0.0913213
12031.2,1.19318
787.447,0.0787231
992.374,0.099217
5554.55,0.555259
999.81,0.0999707
1005.95,0.100238
1492.06,0.148995
1725.08,0.170654
1391.55,0.138998
1070.16,0.107002
967.249,0.0966858
892.881,0.0887977
1171.75,0.11713
1203.35,0.120312
1043.38,0.104322
947.845,0.0947818
1293.4,0.129308
2669.25,0.266503
1107.98,0.110759
635.418,0.0635096
1572.98,0.157104
881.568,0.0881522
1411.68,0.14111
1432.99,0.143276
652.265,0.0651909
989.43,0.0989045
1196.78,0.11957
2019.69,0.201859
3116.18,0.311559
1178.09,0.117771
2240.25,0.224002
1173.37,0.117276
1192.85,0.119262
2225.72,0.222376
1146.97,0.114664
535.019,0.0534873
1134.57,0.113395
2214.25,0.221147
953.702,0.0825045
666.085,0.0666042
1688.52,0.16882
2196.92,0.219415
7121.09,0.708119
967.34,0.0967252
965.192,0.0964568
890.721,0.0890492
4284.48,0.428027
1084.3,0.108421
1197,0.119678
834.904,0.0834811
2253.13,0.225288
735.436,0.0735399
1172.32,0.11717
1469.4,0.146908
939.421,0.0939254
6732.61,0.672917
2754.27,0.274453
1187.22,0.118471
710.266,0.0709716
1396.88,0.139656
623.739,0.0623695
1190.06,0.118637
931.219,0.0929535
1203.63,0.120315
1380.33,0.137555
1867.01,0.186578
607.369,0.0594601
803.339,0.0801867
1493.93,0.149343
1291.1,0.129081
2163.5,0.216033
1105.78,0.110544
614.99,0.0614561
725.726,0.0725578
1539.54,0.153739
680.584,0.0680334
771.814,0.0771745
1485.73,0.14849
1043.72,0.104348
1566.15,0.156599
1043.38,0.103662
931.61,0.093128
718.728,0.0718419
1000.98,0.10009
1054.72,0.10545
3140.61,0.314008
10154.5,1.01378
1835.65,0.183492
677.355,0.0677128
998.56,0.0996841
1737.56,0.173693
1130.89,0.113073
1275.8,0.127481
490.739,0.04906
859.802,0.0859646
1270.31,0.126434
874.397,0.0874317
1013.47,0.101339
4118.52,0.411565
4952.45,0.495052
17772.2,1.7738
816.652,0.0816091
462.637,0.0462305
1532.07,0.15317
859.05,0.0858869
6991.17,0.69544
1241.28,0.124082
1025.25,0.102398
851.289,0.0850197
961,0.0959761
2188.5,0.218792
1496.73,0.149651
1496.81,0.149588
1320.71,0.132057
1044.58,0.104378
1733.5,0.173029
1733.64,0.173313
1950.95,0.19507
997.441,0.0996182
1432.2,0.143216
2774.8,0.277397
892.79,0.0892571
797.735,0.0797689
800.821,0.0800518
1234.04,0.123354
1899.32,0.189724
2833.06,0.28323
1208.15,0.120761
416.63,0.0416423
738.579,0.0738512
1547.72,0.154726
863.815,0.0863531
847.244,0.0845402
1394.41,0.139433
858.305,0.0858014
1649.3,0.164911
1435.69,0.143473
828.907,0.0828679
1438.88,0.143623
1221.25,0.122103
11110.2,1.11005
719.572,0.0719414
3994.98,0.399358
759.062,0.0758366
889.972,0.088957
1554.77,0.155466
1735.48,0.173491
678.086,0.0678032
1048.99,0.104847
886.215,0.0882813
1012.35,0.101185
1083.63,0.108127
606.587,0.0606312
677.598,0.0677562
1839.65,0.183893
1620.2,0.161955
604.507,0.0604346
942.428,0.0976978
1870.04,0.186827
1164.44,0.116423
772.811,0.0772336
4299.64,0.429619
1223.19,0.122304
1633.79,0.163361
2657.55,0.264744
1265.67,0.126426
3506.31,0.349832
2264.08,0.226363
8297.35,0.826943
1019.95,0.101918
1084.97,0.108395
852.927,0.085268
2702.7,0.270161
1598.38,0.159636
3046.53,0.304534
1148.01,0.114786
909.913,0.0909679
1212.76,0.121255
987.645,0.0987101
889.521,0.0889177
909.298,0.0909167
1392.91,0.139282
3308.09,0.330637
1039.33,0.103923
795.383,0.0793737
1007.72,0.100694
1379.19,0.137747
2347.78,0.234696
860.649,0.0860146
946.39,0.0946138
1108.46,0.11083
4087.91,0.408113
931.049,0.0930304
1121.78,0.112135
1029.71,0.102943
856.701,0.0855888
1102.44,0.110238
1209.23,0.120898
931.321,0.093125
1238.62,0.123835
2573.29,0.256079
1131.68,0.113147
1295.6,0.129535
5800.16,0.578696
2699.16,0.269818
923.284,0.0923229
2201.14,0.220057
1703.14,0.170308
1514.3,0.15107
1035.42,0.103395
920.396,0.0920102
1002.2,0.0998705
788.029,0.0787863
1110.54,0.110879
760.643,0.0760586
3713.55,0.371136
646.742,0.0646626
1313.49,0.131322
1112.84,0.111209
2191.92,0.218861
3115.95,0.311347
1260.02,0.125341
5910.69,0.590499
487.707,0.0487585
2960.1,0.295768
1336.43,0.133353
4631.13,0.462874
763.703,0.0763655
933.641,0.0933516
2074.93,0.207156
2204.98,0.220431
1038.4,0.103819
972.93,0.0972906
3273.78,0.326929
812.109,0.0811478
1012.88,0.101225
1390.45,0.138984
1799.13,0.179873
2544.23,0.254063
1003.27,0.100313
1020.46,0.10204
692.539,0.0691385
1001.46,0.100087
717.614,0.0717532
769.911,0.0767012
998.011,0.0997453
930.919,0.0930618
1040.13,0.103866
2329.84,0.232872
976.051,0.0975255
1566.85,0.15656
1125.63,0.112539
1631.75,0.163168
1086.1,0.108548
1769.72,0.176927
818.65,0.0818349
2884.93,0.288277
1039.9,0.103975
660.519,0.0659817
890.463,0.08904
7871.36,0.785351
1329.77,0.132908
1008.02,0.100726
1509.5,0.171194
1141.54,0.11414
2222.32,0.222194
1506.84,0.150573
1039.71,0.103961
2857.73,0.285536
2959.22,0.27773
947.734,0.0947233
7664.64,0.764585
1159.01,0.115882
1106.58,0.110481
5225.37,0.522032
800.206,0.0799875
761,0.0760824
815.836,0.0815797
755.128,0.0755078
975.634,0.097323
1889.37,0.188836
7196.04,0.718672
1270.36,0.127005
1636.95,0.163622
1801.42,0.180075
2505.25,0.250463
571.922,0.0571908
2370.38,0.23701
5613.7,0.561187
3915.74,0.391522
1223.65,0.122189
1292.72,0.129161
1466.53,0.146643
1765.35,0.176407
973.201,0.0972795
783.898,0.0781286
800.548,0.0799638
2517.45,0.251558
900.736,0.0899199
608.486,0.0608102
1272.45,0.125905
2201.67,0.219606
1001.71,0.100116
1040.91,0.103991
1055.5,0.10526
1383.81,0.138362
870.58,0.0870138
824.121,0.0824098
1258.02,0.125791
2589.89,0.258913
2370.51,0.236817
1475.53,0.147509
1391.95,0.138906
824.29,0.0823812
833.912,0.0832572
3499.93,0.349902
1397.06,0.13965
1032.76,0.103253
1170.65,0.117017
1270.18,0.127011
1521.41,0.15189
1414.88,0.141455
2181.55,0.217664
1107.31,0.110722
2072.7,0.207139
665.035,0.0664774
673.368,0.0673234
1045.97,0.104546
847.952,0.0847589
714.349,0.0713908
1003.7,0.100223
737.064,0.0736889
991.944,0.0991889
1062.34,0.106201
1863.23,0.179571
1198.11,0.119734
1281.55,0.128136
1101.54,0.110108
1095.88,0.109069
22916,2.27837
1780.78,0.178069
1533.55,0.153325
1125.48,0.112459
1038.21,0.10381
1967.57,0.195646
1222.08,0.122184
1237.12,0.123693
11303.2,1.12949
831.871,0.083172
1523.14,0.152225
769.543,0.0768611
698.859,0.069877
3278.8,0.327295
807.938,0.0807906
1342.9,0.134284
1081.15,0.108102
1710.75,0.171002
820.514,0.0819564
635.789,0.0635511
4619.03,0.461777
1060.04,0.105363
1386.24,0.138213
1060.04,0.105861
913.449,0.0913302
1946.53,0.19458
1282.18,0.128162
929.415,0.0928627
624.315,0.062409
1814.47,0.177928
1702.17,0.170157
946.329,0.0946069
1205.54,0.120543
1226.24,0.122575
3572.82,0.357147
1999.45,0.199479
631.493,0.063131
1308.82,0.130845
1426.72,0.142487
2027.24,0.202644
1853.84,0.185332
961.066,0.0960752
2417.61,0.240439
830.139,0.083004
1293.23,0.129264
1061.42,0.106132
1071.39,0.107129
1552.91,0.15525
16022.4,1.59709
2050.98,0.204952
1161.36,0.116125
3821.23,0.381613
1438.05,0.14369
11171.3,3.41633
4011.1,0.400965
1549.61,0.15485
869.593,0.0867236
859.714,0.0859615
1114.18,0.111407
894.285,0.0891429
2526.88,0.25156
1672.76,0.16717
911.139,0.0910749
1333.11,0.133197
1181.12,0.118103
718.627,0.0718342
1227.65,0.122656
3043.45,0.304271
4229.55,0.422087
1376.89,0.137646
855.216,0.0855114
1386.53,0.138471
921.518,0.092036
1841.27,0.18411
2150.04,0.214765
2089.27,0.208762
1680.43,0.167971
1068.71,0.106817
1293.89,0.129185
1987.37,0.198707
1588.98,0.158802
1573.47,0.157332
1249.22,0.124809
1515.2,0.151264
613.816,0.0612998
1366.69,0.136594
1526.52,0.152611
475.831,0.0475807
965.001,0.0964304
1484.21,0.148372
2002.89,0.200045
1229.18,0.122889
1490.84,0.148985
908.277,0.0907339
795.587,0.0795374
2399.73,0.239858
498.197,0.0497988
7035.74,0.700765
866.406,0.0864466
2041.03,0.204028
7897.94,0.788341
1157.39,0.115697
1565.15,0.1565
1535.82,0.153565
905.456,0.0904998
750.27,0.0749984
914.488,0.0912744
2754.86,0.275221
2667.67,0.266571
1119.15,0.1115
938.077,0.0937803
1131.14,0.113072
958.36,0.0958272
817.608,0.0817544
615.782,0.0615734
2840.71,0.284018
780.968,0.0779949
1109.69,0.110956
1054.56,0.105451
1277.23,0.127697
6193.35,3.46645
2728.25,0.272681
6930.25,0.691618
997.356,0.0997242
691.383,0.0690755
1925.04,0.192459
764.373,0.0764329
7364.67,0.733678
678.624,0.06782
4834.69,0.482994
1180.83,0.11808
729.838,0.0729692
1774.63,0.177297
862.568,0.0861416
839.038,0.0838475
1898.74,0.189551
2874.19,0.287309
854.034,0.0853708
1340.66,0.134041
1092.8,0.109141
1184.47,0.11842
1019.48,0.101938
893.988,0.0893962
1236.22,0.123539
835.277,0.0835258
951.199,0.0951007
4919.97,0.491546
2002.77,0.200241
1802.6,0.180174
834.956,0.0834834
1086.33,0.108596
780.931,0.078059
730.731,0.0729579
1729.77,0.172901
2162.62,0.216213
4268.08,0.426052
1004.16,0.100375
1515.54,0.151528
1725.83,0.172496
1379.72,0.137941
2689.41,0.267809
8642.83,0.862861
617.198,0.0617167
1600.23,0.160007
1003.54,0.100342
2865.16,0.286057
10440.1,1.04078
1464.33,0.146375
1637.36,0.163654
2361.37,0.23593
1622.53,0.162196
2411.8,0.240805
1539.17,0.15388
834.255,0.0833244
991.885,0.0991657
567.217,0.0567044
1040.47,0.10399
1332.61,0.133124
1136.87,0.113678
1337.47,0.133645
1692.44,0.169173
1704.5,0.170347
15707.6,2.38009
1852.28,0.1852
704.448,0.0700254
1558.74,0.155823
904.788,0.0904665
703.512,0.0703415
575.43,0.0575126
1793.17,0.178451
1848.15,0.184509
2989.79,0.298742
2383.61,0.238054
1637.89,0.163727
1557.46,0.155717
3130.98,0.312742
721.982,0.0721487
1786.78,0.178636
1156.7,0.115608
2313.4,0.23127
803.935,0.0803867
990.664,0.0986179
7036.41,0.701949
2772.57,0.277123
993.596,0.0993428
809.173,0.0808826
1020.12,0.101972
822.62,0.0822242
979.965,0.0979248
929.691,0.0929203
9790.26,0.977794
2007.73,0.200515
1554.13,0.155386
2077.33,0.207315
864.114,0.0864077
846.342,0.0845803
1184.63,0.118448
637.168,0.0637093
1026.45,0.102644
467.15,0.0467108
2945.4,0.294493
811.316,0.0810769
1970.65,0.196895
2383.93,0.238043
817.139,0.0817011
1274.51,0.127419
1242.64,0.124256
779.773,0.0779441
1442.23,0.144169
9878.01,0.985848
794.214,0.0793056
1841.14,0.183933
1740.72,0.174044
9956.81,0.994338
1301.66,0.130064
927.943,0.0927824
1660.01,0.165922
1485.62,0.147403
3495.73,0.349423
1128.37,0.112771
1251.96,0.125161
959.195,0.0957723
1521.36,0.151847
1128.69,0.112784
1417.64,0.141725
1254.4,0.125261
1497.63,0.14956
1188.4,0.118734
2083.68,0.208303
975.989,0.0975668
1819.58,0.181665
1422.57,0.142186
1879.93,0.18795
1277.84,0.127748
2176.42,0.217618
1353.13,0.135251
894.877,0.0894723
2457.27,0.24546
983.053,0.0982995
917.506,0.0916708
2406.99,0.240402
1780.59,0.178041
1160.38,0.115848
2272.71,0.227162
912.262,0.0912065
1309.74,0.130934
2090.13,0.208962
1175.88,0.117519
1153.18,0.11756
1131.03,0.11308
2194.32,0.218829
1507.42,0.150702
1728.93,0.17285
1441.83,0.144029
3740.83,0.373091
1305.33,0.130521
1863.64,0.186353
1096.44,0.10956
2617.82,0.261712
1044.37,0.104397
2985.43,0.298337
1397.18,0.103147
4214.21,0.421061
1013.72,0.101351
859.888,0.0859512
2506.7,0.250649
951.501,0.0951312
1132.47,0.113221
1465.39,0.146438
14436.8,1.44003
3297.55,0.329524
528.862,0.0528788
1532.27,0.153168
1682.21,0.168086
1184.33,0.118274
1164.31,0.116415
1021.55,0.102144
2808.7,0.280794
1553.88,0.155369
4265.61,0.426001
1580.12,0.157899
2400.53,0.239985
2077.42,0.207636
1519.09,0.151883
1248.15,0.12479
1737.16,0.173433
1372.74,0.137227
1909.42,0.190873
2670.63,0.266588
875.091,0.0874917
830.581,0.0830376
994.084,0.0993791
389.249,0.038915
1106.15,0.110519
1423.67,0.14231
800.058,0.0799868
1363.65,0.135994
883.231,0.088205
1589.18,0.158872
834.379,0.0833415
1591.4,0.159104
2213.87,0.22137
482.134,0.0480413
1604.01,0.160241
726.449,0.0722561
1659.42,0.165825
1074.14,0.107399
1001.63,0.100135
2687.04,0.268641
1303.92,0.130371
1077.53,0.107709
1970.59,0.196927
901.666,0.0901406
1188.9,0.118865
947.364,0.0946874
4470.99,0.446566
920.95,0.0920826
702.708,0.0674915
1555.99,0.155465
936.073,0.093595
2069.99,0.206841
714.99,0.0714295
1634.9,0.16347
1151.64,0.115112
3664.44,0.366185
3292.43,0.329085
1560.4,0.155984
523.127,0.0523043
786.389,0.0785979
1395.45,0.139521
869.216,0.0869154
1543.36,0.15423
1683.53,0.168322
866.44,0.0865886
1189.26,0.118908
1394.44,0.139422
839.397,0.0839239
4913.4,0.49118
1388.67,0.138767
279.582,0.0279338
662.989,0.0662567
1022.38,0.102234
1840.83,0.184058
2977.19,0.297501
1597.21,0.159639
933.308,0.0933027
6696.49,0.669272
1210.1,0.120983
895.335,0.0894975
1832.1,0.183058
904.57,0.090453
1463.16,0.146255
706.686,0.0706545
1788.89,0.178541
860.055,0.0859828
957.319,0.0957089
3002.12,0.299968
972.256,0.0972043
1891.51,0.189136
1145.51,0.114398
853.414,0.0851382
1313.21,0.131272
1112.43,0.111209
1050.08,0.104982
833.68,0.0833653
386.362,0.0386048
725.372,0.0725288
2447.96,0.244765
1372.72,0.13676
1363.45,0.135754
1311.13,0.130594
1276.43,0.127607
985.879,0.0985777
1188.36,0.118783
852.57,0.0851527
2310.1,0.230834
2759.56,0.275854
864.709,0.0864287
2479.14,0.247631
744.552,0.0744485
1147.28,0.11468
1224.51,0.12243
917.797,0.0917082
922.629,0.0921806
727.713,0.0727038
910.595,0.0909861
1488.08,0.148795
1050.96,0.104785
2083.2,0.208092
1420.32,0.142
1030.48,0.103028
1024.31,0.102396
2181.74,0.217927
1217.28,0.121718
2115.61,0.211488
3312.48,0.330982
2458.7,0.245689
763.701,0.0763607
1248.09,0.124785
1229.11,0.122895
1202.28,0.120182
1101.87,0.110163
2677.54,0.267674
698.056,0.0697933
5352.98,0.53517
823.134,0.0822929
2684.54,0.268075
946.625,0.0946578
1244.28,0.124417
2367.58,0.236696
1170.13,0.116983
9881.2,0.986576
1658.65,0.16579
853.372,0.0852805
1566.99,0.156525
11022,1.09893
769.816,0.0769487
887.127,0.0887042
2503.67,0.250321
1843.13,0.184253
929.927,0.0929871
956.88,0.0956718
1808.6,0.18083
571.143,0.0570063
801.553,0.0801148
877.672,0.0877505
5222.62,0.521479
1460.48,0.146016
2533.81,0.253332
1347.29,0.134694
1147.9,0.114749
1916.59,0.191614
1110.94,0.11108
1556.39,0.155628
1108.1,0.110615
1225.82,0.12256
1452.55,0.145216
979.666,0.0979347
1026.01,0.102583
1107.55,0.110643
1157.84,0.115729
1143.45,0.114331
1345.96,0.134553
1217.29,0.121681
1759.85,0.175817
1906.63,0.190425
1313.18,0.13127
1579.78,0.157852
1152.71,0.115033
1034.65,0.10338
702.492,0.070234
751.777,0.0751731
685.27,0.0682623
9065.57,0.905283
1107.21,0.110698
1430.64,0.14277
905.892,0.0905852
852.429,0.0850875
2596.1,0.2596
839.682,0.0839631
1095.7,0.109419
3442.27,0.343986
1078.1,0.10779
1079.58,0.107925
908.393,0.090814
1396.24,0.139598
1383.09,0.138248
1445.91,0.144514
980.438,0.0980362
764.644,0.0764547
1457,0.145675
1073.23,0.107298
932.716,0.0932581
7902.62,0.788159
923.138,0.0922933
1596.96,0.159579
1741.31,0.173916
1408.94,0.14088
683.341,0.0680544
9563.66,4.34699
1459.82,0.14592
827.71,0.082739
1329.94,0.132988
845.862,0.084521
1727.8,0.170645
924.516,0.092189
1045.03,0.104496
906.992,0.0906532
1181.35,0.118128
1506.55,0.150641
1054.6,0.105288
729.094,0.0728857
725.881,0.0725837
910.086,0.0891186
1640.37,0.164
1209.73,0.120964
1710.97,0.170134
1562.04,0.155431
2873.84,0.287302
922.709,0.0922205
2660.81,0.265792
890.465,0.0890324
962.267,0.0961766
1371.75,0.137105
840.51,0.0840395
795.393,0.0795191
3590.88,0.358831
966.188,0.0966074
889.309,0.0886086
1049.5,0.10492
1526.16,0.152563
1849.38,0.184908
572.449,0.0572428
978.373,0.097759
1160.53,0.116051
1689.01,0.168874
1081.78,0.107769
733.863,0.0733179
7507.45,0.74875
1261.4,0.125931
1910.75,0.191043
834.154,0.0833754
1429.6,0.142948
906.732,0.0906121
2417.73,0.241682
1062.65,0.106236
6187.54,0.612197
1428.46,0.142609
2241.22,0.223869
1183.75,0.118211
861.037,0.08606
1136.19,0.11356
1974.07,0.197401
1206.54,0.120603
4169.23,0.416824
906.341,0.0905766
2163.73,0.216304
722.773,0.0721334
1402.76,0.14014
1760.37,0.175714
1007.6,0.100735
619.92,0.0619873
967.705,0.096693
1088.38,0.108833
2042.56,0.204225
679.86,0.0679786
1327.84,0.132708
968.963,0.0968822
939.957,0.093961
1226.07,0.12256
1163.72,0.116341
658.935,0.0658666
1533.63,0.153225
1357.72,0.134491
2135.88,0.213555
3614.23,0.361257
1195.39,0.118447
4282.69,0.427623
1125.59,0.112546
10212.6,1.0187
1255.95,0.125082
1138.47,0.113829
988.454,0.0987167
1735.65,0.173308
725.408,0.0725332
887.955,0.0887859
1571.08,0.156699
1010.75,0.101054
820.19,0.0819593
1382.56,0.137948
1341.91,0.134171
980.613,0.0979729
886.576,0.0886158
1037.12,0.103619
2418.01,0.241523
1352.13,0.135182
1802.99,0.180207
1194.1,0.119353
755.449,0.0754555
4678.27,0.467077
1092.46,0.109218
2922.56,0.291512
789.496,0.0789403
9042.93,0.901522
4012.06,0.401145
1930.49,0.193026
1242.05,0.12419
4457.33,0.445185
1374.76,0.137423
915.254,0.0915154
1494.21,0.149414
866.907,0.0866628
1033.81,0.103317
900.112,0.0899266
626.544,0.0626316
1021.93,0.102188
1813,0.181265
2761.73,0.276045
1005.85,0.100346
3383.21,0.337653
1705.65,0.17046
1760.75,0.175919
1047.75,0.104752
1319.23,0.131902
1453.86,0.145298
1119.54,0.111922
869.44,0.0869223
1729.21,0.172786
1074.52,0.107001
4106,0.410368
1140.03,0.113973
870.528,0.0869654
1648.08,0.164707
927.954,0.0927651
4104.35,0.41031
1034.65,0.103443
3268.78,0.325939
911.577,0.0910999
1667.36,0.166689
997.822,0.0997619
1501.38,0.150128
1164.93,0.116215
791.606,0.0791429
760.884,0.0760692
1957.23,0.195042
2892.01,0.288966
1033.63,0.10332
1544.71,0.154391
1112.79,0.11127
21610.6,3.44297
734.713,0.0734353
1470.03,0.146929
997.339,0.0997066
4404.26,0.438841
1672.92,0.166924
958.594,0.0958546
643.219,0.0643034
1001.91,0.100115
1070.51,0.107035
1619.17,0.161895
1208.22,0.120696
993.253,0.0993034
809.268,0.0808747
871.136,0.087091
1082.01,0.107688
512.888,0.0512723
1470.53,0.146906
1381.28,0.13783
2521.75,0.251903
475.784,0.0475219
1424.41,0.142223
1314.07,0.131344
1036.89,0.103682
3179.74,0.315609
1745.83,0.17417
880.831,0.0880792
1767.12,0.176505
1508.44,0.150822
1592.87,0.159224
1300.99,0.130095
826.903,0.0826764
987.269,0.0987083
1084.31,0.108402
1353.69,0.135319
3185.49,0.318124
1300.36,0.130003
2278.68,0.227818
3858.11,0.385682
2277.61,0.223041
1093.71,0.109262
769.38,0.0769315
804.829,0.0802434
885.882,0.088565
861.709,0.0861609
2515.31,0.251399
1331.7,0.132941
1918.79,0.191866
904.255,0.0903551
982.552,0.0982326
2268.68,0.22672
1339.2,0.133889
1842.19,0.184158
1320,0.131938
3253.37,0.325308
543.919,0.0543848
1915.54,0.190981
767.621,0.0767508
1417.86,0.141738
1516.97,0.151645
1037.04,0.103646
1765.02,0.176491
726.477,0.0726176
1497.9,0.149747
1804.49,0.175616
1748.28,0.174804
1081.65,0.10809
733.63,0.0732427
1399.15,0.139867
999.604,0.0999485
998.49,0.0997996
7986.28,0.798147
1340.79,0.134015
1262.31,0.125873
1124.09,0.112354
1085.99,0.106691
1050.95,0.105071
643.343,0.0643278
1523.75,0.152242
1380.32,0.137455
1020.63,0.102059
1321.39,0.132115
1011.29,0.100994
852.129,0.0851948
4991.8,0.498907
954.63,0.0953838
3699.91,0.369014
2260.89,0.225854
884.771,0.0884574
704.654,0.070461
957.323,0.0940047
1285.83,0.12836
1001.92,0.100174
770.775,0.0770621
596.395,0.0591095
683.986,0.0683638
911.371,0.0910547
2835.06,0.283417
1187.52,0.118539
1277.59,0.127743
1392.06,0.13917
1089.05,0.108827
1467.74,0.146593
1044.01,0.104388
825.831,0.0803552
850.209,0.0849629
3963.67,0.395727
1420.34,0.141913
3374.73,0.337391
3774.14,0.377334
2258.7,0.225158
3153.99,0.315306
828.462,0.0828155
1227.43,0.122709
783.757,0.0783243
1453.63,0.145273
1837.48,0.183695
1914.5,0.191302
1131.94,0.113187
1535.4,0.152978
713.664,0.071254
1631.02,0.163072
766.213,0.0766108
1240.24,0.123957
838.672,0.0837539
1134.82,0.113361
1192.54,0.119155
1455.84,0.145223
909.459,0.0925171
2569.46,0.256841
3426.46,0.342623
1025.98,0.102578
1385.96,0.13685
1235.01,0.123488
894.313,0.0894158
11187.7,1.11451
2591.6,0.258857
726.383,0.0725428
2069.73,0.206921
649.362,0.0649041
2991.07,0.298641
1578.68,0.157409
3376.5,0.337555
2298.2,0.22977
936.173,0.0936029
835.202,0.0834912
1225.96,0.122589
2486.2,0.248583
7925.65,0.790768
1789.55,0.178514
508.254,0.0508122
1992.05,0.199184
1162.91,0.116217
987.327,0.0986376
1219.46,0.121855
1051.41,0.105057
1907.63,0.190718
671.914,0.067187
2366.83,0.236607
1151.64,0.115147
964.866,0.0964342
3363.9,0.336265
993.145,0.0991698
544.389,0.0544346
1151.52,0.115146
1141,0.114066
2330.66,0.232947
1033.6,0.103355
1077.34,0.107687
763.519,0.0763415
704.061,0.0703713
1154.79,0.11541
1047.56,0.104666
910.117,0.0909763
925.266,0.0924992
1178.93,0.117753
2782.56,1.50837
3969.82,3.44464
1715.16,0.171397
1566.21,0.156071
1163.46,0.11596
647.867,0.0647335
845.217,0.0844103
1058.59,0.105831
1419.05,0.141888
944.737,0.0944634
1853.03,0.180922
677.254,0.0677133
766.023,0.0759293
1918.2,0.191758
1821.89,0.181504
664.749,0.0664638
703.968,0.0702235
17931.9,1.79102
4375.52,0.437091
855.883,0.0854336
995.381,0.0995074
1241.07,0.123976
2040.1,0.203868
698.506,0.0698419
1925.51,0.162543
767.167,0.0766931
846.591,0.083157
1135.45,0.113494
929.026,0.0928839
1412.03,0.141151
2261.04,0.226036
942.473,0.0942422
1217.15,0.121686
2118.63,0.211847
936.629,0.0936418
895.572,0.0895439
1152.53,0.115222
3151.22,0.313629
968.031,0.0960319
556.248,0.0555651
1748.27,0.171695
1181.94,0.11806
1430.6,0.142978
1002.53,0.099957
1128.05,0.11267
1745.11,0.174459
1342.58,0.134222
1275.96,0.127517
736.884,0.0735534
1648.4,0.164834
1302.79,0.130218
771.432,0.0771366
1323.36,0.132312
774.131,0.0774052
1803.02,0.179924
1490.5,0.148221
921.16,0.0920528
908.759,0.0908429
1260.17,0.125964
745.723,0.0741886
11190.1,1.11518
1492.65,0.149164
1375.9,0.137569
878.769,0.0877236
3156.82,0.315368
2516.68,0.251237
2089.63,0.20726
2509.65,0.250666
1237.33,0.123679
738.709,0.0738476
1034.81,0.103457
1307.09,0.13068
1552.32,0.155203
2445.32,0.244448
2139.15,0.213875
1097.1,0.109682
609.277,0.0609259
1078.99,0.107862
872.239,0.0872102
1184.47,0.118381
2157.43,0.215309
1115.24,0.110557
958.732,0.0958548
994.206,0.0993091
1434.82,0.143425
1117.72,0.111534
805.412,0.080529
2193.68,0.219255
792.075,0.0783245
6414.91,0.640539
2174.45,0.217112
624.306,0.0624237
1274.67,0.12735
1705.79,0.170524
2620.03,0.261909
1772.87,0.17722
1168.91,0.116556
1169.05,0.116642
629.904,0.0629843
860.896,0.0860764
645.488,0.0645462
376.631,0.0376529
1138.46,0.113518
2932.31,0.293165
3018.5,0.301635
980.459,0.0980205
1037.84,0.103707
1266.36,0.126545
1610.24,0.160933
1116.53,0.111567
2410.76,0.240529
1275.11,0.127421
1302.93,0.130267
2080.59,0.207629
3846.56,0.384218
1031.64,0.102749
1165.94,0.116573
1072.82,0.107196
3411.58,0.341011
1466.25,0.146567
1692.08,0.169081
2328.04,4.0024
660.397,0.0660262
2207.28,0.220548
836.844,0.0836785
1693.17,0.160725
1086.03,0.108508
1070.53,0.107048
734.719,0.0734596
1284.77,0.128424
1051.89,0.105167
2452.79,0.245202
1109.81,0.110938
1173.61,0.117314
2123.62,0.212125
980.408,0.097857
1013.32,0.101327
2411.31,0.24109
2695.56,0.269394
2294.84,0.229313
459.667,0.04595
1974.01,0.197298
1077.78,0.107541
749.963,0.0749677
2359.45,0.235862
689.365,0.0689188
1651.82,0.165157
1499.78,0.149888
693.074,0.0692605
1421.27,0.142105
758.534,0.0757763
1294.16,0.129348
1104.18,0.110377
1682.39,0.168164
852.103,0.0850829
971.238,0.097071
857.157,0.0856453
925.965,0.0925778
1908.98,0.190802
1072.22,0.10706
615.138,0.061509
990.908,0.0990546
1353.43,0.134786
1394.75,0.139414
1573.32,0.157262
2425.65,0.242321
1107.22,0.110653
1286.37,0.128627
932.977,0.093205
1584.49,0.158444
803.961,0.0803766
3057.41,0.305593
1055.13,0.105139
1861.02,0.186073
2469.52,0.246889
1574.52,0.157437
2310.8,0.230984
17915.5,3.87893
1300.38,0.13003
1033.32,0.104876
692.861,0.0692757
893.518,0.0893111
1181.64,0.118108
891.799,0.0891262
849.693,0.0849463
1040.78,0.104047
1337.63,0.133722
812.787,0.081219
1935.58,0.193386
840.32,0.0839999
1581.63,0.158142
943.33,0.0943
584.132,0.0584104
1496.23,0.149615
1346.82,0.134519
1534.64,0.15325
846.13,0.0846017
1570.3,0.157018
1348.67,0.134832
1876.79,0.187518
840.634,0.0839905
3688.6,0.368711
4906.21,0.490445
1470.64,0.147009
733.157,0.0732864
2565.47,0.256382
832.219,0.0831573
2044.3,0.204193
1204.5,0.120428
1208.4,0.120831
1952.69,0.19511
2564.92,0.256034
819.963,0.0819822
1834.9,0.183471
812.456,0.0812098
1271.16,0.127085
9285.01,0.928042
9316.32,0.930423
1457.26,0.145401
3534.55,0.35329
1264.21,0.126408
1099.72,0.109947
1466.15,0.146596
1101.62,0.110154
708.448,0.0706966
1713.23,0.171268
728.054,0.0728007
1296.01,0.12958
1054.28,0.105412
798.653,0.0798476
1119.37,0.111917
1711.64,0.17115
841.183,0.084116
705.333,0.070525
1582.19,0.158188
647.338,0.0646856
1347.25,0.134717
2457.64,0.245721
1471.17,0.147061
706.922,0.0706801
628.309,0.062776
1587.43,0.158307
766.199,0.0759738
1978.7,0.197808
930.031,0.0928979
775.126,0.0775031
1805.57,0.18052
726.938,0.0725029
975.118,0.0973285
3439.52,0.34371
1175.95,0.117285
689.006,0.0688935
1857.67,0.185648
944.174,0.0944062
2204.96,0.220431
725.343,0.0724389
2186.02,0.21854
1081.18,0.108109
1398.03,0.139782
813.143,0.0812887
1556.35,0.155604
1430.62,0.140574
1017.98,0.101785
1006.97,0.100631
894.026,0.0893896
1067.96,0.106747
1278.72,0.127822
1465.73,0.146363
1087.74,0.108754
1950.86,0.194995
1537.74,0.153685
1523.05,0.152132
1303.66,0.130307
973.646,0.0973229
1068.76,0.10682
1598.62,0.159806
1854.07,0.185368
985.023,0.0984609
7685.74,0.767312
1277.81,0.127721
1355.78,0.135556
1108.34,0.110555
953.456,0.0952683
4562.18,0.455518
1396.75,0.13948
964.067,0.0963681
812.228,0.0812179
1857.62,0.185691
813.519,0.0813321
2574.09,0.257373
1169.39,0.116902
961.976,0.0961941
1389.64,0.138951
929.131,0.0928743
1020.86,0.102055
3960.23,0.395305
2990.69,0.298689
1060.86,0.106082
734.452,0.0729832
742.376,0.0742169
1072.78,0.107255
15028.1,1.49755
5309.17,0.530378
1110.34,0.110965
1043.91,0.104361
2134.64,0.213
2056.76,0.205251
3442.06,4.85863
901.2,0.0900937
1069.66,0.105658
4075.05,0.407426
1004.22,0.100376
1208.26,0.120815
1048.77,0.10424
837.737,0.0837551
2222.02,0.222073
1090.4,0.109025
5377.89,0.536249
630.074,0.0628233
892.11,0.0891798
1575.5,0.157533
1542.66,0.153494
1711.66,0.171052
706.99,0.0706774
711.345,0.071123
4643.35,0.457737
1077.93,0.107633
1275.83,0.127492
743.602,0.0742918
1066.1,0.10659
879.693,0.0878685
900.951,0.0900573
663.126,0.0662693
1734.31,0.173384
776.311,0.0776272
1062.71,0.106141
845.039,0.0844994
2039.05,0.203714
923.72,0.0922817
2150.76,0.214495
901.664,0.0901292
990.051,0.0989617
3468.85,0.341785
1840.46,0.184036
1503.77,0.150339
1062.19,0.106186
701.353,0.0701146
969.902,0.0969821
2973.28,0.297299
1077.59,0.107714
1630.12,0.162922
8393.06,0.83781
858.356,0.0857429
1073.83,0.107353
12847.7,3.59368
1334.61,0.13345
768.108,0.0767942
894.997,0.0894499
793.969,0.0793742
1253.74,0.125367
1028.1,0.102782
594.52,0.0594402
1466.59,0.146637
795.434,0.0795047
1072,0.10719
1505.35,0.150264
1511.4,0.15102
1161.69,0.116156
865.809,0.0865286
986.69,0.0985043
971.198,0.0970504
676.995,0.0676527
1046.3,0.104596
881.176,0.0881048
932.609,0.0932443
769.094,0.0769019
2321.42,0.231959
2805.5,0.28009
1301.47,0.129794
444.872,0.0444756
1297.28,0.129675
1105.97,0.110586
807.332,0.0806814
4656.43,0.464649
1927.29,0.19267
757.913,0.075755
12370.2,1.23054
1299.4,0.129857
1444.33,0.144391
1214.64,0.121365
929.4,0.0929089
6377.04,0.636839
955.803,0.0955701
809.153,0.080638
979.965,0.0979707
1449.95,0.144711
1087.36,0.108701
3479.94,0.347767
9544.14,0.952369
1092.89,0.109265
576.807,0.0576736
2202.71,0.220121
1848.92,0.184867
881.658,0.0881356
598.316,0.0598169
823.616,0.0823367
1480.06,0.147958
1108.59,0.110852
768.795,0.0768246
847.642,0.0847284
1492.77,0.149184
1320.35,0.131905
971.478,0.0971273
12968.5,1.29465
764.59,0.0764499
2542.37,0.254147
2374.3,0.237091
1907,0.19045
3339.79,0.33385
1269.51,0.12685
1240.17,0.12389
1143.55,0.114277
4099.15,0.409803
1363.63,0.136285
817.074,0.0816937
1138.46,0.113823
1526.69,0.152474
1446.58,0.1446
1406.65,0.140466
1067.53,0.106701
2511.2,0.25109
881.886,0.0881695
679.16,0.0678168
1277.51,0.12765
1399.44,0.13969
1485.09,0.148353
2508.03,0.250326
1015.34,0.101446
3625.52,0.36227
1989.04,0.198887
923.98,0.0923838
1086.38,0.108607
1927.47,0.192328
1583.3,0.158248
805.21,0.0804883
6045.84,0.603085
1705.85,0.170521
1130.21,0.113015
3481.58,0.347909
1570.97,0.157011
1150.81,0.114993
973.174,0.0972859
795.648,0.0795414
1211.89,0.12076
1490.07,0.148958
772.337,0.0771756
1469.03,0.14684
1386.13,0.138358
974.309,0.0973833
713.86,0.0713352
896.812,0.0896721
906.418,0.0905851
1550.37,0.15501
2355.1,0.235438
1354.64,0.135454
1181.56,0.118058
439.833,0.0439819
1662.77,0.16622
1551.68,0.155098
1085.67,0.108549
1085.15,0.108417
2683.62,2.94919
9046.23,0.903798
853.402,0.0853337
1725.24,0.172498
1034.93,0.103488
2424.17,0.242196
745.286,0.0745234
3897.42,0.389396
2459.15,0.24576
1166.65,0.11665
1728.14,0.172805
737.653,0.0737144
1674,1.2649
3614.68,0.36098
977.905,0.0977565
1001.79,0.100172
1166.39,0.116268
4995.2,0.498979
28878.5,2.86019
2287.96,0.228743
916.702,0.0914891
877.886,0.0877171
1315.16,0.131502
2245.35,0.224439
2171.98,0.217082
1375.79,0.137515
1458.7,0.145839
735.996,0.0735756
843.353,0.0843321
813.288,0.0812579
1048.67,0.104842
1063.02,0.106243
1570.51,0.156987
3315.17,0.33132
652.139,0.0652036
1224.11,0.122031
1899.26,0.189847
1087.51,0.108746
952.893,0.0952863
1204.96,0.120481
2249.14,0.22485
1496.46,0.149552
1034.86,0.102827
1715.74,0.171562
21731.9,2.16054
2909.67,0.290457
21669.1,2.16089
3645.53,0.364332
1146.44,0.114634
2271.27,0.226891
2162.42,0.216163
1760.85,0.175878
1344.22,0.134361
820.301,0.0820273
3384.44,0.338278
624.71,0.0624602
1022.94,0.102122
1898.59,0.189587
3477.96,0.347735
1952.31,0.19407
968.015,0.0967922
2620.6,0.261921
1744.17,0.174362
1345.84,0.134577
1131.19,0.113026
4280.09,0.427915
1331.76,0.133127
1421.58,0.142085
1029.33,0.10291
899.032,0.0898787
1119.55,0.11185
1491.6,0.148991
1800.51,0.179827
926.612,0.0926326
1155.01,0.113249
859.116,0.0858995
2298.81,0.229857
1257.21,0.125705
6511.73,0.647567
889.612,0.0888813
2411.69,0.240921
665.48,0.0665299
1147.22,0.114646
1306.88,0.130632
841.893,0.0841604
2127.51,0.212534
971.536,0.0971493
1414.25,0.141371
507.588,0.0507371
1250.76,0.125052
643.167,0.0642208
1564.57,0.156446
1627.81,0.162703
2774.91,0.277366
1680.05,0.167986
623.12,0.062263
1474.52,0.147416
2483.97,0.248315
1119.67,0.111781
1855.34,0.185469
1071.2,0.107017
2254.46,0.225181
1154.92,0.115431
2070.89,0.207019
875.909,0.0875798
2394.41,0.239306
586.186,0.0586142
675.046,0.0674387
647.554,0.0647473
1328.68,0.13279
1277.42,0.127403
1433.24,0.143098
1180.6,0.117961
1037.12,0.103604
800.751,0.0800315
1858.58,0.185846
1611.78,0.161127
2858.48,0.285797
1719.62,0.171719
898.981,0.0895833
1756.46,0.175574
905.77,0.0904186
873.439,0.0872939
902.214,0.0901924
1239.84,0.123941
820.507,0.082033
1082.67,0.108195
1134.25,0.113421
855.04,0.0854551
1327.19,0.132705
2132.34,0.213031
1433.1,0.116507
1141.49,0.11408
1073.71,0.107327
737.739,0.0737329
1023.6,0.102331
888.377,0.0888108
1113.21,0.111294
3112.85,0.311147
1324.92,0.132478
2434.45,0.243417
902.092,0.0901336
954.343,0.0954095
4175.41,0.416358
1414.11,0.141342
1365.06,0.136347
1110.72,0.111031
1237.95,0.123787
1048.28,0.104747
992.695,0.0992553
1045.32,0.10451
911.936,0.0911382
1103.45,0.110128
2090.54,0.208932
872.808,0.0872722
1583,0.158239
622.414,0.0622192
4251.41,0.423929
1217.53,0.121742
1022.09,0.101995
4120.78,0.411477
1314.95,0.131464
853.707,0.0853683
1145.98,0.114574
1138.08,0.113792
1100.56,0.109998
770.312,0.0770223
1168.16,0.116799
1528.88,0.15283
1262.84,0.126266
1672.1,0.167016
2937.54,0.293591
1275.18,0.127496
1007.18,0.100651
922.122,0.0921686
965.25,0.096467
728.369,0.0728306
798.553,0.0797745
1847.12,0.184611
1060.71,0.106006
1158.45,0.115824
577.374,0.0577339
2557.42,0.255637
750.545,0.0750174
952.085,0.0951834
1457.41,0.145719
711.749,0.0711474
1241.73,0.124159
2179.18,0.2179
792.948,0.0792819
6661.08,0.665268
1518.94,0.151189
1024.96,0.102452
2053.63,0.204816
613.592,0.0613366
839.521,0.0839064
771.621,0.077157
711.821,0.0711705
1381.05,0.138056
849.614,0.0849113
1286.76,0.128641
1115.62,0.111521
1290.29,0.128918
872.433,0.0890967
2833.36,0.283308
723.709,0.0723622
636.309,0.0636178
889.509,0.0889095
963.622,0.0963349
758.019,0.0757645
2888.45,0.288592
2973.34,0.297286
1051.77,0.105154
1159.12,0.115771
874.617,0.0874023
584.257,0.0583893
1797.86,0.1749
1338.26,0.133783
3715.44,0.371454
1118.33,0.111653
944.194,0.0943975
927.997,0.092789
905.67,0.0905428
1359.85,0.13591
858.462,0.0858297
1421.19,0.141822
979.567,0.0979527
887.75,0.0887725
1237.03,0.123649
938.331,0.0937985
770.669,0.0770539
821.181,0.080749
977.965,0.0977895
2260.83,0.226057
1152.05,0.115192
2114.92,0.211419
1026.06,0.102569
1493.56,0.149338
1850.12,0.184985
1554.69,0.155436
1897.24,0.189573
964.487,0.0964436
1771.19,0.177051
751.382,0.0750912
814.278,0.081395
794.219,0.0793898
565.078,0.0565045
1055.59,0.105461
1563.49,0.156015
1075.43,0.107427
1259.85,0.125809
3993.22,0.392769
1186.96,0.118401
897.218,0.0896757
2167.37,0.216503
802.583,0.0802331
778.112,0.0777983
856.93,0.0856811
1280.41,0.127992
5844.74,0.584042
1071.98,0.107178
1068,0.106775
1498.9,0.149737
1055.19,0.105503
891.834,0.0891719
1027.75,0.102757
1186.95,0.118671
1480.65,0.147921
946.591,0.0946476
1340.51,0.134028
903.377,0.0902499
864.595,0.0864006
1451.97,0.145176
1172.24,0.117173
881.844,0.0881131
1799.82,0.179904
744.433,0.07439
1079.62,0.10787
1001.13,0.100109
1842.68,0.184236
769.194,0.0768879
1604.55,0.16041
2097.19,0.209572
1105.4,0.110455
1264.01,0.126341
1110.65,0.111009
968.498,0.0968469
1450.32,0.144918
869.403,0.0868889
2471.08,0.246953
582.318,0.0582243
1183.95,0.118237
1805.9,0.180476
915.06,0.0914546
791.255,0.078724
1602.53,0.160101
1738.93,0.173818
1067.53,0.106574
1952.32,0.195182
736.843,0.0736819
2498.63,0.249681
1016.3,0.101597
651.432,0.0651328
2743.59,0.274194
510.228,0.0510074
764.027,0.0763714
647.537,0.0647428
2208.8,0.220846
894.168,0.0892874
852.989,0.0852344
1113.8,0.11125
1138.68,0.113835
675.659,0.0675226
1784.5,0.178248
2201.78,0.220129
1435.57,0.143303
1734.21,0.173241
898.446,0.0897943
764.952,0.0763072
857.698,0.0857608
1932.32,0.193199
962.501,0.0962364
6564.58,0.654094
1108.61,0.110791
686.477,0.0686333
1617.13,0.161692
846.315,0.0845754
5708.92,0.570659
1044.48,0.104434
568.264,0.0568204
985.214,0.0984987
467.8,0.0467755
827.929,0.08273
648.968,0.0647737
2885.98,0.288218
1034.69,0.103257
1240.76,0.124028
1874.27,0.187317
545.257,0.0545109
843.015,0.084285
1727.63,0.172206
750.209,0.0749962
1745.72,0.174446
1077.02,0.107648
3489.96,0.348888
1472.35,0.147032
995.196,0.0995055
888.085,0.0887895
2017.52,0.201708
4119.97,0.411903
856.574,0.0856292
3018.91,0.301431
3428.71,0.342779
1248.54,0.124741
1862.76,0.186244
1537.11,0.153602
5753.21,0.574693
1324.13,0.132254
1524.73,0.152116
1072.67,0.107119
1418.77,0.141704
914.577,0.0914196
952.805,0.0952772
1658.16,0.165732
3261.17,0.326011
861.363,0.0861193
1129.67,0.111985
828.968,0.0825065
700.175,0.0697055
1972.36,0.194815
4264.58,5.7253
1242.16,0.124183
1139.1,0.113856
1983.05,0.198193
1560.25,0.155955
1007.94,0.10075
1076.81,0.10746
1069.99,0.106975
646.058,0.0645977
1398.9,0.139782
1331.67,0.133141
1587.63,0.158679
809.279,0.0808993
1683.98,0.168302
1077.09,0.107629
1193.32,0.119268
1288.08,0.128744
802.801,0.0802681
1330.01,0.132962
1128.02,0.112749
1724.07,0.172011
4466.84,0.445313
687.772,0.0687684
976.68,0.0967152
1145.87,0.114571
1299.42,0.12991
1099.03,0.109824
1193.08,0.119286
1916.5,0.191448
1008.81,0.100869
3179.3,0.317754
837.846,0.0837673
2217.42,0.221635
830.029,0.0829382
3438.84,0.343446
1903.61,0.190286
1150.35,0.115023
1194.11,0.119336
1664.86,0.166464
3335.03,0.33337
1312.96,0.131285
1345.76,0.134327
859.797,0.0859731
1221.36,0.122079
3319.11,0.331868
1144.8,0.114398
5304.52,0.530245
1516.93,0.151676
2885.04,0.288132
2655.1,0.265228
1225.25,0.122466
832.217,0.0831854
738.284,0.0736411
1491.44,0.148519
913.539,0.0912991
950.98,0.0950913
1724.81,0.172467
1077.22,0.107716
4580.11,0.457807
573.606,0.057355
1711.13,0.171099
878.385,0.0875797
1100.45,0.109571
961.817,0.0961626
1242.51,0.123836
1358.46,0.13584
1401.76,0.140144
1290.45,0.129034
986.207,0.0986057
799.471,0.0798721
1092.58,0.108242
693.288,0.0692967
856.363,0.0856311
1908.06,0.190642
1772.25,0.17702
1744.87,0.174464
3394.01,0.338821
1384.07,0.138381
1231.86,0.123167
2604.51,0.260177
24800.1,2.47505
1142.05,0.11418
645.676,0.0645641
982.367,0.098218
1807,0.180599
3077.5,0.307573
886.347,0.0885462
1140.49,0.114012
741.186,0.0741105
2170.44,0.217019
5061.7,0.505715
3951.83,0.394968
1135.28,0.113455
628.711,0.0628419
1157.27,0.115704
1735.56,0.173239
2710.92,0.270951
1363,0.136252
1731.83,0.173069
754.093,0.0753095
1158.97,0.115854
2087.66,0.208743
1009.74,0.100946
1634.15,0.163366
1258.92,0.125722
1165.94,0.11615
1077.38,0.107714
3068.53,0.306684
936.025,0.093519
2407.26,0.240671
622.984,0.0621989
3087.5,0.308492
1094.73,0.109365
2877.92,0.287526
980.917,0.0979441
1037.64,0.10375
698.412,0.0698238
362.139,0.036192
1008,0.100726
840.093,0.0840048
926.446,0.092641
1129.5,0.112927
787.341,0.0786552
965.307,0.0962893
1178.62,0.117843
679.315,0.0679222
2124.15,0.212033
1288.19,0.128761
1082.59,0.10824
693.771,0.0693018
1097.21,0.109701
1839.86,0.183448
1322,0.132186
1306.86,0.13064
920.435,0.0919952
912.448,0.091228
993.229,0.0880757
5304.24,0.529997
1453.6,0.145342
871.577,0.0871045
906.464,0.0906349
4904.66,0.490156
1188.65,0.118736
1524.84,0.152396
1145.01,0.114451
2648.74,0.264744
2123.26,0.212256
1351.76,0.13511
844.923,0.0844889
1180.47,0.118015
1291.6,0.129052
2865.31,0.286368
1267.66,0.126641
1008.55,0.100817
1424.61,0.141615
1323.04,0.132291
884.005,0.0883754
2749.71,0.273552
1910.41,0.19103
2119.44,0.211823
2100.18,0.209418
1186.4,0.11856
586.878,0.058681
908.357,0.0907745
1493,0.149273
1687.72,0.168511
1238.57,0.123825
1334.91,0.133344
801.56,0.0800202
1178.14,0.117798
896.144,0.08948
1157.51,0.115674
1421.42,0.142123
1498.79,0.149831
782.487,0.0782258
1310.48,0.130922
1130.96,0.113055
1579.63,0.157635
3384.89,0.301933
1692.83,0.168478
1048.82,0.104856
850.882,0.0850535
764.244,0.076329
856.836,0.0856459
1476.9,0.147684
598.297,0.0598108
818.759,0.0817993
1275.36,0.127509
603.073,0.0603048
2156.57,0.215537
1160.3,0.115992
754.967,0.0748215
899.958,0.0899652
1697.95,0.169764
777.892,0.0777821
1561.19,0.156097
1154.34,0.115333
745.651,0.074559
1251.01,0.125035
1020.28,0.102019
1254.37,0.13919
2203.85,0.220181
1878.85,0.187867
1129.81,0.112926
1015.46,0.101259
1694.97,0.169387
1454.22,0.145391
1489.25,0.148897
1484.82,0.148454
2450.23,0.244652
6869.95,0.686455
1659.92,0.165841
2281.17,0.22807
972.11,0.0971696
1166.47,0.116641
1255.23,0.125512
7462.85,0.744462
1648.71,0.164839
1771.11,0.177078
2264.76,0.225296
1239.47,0.12389
1024.34,0.102345
2422.91,0.241915
2540.17,0.253996
946.666,0.0946612
2508.67,0.250822
1109.52,0.110868
1854.43,0.185326
1030.6,0.10301
587.646,0.0587502
1439.68,0.143918
1393.43,0.139276
549.759,0.0549726
1403.52,0.140166
819.578,0.0819423
938.451,0.0938126
1879.13,0.187833
612.268,0.0609832
748.148,0.0747869
1597.77,0.159633
1575.22,0.157353
891.911,0.0891849
1891.92,0.189151
659.453,0.0658276
1056.42,0.10554
937.902,0.0933897
1205.96,0.120582
9009.98,0.899958
856.564,0.0856436
1797.83,0.179772
2052.59,0.205073
867.51,0.0867479
1517.86,0.151635
1135.32,0.113499
2164.05,0.216366
2751.13,0.275094
830.324,0.0829362
1124.48,0.112422
1761.37,0.176083
846.54,0.084639
7390.65,0.737263
1993.62,0.199275
828.887,0.0828737
1144.55,0.114399
3080.26,0.307968
3377.09,0.332924
680.573,0.0680289
924.44,0.0924407
1735.75,0.173429
2543.9,0.25394
1134.68,0.113463
641.588,0.0641568
1526.05,0.152593
941.101,0.0941021
1397.17,0.139706
1908.42,0.190794
2078.83,0.206758
618.55,0.0618414
967.789,0.0967441
1066.58,0.106645
362.095,0.0362063
1385.45,0.138515
4898.8,0.485932
921.778,0.0921566
1272.15,0.127205
2154.49,0.214136
942.507,0.0942451
1181.73,0.118125
1860.11,0.185837
1416.75,0.141651
1372.66,0.137214
703.021,0.070266
872.35,0.0872291
1402.52,0.140143
1576.83,0.157657
1481.44,0.148127
737.53,0.073646
903.844,0.0903821
1264.55,0.126415
970.559,0.0969866
1355.41,0.135134
1051.65,0.10508
1594.85,0.159354
877.968,0.0877779
823.559,0.0823456
1365.22,0.136489
2705.21,0.270303
1647.3,0.163431
1398.09,0.139781
597.077,0.0596911
1692.09,0.168996
1831.91,0.183042
1401.93,0.140164
1175.95,0.117573
1047.82,0.104684
1224.16,0.122364
1219.85,0.12193
1294.57,0.129345
1021.59,0.102104
1909.97,0.190794
1756.46,0.175619
1972.03,0.196975
689.878,0.0689794
1745.24,0.174504
1332.66,0.133236
2290.98,0.228591
632.455,0.0632112
967.822,0.096766
1530.26,0.152962
1369.84,0.136885
1306.75,0.13067
1286.73,0.128607
674.978,0.0673429
1714.73,0.171455
1404.67,0.140416
937.577,0.0937494
9698.28,0.967397
633.187,0.0632981
2188.98,0.218775
693.29,0.0693067
495.031,0.0494886
2008.57,0.200739
681.411,0.0681035
871.786,0.0871573
789.417,0.0789296
864.758,0.0864628
2142.95,0.214237
1648.48,0.164527
1349.74,0.134699
1926.66,0.192511
1564.62,0.156451
1454.15,0.145406
1702.09,0.170166
1105.89,0.110486
14127.5,1.40899
987.803,0.0987706
738.049,0.0737282
1111.12,0.110825
1737.44,0.1737
1063.31,0.106295
2989.5,0.298639
820.265,0.0819557
980.846,0.0980801
1097.64,0.109733
857.854,0.0857603
2109.12,0.210828
1275.58,0.127532
1573.72,0.157285
1397.61,0.139678
1186.36,0.118617
1344.41,0.134148
1296.54,0.129634
855.613,0.0855499
2883.92,0.287929
912.123,0.0911689
765.07,0.0764562
980.48,0.0980194
1597.8,0.159739
1089.09,0.108828
1238.42,0.123586
982.688,0.0982273
2085.03,0.207668
1839.72,0.183665
1087.83,0.107196
1162.7,0.116251
1095.02,0.109397
1153.36,0.115307
1733.25,0.172355
1836.55,0.183626
2717.81,0.271718
1086.98,0.108678
1225.06,0.122473
972.118,0.0971341
644.802,0.0644624
950.116,0.0949918
878.215,0.0878109
952.781,0.0952699
7367.62,0.736239
1567.82,0.156657
1784.88,0.178335
558.576,0.0557717
1054.51,0.105415
838.879,0.0838487
1886.93,0.188579
855.422,0.085505
1452.16,0.145066
1377.31,0.137658
1189.49,0.118928
4412.66,0.440647
1567.27,0.155821
955.283,0.0943818
3631.04,0.362872
1870.44,0.186986
1098.22,0.108456
589.7,0.0589616
1423.28,0.14232
1098.08,0.109781
1224.46,0.122306
454.308,0.045427
1026.12,0.102583
984.402,0.0983943
1078.55,0.107604
708.536,0.0708519
1061.57,0.106151
1001.12,0.100103
1568.55,0.156832
1245.07,0.124468
1303.13,0.130306
2401.09,0.240047
985.399,0.0984508
2365.56,0.236456
656.604,0.0656389
824.107,0.0823829
389.871,0.0389831
1179.91,0.117901
1074.79,0.107368
2233.55,0.223135
1326.53,0.13254
15039.6,1.50202
1182.01,0.118186
1013.04,0.100864
1249.1,0.124876
833.518,0.0832169
1525.15,0.152484
1445.35,0.14444
1551.4,0.155011
3696.56,0.369578
1305.89,0.130511
1331.13,0.132904
6316,0.631329
943.224,0.0943108
886.28,0.0885772
744.138,0.0744037
926.423,0.0925783
1953.04,0.195017
1820.59,0.182029
956.56,0.0956358
1538.55,0.153841
2591.69,0.259143
2301.08,0.229922
1484.33,0.14826
1382.29,0.138028
2098.91,0.209721
752.968,0.0752733
1365.6,0.136501
851.53,0.0851022
2608.99,0.260631
1052.44,0.105213
1804.05,0.180392
3127.21,0.312237
1300.88,0.130059
633.622,0.0633326
928.643,0.0928462
4093.27,0.408891
743.021,0.0742979
1091.44,0.109137
3229.13,0.322687
2074.57,0.207338
886.441,0.0885954
667.383,0.0667215
941.054,0.0940983
1645.41,0.164469
1000.28,0.0999865
2265.55,0.226356
2155.2,0.215433
1483.75,0.148203
575.079,0.0574947
732.684,0.073229
2880.04,0.287864
761.443,0.0760009
908.513,0.0908224
2634.02,0.262541
769.03,0.0768631
1093.05,0.109293
1032.45,0.102989
1154.85,0.115428
791.796,0.0791661
1908.17,0.190763
861.321,0.0850017
1521.89,0.152172
1027.51,0.102581
5393.82,0.538456
1048.82,0.104854
3657.68,0.365542
1630.04,0.162925
1133.34,0.113191
698.146,0.0696942
6173.39,0.616779
1223.16,0.122267
2520.43,0.251875
590.185,0.0590152
1071.13,0.107054
823.091,0.0823014
655.406,0.065515
1041.96,0.104189
888.414,0.0888351
726.555,0.0726447
1590.11,0.158957
2110.01,0.210974
1266.59,0.126615
724.757,0.0724587
833.919,0.0833865
9425.43,0.939592
2180.25,0.217949
1683.91,0.168327
1266.27,0.126612
1193.43,0.119103
6621.01,0.661448
1368.74,0.136591
536.198,0.0535932
935.985,0.093104
944.915,0.0944142
1321.82,0.13216
2270.62,0.226071
1424.14,0.14236
1658.52,0.165773
1105.71,0.110561
1791.76,0.179113
1791.72,0.17912
986.338,0.098493
1324.04,0.131576
10285.8,1.02752
1654.03,0.165337
1136.92,0.113675
1084.6,0.108414
1123.91,0.112356
700.925,0.0700073
1231.9,0.123049
1201.9,0.120153
1289.93,0.128955
2580.35,0.257964
992.234,0.0991488
1106.73,0.110586
1070.54,0.107041
1001.1,0.100084
1907.8,0.190756
5213.4,0.522691
1214.37,0.121395
1123.36,0.112138
1324.9,0.132456
1047.92,0.104685
1671.9,0.166539
757.732,0.0757695
1249.42,0.1249
3358.31,0.335572
1153.78,0.115155
1912.4,0.191133
1191.84,0.119147
611.385,0.0610958
1375.06,0.137466
967.589,0.096724
863.118,0.0863056
8802.91,0.876206
1086.97,0.108686
1057.58,0.105632
998.041,0.0997983
484.2,0.0484113
1352.88,0.135213
852.716,0.0851864
1385.09,0.138467
1615.35,0.161449
2509.79,0.250874
2586.47,0.258555
1213.03,0.121265
830.813,0.0830704
794.437,0.0793504
639.531,0.063917
707.936,0.0707843
919.475,0.091814
883.587,0.0883356
1361.38,0.136027
1066.74,0.106276
656.561,0.0656538
3523.2,0.351968
1063.17,0.106309
906.541,0.0906383
756.347,0.0756294
1893.17,0.189253
1558.56,0.155849
942.306,0.0941884
1760.74,0.17601
1040.47,0.103966
959.229,0.0958842
1094.91,0.109474
3756.45,0.375041
744.208,0.0744105
2118.31,0.211726
1892.87,0.188892
599.089,0.0599035
1067.79,0.106703
890.1,0.0889803
1018.95,0.101885
1029.28,0.100171
942.746,0.0942681
1478.58,0.147819
2533.48,0.253181
1118.8,0.111782
3910.59,0.390792
1016,0.101583
898.661,0.0897914
8902.55,2.22679
1376.42,0.13757
1050.3,0.104832
2407.88,0.240681
3294.95,0.329038
1030.85,0.102946
5682.32,0.560878
1816.48,0.181562
2184.55,0.218223
874.51,0.0874315
9804.47,0.979546
646.373,0.0646291
719.962,0.071833
776.55,0.0776295
1853.53,0.185274
758.978,0.0758625
2455.98,0.245358
4725.64,0.472178
14488.9,1.44378
766.877,0.0766829
1651.82,0.165077
6278.05,0.627432
1250.62,0.124865
920.193,0.0920051
1051.52,0.10512
699.801,0.0696824
1308.64,0.130748
1724.79,0.172414
1304.18,0.130394
2455.35,0.245357
2348.17,0.234604
1763.83,0.176273
1104.68,0.110451
559.6,0.0559353
1902.75,0.190203
949.812,0.0949656
983.961,0.0983819
666.947,0.0666905
1232.79,0.123266
1291.32,0.129097
1771.15,0.177002
828.418,0.0828195
993.879,0.0993465
2351.91,0.234896
1319.28,0.131813
1086.36,0.108435
1397.23,0.139516
503.759,0.050363
1037.11,0.103701
738.286,0.073719
588.191,0.0587874
4298.01,0.429484
1004.15,0.100399
714.701,0.0714168
734.271,0.0734037
1382.33,0.138155
873.163,0.0871925
1050.17,0.104976
1127.83,0.112771
4718.1,0.471608
710.648,0.070664
688.536,0.068835
554.982,0.0554942
4327.58,0.432303
1096.78,0.109606
5608.97,0.560528
1712.81,0.17035
893.096,0.0892897
1308.87,0.130874
1049.16,0.10491
637.064,0.0636973
3738.64,0.373578
902.611,0.0901696
2136.27,0.213496
749.034,0.0748615
4811.47,0.480604
992.15,0.0991767
1541.73,0.1541
2057.63,0.205619
1268.13,0.126799
735.243,0.0735166
969.256,0.0969155
16128.3,1.60528
945.163,0.094507
1229.06,0.122877
1862.53,0.186233
1316.02,0.131579
5943.68,0.592862
2004.63,0.200428
1522.92,0.152184
670.51,0.0670471
1480.25,0.147778
863.845,0.0861684
2870.08,0.286929
1681.4,0.168047
802.936,0.080284
824.149,0.082402
877.953,0.0877642
1038.93,0.103872
1598.95,0.159844
3478.12,0.347656
1574.09,0.157206
731.274,0.0731077
783.927,0.0783733
1080.59,0.108
828.623,0.0828237
821.807,0.0820897
931.922,0.093172
755.621,0.0755588
1435.36,0.143468
1366.05,0.136596
9156.83,0.915474
2305.27,0.230484
1325,0.132471
606.138,0.060376
31155.9,3.08696
1822.77,0.182253
585.962,0.0585764
1414.56,0.141314
2853.19,0.285268
1172.43,0.117228
1776.98,0.177664
2770.55,0.276886
1161.68,0.116113
867.201,0.0867011
2589.49,0.258708
5327.94,0.531053
2348.91,0.234863
743.456,0.0743364
1073.74,0.107284
1478.41,0.147817
1331.36,0.133111
1592.59,0.159184
1206.93,0.120635
3537.9,0.353682
587.544,0.0587479
1336.7,0.133574
729.871,0.0729864
2287.25,0.22868
1791.09,0.179068
1249.94,0.124987
2613.04,0.261147
863.153,0.0861279
1278.93,0.127805
988.254,0.0988041
1089.5,0.108833
1503.74,0.150361
3546.45,0.354498
1244.72,0.124453
1194.55,0.119375
1227.99,0.122771
610.056,0.060955
3831.64,0.382605
978.009,0.0977715
6883.38,0.687685
561.172,0.0561026
635.653,0.0634076
804.755,0.0804508
1441.02,0.143881
1320.14,0.132003
907.562,0.0907061
1386.18,0.138554
4396.46,0.439327
1186.96,0.118674
2075.41,0.207437
1814.02,0.181269
879.135,0.0879122
2478.1,0.247738
1165.76,0.116435
1174.6,0.11745
2155.99,0.215502
1072.68,0.107253
12526.7,1.24537
856.606,0.0856593
2638.86,0.263809
1845.94,0.183927
783.86,0.0783528
974.665,0.0974524
848.031,0.0843795
2151.84,0.215122
887.281,0.0886893
1261.64,0.125972
1536.16,0.153421
1997.69,0.199759
2006.49,0.200484
1191.72,0.119147
1001.94,0.100178
980.729,0.0980669
849.478,0.084938
1525.55,0.152524
1755.77,0.175333
2793.68,0.279099
2572.67,0.257232
1288.12,0.128708
1347.84,0.134699
940.812,0.0940773
1020.89,0.102073
1551.38,0.155076
2838.95,0.283749
3721.51,0.372078
2294.32,0.229288
1112.95,0.111286
1969.01,0.196784
1308.47,0.130772
3419.53,0.334433
1195.48,0.119502
1452.37,0.145227
1477.79,0.147605
1155.54,0.115479
959.575,0.0954093
1332.05,0.133188
1100.87,0.110069
950.417,0.0949738
2184.71,0.218354
594.624,0.0594493
1438.8,0.143669
796.036,0.0795521
2167.44,0.216673
1047.4,0.104714
879.327,0.0877866
1492.39,0.149211
879.647,0.0879357
1964.7,0.196423
2176.93,0.217559
737.737,0.0737491
1043.44,0.104232
1101.21,0.110033
1175.91,0.117571
1315.54,0.131545
1078.68,0.107828
1390.65,0.139052
1169.04,0.116841
962.859,0.0961364
776.517,0.0776318
1156.75,0.11396
1474.78,0.146998
1989.5,0.198911
1507.76,0.150649
1986.59,0.19857
1144.96,0.114447
1272.71,0.127182
3809.35,0.380576
888.009,0.0885871
2421.07,0.242068
993.962,0.0991666
1512.38,0.151212
1029.33,0.102902
1225.63,0.122503
1520.21,0.151751
8233.89,0.821782
1220.81,0.122
967.805,0.0965877
944.417,0.0944053
544.896,0.0544809
1418.36,0.141826
1492.76,0.149215
1217.88,0.121697
1573.3,0.157228
827.68,0.0827534
968.535,0.0968394
3017.08,0.301354
776.36,0.0776189
1146.42,0.114608
1902.68,0.190103
1051.28,0.10475
880.796,0.0880085
1513.77,0.150739
11083.9,3.07163
3441.57,0.343624
991.118,0.0990798
2481.28,0.247987
1106.11,0.110528
983.898,0.0983782
766.271,0.0766159
904.323,0.0904155
1254.47,0.125413
1559.04,0.155576
1224.23,0.122374
816.339,0.0816304
861.782,0.0861648
1807.94,0.179804
1108.65,0.110812
1700.48,0.169928
1070.53,0.106957
994.774,0.0994639
1556.64,0.155631
2746.21,0.274464
1147.19,0.114638
1134.86,0.113452
1588.14,0.158702
1399.67,0.139954
1267.98,0.126764
3202.7,0.319968
876.938,0.0876891
1042.52,0.10423
939.679,0.0939052
1465.65,0.146077
1351.45,0.135135
1730.39,0.172987
876.938,0.0876236
1179.18,0.117893
1139.42,0.113861
795.08,0.0794841
2364.8,0.236338
1354.45,0.13543
864.257,0.0863619
1727.61,0.17264
1763.02,0.176274
1234.98,0.123442
630.841,0.0630651
2138.04,0.21356
3100.83,0.30982
3930.61,0.392974
1281.95,0.12818
866.223,0.0865993
2097.92,0.209735
974.849,0.0974565
615.926,0.0615842
988.382,0.0988173
815.693,0.081529
1739.73,0.173929
1675.2,0.167464
1299.12,0.129841
1183.33,0.118327
831.945,0.0831884
1033.02,0.102846
1624,0.161971
918.112,0.0917998
2413.1,0.241251
2948.09,0.294666
2138.92,0.21358
2762.95,0.275664
972.871,0.0972642
1448.61,0.144838
1597.5,0.159713
957.511,0.095611
1203.95,0.120387
726.035,0.0725931
2738.96,0.273783
1227.77,0.121817
2517.71,0.250195
907.622,0.0907246
1051.84,0.105033
1301.82,0.130111
1906.94,0.190666
1194.13,0.119377
1083.58,0.10832
1090.78,0.109007
1112.44,0.111028
1645.18,0.164499
1838.36,0.183788
807.956,0.0807866
1043.59,0.104239
845.075,0.0843823
784.621,0.078453
503.274,0.0502245
6062.27,0.605734
1050.45,0.105028
2325.23,0.232412
1022.74,0.102249
1773.75,0.176985
1314.43,0.131437
6252.69,0.624978
1438.2,0.1437
690.335,0.0690168
2891.55,0.288696
1040.36,0.103999
1378.44,0.137831
2087.11,0.208164
1429.04,0.142764
1391.58,0.139151
1413.65,0.141277
1142.13,0.113998
1833.3,0.183212
854.304,0.0853929
1019.65,0.1011
1120.69,0.112049
2279.41,0.227776
1397.79,0.139772
1101.99,0.11016
815.362,0.0815328
915.893,0.0915577
3073.43,0.307216
1255.21,0.125427
1296.68,0.127883
820.412,0.0819735
897.564,0.0897244
1259.65,0.125782
1103.41,0.110272
9743.93,0.971582
1344.84,0.134188
639.745,0.0638525
1674.66,0.167415
1291.62,0.129126
1302.92,0.130283
1310.24,0.130947
803.211,0.0802316
948.935,0.0948758
1804.27,0.180373
943.23,0.0942642
4801.32,0.479102
791.048,0.0790953
1711.2,0.171071
1156.32,0.115625
10179.1,1.01678
1014.78,0.101444
2007.23,0.200642
1019.03,0.101851
1238.1,0.123686
1468.29,0.146751
1156.64,0.115641
868.117,0.0867549
3666.88,0.365991
1165.85,0.116524
1218.97,0.12188
2609.58,0.260643
841.277,0.0840755
998.066,0.0994144
1459.81,0.145072
1108.73,0.11079
936.83,0.0936278
764.734,0.0764642
965.905,0.0965205
750.536,0.0750483
731.84,0.0730271
796.549,0.0796331
646.777,0.064624
891.46,0.0891272
1115.58,0.11155
1139.26,0.113879
1363.44,0.136313
623.92,0.0623693
1013.02,0.101215
876.146,0.0875616
1114.07,0.111397
1040.76,0.104049
1215.74,0.121535
1177.99,0.117741
2009.01,0.200529
2191.39,0.219078
967.749,0.0965214
1341.32,0.134088
1548.29,0.154641
690.75,0.0690661
1668.78,0.166722
1385.13,0.140629
921.873,0.0921418
2936.64,0.293322
1078,0.107766
1816.35,0.181469
1273.58,0.127214
15839.5,2.71377
1618.25,0.160984
860.617,0.0860569
1301.02,0.129754
1964.12,0.196258
13825.2,1.3774
1078.38,0.106837
6412.51,0.639987
1819.69,0.181946
1820.92,0.182052
1209.38,0.120916
2407.15,0.24048
1125.08,0.112474
1052.95,0.10517
933.457,0.0933236
1487.22,0.148562
2800.22,0.27999
609.302,0.0608916
1078.5,0.107825
797.521,0.0797346
1014.58,0.10141
2663.76,0.266308
3801,0.379766
642.999,0.0642966
744.956,0.0744627
962.866,0.0962566
1162.29,0.116194
1321.33,0.131954
3541.09,0.353707
1374.42,0.137366
864.479,0.0864138
1532.59,0.153244
1205.04,0.120455
1098.37,0.109815
613.887,0.0613777
1574.57,0.157427
686.314,0.0685696
725.389,0.072504
1702.32,0.169893
3898.07,0.389576
1852.67,0.185029
943.328,0.09431
1309.27,0.130853
1235.29,0.123308
2004.49,0.200396
1027.25,0.102714
5774.91,0.577244
1337.82,0.133731
1601.52,0.160056
1119.38,0.11152
1853.92,0.185377
4860.64,0.485417
765.443,0.0765293
1206.36,0.120213
1079.53,0.107865
1320.51,0.132037
1272.76,0.126632
2003.76,0.20035
1272.6,0.127216
743.283,0.074323
890.784,0.0889656
1102.53,0.110196
884.403,0.0880563
1799.22,0.179755
887.132,0.0886434
1039.26,0.103905
1266.57,0.126634
1171.8,0.11716
1363.03,0.136252
703.105,0.0702758
976.502,0.0976361
1080.14,0.107988
847.495,0.0847414
1145.82,0.114571
3314.7,0.331406
924.246,0.0913036
520.298,0.0519897
1047.59,0.10475
8585.29,0.853393
860.067,0.0859387
1912,0.191054
1051.42,0.105043
923.607,0.0923566
767.986,0.0767431
1046.74,0.104578
1832.91,0.183091
1264.06,0.1264
1332.06,0.130742
9762.99,0.974134
999.05,0.0998552
866.821,0.0866616
4362.11,0.435698
2435.71,0.242947
1676.61,0.167601
1038.38,0.103774
1815.22,0.181429
1458.34,0.14578
963.932,0.0963452
1018.24,0.101764
975.967,0.097578
2711.78,0.270941
1277.43,0.127717
1258.3,0.125613
825.031,0.0824207
1684.97,0.16847
955.298,0.0955121
595.82,0.0595782
836.682,0.0836199
1008.7,0.100838
1921.97,0.192134
20931.1,2.07979
955.546,0.095348
1352.04,0.135143
2286.99,0.228507
1649.37,0.164773
1298.12,0.129732
1058.18,0.105813
3484.45,0.34825
6938.58,0.692879
863.531,0.0863344
838.652,0.0838374
842.624,0.0842443
837.065,0.0836842
1012.72,0.101262
1341.11,0.134079
621.156,0.0620799
1377.77,0.137753
818.932,0.081879
1630.01,0.162837
2059.19,0.205503
1253.97,0.125337
1211.84,0.121151
1164.97,0.11646
1798.59,0.179517
913.487,0.0912787
1091.75,0.109015
679.168,0.0678308
986.176,0.098427
995.926,0.0995607
1019.11,0.101891
1255.77,0.125554
870.83,0.0870737
4655.91,0.465251
2271.48,0.226626
1563,0.156264
3459.05,0.34584
1149.8,0.114965
2851.83,0.2851
4055.66,0.40448
1251.51,0.125093
1466.09,0.146566
2130.96,0.213001
2365.26,0.236411
1582.33,0.158198
750.051,0.0749805
1561.65,0.156155
1333.08,0.133272
614.641,0.0612701
1021.6,0.102063
1702.06,0.170049
2475.58,0.247281
1108.97,0.11085
1394.85,0.139415
1156.44,0.115611
1438.64,0.143408
964.657,0.0964443
1405.16,0.140428
2192.19,0.218793
917.115,0.0916913
1100.8,0.109373
1430.72,0.142963
1014.6,0.101426
2138.31,0.213695
1137.73,0.113741
1928.52,0.192786
950.057,0.0949008
803.383,0.0803307
692.275,0.0692196
988.428,0.098772
509.518,0.0509478
3271.83,0.32681
1904.32,0.190384
541.278,0.0541185
1209.77,0.120931
2221.71,0.222095
3792.61,0.378801
1054.48,0.105407
1259.22,0.125872
1117.48,0.111743
652.974,0.0652892
831.805,0.0831655
2590.48,0.25868
733.184,0.0732632
1234.17,0.123331
1692.52,0.169195
3328.41,0.332741
2143.14,0.213872
2520.25,0.251948
1231.51,0.12311
1591.17,0.15902
778.492,0.0778413
899.509,0.0899426
750.783,0.0750592
2502.79,0.250189
1120.5,0.112041
847.497,0.0843888
1433.18,0.143145
1105.36,0.110266
851.137,0.0851053
6049.23,0.603311
706.884,0.0706425
1823.88,0.18237
685.781,0.0685677
1140.23,0.113953
1494.3,0.149399
1271.79,0.127139
1702.34,0.170183
2402.71,0.2387
2445.12,0.244458
884.099,0.0883859
1115.05,0.111491
1294.66,0.129403
1326.56,0.132531
905.018,0.0904854
4370.55,0.436844
2098.49,0.209809
1098.21,0.109729
1489.43,0.148799
1360.62,0.135975
1496.46,0.149631
745.762,0.0745439
2043.63,0.204353
847.7,0.0847277
2497.68,0.249215
891.284,0.0891172
2438.47,0.243734
1382.35,0.138018
7438.59,0.742325
1395.55,0.139536
1631.39,0.163016
973.038,0.0972653
1440.33,0.14402
1480.02,0.147816
2552.77,0.255139
1208.14,0.120794
2045.47,0.20451
4067.07,0.405995
792.279,0.0792086
1867.34,0.186432
1557.55,0.155732
809.932,0.0809857
1704.02,0.168703
2491.22,0.248745
599.982,0.0599522
685.777,0.0685544
1708.81,0.170765
758.002,0.075791
1256.91,0.125637
831.165,0.0830958
972.436,0.0972283
1753.62,0.175316
1135.03,0.113467
812.453,0.0812177
5138.72,0.513395
1149.17,0.114905
1504.59,0.150429
2274.79,0.227408
1604.7,0.160443
1388.26,0.138789
1806.9,0.180632
591.533,0.0590433
2131.45,0.212976
1365.26,0.136504
834.214,0.0833113
2117.18,0.211616
1018,0.101756
954.255,0.0954012
2566.25,0.256346
920.605,0.0920414
1731.9,0.173139
790.788,0.0790598
919.851,0.0919803
1044.91,0.104448
2044.83,0.204223
785.76,0.0785372
696.546,0.069587
3354.81,0.335391
2789.59,0.278775
873.669,0.0873339
819.026,0.0818962
660.434,0.0660355
972.544,0.0972126
1175.63,0.117503
5224.74,0.521788
1375.78,0.137556
2440.79,0.243473
689.452,0.0689361
802.37,0.0802225
1086.62,0.108645
921.104,0.0920952
2147.33,0.214451
2814.31,0.281302
675.469,0.0674937
3347.6,0.334171
1290.13,0.128933
3176.2,0.317156
957.125,0.095679
1211.59,0.121137
1081.97,0.108169
3780.2,0.377822
1048.92,0.104854
1966.99,0.196605
1607.48,0.160657
1193.93,0.1192
1051.12,0.105094
595.646,0.0595148
839.675,0.0835627
771.425,0.0770272
989.164,0.0988995
1148.29,0.114495
1028.54,0.102801
603.79,0.0603608
1366.52,0.136598
1775.81,0.177525
1467.8,0.14643
543.273,0.0542931
1090.17,0.109013
1214.81,0.121366
2122.2,0.212059
1587.65,0.158732
2425.68,0.242425
