EnergyDeposit(eV),LET(keV/um)
792.002,0.078919
909.972,0.0909859
666.514,0.066628
991.325,0.0991204
1220.33,0.121854
771.377,0.0771296
840.276,0.0839973
1283.07,0.128295
1079.58,0.10793
2569,0.256805
2559.33,0.255743
1012.96,0.101292
1758.26,0.174807
920.375,0.0919224
999.36,0.0999236
936.581,0.0936443
1012.34,0.101183
1853.37,0.183737
1247.13,0.124693
685.516,0.0685337
993.146,0.0992818
1607.26,0.160704
775.276,0.0775082
767.701,0.0767584
2098.53,0.209824
887.213,0.0887132
1323.4,0.132231
1128.87,0.112838
1532.72,0.152899
1165.67,0.11652
711.82,0.0711266
2191.34,0.219021
2154.42,0.215339
1045.15,0.104428
1673.83,0.167352
1123.94,0.112318
2081.2,0.208093
1613.08,0.161291
4385.31,0.432061
5931.68,0.592784
3426.79,0.342578
1315.18,0.131207
938.216,0.0938075
1064.73,0.106471
1538.26,0.153819
10834.5,1.07867
1348.9,0.134582
717.4,0.0717333
883.572,0.0883556
2212.07,0.221187
875.487,0.0875082
925.55,0.0924417
709.146,0.0709085
1036.02,0.103597
1596.1,0.159596
1271.9,0.127127
3378.4,0.33776
921.26,0.0921218
1473,0.147256
978.943,0.0978528
2155.79,0.215422
919.948,0.091978
1506.67,0.150522
1033.74,0.103325
640.383,0.0640209
844.371,0.084321
1614.07,0.161366
1467.78,0.146684
1093.29,0.10932
1562.67,0.156242
783.28,0.0782663
3136.78,0.313274
880.256,0.087978
1030.56,0.103045
997.754,0.0997463
1303.4,0.130139
1265.49,0.126392
878.01,0.0877968
1933.42,0.193058
1077.48,0.10768
1138.77,0.113804
732.473,0.0731857
2067.89,0.206774
1802.43,0.180153
1236.56,0.12365
3588.21,0.358698
3568.8,0.356624
1100.23,0.109981
3553.73,0.355265
1068.3,0.106825
1047.49,0.104695
1708.41,0.170721
954.54,0.0954129
2519.48,0.251123
1201.24,0.120042
3497.16,0.349343
3053.96,0.305147
3048.98,0.304653
1728.16,0.172408
4312.51,0.431101
1958.82,0.195786
2860.71,0.285407
1328.39,0.132606
1716.36,0.171632
791.701,0.0790679
828.774,0.0828507
951.471,0.0951367
923.287,0.0922965
2361.24,0.236014
1200.84,0.119988
987.645,0.0987062
2411.94,0.240657
1741.02,0.173952
985.573,0.0985494
1505.52,0.150136
1185.72,0.118465
1582.94,0.15826
1530.02,0.152997
4484.33,0.446592
1043.7,0.103544
1980.57,0.197967
1586.69,0.15845
1029.79,0.102922
952.776,0.0952091
2811.98,0.281176
979.984,0.09795
676.967,0.0668474
903.885,0.0903833
1643.48,0.164334
905.965,0.0905896
2334.21,0.232565
1637.42,0.163567
1637.05,0.163665
2587.72,0.254674
2303.06,0.230043
2068.39,0.206406
915.914,0.0915299
1546.32,0.153228
983.712,0.0979868
1097.96,0.109778
1330.56,0.132991
1933.09,0.193154
1396.79,0.139663
3345.36,0.334185
746.256,0.0746196
1040.92,0.104079
1605.1,0.160461
1039.67,0.103869
902.965,0.0901839
960.938,0.0960737
909.011,0.0908949
1698.07,0.169787
2735.45,0.273461
855.711,0.0855598
2682.73,0.268082
1736.89,0.173662
1325.55,0.13251
1185.01,0.118486
1250.35,0.124741
3980.93,0.397837
8704.64,0.869795
838.779,0.0838615
1060.18,0.106014
3664.68,0.36631
2139.71,0.213776
3015.77,0.301026
1620.53,0.161877
1120.95,0.111952
1407.71,0.140629
536.273,0.0536244
2278.15,0.227503
1275.16,0.127495
1140.2,0.114013
1332.99,0.131383
1257.27,0.125626
864.083,0.0863806
1214.81,0.121441
645.408,0.0645066
995.52,0.099501
1169.58,0.116903
1108.68,0.11086
826.6,0.0825486
968.089,0.0968009
7184.33,0.717234
6451.29,0.641885
1770.89,0.177013
1649.28,0.164676
1374.25,0.137164
7833.47,0.782338
1772.03,0.177137
852.968,0.0852626
1177.19,0.117686
1069.03,0.106861
1103.14,0.110279
953.192,0.0953117
2145.11,0.214349
1077.12,0.107631
886.572,0.0886296
991.887,0.0991372
681.804,0.0681709
950.513,0.095029
670.018,0.0669202
1594.59,0.159454
646.519,0.0646386
10173.1,1.01579
1085.14,0.108503
2683.5,0.26817
836.676,0.083528
2757.82,0.275746
923.985,0.092397
2573.28,0.257266
1019.06,0.103453
737.829,0.0737682
832.443,0.0829806
1268.71,0.126049
2269.07,0.22667
7244.68,0.723555
491.343,0.0491257
2590.6,0.258649
925.995,0.0925489
4610.55,0.459798
761.087,0.0761074
1078.14,0.107801
1158.89,0.11588
716.025,0.0715644
1472.29,0.147213
1620.06,0.161914
886.621,0.0886205
2309.39,0.230902
1253.87,0.125283
1808.44,0.180803
1382.75,0.138213
1003.58,0.10035
1638.67,0.163829
1500.52,0.150026
963.505,0.0963195
1596.85,0.159372
1128.41,0.112737
989.308,0.0989235
1424.81,0.142266
1250.32,0.125002
644.967,0.0644473
1100.82,0.110048
868.455,0.0864271
2923.22,0.292239
1625.98,0.162532
844.423,0.084414
761.402,0.076079
2282.83,0.227914
690.411,0.068986
1292.74,0.129234
1028.52,0.102818
1347.69,0.134687
853.019,0.0851522
1226.35,0.122613
1314.66,0.131443
1072.42,0.107234
2137.04,0.213254
2059.1,0.205773
2117.06,0.211655
1356.04,0.135577
1022.72,0.102252
854.639,0.0854247
745.236,0.0745044
1979.96,0.197762
728.673,0.0727858
974.956,0.0974928
14748.5,1.46661
5152.16,0.514132
897.163,0.089713
1338.3,0.133609
1031.36,0.10313
1674.85,0.167436
1728.51,0.172155
1394.91,0.139445
555.759,0.0555672
2882.59,0.288005
734.183,0.0734098
1954.09,0.195354
7447.55,0.744239
1078.38,0.107819
925.624,0.0925545
1149.77,0.11488
3639.13,0.362845
1782.43,0.178135
2889.41,0.288595
1049.18,0.104704
1623.02,0.162231
912.567,0.0912065
1406.87,0.140656
1471.32,0.146738
2097.99,0.209746
1944.01,0.194337
1007.64,0.100715
1126.59,0.112647
1278.8,0.127258
11618.1,1.15875
1177.2,0.117673
1395.57,0.139511
1779.93,0.177914
1103.75,0.110363
771.754,0.0770859
998.02,0.099473
1187.03,0.11865
1206.4,0.120622
881.22,0.0877896
1325.81,0.132558
1320.18,0.131839
1445.57,0.144545
1117.15,0.111694
2383.6,0.238185
2452.96,0.245239
819.45,0.0819011
620.187,0.0620153
917.901,0.0917348
875.359,0.0872288
1308.52,0.130703
3118.26,0.31165
2316.76,0.231384
1066.22,0.1066
1356.63,0.135643
832.547,0.083226
4211.2,0.421035
1222.93,0.122255
1301.66,0.130158
1385.64,0.138561
1696.65,0.169635
809.995,0.0809028
846.236,0.082364
482.856,0.048269
1338.26,0.133793
899.173,0.0899
938.088,0.0930544
956.139,0.0956041
1519.14,0.151471
1235.16,0.123483
1865.22,0.186482
3737.39,0.373254
893.667,0.0893007
892.18,0.0891461
1084.69,0.108448
1250.85,0.125029
1644.63,0.164405
1496.12,0.149541
1671.21,0.166936
2027.13,0.202706
971.409,0.0971382
525.49,0.052544
918.17,0.0918044
9525.34,0.949813
2730.91,0.272709
616.339,0.0616261
847.913,0.0847428
9174.21,0.890202
6501.26,0.649904
2399.05,0.239867
782.043,0.0781971
1653.31,0.16526
1034.77,0.103454
2142.36,0.214153
1938.66,0.190887
15847.4,1.56823
4718.89,0.471775
1194.26,0.119419
1296.56,0.129573
693.384,0.0693292
1053.48,0.1053
782.565,0.0781987
1568.77,0.156851
1635.8,0.163401
1579.52,0.15778
1929.2,0.192834
821.6,0.0821588
1205.47,0.120419
1066.14,0.106569
549.283,0.0549201
756.187,0.0755743
857.082,0.0812615
4459.23,0.445451
1628.09,0.1628
1106.4,0.110636
3729.15,0.372892
918.592,0.0918368
1123.74,0.11237
923.591,0.0923416
2604.43,0.260388
1653.11,0.164456
623.896,0.0623888
1474.76,0.14741
1023.51,0.102311
1361.26,0.136115
1376.7,0.137211
959.392,0.0959317
1097.16,0.109711
1971.37,0.197062
1898.9,0.188846
1937.35,0.192922
1821.74,0.182059
1047.59,0.104748
636.764,0.063577
1652.81,0.16524
2662.44,0.266185
1017.4,0.101585
2119.97,0.211975
876.241,0.0875933
1039.43,0.103896
1478.62,0.147801
848.038,0.0847623
1574.07,0.156172
998.803,0.0998411
761.889,0.07618
2278.79,0.22764
940.579,0.0940448
2337.56,0.233693
1046.08,0.104496
1768.15,0.176596
1144.75,0.114465
1975.15,0.196986
1763.97,0.176157
1339.29,0.133923
1993.52,0.19922
3091.6,0.309007
1155.68,0.115504
2753.87,0.274989
988.468,0.0939632
1532.27,0.153215
922.796,0.0922616
952.457,0.0952367
1049.7,0.104669
405.985,0.0405949
3146.06,0.314553
842.433,0.0842384
775.435,0.0775367
482.011,0.0481935
944.472,0.0944334
1786.62,0.177854
1587.68,0.158552
1256.17,0.125605
1055.76,0.105408
1929.19,0.19285
1269.78,0.126931
1648.84,0.164827
723.253,0.0723146
2000.56,0.199532
1741.98,0.17407
3347.34,0.334502
1255.66,0.125536
2431.11,0.243037
1045.31,0.104507
2377.37,0.237629
549.225,0.0549176
1406.89,0.140636
967.684,0.0967268
2120.41,0.21201
2260.91,0.226045
1397.97,0.139774
1043.84,0.104376
781.74,0.0781553
7169.02,0.716485
2529.6,0.252609
2422.32,0.241894
1234.72,0.12313
967.903,0.0967788
1073,0.107276
1134.79,0.113442
2440.5,0.243786
838.356,0.0838173
1151.74,0.115149
4990.48,0.498003
1126.59,0.11262
1214.79,0.121471
1074.58,0.107263
2443.05,0.243818
1347.59,0.134741
845.713,0.0845581
1116.75,0.111574
2398.88,0.239442
1266.18,0.126534
1969.93,0.196952
1229.16,0.122777
1937.42,0.193621
5710.87,0.568062
2047.57,0.19894
2453.2,0.244974
1689.34,0.156665
1288.41,0.128742
1650.21,0.16468
747.191,0.0746459
998.338,0.0997874
520.85,0.0520803
1721.07,0.172068
1015.78,0.101515
740.195,0.0739897
3756,0.371062
740.161,0.073334
2047.59,0.204686
1674.43,0.167391
655.754,0.0655744
18541,3.62031
782.341,0.0777542
675.518,0.0674719
1445.52,0.1445
882.754,0.0882618
1861.84,0.186096
871.636,0.0870319
895.785,0.0893384
2625.49,0.262533
827.247,0.0826841
1151.33,0.115071
2209.13,0.217899
6582.19,0.657854
1318.12,0.131797
1330.8,0.132859
944.3,0.0944186
1334,0.133048
2301.64,0.229958
2869.33,0.286419
854.958,0.0854856
1268.57,0.126826
1791.89,0.17899
903.739,0.0903676
1321,0.132044
1666.12,0.166587
2201.62,0.217529
1234.59,0.123426
1281.45,0.126569
1200.11,0.119765
2758.38,0.275503
1251.82,0.12513
5146.23,0.510518
727.331,0.0727266
2495.22,0.24932
983.852,0.0983334
1066.34,0.106612
4679.08,0.467759
922.071,0.0921391
1890.83,0.188963
1193.67,0.119357
1385.57,0.138541
544.981,0.0544154
1159.17,0.115894
975.616,0.0975155
1431.58,0.143095
964.993,0.096404
1529.55,0.15287
1321.61,0.13182
1266.72,0.126665
3619.38,0.361668
1180.28,0.118011
1547.26,0.154637
13830.6,1.38226
2781.99,0.27812
1184.12,0.118307
865.271,0.0865236
1465.41,0.146531
1066.8,0.106664
1138.5,0.113811
5085.18,0.508097
3279.13,0.327445
1127.61,0.112744
1223.97,0.122234
924.369,0.0924334
4995.49,0.497981
2103.3,0.21013
856.668,0.085545
1933.33,0.19327
478.268,0.0478257
1830.76,0.183013
1201.74,0.120068
1707.31,0.17052
3663.11,0.366225
873.908,0.0873764
1209.88,0.120953
25981.7,2.5708
1560.71,0.156055
2706.02,0.27053
3491.52,0.349092
1332.84,0.133205
2950.71,0.295049
938.902,0.0938799
1153.44,0.115189
1178.05,0.117592
1336.81,0.13365
526.295,0.0526211
764.774,0.0763845
4244.23,0.423875
1312.63,0.131176
1367.16,0.13663
1243.28,0.124196
1653.13,0.165242
1074.58,0.103528
1191.14,0.119079
1237.46,0.123709
765.692,0.076512
902.169,0.0902042
2047.34,0.204697
830.409,0.0830048
929.397,0.0929153
1450.88,0.144927
1003.11,0.100285
834.411,0.083399
1382.51,0.137908
928.883,0.0928086
1475.12,0.147265
920.26,0.0919881
1277.57,0.127715
1341.18,0.134078
1095.5,0.10954
993.458,0.0993377
977.789,0.0977534
1628.7,0.162839
1891.48,0.189076
4511.89,0.450767
1207.57,0.118689
880.05,0.0879903
1472.62,0.147069
957.277,0.095718
1481.55,0.148095
1865.91,0.186567
924.461,0.0924363
2330.78,0.233046
1924.11,0.192189
858.101,0.0855507
724.763,0.0724454
950.774,0.0950186
1287.14,0.128488
748.994,0.0748955
1316.94,0.131114
1809.26,0.180353
1388.11,0.138756
1873.99,0.187233
2076.63,0.206772
1931.84,0.193118
1396.7,0.139605
2522.87,0.252155
1678.47,0.16781
1520.68,0.151085
423.379,0.0423288
1483.74,0.148365
1138.08,0.113793
1112,0.111142
1882.5,0.1882
1217.84,0.121769
1662.41,0.16623
865.076,0.0861699
2228.41,0.222668
1211.63,0.121151
860.498,0.0859854
1117.55,0.111669
368.667,0.0367843
623.152,0.062315
1953.27,0.194904
1500.65,0.150006
1736.34,0.173572
1769.18,0.176857
991.198,0.0990954
1498.95,0.149838
4154.34,0.415127
1153.27,0.115295
1567.99,0.156608
1034.58,0.103421
959.295,0.0958716
810.687,0.0809718
929.664,0.0929572
1776.16,0.177472
1906.26,0.190547
2292.94,0.229277
2438.8,0.243372
1612.59,0.16125
574.873,0.0574637
884.678,0.0883931
977.487,0.0975547
850.516,0.085024
1150.57,0.115012
1336.23,0.133618
883.646,0.0883592
2041.2,0.18514
872.553,0.0872162
1208.07,0.120798
1279.3,0.127904
1388.8,0.138838
1024.64,0.102334
1320.35,0.132018
678.202,0.0678106
1526.4,0.15235
3900.06,0.389776
1152.35,0.115224
1431.41,0.143086
3164.23,0.316141
1526.27,0.152589
1489.15,0.148831
691.722,0.0690905
966.01,0.096531
3215.21,0.320372
985.653,0.0985105
725.238,0.0724761
769.14,0.0768541
1387.98,0.13876
1210.54,0.120902
1158.57,0.115841
871.729,0.0871425
911.269,0.0911194
5011.68,0.500944
4634.49,0.462967
696.972,0.0696841
1213.41,0.121254
619.713,0.0619153
1377.67,0.137748
3320.17,0.331442
1884.63,0.188194
1646.46,0.164621
2499.5,0.249585
1271.66,0.126931
773.842,0.0771673
1690.36,0.168816
1519.5,0.151935
852.636,0.0852253
1560.47,0.155876
1149.03,0.114796
1340.02,0.133997
3015.92,0.301548
2547.23,0.25453
3125.58,0.312414
5314.61,0.53058
956.414,0.0956328
1046.33,0.104599
1153.37,0.114109
823.393,0.0823347
1138.41,0.113735
1945.93,0.194484
1932.5,0.193238
939.177,0.0939027
838.723,0.0837962
3226.58,0.32257
1672.07,0.167146
513.589,0.0512635
1131.46,0.113088
1496.14,0.149596
1351.87,0.135129
2013.06,0.201226
4170.18,0.337805
2494.14,0.249152
2860.04,0.285873
762.221,0.0760688
462.742,0.0462728
975.339,0.0975047
973.986,0.0973801
1626.09,0.162563
771.529,0.0771419
1040.32,0.103526
5395.03,0.537797
1208.36,0.120824
1280.14,0.127902
1592.15,0.159134
1600.73,0.160037
1312.47,0.130734
1144.47,0.114358
1844.83,0.184427
1725.29,0.172406
1176.9,0.117195
1319.26,0.131908
720.775,0.0720128
4951.67,0.493239
977.163,0.0974592
813.108,0.0813086
768.13,0.0768107
707.872,0.070784
966.334,0.0965999
1534.35,0.153106
1286.24,0.128553
1185.63,0.118381
2021.49,0.202007
9423.37,0.941041
901.745,0.0900223
926.712,0.0926604
1348.14,0.134741
786.362,0.0784014
1381.37,0.13808
3775.69,0.377453
1009.64,0.100691
1114.28,0.111419
1308.81,0.130876
474.29,0.04742
1089.46,0.108876
1292.46,0.129145
860.273,0.0860184
1638.48,0.163766
687.797,0.0686279
1866.94,0.186637
777.031,0.0776964
962.285,0.0961409
1681.13,0.168086
788.667,0.078839
1568.71,0.156834
853.209,0.085223
797.659,0.0797416
2053.73,0.205267
2054.27,0.205304
2004.65,0.200264
1228.99,0.120386
580.938,0.0580899
1059.71,0.103792
2708.19,0.270774
1994.56,0.199403
2279.17,0.227733
3120.34,0.311936
1963.69,0.196286
1627.29,0.162713
1418.85,0.14179
1496.85,0.149549
2274.23,0.227374
1735.3,0.17334
1329.38,0.132698
1329.58,0.185261
1730.02,0.172469
1629.29,0.162814
2409.88,0.240731
1809.14,0.180903
1122.65,0.112248
1159.63,0.115954
883.612,0.0883339
3185.68,0.318038
1535.28,0.153264
1038.33,0.103781
848.237,0.0847526
1347.87,0.134764
1166.8,0.116671
810.106,0.0807927
1483.03,0.148279
1571.45,0.157109
925.416,0.0925323
1357.4,0.135633
3654.61,0.364915
2311.67,0.230973
1711,0.161957
890.626,0.0890395
1188.62,0.118841
1353.67,0.13533
437.031,0.0436961
1944.98,0.19438
866.041,0.0863194
1215.81,0.121519
1140.71,0.113856
1259.22,0.125909
1676.48,0.16745
1164.89,0.116466
1244.65,0.124348
9280.97,0.926947
1708.28,0.170806
1261.86,0.12613
1389.79,0.138938
802.253,0.0802211
1300.55,0.129729
739.022,0.0738812
1060.31,0.10534
1269.25,0.126889
1140.72,0.11403
1222.17,0.122113
3530.44,0.352616
4092.67,0.40922
719.452,0.0719386
2369.07,0.234761
2060.49,0.205962
1340,0.133978
983.628,0.0983361
669.962,0.0669896
1752.57,0.175119
952.165,0.0951291
664.819,0.0664333
1859.42,0.185709
1230.03,0.122995
2498.47,0.249551
1889.78,0.188936
784.859,0.0783766
1016.15,0.101395
691.289,0.0691238
1306.38,0.130521
821.54,0.0820841
1588.16,0.158706
1091.2,0.109049
1724.66,0.172443
801.516,0.0801303
1253.74,0.12528
1201.95,0.120191
4008.07,0.400534
1136.59,0.11361
746.443,0.0745759
692.437,0.0692384
2348.98,0.23488
1296.1,0.129593
766.631,0.076615
1166.2,0.116594
789.987,0.0789747
1970.14,0.196382
1196.43,0.119615
956.449,0.0955526
943.725,0.0942938
1515.79,0.151539
457.128,0.0456658
980.44,0.0978685
3027.41,0.302479
660.885,0.0660771
849.746,0.0849462
1094.25,0.109417
583.426,0.0583103
1326.95,0.13268
619.791,0.0619786
727.028,0.0726763
3313.05,0.331166
5820.83,0.580939
1962.69,0.19611
1260.97,0.1258
1320.06,0.131921
855.219,0.0855094
702.186,0.0701972
934.683,0.0934462
6584.12,0.65753
810.516,0.0808266
1241.5,0.124111
1439.35,0.143772
1590.96,0.158689
1868.81,0.186792
1201.99,0.120193
939.07,0.0937772
821.614,0.082151
1304.5,0.130417
1890.07,0.188985
1481.77,0.148128
1062.61,0.106239
1976.94,0.197636
1044.03,0.104201
1880.07,0.187969
1328.95,0.132837
749.942,0.0748716
1823.13,0.182108
2428.19,0.24265
1697.17,0.169626
753.768,0.0753668
973.309,0.0972798
1388.64,0.138807
12985.6,2.55338
857.775,0.0857687
3716.66,0.371438
1404.41,0.140423
1154,0.115382
718.601,0.0714839
1556.75,0.155652
815.407,0.0814544
2115.64,0.210952
873.704,0.0873485
930.005,0.0928383
648.196,0.0648167
761.406,0.0758463
1691.01,0.168958
4141.65,0.413937
615.956,0.0615657
1980.55,0.197973
1099.61,0.109902
961.94,0.0961613
1612.56,0.16077
898.535,0.0897785
1787.67,0.178716
1277.79,0.127665
2411.93,0.241088
1817.05,0.181653
973.042,0.0972583
898.661,0.0896998
1324.65,0.132204
2006.79,0.200638
1160.84,0.116042
1748.73,0.174769
988.305,0.0984065
1820.18,0.179349
1080.66,0.108061
1632.14,0.163205
1356.86,0.13561
2558.87,0.255708
1849.41,0.184757
1241.81,0.12417
1324.8,0.132446
1884.46,0.188394
5230.18,0.522294
1056.12,0.105605
2776.29,0.277524
1084.62,0.108377
884.811,0.0884739
920.022,0.091855
1261.64,0.126101
1003.24,0.100316
609.526,0.0609038
1025.89,0.102443
875.67,0.0874174
974.477,0.0973834
1125.12,0.112479
10478,1.04616
918.855,0.0918613
1213.96,0.121306
2192.24,0.218936
911.623,0.0911171
2112.47,0.211182
1549.42,0.154759
1580.54,0.158029
1000.68,0.0999609
1610.28,0.160877
2362.79,0.236208
1406.77,0.140429
1136.97,0.113643
1398.93,0.139814
1242.73,0.124266
902.104,0.0902069
848.914,0.0848697
1526.74,0.152646
3901.23,0.389731
2089.63,0.208926
895.618,0.0894846
3070.71,0.306823
1548.18,0.154486
1553.83,0.155287
957.181,0.0956719
2198.3,0.219362
2057.39,0.205455
1802.9,0.180124
1582.05,0.158145
1321.55,0.132103
2089.5,0.20889
823.249,0.0822608
1352.05,0.134962
877.141,0.0875656
784.115,0.0783893
1059.97,0.105992
1520.1,0.152004
1209.14,0.120781
800.76,0.080043
1916.61,0.191644
1460.36,0.14598
1204.05,0.120335
2171.53,0.216998
1048.09,0.104763
1692.47,0.168926
1792.78,0.179075
2460.3,0.245969
1060.23,0.105707
1238.42,0.123735
845.765,0.0845005
1053.78,0.100841
1654.14,0.165357
1726.75,0.17266
1733.96,0.173347
1301.58,0.130064
591.336,0.0591151
592.837,0.0592577
1578.38,0.157815
1216.25,0.121607
911.387,0.0911055
1402.63,0.140226
1358.76,0.135771
1307.62,0.130751
1484.85,0.148119
1748.95,0.174736
1111.78,0.111123
1071.18,0.107104
967.446,0.0966899
1086.91,0.108678
1156.34,0.115443
978.592,0.0978362
3148.49,0.313786
819.323,0.0819299
1013.07,0.101253
1086.94,0.108642
1651.92,0.165074
954.519,0.0954429
812.372,0.081213
1909.63,0.190915
1704.13,0.17038
1346.44,0.134586
1518.88,0.151834
860.435,0.0857994
1004.57,0.100402
1992.36,0.19892
950.653,0.0949889
1343.45,0.134334
993.305,0.0993185
1290.99,0.128991
2816.53,0.281301
4277.67,0.427482
813.417,0.0811661
457.88,0.045787
1192.66,0.119101
1083.89,0.108374
6984.26,0.697244
1680.75,0.168042
2679.48,0.26759
1463.53,0.145895
1678.62,0.167769
3206.43,0.320447
1211.74,0.12111
934.207,0.0934006
1741.14,0.174023
2785.34,0.277543
1259.37,0.125883
2543.83,0.254335
1249.13,0.124762
791.479,0.0790833
2454.15,0.244706
745.093,0.0744945
1384.32,0.138377
1458.34,0.145778
1029.97,0.102917
2803.56,0.279681
1820.61,0.182023
698.57,0.0698485
1146.31,0.114582
2054.65,0.204846
915.694,0.0915333
5073.49,0.506902
959.466,0.0959418
1462.59,0.146046
2023.31,0.202303
1280.22,0.128007
4072.26,0.406812
1328.99,0.132891
3189.06,0.50009
773.846,0.0773518
1257.95,0.125465
1177,0.117609
855.296,0.0854423
883.119,0.0882909
1174.77,0.117439
2828.53,0.282698
3317.44,0.33111
1031.47,0.103124
621.763,0.0621758
754.717,0.0754654
680.906,0.0680488
1976.36,0.197483
944.639,0.0944019
1323.02,0.132201
1331.71,0.13315
791.763,0.079162
1423.66,0.142296
1436.16,0.143514
1501.01,0.150091
630.554,0.115254
3792.2,0.377932
638.581,0.0638541
1157.13,0.115681
1921.09,0.1921
1143.55,0.114293
1186.75,0.11856
1069.84,0.106944
1630.71,0.16296
2910.56,0.290672
699.529,0.0698328
1933.03,0.193265
2013.34,0.20132
745.226,0.0744506
811.023,0.0810859
744.184,0.0743938
1905.95,0.190293
1443.29,0.144231
1126.26,0.11261
636.503,0.0636476
3381.82,0.338112
10070.8,1.00308
793.406,0.0793112
1158.36,0.115815
1257.03,0.125613
856.662,0.0854975
1360.48,0.135849
1755.6,0.175493
2198.63,0.219503
604.312,0.0604024
983.284,0.0982313
2380.4,0.237927
1050.17,0.104998
863.707,0.0863605
615.596,0.061558
1495.54,0.149532
1287.67,0.128724
1054.74,0.105412
1459.72,0.145956
941.232,0.0937595
1266.87,0.12656
987.608,0.0987316
1042.47,0.103539
622.815,0.062178
1500.8,0.149867
757.505,0.07574
808.231,0.0808106
829.866,0.0829662
1473.25,0.147
831.439,0.0830617
872.906,0.0871671
918.134,0.0917682
622.126,0.0622002
1808.66,0.180829
822.353,0.0821895
1811.67,0.181091
8300.15,0.829796
1100.12,0.109996
1194.4,0.118957
1257.05,0.123608
1118.92,0.111804
1642.91,0.164283
1653.94,0.165222
2917.61,0.291532
3280.87,0.327862
3188.93,0.318851
1148.59,0.114747
1340.09,0.133823
891.23,0.0891095
1500.84,0.150073
758.767,0.0756643
10141.3,1.01134
1361.83,0.136137
1602.58,0.160206
853.239,0.0853092
1665.18,0.166422
1896.89,0.189666
1350.77,0.135069
1224.68,0.122367
10197.2,5.43032
1140.65,0.113903
689.654,0.068947
1046,0.104571
625.453,0.0625158
2885.42,0.28681
2445.02,0.244292
4027.02,0.402018
1338.21,0.132615
1135.01,0.112897
1610.11,0.160943
1445.42,0.140443
1310.96,0.13102
1856.63,0.185404
1148.42,0.114813
973.126,0.0972466
1607.8,0.160733
631.633,0.0631407
1152.71,0.115256
2543.75,0.254168
828.329,0.0827509
1546.01,0.154505
1677.98,0.167642
5721.4,0.571785
825.53,0.0825391
1290.27,0.129001
2135.77,0.213368
1338.98,0.133884
1159.74,0.115909
927.452,0.0926316
4406.85,0.439965
1676.14,0.167551
977.113,0.0976821
15390.8,1.53734
1617.12,0.16161
923.718,0.0923566
1893.88,0.189334
1171.86,0.117055
2767.79,0.276525
538.59,0.0538146
1356.49,0.135602
589.556,0.0589493
1212.86,0.121239
1131.07,0.113095
835.348,0.0835109
974.865,0.0974272
1490.08,0.148601
2190.8,0.218741
1645.97,0.160926
1648.65,0.164734
1628.8,0.162753
594.903,0.0594857
1142.74,0.114165
714.422,0.0714223
814.847,0.081141
1389.2,0.138908
3059.74,0.305602
1668.72,0.166708
2807.04,0.280668
1669.62,0.16692
2310.39,0.23075
2918.81,0.291837
688.104,0.0687817
883.068,0.0883049
787.405,0.0787271
850.119,0.0850043
3424.04,0.342233
1842.94,0.18425
1282.74,0.128247
1462.77,0.145901
4631.8,0.462167
1195.56,0.119487
2660.88,0.260776
7517.73,0.747476
1571.28,0.156966
1311.79,0.130916
1322.44,0.132196
1821.12,0.182082
7222.98,0.72161
1269.68,0.12688
941.265,0.0941206
1242.77,0.123073
1073.76,0.107358
1378.28,0.137749
1795.68,0.179496
625.668,0.0625625
1169.81,0.116959
18340.3,1.81797
912.105,0.0906175
2043.22,0.204114
533.706,0.0533206
965.335,0.0963669
1428.76,0.14285
1797.39,0.1797
2052.63,0.205139
1022.75,0.102116
1414.72,0.141389
2359.69,0.235686
3757.42,0.375617
863.409,0.0863367
1814.98,0.181467
2348.09,0.23473
1795.36,0.179424
817.453,0.0817403
989.853,0.0989719
846.842,0.0846744
621.246,0.0620216
1249.12,0.124894
716.607,0.0716272
2814.07,0.280802
1784.7,0.178077
1643.74,0.164285
3003.73,0.299625
1229.96,0.122948
692.916,0.0692872
841.58,0.0841361
769.091,0.07688
931.636,0.0931358
7824.92,0.782223
957.384,0.0956946
9518.2,0.95043
1125.21,0.112461
2450.42,0.239101
760.106,0.075888
1052.94,0.105276
1000.14,0.100008
855.002,0.0854888
1838.83,0.183808
791.664,0.0791601
1541.69,0.154111
1973.83,0.197281
1179.7,0.117944
1524.52,0.152393
1358.18,0.135639
2471.3,0.246816
1156.59,0.115573
1010.33,0.100884
1353.73,0.13533
3082.82,0.307995
2750.18,0.274701
1814.97,0.181386
1021.17,0.102108
667.665,0.0667107
1456.73,0.145662
2496.96,0.249144
783.493,0.0777487
1991.76,0.199145
1387.66,0.138635
1824.74,0.182364
609.65,0.0609452
982.478,0.098225
1807.33,0.179751
1958.76,0.195681
2694.95,0.269118
1055.95,0.105453
1478.36,0.147829
1141.43,0.114134
1022.74,0.102271
2288.61,0.228706
1511.74,0.151167
515.97,0.0515959
757.788,0.075777
791.864,0.0788228
5743.06,0.574084
1666.39,0.166602
1500.88,0.149967
1736.95,0.172234
3510.75,0.35028
818.627,0.0818365
1105.64,0.110522
1950.95,0.194785
799.39,0.0799328
1291.88,0.129138
1022.93,0.102269
2811.41,0.281108
1320.25,0.131971
2353.32,0.235212
941.936,0.0941741
2143.04,0.214276
993.758,0.0993617
1885.34,0.18809
751.659,0.0751223
4358.18,0.434977
850.78,0.0849699
1423.21,0.142194
663.098,0.0662563
1019.19,0.101865
791.051,0.0790886
805.061,0.0805053
1665.86,0.166487
1187.32,0.118645
482.147,0.0482043
6611.63,0.660969
1580.72,0.157398
1904.68,0.188153
1064.14,0.106347
1643.17,0.164302
1377.41,0.13764
1079.67,0.107951
996.501,0.0996023
1222.1,0.122201
802.266,0.0802105
2118.23,0.211497
717.289,0.0717163
1026.15,0.102502
2066.09,0.206244
1250.34,0.12495
1036.04,0.103533
1244.68,0.124374
2491.58,0.249103
1308.16,0.130729
1800.9,0.179848
920.735,0.0920527
942.786,0.094275
2472.21,0.247141
1373.07,0.137266
1887.25,0.188631
2313.7,0.231308
2565.38,0.256429
2899.14,0.289238
1529.75,0.152934
1330.58,0.133027
821.625,0.0821041
976.451,0.0976155
1432.12,0.142538
1459.31,0.145675
689.571,0.0688803
3820.15,0.381592
2385.33,0.238501
1962.8,0.196156
1562.45,0.156082
1119.34,0.10698
862.378,0.0862168
938.817,0.0936437
1589.5,0.158903
903.866,0.0903839
4374.9,0.437114
1171.72,0.117157
823.15,0.0821243
1474.56,0.146993
3473.08,0.347249
952.833,0.0952564
1087,0.108678
1035.53,0.103461
733.569,0.0733467
870.929,0.0868988
742.231,0.0741993
1166.54,0.116632
688.51,0.0688424
3412.07,0.34096
695.857,0.0695595
646.57,0.0646353
665.215,0.0664779
1757.48,0.175705
832.691,0.0832309
1498.7,0.149781
1187.27,0.118658
1205.53,0.120526
1036.22,0.103601
736.333,0.0735802
1798.35,0.177181
2584.49,0.258142
1551.58,0.155064
1245.61,0.124521
692.562,0.0692291
1153.07,0.115271
1219.7,0.121939
1729.65,0.17285
802.196,0.0800814
1460.1,0.145962
2326.61,0.232517
1502.92,0.150243
1141.31,0.112804
1003.96,0.100167
779.704,0.0778838
1667.97,0.166775
1783.48,0.178323
5096.86,0.509441
801.047,0.0800761
1644.46,0.164127
1199.96,0.119927
570.548,0.0570401
7327.4,0.732588
3288.77,0.328761
1312.31,0.131212
744.772,0.0744644
1108.23,0.110774
1230.33,0.123022
1511.43,0.151118
801.96,0.0801345
2187.66,0.218446
1205.8,0.120516
1052.43,0.105199
1345.83,0.134486
1003.95,0.100376
1117.27,0.11165
1028.76,0.102864
948.874,0.0948628
953.358,0.0953151
1399.98,0.139264
1394.19,0.139412
1417.71,0.141671
1019.37,0.101912
1533.62,0.153315
15019.6,1.46798
644.049,0.0643871
1243.05,0.124279
4023.68,0.402309
1201.2,0.120089
1536.86,0.153643
856.052,0.0856042
1676.69,0.167637
730.878,0.0730587
2417.1,0.241695
6508.66,0.650527
2669.87,0.26623
1186.8,0.118673
706.798,0.070462
1635.97,0.163517
945.548,0.0944903
1459.7,0.145766
1174.92,0.117452
1917.56,0.191714
1435.78,0.143395
4302.29,0.429016
570.948,0.0570898
1040.34,0.103992
1016.63,0.101652
1350.33,0.134895
608.778,0.0608218
1973.65,0.196955
772.962,0.076789
5100.94,0.509255
1505.89,0.150514
822.553,0.0822539
1690.81,0.168989
951.16,0.0949777
2289.54,0.228425
900.975,0.0900641
1083.95,0.108359
2132.3,0.213052
904.441,0.0904229
1544.06,0.15439
984.697,0.0984497
1156.81,0.115654
1045.75,0.104186
3633.22,0.362899
699.001,0.0698945
2411.57,0.239778
1390.67,0.139057
2488.11,0.248689
985.886,0.0985403
795.238,0.0794841
1599.36,0.159801
1433.39,0.142771
2495.07,0.249425
2026.2,0.202591
1398.06,0.13975
805.533,0.0805375
1180.27,0.118024
635.236,0.0635213
1766.48,0.176616
621.093,0.0620841
1271.85,0.12718
1230.08,0.122931
1139.76,0.113972
865.464,0.0865394
924.166,0.0924019
1251.98,0.125188
1087.39,0.108672
714.35,0.0713947
1129.1,0.112859
2434.9,0.243296
2444.28,0.244194
979.1,0.0978891
8225.26,1.72168
1562.18,0.156081
1470.72,0.14705
2844.09,0.284295
720.34,0.0720169
783.033,0.0782178
499.749,0.0499662
1984.59,0.19838
998.473,0.0998325
772.009,0.0771944
2651.55,0.265097
1271.62,0.127067
869.023,0.0868813
6280.26,0.625861
1284.17,0.128374
1146.4,0.114599
1532.18,0.153116
1336.34,0.133593
2091.44,0.208815
1307.5,0.130741
4994.27,0.499061
851.98,0.085169
1861.54,0.18612
1609.67,0.160944
1964.25,0.196369
1261.16,0.126106
2748.75,0.274768
2107.11,0.21067
1709.36,0.170906
4336.15,0.433186
2961.43,0.296029
1068.42,0.106841
941.794,0.094125
1745.2,0.17448
582.293,0.0582248
1497.9,0.146602
1646.26,0.164584
725.159,0.0725103
1802.15,0.180098
658.178,0.065766
1675.95,0.167122
3088.21,0.308184
1162.32,0.116199
1573,0.157107
1432.8,0.143262
624.279,0.0624176
987.925,0.0987379
1101.51,0.110134
886.224,0.0884015
3817.02,0.381305
1565.91,0.156546
1346.39,0.134577
674.745,0.0674066
1232.99,0.123261
1499.52,0.149876
2005.69,0.200445
1157.03,0.11569
748.325,0.0747903
2356.77,0.23566
949.168,0.094794
1061.46,0.106048
633.236,0.0633099
706.963,0.0705706
1791.84,0.179164
1816.1,0.181546
1859.11,0.150254
851.529,0.0851425
1200.66,0.120005
2841.14,0.284005
1054.73,0.10538
740.551,0.0740361
839.4,0.0838813
502.843,0.0502583
747.146,0.0747087
6253.47,0.624658
1910.12,0.190883
573.321,0.0571736
692.682,0.0692131
1240.72,0.124049
1351.15,0.135022
1076.93,0.10717
1521.64,0.152026
2872.93,0.287229
2487.7,0.248717
1954.43,0.195349
903.027,0.0902887
1570.45,0.156995
2500.2,0.249608
1342.47,0.134238
846.292,0.0846192
1019.17,0.101899
966.311,0.0966221
1925,0.19239
1611.89,0.161048
892.313,0.089198
1646.46,0.164592
1159.92,0.115807
668.526,0.0668452
2144.26,0.214394
1379.41,0.137927
1097.88,0.109729
1280.75,0.127891
1488.91,0.148824
795.928,0.079588
1283.77,0.12836
772.85,0.0772454
1170.52,0.117031
1760.69,0.175931
2332.53,0.232909
1882.12,0.187995
1065.31,0.106107
2010.5,0.200913
1108.63,0.110806
1031.39,0.103111
1193.13,0.119263
883.267,0.0883163
814.852,0.0813904
1064.48,0.106388
1530.51,0.152973
3727.59,0.372668
1682.9,0.168233
655.752,0.0655705
3405.97,0.340485
1531.39,0.153019
2002.23,0.200136
1544.25,0.154192
741.826,0.0739206
1190.41,0.119032
2002.85,0.200003
2120.98,0.210875
1610.68,0.161024
936.475,0.0936217
1113.16,0.111196
2395.33,0.23833
1675.08,0.167353
846.014,0.0845997
1126.05,0.112576
8410.69,0.838164
1138.51,0.113843
585.708,0.0585548
1267.84,0.126635
4049.5,0.402835
811.625,0.0811577
1288,0.128782
2386.72,0.237961
6594.89,0.659452
2449.28,0.244873
1448.15,0.144797
848.673,0.0848381
1540.79,0.154053
1914.53,0.191433
696.33,0.069624
1148.74,0.114857
885.871,0.0885649
2455.81,0.245191
721.898,0.071812
1258.44,0.12582
1385.82,0.138477
1483.25,0.148194
1642.51,0.164063
1329.97,0.132894
873.35,0.0872011
1310.69,0.13085
783.595,0.0783366
2041.41,0.203953
1197.7,0.119724
2424.64,0.241734
1270.46,0.1269
968.023,0.0967685
2795.9,0.279559
667.893,0.0667773
1697.78,0.169572
2889.55,0.288877
1003.61,0.100355
1022.63,0.102225
1816.62,0.181582
1140.76,0.114066
973.771,0.0972955
512.145,0.0512091
1173.91,0.117344
1163.23,0.115944
1658.34,0.165708
1880,0.187974
882.567,0.0882545
1239.6,0.12364
954.416,0.0952336
752.736,0.0752677
955.364,0.0954904
1215.84,0.121548
715.915,0.0715856
4773.35,0.477197
1974.72,0.197463
1685.89,0.168544
891.126,0.0890802
2097.55,0.209714
1026.98,0.102573
1168.08,0.116803
1765.19,0.17651
634.303,0.0634183
545.368,0.0545008
1329.77,0.132911
3154.18,0.314979
2349.78,0.23466
972.95,0.0970312
1762.97,0.176265
871.004,0.0868614
1403.84,0.140379
4280.51,0.426455
1551.3,0.155122
908.464,0.0908231
1476.3,0.147546
684.633,0.0684324
966.828,0.0964706
1259.07,0.125824
4035.6,0.403255
848.391,0.0848229
1055.01,0.105488
1048.16,0.104796
1237.89,0.12371
734.889,0.0734765
506.953,0.0506787
964.958,0.096456
1773.6,0.177346
1529.41,0.152895
1022.75,0.102068
2558.87,0.255842
2036.95,0.203633
670.442,0.06702
1775.65,0.177445
1203.26,0.120305
2856.33,0.28534
1321.56,0.132147
1768.92,0.176842
1855.37,0.185425
951.136,0.095072
1379.01,0.137672
1336,0.131796
2743.42,0.274201
871.279,0.0871211
827.315,0.0827245
1140.34,0.11396
1921.97,0.192166
1010.17,0.101007
1333.23,0.13327
3053.22,0.304635
1562.36,0.156173
909.547,0.0909045
806.978,0.0806551
685.336,0.0685065
3319.74,0.331635
881.904,0.0881802
1488.47,0.14882
3537.83,0.353634
887.001,0.0886931
1315.34,0.131514
1984.43,0.198276
607.478,0.0607411
3621.85,0.361774
925.706,0.0923869
748.864,0.0748407
2748.27,0.274786
1439.85,0.143937
1707.9,0.170771
1071.57,0.107074
429.867,0.0429459
808.325,0.0808281
2286.6,0.228511
821.191,0.0821155
978.968,0.0978864
1109.89,0.110965
780.707,0.0780022
882.637,0.0881738
727.779,0.0727113
1336.25,0.13354
583.466,0.0583099
841.855,0.0841679
1002.74,0.100238
1063.22,0.106313
1993.02,0.199196
686.392,0.0686353
1395.66,0.139466
2761.01,0.275755
1484.98,0.148304
2614.38,0.261389
962.144,0.0962128
1316.36,0.131623
3968.86,0.396593
799.817,0.079868
586.935,0.0586346
2001.13,0.199976
1059.56,0.105935
2302.29,0.23019
748.933,0.0748727
1320.83,0.132024
1124.15,0.112401
788.249,0.0787838
1885.62,0.188395
1252.22,0.125189
1171.65,0.117127
826.248,0.0825286
883.508,0.0882249
1130.86,0.113057
572.112,0.0571841
1289.03,0.128871
4399.83,0.43994
1139.8,0.113836
1027.66,0.102759
1103.21,0.109532
1508.13,0.150787
1689.48,0.168847
1246.02,0.124558
9682.96,0.967488
2239.45,0.223668
1386.32,0.138443
1131.52,0.113054
1476.8,0.147659
1563.86,0.156378
889.659,0.0889558
879.024,0.0877991
1209.77,0.120233
1398.21,0.139738
971.694,0.0971438
1473.48,0.147264
1851.75,0.154505
1113.18,0.111233
684.354,0.068405
980.85,0.0980632
2203,0.2194
654.686,0.0654655
743.48,0.0742586
2656.4,0.265276
1421.49,0.142106
1775.39,0.177378
1334.97,0.133448
1226.2,0.122478
564.756,0.0564626
1084.32,0.108398
849.504,0.0849355
1190.14,0.119009
2898.46,0.28936
1378.53,0.13776
1464.19,0.146383
1284.08,0.128324
834.933,0.0834842
3835.36,0.382362
1388.75,0.13885
1151.67,0.115108
893.096,0.0892956
2500.82,0.250052
836.81,0.0834836
1774.52,0.177394
684.491,0.0684372
995.095,0.0836806
1335.2,0.133415
775.886,0.0775493
1981.4,0.19807
1261.19,0.126076
1591.4,0.159127
868.881,0.0868614
1480.38,0.147991
1895.77,0.189555
1036.39,0.103572
600.43,0.0600285
1107.72,0.11073
4351.07,0.435012
1614.62,0.16143
1463.59,0.146153
3700.56,0.369774
1678.73,0.167853
1737.65,0.172899
8227.46,0.822147
1097.84,0.109736
3005.44,0.300213
991.022,0.0990618
826.803,0.082668
1421.16,0.141946
996.908,0.0996771
1294.28,0.129369
4480.97,0.447495
14904.5,1.48334
776.175,0.0776146
834.731,0.0834336
907.235,0.0907121
1231.07,0.123094
1008.54,0.100771
2267.56,0.226648
1240.15,0.123922
2928.99,0.292815
673.978,0.06739
1510.21,0.150997
814.484,0.0814309
751.398,0.0750815
1995.54,0.199533
1109.05,0.110839
1398.43,0.139788
832.57,0.0832411
1018.14,0.101808
1282.6,0.128234
1064.31,0.106304
680.57,0.0679976
518.624,0.0518527
1125.12,0.112456
1843.87,0.184349
1955.94,0.195561
1070.13,0.106976
711.428,0.0711339
858.778,0.0858735
1559.27,0.15592
1379.01,0.137805
760.236,0.0760063
2008.58,0.200846
12359.6,4.21415
2288.6,0.228553
1616.91,0.161585
1383.43,0.138032
1780.61,0.177897
936.913,0.0936807
1838.57,0.183634
2386.35,0.237125
6238.57,0.623113
1850.44,0.184926
2189.01,0.218347
840.605,0.084057
840.175,0.0839573
1689.92,0.168984
1201.06,0.115392
2070.89,0.206679
909.242,0.0903084
2911.85,0.290506
827.812,0.0827737
395.029,0.0394988
1325.15,0.132508
3641.05,0.363187
916.837,0.0916676
27163.7,2.69985
651.006,0.0648868
1077.62,0.107756
833.253,0.0833128
927.037,0.0924164
3532.26,0.353033
1301.72,0.129904
1019,0.101879
1299.33,0.129907
3869.74,0.386582
1426.32,0.142626
1636.63,0.163617
697.57,0.0697111
4643.93,0.464239
1805.01,0.180232
771.787,0.0771562
2109.13,0.210783
891.238,0.0890961
422.148,0.0422026
752.518,0.0751328
1925.62,0.192553
1471.65,0.146833
1063.11,0.106181
987.938,0.0987607
2196.58,0.21948
2833.34,0.28331
836.33,0.08363
639.299,0.0638541
533.453,0.0533309
1478.33,0.147813
1050.92,0.105086
877.429,0.087566
2757.65,0.275669
1837.76,0.183717
1956.25,0.194729
4672.42,0.466642
1040.94,0.104091
607.637,0.0607222
5794.56,0.57849
618.203,0.0617247
701.246,0.0701069
862.173,0.0862113
960.72,0.0960675
1121.12,0.112108
1073.62,0.107124
2345.26,0.234432
710.118,0.0710107
1109.39,0.110911
1270.6,0.126828
1913.43,0.191316
1350.05,0.13489
840.951,0.0839042
2078.57,0.207779
803.979,0.0803611
2106.69,0.210356
2219.19,0.22187
1153.44,0.115205
1454.64,0.145328
3608.11,0.360771
697.738,0.0697618
1066.83,0.106238
1633.21,0.163273
723.268,0.072326
2591.16,0.258918
1203.41,0.120314
949.666,0.0949552
1234.17,0.1234
1237.03,0.123677
889.331,0.0889317
600.674,0.0598819
3191.15,0.318874
1248.04,0.124774
1017.94,0.101709
1901.24,0.189639
3043.96,0.304091
1025.76,0.102515
2908.22,0.290468
809.462,0.0808998
700.074,0.0699959
1082.58,0.108251
2297.46,0.229438
739.242,0.0738659
1190.49,0.118878
507.128,0.0506988
682.064,0.0681631
1164.95,0.11648
2096.48,0.209342
1497.35,0.149675
1700.79,0.170061
890.416,0.0890222
1100.54,0.110038
2445.32,0.243205
5902.37,0.589324
1072.92,0.107258
1012.34,0.101041
781.132,0.0779152
3184.58,0.317853
672.174,0.0672129
2050.92,0.205083
864.123,0.0863956
878.944,0.0877028
602.426,0.0577335
1258.21,0.125807
1049.86,0.104926
1793.4,0.179289
2280.84,0.227883
841.636,0.0841473
937.549,0.0935991
2268.88,0.226617
1283.98,0.128372
1421.96,0.142132
1053.47,0.105319
1177.07,0.117371
1183.77,0.118354
1098.55,0.109759
1708.03,0.170786
1164.98,0.116496
1061.92,0.10619
1001.98,0.100168
953.948,0.095331
4290.28,0.428757
1624.78,0.162369
1075.31,0.107527
984.7,0.0984496
2044.63,0.204452
985.494,0.0985317
1961.59,0.196118
674.682,0.0673617
951.841,0.0950231
1004.21,0.10041
2168.08,0.216752
2295.53,0.229489
672.34,0.0671847
1269.63,0.126861
3584.41,0.358198
789.989,0.0789133
1313.56,0.131327
798.15,0.0798054
2275.95,0.225275
1349.29,0.134849
3176.61,0.317649
1942.81,0.194248
705.998,0.0705276
1621.17,0.162075
1006.64,0.100511
13468.5,1.3427
3309.06,0.329264
1181.01,0.117964
1359.04,0.135818
5360.59,0.535047
2057.87,0.205282
921.093,0.0919892
3352.14,0.334993
1439.16,0.143421
467.034,0.0466201
2030.73,0.203006
1068.52,0.10683
2276.98,0.227681
888.08,0.0884347
758.399,0.0757348
1409.43,0.140768
1286.52,0.128584
938.248,0.0938184
3457.22,0.345593
1014.84,0.101441
2960.82,0.29562
1053.45,0.10534
878.99,0.0878511
1367.82,0.136726
1230.11,0.122978
764.815,0.0764081
1631.47,0.162857
1748.16,0.174662
1067.76,0.106627
602.893,0.0601995
2126.26,0.212478
658.878,0.0658729
1044.12,0.104386
1703.03,0.169823
1959.64,0.195905
1362.71,0.13613
710.61,0.07105
1115.33,0.111522
814.364,0.0812038
4350.71,0.434423
1482.02,0.147567
11034.5,1.09785
2604.82,0.260439
1197.13,0.119682
2558.05,0.255254
1748.42,0.174773
437.75,0.0437186
3963.33,0.396211
877.787,0.0877138
1051.14,0.1051
1441.76,0.144155
950.736,0.0950341
1568.62,0.119928
1140.18,0.113997
2034.37,0.203423
1387.51,0.138516
2664.98,0.266332
2309.3,0.23075
1714.64,0.171429
1003.63,0.100317
868.431,0.0868065
3360.55,0.335993
899.967,0.089962
1749.75,0.17495
1427.77,0.142258
1615.99,0.161361
1111,0.111096
1547.07,0.154686
1146.74,0.114597
4220.28,0.421762
554.937,0.055493
1134.31,0.113348
1116.16,0.111606
1145.62,0.114546
908.153,0.0907469
865.077,0.0862009
1849.26,0.184776
1220.37,0.122016
1007.28,0.10068
930.703,0.0929896
1008.06,0.0988862
1355.42,0.135468
1422.05,0.142201
863.913,0.08638
4952.39,0.492743
590.5,0.0590353
1430.17,0.14298
1311.5,0.131018
1124.19,0.112416
804.09,0.0803954
1356.66,0.135532
1318.18,0.131764
1830.27,0.183015
1704.75,0.170381
898.834,0.0898631
4143.97,0.413947
1000.09,0.098796
911.455,0.091082
1394.25,0.139324
1013.43,0.10132
1031.25,0.103056
785.663,0.0785562
718.539,0.071827
672.412,0.0670891
1690.27,0.168997
1332.8,0.133226
1081.81,0.108004
2541.31,0.254058
892.32,0.0892131
1630.57,0.162907
1129.7,0.112847
3313.25,0.33113
1170.97,0.116888
1045.73,0.104506
1007.58,0.100154
1318.6,0.131792
2030.21,0.0896679
2320.49,0.232015
5908.17,0.590175
1222.39,0.122113
1665.82,0.166375
1200.92,0.119674
1155.43,0.115527
684.785,0.0684671
3866.2,0.38564
1313.58,0.131313
1302.86,0.13028
5793.42,0.5782
1387.86,0.13859
1287.41,0.128729
1182.46,0.118199
990.396,0.0989838
1874.15,0.187319
1147.86,0.114755
928.193,0.0928137
403.969,0.0403897
1395.81,0.139385
1421.53,0.142012
1115.39,0.111506
766.245,0.0765865
1858.1,0.185718
1119.36,0.111914
950.573,0.0950074
946.107,0.094568
1070.31,0.107022
826.149,0.0825782
1852.83,0.185175
726.45,0.072609
1813.07,0.180959
1685.78,0.16825
1298.22,0.129776
1568.73,0.156849
987.065,0.0985155
853.676,0.0853618
1357.83,0.13572
2225.4,0.22235
1562.45,0.156095
5365.66,0.535341
489.87,0.0489705
782.57,0.078234
1238.11,0.123789
1260.56,0.125881
2334.97,0.233212
2092.42,0.208874
861.743,0.0861662
544.326,0.0542199
825.019,0.082486
1015.24,0.101454
1653.01,0.165079
774.183,0.0774073
831.781,0.0828751
1096.58,0.109606
649.355,0.0649242
937.99,0.0937251
939.651,0.0938763
1305.14,0.130449
1568.39,0.156763
3135.72,0.313479
985.303,0.0984935
1717.76,0.171733
1521.98,0.149111
1291.32,0.129073
5137.61,0.513368
3251.9,0.325009
1004.34,0.10038
1213.96,0.121059
3248.76,0.324703
1494.42,0.149423
1080.76,0.107996
1596.54,0.159499
2368.31,0.236814
1586.66,0.158495
1028.63,0.102841
1059.83,0.105952
1754.43,0.175178
565.153,0.0565049
8042.77,7.34708
18161.1,1.81498
1014.52,0.101435
1024.09,0.102291
980.05,0.0979665
5565.44,0.556159
1549.36,0.154888
2966.4,2.11454
2267.62,0.226691
874.427,0.0874129
1807.07,0.180684
2464.57,0.239979
936.886,0.0936679
1412.77,0.14125
1718.32,0.171785
563.608,0.05627
1583.31,0.158215
863.529,0.086348
2061.07,0.206069
1091.69,0.109147
2725.54,0.272504
831.138,0.0831096
967.751,0.096678
830.812,0.0824606
1168.48,0.116599
864.633,0.086453
1182.74,0.118261
991.517,0.0984826
1093.91,0.109343
633.445,0.0633434
876.268,0.0873987
1039.31,0.103719
1551.12,0.155089
1417.73,0.141707
1022.81,0.101919
1006.67,0.100658
1407.69,0.140753
1666.57,0.166622
1232.62,0.123223
2695.92,0.269386
816.158,0.0814272
1298.64,0.129803
946.576,0.09465
1289.63,0.128574
1708.07,0.170076
965.023,0.096486
2148.44,0.214496
1736.95,0.173609
1255.94,0.125585
2146.85,0.214661
1588.96,0.158632
1096.75,0.109618
1918.38,0.191765
4983.71,0.498217
431.6,0.0431588
1059.32,0.105853
1886.22,0.188457
1820.5,0.182023
1115.54,0.111393
2833,0.282726
900.711,0.0899699
1117.43,0.111726
698.594,0.0698386
1694.65,0.169408
2074.88,0.207411
2878.92,0.287744
2087.38,0.208421
1365.91,0.13657
1532.03,0.153182
896.286,0.0895855
797.672,0.0797575
6950.33,0.691342
1609.97,0.160946
1082.35,0.107992
1270.25,0.126845
1156.49,0.115643
898.526,0.0898491
2899.84,0.289095
1091.24,0.109114
1110.31,0.110834
1562.77,0.156273
1052.51,0.105245
1741.95,0.173839
1791.25,0.17866
1575.54,0.157536
878.347,0.0878099
627.448,0.0627401
1379.38,0.137899
790.654,0.0790428
1130,0.112987
2310.01,0.230929
650.698,0.0650332
843.941,0.0842926
956.636,0.0956378
4553.27,0.453603
865.87,0.086553
2524.35,0.211064
1510.46,0.150903
3310.87,0.330778
897.275,0.0896993
1185.92,0.118574
1332.34,0.13319
1418.68,0.141714
2292.21,0.228798
1320.34,0.132019
3389.46,0.338916
1289.7,0.12855
1380.16,0.137914
1547.51,0.154657
1663.6,0.16464
2757.57,0.275575
927.789,0.0927685
1514.39,0.151408
1466.78,0.146517
891.268,0.08912
528.321,0.0527999
1921.89,0.192134
2168.8,0.216847
1265.64,0.126562
889.481,0.0882633
985.634,0.0985476
1161.6,0.116149
2111.71,0.211088
1058.84,0.105717
1002.6,0.100176
2550.44,0.254991
1055.84,0.105514
667.838,0.0667694
772.908,0.0766611
674.023,0.0673993
1349.41,0.134918
857.723,0.0857214
1403.77,0.140365
1136.49,0.113637
833.73,0.0833212
1015.03,0.101482
1664.04,0.166389
828.449,0.0827137
1732.72,0.173187
788.221,0.0786978
3154.61,0.314704
942.752,0.0940672
822.05,0.0820295
1142.53,0.114061
1077.4,0.10622
929.6,0.0929494
935.995,0.0935922
1106.4,0.110523
863.101,0.0863015
1339.91,0.133133
1221.03,0.122022
1459.93,0.145825
634.234,0.0634068
1195.88,0.119426
2126.77,0.212098
1175.52,0.117546
841.308,0.0840937
1528.01,0.15275
4891.53,0.488227
1337.85,0.133387
2684.1,0.268318
1963.98,0.196339
628.509,0.0628483
1314.65,0.131346
1092.28,0.109221
4019.58,0.401881
1200.54,0.119997
1414.61,0.141321
1437.39,0.143633
2326.91,0.23246
3587.21,0.35866
1827.03,0.182565
824.9,0.0823096
7497.28,1.12686
1240.08,0.12398
732.132,0.0732005
1369.53,0.136614
1160.51,0.115777
615.863,0.0615641
951.176,0.095078
1374.02,0.137396
988.635,0.0988388
735.343,0.0735036
784.502,0.0784352
815.043,0.0811678
1060.1,0.105971
925.827,0.0925678
1232.77,0.123178
998.06,0.0997953
1764.41,0.17622
1307.06,0.130684
1814.6,0.181401
1378.51,0.13766
969.745,0.0968871
4234.15,0.422666
961.711,0.0961678
1693.42,0.169233
1368.04,0.136784
2068.29,0.206663
765.862,0.0765224
1543.85,0.154356
5227.91,0.522582
4145.47,0.414047
2873.82,0.286882
1339.4,0.133931
1964.98,0.196404
1878.91,0.18771
1300.53,0.130008
3088.09,0.307972
1013.75,0.101365
843.897,0.0836679
2079.62,0.207905
1324.81,0.130624
959.746,0.0959684
750.533,0.0750396
1870.13,0.186925
1237.09,0.123605
1041,0.104041
1522.29,0.152222
681.317,0.0680986
3769.43,0.376097
714.584,0.0713156
1858.97,0.18477
4126.09,0.412593
2178.51,0.217552
1413.79,0.141256
2228.85,0.222689
1871.09,0.186986
1523.61,0.152344
743.007,0.0741143
1378.23,0.136845
1268.3,0.12679
1555.52,0.155411
784.228,0.078396
1709.08,0.170871
759.067,0.0758923
672.843,0.0671411
901.697,0.0901663
659.976,0.0659498
1049,0.104888
1905.36,0.190038
1420.09,0.141991
805.543,0.0805092
1240.99,0.12397
955.885,0.0955824
729.348,0.0728249
667.569,0.0667364
1257.1,0.125676
501.612,0.050148
993.872,0.0993316
1122.77,0.112259
1057.39,0.105727
2387.94,0.238546
1146.78,0.114652
943.113,0.0942589
1481.6,0.14815
1736.21,0.172802
734.522,0.0733684
2168.28,0.216764
1148.6,0.114814
2179.76,0.217583
871.773,0.0871228
1123.4,0.112299
2102.54,0.20981
845.099,0.0844689
1981.09,0.197748
4538.34,0.453687
1435.72,0.143547
2015.74,0.201551
2088.13,0.208275
730.506,0.0729462
515.846,0.051535
1017.01,0.101682
1922.05,0.19217
847.502,0.0846342
1189.94,0.118981
1698.73,0.169797
8154.27,0.814421
2484.86,0.248231
926.021,0.0924692
1502.06,0.150095
1403.3,0.140204
2352.54,0.235205
1172.72,0.11726
1010.7,0.101056
1742.68,0.174172
1316.06,0.131536
1136.38,0.113618
1038.11,0.103794
776.924,0.0776567
1094.82,0.109441
778.349,0.0777048
1125.61,0.112543
2563.39,0.256089
2278.65,0.227713
796.685,0.0796026
1475,0.147339
787.773,0.078763
2084.58,0.20839
964.051,0.0963825
1194.94,0.11943
983.254,0.0981729
1841.59,0.184025
1375.17,0.137419
1028.59,0.102841
1803.17,0.179943
841.112,0.0840506
2130.35,0.212906
635.842,0.0635768
783.478,0.0783459
1070.44,0.106922
1673.46,0.167289
2689.52,0.268929
1060.91,0.106052
792.95,0.0792915
1280.59,0.128054
1530.61,0.153021
9799.76,0.977366
983.829,0.0983003
937.774,0.0937473
2048.89,0.204806
622.39,0.0621656
2666.9,0.265464
1242.59,0.124005
2774.45,0.277064
977.659,0.09772
943.62,0.0943345
721.114,0.0720978
832.041,0.082961
685.764,0.0684766
1130.38,0.114937
1017.97,0.101539
2346.38,0.233975
1317.7,0.131754
1224.55,0.122223
1882.42,0.188182
730.779,0.0730273
1179.1,0.117878
1233.23,0.123285
1490.23,0.149012
1235.09,0.122685
1422.27,0.142007
1116.39,0.111495
1290.11,0.128968
1072.22,0.107123
5562.25,0.554307
1347.72,0.134688
1220,0.121976
608.117,0.0608023
1078.93,0.107886
1043.35,0.104331
862.394,0.0862308
15732,1.57073
1706.6,0.17032
1806.9,0.180422
1851.33,0.185032
1724.07,0.172204
1594.58,0.159454
1002.71,0.100222
1180.7,0.11805
1226.47,0.122593
1703.09,0.170287
1338.5,0.133295
1457.89,0.145773
1991.86,0.199167
951.519,0.0951095
760.476,0.0760356
1164.08,0.112106
5042.81,5.76088
1129.68,0.112936
1653.12,0.165186
1080.99,0.108057
1307.97,0.13037
1358.83,0.13578
1249.05,0.124894
1676.99,0.167673
4194.83,0.419288
854.663,0.0854222
976.979,0.0976522
1311.43,0.13113
830.026,0.0829822
2508.69,0.250373
1145.66,0.114553
1395.7,0.139185
1554,0.154649
1595.04,0.159428
2744.34,0.274392
1323.98,0.131187
1218.49,0.12146
1873.67,0.187346
861.793,0.0861658
918.937,0.0918681
3394.46,0.339197
1180.45,0.113672
937.583,0.0937553
878.981,0.087835
1114.5,0.111368
4653.4,0.464379
853.495,0.0852443
6396.53,0.639364
905.018,0.0904259
2201.98,0.220174
1872.79,0.187186
783.566,0.0783503
2660.17,0.265953
1059.29,0.105919
1154.62,0.115434
899.696,0.0899398
2652,0.264855
1446.88,0.144627
1275.38,0.127476
1266.76,0.126591
3525.52,0.352452
597.718,0.0597695
714.976,0.0713326
1857.92,0.185157
1191.1,0.119099
1433.5,0.143289
1176.82,0.11763
1104.49,0.110427
1844.26,0.184398
2018.77,0.201498
842.02,0.0841408
1028.21,0.102803
1765.77,0.176562
3119.08,0.311776
1181.91,0.118078
5012,0.500948
1518.32,0.151766
1678.89,0.167748
1128.99,0.112546
849.189,0.0849175
719.056,0.0718832
1590.35,0.158984
663.743,0.0663654
2434.44,0.242919
2139.92,0.21393
1604.17,0.160362
708.885,0.0708723
791.667,0.0791631
523.518,0.0523378
771.781,0.0771255
1833.06,0.183271
1271.52,0.127116
922.422,0.0922157
2205.19,0.220307
1424.51,0.142296
1362.33,0.136228
972.819,0.0972663
727.95,0.072786
2226.63,0.222518
1253.7,0.125183
1290.95,0.128706
2295.11,0.225206
1133.27,0.112834
2324.39,0.232228
1553.71,0.155334
5031.77,0.50294
988.742,0.0988078
1279.3,0.127832
3392.65,0.339082
875.893,0.0875803
1134.95,0.11349
1050.44,0.10504
936.953,0.0936667
1205.43,0.120489
1124.28,0.112373
684.415,0.0683907
993.904,0.0993771
1023.71,0.102329
1038.49,0.103827
888.365,0.0888151
4044.06,0.404041
1584.15,0.158377
735.361,0.0734834
2452.23,0.245035
1931.17,0.192611
823.413,0.0823384
1152.42,0.115149
987.749,0.0987703
1549.19,0.154825
783.251,0.0782784
6538.58,0.653528
1774.82,0.177338
1940.67,0.194014
1088.85,0.108881
1705.59,0.170441
1033.58,0.103283
1504.77,0.150338
1873.4,0.187326
886.7,0.0886457
1736.67,0.17359
4124.46,0.411806
550.441,0.0550076
908.71,0.0908606
735.474,0.0735278
4463.32,0.446173
1106.63,0.110654
692.128,0.0691996
1113.23,0.111311
1570.47,0.157024
3536.31,0.353569
778.39,0.0778294
605.639,0.0605487
2713.44,0.271156
1324.82,0.13244
1279.01,0.127616
1097.03,0.109435
1536.45,0.153544
2451.29,0.245102
1245.98,0.124488
2504.58,0.250277
1466.43,0.146626
693.085,0.0691439
2982.22,0.297631
645.524,0.0645255
1303.11,0.130293
1203.83,0.120327
2919.92,0.291825
856.146,0.0855902
3596.84,0.359586
1051.31,0.104916
681.919,0.0681503
1743.23,0.174313
1310.98,0.131072
1055.16,0.105495
1399.65,0.139412
523.062,0.0522834
3521.13,0.352028
2354.33,0.235304
1220.17,0.121863
866.64,0.0863882
838.578,0.0838569
1894.18,0.189383
2001.83,0.154056
1068.32,0.106745
1369.34,0.136785
18558.9,1.85203
1902.3,0.190122
905.088,0.0904876
1477.2,0.147708
2432.57,0.24194
754.267,0.0750711
2746.51,0.273785
1385.85,0.138408
883.778,0.0883628
1745.64,0.174531
2061.48,0.206106
966.835,0.0966682
900.848,0.0900272
2691.46,0.269038
991.958,0.0991847
1242.18,0.124146
2234.35,0.222151
675.998,0.0674933
1381.45,0.138103
1620.23,0.162001
987.649,0.0987075
1367.73,0.136745
2602.79,0.260211
766.855,0.0766434
1404.7,0.140375
576.015,0.0575046
913.07,0.0912627
1607.46,0.160741
998.438,0.0997486
1714.13,0.171402
1113.47,0.111338
2822.28,0.282176
683.013,0.0682868
1362.13,0.136075
1516.92,0.151648
1875.22,0.187449
1463.53,0.146136
1947.71,0.19474
987.463,0.0987021
537.909,0.053787
1803.79,0.180259
2350.1,0.234528
2801.22,0.279639
1358.58,0.135725
3053.43,0.305241
655.966,0.0655474
618.678,0.0618495
2311.99,0.230041
1330.48,0.132838
791.508,0.0791498
1381.41,0.138115
1146.37,0.114388
1765.44,0.176334
1528.45,0.152724
792.291,0.0792118
7271.76,0.725837
1299.09,0.129797
2972.31,0.297131
2624.8,0.262049
706.916,0.0706409
1080.25,0.107966
13393.8,1.33555
2726.68,0.272619
1242.64,0.124171
1943.24,0.194153
3996.29,0.398729
1072.79,0.107203
2360.5,0.235965
2865.89,0.286532
538.738,0.0538704
2182.41,0.218132
2202.55,0.219842
1825.71,0.182417
1513.7,0.151291
1068.05,0.106793
1173.41,0.117331
1076.11,0.107538
1901.3,0.19
1354.6,0.135367
1321.56,0.132136
1462.6,0.145611
936.358,0.0936304
1053.96,0.105231
757.675,0.0757476
1344.79,0.134341
1111.05,0.111091
585.555,0.0585442
595.179,0.0594692
1812.65,0.181241
2439.99,0.884503
6245.98,0.623684
805.117,0.0804767
7779.73,0.776019
886.29,0.0886232
1480.46,0.147964
1717.65,0.171605
4289.06,0.428671
1265.53,0.126521
782.344,0.0781241
1179.41,0.117848
1212.32,0.121167
880.713,0.0880532
2302.69,0.229433
1834.25,0.183139
1416.39,0.141616
941.872,0.0940367
3674.52,0.367397
1738.75,0.173848
1818.91,0.181657
814.678,0.081436
877.18,0.0872497
1872.71,0.184172
2100.11,0.20998
1145.8,0.114427
1213.9,0.121373
984.515,0.0983288
785.231,0.0784093
788.756,0.0784477
1666,0.166525
1108.49,0.110728
971.606,0.0971452
1054.6,0.105428
425.777,0.0425738
780.102,0.0779908
1252.11,0.125136
1472.4,0.147091
2778.33,0.277617
1181.3,0.118048
1323.84,0.13237
903.761,0.0900822
1626.01,0.16259
2205.48,0.220494
2769.48,0.276843
1087.01,0.108698
982.305,0.0980665
3423.75,0.342232
1035.85,0.103583
1334.2,0.133405
1042.62,0.104213
721.905,0.072166
3527.35,0.352534
1163.55,0.11628
666.917,0.0666413
1038.69,0.103862
3194.78,0.319007
583.555,0.0583383
813.619,0.0812132
1056.65,0.10564
620.477,0.0619346
2019.51,0.201806
1217.81,0.121763
1580.02,0.157902
1284.22,0.128401
994.658,0.099382
1345.41,0.134487
871.304,0.0868865
1158.61,0.115448
828.472,0.0827278
1332.08,0.133093
1344.12,0.134399
1863.41,0.185697
1018.48,0.101673
870.764,0.0869897
911.49,0.0911271
616.764,0.0616423
1183.92,0.118357
865.383,0.0864588
1722.91,0.171664
1492.18,0.14911
1284.62,0.128428
864.064,0.0863791
1244.76,0.124449
1450.61,0.144977
1309.79,0.130728
1249.89,0.124967
698.817,0.0698676
1147.5,0.114746
1598.48,0.159679
3252.64,0.324821
1077.59,0.107733
1054.38,0.105405
1758.12,0.175705
2061.49,0.206101
2061.6,0.206154
1699.5,0.169901
1289.41,0.128926
1942.43,0.194137
1076.75,0.107559
1861.51,0.186126
1730.63,0.173007
793.269,0.0792639
1319.04,0.131832
1472.65,0.147132
2479.2,0.247257
4153.28,0.415043
1670.82,0.166939
831.933,0.0831813
997.099,0.0995847
494.643,0.0494487
1633.43,0.163275
870.951,0.0870687
1450.11,0.144977
1111.89,0.111179
802.362,0.0801196
1644.52,0.164374
1895.37,0.18942
1051.82,0.105155
797.934,0.0786148
763.227,0.0763136
993.931,0.0993804
1063.21,0.106284
1811.7,0.181118
720.4,0.0720039
1181.1,0.118046
2459.81,0.245928
1007.9,0.100767
1169.26,0.116902
1878.16,0.187722
767.821,0.0767774
1440.11,0.143923
1826.97,0.182638
1541.06,0.154005
3288.84,0.328565
674.177,0.067394
558.76,0.0558718
2362.97,0.236152
1649.96,0.164986
1580.17,0.157969
1064.49,0.106408
6323.44,0.630481
1019.88,0.101977
817.546,0.08174
1319.48,0.131904
1761.21,0.176106
2107.41,0.210689
945.793,0.0945659
2003.78,0.200309
572.135,0.057194
770.831,0.0770515
1441.64,0.143854
932.268,0.0931999
929.118,0.0928969
1582.87,0.156627
580.395,0.0580382
1937.62,0.193726
2287.39,0.228497
712.542,0.0712236
1322.44,0.11938
3825.21,0.382496
536.537,0.0536513
3622.4,0.361678
811.122,0.0811085
1166.55,0.116592
889.806,0.0889286
863.04,0.0862997
767.491,0.0767448
1088.87,0.108796
915.927,0.0915812
995.582,0.099545
1055.83,0.105557
549.648,0.0549536
1096.14,0.109569
833.768,0.0833745
1094.85,0.109374
1196.16,0.119594
549.522,0.054903
1352.23,0.134928
802.513,0.0801141
1228.06,0.122599
2164.94,0.216446
2346.96,0.234589
2534.43,0.253335
1092.03,0.109182
1338.45,0.133711
1408.33,0.140819
1283.2,0.128268
1078.32,0.107408
826.334,0.0826084
1231.23,0.123078
2069.47,0.206799
1113.5,0.111331
1807.14,0.178752
1942.79,0.194169
920.637,0.0920585
785.37,0.0784633
1231.69,0.123099
1050.67,0.105042
2143.75,0.208229
1233.34,0.12327
1085.1,0.108466
802.997,0.0802963
1509.2,0.150903
2079.56,0.207923
768.35,0.0767737
989.149,0.098909
809.576,0.0809498
1033.63,0.10335
3153.44,0.31522
4159.07,0.41514
1192.39,0.119202
1878.33,0.187711
752.764,0.0752686
1271.97,0.126939
1135.12,0.11227
1308.01,0.130022
1370.47,0.136801
1373.9,0.1373
3203.97,0.320354
1825.21,0.182413
1104.64,0.110446
1198.32,0.119782
825.82,0.082449
1167.51,0.11674
1359.93,0.152688
854.728,0.0853861
818.197,0.0817937
1039.47,0.103937
756.445,0.0756379
607.329,0.0605948
1031.78,0.102993
997.561,0.0996574
782.641,0.0780914
908.333,0.0907345
1654.16,0.165378
1429.38,0.142902
1600.13,0.159553
773.43,0.0773295
839.811,0.0839701
1039.19,0.103867
11874.5,1.18593
877.979,0.0877468
2155.94,0.215414
768.032,0.0767878
834.519,0.0833501
868.847,0.0868473
1092.56,0.10861
836.448,0.083595
1210.91,0.121077
1400.25,0.139917
1029.47,0.102908
2148.96,0.214881
932.527,0.093163
754.798,0.0753932
648.579,0.0648533
862.72,0.0858338
2798.08,0.279765
1833.62,0.183302
1162.74,0.116215
1102.89,0.110265
1280.98,0.12809
1582.62,0.158232
1734.7,0.173392
1111.01,0.111089
1637.87,0.163704
1009.11,0.10081
1115.25,0.111513
4308.37,0.430705
1126.13,0.112491
1056.55,0.105595
892.941,0.0892262
1098.89,0.109836
667.007,0.0664866
1077.43,0.107695
710.258,0.0709935
949.746,0.0949266
1521.92,0.15217
1122.63,0.112221
859.511,0.08579
877.753,0.0877561
996.434,0.0996042
2747.35,0.274552
960.404,0.0960234
1574.75,0.157458
5332.17,3.28948
1948.56,0.194575
1221.45,0.122108
1168.01,0.116792
1194.31,0.119387
1295.59,0.129524
2106.01,0.210434
9637.24,0.962876
1418.11,0.141783
812.112,0.0812095
807.82,0.0807
1169.79,0.116935
833.226,0.083303
1247.18,0.124695
671.304,0.0670898
1057.01,0.105697
1285.76,0.128521
948.953,0.0948738
4725.96,0.471824
1741.92,0.173899
916.169,0.0916115
684.555,0.0684209
11422.3,1.14088
875.537,0.0875282
1772.39,0.177061
919.31,0.0919122
1648.97,0.164811
584.96,0.0584402
990.261,0.0989749
1234.68,0.123372
1496.72,0.148999
1741.98,0.174178
1331.07,0.133072
773.159,0.0773131
1633.08,0.163182
1141.34,0.114123
1261.04,0.125961
902.231,0.0901554
1596.75,0.159411
985.016,0.0983134
3952.51,0.394756
2526.56,0.25238
1887.58,0.188353
940.453,0.0939156
714.886,0.0714815
836.983,0.0836946
1514.16,0.151214
1373.79,0.137224
1639.33,0.16385
824.413,0.0823287
655.122,0.0654774
3289.64,0.330097
932.195,0.0929119
630.995,0.063087
1855.82,0.185551
1475.28,0.14751
1725.37,0.17251
655.674,0.0655364
1708.51,0.17079
1729.15,0.172413
991.934,0.0991647
1217.43,0.121725
898.831,0.0898796
688.153,0.068812
4056.8,0.403993
674.234,0.0674172
1577.77,0.156554
8377.63,0.837078
3927.64,0.392549
999.581,0.0999231
765.174,0.0740745
983.141,0.0982847
1042.95,0.104266
901.625,0.0901592
1629.08,0.162837
893.788,0.0893473
896.81,0.0896082
1055.1,0.105488
1455.63,0.145549
897.318,0.0897022
1093.04,0.109262
2664.95,0.266433
792.535,0.0792324
1149.62,0.114848
1134.07,0.113325
1895.05,0.189397
1598.79,0.159764
1744.58,0.174413
890.548,0.0890022
1118.25,0.111723
1969.42,0.1969
2323.35,0.232281
1776.08,0.176212
924.003,0.0923716
691.618,0.0691534
3086.91,0.308546
2223,0.222165
750.18,0.0749604
1014.48,0.101438
830.641,0.0830593
1737.8,0.173747
781.524,0.0779653
1316.74,0.131646
3297.01,0.24909
1735.31,0.173394
2033.46,0.203285
1239.02,0.123835
1081.56,0.108133
746.977,0.0746912
761.198,0.0761086
921.177,0.0921132
577.255,0.057705
800.011,0.079991
1172.73,0.116028
2143.13,0.214226
612.283,0.0607742
2116.35,0.211564
1822.63,0.182038
655.168,0.0655001
2279.34,0.227868
5619.03,0.56107
2012.44,0.201082
1248.63,0.124856
1441.29,0.144093
1398.19,0.139652
995.356,0.0989049
955.398,0.0954882
1384.07,0.137994
997.939,0.0997715
849.054,0.0847546
2681.59,0.267982
1375.99,0.13757
1734.3,0.173334
6587.72,0.657487
1686.26,0.168119
1338.97,0.133381
910.352,0.0910316
784.865,0.0784744
1158.82,0.115848
1303.51,0.130295
2002.38,0.200126
1499.81,0.149882
1956.23,0.195553
694.818,0.0694666
727.535,0.0727508
3315.57,0.331537
2797.83,0.279761
588.248,0.0587982
515.496,0.051549
1206.33,0.12053
1244.76,0.124412
2710.27,0.270699
1069.32,0.106855
799.69,0.0795557
1899.78,0.186331
2697.1,0.269568
992.509,0.0991355
1092.37,0.109202
1419.23,0.141721
1109.86,0.110982
850.167,0.0850088
2055.79,0.205572
1254.73,0.125399
1362.58,0.136192
1205.74,0.120536
734.266,0.0734213
1915.17,0.191496
3012.66,0.301215
866.6,0.0866581
895.771,0.0895694
8845.91,0.883192
1538.63,0.153842
1080.51,0.108014
1857.53,0.185674
2827.6,0.282645
1162.52,0.116226
3814.99,0.381411
715.496,0.0715476
945.975,0.0945139
859.094,0.0858673
1077.86,0.107712
1547.28,0.15469
986.631,0.0986531
767.696,0.0767169
1975.68,0.197376
3138.2,0.313778
1174.98,0.117476
1618.23,0.161788
6139.77,0.613455
1416.45,0.141559
1044.73,0.104425
988.963,0.0988326
581.034,0.0580894
1411.57,0.140898
2948.75,0.294531
2456.7,0.245463
1098.03,0.1098
4166.85,0.416087
9308.89,0.928385
1183.86,0.118256
460.978,0.0460886
974.91,0.0973998
2088.86,0.208835
910.838,0.0910028
2700.35,0.269862
1154.06,0.115386
2509.33,0.250676
1260.98,0.125991
2105.4,0.210398
876.89,0.0876584
957.499,0.0956482
1476.2,0.147505
1740.63,0.17405
678.987,0.0678629
536.922,0.0535832
1791.82,0.179148
1437.72,0.143763
1312.29,0.131194
672.54,0.0672521
410.242,0.0410149
3170.46,0.316605
1372.11,0.136904
1455.18,0.14551
1071.16,0.107103
1970.05,0.196831
1554.64,0.154848
4092.59,0.408666
1408.25,0.140797
2893.33,0.287598
952.136,0.0951833
1014.64,0.101461
1021.4,0.102104
1113.75,0.111324
1458.74,0.145813
1436.67,0.14366
911.158,0.0910646
1149.87,0.114846
914.141,0.0913691
1809.88,0.180969
624.741,0.0624532
649.735,0.0648241
820.656,0.0820349
754.854,0.0754648
1004.76,0.100396
3270.76,0.326689
970.85,0.0970367
659.562,0.0659416
1783.37,0.178264
1766.16,0.176509
1547.57,0.154721
956.341,0.0955938
891.317,0.0890869
1655.4,0.165462
1710.87,0.170698
1973.64,0.197239
2367.55,0.236019
1922.84,0.191774
1048.86,0.104871
946.535,0.0945908
1278.8,0.127875
1644.85,0.164416
850.351,0.0850198
1800.79,0.179707
1115.62,0.11145
1115.3,0.109996
1325.34,0.13251
1102.87,0.110274
1469.75,0.146931
2234.39,0.223341
607.958,0.0607452
1993.27,0.197911
929.012,0.092851
1218.22,0.121728
929.539,0.0929207
1358.67,0.135797
862.013,0.0861209
719.935,0.0719857
3025.35,0.301956
1138.41,0.108789
4383.59,0.438204
2241.15,0.22401
826.455,0.0826215
937.543,0.0936613
1539.98,0.153906
2142.87,0.214203
1650.41,0.164938
1189.24,0.118898
1058.21,0.10575
1431.68,0.142972
1128.24,0.112703
2103.51,0.210288
2369.85,0.236889
1148.4,0.114683
1017.28,0.101563
1419.47,0.141798
1504.52,0.150408
2185.42,0.2185
1225.05,0.122477
3694.24,0.368923
26634.5,2.65
994.207,0.0955148
1887.84,0.188747
2785.46,0.278201
762.11,0.0762034
5832.96,0.583063
889.047,0.088712
9593.52,0.95779
1510.06,0.15091
1384.31,0.138415
944.729,0.0939641
3342.83,0.333952
896.464,0.0896391
991.576,0.0990303
1453.95,0.145244
1062.14,0.106204
2530.58,0.253003
1303.68,0.130295
1927.32,0.192649
3146.39,0.244893
1535.93,0.153546
1170.93,0.117045
801.272,0.0799867
804.581,0.0803466
1302.83,0.13023
1715.53,0.171496
835.576,0.08354
836.683,0.0836384
1042.22,0.104184
703.725,0.070372
1291.79,0.129161
3045.83,0.304308
1024.13,0.102405
3907.35,0.390119
952.127,0.0952049
854.757,0.0854003
887.549,0.0887308
771.081,0.0770699
2767.2,0.276398
941.778,0.0941395
1862.58,0.18605
1562.44,0.155231
1442.35,0.144158
904.218,0.0904074
3497.41,0.349383
977.113,0.0976787
730.813,0.0730721
1476.94,0.147664
1480.1,0.14799
821.269,0.0793363
20177.8,2.0065
2312.62,0.231142
765.657,0.076389
1329.83,0.132966
1558.2,0.155757
1277.16,0.127669
1314.96,0.131247
1248.96,0.124834
2944.12,0.294143
1175.44,0.117531
9273.08,0.9214
1226.52,0.122605
1535.3,0.153506
866.889,0.0865315
1972.41,0.197157
3725.29,0.372507
807.159,0.0807102
973.719,0.0973506
1456.97,0.137561
1668.1,0.166717
2632.27,0.262984
1148.99,0.114824
719.562,0.0719522
1052.74,0.105141
1061.6,0.106142
439.224,0.0439008
867.314,0.0866758
935.9,0.0934904
2334.02,0.233039
2243.28,0.224203
1652.35,0.162987
1205.36,0.120431
1206.74,0.120532
774.134,0.0774055
11550.6,2.29192
1004.53,0.100349
1444.17,0.144335
1188.66,0.118862
1264.52,0.126433
1100.69,0.110039
1197.79,0.119683
1041,0.103097
2405.58,0.240511
969.268,0.0969075
1161.27,0.116021
1361.44,0.134857
991.112,0.0990923
1943.31,0.194278
1329.18,0.132905
3597.29,0.359272
1256.12,0.125535
1214.87,0.121445
810.996,0.0810814
907.891,0.090782
988.759,0.0987966
1617.5,0.161721
1348.79,0.13485
1179.8,0.117869
722.183,0.0722092
965.294,0.0963698
1009.18,0.100906
2307.39,0.229952
1500.03,0.149984
966.114,0.096606
2277.26,0.22759
19521.7,1.93915
847.266,0.0846219
5319.15,0.531571
963.494,0.0963272
3409.12,0.343842
1168.78,0.116804
1257.1,0.125641
3063.27,0.306231
652.958,0.0652471
4253.92,0.425314
1090.72,0.109045
768.271,0.0768245
708.501,0.0708293
1118.85,0.111828
553.388,0.0553376
2394.09,0.239144
959.653,0.0959232
1580.5,0.157977
2895.26,0.289449
849.018,0.084891
1007.08,0.100681
1040.75,0.104053
996.541,0.0995695
2652.01,0.264655
20171.6,2.00603
1254.96,0.12548
1177.51,0.117698
828.971,0.0828861
1411.63,0.141052
2026.62,0.136921
1314.98,0.131231
3190.69,0.319019
1328.15,0.132768
711.37,0.0711227
1327.27,0.13258
1156.31,0.115615
697.279,0.0697034
4135.36,0.413014
2196.12,0.219572
1158.55,0.115833
777.882,0.0777289
827.851,0.082753
1055.37,0.10552
1497.04,0.14959
4144.14,0.414286
956.083,0.0955822
750.301,0.0747271
859.002,0.0855409
2571.93,0.256969
1426.88,0.142615
757.16,0.0757063
902.547,0.0902308
1558.3,0.140241
3123.48,0.312164
2202.5,0.219946
1867.41,0.182746
1553.28,0.155046
2040.63,0.203966
2774.14,0.277286
3350.36,0.334979
1071.48,0.107137
1578.31,0.15758
1061.88,0.106184
1038.31,0.103816
2138.48,0.213694
1059.27,0.105899
1177.41,0.117732
2189.52,0.218904
812.759,0.0812533
1118.83,0.11187
1260.46,0.126
2936.51,0.292151
2131.23,0.212688
832.462,0.0827284
831.215,0.083105
1627.72,0.162747
1391.25,0.138372
1052.35,0.10523
21331.3,2.11533
1456.15,0.145592
821.635,0.0820293
1417.57,0.14161
1642.27,0.164009
1866.6,0.186642
1295.88,0.129565
1048.89,0.104858
2667.47,0.265956
1624.91,0.16233
3095.81,2.76623
1478.37,0.141999
2421.94,0.241995
928.237,0.0928042
1098.5,0.109791
2826.62,0.282628
697.63,0.069734
1281.91,0.12815
3703.98,0.370033
894.941,0.0894914
524.368,0.0523603
3117.31,0.311577
3244.51,0.323253
1137.79,0.113663
491.37,0.0491271
1159.29,0.115846
871.261,0.0870195
2299.16,0.229591
12014.9,1.19873
846.603,0.0846554
3870.55,0.386889
762.703,0.0762549
1967.1,0.196634
1920.9,0.191937
6668.33,0.664814
1490.59,0.149052
1398.87,0.139865
2058.66,0.205701
1027.12,0.102689
5044.19,0.501622
1074.27,0.107399
1515.86,0.151517
692.983,0.0692599
477.491,0.0476809
861.649,0.0860647
693.447,0.0692933
1413.9,0.141378
1913.49,0.191134
7762.22,0.773922
491.236,0.0491095
826.019,0.0825889
671.862,0.0671841
15362.7,1.52819
1386.55,0.138582
1750.06,0.174438
2282.79,0.228165
1513.33,0.149867
1022.11,0.102072
1779.63,0.177321
2339.23,0.23376
1904.56,0.190431
1391.28,0.139047
1084.02,0.108329
1456.51,0.145648
1477.66,0.147753
11504.4,1.14595
8272.65,2.14866
3076.6,0.306882
1174.41,0.117298
1173.97,0.117118
716.064,0.0716011
3180.46,0.31799
1787.97,0.178676
527.319,0.0527016
1577,0.157666
1510.79,0.151059
1245.27,0.124505
1088.63,0.107131
602.747,0.0602288
1136.46,0.113641
1072.41,0.107082
1613.55,0.161325
1823.78,0.181967
1041.53,0.10409
1449.03,0.14469
950.739,0.0950347
1189.82,0.118948
1047.66,0.10468
747.891,0.0747763
1099.53,0.109911
2407.74,0.240178
1250.58,0.125029
1196.66,0.1196
1776.48,0.177608
643.989,0.0643428
963.41,0.0963344
1906.63,0.190608
953.797,0.0953778
1077.97,0.107771
1269.5,0.12673
1254.24,0.125418
1714.35,0.171382
1139.32,0.110584
754.222,0.0754077
2685.84,0.268418
1208.13,0.120773
1281.49,0.128107
756.227,0.0756138
1401.63,0.140117
1876.84,0.187663
849.42,0.0849282
1228.26,0.122654
2037.24,0.203694
3638.61,0.363071
1022.26,0.102058
1109.79,0.11087
1149.7,0.114877
839.978,0.0839942
1051.41,0.105114
685.911,0.0685854
1418.59,0.141694
803.384,0.0803295
528.381,0.0528116
794.811,0.0793219
717.216,0.0717182
2661.95,0.266013
1087.35,0.108713
1128.56,0.112822
1308.06,0.130628
1414.19,0.141305
2074.97,0.207435
2361.79,0.235845
1433.45,0.143289
1223.85,0.122359
1036.84,0.10364
2464.8,0.246395
857.782,0.0856141
586.091,0.0586038
1708.82,0.170814
1015.35,0.101447
1241.75,0.124164
813.094,0.0812637
1062.9,0.106262
1447.45,0.144626
1085.63,0.095308
2159.14,0.215825
805.108,0.0804706
3145.04,0.314398
747.985,0.0747859
1443.34,0.144247
1127.9,0.112781
1169.56,0.116907
3479.75,0.347637
530.815,0.0530594
1230.44,0.122961
1853.87,0.185111
1377.77,0.137739
731.102,0.0731072
2849.66,0.284453
693.779,0.0689003
1078.95,0.0815296
497.487,0.049728
806.162,0.0806094
968.555,0.0968478
655.207,0.065491
1272.93,0.127289
2203.72,0.22022
1263.71,0.125808
1172.78,0.11718
6076.43,0.605754
801.907,0.0801866
1146.77,0.114645
934.368,0.0933571
797.226,0.0797122
1136.91,0.11365
1005.66,0.100507
963.762,0.09635
836.351,0.0836075
1232.75,0.123261
1755.51,0.175509
938.153,0.0938124
854.027,0.0854011
991.833,0.0991458
591.304,0.0590706
1285.05,0.128356
2568.8,0.256591
805.912,0.080576
5526.94,0.552286
1962.13,0.196168
2886.31,0.28847
1157.81,0.115777
1033.08,0.103266
847.402,0.084682
999.809,0.0999662
1858.39,0.185812
1196.54,0.119628
1222.96,0.12198
2868.03,0.286697
759.372,0.0759013
869.513,0.0869057
958.268,0.0958132
3597.41,0.35947
1142.98,0.114275
930.842,0.0930717
6151.63,0.614411
1035.42,0.10346
1758.31,0.175781
858.812,0.0858478
714.97,0.071436
2073.08,0.207245
2193.99,0.219194
665.754,0.0665605
960.204,0.0960047
1028.32,0.10282
884.337,0.0884285
2589.68,0.257318
1105.74,0.110547
4104.36,0.409975
2530.05,0.25288
860.888,0.0859767
820.495,0.0817025
920.956,0.0920851
2030.73,0.202942
837.84,0.0837601
5397.17,0.53948
564.138,0.0563526
901.187,0.0901118
3547.01,0.354664
2419.69,0.24186
1188.36,0.118809
3866.23,0.38639
1408.27,0.140812
965.065,0.0964494
1057.04,0.105671
1799.02,0.179877
1369.85,0.136947
1314.24,0.131398
1435.58,0.1413
1188.65,0.118792
29490.1,2.91359
2341.3,0.233896
2823.52,0.282175
1262.24,0.126013
1212.64,0.121034
1226.95,0.122677
1521.04,0.151854
680.295,0.0680271
821.116,0.0820874
3732.31,0.373184
1772.66,0.17706
2839.54,0.283785
1646.26,0.16235
1014.45,0.100585
666.01,0.0664995
882.886,0.088246
1366.47,0.1365
2459.15,0.245902
1528.09,0.152708
1486.41,0.148615
1024.25,0.102407
1351.86,0.135113
2275.63,0.227521
931.951,0.0930414
11152.9,1.08363
1816.13,0.181385
933.113,0.0932606
717.374,0.0717316
1155.34,0.115445
1045.96,0.104344
1528.8,0.15285
453.523,0.0453305
1462.83,0.146266
2226.69,0.222558
1060.53,0.105975
1100.62,0.109878
1034.99,0.103452
977.515,0.0976457
980.123,0.0979845
1719.85,0.171875
1948.47,0.194745
3229.72,0.322867
966.221,0.0964223
1660.85,0.166045
1795.32,0.17934
1156.14,0.115198
1723.82,0.172334
1343.71,0.134365
1141.64,0.114104
7193.85,0.718268
919.029,0.0917399
1610.65,0.161017
2758.91,0.275565
4746.71,0.473211
1139.95,0.113986
1528.41,0.152826
642.973,0.0642712
2902.28,0.29
662.051,0.066199
1104.28,0.110349
1184.91,0.118464
921.436,0.092076
575.532,0.0574944
569.715,0.0569594
1085.76,0.108541
908.829,0.0908777
1302.24,0.130191
1398.9,0.139585
1704.22,0.17032
1818.73,0.181858
1344.64,0.134411
3094.62,0.308511
1091.3,0.109127
1104.76,0.110475
907.545,0.0907239
728.875,0.0727788
1069.26,0.106903
1068.43,0.10684
3127.29,0.311684
1272.19,0.124811
857.764,0.0857658
1306.46,0.130601
581.323,0.0581184
1557.31,0.155723
1101.17,0.110108
2577.01,0.257325
3441.11,0.34346
961.366,0.0960964
1657.86,0.165669
2330.56,0.233022
964.693,0.0964674
1120.59,0.112053
1372.47,0.137162
1012.59,0.101217
3570.06,0.356058
3861.98,0.385437
9026.34,0.900034
792.193,0.0792101
1325.24,0.132458
633.775,0.0630665
1717.92,0.171072
6105.65,0.610126
1427.2,0.142699
1528.06,0.152784
1344.12,0.108194
1407.58,0.140664
1138.38,0.113791
1640.16,0.163951
940.871,0.0940164
915.271,0.0915256
515.791,0.0515331
1281.78,0.128094
1149.34,0.114386
840.927,0.0840364
1216.91,0.12164
938.662,0.0938309
979.359,0.0858594
1013.77,0.101368
1294.47,0.128872
2392.1,0.239171
724.932,0.0724881
773.381,0.076789
11440.7,1.14231
1685.09,0.168407
601.591,0.060145
1201.57,0.120103
2186.51,0.218376
1781.78,0.1774
2553.46,0.255114
931.557,0.0931535
1769.15,0.176908
12160.5,1.21361
837.809,0.0837513
2241.84,0.224085
2229.78,0.222875
811.739,0.0811722
2003.34,0.200267
2694.03,0.269142
1326.62,0.132568
2684.54,0.268395
832.148,0.0831451
1198.23,0.119757
1268.83,0.126863
1107.29,0.110712
819.712,0.0817286
667.803,0.0667727
1524.52,0.152346
1302.34,0.130217
1043.75,0.104325
1263.01,0.12628
1207.51,0.120679
1331.01,0.132994
761.76,0.0760537
696.401,0.06959
1050.73,0.105046
1137.75,0.113712
1241.29,0.124078
4150.25,0.414203
1287.72,0.12857
1660.07,0.165865
1338.87,0.133865
2107.33,0.206637
501.154,0.0501137
1321.55,0.132091
1054.79,0.105413
1192.88,0.119281
1424.51,0.142251
746.131,0.0745847
434.721,0.0434716
1442.09,0.144191
1861.76,0.18604
4154.59,0.415203
2382.01,0.238137
664.291,0.0664217
3001.06,0.299606
1320.97,0.131795
1154.69,0.115455
1244.97,0.124342
919.686,0.0919234
2496.88,0.249657
1165.88,0.116524
2749.58,0.274877
1558.61,0.155768
1728.29,0.172444
1855.31,0.18547
928.199,0.0928141
924.373,0.0924343
989.928,0.0989655
2582.73,0.258163
2330.57,0.232698
1256,0.125547
1814.69,0.181436
1045.14,0.104483
931.624,0.0931582
1660.18,0.165942
1209.9,0.120976
1135.08,0.113492
1313.44,0.13134
3718.1,0.371647
1861.51,0.186091
1426.65,0.141886
2646.23,0.264551
3155.73,0.315134
2269.23,0.223144
2025,0.201793
1878.89,0.187826
969.377,0.09692
1097.57,0.109744
979.424,0.0979241
1969.34,0.196897
1085.4,0.108269
1393.46,0.139254
1347.95,0.134752
561.569,0.0561246
1355.74,0.135539
1093.33,0.10921
1094.55,0.109441
1332.33,0.132599
2648.18,0.264727
817.688,0.0817322
1374.03,0.137359
1195.76,0.119282
1178.61,0.117663
1067.63,0.106748
3891.72,0.38885
529.628,0.0529559
1585.04,0.158381
778.731,0.0778651
5392.29,0.513593
833.619,0.0833565
636.028,0.0635062
1795.87,0.179306
718.099,0.0717996
1533.45,0.153265
983.324,0.0983172
628.957,0.0628893
1517.11,0.141805
978.43,0.0978399
1019.66,0.101903
1904.28,0.190372
2016.48,0.201607
968.998,0.0968682
1940.28,0.193964
650.438,0.0650085
1224.42,0.122416
1479.59,0.147927
1997.91,0.199777
737.128,0.0736125
1297.11,0.129688
1093.64,0.109333
1159.91,0.115925
854.362,0.0854222
2097.61,0.209715
1470.61,0.147011
1254.83,0.125479
1112.09,0.111205
2186.15,0.218604
910.647,0.0910624
933.46,0.093322
1100.33,0.110024
763.921,0.0763213
865.257,0.086499
934.837,0.0934054
2132.61,0.213201
5333.34,0.53283
1222.87,0.121996
633.569,0.063333
750.664,0.0748969
1199.54,0.11987
3044.26,0.304279
1111.41,0.111136
787.783,0.0786043
1887.51,0.188697
1360.09,0.135805
1228.82,0.122875
737.434,0.0724646
1490.11,0.148828
1878.39,0.181244
1928.3,0.192295
1170.67,0.117061
1274.23,0.127408
1661.48,0.16609
1468.35,0.146811
1381.82,0.138161
1207.06,0.120687
939.16,0.0939099
1943.79,0.194342
1007.21,0.100514
896.653,0.0896534
919.588,0.0918694
741.199,0.0741151
2358.43,0.235743
1146.43,0.11454
11875,1.18347
1262.91,0.126249
951.501,0.0951486
1727.67,0.172705
693.157,0.0692882
1671,0.167063
1176.91,0.117091
1679.71,0.167908
1145.8,0.114544
2620.37,0.261736
1178.69,0.117677
1047.26,0.103499
1166.91,0.116012
2456.11,0.245462
1348.07,0.134717
1107.89,0.110513
1090.1,0.10892
1852.81,0.184963
1149.41,0.114927
1751.71,0.175101
1668.2,0.166771
953.406,0.0947098
790.822,0.0787926
1684.43,0.168327
1187.44,0.118306
1327.62,0.132707
1242.66,0.124261
1207.03,0.1207
1017.26,0.101474
2050.51,0.20497
17382.8,1.72921
1812.14,0.180957
1251.46,0.124598
774.444,0.0773082
866.105,0.0865299
1633.24,0.163299
1122.99,0.112231
1161.62,0.114161
2229.08,0.221945
779.028,0.0778931
959.863,0.0958305
1430.88,0.14299
1100.02,0.109991
1485.54,0.148454
1383.29,0.13831
1212.46,0.121231
1325.19,0.132485
1226.3,0.122622
573.133,0.0572806
4572.88,0.456956
2368.85,0.236704
5538.93,0.55375
2131.19,0.212959
1449.03,0.144837
1616.1,0.161572
891.849,0.0891006
2281.07,0.227782
1237.97,0.123738
787.478,0.0787466
1360.23,0.135998
1585.67,0.158535
2308.38,0.230779
2230.33,0.222897
608.068,0.0607853
604.374,0.0603069
4088.49,0.384681
583.568,0.0582972
699.355,0.0698522
1088.42,0.104735
1208.64,0.120794
1384.83,0.137964
849.866,0.0849848
2020.19,0.201947
1017.82,0.101779
2842.99,0.284264
1634.08,0.163352
1071.94,0.107191
1136.52,0.112694
697.588,0.0697323
2911.22,0.290894
925.535,0.092428
2245.69,0.21877
3389.25,0.338572
923.594,0.0923382
2488.14,0.248557
1256.81,0.125494
828.033,0.0826565
737.589,0.0735875
892.44,0.0892288
1129.94,0.112901
887.421,0.0869893
792.199,0.0792155
7364.63,3.87093
1061.67,0.106093
6618.5,0.660945
1080.94,0.108089
822.324,0.082192
814.105,0.0813906
1542.94,0.154267
781.155,0.0780261
1443.02,0.144218
1190.34,0.118994
684.598,0.0683645
7385.46,0.737793
574.165,0.0574096
1047.54,0.104744
1966.53,0.196631
684.642,0.0684631
12599.6,1.25298
1322.69,0.131945
1195.43,0.119331
1218.93,0.121861
598.262,0.0598157
14515.8,1.44456
1096.72,0.109652
514.968,0.0514876
1943.91,0.19411
875.287,0.087234
994.699,0.0993446
17617.3,1.75168
1433.7,0.143353
1665.83,0.166547
896.335,0.0896289
622.366,0.0622253
1937.41,0.19366
1578.23,0.157779
1923.68,0.192184
1095,0.109489
1464.69,0.146404
853.204,0.0853005
1416.07,0.141551
1510.28,0.15101
870.105,0.0869688
707.206,0.0707048
969.671,0.0969554
1027.44,0.10274
1167.28,0.11669
1210.52,0.121019
2929.65,0.292802
4059.51,0.4049
986.708,0.0956961
2750.63,0.275027
2370.68,0.236903
699.746,0.0699339
992.836,0.0992584
943.12,0.094307
1136.35,0.113612
1078.08,0.107777
2057.87,0.20575
1724.22,0.172396
983.631,0.0983443
974.779,0.0973314
651.772,0.0651714
2463.42,0.245855
604.944,0.0604852
938.479,0.0937883
932.921,0.0932799
1886.91,0.188589
2282.56,0.228027
915.052,0.0913742
1188.34,0.118822
1332.71,0.133237
2184.78,0.218415
939.792,0.0939341
1137.63,0.113751
1300.71,0.130005
952.881,0.0952427
981.457,0.0981056
1744.91,0.174447
1313.48,0.131312
1021.43,0.10212
1162.81,0.115484
832.116,0.0831927
860.639,0.0860597
1369.67,0.136927
1260.07,0.125747
1024.01,0.102399
1669.79,0.166902
1321.51,0.132133
1899.81,0.189859
824.274,0.0823938
2740.49,0.273975
2016.55,0.201418
1077.96,0.107782
2325.64,0.232487
816.76,0.0816708
960.429,0.0959875
3494.79,0.349037
536.456,0.0536262
831.246,0.0830951
2102.82,0.210233
1057.98,0.105768
1039.74,0.103959
2825.49,0.282148
1049.66,0.104884
1036.6,0.103643
1117.08,0.111635
2294.77,0.229425
748.166,0.0748074
2404.53,0.240441
1442.13,0.143994
2252.95,0.225214
930.598,0.0930386
6769.97,0.676349
468.185,0.0468146
1233.25,0.123232
1282.76,0.128228
1837.82,0.182502
922.637,0.0920227
1494.7,0.149392
1343.15,0.1343
734.324,0.0734309
861.698,0.0861018
1667.24,0.166669
601.45,0.0601433
7399.71,5.90446
779.197,0.0778266
1818.82,0.181753
935.951,0.0935695
760.748,0.0760598
914.859,0.0914631
2939.66,0.293797
2834.94,0.283289
758.991,0.0758888
1000.88,0.100071
5916.37,0.590924
1987.2,0.19871
2814.22,0.281268
1018.69,0.10181
1017.92,0.10178
1249.19,0.124833
1475.46,0.147527
772.208,0.0772183
1076.15,0.10754
788.306,0.0788112
1261.09,0.1261
1443.13,0.144114
953.739,0.095163
1972.21,0.197069
1553.95,0.155145
463.714,0.0463086
1400.87,0.140064
982.773,0.0981607
1191.04,0.119086
967.609,0.0966565
1656.38,0.165626
1503.61,0.150244
1620,0.161682
1392.03,0.138499
602.829,0.0602716
1497.34,0.14947
1115.61,0.11102
931.564,0.0931533
1371.64,0.137096
3081.3,0.308019
3625.37,0.362418
852.732,0.0852679
2290.94,0.229055
1834.32,0.183288
742.048,0.0741904
768.17,0.0768133
894.05,0.089364
810.724,0.081065
3449.31,0.344811
1587.58,0.158649
1550.79,0.155029
2600.23,0.259783
1286.14,0.128593
728.781,0.072855
1083.59,0.108333
1030.63,0.103045
1859.43,0.185892
1456.07,0.145604
1297.02,0.129639
661.259,0.0655218
2787.44,0.278361
1108.77,0.110806
1067.19,0.106627
3131.35,0.313037
1598.23,0.159771
1458.36,0.145768
1803.31,0.18017
906.099,0.090604
1743.93,0.174354
1302.92,0.130241
815.269,0.0815029
1983.85,0.198192
795.256,0.0794736
8259.93,0.820833
2846.54,0.284526
1771.11,0.177025
696.367,0.069626
717.513,0.0717507
1531.22,0.153098
1483.34,0.148292
1944.25,0.194373
2095.93,0.20937
939.669,0.0939528
1048.45,0.104579
741.368,0.0741235
782.459,0.0777691
1275.61,0.127516
1672.88,0.167255
948.982,0.0948726
3067.78,0.306752
873.188,0.0833873
986.173,0.0983009
772.701,0.0772605
574.541,0.0574434
1647.44,0.164715
1999.11,0.199876
2333.09,0.233241
8606.62,0.857223
1452.19,0.145193
8229.81,0.82031
1831.77,0.183111
1286.14,0.128596
1103.51,0.110345
853.864,0.0853126
1056.19,0.105596
1006.18,0.100391
2385.62,0.237919
1866.74,0.186179
618.243,0.0618144
1553.74,0.155354
992.944,0.0992567
1090.62,0.108881
843.84,0.0810476
1028.98,0.102884
1558.9,0.155828
3891.57,0.388985
1540.64,0.153893
1205.13,0.120447
922.73,0.0913981
1072.68,0.104739
1061.11,0.106106
1009.46,0.100911
561.658,0.0561279
6249.47,0.623911
810.279,0.0810249
1169.42,0.116916
1365.68,0.136548
699.937,0.0699913
1083.58,0.108353
1307.33,0.130657
1440.45,0.143984
1509.34,0.150825
1659.04,0.16585
1011.68,0.101165
1187.57,0.118726
769.667,0.0769472
1593.15,0.159102
1509.24,0.150885
1337.06,0.133703
2613.62,0.261252
850.827,0.085009
3011.17,0.301034
2492.5,0.249194
1065.68,0.106555
830.55,0.0829987
1367.95,0.136715
829.146,0.0829
1309.23,0.13088
571.903,0.0571782
710.456,0.0709609
1881.98,0.188162
1892.15,0.189049
2329.96,0.232856
1953.77,0.195268
771.402,0.0771381
641.723,0.0641673
976.338,0.0974245
1191.01,0.119067
1623.03,0.162251
3891.35,0.388697
1456.21,0.145595
713.519,0.071279
747.972,0.0747923
2999.79,0.299895
1950.64,0.195023
1041.19,0.103939
821.269,0.0821219
1842.56,0.184102
669.824,0.0669168
3976.09,0.397405
1068.21,0.106582
1264.48,0.126318
924.521,0.0924502
1287.65,0.128456
1403.42,0.14034
1986.57,0.198625
843.642,0.0843402
1563.03,0.156275
2930.86,0.292985
1796.9,0.179654
818.888,0.081846
1155.82,0.115544
1771.19,0.177019
1507.54,0.15074
1278.71,0.127833
1795.13,0.179493
1753.64,0.174825
615.175,0.0614728
1054.49,0.105315
808.589,0.0808351
1234.86,0.123473
844.101,0.0844064
1484.81,0.148313
994.152,0.0991706
1280.57,0.127992
1267.55,0.126677
1557.91,0.15546
1182.68,0.118131
848.2,0.0847748
711.155,0.071102
7662.31,0.76526
1081.09,0.107953
2557.97,0.255545
1440.69,0.144013
1270.37,0.127014
1886.65,0.187987
1280.02,0.127856
2607.5,0.260653
1741.38,0.17331
1278.28,0.127805
1191.66,0.119036
395.757,0.0394678
921.901,0.0921878
697.727,0.069732
2227.11,0.222651
1229.16,0.122755
1450.36,0.144054
1399.65,0.13984
1799.24,0.179575
1500.46,0.15002
2647.56,0.264397
1350.29,0.134727
2067.48,0.206506
1043.63,0.104296
3019.6,0.301572
1176.76,0.116914
1491.7,0.149092
1095.17,0.109424
971.063,0.0970341
590.887,0.0590776
1418.43,0.14182
3644.77,0.364191
493.734,0.0493724
2299.02,0.229836
753.38,0.0747478
741.094,0.0739985
1211.77,0.121171
4464.96,0.44216
531.594,0.0531579
799.893,0.0797709
1034.65,0.103391
739.812,0.0739756
1060.38,0.106
1260.09,0.125963
1235.58,0.175817
2366.98,0.236683
1648.43,0.164803
1164.51,0.116408
629.726,0.0629543
1188.1,0.118771
952.324,0.0952074
741.169,0.0741077
1135.04,0.113502
714.088,0.0714065
881.771,0.0881398
1522.59,0.152221
1787.18,0.178046
1199.44,0.119897
1055.27,0.105484
1414.1,0.141401
740.573,0.0740544
695.002,0.0693863
1697.57,0.169444
894.527,0.0894477
1117.22,0.11165
1882.9,0.188136
943.586,0.0943427
2058.2,0.205772
1440.01,0.143441
1273.39,0.126966
1061.14,0.106069
925.215,0.0924779
1936.86,0.193564
1079.8,0.107917
821.769,0.0821742
1438.35,0.143701
706.639,0.0705752
3603.31,0.360158
1348.84,0.134845
1754.4,0.175324
4447.26,0.444601
3766.11,0.376482
1282.11,0.128209
1994.88,0.199316
1324.86,0.132466
1328.81,0.13276
1816.58,0.180897
1866.56,0.186467
1170.26,0.116965
1575.01,0.157398
1933.04,0.193163
1273.18,0.127072
997.049,0.0996819
1849.21,0.184828
718.507,0.0717237
1315.04,0.131423
1319.62,0.131918
2369.6,0.236653
784.239,0.0772938
747.141,0.0745063
1056.81,0.105061
4749.23,0.474692
770.719,0.0770551
1476.64,0.147627
1220.31,0.121994
2491.63,0.249066
1066.41,0.106613
1837.92,0.183777
672.296,0.067163
1375.79,0.137515
1623.4,0.162312
1085.02,0.10845
3407.96,0.340651
3478.19,0.346658
1651.94,0.165134
1030.52,0.103044
1186.62,0.118656
1046.88,0.104208
1968.89,0.196796
1249.58,0.124874
2251.33,0.225067
936.695,0.0936635
693.305,0.0693239
422.042,0.0422037
802.054,0.0801629
2381.7,0.238087
903.012,0.0902684
623.754,0.0623714
1057.58,0.105671
3596.08,0.357098
1244.45,0.124394
1844.05,0.184206
936.158,0.0935767
3728.5,0.369434
1517.85,0.151576
1311.81,0.131134
2144.72,0.214321
5684.59,0.566956
1054.95,0.105306
1810.56,0.18046
1292.92,0.129179
1797.77,0.179685
1603.45,0.160283
1096.29,0.108811
1102.72,0.110269
727.23,0.0726826
1191.72,0.119042
1241.87,0.124072
2541.69,0.254127
1286.63,0.128585
1289.26,0.12891
2090.83,0.208945
2579.62,0.257765
2129.84,0.212936
820.85,0.0820546
721.277,0.0719542
1410.08,0.140867
1067.65,0.106736
2051.76,0.205107
1303.77,0.130352
1495.71,0.149553
2490.65,0.248723
1066.06,0.104029
1479.69,0.14779
1525.49,0.152424
960.376,0.0960278
1421.24,0.142097
507.91,0.0506926
1219.7,0.121931
888.787,0.0888614
4241.22,0.423864
1094.01,0.109304
1524.41,0.152268
1191.28,0.118949
1551.59,0.155068
782.396,0.0782071
6502.96,0.648937
879.582,0.0878377
2354.38,0.235151
1324.09,0.132261
2066.68,0.206584
2501.95,0.249992
1049.05,0.104902
6400.51,0.639035
892.931,0.0892821
999.024,0.0997123
954.893,0.0954807
1238.16,0.123767
1061.67,0.106073
1530.43,0.152986
2019.76,0.201957
921.085,0.0920703
1818.11,0.181727
785.53,0.0784536
1067.05,0.106624
2181.04,0.217613
1825.79,0.182556
961.894,0.0961305
1229.01,0.122855
850.796,0.0849686
1301.81,0.130138
2179.4,0.21791
1215.85,0.121574
1062.86,0.106273
967.949,0.0967867
986.846,0.0986199
1661.41,0.166076
1355.06,0.135483
1115.28,0.110776
2311.95,0.231161
1022.93,0.102273
593.754,0.0593554
1117.64,0.111751
851.738,0.0851525
17140.9,1.70694
808.614,0.080804
2217.85,0.221728
926.62,0.0926575
826.061,0.0825898
4724.13,0.472281
1387.03,0.138674
1452.28,0.145194
1134.94,0.113461
547.114,0.0546646
615.332,0.0614708
791.099,0.0791068
1760.22,0.175989
835.728,0.0835655
1746.55,0.17441
1738.06,0.173788
1564.89,0.156251
829.574,0.0828722
570.245,0.0569584
1603.82,0.160199
1102.13,0.110145
603.636,0.0603005
1710.6,0.170899
3041.55,0.303816
1109.1,0.110866
1449.62,0.144946
1960.44,0.195823
2097.36,0.209678
1202.44,0.120231
863.554,0.0862882
4835.31,0.483339
1621.9,0.162036
1142.65,0.114236
963.942,0.096319
1114.83,0.11145
1228.32,0.122825
773.639,0.07703
4342.76,0.43381
587.227,0.11097
6657.13,0.665373
1132.1,0.113166
4956.88,0.495238
845.1,0.0844807
1839.97,0.174224
8889,4.93916
1168.69,0.116797
2992.35,0.299064
2233.92,0.222696
1398.62,0.139783
793.102,0.079254
1335.65,0.132765
1051.35,0.105108
805.01,0.0803699
1404.92,0.140429
2625.23,0.262426
1331.35,0.133026
625.744,0.0625713
1002.7,0.100228
1879.12,0.187861
1656.1,0.152476
1973.36,0.196977
862.024,0.0861434
1615.12,0.161506
2179.51,0.217856
1306.44,0.130621
1478.82,0.147843
2096.47,0.209558
1551.93,0.15516
776.914,0.0776622
1077.63,0.107727
6836.55,0.680648
828.884,0.0828289
3286.56,0.328398
836.652,0.0836624
649.856,0.0649737
1171.61,0.117004
823.73,0.0822926
1467.64,0.146197
1076.76,0.107619
1977.65,0.197639
1196.87,0.119651
3290.89,0.328836
2391.98,0.239139
992.104,0.0988155
1932.85,0.193137
1620.16,0.161996
2030.24,0.202814
465.504,0.0464584
1292.36,0.129184
15523.6,1.6026
1794.71,0.179364
1646.36,0.164603
1190.78,0.119053
1193.46,0.119333
1459.74,0.145965
10529.4,1.05085
1431.41,0.14312
971.532,0.0970448
1501.36,0.149622
1313.29,0.131322
968.522,0.0967837
825.73,0.0825669
927.803,0.0927681
1693.02,0.169091
2783.4,0.277935
1402.72,0.140168
2552.99,0.255043
746.038,0.0746005
3072.6,0.307217
1019.77,0.101927
2658.13,0.265348
1205.08,0.120477
616.965,0.0616637
706.249,0.0704269
928.122,0.0927342
1407.76,0.140759
850.521,0.0849434
633.018,0.0633006
570.858,0.0570117
744.342,0.0727522
1262.5,0.126072
1440.01,0.143996
794.898,0.0794406
1187.77,0.118708
2147.91,0.214728
936.634,0.0935263
714.811,0.071404
671.758,0.0671149
958.393,0.0956687
806.597,0.0806396
1368.23,0.13678
1179.99,0.117876
1190.32,0.11897
833.049,0.0832018
1211.95,0.120991
1630.11,0.162439
1668.22,0.1667
1593.4,0.159315
786.347,0.0774829
1869.22,0.186794
2657.77,0.26575
1013.02,0.101269
2829.13,0.282774
1119.37,0.111919
979.437,0.0979297
1212.74,0.12126
3688.99,0.368789
841.583,0.0841237
1291.87,0.129137
2205.25,0.22026
2026.93,0.202655
1736.49,0.173603
1487.37,0.148699
1084.42,0.108326
1125.17,0.112464
929.292,0.0929027
1852.61,0.185256
2659.14,0.265651
647.243,0.0646905
11815.8,1.17492
955.771,0.0954679
6450.38,0.644927
1918.33,0.191821
927.049,0.0926553
615.658,0.0615633
843.148,0.0842316
952.853,0.0952751
1009.02,0.100896
819.764,0.0819562
782.001,0.0781949
1430.06,0.14277
2254.78,0.225386
1979.23,0.197881
1208.44,0.120814
1102.42,0.110192
1286.63,0.128617
997.041,0.0996546
2150.21,0.214832
1428.94,0.142799
700.202,0.0699452
455.859,0.0455778
3302.62,0.330045
1236.53,0.123506
911.19,0.0909912
1105.7,0.110524
5331.42,0.532525
645.239,0.0644965
1198.67,0.119703
3390.5,0.33871
842.676,0.0841877
820.3,0.0820085
542.936,0.0542781
1240.95,0.124091
665.807,0.0665231
1244.39,0.124415
1169.13,0.116874
2482.54,0.248114
1232.2,0.123185
765.406,0.0764849
1002.06,0.100134
1675.48,0.167533
7327.01,6.337
1338.82,0.133457
2267.67,0.226591
844.273,0.0844024
2005.33,0.200501
808.315,0.0808228
885.286,0.0884839
3069.15,0.306645
1173.21,0.117277
10023.6,1.35909
1114.17,0.111387
995.742,0.0995587
1229.27,0.122898
1862.76,0.185714
1456.21,0.145575
768.638,0.0766133
2369.6,0.236945
1813.37,0.181242
1199.68,0.119894
903.46,0.0901988
1647.35,0.164715
1143.72,0.114295
1008.94,0.100859
879.566,0.0879084
2112.28,0.211024
838.54,0.0837347
5538.68,0.553563
1467.5,0.146713
876.108,0.0875935
8202.15,0.819416
630.381,0.0630344
1366.44,0.136577
1296.45,0.12955
1693.25,0.168791
1515.35,0.150166
1385.29,0.138519
905.544,0.090453
1262.8,0.126243
1398.95,0.13979
1988.08,0.198171
586.51,0.0585644
987.367,0.0986893
989.026,0.0988926
2549.21,0.254562
853.443,0.0852136
1395.51,0.139545
1239.28,0.12387
694.578,0.0694492
684.349,0.0683675
1165.57,0.116171
1116.35,0.111581
2031.93,0.203139
1032.74,0.103218
3043.02,0.303554
5671.09,0.566419
935.137,0.0934526
1775.04,0.177426
2637.1,0.263674
2149.11,0.214853
1307.5,0.130669
1148.53,0.114841
1077.8,0.107752
1003.18,0.100263
1447.93,0.144764
754.587,0.0754347
1456,0.145518
920.658,0.091994
1457.05,0.145675
2475.67,0.247022
1364.84,0.135884
3598.81,0.359429
1373.88,0.137354
1211.05,0.12105
1232.18,0.123195
974.419,0.0974091
2303.41,0.230308
2550.54,0.255037
1212.01,0.12119
731.703,0.0731681
924.602,0.0924497
2944.85,0.29437
951.565,0.0950277
1149.48,0.114945
1397.94,0.139786
924.541,0.0924379
2697.67,0.269551
736.997,0.0736938
1820.08,0.181774
2145.53,0.214423
1057.04,0.105656
1566.71,0.156539
1015.76,0.101557
1066.57,0.106647
1342.25,0.134131
1953.85,0.195166
4348.56,0.434562
919.515,0.0917596
1309.26,0.129901
871.581,0.0862707
2159.18,0.215863
972.902,0.0972663
3583.28,0.357754
1838.81,0.183859
1394.02,0.139364
890.145,0.0889905
1063.47,0.106304
837.295,0.0836031
1045.24,0.104376
698.945,0.0698686
683.307,0.0682982
2678.09,0.266815
892.579,0.0892505
774.48,0.0774442
713.588,0.0713241
1580.16,0.149927
1278.49,0.127643
842.046,0.0841664
675.434,0.0675307
713.901,0.0713886
1489.43,0.148915
2026.74,0.202641
871.24,0.0866625
1449.48,0.144898
1797.09,0.179685
2461,0.245815
2995.21,0.299161
1328.96,0.132848
702.418,0.0702297
1042.82,0.104235
1134.94,0.113317
2420.67,0.242061
3825.04,0.382475
959.178,0.0958673
1233.11,0.123285
1247.92,0.12476
882.582,0.0881768
730.781,0.073059
951.05,0.0951034
985.806,0.0985407
1563.87,0.156294
1309.02,0.130894
862.925,0.0862821
1025.19,0.102509
1474.65,0.14738
1806.88,0.180631
1116.57,0.111626
1327.58,0.132718
2851.25,0.284769
1307.75,0.130757
935.799,0.0934797
2260.62,0.225995
742.374,0.0742144
1469.94,0.146257
1585.16,0.158395
1023.84,0.102191
994.905,0.0994818
625.578,0.0625219
3688.47,0.368155
788.276,0.0787486
6423.08,1.20374
1203.13,0.120117
1520.47,0.151993
735.518,0.0735478
1202.53,0.120241
889.412,0.0888983
1168.64,0.116083
682.004,0.0681838
686.306,0.0686132
2834.41,0.283118
1448.07,0.144253
1624.57,0.162432
2522.5,0.251675
698.465,0.0698047
1531.51,0.15309
2573.05,0.257212
1477.23,0.147529
925.071,0.092492
1669.2,0.166786
1613.44,0.16125
1580.31,0.157574
765.787,0.0765621
1042.81,0.104275
966.948,0.0966826
1419.14,0.14188
897.792,0.0897651
676.744,0.0676729
1877.44,0.187556
1551.29,0.154995
1026.48,0.102534
1021.57,0.102087
723.547,0.0723058
867.501,0.086714
1068.77,0.10687
1222.05,0.122193
3736.72,0.373179
786.831,0.0786725
1229.64,0.122894
2415.92,0.241472
1113.07,0.111276
780.772,0.0780643
1106.76,0.11062
1626.45,0.162595
990.305,0.0988764
3091.58,0.308994
1741.3,0.174105
5330.37,0.532085
6209.69,0.620052
7970.02,0.795318
997.377,0.0996
1076.44,0.107591
2450.37,0.241339
986.406,0.0986041
1133.79,0.113369
1019.08,0.101901
1767.29,0.176672
945.524,0.0944124
1925.24,0.192508
5067.45,0.506207
2204.19,0.220337
2272.26,0.227019
1491.29,0.149118
2560.02,0.255406
2202.08,0.22007
1285.92,0.128447
1457.76,0.145765
2213.07,0.22127
938.504,0.0938309
1127.23,0.11272
823.75,0.0823426
1292.88,0.129187
1061.15,0.106091
1339.11,0.133871
767.148,0.0767048
1301.93,0.130169
762.123,0.0761784
705.261,0.0705102
1275.53,0.127523
1321.01,0.132052
2259.7,0.225631
2605.4,0.260413
2752.04,0.274881
1555.88,0.155392
1082.3,0.108226
2785.1,0.278474
1078.69,0.107365
2843.65,0.284077
1048.28,0.104811
2792.47,0.278819
1292.87,0.129242
1873.56,0.187237
670.469,0.0670117
2810.74,0.280737
1254.66,0.125442
1036.26,0.103593
1614.75,0.161335
843.16,0.0842957
688.704,0.0688499
932.786,0.0932536
737.465,0.0737252
489.353,0.0489263
2677.16,0.267615
1543.77,0.154278
943.479,0.0941915
921.732,0.0917948
1483.5,0.148183
1042.85,0.104281
4734.4,0.47167
2077.24,0.207459
1086.76,0.108571
1060.71,0.106059
2338.18,0.233681
599.527,0.0596475
1214.49,0.121342
1370.9,0.137073
1194.57,0.11945
1127.7,0.112739
868.401,0.0868346
937.86,0.0937766
850.644,0.0850521
754.926,0.0754377
711.597,0.0711418
817.692,0.0814842
935.875,0.0935717
1385.88,0.138565
1595.81,0.159473
1231.99,0.12314
2742.71,0.274223
585.57,0.0585506
2649.68,0.264919
2068.72,0.206731
5650.59,0.563917
1168.5,0.116792
1194.83,0.119413
840.057,0.0839924
1328.02,0.13278
1579.38,0.157904
1024.31,0.102406
720.969,0.0720908
989.151,0.0988871
4758.65,0.475793
1229.43,0.122698
1241.89,0.124115
1386.36,0.138594
1911.43,0.190998
1468.4,0.146796
1024.24,0.102251
898.59,0.0896109
1061.14,0.106102
1285.7,0.12852
2084.24,0.208007
7768.97,0.775448
1704.69,0.170398
2207.14,0.220667
1921.01,0.192025
1002.27,0.10006
980.37,0.0980268
2054.64,0.205412
555.899,0.055559
1366.91,0.132384
1098.66,0.109726
1729.12,0.172897
1046.39,0.104622
1127.53,0.112747
669.516,0.0669487
3818.88,0.381589
1090.63,0.108807
1068.49,0.106754
7624.37,0.759982
770.514,0.0770271
801.641,0.0801579
483.831,0.0483779
1955.85,0.195322
830.974,0.0829575
753.321,0.075325
1355.54,0.135496
969.642,0.0969488
2415.67,0.241244
1026.33,0.102564
1467.68,0.1413
670.961,0.0670937
709.243,0.0709132
2078.53,0.207704
1471.78,0.147155
1171.22,0.117101
1056.71,0.105662
2382.67,0.23759
878.4,0.0877396
2399.83,0.239956
1034.65,0.103433
3561.12,0.356005
988.64,0.0988091
1787.36,0.178644
1622.76,0.162258
810.226,0.0809748
1333.7,0.133206
917.864,0.0861028
712.783,0.0712527
1378.93,0.137824
744.715,0.0744304
1981.18,0.198102
1291.08,0.129023
860.891,0.0855346
1189.53,0.118889
962.285,0.0960756
1380.45,0.138002
924.93,0.0923482
1620.62,0.161941
3249.35,0.324731
1094.77,0.109221
24700,2.46371
1101.75,0.110149
1374.64,0.137036
1895.09,0.189452
896.954,0.0895548
677.411,0.0677186
1343.4,0.134224
710.211,0.0710185
1694.4,0.169397
868.463,0.0868368
859.262,0.085749
1489.15,0.148649
13375.4,1.33618
1261.27,0.126106
1313.21,0.131228
5469.79,0.54672
1408.81,0.140869
3334.67,0.333204
889.679,0.0888925
1193.47,0.119299
3702.17,0.352789
1475.89,0.147546
1080.52,0.108043
1221.64,0.121869
835.514,0.0835101
2253.9,0.225384
1357.15,0.13568
825.108,0.0824865
774.379,0.0774289
876.478,0.0876175
996.472,0.0996272
1357.15,0.135676
8269.89,0.826329
477.088,0.047297
832.158,0.08321
2540.61,0.254032
1496.44,0.149615
1168.7,0.116759
1429.98,0.142986
1175.87,0.117567
847.489,0.0846347
2528.78,0.25282
2127.01,0.212497
1942.51,0.193956
747.965,0.0747829
1303.3,0.130267
1495.81,0.114848
850.398,0.0849012
1430.77,0.143044
1713.24,0.171259
4237.72,0.423578
992.23,0.0991307
1267.12,0.126699
1057.16,0.105699
1134.3,0.113408
1249.75,0.124942
2026.4,0.202528
771.255,0.0767773
968.009,0.0964697
738.853,0.073849
1706.14,0.170522
794.801,0.079452
3812.33,0.380987
1233.5,0.123276
1823.75,0.182344
2133.96,0.213383
1040.92,0.103864
1442.75,0.144182
1052.27,0.105211
664.364,0.0664353
526.29,0.0526202
915.207,0.091515
1095.63,0.109518
776.455,0.077644
736.807,0.0736779
1626.23,0.162498
998.518,0.0997478
2569.65,0.256938
5084.08,0.507221
1203.34,0.118281
895.564,0.089545
1485.88,0.148574
996.14,0.0995728
911.514,0.0911412
1102.97,0.110263
3781.97,0.378086
1089.89,0.108855
1449.62,0.144817
1115.91,0.111491
2964.64,0.296328
1324.65,0.132067
809.156,0.0809002
4317.75,0.431736
974.423,0.0974401
1834.03,0.17404
787.555,0.0787318
2102.26,0.209776
1490.27,0.148985
1342.46,0.133895
1247.5,0.124744
792.975,0.0792346
1034.29,0.103286
975.859,0.0975783
1076.9,0.107629
1291.65,0.129144
692.746,0.0692655
1544.22,0.154333
1016.72,0.101649
877.34,0.0877282
1158.97,0.115863
981.124,0.0980574
1817.81,0.181657
1567.09,0.156683
1174.59,0.117367
2945.48,0.294426
1185.82,0.118378
1445.2,0.144513
832.07,0.0831769
2566.39,0.256367
1420.98,0.141841
1689.63,0.168735
1102.21,0.110143
5847.57,0.584029
1551.29,0.155076
1668.58,0.166718
1517,0.15168
1133.33,0.113309
1904.59,0.190217
756.686,0.0756494
2381.77,0.238104
792.029,0.0771739
3973.01,0.396929
2069.13,0.20681
1462.58,0.146248
1217.44,0.121546
1067.09,0.106657
1080.73,0.107983
1971.77,0.196862
447.204,0.0447075
486.269,0.0485888
5694.87,0.569174
1377.24,0.1374
920.156,0.092007
481.53,0.0481499
1140.22,0.114017
1681.59,0.167909
1556.22,0.155578
1034.35,0.103143
940.783,0.0940704
1773.12,0.171597
929.266,0.0928804
814.86,0.0814789
923.294,0.092324
783.27,0.0783116
865.093,0.0864394
707.97,0.070657
1764.49,0.175908
1302.73,0.129146
846.521,0.0846316
5085.12,0.507484
1578.22,0.157632
889.455,0.088918
931.345,0.0931196
1205.95,0.12057
1052.13,0.105177
953.51,0.0953351
710.722,0.0710169
1113.06,0.111276
1970.67,0.196883
930.917,0.0930845
1087.59,0.108679
747.692,0.0747412
1325.34,0.132504
1201.7,0.120161
1109.27,0.110839
2209.5,0.220779
1227.72,0.122755
1359.2,0.135845
999.125,0.0999047
1185.05,0.118428
1115.63,0.111554
1024.83,0.102431
1107.99,0.110752
858.98,0.0855431
1196.25,0.119484
933.881,0.0932634
8019.53,4.11553
2577.1,0.257346
1173.72,0.117356
686.382,0.0685801
598.236,0.059666
793.788,0.0793671
743.398,0.0742797
11255,1.12288
1350.18,0.135009
838.796,0.0838788
883.044,0.0882539
3893.78,0.389136
1676.84,0.167433
687.087,0.0685941
933.267,0.0932752
1355.46,0.135297
774.284,0.0774246
1178.63,0.117809
873.829,0.0873754
1776.82,0.177624
2306.94,0.230635
2078.78,0.20784
880.076,0.0880023
689.854,0.0688961
721.939,0.0688603
905.495,0.0895691
970.691,0.0970472
5426.65,0.542432
1707.42,0.170643
3472.18,0.347179
3287.47,0.32804
1368.78,0.136837
1587.73,0.0949604
1498.63,0.149738
1293.99,0.129379
1374.64,0.137451
1175.37,0.117505
862.016,0.0861689
1000.57,0.0999733
1235.29,0.123508
1468.08,0.146756
774.902,0.0774894
1381.05,0.137973
924.737,0.0924256
655.618,0.0655596
548.515,0.0548313
864.144,0.0864101
1353.22,0.135108
807.119,0.0806997
841.217,0.084114
1235.9,0.123494
839.99,0.0839717
804.073,0.080398
978.284,0.0978235
1296.51,0.129299
1563.45,0.156303
1351.74,0.135084
909.285,0.0908434
740.514,0.0740437
892.344,0.0891644
1252.55,0.125234
774.939,0.0774836
1352.4,0.13523
2100.76,0.210047
605.409,0.054822
782.03,0.0781684
837.983,0.0837607
940.579,0.0940523
753.849,0.0752683
1174.47,0.111322
761.292,0.0760908
1831.15,0.183096
1582.25,0.158181
2308.25,0.230494
3620.79,0.361656
1225.47,0.122534
564.424,0.056441
905.678,0.0905162
17542.1,1.74418
1911.92,0.191145
1024.77,0.10227
1820.23,0.181825
840.173,0.0840068
1384.25,0.138237
1086.76,0.108626
1830.69,0.183053
1177.32,0.117723
999.339,0.0999071
1087.98,0.108329
1358.87,0.135629
1633.66,0.163263
1590.19,0.158825
1454.47,0.145397
856.163,0.0854792
581.258,0.058123
1226.56,0.122636
633.765,0.0633606
2095.24,0.209476
1146.24,0.11459
952.837,0.0952592
1628.38,0.162513
1295.13,0.129327
1114.01,0.111368
1915.34,0.191524
847.067,0.0846859
1883.54,0.187339
1077.62,0.10775
19212.6,1.90448
1301.09,0.130055
949.929,0.0948102
1663.85,0.1663
1332.97,0.132845
1292.45,0.12923
1856.82,0.185675
4553.28,0.455243
1548.51,0.154793
727.271,0.0726196
1904.6,0.190386
7699.25,0.769638
6602.83,0.658891
1068.13,0.10663
1599.17,0.159888
408.833,0.0408732
513.729,0.0511474
933.918,0.0933874
1201,0.120088
1935.68,0.193452
1005.9,0.100565
1643.86,0.164358
1069.92,0.106873
658.759,0.0658508
486.336,0.0484256
995.572,0.0995098
1015.18,0.101488
1087.74,0.108301
5041.41,0.50398
2679.36,0.267715
1141.64,0.114146
1977.39,0.191687
1021.17,0.102008
1265.32,0.12645
1442.97,0.144249
1031.28,0.102519
1369.6,0.136918
2239.98,0.223931
878.636,0.0878215
4842.3,0.452524
1123.14,0.111165
936.069,0.0935588
1611.2,0.160902
1072.1,0.107171
911.708,0.0910898
1516.66,0.151583
1924.63,0.192354
1160.38,0.115996
1003.38,0.100317
602.466,0.0602406
1042.31,0.104156
948.541,0.0948323
2184.59,0.218381
1611.65,0.161063
1216.93,0.121659
1105.47,0.110296
1782.48,0.178234
939.204,0.093917
1610.91,0.161017
1197.76,0.119767
771.178,0.0767066
1337.91,0.133681
1843.21,0.183186
1982.6,0.198251
366.077,0.0365463
948.948,0.0948899
792.326,0.0792256
999.681,0.0999573
1684.77,0.168433
2312.4,0.231096
2709.06,0.270697
1194.33,0.119187
3413.49,0.341262
1331.62,0.133124
1554.43,0.155381
1426.82,0.142577
862.404,0.0862332
1268.94,0.121395
1263.66,0.12635
1685.03,0.168323
1125.05,0.112488
1377.64,0.136499
1066.7,0.106551
656.882,0.0656299
1497.44,0.148824
637.926,0.0637754
831.01,0.0830679
908.428,0.0908249
955.705,0.0953615
1875.24,0.187469
1670.35,0.16694
888.862,0.0888305
744.031,0.0743621
822.941,0.0822461
1051.65,0.105148
2180.88,0.217279
1380.19,0.137988
891.431,0.0885274
939.731,0.0939499
1012.94,0.100681
1033.82,0.103309
13345.1,1.33346
560.314,0.0560032
1730.14,0.172991
10697.6,1.06652
2185.13,0.218507
5092.65,0.509069
1345.36,0.134471
2279.28,0.227766
1316.68,0.13158
901.491,0.0895261
1648.23,0.164721
934.325,0.0934151
1337.56,0.13355
1206.81,0.120647
1311.17,0.130623
3039.85,0.303834
2833.33,0.28324
2547.58,0.254577
2776.24,0.277462
1343.77,0.134274
1202.55,0.120253
2679.42,0.25552
2129.1,0.212603
1377.2,0.137701
1928.06,0.192721
679.312,0.0677644
1373.52,0.13734
803.399,0.080332
2374.88,0.237277
3069.22,0.306725
1456.6,0.145596
1396.36,0.139545
1142.79,0.114211
798.082,0.0798
1477.53,0.147667
1088.22,0.108779
1096.97,0.10967
2119.22,0.211714
2860.17,0.28595
1824.94,0.180394
1044.12,0.104403
990.537,0.0988989
1984.64,0.198392
771.447,0.0771315
543.91,0.0543392
650.799,0.0650309
710.615,0.0710188
1114.96,0.111342
2016.47,0.200836
719.546,0.0719437
2111.41,0.211086
1818.69,0.181795
1316.75,0.131528
524.935,0.0522628
1112.24,0.111184
1711.86,0.171132
1545.24,0.154462
816.782,0.0816451
2752.04,0.275086
1317.58,0.131574
5194.85,0.519118
4960.03,0.493477
1129.9,0.112973
1756.62,0.174917
3145.99,0.311882
2520.27,0.251746
1312.97,0.131248
4426.09,0.442295
992.981,0.0992737
659.665,0.0659626
1077.17,0.107707
1624.68,0.162184
1787.38,0.178676
1014.61,0.101278
919.946,0.091958
7271.26,0.714719
1361.67,0.134855
2189.66,0.218869
707.35,0.0707105
1024.36,0.102423
2159.73,0.215857
2114.32,0.211385
813.962,0.0813411
726.835,0.0726733
1372.24,0.137131
1009.87,0.100973
1101.11,0.110063
1523.44,0.152293
1232.37,0.123217
2591.74,0.258693
3218.24,0.321643
735.465,0.0732651
1341.19,0.13409
1996.1,0.199601
1447.08,0.144689
1255.99,0.125544
1668.69,0.166702
1000.91,0.100089
485.436,0.0485198
3752.48,0.375172
1457.14,0.145696
1586.56,0.158632
606.101,0.0606076
1177.89,0.117761
948.545,0.0947473
1079.57,0.107778
824.505,0.0824225
1502.38,0.149932
2034.96,0.203128
1316.85,0.131669
1117.13,0.111699
855.98,0.0854553
6854.49,0.68429
1288.28,0.128785
1513.5,0.151331
3622.02,0.349379
952.309,0.0951766
843.394,0.0843356
1548.57,0.153035
772.679,0.0772502
1018.07,0.101565
714.852,0.0714847
885.514,0.0883204
858.11,0.0857701
751.947,0.0751907
2731.86,0.273156
739.392,0.0738749
1834.42,0.1834
1375.38,0.137511
2489.68,0.248726
930.804,0.0930572
1605.24,0.160515
1183.96,0.118217
861.145,0.0860655
805.642,0.0805621
1642.33,0.164211
851.337,0.085027
1077.88,0.107721
1610.43,0.160849
685.409,0.0685363
3007.31,0.299579
1160.83,0.116014
7604.18,0.759989
832.001,0.0831307
1798.91,0.179538
3221.22,0.322052
1354.18,0.135253
2080.68,0.207868
1200.08,0.119198
1441.24,0.14411
793.097,0.0793007
2243.32,0.224321
1568.72,0.156811
1755.94,0.175459
2704.88,0.270297
1288.99,0.128877
924.762,0.0924582
2454.46,0.245214
1076.88,0.107508
1985.61,0.198542
1552.73,0.155253
1063.51,0.106312
1078.84,0.10765
1120.86,0.112076
835.701,0.0835427
3356.85,0.335351
2088.63,0.208745
1076.29,0.107488
704.966,0.0704295
2725.55,0.272344
2600.42,0.259939
1447.77,0.144272
853.193,0.0852429
1467.57,0.146706
1741.54,0.173825
1023.32,0.102321
1116.26,0.111548
1787.06,0.178546
7671.17,0.766308
1570.7,0.15684
825.154,0.0824669
1927.94,0.192785
2413.46,0.241204
2593,0.258906
1051.27,0.105052
984.52,0.0984439
1484.12,0.148396
867.43,0.0866559
948.406,0.0947575
1378.66,0.137765
1580.57,0.158023
735.338,0.0735016
869.504,0.0869446
1908.97,0.190552
886.338,0.0885416
1115.62,0.111554
1838.79,0.18378
876.408,0.0876041
1147.27,0.114691
2045.06,0.204495
619.05,0.0618938
3448.8,2.14237
754.304,0.075425
938.121,0.0937576
1579.48,0.157871
979.089,0.0978988
1162.79,0.116236
1250.1,0.124977
585.182,0.0584392
1092.61,0.109246
1210.38,0.120985
1364.29,0.13633
1116.58,0.111512
1400.17,0.139996
1163.72,0.116364
2081.56,0.208105
790.775,0.078983
982.019,0.098159
870.323,0.0853376
1676.04,0.167535
996.824,0.0996729
2985.25,0.298404
1033.28,0.103284
652.929,0.0652817
898.307,0.0898257
1773.78,0.177268
4213.5,0.421296
833.047,0.0833032
1480.97,0.147969
748.889,0.0748261
1632.95,0.163287
3251.58,0.324754
2482.53,0.248237
1855.58,0.185208
1315.91,0.131536
1576.1,0.157592
1061.17,0.106018
869.453,0.0865895
1531.48,0.153047
1984.72,0.198408
631.304,0.0630597
1434.42,0.143428
3443.65,0.344229
2023.44,0.201824
599.059,0.0598923
825.09,0.0822053
1776.02,0.177505
3231.63,0.323131
1492.23,0.149156
5293.61,0.529087
1419.4,0.141928
1454.28,0.139359
1588.43,0.158832
1405.73,0.140563
1401.54,0.139615
449.871,0.0447408
1132.54,0.113229
2972.44,0.297191
801.931,0.0801874
1198.47,0.119778
1372.57,0.137236
955.644,0.0954504
1019.94,0.101199
1870.05,0.186956
844.861,0.0844771
881.244,0.0881086
989.262,0.0988061
799.311,0.0799267
945.967,0.0945901
1252.85,0.125163
1774.05,0.177273
768.966,0.0768655
1175.94,0.11684
1298.18,0.129747
1887.86,0.188455
641.933,0.0641846
834.874,0.0834797
1070.57,0.106918
1372.83,0.137183
1121.05,0.111989
862.524,0.0861657
1154.84,0.115393
745.124,0.074489
768.437,0.0767305
851.807,0.0851529
1145.2,0.114497
5684.76,0.567976
1938.76,0.193819
1086,0.10855
784.582,0.0783651
3528.85,0.352572
1092.81,0.109276
1700.63,0.170041
2013.65,0.20123
964.306,0.0963945
3927.91,0.392588
2175.28,0.217483
643.991,0.0642722
1068.47,0.106715
2141.03,0.213936
1614.85,0.161446
5280.39,0.527782
2371.37,0.237115
955.373,0.0953058
1981.39,0.198109
2122.04,0.211866
1683.7,0.16827
1644.11,0.164376
1280.38,0.127958
2440.85,0.243977
1661.63,0.166088
1419.27,0.141886
963.803,0.0963717
480.084,0.0479829
690.868,0.0688757
1063.96,0.104404
1494.31,0.149405
34034.4,3.36483
1791.78,0.179067
729.387,0.0728896
1662.68,0.166226
1489.42,0.147572
1443.42,0.144179
1307.94,0.130707
968.058,0.0967889
1009.79,0.100956
486.931,0.0486879
1053.4,0.105274
1032.78,0.103268
2053.01,0.205162
1334.59,0.133425
1205.66,0.120499
1077.64,0.107565
1278.67,0.127852
1303.98,0.130352
1187.46,0.118606
2559.18,0.255853
15234,3.51795
3310.79,0.330848
2120.82,0.212019
947.337,0.0946075
3018.68,0.301731
829.279,0.0828972
637.204,0.0636627
1923.53,0.192095
636.175,0.0635953
3006,0.300157
1808.3,0.180799
1589.65,0.158276
1120.08,0.111954
945.845,0.094537
591.704,0.059167
1079.73,0.107748
926.801,0.0926361
1048.02,0.104701
955.999,0.0955905
953.283,0.0953158
4464.82,0.445922
1801.21,0.17978
997.913,0.0995725
1142.41,0.114222
862.332,0.0862312
574.862,0.0573537
1145.49,0.114431
978.928,0.0978887
1432.72,0.143234
2637.23,0.263576
855.929,0.0855669
1053.27,0.10531
1972.24,0.197188
1625.6,0.162535
1154.84,0.114951
607.314,0.0606467
827.964,0.0823765
741.533,0.074118
953.853,0.0953825
1129.57,0.112919
480.166,0.0479754
2051.4,0.20482
2554.45,0.255159
5806.19,0.575857
788.404,0.0787942
8679.02,0.867307
1372.41,0.137234
2486.08,0.248143
615.96,0.0615054
1276.58,0.127653
907.807,0.0907376
1137.39,0.113648
13391.9,1.33664
2046.34,0.199207
975.3,0.0973944
889.538,0.0889498
1344.46,0.134408
990.949,0.0990364
976.03,0.0975669
1014.13,0.100542
1203.64,0.120356
1840.62,0.183867
936.302,0.0935837
3347.02,0.333421
1426.38,0.142559
1702.24,0.170161
2910.07,0.29089
1890.89,0.18884
1880.35,0.187965
1782.27,0.178178
1435.16,0.143432
3618.62,0.361318
2106.01,0.210532
27450.4,2.7293
1450.14,0.144982
585.107,0.0584743
1353.35,0.13533
1879.49,0.187481
1381.62,0.13812
844.909,0.084483
611.99,0.0611688
1734.21,0.172795
745.27,0.0744982
863.424,0.0863313
622.664,0.0622573
1039.94,0.103908
19652.9,1.95517
1673.91,0.164391
1331.57,0.133124
1461.18,0.145873
915.402,0.0915256
782.137,0.0781676
2627.61,0.262623
1010.85,0.101055
1811.06,0.180135
725.941,0.0725774
1155.5,0.115536
696.708,0.0696477
615.169,0.0614679
919.437,0.0918809
1497.35,0.149642
1361.25,0.135994
810.999,0.0810744
1840.34,0.18401
673.973,0.0672081
892.518,0.089012
2401.98,0.239993
1347.36,0.134376
1027.21,0.102521
723.112,0.0715127
1374.75,0.137408
1271.2,0.127055
1232.3,0.12318
5190.65,0.518601
930.941,0.0908223
1162.7,0.11618
1247.78,0.124536
1682.88,0.168128
968.223,0.0967869
1329.82,0.132964
2469.48,0.246499
1315.9,0.130806
971.057,0.0970676
1068.15,0.106792
1689.37,0.168919
7945.99,0.793586
1260.62,0.126054
1408.2,0.140647
987.534,0.0987301
1157.12,0.115537
1692.63,0.169205
1162.95,0.116209
9630.56,3.99961
735.28,0.0734936
888.657,0.0888609
818.783,0.0818292
1965.46,0.196376
1072.91,0.107257
1036.3,0.103614
1831.4,0.183111
1033.51,0.103298
1161.32,0.116061
665.49,0.0665401
562.879,0.0562742
985.289,0.0985154
922.844,0.0918377
3025.36,0.302476
598.379,0.0597872
6068.64,0.606642
1417.77,0.14174
1328.41,0.1328
711.591,0.0709078
1083.18,0.1083
1922.58,0.192239
837.12,0.0828246
4364.34,0.436232
543.412,0.0543408
1198.54,0.119796
1822.66,0.181894
998.907,0.099879
1318.89,0.13175
2506.21,0.250504
852.502,0.0848006
1295.13,0.129488
1281.75,0.128107
959.986,0.0959792
1907.1,0.190632
3061.12,0.304785
1172.25,0.117203
935.872,0.0935599
1067.78,0.105383
963.163,0.0962968
2016.39,0.20109
857.928,0.0857155
928.141,0.0928009
1280.01,0.127981
1611.7,0.160753
1054.22,0.105339
6550.41,0.654399
1110.15,0.110817
1323.2,0.132292
3599.13,0.359458
595.242,0.0595184
3326.03,0.33231
953.35,0.095141
1849.93,0.184876
2528.02,0.252728
623.875,0.0623595
5589.3,0.558263
1040.67,0.10406
1107.46,0.110641
1033.94,0.103335
2472.98,0.247239
1875.04,0.187486
5065.47,0.505985
1173.11,0.117292
2678.02,0.267721
586.382,0.058635
1135.55,0.113528
6927.93,0.691394
1343.93,0.134388
912.609,0.0912091
3648.96,0.364134
1266.64,0.126534
533.918,0.0533762
826.998,0.0826763
1610.81,0.160955
812.199,0.0806891
1467.87,0.14669
1641.79,0.163978
2217.42,0.221699
1047.21,0.104691
525.655,0.0525533
1215.31,0.121406
1967.02,0.196366
463.9,0.046351
1113.17,0.111314
1133.75,0.112955
810.853,0.080954
2447.84,0.24372
1294.1,0.129343
2511.15,0.250967
4723.88,0.472153
1380.85,0.138048
1284.03,0.12832
1395.74,0.139507
1622.07,0.162165
832.94,0.0832698
1137.94,0.113721
856.555,0.0856383
986.398,0.0985877
5371.92,0.536413
1015.95,0.101577
9478.06,3.21085
1057.49,0.105744
676.286,0.0675037
3297.96,0.329368
1866.04,0.186493
1375.32,0.137527
806.195,0.080597
8654.11,0.864556
1368.52,0.136785
1358.83,0.135316
739.796,0.0739745
697.847,0.069652
695.926,0.0695914
792.662,0.0792405
1297.02,0.129633
990.855,0.0990737
1137.99,0.113766
1804.95,0.180457
659.934,0.065955
1122.47,0.112217
1413.21,0.141176
1136.58,0.113609
775.718,0.0775618
915.611,0.0915195
924.86,0.0922872
978.211,0.0977728
737.983,0.0737966
1084.94,0.108402
1530.22,0.153002
1030.51,0.103046
948.974,0.0947997
1390.57,0.139037
1231.44,0.123113
1034.95,0.102708
1098.7,0.109801
1900.8,0.190071
781.152,0.0781141
1613.28,0.160648
815.455,0.0815103
1101.33,0.110044
1074.81,0.107143
1709.62,0.17084
667.474,0.0667385
1014.23,0.101397
2150.73,0.214946
1619.57,0.161938
971.27,0.0971191
1100.9,0.1099
1768.68,0.176835
4891.57,0.488878
614.676,0.0613232
996.401,0.0996119
652.23,0.0652156
1603.4,0.160195
969.977,0.0969252
817.977,0.0817572
720.973,0.0720963
1864.09,0.186219
616.575,0.061619
3118.56,0.311578
1974.31,0.197275
609.634,0.0605968
1522.27,0.152144
1682.78,0.168245
1457.76,0.145751
1939.13,0.19355
1236.62,0.123508
1179.95,0.117936
1329.5,0.132789
1077.15,0.107693
10510.8,1.04844
559.887,0.055854
990.24,0.0989757
4318.36,0.431725
880.996,0.087899
1310.84,0.130973
793.577,0.0793497
701.657,0.0700806
1070.62,0.106997
871.941,0.0871887
1106.49,0.110549
1440.95,0.144066
1972.38,0.197134
1356.63,0.135474
2307.64,0.230603
4272.02,0.426891
1910.16,0.190959
1164.82,0.116398
1645.4,0.164474
2526.06,0.252377
1592.87,0.15883
1321.98,0.132067
868.101,0.0867879
1596.1,0.159536
2434.25,0.243299
1173.35,0.117327
1719.43,0.171763
1584.73,0.158251
1019.96,0.101784
1689.25,0.168866
665.308,0.0665217
1813.08,0.18034
656.15,0.0655982
1290.61,0.128992
1800.79,0.179996
988.508,0.0988486
1123.67,0.112342
1143.94,0.114358
1235.12,0.122595
1217.46,0.114029
694.707,0.069459
1961.6,0.196058
924.344,0.092367
1173.3,0.117327
995.437,0.0994902
1168.1,0.116767
1059.29,0.105902
916.84,0.0916543
949.079,0.094726
913.823,0.0913648
1137.07,0.113607
1439.15,0.143907
1724.87,0.172442
816.691,0.0816491
710.743,0.0708205
1669.53,0.166704
1671.04,0.167072
948.259,0.0947097
1527.83,0.152704
772.373,0.0772273
3132,0.312782
1075.36,0.107463
1152.52,0.115112
3082.49,0.30764
1824.04,0.182364
838.83,0.0836909
1412.45,0.141237
1112.73,0.111252
1645.6,0.164545
2381.7,0.237974
969.822,0.0969268
5056.67,0.498145
768.393,0.0768372
1471.96,0.146825
2099.66,0.209717
1289.69,0.128914
1100.29,0.109891
1995.29,0.199477
651.544,0.0651533
688.1,0.0687997
1282.16,0.128016
2636.77,0.263364
1774.83,0.177439
5718.76,0.571268
816.046,0.0815846
790.119,0.0789025
799.372,0.0799059
1709.23,0.170549
1056.56,0.105556
3861.42,0.384543
886.344,0.0886064
1591.77,0.159169
1114.31,0.111416
708.994,0.070834
1544.75,0.154457
1645.68,0.164513
1201.69,0.120017
1439.35,0.14392
1362.8,0.13627
1576.68,0.157347
1027.69,0.102642
683.304,0.0683262
1526.28,0.152623
1112.19,0.111213
1127.72,0.112733
783.637,0.0782769
2114.33,0.211341
1047.45,0.104708
945.911,0.0945776
925.551,0.0924899
2730.23,0.272636
1232.07,0.12317
1119.15,0.111896
9603.56,0.958954
1019.55,0.101654
992.001,0.0991875
2047.32,0.204563
2974.13,0.297305
2497.12,0.249005
968.361,0.0968255
840.275,0.0839401
1550.4,0.154989
1013.8,0.101354
1285.79,0.128463
859.817,0.0859654
1817.06,0.181672
1261.22,0.124415
961.871,0.0956126
2729.82,0.272755
2663.18,0.266151
1150.81,0.115066
1077.07,0.10768
596.789,0.0594174
937.316,0.0935493
1118.85,0.111847
882.586,0.0882481
1079.5,0.107927
867.018,0.0865684
878.585,0.087794
976.307,0.097595
1084.71,0.108459
1889.33,0.188754
1408.16,0.140741
1401.09,0.139779
1765.61,0.176549
740.91,0.0740802
1051.25,0.105055
1970.4,0.197034
900.86,0.0900576
1236.36,0.123488
1753.7,0.174217
14108.3,1.40428
1431.91,0.143135
1338.31,0.133764
756.002,0.075594
755.137,0.0754148
675.084,0.0674925
814.24,0.0814188
1181.25,0.118059
1445.74,0.144483
1446.44,0.144614
1464.82,0.146452
477.534,0.0477341
1406.89,0.140594
2565.81,0.255922
1744.62,0.174206
1446.08,0.144558
2183.88,0.218361
3325.22,0.332266
591.01,0.059072
2886.44,0.288583
2257.65,0.22553
1037.94,0.103786
3539.52,0.353757
851.14,0.085075
2054.18,0.205319
1340.92,0.134057
914.451,0.0914104
1844.66,0.184311
1856.25,0.184232
2775.08,0.277262
934.901,0.0934469
726.546,0.0724863
1790.35,0.178915
848.224,0.084815
1584.93,0.158453
1937.86,0.193759
4647.96,0.464287
1888.67,0.188589
637.106,0.0637035
1123.85,0.112203
651.773,0.0650395
1614.46,0.161403
1299.11,0.129893
694.651,0.0694198
1269.85,0.126972
4291.62,0.428656
2721.86,0.271944
1318.13,0.131776
785.457,0.0785109
1331.35,0.133004
822.026,0.0819431
1591.17,0.158917
2013.27,0.201158
913.033,0.0912311
1876.6,0.187626
1931.21,0.192809
790.349,0.0790169
1233.1,0.121662
954.597,0.0952275
1903.91,0.190345
1412.17,0.140953
985.984,0.0985892
1685.46,0.168448
1922.3,0.192126
1119.46,0.111863
1216.81,0.121673
1925.77,0.192519
962.301,0.0959409
854.784,0.0854687
1188.96,0.118793
1242.52,0.123935
834.387,0.0834197
1460.5,0.145963
660.323,0.0658912
9460.64,0.939702
1218.35,0.121824
1143.37,0.114248
1782.93,0.178272
1119.44,0.111927
1109.17,0.110907
798.402,0.0798083
965.547,0.0965174
1025.78,0.102575
2380.54,0.237693
1475.65,0.14737
643.579,0.0643496
1742.55,0.174094
1622.23,0.162178
565.602,0.0565581
1231.65,0.123028
1759.8,0.17595
1172.68,0.117257
1174.64,0.117422
743.416,0.0743376
558.024,0.055781
2341.43,0.234121
5629.92,0.562764
735.978,0.0735643
1878.91,0.187865
619.05,0.0619029
1037.38,0.0892132
1121.92,0.112107
979.502,0.0979233
1378.17,0.137714
1778.96,0.177861
1372.66,0.137133
1275.56,0.127528
1674.14,0.166181
839.948,0.0839594
1008.74,0.100851
1456.73,0.145139
1562.65,0.156211
886.147,0.088503
938.427,0.0937415
2057.82,0.205759
589.685,0.0589502
1125.54,0.112445
2037.01,0.203621
826.636,0.0825702
657.618,0.0657581
9839.66,0.981273
1135.56,0.113379
1044.72,0.104399
1093.63,0.109355
2240.94,0.222795
2082.88,0.208181
1481.65,0.147813
1540.06,0.153999
2130.63,0.213032
538.684,0.0529676
801.752,0.0800534
609.17,0.0609109
990.058,0.0989722
10092,1.00751
1387.98,0.138678
1662.14,0.166117
15778.9,4.81408
3750.03,0.374233
2107.65,0.210756
796.031,0.079252
1100.82,0.108265
610.387,0.0610191
1378.8,0.137838
776.044,0.0775707
2642.19,0.264064
1511.19,0.150962
1190.08,0.118998
1483.06,0.148106
1023.54,0.102301
2280.53,0.227861
1304.31,0.130398
2520.67,0.25186
1037.56,0.103746
3520.72,0.35203
788.332,0.0787619
779.124,0.0779042
867.857,0.0867637
2720.61,0.272038
1610.5,0.161041
1559.21,0.155862
2220.69,0.221828
1657.76,0.165682
2081.37,0.208075
1178.44,0.11783
752.943,0.0752826
976.164,0.0975993
920.724,0.0919901
2735.58,0.273374
2044.5,0.203886
1065.51,0.106517
569.506,0.0555842
1368.02,0.136515
2140.43,0.212905
626.305,0.0625931
2085.9,0.208322
725.807,0.0725788
2513.26,0.250736
1308.5,0.130718
967.381,0.0966857
808.591,0.0808402
779.284,0.0778132
1257.79,0.125745
565.325,0.0565219
1750.01,0.174698
827.771,0.082743
901.57,0.0901524
1983.59,0.19815
1541.42,0.154048
828.043,0.0827609
3062.02,0.305749
1105.8,0.110503
1923.73,0.192281
844.022,0.0843927
2217.35,0.221586
1475,0.147399
801.319,0.0800994
900.761,0.0900241
1031.35,0.103073
1009.18,0.100617
1323.1,0.13224
2575.13,0.25739
1292.6,0.129215
3620.62,0.360723
1402.01,0.140134
1876.26,0.186131
1064.55,0.106446
844.591,0.0844519
1272.96,0.12719
3041.02,0.304047
1056.76,0.105633
3101.14,0.309556
1970.8,0.196949
5335.47,0.533162
1017.77,0.101379
3038.85,0.303277
980.606,0.0977695
817.326,0.081726
2107.5,0.210656
1030.35,0.102971
623.74,0.0623229
1058.6,0.105813
1009.85,0.100044
13231.1,1.31861
1474.13,0.147344
950.586,0.0949231
2433.9,0.243076
792.334,0.0792204
1737.1,0.173677
872.117,0.0872
1341.2,0.134062
2684.51,0.268327
573.829,0.057257
875.282,0.0874858
1107.59,0.110709
1215.54,0.12153
1114.5,0.111438
1202.42,0.120077
1802.59,0.180239
1392.19,0.139199
3618.26,0.360562
783.457,0.0747205
858.796,0.0858604
908.546,0.0905885
1058.59,0.105831
981.951,0.0981263
4008.92,0.400436
1761.04,0.176047
1048.13,0.104659
937.286,0.0937115
1250.77,0.124851
747.308,0.0746839
4432.65,0.442415
3876.41,0.386379
1348.24,0.134715
878.803,0.0878772
1121.11,0.112108
534.359,0.0534341
1294.37,0.129215
1088.75,0.108858
2267.19,0.226673
971.582,0.0971418
1215.47,0.121473
1300.05,0.129896
1899.33,0.189845
1879.56,0.187913
1836.91,0.183454
803.133,0.0803069
2651.96,0.265064
811.372,0.0811292
1931.46,0.192349
1040.35,0.103985
3782.07,0.377974
893.503,0.0893402
1690.22,0.168993
2468.46,0.246759
1732.82,0.173221
2577.61,0.25762
11013.7,1.09787
743.701,0.0743403
752.704,0.0752594
754.376,0.0754321
1161.35,0.116088
873.01,0.087245
1264.5,0.126429
810.188,0.0809553
1946.74,0.194629
3199.71,0.314227
682.772,0.0682664
1121.34,0.112108
2927.54,0.292356
1425.95,0.142553
1887.88,0.188745
3474.2,0.347245
800.424,0.0794385
960.979,0.0960536
1343.61,0.134284
4025.05,0.402433
707.952,0.0707819
1311.71,0.13108
977.256,0.0977011
648.37,0.0648322
2376.8,0.237189
952.212,0.0952168
1358.11,0.135643
921.784,0.0921662
1174.84,0.117479
2188.3,0.21861
793.181,0.0793149
2039.52,0.203926
1322.06,0.13201
916.498,0.0907616
738.508,0.0738266
1462.21,0.146171
5601.95,0.559288
2458.74,0.245789
1252.65,0.125126
1533.68,0.153283
3309.99,0.330757
819.227,0.0819218
970.681,0.097051
3375.89,0.33731
1828.57,0.1828
1303.97,0.130269
1631.68,0.16304
1033.91,0.103385
763.447,0.0763146
1786.06,0.178555
1403.14,0.140172
931.362,0.0931048
1234.88,0.123474
1111.63,0.111122
1065.32,0.106456
2685.81,0.268553
1172.9,0.117001
1776.7,0.177338
1141.01,0.114081
1053,0.104927
2454.98,0.245219
1373.76,0.137352
1881.26,0.188098
1156.42,0.11563
1798.53,0.179823
1387.55,0.138596
2003.96,0.200379
1292.08,0.129086
816.461,0.081483
659.054,0.0658153
852.305,0.0850988
968.828,0.0968719
2993.06,0.299182
1881.71,0.18813
986.251,0.0985693
1627.9,0.16277
950.437,0.0950008
1259.88,0.125905
1844.69,0.184434
1003.82,0.100324
1310.18,0.130905
2015.34,0.201505
2378.06,0.237673
1221.15,0.121165
747.488,0.0747436
748.566,0.074855
2050.93,0.205046
1049.99,0.104942
1815.51,0.181368
1578.44,0.157706
944.946,0.0944902
1383,0.138289
9306.93,0.928906
1390.49,0.139037
1994.42,0.199341
955.76,0.0955657
2949.54,0.293267
1113.13,0.111258
1388.27,0.138747
1921.66,0.192011
5109.1,0.510615
3682.32,0.366882
925.364,0.0925248
1136.09,0.113489
1176.7,0.117608
3671.12,0.366996
556.637,0.0556242
1698.76,0.169797
1473.41,0.147254
1153.46,0.115215
655.492,0.0655391
2485.43,0.248215
1692.42,0.167607
1511.93,0.151069
2107.42,0.210547
5793.79,0.578444
640.392,0.0640292
811.006,0.0810982
1272.94,0.127237
1027.97,0.102713
1160.29,0.116011
811.996,0.0810469
2746.59,0.274431
883.689,0.0882383
1331.47,0.133126
2988.3,0.29855
1118.72,0.111733
469.895,0.0469875
532.414,0.0532057
944.969,0.0944763
723.692,0.0723511
1763.48,0.176329
1385.51,0.138529
564.817,0.0564727
813.249,0.0812862
1043.55,0.104182
1368.39,0.136821
861.117,0.0859885
2922.03,0.291509
992.742,0.099239
1416.75,0.141661
787.025,0.0786367
1902.19,0.189651
980.98,0.098077
3715,0.371446
4619.96,0.461886
1025.71,0.102543
773.062,0.0769874
945.888,0.0945008
12389.8,1.23098
831.771,0.0831501
3606.82,0.360388
2309.8,0.230688
1581.45,0.158068
1832.9,0.175287
971.378,0.0971232
1848.45,0.184822
2188.45,0.218819
1618.61,0.161836
998.971,0.0998673
639.145,0.0637604
1406.45,0.140385
1493.19,0.149268
1754.42,0.175421
929.845,0.0929687
2077.94,0.207561
576.535,0.0576487
1028.3,0.102827
906.818,0.0906763
2875.88,0.28734
723.943,0.0723713
886.41,0.0886381
555.952,0.055586
1789.07,0.178887
756.334,0.0755597
1426.23,0.142421
3615.46,0.361076
1764.73,0.176435
708.858,0.0708733
832.601,0.0832171
2044.31,0.212087
790.539,0.07875
1239.39,0.123936
1094.06,2.06395
1325.68,0.132418
1771.53,0.177117
2093.35,0.209282
953.841,0.0953821
814.432,0.0813227
1917.58,0.190608
1713.87,0.17125
484.119,0.0483763
1982.3,0.198193
3062.21,0.30599
2927.63,0.292592
940.803,0.0939594
21717.6,2.16208
7521.78,0.751286
957.578,0.0957257
11387.2,1.13641
649.817,0.0649224
1001,0.10009
1552.17,0.155111
1374.45,0.137192
1100.43,0.109701
806.73,0.0806632
1119.8,0.111875
1557.78,0.155698
1413.34,0.141045
1411.4,0.141019
8481.65,0.846969
3932.57,0.391311
1144.57,0.114437
902.184,0.0902078
1741.82,0.173802
1282.63,0.128169
957.059,0.0956692
3526.52,0.350506
731.176,0.0730975
1098.6,0.109815
2073.25,0.207235
1222.63,0.122141
930.669,0.093059
1569.88,0.156846
1021.76,0.102131
1761.14,0.175683
1903,0.189642
1162.9,0.116044
1098.51,0.109831
2909.28,0.290912
1043.19,0.104311
529.215,0.0528881
1009.39,0.100928
2142.05,0.214169
2363.58,0.236307
5837.71,0.583426
693.861,0.0693647
1809.4,0.180867
992.824,0.0992479
1886.58,0.188464
865.204,0.0864972
1215.93,0.121494
1634.33,0.162997
1689.88,0.16897
1355.8,0.135516
859.286,0.0858881
692.657,0.0692602
1120.57,0.111929
1443.92,0.144352
736.135,0.0736015
1429.52,0.142929
1102.42,0.110226
1371.91,0.137159
1185.28,0.118031
829.164,0.0829113
1402.89,0.140236
2077.19,0.207549
1846.25,0.184483
751.427,0.0751297
1131.9,0.112772
2531.07,0.252902
1364.87,0.136482
1570.99,0.156862
2307.3,0.230674
600.933,0.0600764
1495.11,0.149375
2230.64,0.222933
1481.54,0.147988
1613.52,0.161195
1250.38,0.121592
1410.74,0.141047
1966.61,0.196608
1200.17,0.119955
721.034,0.0720557
792.101,0.0791795
1088.47,0.108834
951.597,0.0951041
777.31,0.0776871
761.215,0.0760261
1245.02,0.124483
941.103,0.0939995
5255.37,0.52316
794.026,0.079355
2996.86,0.299599
943.695,0.0943627
1204.07,0.120329
1056.69,0.105638
673.677,0.0673155
765.232,0.0765211
2575.52,0.257425
879.2,0.0878905
1455.19,0.145492
1152.35,0.115132
766.658,0.0765643
1516.29,0.151531
900.409,0.0898972
1123.89,0.112377
4162.32,0.415614
751.249,0.0751091
1938.84,0.193851
821.364,0.0821178
1460.05,0.145961
803.857,0.0803263
2459.35,0.245721
1722.37,0.172105
740.804,0.0740478
413.453,0.0412449
1623.49,0.162132
1122.69,0.112204
1309.21,0.130782
978.356,0.0978259
1168.88,0.116871
889.524,0.0889464
1328.55,0.132732
2856.37,0.175606
955.043,0.0953001
1640.4,0.16395
827.84,0.0827746
1526.68,0.152612
1402.88,0.140249
1248.19,0.12479
1224.92,0.122397
1035.39,0.103532
2873.33,0.287159
1046.54,0.10463
1748.25,0.174821
1016,0.101554
1244.36,0.124361
1484.27,0.148282
1770.24,0.176483
1364.75,0.136447
925.85,0.0925624
1401.72,0.140113
968.747,0.0968105
887.416,0.0882066
1487.18,0.148657
830.923,0.0830906
872.645,0.0858827
793.25,0.0793225
769.168,0.0768967
1396.34,0.139153
1750.78,0.175023
1025.49,0.102521
1280.71,0.127982
1144.33,0.114398
888.682,0.0888079
916.649,0.0916548
1891.85,0.189092
1219.57,0.121702
786.009,0.0785937
1031.36,0.103131
3802.53,0.378926
546.471,0.0546425
871.659,0.087131
1339.97,0.133947
698.721,0.0697784
1374.14,0.137406
1715.55,0.171517
2420.62,0.241889
1262.28,0.125998
2015.81,0.201385
801.859,0.079647
1765.86,0.176505
1825.45,0.182313
3100.92,0.309866
1247,0.124687
1494.12,0.149298
1816.83,0.180977
2440.39,0.243898
631.353,0.062425
1374.72,0.137415
1000.01,0.0999821
1554.27,0.155374
580.775,0.0580532
1336.99,0.133693
1375.38,0.137512
4061.37,0.405625
1530.02,0.152926
812.428,0.0811299
1011.3,0.101082
546.588,0.0546146
954.564,0.0953901
855.018,0.0854446
564.584,0.0560939
807.718,0.0805548
1266.67,0.126619
4048.63,0.404735
1260.95,0.12609
1009.12,0.100839
2315.95,0.231583
913.684,0.0912102
1084.75,0.108413
683.67,0.0683227
2155.51,0.215403
8617.61,0.858153
833.083,0.0832389
1325.53,0.131045
1124.82,0.11246
661.731,0.066052
2077.28,0.20768
1866.81,0.186626
1144.91,0.114486
926.451,0.0926429
588.387,0.0588322
3827.7,0.382538
2035.08,0.203459
593.977,0.0593672
1641.17,0.164089
1044.37,0.104383
1840.19,0.183443
1056.08,0.105581
1164.51,0.116345
884.113,0.0883908
1664.17,0.166144
749.45,0.0748822
882.733,0.0882484
5399.55,0.539224
1130.67,0.111787
1188.07,0.118755
1120.32,0.111869
1310.4,0.130921
1339.83,0.133036
739.478,0.0739337
1515.19,0.151499
1387.51,0.138648
2866.35,0.286282
1248.49,0.124841
837.231,0.0834651
3417.22,0.282169
1243.62,0.124351
843.321,0.0843313
1785.85,0.177408
741.46,0.0741438
753.637,0.0718023
953.858,0.095257
2256.99,0.223269
612.515,0.0612393
653.953,0.0653116
944.305,0.0944057
1914.28,0.191266
1278.61,0.127061
521.747,0.0521651
1218.26,0.121787
1578.3,0.15767
1508.09,0.150334
3802.91,0.380203
705.758,0.0704524
1145.94,0.11454
810.34,0.0810095
703.702,0.0703597
1440.19,0.143996
990.676,0.0989608
4017,0.400833
1212.6,0.121185
764.767,0.0764713
1528.72,0.152854
1779.72,0.177618
561.48,0.0559692
1111.92,0.111186
1018.29,0.101799
3606.82,0.360597
993.142,0.0992963
949.829,0.094981
803.994,0.0803136
1718.25,0.171788
1077.05,0.107609
784.541,0.0783941
1585.73,0.15844
766.895,0.0766753
755.463,0.0754919
743.99,0.0743174
700.725,0.0700275
1096.13,0.1096
2421.73,0.242131
1290.07,0.128917
1628.46,0.162836
1825.45,0.182516
1470.03,0.146884
1704.88,0.170387
1497.77,0.149677
1775.92,0.177504
873.607,0.0873192
970.221,0.0970116
1136.75,0.113644
904.867,0.090482
3810.54,0.380924
836.175,0.0835434
1818.37,0.181184
3105.66,0.310312
3289.7,0.328693
5752.53,0.574639
975.71,0.0975657
1064.23,0.10611
1297.64,0.129748
1208.54,0.120833
1337.61,0.13366
728.599,0.0728518
759.461,0.0758502
1765.03,0.176404
1551.55,0.155131
858.77,0.085867
2665.35,0.266467
2576.65,0.257542
1613.88,0.161337
1202.62,0.120255
1220.1,0.122004
805.153,0.0805105
1161.19,0.11604
1030.3,0.103009
490.741,0.0490685
643.431,0.0643121
3195.86,0.318559
1150.2,0.114943
1781,0.177946
2011.35,0.201013
781.542,0.0781252
1811.05,0.181084
1470.74,0.1469
1431.34,0.143011
1843.13,0.18423
1133.06,0.113234
2092.43,0.209198
965.877,0.0965614
1678.92,0.167841
1217.04,0.121695
1108.08,0.110399
970.65,0.0970372
1671.7,0.16712
10273.5,1.02464
934.873,0.0934511
939.133,0.093909
1572.56,0.157234
1412.68,0.141203
1942.71,0.194165
4193.8,0.419248
1049.54,0.104929
1049.01,0.104868
839.344,0.083846
2621.65,0.262122
1098.51,0.109799
1272.83,0.127225
700.181,0.0700002
697.654,0.0697053
1183.78,0.118241
2326.36,0.232577
5975.72,0.59718
2149.99,0.21495
1485.95,0.148472
1137.54,0.113693
1800.7,0.17969
1103.57,0.110336
1053.09,0.105299
1292.9,0.129275
850.036,0.0849812
3087.08,0.308155
979.871,0.0979573
1170.07,0.116863
5303.63,0.528809
2375.57,0.237446
774.68,0.0774333
626.615,0.0626582
2923.26,0.292149
4575.79,0.457256
1064.12,0.106237
967.477,0.0967278
1967.44,0.196599
1531.73,0.152636
1801.04,0.179973
1783.9,0.178141
895.53,0.0895351
1651.8,0.165108
1370.35,0.136982
834.09,0.0834015
1119.96,0.11194
977.544,0.0977098
701.387,0.0701238
830.836,0.0830451
1140.86,0.113985
997.959,0.0997723
1170.51,0.116974
1949.95,0.194486
1911.83,0.190913
2694.09,0.269371
2052.94,0.205258
1108.72,0.110866
2306.48,0.229948
1248.26,0.122257
1103.35,0.110258
2218.94,0.221857
1349.7,0.134858
825.631,0.0824626
1029,0.102453
949.641,0.094822
2279.75,0.227527
2065.28,0.206434
1219.78,0.121945
1227.05,0.122666
551.961,0.0551076
921.133,0.0920684
1537.46,0.153527
1232.97,0.123125
3929.31,0.39252
841.135,0.0840665
649.237,0.0649123
1171.95,0.117138
12955.3,1.29475
1561.8,0.15505
2375.78,0.237331
782.95,0.0782874
7680.5,0.767014
1510.31,0.150931
1372.96,0.137157
944.008,0.0943956
902.845,0.0902249
1229.13,0.122905
1701.86,0.170181
1030.89,0.103087
5356.37,0.535194
803.019,0.0802979
844.313,0.0844266
4963.2,0.495339
2089.83,0.20876
1619.95,0.161891
1394.37,0.13931
929.814,0.0927313
1636.77,0.163624
856.022,0.0855456
4126.47,0.412349
968.292,0.0967853
931.519,0.0931153
908.82,0.0908648
1588.86,0.158782
701.798,0.0701402
1266.82,0.126679
802.163,0.078279
1867.19,0.186661
1403.78,0.14033
985.966,0.0984851
1078.4,0.107836
1522.8,0.152102
680.017,0.0679675
1128.11,0.112646
1609.13,0.16083
1162.36,0.116104
3574.29,0.354759
695.827,0.0691728
2463.53,0.245867
1335.19,0.133482
1395.81,0.13907
743.808,0.0743572
2281.42,0.227987
695.455,0.0695365
879.226,0.087911
2403.82,0.24026
903.709,0.090334
606.038,0.0605848
1215.95,0.121504
1292.61,0.129254
2373.68,0.237324
1859.23,0.185738
1259.55,0.125942
859.485,0.08592
983.872,0.0983502
1449.3,0.144842
2266.76,0.2266
762.106,0.0762066
1156.02,0.115549
1556.51,0.15562
3669.82,0.366692
1842.54,0.184139
877.79,0.0876764
1072.15,0.107206
1374.86,0.13746
942.652,0.0941933
586.657,0.0586577
1347.11,0.134642
1126.16,0.112514
844.981,0.0844046
3433.72,0.342631
2855.81,0.283856
1923.79,0.192325
1378.91,0.137885
886.344,0.088631
932.702,0.0932669
2923.16,0.291029
851.294,0.0850982
913.469,0.0913358
1688.74,0.168848
1326.14,0.132543
965.395,0.0964088
6186.47,0.617778
859.534,0.0857976
968.736,0.0968713
1809.3,0.180812
1782.51,0.178151
4809.89,0.480033
1114.83,0.100842
937.557,0.0937426
752.475,0.0751071
1239.9,0.123986
1738.08,0.173569
1700.31,0.169929
831.729,0.0831323
1444.73,0.144382
2603.56,0.260095
2240.18,0.223862
1203.08,0.120255
3316.52,0.331577
2274.18,6.18524
1348.72,0.134825
2069.82,0.206905
1265.92,0.126352
1202.29,0.120212
965.357,0.0965248
993.683,0.0992509
1143.3,0.114247
1978.03,0.197695
391.079,0.0390911
768.055,0.0768027
1790.32,0.178962
1043,0.104297
675.209,0.0673727
995.087,0.0994385
1311.73,0.131157
1054.4,0.105353
1148.55,0.112228
718.93,0.0718898
2739.67,0.273829
1019.81,0.101856
892.645,0.0892554
1158.43,0.115832
1557.04,0.155702
1363.9,0.13631
1995.73,0.199516
2108.56,0.210556
1323.27,0.132296
2140.99,0.213383
1924.34,0.192182
1009.78,0.100914
735.649,0.07354
764.273,0.0763861
1852.58,0.185174
1029,0.102741
1110.56,0.111001
1021.82,0.102149
1193.49,0.11928
1856.96,0.185546
1929,0.19269
646.676,0.0646638
1020.25,0.102014
1207.9,0.120668
1334.72,0.126762
1010.09,0.100939
921.105,0.0919765
1368.43,0.136715
2478.26,0.246703
1111.33,0.110421
1454.08,0.145359
6011.47,0.600169
1492.96,0.149064
2026.43,0.202538
2315.52,0.23119
1444.25,0.144412
1563.21,0.15619
2121.29,0.212086
793.151,0.0792703
988.695,0.0988664
13738.8,1.36697
6299.95,0.629237
10360.3,1.03434
1139.34,0.113928
910.351,0.0910273
1199.26,0.119875
631.888,0.0631159
1258.16,0.125701
716.124,0.0715541
3712.86,0.371206
954.482,0.095348
780.511,0.0780216
931.722,0.0931452
1511.41,0.151102
1895.3,0.189133
1016.72,0.101664
1853.31,0.185227
852.941,0.0849694
1120.09,0.111752
1471.09,0.147104
3744.03,0.37397
736.757,0.0736159
818.321,0.0818129
401.644,0.0401621
1868.61,0.186716
1293.77,0.129237
1557.13,0.155559
2104.13,0.210382
1052.63,0.105238
1482.36,0.148204
1308.77,0.130726
1115.44,0.111528
1260.93,0.12605
7586.48,0.755016
1537.61,0.153727
856.702,0.0856498
1182.57,0.118223
1183.29,0.11832
783.051,0.0782975
4174.49,0.417406
1267.28,0.126622
2134.47,0.213412
1197.48,0.119728
4701.66,0.469729
522.348,0.052213
1492.66,0.149075
1154.45,0.115409
1531.92,0.152726
897.889,0.0896777
1105.75,0.110565
2144.8,0.214395
1432.36,0.142634
1447.92,0.14473
873.814,0.0870009
598.096,0.059806
2006.8,0.200555
1219.16,0.121852
3877.94,0.387641
895.349,0.0895135
1677.68,0.167729
1577.55,0.157651
1749.27,0.174792
991.229,0.0990794
923.702,0.09236
1058.09,0.105782
498.128,0.0498096
1012.23,0.101182
572.904,0.0572893
3316.8,0.331388
620.416,0.0618585
612.832,0.0612335
674.56,0.0674348
835.74,0.083572
2064.63,0.206296
1220.04,0.121893
1167.94,0.116746
1324.37,0.109035
1179.26,0.117862
8240.26,0.823181
2254.77,0.225294
2555.8,0.255472
7848.44,0.783252
1959.36,0.195873
1120.78,0.11205
1003.48,0.100272
3766.14,0.375621
1184.26,0.118044
1240.8,0.124038
871.37,0.0870411
1976.35,0.197591
1431.93,0.143147
1356.07,0.135475
856.039,0.0855628
985.922,0.0984078
1181.13,0.118107
1086.18,0.108544
676.652,0.067662
1242.82,0.124261
920.56,0.0920293
823.466,0.0814334
1282.25,0.127885
2592,0.259011
2139.79,0.213426
2249.31,0.224858
1211.57,0.12114
990.344,0.0989926
4029.28,0.402708
853.078,0.085285
855.217,0.085456
1792.26,0.180202
2560.17,0.254982
913.777,0.091373
1966.74,0.196615
1390.83,0.13902
1402.92,0.140228
1838.29,0.183561
2065.8,0.206214
1131.82,0.113044
1520.28,0.152013
4032.34,0.402252
1425.16,0.142472
1319.98,0.131969
1185.42,0.118496
436.002,0.0435932
2180.6,0.218024
1005.34,0.088099
1518.03,0.151694
1072.21,0.107195
755.045,0.0754725
905.254,0.0905179
742.814,0.0742463
2325.43,0.232436
1624.05,0.162384
1113.43,0.111339
1652.01,0.165118
828.308,0.0828235
1693.85,0.168904
1176.55,0.117639
1334.14,0.13338
1915.6,0.191505
1038.79,0.103821
796.045,0.0796019
706.36,0.0706328
1542.76,0.153702
893.122,0.0892895
1822.35,0.182209
1361.7,0.13602
982.85,0.0982086
1389.05,0.138902
2098.58,0.209852
711.642,0.0711635
1303.65,0.130181
1322.55,0.132189
1571.7,0.157032
1151.37,0.11512
1124.6,0.110997
1539.38,0.153908
1203.35,0.120304
1827.9,0.182735
975.798,0.0975767
933.226,0.0932611
1287.56,0.12874
670.078,0.0669578
1451.85,0.145166
478.284,0.0478281
782.433,0.0782354
943.759,0.0942713
1802.86,0.180248
784.324,0.0777912
10417.9,1.04077
2790.19,0.278953
1258.73,0.125835
4540.76,0.453398
903.781,0.0903032
1946.22,0.193973
1650.27,0.164995
1064.71,0.106447
1848.19,0.184783
886.543,0.0886524
1576.83,0.157562
1635.64,0.163497
1610.18,0.160911
892.715,0.0892385
1119.66,0.110895
1298.57,0.129835
1460.06,0.145996
2100.94,0.2098
743.628,0.0742003
974.262,0.096795
1264.34,0.126423
1248.1,0.124702
1053.25,0.103286
1039.06,0.103801
1409.86,0.140964
944.896,0.0944809
857.958,0.085779
1333.28,0.133274
830.588,0.082935
2209.21,0.220814
1222.96,0.174595
840.508,0.0840245
3321,0.331025
870.073,0.0869617
9363.37,0.933492
6871.23,0.686251
2730.74,0.27189
1327.73,0.132763
1617.2,0.161705
2507.69,0.250706
947.902,0.0946462
766.007,0.0765558
956.016,0.0951423
496.75,0.0480516
1417.67,0.141677
970.699,0.0970554
785.085,0.0784609
1300.09,0.129845
880.037,0.0878501
1366.79,0.136625
788.178,0.0787149
1534.44,0.153348
1185.13,0.118449
945.763,0.0944503
865.338,0.0860878
1795.79,0.179509
914.962,0.0914716
1976.3,0.197338
857.652,0.0856201
1507.51,0.150731
2749.02,0.274726
6480.89,0.647125
1043.52,0.104337
1676.14,0.167586
1598.69,0.15971
1411.37,0.141072
1139.49,0.113888
1052.7,0.105266
850.848,0.0850799
1431.07,0.142984
1903.93,0.190357
1776.21,0.176997
559.031,0.0558715
953.51,0.0953155
614.09,0.061404
734.707,0.0734609
1964.7,0.196277
6647.66,0.663777
587.616,0.0587477
693.927,0.06938
1120.28,0.112026
1288.03,0.128769
481.096,0.0481043
1083.85,0.108341
1937.25,0.19367
1363.04,0.136241
1896.65,0.189629
1365.64,0.136515
1408.18,0.140779
840.028,0.0839488
1415.34,0.141516
1059.95,0.105984
790.681,0.0789885
945.498,0.0944921
1632.15,0.163175
492.317,0.0492263
1488.17,0.148813
3411.88,0.341076
3105.26,0.310448
2294.24,0.229327
825.028,0.0823959
712.349,0.071216
1342.43,0.133296
1259.61,0.125893
771.561,0.0771025
1239.65,0.123937
917.397,0.0915926
2054.97,0.205409
1160.63,0.115906
831.809,0.0831635
974.13,0.0974079
675.113,0.0674643
888.656,0.0888545
3150.13,0.314959
973.947,0.097051
961.326,0.0961177
1162.41,0.116221
7207.22,0.72016
2400.94,0.239752
1269.8,0.126825
873.863,0.0873023
1281.01,0.128076
1148.48,0.114811
888.323,0.0888233
2313.88,0.231156
1086.21,0.108531
1474.59,0.147423
2004.46,0.200421
592.667,0.0592423
619.375,0.0619234
1551.12,0.155024
896.919,0.0896879
3013.69,0.300918
2156.99,0.215573
663.192,0.0663145
1357.58,0.135588
1141.96,0.114162
683.605,0.0682204
1918.83,0.191862
2198.34,0.219785
792.626,0.0792344
2368.7,0.236849
1544.19,0.15431
3444.87,0.344289
1316.53,0.131634
2446.14,0.243336
1217.79,0.121758
1239.24,0.123872
575.53,0.0575246
2014.63,0.201184
886.556,0.0886194
1174.13,0.117381
997.437,0.0997325
1132,0.112864
1601.86,0.16015
7194.96,0.718014
1045.68,0.104528
700.75,0.0700633
1265.14,0.126497
1748.76,0.174821
659.556,0.0659315
1381.12,0.13797
3248.16,0.324594
1902.71,0.19003
1086.08,0.108573
9973.8,0.992243
785.266,0.0784233
1006.43,0.100359
1037.08,0.102172
3208.82,0.320769
901.091,0.0900769
1799.92,0.179067
1441.84,0.144107
1154.78,0.115352
842.662,0.0841275
1925.85,0.192526
1217.97,0.121637
998.833,0.0998608
803.966,0.0803172
23247.7,2.30954
931.057,0.0930675
967.125,0.0966462
2236.49,0.223435
696.67,0.0696233
1196.11,0.119576
2147.97,0.214719
856.696,0.0856676
1018.19,0.101801
2955.32,0.295435
1196,0.119579
1349.47,0.134877
1862.32,0.186142
1215.23,0.121494
1262.95,0.126184
2403.24,0.239942
1272.31,0.127224
2268.45,0.226801
3515.79,0.350834
1225.15,0.122476
977.555,0.0977389
1667.34,0.166648
1142.82,0.114269
2461.11,0.245941
1245.69,0.12453
1063.38,0.106329
761.804,0.0761259
1330.09,0.132919
1178.56,0.117681
1069.08,0.106857
2282.99,0.228192
1957.2,0.195618
1853.36,0.185223
1390.26,0.139021
645.882,0.0645033
2089.62,0.208571
1059.58,0.105935
744.895,0.07437
2346.73,0.234515
1548.11,0.154577
1297.18,0.129585
1684.88,0.168236
1612.4,0.161197
854.68,0.0853746
3500.4,0.349624
819.184,0.0818312
3655.7,0.365384
780.743,0.078064
1161.93,0.116114
3262.76,0.32596
1076.22,0.107572
1467.97,0.146781
5241.93,0.524142
769.634,0.0769471
1305.44,0.130536
648.453,0.0646175
1422.98,0.142268
2158.51,0.215699
1044.99,0.104193
1001.11,0.100099
1164.4,0.116423
1961.17,0.196055
536.167,0.0535692
953.141,0.0952955
1071.3,0.107102
1192.95,0.11926
1059.19,0.105698
1043.17,0.104294
1804.03,0.180263
1043.79,0.104333
781.323,0.0781292
1211.14,0.121081
815.716,0.0815139
1373.98,0.137372
1226.81,0.122629
2064.12,0.206167
770.313,0.0770295
2129.48,0.212885
604.959,0.060492
608.552,0.0608488
1454.38,0.141917
700.71,0.0699893
818.105,0.0817258
902.447,0.0902372
2336.97,0.233531
1654.83,0.165433
808.231,0.0805874
1427.19,0.142426
758.558,0.0758033
1375.01,0.137478
1881.92,0.188038
864.725,0.086438
2233.43,0.222321
1542.2,0.154084
1138.78,0.113789
1282.94,0.128149
1874.54,0.187442
1581.58,0.158056
607.14,0.0581934
1168.65,0.116819
1485.46,0.148116
664.032,0.0664019
775.245,0.0774986
1051.12,0.104457
1263.98,0.126356
1398.27,0.139738
726.007,0.0725895
1183.82,0.118366
938.287,0.0937555
1094.18,0.10939
870.007,0.0869871
1747.42,0.174543
1125.71,0.112541
1111.89,0.111133
1288.61,0.128806
12797.2,1.27454
788.183,0.0787968
4292.22,0.428964
871.719,0.0708867
1505.32,0.150497
888.414,0.0887344
1315.17,0.131478
1851.4,0.185085
425.55,0.0425136
2038.14,0.203468
1279.33,0.12792
1537.23,0.153721
992.244,0.0985757
895.603,0.0895315
3132.62,0.313078
727.954,0.0727851
1006.03,0.100589
757.46,0.0755807
1335.87,0.133438
1479.04,0.147724
1999.43,0.199933
743.932,0.0743836
858.064,0.0833627
2359.99,0.235724
1929.6,0.192441
1431.77,0.143171
1045.42,0.104396
1849.77,0.184956
1641.82,0.164158
1327.18,0.132565
1759.72,0.174887
1563.6,0.156294
806.005,0.080573
731.01,0.0729815
1454.44,0.145375
1676.78,0.167273
799.363,0.0798823
13436.5,1.34223
3396.65,0.339629
817.577,0.0817441
3950.13,0.394861
1486.63,0.14865
939.317,0.093918
3796.81,1.11251
911.042,0.0910206
2012.11,0.200643
2459.42,0.245794
2192.83,0.219253
1044.04,0.103702
728.673,0.072723
1497.21,0.149679
735.48,0.0735174
756.892,0.0752189
6406.93,0.64055
1186.66,0.118606
1032.59,0.103249
2683.48,0.268017
634.009,0.0633819
946.529,0.0945623
2570.47,0.257001
1488.17,0.148785
549.226,0.0549014
1754.16,0.175291
651.574,0.0651188
7584,0.756499
2057.13,0.205706
994.13,0.0993968
2484.9,0.248332
828.971,0.0816915
1368.44,0.136825
949.866,0.0949641
1016.81,0.101593
1253.61,0.125313
1511.96,0.151119
5909.12,0.590585
1111.62,0.111083
1032.31,0.103221
1244.19,0.124406
866.081,0.0865412
949.277,0.0948503
812.878,0.0812685
2170.51,0.216675
1280.37,0.127949
990.71,0.0989235
1188.1,0.118776
1451.62,0.144919
5588.14,0.558614
982.738,0.096556
1540.14,0.153831
1837.91,0.183581
1191.56,0.119133
1732.83,0.173161
708.147,0.0707219
1017.77,0.101752
984.875,0.0982332
1345.75,0.134542
2008.13,0.200628
4320.83,0.430363
2179.47,0.217935
1456.67,0.14566
982.721,0.0982098
1990.04,0.197948
3088.34,0.308423
934.922,0.0934336
9163.82,0.915561
672.46,0.0672056
691.605,0.0691522
719.594,0.0719023
3317.25,0.329259
1732.67,0.173012
1680.6,0.168026
1501.19,0.149799
750.474,0.0750186
1258.09,0.125702
1244.63,0.124456
991.474,0.0991139
1215.64,0.121513
1409.11,0.140877
1749.85,0.17492
4691.87,0.46883
935.631,0.0935207
934.009,0.0933669
1297.12,0.129668
1117.35,0.11171
2188.39,0.218666
1357.16,0.135709
1186.73,0.118555
1735.32,0.173504
1237.84,0.123756
734.389,0.0734374
1042.96,0.104195
1262.03,0.126167
852.585,0.0852504
2373.22,0.237191
1951.1,0.194243
1118.56,0.111768
1132.65,0.113132
825.065,0.0824765
1786.52,0.178566
2302.51,0.22996
1278.42,0.127836
3529.16,3.98232
766.43,0.076569
1026.77,0.102663
1401.97,0.140179
2911.22,0.290779
884.964,0.0884396
1939.43,0.193724
1175.34,0.117521
999.987,0.0999682
1461.92,0.146157
910.815,0.0910452
10621.6,1.1486
648.015,0.0648001
974.198,0.0973437
4526.1,0.452186
2887.27,0.288501
880.532,0.0880419
1182.34,0.118069
2760.8,0.275752
1369.99,0.136837
1685.48,0.168513
1289.13,0.128862
879.182,0.0878064
2307.24,0.230547
12048.5,1.20158
1703.88,0.170248
1343.84,0.134371
1082.54,0.108224
1653,0.165263
449.153,0.0449087
1146.66,0.114627
1030.09,0.102993
1043.28,0.104312
2205.52,0.220415
5079.48,0.507753
709.875,0.0709796
1216.46,0.121441
732.415,0.0732145
4138.98,0.413547
4382.48,0.43656
10689.5,1.06608
949.645,0.0949456
1847.49,0.184549
1105.65,0.11052
1039.52,0.103899
1710.04,0.170872
884.564,0.0883079
2125.89,0.212001
1461.38,0.146125
1735.04,0.173484
1120.81,0.11206
934.346,0.0934109
638.797,0.0637371
787.333,0.0786787
1111.16,0.111051
1425.64,0.142284
789.927,0.0789136
650.017,0.0649804
1440.53,0.144045
719.08,0.0718739
940.221,0.0940045
1503.84,0.150253
1537.38,0.153605
1244.88,0.124428
30853.1,3.0538
1185.86,0.118208
1614.18,0.161281
1112.42,0.111167
1111.18,0.111107
938.071,0.0907245
940.863,0.0940626
1660.31,0.165996
1567.7,0.156697
870.739,0.087017
1449.31,0.144925
1269.86,0.126957
3332.81,0.333014
732.602,0.0730254
1571.88,0.157026
1579.24,0.1579
901.122,0.0900909
4938.97,0.492737
522.011,0.0522
952.663,0.0952548
924.655,0.0924584
1525.74,0.152499
697.313,0.0697231
1167.37,0.116662
1063.01,0.106072
1641.45,0.163917
737.284,0.0736946
996.14,0.0995569
577.651,0.0577603
1070.58,0.105928
2457.58,0.245714
1676.77,0.167555
855.693,0.0855574
904.444,0.0904161
1811.68,0.181084
923.658,0.0923485
2583.81,0.258321
748.093,0.0747376
1276.28,0.127179
1094.14,0.109294
812.714,0.0812497
4517.39,0.450045
764.196,0.0757423
766.707,0.076659
686.281,0.0686196
2112.11,0.211051
1192.9,0.119268
1323.45,0.132289
2921.54,0.291857
1902.73,0.190133
1043.35,0.104326
2711.58,0.271143
1632.21,0.16312
1368.29,0.136785
735.23,0.0734046
1510.58,0.150829
2110.87,0.210899
1069.89,0.106981
916.636,0.0916593
739.249,0.0735929
2948.85,0.294838
931.511,0.0931432
5907.64,0.589804
1176.54,0.117647
1099.7,0.109952
1846.82,0.184519
1389.82,0.119102
1875.84,0.187491
2090.71,0.209013
1464.09,0.146356
1664.7,0.166406
1269.07,0.126786
1275.08,0.127492
1583.29,0.158308
11933.6,1.19029
879.677,0.0879499
922.128,0.0922025
478.84,0.0478642
1041.68,0.104162
2575.01,0.257082
862.724,0.0862141
1731.04,0.173089
1433.89,0.142557
537.662,0.0537213
2015.83,0.201503
856.989,0.0856459
3356.66,0.335556
4371.97,0.437059
809.836,0.0809766
3402.42,0.339453
1209.53,0.120676
1232.92,0.123269
1003.39,0.100326
819.538,0.0817727
743.208,0.074305
2685,0.268469
765.708,0.0762157
1401.82,0.14014
959.332,0.0958968
1227.45,0.122706
1192.03,0.119108
1919.89,0.191963
894.867,0.0894858
1509.2,0.150823
2669.43,0.266819
2997.93,0.299774
788.039,0.0787495
631.829,0.0631686
3254.53,0.324986
2778.33,0.277802
577.603,0.0577583
1954.97,0.195463
747.606,0.0746574
1723.99,0.172104
1947.27,0.194712
8580.77,0.857197
899.571,0.0897453
1063.04,0.106294
1012.51,0.101056
1061.6,0.106028
1908.03,0.190756
1025.7,0.102564
12226.8,1.22056
971.52,0.0970804
931.93,0.09318
1187.17,0.118662
1579.1,0.157787
1369.52,0.136848
1681.15,0.168113
1058.37,0.105755
698.979,0.0698714
4140.6,0.399159
892.617,0.0892486
989.722,0.0989604
1114.94,0.111477
3393.32,0.33461
1831.52,0.182944
747.025,0.0746751
1877.54,0.186804
925.791,0.0925518
3645.2,0.364371
687.667,0.0687525
849.312,0.0848223
1029.67,0.102961
1422.53,0.142062
798.848,0.0798248
3892.86,0.36615
466.905,0.0466493
1554.07,0.155306
689.926,0.0689645
655.915,0.0655835
800.021,0.0799891
1069.69,0.106883
511.166,0.0511117
2484.91,0.248263
997.96,0.0996382
2265.27,0.226493
931.47,0.0930689
2422.05,0.242175
692.694,0.0689377
2020.64,0.201895
2803.07,0.280033
970.787,0.0970744
1622.07,0.16214
985.259,0.0984365
1784.4,0.178396
598.609,0.0598479
872.128,0.0872061
821.52,0.0821426
1028.72,0.102838
826.382,0.0825244
2630.06,0.261954
940.411,0.0940391
1258.07,0.125791
1205.02,0.120489
1140.01,0.113986
1069.58,0.106937
1323.8,0.132362
2781.65,0.278093
1480.14,0.147998
1097.78,0.10977
2243.73,0.224359
798.987,0.0798905
810.596,0.0809934
8563.66,0.854528
1372.75,0.137262
895.874,0.0894913
2003.2,0.200279
726.605,0.0726461
2962.54,0.296164
769.817,0.0769767
1198.82,0.119869
2288.48,0.228811
980.377,0.0961001
1406.93,0.140662
2399.91,0.239715
585.823,0.058567
2288.05,0.228691
1516.09,0.151035
1369.16,0.13686
3302.93,0.330264
2003.44,0.197073
2254.51,0.225442
982.435,0.098179
2204.36,0.220296
1903.45,0.190337
1103.67,0.110327
1071.36,0.107087
4425.64,0.442353
1117.93,0.111768
663.247,0.0663202
1049.48,0.104734
986.936,0.0986849
879.7,0.0879679
1054.49,0.0999819
1480.43,0.147588
1536.21,0.153448
1020.83,0.102022
1080.86,0.108028
7312.58,0.728739
5807.66,0.580567
1274.58,0.0946521
922.379,0.0922261
499.883,0.0499615
759.167,0.0759093
1032.48,0.103183
1091.4,0.109127
1053.18,0.105135
5053.73,0.505209
1212.92,0.121276
898.663,0.0898462
1930.14,0.192912
1207.87,0.120765
789.433,0.0789322
850.52,0.084981
1237.39,0.123596
737.168,0.0737038
4285.34,0.428188
3659.8,0.365738
1162.62,0.116209
966.286,0.0966187
1745.1,0.173526
1676.95,0.16769
1038.16,0.103812
1608.47,0.160728
446.496,0.0446481
1676.78,0.167614
745.695,0.0745634
916.493,0.0916446
1029.97,0.102957
1260.66,0.125977
1661.77,0.166078
1656.79,0.165662
989.175,0.09872
582.003,0.0581745
3112.57,0.310952
1045.15,0.104454
2681.67,0.268
959.868,0.095977
1282.31,0.128216
1936.42,0.193501
1071.04,0.106966
903.076,0.090299
715.741,0.0714955
1112.87,0.111146
10385.9,1.03605
795.834,0.079566
1888.71,0.188573
3019.19,0.301847
1044.58,0.104441
1409.14,0.140878
1361.57,0.136143
945.637,0.0944492
1159.83,0.115981
792.136,0.0791933
1023.46,0.10224
2447.73,0.244619
1581.91,0.1581
698.293,0.0698217
1165.29,0.116465
983.482,0.0975544
1071.62,0.107103
2880.41,0.28775
894.925,0.0894255
1981.23,0.19793
1779.68,0.177926
1197.5,0.119691
1656.14,0.165587
1663.23,0.166278
1379.75,0.137861
1052.44,0.105237
834.438,0.0834356
1629.98,0.162935
1479.17,0.147891
1274.48,0.127364
1419.76,0.141847
1498.37,0.149786
851.822,0.0851717
1095.53,0.109524
1267.58,0.126647
4918.64,0.491546
1746.97,0.174651
1391.68,0.13916
1059.91,0.105987
2442.42,0.243905
1198.28,0.116514
1675.21,0.167502
1298.76,0.129843
1835.62,0.183504
1003.27,0.100161
2584.8,0.257895
2026.01,0.202582
1320.28,0.131977
1754.76,0.175185
1290.14,0.128933
2182.33,0.218164
814.784,0.0814715
1468.92,0.146813
1845.19,0.184494
662.6,0.0662044
882.809,0.0882793
713.502,0.0713396
1044.21,0.1044
1164.97,0.116451
1726.79,0.172644
1720.01,0.171807
988.371,0.0988262
1092.56,0.109254
1308.92,0.130886
2941.96,0.294063
1554.15,0.155341
718.371,0.0718131
1402.37,0.140133
13173.6,1.31597
947.092,0.0946796
990.127,0.0989973
1181.68,0.118162
1492.79,0.14912
1261.65,0.125891
2873.7,0.339614
853.773,0.085371
1181.12,0.117801
472.831,0.0472691
3187.51,0.318652
1389.12,0.138778
3121.09,0.311695
3132.05,0.313023
1029.78,0.102968
813.13,0.0813052
15102.4,1.50083
3660.11,0.365287
7492.2,0.748389
1960.34,0.196017
1625.6,0.162553
896.822,0.0896543
1253.31,0.125261
2151.3,0.214724
813.747,0.0813239
1228.45,0.122819
1963.43,0.195973
910.237,0.0907637
3936.01,0.393235
1627.94,0.162763
1541.12,0.154093
726.539,0.0726455
968.608,0.0968347
824.071,0.0823865
2402.14,0.239919
14426.6,1.417
1279.73,0.127914
1067.83,0.106768
1272.49,0.127208
990.865,0.0990438
870.865,0.0870744
764.175,0.0763969
763.157,0.0763136
942.578,0.0936905
1356.4,0.135625
735.711,0.0730918
2481.06,0.248086
645.35,0.0644722
1180.87,0.118055
792.758,0.0792143
1094.17,0.109399
1222.9,0.122203
3324.53,0.331401
998.223,0.0998044
1236.52,0.123638
1079.04,0.107885
898.811,0.0898168
2234.53,0.22329
1380.53,0.137969
1150.14,0.114989
2856.61,0.285215
1440.55,0.143918
1411,0.141054
1168.89,0.11685
1699.74,0.16971
5248.37,0.524137
3473.78,0.347212
2045.58,0.20452
967.334,0.0966391
1913.23,0.191237
1294.77,0.129421
1440.86,0.143971
829.336,0.0829008
732.277,0.073189
3494.25,0.349137
1328.61,0.132852
571.309,0.0570431
1235.85,0.123577
901.502,0.090113
3577.32,0.356975
1031.12,0.103039
1214.73,0.121443
849.752,0.0849367
1009.81,0.100975
842.105,0.0841938
2970.54,0.29688
2532.24,0.253187
878.848,0.0878491
1808.58,0.180795
1849.67,0.184901
578.73,0.0578522
9136.97,0.912816
1315.07,0.131448
819.848,0.081961
2205.25,0.220445
755.585,0.0755295
1934.21,0.193127
1071.59,0.107144
3851.79,0.384378
1301.36,0.130107
1262.33,0.126217
766.092,0.0765965
789.398,0.0786769
820.549,0.0820333
2485.28,0.248385
953.924,0.0953895
20937.2,2.08459
3991.67,1.95409
1261.09,0.126098
1942.54,0.193971
1533.7,0.153338
3029.03,0.302814
1153.08,0.114909
2426.69,0.242408
1854.64,0.185244
431.836,0.0431826
629.595,0.062948
3610.52,0.360795
1125.74,0.112518
3581.93,0.357963
1054.38,0.105409
1159.9,0.115983
1455.15,0.14548
798.018,0.0797984
2693.09,0.269145
781.31,0.0781204
817.837,0.0817738
818.154,0.08179
1970.29,0.196964
1288.36,0.128829
2779.33,0.277858
838.729,0.0838506
1194.59,0.119351
837.924,0.0837897
1415.3,0.141485
1386.49,0.138633
928.349,0.0925673
1148.7,0.114852
1549.05,0.154726
2257.91,0.225453
1187.45,0.118728
586.897,0.0586676
722.55,0.0722537
1108.15,0.110533
1431.84,0.143106
1088.02,0.108778
913.265,0.0912191
1205.04,0.120465
1047.13,0.104633
5130.69,0.512689
933.75,0.0931889
850.157,0.0850139
2035.94,0.203466
1949.42,0.194928
1008.22,0.1008
1949.61,0.194836
1733.92,0.172879
786.181,0.0786055
4236.09,0.423538
1129.42,0.112852
1237,0.123647
4644.92,0.463848
753.302,0.0753251
1004.45,0.100394
9549.45,6.29042
1362.57,0.13622
1594.11,0.159241
840.439,0.0840221
1130.38,0.113025
855.809,0.0854911
904.957,0.0904731
893.185,0.0893062
1726.49,0.172634
965.406,0.0961083
1055.87,0.10542
2433.81,0.243158
1240.44,0.123782
1211.32,0.121117
1082.1,0.108187
1643.78,0.164329
1047.87,0.104774
443.241,0.0442708
1115.99,0.111545
843.106,0.0843079
1509.21,0.150771
902.95,0.0898438
964.779,0.0964552
633.641,0.0633512
1089.24,0.108842
848.392,0.0847391
1980.63,0.195704
617.533,0.0616994
2134.39,0.213276
1020.6,0.102051
1163.59,0.116317
1386.8,0.138659
679.186,0.0678989
1605.5,0.160493
1235.24,0.123494
653.518,0.0653433
2537.1,0.253596
1172.09,0.117183
1503.05,0.150034
981.426,0.0981027
1003.27,0.100313
2631.68,0.26295
2366.63,0.236606
4127.55,0.411103
1541.47,0.335474
1042.11,0.104182
901.341,0.0900161
1179.06,0.117898
1078.03,0.107775
859.082,0.0858671
783.812,0.0783649
1211.29,0.121101
2376.71,0.237376
5509.19,0.549861
513.984,0.0513664
2252.31,0.224648
1457.34,0.145731
2410.18,0.24097
19500.1,1.94761
675.481,0.067518
848.684,0.0848604
1405.65,0.140485
1442.1,0.144204
749.099,0.0748584
1828.02,0.182712
1949.62,0.194608
1458.08,0.14531
846.746,0.0846553
785.832,0.0785802
1164.43,0.116424
1473.81,0.146992
2167.23,0.216614
1222.84,0.122199
2236.24,0.223458
624.47,0.0624206
1426.76,0.142653
3162.21,0.316203
650.679,0.0648467
4267.89,0.426586
1254.11,0.125343
10425.9,1.0387
885.52,0.0885322
6105.07,0.607787
881.621,0.0881233
1383.99,0.138299
1188.34,0.118758
5249.85,0.522068
2613.77,0.261313
721.96,0.0721399
1359.06,0.135739
1218.12,0.121797
1563.9,0.156364
1938.27,0.193737
1015.2,0.101501
1788.89,0.178776
1273.95,0.127274
1193.77,0.118941
800.721,0.0800618
818.412,0.081798
2021.07,0.201889
1378.72,0.137833
1337.24,0.133684
1089.41,0.108927
1124.26,0.112295
2260.24,0.277961
1464.18,0.146385
1399.22,0.139909
941.3,0.0936705
2231.23,0.222939
1213.18,0.121299
1271.86,0.127172
1757.65,0.175718
1272.39,0.127103
5584.86,0.558063
1843.46,0.18424
1086.26,0.108615
1032.75,0.103236
1216.06,0.12143
1010.96,0.100775
4864.75,0.485836
871.987,0.0871961
1213.88,0.121373
1664.39,0.166382
755.044,0.0754612
559.324,0.0559205
2444,0.244021
2872.19,0.284952
1716.18,0.171607
2597.42,0.258222
1007.24,0.100717
871.991,0.0871882
1158.65,0.115217
1508.63,0.150809
1755.53,0.175525
1535.72,0.153498
1657.71,0.165479
1711.68,0.171133
1314.09,0.131402
1062.17,0.106206
1100.6,0.109956
756.526,0.075637
907.159,0.0906974
976.606,0.097657
4159.17,0.415624
3596.52,0.359606
1899.91,0.189774
566.636,0.0565922
1879.47,0.187902
1706.41,0.170561
811.175,0.0811146
1129.79,0.112918
930.922,0.0929703
799.912,0.079936
1525.37,0.152427
1250.6,0.124496
1131.35,0.1131
1731.33,0.172956
1164.55,0.116424
1601.2,0.160087
968.208,0.0968183
1511.94,0.151037
2702.33,0.270107
2201.94,0.220101
883.076,0.0881078
1155.16,0.115367
1991.59,0.199096
2576.33,0.257356
2368.07,0.236591
747.234,0.0746497
1525.7,0.152555
814.682,0.081445
724.364,0.0724248
2562.06,0.255917
1629.7,0.162845
515.467,0.0515298
841.515,0.0841412
733.455,0.0733407
984.898,0.098401
3264.3,0.326009
1375.86,0.137537
1782.03,0.178193
1964.06,0.196196
711.784,0.0711113
1216.17,0.121344
1107.09,0.110661
896.963,0.0941814
824.292,0.0823337
776.625,0.0776211
747.799,0.0747709
1013.02,0.101293
1144.21,0.114311
1303.61,0.130331
1213.84,0.121344
2386.92,0.238208
1574.68,0.157436
764.069,0.0763901
770.16,0.0768589
908.021,0.090768
761.225,0.0761218
1044.43,0.104423
718.993,0.071898
769.467,0.0769227
570.157,0.0569936
842.817,0.0842664
1452.01,0.145043
960.164,0.095997
1142.19,0.114204
1155.93,0.115472
13766.2,1.372
694.733,0.0694693
991.591,0.0991368
1682.65,0.168229
2252.04,0.22514
966.895,0.0966747
2593.02,0.259193
944.156,0.0943629
946.848,0.0946727
2978.53,0.297714
1704.5,0.170262
869.404,0.086935
811.539,0.08113
2527.47,0.252521
905.949,0.0905932
4439.05,0.443252
1225.24,0.12252
462.63,0.046203
3555.04,0.354426
1930.48,0.192787
3104.22,0.268186
1009.49,0.100777
1545.67,0.154372
1042.49,0.104033
1904.47,0.190146
2996.31,0.299589
944.781,0.0944473
4249.62,0.423641
613.751,0.0613716
4084.27,0.40808
1396.58,0.13965
1879.04,0.187608
2118.47,0.211826
973.211,0.0970348
987.846,0.0987437
1375.43,0.137305
1615.14,0.161484
1661.3,0.166075
2100.19,0.209967
1332.59,0.185516
1482.82,0.148266
1276.78,0.127374
1570.56,0.15699
1395.52,0.13928
668.992,0.0668738
1319.28,0.131896
2410.8,0.240449
1036.22,0.103615
966.121,0.0966108
1228.54,0.122835
904.584,0.0904292
1159.14,0.11588
1250.12,0.124915
1351.21,0.135113
2154.4,0.215389
1786.29,0.178458
1299.14,0.129825
1501.31,0.150014
8972.73,0.896505
1436.93,0.143624
2589.32,0.258154
1159.49,0.115913
835.285,0.0835222
837.694,0.0826139
2986.72,0.298564
1196.33,0.119622
1162.07,0.11618
509.343,0.0509338
1766.85,0.176648
1225.27,0.122518
1649.14,0.164861
1260.51,0.126045
987.444,0.0987311
1217.15,0.121619
978.563,0.0977654
1802.41,0.180209
2153.29,0.215228
1262.41,0.126203
1235.84,0.123248
1095.06,0.109488
1352.21,0.135145
1329.91,0.132954
1550.47,0.154517
2441.95,0.243947
1586.76,0.158345
955.936,0.0955728
935.687,0.0934907
1354.82,0.135359
1335.14,0.13332
1338.24,0.133809
1197.17,0.119698
1427.06,0.1427
3873.48,0.387115
935.561,0.089329
1090.94,0.109081
1863.75,0.186128
1109.47,0.110827
1051.89,0.105179
1660.86,0.165115
987.385,0.0983406
2375.68,0.237523
2370.24,0.23694
1570.63,0.156586
1737.57,0.173743
1653.34,0.165298
1262.02,0.126178
2030.53,0.202761
1256.98,0.125356
1278.14,0.124502
3296.38,0.329063
2413.87,0.23926
707.718,0.0704715
1056.91,0.105671
1727.92,0.172783
1453.95,0.145373
1358.33,0.135803
1502.08,0.150117
679.184,0.0678693
947.32,0.0947178
2136.45,0.213392
1081.54,0.108147
1027.77,0.102775
1291.45,0.129086
762.928,0.0762562
667.772,0.0667528
1059.89,0.105967
2558.3,0.255761
2021.75,0.201741
1095.37,0.109502
1048.88,0.104877
1801.28,0.177599
1151.53,0.1151
1990.39,0.198983
943.409,0.0942283
1254.41,0.12543
1314.07,0.133648
1937.05,0.193656
1262.42,0.126188
3887.65,0.388627
1436.92,0.143447
11177.6,1.11551
1217.92,0.12159
1306.27,0.130605
1383.63,0.138136
4742.08,0.470391
6622.78,0.661641
937.768,0.0936322
1604.67,0.160385
824.78,0.0823731
812.302,0.0811872
1792.23,0.178992
1072.05,0.106002
1613.24,0.161306
508.882,0.0508838
1402.37,0.140202
1098.25,0.109729
3966.62,0.396246
951.194,0.0949714
1611.17,0.161023
1144.88,0.114219
401.473,0.0400764
1822.01,0.182132
2537.03,0.253518
958.538,0.0958176
444.714,0.044463
2000.56,0.198964
1169.32,0.116883
1047.61,0.104026
980.987,0.0980789
1096.39,0.109606
997.428,0.0996851
1873.91,0.187293
2006.99,0.199844
819.609,0.0819596
1242.46,0.124212
695.215,0.0694825
2291.57,0.229112
1141.82,0.114161
1330.45,0.132989
3284.2,0.326378
5466.74,0.545455
1068.66,0.106492
757.31,0.0757089
1499.82,0.149642
936.804,0.0936732
2782.7,0.278216
1144.76,0.114368
21351.3,2.13173
1000.74,0.100068
974.858,0.097453
2941.61,0.294078
1868.9,0.186791
1280.57,0.127988
1117.66,0.111737
4763.49,0.47605
1314.42,0.13112
752.992,0.0752489
1305.21,0.130461
1087.88,0.108712
3849.2,0.384728
1112.69,0.111228
992.835,0.0991482
4498.1,0.449662
1226.66,0.12265
4988.07,0.498097
562.482,0.0562441
975.642,0.0975533
3435.85,0.343494
1265.91,0.126514
2902.57,0.290072
810.566,0.0810298
1918.32,0.191797
738.695,0.0738649
938.606,0.093845
1811.58,0.181069
1071.43,0.106426
1403.53,0.140345
862.103,0.0861826
894.25,0.089422
927.288,0.0927237
750.699,0.0746599
586.38,0.0585657
1051.28,0.105109
886.688,0.0885734
1139.38,0.113913
1013.04,0.101301
2059.98,0.205908
1504.84,0.15043
781.777,0.0781763
1311.7,0.131119
2057.97,0.205762
2027.38,0.202725
987.444,0.0986833
3523.47,0.352124
1884.56,0.187023
947.08,0.0946732
1278.75,0.127833
1316.6,0.131466
1372.31,0.132355
1495.69,0.149556
1582.37,0.157685
872.511,0.0872329
1082.05,0.108166
1234.57,0.123446
2944.79,0.294259
942.222,0.094063
2588.62,0.258767
1207.54,0.12071
2213.26,0.221302
962.48,0.0962261
849.1,0.0848666
874.201,0.0873734
1406.49,0.140638
1023.45,0.102331
1421.45,0.141893
875.825,0.0824415
659.036,0.0658521
722.862,0.0722842
1391.85,0.139114
942.942,0.0942819
1125.59,0.112528
907.663,0.0904797
938.008,0.093308
998.381,0.0998115
1465.31,0.146315
1057.83,0.105418
1267.5,0.12642
1555.04,0.15548
1411.28,0.141087
1355.25,0.135399
1146.75,0.114659
913.969,0.0913396
1325.28,0.132438
4177.26,0.417657
811,0.0810374
1245.73,0.122391
2375.37,0.237498
793.219,0.0792848
1173.35,0.117312
906.203,0.0906051
1004,0.100352
1233.11,0.123255
1633.66,0.163111
7183.33,0.717419
870.324,0.086986
13220.8,4.70923
726.869,0.0726851
2305.01,0.229979
864.114,0.0864053
2086.49,0.208577
972.41,0.0971886
683.107,0.0682991
1963.54,0.196128
1540.81,0.15374
2505.81,0.250402
914.159,0.0914082
1265.78,0.126546
956.775,0.0955963
1671.61,0.167021
867.35,0.0866761
513.281,0.0513225
740.682,0.0740261
975.491,0.0975429
1068.89,0.106817
2471.73,0.246572
836.131,0.0835528
920.982,0.0918653
1057.18,0.105672
649.187,0.0648406
593.719,0.0592475
1785.53,0.178471
815.248,0.0788011
1083.02,0.108199
781.153,0.0781077
609.322,0.0609221
1057.88,0.105743
6048.77,0.604371
998.392,0.0998365
1237.06,0.122804
907.22,0.0907039
2613.44,0.261288
3964.62,0.39627
1730.97,0.173062
6743.86,0.673415
1332.35,0.133092
3126.66,0.312507
1055.31,0.105334
843.939,0.0843904
687.379,0.068698
1074.48,0.107431
3965.13,0.395793
1636.79,0.163648
2145.05,0.214471
809.347,0.0809305
1341.55,0.134084
2166.33,0.216536
1370.1,0.137002
2275.45,0.227296
624.056,0.0623957
1147.76,0.114757
1376.47,0.137548
2151.56,0.215039
1023.7,0.102253
2261.77,0.272121
3068.98,0.30681
2274.94,0.227377
1014.51,0.100538
1493.46,0.149325
1951.21,0.195117
906.358,0.0905625
3696.01,0.369449
622.031,0.0621838
1352.61,0.134992
2244.47,0.224318
1081.66,0.108082
1321.15,0.132041
1211.69,0.121135
1788.87,0.178793
1174.82,0.117209
770.654,0.0769578
1137.93,0.113785
1890.46,0.188805
787.654,0.0787556
1849.16,0.184846
758.301,0.075608
1186.28,0.11858
3198.87,0.3196
1013.23,0.101273
789.62,0.078954
1173.01,0.114372
1137.57,0.113672
1271.8,0.126946
1269.61,0.126833
1571.56,0.155681
1215.17,0.121493
1513.72,0.151335
934.707,0.0934308
1214.86,0.121482
965.033,0.0964534
1062.47,0.106204
1239.75,0.123056
1121.49,0.112134
882.488,0.0882377
6775.92,0.677015
1117.55,0.111712
1224.89,0.122393
5482.65,0.548092
1687.87,0.168751
629.105,0.0628596
6225.77,0.619842
480.596,0.0480349
1203.63,0.120322
1763.34,0.176257
2656.54,0.265137
452.299,0.0452137
1027.82,0.10266
691.502,0.0691491
1158.65,0.115739
980.976,0.0980693
663.502,0.0661259
9004.91,0.899086
1176.6,0.117609
830.386,0.0827778
1478.35,0.147824
692.931,0.0692857
1074.95,0.107465
1433.48,0.142977
1068.92,0.106868
1014.59,0.101452
2973.42,0.29718
1019.69,0.101793
1680.43,0.167994
1560.83,0.155782
1590.59,0.158894
957.165,0.0956709
1406.11,0.140528
1839.75,0.183582
886.792,0.0886773
1990.43,0.198884
795.563,0.0794814
1250.03,0.124976
1009.16,0.100882
1226.08,0.122532
1093.43,0.109284
1626.24,0.162467
1303.09,0.130268
22025.4,2.19149
1232.93,0.123222
1032,0.103194
668.773,0.0668672
4787.27,0.478565
1140.38,0.114011
14385.1,1.4354
687.882,0.0687841
976.074,0.0975805
4339.93,0.433854
843.039,0.084295
14864.8,1.48287
933.605,0.0933547
1397.81,0.139757
8054.35,0.804237
1466.53,0.146532
930.41,0.0929906
1493.99,0.149228
943.216,0.0942981
1014.31,0.101375
1318.28,0.1318
1231.05,0.123084
1066.17,0.1066
3237.04,0.491382
1322.27,0.132132
1162.8,0.116178
1743.15,0.173818
1369.72,0.136835
852.011,0.085181
1168.77,0.11687
1245.09,0.124501
2539.57,0.253867
4980.99,0.497292
3682.34,0.367529
1493.96,0.149331
777.681,0.0777215
881.96,0.0881649
1266.47,0.125846
1449.15,0.144793
2138.99,0.213546
1096.53,0.109315
8671.92,0.864859
802.935,0.0802016
1603.84,0.160281
1617.45,0.161581
1729.66,0.172912
1056.4,0.105595
1154.87,0.115475
1630.84,0.163035
1759.62,0.175854
2216.14,0.221339
1618.92,0.161768
1151.39,0.114876
573.12,0.0573062
1972.79,0.197229
682.087,0.068179
1012.86,0.101251
928.868,0.0926503
5756.29,0.573746
1048.32,0.104802
1506.29,0.150468
2831.64,0.283138
841.529,0.084084
1290.71,0.128985
977.599,0.0977406
3044.81,0.302707
1240.13,0.123917
1462.18,0.146026
2013.3,0.201198
1114.53,0.111447
1141.89,0.114094
4793.34,5.00484
816.326,0.0815576
2126.65,0.212597
781.47,0.0780492
1082.21,0.108099
6629.27,0.661174
1538.27,0.147191
696.661,0.0696318
1254.49,0.12539
1749.52,0.174703
2613.83,0.261361
591.303,0.0591277
923.765,0.091619
1239.33,0.12329
886.48,0.088551
2356.11,0.235578
2605.99,0.260321
4185.14,0.417852
2928.42,0.292609
524.951,0.0524823
7132.92,0.711789
1568.34,0.156347
2047.53,0.202829
2209.21,0.220721
1008.1,0.100792
1213.32,0.121295
1071.93,0.107112
1261.7,0.124295
1627.87,0.162776
2104.43,0.210299
1516.83,0.151502
1488.81,0.14866
3356.65,0.335283
915.758,0.0915578
2031.12,0.203011
1120.57,0.111975
4018.37,0.40111
935.653,0.0935637
849.336,0.0848939
1004.27,0.100378
782.887,0.0782437
2907.25,0.289863
766.093,0.0765595
2980.72,0.297842
1169.3,0.116689
912.669,0.0912087
724.857,0.0724121
769.931,0.0769899
908.613,0.0908585
1969.69,0.196828
1341.59,0.13413
1240.76,0.12407
624.387,0.0624251
784.164,0.0781383
1026.79,0.102606
1199.22,0.119899
883.005,0.0882781
1046.93,0.104692
1134.52,0.113436
2403.95,0.240284
681.341,0.0681079
813.911,0.0811115
1540.24,0.153875
833.134,0.0832916
1168.67,0.116842
825.294,0.0825182
1656.39,0.165627
1069.2,0.106438
952.382,0.0952296
1026.12,0.102596
4239.12,0.423603
2278.56,0.227824
7659.1,5.3726
1146.04,0.114585
1458.23,0.145814
1279.52,0.127917
1321.77,0.132173
2159.71,0.215828
1148.08,0.114784
3371.3,0.337059
1205.35,0.104655
1445.58,0.144534
1398.12,0.139772
5253.93,0.524758
1151.42,0.115136
2193.22,0.218917
1168.99,0.116889
850.918,0.0850732
1313.15,0.131296
757.407,0.0757381
852.397,0.0852348
1250.6,0.125045
877.889,0.0877485
1457.88,0.145744
782.658,0.0780564
952.539,0.0952401
1424.72,0.142378
708.325,0.0707977
1576.23,0.157546
1383.28,0.138318
1409.32,0.140879
634.689,0.063464
1390.69,0.138934
631.032,0.0631025
814.353,0.0813372
3571.91,0.357056
1074.87,0.107485
1919.6,0.191833
1466.92,0.146677
1024.46,0.0962498
1054.04,0.10538
915.341,0.0915203
4927.28,0.491396
857.083,0.0857072
1261.68,0.126085
1283.26,0.128299
2529.82,0.252794
766.925,0.0766847
1436.57,0.14343
2127.79,0.212634
1467.84,0.146673
1127.16,0.112677
1157.64,0.115455
1148.45,0.114538
1768.77,0.176402
6469.06,6.60622
1064.29,0.106422
1863.68,0.186327
723.65,0.0723608
1024.4,0.102368
2697.68,0.269492
1549.31,0.154921
843.442,0.0843327
974.238,0.0973144
1068.56,0.10684
1575.1,0.15729
1307.92,0.13076
844.351,0.0843325
1326.8,0.132458
3209.3,0.320722
2040.46,0.203748
996.614,0.0996582
979.514,0.0979335
1672.81,0.166739
1157,0.115477
2349.56,0.234924
1373.29,0.137159
1038,0.103791
616.966,0.0616947
468.739,0.0467359
1463.93,0.146364
741.353,0.0741304
914.59,0.0913253
1190.77,0.119066
843.876,0.0842598
992.837,0.0989867
892.524,0.0892003
2681.87,0.268023
706.843,0.0706506
3251.68,0.324891
641.269,0.064077
1299.83,0.129652
768.89,0.076832
973.487,0.0972668
916.693,0.0916644
1353.21,0.135268
663.402,0.0663366
1612.57,0.152216
1290.46,0.129019
796.486,0.0796459
1206.27,0.120607
812.678,0.0812579
1079.14,0.107887
1384.48,0.138423
1352.63,0.135223
1512.72,0.150512
899.774,0.0899755
1145.48,0.114503
1518.16,0.151718
1372.02,0.137171
1322.02,0.131246
1832.07,0.18314
850.269,0.084899
1985.57,0.198428
891.606,0.0877182
995.316,0.0991966
2001.64,0.200105
710.606,0.0709881
1728.28,0.172518
3344.15,0.334068
1048.07,0.104802
1243.24,0.124299
2562.96,0.25587
1096.04,0.109568
4246.05,0.424136
2202.29,0.220133
842.215,0.0842182
3259.67,0.324725
1807.87,0.180734
1450.15,0.144718
513.578,0.0513251
2022.14,0.202142
788.013,0.0784003
1402.14,0.140117
746.728,0.0746608
867.56,0.0867103
7183.47,0.716694
1384.09,0.138394
976.45,0.0973695
1578.37,0.157642
923.21,0.0922
17753.8,1.77145
1152.51,0.115163
1032.43,0.10322
1716.16,0.171577
739.774,0.0737909
1211.91,0.121092
607.286,0.0607163
568.81,0.0568795
1609.96,0.160977
1001.99,0.100174
1120.98,0.111789
2386.39,0.237305
1548.09,0.154776
1988.26,0.198476
1909.76,0.190906
4326.68,0.432503
1384.48,0.13843
1626.1,0.162563
3443.39,0.344128
1730.06,0.172823
2420.58,0.241903
2019.61,0.20186
1777.14,0.177568
1637,0.163672
2700.43,0.268907
1207.26,0.120659
658.082,0.0657662
1228.66,0.122823
1198.92,0.115362
1117.21,0.111679
1089.57,0.108947
1115.77,0.111519
1126.28,0.112569
2217.92,0.221736
1190.4,0.118974
1237.97,0.123698
1090.93,0.108934
1223.79,0.122334
2124.04,0.212381
1937.88,0.193762
1244.61,0.124445
1181.04,0.117938
1409.23,0.140548
1050.54,0.105013
1586.4,0.158613
1640.14,0.164004
1705.58,0.169853
1335.06,0.13349
740.649,0.0740397
1147.84,0.11474
1637.83,0.163436
1269.25,0.126433
806.948,0.0806756
1606.17,0.160585
1151.54,0.115132
3130.64,0.312849
654.538,0.0653434
1168.96,0.116846
1486.76,0.14863
3774.95,0.37723
1032.74,0.103245
1081.38,0.108116
1165.66,0.116546
12183.1,5.95916
734.808,0.0734725
2433.16,0.243224
1052.63,0.104722
926.573,0.0925815
1821.78,0.182119
551.87,0.0551587
1289.05,0.128894
846.037,0.0845813
949.916,0.0949406
1733.57,0.173151
1604.78,0.160405
2668.68,0.266799
1201.49,0.120099
1685.55,0.168523
693.283,0.0693079
1897.67,0.189704
1717.02,0.171659
1612.85,0.161229
1206.71,0.120648
1721.96,0.172004
1651.19,0.164936
956.919,0.0956102
1242.77,0.12427
964.841,0.0964388
2302.68,0.230201
692.509,0.0691746
1428.43,0.142737
885.991,0.0885964
1169.12,0.116745
520.43,0.0520109
1058.72,0.105806
1414.78,0.141116
1359.95,0.135962
2396.45,0.239632
2467.14,0.246492
2757.66,0.275655
1231,0.123072
1565.81,0.156445
1302.26,0.130162
2708.61,0.270807
1155.7,0.11556
2605.56,0.260539
1512.15,0.149914
957.171,0.0956856
2403.24,0.239658
1088.25,0.108772
1553.35,0.15531
845.968,0.0786415
1451.95,0.145076
634.572,0.0634265
1312.58,0.131207
649.893,0.064987
815.076,0.0802339
1402.67,0.140179
2468.18,0.246614
1916.08,0.191529
1908.57,0.190841
1771.22,0.176915
796.753,0.0796684
13282.5,1.32701
2622.46,0.262091
1163.36,0.116269
4436.66,0.443585
782.568,0.0782552
2269.73,0.226671
3804.19,0.380119
1190.49,0.119044
1477.85,0.147754
2232.74,0.223227
782.078,0.0781372
516.262,0.0516245
991.779,0.0991664
1352.69,0.135243
3041.18,0.303668
3180.27,0.317828
1392.68,0.139257
981.928,0.0981558
11458.8,1.14305
790.621,0.0790505
817.164,0.0817112
820.221,0.0818529
1074.36,0.107397
2604.5,0.260213
769.205,0.0769145
1899.04,0.189824
1731.68,0.173117
1946.27,0.194444
1008.44,0.100694
2176.48,0.217614
1258.07,0.125711
1970.66,0.197031
1291.49,0.129139
810.367,0.0809834
912.607,0.0912511
1120.68,0.112016
1273.37,0.127284
1053.47,0.10531
891.478,0.0890721
774.117,0.0774096
681.166,0.0680927
2968.94,0.296574
768.35,0.0767863
1592.16,0.127433
2211.71,0.220659
654.857,0.0654255
4446.78,0.44447
963.024,0.0962044
1475.71,0.147395
2514.19,0.251342
734.789,0.0734735
1036.56,0.10362
3532.4,0.352953
