EnergyDeposit(eV),LET(keV/um)
3549.16,0.324346
852.495,0.0847794
781.903,0.078175
947.643,0.0947134
3644.85,0.364066
1388.17,0.138776
969.253,0.0968992
809.798,0.0809783
1116.18,0.111215
1365.37,0.136456
1101.69,0.110165
806.114,0.0798795
1132.13,0.113045
1350.49,0.135006
977.942,0.0977179
1673.18,0.162246
1286.73,0.128661
2237.98,0.223762
670.036,0.0669783
695.945,0.06959
5656.61,0.564961
655.92,0.065586
1333.59,0.133308
865.284,0.086504
1408.8,0.140683
1283.79,0.127833
696.191,0.0696012
1185.64,0.118476
993.21,0.0992381
642.176,0.0641048
1396.35,0.139553
2057.25,0.205545
781.628,0.0780573
1337.4,0.133615
2282.89,0.227997
912.406,0.0912193
755.524,0.0755367
1483.39,0.148333
1110.01,0.11098
786.577,0.078377
1054.13,0.105384
2032.83,0.203212
1182.74,0.118117
2080.44,0.207956
1033.6,0.10334
936.136,0.0935953
1029.94,0.10298
1920.61,0.192019
896.394,0.0896321
1056.85,0.105609
1008.43,0.100792
2158.03,0.215759
14916.3,1.49003
1456.59,0.145617
1201.59,0.120062
2864.82,0.286378
1440.67,0.141127
1170.34,0.116922
1123.62,0.112334
1838.49,0.183792
797.522,0.0797263
980.712,0.0980605
1216.5,0.121616
3334.4,0.333307
3553.18,0.355132
908.422,0.0908362
1272.49,0.126769
1650.31,0.165
1868.39,0.186796
1726.39,0.172447
885.21,0.0884964
1170.19,0.116993
1016.33,0.101626
7842.47,0.783521
1319,0.131814
754.538,0.0754176
828.446,0.0827664
877.261,0.0875031
1702.93,0.170254
756.268,0.0756158
614.127,0.061304
669.915,0.0643128
1181.9,0.118094
1324.27,0.132392
1208.58,0.120825
1419.15,0.141882
1124.88,0.112063
949.148,0.0948508
830.936,0.0830857
697.837,0.0697432
1282.48,0.12821
1971.96,0.197187
1708.59,0.170765
701.035,0.0699604
1438.29,0.143822
1594.06,0.159375
533.93,0.0533548
1142.45,0.114241
1024.35,0.102421
1834.44,0.183307
1613.6,0.16126
2998.13,0.299293
1426.17,0.142371
5954.69,0.594744
1159.82,0.115675
443.944,0.0443612
2192.45,0.219151
1272.34,0.127228
2282.55,0.228059
469.243,0.0468876
861.763,0.0861734
1128.46,0.11279
2503.08,0.250094
951.937,0.0951882
3953.01,0.395187
1386.74,0.138251
1030.69,0.102811
3509.3,0.350879
907.411,0.0907379
845.157,0.0842897
4469.58,0.446756
665.422,0.0665312
875.508,0.0875243
1153.42,0.115291
1577.69,0.15773
1163.22,0.116173
1524.5,0.152442
1590.15,0.158587
1816.5,0.181593
720.438,0.0719214
554.366,0.0554324
1706.65,0.170641
790.654,0.0790331
1595.37,0.159286
1071.39,0.107118
1174.12,0.117243
1113.67,0.111204
1227.56,0.122692
1729.74,0.172848
909.351,0.0909074
2971.26,0.297031
884.316,0.0884291
1883.55,0.188318
932.965,0.0932468
906.397,0.090587
2909.17,0.290844
6194.92,3.1635
742.354,0.0742335
1910.61,0.190972
1089.25,0.108794
838.931,0.0838773
1608.68,0.16067
889.706,0.0889663
1026.21,0.102616
3536.74,0.353466
1328.08,0.132415
742.252,0.0742104
930.133,0.0930017
1538.51,0.152979
1037.77,0.103543
553.753,0.0553358
2125.55,0.212469
818.379,0.0818269
5821.58,0.615102
1422.81,0.141969
5882.04,0.586358
805.022,0.08037
1383.78,0.138356
1107.94,0.110789
1311.24,0.131107
1550.38,0.15502
887.553,0.0887406
970.172,0.0969714
6177.28,0.617507
2110.31,0.210892
3189.4,0.31876
611.635,0.0611527
678.671,0.0678423
1964.55,0.196287
584.544,0.0584472
877,0.0876714
698.578,0.0698502
1249.35,0.124922
1337.35,0.133677
1592.3,0.159185
2549.35,0.254856
1973.04,0.197071
4569.43,0.455641
1785.85,0.178442
1476.12,0.147391
1447.41,0.144636
851.569,0.0843546
1494.64,0.149044
1450.16,0.146172
909.807,0.0909715
1864.96,0.186363
1270.4,0.127034
4854.66,0.483935
1073.3,0.107308
4647.8,0.463135
1039.86,0.103292
945.385,0.0945288
1731.5,0.173135
1445.19,0.144388
868.652,0.086696
776.673,0.0768724
3656.44,0.365108
663.099,0.0662937
1106.5,0.110635
2491.39,0.24912
3493.45,0.349104
4725.36,0.472042
1691.48,0.169136
1030.23,0.102999
678.622,0.0677981
10582.7,1.05451
1023.56,0.102344
2608.52,0.26073
1588.36,0.15876
728.457,0.0728384
1022.82,0.102208
5415.75,0.541528
3601.3,0.35958
1941.36,0.194117
911.716,0.0911496
1735.51,0.173525
1093.15,0.109259
1029,0.102723
1258.19,0.125624
2061.67,0.205876
784.016,0.0783839
1588.27,0.158761
1080.26,0.108016
972.943,0.097238
1376.58,0.13747
2236.22,0.222655
1170.23,0.11698
9185.12,6.68652
1023.13,0.102257
780.897,0.0780538
3539.89,0.353605
1839.7,0.183879
1257.97,0.125733
1378.69,0.137803
807.658,0.0807643
4141.71,0.409277
892.508,0.08912
1140.15,0.113964
1591.11,0.158925
857.685,0.0857203
1877.67,0.1886
2802.9,0.280112
1127.37,0.11265
791.392,0.0791246
1961.46,0.195864
2226.76,0.221681
794.726,0.0794648
1645.3,0.164451
1422.5,0.142038
1247.38,0.124709
1591.5,0.159133
1098.48,0.109846
3468.54,0.344924
790.948,0.0790528
8846.72,0.882148
1120.29,0.111986
917.715,0.0907443
1619.2,0.161886
1186.37,0.118263
854.71,0.085452
1600.82,0.159899
1924.95,0.192215
1745.22,0.174252
1142.26,0.108314
4477.48,0.447492
2090.16,0.208745
889.418,0.0889319
1377.49,0.137738
2454.24,0.245361
818.997,0.0818874
1432.89,0.142977
1077.02,0.10757
1068.27,0.106793
1286.68,0.128634
1528.52,0.152659
1056.11,0.105567
711.947,0.0711873
1389.02,0.138851
1226.6,0.122512
866.752,0.0866508
734.059,0.0732178
1020.99,0.101958
1524.96,0.15023
1430.01,0.142718
1726.74,0.172643
967.116,0.096608
1107,0.110688
1069.64,0.106914
1090.98,0.109017
2102.61,0.21005
17419.1,1.74005
2980.5,0.297899
1213.54,0.121327
1890.52,0.188844
4970.2,0.496852
944.695,0.0944278
1920.58,0.191756
1690.22,0.168792
1232.03,0.123151
1416.2,0.141577
1034.76,0.103389
639.808,0.0639782
1054.01,0.105385
916.545,0.0916447
1820.46,0.181988
2526.64,0.252592
15739.5,1.56694
4361.98,0.435915
659.826,0.0659551
2818.34,0.281452
2152.06,0.215075
1482.21,0.147883
4910.71,0.49082
1870.88,0.186914
819.284,0.0818405
930.461,0.0929912
1393.62,0.139285
589.579,0.0589321
1335.3,0.1335
744.088,0.0743521
1051.64,0.105112
1104.3,0.110424
690.629,0.0690346
1261.08,0.126074
1148.15,0.114805
1510.97,0.151078
1852.38,0.185124
1660.67,0.165995
1013.87,0.10023
1201.63,0.120157
1396.19,0.139613
4224.9,0.420485
7682.75,0.76685
904.892,0.0903426
1182.61,0.118258
837.551,0.0837413
3010.98,0.300724
1080.06,0.107955
1025.25,0.102313
1476.35,0.146674
997.417,0.0997116
1263.22,0.126311
999.078,0.0977561
1280.23,0.127993
1522.55,0.152196
884.04,0.0883011
1006.54,0.10061
971.953,0.0971543
2941.42,0.293373
1183.84,0.118362
1481.01,0.148061
657.908,0.0657788
2323.19,0.232302
2557.34,0.2557
7669.99,0.702693
20467.4,2.02813
824.871,0.0824757
1529.36,0.152909
2870.33,0.286178
848.081,0.0847846
1691.38,0.169027
3750.32,0.374896
1700.89,0.16998
1119.63,0.111792
1043.88,0.104342
990.209,0.0989953
1110.71,0.111051
1698.77,0.16959
870.615,0.0870362
1218.24,0.121626
10661.6,1.06553
2682.18,0.2681
1358.36,0.135816
1308.69,0.130742
1471.1,0.147074
2059.61,0.205389
2672.44,0.267156
2567.58,0.256617
2478.25,0.247484
2076.88,0.207343
1467.87,0.146772
891.723,0.0891363
1201.18,0.120069
1021.7,0.102153
2588.84,0.258821
1292.87,0.129264
1149.46,0.11488
1327.21,0.132451
873.463,0.0873135
1122.15,0.111933
1276.2,0.127612
1377.15,0.137697
1328.51,0.132832
1483.48,0.148324
767.64,0.0764709
1201.78,0.120049
2754.84,0.275259
2269.03,0.226805
1144.81,0.114445
1015.82,0.101558
1724.88,0.172401
1459.07,0.145704
991.987,0.0991776
2591.94,0.259172
1721.48,0.172073
3190.27,0.318906
1140.15,0.114003
1006.38,0.10063
1162.23,0.116157
3533.29,0.352849
1031.54,0.103143
838.64,0.083857
921.478,0.0920729
1465.35,0.146462
1554.9,0.15548
1196.61,0.119654
1656.75,0.165435
778.114,0.0777982
1133.59,0.11329
1262.7,0.126263
1244.45,0.124431
1254.79,0.125456
1879.86,0.187936
574.338,0.0574277
820.376,0.0819651
1435.75,0.143553
883.829,0.0881929
1511.41,0.15109
3622.46,0.361762
832.468,0.0831718
852.501,0.0852459
1030.02,0.102989
965.806,0.0965674
1042.74,0.10427
1506.95,0.150292
4210.6,0.420558
1262.67,0.126237
941.003,0.0940856
1812.79,0.181187
1772.85,0.176978
704.264,0.0702872
885.173,0.0885019
945.224,0.0945109
3909.96,0.387842
2276.97,0.227621
960.817,0.0960516
1395.14,0.139455
1278.03,0.127787
1192.57,0.119251
1081.85,0.108143
797.253,0.0797207
1061.78,0.105765
958.978,0.0957835
1411.98,0.141188
2007.22,0.200658
2560.94,0.255797
771.484,0.077138
849.681,0.0849626
1020.43,0.102027
1010.71,0.10107
2210.08,0.220925
918.041,0.0917951
1216.66,0.121651
1844.06,0.184363
1066.13,0.106587
1221.74,0.12211
1410.6,0.141015
1222.49,0.122203
1117.87,0.111766
12218.9,5.23221
857.757,0.085763
1498.7,0.149818
654.049,0.0653973
1066.65,0.10655
9576.74,0.950588
1249.85,0.124916
1663.2,0.166127
2597.66,0.259642
2242.45,0.223965
384.714,0.0384653
2055.61,0.205455
5187.36,0.517247
1251.62,0.125099
344.618,0.0344501
1349.96,0.134275
3513.77,0.351263
1152.99,0.115198
1075.15,0.10751
1472.3,0.147224
2762.22,0.276143
1061.27,0.106112
1366.93,0.136687
1608.68,0.160718
1475.64,0.193748
1209.43,0.120697
1245.54,0.124414
1363.98,0.136367
944.036,0.0943516
1249.77,0.12489
1036.69,0.103623
8653.16,0.863846
1313.26,0.131213
1121.66,0.112146
616.793,0.0616753
2806.59,0.280219
5690.61,0.568414
887.008,0.0886962
973.227,0.0972783
1278.51,0.127738
1299.42,0.129873
1157.26,0.115581
1042.33,0.104211
1049.37,0.104774
5959.91,0.59574
2296.73,0.22963
927.603,0.0926454
1557.72,0.155651
861.725,0.0861452
463.148,0.0462663
1014.71,0.10142
656.549,0.0644348
1022.18,0.102147
877.355,0.0877323
2222.85,0.222096
1525.06,0.152493
920.195,0.0920006
1073.21,0.107301
1258.13,0.125799
2581.34,0.257788
3369.48,0.336093
1823.61,0.182302
892.407,0.0891638
911.87,0.0911768
1240.56,0.123274
1197.86,0.119629
1964.89,0.196297
867.687,0.0867445
667.857,0.0667845
1542.87,0.15428
1337.53,0.133738
2988.54,0.298555
1733.57,0.173159
1088.33,0.108816
1766.02,0.176591
2963.59,0.296191
1265.14,0.12644
2620.36,0.261747
1226.05,0.122534
2771.22,0.276989
1663.37,0.166237
969.597,0.0969152
829.402,0.0828979
1171.82,0.11706
2022.8,0.202187
2157.96,0.215349
859.183,0.0859034
950.723,0.0948952
1099.62,0.109949
521.166,0.052075
724.023,0.0723291
1066.69,0.106642
1252.65,0.125227
1488.63,0.148841
1382.6,0.137965
724.3,0.072429
4225.11,0.42182
3403.89,0.340144
1830.53,0.183038
8801.06,0.877662
1528.9,0.152849
1877.51,0.187642
1741.82,0.173471
1323.95,0.132376
1714.84,0.171424
637.56,0.0637348
803.053,0.0803004
1413.94,0.141358
753.863,0.0753725
735.957,0.0735942
639.058,0.063904
1111.22,0.111094
1405.03,0.140444
1636.3,0.163504
1394.87,0.139466
843.542,0.0842733
1575.78,0.157498
801.104,0.0800819
2125.16,0.212413
719.969,0.0719591
1165.26,0.116507
1525.66,0.152557
1017.48,0.101687
3382.86,0.338062
1910.86,0.190984
1633.94,0.163313
6380.37,0.635844
7971.12,0.796135
782.281,0.0782132
1419.65,0.138021
923.235,0.0922498
3274.8,0.327102
825.758,0.0794799
1729.73,0.172762
747.079,0.0735011
820.201,0.0819257
1087.12,0.10868
1478.98,0.147882
730.26,0.0729452
707.815,0.0707621
4339.4,0.433121
819.763,0.0819474
930.458,0.0929581
1631.31,0.162782
1752.35,0.17522
766.564,0.0766528
1088.84,0.108722
905.195,0.0905136
1467.62,0.146673
1893.56,0.18931
1228.69,0.122784
1428.52,0.142774
985.163,0.0984943
1019.68,0.101957
598.994,0.0598905
2016.4,0.20161
2235.89,0.223501
1283.33,0.128304
873.212,0.0872869
1042.44,0.104219
1039.12,0.103826
784.949,0.0783121
3557.13,0.355498
1356.33,0.135516
1359.24,0.135854
1022,0.102116
2984.84,0.298329
2316.97,0.231609
1029.6,0.102946
2294.91,0.229407
3424.83,0.342452
1015.44,0.101541
1971.47,0.197077
923.864,0.0923687
1340.2,0.133973
1229.52,0.122798
1081.42,0.108081
4444.68,0.444306
1208.66,0.120702
2053.58,0.205293
1339.59,0.133823
1244.81,0.124476
944.115,0.0944065
1674,0.167306
1673.16,0.167111
7227.03,0.721608
843.769,0.0843117
1329.51,0.132382
913.785,0.0912776
640.252,0.0640153
2733.66,0.273303
1131.09,0.113084
1304.68,0.13046
1935.92,0.19356
862.069,0.0858302
608.841,0.0608823
1894.71,0.189385
1160.87,0.115973
1640.26,0.163964
1484.91,0.14712
853.514,0.0853014
2163.42,0.216088
1164.84,0.11647
1325.9,0.132567
1514.23,0.151302
2236.65,0.223579
982.712,0.0982657
983.682,0.0980873
1977.63,0.197652
1294.48,0.129417
1752.63,0.175224
2270.08,0.226862
745.4,0.0745036
668.28,0.0667879
909.929,0.0909333
2040.38,0.203986
1196.32,0.119486
1168.38,0.116799
4937.91,0.493221
1061.53,0.106115
1230.84,0.122588
834.352,0.0834033
966.892,0.0966098
843.676,0.0843191
3920.55,0.721661
688.041,0.0688006
1183.84,0.118295
2028.09,0.202797
945.363,0.0944548
555.246,0.0554987
1002.22,0.100221
2317.8,0.231726
1653.87,0.165149
16053.3,1.60266
2449.74,0.244663
622.571,0.0622005
1056.1,0.105601
644.463,0.0644403
1266.64,0.126649
1142.24,0.114186
1255.81,0.125557
657.863,0.0657646
703.514,0.0702567
1045.87,0.104353
1883.34,0.188314
1601.18,0.159885
2350.44,0.234962
822.714,0.0821479
971.589,0.0970936
1392.2,0.13916
1472.13,0.147163
1276.4,0.127574
741.289,0.0739958
530.395,0.0530351
1588.75,0.153026
1117.1,0.111687
956.788,0.0956108
2384.71,0.23832
1704.74,0.170198
1090.17,0.108791
1463.89,0.146317
1980.06,0.19796
2135.59,0.213471
1369.86,0.136944
3470.97,0.346726
1730.96,0.173054
5919.68,0.591138
1162.06,0.116168
1267.76,0.126741
821.433,0.0819061
717.09,0.0714701
2396.54,0.239615
1348.98,0.134894
675.162,0.0675053
1817.37,0.181584
6645.54,0.664235
896.649,0.0896511
1333.16,0.13326
2273.51,0.227142
2712.7,0.270991
804.401,0.0802716
3320.64,0.331795
1658.22,0.165787
7268.09,0.725852
3374.96,0.336621
931.033,0.0930792
1763.26,0.176146
731.827,0.0731308
1810.92,0.181075
1227.77,0.122738
1522.75,0.152241
876.747,0.0876254
1970.94,0.196954
2297.2,0.229628
2374.42,0.237405
1660.31,0.166013
1681.43,0.167604
1321.22,0.130291
923.836,0.0923147
809.733,0.0776946
1674.01,0.167384
805.604,0.0804917
1077.43,0.107729
1975.45,0.197223
3782.29,0.378146
1421.7,0.14208
1090.2,0.108
1112.96,0.111125
1468.54,0.14683
6731.46,0.672726
1090.63,0.109005
1108.42,0.110803
578.413,0.0578104
1772.7,0.178364
2525.68,0.25249
1375.54,0.137522
2339.92,0.233891
788.502,0.0787523
819.977,0.0819956
1174.14,0.117404
835.657,0.0834925
1429.39,0.142858
1997.64,0.199751
801.352,0.080021
1657.87,0.165453
776.437,0.0775445
2011.84,0.200943
5435.25,0.542952
16816.7,2.63855
967.784,0.0967518
744.245,0.0744221
2311.43,0.231094
3806.53,0.379473
1249.01,0.124874
1547.42,0.154677
4161.51,0.416046
1102.4,0.11017
835.123,0.0834937
1584.78,0.158442
474.512,0.0474379
640.276,0.0639999
814.156,0.0813748
1463.52,0.144696
1344.59,0.133617
1335.8,0.133514
5945.15,3.9139
789.503,0.0788722
3670.53,0.364755
1216.82,0.121668
1735.14,0.173412
702.299,0.0702287
978.866,0.0974349
3855.75,0.385218
1882.4,0.188214
2918.15,0.291254
1457.23,0.145659
1209.6,0.12091
1984.04,0.197652
880.889,0.087863
1159.77,0.113913
2267.51,0.226359
1904.37,0.190343
906.871,0.0906855
703.085,0.070263
2289.96,0.228583
1275.37,0.127532
897.197,0.0896539
808.494,0.0808472
1653.01,0.165176
1316.17,0.131582
686.135,0.0685908
5616.92,0.560745
1094.25,0.109388
936.996,0.0936903
1179.27,0.117908
1660.11,0.165864
597.622,0.0597574
820.398,0.0819871
925.128,0.0924872
720.457,0.0720283
1336.35,0.133618
942.072,0.0941979
4315.04,0.430393
2065.63,0.205926
1692.4,0.169223
729.97,0.0729871
931.914,0.0931706
1008.63,0.100791
2700.79,0.270015
667.056,0.0667014
1251.69,0.125036
619.998,0.0619752
1766.32,0.176403
2061.77,0.232945
621.332,0.0621272
2141.61,0.213149
1244.72,0.124381
992.602,0.0992434
1604.68,0.160395
1087.49,0.108743
1383.89,0.137854
1740.29,0.174011
5063.63,0.505298
1093.16,0.109312
807.676,0.0807144
1063.54,0.10629
1996.77,0.199643
1585.57,0.158545
1101.21,0.110103
1620.23,0.16198
1983.57,0.19801
1417.33,0.141567
2762,0.27604
1650.21,0.164878
703.604,0.0703563
2519.51,0.251299
1159.17,0.115881
1586.02,0.158587
2071.7,0.20704
889.736,0.0889272
1135.14,0.113468
2006.8,0.20059
855.051,0.0854832
2035.58,0.203239
810.457,0.0810358
993.002,0.099294
1016.87,0.101585
1644.52,0.164447
1051.83,0.105124
989.753,0.0988574
994.183,0.0993809
827.261,0.0827223
2247.53,0.224667
4355.35,0.433817
1334.35,0.133375
1249.54,0.124846
842.06,0.0839384
1290.68,0.128889
3410.19,0.340683
4677.81,0.466141
1603.52,0.160311
2207.44,0.220672
1342.99,0.134269
786.262,0.0785718
1195.41,0.119454
1221.84,0.122129
1014.46,0.10139
2548.68,0.254806
1394.21,0.139341
2489.31,0.248791
1071,0.107093
6735.01,0.671935
2657.1,0.265473
889.813,0.0888808
1531.8,0.153022
845.092,0.0833789
1440.82,0.144053
1466.31,0.14644
2141.57,0.213925
1651.67,0.164873
2603.63,0.260021
929.263,0.0928618
1050.6,0.105052
623.32,0.062317
1164.84,0.116419
997.798,0.0997417
1015.47,0.101525
1108.03,0.110703
624.357,0.0621423
896.78,0.0896529
1412.96,0.141248
934.059,0.0933752
1396.68,0.139429
4283.69,0.427984
1297.03,0.129666
3549.69,0.245482
1699.13,0.169859
880.389,0.088036
1047.41,0.104667
965.839,0.096567
2637.47,0.263552
1319.29,0.131793
758.706,0.0758411
932.169,0.0928467
1944.04,0.194139
1359.81,0.135825
811.904,0.0811865
1210.26,0.121006
608.245,0.0608117
1350.3,0.135022
1567.41,0.156671
2753.48,0.275041
1261.36,0.126051
763.976,0.0763947
2042.85,0.204161
2565.6,0.25641
2251.84,0.224762
1224.02,0.122386
1306.21,0.130455
700.942,0.0700802
2047.37,0.204592
1569.73,0.156939
1700.82,0.170028
1183.91,0.118257
1800.58,0.17964
1113.6,0.11134
6882.17,0.687755
1239.67,0.12396
2941.86,0.294086
880.84,0.0880114
913.866,0.0913738
789.579,0.0789527
1083.35,0.108317
1803.47,0.180314
1102.62,0.110208
1276.84,0.127657
760.021,0.075963
746.134,0.0746107
1041.62,0.104116
1249.87,0.124933
1766.87,0.176582
439.926,0.0439672
1425.41,0.142062
12804.5,3.78288
1214.84,0.121446
1104.3,0.110369
1003.57,0.10021
846.392,0.0845558
882.168,0.0881271
819.542,0.0819192
747.512,0.0746533
1034.31,0.103423
1073.72,0.107326
555.295,0.0555164
1564.18,0.15628
1260.68,0.125978
2162.67,0.216252
1083.95,0.108387
932.76,0.0932629
933.028,0.0932974
1464.71,0.1464
1046.58,0.104637
4059.85,0.404743
1896.31,0.188835
1069.14,0.10691
2918.84,0.291671
858.758,0.0858647
699.826,0.0699548
3723.32,0.37187
842.004,0.0841963
1775.71,0.177306
691.59,0.0691564
3572.93,0.357199
1266.1,0.126184
698.887,0.0698717
1293.29,0.129312
1584.99,0.158466
5050.52,0.504353
768.225,0.0767303
2159.49,0.215876
3794.82,0.379459
847.782,0.0846943
1071.88,0.107162
1372.94,0.137233
674.64,0.0674421
2490.02,0.247933
1205.56,0.12038
841.877,0.0841767
1549.02,0.154883
1822.35,0.181984
1012.54,0.10116
1335.49,0.13352
3183.51,0.318194
1225.08,0.122504
741.489,0.0737848
1182.38,0.118213
1126.16,0.112521
776.672,0.0775966
998.158,0.0997719
1306.61,0.130517
980.417,0.0980095
1019.87,0.101953
938.411,0.0937255
2775.46,0.277474
1330.62,0.132653
1096.78,0.109628
1742.44,0.173986
793.796,0.0786986
1098.48,0.109775
1324.62,0.132375
1785.36,0.178196
1944.54,0.19355
1018.59,0.101845
2101.3,0.209857
1201.1,0.120086
1074.69,0.107457
1828.24,0.18275
1120.57,0.111961
1015.56,0.101436
1158.02,0.115793
858.469,0.085148
1195.72,0.119505
811.994,0.0811935
1518.2,0.151778
2611.23,0.260451
2039.6,0.203827
721.003,0.0720698
1660.83,0.165941
2091.95,0.20906
998.307,0.0998193
818.645,0.0818558
909.473,0.0907319
1302.18,0.13016
2575.05,0.257269
1016.07,0.101586
1003.12,0.100239
1233.42,0.123312
818.654,0.0818461
1954.23,0.195329
1746.54,0.174223
1877.9,0.187721
1383.01,0.138154
1809.23,0.180791
1044.32,0.104398
3600,0.359974
5496.25,0.548869
1096.67,0.109605
1232.28,0.123203
932.092,0.093175
947.722,0.0947593
858.777,0.0858456
751.983,0.0751298
9401.5,0.939741
2173.39,0.216928
2856.67,0.285268
823.337,0.0822189
2576.79,0.257602
1074.13,0.107379
1613.41,0.161281
949.911,0.0949888
950.813,0.0950539
2255.25,0.225456
4176.17,0.41682
938.236,0.0937977
2038.1,0.2038
1021.65,0.10215
2108.3,0.21044
711.525,0.0710334
1463.71,0.14595
1326.36,0.132562
2095.86,0.209574
1527.96,0.152756
649.885,0.0649782
859.019,0.0858923
1711.26,0.170948
995.995,0.0995938
1694.25,0.169309
2456.59,0.245571
1613.22,0.161285
599.282,0.059889
1511.45,0.151084
1843.09,0.184292
3017.51,0.300957
844.056,0.084314
994.87,0.0994638
997.374,0.0997014
1407.95,0.14078
1292.47,0.129146
878.181,0.0878043
2750.35,0.274016
2803.61,0.2802
832.649,0.0832478
1168.97,0.116646
1748.26,0.174765
12627,1.25079
1525.99,0.15256
1378.06,0.137649
18028.3,1.79792
1205.36,0.120528
1308.96,0.130866
2571.7,0.257078
957.705,0.0953402
1683.57,0.168306
1339.03,0.133898
1546.58,0.154537
1131.39,0.113103
975.977,0.0975957
2320.89,0.231809
1389.41,0.138882
1080.79,0.108057
1265.77,0.126544
1238.74,0.123794
1061.58,0.106088
3311.9,0.330836
991.353,0.0991037
826.5,0.0826289
724.132,0.072309
4431.83,0.442149
1110.62,0.110931
1045.2,0.104443
2804.59,0.280131
6828.6,0.680369
1839.99,0.183923
1212.06,0.121183
794.898,0.0794089
1276.04,0.127544
518.491,0.0518426
989.403,0.098927
7234.82,0.722749
1228.97,0.122867
2460.68,0.245548
4859.92,0.484804
1241.81,0.124177
1388.7,0.138808
690.674,0.0690536
2522.36,0.252148
1253.75,0.125356
1038.88,0.104735
1009.95,0.100919
2048.55,0.167485
4387.35,0.437611
898.829,0.0898747
2458.55,0.245791
1192.16,0.1191
1444.7,0.144371
1754.88,0.175461
1370.93,0.137072
2179.85,0.217701
1419.21,0.138952
747.564,0.0747178
2461.4,0.24604
2888.73,0.288497
1156.18,0.11544
958.92,0.0957696
912.831,0.0912786
3574.28,0.357092
987.535,0.0986076
901.12,0.090083
1084.65,0.108427
890.16,0.0890101
951.209,0.0949114
843.781,0.0843661
936.841,0.0935708
1071.96,0.107176
1178.4,0.117733
3323.18,0.332256
1873.72,0.184751
2194.7,0.219418
2062.01,0.20597
2810.28,0.280992
882.472,0.0882429
904.02,0.0903966
1215.4,0.121478
785.429,0.0785415
1110.18,0.11089
4612.2,0.461102
2001.74,0.200111
691.1,0.0690978
1534.88,0.153303
3940.23,0.393784
1452.51,0.14497
1797.72,0.179684
1518.68,0.151864
1966.38,0.196552
612.532,0.0612052
1297.47,0.128829
745.136,0.0744908
814.802,0.0814596
1584.11,0.158349
952.594,0.0952176
969.84,0.096967
3203.15,0.320126
1476.47,0.147633
1170.24,0.117015
975.299,0.097448
2485.56,0.248317
940.067,0.0939887
2769.39,0.276795
774.152,0.0773945
1735.42,0.17351
690.792,0.0690553
3358.26,0.335761
1421.36,0.142042
653.91,0.0653586
1639.72,0.160701
2088.81,0.208338
1331.16,0.133108
3415.01,0.341266
1552.95,0.155244
6056.17,0.604696
2418.11,0.241074
2038.61,0.203762
900.137,0.089731
2953.8,0.294768
687.9,0.0687498
1580.08,0.158003
626.26,0.0626042
1376.93,0.137588
766.69,0.0766552
819.317,0.0819172
937.396,0.0935863
1199.2,0.119892
1162.01,0.11617
1522.09,0.151911
701.578,0.0700173
806.825,0.0806251
12623.5,1.25507
1408.5,0.140804
1629.48,0.16286
1385.1,0.138485
1290.76,0.129052
4214.22,0.421119
1330.93,0.133084
1104.64,0.11044
1077.99,0.107779
1113.32,0.111264
1294.62,0.129449
4939.89,0.493799
570.343,0.0568634
974.419,0.097403
1219.58,0.121642
547.185,0.0546174
2651.04,0.265024
1285.6,0.128168
1228.76,0.122829
1112.9,0.111266
1103.42,0.110315
957.432,0.0956529
746.611,0.0746322
1021.27,0.101893
1379.87,0.13794
1007.33,0.100558
807.347,0.0807101
1605.63,0.16053
1969.69,0.194745
966.553,0.0966317
826.187,0.0826092
1993.88,0.198837
10122.7,1.00783
1920.09,0.191837
1746.09,0.174584
1047.42,0.104713
888.657,0.0886969
844.18,0.0843906
1715.41,0.171441
1237.27,0.123693
1180.68,0.118038
688.037,0.0687966
1102.45,0.110231
1517.24,0.151715
546.533,0.0545896
1001.97,0.100168
954.332,0.0954307
1437.54,0.143695
14238.2,1.41742
1599.68,0.159925
716.745,0.0716691
1117.45,0.111739
1269.43,0.126782
1318.35,0.131474
1052.88,0.105258
1201.3,0.120126
1611.82,0.161122
1127.22,0.112575
2696.37,0.269559
18664.5,1.85726
1374.16,0.137397
1437.44,0.143704
1068.15,0.106427
1313.47,0.131342
1304.13,0.130368
566.626,0.0566484
896.288,0.0896106
2463.54,0.246308
611.725,0.0611555
1324.09,0.132285
1331.28,0.133088
3066.41,0.305788
1284.98,0.128404
1003.1,0.100242
1174.48,0.116975
943.245,0.0943034
1527.37,0.152712
2918.45,0.291744
672.874,0.0672425
1959.26,0.195786
1147.45,0.114695
1536.36,0.153579
2089,0.208803
7643.21,0.764023
1044.56,0.104431
1015.54,0.101545
872.98,0.0872793
1423.65,0.142171
1097.49,0.109634
1138.37,0.113788
1634.6,0.163352
1755.17,0.175171
943.966,0.0942868
1034.97,0.103463
1311.65,0.131156
754.574,0.0754537
893.053,0.0892679
1926.97,0.192302
1938.42,0.193474
901.652,0.090146
1109.35,0.11092
978.04,0.0977354
1667.1,0.166465
1093.26,0.10378
999.873,0.0999086
3549.81,0.353396
1160.67,0.116048
985.621,0.0985524
1860.41,0.186013
1109.55,0.110784
1006.09,0.100542
1101.77,0.110114
659.108,0.0659089
820.644,0.0820069
12447.4,1.24327
4533.69,0.453059
961.546,0.0952471
735.627,0.0735591
1507.62,0.150687
906.458,0.090631
1435.36,0.143513
2026.5,0.202546
1018.64,0.101856
648.009,0.0646065
1083.19,0.108226
2490.28,0.248552
940.071,0.0939498
3500.09,0.344196
840.206,0.0838513
1289.43,0.127943
1069.43,0.10523
1079.69,0.107904
624.174,0.0623936
1278.6,0.127825
6741.97,0.673052
711.089,0.0710797
2198.63,0.21978
2075.66,0.207501
1152.18,0.115207
745.253,0.0744849
791.744,0.0791717
716.231,0.0714857
984.916,0.0984678
887.88,0.0887589
515.021,0.0514896
4085.3,0.407744
870.862,0.0869172
565.4,0.056495
1432.11,0.143176
988.588,0.0988263
647.208,0.0646105
916.224,0.0916157
3227.17,0.322641
976.729,0.0976671
1408.12,0.140628
845.773,0.0845712
1902.6,0.189844
1089.66,0.108937
2235.45,0.223454
1308.15,0.130729
934.051,0.0931595
1033.48,0.103345
2027.7,0.202604
891.046,0.0889753
818.026,0.0816265
1069.77,0.106964
6912,4.87558
772.865,0.0771755
1014.3,0.1014
2339.37,0.23383
873.873,0.0873063
1285.38,0.128516
1315.25,0.131286
1239.13,0.123862
2608.7,0.260553
7468.26,0.745395
1759.54,0.175869
1326.47,0.132619
1824.16,0.18233
326.551,0.0326436
1393.21,0.139274
3643.21,0.364061
1040.54,0.104034
1393.26,0.139291
1067.51,0.106668
1836.43,0.183603
784.582,0.0784005
812.384,0.0812307
1498.9,0.149878
1791.86,0.179087
2330.22,0.23281
2342.35,0.234166
988.892,0.0988587
1942.56,0.193837
918.314,0.0917868
880.619,0.0880468
1660.77,0.166033
908.733,0.0907277
1074.61,0.107421
1037.11,0.103409
1186.61,0.11863
562.905,0.0562891
872.549,0.0872423
1930.69,0.192457
1661.86,0.166102
1731.94,0.172694
1415.6,0.141539
959.435,0.0958309
1119.96,0.111976
919.214,0.0918332
1325.7,0.13249
813.041,0.0813013
897.504,0.0897287
1226.55,0.122468
1357.93,0.135743
769.063,0.0765429
1329.33,0.132916
3232.82,0.323061
1045.16,0.104504
1547.41,0.154569
1135.05,0.113468
945.419,0.0945034
634.966,0.0634824
1775.92,0.1775
817.559,0.0807638
1258.88,0.125852
1199.88,0.119156
2167.76,0.215916
1380.93,0.136722
954.276,0.0954182
1233,0.12328
2079.37,0.207906
2775.75,0.277494
3327.24,0.332653
2449.14,0.242509
1286.61,0.128575
887.464,0.0887261
1457.68,0.145669
894.189,0.0893426
1077.94,0.107654
1777.31,0.177583
881.425,0.0880054
801.766,0.0801637
889.957,0.0889603
1160,0.115974
1015.33,0.101527
1615,0.161357
1392.29,0.13915
913.387,0.0912096
907.548,0.0906307
1378.3,0.137655
1248.43,0.124532
863.69,0.086354
1854.41,0.185399
940.719,0.0940328
1784.15,0.178266
984.206,0.0983314
849.738,0.0849431
1542.25,0.154205
944.666,0.0943806
925.267,0.0924032
1003.72,0.100344
989.953,0.0989852
915.668,0.0914322
2815.61,0.280239
2094.09,0.209398
6769.69,0.675362
12713,1.25286
1016.9,0.101577
1178.69,0.117728
2255.81,0.225002
1692.67,0.169259
906.58,0.0905615
1145.32,0.114507
881.645,0.0881419
7629.83,0.761226
1209.47,0.120931
810.686,0.0809138
28754.6,2.8614
662.565,0.0662399
776.831,0.0774306
6734.06,0.672173
2744.51,0.273964
754.75,0.0751776
4743.7,6.4382
5776.84,0.577483
1328.91,0.132857
1352.23,0.133963
2209.86,0.220852
1545.9,0.154484
1161.3,0.116103
852.927,0.0852173
976.914,0.0976783
1737.62,0.173754
9613.81,0.95544
1327.73,0.132708
635.28,0.0635245
2902.56,0.289953
974.195,0.097373
1300.93,0.129776
998.926,0.0998509
1041.04,0.103996
1609.49,0.159906
759.978,0.0759946
773.53,0.0772856
1415.61,0.141532
1037.44,0.103686
1193.41,0.119335
1196.76,0.0767234
1047.69,0.10472
3247.89,0.324213
1536.93,0.153657
4902.72,0.48937
532.308,0.053223
1816.93,0.181559
565.799,0.0565782
1665.06,0.166488
817.534,0.081441
1793.63,0.179339
878.07,0.0878049
858.567,0.0858521
1603.46,0.160282
3269.29,0.326629
1745.01,0.174461
934.908,0.0934659
748.288,0.0748045
2668.24,0.266498
1001.43,0.100097
706.746,0.0706615
1650.28,0.164972
620.536,0.0620516
1712.44,0.171207
861.153,0.0860903
2978.85,0.29782
1211.9,0.120907
1038.96,0.103884
777.673,0.0777113
1152.62,0.115202
1685.19,0.166923
1245.15,0.124437
3410.17,0.340921
835.427,0.0833656
764.17,0.0763335
1495.22,0.1495
1491.19,0.149107
698.483,0.0697839
3723.53,0.372229
1975.28,0.197461
899.839,0.0898794
1368.56,0.136809
500.711,0.0500642
2243.03,0.223978
806.09,0.0806041
1248.08,0.124794
1445.42,0.144494
2427.49,0.242586
1198.19,0.119727
4674.87,0.465994
1841.89,0.183416
835.057,0.0834698
908.078,0.0906655
1647.26,0.1647
919.266,0.091898
971.789,0.0971734
844.466,0.084446
1080.46,0.107834
595.421,0.0594566
763.786,0.0762668
1279.49,0.127935
1768.42,0.176818
767.865,0.0767757
1768.24,0.176035
841.805,0.0841773
1397.94,0.139741
1478.08,0.147213
2202.87,0.220253
2563.54,0.255646
2090.65,0.208848
800.277,0.078391
585.486,0.0584931
968.373,0.0968323
957.242,0.0957072
1462.93,0.146232
1509.11,0.150773
1463.07,0.146252
1251.2,0.125105
1171.41,0.117085
1739.32,0.173893
2501.86,0.250113
927.902,0.092653
1937.76,0.193617
1225.93,0.12249
603.641,0.0602787
1010.1,0.101009
1289.9,0.128924
381.742,0.0381641
1235.23,0.123509
1145.99,0.114573
1507.87,0.150442
1057.7,0.105755
1986.52,0.200257
1110.61,0.11104
1418.62,0.141816
753.49,0.0752921
7921.61,0.791193
761.167,0.0760388
2688.87,0.268185
976.216,0.0976202
2710.64,0.270843
1068.92,0.10659
2258.87,0.22584
2350.8,0.234557
1515.58,0.151465
758.258,0.0753724
1687.83,0.168707
1182.37,0.1182
5081.59,0.5078
813.378,0.0812874
1571.43,0.157134
2142.05,0.213821
1336.29,0.133469
1933.02,0.193205
2059.95,0.205967
1326.34,0.132472
1665.3,0.166515
1025.11,0.102477
768.595,0.0768497
3088.15,0.308666
1161.14,0.116105
709.866,0.0709751
1303.79,0.130321
1194.44,0.119426
1152.78,0.115255
935.33,0.0932729
988.616,0.0988551
1695.35,0.16949
1033.46,0.10333
726.059,0.0725746
795.472,0.0795184
1751.05,0.17509
1202.49,0.120222
2442.73,0.244226
875.364,0.0875285
744.209,0.0743804
1040.93,0.104087
1278.28,0.127762
853.702,0.0853636
11513.2,1.15043
969.347,0.0969117
1435.6,0.143394
863.727,0.0863091
2112.56,0.211189
1136.69,0.113654
938.896,0.0938717
2078.38,0.207815
747.296,0.0747203
887.465,0.088696
22719,2.26735
872.247,0.087211
1118.9,0.111847
855.456,0.0854603
1126.21,0.112557
1256.52,0.125557
1518.77,0.151866
1348.9,0.13326
9002.32,0.899252
460.555,0.0460453
578.494,0.0578337
1004.76,0.10046
1939.48,0.193738
1829.77,0.18284
1397.14,0.139695
1567.49,0.156733
805.673,0.0805623
3022.64,0.301601
1621.84,0.162178
1853.99,0.185312
1598.13,0.159439
894.899,0.0893107
1602.31,0.160005
1058.72,0.105783
769.144,0.0767851
1814.44,0.180118
903.134,0.0902678
1601.21,0.160091
692.229,0.0692123
938.99,0.0938184
1078.67,0.107835
635.161,0.0635111
1388.13,0.138788
1976.96,0.197216
1353.17,0.135304
1675.72,0.167544
1010.57,0.101011
3661.49,0.365894
1152.82,0.115265
2131.63,0.213077
812.558,0.0812517
881.409,0.0881324
1501.98,0.150177
1441.14,0.144038
1305.39,0.13044
1027.04,0.102682
1354.35,0.134966
921.505,0.0921274
2277.1,0.22768
2156.5,0.215549
735.999,0.0732407
1389.88,0.138891
1086.45,0.108577
1226.22,0.122582
2509.27,0.250518
1098.84,0.109794
1168.5,0.116845
2151.25,0.214848
1480.23,0.14798
1099.05,0.109803
1048.6,0.104741
787.537,0.0787405
1410.76,0.140987
1226.75,0.122663
2550.49,0.249514
4942.69,0.493972
1150.77,0.114987
1115.65,0.111407
1970.6,0.196974
1716.95,0.17113
1562.31,0.156206
1455.57,0.145542
2899.04,0.289766
1925.05,0.192153
1254.01,0.125397
718.757,0.0708166
1070.62,0.107037
735.947,0.0735368
1834.45,0.183403
1249.44,0.124865
3338.84,0.333639
1573.41,0.157285
1029.77,0.104823
600.944,0.0600396
1195.48,0.119543
931.491,0.09308
8917.13,5.56208
2055.32,0.205314
1281.39,0.128127
1180.84,0.117964
1888.22,0.188784
1575.8,0.157547
824.589,0.0823834
739.586,0.0739278
883.058,0.0882886
1448.47,0.144833
1367.92,0.136766
1619.75,0.161872
1448.96,0.144783
1880,0.187949
1093.49,0.109281
1186.62,0.118652
1331.64,0.133061
1461.69,0.146139
3728.48,0.372313
785.379,0.0785036
935.238,0.093514
1447.71,0.144593
1102.75,0.110217
1461.03,0.146068
2863.05,0.285421
1095.24,0.109459
4263.68,0.425451
1159.74,0.115962
939.153,0.0939112
1019.96,0.101622
1029.06,0.102892
2987.26,0.298591
24993.8,2.47102
1471.39,0.147001
859.494,0.0858986
2725.81,0.272424
1194.38,0.119394
1492.91,0.14927
1373.15,0.136653
1570.78,0.156557
1542.97,0.155272
1038.62,0.103849
1129.57,0.112944
724.732,0.0724161
1042.88,0.10382
2157.68,0.215682
4114.78,0.410687
959.001,0.0958963
2101.58,0.209915
463.009,0.046298
2713.88,0.271255
993,0.0992854
1191.94,0.119149
1524.48,0.152361
1886.19,0.188606
1439.45,0.143876
806.066,0.0805925
1165.25,0.116522
1110.14,0.110954
5198.87,0.505484
3206.92,0.320378
1704.68,0.170262
1209.19,0.120816
738.019,0.0738007
1235.65,0.123536
863.186,0.0863142
1825.26,0.182358
582.359,0.058209
1316.66,0.131638
649.006,0.0648882
977.144,0.095936
1146.38,0.114606
920.58,0.0920526
1596.39,0.159347
1338.47,0.133842
1726.12,0.1725
871.006,0.0870969
12672.3,1.26531
1558.28,0.155762
1222.57,0.122241
858.143,0.0857994
543.372,0.0543276
2237.38,0.219581
1585.38,0.158059
7021.35,0.699065
17824.3,1.77236
4784.86,0.478148
518.033,0.0517916
977.393,0.0972453
1062.69,0.106266
1138.26,0.113797
2361.3,0.236117
930.909,0.0930788
2114.11,0.211353
1286.66,0.128581
2527.35,0.252671
768.374,0.0768177
3421.85,0.34114
596.277,0.0595948
720.448,0.0720254
555.105,0.05548
921.23,0.0920659
2186.4,0.218549
2673.62,0.266756
925.873,0.09164
813.024,0.0812746
1668.2,0.166739
1597.35,0.159546
975.912,0.0975197
1071.46,0.106615
1149.88,0.114926
1084.85,0.108366
2214.73,0.221338
1273.46,0.127199
5186.19,0.518514
595.087,0.0594909
848.594,0.0846958
1482.91,0.148285
1042.88,0.104212
640.713,0.0640531
1085.05,0.108458
1791.71,0.179149
2511.34,0.25105
9062.77,0.902585
902.581,0.0901736
1400.54,0.140028
687.006,0.0686825
2303.93,0.229339
1665.97,0.16653
1072.22,0.107179
1164.71,0.116359
1082.36,0.108219
707.595,0.0707366
2311.57,0.231129
5131.35,0.512002
2159.59,0.215795
1004.98,0.100306
1322.01,0.132133
7835.11,0.783059
1705.68,0.168035
1748.01,0.174775
1061.6,0.106159
1023.04,0.102297
881.99,0.0881973
724.215,0.0723896
1366.74,0.136638
789.332,0.078904
2129.46,0.212919
1128.46,0.112747
838.888,0.0742895
2198.6,0.219854
2798.82,0.279821
1583.48,0.158172
1767.09,0.176259
1376.82,0.137667
1838.36,0.183155
1213.66,0.121209
894.85,0.0894816
1094.86,0.109431
2065.63,0.206402
2801.29,0.280076
1012.32,0.10123
1073.37,0.107314
2095.59,0.209523
1606.27,0.160547
968.5,0.100162
1062.71,0.106237
6188.64,0.61794
537.286,0.0537282
669.338,0.0669327
1270.62,0.127027
2840.72,0.283381
1452.37,0.144657
2035.9,0.203537
1017.46,0.101657
894.174,0.0893637
3141.92,0.313987
1593.08,0.15925
1875.46,0.187006
1565.3,0.156334
2370.89,0.236883
1096.76,0.109274
2615.24,0.261456
1656.97,0.165636
747.03,0.0746819
944.524,0.0943194
1726.46,0.172497
2558.18,0.255726
2920.01,0.291865
862.641,0.0862076
3218.03,0.321504
1615.39,0.161515
1465.02,0.146455
879.419,0.0879081
1368.89,0.136792
1036.86,0.103677
2149.34,0.214776
4269.96,0.425957
3138.6,0.313817
733.195,0.073213
1093.68,0.108987
855.798,0.0854906
2383.99,0.238347
1270.77,0.127058
1700.54,0.170017
1218.23,0.12182
973.572,0.0973119
1210.95,0.120879
2872.19,0.287171
2071.58,0.206768
517.654,0.0517523
2211.27,0.221052
1362.18,0.136126
1430.59,0.14302
1581.87,0.157997
1003.95,0.100151
1120.55,0.112044
2358.08,0.231082
1408.23,0.140579
1128.69,0.112848
1108.2,0.110778
1380.49,0.137985
3709.62,0.370797
1498.59,0.149812
632.055,0.0631123
1242.6,0.124128
857.533,0.0855751
1851.85,0.185103
1486.02,0.148589
4803.6,0.480102
1683.05,0.168293
1400.9,0.139644
1111.7,0.111138
1194.82,0.119442
964.447,0.0964062
863.105,0.0862691
1148.64,0.114836
989.643,0.0989035
1019.66,0.101947
753.311,0.0751349
1645.72,0.164543
1376.42,0.137553
2009.49,0.200942
2064.9,0.206468
1463.29,0.146176
1180,0.117995
1386.7,0.137764
1434.69,0.14344
2155.6,0.215123
1451.19,0.14511
857.508,0.0857183
1027.45,0.102666
570.639,0.0570428
1669.04,0.166753
3697.27,0.36967
787.391,0.0787098
753.536,0.075346
1333.18,0.1359
2321.23,0.231941
1661.93,0.166051
735.646,0.0735596
1127.67,0.112731
1378.2,0.137804
718.336,0.0718287
4886.08,0.488045
675.642,0.0655948
1173.71,0.116973
1857.81,0.185766
940.029,0.0935767
2428.91,0.242532
862.448,0.0860723
1316.8,0.131572
1301.53,0.130048
1861.66,0.186113
1247.4,0.124697
1682.03,0.1682
1574.83,0.157199
11619.6,1.16143
811.748,0.081172
1348.19,0.134804
4233.85,0.42089
12745.2,1.27367
1434.56,0.143436
1842.12,0.184146
1576.28,0.157581
947.982,0.0947145
1562.94,0.156246
3209.05,0.320785
768.572,0.0768544
1204.12,0.120291
1534.52,0.153239
1822.17,0.182114
849.562,0.0848583
637.319,0.0635999
614.247,0.0614199
2421.34,0.241888
1005.08,0.100449
834.4,0.0834115
254.226,0.0254128
1813.24,0.181219
1035.72,0.103454
1060.48,0.106038
1645.9,0.164346
780.852,0.0780142
2087.78,0.208751
2964.66,0.295625
1566.49,0.155738
608.313,0.060755
2289.38,0.228907
2224.17,0.222357
522.424,0.0522293
1330.64,0.133057
1311.25,0.130917
2653.39,0.265287
1251.77,0.124956
3317.28,0.331574
1273.59,0.1273
1593.64,0.159261
1172.51,0.117178
1671.44,0.167065
996.415,0.0995947
1474.34,0.146971
1319.77,0.131918
790.603,0.0790505
2597.32,0.259708
21243.2,2.11711
645.209,0.0645093
2142.18,0.214149
765.699,0.0765626
2147.47,0.214455
906.033,0.0905724
1618.96,0.161821
495.756,0.0495751
999.772,0.101642
1295.88,0.12955
2521.57,0.252032
834.832,0.0821066
1016.15,0.101487
2778.66,0.277704
590.809,0.0590371
1259.08,0.125894
2176.95,0.217659
508.764,0.0508655
7165.87,1.50868
1471.59,0.14696
716.107,0.0715731
1627.22,0.16269
1603.67,0.160208
1361.36,0.135993
4429.62,0.442792
848.817,0.0848531
3967.32,0.396236
946.415,0.0946156
775.78,0.0775721
948.315,0.0946694
1145.15,0.114506
2390.3,0.238977
750.29,0.075025
17402.4,1.73679
812.125,0.0812106
1040.81,0.104071
2232.08,0.223027
1668.49,0.166779
2736.38,0.27358
818.879,0.0818793
1169.5,0.116927
1194.04,0.1194
1457.89,0.145758
2633.88,0.263369
1185.9,0.118586
5251.5,0.522341
5231.92,0.523067
1228.23,0.122723
1084.46,0.10844
2235.36,0.223224
1032.25,0.103189
530.894,0.0530783
3690.62,0.368247
1119.66,0.111127
1358.85,0.135723
1489.39,0.148844
2324.73,0.232338
4837.05,0.483346
1506.26,0.150435
926.466,0.0924652
693.405,0.0692778
2434.81,0.243437
1486.26,0.148606
6534.92,0.652374
5342.55,0.533343
1377.46,0.137681
967.696,0.0967447
930.816,0.0930612
1113.75,0.112122
2292.31,0.229154
2206.58,0.220398
654.566,0.0653498
739.316,0.0739008
826.138,0.0826108
1738.44,0.173784
1193.94,0.119363
2158.78,0.215824
1100.46,0.110026
588.231,0.0588158
1406.12,0.140565
3165.13,0.316348
1779.87,0.177962
1396.13,0.138999
2881.39,0.288001
2978.64,0.297807
1006.5,0.10055
6053.51,0.604562
2863.96,0.286323
396.094,0.0396062
1131.59,0.113115
1071,0.107084
1055.18,0.105186
1166.91,0.116683
1110.59,0.111021
1758.85,0.175486
667.555,0.0667223
1386.11,0.138604
2368.04,0.236697
1174.76,0.117454
1378.64,0.137664
1842.51,0.184015
2014.89,0.201403
878.16,0.0877895
1493.66,0.149297
857.281,0.0854046
1115.61,0.111549
3702.49,0.369203
3322,0.331547
1307.69,0.13059
7308.92,0.728448
1359.51,0.135888
2187.6,0.218701
2152.68,0.215242
1022.4,0.102236
1121.32,0.11207
3398.53,0.339488
719.056,0.0718921
997.94,0.0997162
715.18,0.0715101
1458.44,0.145676
896.655,0.0896562
985.965,0.0984988
965.152,0.0964395
1855.89,0.185488
1398.95,0.139684
847.077,0.0838645
1231.71,0.123144
9628.83,0.962004
849.789,0.0849119
1301.1,0.130005
968.83,0.0968402
1045.86,0.104329
1415.9,0.141523
1566.23,0.156618
1674.07,0.167387
842.131,0.0842076
1285.43,0.128442
995.077,0.0994948
1119.29,0.111907
1184.56,0.118429
1847.38,0.184662
1340.91,0.133874
1185.88,0.118571
2222.4,0.221821
10577.3,1.05351
2145.81,0.214474
1484.82,0.148261
991.25,0.099064
1276.26,0.127624
788.186,0.0787991
1305.74,0.130567
6675.37,0.665626
1580.67,0.157976
1145.51,0.114453
695.303,0.0695165
2023.58,0.201912
1964.44,0.196425
920.218,0.0920099
796.832,0.0796736
801.466,0.0801239
1057.32,0.105693
1636.05,0.163576
1312.37,0.131008
2461.76,0.245959
873.633,0.0873422
899.295,0.0899185
1121.77,0.112126
1437.68,0.143752
1138.62,0.113786
2958.18,0.29567
821.514,0.0821294
1671.33,0.167082
978.879,0.0978287
1469.07,0.146836
1174.56,0.11734
855.063,0.0853055
1264.3,0.126314
2731.23,0.272945
1899.3,0.18932
512.396,0.0510804
802.852,0.080283
1889.7,0.18887
1256.87,0.125672
1246.33,0.120723
829.121,0.0828943
927.261,0.0927186
959.183,0.0957996
1778.56,0.17782
2828.47,0.282681
1087.67,0.108687
1345.22,0.134419
2013.86,0.201144
694.733,0.0694651
1522.95,0.152267
1210.34,0.12088
1677.84,0.167455
1184.32,0.118323
1417.82,0.141705
998.542,0.0998182
704.663,0.0704611
1572.77,0.157212
727.227,0.072717
791.064,0.0791018
1471.7,0.147119
986.916,0.0986578
933.481,0.0933442
683.495,0.0683261
1510.79,0.151051
3362.88,0.336205
909.969,0.0909629
946.284,0.0946083
1419.9,0.141977
764.821,0.0763481
1260.53,0.12601
2383.78,0.238372
1139.35,0.113925
743.604,0.0743234
775.315,0.0774885
655.222,0.065501
4953.67,0.495309
870.645,0.0870588
986.033,0.098481
1065.92,0.106585
1151.69,0.115117
2215.6,0.221499
1893.38,0.188781
859.841,0.085956
643.799,0.0643619
1326.1,0.132588
1924.06,0.191722
2969.92,0.296669
5269.53,0.692366
1216.63,0.121589
884.228,0.088356
1575.61,0.157529
976.479,0.0976433
2066.18,0.206425
1281.85,0.127845
7560.5,0.753588
589.781,0.0588609
1547.86,0.154728
1526.16,0.152504
970.205,0.0969228
7196.01,0.718397
1075.11,0.107452
1798.25,0.179709
2193.03,0.219125
1141.99,0.114129
811.31,0.0755859
637.141,0.0636805
2702.08,0.269995
1611.26,0.160855
1332.81,0.133136
771.483,0.0771187
746.854,0.0746763
1177.95,0.117643
490.936,0.049092
648.871,0.064872
611.406,0.0609717
2209.97,0.220933
1401.24,0.14005
699.417,0.0699349
1877.88,0.187717
828.468,0.0828183
1905.6,0.190494
660.584,0.0660216
880.99,0.0880848
4237.62,0.423631
514.581,0.0514021
6184.02,0.617702
717.83,0.071779
3990.42,0.398548
1560.6,0.155973
1180.38,0.117685
2579.61,0.257842
1259.59,0.12582
740.962,0.0740677
1154.37,0.11542
1220.57,0.122028
6051.3,0.603654
1126.41,0.112499
873.691,0.0873111
668.051,0.0666921
1794.45,0.179338
1610.3,0.161002
1937.22,0.193605
1073.44,0.107093
921.696,0.0920764
1478.55,0.147836
945.953,0.0945075
1456.09,0.145505
880.284,0.0879891
513.684,0.0513535
1592.67,0.159151
1134.55,0.113443
1048.37,0.104777
1499.31,0.149913
1057.56,0.105744
1569.89,0.156931
1096.38,0.109616
1451.48,0.145125
693.137,0.0693079
2720.86,0.27161
1621.78,0.161904
1934.79,0.193467
1015,0.101268
1519.49,0.143182
1508.81,0.150865
1817.08,0.181588
726.559,0.0726253
914.183,0.0910598
860.405,0.0859548
1000.02,0.0998995
794.436,0.0793971
1676.09,0.167574
4075.89,0.729941
2197.12,0.219682
863.006,0.0861444
1166.11,0.116544
5581.56,0.555902
3679.96,0.367683
940.501,0.093962
1178.45,0.117787
1188.15,0.118673
1066.71,0.106565
895.685,0.0894779
847.428,0.0846413
1542.01,0.15409
1197.17,0.119664
1864.92,0.18638
1404.95,0.140296
828.59,0.0828339
1468.57,0.12958
2977.7,0.297509
2811.34,0.280034
1418.17,0.141801
1202.94,0.120255
1747.27,0.174244
930.052,0.0929582
961.299,0.0961215
347.541,0.0347416
922.512,0.0921955
4390.52,0.43852
961.797,0.0961235
1691.66,0.169086
1033.88,0.103356
1945.37,0.194518
1496.44,0.149543
1292.79,0.129254
644.062,0.0643676
1418.69,0.141832
2276.37,0.227612
1812.91,0.181191
764.707,0.0764165
966.265,0.0965855
1558.18,0.155793
991.303,0.099053
1029.59,0.102917
579.225,0.0578877
1383.75,0.138269
1190.5,0.118872
1143.31,0.114301
684.536,0.0684323
1128.87,0.112853
5139.84,0.513907
1466.2,0.1466
4645.48,0.463796
662.393,0.0662221
1608.09,0.160783
3018.43,0.301731
542.098,0.0541947
973.901,0.0973348
5865.49,0.585856
1905.97,0.190156
778.223,0.0778126
1191.92,0.118112
2708.95,0.270822
758.316,0.0758202
1550.61,0.154955
2445.93,0.244281
1022.77,0.10227
729.148,0.0729117
885.59,0.0885389
900.004,0.0899917
1136.02,0.113461
1297.46,0.12965
901.065,0.0901011
861.907,0.0861266
2488.06,0.247329
1316.94,0.131439
1635,0.16331
1084.41,0.10836
926.991,0.0925613
1865.89,0.186395
2942.06,0.29408
1061.31,0.10596
1895.88,0.188847
3299.83,0.329789
813.346,0.0813266
2145.18,0.214366
940.203,0.0939508
945.784,0.0945525
984.078,0.0983785
976.449,0.0975547
1891.82,0.189154
955.02,0.0954866
2089.93,0.208868
929.658,0.0929633
1301.77,0.130126
1373.79,0.137355
1786.56,0.17844
1213.82,0.121354
1913.15,0.191207
1419.4,0.141786
1203.48,0.120336
2481.28,0.247614
1027.4,0.102707
884.962,0.0884357
1595.47,0.159508
1636.16,0.163547
866.608,0.0866527
1246.85,0.124675
2771.61,0.257148
779.081,0.077897
1758.55,0.175082
998.953,0.0998546
2489.3,0.248777
2789.64,0.278663
2315.04,0.231336
1472.51,0.147209
2105.89,0.20962
2058.16,0.205676
1417.25,0.13144
1896.52,0.189565
3349.49,0.334798
1556.46,0.155031
983.922,0.0983165
3432.26,0.342934
1899.14,0.189904
3100.01,0.309803
916.32,0.0914817
10711.9,1.06753
1430.32,0.14292
1283.6,0.128339
759.26,0.0759028
3807.75,0.38024
1160.17,0.115988
1380.26,0.13793
4817.28,0.480856
2724.12,0.272376
1587.29,0.158692
1245.32,0.124334
850.491,0.084896
1456.47,0.145301
2160.08,0.215876
1192.66,0.119233
1364.05,0.136357
1536.07,0.153526
1373.43,0.137318
820.309,0.0820162
986.402,0.0986137
909.282,0.0909037
764.324,0.0761948
1686.42,0.168608
1195.06,0.119473
581.38,0.0581335
1267.9,0.126687
1074.87,0.107461
1125.42,0.112443
1355.04,0.135457
1016.99,0.101599
1604.43,0.160394
633.503,0.0630795
1032.59,0.103249
899.352,0.0898431
1707.37,0.170718
1212.84,0.121269
1155.35,0.115518
1964.47,0.196281
703.45,0.0702374
1109.93,0.110963
1763.3,0.175852
857.129,0.0824129
894.84,0.0894793
1479.87,0.14053
2242.16,0.224126
873.161,0.0872796
997.157,0.0996617
1238.4,0.123653
1101.75,0.110116
664.364,0.0664286
1057,0.105696
1442.69,0.143752
2964.89,0.29411
814.528,0.0813735
3809.11,0.380723
1213.04,0.12126
2271.2,0.226537
5230.42,0.522295
548.96,0.0548056
782.538,0.0781482
1006.81,0.100678
847.078,0.0846962
1129.39,0.11291
1258.46,0.1258
948.586,0.0948247
1324.04,0.129249
1622.14,0.162029
928.88,0.0927033
4752.4,0.474981
1633.54,0.163321
1367.02,0.136697
1377.49,0.13773
1528.14,0.152719
1642.63,0.1636
1684.37,0.168429
2305.36,0.230518
2210.75,0.220329
3186.25,0.318536
1889.74,0.188959
1538.74,0.153773
1075.27,0.107514
1348.91,0.134394
1253.63,0.125285
1321.84,0.131995
779.839,0.0779502
811.98,0.0809536
1081.06,0.108075
1186.02,0.118591
1762.82,0.176236
690.821,0.0690515
1488.73,0.148859
2125.36,0.212059
1481.86,0.148182
654.609,0.0654324
1768.44,0.176745
1257.44,0.125691
766.6,0.0765937
1177,0.117666
1053.83,0.105302
1662.44,0.166201
1011,0.101045
1279.63,0.127911
718.951,0.0718607
2607.31,0.260686
802.726,0.080065
1163.79,0.116299
1019.37,0.101918
1112.22,0.111212
891.288,0.0890195
1356.83,0.135465
884.905,0.0884483
776.201,0.0775547
1294.73,0.129394
886.563,0.0886416
930.129,0.0930112
2293.02,0.229157
798.954,0.0798942
707.374,0.0707229
1063.13,0.106304
1640.3,0.163933
1790.08,0.17895
1425.2,0.142471
2057.4,0.205654
1082.62,0.10824
1512.91,0.151176
876.025,0.0876002
1069.46,0.106769
277.984,0.0275988
1275.8,0.127088
751.147,0.074944
775.188,0.0775086
1172.59,0.117031
920.805,0.0920534
821.564,0.0821225
2227.98,0.222697
609.88,0.0609794
1552.78,0.15527
920.231,0.0920201
1973.33,0.197196
1342.68,0.134224
618.76,0.0618736
5188.37,0.518498
990.391,0.0990351
686.096,0.0683794
705.625,0.0704991
4027.15,0.402572
2507.94,0.250668
2090.48,0.208786
9632.94,2.7595
1522.44,0.151977
1788.17,0.17879
3355.72,0.335451
3620.17,0.36192
952.054,0.094067
928.54,0.0928354
2528.09,0.249983
1425.95,0.142394
1409.29,0.140922
1975.01,0.197457
6356.01,0.634399
616.638,0.061657
1094.13,0.109152
1017.68,0.101765
867.323,0.0859238
711.794,0.0710978
1341.65,0.134104
2183.27,0.21807
2060.76,0.206046
10735.9,1.05694
672.498,0.0672053
1396.08,0.139575
846.168,0.0844556
728.458,0.0727331
2084.47,0.208394
2608.73,0.260669
615.876,0.0615759
941.51,0.0939501
503.646,0.050329
1986.76,0.19806
1112.66,0.11115
1133.56,0.113352
1034.68,0.103442
1495.5,0.149292
907.228,0.0906724
1692.21,0.169179
961.889,0.0960416
2190.58,0.218666
863.269,0.0863129
2051.78,0.203037
908.527,0.0908359
1776.91,0.177662
1988.05,0.198753
1925.99,0.192553
4779.32,0.477543
2161.17,0.215632
793.086,0.0792825
2507.61,0.250708
843.464,0.0842925
1195.97,0.116571
990.444,0.0987957
2129.61,0.212866
1971.43,0.197075
883.872,0.0883653
1018.46,0.101784
808.049,0.0807833
2076.72,0.207442
1454.32,0.145387
1266.94,0.126674
7001.97,0.699017
2234,0.222955
1796.55,0.179597
504.096,0.0502481
1289.08,0.12875
3832.01,0.382957
2047.34,0.204299
1214.6,0.121281
890.423,0.0889874
1121.86,0.112119
976.639,0.097531
917.708,0.0917416
797.667,0.0796494
533.931,0.053366
2052.31,0.201526
712.563,0.07125
828.903,0.082817
1204.14,0.120265
761.072,0.0761021
1788.24,0.178803
1159.26,0.115893
1370.02,0.136867
16151.8,1.60446
1224.07,0.122395
672.856,0.0672752
911.373,0.091121
831.663,0.0831162
1584.97,0.158311
2990.52,0.298406
928.889,0.0928846
1400.9,0.140074
8308.8,0.829821
1503.28,0.150295
1630.04,0.16297
1530.87,0.153042
2866.75,0.286564
1217.04,0.121665
2093.74,0.209318
777.883,0.0777779
1274.19,0.127385
1446.18,0.144591
700.872,0.0700786
779.224,0.077905
863.833,0.0863761
917.833,0.0917582
2042.31,0.204067
672.743,0.067173
874.43,0.0873366
4051.48,0.40505
1044.76,0.104467
818.989,0.0818877
1597.71,0.153624
1133.64,0.113357
1360.18,0.135986
1689.22,0.168883
2292.67,1.41973
1361.65,0.135412
2129.72,0.212772
2142.56,0.214244
1657.68,0.165716
3478.23,0.347616
961.348,0.0961198
1384.22,0.138407
2539.29,0.253729
1246.26,0.12462
726.596,0.0726188
1303.1,0.130263
914.315,0.0914024
1311.38,0.131033
1756.34,0.175572
1125.75,0.112093
1542.67,0.154151
5954.01,0.594744
834.726,0.0833953
1391.64,0.139155
759.91,0.0759814
1780.47,0.178031
853.195,0.084991
522.388,0.0522106
1671.49,0.167121
990.196,0.0990034
775.492,0.0775388
9238.55,0.92345
1459.46,0.145462
1367.21,0.136598
1121.69,0.112162
1137.92,0.113601
1267.52,0.126515
1287.08,0.128704
779.732,0.0779036
10343.9,5.15694
1754.2,0.175337
1929.54,0.192842
684.942,0.0684903
1901.03,0.190038
1198.57,0.119791
3380.31,0.337935
2048.97,0.20485
783.117,0.0783032
1332.87,0.133264
858.458,0.0858134
3811.15,0.380217
957.813,0.0956836
1582.8,0.15824
1272.72,0.127219
1053.35,0.1053
1244.06,0.124375
1305.04,0.130499
995.783,0.0995638
571.006,0.0570954
839.468,0.0838943
1135.51,0.113513
740.51,0.0740268
938.073,0.093803
1647.27,0.164713
916.426,0.0914955
1158.81,0.115857
1214.74,0.121444
1730.25,0.172905
1367.92,0.136782
1405.14,0.140489
1045.26,0.104508
936.139,0.0935339
505.936,0.0505587
809.528,0.0809113
2145.12,0.214472
899.887,0.0899613
1085.63,0.108491
1714.1,0.171271
1100.94,0.109563
910.986,0.091074
712.755,0.0711711
1980.07,0.197953
858.026,0.0857734
1369.63,0.136712
989.856,0.0987702
3631.52,0.36271
1243.41,0.124075
900.85,0.0900713
1792.77,0.17912
1348.5,0.134799
952.618,0.0952042
1899.58,0.189827
2798.43,0.279748
1945.31,0.189172
720.846,0.0720367
1194.6,0.119375
1220.95,0.121993
697.913,0.0691839
1273.39,0.127329
490.308,0.0489452
1138.49,0.112914
965.036,0.0964986
871.741,0.0871668
1697.49,0.16958
1877.2,0.187649
1792.82,0.179129
1704.83,0.170458
1863.01,0.186276
727.013,0.0726682
862.356,0.0862141
1203.98,0.120391
5235.49,0.523491
913.94,0.0913464
943.594,0.0943586
706.994,0.070447
1043.64,0.104177
1025.96,0.102588
756.918,0.0756879
1280.07,0.127979
963.645,0.0963325
1346.11,0.134584
887.156,0.0884711
714.737,0.0714655
1950.5,0.194911
1554.29,0.155385
634.658,0.0634248
10261.5,1.02526
782.433,0.0774688
1189.3,0.118837
2683.63,0.268339
1077.17,0.107579
1255.34,0.125524
1502.81,0.15026
611.295,0.0611284
853.012,0.0852997
906.462,0.0905651
822.917,0.0822647
4749.79,0.473835
1527.41,0.152117
1909.05,0.190894
964.128,0.0962583
922.46,0.0922083
2923.77,0.292213
1363.88,0.136354
853.737,0.085117
1539.66,0.153478
1343.41,0.134255
821.133,0.0820537
2419.18,0.24178
1225.99,0.122442
1539.94,0.153917
826.868,0.0826831
1340.75,0.13405
950.314,0.0950219
2256.09,0.225156
1505.48,0.150514
1191.68,0.119164
985.696,0.0985592
1531.27,0.153094
843.989,0.0843937
860.629,0.0860029
1668.48,0.166835
2334.95,0.232141
1746.74,0.174505
2019.82,0.201953
2277.37,0.227638
1082.66,0.108125
881.839,0.0881764
947.56,0.0947487
800.194,0.0799756
709.197,0.0704873
6221.17,0.620302
22718.6,2.26602
1046.43,0.104522
1111.56,0.111113
1644.57,0.164415
1256.39,0.125623
2752.48,0.275096
1919.51,0.191893
2497.74,0.216031
1305.43,0.130506
697.39,0.0697148
1005.98,0.100576
853.278,0.0853
1860.18,0.185981
791.633,0.0791246
946.237,0.0946175
1305.61,0.130455
540.498,0.05388
1865.9,0.186224
2006.21,0.200297
1745.4,0.174316
1111.5,0.11105
1348.11,0.134791
1859.3,0.185339
1820.19,0.181986
1925.6,0.192331
1154.4,0.114264
2417.99,0.241788
1462.17,0.146149
846.583,0.0845846
10635.2,1.06227
1003.08,0.100267
1297.47,0.129688
1160.08,0.115969
2593.26,0.259075
854.103,0.0843066
1462.56,0.146233
1561.17,0.156101
2373.16,0.236677
1179.99,0.117983
5411.41,0.540742
4722.87,0.471904
713.142,0.0712729
876.565,0.0876117
859.723,0.0859026
957.984,0.0957857
859.637,0.085914
871.364,0.08628
770.064,0.0770015
593.082,0.0593072
911.296,0.0911183
782.806,0.077573
1136.88,0.113656
2226,0.222336
1077.3,0.107697
1956.47,0.195614
870.126,0.0869919
1205.12,0.120497
1241.27,0.124116
3086.27,0.308577
1166.86,0.116147
432.639,0.0431834
1136.69,0.113408
1431.51,0.143124
1204.09,0.120383
1509.4,0.150839
747.488,0.0746697
4512.18,0.450245
1322.56,0.132248
529.849,0.05283
913.858,0.0913664
704.838,0.070461
1623.97,0.16233
932.828,0.0931259
1772.84,0.177255
1112.25,0.110634
929.631,0.0929534
4862.67,0.486142
866.56,0.0866277
2979.27,0.297821
1050.78,0.105076
853.815,0.0853661
654.449,0.0654359
848.293,0.0848069
1087.1,0.108694
1324.94,0.132484
765.408,0.0765071
4704.14,0.46966
1223.13,0.122293
7043,0.704062
2149.03,0.21473
1348.85,0.134871
1185.65,0.118371
1315.26,0.13141
596.85,0.0596372
979.706,0.0976802
3346.92,0.334459
1122.95,0.112251
2348.95,0.234827
11660.2,1.16173
1673.16,0.167291
1393.83,0.139334
1521.54,0.151914
1373.86,0.137238
1336.34,0.133599
964.158,0.0963459
1712.97,0.171212
1071.64,0.107085
895.096,0.0895051
3483.99,0.347942
1352.72,0.135256
2873.73,0.28716
868.971,0.0868874
937.188,0.0936907
1487.26,0.148701
903.79,0.0902064
1347.44,0.134593
1085.05,0.10834
822.801,0.0822641
2428.12,0.242758
1938.12,0.19369
2239.7,0.223736
7238.34,0.723175
3027.77,0.301058
1736.67,0.173514
6113.64,0.60982
1004.2,0.100388
1776.87,0.177511
1007.74,0.100727
3733.48,0.373219
1986.21,0.198573
1092.16,0.109095
765.11,0.0764474
2278.62,0.227783
1159.36,0.11547
623.899,0.0623768
1167.12,0.11662
1087.18,0.108669
1097.74,0.109716
1012.46,0.101019
4078.12,0.406997
3244.33,0.324087
663.873,0.0663763
4201.33,0.419819
2614.95,0.26147
1436.86,0.143657
2618.46,0.261757
519.743,0.051947
3270.85,0.326627
2812.13,0.280973
1388.39,0.13786
709.795,0.0709039
1332.51,0.133236
881.112,0.0874274
748.65,0.0748407
1319,0.13184
1432.38,0.143206
1528.04,0.152795
1051.18,0.104658
1851.97,0.184947
588.476,0.0588377
1198.43,0.119805
1406.53,0.140417
842.441,0.0842272
1029.94,0.102969
2071.12,0.206681
2069.42,0.20583
885.676,0.0885642
1333.75,0.133336
1420.65,0.142042
1211.16,0.120707
774.146,0.0773644
1723.55,0.171371
662.913,0.0659922
2136.93,0.213671
1205.7,0.12054
1016.79,0.101671
953.826,0.0952397
1954.37,0.195169
996.285,0.0995668
1140.84,0.114075
1086.48,0.108621
1108.58,0.11085
1086.13,0.108605
5250.88,0.524572
3058.66,0.305793
715.505,0.0714722
821.486,0.082135
1231.96,0.123087
913.616,0.091304
957.352,0.0957197
1034.95,0.103413
931.274,0.0930473
1809.25,0.180912
2275.77,0.227488
1248.44,0.124674
1355,0.135282
1163.73,0.116254
1382.91,0.138286
1052.86,0.105209
936.908,0.0936438
1564.04,0.156368
830.421,0.0802447
3452.61,0.344935
2367.89,0.236663
1370.28,0.13698
1270.23,0.126975
841.075,0.0840976
1990.05,0.198949
1256.4,0.12554
784.981,0.0784649
963.255,0.0962672
826.346,0.082525
1468.73,0.146857
2691.49,0.268919
1424.86,0.142469
2185.1,0.218439
1842.42,0.183899
1177.33,0.117628
1073.81,0.107362
876.897,0.0876355
876.48,0.0876448
1148.19,0.114807
1659.93,0.165972
1362.35,0.136229
1108.93,0.110854
1609.55,0.160046
803.012,0.0802963
7159.7,0.715013
839.516,0.0839239
1935.44,0.193488
4028.27,0.401688
828.124,0.0827747
4795.7,0.478929
1244.93,0.124421
1373.69,0.13733
932.198,0.0931102
791.079,0.0790883
3554.29,0.355217
1238.21,0.123807
1167.34,0.116671
5603.66,7.02401
2830.45,0.28271
957.91,0.095714
1546.26,0.154566
1192.75,0.11925
771.76,0.0770828
995.554,0.0995292
639.106,0.0639005
1123.03,0.112242
1404.44,0.140385
624.678,0.062434
1956.82,0.195582
1311.4,0.131115
1418.06,0.141771
2535.12,0.253489
1572.93,0.156883
999.925,0.0999046
903.03,0.0894899
1712.46,0.171197
8939.04,0.89257
1530.5,0.153018
703.208,0.0702618
654.048,0.065403
1021.15,0.101792
921.741,0.0921549
1407.78,0.140744
1457.83,0.145649
1014.96,0.101486
4148.53,0.412927
1047.49,0.104371
1515.14,0.151424
1800.39,0.180023
1753.7,0.175278
978.923,0.0978495
2132.67,0.21315
1147.27,0.1147
763.655,0.0761144
813.304,0.0812807
1135.24,0.11244
892.266,0.0892097
18922.3,1.88071
1676.85,0.167645
1647.81,0.16477
2310.27,0.230933
2668.93,0.266519
849.963,0.0849555
2440.19,0.243962
1115.19,0.111506
1054.23,0.105379
757.169,0.0755404
813.77,0.0813582
1021.47,0.102032
1412.45,0.141232
1006,0.100527
1599.6,0.159868
619.019,0.0618169
819.66,0.0819331
2174.03,0.217237
1162.92,0.116286
1106.74,0.11067
1504.56,0.150405
10713.4,1.0693
1139.3,0.113891
666.125,0.0665546
1159.25,0.115895
7394.22,0.738833
1071.22,0.107116
2406.69,0.240471
2390.85,0.238976
689.721,0.0688263
3006.99,0.300467
1642.89,0.163883
1225.37,0.122507
2916.4,0.291295
700.041,0.0699702
1817.65,0.1813
1349.63,0.134825
1121.82,0.112114
1258.85,0.125848
996.205,0.0995967
1384.96,0.13829
857.441,0.0856772
749.529,0.0749499
748.891,0.0748587
7300.08,2.10117
8128.43,0.812177
5150.87,0.513445
879.583,0.087932
1598.97,0.159878
1231.05,0.12281
933.561,0.0932203
6420.2,2.03224
737.35,0.0737016
1385.41,0.138481
1034.78,0.103471
2624.21,0.262129
802.938,0.080292
6275.02,0.626405
1369.39,0.136873
1231.5,0.122995
1887.93,0.188641
1356.24,0.135579
3038.84,0.30384
1792.64,0.172567
1459.9,0.145882
2467.03,0.246513
1627.54,0.162645
1437.6,0.143725
1517.57,0.151746
4445.62,0.443634
5164.42,0.513598
926.818,0.0918077
9081.71,4.85929
2366.83,0.236306
980.399,0.0980267
2068.46,0.206818
1358.5,0.135825
738.125,0.0738005
1122.44,0.112232
1869.04,0.186775
2008.85,0.200845
2720.07,0.271848
2704.16,0.267281
955.332,0.0955042
1231.12,0.123078
915.596,0.0915436
1495.95,0.149578
1194.6,0.119422
1426.23,0.142545
988.129,0.0987667
2667.68,0.26641
1270.59,0.126268
963.119,0.0961071
1572.33,0.156596
1442.59,0.144241
1036.47,0.103632
1465.31,0.146498
844.275,0.0844099
1284.7,0.128454
1915.65,0.191498
501.815,0.0501159
1520.04,0.151939
1076.42,0.10752
1937.69,0.193661
3452.02,0.726783
3876.57,0.387565
988.261,0.0988227
1036.66,0.103609
1488.65,0.148813
1203.19,0.120299
958.116,0.095745
997.869,0.0997708
691.041,0.0690609
1933.3,0.193297
588.111,0.0588093
1042.53,0.104191
1553.84,0.155302
1235.89,0.123534
1442.64,0.144253
616.518,0.0616447
751.491,0.075121
1567.25,0.155899
778.802,0.0778698
945.015,0.0944955
1027.63,0.102637
2337.95,0.233754
1073.25,0.107309
2394.87,0.239464
908.129,0.0908033
2287.16,0.228678
826.776,0.082671
671.484,0.0670517
4132.58,0.412751
2180.57,0.217761
1253.05,0.125251
1400.6,0.14003
1285.78,0.128556
1954.81,0.195451
872.601,0.0872485
5001.19,0.499527
663.195,0.066221
645.709,0.0645271
999.094,0.0998881
640.732,0.0640609
682.379,0.0682289
854.144,0.0853997
1433.63,0.143311
1187.13,0.118431
1190.66,0.119054
1887.18,0.188695
1701,0.170085
942.585,0.0942306
5279.83,0.527239
1132.38,0.113064
1439.03,0.143737
475.47,0.0475146
1305.52,0.130511
1082.43,0.108213
1580.14,0.157938
1026.5,0.102645
1661.44,0.166012
828.842,0.0828298
2515.65,0.251383
827.093,0.0826564
1657.67,0.141582
2008.91,0.200871
2247.01,0.224204
1364.25,0.136396
556.591,0.0556197
1441.53,0.144139
2170.11,0.216953
7751.17,0.773576
767.673,0.0762465
2471.07,0.247013
940.042,0.0939795
687.687,0.0687246
2006.27,0.200593
2013.46,0.200433
1006.59,0.100647
752.997,0.075276
1690.01,0.168916
1127.94,0.112761
793.62,0.0793549
1205.95,0.120494
1248.24,0.12477
1068.63,0.10682
6369.75,0.62889
3240.05,0.323779
655.16,0.0654981
678.519,0.0678318
830.633,0.0829468
1823.09,0.182198
1081.94,0.108085
891.65,0.089159
6351.13,0.63487
2321.94,0.232014
1366.15,0.136441
1131.29,0.113047
1954.12,0.195257
1148.2,0.114655
862.809,0.086254
1133.46,0.109219
1229.26,0.122903
1985.73,0.198333
900.06,0.0897418
3814.06,0.381265
2040.95,0.203957
1223.2,0.122234
3487.18,0.348574
1379.16,0.137905
912.042,0.0909093
2499.29,0.249737
573.423,0.0572464
836.331,0.0835798
2252.67,0.225257
1300.52,0.129998
1297.26,0.129702
1137.18,0.113599
1372.4,0.137213
3107.45,0.310496
1300.44,0.129972
4327.95,0.432145
1432.28,0.143212
1242.61,0.124243
1127.88,0.112719
1629.37,0.162923
1265.49,0.119929
1666.17,0.166034
820.6,0.0819965
594.726,0.0594679
694.638,0.0694182
1193.93,0.11927
1929.37,0.192159
2759.12,0.275651
2865.63,0.286434
1464.57,0.146323
11464.8,3.81537
838.101,0.0838074
1154.7,0.115411
1654.03,0.165353
1970.08,0.196936
984.37,0.0984302
871.564,0.0871156
749.741,0.0748854
1783.47,0.178251
2233.76,0.223095
1821.47,0.182069
799.827,0.0799696
1043.93,0.104366
898.93,0.089825
906.875,0.0906687
638.762,0.063874
930.491,0.0930345
887.018,0.0886533
2164.12,0.216185
1652.78,0.16518
712.935,0.071252
2074.42,0.207374
7016.98,0.699045
1135.67,0.11351
886.737,0.0886534
1082.09,0.107968
968.339,0.0967426
2030.52,0.202938
963.746,0.0963633
783.097,0.0782565
1024.59,0.102357
1388.28,0.138815
2158.16,0.215797
794.184,0.0793415
1266.95,0.126665
1359.48,0.135935
1295.76,0.129561
1556.23,0.155421
1586.43,0.157035
9584.42,0.958108
1536.71,0.153599
895.283,0.0894752
1172.13,0.1172
1747.72,0.174274
2688.86,0.2688
610.386,0.0610201
1060.32,0.106027
648.142,0.0646058
4063.19,0.403232
858.983,0.0858234
1594.89,0.159464
709.267,0.0707217
2149.32,0.214875
1091.08,0.109095
1074.61,0.107441
1275.54,0.127537
2581.94,0.258108
1826.82,0.182442
1141.23,0.114106
3879.49,0.387468
945.152,0.0945019
1613.02,0.160955
1429.17,0.142905
1050.98,0.105096
3581.75,0.357762
1454.42,0.145373
979.377,0.0978124
1817.3,0.181711
848.694,0.0847662
2265.78,0.226131
2739.55,0.27385
1596.06,0.159586
694.078,0.0694058
625.516,0.0625458
802.692,0.0802419
812.675,0.0812281
914.692,0.091397
1462.84,0.146282
913.736,0.091307
842.313,0.0842169
1005.63,0.100501
784.59,0.0793954
758.611,0.0758335
1270.88,0.127076
1361.64,0.135935
1062.27,0.106191
777.61,0.0777156
1013.72,0.101196
948.605,0.0948586
1154.86,0.115469
1457.62,0.145445
1883.32,0.188317
1003.18,0.100298
888.77,0.0888637
830.585,0.0830395
1405.56,0.14052
2758.47,0.275594
1440.21,0.14397
7148.87,0.713478
1836.53,0.183227
961.93,0.0960421
873.442,0.0873391
1504.33,0.144577
2076.73,0.207669
1415.17,0.141415
841.138,0.0840434
2098.56,0.209718
926.112,0.0924714
639.715,0.0639662
579.076,0.0579065
2825.93,0.282512
2943.05,0.29418
2468.32,0.24566
1091.75,0.109172
790.933,0.0790681
745.041,0.0744788
1047.59,0.104744
1001.77,0.10016
912.325,0.0912177
2137.58,0.213746
1831.76,0.182963
901.404,0.0901356
1113.28,0.111326
653.35,0.0653309
1068.77,0.106783
1506.97,0.150596
2234.62,0.221035
1503.03,0.150176
1870.88,0.187
955.719,0.095259
6240.33,0.623853
957.859,0.0957397
1162.8,0.11538
1561.01,0.15608
2168.98,0.216834
1552.68,0.155182
5790.37,2.37083
2010.13,0.200763
781.428,0.0780326
2247.89,0.222506
4385.8,0.4383
3593.84,0.359245
1459.27,0.145649
1369.17,0.136859
962.834,0.0962561
3632.66,0.363211
2807.61,0.280612
1503.23,0.150301
1078.89,0.107772
1489.31,0.148917
4121.73,0.411672
1023.26,0.102206
920.051,0.0920037
943.419,0.0943121
951.22,0.09509
1513.45,0.151291
1076.11,0.107511
7592.27,0.758624
1263.32,0.126323
934.648,0.0934331
1928.8,0.192272
846.326,0.084578
2463.31,0.246124
1184.66,0.199213
1090.59,0.109035
3755.92,0.375171
999.32,0.099906
659.665,0.0659365
1129.83,0.112977
914.688,0.091445
2043.37,0.203934
1332.93,0.133271
872.304,0.0872259
1798.25,0.179576
5412.05,0.540233
1003.11,0.100291
1409.21,0.140884
1021.94,0.102118
1360.84,0.134154
1326.65,0.132602
2571.49,0.256805
763.96,0.0761782
1585.32,0.158472
622.527,0.0621918
759.55,0.0759193
1065.73,0.106538
936.142,0.0935491
1021.47,0.102097
1498.02,0.147042
701.458,0.0701432
1764.49,0.176428
980.051,0.0979888
3112,0.310842
1224.48,0.122426
682.91,0.06824
2366.2,0.236492
1060.25,0.10602
721.384,0.0720719
2206.53,0.212176
959.703,0.0959085
1137.25,0.113674
1229.69,0.122934
1084.31,0.108406
5893.1,0.586911
1468.61,0.146777
919.79,0.091884
1110.75,0.111046
1318.85,0.131781
903.264,0.0902993
602.292,0.0599088
1554.81,0.155077
1529.45,0.152812
866.431,0.0866289
1414.97,0.141468
1741.47,0.174116
2033.44,0.20331
1226.72,0.122653
1130.08,0.112836
1533.91,0.153259
960.339,0.096031
790.583,0.0790154
751.812,0.0751456
1231.06,0.123066
1220.45,0.121937
2385.99,0.238555
5757.38,0.575496
1518.96,0.151866
7791.38,0.778484
1324.07,0.132402
1560.22,0.155877
1981.07,0.197768
5593.01,0.558448
505.746,0.050561
792.455,0.079236
1090.49,0.108796
1260.76,0.126047
983.702,0.098267
1197.49,0.119725
1334.48,0.133191
1280.04,0.12785
1033.77,0.103369
1235.96,0.123539
6147.2,0.613105
641.52,0.0640964
1302.32,0.130224
4464.96,0.445523
821.92,0.0821625
1190.23,0.118474
1111.12,0.111094
2436.63,0.243648
1655.65,0.165471
1530.21,0.152953
2411.27,0.24105
2389.47,0.238824
2333.95,0.233179
3718.22,0.371708
2181.13,0.218051
873.552,0.0872705
1293.68,0.128817
933.015,0.0932854
1117.53,0.111715
1235.04,0.12333
1389.42,0.138902
1218.95,0.12187
992.602,0.0990014
1172.13,0.117167
1865.48,0.186437
1984.87,0.198025
2386.63,0.238574
1374.66,0.137385
1142.22,0.114115
1800.99,0.180038
1295.76,0.129358
936.341,0.0935392
853.59,0.0852509
1149.93,0.114823
867.25,0.0866196
1514.02,0.151372
1321.07,0.132083
1653.74,0.165291
2684.62,0.268393
1891.61,0.189119
1667.58,0.166745
1101.34,0.110094
1413.59,0.141334
1341.17,0.1338
2646.65,0.264578
570.772,0.0570439
856.212,0.0855074
1493.43,0.149259
4629.51,0.462699
1858.06,0.185421
965.079,0.0964761
2817.1,0.281337
886.143,0.0885934
1022.94,0.102027
2068.48,0.206489
1927.02,0.192659
1187.72,0.118686
1210.77,0.120948
796.732,0.0796216
1246.81,0.124629
1341.55,0.134078
536.789,0.0536675
809.679,0.0809386
1054.58,0.105376
2200.44,0.219935
2008.44,0.200823
1102.41,0.110214
1285.41,0.128525
1330.54,0.132981
2182.07,0.218151
987.332,0.0986829
2201.3,0.220015
915.752,0.0913608
993.817,0.0993593
784.78,0.0784739
1349.99,0.134965
1532.59,0.153128
1156.04,0.115539
1004.58,0.100438
2257.7,0.207711
1192.98,0.119244
1028.16,0.102751
1728.3,0.172782
1859.55,0.185935
992.016,0.0991122
1847.42,0.184516
1219.14,0.121883
963.036,0.0961354
1111.89,0.111135
13446.2,1.33926
1184.22,0.118269
1229.01,0.122789
1812.47,0.181036
1044.62,0.104459
495.025,0.0459389
1075.23,0.107497
3188.68,0.31878
1077.53,0.107586
1192.77,0.118575
990.934,0.0990604
811.525,0.133455
8612.1,0.85951
2199.65,0.219755
1686.47,0.16861
1899.02,0.189775
949.794,0.0949444
1318.08,0.13126
462.553,0.0462511
850.335,0.0844525
935.817,0.0935763
1203.15,0.120297
919.061,0.0918565
1323.46,0.132321
1081.84,0.108169
1135.82,0.113547
829.013,0.0828534
1524.19,0.152364
1968.96,0.196846
1817.43,0.181731
2298.48,0.229816
2547.3,0.254637
1621.03,0.162052
1117.85,0.111774
1593.25,0.159169
745.368,0.0745152
1127.78,0.112739
1320.68,0.131981
1702.23,0.170076
1334.4,0.133398
2061.52,0.205633
704.43,0.0704401
1288.84,0.128814
638.095,0.0637949
1707.09,0.170684
4221.47,0.421388
1458.59,0.145836
1771.31,0.17709
1637.44,0.163403
1291.85,0.129033
1473.7,0.147064
984.18,0.0981479
818.013,0.081768
2470.19,0.246647
4716.98,0.470042
1257.36,0.125722
1979.36,0.197712
1992.28,0.198865
1087.35,0.108645
685.389,0.0684478
1237.45,0.123671
1742.98,0.174247
867.143,0.0866797
871.069,0.0870581
2083.79,0.208298
544.959,0.0544801
818.539,0.0818353
3967.03,0.396398
1081.91,0.108181
1725.95,0.172459
1500.68,0.14988
1652.5,0.165203
1436.04,0.143559
834.137,0.0834085
1367.42,0.136629
1945.69,0.194031
793.823,0.079378
1933.48,0.193152
2091.61,0.209073
1198.16,0.119814
1292.54,0.129222
1696.63,0.169613
1723.18,0.172163
1271.53,0.127019
1230.08,0.122966
2358.85,0.235838
774.947,0.0774501
812.675,0.0812476
1533.3,0.153316
1657.29,0.165604
1282.47,0.128203
1665.08,0.166497
869.181,0.0865979
959.546,0.0959245
674.332,0.0673424
1521.37,0.152132
2308.23,0.230629
1360.62,0.135995
1004.82,0.100471
934.3,0.0934206
2767.87,0.276613
559.987,0.0559823
1760.92,0.176045
1027.02,0.102234
1268.23,0.126758
1106.35,0.11061
1781.88,0.178127
800.424,0.0800233
1288.43,0.128833
1073.01,0.107247
1301.04,0.13008
4986.76,0.498291
853.167,0.0853145
1319.11,0.131874
667.178,0.0666736
1315.06,0.131482
1816.93,0.181347
1191.01,0.11904
1193.34,0.11932
629.823,0.0629757
1480.46,0.148013
1237.77,0.123753
1004.45,0.100436
1831.71,0.183116
1200.21,0.119966
1505.81,0.150533
1553.16,0.155265
1286.13,0.120382
1444.72,0.144413
1060.28,0.106025
935.772,0.0935167
1861.96,0.186141
638.689,0.0638677
1386.16,0.138605
2868.48,0.286793
908.39,0.0908249
848.326,0.0848286
1200.41,0.103231
1121.45,0.111985
3257.56,0.325571
1361.32,0.136034
3355.95,0.335286
1325.7,0.132498
802.813,0.0802107
1022.3,0.101941
2043.05,0.204244
989.005,0.0988851
1916.21,0.191475
1176.06,0.117596
1439.42,0.143639
597.529,0.0597229
1575.92,0.157573
12011.9,1.19796
1000.55,0.100003
1798.22,0.179758
1152.41,0.115211
917.987,0.0916169
9681.19,0.966706
888.203,0.0887758
2383.35,0.23824
1800.52,0.166865
666.938,0.0666865
4723.19,0.47185
930.934,0.0930703
683.624,0.0682311
657.801,0.0656898
1216.96,0.12151
994.251,0.0994152
777.994,0.0777527
828.202,0.0827899
907.107,0.090677
987.761,0.0987095
2021.31,0.202014
1040.35,0.103973
679.47,0.0679422
3970.81,0.397341
1498.06,0.14967
709.802,0.0709248
1149.55,0.11493
1159.28,0.115588
1357.9,0.135481
1096.51,0.109521
1658.58,0.165758
2063.11,0.206008
651.474,0.065117
1794.45,0.179363
651.221,0.0650974
797.823,0.0797596
1490.31,0.148992
3908.6,0.390554
2912.61,0.29092
2237.11,0.223659
1110.18,0.111002
956.833,0.09564
1482.21,0.148123
1163.41,0.116253
1883.04,0.188074
1163.63,0.11635
893.003,0.0892911
715.396,0.0714469
1258.42,0.125781
4422.94,0.441982
2286.05,0.228578
1197.22,0.119706
954.335,0.0954306
1084.28,0.108391
1582.54,0.158026
2091.88,0.208775
584.714,0.0584463
944.116,0.0943341
1615.72,0.161484
1402.66,0.140214
834.364,0.0833359
4042.2,0.40374
965.48,0.0965322
765.68,0.0765036
690.217,0.0690027
666.004,0.0663807
801.593,0.0796505
821.168,0.0819935
749.717,0.0748316
3009.73,0.30087
1127.73,0.112738
1768.23,0.176589
805.892,0.0805599
1598.18,0.159793
593.388,0.0593154
2041.94,0.204047
623.256,0.0623102
1201.65,0.120034
1042.43,0.104209
973.708,0.0972684
1222.29,0.122217
2593.5,0.259056
1834.67,0.183395
2795.27,0.278974
1272.52,0.127116
1279.9,0.127976
755.585,0.0755534
1395.58,0.139504
1960.55,0.196026
3694.19,0.36918
1256.07,0.125593
2575.86,0.257135
1451.3,0.145098
809.828,0.0809696
1032.37,0.103213
737.869,0.0735608
3265.49,0.321016
607.067,0.0606103
919.349,0.0907435
562.119,0.0562085
646.111,0.0646064
1377.96,0.137596
1625.38,0.162489
1817.06,0.181578
872.828,0.0872295
882.896,0.0881833
1126,0.112463
866.351,0.0866316
5014,0.500291
1330.26,0.132712
759.953,0.0752313
2089.94,0.20889
1016.92,0.101645
978.481,0.0977827
1092.91,0.109186
709.292,0.0708876
1410.94,0.141068
770.139,0.0770073
1615.3,0.160522
710.27,0.0709106
1954.57,0.195323
2847.23,0.284567
4365.28,0.436145
3152.77,0.314435
1553.23,0.155179
1525.63,0.15225
1092.87,0.109273
876.077,0.0875915
1325.58,0.130173
846.67,0.0846586
854.532,0.0850126
439.963,0.0439163
1589.89,0.158968
759.823,0.0759137
2934.94,0.293234
946.685,0.0945711
871.327,0.0870974
2192.28,0.219192
18273.4,1.81961
1992.93,0.199016
1678.03,0.166016
3483.4,0.347933
1733.94,0.173304
1523.23,0.150744
554.401,0.0552474
1394.7,0.139317
1470.15,0.146673
1436.97,0.143642
1714.93,0.171464
1393.93,0.139369
1028.78,0.10282
1514.28,0.151405
1791.9,0.179012
1329.72,0.132967
1615.76,0.161503
1105.01,0.110479
6170.67,0.616017
1478.46,0.147754
4891.7,0.488807
8143.88,0.812122
800.435,0.0798759
1261.15,0.125961
1895.59,0.1894
1990.03,0.197342
756.045,0.0755938
812.599,0.0812405
969.587,0.0967819
2231.54,0.223061
619.547,0.0619542
907.361,0.0906506
3085.17,0.308385
1944.35,0.194386
903.729,0.090361
2221.38,0.222105
1058.18,0.105772
811.646,0.081148
5553.27,0.555115
1060.79,0.106068
2219.43,0.221901
1029.08,0.102846
2149.41,0.214758
902.385,0.0901908
2124.46,0.212259
2862.92,0.285776
926.777,0.0926634
1848.53,0.184815
889.068,0.0889046
1235.82,0.123485
8414.38,0.838219
730.982,0.073068
1277.78,0.12775
1333.53,0.133315
322.061,0.032191
1284.59,0.128308
10085.5,1.00756
787.603,0.0787337
731.471,0.0731279
1334.23,0.133407
885.172,0.088475
972.802,0.0972781
1551.97,0.155149
2193.21,0.219284
2995.89,0.299489
963.541,0.0963479
1634.4,0.163347
2190.94,0.21906
1403.56,0.140324
805.911,0.0805337
1077.32,0.107715
1467.5,0.146641
1154.5,0.115354
1238.52,0.123756
1155.91,0.115523
8452.98,0.844953
973.136,0.0972953
743.735,0.0743141
1550.48,0.155023
982.827,0.0982518
769.566,0.0769188
576.914,0.0576822
2454.17,0.245357
535.051,0.053446
704.346,0.0704266
918.089,0.0916618
2074.44,0.207271
1583.95,0.158381
1493.5,0.149167
768.508,0.0768494
21026.5,2.08749
1857.08,0.185594
842.592,0.0842443
1124.38,0.112361
1472.12,0.146227
894.654,0.0894028
2048.4,0.20482
1139.73,0.113879
2563.62,0.256262
3766.76,0.37647
1060.41,0.106004
3589.87,0.358824
1171.56,0.11711
22517.8,4.95726
608.647,0.0608329
1076.67,0.107664
2369.02,0.236521
875.141,0.0875093
771.647,0.0771477
1354.64,0.135397
2379.97,0.237922
818.297,0.0814852
1470.42,0.146999
6294.84,0.628869
1168.32,0.116757
2288.51,0.228695
626.502,0.062633
1177.93,0.117516
1051.69,0.105152
1141.96,0.114114
3405.68,0.340376
845.362,0.0845114
4146.99,0.414661
837.662,0.0837609
3543.59,0.354226
1987.77,0.198726
1008.91,0.100879
13708.6,1.3653
1859.22,0.185849
2333.54,0.147698
2379.45,0.237616
1437.18,0.143618
1318.44,0.131533
3337.94,0.333524
925.822,0.0925768
2092.07,0.209134
1749.65,0.174906
843.412,0.0843272
1274.24,0.127377
973.797,0.0972575
1727.62,0.17266
970.818,0.0969735
1718.46,0.17169
1624.43,0.162382
953.586,0.0937282
1532.03,0.146695
1130.15,0.113009
2519.93,0.251983
1128.36,0.11281
1937.02,0.193577
1072.34,0.106693
1344.37,0.13442
862.903,0.0862778
1026.33,0.102608
871.143,0.0871026
1198.04,0.119743
1182.86,0.118278
1518.35,0.151725
1497.23,0.14957
2793.54,0.279254
1343.14,0.134304
1222.89,0.122254
1029.25,0.102888
1310.05,0.130957
1163.28,0.116325
1292.16,0.129205
1904.79,0.190458
1028.88,0.102842
1010.96,0.101087
1219.25,0.121728
1458.53,0.145832
2307.3,0.230694
975.767,0.0975667
1019.71,0.101903
1356.19,0.135606
554.495,0.0554285
1117,0.111671
2921.48,0.291923
852.321,0.0852173
1041.15,0.104101
883.764,0.0883687
3674.94,0.367341
628.721,0.0628521
1303.94,0.130359
3209.55,0.32002
1253.32,0.1253
1008.83,0.100843
2796.85,0.279601
692.771,0.0692497
1214.94,0.121472
1163.88,0.116151
858.299,0.0857588
1464.92,0.146453
7908.87,0.790448
1971.5,0.196814
1990.37,0.198898
1182.2,0.118162
1962.94,0.196246
1322.62,0.132242
667.103,0.0666372
1067.85,0.106766
960.735,0.0960622
965.543,0.0964521
875.067,0.0875047
2095.36,0.207225
872.575,0.0872366
1376.59,0.137644
2135.85,0.213169
1379.32,0.137882
1519.57,0.151859
2137.51,0.211839
1286.35,0.128589
1150.51,0.115032
758.276,0.0758052
1251.51,0.125131
719.467,0.0719418
853.391,0.085324
1610.62,0.160995
871.146,0.0870837
943.643,0.0943576
1026.19,0.102551
667.364,0.066705
757.731,0.0757624
910.059,0.0909608
788.488,0.0788461
1943.32,0.194313
1914.68,0.191448
1316.66,0.131634
5005.39,0.498364
1896.67,0.189475
1916.46,0.191565
705.361,0.0705305
1189.66,0.118943
1331.85,0.132807
1627.09,0.162686
844.557,0.084448
1668.41,0.166819
2389.68,0.238908
1412.62,0.14116
1825.64,0.182558
1613.49,0.161267
881.743,0.0881659
808.168,0.0806428
1045.06,0.104446
851.177,0.0850932
1633.99,0.163315
1781.04,0.177633
1021.62,0.102144
889.253,0.0888892
2497.27,0.249526
1082.41,0.108144
872.433,0.0871401
903.473,0.0903148
602.597,0.0602506
490.016,0.0488728
1806.74,0.180661
1380.63,0.137435
979.731,0.0978985
859.825,0.0859655
889.782,0.0888834
938.598,0.0936356
762.837,0.0740009
1049.79,0.104922
863.894,0.0862682
846.451,0.0846368
626.927,0.0626778
7682.75,0.767509
6961.95,0.691578
697.157,0.0697132
918.755,0.0918624
1102.04,0.109669
932.816,0.0932301
1434.8,0.143363
756.417,0.075419
741.721,0.0741566
729.039,0.0728686
752.062,0.0751872
3775.15,0.377121
910.909,0.091061
760.634,0.0760204
2683,0.268241
843.282,0.0842762
825.29,0.0824546
1057.26,0.105644
587.328,0.0587302
1024.66,0.10244
1654.32,0.165334
704.909,0.0703461
1091.12,0.108866
2596.54,0.259584
705.945,0.0704441
2441.44,0.2437
1159.84,0.115891
817.423,0.0816456
2045.7,0.20445
1526.22,0.124202
1233.92,0.123064
1040.85,0.103705
2693.29,0.270089
1293.17,0.12926
915.384,0.0915271
633.617,0.0632535
4454.38,0.444937
2675.42,0.267457
4973.87,0.496661
957.293,0.09566
1251.75,0.125124
1964.57,0.196408
1225.27,0.122523
2090.57,0.208937
726.326,0.0726017
1491.33,0.149061
739.691,0.0739652
1848.65,0.182225
802.422,0.0802333
975.19,0.0973257
708.915,0.0708859
848.518,0.08485
439.571,0.0439412
803.8,0.0803686
1674,0.167179
1427.22,0.142703
1946,0.194437
1048.66,0.104703
1547.94,0.154768
967.87,0.0967769
1596.25,0.159608
686.961,0.0686806
1274.63,0.127411
857.014,0.0856885
2134.55,0.213391
1196.94,0.119608
1337.82,0.133726
782.7,0.0781881
624.082,0.0624037
1257.14,0.125684
2955.17,0.295382
1413.13,0.141287
1381.73,0.138113
2653.65,0.265302
1221.66,0.122107
1871.61,0.187098
1437.23,0.143603
877.026,0.0875968
1138.37,0.113827
1982.58,0.197875
1029.27,0.102863
1390.57,0.139011
747.635,0.0747468
2369.57,0.236901
1469.2,0.146743
713.975,0.0711487
1125.11,0.112492
1124.3,0.112292
1708.04,0.170777
2482.79,0.247483
1014.13,0.101403
1260.59,0.125901
1830.39,0.182817
1801.17,0.180081
758.245,0.0757958
984.175,0.0983125
657.656,0.0657603
706.222,0.0706107
1120.6,0.112013
1132.01,0.113183
707.655,0.0707394
2009.33,0.200841
2735.4,0.273491
1165.14,0.116513
970.065,0.0969716
1503.83,0.150181
1729.34,0.17286
1369.89,0.136956
1185.56,0.118506
875.819,0.0875788
4049.18,0.403806
2129.43,0.212765
1388.26,0.138658
978.379,0.0978171
2070.72,0.207056
12102.5,1.20694
966.723,0.0965314
1430.19,0.142469
1304.89,0.130304
1463.29,0.146325
4957.92,0.494385
1106.11,0.110597
1338.62,0.133677
1480.37,0.147954
4254.92,0.425041
1133.56,0.113324
1915.44,0.190166
1419.92,0.141857
1192.86,0.119233
618.812,0.0618762
984.378,0.0983384
1037.04,0.103694
695.301,0.0694567
1813.54,0.18122
1364.15,0.136379
1314.67,0.131434
727.071,0.072615
1596.32,0.159588
1201.06,0.120102
1532.59,0.153199
551.083,0.0551037
4689.91,0.467509
1497.55,0.149623
1348.92,0.134873
1285.74,0.128509
1261,0.12607
1329.72,0.132521
833.919,0.0833581
925.345,0.0925072
958.177,0.0954628
945.562,0.0945461
1234.94,0.123354
1221.39,0.122096
19973,1.98945
1470.05,0.146957
3607.73,0.361649
1087.07,0.108588
1413.24,0.141304
1141.68,0.114143
1023.21,0.102283
899.77,0.0899116
1044.89,0.10448
1986.32,0.198415
926.319,0.0925375
871.242,0.0861483
899.905,0.0899877
1636.36,0.163593
801.647,0.0801139
2252.59,0.225141
1663.36,0.166165
1520.84,0.151775
1023.89,0.102357
849.057,0.0849018
1065.78,0.106489
5842.89,0.580951
1417.08,0.141623
1796.46,0.179617
2847.65,0.284535
593.026,0.059289
777.685,0.0803412
1527.03,0.152685
925.978,0.0925962
718.783,0.0718679
1660.38,0.165135
890.584,0.0890501
754.137,0.0753648
1050.45,0.105044
1596.17,0.159605
2333.46,0.233289
791.385,0.0789234
1042.65,0.104156
733.684,0.0733595
937.348,0.0937145
3467.29,0.346635
1799.94,0.179961
1712.68,0.171086
2177.95,0.22024
621.899,0.062183
877.343,0.0876429
1169.21,0.116824
1596.85,0.159625
1253.26,0.125319
658.673,0.0658429
1968.16,0.196549
1283.69,0.128361
833.014,0.0832884
1262.55,0.126176
1122.95,0.112222
1470.82,0.147029
1211.11,0.121099
2565.87,0.256573
1299.25,0.129893
587.442,0.0587411
907.483,0.0905726
1016,0.101554
2199.42,0.219441
778.237,0.0777978
2940.62,0.293993
1883.45,0.188066
2290.14,0.227944
4546.69,0.454057
926.891,0.0926177
1045.36,0.104524
1038.83,0.103788
1400.33,0.139972
1282.93,0.128278
1204.24,0.120226
4075.15,0.407337
983.274,0.0983172
635.372,0.063462
1288.74,0.128812
773.513,0.0773465
575.642,0.0575498
1439.47,0.143941
1168.66,0.116861
1316.03,0.131574
2925.57,0.292271
631.627,0.063123
1276.39,0.127562
1184.92,0.118422
3291.45,0.328883
1502.22,0.150133
1151.44,0.115129
988.85,0.0988558
3832.48,0.382922
2081.62,0.207986
1395.47,0.139436
724.322,0.0724309
1542.13,0.15397
2810.25,0.269058
2661.77,0.265796
1219.26,0.121913
2118.73,0.211793
636.881,0.0635605
1779.49,0.177914
1071.79,0.107104
1013.05,0.101201
1596.55,0.159646
2303.36,0.230309
614.789,0.0614636
1216.14,0.121546
2546.46,0.25431
956.398,0.0955879
902.62,0.0902485
2272.93,0.2272
1328.3,0.132748
1745.24,0.174458
4476.42,0.447217
4738.92,0.473733
948.477,0.0948183
1982.03,0.198191
1511.15,0.150607
2119.64,0.211909
983.688,0.0983635
1435.65,0.143531
4960.44,0.495178
961.134,0.096107
710.928,0.0710733
1749.39,0.174883
1116.95,0.111596
2192.71,0.219245
2126.19,0.212489
1130.9,0.113031
1682.64,0.168129
1496.94,0.149451
1841.34,0.184076
2077.59,0.20751
1086.99,0.108508
2209.28,0.220801
1999.59,0.199356
1366.02,0.136597
1381.24,0.137902
7726.24,0.77127
1494.61,0.149446
1392.38,0.13902
1306.84,0.130663
1404.68,0.140392
2965.24,0.296168
772.207,0.0771842
1357.86,0.135413
2145.85,0.214387
1802.92,0.176168
1231.66,0.123066
854.799,0.0850938
2373.15,0.237262
6304.75,0.630124
1376.98,0.137426
912.995,0.0912775
1269.27,0.12683
1307.15,0.130703
1922.03,0.192121
1594.7,0.159194
913.92,0.0913838
936.525,0.093649
2541.08,0.254019
967.613,0.0966284
2709.26,0.270775
782.652,0.0782561
1870.98,0.186966
1106.82,0.109884
2197.84,0.219651
2639.78,0.263924
1748.13,0.174801
833.282,0.0832616
920.532,0.0920223
1834.31,0.183203
904.665,0.0901122
1009.64,0.100953
1699.48,0.169864
1463.89,0.146211
2635.38,0.263363
619.425,0.0618589
1731.51,0.173123
2630.11,0.262549
1176.84,0.117657
1821.51,0.182108
2072.61,0.20721
875.863,0.0875487
1042.23,0.104196
1664.54,0.166131
1635.79,0.163524
719.409,0.0719395
2400.09,0.239979
1504.6,0.150402
628.69,0.0622181
643.34,0.0642001
1244.16,0.124397
435.497,0.0434941
769.203,0.076875
1376.34,0.137599
1270.8,0.126992
2543.17,0.254198
878.198,0.0878074
1204.53,0.120379
2409.69,0.240498
1756.05,0.175517
1203.52,0.12034
1388.48,0.138832
1196.84,0.11967
1569.18,0.156814
1126.54,0.112645
3413.43,0.340899
926.695,0.092631
925.193,0.0922129
11135.1,1.11223
1770.54,0.177019
1069.55,0.106929
481.964,0.0481842
1215.36,0.121387
1659.43,0.165889
1080.26,0.107911
1538.34,0.153727
1461.48,0.146129
861.669,0.0861116
972.82,0.0972669
4936.17,0.493162
969.887,0.0969662
891.479,0.0891391
2499.71,0.249939
1452.23,0.145128
985.506,0.0985483
1119.22,0.111615
926.596,0.0926445
2101.18,0.210077
1085.56,0.108509
1500.95,0.149813
1366.23,0.136581
1176.07,0.117572
1619.63,0.161946
3000.74,0.299879
860.64,0.0860606
1572.59,0.156972
1584.15,0.157864
581.545,0.0581472
1917.66,0.19155
767.493,0.0767461
3847.35,0.384136
1726.08,0.172496
2523.88,0.252245
1132.77,0.113194
1141.2,0.11411
834.583,0.0834407
680.606,0.0680588
878.684,0.0877541
1273.16,0.127303
1053.08,0.105265
766.717,0.0766423
1010.22,0.100958
1032.54,0.103246
1192.6,0.119182
1042.33,0.104207
1506.46,0.150584
1241.4,0.124074
1580.89,0.158005
1531.43,0.152665
1315.44,0.131116
1295.57,0.129492
1093.52,0.109065
930.131,0.0929962
4490.4,0.44821
1779.29,0.177713
1203.78,0.120177
1338.39,0.133764
730.382,0.0730295
988.711,0.0988667
1425.85,0.142502
3473.8,0.347268
1464.46,0.146405
1407.31,0.14057
695.069,0.0694917
1928.05,0.192234
9513.75,0.950737
1157.62,0.11562
1145.51,0.114476
1556.72,0.155643
2578.67,0.257833
2734.9,0.273388
532.885,0.0532324
1025.23,0.102485
2139.58,0.213572
963.892,0.0963751
12716.8,1.26829
1075.48,0.10744
1835.48,0.183338
1100.46,0.108954
1016.65,0.1016
1105.71,0.110387
2064.69,0.20642
1054.81,0.105128
808.167,0.0807639
1283.98,0.128298
1047.59,0.104744
2865.89,0.286407
1187.88,0.118783
1309.11,0.130865
2348.48,0.23478
1790.96,0.179018
2111.73,0.211121
1811.52,0.181041
1015.86,0.101559
1163.05,0.116249
1951.46,0.194932
1751.75,0.175114
705.128,0.0704067
1086.69,0.108567
1513.04,0.151217
3443.89,0.343181
1869.81,0.186972
1187.08,0.118689
7406.99,0.740507
986.589,0.0986212
4338.86,0.433359
606.301,0.0606217
1754.65,0.175418
786.846,0.0786654
2145.93,0.213508
1269.8,0.12691
1053.65,0.105197
1007.4,0.100725
1311.82,0.131151
1284.54,0.128419
1662.77,0.166187
962.533,0.0962228
1284.66,0.128434
2801.25,0.280057
1601.15,0.160107
1306.27,0.130582
1598.12,0.159358
1353.65,0.135308
2658.3,0.265636
868.543,0.0868204
2696.22,0.270502
1109.81,0.110936
1000.14,0.0999783
1036.26,0.10359
976.177,0.0975914
1199.43,0.119307
1271.89,0.127094
2241.81,0.224169
3546.13,0.352862
822.454,0.0822037
863.824,0.0859937
1373.66,0.137249
2417.86,0.241442
1030.69,0.103042
1609.72,0.160878
2265.28,0.226488
2509.32,0.25084
2373.73,0.237156
1012.41,0.101234
1671.56,0.167132
1400.96,0.139918
1564.88,0.156383
870.773,0.0870612
2700.72,0.270022
2119.3,0.211852
4169.97,0.416783
1076.58,0.107572
1112.78,0.111175
1316.38,0.131616
798.915,0.0798854
2477.85,0.247589
2069.51,0.204705
888.985,0.0888269
1460.4,0.146033
966.616,0.0965753
7812.68,0.780405
1140.32,0.113933
1468.28,0.147552
1452.74,0.145266
848.664,0.0848541
650.123,0.0650042
1117.46,0.111658
729.415,0.0728807
1065.58,0.106456
1153.19,0.115257
907.57,0.0900292
697.806,0.069713
697.115,0.0696873
762.39,0.0761599
1948.66,0.194618
772.752,0.0769953
1488.92,0.148004
925.723,0.091898
1655.53,0.165515
1449.53,0.14492
943.076,0.094304
507.669,0.0507611
4644.11,0.464205
1096.93,0.109532
3804.07,0.379919
757.111,0.0756862
548.465,0.0548291
2641.64,0.264155
2455.53,0.245461
1334.43,0.133407
1893.25,0.189224
850.677,0.0850572
2029.43,0.202884
658.561,0.0658312
655.344,0.065508
839.754,0.0839321
778.089,0.0777717
1401.05,0.140079
1263.25,0.12626
1123.66,0.112339
2082.49,0.20823
938.143,0.0937526
14937.9,1.49084
1333.42,0.133329
3216.77,0.321221
1471.7,0.147128
1030.73,0.103054
1091.43,0.109121
964.44,0.0964281
1370.67,0.136936
5344.78,0.533446
1038.2,0.103807
1692.84,0.169263
1657.11,0.16565
1005.87,0.100572
3587.03,0.358624
862.59,0.0862464
689.841,0.0689752
1309.13,0.130859
1805.77,0.180323
864.971,0.0864693
3067.12,0.306644
522.401,0.0521881
915.122,0.091315
1010.06,0.100979
1463.85,0.146371
528.84,0.0528617
2365.06,0.235748
906.042,0.0905403
1158.89,0.115718
1115.99,0.111252
1676.79,0.167539
22545.6,2.23255
5386.45,0.533182
1285.04,0.128472
1002.07,0.100192
1467.16,0.146604
1571.41,0.156989
3783.95,0.378294
1409.62,0.140859
889.918,0.0889745
1451.35,0.145046
722.073,0.0721913
1406,0.140417
2197.06,0.219664
2539.26,0.253561
1281.43,0.128109
1415.23,0.141508
1123.34,0.112226
764.971,0.076465
3259.15,0.325809
1885.41,0.187882
1068.09,0.106805
797.921,0.0797896
827.965,0.0824772
759.698,0.0759017
1139.15,0.113877
2081.16,0.204162
1011.55,0.101118
1136.05,0.113557
926.107,0.0925761
1076.58,0.107642
2405.19,0.2404
660.537,0.0660454
3012.07,0.300797
1039.43,0.10376
1786.03,0.178565
707.781,0.0707742
1175.94,0.117481
1402.06,0.140151
773.202,0.0772904
1187.53,0.118674
3332.4,0.332616
2116.92,0.211532
765.757,0.0765612
1351.54,0.135053
894.153,0.0893689
1171.26,0.11711
1069.68,0.106958
2265.73,0.226401
813.678,0.0809629
670.546,0.0669374
1947.31,0.194204
1769.02,0.176816
1437.44,0.14369
1133.1,0.113293
2280.4,0.227974
1181.83,0.118031
1490.5,0.14904
1753.2,0.175298
6160.22,2.20151
1441.43,0.144119
1719.33,0.171625
1289.89,0.128853
1512.55,0.150855
1314.04,0.131258
2125.09,0.2123
930.552,0.0930452
673.006,0.0672742
771.327,0.0770503
1027.48,0.10269
1304.12,0.130353
946.417,0.0946218
3755.15,0.37454
965.833,0.0965777
700.465,0.0699727
752.239,0.0752225
2009.23,0.20073
2049.92,0.204893
1264.31,0.126377
760.859,0.0760771
1536.92,0.153681
2295.45,0.229446
2129.44,0.212804
1197.99,0.11874
893.644,0.0892933
978.058,0.0975284
2631.88,0.262793
2097.47,0.208818
833.994,0.0833297
2260.31,0.225727
702.702,0.0702593
840.602,0.0840206
1008.91,0.10084
1548.18,0.154791
3409.42,0.340901
2325.43,0.232387
311.567,0.0311357
1645.28,0.164486
1402.45,0.140186
862.144,0.0862043
2146.91,0.214601
836.119,0.083606
6153.49,0.614109
2333.51,0.233344
957.966,0.0957178
918.471,0.0917685
1236.67,0.123588
1547.7,0.154759
1558,0.155739
2222.37,0.222109
1063.84,0.106
4636.41,0.463586
2604.94,0.260354
976.379,0.0975795
745.787,0.0745532
12304,1.22529
753.053,0.075286
1042.29,0.104214
1146.56,0.114646
808.862,0.0808806
816.795,0.0815172
1475.98,0.147521
9168.38,0.915646
821.28,0.08212
1183.15,0.116284
589.17,0.0588723
1397.39,0.139628
1445.01,0.144444
3643.5,0.363469
1267.09,0.126693
946.794,0.0946555
1132.89,0.11322
1232.61,0.12317
826.243,0.0826075
1521.71,0.152147
1090.04,0.108887
749.171,0.0749122
1371.33,0.137048
4706.1,0.470231
1604.2,0.160049
1595.74,0.159509
7973.55,0.793884
843.26,0.0843168
1322.31,0.132205
7701.88,0.767936
2548.17,0.254806
2651.65,0.265119
519.102,0.0519083
1298.33,0.129581
1142.2,0.113759
502.23,0.0502204
1995.21,0.199228
1421.92,0.141878
1429.9,0.142958
726.37,0.0726199
2206.79,0.220636
870.769,0.0869209
960.406,0.0960099
859.791,0.0859234
1181.78,0.118096
1228.52,0.122792
736.048,0.0736008
1408.56,0.140799
800.454,0.0800248
1014.81,0.101472
1090.51,0.10847
1257.21,0.125663
1494.19,0.149229
2095.33,0.2095
2158.17,0.215742
573.922,0.0573907
989.853,0.0989802
856.377,0.0854302
1659.58,0.165893
833.018,0.0831753
1813.72,0.1812
546.035,0.0546028
2478.67,0.247299
1990.99,0.198912
630.629,0.0630478
1386.06,0.138494
1039.61,0.103744
1090.27,0.108813
1430.07,0.14291
932.558,0.0932512
2862.32,0.28611
703.87,0.070359
3021.66,0.301957
1201.14,0.120088
1345.81,0.13399
962.425,0.0962175
1436.28,0.143585
1845.94,0.184413
875.674,0.0875638
2210.03,0.220763
1001.62,0.100086
988.537,0.0986589
1171.94,0.117143
975.33,0.0961351
2672.49,0.267135
668.091,0.066803
4376.92,0.437038
1392.28,0.139163
1554.84,0.155435
906.704,0.0906462
1150.01,0.114968
1994.22,0.199396
819.448,0.0818492
1729.4,0.172846
1172.52,0.117219
1001.62,0.100114
2595.54,0.259506
2306.22,0.230561
570.441,0.0569231
2050.38,0.20454
1164.92,0.116355
2156.88,0.215293
1233.26,0.123312
546.4,0.0546355
700.905,0.0700895
4151.61,0.414256
2738.63,0.273609
2806.84,0.280462
756.383,0.075633
1815.37,0.181493
671.443,0.0671227
1233.14,0.123286
2073.3,0.207309
1062.6,0.106247
1395.43,0.139525
1389.29,0.138916
1106.75,0.110618
1145.41,0.114454
900.347,0.0899894
951.214,0.0950445
1600.77,0.159999
1196.55,0.119638
1590.43,0.158988
887.865,0.0887719
1907.81,0.190558
1330.84,0.133075
1418.51,0.141826
1173.28,0.117201
3094.2,0.309265
800.246,0.0800185
1037.32,0.103652
1348.88,0.134827
932.379,0.0932062
2117.21,0.211593
1546,0.154476
786.42,0.0786215
1363.93,0.136362
3131.76,0.313064
1039.18,0.103894
2009.44,0.200842
783.318,0.0783236
1141.02,0.113776
1156.07,0.115594
2057.75,0.205745
923.665,0.0922685
2179.84,0.217925
1360.98,0.136073
806.664,0.0806329
1040.55,0.104042
1123.85,0.112293
1029.32,0.102887
1184.26,0.118327
2056.67,0.205663
3135.65,0.313374
1486.82,0.148424
1110.31,0.110834
850.821,0.0850789
1791.07,0.178323
3743.51,0.372622
1955.66,0.195446
558.271,0.0558207
1196.68,0.119641
1099.95,0.109884
2161.91,0.216074
661.166,0.0659824
1276.35,0.12761
801.126,0.0796811
1241.65,0.124157
1513.07,0.151242
1983.78,0.198348
851.53,0.0851098
1405.26,0.140159
752.296,0.0752187
1086.66,0.108627
1000.62,0.0999824
1075.96,0.107552
1344.2,0.134389
1116.16,0.111512
1780.73,0.177941
1520.43,0.151953
771.064,0.0770957
718.093,0.071783
788.859,0.0785147
2111.26,0.210899
882.593,0.0879868
2414.41,0.241352
3440.8,0.343268
1354.62,0.13544
728.638,0.0728352
2544.98,0.254013
2279.29,0.227799
1282.31,0.127743
1543.71,0.154267
2867.94,0.286186
854.083,0.0853724
699.94,0.0698825
910.12,0.0909955
876.666,0.0876465
1800.37,0.179877
1149.99,0.114986
1069.49,0.106813
834.481,0.0833559
743.685,0.0743626
1077.12,0.107354
817.339,0.0816342
958.193,0.0957913
4186.51,0.418298
3015.85,0.300975
727.588,0.0727099
592.759,0.0592463
4081.31,0.405951
778.702,0.077854
22646,2.25511
2660.54,0.265967
743.75,0.0743661
1768.94,0.176836
926.187,0.0926
1518.59,0.151842
1386.66,0.138647
1574.2,0.157295
1950.12,0.19499
1050.78,0.105054
1155.63,0.115487
1636.11,0.163452
1061.22,0.106079
1915.84,0.19123
1290.94,0.129085
2938.16,0.293373
2116.88,0.210114
2205.09,0.220399
1047.59,0.104725
534.901,0.0533901
3357.47,0.335363
894.491,0.0894157
1669.31,0.166904
1158.73,0.115818
910.897,0.0910784
2894.26,0.28923
1236.99,0.12363
873.329,0.0873169
1658.79,0.16581
1467.13,0.146704
801.395,0.0801339
1506.77,0.150663
678.227,0.0677575
1044.76,0.104447
1584.35,0.158407
1101.79,0.109999
893.375,0.0893207
855.617,0.0855472
941.426,0.0941148
687.342,0.0686899
931.51,0.0928802
754.5,0.0754428
5049.31,1.03283
1443.43,0.144324
1196.77,0.11961
966.408,0.0966395
1189.33,0.118911
1200.35,0.120002
892.897,0.0892653
716.732,0.0716684
1686.76,0.168671
1854.42,0.182261
644.031,0.0644
886.006,0.0885572
1151.12,0.115041
1555.63,0.155516
763.872,0.0762563
882.032,0.0880974
852.975,0.0852965
746.633,0.0746091
2090.08,0.208949
1160.18,0.115909
662.561,0.0658106
1165.9,0.11656
1180.1,0.117963
1265.79,0.126572
981.593,0.0980407
667.093,0.0666829
1571.66,0.156588
1371.83,0.137168
1059.23,0.105117
1728.64,0.1728
1412.02,0.141163
1910.44,0.190959
3105.63,0.31048
880.646,0.0880595
1207.04,0.120676
1188.24,0.118786
1411.74,0.140289
904.614,0.0902583
2738.74,0.273736
1922.18,0.19218
1488.16,0.148622
890.069,0.0889625
577.419,0.0577199
2212.15,0.221002
1094.41,0.109292
1799.49,0.178629
1228.7,0.122836
1161.11,0.116092
2473.28,0.247315
2609.49,0.26079
1043.96,0.10433
2220.31,0.221929
884.162,0.0884109
816.106,0.0813266
2461.24,0.246055
1007.95,0.10072
1307.91,0.130494
11131.9,0.964051
804.867,0.0804571
4523.7,0.450439
1185.02,0.118475
854.878,0.0854233
1537.55,0.153696
1082.01,0.108103
1081.72,0.108164
1335.81,0.133574
815.766,0.0815707
712.384,0.0711364
1304.36,0.13034
827.92,0.0827652
811.714,0.0809773
1445.93,0.144573
1261.27,0.12611
1306,0.130509
926.549,0.0926087
3667.43,0.366675
3117.37,0.311568
1746.16,0.174571
3103.83,0.309778
1111.7,0.111138
947.958,0.0947943
9708.62,0.969928
947.196,0.0947033
2933.58,0.291979
1389.28,0.138687
2651.79,0.265158
1045.35,0.104523
1927.84,0.192626
1416.52,0.141432
1061.66,0.106147
3922.24,0.391526
1470.23,0.146944
2474.67,0.177969
22298.2,2.22797
765.331,0.0763878
1165.04,0.116463
3355.29,0.335345
1473.74,0.147337
2749.96,0.274596
1471.64,0.14714
1041.73,0.10406
491.831,0.0491792
824.131,0.0823918
1187.06,0.118691
2002.47,0.19967
557.461,0.0557261
2221.71,0.222149
1056.08,0.105535
2285.13,0.228432
12031.3,1.19714
1270.76,0.12703
1129.17,0.112762
1095.16,0.107592
1688.1,0.168782
428.675,0.0428537
599.523,0.0598795
15890.9,1.58671
953.18,0.0953143
836.153,0.083499
1636.95,0.163639
1769.67,0.176927
1001.44,0.100116
1832.48,0.182456
1029.61,0.10295
11579,1.15621
2621.33,0.262
1045.65,0.104541
1563.78,0.156352
1276.46,0.127374
1377.67,0.137755
2236.03,0.223516
1494.8,0.149476
1027.11,0.102701
1653.74,0.165331
1031.79,0.103069
867.231,0.0867209
882.406,0.0858084
1413.28,0.141275
620.316,0.0620235
931.772,0.0931622
1079.4,0.107805
4123.69,0.411939
957.214,0.0956105
1472.59,0.147175
612.645,0.0612529
697.855,0.0697804
1807.33,0.180617
733.247,0.0733185
654.698,0.0654674
1474.93,0.147345
2055.6,0.205511
2167.84,0.216512
915.377,0.0915362
1060.43,0.105816
2051.36,0.205079
1207.97,0.120677
2004.38,0.200026
1067.71,0.10675
2719.8,0.27178
1321.03,0.132089
1109.63,0.110846
1490.2,0.148985
1029.72,0.102947
776.703,0.0776312
1382.34,0.138044
8100.34,0.807214
2428.59,0.24206
1564.86,0.156457
1439.95,0.143942
1634.57,0.16344
1555.81,0.155561
1654.11,0.165299
1474.91,0.147463
797.989,0.0795904
987.977,0.0987867
1469.42,0.146908
3116.36,0.310694
3651.36,0.364085
1028.4,0.102834
3861.94,0.385851
847.696,0.0847641
653.597,0.065358
951.67,0.0945764
1178.62,0.117765
791.301,0.0791226
1566.3,0.156339
4880.9,0.487302
845.287,0.0843117
975.816,0.0975514
1983.22,0.19742
1311.59,0.131106
1361.02,0.135628
1727.88,0.172577
892.725,0.0891618
918.483,0.0918257
630.173,0.0629874
1883.28,0.188304
2149.6,0.214882
838.528,0.0838466
685.632,0.0685345
2640.65,0.26393
761.621,0.0761544
3038.57,0.303782
1032.36,0.103168
10420.9,3.96568
847.739,0.0846783
1817.16,0.181617
978.191,0.0974539
1070.18,0.107008
1416.55,0.141592
990.853,0.099077
860.69,0.0860402
1160.8,0.116017
1214.03,0.121387
1059.42,0.105938
1606.91,0.160601
2449.16,0.244754
1347.63,0.134727
958.327,0.0957851
1118.21,0.111791
873.612,0.0872999
813.277,0.0813233
691.155,0.0690917
2646.38,0.264569
1298.48,0.129842
1083.91,0.108373
789.314,0.0789272
826.742,0.0826478
1902.18,0.190119
1299.11,0.129881
1359.7,0.135935
1499.17,0.14966
754.08,0.0754068
629.215,0.0628973
1290.18,0.128961
1176.72,0.11765
1100.08,0.10998
855.099,0.085412
1770.71,0.177047
1864.43,0.185941
2152.46,0.213957
1026.86,0.102669
1518.82,0.151227
1117.48,0.111733
855.002,0.0854977
1098.66,0.109645
1107.82,0.110742
1134.49,0.113428
1715.31,0.171319
22820.8,2.27082
2626.5,0.262222
525.505,0.0525485
3621.16,0.361994
975.774,0.0964445
3734.79,0.373274
3698.37,0.369523
1853.5,0.18533
818.223,0.0817875
1517.61,0.151688
2087.96,0.20862
1099.82,0.109965
1117.5,0.111724
675.753,0.0675706
932.558,0.0932161
1096.07,0.109594
830.796,0.0830727
1342.41,0.134226
1125.4,0.112505
1033.73,0.103262
1022.83,0.102143
1676.41,0.167459
1233.75,0.123287
1151.4,0.114953
1602.04,0.159985
932.567,0.0929382
1440.54,0.143972
4314.88,0.431329
1395.78,0.139559
2600.25,0.259928
1867.51,0.186574
2208.1,0.220786
1041.44,0.104142
1725.65,0.170791
1331.11,0.132835
4663.69,0.465127
2327.98,0.232715
945.183,0.094483
5024.23,0.501655
603.293,0.0603264
1190.17,0.118995
2283.23,0.228249
864.053,0.0863535
790.882,0.0790865
1308.88,0.130839
1496.39,0.149513
1270.36,0.127021
2103.32,0.210293
3033.72,0.302843
556.728,0.052881
977.184,0.0976423
1770.16,0.17696
1008.05,0.100789
1008.42,0.100822
801.921,0.0801673
1011.5,0.100912
4816.15,0.481269
3381.47,0.33802
808.741,0.0808292
732.684,0.0732441
944.779,0.0944667
1799.48,0.179861
1262.28,0.126175
2464.6,0.246189
2025.32,0.202458
911.941,0.0911811
1575.72,0.157551
8388.66,0.837609
1026.55,0.102628
774.352,0.0774014
1142.84,0.114064
2151.42,0.214556
2065.49,0.206429
3322.47,0.331809
1265.95,0.12659
943.772,0.0942833
1601.79,0.160127
1436.37,0.143406
1021.92,0.102083
1303.9,0.130385
1190.66,0.109533
3022.46,0.301757
1317,0.131683
1752.85,0.174987
658.305,0.0658177
1475.89,0.14753
893.735,0.0893714
712.425,0.0712236
1093.09,0.109268
1079.13,0.107906
1418.99,0.141753
1481.34,0.147274
1487.8,0.148732
772.979,0.0771017
624.488,0.0623979
1235.1,0.123508
1260.48,0.122545
2214.47,0.221394
744.962,0.0744184
1876.78,0.187643
985.279,0.0985245
1724.36,0.172329
2333.39,0.233186
1901.3,0.1901
684.731,0.0684672
828.099,0.0827939
1115.49,0.110495
797.556,0.0797505
1173.45,0.117337
2314.17,0.231363
2100.45,0.209985
1079.98,0.107988
980.962,0.0979389
799.161,0.0798759
1212.64,0.121211
2061.8,0.206127
1058.27,0.1058
1380.75,0.137858
1880.94,0.187694
985.268,0.0984849
901.522,0.0901092
11484.8,1.14678
1268.05,0.12669
2355.88,0.235354
731.899,0.0731034
951.51,0.0950857
1807.76,0.180735
1703.64,0.170252
2311.73,0.231052
518.324,0.0518255
875.512,0.0875432
988.345,0.0988326
937.609,0.0937402
1250.69,0.125033
1918.95,0.191849
1811.65,0.180141
1341.8,0.134142
986.726,0.0982617
1412.88,0.141261
879.973,0.0879246
888.972,0.0888835
995.232,0.0994646
824.874,0.0824641
869.229,0.0869218
1920.1,0.191956
1838.72,0.183846
933.554,0.0931224
820.21,0.08151
1160.34,0.115981
850.195,0.0849873
1143.28,0.114229
1301.09,0.130096
1034.65,0.103369
832.558,0.0832017
1819.36,0.181824
1439.35,0.14387
1632.5,0.163188
1390.63,0.13869
1504.53,0.150382
1090.23,0.109004
7261.97,0.723372
668.646,0.0667378
1552.08,0.155194
1056.95,0.105671
1752.71,0.175211
1298.25,0.129772
1975.84,0.197315
735.384,0.0735163
759.918,0.0758002
856.851,0.0856797
1571.99,0.157188
1141.94,0.114147
15608.2,2.75088
1290.46,0.128939
908.412,0.0908285
878.319,0.0877948
734.172,0.0734088
1178.7,0.117746
919.584,0.091922
2175.01,0.216836
625.639,0.0625564
2737.46,0.27361
2772.05,0.277167
686.283,0.0686253
2186.97,0.218057
1787.47,0.17869
963.334,0.0961213
1456.7,0.145652
1105.98,0.110571
1207.02,0.120656
1043.26,0.10429
5042.64,0.503664
1311.25,0.13086
899.121,0.0898716
2628.53,0.262438
1837.4,0.183715
1038.46,0.103818
1269.5,0.1268
1390.35,0.138902
2065.63,0.205229
705.673,0.0705642
627.367,0.0627026
1859.39,0.1858
921.162,0.0920559
998.876,0.0997873
1183.75,0.115938
718.666,0.0718476
694.751,0.0694139
1355.39,0.13553
730.74,0.0730508
1594.67,0.1594
1587.94,0.158575
1763.45,0.176213
709.683,0.0709652
1290.75,0.129046
3607.8,0.360577
782.479,0.0781993
1769.34,0.174866
1554.76,0.155455
1118.46,0.111314
4484.87,0.448134
561.621,0.0561315
1016,0.101505
982.606,0.098204
1242.85,0.124272
1390.62,0.139023
2913.21,0.291224
901.186,0.0901123
1297.38,0.129734
2217.77,0.221639
1509.11,0.150895
2701.31,0.270025
1294.63,0.129385
1043.8,0.104333
1738.52,0.173843
1306.16,0.130543
1982.9,0.198231
658.083,0.0657771
1020.34,0.102027
1382.26,0.138209
4983.87,0.497646
1762.31,0.176219
1127.03,0.112342
588.916,0.058878
776.774,0.0776361
2436.78,0.243413
2059.09,0.130632
2893.52,0.289196
1275.68,0.127104
965.407,0.0965289
1002.31,0.100227
1040.76,0.104038
975.685,0.0974846
3402.15,0.340018
626.128,0.0625682
1171.82,0.117128
1772.56,0.177251
1386.87,0.138463
1430.55,0.143049
1347.36,0.134671
1765.94,0.176472
1781.62,0.176494
1568.4,0.156832
1051.86,0.105156
721.715,0.0721645
1530.51,0.15304
760.079,0.0760046
4958.77,0.495374
1631.41,0.162953
4230.28,0.422766
5370.55,0.536091
1167.08,0.116323
986.131,0.0985061
942.935,0.0942823
1267.31,0.126715
1210.68,0.121028
5225.49,0.521232
1646.41,0.164619
3593.31,0.358954
1458,0.145732
2125.73,0.21234
1087.41,0.10872
2193.73,0.21932
3323.76,0.332082
1554.54,0.155418
1682.62,0.168133
1475.4,0.147095
1153.86,0.115304
963.161,0.0962527
783.489,0.0783472
1983.87,0.198345
7438.29,0.743011
940.702,0.094027
937.625,0.0935796
1066.18,0.106572
555.852,0.0555836
868.266,0.0866897
757.452,0.075725
1073,0.107267
887.301,0.0884716
1239.03,0.123882
1037.51,0.103707
632.202,0.0631958
961.455,0.0960733
909.253,0.0904828
1178.31,0.117824
1465.36,0.146525
1096.4,0.109573
1030.59,0.103054
1141.35,0.11408
1993.5,0.198896
1897.22,0.189707
1988.03,0.19853
1448.28,0.144762
1165.66,0.116529
1089.15,0.108693
1624.2,0.162385
700.144,0.0699048
1280.64,0.128039
1452.38,0.145222
1246.68,0.124443
1458.05,0.145773
1725.04,0.172342
2065.05,0.205895
1577.23,0.157637
639.453,0.0639256
779.613,0.0776845
2294.05,0.229381
1128.24,0.112793
613.75,0.0613578
1634.12,0.163279
1978.89,0.197649
1299.94,0.129874
1448.4,0.144773
1886.3,0.188608
911.732,0.0897023
1620.75,0.162021
1229.31,0.121936
994.072,0.0981771
1199.75,0.119967
3213.33,0.321266
2280.25,0.227676
937.849,0.0934582
1084.42,0.108084
1610.75,0.160882
2178.02,0.217785
1757.36,0.175719
1260.88,0.125953
821.675,0.0821418
1183.82,0.118343
1140.2,0.11401
945.448,0.0944686
1447.4,0.1447
1329.64,0.132958
2265.6,0.22622
1802.36,0.177938
933.738,0.0933474
890.194,0.0890129
1280.75,0.128012
1712.01,0.171145
865.043,0.0864682
1517.02,0.151381
790.347,0.0789518
1180.94,0.118024
1410.49,0.140962
1145.47,0.114502
757.678,0.0757631
1077.43,0.107736
611.884,0.0611846
1044.75,0.104472
859.392,0.0858758
2013.94,0.201372
1988.97,0.198806
2833.64,0.283199
3435.02,0.343425
446.362,0.0446059
1117.26,0.111722
1656.93,0.164285
850.319,0.0849643
1368.34,0.13682
1741.26,0.17382
494.585,0.0494274
1519.31,0.151896
1951.2,0.194839
2796.49,0.279361
1868.28,0.186491
938.678,0.0938587
1447.36,0.144707
716.115,0.0715932
2251.34,0.22502
1242.47,0.117145
994.611,0.0993671
3857.85,0.385718
1307.34,0.130438
906.382,0.0906325
1247.87,0.124702
2052.8,0.197175
1529.71,0.152904
2102.2,0.2101
2179.8,0.21786
783.898,0.078324
1040.9,0.10404
1784.07,0.17824
1620.28,0.161995
885.98,0.0880081
1731.74,0.173155
1401.55,0.140119
1909.32,0.190845
1168.08,0.11677
2300.31,0.532658
2174.27,0.217196
1274.01,0.12725
1070.51,0.107007
1007.38,0.100735
1031.14,0.103101
1108.78,0.110869
654.03,0.0650887
1372.7,0.137255
947.933,0.0946574
783.854,0.0783702
774.924,0.0774216
6303.09,4.51224
1326.04,0.132585
965.874,0.0965083
1879.97,0.187857
2019.35,0.201873
1296.73,0.129592
986.785,0.0986576
805.662,0.0805272
3725.01,0.372161
1038.62,0.103829
1454.65,0.145425
785.04,0.0784378
2406.76,0.240625
2334.32,0.233197
1472.38,0.147158
6806.21,0.679295
2050.02,0.204721
1231.84,0.123182
1076.54,0.107587
4311.64,0.430664
1363.95,0.136355
914.474,0.0912775
1469.02,0.146731
14351.3,1.4345
1761.39,0.176046
1672.59,0.167256
4689.44,0.468658
811.487,0.0811153
1635.09,0.163356
841.288,0.0841154
888.93,0.0886696
1770.91,0.177037
2337.8,0.233592
11001.6,1.09645
1236.29,0.123566
558.481,0.0558465
3465.51,0.346424
1488.97,0.147302
748.778,0.0748501
2339.47,0.233779
1150.57,0.115051
2727.9,0.272656
897.387,0.0897184
801.772,0.080165
961.596,0.0961409
2690.4,0.268899
3443.44,0.334623
3450.45,0.342453
1548.82,0.154827
982.569,0.0982127
1300.56,0.129919
1315.23,0.131446
820.207,0.0820153
1491.55,0.149111
668.619,0.066784
793.342,0.0793091
888.305,0.0887879
1180.34,0.118013
2879.71,0.287839
899.028,0.0898845
4993.6,0.499243
1681.58,0.168103
840.395,0.0840064
2442.18,0.243937
780.5,0.0780127
834.872,0.0834039
1904.94,0.190451
555.161,0.0555057
682.918,0.068251
1143.68,0.113987
664.743,0.0664431
2092.74,0.209178
808.322,0.0808124
1343.33,0.134328
1048.95,0.104864
738.889,0.0738838
2423.38,0.24225
985.317,0.0985251
759.104,0.0758976
2092.09,0.209165
3442.3,0.343964
3216.17,0.32132
1354.15,0.135343
9915.3,0.990851
2127.41,0.212673
1676.08,0.167091
904.441,0.0904364
767.277,0.0767232
1073.98,0.107181
670.378,0.0670007
1813.24,0.181265
731.985,0.0731522
1896.69,0.189626
548.796,0.0548557
1222.51,0.122097
464.952,0.0464676
1340.6,0.133881
1806.59,0.180608
1621.15,0.162058
1050.5,0.104986
639.224,0.0638888
836.672,0.0836445
4331.03,0.433013
1302.44,0.130118
722.881,0.0722715
1123.98,0.112308
1088.28,0.108783
1874.69,0.187301
4434.8,0.443251
1365.26,0.1365
1726.64,0.172581
1136.94,0.113557
1095.35,0.109367
2356.18,0.235375
1686.48,0.168595
1074.19,0.107406
2404.83,0.240406
811.089,0.0810348
1249.13,0.124892
955.249,0.0947555
1129.91,0.112877
1387.45,0.138724
917.671,0.0916369
7067.58,3.97684
850.1,0.084999
609.584,0.0609275
1986.46,0.198552
3308.01,0.326486
685.254,0.0685212
789.901,0.0789647
2476.73,0.247621
1032.91,0.103176
869.426,0.0868856
672.147,0.067209
618.862,0.0617237
882.642,0.0881104
1861.21,0.186018
864.551,0.0864386
1395.16,0.139473
736.72,0.0736665
1559.22,0.155881
899.12,0.0899055
1285.86,0.128384
1088.79,0.108819
880.41,0.0880083
1162.26,0.116102
962.252,0.0961816
866.156,0.0865805
1007.64,0.100757
1181.73,0.118114
977.842,0.0977757
1131.39,0.113119
1993.67,0.199324
1180.39,0.118032
1015.64,0.101552
10215.9,1.02075
2211.71,0.221108
13588.5,1.35358
1123.7,0.11231
2054.78,0.205431
1994.69,0.199446
1023.44,0.10228
2799.65,0.279844
715.294,0.0715048
1450.28,0.14496
1459.63,0.145827
1102.46,0.110211
1320.52,0.132043
896.451,0.0896243
14576.6,1.45196
1794.09,0.179362
828.361,0.0828329
2004.49,0.200373
486.849,0.0486493
1270.63,0.126658
642.426,0.0641759
924.865,0.0924064
946.386,0.0945701
2545.23,0.24625
4219.79,0.421528
1349.06,0.134882
954.521,0.095415
3369.35,0.336883
2758.67,0.274002
788.615,0.0788554
1149.15,0.114791
1479.68,0.147749
1047.77,0.104764
845.3,0.0845156
859.759,0.0859389
3204.66,0.320259
1206.46,0.12046
2544.9,0.254438
1140.84,0.114052
1004.82,0.10047
1296.66,0.129648
1287.16,0.128603
3597.84,0.262975
759.269,0.0758349
1423.48,0.142288
4111.66,0.410876
631.052,0.0630682
1480.62,0.147984
1568.94,0.156853
1365.64,0.136232
1298.58,0.129835
830.602,0.0830421
1101.49,0.110122
1739.01,0.173884
822.807,0.0821424
1618.53,0.161637
1971.82,0.197035
813.785,0.0813732
764.696,0.0758841
953.876,0.0953456
1158.47,0.11567
1358.45,0.135821
1317.9,0.131626
1243.39,0.124135
2613.58,0.261298
1347.61,0.134669
1909.96,0.19066
2372.31,0.237158
3141.23,0.31379
2306.15,0.23057
5778.18,0.576988
1124.93,0.112481
1282.42,0.128144
1386.93,0.138612
2642.53,0.263991
946.014,0.0945644
3141.82,0.312303
991.144,0.0991039
891.478,0.0891415
758.735,0.0758494
862.869,0.0862553
879.149,0.087849
6023.88,0.600907
1230.91,0.123057
843.674,0.0843549
767.53,0.076751
1162.92,0.116271
699.686,0.0699209
791.376,0.0791313
1537.53,0.151212
844.538,0.0843413
1538.46,0.153602
1562.63,0.156035
1243.47,0.124198
979.069,0.0978902
18318.9,2.52933
1498.62,0.149817
1755.72,0.175384
1012.72,0.101068
761.058,0.0761032
1661.44,0.166093
1324.8,0.132171
1214.18,0.121231
1150.07,0.114983
826.913,0.0825434
1214.33,0.121223
767.927,0.0767881
1027.23,0.10265
621.853,0.0621826
910.867,0.0910726
1585.36,0.158424
914.81,0.0913633
861.636,0.0861224
1289.13,0.128886
3122.63,0.312232
742.644,0.074126
1374.36,0.137403
2015.87,0.201555
2912.52,0.291157
1316.76,0.131211
2271.4,0.226104
2025.7,0.202442
842.927,0.0842309
2394.39,0.239386
562.099,0.056208
1512.45,0.151144
1015.08,0.10139
1654.85,0.165115
770.998,0.0770944
2889.08,0.147048
2034.74,0.203366
772.027,0.0771882
1157.33,0.115695
3100.26,0.309685
957.161,0.0956626
1640.4,0.163703
5454.29,0.544283
754.43,0.075419
1011.9,0.10116
2230.42,0.22292
2025.6,0.202476
1263.53,0.126337
1275.88,0.127586
1734.57,0.173054
775.522,0.0775466
2616.72,0.261521
2519.71,0.251276
972.598,0.0972413
774.506,0.0774237
1113.19,0.111306
1073.49,0.107263
1541.71,0.154107
1229.7,0.122966
2558.01,0.255542
727.121,0.0726939
1061.1,0.106095
2997.65,0.299614
6373.5,0.635666
890.374,0.0889984
1074.63,0.107456
810.378,0.0806523
940.175,0.0939921
1002.67,0.100216
1430.72,0.143005
788.49,0.0787962
1232.85,0.123067
859.538,0.0859159
949.667,0.0948964
3296.43,0.328816
1785.81,0.178566
1569.67,0.15675
2032.08,0.202986
1149.79,0.114914
760.098,0.0759746
2019.65,0.201842
4007.07,0.400569
835.607,0.0835263
1854.26,0.185203
1580.25,0.158016
1531.87,0.152811
1229.9,0.122962
1192.05,0.119191
1642.8,0.164233
1254.29,0.125388
1238.01,0.12376
785.81,0.0785752
956.617,0.0956421
1082.48,0.108231
705.92,0.0705029
922.962,0.0922054
901.295,0.0901273
1335.04,0.133392
1774.53,0.177401
1308.48,0.129658
1115.43,0.111519
2500.94,0.250034
624.724,0.0624681
1701,0.169773
1421.46,0.142102
769.881,0.0769687
1143.99,0.114384
1418.08,0.141801
1439.53,0.14385
3522.24,0.35061
1643.51,0.164318
1561.37,0.15607
1231.96,0.123085
1067.81,0.106647
668.569,0.0668541
812.172,0.0812053
2081.79,0.208044
904.641,0.0894009
883.677,0.0882904
1393.38,0.139188
2109.27,0.210444
1737.28,0.173691
534.919,0.0534883
1107.32,0.110724
2438.56,0.243688
1539.43,0.153893
1641.27,0.163985
705.775,0.0705367
891.11,0.0890932
4358.19,0.435378
752.494,0.0751031
1235.14,0.123284
1645.09,0.164294
1102.43,0.110222
22254.6,2.21837
1620.09,0.161898
834.974,0.0834712
1397.09,1.72883
2342.23,0.234068
2865.81,0.286502
1342.19,0.134217
769.211,0.0768757
823.74,0.0823638
14690.3,1.46825
1173.84,0.117268
5023.93,0.501583
1213.08,0.121298
787.415,0.0786999
2641.51,0.263659
1428.37,0.142705
2252,0.2251
1122.47,0.112235
1800.85,0.179794
587.243,0.0587209
1619.7,0.161621
1072.01,0.106932
818.365,0.0818299
1544.18,0.154325
1371.33,0.137044
4854.62,0.484237
827.635,0.082627
1151.35,0.115122
646.694,0.0646536
1821.71,0.182161
1024.69,0.102447
840.692,0.0840399
3202.69,0.320182
2991.52,0.298951
843.548,0.0843462
3098.86,0.30983
664.899,0.0664806
1277.23,0.127666
901.388,0.0901069
757.271,0.0756445
1012.11,0.101207
1189.41,0.118883
1149.42,0.114848
1570.88,0.157079
1464.29,0.14641
3034.45,0.302883
3053.99,0.304422
792.444,0.0792414
743.954,0.0743925
1835.75,0.183558
1719.43,0.171892
13443.3,1.33841
1629.56,0.162884
796.096,0.0795827
864.514,0.0863848
2431.78,0.24301
6777.51,0.677583
1874.25,0.187378
3172.99,0.317149
752.394,0.0752219
1163.04,0.116283
745.741,0.0745095
703.018,0.0702995
1048.43,0.104794
1489.97,0.148974
5812.18,0.580641
736.027,0.0735838
691.333,0.069119
1153.51,0.115334
1712.31,0.171077
1180.91,0.11801
1102.51,0.110241
1959.13,0.195892
1101.71,0.110136
572.418,0.0572342
4237.93,0.421627
1233.11,0.123249
3092.17,0.309085
3481.32,0.347532
1234.46,0.12337
1390.98,0.139084
1693.44,0.169334
3530.22,0.352554
990.348,0.0989824
1969.56,0.19671
815.873,0.0815836
1128.39,0.112816
1233.14,0.123263
871.992,0.0871184
1186.27,0.118622
1149.83,0.114871
924.13,0.0924005
938.003,0.0935977
1571.03,0.15682
954.331,0.0953989
943.975,0.0943182
1710.84,0.171055
3092.61,0.30916
1121.93,0.112165
1099.12,0.109905
980.581,0.0979657
890.372,0.0890227
1025.57,0.102523
656.497,0.0656352
1017.43,0.101692
1171.32,0.116191
1586.92,0.158688
1411.62,0.141153
2997.53,0.297862
1111.85,0.111111
862.484,0.0861302
1587.86,0.158635
1210.12,0.120635
1209.66,0.120924
1137.94,0.113781
1631.96,0.163025
875.514,0.0873641
1022.8,0.101108
8219.01,0.820377
842.446,0.0841576
1218.4,0.12176
5836.32,0.582763
739.745,0.0738895
1243.19,0.12403
1133.55,0.112566
1182.39,0.118203
1192.95,0.119249
804.718,0.0801063
12644.8,1.26184
1364.41,0.136431
1062.26,0.106206
1260.78,0.126003
1783.97,0.178374
1664.14,0.166335
664.924,0.0664859
2237.03,0.223669
1244.31,0.124341
1809.32,0.180801
1748.77,0.171579
1236.23,0.123433
1900.33,0.190018
3194.82,0.319328
837.903,0.0836787
1478.96,0.147711
797.679,0.0797382
805.897,0.0805627
2019.7,0.2019
715.766,0.0715431
2433.71,0.243116
18968.8,4.69794
743.857,0.0743091
2256.31,0.224
1290.91,0.129066
1848.53,0.184724
932.395,0.0932236
1457.42,0.145708
1967.03,0.196663
873.35,0.0872606
884.484,0.0884136
1254.58,0.125102
699.337,0.0699313
1015.97,0.101581
2620.15,0.261885
1240.64,0.124022
1154.36,0.115277
1618.15,0.16167
2150.12,0.214796
1087.87,0.108765
1030.91,0.103074
2285.17,0.228492
1550.18,0.155014
1956.32,0.195452
2115.09,0.211501
782.995,0.07816
1214.46,0.121406
1719.98,0.170412
1293.84,0.129368
1036.97,0.103671
767.194,0.0766372
1112.57,0.111233
2432.54,0.24317
1906.29,0.190544
1638.13,0.163676
1839.63,0.183736
3730.46,0.372859
1604.22,0.160064
1525.75,0.152346
1635.89,0.163518
3577.46,0.357363
1083.24,0.108264
1078.76,0.107823
3005.33,0.299715
1016.13,0.101515
737.445,0.0737356
1366.33,0.136608
485.777,0.0485597
954.129,0.0954072
1854.88,0.185478
1128.84,0.11279
1309.67,0.130826
4682.16,0.467927
1553.5,0.154172
5704.23,0.56949
1503.57,0.150185
817.745,0.0817508
2050.22,0.204999
788.989,0.0788746
986.333,0.0984739
1266.65,0.114331
3573.54,0.356924
1775.99,0.177576
5247.99,0.516372
870.153,0.086938
878.948,0.0878499
1226.07,0.122556
1279.16,0.127814
878.076,0.0877974
1046.41,0.104605
683.519,0.0682996
916.456,0.091598
3250.78,0.324915
2024.1,0.202302
935.143,0.0934516
1818.11,0.181588
884.848,0.0884626
774.289,0.0774251
764.986,0.0764887
1473.73,0.1473
1291.07,0.129097
3206.7,0.320484
1808.54,0.180808
1864.2,0.186293
2712.25,0.270816
588.996,0.0588966
1193.42,0.119331
920.38,0.0920292
2222.34,0.222171
2743.78,0.274315
1485.78,0.148568
1092.37,0.109225
1592.48,0.1592
1281.12,0.127933
1158.49,0.11584
1790.87,0.179074
1885.88,0.187975
557.214,0.0557092
3779.16,0.374281
736.449,0.0736281
1130.65,0.112669
1716.47,0.171033
1537.12,0.153644
1227.16,0.122688
506.709,0.050495
23001.2,2.28789
776.486,0.0776403
1436.35,0.143579
1207.32,0.120691
911.892,0.0911751
1199.39,0.119907
922.471,0.092164
790.546,0.0790379
963.861,0.095743
2095.33,0.209407
1685.02,0.16845
1138.11,0.113712
1071.14,0.106971
1788.16,0.178774
1433.09,0.143087
5154.82,0.515104
867.108,0.0866349
1638.42,0.163819
2926.75,0.292211
2079.54,0.207806
1243.27,0.124318
2096.57,0.209576
1675.9,0.167562
1299.9,0.129826
1208.9,0.12086
1167.31,0.116661
1071.41,0.107075
9367.84,0.934982
959.561,0.0959466
506.642,0.050651
1204.23,0.120388
721.095,0.0721
842.927,0.0841541
570.076,0.0570049
1976.78,0.197651
1047.33,0.104726
4699.47,0.469625
778.99,0.0777628
900.338,0.0900315
996.6,0.0995543
2633.67,0.262661
3609.6,0.360898
2218.69,0.221733
1493.51,0.149311
3734.02,0.372189
1879.26,0.187828
1354.33,0.135348
1383.3,0.137314
1973.24,0.197291
1994.52,0.199427
3273.51,0.32687
4833.52,0.482748
1237.68,0.123765
1333.49,0.133288
1302.44,0.130154
1638.21,0.16362
958.924,0.0955665
8127.66,0.806782
979.183,0.0978991
1350.68,0.135014
2057.22,0.205702
1146.78,0.11464
2485.74,0.248527
1084.63,0.108446
5420.59,0.541168
5854.44,0.584859
1335.74,0.133554
1110.34,0.110668
815.638,0.081525
1268.4,0.126462
1129.26,0.112777
4479.82,0.447901
953.025,0.0952547
945.265,0.0944587
940.573,0.0940227
1324.35,0.132412
1629.55,0.162941
1066.75,0.106654
1066.65,0.106639
2479.37,0.2479
1364.58,0.136444
1407.59,0.14074
1240.17,0.123917
1529.01,0.152813
1791.65,0.179002
1506.52,0.15063
1589.56,0.158922
1291.07,0.129092
1333.84,0.133353
951.485,0.0951363
1800.25,0.179944
890.525,0.0890503
1715.24,0.171446
1085.78,0.108211
1440.29,0.143876
1515.66,0.151511
1159.39,0.115864
1581.52,0.158096
2230.07,0.222974
894.899,0.0894724
3236.73,0.323517
5641.78,0.563788
1116.49,0.111632
2450.78,0.244997
1004.3,0.10041
2052.92,0.205226
739.705,0.0739624
956.63,0.0967456
1244.36,0.124418
1629.47,0.162871
4573.33,0.456383
1031.1,0.103094
893.577,0.0893296
1240.98,0.123911
835.29,0.0835214
1130.31,0.112971
1018.63,0.10186
1522.07,0.152171
1909.7,0.190912
4252.48,0.424973
1114.87,0.111408
1319.46,0.13193
724.234,0.0723145
2046.43,0.204449
1432.91,0.143276
981.335,0.0981172
1603.15,0.160145
2212.6,0.220702
1246.48,0.124631
1317.33,0.131661
1366.94,0.136679
2371.96,0.237106
1396.26,0.139568
1329.6,0.122643
1046.97,0.104694
1205.37,0.120522
1882.3,0.188076
828.695,0.082793
953.67,0.0951903
593.821,0.0593736
830.178,0.0829187
1209.86,0.12085
837.475,0.083744
1126.13,0.112437
868.774,0.0867254
659.41,0.0659356
960.203,0.0960025
1072.51,0.107248
750.862,0.0750634
2050.35,0.20458
577.621,0.0577188
2650.08,0.26464
3752.76,0.374898
1404.34,0.140366
1634.43,0.163436
1410.96,0.14103
1490.04,0.148979
1099.91,0.109989
1020.27,0.101986
2059.72,0.205765
1513.84,0.151338
1099.11,0.109897
2187.19,0.218611
827.751,0.0827661
1593.03,0.1592
618.408,0.0618389
1611.31,0.1605
1113.71,0.111369
1007.2,0.100717
1910.26,0.191003
1045.13,0.104389
890.444,0.0890312
967.637,0.0966751
1247.37,0.124625
805.099,0.0804893
1648.79,0.164761
1862.52,0.186235
1413.03,0.141283
1216.52,0.121232
1152.02,0.115184
2424.96,0.242397
1397.34,0.139659
639.017,0.0638996
740.361,0.0740086
1131.92,0.113132
1074.77,0.10728
661.779,0.0661714
1502.26,0.150122
826.661,0.0826374
1549.62,0.154894
1716.19,0.171519
1469.75,0.146928
1790.61,0.178913
1767.61,0.176561
1484.34,0.148419
838.709,0.0838173
3207.93,0.318691
893.435,0.0893344
674.467,0.0671873
1400.77,0.140059
954.18,0.0954142
1148.12,0.114804
972.835,0.0971773
856.502,0.0856013
1647.79,0.164742
1684.86,0.168325
760.933,0.0760737
705.791,0.0704688
1155.91,0.115581
1477.09,0.147619
800.607,0.0799097
1291.81,0.12831
563.44,0.0563007
1461.28,0.146109
1125.01,0.112432
1306.54,0.130597
1459.5,0.145679
1167.99,0.116789
2384.49,0.238406
1412.52,0.141243
1324.69,0.132381
2727.59,0.272647
963.851,0.0963706
2937.81,5.15682
751.667,0.0751242
1215.21,0.121507
1914.64,0.191456
2963.16,0.295915
958.55,0.0955462
993.525,0.0992237
897.287,0.0896981
2982.1,0.298124
2082.93,0.208169
2338.32,0.233813
1158.19,0.115788
1598.74,0.159771
1654.23,0.165284
563.905,0.05637
728.351,0.0727757
2862.74,0.286215
1599.46,0.159915
2355.71,0.235452
2508.44,0.250458
763.175,0.0763158
4067.16,0.406399
784.852,0.07844
927.004,0.0926888
2468.78,0.246777
1833.47,0.182443
1515.54,0.151435
1185.15,0.118504
663.65,0.0662834
1839.28,0.183821
876.217,0.0872903
831.028,0.083095
573.719,0.0573516
1077.27,0.107528
1670.55,0.166991
911.56,0.0911217
1184.32,0.118407
1097.09,0.109671
1773.55,0.177347
819.257,0.0818745
1495.56,0.149375
1379.55,0.134807
1226.5,0.122641
867.479,0.0867406
2176.9,0.217583
1320.37,0.132033
1845.38,0.184347
731.716,0.0731119
1522.62,0.152174
1277.69,0.127741
1518.8,0.151865
898.748,0.0898546
1099.68,0.109963
4351.76,0.435051
818.44,0.0817922
1442.46,0.144204
722.16,0.0722044
1094.46,0.109239
777.452,0.0777212
1538.46,0.153812
2056.54,0.205585
1168.03,0.116717
1132.7,0.113257
1443.11,0.144087
1326.44,0.132618
657.489,0.0656718
966.521,0.0966476
1543.21,0.154147
2537.44,0.25371
5194.94,0.51906
2351.26,0.235097
552.114,0.0552089
5063.51,0.505594
1369.76,0.136948
493.512,0.0493456
1982.5,0.19824
2346.47,0.234463
1291.59,0.129117
926.791,0.0926618
1858.6,0.185681
1618.17,0.161812
984.041,0.0981684
2370.34,0.236859
1862.52,0.186172
2405.71,0.240435
1848.89,0.18485
2008.96,0.200724
1501.79,0.149947
2082.32,0.207955
1424.53,0.142429
789.081,0.0789075
1681.3,0.168105
2053.69,0.205359
1269.81,0.126948
910.101,0.0909404
1430.86,0.142703
2338.12,0.232912
1899.93,0.189958
1151.08,0.115084
763.825,0.0763694
607.272,0.0606953
1289.82,0.12895
1131.47,0.113009
670.484,0.0670364
1158.47,0.11555
813.306,0.0813132
1073.33,0.1072
988.154,0.0987491
1765,0.175939
721.103,0.0720301
809.434,0.0806725
587.198,0.0587177
1935.99,0.193513
1160.95,0.11606
873.633,0.087326
1216.43,0.121452
927.409,0.0926932
2116.03,0.211482
824.494,0.0824334
1141.57,0.114122
1058.09,0.105145
1176.29,0.117613
2280.82,0.227954
1792.59,0.179174
892.827,0.0884523
1223.19,0.122305
1694.16,0.169345
3223.32,0.321904
1715.21,0.171512
1044.43,0.104397
786.696,0.078664
1139.65,0.113901
1096.44,0.109487
570.43,0.0570379
1128.08,0.112753
996.325,0.0995785
1401.43,0.139996
2372.74,0.237233
3776.17,0.377433
1345.02,0.134225
18515.5,1.81659
956.406,0.0956247
2286.28,0.22795
1093.31,0.109307
12076,1.19738
1689.95,0.168799
1425.64,0.1425
987.399,0.0987243
843.634,0.0842702
574.055,0.0569298
1662.6,0.166245
1131.53,0.113131
1483.88,0.148327
1618.43,0.161747
1017.98,0.101758
1826.06,0.18259
611.245,0.0611179
707.2,0.0707074
1721.2,0.17201
1069.12,0.106884
538.554,0.0538232
4721.7,0.467864
1228.76,0.122828
1423.69,0.142177
1800.51,0.17988
1246.1,0.124505
1306.11,0.130591
2013.71,0.201221
1692.45,0.169123
690.402,0.0688901
855.091,0.085493
1274.34,0.127348
3772.88,0.377223
677.607,0.0663266
1020.55,0.101973
1450.91,0.145075
1128.99,0.112884
1632.57,0.163221
503.566,0.0503496
1232.19,0.123078
782.053,0.0781387
2051.75,0.205043
1240.93,0.124069
773.054,0.0772964
2124.88,0.212327
1653.68,0.16526
1709.88,0.170947
667.649,0.0667053
876.928,0.0876913
1535.65,0.153508
873.709,0.0873321
5734.07,0.572672
818.868,0.0818772
2480.57,0.24803
1105.39,0.110363
706.495,0.0706375
1298.81,0.129656
1302.42,0.130213
1864.16,0.184774
3175.6,0.315886
612.772,0.0612756
3366.97,0.336502
1769.68,0.176902
1299.18,0.129585
986.711,0.0984479
861.585,0.0853902
1214.5,0.121445
1019.67,0.101926
1350.16,0.135007
1254.29,0.125345
2481.63,0.248118
646.516,0.0645468
1032.53,0.103033
2169.18,0.216894
1145.91,0.114551
1605.55,0.160459
1112.37,0.111231
1485.16,0.14844
2456.68,0.24538
890.527,0.0889911
1622.04,0.160457
762.584,0.0762546
1760.88,0.176063
642.944,0.0642903
991.787,0.0991153
1675.25,0.16749
1444.72,0.14419
1502.19,0.15011
1874.8,0.187417
1083.33,0.108309
960.056,0.0958065
2297.97,0.22972
940.012,0.0939836
680.695,0.0680566
721.772,0.072119
1149.22,0.114903
1489.86,0.148955
983.138,0.098296
1206.23,0.120557
919.553,0.0919094
924.083,0.092234
2142.19,0.214179
2885.93,0.288172
955.224,0.0955159
1225.83,0.12256
1635.89,0.163535
1468.48,0.146746
10042.9,1.00392
782.329,0.0782081
1290.98,0.129021
1032.11,0.102897
1513.55,0.151308
1306.38,0.103205
529.122,0.0529037
642.803,0.0642779
1641.91,0.163791
1017.59,0.101749
661.845,0.0659216
903.254,0.0902095
531.543,0.0525205
1138.73,0.113854
975.188,0.0974487
1209.17,0.1204
6811.11,0.680621
754.232,0.0754144
960.871,0.0960796
904.536,0.0903513
1969.27,0.196781
2919.07,0.291849
779.137,0.075855
821.688,0.082163
1648.65,0.164853
4634.39,0.463156
984.966,0.098439
28429.5,2.8263
2690.82,0.26891
1473.18,0.147081
927.502,0.0926813
651.729,0.0651196
1721.75,0.172107
1164.85,0.11648
1589.37,0.158863
585.27,0.0585015
982.088,0.0980959
5767.99,0.575926
27499.3,2.67577
843.851,0.0843782
1825.98,0.182566
1298.24,0.129741
1805.63,0.180373
1256.78,0.125219
1284.27,0.128371
1261.37,0.126049
1332.37,0.133227
1084.7,0.10846
1029.25,0.102852
839.985,0.0839952
2460.42,0.245746
2582.76,0.258091
1011.91,0.101147
1895.43,0.189359
3662.85,0.366156
2129.98,0.212627
5398.3,0.539678
621.078,0.0621054
618.08,0.061753
596.477,0.0596445
4518.05,0.451604
896.728,0.0895972
735.436,0.0735407
1957.45,0.195719
732.588,0.0731371
1121.47,0.112138
1056.38,0.105596
919.886,0.0917965
828.538,0.0828372
1584.83,0.158423
1486.96,0.148683
1643.72,0.164283
2560.6,0.255969
2522.38,0.252026
392.313,0.0391856
837.296,0.0835598
1013.59,0.101285
629.846,0.0629652
1456.45,0.145629
1122.19,0.112054
5150.46,0.514377
1053.31,0.105312
2698.72,0.26939
998.224,0.0997891
1121.03,0.111921
3925.54,0.392019
1010.09,0.101002
839.324,0.0839082
1322.61,0.132056
1133.97,0.113335
1586.67,0.158513
1462.78,0.146127
856.751,0.0856693
1166.19,0.116505
1179.61,0.117802
2580.08,0.257905
2857.2,0.285475
1941.16,0.194094
1195.82,0.119568
1403.22,0.140254
725.744,0.0725724
1869.75,0.186935
921.722,0.0921573
1022.3,0.102174
1533.44,0.149859
7073.89,0.706397
1151.41,0.115126
10446.4,1.03932
990.776,0.0990768
1160.91,0.115108
950.561,0.0949897
492.23,0.049199
1245.08,0.1245
1584.77,0.158194
900.744,0.0900569
1103.82,0.11033
1232.07,0.122925
12444.7,1.23793
1090.68,0.108814
678.275,0.0678026
1724.95,0.1723
1486.18,0.148593
585.66,0.0585653
2694.5,0.269213
1024.18,0.102381
4235.97,0.422745
1245.01,0.124425
1402.95,0.140253
3801.46,0.379755
1615.27,0.161427
734.027,0.0734015
929.486,0.0929219
1068.74,0.106867
1671.23,0.166979
762.423,0.076228
706.303,0.0705245
614.157,0.0612228
944.841,0.0944753
642.635,0.0642022
1616.96,0.161652
600.29,0.0599343
1389.49,0.13854
2709.57,0.271771
1236.76,0.123659
1210.22,0.121
568.527,0.0568511
5870.83,0.586904
1498.55,0.149798
792.213,0.0791756
1728.74,0.172811
1298.34,0.129328
2846.55,0.284156
2213.56,0.221127
1661.21,0.166077
1080.69,0.108052
1683.99,0.168184
1003.7,0.100341
2036.39,0.203576
2185.63,0.218039
1979.37,0.196961
1075.46,0.10751
1391.19,0.139043
2311.96,0.231052
1389.98,0.13898
1460.28,0.145995
2368.01,0.236651
1185.22,0.118444
978.795,0.0978675
1262.87,0.126189
2594.58,0.25835
2102.51,0.20965
1076.74,0.107643
3647.48,0.364678
409.98,0.040995
1993.38,0.199239
1134.6,0.113455
1043.26,0.104322
980.589,0.0980554
1979.67,0.197902
812.959,0.081183
5198.91,0.5197
2264.39,0.226135
1326.72,0.132503
1068.92,0.106879
645.768,0.0645676
933.503,0.0932789
931.659,0.0931569
1897.21,0.189631
1822.13,0.182171
819.457,0.081694
1377.24,0.137658
1400.16,0.139932
1107.92,0.11075
20818.5,2.07795
1513.34,0.151266
4868.92,0.486478
565.283,0.0565235
929.001,0.0928304
1785.95,0.178425
813.078,0.0811951
1530.06,0.152996
854.485,0.0854167
2086.47,0.20831
2317.57,0.231201
1098.01,0.109789
1263.35,0.126297
1362.69,0.136153
664.159,0.0663493
5177.95,0.517004
1248.25,0.124724
725.577,0.0724377
1518.64,0.151846
1989.05,0.198822
944.848,0.0942869
1756.18,0.175466
926.426,0.0924983
1023.2,0.10213
1770.15,0.176928
541.904,0.0541765
592.48,0.059151
1189,0.118878
1371.63,0.137028
6181.63,0.617639
467.325,0.0467269
1797.46,0.179278
1370.18,0.136974
921.009,0.0920979
1163.84,0.116309
969.152,0.0968194
2330.12,0.232683
834.755,0.0834363
862.214,0.0862039
1169.08,0.116802
1117.42,0.111726
1284.24,0.128421
806.53,0.0805693
717.68,0.0717596
922.061,0.0921894
1099.71,0.109959
973.617,0.0973437
1401.41,0.140085
1801.23,0.179876
673.502,0.0672395
1130.3,0.11286
622.996,0.0622296
1180.83,0.117948
1484.43,0.148405
1735.32,0.17346
544.61,0.0544596
1104.58,0.110452
1619.74,0.161955
2120.39,0.211811
1097.7,0.109607
722.785,0.0700236
1341.55,0.134127
1606.31,0.16053
689.31,0.0689195
3030.75,0.30278
5278.83,0.526763
736.803,0.0736766
19880.3,1.97402
1148.81,0.114877
974.658,0.0973859
1353.86,0.135312
987.861,0.0987652
1198.17,0.1198
696.949,0.0696762
1399.37,0.1399
1952.87,0.195133
822.947,0.0822569
1887.47,0.188733
2161.27,0.216033
2346.38,0.227524
1021.06,0.1021
2217.34,0.221626
2195.59,0.219496
1297.13,0.129652
746.444,0.0746306
1612.52,0.161234
2047.35,0.204722
700.267,0.0698836
1021.11,0.0993349
1045.84,0.104562
2053.9,0.205277
1038.19,0.10374
1549.94,0.154858
2488.11,0.248554
1096.22,0.10958
1886.67,0.188617
908.389,0.090814
1403.16,0.140301
1045.47,0.103939
852.894,0.0852821
838.729,0.0838429
1580.57,0.157797
2430.31,0.242987
6366.13,0.63573
867.573,0.0867333
834.097,0.0834016
826.825,0.0826724
3387.93,0.338349
1148.27,0.114822
876.601,0.0872148
801.185,0.0801143
1142.03,0.11409
1109.53,0.110865
1416.72,0.141647
1272.52,0.127245
1151.54,0.115145
991.752,0.0991474
2842.18,0.284136
1032.11,0.1032
1679.5,0.167937
1118.2,0.111757
2034.23,0.203327
789.493,0.0788751
1453.18,0.145228
1426.51,0.142534
938.3,0.0938232
1745.91,0.174535
2911.5,0.291087
1260.26,0.125946
2561.76,0.255919
5246.16,0.523876
1193.8,0.119339
909.014,0.0908799
876.054,0.0874126
1648.47,0.164786
1324.62,0.121212
598.247,0.059805
1678.36,0.16763
1932.6,0.192939
510.785,0.0510585
1325.4,0.13249
1082.63,0.10816
1552.66,0.155236
1279.78,0.12783
819.586,0.0797164
1080.31,0.107999
909.347,0.0908806
1070.42,0.107029
1568.05,0.156769
1100.25,0.11002
861.676,0.0861598
1554.92,0.155443
919.357,0.0918011
806.589,0.0806539
917.529,0.0916634
1620.85,0.161913
821.44,0.0820819
1012.57,0.101235
2427.24,0.241771
2535.53,0.253271
1262.52,0.126222
4743.05,0.472466
1062.35,0.106046
1162.02,0.116117
1337.23,0.133359
539.61,0.0539454
19201.6,1.91782
823.539,0.0823217
2435.67,0.243509
578.075,0.0577865
622.757,0.0622541
842.267,0.0842228
1178.45,0.117843
906.745,0.090514
1470.88,0.144362
2033.68,0.203201
1507.71,0.15071
1908.45,0.178608
1016.35,0.10162
8361.92,0.832983
785.074,0.0784885
1268.74,0.126849
1428.76,0.142775
920.829,0.0920527
1300.22,0.130003
2175.15,0.217395
996.224,0.0992901
988.538,0.0988306
940.853,0.0939665
3439.29,0.34388
1042.09,0.104202
1611.25,0.160879
921.041,0.0920983
1620.59,0.105599
516.682,0.0516575
1199.28,0.105983
1956.48,0.195545
1069.99,0.106982
1467.83,0.146675
2584.61,0.258389
999.395,0.0999078
1022.13,0.10218
2040.85,0.20385
2522.88,0.251471
597.801,0.0597582
810.201,0.0809858
805.812,0.0805441
1723,0.172277
1387.51,0.138727
1068.08,0.106737
2035.28,0.203218
3479.71,0.342166
1216.76,0.12166
786.761,0.0781775
914.862,0.0914818
1851.76,0.185066
1380.21,0.137922
2457.84,0.245448
694.956,0.0693394
1298.47,0.129527
1319.28,0.131922
1888.04,0.18872
1097.63,0.110764
1621.97,0.16218
663.282,0.0663239
2033.49,0.202407
2015.64,0.20236
2229.72,0.222737
795,0.0793845
1164.44,0.116404
1015.5,0.101347
1433.41,0.143332
1001.25,0.100099
1730.02,0.172981
4437.27,0.647692
594.234,0.0593664
2728.33,0.272768
854.976,0.0854687
1198.92,0.119876
2059.3,0.205744
1442.29,0.14399
852.635,0.0852406
1029.52,0.102947
1275.1,0.127357
1033.12,0.103246
1801.57,0.179918
1038.74,0.103862
1325.28,0.132468
1109.57,0.110949
2771.35,0.27692
1075.72,0.107564
1043.71,0.104364
1798.32,0.179697
1266.45,0.126543
1872.98,0.187189
782.329,0.0782263
2341.95,0.233943
1902.49,0.189942
1144.53,0.114442
2906.3,0.287985
1269.6,0.126932
794.957,0.0794823
666.294,0.0666266
1588.4,0.15808
1991.59,0.199007
3079.45,0.307685
1148.43,0.114829
1328.76,0.132847
1156.46,0.115479
1384.63,0.138209
1024.1,0.102387
1900.3,0.189951
762.632,0.0760982
383.635,0.0383595
1092.07,0.109161
1171.78,0.117132
1318.35,0.131692
1012.88,0.101141
694.737,0.069379
598.119,0.0597951
1324.67,0.132435
1859.16,0.185744
1113.79,0.111339
1277.73,0.127763
3124.84,0.312259
2730.47,0.27281
572.049,0.0572035
2376.03,0.236998
692.524,0.0692368
1540.8,0.154067
1133.54,0.113341
1868.2,0.186644
973.09,0.0970588
2906.25,0.290561
1041.7,0.104135
837.357,0.0837212
1852.34,0.184551
741.89,0.0740653
959.553,0.0959416
771.858,0.0769501
1009.56,0.100942
770.357,0.0765462
758.098,0.0757817
656.921,0.06569
1377.15,0.137697
1349.57,0.134948
1085.66,0.108455
1045.38,0.104472
1059.15,0.105903
487.25,0.0486876
3007.89,0.300684
1346.83,0.134508
1768.67,0.176812
1923.48,0.192276
1538.33,0.153795
1078.86,0.107873
931.001,0.0930744
1862.96,0.18621
2064.14,0.206396
1506.38,0.150578
909.259,0.0905383
1207.71,0.12054
3717.16,0.37086
1292.26,0.129125
840.04,0.0837816
1139.69,0.113966
1289.53,0.128795
515.134,0.0514419
4511.75,0.450319
1957.78,0.195769
1379.31,0.137902
767.167,0.0766687
1212.2,0.121116
2237.14,0.223596
1268.1,0.125404
1419.14,0.141871
1191.29,0.119067
821.924,0.0821679
1649.77,0.164942
855.372,0.0846417
2563.95,0.25624
850.957,0.0850609
3627.27,0.362614
881.023,0.0880912
1059.16,0.105885
1217.09,0.121696
975.199,0.0974962
1031.22,0.102952
744.751,0.0744618
1057.38,0.105578
921.751,0.0921707
701.503,0.070101
928.724,0.0928363
756.549,0.0756457
1070.46,0.107028
852.551,0.0852506
1467.35,0.146673
3598.01,0.359785
733.224,0.0733198
2033.41,0.203207
2790.6,0.278844
962.637,0.0962222
725.877,0.0725092
874.586,0.0874392
1361.41,0.136084
1136.74,0.113587
803.111,0.0802658
943.496,0.0942242
1295.71,0.129543
1526.64,0.152618
757.099,0.0756407
616.526,0.0616456
3970.65,0.396307
786.964,0.0786912
593.282,0.0593084
1287.47,0.128718
1821.09,0.18196
1796.22,0.179609
938.815,0.0937463
9286.6,0.927977
2958.83,0.295806
1130.52,0.104619
970.358,0.0969984
1463.03,0.145796
2331.45,0.232949
1482.46,0.147446
1204.48,0.120407
1165.68,0.116484
996.919,0.099624
2522.28,0.252179
1229.55,0.122679
1197.66,0.119755
1152.71,0.114963
1474.69,0.147364
2109.09,0.208658
559.311,0.05589
904.316,0.0902924
1059.9,0.103082
861.974,0.0860991
1410.66,0.141042
3088.6,0.30763
2363.69,0.236294
1512.41,0.151206
1362.62,0.13605
1012.28,0.101223
1250.75,0.125012
2361.58,0.236104
1054.93,0.105366
565.857,0.0565779
868.451,0.0868327
2681.67,0.267785
3131.47,0.312771
1060.03,0.105993
1054.1,0.105065
1381.4,0.137891
748.878,0.0748695
1448.54,0.144802
1330.25,0.13301
1086.68,0.108056
3803.53,0.379845
1527.49,0.15249
3811.11,0.380455
2467.68,0.246445
2606.05,0.260306
628.472,0.0628429
1321.9,0.131829
1410.54,0.140889
2092.12,0.209188
4640.73,0.463582
1876.43,0.187544
1908.18,0.190524
972.396,0.0971781
803.598,0.080351
1785.53,0.178357
561.396,0.0560692
2016.81,0.201635
965.483,0.0964513
1168.99,0.116887
768.942,0.0768835
2000.71,0.200043
1069.01,0.106892
1849.89,0.184969
767.065,0.0767041
859.488,0.0859404
2141.85,0.213945
1012.29,0.101226
2025.71,0.202483
1594.04,0.159381
693.288,0.0693241
883.671,0.0882439
2077.5,0.207705
1326.76,0.132611
636.676,0.0636199
1369.42,0.136898
1138.49,0.113837
728.386,0.0728303
1030.14,0.102972
646.391,0.0646219
882.863,0.0882439
3441.14,0.344068
1334.35,0.133415
679.408,0.0679204
859.976,0.0858879
1193.54,0.119296
1922.73,0.193078
1749.24,0.174902
921.635,0.0921364
2066.54,0.206577
1115.16,0.111478
1303.04,0.128631
696.432,0.0694076
1162.01,0.116183
946.14,0.094606
773.553,0.0768686
1339.95,0.133838
1985.96,0.198359
2095.45,0.209514
712.53,0.071238
1491.43,0.149085
2156.08,0.215579
1033.48,0.103294
2698.24,0.268943
650.178,0.0650157
1289.86,0.128838
1504.23,0.150411
2014.83,0.201429
1800.57,0.179701
1355.22,0.13551
1768.91,0.176832
4103.62,0.410252
12547.3,1.25365
1682.88,0.168211
1376.88,0.137679
2437.5,0.243442
610.286,0.0609836
3188.96,0.318843
1772.47,0.177028
2041.63,0.202112
926.206,0.0923792
1415.65,0.14155
1108.08,0.11075
1376.86,0.137375
3504.98,0.35141
1011.62,0.100507
964.541,0.0963842
1718.12,0.17179
2638.53,0.263728
4357.52,0.435022
1322.92,0.132274
1246.72,0.124661
992.082,0.0991995
1573.17,0.157303
1430.67,0.143027
1205.02,0.120483
1329.64,0.132778
1147.28,0.114712
1386.36,0.138553
726.054,0.0726017
1720.52,0.17199
894.853,0.0894602
1905.09,0.190451
996.865,0.0986431
1051.42,0.104939
1224.3,0.122423
1067.74,0.106569
1805.61,0.182587
1233.93,0.123378
978.553,0.0978269
1215.63,0.121536
675.176,0.0675135
1652.98,0.165207
1872.47,0.187215
920.017,0.089146
1558.1,0.155781
2332.15,0.233062
1025.96,0.102377
2789.05,0.278462
2557.22,0.255595
1788.08,0.178738
1133.36,0.113319
551.38,0.0550832
1570.07,0.156767
821.606,0.0821298
1960.88,0.195992
8683.12,0.866049
679.343,0.0679275
2693.46,0.269253
1072.72,0.107084
1181.5,0.118138
604.583,0.0604083
792.536,0.0791012
873.214,0.0871664
2200.8,0.219852
745.413,0.0745268
944.505,0.0944461
1955.82,0.195541
553.116,0.0552708
1601.88,0.158992
516.71,0.0516549
460.77,0.0460648
1019.91,0.101971
1531.04,0.153018
1716.59,0.171242
2365.15,0.236454
1513.92,0.151333
792.901,0.0792765
1098.3,0.109737
815.274,0.0813607
1909.39,0.190863
1353.44,0.135302
593.798,0.0593759
2243.79,0.224257
906.525,0.090415
1040.83,0.104069
1224.65,0.122434
561.503,0.0561185
951.163,0.0950886
765.912,0.0765777
2295.56,0.229497
802.335,0.0800007
634.501,0.063434
1319.03,0.131671
889.717,0.0889643
1049.55,0.10494
1587.08,0.158626
718.638,0.071858
1751.03,0.174559
1706.96,0.171728
2003.93,0.200343
2377.81,0.237656
1047.82,0.104766
1601.57,0.160097
1421.75,0.14205
2099.04,0.209689
3595.64,0.359343
3940.09,0.393824
3063.05,0.306117
13163.8,1.31548
2299.28,0.22966
816.934,0.0816797
1366.58,0.136626
2536.3,0.253547
805.719,0.0804565
1257.13,0.125585
1582.66,0.158258
973.225,0.0964521
1045.05,0.104404
2020.07,0.201959
1520.41,0.152023
1887.38,0.188484
629.131,0.0629058
1921.56,0.19205
1010.43,0.100957
1160.88,0.115977
1421.77,0.142075
1176.37,0.117561
603.325,0.0603267
3116.85,0.311398
1121.26,0.112087
1251.44,0.12506
1374.37,0.137382
1586.5,0.158559
797.724,0.0797424
952.447,0.0952372
1139.16,0.113855
2616.47,0.261471
1150.31,0.115023
686.498,0.0686297
1509.42,0.150893
14168.1,2.82511
2226.16,0.222545
1037.61,0.103411
1049.72,0.104451
1149.28,0.114096
1669.37,0.166247
1769.48,0.176893
957.65,0.0954916
679.762,0.067773
1137.59,0.113745
786.759,0.0786268
1708.29,0.17082
1227.73,0.122767
2735,0.273324
852.084,0.0851731
988.232,0.0988198
1604.2,0.160344
5198.28,0.519641
1046.6,0.104541
2145.83,0.214462
2440.79,0.243984
998.033,0.0997958
1220.66,0.122055
789.255,0.0788535
1240.18,0.123894
1003.33,0.100298
833.369,0.0833176
1115.01,0.111393
1371.99,0.137111
541.261,0.0526978
589.364,0.0589304
932.228,0.0932177
1519.36,0.151929
4078.72,0.398475
2226.87,0.222597
780.719,0.0779333
2574.82,0.257198
1912.75,0.191179
1592.64,0.159248
2339.11,0.233779
2084.63,0.208418
951.081,0.095085
2792.08,0.278952
1571.06,0.157046
5138.63,0.513342
3499.75,0.349908
1361.64,0.136134
1002.38,0.100214
14345.7,1.4242
3035.47,0.303529
2577.2,0.257673
3718.41,0.371768
669.426,0.0669403
1557.35,0.155724
4320.85,0.431672
1700.71,0.170028
791.113,0.0790997
1116.48,0.111639
853.159,0.0849594
1246.07,0.124541
1807,0.180542
3301.88,0.3293
1453.01,0.14526
2697.44,0.269685
1160.85,0.115968
849.461,0.0847345
957.676,0.0956463
1830.35,0.18271
1030.07,0.102984
10801.7,1.07887
1062.5,0.106162
1127.51,0.112745
833.864,0.0833617
1915.6,0.191499
1105.34,0.110386
778.861,0.07785
1236.47,0.12363
995.621,0.0994174
1016.35,0.100018
2893.73,0.289059
1378.73,0.137852
1561.76,0.155877
2010.9,0.200425
827.082,0.0826957
2145.54,0.214513
962.968,0.096289
2607.02,0.260635
1347.65,0.134743
1087.35,0.108701
962.883,0.0961791
1585.17,0.158492
2265.52,0.226257
1162.2,0.116021
702.036,0.0701778
607.125,0.060706
1776.25,0.177534
1681.93,0.168153
1421.56,0.142119
1079.11,0.107902
1874.12,0.187379
1691.89,0.168858
1215.96,0.121498
1146.37,0.114622
982.675,0.098255
730.356,0.0730318
707.754,0.0707344
1116.53,0.111634
1301.39,0.130119
1342.06,0.134156
2151.67,0.214954
1027.42,0.102731
16614.4,1.6505
3094.49,0.30893
1373.4,0.13727
1232.61,0.123211
5785.77,0.577911
517.103,0.0516954
792.575,0.0792294
691.472,0.069085
926.154,0.0926009
4680.91,0.467814
786.61,0.078612
1288.4,0.128833
1322.84,0.13153
1014.47,0.101441
1648.45,0.164611
1904.6,0.190451
4555.03,0.455092
2443.36,0.241042
1405.64,0.140517
815.81,0.0815572
1589.48,0.158899
1079.29,0.107795
991.489,0.0991361
2940.38,0.29379
668.153,0.066795
1633.71,0.162448
1133.45,0.11327
1143.36,0.114286
1347.75,0.134689
2431.31,0.242758
1161.24,0.116077
1384.69,0.138453
1302.34,0.130222
664.366,0.0664135
8169.29,0.816675
1133.41,0.11331
1338.32,0.13379
710.325,0.070993
839.323,0.0839212
6641.57,0.663449
1253.23,0.125287
936.162,0.0935935
3839.57,0.383803
1069.58,0.106953
988.119,0.0988101
1713.04,0.172615
2086.15,0.208256
883.236,0.088312
1495.45,0.149446
1109.1,0.110893
1232.46,0.123193
2467.19,0.246408
1602.83,0.160249
990.326,0.0989528
1067.04,0.106681
847.685,0.0847027
1442.64,0.143724
557.224,0.0557219
1126.34,0.112625
1221.18,0.122107
1789.74,0.178864
3206,0.320483
1143.2,0.114308
1490.22,0.148966
2101.16,0.20984
1096.94,0.109682
1182.61,0.118194
2394.51,0.239404
1345.34,0.134475
1754.37,0.17539
13725.6,1.37166
1119.19,0.111918
1447.99,0.144715
770.167,0.0769729
767.064,0.0766502
3757.28,0.375483
2219.26,0.221855
741.357,0.0740495
1983.69,0.198309
1774,0.177315
1107.53,0.110691
2761.52,0.276119
1195.31,0.119483
1191.86,0.119105
1028.38,0.102822
1357.39,0.135568
1191.1,0.118976
3862.42,0.38591
1184.51,0.118443
982.919,0.09827
1924.65,0.192425
1349.2,0.134832
1508.14,0.150645
1633.08,0.163196
890.02,0.0887208
4299.95,0.429885
731.823,0.0731538
6526.74,0.65117
1403.72,0.140265
525.006,0.052405
1202.57,0.120245
540.617,0.0538636
1253.08,0.125042
2064.11,0.206339
2110.91,0.211013
1305.61,0.130476
1411.98,0.138014
705.295,0.0705043
989.14,0.0988288
863.257,0.0862921
768.599,0.0768538
739.392,0.0738578
1250.32,0.121503
1015.2,0.101506
1328.77,0.132696
2247.64,0.223198
940.946,0.0938643
2543.82,0.254193
1095.53,0.109448
1340.55,0.134024
1665.46,0.166451
603.095,0.0602977
1707.67,0.170751
2058.27,0.205816
1823.43,0.1823
841.778,0.0839604
734.947,0.0734796
956.053,0.0955846
1229.34,0.122903
2495.55,0.249525
1208.31,0.12077
1462.42,0.146043
1468.78,0.146795
2226.5,0.222462
691.99,0.069167
1780.19,0.17709
2953.83,0.295716
950.313,0.0949909
1264.54,0.126399
6946.5,0.693268
1339.32,0.133927
2977.32,0.297517
1110.68,0.111038
1587.01,0.158629
4955.99,0.4949
1517.43,0.151481
812.115,0.0811671
1006.45,0.10054
948.057,0.0947625
1209.36,0.120923
1024.78,0.102395
819.412,0.0819322
757.605,0.0756875
993.425,0.0993274
1654.63,0.16522
1193.55,0.119154
1536.18,0.152841
973.705,0.0972373
941.79,0.0941615
2267.48,0.279014
1678.9,0.167885
1440.9,0.143998
1526.65,0.152638
1768.1,0.17673
1187.77,0.118711
6708.39,0.670408
3423.69,0.34226
4150.62,0.414893
2629.52,0.262888
823.038,0.0822744
1340.13,0.133887
2446.74,0.244631
1877.52,0.187725
858.433,0.0857723
708.483,0.0708036
1832.7,0.183159
932.183,0.0932101
681.949,0.0681881
1414.7,0.141459
485.278,0.0485071
722.188,0.0722113
1450.16,0.144953
1066.41,0.106598
6416.55,0.639306
949.18,0.0948899
484.149,0.0483562
834.255,0.083417
1236.52,0.123588
1882.11,0.187967
2985.02,0.297686
1234.45,0.123158
877.328,0.0876964
1554.2,0.155156
1067.92,0.106713
5834.17,0.582737
1562.9,0.156279
1399.11,0.139611
822.725,0.082174
800.908,0.0800565
1169.4,0.116923
2690.89,0.268993
1039.85,0.103968
447.155,0.0446673
849.781,0.0849466
1439.09,0.143869
1940.25,0.193781
986.55,0.0986447
1183.23,0.118277
1736.14,0.173232
1324.03,0.131941
1356.95,0.13563
856.129,0.0856033
1043.9,0.104382
4441.4,0.443726
5852.07,0.584729
1759.86,0.175095
1054.86,0.105394
1404,0.140119
975.797,0.0973807
1719.59,0.171585
1251.88,0.125117
1106.68,0.110623
1811.53,0.181047
759.118,0.0757267
913.698,0.091368
1163.82,0.116333
1207.91,0.120591
1115.23,0.111503
625.423,0.0625391
2081.18,0.20799
1962.74,0.196255
867.005,0.0866147
604.36,0.0604266
1437.94,0.143467
1567.49,0.156738
1250.1,0.124962
1604.24,0.160382
1015.72,0.101525
1681.63,0.168123
1055.4,0.105534
1387.62,0.138713
1124.83,0.112305
588.275,0.0587999
1305.31,0.130513
1555.19,0.15493
883.223,0.0882437
1291.23,0.128887
2123.39,0.212304
2554.65,0.254634
3004.73,0.299993
1048.16,0.10479
589.829,0.0589769
1748.4,0.174817
632.718,0.0632711
721.469,0.0720046
1601.58,0.159917
1634.19,0.163356
1265.85,0.126375
779.665,0.0779645
1119.11,0.111737
1914.55,0.191435
1567.83,0.156723
2333.39,0.233087
1868.99,0.186815
1106.64,0.110093
1715.36,0.171506
1355.85,0.135564
982.497,0.0981807
497.777,0.0497672
666.878,0.0666122
1498.1,0.149798
2057.74,0.205602
1467.03,0.146381
1725.04,0.171721
1503.5,0.150334
1041.91,0.104155
941.407,0.094114
903.245,0.0903123
5074.57,0.507076
1492.92,0.149255
1399.43,0.139924
1200.26,0.119988
1423,0.142267
647.883,0.0647845
1533.71,0.152722
1121.46,0.112104
1523.99,0.152312
1249.05,0.124402
1508.25,0.150702
2744.04,0.274373
833.302,0.0832302
751.596,0.0751486
867.088,0.0866885
1361.55,0.136126
1262.95,0.126269
536.364,0.0536289
777.191,0.0777175
1406.6,0.140345
1308.72,0.130795
2737.55,0.272264
676.838,0.0676722
1258.28,0.125795
1001.72,0.100165
1597.58,0.159591
844.629,0.0843734
1187.17,0.118675
3263.64,0.326024
1931.75,0.192897
730.983,0.0730935
1147.86,0.114783
1021.28,0.101795
1320.01,0.131964
904.129,0.0904007
866.565,0.0866365
645.244,0.0658224
821.341,0.0821284
1092.57,0.109214
1074.7,0.107465
1563.77,0.156349
2972.39,0.297198
1310.63,0.130633
1304.62,0.130433
900.227,0.0899992
2925.47,0.292478
1169.65,0.116934
3223.9,0.322155
640.775,0.0640213
2138.26,0.213585
2944,0.294001
2768.67,0.273792
840.849,0.0840441
2713.7,0.271182
879.056,0.0878729
1837.74,0.183765
1914.57,0.191378
748.727,0.0748578
1082.74,0.108239
3299.4,0.329907
919.846,0.0919668
1554.28,0.155203
1357.71,0.135665
827.799,0.0827642
590.458,0.0589504
3250.96,0.325007
1992.98,0.199178
3695,0.370237
1402.74,0.140137
4243.42,0.423627
1761.59,0.176009
927.915,0.0927753
450.765,0.0450698
797.672,0.0796671
2263.65,0.22602
1716.27,0.171527
1023.84,0.102352
1874.25,0.187174
1602.12,0.16009
1920.42,0.192005
1263.07,0.126279
512.093,0.0511935
1313.02,0.131286
815.315,0.0814602
2314.69,0.231433
813.26,0.081288
736.665,0.0736089
1269.52,0.126929
994.542,0.0994442
2005.47,0.200473
1246.83,0.100932
866.971,0.0866192
1008.55,0.100685
1544.27,0.154239
2162.29,0.216193
1234.56,0.123268
734.735,0.0734048
1326.99,0.132616
1077.59,0.107754
1205.43,0.120516
1188.72,0.11881
662.847,0.0662498
3314.8,0.331277
1108.1,0.110706
28021.4,2.78743
661.166,0.0661118
5617.57,0.558045
989.652,0.0988663
684.686,0.0684595
1889.6,0.18861
1114.24,0.111327
5233.66,0.522831
1552.74,0.155225
778.445,0.0778393
863.749,0.0862745
931.034,0.0930577
968.105,0.0968001
1570.17,0.156984
2164.16,0.216375
1381.02,0.137733
1165.43,0.116492
1599.39,0.1598
1134.78,0.113439
868.537,0.086837
1096.93,0.109691
1721.79,0.172143
1418.59,0.141826
1261.53,0.126083
1045.91,0.104586
1170.32,0.115557
1487.77,0.148701
1857.19,0.185656
1197.2,0.119572
1025.67,0.10243
1455.19,0.145394
1800.75,0.180048
717.419,0.0717106
2694.03,0.269306
613.606,0.0613587
827.342,0.0827205
2549.02,0.254139
3811.6,0.379875
893.127,0.0893009
1268.08,0.126793
1807.9,0.180767
683.764,0.0683339
1524.53,0.152315
820.175,0.0819442
1300.98,0.130024
3126.12,0.312488
1328.47,0.132706
1154.88,0.115483
718.635,0.0718566
2917.3,0.291242
1033.14,0.103284
1294.08,0.129261
869.751,0.0869171
977.843,0.0977464
1238.2,0.123791
2801.25,0.279797
909.54,0.0908986
8762.1,4.35566
1242.38,0.124095
1048.99,0.104887
1944.55,0.194257
2785.87,0.278312
1246.01,0.124578
738.886,0.0738869
892.495,0.0890509
622.266,0.062224
1502.66,0.150213
4750.11,0.474822
640.82,0.0638777
720.04,0.0719844
892.116,0.0891449
2660.6,0.265012
1344.29,0.134397
916.072,0.091602
419.942,0.0419682
1857.36,0.185683
2934.24,0.293164
862.263,0.0861944
863.599,0.086279
1184.55,0.118083
960.258,0.0960234
1165.14,0.116489
704.565,0.0703775
2891.11,0.288981
1809.24,0.180873
1775.61,0.177382
863.138,0.0862736
638.952,0.063827
1456.4,0.14546
1620.25,0.16198
2204.71,0.220437
2258.75,0.225833
1403.54,0.140256
2201.64,0.220135
742.498,0.0742309
3966.17,0.396203
1851.86,0.185149
4728.33,0.472604
1426.61,0.142656
1613.13,0.161214
1090.43,0.109018
2138.28,0.213763
1039.89,0.103977
852.251,0.0851834
1223.92,0.122337
1083.1,0.108286
1970.84,0.197069
1332.78,0.13327
2818.67,0.281546
2344.42,0.234425
2759.36,0.27583
1073.39,0.107337
2072.64,0.207142
758.163,0.0757716
1125.49,0.112521
1949.01,0.194803
1267.76,0.126709
3007.62,0.300322
1061.91,0.106177
1863.7,0.186351
521.043,0.0520976
4578.71,0.457422
2806.07,0.280471
9294.2,0.927633
1163.74,0.116315
2890.66,0.288922
1460.42,0.14597
825.01,0.0824728
1013.83,0.101285
1713.95,0.17138
1145.26,0.114449
1130.56,0.112899
1054.75,0.105262
2741.05,0.273699
1572.21,0.157118
991.117,0.0991025
2841.33,0.284029
597.219,0.0596963
671.195,0.0670604
969.279,0.0968647
1208.16,0.12081
2609.6,0.260681
919.406,0.0919206
852.759,0.0852342
1229.41,0.122817
1634.24,0.163039
1751.5,0.174746
1012.04,0.101104
3374.35,0.337053
1364.78,0.136451
9127.57,0.912051
1390.69,0.138967
1540.15,0.153991
786.731,0.0785658
652.964,0.0652666
997.439,0.0997392
812.837,0.081161
738.979,0.0737751
681.338,0.0679073
1446.24,0.144566
3988.32,0.398292
1109.45,0.110927
2093.19,0.209195
2093.76,0.20737
3290.52,0.328927
3208.44,0.320706
1024.78,0.0899295
953.702,0.0953213
1352.5,0.135161
2589.97,0.257564
1729.53,0.17284
2165.45,0.216496
947.497,0.0947225
1477.78,0.147647
1644.47,0.164312
1415.98,0.141484
1327.36,0.132228
1890.43,0.189027
1115.51,0.111502
685.123,0.068508
1380.22,0.137958
1076.41,0.107201
1029.59,0.102952
1030.44,0.102985
885.777,0.088566
1915.11,0.191376
3229.82,0.322866
1423.4,0.142245
1375.45,0.137454
687.719,0.0687711
1274.23,0.125818
893.299,0.0893236
3302.61,0.330177
1038.91,0.103542
1451.99,0.145043
1125.13,0.112474
2516.9,0.251306
1047.56,0.104735
2021.12,0.20178
475.713,0.0475686
2049.31,0.204852
1318.96,0.13189
2629.48,0.261661
1047.02,0.104674
862.193,0.0862113
1440.78,0.144073
713.128,0.0712579
2217.87,0.221649
2381.42,0.238013
1458.11,0.143488
1879.5,0.18791
1720.09,0.171904
1468.39,0.146757
2048.33,0.204806
739.049,0.0738843
1110.01,0.110997
1451.45,0.145121
767.997,0.0767633
1354.9,0.135298
1485.68,0.148508
1106.77,0.110616
700.963,0.0699901
798.422,0.0798077
1300.98,0.130037
2999.62,0.299801
837.346,0.083725
826.765,0.0825666
1083.02,0.108284
964.479,0.0963315
1753.48,0.175311
5058.42,0.505255
661.17,0.0661138
736.479,0.0735497
1264.01,0.126341
911.74,0.0908401
1527.81,0.152242
1255.82,0.125544
1106.23,0.110612
3862.38,0.386086
1439.86,0.143548
1597.34,0.159708
1881.42,0.188091
1660.51,0.165991
814.691,0.0814623
7979.27,0.795286
1014.58,0.101367
1691.55,0.167909
14775.8,1.47402
11585.6,1.15448
1150.84,0.114849
2952.93,0.294646
1901.2,0.188268
1326.15,0.132566
1086.21,0.108594
944.08,0.09394
857.967,0.0857334
1127.9,0.112754
1833.28,0.183164
892.427,0.0892306
2487.72,0.248569
1773.25,0.177209
1724.7,0.172446
871.716,0.0871572
2039.56,0.203889
904.329,0.0903784
892.436,0.0860111
1444.32,0.144396
691.748,0.0691662
1567.78,0.156727
816.548,0.0816423
1044.15,0.104264
1155.17,0.115497
883.941,0.0882929
846.609,0.0846581
1856.03,0.185578
1449.46,0.144918
1767.88,0.176762
899.907,0.0899597
670.29,0.0669907
8449.19,0.84182
1311.79,0.131175
2061.31,0.206112
9477.6,0.945092
1764.44,0.176272
1356.1,0.135406
802.438,0.0801899
671.905,0.0671571
1272.13,0.127188
1033.35,0.103324
871.183,0.0869308
962.977,0.0962387
1376.91,0.137619
26604.8,2.64812
2565.49,0.256358
707.712,0.0706922
564.144,0.0563904
1126.31,0.112623
1069.46,0.106909
1759.12,0.175881
1504.2,0.14999
3371.33,0.336229
860.217,0.0859972
810.181,0.0810092
1069.58,0.106946
1538.4,0.153786
908.425,0.0907781
1743.71,0.174349
1666.97,0.16644
1272.06,0.127198
1419.17,0.141912
1648.29,0.164804
1604.41,0.160408
1487.43,0.148738
1152.38,0.115228
2727.64,0.272612
1141.87,0.114178
1584.49,0.158023
1110.91,0.111081
6433.37,0.581698
4451.17,0.444068
1147.2,0.114714
1009.22,0.100838
1497.95,0.149618
851.223,0.0851119
1061.9,0.106174
1440.92,0.143996
1071.86,0.107179
2244.91,0.224408
964.584,0.0964415
2752.56,0.27522
722.005,0.0721985
1451.78,0.145137
1223.22,0.122274
2083.2,0.208263
893.542,0.0893434
705.571,0.0705139
3520.3,0.351882
1158.06,0.115703
2059.31,0.205861
3756.88,0.375086
1127.81,0.112699
1504.06,0.150358
942.883,0.094287
1080.74,0.107857
1135.83,0.113201
2720.5,0.269295
1308.89,0.13087
857.121,0.0857006
817.577,0.0816885
2776.6,0.277505
1121.36,0.112091
743.524,0.0743475
1804.78,0.180258
2113.86,0.211323
1117.48,0.111734
1503.16,0.149981
738.133,0.073768
1451.85,0.145106
1250.19,0.124909
1794,0.179229
948.412,0.0948397
3361.84,0.335614
763.776,0.0762108
1973.23,0.196267
1112.67,0.111248
708.082,0.0707853
448.945,0.0448135
2398.96,0.239344
922.53,0.0921578
1051.07,0.105082
1938.38,0.193807
1154.39,0.115383
2107.94,0.210707
1320.95,0.132037
1209.58,0.120769
1127.56,0.112587
1713.67,0.171216
1011.78,0.101102
1504.03,0.150359
6277.78,0.62728
1444.42,0.144413
1011.5,0.101145
850.672,0.0850623
1277.17,0.127635
1731.46,0.173114
1130.26,0.113019
1113.17,0.111299
816.22,0.081598
1297.39,0.12965
1928.27,0.192532
2572.15,0.256855
1065.89,0.106508
2010.91,0.200721
992.894,0.0992314
1786.67,0.178602
788.552,0.0788282
1229.38,0.122872
1638.97,0.163785
1308.06,0.125541
704.291,0.0703871
1871.1,0.186903
1072.92,0.107236
631.185,0.0631022
532.319,0.053211
1557.9,0.155756
697.669,0.0696893
1013.91,0.101344
952.843,0.0951762
1423.02,0.142206
1243.48,0.12412
1544.12,0.154385
960.959,0.0960494
1936.54,0.193602
1650.02,0.164932
2828.63,0.282699
940.607,0.093761
745.369,0.0744578
1022.91,0.102256
874.805,0.0873418
799.43,0.0799099
1302.11,0.130123
2619.92,0.261891
1121.35,0.112043
945.289,0.0944108
2794.61,0.277884
1061.46,0.106135
983.427,0.0983067
1231.19,0.123096
1191.29,0.11909
699.549,0.0699515
1395.1,0.138453
2433.04,0.243127
1396.81,0.139674
741.269,0.0741242
933.107,0.093258
1854.77,0.185454
581.647,0.0580597
1217.59,0.121736
1050.76,0.105005
1650.73,0.165033
1219.08,0.121893
1207.27,0.120718
1130.5,0.113041
1022.38,0.102177
6023.48,0.600549
922.163,0.0921466
1549.21,0.154891
2123.45,0.212191
1437.15,0.143696
3687.68,0.368489
1189.73,0.115942
1339.43,0.133901
1320.19,0.131984
2121.4,0.211114
5367.44,0.535965
877.804,0.0877447
1718.3,0.171634
748.308,0.074827
1420.37,0.141927
4151.89,0.414548
646.82,0.0644269
3068.77,0.306776
679.54,0.0679381
884.012,0.0883968
1102.03,0.110119
1444.64,0.144406
2592.44,0.258797
1726.49,0.172528
846.899,0.0846533
907.339,0.0895992
1269.98,0.126937
469.486,0.0469457
1574.28,0.157091
1169.04,0.116106
1691.92,0.16916
7022.23,0.70078
1910.84,0.190819
1109.37,0.110807
2086.63,0.203694
724.254,0.0724139
3634.58,0.363374
969.99,0.0969856
1429.42,0.142791
863.521,0.0863389
1567.97,0.156516
919.32,0.0915766
1130.54,0.112871
1948.28,0.194791
1167.99,0.116758
2054.79,0.205439
1155.79,0.115444
747.793,0.0747561
1364.98,0.136494
871.065,0.0870985
2003.83,0.200059
2233.98,0.220592
1027.98,0.102776
1486.81,0.147927
1031.5,0.103068
1208.5,0.120791
1680.23,0.167978
1065.29,0.106386
856.567,0.0856412
1257.11,0.125707
940.077,0.0933041
688.625,0.0688608
1591.03,0.159075
1090.31,0.104745
999.938,0.0999837
1338.28,0.133767
1160.93,0.116087
861.016,0.0860978
1602.98,0.160287
1155.4,0.115382
1258.93,0.12584
1089.32,0.108851
1517.28,0.151723
2957.38,0.29567
2077.27,0.206837
1104.38,0.110341
2538.96,0.253628
893.214,0.0892719
957.464,0.095709
715.371,0.0715037
1899.47,0.189278
986.556,0.0985892
1852.03,0.185136
4389.99,0.438345
1373.57,0.137346
7686.72,3.09939
639.048,0.0638837
2124.72,0.21216
1803.36,0.180174
1601.54,0.16014
2175.62,0.217467
1784.82,0.178406
1052.75,0.105255
2796.55,0.279071
1559.16,0.15555
1045.68,0.104512
930.246,0.0929876
1560.82,0.156042
1162.68,0.11625
1248.48,0.124825
470.451,0.0470065
1258.69,0.125684
2969.65,0.296918
1383.69,0.138095
1804.97,0.180352
1339.15,0.133794
2042.36,0.20422
1730.51,0.172895
783.973,0.0778903
1023.08,0.102266
1175.59,0.117483
757.475,0.0757401
1044.17,0.104356
617.358,0.0617342
1779.23,0.177806
1599.8,0.159715
866.82,0.086679
969.543,0.0969331
789.868,0.0789727
1762.55,0.176188
764.879,0.0763774
7167.09,0.71547
2017.35,0.201709
598.573,0.0598124
3438.6,0.343742
2801.26,0.280093
3585.54,0.35813
1378.93,0.137889
1329.35,0.132754
14892.8,1.48172
1045.11,0.104506
937.468,0.0937265
1038.85,0.103873
1910.52,0.19066
19924.9,1.98955
8382.03,3.64793
1690.75,0.169042
3266.52,0.326513
1170.65,0.117004
1236.7,0.123659
1650.68,0.162358
5549.84,0.554288
975.25,0.0975032
3124.48,0.312167
601.018,0.0600698
1079.34,0.107899
1587.47,0.158619
1462.22,0.145956
618.459,0.0618384
788.909,0.0788605
3003.16,0.299986
711.64,0.0706447
1521.85,0.152109
1100.21,0.110007
779.835,0.0778462
917.88,0.0916701
694.718,0.0694339
4059.1,0.405208
865.857,0.0865824
2574.87,0.257351
924.447,0.0923971
1644.88,0.164013
1110.45,0.111032
1319.29,0.131851
1099.34,0.109845
1195.27,0.11945
1659.08,0.165848
924.253,0.092411
1391.08,0.139076
831.282,0.0831235
1557.41,0.155541
785.059,0.0784473
1768.83,0.176477
812.38,0.0812165
1852.38,0.18503
1601.26,0.160052
1155.46,0.115522
1794.99,0.179272
781.453,0.0781108
727.281,0.0726767
1224.59,0.122455
1517.03,0.151584
859.865,0.08582
6239.32,0.61964
1414.62,0.141439
3045.12,0.304174
1243.86,0.124281
1147.1,0.114603
3458.51,0.345388
2828.85,0.282264
4941.57,0.493961
1085.46,0.108159
2881.04,0.287592
2058.84,0.205823
1221.3,0.122079
1505.89,0.150554
517.612,0.0517384
698.743,0.0698692
1065.3,0.10652
1025.24,0.102416
841.813,0.0841746
1088.87,0.108757
551.449,0.0551442
1750.12,0.174801
778.772,0.0777218
1086.39,0.108616
2340.9,0.233941
1172.67,0.117243
5151.16,0.51428
1612.11,0.161179
1140.01,0.113921
1447.97,0.144769
553.724,0.055362
1609.23,0.160894
2394.48,0.239416
965.843,0.0965611
921.111,0.0920568
959.188,0.0958927
1600.86,0.159777
1037.17,0.10368
1139.24,0.113876
5532.73,0.552266
4152.16,0.414404
1367.83,0.136647
2716.17,0.271476
1077.79,0.107763
1270.84,0.127044
3439.24,0.343654
4319.68,0.429906
963.681,0.0963225
758.969,0.0758623
2055.88,0.205358
1170.27,0.116983
1407.64,0.140641
943.053,0.0942812
2055.32,0.205515
764.394,0.0764375
880.793,0.0880707
1760.04,0.175909
2143.53,0.214306
1144.87,0.114435
1115.48,0.110872
772.094,0.0772064
1171,0.117081
724.674,0.0724397
1291.93,0.129162
1103.65,0.110265
1057.64,0.105256
2089,0.208489
960.579,0.0960402
857.5,0.0857354
1068.73,0.106856
6700.56,0.669679
536.97,0.0536501
1122.86,0.112219
1173.07,0.117088
3729.42,0.372662
853.713,0.0853648
1283.43,0.128323
917.641,0.0916381
824.291,0.0816602
881.234,0.0881172
953.007,0.0952634
2597.96,0.259382
1092.2,0.109055
1101.12,0.110026
664.504,0.0662816
1035.42,0.103379
3624.72,0.362293
1589.89,0.158976
737.645,0.0737451
565.725,0.0565708
931.153,0.093052
475.378,0.0475018
3339.69,0.333777
1069.2,0.106908
2224.84,0.222009
1634.96,0.163401
897.857,0.0895383
846.273,0.0844132
1059.61,0.105631
3925.12,0.392349
980.785,0.097973
903.79,0.089931
1094.7,0.10945
962.378,0.0960587
1155.45,0.115524
4383.69,0.438311
807.804,0.0807599
1269.27,0.126534
1063.01,0.106296
3314.53,0.331362
840.305,0.0837567
1225.6,0.122445
1307.27,0.130568
895.565,0.0895222
1264.18,0.126325
1255.68,0.124496
1121.43,0.112102
1393.41,0.139335
1477.48,0.147729
1087.34,0.1087
1757.13,0.175575
806.304,0.0805581
2035.94,0.203509
1608.24,0.16072
1294.17,0.129358
1677.87,0.16722
704.468,0.0703023
1537.21,0.15369
1281.05,0.128096
955.627,0.0955389
1589.46,0.158809
918.746,0.0918423
4487.14,0.448103
6313.66,0.628838
1600.82,0.160022
907.464,0.0907413
2382.57,0.23776
1113.34,0.111329
5639.63,0.563741
2240.14,0.223939
1500.29,0.150022
977.685,0.0976922
6653.04,0.665027
926.188,0.0926102
926.315,0.09258
3116.72,0.311466
1284.5,0.128061
2020.85,0.201923
825.963,0.0825569
792.027,0.0791893
894.732,0.0894715
937.63,0.0937464
1231.26,0.123023
1890.01,0.188978
7805.35,0.780052
883.754,0.0883717
1011.33,0.101077
1028.2,0.102787
1441.15,0.144085
1330.01,0.130675
1452.87,0.145272
954.6,0.0954378
1057.41,0.105722
2616.07,0.261495
584.14,0.0584066
1757.98,0.175644
1132.23,0.112744
576.939,0.0576724
1463.67,0.146244
2389.38,0.238902
1958.86,0.195801
793.657,0.0793517
1136.53,0.113578
1289.34,0.128927
1068.81,0.106844
877.592,0.0877028
1335.23,0.133472
4945.18,0.494439
2300.33,0.229999
1653.14,0.165294
890.723,0.0890476
1515.29,0.151099
1279.78,0.127953
1498.78,0.149178
1122.86,0.112269
918.308,0.091825
1072.7,0.107213
1126.12,0.112604
1089.81,0.108774
465.596,0.0465505
1525.76,0.152523
1494.01,0.149328
1222.97,0.122269
614.336,0.0614161
589.653,0.0589636
1015.07,0.101407
984.346,0.0984071
1289.54,0.128925
1225.8,0.122483
938.144,0.0938048
1299.33,0.129857
1792.1,0.179191
1060.63,0.106029
1092.89,0.10923
876.089,0.0876067
1750.74,0.175046
1159.84,0.115862
1160.74,0.11607
1119.28,0.11192
2528.56,0.25282
2120.73,0.21198
1831.4,0.183061
3614.95,0.231174
8861.08,0.88354
1020.23,0.102017
1543.82,0.154288
967.009,0.0966967
5538.63,0.55314
1230.97,0.120384
1273.58,0.127267
1096.49,0.109616
723.614,0.0723052
1297.78,0.129768
1825.6,0.182391
908.64,0.0907936
1794.54,0.179446
1253.33,0.125173
2331.46,0.233134
1397.12,0.139692
3160.31,0.315891
1029.27,0.102888
1061.2,0.106101
955.167,0.095437
998.122,0.0997242
1413.18,0.141191
3683.56,0.368158
1013.11,0.101278
1215.18,0.121514
1538.5,0.153662
1480.5,0.147991
1519.21,0.151343
1227.82,0.122567
929.499,0.0929289
1202.11,0.11994
5096.79,0.508982
2887.04,0.288586
1135.2,0.113516
1453.44,0.145329
1520.06,0.151889
4160.9,0.415828
889.211,0.0888148
2228.83,0.222662
895.784,0.0895494
998.137,0.0998092
1204.74,0.12033
1119.22,0.111909
1234.43,0.123356
778.827,0.0778723
1617.11,0.161677
1086.57,0.108643
814.963,0.0814952
783.162,0.0783073
994.935,0.099205
1208.94,0.120772
1979.37,0.197865
1709.7,0.170564
2546.6,0.254053
729.326,0.0729118
1150.84,0.115051
792.941,0.0792574
1321.87,0.132077
6629.93,0.662394
1171.62,0.11706
781.677,0.0754438
1578.79,0.157786
723.2,0.0723134
2563.41,0.249088
787.235,0.0787087
556.677,0.0556643
1991.66,0.198679
1756.13,0.174816
809.924,0.0809486
1687.38,0.168345
1329.88,0.132774
2426.28,0.242541
25673,2.56313
2590.85,0.259054
1945.65,0.194526
2861.78,0.282702
1560.14,0.155903
1601.06,0.16001
1608.42,0.160792
841.479,0.0841364
1132.21,0.113219
1143.4,0.114288
1423.75,0.1423
1358.93,0.135865
2760.86,0.275583
3082.96,0.308219
2088.27,0.208786
1440.55,0.143749
1032.01,0.103194
2113.55,0.211301
2003.51,0.200289
1360.67,0.136025
1852.04,0.185197
1429.67,0.142938
846.92,0.084661
1149.71,0.114931
1576.18,0.114981
2023.34,0.201583
5746.45,0.574373
974.636,0.0973921
3568.74,0.356424
2133.08,0.212762
1187.73,0.118684
931.501,0.0931343
782.604,0.0782493
711.627,0.071156
1377.65,0.137741
861.728,0.0861558
17795.3,1.76449
1270.58,0.124112
1230.23,0.12296
2027.61,0.20269
864.295,0.0863551
1058.04,0.105436
924.286,0.0924202
2013.75,0.201354
2084.94,0.208431
1227.84,0.122728
1049.34,0.104919
1065.11,0.106469
1108.72,0.110871
988.811,0.0988617
9381.7,0.935525
1079.19,0.107882
621.223,0.0620786
746.086,0.074602
1268.17,0.126766
1480.81,0.147785
1802.92,0.180254
620.318,0.0620145
2194.85,0.219133
1490.74,0.148939
3840.17,0.383194
1012.13,0.0952873
865.48,0.0863629
2015.27,0.201449
1018.8,0.101866
877.162,0.0876375
1179.6,0.117888
3547.28,0.353045
648.39,0.0647712
1553.94,0.155292
4001.48,0.399822
750.463,0.0750113
1273.16,0.126697
1971.27,0.19425
1957.15,0.195592
1698.83,0.169807
1512.38,0.150376
2554.7,0.255096
1164.27,0.116342
1312.28,0.131206
994.797,0.0994549
1283.56,0.12833
863.643,0.0863626
3402.54,0.339807
1421.88,0.142147
725.596,0.0725465
1518.36,0.151672
664.757,0.0664667
1761.32,0.175822
1752.88,0.175225
4426.6,0.442343
681.825,0.0679249
1077.02,0.10768
1244.98,0.124405
1572.08,0.157104
981.765,0.0980263
1621.56,0.162063
1368.79,0.136622
1878.9,0.187846
1091,0.109077
1368.01,0.136776
2972.31,0.297054
1091.5,0.108928
1650.32,0.165018
5348.01,0.534543
1578.44,0.157669
940.65,0.0938638
1014.68,0.101441
1801,0.18007
2287,0.228135
1263.93,0.128497
609.697,0.0609675
1257.75,0.125721
626.091,0.0625833
1032.69,0.1032
825.208,0.0825142
2647.76,0.264438
1924.23,0.192395
1263.63,0.126157
902.111,0.0900922
2255.23,0.225061
1409.06,0.14081
691.947,0.0691859
1178.15,0.114824
724.13,0.0723985
1032.61,0.10324
1403.26,0.140311
2215.78,0.221558
1095.81,0.109556
1258.71,0.12581
850.009,0.0849754
1795,0.179487
1858.51,0.185689
2189.37,0.218762
1952.54,0.195199
8774.6,0.877003
578.364,0.0578266
1150.08,0.115
1443.14,0.144268
882.91,0.0881002
935.155,0.0935098
1425.06,0.142489
5348.27,0.533
2001.14,0.199654
1301.79,0.130087
728.409,0.0727624
1794.85,0.179456
8896.58,0.885715
543.107,0.0538985
1261.63,0.126149
1215.36,0.121397
772.087,0.077205
5192.33,0.519163
1104.84,0.110435
951.412,0.0951055
581.359,0.0581299
1567.19,0.156512
1272.77,0.12722
996.407,0.099434
2256.89,0.221723
2382.94,0.237589
594.434,0.0593729
891.837,0.0891622
1505.87,0.150447
1181.63,0.117972
1000.94,0.100081
1608.85,0.160443
939.686,0.0939357
1427.13,0.142542
2210.09,0.220948
972.968,0.0972111
826.433,0.0826259
1203.9,0.120364
2290.24,0.228747
1156.91,0.115677
2109.74,0.210925
1576.58,0.157441
2778.84,0.277864
1593.95,0.159339
8347.13,2.49711
3692.46,0.369136
1333.83,0.133051
1657.25,0.165284
674.41,0.0674255
1210.41,0.120995
1370.31,0.137026
1151.36,0.115096
1215.74,0.12155
749.723,0.0749225
1015.08,0.101342
2247.18,0.224619
1233.11,0.123242
1368.96,0.136691
1587.72,0.15866
1738.96,0.17356
1023.47,0.102342
1339.85,0.133956
1492.11,0.149174
1905.34,0.19051
1795.27,0.179358
2144.84,0.214431
1572.79,0.157244
934.279,0.0934102
1198.49,0.119732
1484.89,0.148421
748.381,0.0748041
713.185,0.0707306
1560.63,0.156025
1252.36,0.125225
2110.7,0.210848
692.515,0.0692394
1946.81,0.194156
1123.21,0.112282
3390.61,0.338996
1223.07,0.122164
1054.73,0.105416
1690.54,0.168977
1310.86,0.13096
1517.87,0.151674
1704.55,0.170407
848.172,0.0848084
853.212,0.0853169
882.34,0.0881996
20088.7,1.99272
1389.49,0.138934
6918.69,0.689912
1341.99,0.134165
2244.49,0.224406
1784.22,0.178403
688.663,0.068561
718.892,0.0718595
2108.3,0.210815
2075.25,0.207472
800.955,0.0800778
1124.88,0.112418
781.791,0.0781709
2537.89,0.253624
1099.03,0.109641
562.667,0.0562606
1484.95,0.14695
1965.24,0.196354
2880.79,0.28793
813.011,0.0811755
978.543,0.0978405
1628.4,0.162748
2387.68,0.238533
1126.59,0.112612
2178.55,0.2177
1415.16,0.141416
1425.1,0.137652
1212.9,0.12128
1036.47,0.103627
1527.79,0.152499
1099.9,0.10992
1854.64,0.185369
5756.3,6.37423
1051.62,0.105125
823.287,0.0819723
2045.81,0.20434
878.602,0.0878251
3110.11,0.30649
1101.54,0.110131
2401.84,0.239933
1738.29,0.17375
1933.21,0.193175
3720.96,0.371698
1527.44,0.15262
1221.14,0.121889
2023.01,0.202277
912.707,0.0912658
779.416,0.0779073
1420.2,0.141982
1975.81,0.197566
1467.79,0.146704
1035.17,0.10351
914.413,0.0914372
1664.04,0.166378
3127.15,0.311878
1104.63,0.110443
1183.99,0.118385
1630.25,0.162994
5459.35,0.543906
945.455,0.0945401
894.003,0.0893373
1538.21,0.153713
761.838,0.076164
1190.58,0.11858
928.028,0.0927395
2563.02,0.255621
363.617,0.0363353
1135.54,0.113543
1937.73,0.19352
845.464,0.0844108
585.83,0.0585753
2238.39,0.223791
1551.5,0.155117
1164.03,0.116267
753.587,0.0753387
3169.78,0.31664
2215.47,0.220519
1254.34,0.125426
1379.17,0.137873
1013.14,0.101309
643.987,0.0643772
1141.54,0.114073
1673.16,0.167292
1144.72,0.114435
2066.16,0.206574
986.193,0.0986182
629.716,0.0629523
859.092,0.0857859
1367.77,0.1367
1119.65,0.11188
1491.37,0.149126
1438.34,0.143669
1614.24,0.16137
1313.21,0.131283
1376.62,0.137636
16708.2,1.66608
1902.18,0.190163
1026.99,0.102684
1272.92,0.127262
872.627,0.0872429
1120.66,0.11195
2042.11,0.165925
1741.95,0.174065
827.727,0.0827525
1575.12,0.157462
2744.9,0.274345
809.808,0.0809799
831.068,0.0830022
1216.87,0.121673
1236.1,0.123603
814.014,0.0813955
2355.17,0.235308
1463.95,0.146386
1296.11,0.129585
2411.81,0.23998
1084.75,0.108465
1345.24,0.134508
916.284,0.0916069
1815.02,0.181446
952.332,0.0949407
4056.22,1.59732
604.816,0.0604796
1089.65,0.108939
1241.28,0.123859
1637.88,0.163775
1629.15,0.162517
2016.38,0.201518
1944.72,0.194411
8194.55,0.819242
688.683,0.068795
1658.37,0.165786
587.076,0.0586829
644.587,0.0644528
1143.82,0.114218
963.269,0.0963262
571.707,0.057158
1168.7,0.116869
1519.41,0.151552
1695.57,0.169384
1163.79,0.116358
1731.54,0.173124
1409.01,0.140864
2905.29,0.290296
2059.87,0.213982
3849.29,0.384556
862.349,0.0861679
2013.56,0.201231
4319.4,0.431609
1876.66,0.187643
1134.59,0.1134
896.376,0.0895981
798.173,0.0798088
2747.55,0.274586
1381.46,0.138132
978.445,0.0978295
850.519,0.0850189
1301.43,0.129994
1480.79,0.147896
1141.79,0.114158
1596.95,0.159651
1949.55,0.194915
960.198,0.0960166
800.134,0.0800108
1537.1,0.153503
777.921,0.0777681
1656.97,0.165638
1379.28,0.137755
870.42,0.087015
991.202,0.0989249
1017.52,0.101694
17156.3,1.70569
1171.33,0.116989
1368.93,0.135841
1497.23,0.149281
3277.83,0.327652
1862.03,0.186163
2024.87,0.2022
1117.74,0.111439
677.9,0.0675195
1041.56,0.103743
4693.11,0.468859
6869.24,0.686867
1443.25,0.144119
1245.74,0.124434
1117.81,0.111755
731.838,0.0731779
642.165,0.0642101
3990.57,0.397312
1850.12,0.184902
2046.07,0.204469
945.56,0.0944863
1214.33,0.121378
1120.69,0.112056
1413.82,0.141218
1074.05,0.107363
1220.68,0.121938
743.91,0.0743164
1167.35,0.116727
1236.72,0.12364
785.919,0.0785916
1812.64,0.181246
952.165,0.0951241
698.669,0.0698257
1075.09,0.107448
992.936,0.0992911
4397.38,0.439525
1672.66,0.167232
1564.83,0.153142
1213.68,0.121235
922.915,0.0922857
475.022,0.0475013
994.64,0.0994542
3021.43,0.301961
1694.73,0.16897
984.303,0.0983361
1427.3,0.14264
2329.32,0.232815
1011.55,0.100656
620.885,0.0620686
820.907,0.082079
4807.15,0.479135
1156.89,0.115653
2309.43,0.230751
6619.55,0.660762
709.115,0.0709049
1183.71,0.118353
1504.6,0.15032
1425.38,0.142483
1206.66,0.120651
872.56,0.087233
1034.31,0.103323
1947.64,0.194622
4073.39,0.40695
2670.43,0.249576
922.698,0.0921895
1857.83,0.185724
1169.08,0.116845
1641.23,0.164081
981.412,0.0981018
1302.39,0.130224
2005.41,0.200443
551.656,0.0550915
1607.69,0.159615
1000.21,0.0999106
1770.04,0.176846
1061.62,0.106148
997.642,0.0997515
752.054,0.0751879
6750.67,0.674859
1256.99,0.125605
709.237,0.0708905
986.615,0.0982902
3026.26,0.302482
3351.76,0.33472
1262.34,0.125897
1052.48,0.104955
684.51,0.0684308
3729.9,0.372635
1152.08,0.114903
1334.75,0.13338
2140.89,0.21307
1364.36,0.136404
3143.34,0.314212
1092.97,0.109288
1520.81,0.151875
1849.84,0.184944
787.571,0.0787538
1058.89,0.105885
989.821,0.0989219
2013.82,0.201298
1288.13,0.128772
2142.67,0.214213
3146.05,0.314453
1777.15,0.177607
2439.51,0.243188
1976.73,0.197413
868.396,0.086771
9589.06,0.95586
797.474,0.0796686
1109.94,0.110984
2521.71,0.252017
678.627,0.067846
1375.34,0.137075
2472.68,0.246918
1404.54,0.140415
1194.83,0.119443
2010.76,0.20094
733.346,0.0733033
996.89,0.0996313
1860.92,0.186075
1321.95,0.132134
1775.74,0.177484
1061.64,0.10616
4439.1,0.443519
529.288,0.0528954
684.993,0.0684941
754.9,0.0754855
1759.75,0.17576
1347.77,0.134731
970.609,0.0970545
455.902,0.0455873
1672.32,0.167137
1552.7,0.154985
3952.15,0.394688
1276.28,0.127618
1548.85,0.154868
916.192,0.0888014
4269.58,0.426865
3109.06,0.310855
909.896,0.090976
773.65,0.0773257
1066.72,0.106524
1268.14,0.126766
989.271,0.0988979
959.044,0.0958238
3371.38,0.336455
2023.42,0.202186
5609.87,0.560752
1193.12,0.119274
1242.95,0.124281
955.867,0.0955529
1384.31,0.137151
948.738,0.0948333
955.271,0.0954477
914.442,0.0913803
1436.53,0.143601
1320.77,0.131065
1888.56,0.188837
991.925,0.0991715
1163.35,0.11631
1145.34,0.114407
880.792,0.0880637
735.087,0.0734968
1548.9,0.154804
606.359,0.0605846
3455.31,0.345414
976.586,0.097656
1156.85,0.115641
1526.58,0.152597
1075.87,0.107513
729.559,0.0728086
4029.17,0.402752
1624.47,0.162345
691.242,0.0691102
3238.75,0.323389
809.151,0.0809135
5105.03,0.510211
758.801,0.0758739
1241.46,0.124033
1157.02,0.115692
2484.54,0.248362
2303.26,0.230268
2030.55,0.20269
1119.53,0.111925
969.963,0.0968643
1113.04,0.111286
2204.57,0.220405
951.105,0.0951006
989.912,0.0989681
4290.56,0.428881
872.62,0.0871985
2092.8,0.208567
822.137,0.0821933
3070.94,0.307039
1080.11,0.10783
1080.84,0.108063
1516.31,0.151562
1824.61,0.182293
707.907,0.0707333
1533.43,0.153308
