EnergyDeposit(eV),LET(keV/um)
1223.1,0.1222
991.282,0.0991056
667.855,0.0667608
1659.05,0.165851
1528.55,0.152767
2294.5,0.229276
3600.84,0.359239
2912.5,0.290336
810.994,0.0810649
1301.65,0.130155
783.055,0.0782822
2109,0.210767
1803.17,0.180283
17100.7,2.69378
866.889,0.0866552
1449.7,0.144923
1492.39,0.148887
1488.32,0.148807
939.136,0.0939022
1173.23,0.117309
3968.65,0.395233
1615.86,0.161536
1078.65,0.107703
2157.24,0.21547
930.633,0.0930452
1412.21,0.141201
1368.67,0.136862
2988.25,0.298794
2506.79,0.249984
1616.29,0.161601
1735.49,0.173389
1264,0.12632
2291.54,0.229129
616.953,0.0616707
1796.09,0.179075
2038.89,0.203778
818.931,0.0818778
1003.9,0.100386
954.514,0.0954274
1113.04,0.111254
2417.02,0.241603
1029.68,0.102953
1666.29,0.166493
606.627,0.0606265
1423.38,0.14226
2374.22,0.237295
691.379,0.0690848
1613.57,0.161212
2200.11,0.2199
1038.45,0.103823
2835.77,0.283238
2022.81,0.201678
976.034,0.0973767
767.782,0.0767551
1062.37,0.106206
763.846,0.076299
3211.43,0.320972
1395.18,0.139432
1578.84,0.157744
728.43,0.072826
1074.08,0.107363
3679.77,0.367845
763.604,0.0763287
984.978,0.0984876
1224.36,0.122154
1315.2,0.131425
1127.25,0.112706
1649.98,0.164865
1183.52,0.118332
1566.56,0.15664
1141.97,0.11417
1546.97,0.154685
1619.64,0.161889
1111.4,0.111049
1232.07,0.123156
1209.94,0.120966
1476.54,0.147595
1018.29,0.101815
1250.95,0.125091
3426.88,0.342347
806.244,0.0806161
1507.91,0.150428
2083.29,0.208232
815.252,0.0815165
967.486,0.0965031
812.977,0.0812893
935.128,0.0930836
3749.21,0.374871
1059.33,0.105828
1020.47,0.101998
997.738,0.0997588
2353.99,0.235384
913.839,0.0913508
1044.5,0.104446
5643.77,0.563955
717.334,0.0716429
2019.76,0.201901
3601.68,0.360024
1017.38,0.101674
14645.5,1.45137
1990.41,0.199032
980.826,0.0980086
1412.52,0.140998
1021.32,0.102039
2349.05,0.234797
10302.3,1.02724
961.255,0.0960243
15304.1,1.52068
1458.82,0.145838
1483.01,0.14801
871.103,0.0871036
959.115,0.0959069
586.583,0.0586249
1274.18,0.121425
3110.99,0.310909
1232.61,0.123246
1164.47,0.116436
1644.13,0.164369
1388.91,0.138865
1007.36,0.100669
5009.65,0.499909
919.15,0.0918185
587.604,0.0586941
1279.65,0.127895
1227.17,0.122362
863.444,0.0863028
2189.05,0.218854
625.318,0.062522
884.47,0.0884056
1088.37,0.108602
1059.37,0.10592
1254.52,0.125402
620.453,0.0620396
1128.56,0.112814
1396.62,0.139474
692.54,0.0692253
2052.73,0.205032
4254.9,0.425365
706.792,0.0706448
1124.04,0.112376
5558.26,0.554955
2408.55,0.240757
959.334,0.095922
1318.03,0.13137
926.774,0.0926175
894.984,0.0893878
14644.9,1.46394
1475.93,0.147584
2313.6,0.231091
1858.59,0.185768
1138.2,0.113805
983.118,0.0981967
2285.18,0.228238
805.347,0.0805123
3098.81,0.309652
2600.09,0.259922
1476.91,0.14767
753.641,0.0753426
1355.86,0.135532
7828.1,0.780934
734.632,0.0734476
785.882,0.0784582
2329.02,0.232854
816.032,0.081597
1257.01,0.12566
1243.01,0.124281
3014.16,0.301118
2059.48,0.205743
1196.14,0.119609
1231.53,0.123055
1169.3,0.116924
726.37,0.0726255
1506.33,0.149295
1798.65,0.179724
816.564,0.081639
1660.68,0.165851
888.396,0.0887692
1111.35,0.111103
1049.84,0.10496
1210.21,0.12099
764.814,0.0763145
777.771,0.0777536
1704.45,0.170356
1645.01,0.164411
1531.97,0.153053
991.663,0.0991034
874.186,0.0873765
1566.91,0.156672
1156.87,0.115329
1170.19,0.116965
1184.08,0.117893
1458.2,0.145733
1450,0.1449
874.486,0.0874293
1545.14,0.154464
1005.81,0.100512
3735.53,0.373478
2242.3,0.223903
605.784,0.0605759
1401.83,0.13999
1093.4,0.10932
2188.43,0.218733
2976.85,0.297293
1138.66,0.113846
1813.94,0.181361
2410.61,0.241013
2241.25,0.223968
2337.77,0.233613
2013.37,0.201001
854.67,0.0854592
1164.53,0.116402
1993.15,0.19875
1250.62,0.125037
635.473,0.0630615
723.77,0.0723212
706.276,0.0706198
865.584,0.0865466
982.704,0.0982178
1241.11,0.124095
853.628,0.0853194
604.445,0.0604346
1937.98,0.193604
3043.6,0.303844
1228.88,0.122768
1635.14,0.163427
880.569,0.0879827
2265.25,0.226491
1134.88,0.113481
1287.57,0.128747
1340.15,0.132482
1318.88,0.131857
1358.05,0.135465
3883.71,0.388314
2482.11,0.248058
748.359,0.0747664
915.902,0.0915813
1166.59,0.116611
1055.34,0.1055
1087.51,0.108639
1442.49,0.144189
698.98,0.0698871
1271.46,0.127054
807.15,0.0806794
1324.98,0.132483
1281.95,0.127919
527.999,0.0527565
795.767,0.0795487
1417.21,0.141661
1234.59,0.123429
2029.73,0.202623
1239.52,0.123897
1266.75,0.126667
1064.76,0.106471
786.138,0.0785978
863.519,0.0863027
1350.46,0.134879
1005.31,0.100514
7451.68,0.743059
658.722,0.065819
1782.28,0.178157
6852.91,0.683567
1193.5,0.119336
1625.48,0.16229
1002.32,0.0983669
2520.27,0.251396
687.688,0.0687341
1085.13,0.106192
822.674,0.0816414
840.662,0.0840498
979.228,0.0977876
1695.71,0.1695
834.894,0.0832432
766.021,0.0764991
744.679,0.0744599
1338.32,0.133487
1233.22,0.123298
2602.05,0.260165
2123.38,0.212325
1008.65,0.10086
1023.02,0.10227
1162.23,0.116117
1278.9,0.12788
1233.89,0.123368
786.326,0.0786107
976.185,0.097595
1110.17,0.110995
1404.17,0.140409
783.898,0.0783756
1489.61,0.148876
768.374,0.0766653
2386.18,0.238262
2027.54,0.202658
1155.51,0.115536
708.664,0.0708647
564.967,0.0564912
1013.42,0.101247
898.075,0.0897401
1076.04,0.10749
1013.47,0.101255
2010.2,0.200942
1419.3,0.141718
732.802,0.0731821
5078.85,1.16513
921.172,0.0920037
1079.86,0.107979
5221.07,0.521862
837.348,0.0836836
668.757,0.0668518
1218.82,0.121668
1137.28,0.113694
1033.6,0.0958337
1294.09,0.1294
1323.88,0.132361
1198.99,0.119743
1210.77,0.121047
2419.56,0.241904
1863.88,0.186338
1493,0.149172
2437.66,0.243666
723.58,0.0722798
981.93,0.0981745
1585.77,0.158524
2975.41,0.297436
2237.3,0.223665
4547.35,0.454105
1333.85,0.133332
503.454,0.0503431
893.814,0.0893694
1500.12,0.149909
1070.02,0.106997
876.113,0.0875744
1235.22,0.123413
756.753,0.0752909
885.558,0.0885265
2294.96,0.229153
2158.57,0.215549
1078.29,0.107782
743.877,0.0743567
1120.52,0.112038
630.019,0.063001
1162.06,0.116113
1231.29,0.123118
516.221,0.0515782
1037.45,0.103741
1468.99,0.146867
1100.73,0.110046
5738.97,0.570383
902.248,0.0902082
883.113,0.0882741
1312.32,0.131159
1857.29,0.185646
1552.08,0.155158
670.46,0.0666681
1106.5,0.110573
1539.27,0.153848
3156.9,0.315523
2882.59,0.288035
1263.5,0.126316
1411.76,0.141067
1148.4,0.114813
1886.77,0.188347
1718.21,0.171508
671.878,0.0665994
1896.71,0.189632
1302.03,0.130003
3311.6,0.331003
879.664,0.0879306
1174.93,0.117473
6733.21,0.669803
2318.2,0.231702
4307.55,0.430347
687.733,0.0686893
5331.83,0.531936
616.666,0.0616054
1043.52,0.104345
1124.85,0.112371
770.255,0.0769472
1116.15,0.111247
1307.38,0.130686
1952.32,0.195106
1298.67,0.129829
2350.53,0.235
1449.26,0.144821
2036.59,0.203474
1278.05,0.12731
1297.64,0.12975
797.452,0.0797105
508.446,0.0508078
1061.14,0.106105
1193.96,0.119261
2366.62,0.236429
2028.74,0.202801
1000.8,0.100004
1067.51,0.106619
1596.17,0.159602
6734.03,0.672298
1465.89,0.146555
1268.24,0.126785
1085.87,0.108021
1526.69,0.15266
1059.41,0.105929
1309.75,0.130904
4208.58,0.419849
4619.76,0.461305
1890.14,0.18894
4032.61,0.402847
927.201,0.0927012
1260.71,0.12606
1177.87,0.117766
1514.06,0.151355
2616.16,0.260967
3298.55,0.328913
1252.28,0.124954
1234.76,0.123451
762.927,0.0762079
859.842,0.0859673
935.862,0.0935709
2343.76,0.232911
1223.75,0.122368
2436.78,0.243555
673.134,0.0672064
629.024,0.0628944
1521.22,0.151109
1021.04,0.10199
619.029,0.0618833
918.85,0.0918335
686.785,0.0686334
1638.23,0.163799
1220.81,0.122039
909.722,0.0909352
843.154,0.0842192
1026.57,0.102638
809.719,0.0807117
920.136,0.091817
848.445,0.0847088
1303.97,0.130384
1183.59,0.118284
1341.76,0.133928
674.446,0.0674355
1967.31,0.196369
773.131,0.0772916
1859.04,0.185878
2267.95,0.22663
833.441,0.0833177
1615.24,0.160857
1224.06,0.122372
1045.95,0.104495
1561.13,0.155967
668.242,0.0667766
967.852,0.0966114
1247.19,0.124697
773.921,0.0771973
950.279,0.0949872
1220.64,0.121885
1418.79,0.141851
1013.05,0.101228
1968.13,0.196799
965.725,0.0965578
2511.05,0.251012
3551.56,0.355039
411.971,0.0411967
1335.33,0.133427
2017.04,0.201557
2417.53,0.241389
1309.71,0.130914
984.467,0.098439
2256.13,0.22538
642.018,0.0641952
7524.06,0.75116
1547.89,0.154748
791.631,0.0791137
1076.81,0.107592
1019.78,0.101939
1019.99,0.101913
1617.67,0.161752
1405.75,0.140537
1268.68,0.126839
952.318,0.0952048
983.679,0.0983501
1350.79,0.135014
1779.28,0.177908
1769.46,0.176746
854.053,0.0853843
628.164,0.0627658
1723.66,0.172356
962.501,0.0962224
1553.72,0.155239
1297.65,0.129715
2650.69,0.264496
891.391,0.0888496
889.808,0.0889787
1265.42,0.126506
2915.46,0.291283
2095.63,0.209506
1065.87,0.106578
870.147,0.0869747
626.351,0.0625835
927.865,0.0926069
1379.29,0.13792
1204.42,0.120411
1456.86,0.145321
1616.98,0.161609
971.235,0.0971148
1771.13,0.177016
1967.62,0.196649
1818.34,0.181805
697.886,0.0697067
874.172,0.0873911
922.845,0.0922067
8379.91,0.837301
2361.17,0.235959
916.421,0.0915872
914.799,0.0914372
875.903,0.0875633
812.443,0.0812018
1066.33,0.106631
2044.56,0.204347
1326.82,0.132661
6780.65,0.676263
2884.81,0.287654
934.312,0.0933662
420.978,0.0420902
1376.11,0.137563
1678.67,0.167724
2492.07,0.24903
862.106,0.0860769
2246.17,0.224604
1421.44,0.142009
2025.53,0.202381
1574.57,0.157415
1020.79,0.102031
748.014,0.0747841
1008.06,0.0983693
1226.97,0.122658
1173.24,0.117264
525.698,0.0525367
969.795,0.0969757
1687.98,0.168761
1438.24,0.143758
1235.18,0.12338
1333.5,0.133318
1163.26,0.116182
1187.16,0.118712
1800.21,0.180003
1011.47,0.100935
3033.29,0.30304
550.633,0.0550603
1087.75,0.108748
1961.45,0.196049
983.708,0.098346
1632.98,0.163021
1739.36,0.173832
2412.46,0.240163
869.832,0.0869016
824.582,0.0824288
1688.14,0.168604
1037.22,0.103715
1555.74,0.155118
840.011,0.0838863
3673.03,0.367032
701.018,0.0700814
2506.26,0.250501
625.983,0.0625518
1627.9,0.162752
2177.22,0.217701
794.645,0.0794552
1541.18,0.153966
1037.6,0.103504
1540.81,0.154053
3332.83,0.333052
641.434,0.0641353
2987.9,0.298656
912.511,0.0912446
3043.6,0.304032
976.159,0.0970006
1513.57,0.151294
850.36,0.085011
925.589,0.0925471
910.35,0.0907369
858.585,0.0857727
682.762,0.0682588
845.263,0.0845085
1166.47,0.116635
1750.95,0.175036
888.739,0.0887828
3924.95,0.39219
797.985,0.0797905
1315.98,0.131567
976.74,0.0976457
1114.98,0.110752
1185.46,0.118245
815.286,0.0815081
1692.42,0.169211
1169.74,0.116961
852.964,0.0848528
911.965,0.0911704
689.488,0.06894
3136.77,0.31351
984.156,0.098371
824.386,0.0824106
705.801,0.0705664
1572.07,0.15716
5139.14,0.513153
12352.8,1.2324
997.841,0.0997364
2424.06,0.242148
1436.68,0.142953
2700.98,0.27002
1280.64,0.12799
2452.74,0.245181
1313.76,0.131313
1155.09,0.115493
2437.98,0.243668
1023.48,0.102325
2845.74,0.284131
1601.22,0.159815
1841.48,0.18409
1044.23,0.104417
770.872,0.0770716
974.401,0.0974285
752.091,0.0751867
1817.2,0.181458
1127.86,0.112748
776.83,0.0776809
899.517,0.0899471
3876.32,0.38733
535.957,0.0535588
1180.56,0.117908
1370,0.136589
2424.47,0.241791
1691.67,0.16914
990.246,0.0988792
1685.22,0.168255
965.149,0.0963712
1443.61,0.144338
1727.36,0.171644
811.998,0.0811366
1075.48,0.107541
1517.25,0.151681
1112.78,0.111235
1416.88,0.141678
1031.93,0.103183
1792.22,0.179212
799.008,0.0798953
991.696,0.0990934
987.046,0.0986494
1784.63,0.178418
1331.65,0.133121
1976.95,0.197666
976.972,0.0976514
1077.28,0.107684
2441.35,0.244109
940.401,0.0940097
1118.01,0.111771
4477.24,0.446743
7495.77,1.84183
1093.17,0.108394
513.107,0.0512949
783.604,0.0783512
2011.25,0.201085
1036.08,0.103591
1006.06,0.100596
1046.61,0.104646
696.185,0.0696166
1029.84,0.102944
953.634,0.0953364
2858.56,0.285703
643.746,0.0643674
2363.08,0.235162
901.806,0.0900329
2094.37,0.209237
1182.85,0.117314
1155.58,0.115487
938.166,0.0938146
1072.61,0.107241
1784.27,0.17842
3698.34,0.368694
1818.82,0.18184
883.547,0.0883359
2910.6,0.290953
1288.27,0.128754
952.696,0.0952565
1181.52,0.118143
820.567,0.0820394
1040.85,0.104066
1347.91,0.134752
1235.3,0.123485
1772.63,0.177237
852.369,0.0852018
1701.76,0.170046
781.475,0.0781281
1372.29,0.137162
1121.19,0.11207
879.74,0.0877644
1059.36,0.105931
1310.02,0.12962
669.29,0.066924
767.919,0.0767522
1025.86,0.102548
2213.15,0.220854
1116.53,0.111629
1895.87,0.189544
808.066,0.0807268
1038.17,0.103807
965.786,0.096458
638.152,0.0638121
1098.06,0.109776
1732.49,0.173098
1349.07,0.134781
1040.01,0.103985
1598.52,0.159649
1441.63,0.143677
2954.12,0.295132
800.329,0.0800036
1717.89,0.17178
907.24,0.0907071
1162.76,0.116229
1745.44,0.17453
977.696,0.0977592
413.377,0.0413358
1201.86,0.120122
8164.6,0.817768
1814.06,0.181013
946.156,0.0944584
2974.7,0.297001
3152.98,0.313636
2565.22,0.256107
4111.64,0.410852
791.505,0.0791151
1140.2,0.113987
2086.21,0.208574
914.346,0.0914008
7241.26,0.723554
714.212,0.0713681
1202.09,0.120172
930.548,0.0928865
2272.57,0.227104
822.321,0.0822129
1005.41,0.100529
2305.84,0.230123
1346.7,0.134605
3107.45,0.310705
932.137,0.0931164
1396.45,0.139507
2882.6,0.287925
1626.26,0.162396
2087.43,0.208562
840.889,0.0840827
2178.54,0.21727
1365.19,0.136502
2429.93,0.242628
4827.57,0.482547
824.027,0.0823498
2685.61,0.26842
1042.99,0.104293
1488.86,0.148865
784.67,0.0784575
1548.37,0.154736
3305.09,0.330444
735.632,0.0735608
3642.77,0.364032
2147.57,0.214489
1373.61,0.136913
2359.74,0.235886
967.358,0.0967143
879.272,0.0879075
1669,0.166779
1471.13,0.147083
2429.64,0.242758
3138.74,0.313854
603.82,0.0603723
1177.01,0.117657
687.383,0.0687262
876.397,0.0875792
918.629,0.0918441
1096.46,0.109638
1805.75,0.180556
1073.46,0.107294
995.782,0.0995431
1393.69,0.13927
517.72,0.0517494
969.795,0.0969283
7483.51,2.82723
1552.11,0.15511
652.34,0.0652263
957.354,0.0957087
1904.86,0.19028
1163.78,0.116359
1099.08,0.109854
1107.98,0.110714
1420.5,0.142033
808.738,0.0808591
3234.13,0.323299
1170.14,0.117007
686.95,0.0686814
1137.85,0.113082
1662.22,0.166121
916.946,0.0916811
968.601,0.0967805
1443.57,0.144338
2548.44,0.254783
2032.95,0.198699
1250.36,0.124993
1566.79,0.156619
4320.83,0.431748
1178.64,0.117783
2824.29,0.282259
1661.19,0.166086
2017.17,0.200815
3909.89,0.389847
4277.38,0.427548
1201.37,0.119834
2148.2,0.214672
2064.48,0.206196
1109.28,0.110892
2486.16,0.248427
569.352,0.0569137
1831.49,0.183096
2288.7,0.228625
3288.23,0.307013
1452.44,0.14522
1804.25,0.180276
2239.41,0.223874
1407.03,0.140697
939.916,0.0938157
945.4,0.0944701
1166.1,0.116562
1804.02,0.180293
1249.21,0.124503
1655.98,0.164288
1161.84,0.116146
786.356,0.0785836
902.363,0.0902189
595.606,0.0595317
783.242,0.0783014
709.969,0.0709578
13720,1.3683
810.295,0.0810149
2637.57,0.263592
1143.94,0.114337
1324.04,0.132377
898.107,0.0897039
3363.74,0.336325
1497.56,0.149736
784.515,0.0784495
3754.35,0.374712
1600.31,0.159971
1216.92,0.12162
955.292,0.0955068
2438.74,0.243805
949.886,0.0949599
2229.69,0.222906
668.046,0.0667694
1404.85,0.14036
1507.44,0.149642
1015.29,0.101426
5143.3,0.514293
1210.93,0.121049
1829.45,0.182617
1166.2,0.11632
1105.39,0.109996
905.579,0.0904313
1394.65,0.139232
832.367,0.0832208
1633.96,0.163351
1037.13,0.103679
887.444,0.0886013
1088.7,0.108816
1670.72,0.166861
1153.83,0.115281
1905.33,0.190223
1465.22,0.146483
1203.34,0.120127
1790.72,0.178882
1091.58,0.109145
1357.57,0.135619
1259.93,0.12593
1341.68,0.134162
874.522,0.0874117
1162.56,0.116251
1149.93,0.11493
1114.37,0.110247
753.343,0.075106
2713.65,0.271036
718.745,0.0718374
948.476,0.0947228
1996.95,0.199683
1169.98,0.11695
1882.83,0.188187
1059.03,0.105884
592.087,0.0591668
3405.01,0.340401
1378.78,0.137804
862.045,0.086118
1035.52,0.10354
1794.08,0.179381
1506.47,0.150544
815.539,0.0814961
826.654,0.0826581
2136.55,0.213639
2939.88,0.293433
3582.89,0.358189
1090.59,0.109047
1596.79,0.159655
707.312,0.0707292
1403.08,0.140279
24573.6,2.45146
1146.03,0.114573
1847.5,0.184573
1022.46,0.102231
1057.06,0.105533
703.746,0.0703396
1258.12,0.125785
6588.77,0.657701
1199.55,0.119935
770.312,0.077028
680.124,0.067999
598.875,0.0598778
1718.84,0.171859
928.17,0.0928087
2402.32,0.240143
1180.68,0.117771
1154.23,0.115369
1679.51,0.167865
7715.22,0.770484
2863.25,0.285489
1718.69,0.171859
864.369,0.0864339
3588.17,0.358363
1084.37,0.108328
1210.01,0.120987
691.138,0.0690208
633.423,0.0633332
3439.2,0.343789
1069.57,0.10685
712.592,0.0711852
1563.17,0.156222
1231.2,0.123063
1307.73,0.130666
1017.94,0.101734
2085.54,0.208489
913.549,0.0912242
712.22,0.0712029
1001.53,0.100112
1245.66,0.124514
1517,0.151684
934.078,0.0933925
768.441,0.0767893
1584.38,0.157286
1262.01,0.126169
1159.79,0.115961
765.272,0.0765146
1566.13,0.156507
2110.26,0.210636
1628.93,0.162753
885.077,0.0884959
987.055,0.0986991
4364.13,0.435579
1009.3,0.100887
1106.61,0.110648
1097.24,0.109664
1896.73,0.189591
1069.08,0.106896
635.324,0.0635
991.293,0.0991224
1126.19,0.112133
5176.55,0.517406
1793.61,0.179329
1547.72,0.154743
3341.39,0.334029
1076.19,0.107609
1812.35,0.181167
753.234,0.0753172
1214.71,0.121411
1826.44,0.182546
786.549,0.0786399
1481.82,0.148094
1086.98,0.108678
806.847,0.0806631
961.561,0.095673
1544.55,0.154442
1330.33,0.132902
1639.9,0.163767
1192.75,0.118913
2786.6,0.278537
788.986,0.0788953
1608.2,0.160742
1949.11,0.194701
4455.67,0.445333
1574.14,0.157398
1540.64,0.154036
1657.86,0.165655
1412.8,0.141057
1025.83,0.102474
2331.03,0.232874
568.162,0.0568039
2426.19,0.242544
933.041,0.093287
444.182,0.0444142
2535.03,0.253442
1301.78,0.130158
4742.58,0.474102
898.053,0.0897533
673.212,0.0673085
1279.03,0.127884
1741.09,0.211538
2228.26,0.222512
943.002,0.0942942
1293.5,0.12929
895.203,0.0895051
871.82,0.0871264
1680.4,0.16798
866.35,0.0866189
2478.45,0.247696
1224.07,0.121659
906.646,0.0906548
1033.68,0.103363
674.379,0.0674093
1386.98,0.138645
1440.2,0.143844
1617.87,0.161774
1133.97,0.113351
3083.12,0.306942
604.396,0.0603224
1222.12,0.122198
1728.65,0.172812
1503.96,0.15023
1293.24,0.128057
739.414,0.0739177
893.69,0.0892491
2005.82,0.200519
1035.03,0.103391
3324.29,0.332183
3940.29,0.393622
4007.93,0.400683
795.755,0.0794724
1858.23,0.185775
1256.78,0.125652
2179.99,0.21784
9939.99,1.0448
654.566,0.0654328
996.129,0.0995722
811.566,0.0811268
1420.2,0.142015
1089.14,0.108752
2627.08,0.262619
2084.1,0.208331
1691.61,0.169053
723.099,0.0722978
1061.35,0.106087
926.493,0.0926344
1582.99,0.158263
1212.28,0.121185
4837.75,0.483429
981.2,0.0980932
1182.14,0.118208
2478.26,0.247781
2501.31,0.250043
2146.03,0.21448
1061.24,0.106078
1412.18,0.141173
857.603,0.0857265
820.361,0.082018
1528.27,0.152768
1753.69,0.175325
874.533,0.0874506
1362.69,0.136185
1236.26,0.12359
1471.76,0.147152
1373.02,0.137251
2239.34,0.223109
867.437,0.0867329
1290.68,0.128996
1803.03,0.180287
1436.3,0.143502
748.2,0.074802
5398.26,0.539543
1255.76,0.125549
2249.24,0.224403
1016.47,0.101627
1390.58,0.138964
2760.19,0.275883
1663.57,0.165888
2308.83,0.230173
1007.22,0.100666
5871.04,0.585993
851.599,0.0850251
1096.46,0.109627
1130.6,0.112958
824.177,0.082413
2249.66,0.224854
1058.05,0.1058
1176.75,0.117613
6492.2,0.646605
2770.56,0.276845
1927.11,0.192422
1582.32,0.158078
1101.41,0.110095
1124.29,0.112404
1121.22,0.112074
2766.13,0.276436
637.269,0.0636778
3187.15,0.318485
602.519,0.0602311
1147.86,0.114623
1047.69,0.104595
747.816,0.0747228
1732.01,0.173168
856.975,0.0856909
2856.27,0.28555
2077.44,0.207624
1018.05,0.101753
1197.06,0.119646
1490.25,0.148978
2598.22,0.259736
26352.8,3.74449
2669.27,0.26682
880.705,0.0880536
802.681,0.0801912
672.966,0.0672625
2539.47,0.253855
894.214,0.0894
2043.34,0.204311
2577.33,0.257506
1023.54,0.102299
905.201,0.0905133
1493.23,0.148892
910.578,0.0909808
1091.27,0.109112
1507.92,0.150604
1558.45,0.155702
901.732,0.0901595
838.95,0.0838658
937.03,0.0936858
1036.24,0.103576
1187.05,0.118701
1429.47,0.142778
1158.77,0.115861
2003.4,0.200309
486.171,0.0485725
749.09,0.0740282
5806.17,0.579744
1399.71,0.139945
2632.85,0.263246
1034.61,0.103416
676.41,0.0676403
2044.1,0.203954
683.849,0.0683604
6231.61,0.622951
791.169,0.0791118
1762.09,0.176185
2082.69,0.208229
1874.54,0.187375
870.078,0.086953
2992.12,0.299171
666.312,0.0659696
413.068,0.0412937
6408.6,0.639435
580.834,0.0580775
765.037,0.0765008
794.253,0.0794019
713.051,0.0712614
1080.48,0.108039
652.357,0.0652201
1162.37,0.116213
790.525,0.0790478
686.637,0.0686286
754.647,0.0754302
2005.06,0.200143
1983,0.197683
784.768,0.0783998
870.798,0.087041
1211.22,0.121094
944.16,0.0943968
3915.75,0.391199
1117.57,0.111452
977.641,0.097753
1411.27,0.140604
1144.79,0.114272
1100.48,0.110029
1037.04,0.103671
1120.17,0.112012
1125.24,0.106721
1669.25,0.166856
1568.82,0.15683
2156.87,0.215684
1021.11,0.100802
6845.02,0.684238
2180.5,0.21802
601.149,0.0600895
1303.08,0.130261
659.898,0.065979
973.424,0.0972202
1677.74,0.167713
1453.62,0.14535
1801.9,0.180171
740.437,0.0740363
1382.67,0.13824
1588.02,0.158607
626.499,0.0626389
1138.65,0.113792
1148.45,0.11483
4359.72,0.435225
925.439,0.0924217
971.558,0.097049
1532.51,0.153199
1089.92,0.108938
987.45,0.0987357
1466.02,0.146588
10205.6,6.54243
819.304,0.0819227
660.121,0.0659251
2039.37,0.203896
1230.09,0.122994
896.57,0.0896531
1084.77,0.108451
963.847,0.0963507
1242.08,0.124183
2382.41,0.238185
817.2,0.0817091
1028.7,0.102812
1028.87,0.102841
1000.46,0.100024
698.735,0.0698288
950.346,0.0925219
1029.19,0.102898
1082.98,0.108276
1442.93,0.144266
1042.83,0.104257
2112.25,0.210886
3067.03,0.306387
1781.71,0.178108
1435.3,0.143407
3152.03,0.314552
962.849,0.096273
1076.45,0.107426
1549.68,0.154945
535.281,0.0534449
954.973,0.095444
2430.19,0.242958
1852.67,0.185216
4566.61,0.456481
2007.79,0.200684
1412.8,0.14127
1266.36,0.126627
8113.68,0.809441
2266.44,0.226479
1006.27,0.100606
3656.35,0.365571
1094.13,0.109391
1621.5,0.161904
1537.98,0.153724
4639.77,0.463796
881.561,0.0881511
2886.57,0.288549
1099.03,0.109874
1272.33,0.127205
913.665,0.0913557
978.729,0.0978559
822.082,0.0821764
1023.89,0.102229
16051.2,1.59921
868.067,0.0867919
641.12,0.0640898
3153.79,0.315186
1108.11,0.110741
512.418,0.0512316
5922.06,0.591827
1010.02,0.100902
1501.45,0.150107
838.277,0.0837892
589.908,0.0589892
1177.24,0.117705
1529.23,0.152871
3906.12,0.390413
791.675,0.0791502
698.842,0.0691128
1108.75,0.110808
2758.07,0.275662
608.904,0.0608799
3939.75,0.393423
3792.3,0.378396
846.345,0.0846249
919.223,0.0917906
1256.2,0.125596
1834.41,0.183389
957.063,0.0956587
1115.44,0.111498
975.046,0.0974595
1043.43,0.104311
658.73,0.0658694
2337.27,0.233555
1159.86,0.115845
2032.97,0.202937
1508.15,0.150748
1236.4,0.123595
1582.1,0.158136
740.763,0.0740579
1703.6,0.170069
1540.74,0.153949
13667.7,1.36566
3219.18,0.321532
3949.77,0.394846
501.841,0.0501808
684.059,0.0683809
1172,0.117177
1120.99,0.11209
1772.42,0.177135
4991.44,5.11197
1144.43,0.114417
1649.79,0.164923
1285.33,0.12825
1896.72,0.189654
850.57,0.0850366
730.355,0.0730274
3191.94,0.318902
1296.83,0.124745
1092.19,0.109162
5233.51,5.38919
1219.9,0.121936
821.217,0.0821134
1782.93,0.17824
2339.43,0.233898
1104.67,0.110453
1160.79,0.115962
923.639,0.0923372
1773.61,0.177335
1054.62,0.105232
886.056,0.0883663
2030.6,0.202996
819.534,0.081931
823.285,0.0823099
911.807,0.0911458
790.011,0.0789894
2326.72,0.232417
910.869,0.091078
878.362,0.0878181
1095.1,0.109465
687.812,0.0683136
827.85,0.0827671
1844.03,0.184342
1198.14,0.119793
1877.64,0.187058
2092.14,0.209006
2749.63,0.274926
1596.45,0.159584
1054.48,0.105378
1221.79,0.122174
6652.83,0.664573
1792.75,0.179255
12390.1,1.23253
2345.04,0.234296
1126.05,0.112518
2795.53,0.279027
1131.79,0.11315
1172.78,0.117275
1760.93,0.17607
757.777,0.075766
1281.47,0.128031
1092.23,0.109179
1477.38,0.147715
1089.92,0.108911
451.119,0.0451027
1060.74,0.105898
1069.04,0.106832
914.786,0.0914661
1070.51,0.106997
1031.53,0.103132
1674.36,0.167252
1602.63,0.160219
963.398,0.0963249
1669.33,0.164707
1388.51,0.13881
1059.76,0.105865
3574.33,0.357325
1732.62,0.173249
18025.1,1.79269
8756.74,0.875148
17966.2,1.79288
10590.3,1.05716
2061.32,0.206048
2864.41,0.285662
868.979,0.0868633
1999.29,0.199799
851.913,0.0851789
1533.55,0.153327
2520.01,0.251671
964.695,0.0964451
464.813,0.0463846
1024.86,0.102451
2574.18,0.257223
817.495,0.0817396
710.52,0.0710143
1143.22,0.113998
1276.9,0.127646
1806.4,0.179853
695.429,0.0695304
1069,0.106884
2664.41,0.266168
2009.5,0.200844
1665.13,0.166495
7122.4,0.709706
1250.38,0.124982
1025.3,0.102477
1520.94,0.152055
2532.18,0.253072
921.171,0.0920515
8205.92,0.818487
1244.54,0.124407
729.012,0.0728908
584.522,0.0584445
1333.1,0.132846
1157.94,0.115781
5430.84,0.539946
793.004,0.0792879
1594.26,0.159214
1679.64,0.167863
970.748,0.0970549
2705.67,0.270322
1114.63,0.11133
2212.86,0.221278
758.199,0.0757744
1172.94,0.117244
3558.96,0.355618
793.783,0.0793751
1564.15,0.156262
1399.08,0.139886
693.62,0.0693321
1124.34,0.112418
1454.97,0.145478
1188.28,0.118779
676.895,0.0676452
1117.63,0.111739
1068.06,0.106798
1355.18,0.135465
871.416,0.0871
907.902,0.0905559
1466.06,0.146448
6751.55,0.674915
1820.58,0.182039
1251.11,0.124738
2224.41,0.220896
754.64,0.075455
939.75,0.0939653
937.102,0.0936953
911.37,0.0910405
1664.34,0.166394
864.935,0.0864242
1191.88,0.11912
896.889,0.0896717
1344.83,0.134453
1695.89,0.169571
576.019,0.0575904
1614.74,0.161317
1808.08,0.180754
1497.62,0.149632
2037.38,0.203612
1802.71,0.180243
1883.1,0.188219
1567.86,0.156701
1050.1,0.104985
1457.16,0.145648
1070.12,0.106724
1010.84,0.101041
720.086,0.071758
1003.74,0.100362
1664.28,0.166362
1538.94,0.153005
2210.72,0.220927
974.102,0.0973644
1689.32,0.168812
1072.55,0.107157
1495.77,0.149564
998.387,0.0997233
940.169,0.0939633
1110.8,0.111031
1293.49,0.129333
982.425,0.0980909
1526.81,0.152625
831.696,0.0831426
983.485,0.0982025
2476.74,0.247617
734.945,0.0734727
1775.31,0.17739
1159.69,0.115916
1153.72,0.115355
708.01,0.0707687
3280.4,0.32781
1954.7,0.195304
671.028,0.0670951
1996.99,0.199555
863.168,0.0862216
564.002,0.0563965
1994.06,0.199319
2385.13,0.238208
3482.62,0.347875
1427.16,0.14269
657.57,0.0657534
870.937,0.0870434
5374.57,0.537055
787.23,0.0785964
1315.15,0.131377
1032.24,0.103153
1250.77,0.12503
589.14,0.058825
1728.39,0.172749
1044.03,0.104385
828.21,0.0827652
1375.05,0.137359
1277.38,0.127697
1242.58,0.123809
1059.17,0.102706
882.143,0.0882063
1173.2,0.11706
1069.72,0.106814
1050.47,0.105033
911.398,0.0910011
746.258,0.0744163
757.238,0.075707
1013.71,0.101275
700.782,0.0700621
557.456,0.0557284
1532.65,0.153232
917.483,0.0917426
1958.65,0.195809
1900.87,0.189967
892.564,0.089251
1275.7,0.127472
1900.36,0.189822
1574.55,0.157359
2149.11,0.214787
1203.3,0.120314
1370.57,0.136741
2352.12,0.235143
775.228,0.0773505
1845.9,0.184385
1543.83,0.154361
1096.86,0.109635
2666.14,0.26644
1754.83,0.175429
992.671,0.0992093
1110.08,0.109404
2219.96,0.221819
1150.71,0.1148
5522.37,0.551611
1247.05,0.124694
1075.44,0.107503
1233.04,0.123262
782.855,0.0782692
775.851,0.0775805
1477.4,0.147723
1125.98,0.112057
1325.6,0.132544
870.58,0.087006
1252.4,0.125106
1111.91,0.111159
2720.01,0.269324
1400.95,0.140022
958.29,0.0956664
869.625,0.086939
1096.1,0.109536
1400.79,0.14002
1851.04,0.185079
1058.62,0.105668
1046.32,0.10459
2586.67,0.258627
851.437,0.0851008
1652.98,0.164755
1838.4,0.183664
1609.01,0.16084
1152.45,0.115137
2032.47,0.203095
2207.45,0.220702
1288.44,0.128787
740.659,0.0740169
1005.47,0.100436
2956.58,0.294337
699.488,0.0699211
1607.21,0.160591
1313.83,0.131346
1330.01,0.132853
1093.02,0.10909
1652.2,0.165204
851.323,0.0851275
2461.3,0.246094
353.936,0.0353836
444.558,0.0444542
933.823,0.0933695
1347.91,0.134765
1595.2,0.159496
1596.63,0.159655
756.552,0.0755412
1131.53,0.113128
861.899,0.08616
1332.81,0.133258
725.895,0.0725834
1867.96,0.186614
1773.53,0.177022
990.114,0.0990003
1697.4,0.169587
1602.44,0.160174
883.217,0.0882761
1040.51,0.104003
1381.68,0.138002
1356.62,0.135414
1047.88,0.104728
1164.4,0.116373
842.153,0.084089
1020.43,0.102018
1714.75,0.171251
843.902,0.0843185
4695.16,0.46937
1202.21,0.1202
1376.58,0.137603
3954.15,0.394979
1356.29,0.135469
1236.93,0.123675
1579.36,0.157851
957.432,0.095726
6031.03,0.601646
1562.7,0.15579
1798.82,0.179853
966.129,0.0966046
663.381,0.0663012
1876.03,0.187582
1577.41,0.157639
2446.93,0.244423
1520.79,0.152027
1006.94,0.100599
1612.91,0.161285
1069.36,0.106845
1498.95,0.149869
1989.25,0.198864
2936.24,0.293223
4756.24,2.36308
482.029,0.0481935
1057.04,0.10565
1269.3,0.12691
888.393,0.0888213
717.15,0.0714018
1018.4,0.101824
3304.1,0.330096
817.019,0.0816932
1830.11,0.18298
3706.83,0.37023
1043.29,0.104291
670.857,0.067058
2970.62,0.296975
2643.8,0.264282
1367.09,0.136696
1161.59,0.116066
765.097,0.0765066
1160.76,0.116057
661.128,0.0661096
2478.51,0.247534
1791.16,0.178921
1070.96,0.106945
2646.35,0.264605
1083.73,0.108248
608.635,0.0608405
1163.29,0.116116
1109.25,0.110767
1139.73,0.11395
1069.98,0.106973
700.071,0.0699837
1240.21,0.123989
1297.73,0.129738
1557.74,0.155697
1200.03,0.119991
1245.22,0.124486
2824.91,0.282314
2197.85,0.219621
1572.64,0.157166
2716.91,0.271515
5140.51,0.51339
1172.06,0.11718
1486.54,0.147647
916.767,0.0916168
1877.66,0.187722
1034.06,0.103365
868.479,0.0868358
1062.35,0.105757
1418.38,0.141742
1748.88,0.174835
1060.77,0.106061
1243.19,0.124227
1804.67,0.180266
1101.34,0.110088
827.846,0.0827595
1292.71,0.129211
991.331,0.0990032
1342.5,0.134136
732.573,0.0731288
746.929,0.0745469
1048.36,0.104739
1521.75,0.1521
1204.32,0.120416
1496.78,0.149594
633.79,0.063359
903.348,0.0903273
695.384,0.0695286
2096.53,0.209619
1273.72,0.127336
834.096,0.0833775
722.728,0.0722577
6753.69,4.79593
1334.99,0.133491
720.439,0.0717743
1337.68,0.13374
1765.84,0.176549
848.346,0.0848233
1638.7,0.163846
1817.67,0.181732
1555.85,0.155415
1103.1,0.110251
1815.05,0.181474
1528.46,0.152773
1164.46,0.116382
2128.27,0.212599
1267.74,0.126721
1073.82,0.10737
819.311,0.0819215
2139.79,0.2139
1222.78,0.12226
1875.28,0.187466
820.825,0.0820364
2055.03,0.205367
1099.07,0.109865
1571.52,0.157111
1154.7,0.115454
1336.64,0.133657
1333.99,0.133355
1349.91,0.134947
1125.14,0.112409
1198.77,0.119347
1001.47,0.100134
1456.57,0.145623
639.388,0.0639209
674.987,0.0672059
2347.57,0.234709
785.609,0.0785509
10388,1.03693
868.991,0.0866228
724.788,0.0724614
1217.86,0.121754
933.561,0.0933222
1037.88,0.103782
1294.15,0.129355
2995.83,0.299497
1468.27,0.146798
6791.46,0.678098
498.603,0.0498564
1256.3,0.124545
1133.17,0.113272
4399.46,0.437938
1340.71,0.134063
1289.25,0.128675
2218.17,0.221486
1185.62,0.118517
689.924,0.0689843
10204.4,1.01991
1400.12,0.13992
506.406,0.0506037
1188.66,0.118838
2348.27,0.234757
685.709,0.0685582
3797.79,0.379736
1042.35,0.104193
1675.82,0.167492
1278.39,0.127826
1081.07,0.108091
725.017,0.072493
2004.14,0.200158
16807.7,1.66839
1188,0.118774
705.524,0.0705065
919.816,0.0919615
2451.48,0.245103
1834.88,0.183421
691.643,0.0691584
2337.76,0.233159
1121.87,0.112016
1357.22,0.135691
1875.12,0.187427
1445.83,0.14452
1059.54,0.105919
596.047,0.0595568
868.621,0.086819
3195.89,0.319292
906.652,0.0906338
3560.82,0.355772
1047.92,0.104684
743.916,0.0743789
865.984,0.0865066
1445.51,0.144544
2014.29,0.201257
1122.98,0.112256
1631.11,0.163102
827.139,0.0825398
754.238,0.0753451
1024.29,0.102423
1858.13,0.185792
1317.89,0.131729
2354.91,0.234863
1374.45,0.13739
1148.9,0.114857
698.241,0.0697709
1796.52,0.173315
1158.13,0.116828
1812.29,0.181154
1931.68,0.193081
1290.2,0.128985
2774.89,0.442556
1594.43,0.159418
1992.51,0.199113
1759.16,0.175902
743.561,0.0741676
994.571,0.0990849
800.849,0.0799096
1557.28,0.155639
650.289,0.0650128
856.14,0.0855613
1237.83,0.123664
1232.63,0.123256
663.683,0.0663636
1282.59,0.128182
1154.24,0.115389
939.433,0.0936297
1813.51,0.181323
1911.97,0.191105
1209.2,0.120593
1349.81,0.134901
1365.97,0.136453
1501.77,0.14982
962.363,0.0962199
726.255,0.0726025
1821.35,0.182039
686.61,0.0686549
1638.83,0.163751
631.336,0.0631153
800.878,0.0791543
2085.25,0.208432
4074.62,0.407207
1667.96,0.166763
744.785,0.0744771
1445.31,0.14426
878.333,0.087797
15071.7,3.08538
1703.46,0.168976
2065.18,0.206328
1346.28,0.134552
1798.17,0.179665
2016.52,0.201339
905.68,0.0905439
698.82,0.0698756
1604.11,0.160385
1413.73,0.141287
1207.52,0.120635
5401.84,0.538142
1692.22,0.169077
609.283,0.0609101
1135.59,0.113418
1272.28,0.127199
1061,0.106089
898.108,0.0897769
1341.14,0.134097
1345.59,0.134475
4315.43,0.431396
745.327,0.0744875
823.561,0.0823517
1707.76,0.170562
915.285,0.0915206
1626.2,0.162577
2680.56,0.26767
1552.61,0.155197
837.241,0.0836729
1336.54,0.133507
1172.17,0.117101
1126.63,0.112622
5693.9,0.588514
1285.79,0.128514
939.424,0.0939211
2525.02,0.25219
1379.57,0.137909
1258.12,0.125769
1112.83,0.111229
1454.26,0.145332
917.043,0.0915955
1731.57,0.173033
1341.89,0.134165
1221.44,0.122054
867.834,0.086769
761.144,0.0760624
1435.95,0.143571
1912.65,0.191004
1921.06,0.191975
1308.96,0.130809
1896.87,0.189468
1192.78,0.119268
1270.53,0.127024
1268.79,0.126588
996.974,0.0996369
920.782,0.0920415
1120.35,0.112
1278.4,0.127676
2638.77,0.263748
1037.69,0.103443
2885.55,0.288482
2827.95,0.282614
1297.32,0.129669
699.307,0.069816
840.667,0.0840336
813.916,0.0813706
2000.53,0.199141
1524.11,0.152398
1945.81,0.194529
2287.26,0.218596
1184.9,0.118382
3675.47,0.367345
1701.15,0.170085
1844.33,0.184374
1026.61,0.102601
1688.36,0.168443
1099.19,0.10989
9999.39,0.996773
1772.16,0.177196
847.884,0.084763
892.771,0.0885759
619.08,0.0618819
1639.22,0.163883
1324.39,0.131319
623.483,0.0622818
1519.45,0.151912
1950.73,0.195015
4207.47,0.420698
511.331,0.0511135
910.989,0.0905988
1794.68,0.179432
1419.83,0.141956
987.47,0.0987278
577.292,0.0577266
1546.62,0.154583
1257.33,0.125714
1864.03,0.186369
1088.71,0.108785
849.767,0.0849721
1717.14,0.171641
1358.42,0.135801
1072.15,0.107202
1000.43,0.100021
1122.79,0.112116
1188.62,0.118786
945.572,0.0944535
828.045,0.0827454
1457.25,0.145713
633.139,0.0630831
1240.06,0.123965
598.114,0.0598033
1006.7,0.100602
1124.08,0.112399
2064.1,0.206363
6411.02,0.639792
1279.97,0.12793
735.92,0.0735899
1690.46,0.169025
1113.7,0.111205
1128.71,0.112834
919.144,0.0918452
1210.75,0.121035
1013.25,0.101004
760.01,0.075985
1115.38,0.1115
641.487,0.0641251
1272.38,0.127202
442.57,0.0442221
890.465,0.0890329
1780.76,0.178022
1000.85,0.100045
731.66,0.07316
1299.74,0.129945
5077.61,0.507508
1349.21,0.134856
1680.9,0.167952
809.221,0.0809102
1708.81,0.170858
1699.01,0.169877
1385.75,0.138535
1162.46,0.116201
1401.55,0.140113
420.615,0.0420327
3609.54,0.360858
1166.29,0.116573
1208.8,0.120861
1703.12,0.170291
2708.62,0.270772
1064.76,0.106453
1265.68,0.126513
931.497,0.0930917
2614.37,0.259831
1957.73,0.195706
3163.39,0.315621
1243.59,0.124287
4632.23,0.462837
743.911,0.0743174
1056.27,0.105613
7660.49,0.763439
1466.21,0.146505
3605.54,0.360078
5540.85,0.545845
1309.22,0.13049
1139.63,0.113824
1847.66,0.184754
1102.5,0.110243
1215.02,0.121462
918.087,0.0908693
1259.96,0.125975
1248.6,0.124837
1306.65,0.13063
2957.06,0.29568
2448.25,0.244707
2959.63,0.295779
778.89,0.0778416
897.483,0.0897402
1080.89,0.108069
1367.47,0.136398
951.468,0.0951274
896.37,0.089635
1421.03,0.142054
1546.85,0.154668
1522.3,0.15219
1551.17,0.155028
544.65,0.0544196
1713.3,0.171071
898.441,0.08983
844.361,0.0843555
871.014,0.0870695
2395.14,0.239491
4386.81,0.438553
876.918,0.087586
920.111,0.0919975
1177.65,0.117467
708.223,0.0707059
2031.02,0.202971
973.656,0.0973571
1023.44,0.102288
2487.86,0.248749
798.749,0.0798469
954.193,0.095352
1059.17,0.105877
680.944,0.0680868
1323.46,0.132322
7961.94,0.795754
1219.46,0.121914
630.675,0.0630287
1564.35,0.156383
1122.54,0.112176
1411.69,0.140244
663.041,0.0662972
1761.92,0.176144
3066.32,0.306458
1252.4,0.125197
1496.37,0.149553
1626.69,0.162634
1017.41,0.101692
1650.15,0.164972
759.698,0.0759573
939.439,0.0939081
834.551,0.0834397
802.602,0.0802311
1038,0.10365
3047.27,0.304541
6091.28,0.608898
6405.81,0.592665
1411.53,0.141127
1170.21,0.116995
2252.66,0.225236
942.471,0.0940609
2221.19,0.221927
973.891,0.0973719
1129.5,0.112942
835.995,0.0835801
1369.27,0.136906
505.817,0.0505574
2537.37,0.253587
1302.99,0.130264
1510.98,0.151056
1108.23,0.110808
5947.35,0.592967
993.617,0.0992832
2994.62,0.299432
2040.89,0.204022
1001.13,0.0999869
1386.72,0.138491
884.895,0.0883108
854.308,0.0854151
1007.72,0.100746
1474.89,0.147466
1272.26,0.127132
2844.92,0.28406
1323.93,0.132186
2058.57,0.205848
549.438,0.0549196
817.194,0.0816324
1568.71,0.156676
1560.2,0.155995
812.636,0.0812474
1518.63,0.151663
2094.03,0.208999
832.738,0.0832532
1419.55,0.141944
880.145,0.0880007
797.017,0.0795981
803.835,0.0803467
1411.29,0.140985
757.443,0.0755466
586.244,0.058578
599.647,0.0599611
1683.56,0.168311
2591.61,0.259086
535.599,0.0535559
1824.22,0.181838
1382.25,0.1381
699.147,0.0698976
1027.18,0.102662
1046.48,0.104626
1067.67,0.106633
945.434,0.0944592
928.061,0.0927892
1328.66,0.132845
1800.53,0.179896
786.463,0.0786292
1492.16,0.149192
2910.49,0.290347
475.272,0.0475135
4790.53,0.478265
415.361,0.0415075
20097.7,1.99817
796.494,0.0796365
849.387,0.084882
1002.4,0.100231
738.075,0.0737233
893.319,0.0893137
1186.06,0.118592
1803.77,0.180285
1090.61,0.109038
787.135,0.0787051
965.118,0.0964054
1416.97,0.14152
916.315,0.0915024
644.067,0.0644034
581.587,0.0580167
1220.63,0.121939
935.648,0.0935441
3443.92,0.344043
1123.89,0.112313
932.698,0.0932508
2256.72,0.22521
1137.94,0.113651
1475.84,0.147562
1018.28,0.101781
2009.92,0.200939
2302,0.229628
1340.11,0.133959
805.52,0.0805461
1549.78,0.154953
993.297,0.0993132
4167.74,0.415398
1265.81,0.126515
710.651,0.0710617
925.865,0.0923861
1771.59,0.176945
1049.48,0.10492
934.805,0.0934282
1020.29,0.102011
845.117,0.0844761
1194.29,0.119372
1257.19,0.125714
1593.72,0.159096
2299.07,0.229829
1246.75,0.124653
3995.42,0.399272
988.073,0.0986762
958.544,0.0958481
2206.69,0.220569
1950.61,0.19492
1115.63,0.111527
1252.91,0.125233
926.821,0.0926754
865.944,0.0865692
1428.48,0.142828
1784.79,0.178429
1322.6,0.13217
1804.28,0.180402
1269.2,0.126906
5436.9,0.542783
839.351,0.0839285
1162.85,0.116277
1608.54,0.160794
2168.26,0.216565
1956.66,0.195573
985.466,0.0984398
1428.23,0.142781
1209.1,0.120821
2215.76,0.221109
2683.43,0.268163
1112.46,0.111227
941.384,0.0940936
2556.74,0.255428
3286.51,0.328543
1759.38,0.175715
1052.26,0.105219
1752.34,0.175208
847.215,0.0846995
2296.74,0.229399
924.817,0.0924535
1319.78,0.131947
1463.23,0.146278
1726.24,0.172407
1761.29,0.175908
4331.09,0.432912
1075.33,0.107501
880.472,0.0858739
2678.09,0.267778
1871.11,0.187061
2040.39,0.203913
796.17,0.0796157
9647.74,0.961781
735.853,0.0735701
539.198,0.0538882
1028.83,0.102856
1516.54,0.151633
1065.95,0.106562
1218.53,0.121796
811.863,0.0811551
2500.25,0.249444
1477.35,0.145634
1117.27,0.111506
684.073,0.0683183
7068.79,0.706223
2816.11,0.281445
3149.02,0.314649
1083.76,0.108368
1221.74,0.122149
1166.68,0.116614
1402.55,0.140171
930.848,0.0930641
1242,0.124143
488.95,0.0488695
873.157,0.0873055
907.795,0.0907642
1707.48,0.170726
1012,0.101187
808.831,0.0808673
937.899,0.0937449
1911.69,0.191046
1280.02,0.127975
1245.33,0.124472
865.399,0.0864918
1467.47,0.146335
2171.2,0.216778
1660.48,0.165908
1233.49,0.123328
947.309,0.0947284
832.293,0.0832163
3634.52,0.363263
684.171,0.0684093
1274.93,0.12728
8904.1,0.88951
653.251,0.0653139
779.036,0.077795
1623.71,0.16218
2066.13,0.20646
1153.83,0.114997
6259.72,0.625425
1025.68,0.102477
2172.41,0.217133
1414.98,0.14139
2408.96,0.240792
526.291,0.0526168
1905.33,0.190174
2270.12,0.226833
1697.49,0.169445
3078.76,0.307818
2088.52,0.208751
1086.14,0.1085
1573.01,0.157249
1063.84,0.106349
4905.29,0.490181
3789.22,0.378713
893.196,0.0892925
1364.66,0.136424
1025.03,0.102396
1387.64,0.138685
984.003,0.0983657
1325.12,0.132487
4129.08,0.41277
3775.26,0.377394
587.899,0.0587844
3041.49,0.303353
1186.57,0.118541
3600,0.359707
6839.77,0.681536
2174.24,0.217219
762.203,0.0762013
964.404,0.0964001
2219.83,0.221831
748.578,0.0748451
1173.03,0.117203
1079.22,0.107906
2968.65,0.296309
907.32,0.0906443
986.788,0.0986752
1086.43,0.108617
679.336,0.0678539
943.046,0.0941829
1772.31,0.177211
1001.32,0.100086
1615.62,0.161527
1463.6,0.146326
1072.36,0.107187
1423.19,0.142308
11469.5,2.73184
744.122,0.0743996
2544.59,0.254388
880.724,0.0880131
1451.88,0.145092
1275.64,0.127492
2374.86,0.237424
2404.76,0.240101
1198.04,0.11942
1129.11,0.11286
953.483,0.0953382
893.708,0.0893458
4550.37,0.454879
604.053,0.0604
1501.57,0.150114
7569.56,0.753949
1654.75,0.165461
1393.73,0.139297
2368.1,0.236626
1505.42,0.14982
1213.31,0.121282
1443.11,0.144273
1974.88,0.197061
5304.23,0.528501
2463,0.246151
2349.78,0.234805
1426.24,0.142575
1545.83,0.153901
578.415,0.0578305
974.096,0.0974029
1649.78,0.164906
1039.09,0.103853
1092.88,0.109228
1143.04,0.113678
1695.99,0.169535
1553.14,0.155196
975.181,0.0975028
1339.89,0.133791
798.491,0.0795006
1147.21,0.114691
735.936,0.0735736
1934.48,0.193367
1312.13,0.131176
1815.69,0.181303
2101.44,0.210118
1382.17,0.138152
1298.87,0.12987
1651.11,0.16449
1408.16,0.140733
810.925,0.0810673
946.779,0.0946683
942.315,0.0941747
1169.67,0.116957
588.609,0.058704
757.704,0.0757317
1630.97,0.162844
1903.49,0.190287
1102.23,0.109773
4034.37,0.402724
700.489,0.0699628
1089.28,0.108924
857.457,0.0855274
1633.53,0.163202
1473.69,0.147253
989.301,0.0988491
812.682,0.0812421
3248.5,0.324735
1030.09,0.102981
1897.17,0.189701
1005.71,0.100508
4019.3,0.401574
1434.27,0.143153
1516.82,0.149882
1948.1,0.194588
3396.83,0.339304
695.174,0.0695013
851.838,0.0851372
1188.22,0.118017
1717.95,0.171756
2155.85,0.215475
804.982,0.0804763
1074.45,0.107428
959.63,0.095775
3098.08,0.309651
1041.14,0.10349
798.867,0.0798585
1030.38,0.10301
928.968,0.0928855
1512.35,0.151221
504.144,0.0503752
1520.82,0.152054
905.496,0.0905487
2372.84,0.237164
1408.32,0.140798
21986.1,2.18991
1188.48,0.118716
902.402,0.0902181
1057.53,0.10562
863.918,0.0862688
2005.04,0.200368
874.157,0.0873848
924.496,0.0923457
1843.97,0.184351
548.451,0.0548279
1268.58,0.126742
1049.25,0.104911
1316.95,0.131635
939.216,0.0939173
1212.02,0.121189
1657.92,0.165752
1426.53,0.142573
1927.79,0.192586
1564.43,0.156435
1998.43,0.199643
1060.99,0.106072
1471.08,0.144961
1275.73,0.127519
1262.22,0.126192
1607.72,0.160729
1435.44,0.133704
1554.95,0.155128
1353.35,0.13506
519.997,0.0518562
1536.53,0.153618
670.471,0.0670369
834.873,0.135757
1419.4,0.141913
1643.69,0.164347
3511.75,0.350911
7754.5,0.773227
1028.71,0.102865
1183.84,0.118364
1680.06,0.167639
672.22,0.0671873
3482.47,0.34796
929.583,0.092905
1081.02,0.107987
1292.38,0.12919
1031.1,0.102749
682.303,0.0681701
1032.6,0.103243
1018.34,0.101631
690.063,0.0689977
1344.4,0.13442
5345.93,0.534004
954.424,0.0954176
966.543,0.0966481
1365.52,0.136474
952.957,0.0952708
1773.15,0.177047
932.967,0.0932694
699.237,0.0698791
1744.93,0.17447
4763.98,0.47417
2585.03,0.258408
1925.04,0.192479
1719.81,0.171926
948.209,0.0947986
1161.2,0.116108
2181.31,0.217984
530.315,0.0530176
1413.48,0.141324
876.175,0.08756
1807.07,0.180646
718.04,0.0716186
7941.38,0.791501
1360.4,0.136014
1890.81,0.189008
885.49,0.088546
1021.02,0.102055
3386.89,0.338541
1951.84,0.194652
1286.71,0.128606
1261.85,0.126009
1542.53,0.154223
3792.49,0.379123
3218.2,0.321698
6079.69,0.606518
483.923,0.0483749
1033.67,0.103323
687.145,0.0687058
542.859,0.0542724
621.148,0.0620959
3464.37,0.345542
1582.35,0.158057
595.285,0.0595086
590.287,0.0590201
1054.49,0.105427
770.703,0.0770396
6930.31,0.692061
1145.07,0.114258
1348.98,0.134888
1004.48,0.100347
1352.28,0.135215
657.637,0.0657583
1663.73,0.166361
2807.8,0.280432
928.419,0.0928187
1250.31,0.12499
797.575,0.0796558
1636.8,0.163662
1212.31,0.121218
1524.2,0.152411
3160.2,0.315934
1271.97,0.126365
1273.41,0.127131
1507.6,0.150242
3230.5,0.322585
1553.66,0.155276
815.259,0.0814701
618.258,0.0617797
498.971,0.0498836
2376.1,0.237309
933.999,0.0933762
2633.47,0.263286
780.811,0.0780554
1069.26,0.106824
633.643,0.0630502
933.729,0.0933616
1708.64,0.170803
5253.61,0.524693
1188.9,0.118846
1039.06,0.10387
2016.32,0.201598
1345.26,0.134517
1167.4,0.116659
1568.31,0.156519
940.695,0.0940207
973.833,0.0973564
5784.03,0.577073
1631.36,0.161514
1887.46,0.188697
843.698,0.08435
919.774,0.0919394
867.347,0.0862017
1098.24,0.109814
803.458,0.0803059
2445.19,0.244431
464.346,0.0464202
928.79,0.0928444
655.946,0.0655918
4730.98,0.472835
1950.94,0.195052
1736.12,0.173566
1020.25,0.101999
1019.44,0.101925
2032.49,0.203191
1900.4,0.190009
1754.59,0.175435
1985.49,0.197235
4634.44,0.463385
875.788,0.0875646
1454.45,0.145431
1632.92,0.163257
790.75,0.0790116
1151.12,0.114968
1480.59,0.148043
1520.76,0.152027
1242.69,0.124175
1092.76,0.109152
1340.2,0.133939
571.748,0.0571437
845.394,0.0845017
886.85,0.0886742
886.171,0.0885919
1564.93,0.156434
1782.4,0.178124
1008.36,0.100747
1928.55,0.192758
794.662,0.079419
3909,0.390642
1542.41,0.154215
1209.17,0.120722
2307.98,0.230753
2281.86,0.228105
2893.81,0.288838
498.894,0.0498589
1299.97,0.129976
2147.71,0.21465
1158.56,0.115442
796.695,0.0796256
1785.83,0.17857
2916.8,0.291636
1142.43,0.114224
2051.97,0.205179
1800.99,0.179776
1453.57,0.145165
917.582,0.0917494
2036.11,0.203356
1962.87,0.196224
4219.91,0.421751
1115.06,0.110825
1500,0.149483
854.896,0.0853597
2169.76,0.216822
796.617,0.0796532
1768.69,0.176843
944.213,0.0944144
3776.74,0.377472
878.628,0.0878493
1044.56,0.104316
2126.14,0.211987
1243.78,0.124339
2054.3,0.205122
988.698,0.09884
578.063,0.0578032
2098.44,0.20979
2023.81,0.202245
1301.88,0.129527
1474.01,0.147338
1001.71,0.100079
1074.42,0.107433
2379.27,0.237877
1374.88,0.137466
1942.76,0.194069
2273.09,0.227141
663.675,0.0663535
4656.33,0.462423
1600.78,0.159394
617.199,0.0616627
1669.47,0.166837
1364.8,0.136462
876.79,0.0876253
1037.21,0.103652
1604.47,0.160415
797.895,0.0797622
934.597,0.0934479
992.152,0.0991636
779.126,0.0778992
3054.95,0.305253
4342.9,0.434011
8114.69,0.810935
1682.24,0.168067
765.014,0.0764417
1629.48,0.162792
3748.35,0.373243
19204.5,1.91112
1171.95,0.117061
3563.55,0.356025
871.169,0.0869987
787.735,0.0786235
907.452,0.0906876
653.249,0.0653114
1238.2,0.123649
1091.51,0.109103
3376.27,0.337259
1234.53,0.1234
2302.22,0.230183
4065.31,0.406293
1363.25,0.136233
1933.4,0.193304
1795.6,0.179487
1135.26,0.113517
3423.39,0.342267
1244.81,0.124437
1065.35,0.106318
808.902,0.080884
1659.32,0.165787
1277.5,0.127723
1076,0.107526
1425.75,0.142572
870.337,0.0869155
5836.99,0.582957
2070.83,0.206939
3896.99,0.389098
694.536,0.0694366
1160.9,0.113996
1123.42,0.112309
2893.67,0.289079
1572.28,0.157177
1259.55,0.125561
1778.3,0.177701
1533.87,0.151808
992.103,0.0992068
1331.84,0.133168
1392.13,0.139183
1401.89,0.140082
661.9,0.0661563
884.605,0.0884385
1104.75,0.110398
1183.93,0.118221
1686.52,0.16861
2721.36,0.271707
1568.97,0.156847
790.033,0.0789833
3612.75,0.361182
1213.32,0.121317
678.659,0.0677794
1554.17,0.155391
2019.64,0.201814
2258.56,0.225747
1399.76,0.139941
852.797,0.0852423
1176.68,0.117666
1020.48,0.10194
1364.78,0.136418
1444.88,0.144342
1364.1,0.136259
766.936,0.0766644
4284.29,0.428355
728.634,0.0728043
1080.52,0.108034
1019.78,0.101945
1239.61,0.123926
1842.4,0.183973
662.969,0.0662845
2020.9,0.201295
1567.99,0.156664
2219.87,0.221589
1325.04,0.132497
852.237,0.0843547
1828.51,0.182756
4760.93,0.474206
2390.22,0.238991
1377.7,0.134113
2364.25,0.236316
2105.56,0.21054
1255.19,0.125482
1829.02,0.182835
1110.2,0.110989
2883.26,0.288135
1504.07,0.150305
3916.8,0.391577
832.839,0.0832753
1569.66,0.155573
985.259,0.0985155
822.234,0.0822105
1046.67,0.104649
1304.28,0.130386
815.544,0.081548
1091.76,0.109114
826.721,0.0822905
750.702,0.075058
387.51,0.0387296
1879.94,0.18788
2332.78,0.23294
2592.28,0.258963
1346.33,0.134591
782.483,0.078245
1137.05,0.110373
1174.19,0.117387
1097.22,0.109599
1457.87,0.145713
812.987,0.0812913
1485.57,0.148546
1023.76,0.102369
804.815,0.0804566
678.754,0.067768
1000.56,0.100039
2310.07,0.23084
7796.14,0.777252
889.029,0.0888903
1230.55,0.123034
683.476,0.0682607
983.898,0.0983647
855.605,0.0855437
2232.66,0.223142
362.858,0.0362315
2785.21,0.27849
1126.98,0.11268
835.311,0.0834836
816.979,0.0812999
1372.18,0.137199
3873.76,0.387011
917.002,0.0915591
741.739,0.0741645
1188.44,0.118784
1032.96,0.103238
1056,0.105574
865.348,0.0864756
1802.27,0.180099
1840.57,0.183974
1386.72,0.138524
694.657,0.0694312
792.375,0.0792077
864.243,0.0864165
787.556,0.0786834
875.073,0.0874062
1449.99,0.144749
2159.83,0.215925
1061.09,0.105924
991.473,0.0991307
1709.49,0.170843
363.825,0.0363699
1206.59,0.120624
1062.87,0.106266
1267.45,0.126607
2433.12,0.243087
1361.37,0.136128
1333.94,0.133381
1794.8,0.179369
931.405,0.0931319
8152.7,0.813758
1276.12,0.127568
4883.77,0.488266
1861.71,0.186148
947.735,0.094757
1581.96,0.157914
992.327,0.0992133
1035.53,0.103527
1650.43,0.164877
878.027,0.0877864
1263.47,0.12631
3296.76,0.329204
621.555,0.0621142
1638.43,0.163663
1226.28,0.122605
980.738,0.0980609
1418.41,0.141818
2889.06,0.288867
982.296,0.0982148
1452.34,0.145155
961.605,0.0961461
1001.48,0.100091
1357.57,0.135723
2444.15,0.244369
1020.41,0.101895
1064.42,0.106349
907.054,0.0907007
1039.9,0.103965
3736.98,0.373077
1111.47,0.112861
855.29,0.08545
827.858,0.0826854
928.493,0.0928307
995.258,0.0995006
1016.69,0.101564
1086.77,0.108659
1485.09,0.148495
2005,0.200381
831.167,0.0830973
693.652,0.0693418
1525.7,0.152549
988.793,0.0988717
1023.36,0.10197
1711.94,0.170987
1242.25,0.124213
1169.14,0.116896
986.772,0.0986635
28222.2,2.79837
1269.13,0.126676
4757.79,0.475512
1380.6,0.138027
1532.58,0.153113
1372.58,0.137111
11803.1,1.16817
677.566,0.0677396
2556.99,0.255606
749.804,0.074912
636.549,0.0635573
2147.99,0.214762
801.455,0.0801326
1752.13,0.175059
838.053,0.083765
2169.67,0.216866
2313.05,0.231187
615.817,0.0615774
891.952,0.0891779
3503.45,0.3501
814.836,0.0814732
859.317,0.0859063
592.013,0.059182
757.071,0.075679
2632.27,0.263086
1521.73,0.152115
2096.17,0.209606
1006.96,0.100664
1152.24,0.115072
2044.75,0.204354
1180.16,0.117784
1191.91,0.119148
1971.2,0.197067
9946.93,0.992749
1077.45,0.107705
2818.22,0.281509
8593.53,0.857234
784.941,0.0784915
1464.62,0.146443
1778.02,0.177624
1255.43,0.125517
940.769,0.0940225
1111.71,0.111108
1543.31,0.154215
952.352,0.0952052
2266.22,0.226543
2097.71,0.20947
1508.08,0.150783
1432.11,0.142678
968.617,0.0968297
1150.36,0.114953
1883.21,0.188285
1018.49,0.101806
992.906,0.0992818
774.104,0.0773992
1153.62,0.115313
783.216,0.0782598
1074.63,0.10745
1339.61,0.133847
423.277,0.0423206
1514.88,0.151401
1185.59,0.139661
1567.66,0.155269
1175.35,0.117501
1402.33,0.139922
1409.13,0.140805
1285.74,0.128464
4157.85,0.414917
2027.03,0.202535
1753.09,0.175239
1511.51,0.151134
974.384,0.0973698
1064.34,0.106414
1487.83,0.148728
840.864,0.0838461
546.284,0.0546224
1629.23,0.162829
1382.45,0.138233
1021.03,0.101913
1851.44,0.185094
6606.21,0.659986
1585.16,0.15842
1215.7,0.121532
972.385,0.0972252
1889.89,0.188885
391.393,0.0391339
1342.7,0.134215
1378.03,0.137648
827.818,0.0827618
2018.66,0.201425
1014.97,0.101474
1691.09,0.168953
854.09,0.0853905
829.694,0.0829456
1708.61,0.170786
2339.48,0.233825
1562.11,0.155927
1211.14,0.121083
969.185,0.0969135
4619.06,0.461699
1085.8,0.108512
1441.95,0.139603
1506.76,0.150627
2150.02,0.214659
1200.94,0.120089
972.695,0.0972455
1181.06,0.118036
2593.1,0.259032
1821.23,0.181646
620.353,0.062021
834.94,0.0834192
963.308,0.096212
1032.11,0.103176
1835.13,0.183215
1518.04,0.151788
4676.26,0.467351
1097.16,0.109674
1296.89,0.129642
3171.94,0.317107
986.374,0.0985872
2304.09,0.230286
1480.25,0.148015
1812.49,0.181239
1251.4,0.125077
865.176,0.0857975
959.353,0.0959139
673.788,0.067364
2543.3,0.254276
1673.11,0.167041
705.739,0.0705207
38784,3.84305
980.581,0.0980451
876.439,0.0875921
1101.14,0.110083
2002.21,0.200183
1783.13,0.177919
1335.46,0.130511
2315.62,0.2315
1262.92,0.126249
1314.21,0.13134
918.635,0.0918528
990.806,0.0990374
780.935,0.0780917
1419.29,0.141901
2634.61,0.263284
640.954,0.0637987
1633.22,0.163198
3152.49,0.31517
516.849,0.0516833
900.021,0.0899902
1963.29,0.196312
1107.46,0.110715
1275.01,0.127413
1116.94,0.111674
892.527,0.089236
1507.14,0.150647
486.566,0.0485911
2326.22,0.23231
1195.82,0.119565
3545.26,0.354454
2272.46,0.227094
625.963,0.0625587
833.698,0.0784808
694.126,0.0693917
1339.27,0.133919
1595.53,0.159448
1185.8,0.118564
1295.72,0.129503
1096.49,0.109622
547.993,0.0547593
1714.09,0.171391
519.775,0.0518386
1005.95,0.10059
2007.2,0.200685
1360.33,0.135964
1617.47,0.161592
563.498,0.0562169
1900.18,0.189904
864.172,0.0864031
654.8,0.0653564
1221.17,0.122111
1398.49,0.139792
1376.63,0.13757
1093.73,0.109365
4227.39,0.421451
1483.61,0.147539
1676.28,0.167285
1484.66,0.148351
2655.19,0.264869
740.637,0.0738688
1620.84,0.162022
718.363,0.0718285
1303,0.129795
1404.69,0.140462
784.077,0.0783608
656.24,0.0656143
2953.63,0.294984
1666.9,0.166675
851.296,0.0851179
1556.32,0.155614
1442.39,0.144211
915.146,0.0914511
1676.51,0.167508
753.634,0.0752805
734.344,0.0724739
1034.43,0.103248
1516.42,0.151403
1482.05,0.148186
3323.31,0.332093
571.121,0.0570821
786.133,0.0785405
1147.73,0.114703
3379.21,0.337792
1472.83,0.147269
848.481,0.0848334
1143.43,0.114339
2365.88,0.236526
1401.65,0.140145
1405.16,0.140481
1273.88,0.127162
1153.15,0.115286
2339.6,0.23367
2012.7,0.200909
696.699,0.0696576
1227.86,0.122765
1461.74,0.14606
1318.99,0.131839
710.864,0.0710716
950.626,0.095025
1795.31,0.179462
1489.99,0.148975
664.545,0.0664459
1359.63,0.135275
1534.21,0.153395
505.197,0.0505168
653.345,0.0653058
3406.01,0.34018
1173.68,0.116325
925.39,0.0924745
750.936,0.0750721
21728.5,2.3924
918.341,0.0917401
1075.59,0.107551
1128.4,0.112804
1126.15,0.1126
913.495,0.0913392
2202.78,0.220106
1451.79,0.145129
2558.67,0.255675
869.517,0.0869386
694.81,0.069478
1107.39,0.110729
787.91,0.0785484
627.87,0.0626589
647.57,0.0647499
1632.96,0.163289
989.307,0.0988981
893.658,0.08936
2042.77,0.202379
4461.26,0.445525
548.296,0.0548082
6564.21,0.655834
1109.5,0.11074
1275.86,0.127549
851.628,0.0851582
873.718,0.0873219
3786.4,0.378431
775.264,0.0775055
958.89,0.0957504
1539.49,0.15391
957.185,0.095707
437.649,0.0436808
1379.73,0.137939
1429.36,0.142917
2371.59,0.236947
1274.14,0.127196
1211.08,0.120992
2467.11,0.246605
7993.56,0.939072
3292.67,0.329099
1181.87,0.118174
1232.38,0.12314
2478.85,0.247855
913.546,0.091087
2884.07,0.288282
1346.27,0.134511
1467.93,0.146731
2003.68,0.200153
1237.88,0.123776
847.485,0.0847021
648.801,0.0648555
1449.96,0.144795
915.336,0.0914572
1653.14,0.165269
878.752,0.0878158
952.562,0.0952111
1677.27,0.16765
2272.27,0.227169
1559.74,0.155962
2094.21,0.209396
1202.58,0.119337
758.286,0.0755137
3051.29,0.304963
1263.3,0.126313
667.85,0.066773
918.882,0.0918472
945.184,0.0945108
1670.06,0.166784
922.394,0.0922134
442.597,0.0442162
3386.48,0.338077
3326.02,0.332462
1383.97,0.138348
1055.21,0.105512
7032.41,0.700364
1017.4,0.101544
1281.11,0.128071
1015.87,0.101536
812.917,0.0811749
1998.59,0.199584
2523.14,0.252098
2332.12,0.231422
1337.33,0.133517
1832.24,0.183105
2548.15,0.254517
2900.56,0.289908
1765.48,0.176362
2629.74,0.262703
1764.6,0.176413
773.008,0.0772912
685.385,0.068512
875.925,0.0875521
3243.56,0.324068
10910.5,1.08756
832.912,0.0831225
1668.08,0.166766
1802.55,0.179433
1337.85,0.133488
782.156,0.078142
2170.17,0.216929
1926.85,0.192592
1136.38,0.11361
1822.02,0.182038
915.209,0.0914999
1208.19,0.120771
868.182,0.0868084
871.557,0.0871354
533.199,0.0533107
1603.83,0.160332
862.303,0.0861095
819.702,0.0819584
984.602,0.0984134
2470.81,0.24697
834.552,0.0834097
1810.35,0.180794
824.534,0.0823688
1626.24,0.162515
533.304,0.0533289
1006.6,0.100582
1157.97,0.115744
1633.58,0.16335
1043.27,0.104225
2860.06,0.285808
1011.14,0.100976
955.646,0.0955366
1382.42,0.138191
1555.48,0.155497
678.799,0.0676737
1096.51,0.109587
832.936,0.0832149
1817.71,0.181761
1727.56,0.172521
2273.62,0.22734
1317.16,0.131698
799.857,0.0799682
532.915,0.053288
1767.4,0.176576
1843.47,0.184295
2693.75,0.269175
937.683,0.0937205
1446.54,0.144601
804.965,0.0803843
2257.5,1.32352
1427.17,0.142311
1205.66,0.120471
2765.06,0.27626
1123.89,0.112368
1093.13,0.109048
942.635,0.0942594
6998.62,0.699717
915.966,0.0915583
1776.28,0.177412
425.068,0.0425055
4858.03,0.47874
863.896,0.0861059
662.578,0.0662493
1247.03,0.124657
1592.26,0.159203
2863.4,0.280711
639.268,0.0639176
1188.93,0.118887
1162.73,0.116117
1259.62,0.125917
1065.35,0.106529
2012.58,0.201192
804.839,0.0804744
790.933,0.0789665
1793.86,0.179062
2045.49,0.204497
3005.5,0.29903
1544.9,0.154411
532.771,0.0532612
1392.64,0.138823
1188.31,0.11881
1828.16,0.182698
908.17,0.0908004
1713.36,0.171327
989.147,0.0987664
2264.5,0.226361
1001.59,0.100127
944.382,0.0944328
1233.04,0.123269
1450.42,0.145034
1557.55,0.155731
1379.92,0.137931
1433.02,0.143176
960.634,0.0960466
1008.73,0.100867
1915.61,0.191312
1183.1,0.118264
754.524,0.0754502
937.51,0.0937335
1598.53,0.159839
751.403,0.075133
1506.58,0.150595
1355.26,0.135452
1182.9,0.118278
1082.3,0.108207
1320.26,0.130186
1304.97,0.130471
1018.95,0.101886
802.843,0.0802811
1073.67,0.107335
947.279,0.0947056
779.638,0.0776845
1169.85,0.116817
2910.3,0.291006
16923.1,2.39932
1173.15,0.116954
790.192,0.0789248
919.169,0.0918482
696.021,0.0695775
1193.64,0.119283
646.728,0.0646458
1957.39,0.195673
971.052,0.0970882
817.187,0.081705
522.607,0.0522561
2102.32,0.209828
1035.01,0.103466
660.54,0.0659986
1281.62,0.128151
1116.82,0.111566
2809.61,0.280481
1013.32,0.100689
684.775,0.0684655
3420.84,0.341286
901.506,0.0901472
803.093,0.0802958
837.973,0.083794
967.107,0.0966361
1077.29,0.107698
886.164,0.0886087
1330.36,0.133004
1383.38,0.138279
806.062,0.0804928
631.779,0.0631563
1410.4,0.141013
803.174,0.0802989
2716.9,0.271599
1484.61,0.148125
1703.73,0.170292
742.939,0.0742851
1028.35,0.102775
2366.82,0.236173
1866.33,0.186614
490.964,0.0490743
1911.92,0.191124
722.387,0.0722304
880.634,0.0880544
4828.24,0.482608
659.539,0.0658959
1125.71,0.112496
1733.55,0.173281
848.055,0.0845548
1271.92,0.126846
722.31,0.0722061
889.015,0.0887714
868.654,0.0868522
1110.35,0.110946
1188.16,0.118766
1097.73,0.10968
810.203,0.0809814
913.378,0.0913184
825.518,0.0824851
806.793,0.0806715
1248.15,0.12479
702.029,0.0701924
2304.59,0.230434
1013.56,0.101348
5787.44,0.577583
869.336,0.0866832
1425.78,0.142327
823.283,0.0823212
2365.29,0.236143
1068.78,0.10677
1853.72,0.185358
938.935,0.0938662
1306.99,0.126286
11033.5,1.10135
3349.14,0.334672
2950.12,0.294857
1127.1,0.112677
1168.14,0.11668
598.15,0.0597934
842.533,0.084017
2038.27,0.203798
873.499,0.0872901
906.519,0.0906435
1470.71,0.147021
815.423,0.0814782
1251.29,0.125073
1093.28,0.109264
1115.19,0.111491
1296.55,0.129578
1346.42,0.134621
927.451,0.0927003
770.5,0.0769947
2778.49,0.277551
2246.49,0.224578
1013.29,0.101275
589.015,0.0588854
2337.89,0.232986
840.704,0.0840686
1458.28,0.145515
879.858,0.0879745
831.154,0.0829888
1333.11,0.133284
1826.65,0.181997
579.055,0.0578936
1324.84,0.132464
1671.56,0.167132
6627.47,0.662309
3142.56,0.31402
1711.29,0.170853
1141,0.114019
1002.33,0.100222
1688.92,0.168843
1098.83,0.109818
2581.92,0.257858
874.61,0.0874422
1096.09,0.109548
810.192,0.080968
1215.27,0.121456
1327.68,0.132691
1897.75,0.189714
2082.84,0.208227
1554.66,0.154983
1635.43,0.163029
1812.77,0.181147
871.479,0.0871179
1435.52,0.143455
1051.06,0.10503
1050.82,0.105075
979.269,0.0978865
3133.82,0.313144
1579.08,0.157671
5143.21,0.514281
1233.86,0.123318
1033.61,0.10321
1332.28,0.133201
12582.9,1.25215
4257.08,0.425529
13337.6,1.71283
1653.91,0.165336
1074,0.107358
631.788,0.0631113
1030.66,0.103058
528.159,0.0527878
3550.44,0.354193
3310.75,0.330311
1432.97,0.143243
2115.7,0.211503
2277.34,0.22754
1229.68,0.122894
1614.02,0.161389
581.085,0.0580945
1413.91,0.141279
1128.54,0.111478
1854.86,0.185376
1925.96,0.19258
954.44,0.0954176
1304.68,0.13043
793.27,0.0791522
1461.95,0.146056
765.69,0.0765395
3860.9,0.386009
1987.45,0.19846
1989.47,0.198911
1887.54,0.18863
808.139,0.0807888
2131.14,0.212909
1805.17,0.180449
1113.11,0.111218
1003.57,0.100244
810.393,0.0810048
1904.78,0.190404
708.211,0.070779
2029.23,0.202894
1112.46,0.111208
2013.33,0.201139
1963.3,0.196308
2481.78,0.247611
1079.08,0.107898
2005.06,0.200371
1075.54,0.107505
1797.68,0.17975
1160.04,0.115996
2114.68,0.211371
2404.33,0.240393
1049.91,0.104968
3534.23,0.353255
570.294,0.0569967
1033.49,0.103321
464.126,0.0463819
1126.64,0.112655
965.422,0.096501
1056.01,0.105591
1238.02,0.12369
1432.27,0.143189
2163.28,0.215219
1258.6,0.125829
1977.16,0.197631
959.14,0.0958764
8199.72,0.818797
1016.13,0.101567
764.093,0.076395
1034.78,0.103466
1293.34,0.129309
715.924,0.0715297
1006.82,0.100636
1131,0.113079
3888.01,0.388302
1084.54,0.108446
1977.7,0.197745
939.483,0.0939323
1463.53,0.146337
1294.79,0.129467
1271.98,0.127139
697.3,0.0696966
1536.64,0.153642
1224.16,0.122367
1593.94,0.15232
1436.97,0.143543
1714.83,0.171365
1228.62,0.121984
1517.99,0.151781
987.21,0.0986729
2607.4,0.260657
1325.77,0.132479
1979.41,0.197894
831.293,0.0830828
1155.27,0.115515
894.228,0.0893889
2573.94,0.257369
904.787,0.0904366
825.085,0.0824988
1011.83,0.101153
874.244,0.0873065
2215.2,0.221487
863.426,0.086196
1066.34,0.106624
1212.98,0.121266
856.754,0.0856536
2017.43,0.201654
633.187,0.063089
2033.51,0.203202
2706.03,0.270552
1365.5,0.135378
1268.76,0.126752
1283.39,0.128309
983.077,0.0983036
1655.75,0.165474
870.625,0.0870293
1108.62,0.11075
828.632,0.0828556
802.723,0.0802497
773.886,0.0773501
669.283,0.0669171
1269.72,0.126935
2307.35,0.230654
1854.43,0.1853
2039.43,0.203686
1706.58,0.17063
2187.75,0.218746
546.237,0.0546039
1515.93,0.15153
1425.21,0.14251
1097.76,0.109743
1557.34,0.155719
1216.48,0.121294
946.395,0.0946209
1751.28,0.175057
659.392,0.0658909
1073.09,0.107278
4690.87,0.468848
1573.62,0.157352
1369.23,0.136906
903.083,0.0902978
1507.16,0.150645
1326.37,0.132553
865.969,0.0865457
498.832,0.0498708
858.911,0.0858736
1390.63,0.139005
2565.45,0.256306
687.134,0.068423
1880.68,0.188047
519.409,0.0519018
1093.64,0.109039
1241.07,0.124092
1749.52,0.174934
2044.37,0.20441
1147.94,0.114749
16174.6,3.82956
1265.82,0.126336
1004,0.100342
738.954,0.0738835
1257.58,0.125688
686.398,0.0686295
1081.85,0.107636
720.21,0.0720154
2455.36,0.245497
2395.15,0.239295
898.417,0.0898298
1295.52,0.129495
1408.93,0.140846
2602.02,0.25958
1401.74,0.140168
870.876,0.0870538
732.393,0.0732271
1289.62,0.128903
614.145,0.0613679
953.493,0.0953461
701.047,0.0672084
1501.41,0.150121
1192.84,0.119266
2097.19,0.209572
1240.86,0.124055
963.899,0.0963603
1192,0.11904
1397.05,0.1348
1000.71,0.100046
1698.95,0.169879
1339.24,0.13389
1191.51,0.119117
543.301,0.054326
1942.3,0.194162
1210.72,0.121008
1054.93,0.105486
972.673,0.0969278
1127.94,0.112763
772.677,0.0772003
856.309,0.0855429
909.445,0.0909351
1477,0.147683
642.247,0.0642163
840.47,0.0840407
1827.71,0.182338
2978.36,0.297692
861.972,0.0861905
2216.74,0.221542
1081.83,0.107762
711.072,0.0710215
1582.03,0.158187
1095.15,0.109449
1223.37,0.122165
1901.85,0.190072
1222.17,0.122138
1137.74,0.113484
1326.25,0.132605
1057.99,0.105051
1743.15,0.174251
964.107,0.0963595
749.266,0.0749065
1825.52,0.182543
1421.43,0.142107
2465.67,0.24619
2209.24,0.220912
2859.58,0.285864
1660.26,0.165886
2429.42,0.24286
1646.67,0.164642
4029.48,0.402524
2294.1,0.22936
1194.75,0.119342
3624.36,0.362197
1572.74,0.157126
972.844,0.0972204
1185.94,0.118581
1319.76,0.131828
1442.61,0.143941
1083.12,0.108298
2419.37,0.24177
875.932,0.0874007
3682.44,0.367802
947.398,0.0946948
936.702,0.0936518
1325.82,0.132448
962.28,0.0961797
751.731,0.0751274
1422.25,0.142213
8710.87,0.867722
1882.48,0.188103
1196.62,0.119583
6576.19,0.657464
1270.48,0.126964
1344.81,0.134444
1204.56,0.120408
1179.23,0.117701
1287.93,0.128713
1431.32,0.143119
675.285,0.0675051
3676.69,0.367143
3123.1,0.310826
1575.65,0.157534
18126.6,1.81131
1595.86,0.159507
2233.83,0.223337
1479.95,0.147963
1479.66,0.147897
786.647,0.078656
826.89,0.082625
950.259,0.0949793
1489.05,0.148711
3231.75,0.322377
1631.73,0.162899
1182.4,0.11815
1375.9,0.137553
1277.74,0.127754
1056.12,0.105574
1197.03,0.11938
1127.21,0.112656
1366.86,0.136678
1068.04,0.10674
1116.48,0.111014
1276.65,0.127598
1102.54,0.110197
1519.85,0.149964
19016.3,1.89101
712.339,0.0712121
2166.69,0.216555
1462.05,0.146173
939.244,0.0938615
9220.33,0.916355
2198.23,0.219743
2568.08,0.256581
1704.41,0.170379
1046.52,0.104636
1935.4,0.193392
619.08,0.0618975
2363.34,0.235963
894.562,0.089449
5154.66,0.514635
1314.53,0.131403
2051.01,0.205021
1150.33,0.114945
1054.42,0.105413
942.975,0.0942077
2082.01,0.20807
994.811,0.09943
1846.09,0.184588
1718.62,0.171808
2615.41,0.261414
849.449,0.084902
1270.96,0.127061
1573.71,0.157201
1557.6,0.155687
7571.6,0.755534
810.309,0.0808837
3083.26,0.308093
1557.01,0.155653
914.868,0.0914708
1728.84,0.172818
4696.4,0.469585
1349.5,0.134829
1939.78,0.193841
1817.14,0.181698
1926.87,0.19257
3879.93,0.387835
2571.28,0.256986
2035,0.203185
19768.8,1.96597
724.495,0.0723954
1087.41,0.108729
6531.29,0.65256
929.701,0.092936
913.584,0.0913452
2088.25,0.208789
1422.35,0.142172
17504,1.74387
1197.82,0.119716
1094.43,0.109417
1371.32,0.137101
1270.56,0.126968
2550.75,0.255012
761.859,0.0761749
1038.08,0.103743
13315.9,1.32767
1056.69,0.104979
1494.77,0.149408
715.606,0.0715508
902.957,0.0902613
884.772,0.0884746
1295.58,0.129499
669.032,0.0668485
1945.51,0.194342
926.803,0.0926211
766.971,0.0766805
1186.83,0.118633
763.388,0.076313
999.558,0.0999201
2346.04,0.23427
998.66,0.0998619
3302.23,0.329498
541.347,0.0541268
971.632,0.0969691
1441.68,0.143988
715.993,0.0715421
2580.08,0.257903
1776.42,0.177594
1419.72,0.14194
635.8,0.0635493
2119.74,0.211589
3327.2,0.33265
707.119,0.0706797
2273.64,0.227138
1899.73,0.189884
1364.71,0.136372
2075.79,0.206978
2633.77,0.263307
2295.23,0.229421
1518.59,0.15173
1081.34,0.108093
786.293,0.078562
1283.87,0.128357
1470.16,0.146922
1278.66,0.127857
1840.42,0.183979
3768.54,0.376763
1039.06,0.1039
1938.77,0.193846
1206.22,0.120533
888.917,0.0888611
710.785,0.0710302
1163.91,0.116253
1655.48,0.165435
1601.48,0.159952
827.82,0.0827708
997.745,0.101081
9299.06,2.25654
1337.59,0.133723
1126.53,0.110463
966.405,0.0964742
2379.51,0.237881
5041.73,0.502904
1823.92,0.182326
1325.11,0.132483
1577.07,0.157413
901.97,0.0901772
883.872,0.0883461
738.191,0.0737774
3579.19,0.357846
1435.8,0.143557
2003.74,0.20034
605.206,0.0605112
1843.98,0.184309
2964.34,0.296172
1062.72,0.106233
1145.35,0.114516
2634.98,0.263456
1309.75,0.130833
7600.63,0.759381
1524.44,0.1524
1276.21,0.127549
1156.04,0.115585
2003.78,0.20023
2732.59,0.27289
3586.09,0.358299
1007.22,0.100668
2602.49,0.26005
1152.6,0.115251
2929.43,0.291047
1107.25,0.110599
1739.95,0.17396
738.67,0.0738355
870.426,0.0870304
8729.84,0.866987
852.47,0.0851503
1138.86,0.113877
903.7,0.0903595
1596.12,0.159596
5327.63,0.532107
19615.2,5.58476
1246.78,0.124607
1120.62,0.111773
920.617,0.0920545
794.002,0.0793287
979.598,0.0979338
1083.65,0.108354
2175.28,0.217282
1522.36,0.152143
1743.05,0.174133
1046.61,0.104615
980.371,0.0979151
3047.91,0.304691
1555.31,0.154688
1881.49,0.187884
1171.83,0.117167
711.555,0.0711526
690.14,0.0689595
1554.12,0.155309
1959.88,0.195591
1198.33,0.119801
1371.42,0.137054
1867.72,0.186744
1153.94,0.115368
1653.04,0.165034
1798.69,0.1797
2001.15,0.200041
987.537,0.0987407
1344.68,0.134424
1603.58,0.160291
749.204,0.0749174
2779.55,0.277659
2737.34,0.273574
1764.98,0.176343
1890.79,0.189041
1584.08,0.158347
1416.9,0.14167
1512.04,0.151142
1543.04,0.154276
806.888,0.0806736
2165.24,0.216257
1554.61,0.155402
2422.65,0.242191
2106.3,0.2106
3726.43,0.372521
1454.05,0.145093
4265.47,0.426216
1667.85,0.166772
1396.2,0.139556
871.491,0.0860704
1355.14,0.135413
4789.42,0.478662
812.115,0.0811902
589.946,0.0589855
1759.76,0.175553
798.5,0.0797938
1520.96,0.152087
1326.36,0.132608
933.887,0.0932985
2728.93,0.272818
1017,0.10163
604.014,0.0603916
2990.06,0.298739
616.292,0.0616055
961.302,0.0959858
508.395,0.0508029
2299.83,0.229721
1073.85,0.107352
1140.33,0.113943
1597.62,0.159741
948.082,0.0947782
786.563,0.0785706
1082.37,0.108223
979.641,0.0979562
585.572,0.0585551
1083.99,0.108193
972.296,0.0972169
1462.14,0.146198
1370.3,0.137009
954.879,0.0954204
901.246,0.0900728
1173.48,0.117151
1017.52,0.101707
1181.34,0.118104
1718.32,0.171722
1348.69,0.134855
917.003,0.0915766
626.779,0.0626695
820.18,0.0819952
1846.63,0.184576
1597.96,0.159738
2053.3,0.205236
1465.37,0.146411
1080.4,0.107938
1689.56,0.168894
2163.22,0.214872
1725.07,0.172434
590.076,0.059001
2699.38,0.269704
1000.25,0.0999762
798.276,0.0795454
2066.91,0.206551
1658.18,0.165654
1196.48,0.119555
1245.5,0.124509
729.539,0.0729524
1652.8,0.165222
927.259,0.0926518
1380.34,0.137999
1630.1,0.162961
1801.95,0.180163
1084.67,0.108453
872.617,0.0872504
1822.02,0.18197
970.941,0.0968999
1386.34,0.138521
613.636,0.0613174
1241.09,0.124039
2053.47,0.20525
943.515,0.0943184
685.898,0.0683953
8307.47,0.828774
2039.37,0.203514
1033.33,0.103312
1742.68,0.174234
1032.32,0.103217
898.69,0.0896715
5316.4,0.530997
2099.52,0.209924
1511.45,0.15112
1080.87,0.107977
828.849,0.0828647
6175.71,0.617192
1322.58,0.132136
2212.67,0.221243
1117.05,0.111677
1594.35,0.15936
787.404,0.0787245
4461.2,0.445917
3939.09,0.393791
2529.8,0.252765
1409.38,0.140777
1036.53,0.103626
514.946,0.0514375
1949.24,0.194871
806.101,0.0805653
1880.22,0.188004
6287.69,0.628409
1226.14,0.122437
930.62,0.0930105
1136.12,0.113354
2278.36,0.22775
2045.71,0.204411
3012.9,0.301232
891.008,0.0890567
880.598,0.087999
2326.37,0.232428
621.068,0.0620861
4028.54,0.402767
1000.3,0.100017
1261,0.126013
3048.31,0.304612
1697.05,0.168801
848.69,0.0848568
875.787,0.0873893
716.387,0.0716347
972.301,0.0971697
1717.44,0.171734
1851.94,0.185164
1445.21,0.144391
1888.01,0.188728
6878.6,0.685913
1387.43,0.138694
1047.31,0.104722
1363.88,0.136363
1103.25,0.110315
5130.36,0.512468
7373.24,0.734953
780.328,0.077946
944.785,0.094463
1488.31,0.148803
910.139,0.0909999
705.695,0.0705399
1352.4,0.135003
2188.68,0.218839
1840.45,0.183978
3396.81,0.339143
803.844,0.0802418
873.373,0.0873054
1762.36,0.176162
801.267,0.0800367
1055.34,0.10553
7529.95,0.751879
891.433,0.0890848
847.086,0.0846953
786.09,0.0785941
1294.94,0.129393
801.809,0.0801781
937.709,0.0937634
1057.27,0.105694
6756.22,0.671765
1106.95,0.110652
2728.25,0.272785
951.897,0.0950345
3061.86,0.305661
913.9,0.0913827
1809.67,0.180312
1240.07,0.123972
699.649,0.0697475
1174.39,0.116944
3653.66,0.365116
3014.22,0.300897
561.443,0.0561282
1163.94,0.116266
3143.8,0.314171
1119.18,0.111886
2406.94,0.240587
1092.2,0.10899
1841.17,0.184029
874.089,0.0874045
1618.15,0.161759
1444.85,0.144352
1423.6,0.142338
968.314,0.0967034
972.285,0.0971835
884.521,0.0884365
986.533,0.0986156
1995.09,0.199458
1987.47,0.198732
744.68,0.0744249
1019.68,0.101953
1562.97,0.156239
1367.74,0.136696
922.018,0.0921155
792.667,0.079253
1330.58,0.132985
1209.03,0.120699
795.076,0.079503
959.586,0.0959121
5095.06,0.508789
4196.05,0.418359
1011.47,0.101114
774.563,0.0774464
2830.85,0.282723
1786.1,0.178555
809.062,0.080884
843.313,0.0842922
1032.49,0.103242
1188.06,0.11844
895.612,0.0895478
951.954,0.0951782
2647.59,0.264711
991.799,0.0991582
2978.21,0.301459
1270.81,0.127013
1730.52,0.173034
1865.69,0.186553
5683.87,0.566959
884.925,0.0884725
765.523,0.0765395
1174.58,0.117446
2748.79,0.274813
5212.69,0.520925
2418.36,0.241757
7956.13,0.79544
1955.18,0.195337
1585.14,0.15847
4817.18,0.480904
1435.46,0.143284
6381.71,0.636703
738.716,0.0738484
1543.36,0.154302
1458.53,0.145841
5559.09,0.553185
1920.15,0.191982
2321.79,0.232114
2994.96,0.299446
1223.38,0.12227
2577.95,0.257682
1897.98,0.1897
977.708,0.0974371
4334.63,0.433326
718.899,0.0718788
3014.15,0.301272
1626.63,0.162623
4739.78,0.473825
1337.57,0.133698
829.265,0.0829126
801.224,0.080104
1110.6,0.110824
1019.31,0.101892
793.67,0.079338
917.223,0.0916929
19451.1,1.9431
739.913,0.0739886
689.184,0.0688854
774.017,0.0773707
812.493,0.0812166
1799.94,0.179871
584.207,0.0584114
1517.62,0.151691
1757.61,0.175714
16624,1.65435
803.889,0.080379
716.503,0.0716439
622.522,0.0622463
2756.68,0.2751
1254.36,0.125415
1760.86,0.176072
775.755,0.0775375
941.136,0.0940867
977.024,0.0976575
1510.04,0.146559
1087.61,0.108753
3485.61,0.347563
1152.11,0.115186
821.188,0.0820733
4295.76,0.428939
2058.81,0.205834
561.825,0.0561695
1945.87,0.194221
880.378,0.0879781
1258.45,0.125645
12072.2,6.3827
763.831,0.0763718
2948.69,0.294776
583.622,0.0583155
991.935,0.0991429
2648.06,0.264625
3900.3,0.389922
1676.75,0.167639
1223.05,0.122196
1080.68,0.107863
2338.85,0.232933
1091.3,0.10911
789.295,0.0789122
656.236,0.0656089
888.248,0.0888232
2023.99,0.202304
1468.72,0.146782
13784.9,1.37686
837.486,0.0836504
1710.65,0.170949
4655,0.464143
1228.82,0.122855
863.325,0.0863244
1217.46,0.121732
827.388,0.0824878
1091.56,0.108662
1732.25,0.173067
1844.46,0.184362
1221.35,0.12211
775.137,0.0775008
936.145,0.0935916
886.378,0.0886275
852.158,0.085205
1302.2,0.130199
1396.73,0.139615
1001.58,0.100138
2788.13,0.278391
4766.81,0.476392
930.48,0.0930348
1047.25,0.104714
574.792,0.0574726
1470.38,0.147014
1902.79,0.190039
875.32,0.0875099
1787.43,0.178731
5466.03,0.545552
1774.47,0.177414
1355.79,0.135501
3012.03,0.301176
2730.26,0.272957
1207.43,0.12061
2170.94,0.216883
5564.84,0.555581
592.394,0.059045
1290.32,0.12887
4305.56,0.430075
665.442,0.0665066
1282.98,0.128282
2689.47,0.268826
580.35,0.0580149
765.282,0.0764228
852.521,0.0850798
1566.61,0.156468
1540.07,0.15389
761.561,0.0760622
1093.69,0.109314
1497.66,0.14975
551.313,0.0551285
1043.84,0.10424
926.67,0.0926354
1184.55,0.118193
1049.6,0.104912
1165.33,0.116507
1349.6,0.13494
1407.27,0.140459
945.591,0.094556
3938.63,0.393769
1815.19,0.181438
6736.54,0.670758
840.347,0.0839555
730.803,0.0730577
904.15,0.0903889
7076.61,0.707174
1130.61,0.112976
788.507,0.0788295
717.693,0.071557
988.569,0.0987899
1260.81,0.125994
770.463,0.0770344
2306.78,0.228892
915.756,0.0915444
2135.18,0.213459
978.124,0.0977553
3751.91,0.375002
759.744,0.0759525
1326.51,0.132578
2513.77,0.25131
1341.86,0.133998
689.304,0.0687978
1299.66,0.129893
796.877,0.0794585
2823.82,0.282165
919.199,0.0919174
1307.54,0.130687
705.022,0.0704871
1131.34,0.113122
1561.65,0.156106
1367.02,0.13647
1834.51,0.182935
694.531,0.0694383
1317.52,0.131692
814.174,0.0813481
838.426,0.0838384
1928.95,0.191872
1307.47,0.128443
2129.26,0.212884
549.064,0.0549045
767.419,0.0767297
862.139,0.0861996
636.203,0.0630775
929.717,0.0929556
1511.08,0.151051
755.78,0.0755734
1052.91,0.105266
2579.49,0.257772
946.201,0.0945695
998.997,0.0998879
1435.56,0.143552
656.151,0.065459
2275,0.227344
1420.09,0.141903
1505.94,0.150553
813.802,0.0813434
876.217,0.0876164
1203.81,0.120324
1562.17,0.15621
434.511,0.0434032
543.572,0.0543503
1242.7,0.124232
2316.94,0.231657
846.606,0.0846424
1010.27,0.100335
702.355,0.0702293
593.21,0.0592532
1804.49,0.180441
1509.69,0.150862
1635.06,0.163412
4217.55,0.421135
1206,0.120569
1286.69,0.128541
1478.19,0.147734
1040.8,0.104071
1319.61,0.131818
1068.66,0.106799
1061.07,0.106093
1010.62,0.10105
610.733,0.0610557
1056.16,0.105565
3515.26,0.351317
1865.32,0.186489
932.916,0.0932739
892.27,0.0892027
1498.69,0.14984
7012.08,0.699789
1036.67,0.103579
1260.24,0.125856
2051.17,0.205049
686.398,0.0686303
1278.05,0.127799
827.882,0.0827547
1069.61,0.106946
2828.3,0.282727
1647.31,0.164428
2043.1,0.204273
887.664,0.088694
2029.19,0.20276
693.644,0.0693604
1165.25,0.116513
2043.47,0.204328
1060.88,0.106079
3009.63,0.300917
379.656,0.0379352
1126.47,0.112564
1792.25,0.179199
623.094,0.0623045
768.479,0.0768424
1674.92,0.167465
943.714,0.0943626
2026.23,0.254713
662.085,0.0661918
1310.88,0.131059
1708.53,0.170829
1139.65,0.113957
1353.14,0.134582
1112.11,0.111172
8498.82,0.849342
854.554,0.0854302
2576.18,0.25755
981.95,0.098181
5647.98,0.561255
1137.59,0.113563
935.21,0.0935154
705.092,0.0705052
2268.64,0.226495
918.988,0.0918722
1121,0.112082
2468.96,0.246758
1271.44,0.127115
1675.86,0.167567
1736.11,0.173473
992.729,0.0992223
971.319,0.0953011
1183.26,0.118214
927.234,0.0926841
618.418,0.0618319
1506.16,0.15054
3647.63,0.364567
2133.73,0.21293
1317.41,0.131721
1301.98,0.129863
1135.68,0.113546
598.312,0.0598279
688.21,0.0687359
1226.09,0.122495
1029.46,0.102826
1498.03,0.148929
989.591,0.0988543
919.918,0.0919765
1359.51,0.135897
972.597,0.09723
4392.84,0.438897
965.696,0.0965617
1626.96,0.162582
1152.81,0.115173
1322.66,0.13224
461.107,0.0460883
824.712,0.0824589
814.761,0.0814518
951.838,0.0950973
2859.92,0.285892
919.33,0.0919175
1548.77,0.154858
2227.8,0.222721
2207.65,0.22058
2451.27,0.2451
878.147,0.0877974
351.22,0.0351145
628.093,0.0627995
1762.93,0.176262
5599.46,0.559583
911.234,0.143367
2150.69,0.215004
1725.44,0.17212
1523.49,0.152263
1510.04,0.150914
1203.55,0.120333
1191.27,0.11897
1284.69,0.128167
947.635,0.0947345
1206.43,0.120618
1579.7,0.157876
960.299,0.0960085
1725.32,0.172392
669.808,0.0669612
831.199,0.0831055
1605.5,0.160488
1078.81,0.107876
1979.8,0.197682
1264.9,0.126348
587.16,0.058706
2847.1,0.284355
803.729,0.0803604
3158.22,0.315758
1403.46,0.140327
997.068,0.0928164
884.169,0.0884001
881.746,0.0878792
822.033,0.0821042
2044.02,0.204317
1995.36,0.199498
1932.54,0.193101
2089.4,0.208875
1584.96,0.158413
608.94,0.0607299
1151.39,0.115098
954.934,0.0954554
2513.87,0.251353
2795.18,0.278817
2667.28,0.266133
1375.53,0.137519
3271.08,0.327012
1315.39,0.13144
2144.59,0.214383
1126.43,0.112595
1013.29,0.101318
1760.74,0.17592
1715.99,0.171365
1268.09,0.126453
1613.48,0.161272
1381.16,0.13808
1712.21,0.171077
6834.77,0.682656
940.418,0.0939991
1037.02,0.103636
1336.97,0.133667
1166.02,0.116581
1114.56,0.111353
1323.79,0.132355
1444.79,0.144346
845.787,0.0845276
657.444,0.0657193
682.974,0.0682941
1048.17,0.104746
1473.94,0.147354
5001.03,0.499818
1330.53,0.133033
579.914,0.057972
1695.24,0.1695
362.769,0.036273
1085.21,0.108482
800.524,0.0800462
1605.06,0.159581
1243.05,0.124265
1708.61,0.170752
2115.11,0.211066
1126.65,0.112641
1407.32,0.140632
976.464,0.0975933
1032.01,0.103164
1616.27,0.161284
2044.93,0.204396
1382.42,0.136969
974.802,0.0974197
2311.45,0.231024
870.785,0.08705
775.442,0.0774382
1282.4,0.127994
914.734,0.0913051
871.15,0.0870812
1417.89,0.141682
1299.97,0.129973
3212.22,0.321159
1954.17,0.194749
3160.39,0.315874
5448.17,0.543886
2635.91,0.263286
1204.5,0.120447
1486.16,0.148487
1199.47,0.119937
743.035,0.0742756
1676.75,0.167592
3177.78,0.31762
877.618,0.087731
1506.66,0.150662
1165.8,0.116544
739.438,0.0739056
974.129,0.0973949
770.147,0.0769632
799.498,0.0799303
1243.9,0.124319
983.387,0.0983001
780.529,0.0780455
2235.7,0.222743
1514.06,0.151297
2902.41,0.290189
3253.3,0.325091
3175,0.317397
2790.75,0.278567
1209.17,0.120899
1187.83,0.11853
1320.74,0.132
1637.94,0.163757
1017.47,0.101509
5780.03,0.577566
1249.36,0.12491
6759.31,0.674802
1001.81,0.0999686
767.67,0.0767473
1389.9,0.138953
1684.11,0.168378
1545.56,0.15454
1208.51,0.12084
2276.79,0.227563
671.602,0.0671486
1906.79,0.190581
1936.24,0.193421
4804,0.479801
2057.72,0.205682
888.892,0.0888698
3087.18,0.30763
955.011,0.0954806
1959.44,0.195837
1300.06,0.129967
1640.56,0.162128
1132.44,0.113141
1313,0.131279
1694.5,0.169409
1417.2,0.141586
1907.11,0.190676
799.993,0.0799737
772.961,0.0772599
1157.22,0.115323
1173.1,0.117283
790.396,0.0790017
1593.06,0.159266
863.984,0.0863665
1725.1,0.172394
1222.81,0.122236
555.709,0.0555332
756.493,0.0756462
1919.24,0.191671
908.762,0.0908542
1625.04,0.16246
3350.23,0.334544
1649.29,0.16477
1884.86,0.188419
991.088,0.0989633
3161.44,0.314035
2655.64,0.265475
994.673,0.0994353
2234.32,0.22323
1551.29,0.155099
1038.8,0.103744
789.618,0.0789421
933.763,0.0933188
1439.46,0.143527
1064.69,0.106464
2058.51,0.205622
4159.57,0.415396
948.742,0.0948524
1467.15,0.146705
1300.24,0.130017
1469.73,0.146922
1037.38,0.103723
1399.26,0.139686
560.678,0.0560343
728.341,0.0727989
763.574,0.0763264
1780.78,0.178042
1143.48,0.114123
1370.92,0.137058
802.049,0.0801801
1187.06,0.118668
2680.91,0.267921
991.097,0.0990839
934.703,0.0934601
697.508,0.0697369
5262.74,0.526094
985.949,0.0985808
1251.62,0.125129
1392.57,0.139156
7722.93,0.770141
1198.65,0.119825
631.133,0.0630884
1439.07,0.14382
1812.03,0.181074
1438.72,0.143621
1636.69,0.163601
896.633,0.0896465
1877.16,0.187605
1882.89,0.188154
10665.9,1.05972
613.353,0.0613271
1429.33,0.142705
1078.55,0.107793
7233.51,5.12959
1528.07,0.152781
1050.48,0.104817
1685.18,0.168484
963.398,0.0963045
7368.87,4.89024
3476.07,0.346795
2795.51,0.279327
1203.85,0.120367
3231.27,0.322939
828.637,0.0828529
1411.22,0.141099
886.582,0.0886534
2398.14,0.239399
1721.25,0.172011
1427.95,0.142788
4467.14,0.446443
1356.71,0.135592
905.84,0.0900518
1005.61,0.100529
977.456,0.0976815
1187.53,0.11863
7899.47,1.5391
968.572,0.0967884
1592.69,0.149269
865.909,0.0863506
2854.13,0.284845
1900.25,0.18991
1049.36,0.104889
1527.91,0.152194
2040.7,0.204035
683.295,0.0682134
776.961,0.0776765
1159.92,0.115982
2278.14,0.227602
502.6,0.0502542
873.168,0.0872449
4939.16,0.493551
4921,0.491996
2508.07,0.250635
648.084,0.0647216
852.334,0.0851746
2893.56,0.289193
870.087,0.0869981
1219.3,0.121904
2327.05,0.232574
685.665,0.0683567
1543.08,0.154223
2374.32,0.23715
1157.72,0.115687
1410.12,0.14095
4070.05,0.406526
1592.43,0.159214
1279.64,0.127936
1100.51,0.109987
2472.47,0.247048
818.554,0.0818123
1820.27,0.181531
525.091,0.0524988
875.056,0.08749
710.527,0.0709055
1072.08,0.107181
1287.92,0.128738
1488.18,0.148634
879.163,0.0878729
4572.37,0.457174
1196.85,0.119458
2193.13,0.219108
704.957,0.07047
1657.89,0.165739
3843.51,0.383495
1249.48,0.124943
29640.2,2.9589
980.236,0.0980124
809.457,0.0808988
686.217,0.0686168
901.919,0.0901616
834.71,0.0834579
1275.78,0.127554
1069.49,0.106921
2298.45,0.229728
1154.42,0.115403
1006.62,0.100622
589.693,0.0589674
965.629,0.0965394
1744,0.174113
777.625,0.077759
1285.92,0.128246
1763.25,0.176286
1123.74,0.112365
942.297,0.0942221
927.837,0.0926057
1617.93,0.161749
1342.8,0.134234
981.139,0.0981096
1192.18,0.119164
1323.88,0.132341
1246.97,0.124672
1449.56,0.141456
1082.75,0.108208
1173.37,0.117223
945.663,0.0945536
3658.94,0.365127
1016.29,0.101452
2015.38,0.20152
8730.36,0.868006
2109.61,0.210935
1578.81,0.157439
754.196,0.0754145
1469.85,0.146881
1643.52,0.164265
2152.47,0.214477
1182.47,0.118223
1109.22,0.110883
826.654,0.0826543
853.151,0.0852999
3183.81,0.318252
1286.63,0.128514
1678.92,0.167846
959.351,0.0959116
1192.26,0.119201
2116.92,0.211606
1772.57,0.177242
1089.11,0.108903
732.24,0.0731714
733.439,0.0732815
1213.31,0.121326
1310.78,0.130922
2802.58,0.280083
965.794,0.0965468
1280.82,0.127914
1431.7,0.143008
2106.18,0.210594
826.322,0.08262
1563.74,0.156339
1030.73,0.102936
3309.57,0.330514
7056.89,0.704245
1449.07,0.144891
756.905,0.0756589
1508.96,0.150873
2349.05,0.234745
706.345,0.0705509
2323.43,0.232311
1182.31,0.118137
1962.75,0.196238
850.51,0.0850296
3038.28,0.30329
1586.49,0.158521
929.67,0.0928691
832.671,0.0832002
1051.11,0.105094
2018.51,0.201026
619.518,0.0619496
1267.52,0.126697
1093.02,0.109292
2848.77,0.284634
3519.83,0.351571
1444.67,0.144231
2744.42,0.273824
2247.11,0.224541
1993.77,0.199229
1979.97,0.197913
1404.38,0.140419
3902.57,0.390223
1934.71,0.193131
956.722,0.0954195
1100.41,0.109995
798.028,0.0797744
4009.12,1.23231
1525.38,0.152237
1235.45,0.12352
1326.62,0.132644
1277.68,0.127568
1514.58,0.151391
1009,0.100871
880.29,0.0879743
1610.01,0.160959
2271.07,0.226826
640.601,0.0640504
981.96,0.098179
1565.82,0.156502
1336.72,0.133652
819.362,0.0819254
1330.2,0.132983
2308.77,0.230782
1372.56,0.137137
946.667,0.0946374
3954.15,0.395316
951.06,0.0950867
1640.54,0.164035
2081.29,0.208115
719.606,0.0719513
967.199,0.096554
1545.04,0.154474
1611.71,0.161102
4953.66,0.494656
1862.87,0.186017
1135.52,0.113538
977.872,0.0976713
1505.09,0.150483
3069.15,0.306659
13708.1,2.77017
6856.84,0.685296
1066.42,0.106573
827.071,0.0826468
1043.11,0.1043
936.273,0.0936218
1749.02,0.174332
1590.17,0.159008
1233.83,0.123234
1388.7,0.13885
1420.52,0.141969
1883.81,0.188281
947.554,0.0947446
881.542,0.0881311
2446.88,0.244507
1404.79,0.140455
2164.04,0.216367
853.476,0.0853433
1742.81,0.17422
657.886,0.0657806
2496.14,0.249251
1345.68,0.134423
1472.05,0.147186
3384.54,0.337992
1002.34,0.100223
775.809,0.0775719
763.385,0.0761611
3256.24,0.325535
1719.16,0.170733
1380.14,0.137945
1701.62,0.170147
918.018,0.0915942
2367.82,0.236038
992.179,0.0991827
980.072,0.097978
1603.98,0.16027
754.317,0.0754286
1526.74,0.142876
3502.89,0.349495
1524.85,0.152406
2157.99,0.215746
3054.56,0.30519
18525,1.84087
1301.4,0.130135
2685.27,0.268397
1729.1,0.172677
1337.5,0.133598
1439.16,0.143807
2793.02,0.27919
1409.06,0.140883
1339.85,0.133952
1168.15,0.116744
1061.93,0.106177
976.927,0.097558
3257.66,0.325619
995.997,0.0995843
885.748,0.0885521
2275.65,0.2272
777.256,0.0776396
746.408,0.07461
4568.64,0.456355
993.554,0.0992875
1865.73,0.186473
1461.13,0.146054
2494.22,0.249384
1482.06,0.148065
1158.22,0.115775
793.857,0.0793505
1238.21,0.12373
865.293,0.0864809
1305.64,0.129584
792.51,0.0792372
1862.76,0.186181
704.044,0.0703656
692.617,0.0692513
1557.17,0.15568
667.924,0.0662802
1015.34,0.101521
1790.36,0.178932
556.02,0.0555864
1849.76,0.184742
932.466,0.0932353
870.393,0.0867146
1487.93,0.147451
991.216,0.0991162
1930.8,0.19303
5151.02,0.512829
945.695,0.0941139
4486.25,0.448499
1266.11,0.126562
2638.1,0.263696
1936.04,0.193576
4670.61,0.466744
807.447,0.0805669
2639.33,0.263811
742.109,0.0741924
1213.96,0.121281
1610.82,0.16103
3697.79,0.369023
1062.02,0.106091
1010.88,0.100791
911.855,0.0911804
1113.3,0.111315
3105.56,0.310364
1521.37,0.151924
1639.31,0.163822
1296.57,0.129608
2495.37,0.249388
2245.42,0.224462
449.817,0.0449577
973.297,0.0973138
572.984,0.0572734
746.343,0.0746254
5083.27,0.507871
932.852,0.0932433
2181.37,0.217881
1012.31,0.101218
1331.32,0.133121
1452.63,0.145079
1401.18,0.140107
2047.43,0.204623
738.162,0.073715
1579.01,0.157863
12024.1,1.2002
3491.66,0.762492
951.844,0.0951757
1436.85,0.143656
1005.52,0.100512
1049.76,0.10497
6576.98,0.657092
1514.88,0.151458
938.987,0.0938427
1290.15,0.128878
2313.67,0.231308
2062,0.203049
1242.91,0.124273
1251.59,0.125102
2963.38,0.296058
1250.76,0.125059
1483.51,0.148041
1242.63,0.124191
741.161,0.0740142
794.248,0.0794081
780.186,0.0779983
2329.79,0.232808
1325.4,0.132415
1846.84,0.184609
2065.52,0.206351
1276.79,0.127652
1653.01,0.165274
779.702,0.0779627
5267.72,0.5266
2256.41,0.225509
1477.43,0.147534
1518.1,0.151581
653.137,0.0653067
6175.33,6.79815
1032.47,0.103167
2859.6,0.285921
706.132,0.0706012
2200.79,0.219965
1910.93,0.190851
1245.44,0.12448
1678.34,0.167808
2869.76,0.286861
656.144,0.0655985
2092.24,0.209192
907.217,0.0906244
1376.07,0.137456
2469.08,0.248158
941.407,0.094094
1212,0.121129
1292.84,0.128445
1159.2,0.115813
749.666,0.0749528
1057.37,0.10572
1095.62,0.109361
1910.99,0.190981
1670.08,0.166902
2138.64,0.213844
811.359,0.0811288
783.045,0.0782521
1865.81,0.186553
1477.52,0.147691
758.458,0.0758234
580.979,0.0579274
757.774,0.0757267
1855.59,0.185498
673.596,0.0673573
1187.07,0.118674
1259.85,0.125944
1475.36,0.147407
1681.17,0.168085
7722.66,4.78137
851.663,0.0850661
1170.48,0.116871
963.738,0.0963309
1649.48,0.164838
2067.94,0.206454
1454.82,0.14539
1020.16,0.102004
743.065,0.0742906
1057.89,0.105739
867.621,0.0867379
1377.49,0.13773
985.563,0.0985416
1377.77,0.137751
2903.07,0.290108
1389.47,0.138941
1636.62,0.163634
752.141,0.075182
2115.09,0.211444
851.35,0.0851264
984.526,0.0984158
2189.83,0.218904
1093.35,0.109325
1859.69,0.185921
13583.7,1.35279
14230.7,1.42088
3187.72,0.318588
1032.28,0.10315
885.131,0.0884813
877.333,0.0876758
2329.13,0.23284
961.869,0.0961192
1239.54,0.123889
599.451,0.0599141
4360.25,2.09748
1097.79,0.109749
1491.53,0.149109
3811,0.379216
1036.09,0.103556
824.358,0.0823432
947.954,0.0947835
1139.22,0.113918
874.782,0.0874295
821.048,0.0819941
962.668,0.0960874
612.72,0.0612624
689.022,0.0689004
1649.47,0.164886
946.627,0.093543
1236.27,0.12346
1600.23,0.160008
835.276,0.0834172
2068.89,0.206597
728.338,0.0728242
1614.16,0.161355
799.77,0.0798278
1243.65,0.124276
1375.94,0.137576
1322.95,0.132277
795.293,0.0795202
2285.85,0.228203
1085.98,0.10858
1736.96,0.173621
2153.13,0.215176
762.973,0.0762843
1249.34,0.124847
1354.09,0.135357
862.23,0.0861422
9104.26,0.910001
1095.48,0.109528
2791.55,0.278903
1549.13,0.154869
1009.95,0.100971
1815.02,0.181457
3894.14,0.388079
1029.65,0.102956
1620.3,0.161872
1417.71,0.14172
2076.42,0.20758
817.374,0.0816864
1186.1,0.118543
1427.38,0.142702
766.574,0.0766379
1067.57,0.106714
1488.62,0.148838
711.807,0.0710628
2427.2,0.242592
1099.21,0.109824
964.381,0.0964038
998.829,0.0998784
2324.53,0.232404
2363.39,0.236126
4507.39,0.450336
3347.5,0.334644
1202.31,0.120187
791.997,0.0791886
1006.82,0.10065
15656.8,1.55459
1064.32,0.10642
769.936,0.0769837
814.981,0.0814944
4359.95,0.43556
2822.59,0.282179
909.922,0.0909788
1113.13,0.111259
893.335,0.0893056
1179.72,0.117866
1498.26,0.149642
1023.65,0.102357
7344.95,0.732892
1083.99,0.108365
1551.58,0.155039
1680.61,0.167953
2128.49,0.212801
1095.58,0.109337
2128.17,0.212724
1324.43,0.132428
820.893,0.082058
1335.37,0.133508
1082.83,0.108279
804.879,0.0804754
1429.09,0.14279
1285.9,0.128522
2017.79,0.2014
1165.54,0.116536
2852.98,0.285097
1978.59,0.197845
1099.86,0.109792
927.372,0.0924624
2070.46,0.207011
660.528,0.0660387
1152.07,0.115179
1924.86,0.192305
609.122,0.0608727
1659.5,0.165919
1538.18,0.153756
1208.3,0.120782
969.565,0.0969224
3528.85,0.352461
1121.86,0.112143
1801.46,0.179986
1347.78,0.134608
811.288,0.0811249
548.723,0.0548693
747.458,0.0743374
1538.76,0.153694
1095.79,0.109552
1403.27,0.140276
3904.34,0.390259
1314.03,0.13139
1483.41,0.148318
986.27,0.0985583
1935.54,0.193477
1482.85,0.148257
1096.63,0.109575
1564.65,0.156416
1271.99,0.127143
1057.27,0.105686
2529.07,0.252761
2163.47,0.215949
748.136,0.0747033
935.46,0.0935297
3015.41,0.301495
2378.99,0.237848
2277.15,0.2269
949.496,0.094844
2482.38,0.248096
921.163,0.0920779
1369.72,0.136942
1378.4,0.137828
2238.85,0.223728
476.858,0.0472144
744.953,0.0744835
639.942,0.0639932
2668.33,0.266606
813.664,0.0813634
748.441,0.0748055
618.015,0.0617932
1132.96,0.113212
1649.15,0.164804
1510.88,0.15106
864.578,0.0864386
3340.05,0.333923
805.206,0.0805082
2280.7,0.228005
733.532,0.0733256
2580.39,0.257328
1444.72,0.144442
950.291,0.0948448
1082.75,0.108226
2016.62,0.201639
1220.34,0.12202
1147.2,0.114662
1107.51,0.110728
1199.48,0.119759
861.724,0.0861551
1505.07,0.150453
1206.8,0.120676
627.906,0.0627538
1063.34,0.106308
7589.87,0.758132
1632.23,0.163149
1112.39,0.111183
918.264,0.0918082
1051.88,0.105174
647.29,0.0647204
862.047,0.086198
2746.5,0.27456
3452.99,0.345002
1157.44,0.115735
1074.28,0.107351
1881.13,0.187988
1097.31,0.109685
1239.89,0.123979
1722.19,0.172087
1682.24,0.169761
1249.7,0.124903
708.366,0.070814
1961.56,0.196025
957.989,0.0956292
1738.66,0.173778
1083.82,0.108308
550.303,0.055013
847.649,0.084416
806.226,0.0806166
591.468,0.0591456
1807.2,0.1807
689.041,0.068899
629.425,0.0629367
1586.9,0.158663
3233.22,0.323213
1970.37,0.196966
1174.21,0.117387
2255.06,0.225465
1191.41,0.118853
1678.81,0.167825
1400.4,0.140015
1997.4,0.199586
1097.94,0.109669
1643.76,0.164322
2403.78,0.239932
941.565,0.0941307
816.371,0.0816074
1207.95,0.120758
814.367,0.0813409
1622.75,0.162039
1433.35,0.143208
1521.34,0.15212
1131.24,0.113077
1221.88,0.12207
1297.75,0.129612
2978.04,0.297659
2227.72,0.222573
1084.51,0.108439
1430.56,0.143022
2248.31,0.224803
949.547,0.0949452
1076.26,0.10758
2745.49,0.27446
1022.46,0.102231
771.955,0.0771398
735.743,0.0735572
1647.36,0.164607
2340.67,0.234014
1824.59,0.182383
1539.69,0.152963
992.403,0.099188
763.813,0.0763613
1274.59,0.127296
595.797,0.0595721
914.029,0.091386
1053.83,0.105374
1462.72,0.146235
1130.65,0.11278
933.785,0.0933171
1072.8,0.107189
645.045,0.0644859
801.876,0.0800974
1257.22,0.125669
1426.52,0.142595
1218.61,0.121753
1138.16,0.113803
1579.66,0.157928
846.97,0.0846668
2400.69,0.240035
630.623,0.0630202
2793.36,0.279246
1459.98,0.145818
1997.74,0.199645
2032.58,0.203229
1228.14,0.122578
1663.34,0.166275
1327.64,0.132749
919.706,0.0919264
1105.39,0.108507
1055.33,0.105503
1317.39,0.131715
1758.49,0.175815
1075.67,0.107552
939.985,0.0939808
1159.37,0.115819
951.241,0.0950934
3823.74,0.382172
700.766,0.0700612
1512.35,0.151214
1928.5,0.192817
1511.62,0.15114
812.805,0.0812648
2063.26,0.206212
842.186,0.0841894
756.809,0.0756549
905.767,0.0905641
1092.1,0.109196
783.71,0.0783569
2183.35,0.218224
2119.78,0.211786
968.763,0.0968596
833.429,0.0833337
2972.53,0.297184
983.507,0.0983425
1414.83,0.141471
2390.9,0.238864
4557.55,0.455209
1176.53,0.11756
3284.48,0.328293
649.633,0.0649543
1811.54,0.180763
1177.04,0.117658
17979.2,1.78466
1030.45,0.103035
1223.34,0.122275
808.507,0.0807667
1779.84,0.177693
895.682,0.0894236
2380.3,0.237993
805.694,0.0805623
1348.19,0.134793
1433.51,0.143309
1931.01,0.193091
2073.27,0.207303
2604.46,0.260344
565.639,0.0565502
1236.65,0.123622
800.365,0.0800177
1318.61,0.131776
1693.75,0.169275
2481.84,0.247473
6526.46,0.652327
1213.35,0.121328
1938.18,0.1937
1299.11,0.129858
1612.65,0.16121
1052.44,0.105192
950.514,0.094813
621.114,0.0620987
892.923,0.0891536
1989.54,0.198862
1716.24,0.171594
1051.26,0.105107
1955.28,0.195449
1106.97,0.110179
1050.53,0.104988
1388.77,0.138563
1278.17,0.127468
1822.64,0.182232
787.19,0.0786673
2341.82,0.234163
1542.48,0.154212
1931.46,0.193063
1110.73,0.11097
943.172,0.094257
996,0.0995376
955.601,0.0955181
1262.77,0.126117
977.503,0.0977394
1279.47,0.127895
1260.6,0.125987
6290.99,0.628785
1396.43,0.0931899
1378.73,0.137849
643.982,0.0643711
1001.45,0.0999568
1053.61,0.105323
1105.07,0.110472
1282.64,0.128234
877.064,0.0876214
1050.2,0.104928
5335.92,0.532333
1307.83,0.130774
3589.73,0.358771
835.761,0.0835509
2143.35,0.214206
777.418,0.0777146
775.158,0.0775047
1200.74,0.120068
1184.23,0.11841
1632.16,0.163176
1830.61,0.182858
1187.01,0.118691
744.798,0.0744451
1631.87,0.162972
1571.61,0.156896
1726.74,0.172504
1056.48,0.105633
1512.08,0.15116
1215.15,0.121391
1519.81,0.151845
1902.77,0.190128
2880.8,0.287979
921.28,0.0921204
553.976,0.0553581
2891.88,0.289161
1047.04,0.103908
2014.66,0.201451
912.301,0.0911765
2983.09,0.298216
1038.72,0.103534
1213.06,0.121172
746.09,0.074514
1049.23,0.104916
694.822,0.0694676
1224.9,0.122476
1147.84,0.114743
809.002,0.0808922
1364.1,0.136289
1270.4,0.126982
857.918,0.0857588
1699.17,0.169711
2183.14,0.218104
2055.78,0.205503
818.714,0.0818596
660.395,0.0660365
1208.75,0.120612
3020.98,0.301791
926.571,0.0926243
1221.49,0.122128
1823.52,0.182136
1341.11,0.133947
953.13,0.0952968
1498.75,0.149815
3223.79,0.322294
1864.65,0.186418
1553.45,0.155249
1523.55,0.1523
1357.71,0.135748
1106.63,0.110431
454.012,0.0453991
1160.94,0.113491
1572.26,0.157149
1055.06,0.105497
1186.2,0.118586
1215.98,0.12159
677.403,0.0676931
2322.7,0.232201
1399.98,0.139981
1505.91,0.150553
1403.85,0.140173
809.002,0.0808513
1722.89,0.172268
898.323,0.0897996
2758.38,0.275802
1344.96,0.134298
1281.99,0.128019
3422.54,0.341824
718.299,0.0716949
1218.98,0.121856
1901.55,0.190036
822.994,0.0822577
731.926,0.0731892
2151.23,0.215007
4885.84,0.488426
1284.31,0.128337
1025.55,0.102513
926.54,0.092646
2228.25,0.222671
2060.23,0.205933
1584.47,0.158048
4164.32,0.416151
952.036,0.0947458
2076.77,0.20764
1140.49,0.113934
1895.41,0.189442
1189.47,0.118911
1438.73,0.143836
1175.31,0.117436
1325.84,0.132509
1167.43,0.116735
1172.34,0.117174
1181.86,0.118156
794.379,0.0794129
1095.25,0.109473
1093.03,0.109272
664.651,0.0664571
2063.12,0.206217
1025.29,0.102502
1263.42,0.12591
1069.16,0.106769
678.34,0.0677764
1042.12,0.104202
6523.33,0.652124
1848.67,0.18452
1614.66,0.161422
893.554,0.0893473
799.578,0.0826827
1620.28,0.161823
1805.38,0.180339
3619.94,0.361734
3792.49,0.379154
870.367,0.0870267
1958.02,0.195787
1256.55,0.125552
2729.65,0.272907
1371.01,0.137064
829.713,0.0829386
1092.12,0.109122
833.887,0.0833517
1185.17,0.118497
501.364,0.0501327
1189.49,0.118926
1812.36,0.181216
945.248,0.0945132
1624.81,0.162138
1302.25,0.130194
771.729,0.077166
1585.07,0.158466
912.867,0.091034
1086.52,0.10858
1190.9,0.118895
871.78,0.0871673
688.729,0.0688661
5315.72,0.530534
795.906,0.0783414
1638.82,0.163808
1763.33,0.176197
1415.37,0.140982
708.201,0.0708078
989.681,0.0989541
1414.78,0.141456
1146.55,0.114594
1046.52,0.104591
934.602,0.0934251
938.419,0.0938257
1439.33,0.143802
1196.49,0.11964
1432.47,0.143039
1209.72,0.120965
1102.52,0.110225
955.248,0.0954406
1118.89,0.111866
735.088,0.073447
2539.28,0.253469
989.413,0.0988642
934.948,0.0933561
1705.42,0.170406
1343.98,0.134299
1072.34,0.107131
1191.98,0.119182
1580.04,0.157955
1140.3,0.113992
930.294,0.0930098
1226.17,0.121451
962.436,0.0958448
1486.94,0.148538
1102.76,0.11027
1029.66,0.102768
1773.66,0.17725
1150.38,0.11495
815.305,0.0814755
1194.91,0.119397
1790.87,0.179067
1473.78,0.147289
1052.01,0.105156
1253.14,0.125188
1692.65,0.169105
1088,0.108769
2548.07,0.254637
952.641,0.095249
1741.81,0.174126
1060.07,0.105989
781.629,0.0781125
1352.92,0.135234
1186.98,0.118678
1168.85,0.116873
379.464,0.0379357
1046.83,0.104585
1574.4,0.15739
507.976,0.0507646
1808.83,0.180749
844.057,0.0843889
5231.28,0.522678
1430.92,0.143048
817.007,0.081565
879.177,0.0878983
854.033,0.0853096
710.78,0.0710503
719.225,0.0719068
4165.3,0.415376
2489.19,0.248884
896.982,0.0896542
1383.68,0.138329
1077.17,0.10765
1080.26,0.108002
656.713,0.0656701
1775.36,0.177413
1435.92,0.143457
4473.01,0.447079
2200.92,0.21987
1066.42,0.106627
1099.87,0.109976
907.452,0.0901922
4028.86,0.402493
972.893,0.096745
812.653,0.0811829
1381.29,0.13812
1609.82,0.160975
992.671,0.0990761
1982.94,0.198281
1280.33,0.128028
1006.32,0.100624
2065.25,0.206473
1233.44,0.123293
670.074,0.0670035
1185.34,0.118502
1623.87,0.162177
613.434,0.0613399
3082.76,0.308177
822.27,0.0821039
720.969,0.0720908
1466.95,0.146658
1632.99,0.162712
521.057,0.0520941
1058.68,0.105801
666.09,0.0663898
1522.38,0.152025
1392.1,0.138971
744.853,0.0744559
1396.98,0.139548
2231.43,0.223129
1899.55,0.189928
1374.27,0.137394
1345.84,0.134553
897.981,0.0897201
885.917,0.0885811
1483.33,0.148274
4014.79,0.401359
924.613,0.0923452
1201.38,0.115281
1044.57,0.10444
1124.35,0.112374
1181.95,0.118008
2376.23,0.237587
605.142,0.0604955
452.687,0.0452611
1112.69,0.111158
1085.07,0.108395
856.653,0.0854672
1200.25,0.119944
1662.12,0.16614
951.401,0.0950811
1561.47,0.155989
1190.98,0.119086
2632.05,0.263083
905.019,0.0904997
2300.29,0.229917
4955.81,0.495459
5927.2,5.99683
2178.65,0.217842
4985.69,0.497847
1596.63,0.159653
1243.43,0.124326
602.653,0.060242
707.315,0.070689
5398.52,0.538944
3377.36,0.337375
3955.59,0.395521
753.77,0.0753278
2738.85,0.269019
1088.39,0.108822
1499.54,0.14992
3225.47,0.322251
1357.12,0.135706
793.232,0.0792903
1205.13,0.120502
873.015,0.0872777
2024.08,0.201605
999.785,0.0999489
1340.97,0.134075
661.168,0.0661098
1474.09,0.147261
1909.03,0.190782
1048.12,0.10469
804.862,0.0801659
1142.78,0.114257
2567.22,0.256604
1226.29,0.122593
1247.24,0.124661
681.277,0.0681092
716.559,0.0716131
1428.49,0.142579
880.156,0.0880034
1005.15,0.100399
4016.24,0.401307
674.369,0.0674188
588.91,0.0588857
1974.23,0.195445
1194.34,0.118771
943.56,0.0943278
1007.23,0.100629
5567.51,0.556324
995.947,0.0994144
725.77,0.0725627
1948.88,0.194786
1016.09,0.10157
1395.7,0.13941
858.898,0.0858616
714.859,0.0714254
796.077,0.0796
1058.22,0.105804
514.109,0.0514033
840.26,0.0839558
1000.7,0.0999888
1625.55,0.162429
1425.75,0.142563
2015.47,0.201404
1183.54,0.118316
967.138,0.0966857
825.109,0.0824281
6170.51,0.616664
1312.74,0.131229
1452.1,0.145172
1066.9,0.106616
2618.33,0.261744
1522.21,0.152146
2476.7,0.247376
1634.04,0.163328
2536.19,0.253535
782.204,0.0781834
1017.24,0.101698
1167.84,0.116736
1706.03,0.170013
3995.75,0.399224
992.083,0.0991773
1093.72,0.109225
4250.64,0.424851
697.528,0.0697429
1460.82,0.146047
765.951,0.0765711
2908.8,0.290503
1246.33,0.124576
1571.34,0.157085
1978.44,0.197723
1961.34,0.19604
2071.82,0.207121
2636.46,0.263406
1899.95,0.189322
971.362,0.0970731
1645.12,0.162791
1088.78,0.10881
873.083,0.0872696
1536.06,0.153566
2308.18,0.229831
1385.99,0.138556
1999.02,0.19988
1836.56,0.183503
1418.04,0.141698
725.325,0.0725274
812.259,0.0811977
1268.24,0.124673
579.444,0.0578898
2316.98,0.231498
1240.86,0.124076
544.657,0.0544612
1135.65,0.113561
6003.08,0.598523
977.37,0.0977273
769.062,0.0769016
4114.26,0.407477
1355.01,0.135474
2902.52,0.290203
1074.03,0.107251
1956.78,0.19564
984.122,0.0984072
908.422,0.0907867
3538.86,0.35368
598.329,0.0598151
721.068,0.0720874
1866.4,0.186494
2092.64,0.209205
925.699,0.0924728
614.606,0.061452
1519.24,0.151473
1187.02,0.118595
710.234,0.0709979
2000.46,0.199917
1261.13,0.126099
989.249,0.0987282
941.711,0.0940311
1209.67,0.120896
1714.58,0.171269
2231.12,0.222949
1037.78,0.103767
3107.96,0.310753
1209.1,4.98132
704.267,0.0703707
1206.21,0.12061
2001.59,0.200058
1119.84,0.111899
878.088,0.0877575
2311.4,0.231121
817.627,0.0816433
2630.36,0.258413
22231.6,2.2072
787.339,0.0787002
1577.5,0.157542
927.465,0.0927367
747.528,0.0746001
1169.31,0.116922
1351.66,0.135115
1640.7,0.164038
1614.89,0.161411
1244.82,0.124409
1393.37,0.139318
1027.58,0.102688
1106.25,0.110607
3295.52,0.329003
2849.14,0.284474
1300.56,0.13003
1719.61,0.171952
1154.95,0.115428
1331.13,0.133097
1142.86,0.114175
648.247,0.0648163
1359.11,0.13575
1148.21,0.114541
1416.42,0.141529
1051.08,0.10502
1661.02,0.166093
650.619,0.0650286
950.961,0.0950648
968.801,0.0967905
3220.85,0.321949
1609.98,0.160963
1378.93,0.137828
1808.38,0.180727
1502.55,0.150057
2578.75,0.25772
732.66,0.0732472
1353.46,0.135288
2590.57,0.258983
1550.96,0.154973
998.65,0.0998506
2730.11,0.272752
433.301,0.0433294
1374.3,0.137405
809.293,0.0808902
1386.8,0.138393
1195.34,0.119478
814.488,0.0813773
2217.54,0.221714
1114.26,0.111034
804.324,0.0804007
909.511,0.0908813
992.817,0.0992504
2479.16,0.247879
1310,0.130947
960.9,0.0960683
1356.61,0.135632
1001.99,0.0999751
881.153,0.0880939
1165.57,0.116482
1109.69,0.110946
8018.7,6.92984
1010.19,0.100935
1715.81,0.171019
1166.43,0.116634
999.935,0.0999622
1850.5,0.184969
1183.36,0.118319
4253.34,0.423869
1000.19,0.0999056
944.058,0.0943935
2029.5,0.202891
654.824,0.0654652
923.128,0.0923032
907.415,0.0907083
880.516,0.0880098
1163.3,0.116321
3405.2,0.337214
1206.35,0.12026
2052.12,0.20484
937.809,0.0937579
745.215,0.0744723
1643.89,0.164315
2067.83,0.206747
2174.29,0.217399
1060.22,0.105991
4225.48,0.422475
1252.19,0.125171
799.402,0.0799345
875.053,0.0874403
1445.07,0.144363
1616,0.161554
926.062,0.0925839
1441.88,0.144011
1272.23,0.127095
806.659,0.0806466
1647.82,0.164771
1414.01,0.141387
566.312,0.0566262
2062.97,0.20594
605.377,0.0605211
907.669,0.0907289
1180.63,0.117858
1850.51,0.184763
1842.26,0.184068
1144.12,0.11441
10110.7,1.00266
678.48,0.0678414
1377.87,0.13774
1119.29,0.111913
513.371,0.0513352
1762.15,0.17615
1936.5,0.193259
1791.68,0.179001
1137.17,0.113681
1173.95,0.117391
1100.46,0.110029
2133.25,0.213295
1068.33,0.106808
1373.29,0.136829
871.206,0.0870681
1128.04,0.112758
2044.24,0.204374
1377.01,0.137606
1093.53,0.109316
942.453,0.0941493
912.235,0.0911878
2057.39,0.205535
3915.86,0.39145
592.461,0.0591638
2402.33,0.239858
1544.43,0.15424
1059.51,0.105836
793.171,0.0793029
861.978,0.0861811
2448.63,0.244427
1560.45,0.155948
1926.06,0.192501
904.708,0.090468
929.772,0.0926853
2201.23,0.219857
2031.66,0.20311
2270.56,0.226897
1240.04,0.123994
1372.83,0.137256
2525.66,0.252435
1706.32,0.170624
1054.24,0.105384
2152.34,0.215185
1187.59,0.118676
1666.33,0.166624
1355.12,0.135505
833.276,0.0832886
1960.25,0.195992
736.302,0.0733139
1255.07,0.125498
1047.67,0.10464
1913.23,0.190844
2007.69,0.200689
2149.76,0.214856
725.501,0.0725314
1198.16,0.11974
2324.04,0.232336
1043.94,0.104383
765.04,0.0764774
2533.25,0.25298
508.323,0.050821
974.84,0.0972877
891.177,0.0891063
895.126,0.089254
1025.53,0.102519
1160.58,0.116035
1321.51,0.13212
976.735,0.0976594
10916,1.0895
967.854,0.0967496
1650.25,0.165001
1453.58,0.145308
4318.44,0.431457
1184.26,0.118422
1533.63,0.153304
1505.16,0.150424
927.557,0.0925917
833.142,0.0832665
1744.65,0.174441
890.038,0.088982
1867,0.186607
1069.02,0.106881
976.296,0.0976113
1369.09,0.136884
19484.6,1.93946
1286.18,0.128444
974.561,0.0974153
1210.79,0.121065
3411.77,0.341133
1983.53,0.197885
1747.89,0.174713
1160.64,0.116043
1333.14,0.133266
806.398,0.0806231
1490.8,0.148934
504.211,0.0503893
1157.64,0.11574
4627.76,0.459751
991.85,0.0991753
1269.93,0.126979
1470.22,0.147016
4154.15,0.414236
1018.35,0.101813
3263.72,0.326017
1999.17,0.199873
791.299,0.0791165
1033.25,0.103318
1556.67,0.155627
1856.67,0.18556
2467.71,0.246756
1428.41,0.142791
1306.56,0.130481
935.135,0.0934513
1013.12,0.101264
1224.7,0.122364
1063.62,0.10635
890.426,0.0819376
777.792,0.0777619
1684.69,0.168465
999.74,0.0999119
5707.59,0.570363
1065.09,0.106464
2699.08,0.269454
1354.16,0.135397
3923.16,0.392117
2803.79,0.279961
1127.46,0.112738
730.054,0.0727357
948.544,0.0948181
1376.72,0.137648
1991.65,0.199099
8030.6,0.799818
752.177,0.0751946
1178.12,0.117705
7454.12,0.743754
906.596,0.090628
1300.87,0.129851
1243.28,0.124279
813.937,0.0813698
848.28,0.0848255
634.487,0.0634118
3074.35,0.307203
11573.1,1.1534
1462.56,0.146151
746.099,0.0745691
3011.9,0.301086
1631.23,0.162659
2895.1,0.289269
1301.43,0.130079
1093.85,0.109371
670.99,0.0670677
810.389,0.081033
1006.16,0.100521
1005.94,0.10056
1059.02,0.105889
2528.53,0.252756
1050.54,0.105033
1005.76,0.100559
923.069,0.0922968
5741.6,0.573436
1747.46,0.174598
1010.01,0.100979
1224.92,0.122396
1614.76,0.161452
1130.57,0.112991
1657.62,0.165755
1171.47,0.117093
13367.5,2.55568
1168.34,0.116806
994.095,0.0993737
803.636,0.0802865
1097.46,0.109736
1494.9,0.149473
12143.1,1.21329
5086.63,0.507959
1392.05,0.139098
1497.58,0.149355
874.716,0.0873847
1427.29,0.142697
2864.99,0.286313
1857.53,0.185723
1058.9,0.105845
930.67,0.092993
11338.5,1.13116
1325.74,0.132489
1494.19,0.149375
1429.75,0.142953
2456.91,0.245658
4106.86,0.410634
654.569,0.0654338
833.072,0.0832916
1145.77,0.114547
556.892,0.0556788
1554.18,0.155403
4388.39,0.438796
1038.96,0.10385
1671.44,0.166951
1038.84,0.103865
1884.48,0.188241
979.253,0.0979023
2578.17,0.257623
3572.28,0.35716
1219.1,0.12187
969.887,0.0969736
1070.03,0.106992
1951.14,0.194999
931.353,0.0931132
1044.42,0.1044
2521.42,0.251991
1132.22,0.113166
849.898,0.0849794
3865.4,0.386171
1066.99,0.10669
730.167,0.073006
838.125,0.0835403
946.027,0.0945832
1329.48,0.132928
1245.61,0.124012
1023.19,0.102299
2374.01,0.237376
990.173,0.0988011
950.84,0.095037
988.761,0.0988544
2086.42,0.208568
1009.69,0.100702
893.876,0.0893705
785.719,0.0785607
979.791,0.0979609
1599.78,0.159908
746.241,0.0745566
2007.14,0.200617
701.478,0.0701457
807.23,0.0807107
1725.03,0.172189
1410.55,0.141046
1820.69,0.182006
3311.97,0.330685
1912.44,0.191039
1159.38,0.115932
1117.37,0.111731
5989.72,0.59793
1089.95,0.108929
965.412,0.0965219
791.007,0.078944
4125.45,0.412277
1242.4,0.124185
1115.3,0.110975
1389.93,0.140461
838.704,0.083753
1428.89,0.142699
1714.56,0.171248
771.968,0.0771857
1208.2,0.120744
1014.82,0.101443
1409.24,0.140816
1131.82,0.113156
1387.67,0.138675
1068.25,0.106717
942.829,0.0942554
1316.81,0.131279
2947.66,0.294138
1192.67,0.119263
842.699,0.0842496
891.568,0.0881213
925.699,0.0925563
760.233,0.0760219
1943.85,0.194371
4233.64,0.423184
1076.46,0.107624
525.599,0.0525499
1734.15,0.173384
1217.25,0.12156
910.283,0.0910137
838.162,0.0837604
878.191,0.087804
1514.44,0.151278
2872.9,0.283493
4430.15,0.442697
1282.85,0.128262
852.785,0.0852563
2148.7,0.214685
3204.71,0.32032
1781.7,0.178122
1385.81,0.138517
1477.33,0.147712
2525.04,0.231259
965.137,0.0965073
1443.36,0.144138
753.77,0.0747681
5119.37,0.511776
2167.17,0.21664
1111.13,0.111096
803.359,0.0803142
985.344,0.0984817
1057.26,0.105658
414.889,0.0414839
1608.55,0.160812
1521.43,0.152086
660.434,0.0659623
710.525,0.0709881
1419.98,0.141882
727.522,0.0727475
820.579,0.0820443
2081.23,0.208046
2179.93,0.217901
1694.47,0.169133
1611.3,0.161124
1187.82,0.118676
674.625,0.0674516
1199.2,0.119905
2806.96,0.280561
1241.3,0.124065
1446.61,0.144518
1452.63,0.145148
1236.3,0.12351
1528.76,0.152848
813.784,0.0813683
1188.4,0.118817
1791.91,0.179175
985.474,0.0984904
1469.04,0.146712
1130.61,0.113016
1211.41,0.121067
2456.93,0.245548
1303.28,0.130213
1981.68,0.197984
845.867,0.0843616
2543.39,0.254273
1012.39,0.101235
1510.07,0.150894
1531.91,0.153068
1224.63,0.122191
1273.53,0.127241
1442.36,0.144227
16574.3,1.64445
1441.49,0.143411
1089.74,0.108966
567.039,0.0566282
906.735,0.0905505
1203.71,0.120341
968.944,0.0968642
1425.98,0.142446
1007.33,0.100687
867.101,0.0866225
15412.1,3.95301
697.779,0.0697335
1627.03,0.162619
1789.36,0.178907
2068.45,0.206763
1170.19,0.116974
834.424,0.0834238
1239.72,0.123673
2043,0.204133
1444.76,0.144449
846.411,0.0846364
1767.6,0.176532
841.439,0.0840672
5436.06,0.543431
2592.09,0.25899
2815.29,0.280944
7404.99,0.739369
1329.94,0.13294
1968.21,0.196724
1101.91,0.110166
985.986,0.0984215
2024.61,0.202423
1238.36,0.123831
1248.19,0.124735
3025.23,0.302013
990.42,0.0990364
1577.71,0.157758
758.7,0.0757973
683.047,0.0682362
1229.4,0.122893
1178.69,0.117709
840.653,0.0840198
1950.08,0.194827
858.065,0.0857864
756.26,0.0754685
3634.67,0.363352
651.239,0.0651117
749.935,0.0749865
847.161,0.0846918
893.752,0.0893525
1426.56,0.142582
913.478,0.0912401
552.013,0.0551783
974.212,0.0974129
1060.12,0.106002
894.927,0.089419
757.011,0.0756701
2433.73,0.243253
903.323,0.0902917
2348.44,0.234332
613.49,0.0612713
3139.25,0.313841
961.638,0.0960647
1030.74,0.103056
1492.32,0.149031
1012.7,0.101257
1603.79,0.160214
675.83,0.0675293
1082.44,0.108226
4849.65,0.484509
983.76,0.0980934
1239.78,0.123945
1076.54,0.107633
2916.2,0.289843
1857.5,0.185676
832.628,0.083215
1033.91,0.103344
788.24,0.0787942
1183.45,0.118336
2263.65,0.22608
2697.18,0.269563
1001.5,0.100085
1516.12,0.151493
1149.87,0.114929
1237.77,0.123737
1053.49,0.105306
1555.51,0.155415
624.21,0.0623949
1752.97,0.175255
1088.36,0.108831
913.834,0.0908923
3451.17,0.34478
594.499,0.0594068
714.881,0.0714646
1140.24,0.113989
832.617,0.0832003
889.91,0.0889761
1139.29,0.113921
572.033,0.0571777
1108.12,0.110803
2896.85,0.289471
1502.84,0.150234
3167.56,0.316697
2464.48,0.246148
808.617,0.0808554
2671.9,0.213682
1434.07,0.14338
1641.5,0.163848
1307.68,0.130722
751.437,0.075135
1895.96,0.189304
1081.77,0.108157
804.97,0.0804083
2617.61,0.261575
2414.8,0.241425
1830.9,0.183019
844.452,0.0844198
615.708,0.0615603
2285.43,0.228405
1017.17,0.101584
2255.7,0.225518
2461.36,0.246035
9164.55,0.916037
1157.76,0.115727
996.598,0.0996427
1273.89,0.127376
929.402,0.0928186
7882.73,0.786903
7964.61,0.795962
1495.8,0.148955
687.382,0.0686984
1063.8,0.106279
875.702,0.0875402
1198.89,0.119681
1788.01,0.178744
1762.33,0.17599
3094.44,0.30919
1343.15,0.134287
731.873,0.0731827
1177.71,0.117498
1820.99,0.181952
1808.8,0.180578
1038.08,0.103759
870.086,0.0869491
7674.19,0.766533
2311.09,0.23108
948.204,0.0947663
15346.8,1.53061
1926.04,0.192586
1023.95,0.102347
1145.05,0.114477
1944.3,0.194366
690.427,0.0690389
741.089,0.0740542
954.748,0.0954266
1027.27,0.0994792
1335.01,0.133257
1047.36,0.104728
786.051,0.0785676
1342.4,0.134178
1085.81,0.108574
804.062,0.0803304
777.613,0.0776846
5147.42,0.514478
2154.23,0.215189
1281.77,0.128115
649.538,0.0649454
1589.42,0.158766
1460.79,0.146054
1510.61,0.150988
916.051,0.0915799
585.069,0.0585026
1419.69,0.141954
748.923,0.0748732
3196.67,0.319314
2341.55,0.261103
4248.46,0.423252
873.826,0.0873025
899.379,0.089629
1123.99,0.112394
840.384,0.0839071
2234.43,0.223389
1129.17,0.112894
1763.16,0.176291
1187.84,0.118762
1415.19,0.141512
1859.36,0.185682
857.665,0.0849262
9977.73,0.996364
2213.81,0.221323
735.568,0.073548
964.421,0.0964256
712.127,0.0711857
863.478,0.0860547
1676.95,0.167654
899.33,0.0899198
865.004,0.0864644
3658.7,0.365485
671.663,0.0671475
3657.52,0.365352
1538.76,0.153741
2716.41,0.271376
931.228,0.0930412
1070.57,0.107044
1408.64,0.140851
1878.61,0.187801
1175.34,0.117506
1254.49,0.125432
2888.7,0.288796
2108.77,0.210714
1092.84,0.109216
879.358,0.0879207
1898.9,0.189813
1150.75,0.115062
3415.94,0.340965
1139.66,0.11392
707.723,0.0707443
1431.41,0.143133
1497.66,0.149676
1387.07,0.138617
1446.13,0.144297
849.713,0.0849649
1738.69,0.173765
1105.72,0.110538
731.995,0.0730951
666.754,0.0666352
692.077,0.0691312
839.055,0.0838957
1331.5,0.133117
738.293,0.0738096
1037.31,0.103699
1835.12,0.183293
621.686,0.0621614
1349.39,0.134839
2966.08,0.296492
1076.64,0.107633
2704.74,0.270278
1674.48,0.167381
687.272,0.0687222
848.015,0.0847968
1040.1,0.10398
2638.1,0.263181
2006.28,0.200535
1173.29,0.117257
832.14,0.0832107
1523.21,0.152118
879.447,0.0879377
1787.1,0.178694
1008.63,0.100859
2004.03,0.20009
5543.6,0.55391
1030.46,0.103035
3491.93,0.348895
1217.19,0.121663
1310.36,0.130995
1107.08,0.110639
1577.41,0.157689
1353.83,0.135353
4663.62,0.465888
1043.46,0.104284
1231.7,0.123165
12323.3,1.23069
1037.28,0.103721
2490.52,0.24898
1345.34,0.134507
627.805,0.0627305
1025.77,0.102536
1349.28,0.134909
972.626,0.0972376
3180.2,0.317254
936.04,0.0934538
1565.89,0.156535
1409.54,0.140942
1622.13,0.162174
3035.4,0.303189
777.657,0.0777589
810.931,0.0810715
849.51,0.0849477
1006.89,0.100642
1486.75,0.148655
1082.82,0.108231
897.153,0.0896198
647.491,0.0647133
1048.6,0.104846
769.998,0.0769956
2038.48,0.20323
1241.19,0.124103
817.805,0.0817643
757.349,0.0757207
886.773,0.0886183
2978.59,0.297188
1379.57,0.137918
1364.75,0.136405
1292.78,0.129248
1283.71,0.128237
1937.93,0.193238
8411.26,0.840407
712.833,0.0712633
728.796,0.0728767
1225.17,0.122303
1182.84,0.118252
1297.57,0.129684
587.901,0.0587849
834.805,0.0834207
1240.29,0.123922
2464.79,0.246387
1168.76,0.116836
2437.93,0.243665
822.269,0.0821802
2888.42,0.288662
964.613,0.0963797
975.694,0.0975272
418.18,0.0417889
1468.51,0.146725
1215.38,0.121364
2206.16,0.220495
746.051,0.0745903
2039.71,0.203805
1292.16,0.129032
884.964,0.0884323
1768.3,0.176613
3180.79,0.317808
1141.16,0.114097
2396.56,0.239584
1809.98,0.180892
4628.87,0.462398
1660.87,0.166058
692.771,0.0691769
1610.64,0.161013
1209.93,0.120766
1362.35,0.136168
1096.16,0.109403
782.089,0.0782061
2424.94,0.242418
1327.27,0.132684
1009.49,0.100894
1387.4,0.138693
605.414,0.0604459
1739.7,0.173927
1551.14,0.154945
1374.04,0.136375
978.137,0.0977339
881.01,0.0879253
2459.74,0.245881
699.717,0.0699332
1840.19,0.183663
1502.42,0.150158
854.182,0.0853841
2212.34,0.221183
820.815,0.0820092
4686.89,0.468424
5537.96,0.553265
1136.41,0.113584
2718.47,0.271477
943.629,0.0943308
2435.37,0.24352
2216.91,0.221676
1233.39,0.123307
1134.6,0.113427
909.047,0.090742
938.39,0.0937991
793.388,0.079333
859.709,0.0858214
1342.52,0.134226
972.381,0.0972193
1201.17,0.120097
1303.68,0.13032
772.307,0.0772081
790.587,0.0789793
15115,1.5014
930.912,0.0930849
925.446,0.0924701
1740.08,0.173591
963.673,0.0961853
3066.15,0.306493
2113.25,0.192885
7111.42,0.710908
1712.65,0.171215
766.296,0.0766063
22479.3,2.23093
5081.43,0.507836
1420.54,0.142009
1936.26,0.193601
1086.25,0.108608
2135.32,0.212122
1554.1,0.1554
1686.93,0.168639
1198.59,0.119842
1559.98,0.15511
1095.7,0.109538
1091.94,0.109173
1248.57,0.12478
1433.46,0.143304
1703.35,0.170307
1331.5,0.133122
895.449,0.0894617
1169.6,0.116931
682.989,0.0682964
2331.28,0.233069
715.495,0.0715168
4121.64,0.412001
881.878,0.08818
613.005,0.0612979
1333.21,0.133287
1306.67,0.130648
853.666,0.08533
1861.36,0.186018
932.162,0.0930746
1040.54,0.104015
989.779,0.0989585
1349.23,0.134688
595.82,0.0595695
931.74,0.0929214
571.04,0.057058
4014.02,0.401228
1130.15,0.112955
2085.51,0.208482
2604.3,0.260231
13588.2,1.3582
1872.52,0.187138
680.688,0.0680595
1252.43,0.125235
558.686,0.0558619
757.548,0.0757266
821.372,0.0821052
886.838,0.0886787
1121.24,0.112065
2068.36,0.206815
2075.91,0.207389
1109.9,0.11098
892.193,0.0891114
1313.67,0.131272
931.173,0.0931031
692.679,0.0691493
1283.33,0.128212
1340.36,0.133985
3452.87,0.345036
2181.05,0.218019
680.975,0.0680724
2004.67,0.200459
1291.99,0.129182
984.944,0.0984861
838.06,0.0837984
3249.96,0.324804
1547.68,0.154509
1182.29,0.118195
1324.19,0.132392
679.972,0.0679094
1026.55,0.102644
1018.88,0.101829
799.004,0.0798539
825.857,0.0825799
1490.69,0.148997
2537.44,0.253682
1027.46,0.102613
731.317,0.0730716
2278.51,0.227819
743.865,0.0743287
873.468,0.0873316
1171.31,0.116866
1396.22,0.139543
1916.11,0.191065
1217.92,0.121751
1021.85,0.102167
777.715,0.077753
4813.62,0.481085
4547.39,0.454582
2681.22,0.268075
1012.84,0.101229
1437.53,0.143711
2095.55,0.20908
781.509,0.0781422
1545.68,0.154515
874.907,0.0874828
607.683,0.0607644
936.9,0.0936878
520.629,0.0520275
808.114,0.0807948
912.219,0.0912141
1364.21,0.13641
743.889,0.0743689
1573.7,0.157356
4209.87,0.420871
1217.13,0.121586
1884.55,0.188406
815.636,0.0814678
1069.36,0.106731
1074.25,0.107369
1148.21,0.114801
840.523,0.0840452
818.677,0.0818402
817.636,0.0817258
911.119,0.091058
990.752,0.0990477
1022.86,0.10227
831.031,0.0830513
1719.61,0.171833
2638.23,0.263752
1181.15,0.117971
710.006,0.0706315
887.339,0.0886089
958.492,0.0957981
1818.37,0.181733
1231.47,0.123136
1411.12,0.140947
1036.88,0.10368
1144.77,0.114462
973.899,0.0973547
4657.25,0.464532
1413.43,0.141331
11828.2,1.18175
647.284,0.0647083
982.317,0.0980918
2864.48,0.286375
41921,4.05919
625.521,0.0625476
1386.63,0.138593
1164.36,0.11642
1419.12,0.141832
1274.13,0.127399
876.606,0.0875693
710.079,0.0709805
597.559,0.0596937
1193.76,0.119219
884.978,0.0884776
1050.72,0.105051
1727.11,0.172682
1336.44,0.133627
1262.67,0.12623
1418.2,0.141381
1010.17,0.100995
2613.47,0.261146
3256.24,0.324571
4524.32,0.452038
2075.25,0.207497
1296.92,0.129659
695.74,0.0695344
685.146,0.0684999
1338.32,0.133807
802.845,0.0802704
1311.57,0.131018
452.596,0.0452453
2207.05,0.220579
799.485,0.0799411
1246.52,0.124595
712.87,0.0712769
1217.83,0.121757
3259.35,0.325467
555.565,0.0555384
1589.79,0.158919
4140.71,0.412966
866.199,0.0865443
694.119,0.069398
853.849,0.0853834
1326.27,0.132599
1969.86,0.196917
729.796,0.0729717
1125.92,0.112572
727.029,0.0726434
2111.66,0.210731
920.488,0.0920113
747.183,0.0745567
1559.64,0.155886
963.161,0.096306
985.426,0.0983333
1077.22,0.107715
1978.86,0.197611
1916.02,0.191547
970.601,0.0969879
4975.13,0.497075
1421.79,0.0828297
1716.86,0.171521
1014.93,0.101472
2261.41,0.225955
897.937,0.0897876
1414.29,0.141361
1510.32,0.151005
1001.55,0.100035
1938.95,0.193835
917.524,0.0916532
632.622,0.0632597
1866.22,0.186601
14063.7,1.40438
849.831,0.0849706
850.884,0.0850325
2220.67,0.221964
1549.6,0.154824
1662.87,0.165989
496.223,0.0495048
885.455,0.0885198
1866.77,0.186462
2060.5,0.205918
2164.58,0.216381
1331.18,0.133041
679.772,0.0679716
1381.51,0.137869
2062.32,0.205913
1313.32,0.13132
1373.81,0.137119
1487.18,0.148707
5501.39,0.549717
998.917,0.0998845
2305.18,0.230448
1576.1,0.157597
1406.46,0.140617
1415.94,0.141383
1706.13,0.170557
695.867,0.0695322
1937.13,0.193524
824.383,0.0823845
2019.86,0.20161
1448.24,0.144802
462.544,0.0461629
612.016,0.0611949
905.377,0.0905256
1136.7,0.113645
1515.76,0.151296
680.542,0.0680461
3285.27,0.328227
1449.51,0.14491
633.401,0.0633245
3207.33,0.320644
665.272,0.0664714
4244.28,0.423794
452.543,0.0452421
1569.29,0.156783
1546.58,0.154447
798.363,0.0798306
962.081,0.096191
925.014,0.0924926
1071.05,0.107093
3202.89,0.320222
1744.52,0.174407
1130.57,0.113044
1508.72,0.150798
1474.68,0.147363
936.643,0.0936431
1066.32,0.106619
859.64,0.0857604
968.712,0.0968065
1124.8,0.112306
877.196,0.0877126
678.292,0.0672651
967.369,0.0966158
1464.43,0.145006
1005.86,0.100504
812.979,0.0812724
862.89,0.0860549
695.654,0.0694675
2105.34,0.210483
1539.46,0.153756
1122.28,0.112079
1380.48,0.138026
1271.39,0.127128
735.851,0.0729704
2005.19,0.200493
854.108,0.0685104
14891.3,1.48774
1402.63,0.140191
4293.61,0.429099
2927.67,0.29227
1632.3,0.162285
1127.87,0.112564
925.909,0.0925683
1935.48,0.193257
1070.07,0.106968
683.076,0.0682978
3580.67,0.357805
1319.24,0.13189
937.968,0.0937375
1279.75,0.12788
2021.83,0.202097
1964.31,0.196266
863.708,0.0862049
1087.62,0.108714
1416.95,0.141605
1252.53,0.125239
1041.47,0.10411
4686.32,0.467965
1152.21,0.114974
708.257,0.0707801
1652.03,0.164716
1877.38,0.187612
1679.04,0.167779
794.119,0.0793572
2801.53,0.279617
2789.74,0.278114
1298.69,0.129818
911.692,0.0911616
1083.53,0.108316
2219.78,0.221827
2018.38,0.201694
1244.14,0.124386
649.872,0.064957
2015.31,0.201498
968.026,0.0967152
2395.07,0.239422
559.081,0.055822
820.196,0.0803844
1022.59,0.102241
1284.84,0.128447
1134.9,0.113475
1218.37,0.121821
2179.21,0.216126
759.137,0.0758471
1207.77,0.120751
2055.62,0.205027
1261.36,0.126128
5989.73,0.597994
1012.87,0.101266
856.245,0.0856105
7819.38,6.96313
837.988,0.0837778
732.009,0.0731865
1525.92,0.152571
774.955,0.077466
1777.45,0.177567
1150.22,0.115001
2084.38,0.208403
1886.18,0.188429
1213.5,0.121225
3625.82,0.361977
2283.62,0.22592
2041.31,0.20403
1026.34,0.102588
1325.05,0.132154
1264.96,0.126361
1810.55,0.180974
1657.12,0.165693
3199.65,0.18882
1772.64,0.177256
1209.14,0.120826
953.675,0.0953483
1499.45,0.149842
1426.8,0.142625
6522.27,0.65209
1153.48,0.115323
1258.82,0.12554
811.515,0.0810186
1538.87,0.153667
945.624,0.0945368
927.586,0.0927379
1251.86,0.125111
1425.41,0.142533
2816.67,0.281325
915.823,0.0915706
840.596,0.0840293
1253.15,0.125309
1203.11,0.120252
1050,0.104969
1186.11,0.118573
744.168,0.0743957
2737.08,0.273652
828.511,0.0828037
1014.37,0.101124
761.15,0.0760934
791.586,0.0788465
4183.54,0.41699
886.149,0.0885699
1835.59,0.183451
874.545,0.08742
1466.16,0.146426
1321.09,0.132007
955.351,0.095429
3819.75,0.381703
1237.65,0.1237
707.121,0.0707017
3600.02,0.357542
1129.3,0.112911
1752.64,0.175193
878.129,0.0877913
1040.85,0.104054
2651.52,0.26502
1045.41,0.10445
824.235,0.082402
1141.6,0.114011
1827.89,0.182728
3641.7,0.363741
1296.04,0.12956
4186.47,0.41837
1224.91,0.122467
1129.92,0.112952
2199.04,0.219859
1519.69,0.15188
1343.8,0.134334
939.43,0.0938959
785.461,0.0785352
719.784,0.0719726
1492.42,0.148899
1710.21,0.171015
919.288,0.0919085
2249.37,0.224899
990.224,0.0989839
879.928,0.0878627
2043.08,0.204077
975.782,0.0975302
1826.37,0.182503
2619.13,0.261785
570.805,0.0570696
722.662,0.0721828
852.838,0.08527
1904.02,0.190231
788.781,0.0788732
1217.76,0.121769
876.896,0.0876723
1304.67,0.130451
1056.17,0.105595
1815.92,0.181534
1196.35,0.119609
936.027,0.0935968
1316.73,0.13161
1376.34,0.137586
1497.32,0.1497
1172.09,0.117129
1794.33,0.1793
705.918,0.0705081
569.829,0.0569535
960.529,0.0959915
1298.79,0.129845
3325.32,0.332107
819.084,0.0818896
1716.58,0.171582
2690.44,0.268962
718.66,0.0718607
1252.34,0.125199
712.295,0.0711105
993.125,0.0992826
1973.2,0.19718
1878.25,0.187703
2076.07,0.207029
641.07,0.0640856
929.086,0.0928726
854.042,0.0853989
829.464,0.082867
2550.59,0.254975
1171.11,0.117102
1145.82,0.114569
982.586,0.0982136
1246.01,0.124527
1020.9,0.107032
1316.75,0.131436
1338.15,0.133654
730.086,0.0729974
1520.2,0.152007
1866.48,0.186571
661.719,0.0649417
649.963,0.0649563
1145.64,0.114527
1096.32,0.109419
3212.95,0.320986
1102.16,0.110166
2407.81,0.240618
1662.25,0.165995
1949.83,0.194942
2951.73,0.294984
489.501,0.0488957
926.636,0.0904583
1600.09,0.159844
700.263,0.0699922
1552.37,0.155207
1397.43,0.139659
2284.82,0.228357
1564.47,0.156368
1407.28,0.140564
1161.6,0.116143
925.427,0.0925208
1661.85,0.166079
994.826,0.0993709
1098.89,0.109792
1098.73,0.109867
1085.09,0.108408
880.396,0.0878931
1055.69,0.105521
737.651,0.0737619
1078.67,0.107755
1784.79,0.178464
1455.65,0.145452
7618.57,0.761012
753.435,0.0753421
981.087,0.0980878
771.127,0.0770993
973.233,0.0972144
3002.69,0.300072
1228.18,0.122784
1018.25,0.101807
1462.78,0.145756
849.077,0.0849012
1647.14,0.164589
1260.11,0.125894
1733.18,0.173025
2489.04,0.24886
752.419,0.0751614
918.706,0.0918461
1016.01,0.101493
2431.64,0.242855
684.598,0.0684108
1205.02,0.120494
914.338,0.0911453
570.464,0.0569541
833.631,0.0831555
1771.49,0.177123
3026.91,0.302668
2258.13,0.22573
1703.23,0.169959
1110.86,0.111034
745.644,0.0744506
1432.96,0.143099
1665.09,0.166478
1989.48,0.198926
1071.47,0.107125
1100.89,0.110068
831.31,0.0830959
1530.53,0.153048
3495.22,0.343901
1244.83,0.12439
1260.99,0.126084
2362.35,0.626767
659.989,0.0659527
478.396,0.0478295
1524.52,0.151379
1220.76,0.106625
1862.08,0.186064
16694.9,1.61385
1057.38,0.105717
1569.53,0.156607
1438.82,0.14351
15805.9,1.5757
1813.78,0.181276
1491.06,0.149059
950.421,0.0950293
696.749,0.0693829
757.847,0.0757551
1858.58,0.185815
1214.81,0.121466
794.601,0.0793341
2523.51,0.252157
2367.91,0.236715
2580.03,0.255455
1210.75,0.121061
767.442,0.0767395
1944.39,0.194407
1520.23,0.151884
945.953,0.0945933
709.327,0.0709167
739.475,0.0739151
835.863,0.0835627
1125.42,0.112536
924.628,0.0924488
2445.37,0.244364
942.14,0.0941998
1072.32,0.107214
1596.28,0.15962
983.82,0.0983739
847.437,0.0846917
1083.41,0.107971
859.737,0.0858434
840.061,0.0838854
815.53,0.0815493
1195.69,0.119163
944.886,0.0944825
2141.9,0.214138
1429.94,0.142987
891.441,0.089013
945.076,0.0944433
1301.07,0.130061
1499.05,0.14989
1339.35,0.133916
1485.8,0.148554
771.663,0.0771561
1654.96,0.165302
973.022,0.0971218
1077.35,0.107712
1361.66,0.136146
897.001,0.0893825
875.603,0.0875349
1242.7,0.124103
1158.87,0.115885
1224.01,0.122377
572.997,0.0572102
1066.63,0.106643
1372.36,0.137216
1130.93,0.112654
1167.31,0.116698
2055.65,0.205509
777.658,0.0777235
1030.31,0.103011
1101.65,0.110133
1154.61,0.115428
1442.16,0.142899
668.908,0.066885
1352,0.13518
2028.46,0.202075
1626.93,0.162649
1775.35,0.177504
688.839,0.0688764
1076.46,0.107609
653.954,0.0653884
925.165,0.0925049
2079.58,0.207307
1107.4,0.110727
1143.2,0.114315
807.485,0.080729
1211.18,0.121106
1174.03,0.117309
1134.24,0.113304
771.816,0.0767336
2027.19,0.202589
1816.61,0.181447
827.273,0.0826916
946.353,0.0946277
1269.56,0.126769
1307.6,0.129646
1415.85,0.141408
1952.24,0.195142
1279.89,0.127981
1157.43,0.11563
3555.89,0.355155
731.948,0.0731795
1088.33,0.108813
955.514,0.0955481
1206.34,0.120625
1321.48,0.132079
2695.39,0.269466
1552.45,0.155199
728.694,0.0728665
882.614,0.0882534
1874.36,0.187366
751.915,0.0751817
3176.69,0.317199
2720.18,0.271928
1019.58,0.101889
1492.09,0.148891
1147.12,0.114697
1274.3,0.127406
668.885,0.0668856
1040.41,0.103964
3891.95,0.388805
1161.78,0.116035
1601.67,0.160011
1450.02,0.144944
1215.47,0.12154
3738.37,0.373765
1423.84,0.142278
765.076,0.0744864
965.524,0.096541
1579.7,0.157957
982.615,0.0980928
741.784,0.0741695
1545.94,0.154482
1177.07,0.117701
728.061,0.0727806
1776.99,0.177612
879.833,0.0879477
922.283,0.0904555
6285.43,0.627311
739.887,0.0739387
1717.1,0.171426
820.126,0.0819909
3116.12,0.311394
1085.33,0.108473
1007.31,0.100707
1242.43,0.124065
900.707,0.0900604
998.415,0.0998165
1503.44,0.150275
2721.73,0.271244
1163.73,0.116358
11142.9,1.11052
1122.38,0.112184
2024.05,0.20229
1511.49,0.151132
1241.89,0.124141
2128.7,0.212625
926.914,0.0926673
571.658,0.057153
1234.35,0.123411
1109.64,0.110907
2718.34,0.271487
1527.84,0.152763
1231.19,0.123075
688.709,0.0688494
810.399,0.0810297
1019.01,0.101849
2073.89,0.207319
588.674,0.0588002
1387.18,0.138612
1159.79,0.115836
667.971,0.0667227
1363.3,0.136288
10436.7,4.21016
895.85,0.0895625
1955.01,0.195352
1552.69,0.155179
916.945,0.0916727
2111.89,0.211169
2474.25,0.246939
1113.73,0.111354
1121.65,0.11214
1999.36,0.199911
845.959,0.084518
1261.48,0.12606
1090.38,0.108501
1363.46,0.136276
728.578,0.0727447
1265.4,0.126525
1014.6,0.101413
4974.07,0.496707
1208,0.120716
934.125,0.0933952
1872.57,0.187209
1558.21,0.155757
1177,0.117656
654.172,0.0653938
1172.61,0.117202
1945.84,0.194553
2075.08,0.20748
1014.84,0.101402
722.429,0.072202
669.039,0.0668974
1010.4,0.101028
1298.22,0.129724
794.955,0.0794678
1256.39,0.125594
1454.33,0.14543
815.806,0.081559
1433.87,0.143289
1118.55,0.111719
1770.07,0.176904
980.525,0.0980363
876.024,0.0874346
1171.06,0.117069
2806.81,0.280637
1359,0.135787
914.877,0.0914423
1153.51,0.115231
10353.2,3.60236
795.005,0.0794332
11663.2,1.16085
666.6,0.066628
2077.58,0.207645
1866.14,0.186041
1287.83,0.128694
440.229,0.043947
1040.81,0.104068
1768.32,0.176814
1450.93,0.144803
1320.42,0.132027
1377.43,0.137738
850.138,0.0849903
1964.45,0.196368
1077.38,0.107579
1606.96,0.160645
2952.21,0.295174
2040,0.203842
793.841,0.0812384
683.503,0.0683309
910.496,0.0909904
2244.41,0.22439
1660.26,0.165945
1410.41,0.14099
779.082,0.0778755
1036.94,0.103687
2553.99,0.255369
1256.85,0.125367
1269.65,0.126909
554.131,0.0553537
1672.63,0.167149
1802.55,0.18013
925.028,0.0924585
785.443,0.0785409
1616.76,0.161616
976.308,0.0976252
737.448,0.0736378
1280.72,0.127859
1021.88,0.102129
1703.47,0.170276
1324.9,0.1323
1370.06,0.136911
631.068,0.0630818
1152.53,0.115202
1802.59,0.180215
989.727,0.098964
1810.72,0.181029
875.631,0.0875261
1115.25,0.111512
2863.4,0.286214
1857.3,0.184763
2041.82,0.203991
681.021,0.0680834
1086.25,0.108559
2475.35,0.247369
1489.85,0.14877
1036.92,0.10366
598.223,0.0597934
1408.24,0.140761
2181.21,0.166722
1982.67,0.198217
656.433,0.0656326
1131.99,0.113101
780.986,0.0780791
1597.03,0.159695
3298.83,0.329812
1211.03,0.121088
1531.95,0.153174
1083.44,0.108164
1343.07,0.134258
3337.6,0.333528
1412.56,0.14122
3719.32,0.371229
1187.67,0.118733
829.09,0.0828394
1826.94,0.182525
551.563,0.0551478
1493.39,0.149254
1015.63,0.10155
1123.88,0.112123
2074.87,0.207329
952.287,0.0952214
4354.83,0.43525
662.014,0.0661866
3145.8,0.31433
2276.31,0.22757
917.945,0.0917705
1037.43,0.10372
944.96,0.0944281
961.755,0.0961647
1154.63,0.115455
2541.39,0.253964
1198.29,0.11975
842.823,0.0842217
1953.52,0.195272
871.113,0.0866233
722.101,0.0721903
1221.32,0.117307
925.161,0.0924164
851.022,0.0850975
1612.85,0.161215
1103.81,0.110375
1904.39,0.190282
2112.85,0.211175
1340.67,0.133975
1116.47,0.111638
1133.52,0.113284
1457.58,0.145696
1063.71,0.106353
2733.58,0.27328
1878.88,0.187823
1463.6,0.146353
5431.29,0.541552
911.196,0.091087
8118.58,0.809209
714.666,0.0714572
1145.5,0.114539
3760.15,0.37576
1060.5,0.106047
1043.89,0.104346
1005.37,0.10053
1301.79,0.130143
794.783,0.0794591
1485.16,0.148466
1717.37,0.171676
1331.82,0.133169
1944.05,0.19437
3173.34,0.317195
3813.62,0.380917
1193.65,0.119355
970.882,0.0970474
1332.16,0.131345
2227.31,0.222707
930.625,0.0929668
637.91,0.0637858
1091.58,0.108255
1328.67,0.13285
960.625,0.0958057
700.695,0.0700629
1042.41,0.104201
1642.11,0.164176
3713.78,0.371276
1108.43,0.110826
1001.8,0.100089
22350.4,2.22095
1275.12,0.127474
1068.11,0.106806
979.64,0.0976553
3043.08,0.304253
871.201,0.0870815
858.732,0.0858277
1347.4,0.134723
2582.93,0.258062
2625.26,0.262303
1033.9,0.103356
1265.43,0.126497
819.413,0.0819387
2424.28,0.242143
8464.64,0.844681
1770.52,0.176921
1366.12,0.136467
735.066,0.07333
776.45,0.0776329
2125.35,0.212164
896.261,0.089594
3333.4,0.332532
1939.03,0.193834
1501.49,0.150108
847.353,0.0845923
1600.49,0.15969
1213.4,0.121258
1285.1,0.128433
2265.6,0.220529
1734.24,0.173131
1331.46,0.133132
1429.84,0.142978
1093,0.109288
1890.21,0.187568
1657.11,0.165561
5467.02,0.546173
865.857,0.0864826
878.291,0.0877858
1244.99,0.124456
699.283,0.0699177
953.503,0.0953364
1080,0.107988
683.699,0.0683611
890.587,0.0883917
2791.47,0.279092
468.932,0.0468865
1035.91,0.103542
2989.95,0.2982
3107.62,0.310651
1127.39,0.112723
2106.36,0.210584
2642.06,0.264017
1030.59,0.103027
1326.86,0.132534
1447.23,0.14452
747.435,0.0747375
782.057,0.0781996
790.624,0.0789464
1330.82,0.132857
1658.11,0.165596
1640.12,0.163927
1291.64,0.129142
1031.3,0.103108
723.814,0.0723743
1453.07,0.1453
1414.25,0.140096
949.917,0.0949785
1028.55,0.102831
1622.01,0.162185
1385.4,0.13847
707.309,0.0706383
1050.83,0.105064
832.439,0.0832084
1365.2,0.136017
1886.44,0.188592
1422.99,0.142285
977.628,0.0976496
1040.62,0.104057
2194.81,0.219399
3195.06,0.319281
1374.6,0.137383
2412.72,0.241078
945.418,0.0944743
1369.13,0.136895
1675.32,0.167384
530.656,0.0530447
1235.11,0.123377
1607.81,0.159531
1091.24,0.109108
1095.09,0.108907
3196.42,0.319385
1377.44,0.137699
1422.23,0.1422
3282.13,0.328117
902.993,0.090286
986.631,0.0986416
969.69,0.0969337
926.988,0.0926613
2990.39,0.298883
1099.22,0.109902
1505.95,0.150534
815.977,0.0815889
4086.95,0.408363
2233.47,0.223271
3506.61,0.35045
1223.53,0.12229
1383.98,0.13836
950.825,0.0948832
544.066,0.0544042
986.659,0.0984292
2238.48,0.223746
3876.63,0.38726
854.757,0.0854451
1063.41,0.10628
1840.68,0.183485
967.137,0.096704
2806.39,0.280518
1034.28,0.103422
2848.67,0.28481
1625.62,0.162495
1341.35,0.134027
2423.33,0.241999
589.744,0.0589535
1006.65,0.100654
1443.21,0.144305
520.122,0.0519903
1186.75,0.118572
1287.11,0.128681
1589.21,0.15863
1890.79,0.188977
1191.87,0.119109
1586.29,0.158036
864.144,0.0863908
1061.99,0.106145
1572.67,0.156891
1525.09,0.152471
3509.88,0.350874
1331.48,0.13304
955.83,0.0955621
672.89,0.0672806
1261.27,0.126116
1862.66,0.186197
686.167,0.0686012
938.278,0.0937218
891.969,0.0891677
1618.22,0.161804
1979.81,0.197898
1063.45,0.106331
1054.75,0.105422
1068.13,0.106759
1686.7,0.168654
2221.75,0.221931
964.855,0.0964563
3967.05,0.395242
844.452,0.084403
510.908,0.0510889
3025.99,0.302061
2979.52,0.297822
845.158,0.084462
1773.8,0.177265
443.349,0.0442761
978.654,0.0977649
819.755,0.0819701
1027.83,0.102776
704.58,0.0704248
1061.22,0.106115
1173.69,0.117335
1397.25,0.139574
2805.87,0.280443
7929.34,0.791866
709.286,0.070915
978.778,0.0978362
1022.44,0.102233
3117.29,0.311406
948.246,0.0947966
3469.8,0.346718
1061.77,0.106159
2254.13,0.225395
1126.46,0.112619
1561.68,0.156101
1682.74,0.168193
5070.72,0.506026
1723.56,0.172294
1107.46,0.110728
1005.97,0.100485
1977.29,0.197625
1059.51,0.105874
1711.73,0.171107
857.445,0.0857427
923.264,0.0923191
1192.33,0.119227
6154.96,0.615119
565.256,0.0564936
3036.25,0.303452
1661.98,0.16611
1446.68,0.144432
1043.15,0.104309
718.82,0.0718354
971.779,0.0971658
1197.22,0.119531
1222.68,0.122222
838.329,0.083767
1179.55,0.117908
785.383,0.0785316
1846.82,0.184662
984.123,0.0983705
2217.74,0.221562
1023.58,0.102288
2936.22,0.293507
976.696,0.0976544
1237.79,0.123647
1559.32,0.155922
1039.67,0.103945
1610.86,0.160993
1029.31,0.102912
7672.83,0.69271
1628.28,0.162701
2033.03,0.203185
1819.48,0.181762
1402.65,0.140111
1136.44,0.113629
1801.18,0.180042
647.482,0.0646838
1057.58,0.105671
1714.11,0.171355
728.678,0.0728412
4935.42,0.491918
1814.85,0.179069
1141.97,0.114154
946.641,0.0946181
2869.79,0.286273
827.353,0.0826904
1522.75,0.152229
1596.97,0.159618
1464.66,0.146401
1317.32,0.131681
1036.99,0.103679
2217.93,0.22163
621.588,0.0621381
1371.93,0.136968
1831.18,0.182971
5454.61,0.545099
757.282,0.0756968
759.506,0.075912
779.749,0.0779429
1439.38,0.143874
2074.72,0.207298
986.952,0.0985517
797.886,0.0797252
2053.24,0.205228
724.106,0.0722244
1065.03,0.106491
1156.54,0.115625
1228.39,0.122787
1038.65,0.103833
766.195,0.0766005
1634.04,0.163366
1981.61,0.197876
989.562,0.0989419
844.95,0.0844908
881.407,0.0881025
811.313,0.0811169
2243.37,0.224305
686.43,0.0686218
1103.83,0.110367
1377.56,0.137738
2541.29,0.254016
1416.39,0.141623
1223.3,0.122192
1052.35,0.105215
1781.96,0.178134
927.405,0.0927154
938.829,0.0937803
811.666,0.0811304
918.387,0.0918127
682.777,0.0680345
924.86,0.092478
824.99,0.0824754
1127.27,0.112686
657.677,0.0657428
771.203,0.0771178
926.29,0.0925358
3443.85,0.344327
958.195,0.095667
1072.12,0.107174
866.491,0.0866225
1166.1,0.116586
915.239,0.091515
2218.21,0.221782
2402.21,0.240128
21410.3,2.12675
1118.91,0.111777
1126.38,0.112627
620.345,0.0620341
1685.04,0.168379
2491.4,0.249105
1102.45,0.110131
28502.1,2.83675
1366.09,0.136424
1331.43,0.133067
1442.84,0.144198
1327.24,0.132695
931.93,0.0931825
2110.08,0.210951
1092.6,0.109218
1235.73,0.123539
2606.88,0.260482
1193.39,0.119295
2642.21,0.264027
1647.36,0.164654
1230.27,0.122823
11995.2,1.19809
2839.74,0.28363
456.702,0.0456413
761.776,0.0761723
1020.66,0.102023
2355.81,0.235559
2268.36,0.226623
794.902,0.0794839
3030.79,0.303062
980.636,0.0980475
1393.35,0.139182
1545.33,0.154158
976.197,0.0974304
876.531,0.0876404
1306.83,0.130485
805.554,0.0805374
894.884,0.0894033
45472.7,4.76799
972.978,0.0966856
682.82,0.0677785
605.194,0.0604908
889.034,0.0888924
2181.09,0.218048
774.157,0.0773947
923.383,0.0922912
2000.37,0.200023
1457.86,0.145603
1448.19,0.144793
1849.5,0.1849
1897.27,0.189291
1115,0.111435
595.136,0.0594678
2610.8,0.26062
3945.89,0.394381
2093.76,0.209347
818.574,0.0818294
1023.3,0.102316
1033.33,0.103281
1021.93,0.102166
1354.37,0.135412
1459.85,0.145977
2357.36,0.235601
1140.77,0.114032
752.923,0.0752139
916.062,0.0915972
726.652,0.0725934
553.61,0.0553382
2241.86,0.224091
863.806,0.0863577
853.842,0.0853241
1042.86,0.104216
544.481,0.0544445
390.837,0.0390712
1636.21,0.163496
860.98,0.0860752
2038.95,0.203767
2736.97,0.273591
1763.4,0.176193
1775.08,0.177439
3401.97,0.339736
868.419,0.0867339
731.764,0.073089
896.924,0.0896763
1933.39,0.191998
810.286,0.0810189
842.108,0.0842013
885.591,0.0885469
2609.7,0.260921
2075.77,0.207502
871.95,0.0867921
1095.16,0.109471
1271.04,0.126989
1150.62,0.115032
1265.43,0.126516
1040.13,0.103964
730.686,0.0730433
1907.98,0.190748
1061.2,0.106084
1385.62,0.138547
1263.9,0.126364
1708.53,0.170807
1925.65,0.19252
1121.11,0.11208
1229.22,0.122769
2190.15,0.21896
3496.26,0.349478
3539.35,0.350178
1394.99,0.139286
1373.22,0.137303
2303.99,0.230311
1133.52,0.113314
2017.62,0.201681
2178.58,0.217833
1001.55,0.100142
1147.72,0.114691
2505.92,0.250374
9263.3,0.92417
616.129,0.0615803
1046.24,0.104558
946.721,0.0946382
980.581,0.098034
1298.76,0.129856
699.913,0.069973
1422.95,0.142277
1583.7,0.158182
2011.39,0.200721
1029.79,0.102921
1334.37,0.133363
1473.95,0.146997
2682.98,0.268005
1106.16,0.11059
640.253,0.0640204
940.042,0.0939692
2860,0.285605
1052.56,0.105209
1511.77,0.151121
3634.72,0.3633
1818.88,0.181605
1596.03,0.159577
958.718,0.0958648
2862.82,0.28597
1157.45,0.11573
1293.66,0.129349
670.716,0.0670565
1685.93,0.168115
1030.46,0.103025
1802.74,0.180234
763.336,0.0763065
2601.05,0.259707
1761.85,0.176116
775.906,0.0775801
866.749,0.0866644
3179.75,0.317865
1604,0.160353
1421.06,0.141939
2366.93,0.236208
1110.19,0.110895
1512.05,0.151136
6953.35,0.69477
2266.17,0.226426
8364.43,0.834696
2902.96,0.290261
1489.43,0.148821
1375.77,0.137531
1939.58,0.193877
2251.47,0.22514
903.602,0.0903416
840.294,0.0840148
849.386,0.0847854
1347.52,0.134711
2068.56,0.206716
1092.89,0.109246
1188.03,0.118758
2279.29,0.226999
1150.99,0.115028
1608.4,0.160829
1105.51,0.110534
2698.35,0.269688
646.948,0.0646852
1216.17,0.121603
1267.04,0.126503
5085.11,0.507909
1129.24,0.112744
1769.96,0.176683
664.234,0.0663054
806.882,0.0806764
804.738,0.080457
1938.89,0.193678
2011.02,0.201028
4986.26,0.498451
1435.27,0.1435
899.513,0.0899061
963.504,0.0962891
874.455,0.0874171
1986.24,0.198462
1387.39,0.138727
840.543,0.0840395
1133.7,0.113351
700.278,0.0699761
871.181,0.0871131
1080,0.107951
3984.04,0.398258
1465.02,0.146485
1197.31,0.1197
917.854,0.0917317
1227.15,0.12266
922.804,0.0922264
980.272,0.096972
1401.93,0.140165
1165.71,0.115936
1142.84,0.114224
878.615,0.0878255
897.967,0.089587
1015.41,0.101322
1022.39,0.102215
632.844,0.0632736
725.918,0.072581
1240.53,0.123967
1311.29,0.130994
951.737,0.0949239
1080.59,0.107949
1340.44,0.134003
2014.94,0.201349
655.908,0.0655876
614.555,0.0614173
1704.01,0.170112
843.342,0.0843156
839.472,0.0838757
1787.42,0.178703
2183.6,0.217788
943.833,0.0943377
1047.4,0.104715
803.242,0.0800122
738.371,0.0737375
1097.56,0.109392
1401.65,0.140071
576.555,0.0576438
1581.99,0.158131
909.803,0.0909715
564.695,0.0564649
633.082,0.0632931
1226.02,0.122544
1097.46,0.109655
513.448,0.0513253
1125.02,0.112499
1260.7,0.12595
2965.4,0.296442
1452.72,0.145037
832.753,0.0832562
1037.49,0.103733
7296.7,0.72871
2294.72,0.229443
3277.6,0.326126
609.06,0.060767
1691.25,0.169106
2399.64,0.239904
2251.72,0.22501
771.459,0.0771388
966.729,0.0966376
1201.18,0.120096
2532.21,0.253075
809.257,0.0809242
967.182,0.0966752
3142.89,0.303473
781.645,0.0781537
1224.33,0.122398
1488.84,0.148763
1309.13,0.130824
606.927,0.0606604
1553.52,0.155286
3251.36,0.324625
690.329,0.0690035
1077.19,0.107697
2048.43,0.204697
1081.07,0.108085
2135.8,0.213531
1425.6,0.142494
1356.38,0.135596
2311.53,0.231109
1036.65,0.103643
2047.23,0.204699
3176.56,0.317588
6298.11,0.629489
1947.51,0.194741
998.592,0.0998372
2896.95,0.288909
1148.52,0.11483
1126.23,0.112569
1030.39,0.103009
1777.4,0.177674
8144.02,0.813832
4313.47,0.43124
1248.56,0.124691
1115.05,0.11148
11267.8,1.1262
2521.47,0.251945
653.633,0.0653498
746.921,0.0746853
1399.75,0.139931
1188.23,0.118782
1554.03,0.155397
1499.06,0.149689
1638.67,0.163747
6183.22,0.614969
929.245,0.0928998
836.239,0.0835804
1302.29,0.130184
872.457,0.0872085
5578.79,0.557077
1111.2,0.111109
1545.82,0.154578
1064.2,0.106397
12794.8,1.27556
1422.03,0.142168
992.679,0.0992432
878.162,0.0877801
1134.2,0.11338
1317.67,0.131744
1746.09,0.174508
2219.82,0.219978
879.208,0.0876071
556.267,0.0556051
1009.26,0.100886
956.398,0.0956254
1478.2,0.147544
1913.91,0.191358
2057.24,0.205642
812.901,0.0812072
6175.58,0.616617
1003.13,0.100268
1745.61,0.174533
1769.78,0.176917
1197.49,0.119695
406.08,0.0404588
867.663,0.0866787
1788.21,0.178711
1115.67,0.111535
1175.94,0.117497
2415.55,0.241497
827.293,0.0827188
9888.93,0.987894
1705.91,0.170526
1159.45,0.114911
844.091,0.0843862
754.696,0.0754258
1860.75,0.185987
1449.38,0.14474
2918.91,0.29161
1440.38,0.143912
2231.91,0.223059
838.503,0.0838246
730.711,0.0730281
879.94,0.0879718
1595.29,0.159503
691.543,0.0685897
1422.15,0.142047
1035.73,0.103557
1848.3,0.184811
1108.81,0.110782
1046.4,0.104283
1792.27,0.179177
1150.12,0.114996
1912.82,0.191106
1501.65,0.150086
1259.25,0.125699
866.404,0.0865701
2308.63,0.230028
1393.85,0.139356
803.942,0.0803833
832.101,0.0831995
799.477,0.0798663
1931.43,1.30329
1441.72,0.144054
1001.98,0.100019
1016.48,0.101474
825.37,0.0825103
1664.94,0.166309
890.837,0.0890654
1490.15,0.148982
1571.93,0.157173
2460.15,0.245539
992.509,0.0992233
4344.73,0.433816
1140.05,0.113487
2419.68,0.241876
1625.63,0.162353
1695.27,0.169453
1236.19,0.123455
1993.39,0.199123
1237.64,0.176001
876.148,0.0875637
1063.39,0.106325
633.797,0.063354
1140.46,0.113934
1722.81,0.172168
2233.32,0.223284
857.222,0.085626
9927,0.992165
931.443,0.0927979
2185.6,0.218453
23921.8,2.3743
849.21,0.0849176
2457.54,0.245601
814.842,0.0814743
743.427,0.0743338
1359.37,0.135443
1233.41,0.123313
1209.87,0.120927
892.305,0.0890422
1190.08,0.118978
2281.72,0.227984
1592.43,0.159231
767.298,0.0767006
1050.28,0.105009
1493.31,0.149176
1465.81,0.146557
1742.7,0.174252
821.648,0.0821194
836.661,0.0836408
858.508,0.085829
2693.86,0.26923
2039.78,0.203452
1309.56,0.130419
852.667,0.0852484
2302,0.230099
832.593,0.083183
1078.45,0.106403
947.256,0.0946949
1012.52,0.10119
1262.44,0.126149
6150.56,0.612938
1647.66,0.164635
921.138,0.0920913
1063.13,0.106264
1697.38,0.169686
1018.24,0.101768
898.576,0.0898512
2922.42,0.292172
5797.21,0.578611
1100.45,0.110036
6638.16,0.662514
12816.6,1.28089
1654.85,0.165462
1002.86,0.100222
1141.68,0.113988
991.718,0.0979453
1215.18,0.121498
2855.39,0.285406
1832.1,0.183126
831.102,0.0830668
3590.66,0.358371
911.21,0.0911176
2090.35,0.208995
1571.76,0.156383
1733.58,0.173264
1405.93,0.140588
899.689,0.0898226
1024.45,0.102399
1282.41,0.128209
2226.91,0.222582
607.914,0.0607875
2437.82,0.243741
1982.27,0.197585
1013,0.101297
2500.98,0.250019
1821.6,0.18176
1103.06,0.110177
1236.69,0.123662
1223.4,0.122309
1646.2,0.16461
1198.88,0.119815
4836.34,0.483147
762.197,0.0761545
1971.47,0.197019
917.967,0.0917833
1831.47,0.183094
1086.11,0.10855
3492.05,0.349115
2146.54,0.214303
1144.19,0.114407
552.939,0.0552796
1672.5,0.166746
780.697,0.0780317
1144.58,0.114412
1298.43,0.129819
910.034,0.0909241
1962.29,0.196115
882.094,0.0881951
1381.35,0.138017
2795.41,0.279486
2368.34,0.236809
1613.23,0.161235
2677.41,0.267536
1263.15,0.126307
1811.12,0.180691
901.787,0.0901108
2653.48,0.265291
1803.94,0.180139
921.874,0.0921106
1015.85,0.101558
2302.12,0.230168
1475.87,0.147585
1395.83,0.139576
1506.86,0.150372
1181.98,0.118184
1196.79,0.119635
1268.84,0.126855
1581.86,0.15814
814.584,0.0814533
1685.38,0.168263
1776.22,0.177612
2178.86,0.216787
1055.74,0.105312
1449.49,0.144846
5087.03,0.508318
2206.53,0.220445
1989.68,0.198914
3285.73,0.328479
1278.95,0.127864
1186.61,0.118555
1127.35,0.112714
1429.47,0.142921
1379.49,0.13789
3182.16,0.318147
850.335,0.085002
683.848,0.068364
1207.85,0.120656
895.003,0.0894472
2495.42,0.249479
1014.13,0.101389
1422.19,0.142205
1992.62,0.199167
1008.2,0.100769
3736.82,0.373321
684.477,0.0684107
2616.14,0.260944
1443.62,0.144295
923.376,0.09226
1063.32,0.106067
1752.17,0.174611
1065.86,0.106572
1654.7,0.165438
1678.58,0.167769
2395.47,0.239497
1456.09,0.145553
718.746,0.0718567
704.301,0.0704233
3336.03,0.333462
1417.77,0.14169
1067.27,0.106715
1541.43,0.154049
1702.41,0.170223
1212.32,0.121172
3644.64,0.364404
2166.07,0.21658
1417.16,0.141689
1655.47,0.165512
1723.61,0.17235
626.391,0.0626198
1007.62,0.10068
1648.33,0.164775
486.749,0.0486702
4013.67,0.401316
2048.98,0.204821
1394.09,0.13934
1361.96,0.136117
7131.19,0.711582
1895.96,0.189563
1612.54,0.161244
1089.83,0.108704
679.31,0.0679023
1015.89,0.101504
803.424,0.0800473
1123.7,0.112123
1087.11,0.108619
1546.71,0.154597
566.56,0.0564028
1158.62,0.115787
1364.36,0.136397
1377.22,0.137684
1408.69,0.140838
1205.61,0.120553
3102.77,0.31016
1221.71,0.122078
837.404,0.083685
1746.69,0.174597
1012.82,0.101274
1394.57,0.1394
2106.32,0.210536
1892.36,0.188753
1014.71,0.101402
1237.27,0.12368
1080.51,0.107954
819.166,0.0818897
1576.15,0.157576
818.659,0.0818059
1203.52,0.120339
836.239,0.0835843
1069.29,0.106924
914.779,0.0911735
1882.43,0.188131
806.605,0.0806506
935.987,0.0935841
2412.46,0.241177
7753.96,0.774431
641.435,0.0641264
3723.8,0.695803
10644.6,1.05828
848.909,0.0848787
1184.56,0.118397
594.453,0.0593352
951.735,0.0951386
920.829,0.0920677
914.807,0.0910982
750.706,0.075005
2629.95,0.26283
2054.52,0.205389
1185.9,0.118578
1783.8,0.178276
1037.27,0.103664
574.157,0.0574062
645.382,0.0644355
773.301,0.0772768
1146.02,0.114557
1178.11,0.117709
997.608,0.0997466
812.429,0.0812308
908.307,0.0908282
906.033,0.0905219
1393.54,0.139293
1228.83,0.122859
618.164,0.0618105
1990.25,0.198671
990.025,0.0989955
1116.36,0.111141
1319.38,0.131766
828.791,0.0828533
1156.51,0.115069
1101.92,0.110129
1062.51,0.106223
898.126,0.0896075
547.525,0.05475
1233.43,0.123298
848.499,0.0848412
992.877,0.0992129
3342.02,0.333899
688.456,0.0687088
1646.29,0.164459
1027.94,0.102429
2264.77,0.226429
1300.38,0.129938
1006.88,0.10064
3553.06,0.35501
1456.18,0.145569
1161.11,0.116024
13458.9,1.34242
844.131,0.0844072
860.962,0.0860135
1627.08,0.162656
2654.76,0.265304
1750.88,0.174942
11022.2,1.09627
11710.3,1.16825
3239.69,0.323787
762.894,0.0762867
1117.13,0.111682
907.113,0.0906951
1147.2,0.114687
1324.8,0.132274
1081.06,0.108022
5346.86,0.534552
5590.39,0.244541
1687.58,0.168682
946.633,0.0909294
593.041,0.0592779
725.062,0.0724686
4290.04,0.428648
2102.94,0.210222
757.022,0.0756966
766.504,0.07664
1623.75,0.162319
2410.9,0.240037
902.848,0.089939
1222.01,0.122166
1070.07,0.106933
1230.92,0.123073
1410.73,0.141042
1144.93,0.114472
863.497,0.0863191
1205.66,0.120448
1065.32,0.10651
1169.82,0.116953
5748.56,0.574781
6700.03,0.669569
1071.33,0.107128
1939.54,0.193914
1521.79,0.152152
1180.15,0.117151
1786.47,0.178554
846.835,0.0846673
1776.81,0.177656
515.073,0.0514504
9720.31,0.966401
1106.3,0.110612
640.597,0.0640246
1552.91,0.154005
2316.32,0.23155
3795.15,0.37924
942.525,0.0942321
5036.62,0.502564
1273.55,0.126975
1144.36,0.114423
1424.05,0.14238
672.151,0.0671051
864.404,0.0864254
693.319,0.0693074
2631.95,0.263101
1022.22,0.102212
4004.08,0.400164
938.617,0.0938351
552.719,0.0552648
1359.15,0.135885
961.522,0.0960558
1585.1,0.158438
1478.13,0.147787
1912.23,0.191161
1159.6,0.115918
1040.37,0.10366
1674.4,0.167361
1636.47,0.16168
795.638,0.0795356
5070.29,0.506794
721.136,0.0718453
880.279,0.0879312
675.16,0.0675085
4493.98,0.448859
909.848,0.0909794
953.467,0.0952554
1888.81,0.188801
1671.87,0.166677
1048.46,0.104747
1182.95,0.118268
1388.31,0.13869
1258.49,0.125795
2866.23,0.286341
1131.68,0.113118
1303.05,0.130288
900.456,0.0899828
1221.34,0.122072
605.595,0.0605544
741.537,0.0741047
9395.67,0.938509
1503.02,0.150166
714.641,0.0713807
1151.75,0.115172
1289.19,0.12884
5477.53,0.547104
1397.28,0.139091
3157.69,0.315454
1789.79,0.178811
1004.12,0.100402
1021.66,0.102126
3390.78,0.33892
951.981,0.0951773
952.04,0.0951583
2001.75,0.20011
634.289,0.0634219
1270.29,0.126999
2902.9,0.290232
1673.24,0.167268
1523.3,0.15231
1027.73,0.102641
4385.01,0.437688
729.401,0.0728574
813.304,0.0813097
4465.73,0.446164
1685.86,0.168542
1015.69,0.101552
892.65,0.0892148
1831.12,0.182816
2001.47,0.199979
1375.76,0.13757
2170.35,0.216472
3923.48,0.391933
981.349,0.0981333
1393.91,0.139258
1251.52,0.125105
1076.99,0.107629
2353.15,0.228999
1328.92,0.132881
997.239,0.0991143
332.127,0.0332097
3173.79,0.31729
1026.7,0.102654
1338.64,0.133784
1353.8,0.135348
936.455,0.0935902
5923.34,0.591891
1971.11,0.197094
719.233,0.0719157
20179.5,1.98892
861.867,0.0860433
1263.62,0.126349
2064.91,0.206405
710.7,0.0710654
1420.85,0.141896
1193.61,0.119336
805.601,0.0804998
1915.97,0.191354
750.477,0.0750248
1591.16,0.158316
868.295,0.0867684
1442.76,0.144238
1982.84,0.197459
2225.1,0.222107
653.502,0.0653239
1372.02,0.137182
997.311,0.0997271
1608.27,0.160539
1163.59,0.116349
1296.22,0.129539
582.812,0.0582683
2142.53,0.214076
20637.1,2.05515
1902.75,0.190225
1867.44,0.186705
987.272,0.0986982
1164.29,0.116364
496.392,0.0496112
1045.4,0.10432
1329.25,0.132912
1183.56,0.118299
1199.43,0.119928
860.968,0.0860416
2221.1,0.222058
675.618,0.0675551
1093.66,0.109257
1279.1,0.127637
1255.09,0.125463
972.761,0.0972521
1373.8,0.137359
1490.12,0.148967
7860.95,0.783806
821.373,0.0821344
1134.75,0.11345
2828.88,0.282695
4323.12,0.431276
1594.46,0.159301
2659.12,0.265863
1731.97,0.173028
816.888,0.0816624
974.969,0.0974602
1404.29,0.140403
1014.52,0.101299
1502.43,0.15016
625.804,0.0625636
1406.56,0.140601
2231.89,0.22151
1681,0.168059
1019.6,0.101938
1904.29,0.190412
3936.6,0.392692
2401.62,0.240002
1589.3,0.158822
1439.38,0.143493
2439.49,0.243712
1318.29,0.131813
878.707,0.0878448
2152.51,0.215112
1661.42,0.166137
724.855,0.0721454
982.73,0.0982521
1097.67,0.109744
820.01,0.0819715
674.479,0.0673929
904.23,0.0903236
1554.55,0.155326
751.034,0.0750185
1455.59,0.145542
711.981,0.0711266
1209.71,0.120959
1341.08,0.133717
1473.35,0.14726
1181.23,0.118082
836.304,0.0836245
792.743,0.0792541
548.332,0.0544516
1586.95,0.158667
9953.82,0.994658
1305.26,0.130094
1481.22,0.148104
657.801,0.0657647
481.626,0.0481417
1505.88,0.150523
2936.6,0.293638
1027.1,0.102571
778.531,0.0777692
685.364,0.0684991
2052.77,0.205261
1673.26,0.167299
740.82,0.0740163
694.61,0.0694544
12438.8,1.24287
1210.36,0.120837
6560.2,0.655767
1378.22,0.137726
687.704,0.0687529
1026.19,0.102515
1530.53,0.152977
18780.8,1.86346
1317.84,0.13169
763.601,0.0761888
782.196,0.0782172
1074.91,0.107447
1311.34,0.130923
824.308,0.0824115
1688.87,0.168876
15887.4,1.5801
967.954,0.0967426
9058.42,0.905147
1709.79,0.17078
1174.71,0.11745
946.725,0.0946592
1531.53,0.153119
880.154,0.0879807
719.836,0.0718428
989.569,0.0989043
1554.49,0.155265
1069.58,0.106911
1766.59,0.174973
2303.1,0.23025
2150.44,0.214748
1926.75,0.192568
974.482,0.0974422
752.054,0.0750767
494.695,0.0494565
1306.72,0.13065
3409.68,0.340707
1251.81,0.125167
932.9,0.0931978
725.333,0.0725092
584.124,0.0583395
1104.59,0.110434
1413.03,0.141174
1438.73,0.143819
1208.74,0.120857
900.954,0.089587
839.462,0.0839158
2919.59,0.291931
1027.78,0.102758
886.837,0.0886302
2074.71,0.20724
1113.67,0.111343
1089.47,0.108939
1893.82,0.189133
2028.85,0.202738
1484.2,0.148414
1674.95,0.167489
6222.17,0.62188
878.32,0.0878188
1275.13,0.127235
1057.11,0.105699
1410.39,0.140989
1292.42,0.129106
1161.2,0.116065
865.632,0.0865074
1410.46,0.140941
843.395,0.0842961
696.58,0.069643
986.999,0.0985851
1500.94,0.150049
1159.26,0.115916
891.03,0.0890808
1546.6,0.154581
1030.31,0.102985
1499.14,0.149892
1180.06,0.117955
2000.5,0.200014
1052.14,0.1052
973.592,0.0973091
1074.2,0.107211
3360.02,0.33528
802.713,0.0802585
2376.19,0.237573
1152.73,0.11526
2587.34,0.258581
1504.35,0.150402
7488.1,0.748088
891.812,0.0891114
1098.71,0.109831
1170.81,0.117033
2226.49,0.222558
4226.01,0.421002
1173.53,0.117247
909.707,0.0909663
627.761,0.0627389
1031.16,0.103104
1208.95,0.120853
1543.16,0.154294
1799.59,0.179821
1167.95,0.116783
2008.84,0.200695
5288.02,0.52807
740.733,0.0740705
1022.79,0.102273
1279.77,0.121061
1212.88,0.121262
1355.33,0.134349
2335.98,0.23352
1297.8,0.129691
1428.37,0.142672
676.72,0.0676244
826.035,0.0825699
2091.85,0.209071
3671.19,0.366361
1316.46,0.131634
560.04,0.0559895
1927.04,0.192527
1939.55,0.193365
1089.61,0.108876
715.009,0.0714772
932.908,0.0932652
885.99,0.0885145
3034.51,0.299397
794.181,0.0793824
2178.56,0.217742
3545.1,0.354312
1791.14,0.179103
1557.75,0.155464
1903.07,0.190271
1494.91,0.14941
733.721,0.073323
1248.74,0.124856
516.552,0.0516513
3750.11,0.374552
1212.13,0.121162
1500.5,0.150038
1450.16,0.144806
1649.01,0.164893
1463.18,0.146297
3754.05,0.375275
2329.11,0.232853
1052.25,0.105145
1182.23,0.118176
2824.3,0.282354
6051.92,0.604393
823.367,0.0822015
1699.98,0.16833
814.5,0.0814372
2493.04,0.249192
1072.12,0.106984
2195.65,0.218634
1561.62,0.156146
2487.23,0.248671
965.491,0.0962822
949.989,0.0949256
1573.33,0.157257
6865.1,0.683944
1114.25,0.111362
800.155,0.0800083
1204.17,0.120364
1196.23,0.119606
1540.45,0.154033
731.38,0.0731171
1726.35,0.172561
1794.79,0.179311
1087.52,0.108744
1000.77,0.099792
1260.55,0.126034
618.584,0.0618133
2209.7,0.220801
1889,0.188864
11934,1.18835
718.874,0.0718765
990.615,0.099048
645.621,0.0645371
3958.83,0.395696
1034.38,0.102925
2097.76,0.209654
1553.94,0.155367
869.363,0.0869053
801.77,0.0801693
1142.29,0.11419
2443.93,0.243549
767.008,0.0766896
959.085,0.0959025
873.893,0.0873403
1121.89,0.112116
1006.28,0.100615
772.319,0.0772025
1056.52,0.105565
992.475,0.0992357
1617.05,0.161664
886.441,0.088584
843.952,0.0843511
2072.4,0.206465
358.884,0.0358553
1921.04,0.19152
866.509,0.0866469
1777,0.177655
1385.68,0.138545
796.539,0.0796248
1066.32,0.106591
1882.37,0.18787
1563.83,0.156191
1682.31,0.168207
949.917,0.0949812
1890.57,0.188975
660.407,0.0659973
1253.77,0.124931
1554.61,0.155356
1436.51,0.143367
1067.86,0.106768
2033.17,0.202656
2550.86,0.25503
2397.42,0.237704
1058.3,0.105815
947.376,0.094708
848.985,0.0848192
1004.19,0.100411
1041.35,0.104126
1436.78,0.143591
543.099,0.0541922
818.411,0.0818226
1855.51,0.185458
690.901,0.0688571
1337.69,0.133666
767.204,0.0767113
3588,0.358671
1266.3,0.126617
1987.32,0.198691
687.01,0.0686989
1660.8,0.166004
6000.32,0.590762
913.439,0.0912961
1015.79,0.101521
957.197,0.0956672
1014.19,0.101395
1380.63,0.137833
879.084,0.0876888
940.01,0.093921
668.311,0.0668259
1579.94,0.157927
726.218,0.0725989
1478.46,0.147772
896.714,0.0892564
444.352,0.044388
693.622,0.069327
3645.16,0.364183
2191.97,0.219107
1093.65,0.109081
990.917,0.0990746
730.688,0.0729391
1665.13,0.16649
1237.16,0.123602
1135.49,0.113489
2059.65,0.205853
1736.25,0.173494
1736.86,0.173507
709.191,0.0708978
2391.56,0.239047
1202.08,0.120107
1190.53,0.119039
1347.4,0.1347
860.278,0.086004
3716.04,0.371485
817.953,0.0817873
614.484,0.0614213
711.625,0.0711399
1406.24,0.140573
1229.38,0.12292
5462.8,0.545715
855.231,0.0854561
634.299,0.0634278
934.343,0.0934192
836.442,0.0835586
2054.59,0.205222
1014.28,0.10135
686.176,0.0686077
1156.98,0.115668
2858.54,0.28532
1037.1,0.10262
646.991,0.0646896
3212.64,0.321171
4416.9,0.440034
1084.11,0.108375
1488.24,0.148606
937.167,0.0935728
1121.01,0.11187
1494.88,0.149448
743.278,0.0743134
2440.61,0.243968
852.899,0.0852552
1276.99,0.12766
947.357,0.0946435
2507.47,0.250643
768.642,0.0767819
574.537,0.0574525
1950.55,0.195007
891.187,0.0891035
1312.45,0.131204
3271.27,0.326478
6445,0.643851
2375.03,0.237425
1483.46,0.148302
992.495,0.0992347
1531.3,0.153093
7251.47,0.724088
1724.44,0.172054
876.323,0.0875428
6838.07,1.90405
1670.39,0.166798
881.368,0.0881323
1972.02,0.196774
1794.24,0.179391
2069.83,0.206934
1285.33,0.128525
2266.22,0.226288
889.902,0.0889864
1433.58,0.143171
1132.92,0.113187
564.272,0.0564219
666.467,0.0666416
685.759,0.0685686
633.269,0.0627767
3957.43,0.395114
2790.76,0.278924
1268.87,0.126828
632.687,0.063232
4715.71,0.471261
1747.34,0.17472
1054.38,0.105371
512.637,0.0512539
12225.7,1.2169
1021.4,0.102124
1574,0.15711
924.062,0.0923769
1625.62,0.162383
1747.42,0.174673
674.341,0.0674199
739.579,0.0739514
1202.08,0.120185
1709.43,0.170682
944.339,0.0943671
885.305,0.0885105
1074.66,0.107437
1088.82,0.108878
922.293,0.0922071
825.906,0.082562
776.449,0.077625
1574.38,0.157381
1202.22,0.120173
894.208,0.0893482
808.471,0.0807983
973.539,0.0973289
862.43,0.0862258
1464.33,0.146354
1603.91,0.160005
837.272,0.0837204
1761.16,0.176034
595.437,0.0595366
2625.93,0.262534
1091.21,0.109093
970.908,0.0970157
1069.51,0.106824
989.11,0.0988884
724.442,0.0724371
1427.73,0.142755
1780.48,0.178016
1572.86,0.157218
1617.29,0.161647
2329.25,0.232463
898.689,0.0897099
1732.76,0.173226
746.998,0.0745758
886.733,0.0886402
1104.06,0.110305
704.516,0.0703608
957.327,0.0957204
1265.21,0.126471
5745.46,0.574208
1457.65,0.145734
1023.79,0.102223
922.45,0.0921989
15869.5,1.57976
5783.21,0.577881
1427.71,0.14268
1263.14,0.126296
623.024,0.0621903
1410.82,0.140994
822.223,0.0821836
983.401,0.0982875
13801.9,1.37531
918.041,0.0918001
1699.89,0.169928
6195.29,0.618204
2051.89,0.204789
1978.44,0.197704
8732.84,0.872342
1456.76,0.145617
1381.26,0.138027
1325.87,0.132547
1459.74,0.145767
1432.8,0.143066
1697.08,0.169559
412.496,0.0412468
2570.55,0.256939
743.017,0.0742901
1604.96,0.160413
2048.93,0.204643
3257.53,0.325524
2185.36,0.218148
1075,0.107285
1177.85,0.117745
2058.21,0.205804
1898.43,0.189815
6491.02,0.648511
605.694,0.0605548
3004.76,0.300368
1907.32,0.190702
1094.14,0.109362
1095.23,0.109304
637.802,0.0637569
2460.87,0.245947
916.082,0.0915676
1933.95,0.193374
1731.23,0.172878
2728.92,0.272721
2374,0.236934
1851.99,0.185167
1236.87,0.123663
1088.28,0.108779
807.01,0.080405
1158.76,0.115853
1151.72,0.115072
1451.67,0.145155
1646,0.163944
1279.77,0.127885
1063.89,0.106377
688.701,0.0688677
1148.34,0.114806
605.765,0.060508
1101.48,0.109951
2520.01,0.251978
1040.12,0.103997
1143.29,0.114318
1428.64,0.142853
1140.56,0.114017
1067.19,0.106694
1185.75,0.11851
831.849,0.0831608
5306.95,0.530548
2490.71,0.248823
1222.99,0.122162
928.641,0.0928589
1592.32,0.159172
740.496,0.0740415
1516.79,0.15148
1770.06,0.17694
867.02,0.0866451
618.818,0.0618395
1256.09,0.125558
1634.02,0.163367
1876.05,0.187283
919.368,0.0919249
2355.78,0.235519
1127.11,0.112599
1079.34,0.107924
1647.87,0.164677
1755.18,0.175477
1982.8,0.198088
859.085,0.0858831
1318.12,0.131768
1149.97,0.114976
1395.72,0.139566
1614.11,0.161304
4526.38,0.452526
1130.21,0.113005
5135.77,0.513368
1541.71,0.154156
782.317,0.0779818
900.077,0.0899991
1278.63,0.127849
908.257,0.0907988
7404.82,0.724407
773.107,0.0787044
1467.18,0.146633
13151.3,1.30644
2520.96,0.252018
1301.61,0.130153
854.102,0.0853525
1382.15,0.138203
959.366,0.0959225
1296.88,0.129667
1220.68,0.122033
2609.91,0.260901
903.801,0.0903278
1359.29,0.1359
1006.01,0.100585
1714.09,0.171238
2716.77,0.27152
1452.72,0.145207
470.035,0.047003
1556.98,0.15569
969.791,0.0968381
1786.13,0.178543
1026.21,0.102456
860.143,0.0860068
3862.49,0.385852
826.88,0.0826643
19018.6,1.89339
2212.14,0.221084
781.566,0.0781297
1627.27,0.16266
5666.95,0.56599
763.952,0.0763311
767.173,0.0767154
662.508,0.066248
813.887,0.0813115
1340.3,0.133965
806.56,0.0804688
1005.96,0.100537
665.011,0.0664651
1082.23,0.108077
5080.9,0.505785
1325.68,0.128237
1124.5,0.112402
1679.75,0.167952
736.44,0.0736095
1183.5,0.118328
903.456,0.0902135
3256.95,0.325217
1084.89,0.108428
1078.77,0.107796
909.565,0.0909461
934.339,0.0932424
4253.24,0.424584
892.525,0.0892473
6978.56,0.696589
1950.62,0.19496
907.401,0.0906652
2312.81,0.231049
3732.4,0.373003
992.105,0.0991994
755.725,0.0755615
1443.95,0.144231
2982.38,0.297845
858.562,0.0858356
728.316,0.0728207
894.655,0.0894459
879.272,0.0875266
945.854,0.094583
1095.99,0.109562
1222.85,0.122267
1156.48,0.115573
1664.2,0.166359
1576.31,0.157609
738.23,0.0737123
1108.63,0.11072
1550.27,0.154895
2425.7,0.242472
873.175,0.0871212
1110.44,0.111006
1091.49,0.109134
1386.39,0.138618
1063.67,0.106348
1841.17,0.183707
795.642,0.0795155
2741.05,0.273766
1115.06,0.111493
8580.41,0.855918
1111.14,0.111005
1430.79,0.142996
21480.4,2.14551
2268.39,0.226689
1105.67,0.110497
949.98,0.0948882
1875.64,0.187146
2799.87,0.279923
617.784,0.0617613
2279.75,0.22783
949.58,0.0949468
2790.05,0.278747
504.914,0.0504784
1197.37,0.119699
796.721,0.0796665
1942.45,0.194198
927.794,0.0927115
954.218,0.0952404
2208.17,0.219105
630.061,0.0629721
1800.22,0.179951
711.989,0.0711828
1209,0.120814
856.552,0.0856308
1368.59,0.136814
1341.14,0.133684
1052.63,0.105197
2614.69,0.256036
2033.3,0.203194
1163.25,0.11631
944.656,0.0944494
564.977,0.056488
1816.74,0.181596
1074.89,0.107475
2360.4,0.235872
720.357,0.0720067
1146.68,0.114567
3744.81,0.373587
850.497,0.0850208
780.364,0.0777403
952.02,0.0951943
805.725,0.0805632
2648.1,0.264661
876.435,0.0876397
1329.86,0.132976
1072.08,0.10719
1430.76,0.142998
3830.71,0.382631
980.424,0.0980309
1643.32,0.164303
719.371,0.0718663
813.624,0.0813183
3571.87,0.356265
1043.23,0.104297
1412.07,0.140735
7274.03,0.726947
968.269,0.09681
993.097,0.0993055
1804.19,0.180306
1129.92,0.112967
1155.25,0.115207
1081.7,0.108129
1033.92,0.103294
1083.57,0.108212
1754.44,0.174769
834.497,0.0834101
2111.31,0.211049
733.832,0.0733775
887.442,0.0886332
6810.72,5.78748
821.009,0.0820845
1176.23,0.117583
1248.32,0.124807
6990.46,0.698594
1699.58,0.169144
1135.11,0.113314
6978.15,0.697534
10096,1.00019
655.171,0.0655009
877.485,0.0877241
780.579,0.0780516
1973.21,0.196911
1041.59,0.104081
1785.42,0.178416
1904.76,0.190363
1374.43,0.137417
1548.36,0.154743
641.516,0.0641075
1208.69,0.120681
1122.72,0.112254
829.479,0.0829384
699.677,0.0699043
2335.52,0.23349
529.869,0.0529798
2975.16,0.297403
1306.12,0.130471
1029.5,0.1029
778.088,0.0777892
1444.88,0.144413
745.495,0.0745322
1981.98,0.198165
696.871,0.0693123
1055.13,0.105476
1422.4,0.14212
1462.97,0.146209
1128.34,0.112758
2383.98,0.237508
762.962,0.0761709
28532.6,2.83487
999.614,0.0999156
2326.94,0.232599
1171.71,0.117134
2118.52,0.211692
857.286,0.0856288
1170.87,0.117039
2478.17,0.2475
1229.31,0.122873
1103.62,0.110342
811.321,0.0811265
2573.65,0.25707
7132.04,0.712318
2700.28,0.269968
1247.57,0.124659
1126.95,0.112649
2115.51,0.20936
2549.87,0.254874
1577.08,0.157594
849.524,0.0848743
1127.68,0.112733
2603.35,0.259384
855.156,0.0855115
876.862,0.0876821
1788.5,0.178825
1811.43,0.181131
4093.69,0.409284
1367.74,0.136535
857.191,0.0855544
944.88,0.0944092
1149.07,0.114866
1335.07,0.13345
1895.72,0.189463
788.008,0.0787746
1765.63,0.176504
1922.08,0.192079
8198.34,0.815807
2397.19,0.239669
782.983,0.0781283
799.285,0.0798576
1059.84,0.105784
4208.28,0.414567
2365.09,0.23647
1704.6,0.170382
1028.39,0.102794
734.245,0.0734144
2345.14,0.234481
1942.91,0.194257
15084.1,1.5039
1779.58,0.177936
988.824,0.0988698
1270.77,0.127053
1769.47,0.176808
2260.89,0.226041
2483.58,0.247561
1882.08,0.186492
596.319,0.0596137
2038.34,0.203727
1055.34,0.105236
1757.89,0.17574
683.148,0.0682693
934.696,0.0934572
1410.89,0.141013
696.864,0.0696702
1213.41,0.12091
589.21,0.0589156
1210.32,0.12101
1425.73,0.142474
1027.72,0.102761
752.101,0.0750625
959.801,0.0959531
3376.67,0.3376
2883.96,0.28826
849.655,0.0849034
1004.7,0.100454
970.001,0.0969643
2449.42,0.244335
12365.6,1.23579
1301.55,0.13011
12715,1.26725
1053.72,0.105358
817.084,0.0816285
931.442,0.0931151
2146.97,0.214492
2318.35,0.231502
914.159,0.0913535
614.157,0.0614122
2202.39,0.220127
614.664,0.0614596
924.129,0.0923817
1299.1,0.129876
1013.09,0.101299
988.392,0.0988378
1315.55,0.131497
1327.73,0.132684
2031.98,0.203055
1019.37,0.101911
1146.72,0.114648
2487.38,0.24867
720.282,0.0719969
831.481,0.0831143
2768.38,0.276589
1773.22,0.177222
3973.62,0.397175
1318.23,0.131789
1967.1,0.196533
2698.92,0.269708
2985.6,0.298466
532.08,0.0531779
1194.15,0.119367
1117.46,0.111162
1281.23,0.127892
1680.83,0.168019
817.602,0.0817392
821.36,0.0820839
3115.66,0.311102
646.691,0.0646339
1749.96,0.174538
1212.46,0.121219
1000.06,0.0999884
2813.05,0.281007
1396.73,0.139657
1417.35,0.141697
1867.96,0.186754
3145.15,0.314255
2962.79,0.296219
1057.37,0.105583
2426.92,0.242571
1193.84,0.119376
3053.61,0.305282
1279.48,0.127785
886.695,0.0886282
780.228,0.078003
6496.31,0.649082
6044.3,0.603668
1427.41,0.142724
2319.62,0.231673
1155.4,0.115531
1399.02,0.139764
4850.74,0.485003
504.915,0.0504909
1751.69,0.175082
2810.42,0.280843
1720.67,0.172018
3062.25,0.303008
2573.54,0.257321
2592.35,0.25891
878.258,0.0877514
775.036,0.0774889
4584.24,0.457964
2990.63,0.298541
1283.42,0.128225
2355.22,0.233714
14417.8,1.42724
941.21,0.0940881
1551.2,0.155064
742.659,0.0742577
1198.32,0.119806
1316.51,0.131588
899.643,0.0899467
7528.22,0.751715
6561.52,0.655208
989.17,0.098903
2248.56,0.224742
2584.07,0.258341
751.204,0.0750848
1071.33,0.107005
2262.77,0.226212
1261.48,0.126136
872.877,0.0872022
1272.04,0.127099
1586.26,0.158407
1324.66,0.132424
1036.72,0.103663
1026.69,0.102612
1200.58,0.120018
6188.23,2.18259
1024.66,0.102035
1449.38,0.144813
2984.59,0.298382
1152.03,0.113941
1127.75,0.112701
1617,0.161488
2048.61,0.204755
1757.83,0.17571
1536.35,0.153575
709.932,0.070979
1222.35,0.122158
736.693,0.0736423
660.608,0.0660477
618.069,0.0617748
2312.41,0.230885
889.333,0.0889051
1019.11,0.101891
535.143,0.0534366
2069.61,0.206928
3388.19,0.33855
2075.31,0.207458
1255.38,0.125531
6147.94,0.614194
929.383,0.0929109
5752.36,0.574381
827.018,0.0826787
1158.05,0.115746
1081.8,0.107855
769.769,0.0769606
1269.1,0.12682
1370.05,0.136801
1225.79,0.122511
611.893,0.0611775
1218.1,0.121696
1180.57,0.118035
1372.38,0.137187
2267.79,0.226583
1239.71,0.123606
5712.73,0.570303
1159.77,0.115965
1642.55,0.164176
1032.66,0.103148
936.778,0.0936731
1303.2,0.130291
927.819,0.0927679
8653.38,0.863948
1461.61,0.146135
2230.67,0.223032
1524.82,0.152445
1212.31,0.12115
1224.98,0.122458
1263.5,0.126331
1735.84,0.173551
969.727,0.0969706
1403.16,0.140287
699.351,0.0698675
1609.78,0.160838
741.028,0.074077
4921.57,0.490569
7402.98,0.739843
1135.39,0.113476
669.281,0.0668596
960.06,0.0959049
646.748,0.0646728
883.771,0.0883747
855.482,0.0855006
1070.63,0.106939
790.777,0.0787531
23907.5,2.38025
1763.53,0.176295
974.718,0.0974475
691.346,0.0691146
606.757,0.0606684
676.547,0.0676373
589.488,0.0589423
2647.72,0.264604
1198.62,0.119605
771.833,0.0771188
648.644,0.0648544
1444.31,0.144411
1544.32,0.154343
868.936,0.0868816
2840.48,0.28384
603.393,0.0603249
2622.8,0.26215
1095.28,0.109377
1252.66,0.125004
4760.29,0.474758
931.619,0.0931393
701.161,0.0700504
1041.83,0.104179
1569.01,0.156852
1533.94,0.153314
1668.62,0.166853
1275.81,0.127558
920.057,0.0919681
1726.32,0.172602
4343.35,0.434218
2206.1,0.220568
994.07,0.0993768
9516.22,0.949876
964.156,0.0963902
9840.62,0.983325
1127.32,0.112691
1284.2,0.128359
1692.51,0.169207
1031.83,0.103144
955.229,0.0933111
725.835,0.0724777
861.288,0.0861016
1666.68,0.166565
2153.22,0.214802
1644.91,0.164093
898.495,0.0892587
3759.51,0.37575
2473.82,0.247332
1124.51,0.1124
1108.32,0.110822
1150.01,0.114886
1368.17,0.13676
2623.58,0.26228
2418.65,0.241808
793.962,0.0793304
532.887,0.0532836
799.135,0.0799005
2349.77,0.23459
1574.24,0.157399
2196.41,0.219567
739.257,0.0738872
525.533,0.0525414
2621.8,0.262015
706.622,0.0706551
582.175,0.0581745
1099.76,0.109902
863.281,0.0863152
2073,0.207166
875.921,0.0875809
792.75,0.0792558
1171.23,0.117115
892.742,0.0892384
1102.9,0.110253
1144.68,0.114412
1015.94,0.101576
435.158,0.0435109
3129.36,0.31268
986.138,0.098606
1856.36,0.185607
968.914,0.0968381
1702.29,0.170183
1531.35,0.153101
1948.45,0.194694
4519.82,4.71158
651.122,0.0651058
1342.91,0.134261
1389.14,0.138796
3853.73,0.385317
1077.91,0.107705
2940.91,0.293998
1533.25,0.153313
1093.16,0.109209
894.246,0.0893955
1189.87,0.118942
2300.31,0.229235
716.99,0.0716658
4821.88,0.480894
1159.62,0.115912
1959.73,0.195919
1174.66,0.117387
3317.43,0.331552
4170.07,0.415883
1601.36,0.159775
1381.27,0.138111
1112.25,0.111208
811.471,0.0811352
1665.59,0.166476
912.265,0.0911867
1442.16,0.144133
1101.72,0.11016
2150.2,0.214626
962.123,0.0961571
1125.29,0.112366
3248.62,0.324322
1934.96,0.19347
1676.24,0.167438
876.061,0.0871925
1027.98,0.102762
2592.34,0.258895
3005.93,0.300284
1033.72,0.103018
825.343,0.0824139
2207.01,0.21893
1272.18,0.126968
964.463,0.0963975
8340.92,0.83329
1621.28,0.162071
1602.81,0.160215
1898.09,0.189744
1994.11,0.19922
993.901,0.0993699
1127.23,0.112692
1332.23,0.13311
610.662,0.0610498
813.339,0.0813085
2389.35,0.238812
959.8,0.0959682
4900.21,0.489258
1112.45,0.111234
1085.91,0.108521
2334.98,0.233153
691.904,0.0691584
626.195,0.0626063
1388.15,0.13869
1747.61,0.174717
910.004,0.0907369
2434.55,0.243418
1472.01,0.147143
661.744,0.0661482
1173.36,0.11727
630.958,0.0630875
1326.57,0.132626
1685.04,0.168355
1328.92,0.132787
933.669,0.0932823
1006.85,0.100604
1242.49,0.124153
1466.44,0.146582
2466.49,0.246605
1864.49,0.186405
1229.92,0.122977
782.354,0.0782156
1251.78,0.125132
2286.16,0.228453
1831.15,0.182845
861.994,0.0860849
1021.97,0.102178
756.172,0.075561
819.993,0.0819803
1379.49,0.13767
1029.26,0.102888
1020.87,0.102052
721.262,0.0721146
1204.46,0.120361
7332.1,0.731777
945.565,0.094379
3482.75,0.347894
1198.18,0.119785
1180.76,0.117929
3829.22,0.382797
1519.47,0.151867
1022.44,0.102217
1173.55,0.117213
1454.71,0.145431
706.046,0.0705958
768.858,0.07688
617.15,0.0614164
1861.51,0.186127
1284.6,0.128373
1357,0.13497
869.469,0.0869184
845.565,0.0845181
1498.43,0.149562
764.99,0.0764841
955.907,0.095507
1203.06,0.119994
1172.16,0.116988
1818.52,0.181742
1365.93,0.136505
1761.2,0.176026
912.639,0.0912553
793.209,0.0793022
1114.55,0.111381
913.961,0.0913545
889.753,0.0889406
1025.45,0.102522
1755.24,0.175516
3130.03,0.312534
1928.58,0.191667
649.671,0.0649442
1038.98,0.103878
2411.97,0.241024
1113.83,0.111269
1256.73,0.125669
7699.36,0.766422
1102.97,0.110247
26044,2.59498
1014.17,0.101371
794.825,0.0794789
7771.04,0.776183
1232.54,0.123142
1072.25,0.107117
942.089,0.0941638
1307.31,0.130719
978.558,0.097845
770.883,0.077065
16821.6,1.67568
933.216,0.0932921
1143.51,0.114294
1232.56,0.123247
860.734,0.0860533
721.419,0.0720145
773.923,0.0773542
1034.29,0.103421
1389.65,0.138761
816.086,0.0815701
1632,0.163177
1330.33,0.132941
1857.47,0.185718
941.971,0.094161
1237.43,0.123665
918.901,0.091812
1123.42,0.112319
1352.49,0.135198
1026.33,0.102477
918.939,0.0918903
2180.87,0.217961
695.385,0.069499
1026.24,0.102612
1362.28,0.136182
1954.23,0.195415
1368.27,0.136799
1076.09,0.10727
1563.05,0.156096
1220.72,0.122065
1048.44,0.104729
938.41,0.0937814
971.9,0.0971613
700.342,0.0697661
704.436,0.0704264
643.816,0.0643691
2061.57,0.206082
572.915,0.0572856
485.023,0.0484895
875.469,0.0875103
1623.8,0.162363
1461.93,0.146171
1451.4,0.145082
973.456,0.0972851
4354.04,0.43472
938.78,0.093785
1052.71,0.105267
1219.48,0.121898
363.219,0.0362905
1019.63,0.10196
2372.24,0.237124
1472.93,0.147257
953.099,0.0952861
1054.37,0.105184
1127.74,0.112758
1065.27,0.106494
1782.41,0.178226
1399.78,0.139864
1710.12,0.170973
3351.62,0.335045
