EnergyDeposit(eV),LET(keV/um)
812.983,0.0812874
2230.49,0.222903
1620.12,0.161974
1535.06,0.153478
695.729,0.0695647
637.206,0.0637134
913.146,0.0913076
1256.53,0.125634
1391.84,0.139152
864.254,0.0864209
818.912,0.0816433
507.413,0.0506918
1015.31,0.102744
1634.59,0.163416
752.975,0.0752727
1186.22,0.118226
1002.37,0.100232
2247.71,0.224594
1669.89,0.166703
568.219,0.0568128
1527.13,0.152576
1345.24,0.134507
529.75,0.0529437
2829.61,0.282629
1563.61,0.156337
1496.07,0.14955
2500.34,0.24965
893.929,0.0890271
1420.55,0.141969
1744.73,0.174416
1979.48,0.197841
4249.48,5.83204
2769.68,0.276704
646.804,0.0646654
1928.33,0.192764
1589.59,0.15891
1726.34,0.172625
1516.95,0.15157
572.13,0.0570885
1929.52,0.192846
1384.72,0.138394
718.215,0.0718182
1899.14,0.189885
4593.86,0.45878
1055.92,0.105539
1104.1,0.110404
549.5,0.0549388
1175.84,0.117574
1014.89,0.101466
984.277,0.0983419
857.293,0.085707
2153.8,0.215364
1969.3,0.196814
773.715,0.0773242
1109.8,0.110925
1036.64,0.103643
910.58,0.0910366
858.598,0.0858537
788.618,0.0788302
6098.43,0.602797
538.476,0.0533496
1619.7,0.161944
2381.38,0.238033
921.736,0.0919877
1467.74,0.14672
1214.48,0.121292
1259.22,0.125808
1180.7,0.118001
1008.39,0.100784
951.311,0.0950992
5688.2,0.567783
2389.41,0.238915
1100.86,0.109773
1956.09,0.195598
1300.64,0.130046
1017.61,0.101731
602.458,0.0601515
1181.14,0.118106
1209.79,0.120855
1556.66,0.155535
832.634,0.0832466
5324.98,0.53146
1337.06,0.133639
646.479,0.0646432
1156.93,0.115647
1149.27,0.114768
1604.69,0.160451
2798.5,0.279643
2332.25,0.232965
901.878,0.0901305
1068.35,0.106817
993.811,0.0993677
777.501,0.0777389
1005,0.100458
974.486,0.0973781
1555.51,0.15547
828.287,0.0827796
2689.58,0.268746
656.75,0.065672
692.37,0.0692298
4458.39,0.445009
584.068,0.0583943
1066.42,0.106617
1662.28,0.16613
975.332,0.0974982
1354.75,0.135466
1038.22,0.10377
1163.68,0.116351
845.477,0.0845349
1227.9,0.123922
1870.01,0.186927
1523.28,0.152317
1994.37,0.199292
808.009,0.0807689
2709.47,0.27059
1751.94,0.175148
1208.71,0.120848
1921.31,0.192075
1197.82,0.119752
1077.88,0.107783
1346.4,0.134334
2072.98,0.206923
773.596,0.0773548
4713.45,0.470508
1197.01,0.119528
1676.17,0.166345
1391.95,0.138985
1555.19,0.155427
931.49,0.0931162
4835.06,0.483191
3773.67,0.37726
3103.98,0.310228
848.251,0.0848027
849.336,0.0848785
1081.04,0.107956
1322.3,0.132131
2611.04,0.258914
2190.08,0.216576
887.187,0.088706
1925.01,0.19241
1269.15,0.126909
494.519,0.0494439
1549.34,0.154545
1919.41,0.191452
1173.38,0.117309
559.443,0.0559141
1239.22,0.123917
2763.49,0.276259
1036.7,0.10364
1054.26,0.105386
931.682,0.0931476
556.967,0.0551292
1515.98,0.151487
7506.74,0.748627
836.597,0.0836497
1754.28,0.175333
986.492,0.0985531
878.135,0.0878057
1937.57,0.193561
2316.84,0.231627
2049.45,0.204368
1209.66,0.120925
1481.02,0.147656
1850.56,0.184964
1663.45,0.16621
1175.31,0.117493
4867.11,0.485949
10616.2,1.06078
14396.6,1.43298
1164.76,0.116428
1915.63,0.191036
969.032,0.0968823
863.343,0.0862656
1218.47,0.121681
673.027,0.0672819
4338.84,0.433693
1880.72,0.187999
483.304,0.0483197
2674.27,0.266905
975.025,0.0974766
986.931,0.0985561
5309.96,0.530297
905.398,0.0905025
1450.49,0.144898
691.463,0.0690868
735.245,0.0735078
19856.9,1.97839
1958.41,0.195799
2342.25,0.233929
5645.11,0.564245
800.405,0.0799558
482.172,0.0482148
1020.9,0.102054
817.285,0.0817208
1133.71,0.113308
820.928,0.0797005
4559.88,0.455148
1191.48,0.119113
1598.9,0.159804
491.004,0.0490687
993.217,0.0993156
3245.21,0.323766
6505.33,0.649897
722.779,0.0721623
1030.41,0.103022
877.567,0.0877109
866.899,0.0866768
2444.27,0.244218
1675.82,0.167488
1099.98,0.109868
1811.17,0.181091
816.419,0.0816234
945.088,0.0944605
1215.47,0.121389
950.549,0.0949395
933.916,0.0933526
1144.08,0.114354
560.952,0.0560856
919.627,0.0919573
1103.8,0.110371
5685.07,0.566148
1920.91,0.192033
776.237,0.0776186
870.205,0.0868025
981.644,0.0981293
1239.21,0.123892
1300.72,0.13006
1023.77,0.10232
2785.57,0.278509
909.482,0.0909067
793.817,0.0793703
1386.91,0.138423
831.828,0.08311
1039.32,0.103726
1217.45,0.121613
840.454,0.0840181
2337.62,0.233752
976.182,0.0976146
716.912,0.0716714
3876.39,0.387268
1124.39,0.112428
3435.83,0.343396
1418.05,0.141771
1019.5,0.101939
882.41,0.0881824
1095.95,0.109578
1688.39,0.168697
2519.83,0.251965
673.233,0.0673133
2058.26,0.204626
1185.77,0.118559
4817.63,0.481429
1239.69,0.123945
1187.01,0.118689
1872.63,0.187245
704.504,0.0704464
1037.41,0.103684
3353.39,0.335175
2268.07,0.226744
1751.47,0.175097
2935.66,0.293093
1345.94,0.13444
1152.05,0.115192
2619.63,0.261912
1100.45,0.110012
1060.11,0.10568
894.085,0.0894028
1583.41,0.15829
1123.87,0.11232
1036.56,0.10363
798.819,0.0796818
1606.37,0.160559
1068.88,0.106873
792.475,0.0792396
1940.47,0.194029
860.531,0.0860481
985.196,0.0985055
2369.31,0.2368
1786.9,0.178622
2317.56,0.231235
2820.38,0.281711
1015.16,0.10146
2413.92,0.241323
1855.43,0.185483
815.187,0.081502
672.133,0.0672068
730.465,0.0727532
693.963,0.0693775
683.679,0.0683205
774.636,0.0774261
1111.1,0.111011
781.591,0.0781471
2378.72,0.237796
1800.41,0.179981
2328.29,0.232626
1238.16,0.123777
1025.78,0.102505
1074.17,0.107397
1620.31,0.161969
2056.26,0.205557
727.171,0.0727023
1518.14,0.151755
1502.81,0.150275
906.834,0.0896099
1659.11,0.165506
1026.6,0.10265
1093.99,0.10938
912.925,0.0912693
7920.66,0.791548
1068.16,0.106785
675.88,0.0675771
1196.37,0.11955
6350.89,0.63283
1177.07,0.12503
805.844,0.0805666
1546.41,0.153109
3980.06,0.397876
1477.82,0.147776
838.677,0.0838267
2629.78,0.262783
1349.5,0.134921
4376.77,0.436807
1107.33,0.110662
1865.27,0.186495
1390.73,0.138991
1893.4,0.189282
2103.41,0.210227
1564.5,0.156433
1515.23,0.151433
1666.43,0.166616
1022.15,0.10219
891.106,0.0890321
2648.47,0.264772
1407.83,0.140486
733.65,0.0733319
895.087,0.0894861
2485.46,0.248372
1092.23,0.109108
1815.64,0.181541
613.842,0.0613764
1278.92,0.127809
478.933,0.0478866
795.694,0.0795479
3680.84,0.367595
949.887,0.0949758
658.334,0.0658177
1473.88,0.147333
984.886,0.0984453
1126,0.11258
4033.41,0.4029
993.12,0.0991316
694.601,0.0694271
737.558,0.0737494
1178.69,0.117855
1870.82,0.187001
1667.81,0.166704
963.869,0.0963762
1004.93,0.100475
1223.05,0.12229
1612.77,0.161235
3091.31,0.3088
2047.23,0.203243
2278.99,0.227689
769.894,0.0769762
1027.51,0.102559
1116.12,0.111598
1415.21,0.14143
1489.82,0.148915
3068.29,0.306353
8057.34,0.804943
928.012,0.092701
1136.05,0.113591
1490.84,0.14905
1644.12,0.164391
1310.74,0.131048
687.654,0.0687619
1649.6,0.164455
1097.1,0.109618
496.809,0.049678
1420.38,0.141995
4345.1,0.433784
1101.17,0.110023
849.218,0.0848918
781.356,0.0781119
1096,0.109284
1723.96,0.172329
2172.01,0.216811
1986.6,0.19862
1352.71,0.134957
3714.9,0.37113
1533.15,0.153193
1535.19,0.153502
5511.26,0.550284
1801.44,0.180089
1369.31,0.136553
1865.08,0.186304
871.092,0.0870826
2113.85,0.211369
1148.59,0.114841
1120.79,0.111986
728.095,0.0728046
898.946,0.0898432
739.316,0.0739075
1137.59,0.113711
561.659,0.0560826
1708.78,0.170736
3743.47,0.374081
2892.75,0.288878
1248.05,0.12477
855.448,0.0854809
1229.72,0.122934
1460.29,0.145799
1582.09,0.157925
955.364,0.0955222
798.255,0.079818
2730.1,0.272873
11512.9,1.14313
654.608,0.0654104
1434.88,0.143442
612.563,0.0612527
860.189,0.0859917
732.394,0.0732257
793.055,0.0792861
1187.85,0.118746
718.764,0.0717467
1353.11,0.135256
2031.35,0.203103
1784.13,0.178341
1260.39,0.126013
619.964,0.0619825
911.188,0.0909921
1055,0.105463
2886.37,0.288451
1560.93,0.156005
1098.51,0.109843
1475.58,0.147467
1215.55,0.121489
1209.74,0.120746
934.269,0.0934034
1630.68,0.161562
11208.9,1.11968
906.092,0.0905758
1730.28,0.172812
1460.88,0.146014
1426.35,0.14251
948.81,0.0948619
725.061,0.0725002
544.851,0.0544251
577.079,0.057699
2673.66,0.267129
936.879,0.0910809
1076.16,0.107582
574.251,0.0574179
1961.72,0.195902
1497.35,0.149731
1046.26,0.104605
2286.76,0.2282
1498.86,0.149821
908.011,0.090795
1701.11,0.16999
3666.57,0.366614
750.31,0.0728387
2086.3,0.208566
1590.91,0.159067
1507.64,0.149687
1999.83,0.19959
1209.57,0.120885
1209.2,0.120893
643.887,0.0633549
7401.88,0.73684
1426.98,0.142477
1220.77,0.122058
1584.12,0.158368
1247.27,0.124699
1178.2,0.117718
744.742,0.0744687
743.967,0.074351
3538.87,0.353427
532.351,0.0531358
3726.08,0.372072
1141.91,0.114087
936.488,0.0934233
1298.07,0.12979
981.188,0.0981121
519.626,0.0519266
735.443,0.0735293
1623.66,0.161726
1205.96,0.120525
915.124,0.0914552
1308.88,0.130797
2363.98,0.236335
1080.67,0.108035
1241.38,0.1241
1239.2,0.123866
2743.62,0.274303
3995.63,0.399418
891.325,0.0890861
1302.68,0.130193
636.977,0.0636172
1268.66,0.126425
1154,0.115136
868.34,0.0867689
795.962,0.0795734
962.632,0.0961875
2279.61,0.227754
6268.61,0.623769
1722.11,0.172012
1962.13,0.196174
533.563,0.053342
2083.3,0.208253
1276.46,0.127527
676.564,0.0676473
28605.6,2.84504
1107.49,0.11059
825.423,0.082497
1365.02,0.136492
909.032,0.0908712
2040.98,0.204064
1376.63,0.137655
903.134,0.0902526
1072.94,0.107282
1066.97,0.106677
990.757,0.0990501
1177.34,0.117698
1131.21,0.112919
829.125,0.0828885
1835.63,0.183534
1661.25,0.160885
911.861,0.0911785
16468.3,1.63209
2047.06,0.204063
1578.16,0.157278
2372.92,0.237276
4331.37,0.432547
833.469,0.0832747
1871.82,0.187137
1348.17,0.134695
2980.72,0.297788
746.514,0.0744952
750.711,0.0750308
2312.96,0.231253
739.832,0.0739653
832.324,0.0832144
4509.27,0.450827
1275.79,0.127544
1634.24,0.163375
2823.35,0.28216
1380.6,0.13789
1121.66,0.112143
2061.02,0.206067
1224.05,0.122337
1834.31,0.183421
1238.79,0.123846
1627.38,0.162175
731.177,0.0730011
680.408,0.0680101
1967.28,0.196671
12872.1,1.28312
1149.19,0.114797
1001.01,0.100058
3138.24,0.313561
1372.91,0.137085
846.58,0.0846144
1884.37,0.187684
1513.94,0.151341
1413.99,0.141387
1111.97,0.111176
1276.7,0.127604
881.101,0.0881044
10982.2,1.08995
1326,0.132518
1052.81,0.105242
2671.69,0.266817
1862.44,0.186156
1531.35,0.153116
1675.91,0.167528
2021.22,0.20203
1220.05,0.121993
1212.33,0.121205
711.71,0.0711565
1019.44,0.101928
2926.06,0.292549
1073.73,0.107291
1054.63,0.105418
4967.81,0.496593
1046.89,0.104639
1827.71,0.182757
725.043,0.0724975
2162.1,0.216096
387.175,0.0387049
767.081,0.0766926
1012.32,0.101196
3381.79,0.337825
2633.94,0.263081
7084.27,0.707809
981.864,0.098073
1619.39,0.161859
2010.68,0.20098
2053.62,0.205283
1660.59,0.166006
996.45,0.0996296
715.157,0.0714682
1397.57,0.139727
1998.04,0.199654
1560.5,0.156022
1963.19,0.196288
1138.79,0.11387
1713.49,0.171314
1541.65,0.154048
580.789,0.058074
695.512,0.0695078
2579,0.257586
906.534,0.0905034
1224.16,0.122362
812.86,0.0812505
1300.05,0.129939
1070.56,0.107012
1939.19,0.1937
1066.23,0.106615
792.087,0.0791849
1184.72,0.118425
1474.86,0.14747
1219.03,0.121844
859.141,0.0858837
1227.91,0.122784
1075.89,0.107382
1145.41,0.114512
566.999,0.0566976
963.043,0.0962175
909.802,0.0909284
3920.75,0.391453
1905.35,0.190419
1775.95,0.177436
1445.87,0.144496
2171.01,0.216942
942.902,0.0839837
2066.01,0.206491
1254.25,0.125086
7049.67,5.00242
1568.27,0.156593
1432.37,0.14315
1254,0.125386
1966.98,0.196591
1216.95,0.121537
865.114,0.0864042
1249.15,0.12491
1473.01,0.147296
1052.2,0.104824
1102.03,0.108896
3182.38,0.317966
1991.93,0.199116
763.517,0.0763277
798.781,0.0798311
1193.66,0.119333
1847.54,0.184665
2429.88,0.242717
1914.79,0.191378
1588.82,0.158865
1005.23,0.100511
1949.73,0.194868
1503.46,0.150289
27923.6,2.78468
1386.31,0.138463
1639.76,0.163897
4800.09,0.479542
1452.71,0.145067
4752.06,0.474856
11130.8,1.1092
621.195,0.0621163
2270.32,0.226982
3627.34,0.362547
1343.29,0.134294
1657.03,0.165648
1143.09,0.113905
1569.29,0.156874
892.104,0.0891738
1001,0.100077
772.668,0.0772144
1269.8,0.126901
759.245,0.0758198
1100.18,0.109974
1660.81,0.165921
2131.63,0.212958
2398.68,0.239825
1071.65,0.107112
12652.4,1.2648
4856.98,0.483063
1583.88,0.15817
1344.38,0.134366
1120.05,0.111928
3925.94,0.392207
499.794,0.0498854
1550.14,0.154965
1056.96,0.105639
1455.9,0.145477
12524.1,1.2486
862.315,0.0861805
2048.25,0.203834
2451.09,0.244926
828.237,0.0824159
791.567,0.0791517
1294.27,0.12941
1894.02,0.18936
2553.93,0.255347
1043.38,0.104107
2606.03,0.260576
869.988,0.0869735
1536.13,0.153576
1530.99,0.153049
1208.2,0.120767
1308.12,0.130737
1579.26,0.157899
685.673,0.0685398
1073.66,0.107344
691.028,0.0690171
1945.83,0.194494
3556.96,0.355574
1131.44,0.113125
924.037,0.0920887
3595.11,0.359431
1852.45,0.185226
1507.82,0.150696
1097.32,0.109654
1980.16,0.197981
6373.37,0.636762
2015.62,0.201507
2023.11,0.202294
1337.28,0.1336
802.797,0.0802589
1075.52,0.107496
1611.91,0.161085
3039.04,0.303755
1950.65,0.194997
1316.87,0.131567
1108.19,0.110735
890.471,0.0890403
625.468,0.0625374
2140.64,0.213839
1416.48,0.141435
1243.13,0.124278
1310.43,0.130997
1120.32,0.111922
1711.79,0.171142
832.458,0.0832009
991.674,0.0987898
1288.09,0.128723
1683.73,0.167277
2805.1,0.280304
3222.28,0.322155
1071.54,0.107116
1043.45,0.104307
1640.66,0.163991
1090.78,0.109073
852.214,0.085219
865.026,0.0864994
1593.72,0.159252
1765.78,0.176345
4273.7,0.427112
741.982,0.0740517
2281.6,0.227067
1715.87,0.17156
1188.17,0.118791
1335.94,0.133567
1164.76,0.116373
1536.5,0.153558
666.547,0.0666108
1966.35,0.196519
1663,0.166284
1295.09,0.129414
1246.63,0.105802
669.29,0.0663035
1222.96,0.122075
813.843,0.0812373
1498.81,0.149848
1260.73,0.126043
1826.12,0.182348
1765.08,0.176433
1202.75,0.120216
946.249,0.0945667
2449.81,0.244948
890.088,0.0889994
780.364,0.0779903
24515.2,2.43107
1038.08,0.103779
2300.24,0.228894
476.3,0.0476228
916.562,0.0916422
771.551,0.0770425
1441.47,0.144101
1847.96,0.184662
4134.32,0.412008
1273.63,0.127279
1881.02,0.187952
1630.63,0.162904
1428.39,0.14277
1882.65,0.187485
2340.34,0.233975
838.87,0.0838011
1410.82,0.141013
1335.35,0.133502
3528.95,0.351946
910.743,0.0910553
2529.36,0.252657
861.314,0.0855282
999.517,0.0999198
2095.85,0.209239
3257.09,0.325591
574.675,0.0574468
1119.29,0.111894
744.535,0.0744442
941.477,0.0941171
3802.65,0.380085
913.976,0.0912865
1931.17,0.193079
735.852,0.0735291
1230.67,0.123059
2392.64,0.239203
812.554,0.0811791
1299.38,0.129795
1510.16,0.150414
1930.37,0.192952
3985.8,0.398089
1026.24,0.102607
1183.68,0.116833
5449.03,0.544136
692.206,0.0692191
2703.95,0.27023
2130.97,0.212966
1077.48,0.107646
1105.04,0.110481
1431.96,0.143174
2477.83,0.247595
1691.65,0.169022
1091.16,0.109091
1035.06,0.103495
983.151,0.0959057
826.732,0.0826579
799.018,0.0798801
1272.86,0.12697
1971.75,0.197123
1077.36,0.106896
1794.66,0.179174
1973.12,0.197097
1365.68,0.136235
1009.86,0.10096
1078.58,0.10766
769.848,0.0769727
1506.59,0.150629
566.394,0.0566164
878.666,0.0878531
923.743,0.0923351
1986.79,0.198497
851.667,0.0850455
888.018,0.0886674
1102.76,0.110239
1457.99,0.145766
1890.64,0.189054
1019.73,0.101918
1099.93,0.109986
725.539,0.0724913
1723.94,0.172374
1302.29,0.130182
1053.23,0.105229
608.644,0.060856
4732.87,0.472876
2455.62,0.245339
3814.96,0.381312
1353.71,0.135329
1343.95,0.13438
1153.78,0.115322
2050.57,0.204746
2699,0.268619
904.886,0.0903621
688.096,0.0687982
1330.54,0.132911
723.754,0.072279
1169.45,0.116875
1042.11,0.104193
3269.12,0.32681
1148.44,0.114826
926.851,0.0926731
1093.04,0.109293
907.305,0.0907048
518.558,0.0518505
1017.07,0.10168
1402.25,0.140085
1376.11,0.137498
15589.2,1.54817
2070.53,0.207039
2487.17,0.248235
833.632,0.0833418
1671.99,0.166901
3579.33,0.356671
1569.3,0.156907
1677.91,0.167619
5604.63,0.55976
2177.08,0.21721
949.794,0.0949668
1446.78,0.144552
1281.51,0.128019
2275.92,0.227368
1648.21,0.163933
1575.5,0.157537
616.389,0.0616319
957.668,0.0957624
852.011,0.0851931
1645.84,0.164567
1021.24,0.101865
1155.31,0.115452
869.742,0.0868145
1076.04,0.107577
1278.79,0.127802
952.032,0.0951869
806.743,0.0805546
1789.85,0.178945
1032.09,0.103184
2410.36,0.240909
817.701,0.0817413
2244.15,0.224316
1419.99,0.141949
1306.51,0.130587
1223.66,0.122354
862.681,0.0879344
2311.96,0.231045
1771.6,0.177142
1311.51,0.130829
1637.46,0.1637
1678.92,0.167207
845.85,0.0845655
1028.35,0.102825
1497.45,0.149739
7604.45,0.760228
1218.09,0.121756
1067.07,0.106676
7255.79,0.724502
1773.32,0.177272
1315.49,0.131544
1168.4,0.116731
1341.1,0.133986
645.021,0.0644433
1558.39,0.155798
971.321,0.0970627
1814.66,0.181452
784.341,0.0784061
1120.01,0.111829
957.403,0.0957164
2185.37,0.218494
1084.82,0.108092
895.967,0.0895822
1287.92,0.128779
622.359,0.0622212
1530.55,0.15302
976.876,0.0975546
424.688,0.0424674
827.639,0.0826306
1311.02,0.131061
15448.7,1.53812
1043.36,0.104319
757.196,0.0757032
515.689,0.0515614
1481.06,0.147995
789.804,0.0787676
2191.59,0.219009
2724.17,0.272319
1022.73,0.102259
3885.14,0.388214
724.031,0.0722823
1025.58,0.102377
2160.84,0.215885
783.382,0.0783014
906.605,0.0906333
1834.57,0.183433
5853.35,0.584383
1524.63,0.152359
3019.12,0.301842
963.791,0.0963729
999.989,0.0999662
1719.87,0.171967
773.493,0.0773422
1865.38,0.18649
7789.92,0.778533
1031.45,0.103122
3232.88,0.323198
1299.67,0.129955
774.843,0.0774793
1295.7,0.129495
1287.28,0.128702
948.901,0.094873
808.379,0.0808335
1959.6,0.195376
612.813,0.0612322
3708.31,0.351519
37434.1,3.68239
2498.51,0.249804
1448.71,0.144852
1037.07,0.103701
1218.82,0.121834
1113.62,0.111355
1092.48,0.109222
557.749,0.0557682
793.704,0.0791286
431.178,0.0431101
1222.68,0.122218
1050.78,0.105065
2493.14,0.249269
753.397,0.0753292
1082.16,0.108107
1309.88,0.130966
2626.25,0.262582
1286.76,0.128655
1053.06,0.1052
2047.75,0.20474
1457.43,0.145732
925.07,0.0924973
2078.06,0.207705
1593.96,0.159364
1132.28,0.113181
2625.81,0.262327
1971.28,0.196524
1538.79,0.15386
734.21,0.0733934
873.851,0.0873193
7375.09,0.736742
1246.41,0.12451
1096.99,0.109678
1282.65,0.128197
1097.57,0.109379
898.473,0.089716
1262.16,0.12619
1366.57,0.13663
1309.62,0.130604
869.005,0.0868812
1789.98,0.178909
1876.1,0.187089
1025.85,0.102538
1020.61,0.10205
656.027,0.0655931
1054.12,0.105234
1195.98,0.119388
952.459,0.0952229
2263.48,0.226041
9257.12,0.925004
1199.95,0.11989
1116.79,0.110846
1732.95,0.173256
1038.34,0.103816
1116.01,0.111546
1978.24,0.197716
726.097,0.0725922
1127.13,0.112704
1315.44,0.131482
2106.98,0.210629
950.453,0.0950191
1323.65,0.132224
1679.82,0.16789
1061.11,0.106069
1407.18,0.140588
2882.33,0.287481
811.529,0.0810661
1948.59,0.194827
932.357,0.0931933
2255.45,0.225481
922.622,0.0922479
1425.08,0.142429
3378.05,0.337179
879.826,0.0877157
1083.78,0.108327
990.243,0.0989459
786.291,0.0784374
716.33,0.071611
1444.4,0.144354
1969.36,0.196922
2399.89,0.239912
1317.17,0.131582
1559.61,0.155896
906.345,0.0906129
788.916,0.0788647
1244.2,0.124385
1860.05,0.181093
2001.31,0.200098
1973.61,0.197345
2609.85,0.260888
708.938,0.0708771
911.85,0.0878684
12728.1,1.26853
1700.98,0.169942
869.836,0.0869497
12309.2,1.23057
2096.13,0.209565
1450.33,0.144921
925.843,0.0925706
960.832,0.0960571
937.705,0.0937226
1070.55,0.107005
741.471,0.0740944
742.606,0.0742494
1067.12,0.106384
1225.09,0.122477
1510.64,0.150787
1160.74,0.116008
1438.64,0.143818
1009.85,0.100895
7526.65,0.752373
1044.4,0.104191
1018.46,0.101782
2510.73,0.250798
1612.43,0.160188
2128.3,0.212326
733.8,0.0733576
1911.02,0.191
2584.1,0.257808
950.731,0.0950063
702.679,0.0702599
903.531,0.0903423
1215.02,0.121488
7258.64,4.4646
892.578,0.0892429
585.942,0.0585649
1020.98,0.102042
928.514,0.0927779
589.542,0.0589352
924.946,0.0924664
1684.52,0.168341
1295.14,0.129493
19251.1,4.02478
1144.72,0.114426
590.351,0.0590074
1994.23,0.199324
1198.14,0.119512
2160.48,0.215628
897.249,0.0892619
1906.19,0.1906
537.041,0.0536914
3762.25,0.375402
787.726,0.0787615
1491.88,0.148863
1001.97,0.100163
667.869,0.0664231
1348.65,0.134797
1651.02,0.165081
679.95,0.0679809
1041.01,0.103963
1048.99,0.103383
909.044,0.090897
1131.91,0.111083
1881.9,0.187625
774.841,0.0774658
2307.93,0.23068
3909.9,0.390646
551.693,0.0551621
1673.82,0.167316
1570.88,0.157042
984.807,0.0984727
2010.15,0.200967
988.516,0.0987933
1221.57,0.122037
735.183,0.0735059
944.58,0.0943658
743.713,0.0743643
1692.73,0.159578
2689.45,0.26803
1233.01,0.123154
3898.77,0.389394
882.395,0.0882318
2037.86,0.203747
1219.09,0.121903
1102.19,0.110111
1704.44,0.170356
1304.69,0.130413
777.082,0.0774945
2080.47,0.207938
1091.08,0.109095
5083.6,0.507881
945.335,0.0944868
499.558,0.0498993
1226.04,0.122524
949.713,0.0949334
1774.74,0.176734
1606.46,0.160634
733.245,0.0732709
875.452,0.0875197
3739.59,0.372902
1735.79,0.173565
904.705,0.0904585
995.427,0.0995123
544.286,0.0544082
682.224,0.0682152
698.241,0.0698113
564.404,0.0564226
974.303,0.0973892
1410.12,0.140859
3181.04,0.317989
520.98,0.0520854
550.884,0.0550859
919.151,0.0918306
632.739,0.0632552
1197.07,0.119616
1744.07,0.174367
1685.26,0.168492
3283.25,0.327984
1572.76,0.157231
1336.12,0.133573
1725.03,0.172479
803.527,0.0803455
1451.85,0.145157
1881.41,0.187969
1754.3,0.175375
809.706,0.080692
601.286,0.0601235
1092.74,0.109265
1832.52,0.182982
1358.62,0.135767
1652.39,0.165207
1432.35,0.143187
6524.57,0.652229
1783.05,0.178067
922.623,0.092259
793.933,0.0793717
1000.38,0.100024
1242.69,0.124225
2683.81,0.268256
1772.07,0.177174
719.874,0.0718424
705.557,0.070528
2021.13,0.201788
867.414,0.0866934
714.668,0.0714589
1139.25,0.113006
770.7,0.0770469
2432.07,0.241374
964.987,0.0964688
2243.45,0.22432
731.396,0.0731337
1001.22,0.0999494
631.106,0.0631039
1435.27,0.143476
1669.59,0.166906
1108,0.110758
733.79,0.0733714
1117.07,0.111683
1248.49,0.124827
3434.1,0.343189
1417.18,0.141639
1933.03,0.193261
796.271,0.0795953
794.448,0.0794335
1310.77,0.130944
749.012,0.0748145
2025.56,0.202532
749.534,0.0749203
1723.14,0.172242
1660.13,0.165917
1285.86,0.128442
968.154,0.0967995
1530.77,0.153057
1109.33,0.110911
880.634,0.0880573
12005.3,1.19607
862.022,0.0861817
824.142,0.0822572
2402.26,0.24016
2939.06,0.293229
3291.75,0.328878
1151.47,0.115129
1619.37,0.161915
883.341,0.0882628
1887.15,0.188621
7199.44,0.719736
1779.12,0.177903
1057.82,0.105729
1299.14,0.12973
1491.64,0.148915
1577.24,0.1577
1316.59,0.131597
1397.36,0.139724
1633.68,0.163147
952.232,0.0951689
1401.11,0.140078
948.532,0.0947913
5043.48,0.503343
1733.77,0.173311
1026.35,0.102618
1016.38,0.10149
1300.83,0.12994
2034.32,0.203409
3696.46,0.368933
2410.07,0.240978
1401.69,0.140103
779.955,0.0779105
617.288,0.0616196
1371.45,0.137116
2237.98,0.223732
1055.16,0.105496
4180.92,0.417875
1641.06,0.164059
3045.93,0.304472
1277.32,0.12759
2296.92,0.229549
1303.67,0.130112
1039.13,0.103907
1168.61,0.116786
1204.5,0.120435
1056.23,0.105613
1255.14,0.125463
1537.3,0.153709
1890.62,0.188961
1311.13,0.130848
1434.92,0.143326
1217.32,0.121712
3253.1,0.325137
874.113,0.0873294
1021.83,0.102169
1242.19,0.124146
1629.51,0.162561
836.517,0.0836438
1532.11,0.152898
1028.02,0.102779
2370.24,0.236944
791.397,0.0791331
2378.91,0.237778
921.508,0.092083
910.574,0.0906832
1809.38,0.180865
1497.58,0.149544
2487.71,0.248419
2946,0.294496
1792.07,0.17871
620.258,0.0619325
975.211,0.0974306
7259.93,0.723667
645.414,0.0645231
2490,0.248808
635.242,0.0635084
1428.74,0.142854
869.562,0.0868914
1454.05,0.145356
1565.87,0.15654
1059.11,0.105871
1103.83,0.110325
1659.62,0.16593
762.25,0.0762136
2248.52,0.224689
4369.86,0.435634
2097.46,0.209646
890.378,0.0889364
380.59,0.0380555
1083.69,0.108259
1088.95,0.108801
1446.85,0.14466
1359.37,0.135895
2066.04,0.206533
1030.18,0.102991
1050.27,0.10501
761.129,0.076053
1344.42,0.13437
788,0.0787497
1449.09,0.144597
1799.16,0.179903
1290.34,0.128999
880.862,0.0880579
1615.48,0.161529
822.521,0.0821168
828.6,0.0828446
2883.37,0.288229
2099.34,0.209892
1060.13,0.105989
651.02,0.0650752
1698.88,0.168974
1624.69,0.162111
2112.28,0.211204
640.924,0.0640843
1527.86,0.152577
1421.57,0.142101
1078.51,0.107843
553.753,0.0553724
655.152,0.0654528
798.206,0.0797972
378.556,0.0378508
510.552,0.0509893
1640.8,0.16405
2410.86,0.240996
1534.82,0.153391
3418.96,0.341606
934.15,0.0933533
839.525,0.0839414
1793.12,0.17927
1635.53,0.163525
1643.91,0.164255
1066.52,0.1066
1187.64,0.118682
776.942,0.0774832
1124.44,0.112346
746.462,0.0746322
1814.4,0.181385
738.242,0.0738109
1102.5,0.109807
879.082,0.0878967
1003.23,0.100319
1896.62,0.189542
888.202,0.0886625
1744.51,0.174361
820.288,0.0820202
872.515,0.0872006
962.696,0.0962648
3382.53,0.337889
2721.69,0.271972
1983.65,0.198274
1637.02,0.163665
810.015,0.080981
2795.87,0.279384
1414.55,0.140617
1136.06,0.113587
1833.84,0.183217
2110.16,0.21077
1791.34,0.179064
648.405,0.0648383
463.203,0.0463048
1396.26,0.139478
1611.1,0.161074
644.003,0.0643081
1705.41,0.170148
1245.37,0.124439
1570.42,0.15697
1057.69,0.10574
785.271,0.0784891
4247.26,0.4238
1231.01,0.12291
1463.15,0.146051
1969.13,0.196809
887.998,0.0886896
853.187,0.0853103
1080.34,0.107943
4280.26,0.427409
1139.81,0.113963
1244.24,0.1243
1266.38,0.126577
739.084,0.0739002
1107.56,0.11068
3115.19,0.310926
1533.29,0.153292
1209.09,0.1209
925.977,0.0925784
1063.06,0.106144
1422.55,0.141684
1815.09,0.181216
1009.49,0.100945
1356.33,0.135535
1279,0.127848
1289.38,0.128851
1538.58,0.153796
1310.03,0.130938
1322.66,0.13222
821.638,0.0821466
1076.31,0.107598
736.841,0.0736428
997.023,0.0996891
1116.53,0.111625
980.012,0.0974836
1401.44,0.140034
1892.82,0.188183
1506.1,0.150483
2519.51,0.251851
941.768,0.0940837
1792.75,0.179232
1498.15,0.149773
3234.92,0.323402
4840.59,0.48381
2008.52,0.200771
1640.22,0.164006
1015.95,0.101533
2665.24,0.266468
763.774,0.0759057
2327.75,0.23274
2645.35,0.264498
1149.17,0.114829
1153.71,0.115364
586.405,0.0585584
1197.45,0.11973
1334.57,0.133441
1457.55,0.145743
1661.74,0.166113
803.593,0.0802915
13573.2,6.89025
1528.44,0.15281
1615.89,0.16157
1379.72,0.137683
1342.49,0.134152
1735.27,0.173494
1170.85,0.117074
716.379,0.0715934
936.366,0.0936048
1361.93,0.136025
1440.61,0.144055
702.425,0.0702268
1304.23,0.130249
2489.22,0.248839
882.66,0.0882245
958.865,0.0958448
880,0.0878669
1292.28,0.129198
3338.66,0.333646
2365.09,0.236279
1300.17,0.129977
946.416,0.0945343
3469.45,0.345993
1070.06,0.107002
3264.01,0.326257
944.879,0.0944626
1618.02,0.161562
1581.73,0.158025
1395.22,0.139499
918.555,0.0918445
1176.93,0.117637
632.562,0.0632486
2344.59,0.23443
1076.55,0.107637
1363.78,0.1363
1782.19,0.178005
3226.07,0.322522
1340.96,0.134069
1096.96,0.109687
676.197,0.067597
671.896,0.0671681
821.336,0.0820743
1711.66,0.171154
1351.39,0.135074
1141.5,0.1141
1172.52,0.117146
903.186,0.08741
839.534,0.0839389
9141.28,0.912495
2176.34,0.217608
2003.85,0.20031
1345.42,0.134497
930.517,0.0930339
1107.25,0.110717
1782.52,0.178234
2261.85,0.225555
1012.07,0.101195
1264.98,0.126453
1610.81,0.160792
2937.14,0.293558
1966.76,0.196531
772.88,0.0772829
790.216,0.0789926
1229.25,0.122906
1489.12,0.148886
7240.72,0.722603
1025.44,0.102522
5425.06,0.542313
6825.29,0.680269
1001.03,0.100001
749.18,0.0748666
863.569,0.0863526
1251.62,0.12515
1417.23,0.141591
771.713,0.0770775
2720.98,0.272038
1191.61,0.119156
1115.85,0.111581
2009.57,0.200733
961.767,0.0961231
1194.83,0.119478
3619.08,0.361232
1906.53,0.167227
1166.21,0.116339
860.121,0.0859935
1533.86,0.153263
1459.59,0.145947
881.717,0.0881469
2165.01,0.216349
1268.28,0.126818
1114.1,0.111209
769.882,0.0769837
896.826,0.089633
1393.02,0.13923
865.935,0.0865863
1101.6,0.110129
2142.2,0.312363
689.971,0.0689929
1501.68,0.150136
911.999,0.0911931
1173.4,0.117284
1918.04,0.191776
1009.61,0.0998198
1788.55,0.178794
1244.07,0.124377
1004.14,0.100399
929.172,0.0925838
890.623,0.0890297
1272.94,0.127285
1109.88,0.110951
1115.1,0.111507
1630.41,0.162864
738.12,0.0737734
3725.8,0.372249
1515.68,0.151548
3210.12,0.320575
1389.82,0.13872
2216.01,0.221456
1048.01,0.104786
1438.54,0.143753
1223.95,0.122384
4652.41,0.464583
723.93,0.072385
676.311,0.0676302
582.034,0.0582015
1439.8,0.143946
1026,0.102547
798.64,0.0798519
839.112,0.0838414
682.447,0.0682355
2109.21,0.210763
829.024,0.0824864
1221.2,0.122055
388.583,0.0388391
938.712,0.0938553
1265.51,0.126546
1397.61,0.139601
1143.83,0.114337
1232.05,0.122774
726.362,0.0723076
1765.98,0.176437
1579.9,0.157854
1278.72,0.127857
1225.18,0.122421
1401.1,0.140084
1341.83,0.134113
1179.95,0.117972
1572.05,0.157172
978.645,0.0977398
804.543,0.0804355
2078.76,0.207739
792.505,0.0791569
1067.03,0.106664
1273.44,0.127333
2081.83,0.207548
953.788,0.0952967
2593.94,0.259346
2459.17,0.245513
1126.31,0.112556
926.822,0.0926629
3147.82,0.310605
1012.9,0.100921
862.545,0.0862474
1183.33,0.118328
1415.83,0.141488
580.997,0.0580878
1424.2,0.14235
1396.62,0.139605
1408.27,0.140814
888.312,0.0885749
893.398,0.0893324
713.314,0.071326
932.132,0.0932003
635.64,0.0635371
919.329,0.0918913
842.725,0.0842613
1439.55,0.143105
1941.05,0.183842
672.264,0.0672
2095.31,0.20949
5217.95,0.519777
3056.94,0.305315
2026,0.202163
782.031,0.0770823
729.745,0.0721422
3573.6,0.3571
2975.03,0.297302
2182.29,0.217977
26113.4,2.58162
993.17,0.0992195
18261.4,1.82023
795.345,0.0794357
806.489,0.0806114
1527.38,0.15266
1477.5,0.147732
1620.96,0.162084
1339.17,0.13387
1679.64,0.167916
2664.08,0.26624
1132.89,0.113165
4372.02,0.436354
911.258,0.091003
1008.05,0.100794
2419.14,0.241517
1877.91,0.187763
1085.22,0.108497
856.627,0.0856331
1195.81,0.119533
1173.25,0.117237
2979.95,0.297808
1023.03,0.102285
3245.23,0.324366
875.371,0.0875089
2525.22,0.252184
864.559,0.0863498
5783.71,0.578013
635.824,0.0635655
772.722,0.0770248
975.372,0.0974674
1837.39,0.183707
1334.33,0.132536
3626.76,0.362376
2907.06,0.290537
1160.47,0.116027
3532.92,0.352646
1177.8,0.117731
2088.74,0.208673
1449.19,0.144908
1745.6,0.17447
1406.82,0.140647
721.364,0.072125
1206.89,0.120656
620.067,0.0619926
1335.39,0.133456
1096.32,0.109588
1270.64,0.126857
3036.38,0.303558
4441.96,0.443646
1108.51,0.110847
1817.85,0.181753
3060.95,0.306035
2045.63,0.204167
991.343,0.0991242
2830.55,0.280401
765.49,0.0765253
1664.45,0.166146
670.091,0.0668393
2948.64,0.29354
913.069,0.0912216
1470.52,0.146961
1454.15,0.144854
3118.27,0.311596
1078.35,0.107831
1263.37,0.126273
4546.98,0.45435
1186.53,0.118629
912.633,0.0912563
1760.48,0.176024
2352.46,0.239391
784.369,0.0784171
564.651,0.0564365
1151.87,0.115166
1838.49,0.183826
2008.06,0.200745
12388.7,1.23721
2357.11,0.2353
732.481,0.0732276
1101,0.110026
1135.58,0.113133
662.226,0.0661678
1404.16,0.140138
1625.43,0.161599
2326.3,0.23262
4882.98,0.488182
1575.2,0.157497
538.546,0.0538357
617.88,0.0617018
2635.19,0.261787
941.961,0.0940281
1151.82,0.115171
1123.64,0.112356
2393.94,0.238994
1528.81,0.152433
1003.06,0.100297
2381.36,0.238092
2306.91,0.23019
1721.95,0.172159
1719.11,0.171747
5054.51,0.504406
4955.52,0.49496
794.274,0.0794026
1248.78,0.124842
645.597,0.0645531
2174.89,0.217479
994.596,0.0989384
1255.42,0.125509
1143.89,0.114332
755.835,0.075537
804.206,0.0802646
1533.72,0.153358
848.053,0.0847685
2260.76,0.225963
2296.8,0.229569
1230.25,0.123012
1321.28,0.132123
1025.73,0.102555
3609.34,0.360812
2142.71,0.214123
4655.32,0.465197
2947.05,0.294645
1996.75,0.199442
1850.87,0.18472
1652.9,0.164846
2410.57,0.240963
3243.81,0.324129
7448.54,0.744622
876.583,0.0873016
1782.64,0.178213
1302.08,0.13017
4207.96,0.419731
2550.48,0.254916
917.987,0.0916931
1218.56,0.121842
4532.1,0.452756
681.227,0.0680788
1559.18,0.155892
1600.5,0.159717
1006.23,0.100544
1978.99,0.196736
9817.21,0.978642
806.905,0.0806742
1239.56,0.123837
776.737,0.0776591
632.839,0.0632765
2305.92,0.230522
941.859,0.0941276
6473.54,0.643919
860.616,0.086055
1265.85,0.126574
989.287,0.0988807
2673.05,0.267209
661.971,0.0661896
1302.09,0.130123
13068.3,1.30352
1667.21,0.166546
1543.24,0.154104
21157.8,2.10662
1701.84,0.170067
867.331,0.0866636
545.655,0.0545285
2251,0.222241
798.297,0.0798194
1598.16,0.159748
8126.14,0.811206
1121.31,0.112012
1051.8,0.105147
724.464,0.0724176
3880.38,0.387764
1197.82,0.119768
2047.92,0.204775
1456.87,0.145606
1171.81,0.117174
703.002,0.0702796
2195.62,0.219402
18189.1,2.68233
2703.53,0.270075
1028.43,0.102832
916.437,0.0915507
1301.36,0.130074
517.095,0.0516862
611.348,0.061109
982.112,0.098181
1743.43,0.174179
1492.06,0.148233
1058.6,0.105819
1437.34,0.143663
2400.39,0.239835
2000.04,0.199938
577.462,0.0577367
959.785,0.0958194
1212.52,0.12121
885.067,0.0884213
2294.4,0.22933
718.571,0.0718165
555.701,0.0555538
1010.22,0.100978
1418.51,0.141828
1025.39,0.102403
765.742,0.0765544
1750.16,0.174994
2772.64,0.277225
1315.86,0.13154
1308.51,0.130772
736.827,0.0736715
1607.32,0.160721
1648.43,0.164832
962.168,0.0961625
889.834,0.088975
734.46,0.0734435
1041.12,0.104083
976.211,0.0975762
1377.14,0.137464
12489.1,1.2455
2745.14,0.274183
2106.92,0.210104
1575.17,0.157273
2474.39,0.246821
1439.6,0.143864
664.909,0.066419
3760.45,0.416587
629.75,0.0629724
1047.3,0.104642
1233.62,0.123308
752.051,0.075029
1755.95,0.175363
2386.05,0.238564
1706.11,0.170514
890.308,0.0888734
925.737,0.0925241
2018.19,0.201707
1435.05,0.143464
1095.45,0.108004
1372.75,0.137078
475.684,0.0474601
13747,1.37383
1050.58,0.105034
962.339,0.0962258
1073.04,0.10726
842.252,0.0840059
7404.38,0.739223
1161.03,0.11607
1310.8,0.131016
681.669,0.0681377
3935.7,1.3446
1399.14,0.139835
2081.9,0.208075
1003.15,0.100305
734.211,0.0734117
3322.9,0.331577
1098.78,0.109867
1422.95,0.142248
1776.64,0.17761
2235.66,0.222858
1219.09,0.121889
7660.12,0.764594
900.612,0.0884219
912.777,0.0911726
1716.27,0.171619
1485.06,0.148455
1102.07,0.110199
1394.71,0.139328
642.261,0.0641929
1027.58,0.102748
3450.72,0.344874
1245.69,0.12456
1857.64,0.185347
1677.11,0.167649
1217.42,0.121694
959.073,0.0958614
1199.47,0.119774
1637.28,0.163694
701.437,0.0700179
1146.52,0.114615
1271,0.12709
1595.02,0.159275
1180.16,0.117993
2424.97,0.242473
827.469,0.0826772
1885.77,0.188486
660.959,0.0660881
2455.32,0.245489
2664.85,0.26615
637.988,0.0637799
871.414,0.0871389
1408.8,0.140844
452.009,0.0451711
1178.95,0.117876
1282.37,0.128204
2145.73,0.214464
891.658,0.0891288
1844.85,0.184469
651.893,0.06518
1193.33,0.119276
1035.67,0.103525
1060.02,0.105996
1409.18,0.140905
2187.19,0.21868
1431.27,0.143096
22992.9,2.28524
1877.52,0.187201
990.018,0.0989951
1013.9,0.101385
1625.09,0.162416
1492.68,0.149247
1576.31,0.157147
1015.72,0.101565
532.413,0.0531844
1543.68,0.154221
2911.85,0.290994
1739.24,0.17522
1104.22,0.110386
784.554,0.0784463
881.324,0.0881069
1576.38,0.157588
4015.86,0.401444
644.589,0.0644429
1142.26,0.114206
773.945,0.0769955
1046.37,0.104612
1767.98,0.176675
3123.9,0.312157
857.11,0.0855845
1056.68,0.105652
646.16,0.0646138
862.078,0.0861951
1828.35,0.18252
2265.94,0.226355
2490.91,0.249055
1199.32,0.119861
2480.85,0.247566
2100.27,0.209972
1041.37,0.103412
3458.71,0.345812
1223.48,0.122315
590.486,0.0590476
1279.37,0.12789
1405.68,0.140542
1275.33,0.127506
749.95,0.074984
562.561,0.0562465
14041,1.40161
1060.46,0.106017
1048.6,0.104828
2004.54,0.200345
19798.9,1.96369
1015.81,0.100949
1219.81,0.121838
997.852,0.0997276
2315.13,0.231401
3199.75,0.319829
1057.02,0.105647
1776.35,0.177596
751.65,0.0751556
2219.14,0.221687
5054.74,0.505186
1477.39,0.147297
1078.7,0.107844
918.532,0.0918391
1314.59,0.131449
1111.23,0.110995
1800.75,0.179978
774.638,0.0771564
1109.38,0.110759
1539.92,0.153939
779.563,0.0779258
1532.94,0.153285
972.628,0.0972344
3698.4,0.369726
5007.75,0.500645
1242.27,0.124217
1652.73,0.16517
908.355,0.0908116
1199.73,0.119907
1173.54,0.117332
1174.71,0.117421
1111.79,0.111143
396.122,0.0396107
765.49,0.0765409
1169.23,0.116863
590.481,0.0590114
1322.5,0.132206
1709.41,0.1709
1029.59,0.102945
1006.83,0.100669
908.147,0.0907883
1268.67,0.126785
1804.25,0.180359
1132.88,0.113271
1899.35,0.189884
1170.69,0.117045
1202.84,0.118578
1083.73,0.108366
1625.05,0.162354
2042.93,0.20427
1067.03,0.106671
1510.67,0.151056
2772.81,0.277181
1339.58,0.133937
992.728,0.0992229
16485.7,1.64326
932.53,0.093207
1150.59,0.114857
843.483,0.0843345
714.288,0.0706895
1293.7,0.129244
1080.49,0.107976
699.934,0.0699207
1518.55,0.151834
967.028,0.0964199
1214.54,0.121433
2054.13,0.205347
1960.62,0.196015
919.645,0.0919491
1205.29,0.12051
737.23,0.0737193
1302.91,0.13024
1469.99,0.146764
676.747,0.0676718
1036.92,0.10366
690.652,0.069046
11955.9,1.18633
1422.79,0.142209
2903.52,0.289776
1812,0.181118
1442.38,0.143508
2545.42,0.254319
804.501,0.080437
723.637,0.0722164
1692.05,0.169194
464.154,0.0464113
5873.56,0.587205
1201.2,0.120062
1775.31,0.17695
1418.17,0.141686
972.476,0.0972278
7872.98,0.785502
1004.58,0.10043
1259.01,0.125884
753.122,0.0752924
1188.14,0.118782
1055.83,0.105399
689.862,0.0689121
4489.7,4.67965
961.695,0.0961042
19053,1.90019
477.456,0.0476865
981.528,0.098051
1446.33,0.144499
1877.34,0.187672
527.292,0.0526586
681.697,0.0681415
2186.19,0.218237
867.469,0.0867247
1194.13,0.119377
933.791,0.093318
655.954,0.0655428
1378.49,0.137843
2774.87,0.277328
852.571,0.0852442
1496.29,0.149532
1948.81,0.194839
889.8,0.0888703
4318.75,0.431844
4052.99,0.404147
1038.07,0.103758
1493.7,0.149227
1152.88,0.115041
779.331,0.0779175
1599.3,0.159899
3064.49,0.3064
1336.32,0.133605
1314.22,0.131378
780.108,0.0779425
2171.03,0.216679
1985.9,0.197247
3253.52,0.325207
1754.31,0.175228
720.472,0.0720375
614.591,0.0614458
801.917,0.0801851
818.423,0.081812
885.451,0.0885365
714.306,0.0713561
1537.51,0.153728
2038.61,0.203659
745.354,0.0744851
1864.01,0.186348
1122.65,0.112253
1106.07,0.110522
1631.07,0.162468
845.108,0.0843442
1451.37,0.145056
1012.69,0.101241
1203.74,0.120058
827.192,0.0826512
6035.84,0.603312
656.258,0.0655942
683.327,0.0683259
869.691,0.0866965
1738.09,0.173774
594.364,0.0594324
981.037,0.0980921
1000.65,0.10005
3583.77,0.358169
1101.56,0.10795
1733.27,0.173286
1377.43,0.137716
1675.24,0.167489
2393.1,0.237727
1474.18,0.147247
645.966,0.0645708
1506.3,0.150617
421.256,0.0420859
599.021,0.0598644
1257.82,0.125727
820.56,0.0818422
735.295,0.0732569
852.515,0.0852087
703.209,0.0703195
1432.72,0.143253
1612.36,0.161202
1639.11,0.163397
1649.59,0.164906
2239.86,0.223928
1082.19,0.107837
5172.22,6.43676
1572.25,0.157168
5822.9,0.581982
2019.15,0.201391
1673.94,0.167048
1580.41,0.157993
1099.03,0.109877
1688.25,0.167521
1202.18,0.120205
718.135,0.0717715
938.996,0.0938744
913.868,0.0913645
1690.95,0.169084
931.831,0.093091
1441.23,0.144114
849.506,0.0849346
1759.16,0.175853
986.518,0.0984673
931.397,0.0930547
944.02,0.094397
1137.48,0.113736
6553.48,0.655085
956.409,0.0955996
1358.28,0.135607
1272.88,0.127238
1078.48,0.107675
1866.09,0.186425
948.093,0.0947266
3424.31,0.342014
1227.37,0.122681
1432.47,0.143219
1002.81,0.100152
2171.06,0.217033
607.224,0.0607187
1006.44,0.100603
1041.93,0.104077
779.982,0.0777207
1014.91,0.101473
2163.51,0.216201
878.711,0.0878613
3081.45,0.30808
2306.24,0.23035
3111.29,0.310316
1051.37,0.105117
615.46,0.0615427
2161.99,0.216075
1062.83,0.10567
1829.37,0.181977
961.263,0.0959589
2605.87,0.260512
954.05,0.0954009
1034.13,0.103111
1718.22,0.171639
655.153,0.0655103
1109.45,0.110884
937.728,0.093748
804.173,0.0802444
3147.81,0.314499
978.226,0.0977229
1783.75,0.177321
2165.72,0.216335
1122.91,0.112263
2152.67,0.215096
2705.87,0.269917
1967.99,0.196706
723.585,0.0723569
841.171,0.0840541
1855.14,0.185486
1974.55,0.197442
4330.24,0.432902
2587.82,0.257276
1139.89,0.113953
10682.6,1.06336
1062.15,0.106205
1398.95,0.139872
1170.75,0.117048
1999.02,0.199876
1272.6,0.127231
1254.88,0.125433
1024.96,0.102475
1377.3,0.137489
1147.36,0.114699
692.451,0.0692306
1228.64,0.122816
2076.85,0.207503
633.658,0.0632709
2793.6,0.279213
1199.74,0.119928
1292.38,0.129211
1343.05,0.134279
559.944,0.0559716
1779.44,0.177919
3632.45,0.362959
1147.46,0.114701
831.911,0.083156
1059.63,0.105868
816.667,0.081644
852.503,0.0852452
1655.69,0.165517
1545.61,0.154549
748.772,0.0748343
1001.65,0.100113
1198.09,0.119772
1570.53,0.156993
1221.26,0.12211
995.758,0.0995173
1158.18,0.115745
1025.33,0.102522
1140.42,0.114032
1535.74,0.153549
975.416,0.0975208
1130.95,0.113034
1501.03,0.150053
3588.51,0.356418
719.324,0.0719198
843.285,0.0843037
2545.48,0.254464
884.778,0.0884635
847.922,0.0847898
1001.78,0.10013
11118.2,6.33937
1191.68,0.11915
1304.38,0.130395
1721.44,0.172
978.931,0.0978821
2261.62,0.226091
883.583,0.0883407
8667.99,0.865901
9104.83,0.894444
508.366,0.0508183
946.639,0.0946604
1721.61,0.172093
1611.82,0.161171
1368.97,0.13675
710.588,0.0710378
439.128,0.0439112
1348.84,0.134594
748.255,0.0748048
1183.82,0.118337
1956.37,0.195616
717.707,0.0717447
1381.66,0.138112
1656.66,0.164515
925.733,0.0924987
2709.11,0.270761
3519.79,0.3515
882.796,0.0881366
2941.09,0.293889
2034.17,0.2184
1365.94,0.136497
1164.23,0.11605
970.16,0.0970068
1934.44,0.193377
740.547,0.074049
745.185,0.0744967
11455.3,1.1445
2128.14,0.212744
719.939,0.0719787
824.669,0.0824084
1861.73,0.186114
1083.79,0.108359
717.152,0.0716949
834.178,0.0833132
1325.57,0.132526
4910.39,0.490859
693.08,0.0691924
936.895,0.0680225
3941.85,0.393956
545.706,0.054561
548.409,0.0547819
808.571,0.0808147
1694.24,0.169371
1549.88,0.154318
1504.34,0.150404
3614.73,0.361052
1125.34,0.112525
950.164,0.094839
1678.5,0.167757
984.392,0.0984096
1206.09,0.120585
1769.39,0.176909
1347.06,0.134363
3600.31,0.359906
1579.19,0.157519
4240.06,0.423141
1075.96,0.107492
1008.12,0.100798
874.047,0.0873882
1623.52,0.162312
812.382,0.0811354
1188.57,0.118848
777.752,0.077691
591.365,0.0591094
684.715,0.0684503
3952.82,0.397455
1022.51,0.102196
857.97,0.0857848
829.366,0.0829277
595.774,0.0595435
3216.2,0.321547
1252.27,0.125146
1238.73,0.123828
859.632,0.0859356
1891.61,0.188977
1566.74,0.156571
1977.55,0.195643
3831.7,0.382401
979.263,0.0979186
8666.64,0.865388
936.206,0.0933929
875.887,0.0874038
757.195,0.0756966
1238.53,0.123548
2405.27,0.240331
741.124,0.0740635
1862.27,0.18616
1339.8,0.133976
1309.29,0.13085
858.781,0.0858676
1132.27,0.113205
855.845,0.0855556
789.746,0.0789407
1354.32,0.135396
1762.82,0.176234
1741.49,0.174109
3096.52,0.309533
863.256,0.0862992
1478.75,0.147663
1152.39,0.115221
1552.4,0.155227
3750.13,0.374301
790.206,0.0789719
1517.88,0.151782
1912.53,0.191165
899.533,0.0899073
1347.91,0.134747
1566.43,0.156419
908.42,0.0908229
1219.46,0.121921
1266.57,0.126654
1093.87,0.109314
1711.38,0.171127
7888.44,0.787874
1025.51,0.102514
1039.64,0.10385
883.602,0.0883444
1531.86,0.153172
869.442,0.086937
825.861,0.0825789
1395.78,0.139561
1778.84,0.10662
956.599,0.0956533
1379.7,0.137907
2786.22,0.278291
1343.86,0.134125
815.69,0.0815032
2344.23,0.234338
1921.94,0.192123
1097.44,0.109506
1207.36,0.12062
770.503,0.0770413
1531,0.153006
9495.53,0.94852
849.451,0.0849324
5053.7,0.504634
2650.71,0.265008
1287.18,0.128685
778.841,0.0778535
1052.06,0.105186
1094.47,0.109059
857.997,0.0857906
1527.39,0.152645
1588.21,0.158769
3203.43,0.320089
1220.77,0.121988
1078.75,0.107799
718.861,0.0718822
1462.74,0.146267
839.941,0.0839131
1463.38,0.14629
1160.75,0.115985
1466.53,0.146507
894.664,0.0894501
1750,0.174589
6967.04,0.694524
1065.84,0.106551
1092.85,0.109249
1396.61,0.139628
1399.5,0.139947
991.596,0.099145
1425.19,0.14245
863.152,0.0858246
1658.71,0.165799
1480.95,0.148061
911.984,0.0911888
1692.31,0.169189
1345.53,0.134415
1198.26,0.119748
1797.05,0.179668
1549.61,0.154948
1501.73,0.150116
1365.97,0.13657
1119.7,0.111937
786.871,0.0786834
1509.95,0.150815
4285.62,0.427968
935.389,0.0934988
814.464,0.0814123
1405.99,0.140549
938.803,0.0936661
3137.77,0.313671
4296.02,3.4046
1040.74,0.104039
1112.35,0.111224
969.548,0.0968753
3053.06,0.305245
1060.22,0.105795
2085.5,0.208373
1067.8,0.106751
1425.59,0.142308
892.376,0.0892124
905.691,0.0905515
610.614,0.0610219
1258.97,0.125467
792.976,0.0792475
1783.2,0.177577
797.073,0.079651
938.313,0.0937493
781.128,0.0780006
2012.73,0.201188
1014.49,0.101351
780.372,0.0779811
527.734,0.0527696
2885.34,0.28794
862.146,0.0862057
1963.9,0.196324
1157.95,0.115758
748.689,0.0748613
5651.76,3.55649
1486.6,0.148522
1884.15,0.188376
2467.69,0.24642
1013.22,0.101297
1368.99,0.136878
1660.64,0.166029
1278.09,0.127741
2166.73,0.216587
2483.43,0.248242
3562.01,0.355315
1155.7,0.115539
4994.28,0.498713
1362.8,0.136269
1079.97,0.107978
2292.94,0.22922
1609.49,0.160935
884.626,0.08842
1398.63,0.139748
374.489,0.0374265
737.722,0.073752
761.118,0.0760482
899.682,0.089961
2523.91,0.25203
1544.72,0.154427
5880.71,0.586899
1786.05,0.178558
1170.38,0.11697
3391.63,0.339023
1796.44,0.179508
1335.06,0.133177
990.458,0.0990329
1194.92,0.119415
668.804,0.066835
1004,0.100232
1258.56,0.125817
1461.6,0.146012
1713.59,0.171275
1704.82,0.17042
993.617,0.0992823
4305.86,0.430405
1729.74,0.172119
907.084,0.0904748
646.704,0.0646411
1418.85,0.141858
810.136,0.0810034
1146.7,0.114634
2064.97,0.205974
990.612,0.0989939
750.339,0.0750155
3201.48,0.320058
4102.27,0.410033
959.372,0.0952568
1758.04,0.175765
1442.13,0.144199
4854.39,0.484699
761.722,0.0761324
2303.99,0.230049
1327.24,0.132695
780.296,0.0780135
1924.73,0.192334
5001.49,0.499867
1050.37,0.104732
857.711,0.0856934
794.863,0.0794828
2314.4,0.231395
1337.24,0.133235
2303.31,0.230285
1249.48,0.124943
917.459,0.0917184
1145.33,0.114393
1928,0.192682
1351.36,0.135102
707.365,0.0706812
3547.61,0.3543
1412,0.141163
2255.64,0.22552
4010.33,0.39886
523.928,0.0523799
694.702,0.0694451
786.323,0.0786245
1679.43,0.167863
1922.54,0.192102
591.188,0.0591051
1877.87,0.187684
2840.69,0.283607
3310.65,0.330988
4276.39,0.427487
1206.58,0.120651
1883.27,0.188204
1162.45,0.116174
2029.64,0.202924
1979.23,0.197867
1303.26,0.13025
486.931,0.048679
963.568,0.0963416
1340.17,0.133938
17688.1,3.70325
1704.46,0.170411
4048.13,0.404563
1481.86,0.147986
964.63,0.0964573
743.553,0.0742766
1364.42,0.136388
624.374,0.0624276
3653.92,0.365148
1357.31,0.135544
2533.98,0.25325
706.851,0.0706784
713.108,0.0713095
5563.29,0.556204
954.286,0.0954062
1152.85,0.114797
1318.83,0.131767
991.123,0.0990712
1117.07,0.111637
1476.7,0.147642
1057.29,0.105289
1576.72,0.157631
5023.05,0.501798
1326.47,0.132632
1406.32,0.140567
1038.11,0.103802
1648.82,0.164794
1842.27,0.18416
1162.79,0.11625
850.599,0.0849611
1561.05,0.156092
1561.86,0.156097
1625.37,0.16218
3008.31,0.300745
909.55,0.0909285
4599.85,0.459413
2173.04,0.217141
2908.28,0.290699
1041.79,0.104149
941.538,0.0941237
1676.78,0.167614
3772.2,0.377094
886.702,0.088603
1152.59,0.115156
1564.52,0.156144
827.098,0.0826937
2315.83,0.231394
846.015,0.0845677
1942.16,0.193828
2377.51,0.237674
2754.48,0.275368
1131.86,0.113171
1099.9,0.109963
1295.41,0.129498
1080.03,0.107609
1807.65,0.180699
812.845,0.0812716
6572.26,0.655372
1021.29,0.102104
1028.51,0.102744
1293.35,0.129286
1932.85,0.19327
2189.27,0.218596
930.531,0.0930451
599.303,0.0599173
1196.18,0.119592
4663.25,0.463703
1143.42,0.114331
1224.77,0.122454
619.845,0.0619794
1569.16,0.156497
17681.9,1.76591
1014.86,0.101431
1773.45,0.177069
1112.94,0.111137
1126.44,0.112559
832.158,0.0831294
2371.02,0.236852
1181.19,0.118057
1765.72,0.176498
1925.89,0.192546
2632.58,0.263152
551.984,0.0551956
4382.71,0.43818
829.438,0.082919
9193.65,0.915294
1158.94,0.115883
1360.14,0.136001
1641.46,0.164098
3411.31,0.340827
825.993,0.0825056
5463.99,0.546128
1112.09,0.111096
5744.8,0.573517
1034.54,0.103104
820.154,0.0820108
1288.68,0.127549
1070.96,0.106742
1592.6,0.159151
861.221,0.0860685
1540.96,0.154043
1657.03,0.165692
2008.31,0.200753
1028.02,0.102746
3141.14,0.313907
879.228,0.0879102
1226.59,0.122422
1458,0.145746
1382.75,0.138212
1876,0.186288
946.657,0.0946408
900.369,0.0900344
2525.53,0.25229
1175.82,0.117564
1128.89,0.112845
1064.4,0.106348
3772.46,0.377017
2062.12,0.205953
1277.99,0.127763
760.899,0.0760589
1978.21,0.197624
1391.11,0.13907
685.777,0.0685264
798.574,0.0798201
1130.89,0.113054
1719.89,0.171909
832.205,0.0831711
967.459,0.0966881
3116.63,0.311504
2372.09,0.237078
2054.33,0.205356
787.159,0.0787101
959.08,0.0958751
2312.27,0.231198
1404.91,0.140411
5573.66,0.556807
4929.04,0.492699
1831.39,0.183094
12046.8,2.3653
868.443,0.0868243
1358.63,0.135826
2119.4,0.211881
943.823,0.0942216
1222.3,0.119656
417.529,0.0417372
642.13,0.0642055
1036.22,0.103605
677.944,0.0677202
883.946,0.0883835
2070.66,0.207037
1199.85,0.119913
1523.45,0.152328
799.014,0.079878
1570.54,0.156998
1362.72,0.136268
956.19,0.0955701
752.691,0.0752416
1489.19,0.1489
1089.79,0.108943
1319.89,0.130769
1828.8,0.182714
1235.08,0.123448
6142.44,0.613184
2273.26,0.227235
805.144,0.0804567
724.07,0.0723921
947.379,0.0946955
2145.44,0.214115
1312.96,0.131133
1236.93,0.123565
1562.87,0.155835
1020.45,0.100969
574.129,0.0573275
649.583,0.0647707
790.897,0.0784045
1841.14,0.184056
2264.4,0.226318
1626.46,0.162618
681.855,0.0680429
1062.62,0.106015
851.564,0.08513
1285.25,0.128486
1640.22,0.164005
12360.1,3.98327
1788.73,0.178831
2597.91,0.259303
978.992,0.0978329
1326.1,0.132583
1036.38,0.103608
1096.6,0.109567
941.3,0.0940398
1085.34,0.108518
997.537,0.0996741
2345.59,0.234516
978.557,0.0978279
791.863,0.0791687
2018.38,0.201703
1142.97,0.114159
1535.96,0.153548
1196.51,0.119632
1256.23,0.125577
1413.27,0.141225
1522.66,0.152195
5153.92,0.514273
929.331,0.0928437
1160.27,0.116003
962.284,0.0960372
4763.61,0.47554
695.236,0.0695169
868.771,0.0868399
1208.45,0.120486
1272.85,0.127234
800.298,0.0800237
1953.56,0.19532
1289.05,0.128843
709.221,0.0709032
734.808,0.0734409
1873.97,0.18727
901.759,0.090101
1165.44,0.116477
1523.27,0.152211
1839.12,0.182842
2993.87,0.299065
2071.93,0.207148
574.868,0.0574806
2784.97,0.278007
973.62,0.0973169
1357.39,0.135603
1092.53,0.109228
2453.94,0.245313
1015.08,0.101492
865.054,0.0864845
1007.92,0.100664
953.395,0.0953266
1203.29,0.120215
1685.59,0.168448
1032.98,0.103275
932.073,0.0930974
2404.34,0.240041
8549.01,0.853553
4194.17,0.419375
1043.79,0.104342
2193.48,0.219266
734.793,0.073464
2193.05,0.219273
1485.14,0.148493
1371.22,0.137039
379.276,0.0379205
2876.28,0.287544
4082.22,0.407104
1007.97,0.100784
859.119,0.0858911
5812.28,0.580767
1551.33,0.154829
459.996,0.0459971
2087.21,0.208107
2153.87,0.215153
4477.23,0.447401
1869.59,0.186917
1276.93,0.127688
2836.7,0.283352
938.158,0.0937853
588.348,0.0588157
816.146,0.0815732
676.58,0.0676561
3734.22,0.373299
2256.78,0.225467
1400.28,0.138968
1997.5,3.71773
1199.79,0.119858
3547.79,0.354053
1361.12,0.136077
1933.22,0.193251
4925.67,0.49249
2581.31,0.258107
855.01,0.0854864
1284.8,0.128292
1950.51,0.19497
700.113,0.0699848
2334.76,0.233388
1361.3,0.136097
1352.51,0.135235
1163.21,0.116312
1522.28,0.152091
1642.1,0.163911
893.015,0.089242
582.425,0.0582134
1169.19,0.116879
1620.47,0.161992
787.404,0.0786987
2970.74,0.296902
936.795,0.0936608
1575.3,0.157479
2104.75,0.210353
1196.74,0.119558
13391.4,3.94538
2469.36,0.246793
2010.72,0.201014
1029.6,0.102941
4188.7,0.418029
1486.21,0.148503
1404.98,0.140204
3083.19,0.307623
1121.03,0.112082
832.739,0.0832536
958.641,0.0958466
909.655,0.0891727
7436.02,1.3521
1207.23,0.12069
1005.2,0.100507
739.453,0.0739241
1707.18,0.170618
2797.48,0.27057
1026.82,0.102639
1157.35,0.115728
1998.96,0.199825
1763.56,0.17634
1062.87,0.10627
3480.53,0.346878
529.828,0.0528126
1696.67,0.169651
1194.72,0.119432
2187.28,0.211971
1207.98,0.120678
1496.2,0.149476
678.861,0.0678731
1239.83,0.123858
1578.88,0.157756
1466.27,0.146607
1355.86,0.135506
2287.27,0.228408
977.021,0.0976651
1966.4,0.196613
790.116,0.0789748
1105.78,0.110572
10523.3,2.03938
2703.53,0.270239
3299.09,0.329276
833.132,0.0832995
478.563,0.0478533
950.182,0.0950047
1560.88,0.156074
2408.45,0.240829
7321.1,0.799345
1100.3,0.109892
1004.98,0.100465
1506.44,0.150577
3283.77,0.328257
581.719,0.0581616
973.486,0.0972866
1739.01,0.173518
2571.21,0.25683
1056.8,0.105666
1122.63,0.112248
1162.69,0.116218
1572.01,0.157179
5209.34,0.520511
3938.18,0.393598
2259.64,0.225543
1610.85,0.161073
9863.53,0.985394
510.28,0.0509414
666.83,0.0666794
1316,0.131557
2715.14,0.271345
1956.8,0.195645
1393.49,0.139306
1918.53,0.191824
803.154,0.0802884
1001.14,0.100074
1323.76,0.13232
850.518,0.0850366
690.449,0.0690081
1648.99,0.164781
1131.87,0.112826
907.669,0.0907506
1132.02,0.113179
1748.25,0.174706
973.233,0.0971592
7647.39,0.759434
11542.6,6.20595
1018.99,0.101874
945.094,0.0945031
1112.28,0.111161
599.366,0.059917
543.282,0.0543233
871.747,0.087136
1170.55,0.116961
2227.83,0.222694
1189.74,0.11864
1322.2,0.132184
975.955,0.0975761
1247.73,0.124706
1099.98,0.109962
1555.71,0.155429
1145.66,0.11444
1751.62,0.175073
1528.2,0.15201
1213.67,0.121302
615.766,0.0615078
669.156,0.0669048
883.545,0.0883488
4320.97,0.431425
1090.71,0.109013
1505.69,0.150562
2008.93,0.200832
1286.62,0.128633
2811.84,0.281101
1453.04,0.145116
1996.58,0.199555
785.555,0.0784593
1604.92,0.160273
893.245,0.0893027
1043.72,0.10434
1349.86,0.134963
1142.57,0.114246
1137.9,0.113722
887.879,0.0887809
1924.92,0.192467
931.874,0.093177
1324.36,0.132337
1950.98,0.194984
3478.75,0.347491
696.517,0.0695188
1319.09,0.131855
1668.71,0.166732
1385.09,0.138495
1726.34,0.172621
1046.89,0.104684
1320.19,0.131796
797.808,0.079708
1957.96,0.19577
2189.76,0.21893
3945.21,0.393068
1197.06,0.119607
1118.73,0.111756
1091.82,0.109153
639.569,0.0636767
1173.14,0.117301
994.419,0.0992095
807.171,0.0807012
8321.81,0.831144
721.907,0.0721566
3128.36,0.312754
927.194,0.0926888
594.422,0.0594065
1148.51,0.114832
1221.55,0.122003
760.938,0.0759972
1029.34,0.1028
945.097,0.0942617
2579.34,0.257835
1299.03,0.129846
4125.56,0.412314
1084.76,0.108455
7743.3,0.770528
669.818,0.0669653
1385.93,0.138518
1109.91,0.110886
828.559,0.0827864
1295.51,0.12952
2905.01,0.29021
1166.71,0.112457
1412.96,0.141224
1396.49,0.139627
2367.3,0.23644
1189.26,0.118906
3989.96,0.398868
1936.43,0.193545
1281.7,0.127987
734.803,0.0734251
683.397,0.0682952
1541.24,0.154098
3686.76,0.368148
836.102,0.0836024
1796.13,0.179413
1642.34,0.164139
966.006,0.0964829
825.166,0.0824577
6113.51,0.609068
4979.31,0.496257
1145.72,0.114549
1994.84,0.199445
1335.96,0.13355
3398.46,0.339807
963.464,0.0829797
1029.47,0.102942
2614.21,0.261063
751.207,0.0751085
2622.06,0.262142
1047.48,0.104741
750.53,0.0750505
2245.85,0.224522
677.948,0.0677922
1352.47,0.135203
1420.33,0.141678
6582.06,0.657749
944.477,0.0944348
2146.11,0.214507
696.48,0.0696432
1345.26,0.134383
2120.8,0.212043
1726.49,0.172614
2004.17,0.200324
705.776,0.0705655
1254.51,0.125439
1529.37,0.152863
1198.55,0.11984
885.095,0.088482
1188.27,0.118381
2196.99,0.219395
724.647,0.072454
1076.21,0.107611
3602.55,0.360211
4331.13,0.43222
1170.08,0.11696
726.626,0.0726458
710.978,0.0710856
1649.95,0.164887
733.069,0.0732708
862.723,0.0862454
1554.21,0.155227
1518.85,0.151867
1166.47,0.116609
1076.58,0.107626
897.325,0.0897073
1168.98,0.116859
503.371,0.0502608
1357.78,0.135643
1688.9,0.168672
2783.42,0.278283
824.621,0.0824436
1238.38,0.123826
1477.24,0.147684
5105.23,0.510342
1212.98,0.121253
1631.91,0.162912
1380.42,0.138039
717.307,0.0717243
775.546,0.0775366
1280.94,0.127795
1113.1,0.111257
1246.34,0.12453
1374.86,0.137239
2623.96,0.262181
1800.3,0.179973
3184.1,0.318351
760.496,0.0760111
1010.16,0.101003
2093.62,0.209255
1895.83,0.189555
1759.98,0.175854
822.229,0.0821497
677.53,0.0677463
1356.02,0.135415
4204.1,0.420074
987.409,0.0987089
968.761,0.0968397
785.14,0.0784929
1304.51,0.130412
1691.72,0.168798
3097.82,0.309691
1600.06,0.15991
5981.94,0.596414
730.934,0.0730836
1139.74,0.113969
988.345,0.0988208
1318.98,0.13187
5193.82,0.517324
1877.7,0.187689
1275.41,0.127484
2921.04,0.291952
6513.8,0.65121
1048.67,0.104856
1729.77,0.172929
999.925,0.099977
563.019,0.0562984
566.26,0.0566243
632.973,0.063289
1379.23,0.137876
1478.78,0.147841
1506.01,0.150573
709.129,0.0704059
1607.23,0.160617
1321.46,0.13207
608.998,0.0608953
1867.99,0.186488
871.374,0.0869403
1864.76,0.186413
1075.69,0.107497
1054.62,0.105447
3337.74,0.332956
1072.27,0.107184
1207.56,0.120721
794.848,0.0766095
1310.31,0.130501
797.352,0.0797315
1651.4,0.164962
1765.97,0.176585
2169.07,0.216172
773.791,0.0773124
738.354,0.0738018
1393.53,0.139311
995.128,0.0994562
956.081,0.0955817
1522.67,0.152246
1013.44,0.1013
818.622,0.0817986
650.394,0.0650251
1252.69,0.125217
16916.7,1.68469
953.588,0.0952864
1322.17,0.131911
1887.92,0.188746
2060.93,0.206014
1220.89,0.122069
6159.58,0.614878
2517.26,0.251582
806.981,0.0806946
1260.37,0.125928
1221.17,0.122059
1413.98,0.141303
1603.33,0.160265
1039.65,0.103929
1521.97,0.152182
2312.94,0.231237
2607.12,0.260441
1375.02,0.13741
1942.2,0.194195
1077.65,0.107678
1400.31,0.139997
4791.44,0.477654
1003.61,0.100309
1280.47,0.12801
897.54,0.0897503
642.17,0.0642119
1151.11,0.1151
1267.23,0.126695
29264.1,2.90656
844.986,0.0844117
2583.12,0.258231
1009.21,0.100904
709.749,0.0709329
735.85,0.0734932
970.161,0.0970075
3948.74,0.394603
741.773,0.0741761
941.151,0.0940942
595.129,0.0594172
1012.2,0.101203
1088.42,0.108818
1050.3,0.104981
2080.74,0.207984
2923.99,0.292076
1572.41,0.157219
763.294,0.0763214
2533.72,0.25333
1431.81,0.14304
1198.67,0.119844
1721.43,0.172036
1011.38,0.101118
967.732,0.0966837
1206.33,0.120343
815.188,0.0814802
1277.44,0.127631
970.071,0.0970036
1123.52,0.11233
1934.6,0.193169
1461.38,0.146105
611.779,0.0611043
1393.35,0.139245
632.068,0.0631598
874.131,0.0873864
1160.95,0.115887
1001.58,0.100134
984.732,0.0984387
1047.4,0.104726
1038.47,0.103833
677.903,0.0677835
950.39,0.0949298
1897.2,0.178451
2621.65,0.261976
897.46,0.0893625
14168.8,1.41114
5043.61,0.503561
4852.99,0.485023
692.268,0.0691102
3465.33,0.346441
1799.52,0.179931
271.41,0.0271339
20697.3,2.05017
923.993,0.092338
1277.28,0.127716
1211.19,0.121109
1401.48,0.140119
1315.14,0.131495
912.063,0.091192
532.119,0.0531919
838.25,0.0837399
588.631,0.0588542
1230.69,0.123061
1521.76,0.152123
4651.26,0.464611
2140.89,0.21395
830.177,0.082962
1435.59,0.143468
1198.08,0.119788
1481.82,0.148123
917.525,0.0917252
570.938,0.0570893
1728.23,0.172767
1957.64,0.195708
1014.57,0.10145
1262.57,0.126172
1047.02,0.104686
1345.27,0.134174
1422.65,0.142242
802.779,0.0802465
1256.77,0.125641
881.155,0.0880881
1216.23,0.121503
1117.18,0.1117
4358.61,0.435636
1410.61,0.138996
558.953,0.0558876
1330.12,0.133003
1554.25,0.155092
777.141,0.0776898
838.274,0.0837629
1786.08,0.178574
1074.31,0.10731
2870.5,0.286761
911.637,0.0908011
2234.03,0.223325
1180.97,0.118068
1547.67,0.154578
983.953,0.0983808
2205.55,0.220437
14686.3,1.46372
1263.45,0.126318
751.459,0.0751397
999.105,0.0998945
1353.13,0.135247
994.183,0.099378
1700.77,0.169953
968.661,0.0967083
1952.83,0.195252
876.083,0.0876017
1545.25,0.154442
2083.85,0.208266
1374.71,0.137416
835.827,0.083574
877.052,0.0877001
2011.43,0.200236
1747.49,0.164927
1162.41,0.11618
2151.21,0.215022
1290.99,0.129072
885.263,0.0885118
1494.13,0.149377
806.395,0.0805977
1415.89,0.14155
1061.16,0.105964
873.189,0.0873079
1535.69,0.153425
3254.86,0.325261
4610.32,0.4608
1494.07,0.149234
1784.09,0.178374
1359.17,0.135858
2377.51,0.237682
1178.51,0.117571
881.215,0.0879618
675.137,0.0674542
686.054,0.0686027
667.747,0.0667191
2184.85,0.218395
1723.53,0.172231
997.556,0.0997111
11891.5,4.96263
1506.81,0.150333
965.198,0.096514
954.626,0.0954271
1967.47,0.196496
8739.21,0.87104
772.853,0.0772733
1678.49,0.167834
1374.28,0.137279
1484.2,0.1484
1981.44,0.198024
2614.36,0.261343
719.608,0.071923
775.291,0.0774875
667.088,0.0667005
916.723,0.091458
1319.39,0.131915
878.863,0.0878812
620.347,0.0619678
1048.11,0.104537
879.039,0.0878048
2817.08,0.281612
1931.65,0.193136
2707.6,0.270348
1262.11,0.126198
1020.29,0.102009
1786.11,0.178259
1186.51,0.118589
1583.28,0.158031
1010.8,0.101056
784.053,0.0782892
949.106,0.0948987
990.144,0.0989736
1203.05,0.120267
757.205,0.0756784
4624.23,0.462191
1613.84,0.161352
1019.3,0.101885
817.804,0.08159
670.611,0.0670455
1215.43,0.121518
985.789,0.0985665
3202.32,0.320088
1462.6,0.14621
1024.02,0.102393
627.491,0.0627282
965.488,0.0965458
1374.84,0.136685
788.716,0.0787951
1969.21,0.196811
879.701,0.0879417
1141.3,0.114119
1685.57,0.168534
944.7,0.0944114
897.197,0.0896096
1001.81,0.0994418
1209.09,0.120892
1097.18,0.109686
2616.56,0.261566
1123.98,0.11235
1307.39,0.130712
2319.91,0.231772
994.954,0.0994132
2981.23,0.297789
676.946,0.0676822
11250.6,1.12433
1333.38,0.126741
924.67,0.0924356
725.573,0.0725275
2250.34,0.224722
778.82,0.0778733
1352.82,0.135273
1515.77,0.151541
1720.09,0.171941
965.269,0.0964254
1171.27,0.116905
2486.22,0.248338
2689.65,0.268722
967.696,0.0966908
1155.32,0.115445
1076.58,0.107598
777.243,0.0777079
1116.73,0.111581
1308.34,0.130827
3255.03,0.325212
1562.24,0.156181
720.339,0.0720326
2383.9,0.238216
1130.68,0.112993
712.818,0.0711812
1947.05,0.194679
1252.59,0.125254
1257.91,0.125687
1469.41,0.146231
1108.53,0.110828
1274.56,0.127404
1925.61,0.192356
2772.49,0.27668
1423.86,0.14237
1438.73,0.143824
1960.69,0.195986
1266.25,0.12509
3446.72,0.344191
1032.06,0.103155
916.072,0.0915331
1947.36,0.194705
1152.71,0.115253
920.432,0.092036
2313.52,0.231247
929.603,0.0929464
1073.52,0.107331
924.882,0.0924784
1030.24,0.102992
2210.71,0.22084
2185.52,0.218505
602.959,0.0602764
960.892,0.096079
950.151,0.0949932
1549.43,0.153894
1158,0.115763
1234.79,0.123426
2734.68,0.273096
1425.1,0.142468
886.104,0.0885915
974.866,0.0973487
7763.67,0.775481
2567.25,0.255984
893.729,0.0893444
1421.85,0.142158
937.765,0.0937593
813.919,0.0812351
853.813,0.0853281
1567.33,0.15667
1006.73,0.100666
794.082,0.0793932
1106.41,0.11063
654.9,0.0654686
1144.66,0.11441
1362.38,0.136206
1163.39,0.116319
1876.34,0.186767
588.124,0.058711
1336.28,0.127314
721.91,0.0720155
575.076,0.0574805
2251.84,0.22513
1164.14,0.116281
682.198,0.0682033
1464.97,0.146484
1151.15,0.114208
1352.23,0.135204
535.011,0.0534985
2845.84,0.284471
1214.55,0.121432
3502.12,0.349646
1406.83,0.140483
1371.37,0.137088
1155.12,0.115449
1518.68,0.151819
1346.33,0.134604
1814.77,0.18146
600.102,0.0599237
2003.19,0.200261
1008.38,0.100821
930.612,0.0930523
1115.94,0.111327
721.001,0.0720616
985.712,0.0985391
1967.27,0.196233
5393.83,0.538901
2947.29,0.294238
1347.54,0.134619
2054.35,0.205228
1108.94,0.110881
1635.84,0.163569
731.792,0.0731713
1511.56,0.15111
1182.38,0.118192
2456.44,0.245607
1417.61,0.141726
1716.12,0.171528
1447.72,0.144119
1741.81,0.174161
3290.92,0.329065
1060.66,0.10558
6094.83,0.609113
1017.21,0.101569
1666.26,0.166576
585.368,0.058304
1424.99,0.142453
1012.81,0.101139
1330.26,0.132913
7361.32,0.733403
1474.94,0.147429
966.242,0.0965934
1458.88,0.145875
1133.06,0.113006
1334.87,0.133392
640.817,0.063923
1981.55,0.197786
770.103,0.0770038
13732.3,1.36428
871.808,0.0871496
898.868,0.0898267
1200.82,0.120029
1305.65,0.130417
790.711,0.0790137
830.904,0.0830824
1319.8,0.131404
2157.46,0.209787
2705.33,0.270484
1381.25,0.138045
996.23,0.0993733
689.273,0.0688812
1796.55,0.1796
1201.83,0.120167
811.344,0.0811132
678.799,0.067852
862.897,0.0858118
1047.78,0.104669
1454.62,0.145369
1831.53,0.183028
2071.91,0.205761
832.502,0.0832408
7723,0.769631
720.33,0.0720276
811.77,0.0808695
666.091,0.0665522
722.493,0.0722459
918.782,0.0918604
674.593,0.0673113
1560.82,0.156068
2327.95,0.23277
1097.71,0.109707
1925.71,0.192519
780.623,0.0775568
984.499,0.0984163
1001.09,0.100069
1469.22,0.14669
863.916,0.0863637
1116.92,0.111616
1005.03,0.100491
1216.46,0.121624
8342.93,0.833495
881.398,0.0880784
4028.93,0.402316
8840.35,0.882949
1075.65,0.107532
1517.57,0.151723
899.716,0.0898803
2865.58,0.286437
1116.32,0.110314
842.866,0.0842242
1305.02,0.130493
995.003,0.0994959
2532.73,0.253014
1782.5,0.178151
1346.67,0.1338
2422.51,0.241712
1391.17,0.139052
1296.79,0.129652
1002.28,0.100224
1068.84,0.106849
1337.81,0.133724
1488.64,0.148768
2953.88,0.295352
1390.68,0.139034
559.992,0.0559917
861.184,0.0860711
1472.16,0.147151
1148.64,0.114851
1142.84,0.114181
1469.41,0.146682
3840.91,0.383647
837.081,0.083615
1944.63,0.194264
1060.25,0.105999
1025.98,0.102552
1202.71,0.12016
1317.1,0.131675
1116.46,0.111633
1461.98,0.145994
602.54,0.0600641
504.51,0.0503453
6389.61,1.2888
1642.59,0.164224
1098.79,0.109751
998.952,0.0988047
1214.09,0.173681
995.146,0.0995101
519.19,0.0518595
1672.85,0.167258
1051.54,0.105136
993.006,0.0992742
800.368,0.0799268
1832.23,0.183145
863.838,0.0863702
1178.66,0.117792
817.064,0.0816954
1535.99,0.153574
1380.5,0.138006
650.574,0.0649726
462.648,0.0462603
26528.2,2.64494
1473.13,0.147253
660.096,0.0659465
1000.73,0.100047
661.495,0.0661299
951.943,0.0951758
1513.83,0.151356
855.764,0.0855697
1072.07,0.105599
1140.98,0.114083
818.196,0.0818056
717.97,0.0717534
3040.77,0.303667
1020.49,0.10203
1152.1,0.115177
2167.95,0.216699
2262.47,0.226116
1888.99,0.18865
898.361,0.0897706
1095.74,0.10928
858.387,0.0857279
1092.04,0.109067
1433.4,0.143329
926.217,0.0926066
818.3,0.0818254
1421.82,0.142173
1121.67,0.111869
1329.2,0.132202
1051.04,0.105063
1216.74,0.121643
1107.4,0.110693
1266.04,0.12657
1911.93,0.191145
845.949,0.0845005
800.646,0.0800118
1767.57,0.176632
957.521,0.0957449
936.328,0.0934564
892.523,0.0892437
941.036,0.0940816
2227.33,0.222721
988.437,0.0982239
2007.08,0.199884
1313.35,0.131226
1728.42,0.172704
988.346,0.0987693
2635.61,0.263436
1864.29,0.18627
806.894,0.0806632
1542.97,0.15426
2671.41,0.267079
1077.65,0.107734
1671.48,0.167048
986.029,0.0985499
1883.68,0.188325
1186.54,0.118603
2927.42,0.292635
704.017,0.0703882
907.617,0.0905187
1793.55,0.179225
1189.28,0.118879
1820.36,0.181894
888.066,0.0887782
6054.77,0.603522
671.139,0.0665639
1593.2,0.159233
1011.78,0.101099
900.497,0.0900385
1048.72,0.104829
6935.03,0.691121
4829.22,0.482809
939.046,0.0938715
1154.72,0.115396
4960.31,0.495386
1426.99,0.142654
2419.74,0.241941
660.162,0.0660127
2243.4,0.223987
1400.17,0.13998
1015.93,0.101567
3021.56,0.300879
2262.59,0.226138
828.02,0.0826833
1222.66,0.122216
1972.1,0.197109
699.605,0.0699416
1462.58,0.146195
1761.93,0.175978
1008.23,0.100414
1281.9,0.128156
2455.96,0.245503
1098.32,0.109714
2047.56,0.204673
879.084,0.087881
1181.65,0.118026
1433.22,0.143288
734.402,0.0734349
3026.1,0.302575
922.076,0.0921315
4309.27,0.429339
1830.48,0.182873
1117.08,0.11155
1764.83,0.176412
1558.39,0.155797
1054.67,0.105396
1348.9,0.134869
2780.65,0.278033
1175.93,0.117563
958.652,0.0958395
716.413,0.0716305
2848.28,0.284662
1404.48,0.140425
1680.75,0.168031
1111.79,0.111152
2416.47,0.241575
1098.34,0.109815
1728.09,0.172756
3517.75,0.351418
1251.71,0.125127
702.682,0.07022
1062.43,0.106183
8226.82,1.3337
3094.9,0.308048
4861.74,0.538037
7952.36,0.795008
1767.14,0.176638
1090.42,0.109034
1268.11,0.126744
4118.47,0.411435
746.648,0.0746227
1435.01,0.14329
668.449,0.0667498
1038.56,0.102794
1024.83,0.102372
1604.32,0.160321
1056.41,0.105555
1049.94,0.10499
1338.13,0.133701
1193.35,0.119253
794.936,0.0794812
716.24,0.0711644
1689.82,0.168927
3224.67,0.322409
3829.95,0.382947
1960.97,0.196045
1015.15,0.101492
1065.75,0.106563
1247.07,0.124674
1703.27,0.170222
1192.21,0.119187
886.373,0.0886242
825.639,0.0825469
1699.56,0.169931
1325.27,0.132501
3252.16,0.324468
624.923,0.0624837
892.449,0.0892038
3208.92,0.32077
9130.52,0.911968
1477.43,0.147676
1729.16,0.172887
883.436,0.088273
1094.16,0.109292
1975.13,0.197403
1195.13,0.119499
1525.32,0.152519
5894.47,0.589143
899.141,0.0899026
928.502,0.0927393
1117.11,0.111452
1425.32,0.142518
3360.29,0.335865
2733.28,0.272985
1127.79,0.112603
1575.62,0.157529
766.029,0.0765949
1109.98,0.110919
890.343,0.089022
1056.97,0.105664
1159.65,0.115912
2572.92,0.257137
1139.59,0.11361
1066.9,0.106636
877.324,0.0877218
2861.96,0.285504
3015.38,0.30129
1263.39,0.126315
2721.88,0.272073
1703.71,0.170321
1514.68,0.151413
2119.27,0.211884
1081.66,0.108103
1382.12,0.138169
5016.39,0.501434
1719.62,0.171855
936.115,0.0934496
3395.64,0.339482
1383.44,0.138271
1515.9,0.151266
1780,0.17774
355.45,0.0355018
638.503,0.0638247
1070.1,0.106928
1078.49,0.107832
3976.87,0.396917
1017.64,0.101738
892.887,0.0892607
9711.72,0.969384
1196,0.119553
860.592,0.0860423
807.98,0.0807799
1121.3,0.111936
1159.09,0.1159
2308.29,0.230473
665.414,0.0665321
2958.06,0.295217
589.958,0.0589948
971.871,0.0971486
503.651,0.0503558
1752.4,0.175194
1310.64,0.130893
1720.04,0.171995
1343.52,0.134256
1911.71,0.191101
3796.12,0.379415
2539.19,0.253882
862.576,0.0862538
1478.21,0.147742
835.883,0.0832065
1089.8,0.108773
2082.46,0.208156
496.817,0.0496717
568.69,0.0568671
647.389,0.0647324
620.393,0.0620363
1720.56,0.171984
1809.82,0.180947
1015.94,0.10152
1554.29,0.155379
1995.12,0.199139
1320.79,0.132069
1152.13,0.114434
1114.16,0.11135
1238.54,0.123819
981.619,0.0981527
1922.63,0.192166
1932.48,0.193177
1000.75,0.100069
2752.33,0.275024
1185.7,0.118484
1160.77,0.116017
2297.3,0.229699
910.302,0.0910233
1103.09,0.110238
852.628,0.08513
1110.76,0.111054
947.119,0.0946773
578.44,0.0578373
1036.65,0.103593
874.995,0.0874935
1015.1,0.101482
832.988,0.0832799
1013.55,0.101345
897.181,0.0897072
809.989,0.0806675
610.052,0.0609794
928.939,0.0928837
467.952,0.0467907
6311.46,0.629586
2630.8,0.262887
1165.23,0.116404
1437.94,0.143783
812.903,0.0812808
1729.16,0.172391
958.505,0.0958432
1300.91,0.130043
1929.84,0.192922
892.486,0.0892429
5206.02,0.520296
2506.16,0.250267
1339.11,0.133887
1696.19,0.169557
1599.44,0.159894
918.028,0.0917946
3946.88,0.393336
1511.42,0.151108
1070.62,0.107038
919.322,0.0919221
865.923,0.0865763
1694.64,0.169401
612.011,0.0611972
901.733,0.0901551
1162.84,0.116187
1374.54,0.137408
1687.55,0.168715
977.64,0.097759
1024.94,0.102489
1563.01,0.156226
1191.68,0.119154
1322.56,0.132217
1118.82,0.111866
556.379,0.0553238
3826.16,0.382496
824.421,0.0824116
1334.15,0.133196
445.269,0.0445221
1014.81,0.10147
1560.5,0.155802
2424.44,0.241942
800.363,0.0800248
2088.78,0.208781
2445.1,0.244275
1507.93,0.150314
1291.03,0.129059
740.412,0.0739091
1340.46,0.134023
2250,0.224613
1388.07,0.138729
2307.59,0.230703
1025.33,0.102456
539.765,0.0539203
1127.15,0.112677
597.551,0.0597054
1612.11,0.161139
1165.67,0.116548
953.655,0.0953556
1251.08,0.125087
25080.7,2.50058
1116.77,0.111552
1235.16,0.123488
3058.7,0.305306
689.245,0.0689152
337.83,0.0337656
2616.89,0.261537
1172.12,0.117194
1924.14,0.192369
977.546,0.097686
1448.48,0.144826
2449.89,0.244609
1909.57,0.190942
1068.71,0.106838
2613.68,0.261185
2011.09,0.201097
1338.29,0.133635
1375.53,0.137484
944.051,0.0943801
747.23,0.0746889
664.074,0.0663771
3158.53,0.315752
860.119,0.0858538
1161.29,0.115697
654.416,0.0654265
915.42,0.0914009
720.965,0.071948
1196.82,0.119672
24224.8,2.4178
5940.3,0.922035
1283.63,0.128068
1863.1,0.186046
1203,0.12028
424.691,0.0423952
2307.85,0.230754
689.008,0.0687627
1334.48,0.133427
1075.14,0.107496
1236.55,0.123645
1250.53,0.124989
1276.31,0.127624
907.03,0.0906795
1876.72,0.185706
709.174,0.0709092
2014.25,0.201213
902.615,0.0901881
928.126,0.0927798
824.979,0.0824894
1090.65,0.109
17336.4,1.73154
1319.59,0.131936
1089.3,0.108834
1566.59,0.156638
1392.06,0.13871
2227.99,0.222471
1391.35,0.139108
1478.38,0.147776
1696.74,0.169641
1128.77,0.112804
1013.79,0.101358
1229.61,0.122682
2316.76,0.231558
2692.12,0.269156
1191.91,0.119176
987.608,0.0987592
902.901,0.0901241
1072.31,0.107178
1256.38,0.125609
1806.01,0.180538
1211.48,0.120881
1811.13,0.181058
1196.81,0.119571
1026.42,0.102575
1169.91,0.116956
3049.85,0.304714
1621.77,0.162058
1359.59,0.13585
1191.45,0.119098
835.955,0.0835874
2025.61,0.202473
1014.6,0.101456
938.997,0.0938664
1515.84,0.151407
857.086,0.0856877
887.911,0.0886999
1137.24,0.113684
2153.34,0.215296
1999.64,0.199815
784.502,0.0783916
1056.81,0.10562
1204.48,0.120426
1097.13,0.109693
1574.09,0.15737
2045.81,0.204495
1522.78,0.152173
1561.61,0.156144
1043.24,0.104302
3625.89,0.362519
1149.76,0.114947
1503.98,0.150391
1240.19,0.124001
1049.82,0.104961
2011.76,0.201095
1095.98,0.109477
2584.22,0.257306
1433.28,0.143274
1493.88,0.149303
20222.6,4.0331
4702.35,0.470101
727.735,0.0727189
2323.23,0.232216
1690.06,0.168978
1038.52,0.10359
1040.27,0.104002
843.814,0.0843487
1917.82,0.191662
1129.56,0.112898
991.804,0.0991308
3172.65,0.317115
1607.18,0.160647
2171.34,0.217063
1127.84,0.112758
855.654,0.085558
584.083,0.0583886
2231.92,0.222997
2209.83,0.220782
1235.6,0.123512
1202.44,0.120218
1908.56,0.190352
1860.05,0.185944
1285.99,0.128578
669.638,0.0669204
726.986,0.0726765
906.843,0.090647
2157.27,0.215473
2479.65,0.247895
1671.64,0.167127
1217.52,0.121736
2141.83,0.21415
1686.37,0.168598
1093.46,0.109314
2731.38,0.272586
1235.36,0.123527
854.57,0.0853613
2389.92,0.23874
2209.65,0.220847
1757.86,0.17578
991.307,0.0991041
3061.61,0.305784
1099.63,0.109947
2252.98,0.225219
888.06,0.0887858
1618.53,0.161474
727.31,0.0725122
2610.75,0.260907
811.444,0.0810046
2307.5,0.230734
1691.86,0.169014
505.797,0.0505135
2851.3,0.284807
1233.84,0.123218
931.389,0.0931323
1490.23,0.148975
3133.73,0.984714
669.8,0.0669567
814.344,0.08139
780.234,0.07802
1975.37,0.1974
792.275,0.079148
3390.48,0.33897
3859.8,0.385771
20523.4,2.05094
791.636,0.0791371
1025.17,0.102421
619.164,0.0618794
965.209,0.0963617
2536.65,0.253566
1345.35,0.134474
977.667,0.0977349
773.686,0.0771442
1550.34,0.155015
758.228,0.075805
2013.82,0.201157
3962.47,0.392431
1237.81,0.123728
1990.26,0.191573
1466.09,0.146325
1779.37,0.177891
1062.43,0.106207
2121.99,0.212016
1079.78,0.107933
1358.44,0.135148
1492.46,0.148703
1096.41,0.109594
762.89,0.0762649
4068.76,0.406501
1310.11,0.130818
3728.5,0.372072
2838.24,0.283588
999.521,0.0998119
7559.02,0.755143
1179.62,0.117929
1092.22,0.109171
2847.37,0.284605
1138.71,0.113854
1249.94,0.124967
1498.35,0.149603
1290.37,0.128955
1123.27,0.11223
857.155,0.0856642
1413.38,0.141332
1798.86,0.179805
1052.94,0.105284
898.317,0.0898232
1140.78,0.114072
1088.72,0.108608
1926.97,0.192679
1680.39,0.168019
708.26,0.0703192
1012.39,0.101226
1010.56,0.101041
2734.93,0.273317
4808.58,0.480446
1709.52,0.169708
654.471,0.0654456
1034.87,0.103126
1710.19,0.170679
986.086,0.0985748
8259.28,0.82519
875.511,0.0875306
856.707,0.085598
4296.65,0.429454
5512.82,0.551039
1516.89,0.151653
1185.3,0.118444
4713.61,0.467443
2171.18,0.215172
1693.61,0.169329
970.339,0.096877
1009.67,0.100955
1436.6,0.143649
771.544,0.0771062
703.417,0.0703233
1150.9,0.115063
4585.88,0.457879
3973.72,0.39733
887.582,0.0887427
1836.35,0.183565
892.384,0.0892137
1604.49,0.160269
1279.9,0.1279
974.901,0.0974826
1104.6,0.110429
1564.25,0.15641
2665.51,0.266368
1812.89,0.18124
721.333,0.0721199
564.205,0.056242
985.086,0.0984883
1014.67,0.101432
30117.5,3.00317
2305.08,0.230468
980.5,0.0976507
1593.47,0.15873
1430.79,0.1429
1573.95,0.157315
1050.61,0.105051
1816.06,0.181543
2553.93,0.255366
1288.16,0.128647
853.356,0.08532
1977.73,0.197677
678.225,0.0677618
807.894,0.0807682
610.316,0.0610252
1065.72,0.106566
2124.85,0.212306
5181.16,0.517527
874.579,0.0873555
744.304,0.0744276
1099.63,0.109926
730.865,0.0730441
477.318,0.0477121
1007.46,0.100656
1957.55,0.195718
1305.28,0.130473
7646.26,7.24459
2514.02,0.251316
3170.1,0.316833
1200.08,0.119091
916.918,0.0916853
1436.79,0.142969
843.123,0.0843044
1442.32,0.144216
2313.16,0.230891
931.616,0.0931245
1774.78,0.177446
1224.81,0.122388
2816.84,0.281483
1128.97,0.112879
3442.84,0.344196
1018.12,0.101754
928.525,0.0927386
954.022,0.095356
1489.43,0.148863
981.023,0.0980896
981.986,0.09812
1636.77,0.163655
1036,0.103338
1270.3,0.126492
795.139,0.0795078
986.025,0.0985319
9393.77,0.934696
1574.01,0.157297
3552.06,0.354938
952.561,0.0952325
562.396,0.0562267
747.472,0.0747264
1601.11,0.160016
780.486,0.078039
702.972,0.0702472
671.47,0.0671411
795.108,0.0794914
877.367,0.0877207
691.821,0.0691629
3321.71,0.33185
1524.64,0.152384
1009.1,0.100671
616.621,0.0616356
19123.2,1.90255
911.01,0.0910172
1838.17,0.183768
3574.29,0.357358
1096.72,0.109659
1032.47,0.102985
1170.1,0.116807
1355.4,0.135033
962.903,0.0962456
1649.9,0.164968
850.412,0.0850359
2701.95,0.269927
770.315,0.0769666
1556.72,0.155066
660.611,0.0660379
1135.58,0.113534
745.621,0.0745319
6348.19,0.632525
1853.87,0.185364
1363.81,0.136371
1862.16,0.18617
705.245,0.0705102
1880.97,0.188084
1480.55,0.148017
1040.67,0.103898
1990.52,0.198406
963.03,0.0962992
1379.14,0.137859
1193.78,0.119255
1013.87,0.101369
1493.5,0.149306
1276.51,0.127591
1431.63,0.143146
1312.71,0.131141
854.756,0.0854651
721.459,0.0720603
1456.61,0.145646
961.833,0.0961798
968.279,0.0966565
931.024,0.0930225
1156.52,0.115365
3294.55,0.329124
1642.05,0.164172
958.729,0.0958382
518.007,0.0517866
3491.59,0.348566
902.589,0.0902489
807.716,0.0807354
1676.91,0.167675
850.92,0.0850518
620.781,0.0620398
19763.8,1.97047
795.826,0.0795721
1839.81,0.183903
1681.93,0.168156
1086.86,0.108655
3009.89,0.300896
2797.24,0.27926
877.7,0.0877537
1556.01,0.155588
2709.32,0.268294
2542.43,0.254209
5333.73,0.533294
866.566,0.0865472
935.287,0.0934663
1222.74,0.122258
750.082,0.0749955
854.506,0.0852859
1444.6,0.144436
870.378,0.0869944
1029.26,0.102882
1212.37,0.121055
1323.92,0.132383
2050.86,0.205046
1504.29,0.150361
1747.86,0.174699
1165.93,0.116583
2266.12,0.226518
860.765,0.0860722
918.873,0.0916998
1802.39,0.180198
786.253,0.0785944
743.704,0.0743267
1194.3,0.119407
1386.64,0.138475
889.418,0.0889031
826.995,0.0826853
2627.65,0.262623
950.057,0.0949588
2523.95,0.252339
666.387,0.0666059
1138.55,0.11384
1243.99,0.124194
5554.1,0.553749
1918.52,0.191762
1730.14,0.172992
1131.2,0.113076
530.021,0.0529301
2048.96,0.204585
1968.86,0.196751
998.365,0.0997521
2300.08,0.229988
786.585,0.0784742
1440.59,0.144035
1150.74,0.114947
1955.62,0.19548
10884.5,1.08569
1554.39,0.155403
610.376,0.0609971
894.533,0.0892969
1316.03,0.131562
1359.4,0.135914
3449.41,0.344719
2205.58,0.2205
994.3,0.0994213
848.961,0.0848554
762.086,0.0761738
1167.12,0.116516
1165.6,0.116517
1949.48,0.194754
1156.75,0.115608
3603.91,0.359451
1089.09,0.108839
1767.41,0.176699
1246.77,0.124605
787.281,0.0787006
1177.23,0.117323
1481.67,0.147992
1796.53,0.179523
879.475,0.0878945
1503.14,0.150249
2346.74,0.234424
1217.26,0.121716
649.789,0.0649758
2454.47,0.2454
2418.23,0.241734
3791.36,0.379054
1305.12,0.130473
1126.12,0.112606
590.364,0.0590296
2801.67,0.280043
914.143,0.0913793
2187.5,0.21828
980.292,0.097638
722.672,0.0722584
2399.12,0.23961
729.92,0.0729508
791.861,0.0791451
1418.63,0.141812
930.872,0.0930161
830.349,0.0828938
2036.8,0.203396
1317.4,0.131465
1870.13,0.186993
753.201,0.0752249
2329.31,0.232819
1262.67,0.126188
911.793,0.0911741
2644.92,0.264287
1673.95,0.167364
1493.24,0.149216
793.979,0.0793874
7275.67,0.726831
618.522,0.0618446
2094,0.209387
1068.35,0.106798
1542,0.154158
909.736,0.0909238
1961.36,0.195658
3480.86,0.347769
861.603,0.0861535
1114.08,0.111386
1932.79,0.193145
1045.51,0.104459
1898.09,0.189744
1003.87,0.100207
2760.91,0.275509
1499.6,0.149909
1165.36,0.116392
1326.02,0.132556
1075.22,0.107515
1091.14,0.109071
797.065,0.0797032
930.046,0.0929857
805.906,0.0804397
1346.76,0.1345
929.467,0.0929393
624.121,0.0624049
1216.78,0.121652
1237.59,0.123749
2503.93,0.249928
1432.52,0.143201
632.394,0.0632345
2110.52,0.210551
1370.36,0.136853
848.631,0.0848431
1240.84,0.124062
752.405,0.0752018
1408.13,0.140771
2656.65,0.265463
1640.98,0.161585
861.606,0.0861349
859.116,0.0858644
3482.2,0.347794
2289.39,0.228913
3290.6,0.328284
888.468,0.0888364
937.419,0.0937152
1428.43,0.142814
469.825,0.0469819
1518.16,0.151755
900.831,0.0900463
1557.11,0.155653
1053.55,0.105349
887.387,0.0886983
2238.2,0.223729
704.262,0.070425
1608.24,0.160691
674.935,0.0674727
938.298,0.0937122
1347.1,0.134684
1186.84,0.118594
2893.84,0.289304
741.045,0.0740593
3368.58,0.336469
987.111,0.0985953
1134.23,0.113396
1692.82,0.16916
1468.19,0.146752
1986.7,0.198584
2175.5,0.217389
962.611,0.0962237
1692.18,0.169174
10364.3,1.03475
1118.84,0.111752
1766.26,0.176451
1128.8,0.112849
1694.72,0.169433
1354.17,0.135375
565.841,0.0565612
962.567,0.0961915
1275.71,0.127504
1161.66,0.116142
1790.12,0.17896
936.501,0.0934932
751.576,0.0751476
2221.45,0.221997
1614.49,0.161426
1647.27,0.164404
893.96,0.0893815
1331.73,0.133143
3426.48,0.341853
2231.97,0.223054
3263.66,0.326227
861.336,0.0861084
1326.77,0.13266
1919.15,0.189892
2970.83,0.296947
1315.12,0.131481
1922.06,0.192122
889.786,0.0888882
880.888,0.0880702
904.912,0.09048
2926.5,0.292579
1523.27,0.152185
891.823,0.0891761
1163.26,0.116229
895.032,0.0894949
1247.35,0.124709
3732.37,0.372734
1985.03,0.198459
4917.88,0.491064
1733.26,0.173271
1752.23,0.175143
1754.11,0.17539
2229.5,0.222907
825.925,0.0823547
1079.82,0.1079
1283.34,0.128308
1080.9,0.107995
1403.56,0.133618
2339.9,0.233965
946.199,0.094456
784.843,0.078466
1575.12,0.15711
1815,0.181473
1356.31,0.13532
1147.3,0.114419
815.08,0.08147
912.619,0.0911993
2932.2,0.293173
1707.93,0.170757
1717.77,0.171717
865.099,0.0864805
1745.15,0.174412
932.203,0.0932014
964.29,0.096413
1074.71,0.107458
1083.71,0.108321
672.973,0.0672831
1115.99,0.111591
980.732,0.0980489
1027.69,0.10274
1247.15,0.124646
1854.57,0.185409
1001.97,0.100133
1318.72,0.13185
944,0.0943561
1219.88,0.121977
1996.98,0.199549
1354.96,0.135441
851.563,0.0851364
1151.47,0.115117
1682.29,0.168068
1428.64,0.142713
1714.92,0.171458
933.624,0.0932493
1520.82,0.152055
1492.62,0.149232
880.91,0.0880866
1084.49,0.108436
870.978,0.0870882
1242.19,0.124137
1038.78,0.10385
692.239,0.0692217
1148.37,0.114637
1073.02,0.107284
1768.98,0.176551
772.828,0.0772682
1161.48,0.11613
728.535,0.0727873
1281.14,0.128089
2267.19,0.226576
1433.65,0.143283
1167.41,0.116721
938.1,0.093793
832.087,0.0832044
861.317,0.0861249
968.654,0.0968576
15246.3,1.52315
837.83,0.0837531
1013.5,0.1013
893.419,0.0893215
742.053,0.0740767
1784.22,0.178273
1974.24,0.197262
2118.3,0.211721
11135.8,1.11178
1075.03,0.107374
1437.73,0.14374
1355.99,0.135418
8407.61,0.839695
1456.16,0.145601
1699.2,0.169872
2848.57,0.284684
2976.22,0.297206
1009.07,0.100896
1213.48,0.121249
713.892,0.0712938
1240.72,0.124056
811.715,0.0811148
1137.76,0.113448
1963.7,0.196302
732.558,0.0732152
612.662,0.0612237
1012.68,0.101258
899.362,0.0898979
2028.39,0.202821
750.21,0.0750059
795.602,0.0795579
847.45,0.0847162
1130.38,0.112967
1449.29,0.14482
2529.14,0.252757
672.357,0.0672178
750.444,0.0750421
948.99,0.0948872
624.214,0.0623943
934.947,0.0934669
1293.69,0.129348
1390.57,0.139039
717.168,0.0715574
920.16,0.0919858
1510.5,0.150976
980.929,0.0979515
1067.66,0.106753
1966.97,0.196576
1818.99,0.181856
3919.21,0.391487
935.612,0.0935386
919.134,0.091909
1460.26,0.145982
6761.66,0.675277
963.654,0.0963301
1158.77,0.112196
1317.67,0.131716
884.786,0.0884561
531.914,0.0531642
980.974,0.0980856
1291.27,0.129087
579.121,0.0579091
1070.97,0.107065
2163.38,0.216199
788.873,0.0788532
957.073,0.0956949
839.099,0.0838949
1837.39,0.183647
1096.04,0.109553
1436.15,0.143583
863.259,0.086163
2301.65,0.229726
1907.46,0.190716
1041.52,0.108372
4180.48,0.417192
712.405,0.0710702
917.31,0.0916996
920.018,0.0919746
2463.07,0.246077
4990.35,0.497303
1293.52,0.129275
707.668,0.0707607
585.655,0.0585545
1371.3,0.13703
1567.21,0.156558
1361.83,0.136156
4014.48,0.401233
843.028,0.0842601
3201.05,0.319421
481.437,0.0481108
2259.57,0.225773
1362.37,0.136166
883.156,0.0882569
575.109,0.0574944
1301.74,0.130132
848.107,0.0846945
1522.5,0.152201
2817.75,0.442592
1085.47,0.108525
1084.56,0.108448
4707.78,0.470274
1339.1,0.13386
721.385,0.0719792
731.784,0.0731429
816.442,0.0815976
1391.93,0.138947
2728.62,0.271197
869.151,0.0867805
2215.81,0.221495
885.193,0.0885163
1062.27,0.106111
1853.87,0.185371
1222.7,0.122264
1069.03,0.106856
2390.45,0.238638
784.484,0.0783107
3292.13,0.328556
1562.93,0.156258
1761.33,0.175944
1845.69,0.184343
3242.77,0.324167
1642.33,0.164217
1045.2,0.104453
1129.57,0.113684
1059.92,0.105974
752.81,0.0730884
1469.24,0.146825
918.457,0.091753
773.161,0.0772415
1147.09,0.114686
9345.26,0.934172
778.947,0.0778671
1983.33,0.198277
1682.99,0.168231
653.251,0.0653229
2829.95,0.282034
728.551,0.0728468
2405.65,0.240404
1842.63,0.183519
1270.04,0.12698
1625.85,0.162581
1460.57,0.188158
2538.17,0.253679
1321.65,0.132032
1930.76,0.192991
988.905,0.0988733
2705.82,0.270526
882.468,0.0880531
1262.85,0.126281
1606.58,0.160641
2334.43,0.233368
815.525,0.0815485
1052.36,0.105189
1445.42,0.144518
1135.85,0.113544
1349.97,0.134969
1243.41,0.124305
718.829,0.0718724
1378.84,0.137771
2641.26,0.26404
1255.98,0.119118
1064.01,0.106379
840.103,0.0839971
478.453,0.047818
622.538,0.0622435
1335.98,0.133399
1934.51,0.190202
1247.72,0.124751
5781.41,0.57776
845.06,0.0843702
956.976,0.0956501
790.777,0.078417
1180.73,0.118053
1284.26,0.128212
1924.9,0.192415
995.352,0.0995103
1027.1,0.102705
1858.03,0.185322
1468.07,0.146783
984.44,0.0984153
1040.78,0.104007
1150.86,0.115056
4055.81,0.40543
1029.58,0.102928
1937.09,0.193634
3632.8,0.362318
782.852,0.0782814
5946.46,0.593985
3372.39,0.336445
628.177,0.0628043
1079.2,0.107888
968.394,0.0968266
1415.61,0.141541
661.774,0.0661742
725.988,0.0725001
1195.2,0.119453
837.255,0.081136
1223.59,0.122332
1919.92,0.191705
1008.95,0.100866
1033.93,0.103386
909.337,0.0909193
1346.86,0.134572
805.122,0.0804692
902.538,0.0901554
1129.78,0.112968
1975.41,0.19739
742.603,0.0740893
2052.03,0.205105
804.155,0.0804054
691.76,0.0691606
1015.44,0.101507
933.712,0.0933615
1176.51,0.117628
815.651,0.0815022
1204.51,0.1204
2609.7,0.260736
913.095,0.0913054
559.444,0.055941
1642.86,0.164247
829.675,0.0828944
1061.71,0.105997
1154.51,0.115291
976.922,0.0976272
1166.01,0.116498
1762.86,0.176189
866.722,0.0865977
1615.07,0.161318
3285.02,0.328441
938.753,0.0937311
1523.27,0.152279
1904.34,0.190376
1384.41,0.138364
2008.87,0.200609
1590.72,0.159063
1586.97,0.158388
1055.37,0.105517
1055.19,0.10549
990.934,0.0990822
2390.5,0.239001
1693.52,0.168945
877.007,0.0876778
592.598,0.0591989
967.369,0.0965623
1016.49,0.10156
2977.69,0.297666
1421.82,0.141824
2036.97,0.20355
2364.06,0.236171
1596.39,0.159439
1163.87,0.116031
1414.1,0.141351
746.278,0.0746214
1169.66,0.116868
1112.03,0.111096
701.309,0.0701195
1049.5,0.104826
1298.67,0.129814
2218.01,0.22173
2053.6,0.205263
1189.42,0.118819
766.386,0.0766195
1558.82,0.155859
751.992,0.0751115
1048.56,0.10482
8990.5,0.89821
2156.17,0.215484
1073.41,0.107309
652.03,0.0651898
610.95,0.0610491
2972.76,0.296597
1766.2,0.176596
1162.75,0.11624
1272.86,0.127179
1539.81,0.1534
684.742,0.0682582
1486.99,0.148677
1208.01,0.120739
1149.72,0.114957
1754.02,0.175379
1142.19,0.114125
945.891,0.0941158
1836.1,0.183415
1288.11,0.128598
1248.69,0.12474
1239.3,0.123894
842.36,0.0841954
1179.19,0.117767
3795.41,0.377572
1456.78,0.145606
1025.94,0.102558
853.192,0.0852572
4007.75,0.400213
654.232,0.0653888
3035.89,0.303569
1578.86,0.157796
4472.07,0.446787
931.977,0.0931818
707.528,0.0707452
1189.87,0.118955
1084.48,0.108329
1084.48,0.108408
699.909,0.0697565
739.663,0.0739601
1993.94,0.199381
1086.47,0.10861
2041.73,0.204148
1053.64,0.105354
1593.14,0.159279
2235.27,0.223423
784.841,0.0784625
962.645,0.0962062
1104.51,0.110335
2758.03,0.275755
926.257,0.0925678
775.014,0.077499
2817.56,0.280897
626.632,0.0626529
729.85,0.0727938
806.844,0.0806681
1709.39,0.170871
1057.81,0.105231
1369.57,0.136855
1076.67,0.107621
9730.59,7.2241
736.3,0.0736225
2081.8,0.208144
1789.4,0.178621
692.492,0.0692188
1019.11,0.101543
1285.98,0.128442
1092.04,0.109193
1366.85,0.136472
1105.5,0.110498
2270.55,0.227031
874.138,0.0869449
5416.59,0.53985
1055.31,0.105515
4061.52,0.405819
1298.79,0.129767
2942.51,0.294091
612.677,0.0612604
4014.18,0.401303
1329.85,0.132939
1340.28,0.13401
3646.85,0.364268
1108.77,0.110868
1998.99,0.199792
1080.01,0.107901
1902.96,0.190227
2358.14,0.235715
1150.37,0.115029
2454.24,0.245315
769,0.076837
1400.07,0.139989
2028.22,0.202197
1073.81,0.107351
4931.54,0.4928
1286.62,0.128611
1407.53,0.140637
944.979,0.0944903
5930.04,0.592241
850.735,0.0850356
906.71,0.0906407
1073.05,0.107261
1064.43,0.106435
2228.79,0.222852
1057.36,0.105725
1545.02,0.154447
498.638,0.0498505
2431.31,0.243088
3392.37,0.339138
2092.39,0.209169
1278.37,0.127607
989.243,0.0988896
1021.84,0.102171
1658.58,0.16583
5437.81,0.543522
896.979,0.0896645
2334.61,0.233252
1867.33,0.186656
2584.24,0.258324
2236.83,0.223632
980.233,0.0980169
3438.62,0.343821
533.044,0.053299
6928.93,6.5292
4134.79,0.413056
981.615,0.098052
999.498,0.0999307
1210.75,0.121061
1875.78,0.187551
852.152,0.0850869
879.636,0.087937
1068.16,0.106794
2145.93,0.214527
1025.72,0.102561
751.457,0.0751277
1021.11,0.102103
2314.69,0.231436
2512.53,0.251224
2016.67,0.201653
825.883,0.082563
1368.02,0.136787
1732.76,0.173177
20760.9,3.6847
797.303,0.079657
1918.34,0.191682
2232.72,0.222533
1437.71,0.143739
1184.22,0.118393
1116.79,0.111672
2310.67,0.230866
1074.81,0.107166
2219.68,0.221854
5602.94,0.559992
930.018,0.0929862
845.791,0.0845551
1352.38,0.135203
1136.76,0.113645
921.986,0.0921022
2436.48,0.243456
1166.93,0.116682
1288.81,0.128605
921.843,0.0921784
1080.26,0.108005
1860.49,0.186024
1228.01,0.122754
1424.46,0.142284
998.87,0.0998435
1217.52,0.121656
966.688,0.0966569
2815.88,0.281503
775.258,0.0775221
995.794,0.0995291
914.167,0.0913986
3333.06,0.332101
873.386,0.087281
2125.86,0.212404
3161.69,0.315146
488.639,0.0488505
737.999,0.0737963
708.608,0.070857
3218.44,0.32178
847.53,0.0847207
491.312,0.0491122
1093.73,0.109363
911.737,0.0911571
1476.9,0.147583
1175.47,0.117505
532.757,0.0526628
1815.17,0.181075
675.469,0.0674425
523.38,0.0523178
1097.18,0.109699
1232.53,0.123139
791.575,0.0791467
608.719,0.0608606
986.042,0.098536
2066.68,0.206486
1069.81,0.106976
853.629,0.085214
1693.81,0.169358
930.122,0.0929999
857.31,0.0857191
1388.85,0.138876
1161.45,0.11613
1177.83,0.117628
1036.54,0.10364
2351.79,0.235112
2100.89,0.210056
4196.81,0.41924
3266.02,0.326439
1159.28,0.115897
736.356,0.0736303
1111.02,0.110584
1483.99,0.148193
1948.52,0.194831
723.47,0.0723363
1626.87,0.162294
4153.68,0.41522
1071.89,0.107176
2040.77,0.203798
1035.17,0.103457
3059.19,0.305837
1077.97,0.107791
831.031,0.0831011
2513.48,0.25129
1668.08,0.166795
943.785,0.0943636
1222.76,0.122238
1175.3,0.117498
737.421,0.0737373
1257.37,0.125703
1282.34,0.128025
1358.74,0.135851
1286.81,0.128669
801.022,0.0800433
727.671,0.0727389
953.413,0.0952992
1266.9,0.12664
2296.66,0.229636
890.628,0.0888779
1780.63,0.178001
7490.84,4.53779
921.751,0.0920779
1310.88,0.13107
1090.06,0.108979
1927.25,0.192534
777.653,0.0776743
3736,0.373266
933.65,0.093326
1038.81,0.10387
1620.84,0.161895
1274.2,0.127128
2076.25,0.207569
1002.9,0.100258
994.484,0.0994367
1215.91,0.12156
639.692,0.0639644
828.258,0.0827989
1264.36,0.126414
1464.53,0.146273
1190.56,0.119002
2596.3,0.259418
1166.9,0.116684
1971.65,0.197079
1661.74,0.166035
1099.66,0.109872
1250.7,0.124942
1024.61,0.102347
1404.28,0.140395
1244.78,0.12447
1445.19,0.144454
2940.78,0.293589
2226.05,0.222133
1277.3,0.123063
706.919,0.0706573
1855.9,0.185333
512.33,0.0512246
769.959,0.0769693
2234.39,0.22342
1123.25,0.112175
1213.47,0.121313
1037.01,0.103669
2241.63,0.223981
843.234,0.0843167
640.481,0.064021
820.096,0.0819948
2814.34,0.281241
7364.66,0.735681
2048.03,0.203891
638.312,0.0638251
4614.39,0.460874
956.611,0.0955877
946.336,0.0946145
1028.13,0.102804
17062.1,1.70405
731.735,0.0731723
1233.7,0.123309
1020.2,0.10199
1134.88,0.113429
8881.74,0.886304
1202.74,0.119949
1706.23,0.17056
1491.46,0.149123
1995.22,0.19933
836.672,0.083606
1550.58,0.155048
1952.3,0.195184
1617.35,0.16027
778.081,0.0777093
685.942,0.0685779
731.797,0.073129
3124.79,0.312322
3471.78,0.345872
1064.36,0.10639
1451.04,0.145081
1092.63,0.10925
430.589,0.0430511
607.419,0.0607018
1424.65,0.142186
1078.14,0.107797
722.621,0.072242
1325.51,0.132549
2679.91,0.267955
1173.67,0.11735
1137.29,0.113697
2273.26,0.227059
490.811,0.049053
1549.65,0.154879
990.863,0.0990743
2376.37,0.237391
951.931,0.0951883
949.787,0.0947551
906.927,0.0906683
799.086,0.0799055
1951.92,0.195115
1080.7,0.108034
1539.33,0.153708
914.327,0.0914034
1286.76,0.128619
668.852,0.0668735
1471.43,0.147124
1455.06,0.145474
809.024,0.0808506
1910.5,0.190856
1130.46,0.112961
1341.28,0.134082
882.299,0.088223
695.406,0.0695366
844.847,0.0844395
1870.14,0.186925
1420.91,0.142067
1071.23,0.107115
1140.74,0.114062
2541.85,0.254039
1660.6,0.166023
3864.96,0.386051
2157.66,0.215549
950.274,0.0950171
927.303,0.0927229
934.883,0.0934387
1337.17,0.133658
2051.49,0.20513
1806.58,0.180489
799.462,0.0799271
719.945,0.0719685
2015.19,0.201461
1037.32,0.103696
1047.86,0.104767
1360.21,0.135933
875.649,0.087545
981.585,0.0981295
1717.01,0.171628
1123.67,0.112089
2803,0.280119
750.844,0.0750765
2942.38,0.294137
1566.21,0.156584
1293.99,0.129142
1672.39,0.166938
1121.3,0.111989
779.382,0.0779338
2903.59,0.290178
1238.11,0.123746
6603.33,0.658626
1873.17,0.18726
1161.24,0.115991
1021.63,0.102153
5522.18,0.551011
492.741,0.0492436
1515.55,0.151223
1625.24,0.160249
983.158,0.0982963
862.507,0.0862472
1167.92,0.116763
1522.17,0.151893
2125.57,0.211924
1163.31,0.116318
1043.32,0.10426
3125.04,0.312386
1222.13,0.122185
1368.85,0.136731
686.655,0.068655
2009.72,0.200946
3027.76,0.302641
7843.82,0.783116
590.91,0.0590742
1246.5,0.124623
1933.8,0.191549
1025.04,0.102469
758.318,0.075791
1507.44,0.150732
1189.67,0.118942
894.765,0.0894676
1982.71,0.198249
817.545,0.0817313
1508.43,0.150756
666.82,0.0666742
1036.52,0.103643
1116.29,0.111615
572.957,0.0589656
2089.07,0.20863
1540.82,0.154059
1097.11,0.10965
692.933,0.06813
2197.68,0.219718
942.372,0.0942255
2736.78,0.273514
783.928,0.0783206
953.871,0.0953576
1889.2,0.188816
5676.55,0.567329
3972.27,0.397123
971.672,0.0971417
1718.63,0.171776
1728.01,0.172263
1552.82,0.155263
2154.06,0.215297
773.369,0.0772426
1642.02,0.163972
1802.01,0.180113
1017.62,0.101738
686.43,0.0685045
974.144,0.0973447
1532.1,0.153167
924.243,0.0923814
3180.54,0.317316
1298.6,0.129832
1075.9,0.10757
1379.89,0.137892
979.412,0.0978853
2994.3,0.298201
519.881,0.0519807
803.302,0.0803101
2229.74,0.222174
1737.57,0.171999
5400.72,0.539275
1414.77,0.141415
1028.9,0.102868
1663,0.166249
480.768,0.0480533
1451.84,0.145069
956.982,0.0956499
1067.63,0.106745
740.894,0.0738975
705.129,0.0704518
1057.23,0.105715
1148.88,0.114864
846.918,0.0845028
2809.23,0.280527
1830.53,0.183035
4147.25,0.414558
976.017,0.0975709
1329.68,0.132929
1326.17,0.132579
10810.6,1.07769
1134.59,0.113438
1633.97,0.163296
1401.71,0.140146
3048.45,0.304788
1435.37,0.143524
1060.71,0.106045
1057.57,0.105748
1512.73,0.151069
819.523,0.0819495
1277.6,0.12753
2984.55,0.298377
2020.45,0.202003
781.104,0.0780984
862.335,0.0850173
3070.38,0.306992
861.146,0.0861002
642.378,0.0642173
1810.99,0.180379
903.404,0.0903311
1064.32,0.106233
1521.48,0.151537
797.755,0.0797585
932.765,0.0932533
821.269,0.0821237
1095.86,0.10958
1068.43,0.106826
4238.95,0.423316
1136.61,0.113587
698.094,0.0697711
4120.88,0.411595
947.417,0.0947034
992.076,0.0991832
1080.2,0.108011
749.471,0.0749257
1276.84,0.127673
1502.5,0.149759
1385.67,0.138423
1433.93,0.143358
872.851,0.0872495
983.962,0.0982331
913.455,0.0913378
1810.76,0.181012
1095.52,0.109498
1133.65,0.113179
971.88,0.0971803
699.992,0.0699593
868.76,0.0862886
923.706,0.0919796
1240.23,0.123999
699.592,0.0699194
976.141,0.0975051
1589.11,0.158799
683.119,0.0682935
1146.91,0.11466
541.937,0.0541212
1297.42,0.129708
1052.77,0.105259
979.675,0.0979442
3062.36,0.305977
959.307,0.0958355
788.167,0.0787893
1520.27,0.152004
1540.87,0.154032
1485.02,0.148486
2918.76,0.291726
1634.46,0.163414
5730.78,0.572661
1747.36,0.174657
958.113,0.0957976
1182.58,0.117999
516.11,0.0515688
1425.18,0.142448
855.761,0.0855574
641.717,0.0641634
12334.1,1.23229
8232.06,0.821648
1220.24,0.121971
1260.87,0.125479
2088.34,0.208817
2928.62,0.292616
842.32,0.0841262
1016.67,0.101418
697.285,0.0697209
1168.29,0.116772
1109.16,0.110753
828.308,0.0828254
1193.86,0.119329
787.359,0.0787228
1248.21,0.1248
1997.84,0.199631
1166.87,0.116621
1290.38,0.128762
988.142,0.0987523
972.34,0.0972329
925.546,0.0924974
642.535,0.0641368
753.623,0.0753472
888.077,0.0887747
1342.76,0.13425
1059.77,0.105963
1163.2,0.11617
1555.74,0.155202
916.109,0.0916055
1659.64,0.165896
776.004,0.077487
1967.4,0.196706
1162.27,0.116202
1190.73,0.119024
809.232,0.0809179
1085.86,0.108551
3265.12,0.326331
2833.22,0.283197
1356.69,0.135622
744.901,0.074465
1044.69,0.104453
1349.64,0.13489
1142.65,0.114225
976.71,0.097645
1525.47,0.152518
18981.7,1.88756
1461.48,0.145863
1036.96,0.10369
5755.88,1.94774
1473.67,0.147351
840.418,0.0840264
977.949,0.0977915
809.641,0.0809195
1381.37,0.137818
1075.63,0.107515
809.206,0.0809123
951.894,0.0950442
975.669,0.0975498
1039.84,0.103638
1925.09,0.192095
1116.5,0.111585
2130.61,0.213002
2055.09,0.205358
1159.77,0.115959
858.837,0.0858647
1418.19,0.141735
1582.54,0.158183
1095.61,0.109548
1091.93,0.109179
1110.38,0.110893
1547.08,0.154689
1041.18,0.104103
1673.19,0.16711
1062.11,0.106155
965.611,0.0965366
2526.3,0.252562
946.281,0.0945858
2538.36,0.253599
1332.67,0.133215
2669.64,0.266139
1142.93,0.114216
740.581,0.0740361
4895.6,0.485343
1395.25,0.139467
1732.06,0.17316
2024.78,0.200517
1175.26,0.117517
3399.3,0.391923
1399.49,0.139827
1991.22,0.198837
641.947,0.0641824
1876.47,0.187526
1977.29,0.197533
781.084,0.078097
2024.48,0.202437
763.815,0.076227
2421.47,0.242054
1312.18,0.131142
1243.74,0.124278
764.059,0.0763575
1209.22,0.120858
1251.75,0.125168
856.415,0.0856264
1528.72,0.152813
2067.22,0.206643
1826.46,0.182509
1367.74,0.136673
2688.31,0.268794
2407.51,0.240512
1174.96,0.117276
3430.17,0.342484
1024.79,0.102445
1438,0.143786
1078.46,0.107652
1567.37,0.156491
1269.98,0.126992
2284.33,0.228255
4565.87,0.45636
1098.9,0.109874
3854.19,0.384715
1833.3,0.183294
829.268,0.082908
714.105,0.0713834
4372.41,0.436584
2193.99,0.219275
685.749,0.068571
1279.09,0.127717
629.551,0.0629496
1216.94,0.121654
974.172,0.0974012
1408.48,0.140682
1469.78,0.146573
1029.89,0.102967
2835.17,0.283421
4108.97,0.410783
5184.59,0.518321
1230.91,0.123067
700.931,0.0700681
1850.83,0.185035
683.788,0.0683653
2801.55,0.279887
7621.62,0.761284
3980.05,0.397743
686.868,0.0686606
1382.02,0.138145
989.207,0.0985949
842.977,0.0841019
1313.09,0.131288
1488.6,0.148705
1552.07,0.155179
2133.84,0.213209
1300.49,0.130034
1144.51,0.114442
1243.97,0.124385
892.601,0.0892462
727.237,0.0726816
1597.88,0.159738
2204.95,0.220477
1170.94,0.117037
3024.26,0.301615
959.807,0.0958305
4036.32,0.403238
1254.64,0.125438
819.806,0.0819666
906.444,0.0906355
6854.34,0.682858
20090.4,1.99626
2205.84,0.220475
3321.33,0.332088
2144.62,0.214336
8234.56,0.822844
1826.39,0.18253
2490.81,0.249019
1383.65,0.138351
991.826,0.0991606
2659.62,0.264707
931.67,0.0926738
22793.7,2.26289
7722.5,0.771684
2957.39,0.295391
1595.8,0.159408
1527.3,0.152702
982.041,0.097998
1590.02,0.158975
796.86,0.0794459
764.851,0.0764681
1258.83,0.125867
1108.49,0.110615
1599.02,0.159882
1292.02,0.129179
936.344,0.0936217
948.932,0.0947075
1279.32,0.127888
1263.18,0.126228
1477.62,0.147082
2694.18,0.269331
5176.63,0.517225
1657.9,0.165481
591.654,0.059137
1117.08,0.111671
3174.92,0.317227
548.677,0.0548511
629.818,0.062976
844.07,0.0841847
2816.27,0.28156
1302.02,0.130153
795.182,0.0793576
1316.33,0.131551
1964.7,0.196161
13620.8,1.36077
4221.89,0.42063
931.639,0.0925727
904.419,0.0904025
628.462,0.0628405
1167.19,0.116713
715.684,0.071325
1504.26,0.150372
1525.84,0.152541
966.383,0.0966123
2226.29,0.222544
735.919,0.0735473
380.111,0.0380106
2583.58,0.258164
2213.88,0.221339
1004.71,0.100443
1043.55,0.104329
1346.64,0.134647
1092.22,0.10916
2481.56,0.248039
900.838,0.090069
2745.42,0.274422
2201.73,0.220072
778.163,0.0778125
1130.6,0.112871
3145.09,0.314157
1115.09,0.111452
1197.79,0.119691
1359.46,0.135823
784.051,0.0783254
958.184,0.0957931
1223.86,0.122246
1429.76,0.142951
907.657,0.090758
1448.43,0.144808
874.859,0.0874408
3143.07,0.312447
1534.94,0.153363
6945.6,0.693848
1867.25,0.186668
1170.92,0.117064
848.812,0.0848672
1179.2,0.117898
848.386,0.084828
756.016,0.0755953
1072.47,0.107239
812.068,0.0811889
670.54,0.0670264
684.877,0.068433
896.254,0.0895038
663.031,0.0662879
946.905,0.0946823
2054.72,0.20531
1090.18,0.108877
4186.72,0.417711
958.987,0.0958456
946.849,0.0946406
2227.88,0.222765
1245,0.124431
912.528,0.0912443
811.374,0.0811084
876.356,0.0876276
1227.83,0.12261
2720.02,0.271499
1266.27,0.126615
1200.58,0.120013
1546.07,0.1546
1271.93,0.127181
1465.92,0.146524
1360.71,0.136022
1133.19,0.112993
946.07,0.0945617
1546.37,0.154621
3609.14,0.360793
9102.26,0.907235
6109.65,0.609762
1860.47,0.185653
1362.86,0.136122
1814.22,0.181299
1453.39,0.145313
3722.94,1.52999
1244.85,0.124471
1696.43,0.169457
658.589,0.0658437
2218.87,0.221822
923.735,0.092257
1562.36,0.156226
1148.39,0.114828
1211.67,0.121136
1080.02,0.107901
11155.4,5.77551
1395.59,0.138996
1038.88,0.103595
1305.38,0.1303
650.69,0.0650576
1984.39,0.198331
1300.14,0.129869
1123.94,0.11239
1891.26,0.189066
1420.72,0.141568
1571.7,0.157138
1363.44,0.136196
1126.6,0.112636
962.295,0.0962114
996.212,0.0996035
906.477,0.0906263
1268.53,0.126828
936.737,0.0936032
324.473,0.0324454
928.275,0.0928191
2150.32,0.215008
1492.27,0.149123
1266.8,0.126658
2364.79,0.236372
738.878,0.0738671
890.829,0.089061
1276.02,0.127557
1928.8,0.192855
816.78,0.081669
1721.41,0.171785
2149.69,0.214703
1258.18,0.125733
1068.66,0.106832
1922.14,0.192164
522.137,0.0521009
1424.77,0.142396
828.562,0.0828255
1944.65,0.194426
823.028,0.0820883
1437.64,0.143036
1499.92,0.149912
1062.62,0.105783
1336.43,0.133253
1824.85,0.182264
1032.21,0.103141
2053.72,0.205104
2021.93,0.202182
1569.06,0.156822
2993.48,0.299266
674.022,0.0673831
590.441,0.0590417
775.87,0.0774699
1830.3,0.183002
12510.1,1.24639
891.852,0.0891776
902.915,0.0901591
1380.68,0.138053
1110.42,0.111012
567.486,0.0567454
1291.76,0.129064
474.016,0.0473512
803.226,0.080295
1134.28,0.113421
1103.7,0.110315
3734.91,0.372492
709.319,0.0709271
939.646,0.0937793
1126.17,0.112578
1272.53,0.127208
1414.98,0.141337
1124.87,0.112386
1030.32,0.103012
2504.67,0.250251
8356.78,6.72361
1699.35,0.169917
918.654,0.0918494
1239.35,0.123902
1154.84,0.115414
1236.55,0.123519
2138.24,0.213796
1519.43,0.151907
1123.36,0.112286
1642.13,0.164155
1365.71,0.13646
4554.89,0.455099
1319.88,0.131963
1051.18,0.1051
759.116,0.0758883
1387.98,0.138623
535.842,0.053556
844.614,0.0840688
1371.5,0.137536
1145.51,0.114535
1053.19,0.105308
1407.25,0.140699
795.545,0.0795458
886.793,0.0886619
1422.65,0.142211
1027.85,0.102731
1779.87,0.177889
700.1,0.0699533
793.899,0.0793693
786.409,0.0786379
1417.41,0.141664
1226.98,0.122472
1421.25,0.142102
801.051,0.0800718
1360.46,0.136025
2787.54,0.278682
1060.43,0.106002
1466.57,0.146644
1191.6,0.119146
908.558,0.0908236
490.357,0.0490167
2591.14,0.257683
3905.76,0.389738
1390.81,0.138936
2876.91,0.287459
664.5,0.0664448
1128.71,0.112851
917.177,0.091708
711.804,0.0711766
1108.69,0.110771
1019.46,0.101812
1572.63,0.157249
518.661,0.0518571
1072.65,0.10725
956.668,0.0956074
885.426,0.0884742
1053.87,0.105372
3132.03,0.313134
733.111,0.0732931
1266.22,0.126614
1942.09,0.194158
1325.15,0.132394
1102.19,0.110196
667.595,0.0667185
839.368,0.0839198
1061.09,0.105898
993.931,0.0993865
1818.58,0.181847
1378.1,0.137783
596.267,0.0596171
961.709,0.0961284
1764.12,0.176218
2128.39,0.212699
1554.49,0.155435
1418.77,0.141855
1726.7,0.17263
2553.51,0.255188
1084.48,0.108436
3103.09,0.310015
2399.63,0.239658
1131.1,0.113055
7343.19,0.733723
1385.93,0.138571
1781.41,0.178101
971.787,0.0971139
1569.03,0.156845
2012.48,0.201225
1157.65,0.115686
639.149,0.0639107
1728.31,0.172739
1694.32,0.167457
920.589,0.0920444
2301.03,0.229962
1048.19,0.104454
2537.37,0.253544
1423.23,0.142252
1586.02,0.158595
959.094,0.0955556
2128.14,0.212751
835.246,0.0834937
738.997,0.0738878
1333.64,0.133331
1583.37,0.158326
3769.25,0.376525
1595.35,0.157528
1913.91,0.191317
690.139,0.0689982
1126.45,0.112612
1286.28,0.12862
3043.77,0.304207
926.77,0.09267
1512.15,0.151171
2740.08,0.27399
699.614,0.0699409
1053.71,0.10536
1266.98,0.12669
1656.02,0.165211
1202.92,0.119976
1064.5,0.106337
865.174,0.0865043
1568.65,0.156841
1179.29,0.117842
1178.9,0.117859
1244.82,0.124472
1330.06,0.132985
1711.34,0.171089
810.644,0.0810514
903.785,0.0903607
1701.77,0.170118
876.314,0.0876002
867.658,0.0867514
684.311,0.0684127
1960.44,0.195995
1128.08,0.112733
1296.71,0.129554
693.19,0.0693071
663.429,0.0663366
2675.63,0.26656
1106.45,0.110607
2745.5,0.274494
1128.62,0.112849
1152.62,0.115166
5094.51,0.509189
1041.25,0.103983
1488.48,0.148808
827.544,0.0827471
846.466,0.0845763
1428.84,0.1428
1184.73,0.118416
964.475,0.0963442
818.695,0.0818323
2302.24,0.229999
1688.74,0.168714
3758.72,0.374526
1240.25,0.123996
996.174,0.100637
913.367,0.0913094
3844.75,0.972651
874.272,0.087314
2013.87,0.201353
1805.86,0.180514
814.81,0.0814657
923.472,0.0923065
1412.63,0.141233
2374,0.236971
2749.03,0.274467
2177.73,0.217643
699.688,0.0699506
1255.67,0.125533
850.844,0.0850659
1395.01,0.139479
1343.03,0.134295
3287.03,0.240793
1367.95,0.136779
1355.7,0.135554
1145.36,0.114488
976.35,0.0975915
976.59,0.0976315
1218.88,0.1218
3125.28,0.312374
4813.49,0.480719
2690.02,0.26897
1538.06,0.153594
1178.9,0.117878
2046.07,0.204472
1631.85,0.162904
1442.24,0.144185
1202.66,0.120217
813.634,0.0813486
2310.43,0.230734
14295.1,1.42614
3837.65,0.383447
1465.39,0.146484
3098.32,0.309662
752.267,0.075203
2695.95,0.26941
954.092,0.0953917
1284.47,0.128411
899.427,0.0897428
902.687,0.0902107
1079.59,0.107934
665.665,0.0665537
1634.89,0.163363
1151.38,0.115081
838.152,0.0838025
1321.88,0.13214
1174.38,0.117391
1486.87,0.148654
1114.24,0.111335
2765.18,0.276492
731.208,0.0730999
818.689,0.0818311
1571,0.15701
2646.06,0.264492
807.591,0.0807181
930.301,0.0930222
1112.22,0.111197
1131.46,0.113107
1027.63,0.102702
982.914,0.0982794
864.276,0.0862648
1057.67,0.105743
4598.46,0.459247
1274.56,0.127267
1322.28,0.13219
2089.67,0.208911
644.917,0.0644829
2383.57,0.237816
1057.23,0.105657
1106.53,0.110642
3525.91,0.3524
3343.37,0.334184
1635.58,0.163262
1215.63,0.121461
712.46,0.0710694
973.891,0.0973646
2219.19,0.221709
950,0.0948821
1229.84,0.122826
1261.21,0.126027
2622.72,0.262155
472.596,0.0472555
1391.09,0.139069
940.764,0.09405
638.541,0.0638235
993.364,0.0993241
1180.09,0.117839
1430,0.142854
1285.98,0.12852
644.133,0.0644063
1153.67,0.115131
7745.87,0.773849
4132.91,0.412493
1452.63,0.145239
3648.24,0.36449
12506.1,1.24427
1371.72,0.13716
2200.22,0.219982
1280.55,0.12788
839.009,0.08377
1524.03,0.152153
2122.23,0.211958
876.859,0.0876303
879.155,0.0878869
9873.03,0.9867
1103.03,0.110296
1132.82,0.113264
2663.94,0.266208
1124.25,0.112401
595.807,0.0595681
506.513,0.0506226
832.474,0.08322
914.001,0.0913752
2727.13,0.271725
1486.96,0.148596
1926.73,0.192642
1791.41,0.178491
1325.33,0.132121
1024.45,0.102407
1396.62,0.139631
1562.39,0.156224
2777.94,0.277712
998.671,0.0998475
1083.26,0.108302
4072.03,0.406401
1102.4,0.11022
1658.81,0.165848
1394.38,0.139376
1290.07,0.126898
783.831,0.0783751
1500.88,0.149962
2240,0.223506
1847.39,0.184584
1336.07,0.133335
1462.14,0.146172
745.617,0.0744109
1522.67,0.151773
2394.52,0.239344
663.173,0.0662733
1965.13,0.196509
1767.42,0.17666
1420.08,0.141896
3053.67,0.305115
914.482,0.0914384
1077.47,0.107731
398.523,0.0398492
1132.08,0.113148
1193.36,0.118808
1858.07,0.185784
1365.78,0.13649
919.549,0.0919494
1359.4,0.135855
812.656,0.081256
1489.11,0.148845
823.869,0.0832713
2036.45,0.20353
1277.53,0.127727
1496.25,0.149577
1147.76,0.114773
1151.16,0.115058
6345.45,0.631832
2226.03,0.222399
809.941,0.0809445
1023.24,0.102305
601.812,0.0601773
1848.73,0.184835
1820.62,0.181782
859.796,0.0859483
911.608,0.0911571
1381.91,0.137958
1766.95,0.176615
1673.72,0.167329
7433.36,0.742736
1114.83,0.111337
2117.1,0.210759
9549.6,0.954326
747.335,0.0745503
4061.64,0.405464
2668.6,0.266402
1048.85,0.104858
1303.36,0.130324
428.161,0.0428148
944.368,0.0944269
1636.28,0.163584
1556.4,0.155562
2019.44,0.201318
1420.55,0.142037
972.073,0.0971662
1293.07,0.129269
1654.37,0.165248
5217.04,0.521508
964.56,0.0963442
655.922,0.0655692
1019.53,0.101923
760.077,0.0759907
1114.25,0.111381
850.09,0.0847852
998.757,0.099831
849.178,0.0849116
1752.76,0.174894
1203.5,0.120294
692.317,0.0692117
1197.68,0.119693
1095.86,0.10949
1541.91,0.154036
1384.7,0.138439
678.44,0.0678224
4673.52,0.466972
1465.95,0.146546
862.086,0.0860268
1297.61,0.129653
967.797,0.0967664
896.253,0.0896094
1829.71,0.182793
713.475,0.0713426
840.857,0.08401
920.994,0.0919992
7090.92,0.708705
981.086,0.0980858
882.04,0.0881721
5767.16,0.576341
1209.07,0.120776
922.629,0.092238
1105.22,0.110475
857.272,0.0856111
1327.31,0.132665
1422.37,0.142227
1687.02,0.168612
750.954,0.0750716
1434.57,0.143379
1025.55,0.102517
1259.21,0.125871
1229.79,0.12285
1739.25,0.173908
1447.4,0.144727
1568.53,0.15684
2163.54,0.215869
1064.37,0.106432
2579.79,0.257675
846.455,0.0846102
566.836,0.056638
1305.25,0.130446
972.21,0.0971847
857.727,0.0857656
803.82,0.0803593
1427.58,0.142223
2728.45,0.27271
2680.52,0.267325
993.678,0.0993553
1558.42,0.155786
2113.06,0.211099
1153.85,0.11538
1486.06,0.148364
2126.08,0.212475
1307.72,0.130756
1038.64,0.10385
1095.04,0.109493
1420.97,0.142073
808.878,0.0808692
955.501,0.0955363
905.406,0.0904317
1233.14,0.123289
1393.95,0.139339
912.35,0.0912182
870.219,0.0869334
896.359,0.0895959
967.689,0.0967531
2776.58,0.277341
815.181,0.0814364
838.549,0.0838354
1739.23,0.173454
801.134,0.080099
2036.01,0.203562
1424.45,0.142404
947.838,0.0947254
960.698,0.0960518
1107.72,0.110666
1316.7,0.110592
804.853,0.0804774
1097.55,0.109696
1347.66,0.218533
1460.5,0.146011
3236.95,0.323348
1088.78,0.108754
1118.09,0.111797
1615.71,0.161519
1530.08,0.152964
1432.24,0.14254
831.994,0.0831658
777.224,0.0777176
2300.73,0.230055
1803.07,0.179916
1790.99,0.178631
1027.14,0.102565
1265.66,0.126555
997.349,0.0997274
1682.2,0.168181
1614.77,0.161303
975.554,0.0975329
1567.06,0.156355
1945.68,0.194522
675.831,0.0675763
1752.03,0.175169
1204.63,0.172726
1061.23,0.106117
1660.29,0.165967
1373.72,0.137365
1081.63,0.108001
1425.17,0.142439
1029.81,0.102922
1150.44,0.115039
1291.53,0.129131
1358.06,0.135748
939.658,0.0939541
1661.07,0.165979
5285.01,0.527676
2427.92,0.242626
628.609,0.0628457
2790.88,0.279007
2338.33,0.233751
604.101,0.0603897
1402.69,0.140155
2034.16,0.203218
1998.09,0.199604
5614,0.561058
757.388,0.0756103
1453.75,0.197628
1096.68,0.109456
2361.99,0.236054
988.658,0.0985393
967.199,0.0966373
945.463,0.0943549
862.621,0.0862336
879.171,0.0867434
1581.52,0.158118
925.692,0.0925595
2168.39,0.216748
1106.79,0.110369
1111.89,0.11111
1461.05,0.146057
1245.83,0.124448
972.423,0.0972095
990.334,0.0990062
1290.33,0.12888
975.924,0.0975124
7235.56,0.72135
997.048,0.099699
1662.22,0.166211
909.303,0.090907
1296.56,0.129626
1367.81,0.136771
5074.27,0.505223
1357.93,0.135669
1358.51,0.135841
2303.71,0.230215
819.506,0.0818981
1470.18,0.146916
1227.24,0.122702
877.339,0.0877171
922.294,0.0922157
1153.49,0.115325
980.52,0.0979916
3152.69,0.315139
1285.91,0.128533
1150.59,0.115041
2588.13,0.258752
953.248,0.0953144
930.653,0.0930144
714.826,0.071443
1362.8,0.136258
849.332,0.0847797
1749.64,0.174916
2155.41,0.215182
1099.16,0.10991
1040.97,0.104081
902.824,0.0902609
1561.47,0.156136
1524.07,0.152353
1228.34,0.12274
962.169,0.0961853
1222.5,0.122039
957.973,0.0957751
1203.85,0.120228
453.921,0.0453862
809.635,0.080948
1497.38,0.149582
1950.27,0.195015
5777.3,0.575339
823.988,0.0822436
3655.26,0.365422
1441.34,0.144093
1832.99,0.183175
3542.51,0.354057
892.924,0.08925
1727.9,0.172627
804.763,0.0804557
690.12,0.0689653
2479.13,0.247565
1973.45,0.197253
1591.76,0.159062
21567.8,2.14982
1320.35,0.131828
957.454,0.0956715
1476.06,0.147582
1672.55,0.167
1802.04,0.180063
2384.57,0.238179
2001.76,0.200054
6613.13,0.659801
1232.58,0.123164
836.591,0.0836188
2789.01,0.278594
1207.11,0.118128
1153.36,0.115297
1481.71,0.147979
1485.22,0.148417
1639.42,0.163916
935.304,0.0934697
1028.46,0.102748
1218.41,0.121284
921.681,0.0921585
3258.33,0.325642
1029.93,0.102716
2057.97,0.205755
1191.88,0.119057
3123.2,0.312214
1157.29,0.115656
2874.94,0.285763
866.674,0.0866437
2663.59,0.266313
1264.46,0.126416
721.007,0.0720838
876.623,0.0876296
1573.88,0.157312
1618.05,0.16165
691.684,0.0691193
1247.27,0.124634
1162.57,0.116158
873.369,0.0873031
982.962,0.0981818
1238.18,0.123806
872.533,0.0872084
824.236,0.0824012
1279.26,0.12787
1234.44,0.12341
880.307,0.0880218
632.864,0.0632749
821.578,0.0821157
1226.75,0.12255
1519.43,0.151913
2093.72,0.209333
1261.83,0.126068
2820.04,0.28187
992.995,0.0992739
913.237,0.0911864
2461.12,0.245431
9155.86,0.914126
2029.34,0.202865
1829.74,0.182955
1012.52,0.101029
2447.22,0.244363
2026.88,0.202644
1288.25,0.12882
1214.51,0.121267
1522.64,0.152005
952.965,0.0952518
743.052,0.0741496
2518.42,0.251793
1249.89,0.12491
1289.25,0.128912
699.698,0.0699644
1970.98,0.197027
690.259,0.0688556
2105.47,0.210501
838.444,0.0838349
4175.7,0.417466
874.07,0.0873805
1431.22,0.14309
1441.14,0.143956
1158.68,0.115824
1421.33,0.142077
1810.04,0.180787
1580.57,0.157982
1897.74,0.189742
776.372,0.0776322
1126.42,0.112613
979.82,0.0979632
1210.02,0.120912
1083.78,0.108314
21870.8,2.15717
2058.01,0.205658
1065.97,0.106585
1844.71,0.180537
1449.71,0.144916
1157.09,0.115686
829.021,0.0828814
1211.7,0.120843
949.497,0.0949367
2143.68,0.214146
2157.09,0.215608
1684.33,0.16817
741.615,0.0741423
570.279,0.0570196
1044.23,0.104372
1125.12,0.112495
1612.71,0.161252
1011.84,0.101166
3038.37,0.303729
1483.36,0.148325
1076.18,0.10739
1137.71,0.113695
681.249,0.0681175
1632.36,0.163048
2596.32,0.259262
1365.74,0.13652
1423.18,0.142249
9319.64,0.930534
745.119,0.0745083
1567.03,0.156609
959.401,0.0957793
2701.22,0.266373
1016.75,0.101656
1252.7,0.125199
1383.5,0.138288
1885.38,0.188432
1461.24,0.146047
2520.58,0.251939
1238.51,0.12365
801.077,0.0800811
882.637,0.0881565
3497.65,0.349032
1863.27,0.186262
1274.96,0.127482
875.181,0.0875156
1060.67,0.106029
1182.28,0.118062
1168.25,0.116811
1016.03,0.101571
1505.36,0.150522
1045.57,0.104553
836.542,0.0836124
1180.42,0.11799
1187.12,0.118638
3616,0.361285
956.611,0.0956327
1134.06,0.113392
1274.11,0.127086
984.711,0.0984235
1081.93,0.108128
937.406,0.0937135
2462.67,0.246224
831.777,0.0831588
1033.96,0.103377
851.431,0.0851351
3262.39,0.326175
1148.44,0.114761
4688.35,0.468484
870.036,0.0869957
777.332,0.0777315
4208.46,0.420537
2162.35,0.216189
680.282,0.0680251
7396.83,0.739381
1989.46,0.198612
1771.67,0.17702
3037.83,0.303705
1096.1,0.109507
815.166,0.0815027
893.518,0.0891907
1293.49,0.128778
1330.61,0.133022
1283.78,0.12837
1890.2,0.188986
1236.02,0.123594
1761.27,0.176048
926.661,0.0926321
8843.56,0.881548
699.122,0.0699027
1569.74,0.156596
1433.4,0.143302
3599.57,0.359864
1322.78,0.132257
1368.89,0.136784
882.965,0.0882614
1049.72,0.104952
921.266,0.0921162
782.074,0.0771844
1306,0.129422
1518.47,0.151828
1391.42,0.139135
573.233,0.0572814
2057.66,0.205612
1096.2,0.1096
1351.93,0.135152
1350.56,0.135022
1313.81,0.131265
897.209,0.0896599
649.32,0.0649247
1416.89,0.141642
1167.47,0.116708
1359.01,0.135883
677.389,0.0677205
1149.83,0.114956
1254.99,0.125362
827.759,0.0826813
894.675,0.0894401
919.56,0.091949
867.609,0.0867146
2274.44,0.227349
659.834,0.0659713
1303.26,0.130311
2454.91,0.245423
2197.05,0.219615
1627.17,0.162661
4808.74,0.48073
496.103,0.0496043
839.954,0.0839181
788.345,0.0787462
1199.5,0.119912
915.26,0.0915052
1330.51,0.131061
619.121,0.0618778
3275.26,0.327252
636.546,0.0635138
941.459,0.0941128
4807.14,0.479897
967.579,0.0967169
1929.85,0.192767
2069.87,0.206909
1181.03,0.11784
3596.29,0.359548
1047.53,0.104718
704.084,0.0703963
827.729,0.0826642
14261.6,1.42312
832.488,0.0831993
1255.21,0.125512
773.281,0.0773171
1217.51,0.121607
1841.9,0.184179
3177,0.317479
955.295,0.0955253
932.388,0.0930906
979.919,0.0979639
904.169,0.090377
2189.97,0.217615
759.799,0.0759425
762.158,0.0761931
1154.94,0.115368
1447.37,0.144668
1443.7,0.144359
10774,2.80757
1064.81,0.106469
2446.55,0.244571
1140,0.113982
1643.22,0.164276
4787.61,0.478641
2028.49,0.202787
767.241,0.0767119
1257.29,0.125656
974.13,0.0973855
1318.02,0.131731
1073.46,0.107337
848.395,0.0847639
4927.39,0.483118
719.942,0.0715453
765.881,0.0765262
808.562,0.0808329
1490.8,0.148835
1244.06,0.124264
830.72,0.0830672
898.317,0.0898229
1572.96,0.157163
931.264,0.0930488
1496.44,0.149436
1345.47,0.134536
2134.67,0.213441
1718.73,0.171796
2780.27,0.277936
897.04,0.0896713
974.915,0.0974866
4992.73,0.49403
1210.31,0.12094
1119.99,0.111872
1003.15,0.100307
1135.97,0.11351
537.821,0.0537714
1621.82,0.16212
734.371,0.0734357
1157.47,0.115711
793.386,0.0793036
1050.45,0.105008
594.039,0.0593957
902.328,0.0901846
1065.58,0.106529
3073.63,0.306845
2665.39,0.261364
1464.86,0.146399
899.224,0.0898841
356.693,0.0356628
806.434,0.0806331
4380.05,0.437832
1449.74,0.144669
1096.38,0.109545
7934.97,0.793192
3905.49,0.390341
3663.03,0.366241
1501.81,0.150153
1187.09,0.118647
937.808,0.0937517
819.812,0.0819476
1062.9,0.106269
2815.17,0.281295
2240.18,0.222899
2135.98,0.213578
1199.56,0.119908
888.091,0.0887841
985.01,0.098494
1017.37,0.101653
1477.56,0.147543
671.568,0.0671462
1077.33,0.107722
14671,6.15995
1053.4,0.105323
1854.28,0.185355
935.15,0.0932742
2079.79,0.207936
1582.42,0.158097
1197.92,0.119715
1422.7,0.142257
1401.48,0.140136
1843.46,0.184176
1821.26,0.181955
1417.11,0.140389
1353.9,0.135345
1255.89,0.125548
1011.96,0.101139
1008.52,0.100844
1959.27,0.195777
4381.63,0.43806
1473.21,0.147304
1026.47,0.102634
1522.68,0.151988
1435.04,0.143488
1227.67,0.122733
963.693,0.0962789
1019.98,0.100378
779.85,0.0779424
731.882,0.073157
1050.23,0.10498
2675.76,0.267396
1287.02,0.128492
944.819,0.0944563
1831.14,0.183053
1164.3,0.116414
1335.45,0.133393
883.121,0.412898
1603.15,0.160277
861.433,0.0860769
1489.19,0.148761
2077.67,0.207675
1067.48,0.106618
2535.3,0.253494
1697.92,0.169767
1294.41,0.129409
736.737,0.0736661
3275.99,0.326218
1219.78,0.12193
1771.71,0.177079
643.006,0.0642953
2637.97,0.263721
1236.51,0.123629
1242.86,0.124032
894.997,0.0894727
1577.99,0.156455
2220.91,0.221976
857.305,0.0857275
2286.12,0.228452
556.7,0.0556571
2808.6,0.2807
1527.92,0.152785
1560.49,0.15604
1944.27,0.194199
619.56,0.0619032
1074.8,0.107435
5591.59,0.558321
899.761,0.0899636
941.511,0.0941397
1241.21,0.124074
5052.86,0.504667
3006.58,0.300372
1583.62,0.158314
1398.2,0.139735
1532.82,0.153269
1877.65,0.187531
1040.54,0.104024
1539.11,0.153487
667.195,0.0667017
1326.62,0.132592
538.115,0.0538018
2734.71,0.273192
2893.42,0.289232
1800.32,0.180001
449.817,0.0449603
1325.24,0.132333
2086.97,0.208584
834.376,0.0833958
955.604,0.095365
1080.49,0.108001
705.378,0.0705001
2295.5,0.229332
928.551,0.092846
1021.39,0.102133
784.794,0.0784633
831.332,0.0831223
1305.8,0.130389
975.578,0.097505
9543.86,0.951719
1973.24,0.196901
1456.92,0.145643
1435.75,0.143401
1157.53,0.115741
655.255,0.0655155
1387.15,0.138518
2699.55,0.269594
1083.31,0.108307
1501.1,0.150057
3498.59,0.349634
782.402,0.0781634
871.39,0.0871318
884.717,0.0884615
4485.81,0.448221
6496.62,0.64808
1179.12,0.118993
1011.73,0.101158
1422.66,0.142175
2283.85,0.228263
1605.68,0.160158
1249.91,0.12498
771.786,0.0771499
680.664,0.0679065
1171.7,0.117161
2226.67,0.222468
1224.27,0.122322
1438.45,0.143808
1725.89,0.194531
740.864,0.0740793
610.899,0.0609384
775.78,0.077568
1104.73,0.110468
1184.76,0.118471
2733.73,0.27329
866.772,0.0866514
577.686,0.0577643
1359.92,0.135841
1022.11,0.102123
1173.31,0.117295
903.299,0.0903233
1500.23,0.149959
951.305,0.0950745
1331.89,0.133165
1465.41,0.146483
823.656,0.0823523
767.711,0.0766056
3717.69,0.371566
1113.69,0.111303
1335.42,0.133528
941.047,0.0940712
1533.52,0.153152
2004.69,0.200347
883.669,0.0883654
4431.02,0.442001
884.036,0.0882734
1720.5,0.172012
1336.88,0.133613
1618.58,0.161823
917.51,0.0916799
1611.23,0.161098
1896.16,0.189394
900.383,0.0899997
804.936,0.080489
1669.77,0.166932
1802.83,0.180117
2064.75,0.206431
1630.24,0.164709
1281.03,0.128087
1383.05,0.138145
1025.75,0.102457
1503.75,0.150357
812.647,0.0812511
897.645,0.0896984
1470.46,0.14703
1822.39,0.182128
757.323,0.0757197
1914.04,0.191356
1115.5,0.111466
1237.04,0.123475
1308,0.130764
1060.94,0.106027
1102.36,0.110217
777.773,0.077466
790.984,0.0790879
1634.21,0.163365
2012.52,0.201033
1205.75,0.120483
2695.47,0.269113
1481.57,0.147967
1064.98,0.106455
1268.41,0.126824
1786.51,0.178592
1279.28,0.127892
778.336,0.0778235
1968.38,0.196781
1355.87,0.13536
1405.06,0.140387
1169.43,0.116788
965.849,0.0965761
1028.65,0.10281
963.617,0.0963132
5548.96,0.554426
1068,0.106693
1248.48,0.124747
1148.6,0.114837
1068.03,0.106768
1214.9,0.121424
1214.85,0.121472
770.796,0.0770431
2072.67,0.206283
2117.96,0.211755
861.422,0.0861355
1136.21,0.113402
1051.8,0.105097
1507.81,0.150762
970.435,0.0970138
5945.74,0.594409
1306.98,0.130599
1269.41,0.126881
1871.74,0.187157
1372.79,0.137159
959.934,0.0957898
791.5,0.0791399
630.732,0.0630712
1040.33,0.104007
1276.87,0.127671
1812.8,0.181122
3089.14,0.30854
3517.19,0.351012
722.04,0.0721903
932.892,0.0932853
1662.89,0.165501
1707.42,0.170706
1913.73,0.19128
3906.15,0.390133
950.643,0.095044
1650.06,0.164771
3192.6,0.31902
1042.35,0.1042
552.729,0.0552526
8497.96,0.84944
901.082,0.0900691
1273.95,0.127368
1263.59,0.126295
1140.23,0.113037
1776.04,0.177585
1271.31,0.126967
1667.7,0.166714
2185.25,0.217449
1735.69,0.173529
1069.45,0.106895
1682.66,0.168169
863.257,0.0863015
754.503,0.0753904
1406.91,0.140419
1853.65,0.185325
1227.15,0.122687
1314.89,0.143655
1213.95,0.121332
2838.95,0.283766
1612.75,0.161246
1008.54,0.100846
972.251,0.0972015
904.12,0.0903962
1054.36,0.105372
774.309,0.0773264
1202.94,0.12027
1320.53,0.131852
1400.48,0.139959
684.341,0.0683979
1180.69,0.118027
1843.71,0.184152
1788.2,0.178623
572.452,0.0571936
662.314,0.0662191
16338.6,1.62505
1387.31,0.138716
1362.5,0.136238
3694.42,0.36936
808.97,0.0808811
1365.67,0.136556
850.216,0.0848244
839.696,0.0838254
1367.2,0.136664
951.355,0.0951248
8238.62,0.822035
2823.08,0.282283
3533.73,0.35313
6820.84,0.681252
1170.7,0.117066
1104.52,0.110344
14880,4.61014
583.359,0.0583201
1190.38,0.118984
698.402,0.0698277
1145.29,0.114481
1544.81,0.154402
1236.53,0.123624
4729.03,0.472282
2735.15,0.273423
1052.86,0.105261
730.103,0.072954
2465.78,0.246173
850.09,0.0849503
1322.86,0.13212
513.411,0.0513333
2107.23,0.2107
908.07,0.0907904
1327.07,0.132573
1678.72,0.167822
1754.32,0.175396
1151.57,0.115152
724.856,0.0723959
1027.98,0.10275
1150.61,0.115044
1896.68,0.189049
637.268,0.0637232
6091.58,0.608924
2855.21,0.28526
1108.75,0.110858
1018.58,0.101579
10399,1.03536
1006.71,0.100533
1576.21,0.157612
755.039,0.0754784
1647.57,0.164637
1454.54,0.145436
827.993,0.0827905
1127.88,0.112776
820.379,0.0820071
987.468,0.0987275
2073.47,0.207308
2348.19,0.234742
767.753,0.0766734
845.171,0.0845099
2209.41,0.220822
1222.2,0.122187
2480.08,0.247929
2142.51,0.213973
1335.84,0.133415
4018.26,0.401774
924.949,0.0924746
2824.42,0.282381
770.734,0.0770713
1378.85,0.13782
1421.96,0.142186
1261.32,0.126033
1532.63,0.152993
1988.97,0.198872
1797.41,0.179678
1440.01,0.143987
1814.38,0.180062
1556.97,0.155589
2168.52,0.216468
1267.71,0.126741
1139.31,0.113888
802.554,0.0802392
1032.16,0.103103
1516.25,0.151178
913.326,0.0913019
1341.19,0.134102
1402.56,0.14022
20227.5,2.01405
1342.95,0.134201
1430.95,0.143088
7085.25,0.70644
1294.04,0.129387
2935.06,0.293449
2145.11,0.214476
1772.44,0.177049
1994.66,0.199364
631.627,0.0631538
915.1,0.0914527
1218.29,0.121822
1152.77,0.114806
1314.02,0.131386
2398.48,0.239757
1242.84,0.124201
1032.37,0.103184
1081.55,0.10793
2925.89,0.292344
2149.88,0.214929
2011.34,0.201066
5173,0.519085
670.564,0.0670338
1069.17,0.106856
1496.96,0.149649
1162.07,0.116176
2272.23,0.227158
1428.29,0.142557
737.128,0.0736872
1307.55,0.13074
974.214,0.0973833
1299.88,0.129923
554.66,0.0554632
1184.17,0.118409
775.542,0.0770252
804.55,0.080367
628.386,0.0628109
3116.99,0.257743
1862.64,0.186081
1248.76,0.124842
843.367,0.084313
1427.22,0.142284
742.84,0.0741165
842.899,0.0840646
1344.62,0.134426
1424.79,0.142463
620.237,0.0620123
1288.97,0.128887
1240.89,0.124024
754.431,0.0754412
1505.64,0.150544
965.828,0.0965088
1062.85,0.106245
643.763,0.064352
1503.67,0.149812
2565.9,0.256519
792.826,0.0792391
1134.38,0.113416
1671.55,0.167135
858.175,0.085811
1074.36,0.107433
1241.47,0.124108
673.7,0.0673597
972.318,0.097117
2989.05,0.298768
1162.57,0.116158
1219.14,0.121879
2737.78,0.273704
1596.1,0.159352
528.349,0.0528313
2457.16,0.245623
1035.04,0.103495
1740.57,0.174017
1347.56,0.134687
1548.38,0.154782
1547.12,0.154578
1056.21,0.105619
1043.43,0.104317
789.891,0.0789782
1641.48,0.164109
2452.92,0.24526
2343.43,0.234159
6105.13,0.610136
1318.86,0.131814
1723.55,0.172259
1767.23,0.176676
887.07,0.0884372
1495.87,0.149358
1067.94,0.106705
1518.53,0.151771
1703.77,0.170276
2163.75,0.21628
764.829,0.0764571
2510.06,0.250704
861.752,0.0861409
1460.39,0.145638
524.992,0.0524938
1074.66,0.107439
2455.69,0.245478
936.369,0.0936284
2963.34,0.296175
1307.04,0.130662
1005.57,0.100552
1496.67,0.149511
874.19,0.0873938
1074.02,0.107382
1344.89,0.134475
1575.67,0.157404
794.954,0.0794541
1405.27,0.140469
2096.87,0.209671
1023.7,0.102259
2880.28,0.287943
1749.7,0.174897
519.188,0.0519149
943.73,0.0941803
1397.24,0.139654
1542.34,0.154172
545.865,0.054581
2728.06,0.272765
696.976,0.0696915
1091.11,0.109076
2675.95,0.267407
3751.57,0.374712
22149.7,2.19493
1039.62,0.103938
1515.43,0.15152
680.881,0.0680792
10869.1,4.40437
2959.22,0.295772
1715.67,0.171548
1729.67,0.172917
1231.67,0.123106
1117.37,0.111686
1264.68,0.126293
1864.65,0.186399
2236.14,0.223526
978.836,0.0978652
1410.27,0.140936
1451.54,0.144905
1096.26,0.109373
1104.21,0.1095
737.15,0.0736425
2653.41,0.265267
933.976,0.0933431
1530.36,0.153019
2224.63,0.221751
935.505,0.0935075
915.528,0.0915433
3636.71,0.363628
1278.32,0.12776
2417.78,0.241626
839.126,0.0838665
2508.57,0.250773
815.74,0.0815544
1549.7,0.15463
4709.62,0.470045
2163.38,0.21619
1455.63,0.145316
789.066,0.0788935
1850.84,0.185045
779.253,0.0778292
1346.03,0.134557
1992.49,0.199089
986.945,0.0986427
925.739,0.0925628
2816.73,0.281344
1339.04,0.133875
983.068,0.0981589
1007.53,0.100741
1061.19,0.106064
1248.07,0.124752
678.485,0.06765
1189.9,0.118985
858.436,0.085827
1220.9,0.12206
1014.84,0.101336
2585.42,0.258506
2626.53,0.262482
10108.6,5.5468
1744.28,0.17402
911.887,0.0911453
1520.58,0.152001
974.42,0.0974149
1723.65,0.172354
836.402,0.083585
1785.36,0.178381
6908.21,0.690483
915.319,0.0915227
1036.9,0.103671
836.183,0.0835808
911.404,0.0910994
2271.95,0.227088
827.111,0.0826266
1757.75,0.175517
1279.71,0.127679
4209.73,0.42075
1071.02,0.106996
1199.84,0.119821
900.728,0.0898546
788.883,0.0788751
980.55,0.0977581
1824.76,0.182264
1464.27,0.146414
2178.24,0.217771
675.147,0.0675096
1072.81,0.107218
530.382,0.0526751
1834.91,0.183342
2226.88,0.222335
3371.42,0.336749
809.672,0.0808547
1333.71,0.133046
1218,0.121774
952.375,0.0951757
832.54,0.0832419
877.535,0.087662
333.469,0.0333444
1176.83,0.117655
2710.08,0.270415
1445.68,0.144427
2741.21,0.273938
776.195,0.077478
1504.93,0.150445
2187.98,0.21872
3181.43,0.317931
949.241,0.0948904
2115.54,0.211389
1099.98,0.109994
740.651,0.0740372
985.646,0.0985117
1556.79,0.155574
852.062,0.0852025
1053.59,0.105343
1156.13,0.11556
543.03,0.0542348
1553.32,0.155275
1888.76,0.187417
3763.09,0.37539
912.683,0.0912516
756.681,0.0756438
1612.38,0.161167
1830.13,0.182803
2818.56,0.281702
2183.87,0.21826
1697.39,0.169641
1607.13,0.159958
1102.38,0.110048
2123.9,0.2122
682.885,0.0682391
963.908,0.0963356
705.129,0.0704795
972.96,0.0971273
834.87,0.0834726
6353.23,0.63408
1501.52,0.150075
4404.93,0.439874
1197.15,0.11929
1031.74,0.103172
1103.51,0.110335
1466.02,0.146523
1207.46,0.118014
3440.66,0.343734
692.25,0.0691347
813.526,0.0812829
2434.11,0.243377
1230.67,0.12304
2720.98,0.26273
1048.18,0.104614
573.407,0.0573313
1981.79,0.58534
1112.94,0.111153
445.695,0.0445657
998.304,0.0996791
1253.32,0.125271
1543.25,0.154169
2086.71,0.208639
1355.96,0.135575
2664.02,0.266332
5238.5,0.523218
1413.96,0.141382
1890.74,0.189049
6660.85,0.665085
3884.62,0.387971
1416.21,0.141614
1554.43,0.155207
1045.3,0.10446
939.015,0.093872
877.644,0.0877579
3431.51,0.342886
1960.46,0.196012
1499.9,0.149921
4845.03,5.60203
973.766,0.0971922
1692.75,0.169033
881.078,0.0878115
1265.28,0.125346
1437.13,0.143687
1399.55,0.139905
1762.08,0.175846
956.321,0.0956235
1493.27,0.149314
4052.7,0.405181
1264.7,0.126129
1189.81,0.118955
976.779,0.0976351
1321.64,0.132159
1467.13,0.146546
2840.25,0.283682
2158.97,0.215357
1326.65,0.132654
588.548,0.0588449
2130.98,0.265183
1258.12,0.125798
731.203,0.0731142
1053.85,0.105194
1351.36,0.135054
1329.34,0.13287
2049.36,0.204917
1037.43,0.103683
1426.25,0.142583
611.444,0.0611251
1396.54,0.139631
1586.06,0.158459
1214.08,0.121373
4941.88,0.493873
1071,0.107094
603.557,0.0602972
1910.5,0.190772
2576.15,0.25712
2248.88,0.224839
2556.24,0.255008
680.223,0.0679965
873.028,0.0872178
1882.2,0.184398
941.204,0.094115
768.181,0.0768058
1794.39,0.179413
1608.26,0.160744
1217.99,0.121729
1043.06,0.104213
3323.13,0.332011
3279.57,0.327866
2844.51,0.284383
1227.8,0.122765
1677.56,0.167745
15961.7,1.58999
861.347,0.0860922
1781.84,0.178024
775.372,0.0775329
4694.61,0.468653
1152.61,0.115197
967.396,0.0967359
1310.12,0.130825
910.144,0.0906545
1257.54,0.125739
1246.98,0.124519
944.697,0.0944504
1465.34,0.146418
7665.99,0.765249
1124.85,0.112303
922.177,0.0921933
2245.24,0.224375
845.468,0.0845388
2191.21,0.218886
856.121,0.0855668
612.621,0.0611923
1007.79,0.100641
1067.96,0.104738
927.177,0.0927142
1135.52,0.113517
1300.49,0.130022
1800.3,0.179993
1624.88,0.162466
714.537,0.0714458
748.398,0.0748145
6413.86,0.639198
2117.28,0.211568
1483.19,0.148126
2309.78,0.230798
813.583,0.0813268
873.709,0.0872871
1413.6,0.141216
1008.69,0.100826
847.036,0.0846983
1374.46,0.137403
978.014,0.09778
4209.76,0.420746
794.118,0.0793727
1112.9,0.111283
1429.15,0.142899
791.306,0.0790955
1621.32,0.16209
1179.72,0.117956
2114.99,0.211477
2126.39,0.21251
959.46,0.0959114
1707.17,0.170484
1079.8,0.107973
639.125,0.063904
899.333,0.0894601
1827.97,0.182688
1384.27,0.138404
1102.94,0.110288
1263.92,0.126376
2381.21,0.237795
1212.3,0.121055
4591.82,0.45833
933.424,0.093325
1088.18,0.108808
802.743,0.0802546
884.683,0.0884474
1011.12,0.101102
2528.34,0.252719
1097.44,0.109725
2188.37,0.218714
1254.05,0.12531
814.699,0.0812778
916.9,0.0916657
1119.64,0.111944
1294.67,0.129321
1153.44,0.11471
1638.23,0.163738
1054.53,0.105407
4148.64,0.414305
893.657,0.0893298
1633.29,0.163322
1132.44,0.11322
993.707,0.0993315
665.477,0.0665372
711.237,0.0711098
2198.77,0.219709
1347.6,0.134683
2132.36,0.213037
2825.32,0.282304
953.791,0.095358
1512.49,0.151219
1803.32,0.180209
1149.16,0.114822
1594.73,0.159445
941.645,0.09414
1025.78,0.102552
1314.12,0.131283
1424.24,0.142326
1855.56,0.185458
1285.04,0.128121
1123.46,0.11223
1185.87,0.118563
754.996,0.0754461
4182.41,0.416725
2567.92,0.256669
923.748,0.0918992
1308.89,0.13088
1042.78,0.104174
971.662,0.0970671
753.244,0.0753177
2111.74,0.211133
1806.01,0.180205
1053.9,0.10526
1232.56,0.123223
897.906,0.0897413
552.924,0.0552416
5728.09,0.57261
2017.59,0.201679
773.798,0.0773211
1303.79,0.130364
2292.7,0.229009
1180.62,0.117883
1174.73,0.117441
960.164,0.095998
878.565,0.0878295
1003.03,0.100282
904.339,0.090395
3302.55,0.329813
1214.32,0.121357
2626.51,0.262601
1963.24,0.196215
816.851,0.0797083
886.366,0.0886305
863.773,0.086349
3550.77,0.354828
1128.11,0.112784
822.366,0.0822083
7046.82,0.70411
1159.53,0.115943
1812.99,0.181267
1388.1,0.138772
1567.09,0.156656
773.986,0.0773516
815.053,0.0813956
8067.24,0.806441
2155.65,0.215511
960.311,0.0960245
2017.67,0.201696
1235.33,0.112161
1060.7,0.106061
1072.2,0.107156
1405.85,0.140446
1214.3,0.121345
544.747,0.0544069
11756.6,1.17043
1114.51,0.111429
1057.33,0.105663
1287.88,0.128655
1817.42,0.181726
895.482,0.0894943
1001.43,0.0998937
1486.05,0.148381
585.696,0.0584843
1691.09,0.169091
1075.14,0.107501
1686.63,0.168607
660.542,0.0660419
2035.86,0.203268
910.634,0.0910305
1072.88,0.106
1171.5,0.117122
1076.72,0.107644
932.089,0.0931513
1417.23,0.141651
1993.96,0.199345
2331.7,0.233063
958.38,0.0958308
1447.79,0.144654
1360.99,0.136041
843.832,0.0843586
2022.43,0.202098
1496.59,0.14959
1767.1,0.176687
671.813,0.0671564
12195.5,1.14131
9323.57,0.929114
864.029,0.0862907
2404.35,0.240358
738.993,0.073862
1249.84,0.124956
827.664,0.0827496
899.667,0.0899399
1940.92,0.194067
801.685,0.0801328
1398.03,0.13974
895.216,0.0894476
2011.88,0.201096
1162.87,0.116174
1564.49,0.156416
997.653,0.0996266
1110.48,0.111021
966.56,0.0964377
1086.05,0.107887
2175.27,0.217251
4494.5,0.449293
844.216,0.084419
1138.13,0.113742
1112.27,0.111223
1826.69,0.182551
887.722,0.0887668
8238.14,0.816612
1676.61,0.167648
1553.21,0.155296
800.801,0.0800335
1402.28,0.140054
746.186,0.0746095
2342.42,0.23409
1600.81,0.16006
5133.92,0.512909
2141.73,0.214093
1065.07,0.106458
3359.79,0.335338
527.571,0.0527538
4224.49,0.422316
2305.63,0.230486
1278.11,0.127266
2106.29,0.210524
1322.97,0.132268
2412.27,0.24071
1418.27,0.141743
2570.62,0.257028
1141.92,0.114177
881.322,0.0881082
945.76,0.0944595
910.64,0.0909967
718.416,0.0717392
1350.96,0.135078
813.483,0.0813172
2049.75,0.204839
933.997,0.0933842
3665.91,0.366492
4360.9,0.43562
1921.01,0.191988
1290.61,0.128933
865.663,0.0865243
1266.67,0.126395
1484.34,0.148423
1156.85,0.115633
1565.34,0.156263
1222.81,0.122252
1236.69,0.123656
3620.55,0.361883
1850.95,0.184287
1995.15,0.199494
725.959,0.0725873
1170.51,0.117034
2663.03,0.265436
1053.57,0.105315
1671.25,0.166982
1646.78,0.164661
2457.45,0.245647
1182.89,0.117773
2173.87,0.216877
863.108,0.0863068
1257.02,0.125682
720.343,0.0719315
624.836,0.0624455
804.721,0.0803216
2633.02,0.26209
804.251,0.0802373
717.056,0.071685
1102.7,0.10843
2128.48,0.21283
1310.27,0.130975
697.545,0.0696749
3917.94,0.39156
1873.04,0.187148
684.743,0.0684463
1164.6,0.116382
890.09,0.0889776
1210.49,0.121045
1412.81,0.141265
812.081,0.0811425
844.932,0.0844575
1645.11,0.164365
1021.09,0.102096
1090.74,0.10907
1307.49,0.130747
2100.29,0.209955
1058.33,0.1058
791.909,0.07912
1978.49,0.197817
1200.61,0.120049
597.13,0.0596992
754.564,0.0754515
1474.25,0.147377
2568.88,0.256641
2127.27,0.212559
990.414,0.0988046
1670.68,0.167039
1935.37,0.193362
1132.74,0.113181
1745.5,0.174502
1092.8,0.109231
990.102,0.0989644
856.828,0.0856783
1349.44,0.134941
890.677,0.0890567
2898.12,0.289734
2419.48,0.241223
1299.45,0.1299
1414.06,0.141345
1032.31,0.103144
866.019,0.086583
1751.89,0.175098
1187.27,0.118691
1016.21,0.0997695
1431.17,0.143066
808.5,0.0808432
4588.57,0.458763
975.618,0.0975271
3512.66,0.351114
1510.64,0.150543
1222.59,0.122197
2553.48,0.253846
1338.93,0.133812
619.047,0.0618988
1123.52,0.11221
950.132,0.0949816
12746.9,1.27349
1801.48,0.180084
780.255,0.0779908
563.426,0.0563399
1554.98,0.155365
7740.67,0.773389
404.515,0.0404446
5208.07,0.520515
758.929,0.0758764
644.512,0.0644199
1545.28,0.153721
690.948,0.0686375
1189.77,0.11896
805.202,0.0803958
3169.08,0.315617
1005.48,0.100538
1563.78,0.156365
5640.25,0.563426
1837.57,0.183648
849.321,0.08489
6842.87,0.683615
816.254,0.0816086
1096.81,0.109604
916.531,0.0916493
1615.3,0.161517
1433.22,0.14331
1009.69,0.100945
1653.24,0.165263
872.273,0.0872184
1824.16,0.182358
2053.96,0.205308
1714.92,0.170737
374.655,0.0374598
1794.7,0.179372
1055.16,0.104863
1718.12,0.171772
848.867,0.0847759
1035.74,0.103539
2098.29,0.20981
6552.18,0.653907
3146.54,0.314506
846.14,0.0846054
679.58,0.067941
3458.68,0.345678
1272.94,0.127276
5761.9,0.574926
1373.92,0.137337
742.177,0.0741575
767.049,0.0766953
1229,0.122854
1428.6,0.142798
1038.57,0.103847
2640.39,0.263947
981.11,0.0980853
891.813,0.0891455
2153.43,0.214845
625.46,0.0624734
1750.33,0.175006
949.875,0.0948554
4729.29,0.472543
885.539,0.0885325
1557.71,0.1557
555.032,0.0554527
1116.06,0.111569
1457.26,0.145585
1308.39,0.130745
1205.36,0.120506
1429.94,0.142976
800.563,0.0799461
713.289,0.0712095
2271.04,0.227036
3049.43,0.304583
6186.34,6.01334
1200.67,0.119962
1062.9,0.106276
1238.86,0.12357
1079.82,0.107972
1668.06,0.16672
1517.46,0.151623
959.322,0.0959094
1049.64,0.104956
937.146,0.0936663
1387.96,0.138743
2127.55,0.212481
1299.31,0.129912
1219.41,0.121936
1041.49,0.103977
1156.64,0.11562
1879.06,0.187564
3146.87,0.313336
1189.04,0.118692
9717.61,0.965173
1489.96,0.148815
1083.38,0.108317
1388.25,0.138808
673.766,0.0672512
1479.65,0.147877
884.219,0.0884205
1030.46,0.103032
653.261,0.0653194
2277.53,0.227322
803.442,0.0803229
4319.09,1.05534
1294.39,0.129392
2679.11,0.267241
1239.03,0.123822
6594.56,0.659336
1808.87,0.180857
1122.51,0.112244
1461.7,0.146148
2099.28,0.209883
1318.34,0.131802
1962.53,0.196216
541.356,0.0540507
1031.86,0.103104
3201.55,0.320034
801.826,0.0801505
1060.41,0.105985
933.966,0.0933846
685.699,0.0684773
896.173,0.0896001
3326.27,0.332281
808.017,0.0807766
4538.11,0.452827
16865.9,1.67881
1060.3,0.10602
623.53,0.0623404
793.635,0.0793423
966.363,0.0966221
1461.33,0.145893
2065.48,0.205997
2720.25,0.271931
1106.6,0.110551
2344.72,0.234136
1077.06,0.107685
684.273,0.0684242
1040.42,0.103999
1003.68,0.100335
534.816,0.0534763
752.477,0.0752233
3662.15,0.365678
3100.35,0.308567
1938.38,0.193738
1061.21,0.105883
3207.47,0.320687
800.622,0.0800332
1556.94,0.155616
868.233,0.0868064
1064.94,0.106464
2957.03,0.295511
930.929,0.0930155
879.968,0.0879903
631.089,0.0630987
1254.53,0.125302
1800.98,0.180063
3132.33,0.312917
601.398,0.0600937
1066.16,0.106578
1222.37,0.122099
673.131,0.0672899
1383.56,0.13812
913.858,0.0913775
1664.25,0.166417
711.708,0.0711574
3452.9,0.3445
1153.44,0.115336
2259.37,0.225868
920.32,0.0920269
1103.69,0.110185
493.33,0.0493053
967.614,0.0964666
1409.95,0.140961
7545.34,0.751498
1477.92,0.147786
1093.6,0.109302
806.167,0.0805742
898.46,0.0898309
1078.99,0.160146
5374.98,0.537294
2003.1,0.200273
2387.32,0.238417
1958.38,0.195794
1471.85,0.147161
763.565,0.0762849
748.076,0.0747305
632.766,0.0632705
946.606,0.0945517
1126.89,0.112517
910.87,0.0910496
1469.84,0.146924
3045.62,0.304434
834.426,0.0834252
884.039,0.0883604
1312.2,0.131209
1021.77,0.102157
1274.46,0.127406
1909.92,0.190681
1171.05,0.116918
595.258,0.0587061
710.43,0.0709925
951.965,0.0951814
1347.07,0.13469
961.375,0.0959215
1996.6,0.199592
981.46,0.0980998
972.736,0.0972501
1773.85,0.177368
948.643,0.0948565
1148.14,0.114712
2783.67,0.277976
1178.42,0.117798
8110.93,0.808432
1065.76,0.106546
1646.18,0.164543
838.645,0.083847
1558.45,0.155745
1032.32,0.103224
464.815,0.0464704
1315.43,0.131418
866.487,0.0866042
1033.36,0.103308
1004.96,0.100467
589.495,0.0589439
1349.39,0.13485
6002.58,0.599965
1331.65,0.132814
1180.51,0.11792
1464.38,0.146134
1484.45,0.148435
2110.24,0.210964
726.562,0.072642
2515.73,0.251499
1455.53,0.145343
5189.06,0.518768
1010.59,0.100975
611.204,0.0610646
1593.24,0.15924
2686.32,0.268581
1838.74,0.183853
1467.23,0.146689
1289.15,0.128851
2314.32,0.231347
1427.67,0.142655
1028.92,0.102874
1743.92,0.174363
901.857,0.0901349
550.623,0.05506
6594.84,0.658578
1074.08,0.107374
991.369,0.0991303
1055.02,0.105493
1804.6,0.180318
698.673,0.0698518
958.497,0.0957035
922.119,0.0921468
1627.55,0.162665
743.729,0.0743181
2118.71,0.211747
1911.66,0.191068
920.218,0.0918876
1462.24,0.146163
1193.84,0.119377
402.821,0.0402508
848.347,0.084819
745.939,0.0745304
5030.8,0.502821
1150.13,0.11494
1794.59,0.179368
1657.23,0.165658
1028.02,0.102786
843.71,0.0843323
1182.69,0.118237
1298.86,0.129874
932.723,0.0931886
1405.77,0.140545
1527.95,0.152766
643.694,0.0641268
942.194,0.0942036
698.983,0.0697489
1129.69,0.112967
1763.58,0.176336
1423.79,0.142295
723.471,0.072341
2279.41,0.227832
1520,0.151958
774.684,0.074684
754.218,0.0746865
2406.25,0.240601
1993.54,0.199289
1372.71,0.136911
2202.2,0.220071
2405.17,0.240444
11428.7,1.13924
1218.23,0.121754
7332.57,0.730904
1256.09,0.125574
1253.57,0.125327
1218.31,0.121775
1029.26,0.102919
636.106,0.0635709
1538.99,0.153825
1206.73,0.120644
2995.46,0.299333
1141.94,0.114188
1013.08,0.101215
993.57,0.0993484
10236.6,1.02182
909.498,0.0909182
1631.29,0.162971
1131.14,0.11308
1490.9,0.149061
2182.78,0.21789
942.633,0.094038
557.785,0.0557585
1657.95,0.165668
1448.53,0.144738
1454.3,0.145319
1252.25,0.125123
1098.65,0.109833
2496.6,0.249535
2979.3,0.297847
1405.76,0.140525
820.614,0.082043
4491.23,0.448309
1057.88,0.105766
1713.39,0.171311
1148.24,0.114812
1086.96,0.108659
907.5,0.0905372
1205.4,0.120525
792.907,0.0792621
1395.35,0.137817
1327.89,0.132748
2521.72,0.252088
1177.77,0.117597
1874.28,0.187326
5219.88,0.521603
1219.71,0.121959
1504.13,0.149706
836.932,0.0836896
1050.48,0.105031
1630.48,0.162956
1071.65,0.107137
902.834,0.090207
881.48,0.0841347
1226.24,0.122508
2687.72,0.268508
816.723,0.081666
1253.75,0.125336
623.942,0.0623804
980.578,0.0979511
5486.96,0.548386
1387.16,0.138687
1226.66,0.122629
1450.57,0.144907
1581.09,0.158082
1254.6,0.125345
1053.36,0.105241
985.556,0.0985331
862.192,0.0861867
734.759,0.0734509
932.351,0.0928677
1376.28,0.137577
2111.78,0.211153
828.781,0.0828735
1502.37,0.150168
1829.98,0.182875
1164.46,0.116427
1706.08,0.170532
1952.75,0.195063
846.655,0.0846529
7520.05,0.751381
1480.84,0.147328
1043.46,0.104244
1189.9,0.118983
1225.08,0.122477
971.437,0.0970552
2445.94,0.244485
1613.95,0.161364
1104.56,0.110449
3481.65,0.348075
2205.74,0.220531
4153.6,0.415182
876.005,0.0875826
2008.32,0.200821
1737.27,0.173574
2785.32,0.278466
2867.05,0.286662
1954,0.195346
632.786,0.0632536
3683.49,0.368054
1833.77,0.183326
998.274,0.099817
3438.05,0.343531
1351.31,0.134912
1104.16,0.110301
2583.67,0.258296
1216.7,0.12163
1094.42,0.109395
1311.52,0.1311
2745.89,0.269076
1298.34,0.129823
1359.54,0.135948
1406.09,0.140592
1356.45,0.135526
885.854,0.0885445
1258.92,0.125663
1175.64,0.11732
816.996,0.0816776
1892.61,0.189131
1829.3,0.182858
986.027,0.0985868
659.446,0.0659417
12088.2,1.20472
1404.99,0.140215
1478.33,0.147786
1310.88,0.131076
2812.28,0.281066
566.284,0.0565769
1138.24,0.11379
998.078,0.099804
2655.97,0.265558
2542.76,0.254122
686.39,0.0682966
834.559,0.0834491
1470.83,0.14703
847.532,0.0847383
883.362,0.0882632
8831.35,0.880397
880.852,0.0880215
1085.62,0.10854
1016.1,0.101587
3293.97,0.328495
776.501,0.0776429
2548.57,0.254807
1942.57,0.194205
1084.64,0.108401
1729.3,0.172844
4751.04,0.474981
1754,0.175355
802.056,0.0801442
916.032,0.091575
775.883,0.0775264
818.962,0.081582
952.112,0.0951703
1245.58,0.124503
1921.13,0.192104
685.705,0.0685519
1562.15,0.156144
2617.25,0.261554
1239.1,0.123818
2518.16,0.251456
995.039,0.0994648
830.51,0.0830417
1120.82,0.112034
3046.45,0.304449
1683.14,0.167292
1390.24,0.139005
1428.14,0.142796
1469.97,0.146964
869.346,0.086926
4211.37,0.420547
1790.73,0.179056
807.31,0.0807249
438.727,0.0438517
1744.84,0.17447
7172.17,0.715837
1115.99,0.111571
15121.8,1.50641
738.394,0.0737215
1786.86,0.178641
1433.62,0.143278
2654.88,0.265466
1938.51,0.193703
1415.76,0.141551
1644.81,0.163819
867.413,0.0861931
1824.15,0.182406
769.802,0.0769281
951.778,0.0951656
4144.68,0.414056
1458.32,0.145823
1926.74,0.191961
743.907,0.0738674
1168.23,0.116713
747.921,0.0746377
1424.37,0.142424
662.499,0.0662407
933.757,0.0933645
1118.35,0.111769
27210.1,2.70311
891.766,0.0891521
988.024,0.0987824
2716.22,0.271254
1382.5,0.138223
1444.96,0.14432
1029.74,0.102938
2246.94,0.224615
781.768,0.0781476
1201.68,0.120075
802.235,0.0801717
1651.92,0.165035
1344.66,0.134422
1050.95,0.105057
1472.18,0.147183
880.495,0.0880028
670.253,0.0669472
1722.18,0.172187
777.395,0.0777129
2759.54,0.275653
1760.13,0.175985
736.082,0.0735988
2357.17,0.235589
1434.36,0.143402
1176.75,0.117633
1989.23,0.198899
1485.91,0.148576
1200.66,0.119672
1159.11,0.115763
1088.28,0.108737
882.475,0.0881573
1448.23,0.144798
10959.6,1.08872
802.483,0.080116
951.978,0.0951635
3126.2,0.31246
1160.73,0.11605
970.169,0.0969671
986.78,0.0986314
922.941,0.0922716
884.452,0.0884294
949.51,0.094747
1368.93,0.136761
1817.95,0.181765
1035.93,0.103573
892.648,0.0889055
871.622,0.0870759
1564.67,0.156439
1952.04,0.19512
1260.76,0.126061
1251.84,0.124777
4914.61,0.491357
993.507,0.0992862
797.12,0.0796775
763.98,0.0763826
1189.58,0.118563
1878.25,0.187764
1037.3,0.103696
385.676,0.038531
918.953,0.0918592
4767.1,0.476083
1001.32,0.100069
1860.61,0.185975
861.35,0.086129
2039.74,0.203914
1149.52,0.114838
789.219,0.0789159
1286.23,0.128615
641.387,0.0641309
3336.47,0.333588
1778.29,0.177814
856.895,0.0853517
1322.52,0.131675
993.425,0.0993258
1385.26,0.138512
2412.48,0.241142
6886.47,0.687067
905.678,0.0905572
1277.65,0.127749
801.856,0.080181
1266.44,0.126594
1605.91,0.160573
944.816,0.094451
1143.35,0.114304
1415.96,0.141309
581.058,0.0580083
3082.67,0.307902
1236.54,0.123618
1121.93,0.112151
1209.46,0.120846
800.666,0.0800402
639.01,0.063892
2592.13,0.259133
3182.43,0.318012
602.658,0.060179
601.578,0.060147
562.908,0.0562797
949.57,0.0948982
543.427,0.0543143
1095.1,0.109446
3363.81,0.335881
1528.64,0.15273
873.805,0.0873736
591.779,0.0591713
885.06,0.0884318
1099.4,0.109859
1351.13,0.135099
1614.91,0.161482
1011.85,0.100646
1200.02,0.119975
1152.71,0.115254
1277.77,0.127718
920.98,0.0920587
2890.44,0.288624
2032.37,0.203223
1163.08,0.11626
22327.5,2.21875
1274.24,0.127404
2047.67,0.204733
1576.68,0.157222
1092.69,0.109261
1280,0.127912
1410.01,0.140964
1387.92,0.138765
814.737,0.0814048
1833.91,0.183194
1761.6,0.175831
852.404,0.0852249
1622.99,0.162248
933.74,0.0933173
729.975,0.0729062
2403.07,0.240048
2550.88,0.254983
672.385,0.0672324
3454.88,0.344543
911.657,0.0911581
1139.8,0.11393
996.767,0.099628
774.798,0.0774439
1093.03,0.108909
849.637,0.0848616
1211.69,0.121137
985.472,0.0985439
4446.1,0.444001
1377.29,0.137672
4997.85,0.498838
1454.85,0.144964
1194.95,0.119432
1004.39,0.100433
701.372,0.0701307
1476.27,0.147587
681.393,0.0681353
1061.74,0.106166
3541.87,0.353543
1204.38,0.120385
1368.6,0.136832
1246.02,0.12458
3681.17,0.368005
900.363,0.0899187
1298.44,0.129504
2768.75,0.27606
662.724,0.0662232
963.167,0.0962617
3591.36,0.358632
2762.31,0.27561
1137.93,0.11364
915.227,0.0914418
1992.72,0.199217
950.974,0.0950952
1944.34,0.19414
891.688,0.0891469
924.295,0.0923826
1038.71,0.103855
10637.9,1.06004
713.828,0.071362
888.737,0.0888588
792.653,0.0792181
817.704,0.0817538
4009.38,0.400655
4144.39,0.41403
1465.07,0.146137
3366.12,0.336434
2398.26,0.238993
1348.25,0.13476
2724.63,0.272222
3534.89,0.353046
1266.49,0.126588
1012.26,0.101124
1271.23,0.126817
1541.05,0.154055
665.376,0.0664606
1212.95,0.121271
11082.5,1.10674
1580.25,0.157992
1563.49,0.156264
1073.05,0.107197
1966.54,0.196643
1118.88,0.111878
918.949,0.0918299
1115.09,0.111434
658.393,0.0658308
1671.21,0.167075
1092.32,0.109161
773.383,0.0773182
998.634,0.0998543
1670.93,0.167053
2175.13,0.217479
2547.24,0.254624
2205.96,0.220108
1651.6,0.165016
854.631,0.0853959
965.391,0.096486
857.457,0.0856745
865.731,0.08656
862.103,0.0861915
1340.52,0.134024
1128.07,0.112625
1326.95,0.132687
1059.68,0.105912
1434.33,0.143222
3863.41,0.385164
3268.8,0.324866
2226.42,0.222553
1041.65,0.104123
1227.76,0.122639
1925.07,0.106742
1880.31,0.18802
881.475,0.0881427
1195.09,0.11944
945.777,0.0945757
1593.78,0.159357
777.843,0.0777022
1284.86,0.128467
1931.28,0.192845
1398.72,0.13984
672.419,0.0672238
2607.69,0.260322
952.135,0.0947059
1287.96,0.125977
2717.49,0.271583
809.955,0.0809839
1081.42,0.107845
803.124,0.0802863
1344.63,0.134161
1992.6,0.199235
689,0.0688868
1119.08,0.111868
2008.2,0.200764
1344.6,0.134448
1024.14,0.102392
1954.91,0.19544
3885.41,0.388307
1727.11,0.171326
948.719,0.0948336
1388.88,0.138872
775.834,0.0775718
789.496,0.078912
1070.51,0.107015
1891.11,0.188934
1001.18,0.100107
907.414,0.0907253
2816.09,0.280107
1345.99,0.134547
2704.51,0.270199
2014.39,0.201432
1736.49,0.173592
2046.64,0.204607
3922.44,0.391532
1909.95,0.189582
618.119,0.0618084
1874.95,0.187413
1294.88,0.12935
1827.78,0.182742
2089.71,0.20866
1301.74,0.130132
1598.25,0.159742
2311.68,0.230794
900.484,0.0900373
889.468,0.0888847
1295.99,0.129478
2519.96,0.251874
299.876,0.0298473
1165.4,0.116362
665.95,0.0664876
7233.33,0.723001
1374.61,0.137389
1691.54,0.169112
1488.71,0.148823
873.712,0.0872863
824.763,0.0824614
1316.02,0.131294
2434.65,0.243421
1382.3,0.13822
2121.68,0.212148
995.842,0.0995757
1136.08,0.113393
1323.28,0.132282
2251.3,0.224937
699.571,0.0699369
1161.58,0.116128
1102.6,0.110242
2423.39,0.241993
1534.63,0.153429
1334.65,0.13331
2313.92,0.231263
1810.94,0.181072
1681.5,0.168015
1184.12,0.118243
671.905,0.0664969
1671.16,0.167081
1066.15,0.106604
825.82,0.0825359
1644.34,0.163922
1435.96,0.143552
2055.8,0.205423
1113.29,0.111283
1269.71,0.126904
2168.97,0.216858
979.872,0.0979694
738.244,0.0738152
1183.4,0.118057
1341.8,0.134163
2287.49,0.228674
895.557,0.0894109
969.107,0.0966436
2127.37,0.212704
1408.45,0.140808
1789.9,0.178863
1218.05,0.121752
2940.12,0.293918
1950.19,0.194865
863.901,0.0863598
1539.31,0.15387
862.98,0.086282
913.564,0.0912715
1394.55,0.139374
1480.05,0.147989
824.623,0.0824328
715.364,0.0715141
1612.07,0.161129
1187.48,0.118661
1143.4,0.114333
1896.88,0.189636
1134.29,0.113283
906.636,0.0905226
1579.82,0.157928
1816.29,0.181533
967.359,0.0966055
1064.93,0.106436
1172.1,0.117189
899.975,0.0899436
771.812,0.0770736
1331.97,0.133136
1777.78,0.181323
1453.58,0.145174
1126.94,0.106479
948.242,0.0948128
2038.05,0.203761
829.664,0.0828834
2141.09,0.214014
1677.68,0.167619
1143.37,0.114282
852.262,0.0852131
1664.19,0.166408
1466.07,0.146593
2095.35,0.209497
1326.94,0.132586
1718.31,0.171808
1621.73,0.162097
2939.25,0.293793
1367.6,0.136725
664.818,0.0664737
1928.5,0.19278
839.509,0.0838865
1844.81,0.18437
691.589,0.0691248
868.011,0.0867621
1149.13,0.114905
795.966,0.0794234
1757.42,0.175716
1493.35,0.149275
987.467,0.0987219
490.421,0.0490361
827.012,0.0826654
1657.19,0.165693
2006.36,0.200604
1554.39,0.155256
1033.64,0.103309
768.973,0.0768909
1552.81,0.15507
703.741,0.0703409
2356.96,0.235667
748.596,0.0748572
1009.97,0.100965
991.965,0.0991818
1198.78,0.119313
2154.86,0.214415
1006,0.100588
867.38,0.0864987
5789.25,2.7176
1639.37,0.163701
886.555,0.0886459
2162.34,0.216151
1250.63,0.125005
1154.88,0.115426
2097.74,0.209689
1087.58,0.108315
5021.35,0.502006
1439.72,0.143961
1406.59,0.140625
1253.09,0.124999
1696.53,0.169631
952.027,0.0951978
876.139,0.0876019
851.416,0.0851083
1088.87,0.108875
485.649,0.0485568
5254.9,0.524588
1567.53,0.156684
719.515,0.0719316
1123.95,0.112336
1162.89,0.116262
2215.19,0.221302
1626.41,0.162241
912.085,0.0911376
15039.7,1.49329
3823.79,0.381891
850.228,0.0850178
1423.28,0.142289
1122.28,0.111805
2059,0.2058
3744.76,0.374278
1004.74,0.0964092
1046.34,0.104436
1311.65,0.131143
1199.38,0.119918
1923.14,0.144384
974.79,0.0974727
3946.81,0.394562
1436.59,0.143563
1835.55,0.183416
1665,0.166391
1980.31,0.197927
6424.69,0.635909
919.442,0.0919365
894.985,0.0893395
1055.59,0.105529
3528.18,0.352584
1131.5,0.112566
808.935,0.080864
1546.63,0.154506
1048.75,0.10486
1361.85,0.136147
1645.54,0.164483
1603.89,0.160263
1145.53,0.114407
2208.24,0.220597
5367.74,0.177765
1110.09,0.110526
921.559,0.0921449
1749.86,0.174878
1274.96,0.127357
1073.58,0.107327
1200.22,0.119988
929.525,0.0929235
1748.12,0.174781
1401.4,0.140102
1298.77,0.129856
1733.06,0.173164
1203.36,0.120284
2999.58,0.297625
2612.79,0.261164
659.324,0.0659248
668.913,0.0668791
2550.69,0.25489
900.121,0.0899613
5518.96,0.55143
13669.8,2.9409
974.66,0.0974567
1478.07,0.147776
1280.88,0.127999
910.553,0.0910433
884.718,0.0883015
1030.53,0.103044
1937.08,0.193686
1277.03,0.127681
1551.54,0.155116
1113.72,0.111353
788.951,0.0788921
3181.71,0.318015
1194.65,0.119428
812.379,0.0812173
1742.73,0.174219
1032.87,0.103179
758.409,0.0757777
657.575,0.0657522
411.877,0.0411806
652.267,0.0652153
872.189,0.0872105
1056.11,0.105582
1415.31,0.141516
883.735,0.0883374
1213.71,0.121347
2848.75,0.284777
839.652,0.083951
6284.93,0.627553
1528.72,0.152677
1025.41,0.102532
1303.97,0.130386
1768.39,0.176757
1093.05,0.109292
2034.29,0.203204
2297.36,0.229541
2459.53,0.245298
1521.93,0.152181
3650.57,0.364682
2435.47,0.243308
935.068,0.0933857
3092.32,0.309045
1342.22,0.134134
1279.34,0.127866
1123.38,0.112293
1653.11,0.16527
1135.63,0.113554
1765.27,0.176396
1179.68,0.117893
1711.58,0.171133
823.409,0.0822682
819.598,0.0819524
1550.18,0.154965
724.531,0.0721467
1128.09,0.1128
1617.87,0.161659
1014.03,0.101342
1085.66,0.108541
586.683,0.058659
2318.83,0.211058
1643.88,0.164241
1375.12,0.137486
5972.67,0.59708
920.805,0.092056
852.175,0.085194
886.279,0.0885978
1028.91,0.10268
5291.52,0.528564
1451.97,0.14516
661.769,0.0661593
951.057,0.0950852
1930.27,0.192684
2552.83,0.255189
1380.64,0.138046
1446,0.144579
1095.57,0.109538
1093.56,0.108968
803.923,0.080389
1226.16,0.122585
1151.24,0.115098
783.563,0.0783143
884.254,0.0884012
1187.44,0.116949
642.921,0.0642599
1578.99,0.15786
987.211,0.0987033
2190.98,0.219012
1233.64,0.123312
5092.69,0.508893
6989.46,0.695648
2986.1,0.298422
1342.39,0.134216
1234.29,0.123409
834.493,0.0833401
686.972,0.0686464
1609.89,0.16094
1430.31,0.143005
864.234,0.0863008
1464.75,0.146464
803.016,0.0802908
969.388,0.0969319
804.699,0.0804061
820.101,0.0819856
2696.56,0.269462
954.562,0.0954518
1299.25,0.129834
1177.51,0.117667
1231.42,0.122858
2350.15,0.234751
794.348,0.0793206
1939.44,0.193884
1499.13,0.149878
1916.47,0.19148
845.557,0.084473
1213.87,0.121347
941.88,0.0940242
828.62,0.0828243
1526.64,0.152574
834.602,0.0834451
3594.76,0.359303
1401.3,0.140081
1010.72,0.101064
1211.97,0.121169
922.046,0.0921799
1582.07,0.158105
1439.46,0.143904
1384.95,0.13845
719.842,0.071969
1219.74,0.121897
2030.54,0.202913
556.848,0.0556507
727.777,0.0724979
828.917,0.0828869
1506.36,0.150336
841.841,0.0841664
1245.98,0.124537
1709.68,0.170692
1214.97,0.121203
906.421,0.0905899
1150.14,0.115008
1024.17,0.102404
924.368,0.0924247
1080.91,0.108011
4826.5,0.482552
839.786,0.0839679
1021.96,0.102182
1117.85,0.111616
1035.71,0.10352
641.998,0.0641966
1061.5,0.106138
2273.26,0.226537
729.902,0.0729772
3186,0.318576
944.325,0.0943941
598.199,0.0598165
696.08,0.069563
1283.27,0.128273
5171.1,0.516875
872.321,0.0872155
818.391,0.0818268
1582.07,0.158176
3908.49,0.390407
4798.58,0.479729
2175.13,0.217467
21329.6,5.1139
919.117,0.0918692
1605.52,0.160393
1408.27,0.140618
2192.15,0.219093
2447.55,0.243374
809.009,0.0808879
1356.09,0.135029
565.046,0.0564753
1245.34,0.1245
1413.06,0.141277
1507.53,0.150706
1361.9,0.135797
953.846,0.0953729
1210.92,0.121081
1001.07,0.100093
2367.53,0.236715
1132.76,0.112933
674.936,0.0674839
1867.01,0.1865
782.648,0.0782572
1723.6,0.172326
1161.61,0.116133
1047.31,0.104722
3852.55,0.38269
1648.04,0.164547
1616.89,0.161631
735.935,0.0735812
995.842,0.0994792
1791.28,3.14772
1393.35,0.139308
779.479,0.0778907
2126.77,0.212525
879.051,0.0878865
1060.55,0.106034
1935.53,0.19354
675.766,0.0672363
538.956,0.053876
1041.47,0.104131
2907.4,0.290668
1521.63,0.151935
879.757,0.0869642
999.27,0.0999088
1204.31,0.120338
519.754,0.0519267
616.342,0.0616264
714.71,0.071357
747.719,0.0747529
1534.76,0.153465
682.396,0.06672
1741.88,0.174159
521.936,0.0521392
1291.89,0.129102
726.065,0.072593
868.861,0.0868232
3045.49,0.30412
1208.18,0.120767
835.377,0.0835182
1091.54,0.109148
1111.76,0.111153
1253.68,0.125325
1309.51,0.130104
1135.64,0.113487
12871,1.28505
764.203,0.0763473
758.215,0.0758158
3478.04,0.347633
1611.39,0.161115
1275.09,0.127268
1148,0.114607
543.346,0.0543288
816.898,0.0815031
1054.42,0.105405
1352.77,0.135267
1734.39,0.173376
2012.5,0.200641
2193.67,0.219291
1656.45,0.165613
1151.28,0.115046
1599.21,0.159915
490.888,0.0490731
1183.47,0.118314
1254.83,0.125473
1236.74,0.123584
1096.68,0.109627
2283.19,0.22822
1078.42,0.107798
766.776,0.076641
1273.1,0.127254
837.682,0.0837514
1265.27,0.126513
881.08,0.0880951
1177.06,0.117629
1510.29,0.150986
971.96,0.0970572
976.192,0.0975722
844.08,0.0843874
835.856,0.0835751
1373.75,0.121968
1311.48,0.13111
1084.71,0.108339
515.327,0.0515312
2652.66,0.265207
1295.56,0.129535
6642.07,0.662409
2693.11,0.268691
1235.39,0.123482
1008.83,0.100867
1465.69,0.146504
2221.08,0.221653
2245.55,0.234826
2110.98,0.210782
839.05,0.0838858
1105.43,0.110272
953.959,0.0953883
1490.28,0.148781
1481.8,0.148112
1002.17,0.100189
1646.59,0.164564
1052.75,0.10518
908.733,0.0908524
561.91,0.0561817
1043.37,0.104293
2885.63,1.08056
1335.39,0.133481
595.285,0.0595194
1594.63,0.159431
735.949,0.0735691
1675.26,0.167423
4047.34,0.404647
1895.29,0.189402
1080.88,0.107995
1851.78,0.18497
891.631,0.0890251
2502.41,0.250116
1067.22,0.106701
859.027,0.0853668
1831.03,0.183088
1067.08,0.106641
1372.78,0.137199
3888.33,0.38816
1912.03,0.190992
1123.95,0.112384
1168.87,0.116835
1613.26,0.161044
1676.29,0.167578
1365.92,0.136334
957.834,0.0957338
1387.9,0.138759
1328.12,0.132538
1287.43,0.128686
12276.6,1.22617
794.268,0.0793752
1147.78,0.114611
1990.18,0.198992
7760.73,2.62924
1604.03,0.160359
773.293,0.0773013
932.097,0.093131
760.755,0.0760119
1316.26,0.131547
1539.72,0.153943
1080.98,0.108067
1996.58,0.199535
1202.58,0.120235
2134.96,0.213489
3000.39,0.299893
1540.73,0.153926
1388.73,0.138822
886.083,0.0885962
911.096,0.0910991
2207.99,0.220772
774.272,0.0774158
812.376,0.081184
1362.44,0.136192
716.684,0.0716044
4300.06,0.42974
1040,0.103974
1775.12,0.177469
1109.89,0.110801
1422.98,0.142178
3152.93,0.315092
814.213,0.0812955
1855.63,0.185522
4418.37,0.441699
1108.71,0.110187
1539.66,0.153878
786.305,0.0785987
2849.98,0.284745
1198.19,0.119643
877.841,0.0877773
3503.18,0.350124
1508.54,0.150749
5789.65,0.578378
4886.29,0.488409
899.947,0.089975
862.141,0.0861779
1247.44,0.124712
930.194,0.0929748
1989.46,0.198919
906.272,0.0905906
1459.77,0.135172
1112.52,0.111246
599.988,0.0599699
2476.71,0.247488
778.187,0.0777647
596.872,0.0596793
1187.12,0.118672
702.576,0.0702527
827.739,0.0827624
2442.69,0.243804
2853.79,0.282868
1051.97,0.105159
992.075,0.0991298
863.195,0.0860439
1869.82,0.186899
3427.69,0.342591
752.039,0.0671644
1268.66,0.126852
1033.44,0.103332
1413.69,0.14132
650.746,0.0650519
843.755,0.0843226
413.665,0.0413489
770.989,0.0770314
1184.07,0.11836
1558.87,0.155869
2534.12,0.253187
665.435,0.0665331
976.271,0.097618
1841.6,0.184107
788.519,0.0788159
2979.76,0.297832
1100.91,0.110078
980.716,0.0976732
1408.98,0.140549
895.79,0.0895669
831.694,0.083142
826.287,0.0825281
556.658,0.0556224
1377.89,0.137619
1270.11,0.126855
1559.37,0.15586
1874.73,0.187437
1137.26,0.113705
1218.78,0.121871
1460.77,0.146003
1682.8,0.168265
2150.28,0.21476
755.728,0.0755511
2181.73,0.218069
1952.44,0.195193
1972.46,0.197076
855.56,0.085506
1384.39,0.138421
709.492,0.0709197
1791.22,0.179032
2190.44,0.21899
2041.47,0.203986
814.335,0.0813692
1238.97,0.123889
2656.12,0.265373
1745.57,0.174499
1352.38,0.134367
1047.18,0.104675
1161.55,0.116122
735.312,0.0735087
1743.86,0.17434
2655.16,0.265339
929.786,0.0929485
1094.41,0.109433
4578.74,0.457491
3808.12,0.380635
592.949,0.0603722
2378.85,0.237719
698.504,0.0698147
945.972,0.0945713
1642.74,0.164237
2029.97,0.202909
466.207,0.0466137
987.488,0.0987448
1011.71,0.101167
1014.7,0.101452
677.323,0.0677239
2255.69,0.224949
1223.7,0.122326
686.073,0.0685633
485.752,0.0485658
2098.38,0.209787
11050.3,1.10271
1064.81,0.106383
1731.14,0.173007
1226.07,0.122599
1496.99,0.201298
1328.72,0.132857
854.44,0.0854181
750.446,0.0748136
2019.15,0.201812
1022.96,0.101689
703.988,0.0703974
2631.39,0.263103
1014.9,0.101357
1332.11,0.133037
1195.91,0.119531
4311.38,0.429713
1806.61,0.180643
1330.59,0.133008
3090.07,0.270971
2117.22,0.211449
1418.96,0.141881
3220.7,0.321998
769.836,0.0769806
907.332,0.090691
943.663,0.094334
783.497,0.0783467
1117.33,0.111727
1457.02,0.145607
1766.82,0.176602
1034.78,0.103389
1297.82,0.129673
1221.9,0.122179
931.016,0.0930787
590.439,0.0590359
1925.51,0.19249
1205.56,0.120552
1606.13,0.16039
1877.28,0.187705
7454.67,0.742147
1307.01,0.13065
1491.16,0.149064
671.745,0.0671726
989.297,0.0989103
1691.01,0.169064
1473.72,0.147295
1089.55,0.108905
695.654,0.0695512
510.974,0.0510874
1011.33,0.100968
897.853,0.0896998
1126.69,0.112614
874.733,0.0874654
2122,0.212072
3099,0.308631
1581.48,0.15808
2858.43,0.285785
648.748,0.064773
3185.89,0.318465
887.56,0.0886191
1074.37,0.10743
1144.3,0.114295
1788.29,0.17875
1671.31,0.167053
2911,0.291006
913.356,0.09133
1929.57,0.192862
954.048,0.0950436
1340.7,0.134017
1106.88,0.110665
684.223,0.0684135
1288.11,0.128529
1075.53,0.10752
2558.84,0.255676
1299.82,0.129938
864.127,0.0864092
3558.58,0.355747
8491.89,4.43879
3063.89,0.306203
1081.27,0.107991
1500.45,0.149952
1573.27,0.157128
923.939,0.0923728
1168.19,0.116738
1146.37,0.114573
1488.5,0.148612
1080.05,0.107995
1187.49,0.118633
1893.97,0.189317
709.392,0.0709292
4075.1,0.406305
720.581,0.0720548
1899.78,0.189952
739.504,0.0737913
1813.84,0.181375
833.431,0.08332
1138.71,0.11384
1366.79,0.136608
1046.96,0.104644
1081.63,0.108115
1121.76,0.112164
1055.51,0.105429
689.496,0.0688412
2091.21,0.209102
2288.3,0.228814
1961.99,0.196149
1063.85,0.106369
1710.88,0.171027
1205.66,0.120504
1383.75,0.138322
897.971,0.0897692
8597.06,0.85848
1019.91,0.101929
2494.01,0.249271
920.996,0.0920753
1435.24,0.143445
1066.73,0.106665
813.926,0.0813096
1049.47,0.104943
1424.61,0.142423
2459.93,0.245954
717.39,0.0717206
668.426,0.0668207
1069.89,0.106946
1134.94,0.113433
930.737,0.0929841
1329.95,0.132975
551.037,0.0550876
4688.65,0.468665
1323.35,0.131889
860.51,0.0856488
2978.24,0.297754
823.028,0.0822921
1732.9,0.173253
992.104,0.0991978
910.764,0.0909919
1540.85,0.154066
3356.88,0.335568
1252.77,0.125255
1536.77,0.153608
628.426,0.0628262
2113.65,0.211266
2360.74,0.235924
595.795,0.0595494
1034.62,0.103455
963.508,0.0963146
633.645,0.0633145
1485.12,0.148428
2143.5,0.214305
2238.66,0.223618
2175.51,0.21753
779.304,0.0778759
1341.53,0.134095
1459.04,0.145854
953.125,0.0952937
1043.79,0.104344
7610.22,0.757986
1127.08,0.112685
485.829,0.0485638
1161.7,0.116157
8065.74,5.55329
2890.27,0.328708
991.753,0.0991013
731.101,0.0731038
933.494,0.0933406
892.598,0.0892459
2029,0.202803
773.686,0.0772607
2585.18,0.25434
1355.91,0.135252
892.988,0.08929
887.769,0.0887424
586.292,0.0586212
1969.07,0.196787
951.908,0.0951742
720.944,0.0720869
1090.73,0.109054
1668.56,0.166648
1405.78,0.140522
1234.56,0.123318
580.811,0.0580748
950.6,0.095046
1260.43,0.125988
3647.58,0.364163
1214.79,0.120892
1386.31,0.138582
1026.42,0.102631
3000.59,0.299968
8970.76,0.895784
1344.82,0.134274
1950.33,0.194737
1157.42,0.115549
821.368,0.082119
2332.24,0.233087
1182.34,0.118213
905.199,0.0904608
1346.42,0.134635
2029.73,0.202899
1100.55,0.109852
1118.73,0.111707
2006.34,0.200467
757.862,0.0757738
2833.07,0.283247
941.797,0.0941341
1729.47,0.172669
2003.38,0.200241
1134.6,0.11336
971.308,0.0971078
1276.1,0.127595
602.472,0.0600674
1547.18,0.154618
1377.28,0.137714
1803.04,0.180175
655.48,0.0655356
1587.85,0.158735
1038.79,0.103818
1274.99,0.127144
1505.22,0.150068
712.181,0.0668679
2189.92,0.218813
2294.19,0.229265
1077.17,0.107594
1535.92,0.153539
643.848,0.0643371
2615.47,0.261317
1030.94,0.103081
796.861,0.0796444
2129.19,0.212835
1293.65,0.12919
1142.89,0.114266
2553.1,0.254957
8384.64,0.836172
959.957,0.0959774
1173.07,0.117288
3076.37,0.307441
1120.67,0.111165
1003.23,0.10028
966.961,0.0966925
1582.23,0.158174
960.785,0.0960494
1288.97,0.12881
7736.72,0.773121
1024.03,0.102303
1074.01,0.107378
675.487,0.0674947
740.152,0.0740083
4022.41,0.402174
1267.3,0.126697
709.478,0.0708093
1682.82,0.168207
971.841,0.0971696
555.457,0.0551165
898.382,0.0898215
820.298,0.0819671
834.183,0.0834155
1027.62,0.102756
1138.4,0.113765
3001.57,0.299485
1438.81,0.143742
2758.62,0.275005
1679.58,0.167915
5272.81,0.525681
1825.04,0.182325
11566.9,1.15583
2057.55,0.20536
1306.35,0.130603
1364.1,0.136379
1681.75,0.168103
1898.98,0.18978
695.202,0.0694967
4596.07,0.459064
1211.61,0.121123
908.415,0.0907576
3188.58,0.318655
566.325,0.0566035
1216.35,0.12163
955.151,0.0955082
816.708,0.0816554
1183.61,0.118307
740.526,0.0736039
863.579,0.0862686
2015.25,0.201477
1381.41,0.137924
2125.47,0.212491
4958.52,0.495733
842.231,0.0842009
1347.54,0.134696
1415.39,0.141487
1953.47,0.195212
3237.62,0.323171
559.992,0.0559696
696.766,0.0696743
3041.93,0.303855
2057.49,0.205587
1600.37,0.15997
1091.36,0.108484
16252.1,1.62276
1725.31,0.172469
1238.82,0.123794
881.521,0.0880888
1791.33,0.178783
695.37,0.0695137
1763.74,0.176347
1329.78,0.132922
1898.61,0.189675
993.206,0.0993165
1097.72,0.109717
888.809,0.0886505
1244.07,0.123966
1463.14,0.146283
876.995,0.0875881
939.623,0.0939475
717.927,0.0717768
878.62,0.0878541
555.328,0.0554505
1860.82,0.186061
2143.78,0.214264
795.321,0.0794985
532.275,0.0532189
2022.12,0.202005
1107.95,0.110771
1072.88,0.107214
1590.87,0.159052
2170.18,0.216968
607.583,0.0607495
1177.53,0.117412
861.647,0.0861603
936.754,0.0935899
798.605,0.0798557
786.324,0.0785607
1032.65,0.103228
1220.87,0.121986
1361.94,0.136177
1724.84,0.172471
854.892,0.0851145
1131.89,0.113172
2466.29,0.246426
1094.75,0.109416
1225.43,0.122518
592.078,0.0592016
2639.41,0.263899
809.784,0.0809403
1404.24,0.140338
1304.37,0.130381
1313.61,0.131335
3041.61,0.303946
1301.93,0.130153
1675.99,0.167509
890.877,0.0890668
1161.82,0.115643
2079.88,0.207911
839.15,0.0838713
1777.47,0.177667
897.449,0.0897419
1361.62,0.136145
6807.44,0.679789
854.521,0.0854335
1239.33,0.123881
2610.95,0.260912
1224.24,0.122384
674.016,0.0673853
1927.83,0.192513
1899.36,0.18986
1675.17,0.16743
1559.48,0.155791
6630.03,0.662338
926.504,0.0925953
2187.17,0.218622
869.502,0.0869306
879.56,0.0879366
3506.61,0.350499
1129.26,0.112803
1633.55,0.163339
1645.1,0.164491
2299.13,0.229807
1053.1,0.105302
2225.95,0.22232
906.105,0.0905204
1169.37,0.116877
792.669,0.0792397
936.524,0.0894417
1798.15,0.179564
1784.43,0.178405
902.331,0.0901871
4121.17,0.411915
1385.14,0.138481
878.232,0.0878161
1425.19,0.142482
752.528,0.0752131
1181.45,0.118051
952.41,0.0952143
971.055,0.096827
2144.96,0.21443
873.056,0.0871495
756.563,0.0756468
1955.65,0.195345
1330.01,0.132984
1268.13,0.126741
2405.76,0.240537
4545.05,0.447441
1588.41,0.158821
1016.76,0.100862
1184.61,0.11838
1447.3,0.144657
1224.54,0.122407
1035.91,0.103564
4192.27,0.418641
993.705,0.0993216
868.959,0.0867881
1068.72,0.106842
1798,0.17977
920.456,0.0920209
1958.27,0.195434
1054.95,0.10542
1103.89,0.110357
2625.41,0.262429
1485.3,0.148495
713.69,0.0713623
506.5,0.0506452
877.182,0.0876978
1805.44,0.180209
1403.1,0.140099
921.644,0.0921286
809.564,0.0809229
1140.85,0.114057
2531.62,0.253127
1138.48,0.113796
1633.22,0.163303
1240.17,0.12393
616.071,0.0616043
2599.37,0.259693
1525.27,0.152422
1863.94,0.186277
397.146,0.0397062
1411.95,0.141116
1337.54,0.13356
675.641,0.0675605
3368.87,0.33652
904.195,0.0903606
911.443,0.0910872
975.038,0.0973833
1406.86,0.140645
1939.72,0.193949
1410.29,0.141012
1078.92,0.107866
620.331,0.0620217
1784.82,0.178368
909.063,0.090888
724.089,0.0721522
981.937,0.0981659
1534.33,0.153383
1224.41,0.122426
7832.05,0.783014
2552.38,0.254429
990.084,0.0987557
1357.65,0.135749
2599.42,0.259907
735.618,0.0735573
949.655,0.094879
1455.95,0.145366
657.166,0.0657096
7028.13,0.701807
1583.15,0.158271
643.982,0.0643799
1240.95,0.124059
882.952,0.0882896
4317.3,0.431647
684.338,0.0683909
4371.15,0.436581
1099.54,0.109855
1317.19,0.131473
917.393,0.0917172
858.958,0.0858895
1309.88,0.130961
1096.59,0.109648
3240.46,0.323065
13266,3.0967
1068.76,0.10685
1538.19,0.153757
1185.88,0.118581
5229.38,0.52244
913.716,0.0890577
823.482,0.0822932
2190.45,0.219035
3082.66,0.308167
1505.43,0.150459
2765.91,0.276302
1477.29,0.147712
1893.72,0.189314
1203.08,0.12028
806.836,0.0806574
1389.37,0.138713
2235.32,0.223463
1339.25,0.133889
1488.51,0.146579
1506.03,0.150558
1321.05,0.128865
1176.95,0.117582
984.991,0.0984709
1124.2,0.112402
1088.75,0.10882
1439.68,0.143961
1029.42,0.102926
2152.49,0.215187
977.113,0.0976893
1085.77,0.108519
395.798,0.0395782
23257.8,2.28403
1074.34,0.107218
791.49,0.0791191
893.603,0.089238
1573.11,0.157264
1177.26,0.117695
1075.98,0.107581
1188.77,0.118833
1040.94,0.104071
1043.75,0.104346
1147.18,0.114676
26949.6,2.65252
1771.25,0.176783
1933.38,0.193192
812.577,0.0812514
2179.87,0.217899
664.095,0.0663962
6106.04,0.609644
1046.06,0.104537
1131.19,0.11309
1228.16,0.122794
876.674,0.0875897
2771.05,0.2763
984.541,0.0984087
574.288,0.0574048
558.613,0.0558342
1015.7,0.101542
1563.74,0.156308
1061.99,0.105988
2827.69,0.282587
775.66,0.0774756
1976.73,0.197313
801.161,0.0800449
2948.62,0.294797
1667.99,0.166786
1020.74,0.10206
1403.87,0.14037
1176.75,0.117664
1106.7,0.110622
2145.33,0.214435
1314.55,0.131179
1254.02,0.125367
1021.08,0.102048
990.98,0.0990843
1010.62,0.101046
1136.4,0.113549
1758.37,0.175392
1825.49,0.180912
1531.02,0.153047
2589.25,0.25869
1255.5,0.125372
771.918,0.0771788
1125.84,0.111861
798.899,0.0798679
1416.93,0.141657
827.01,0.0826953
2024.53,0.202397
3164.03,0.316194
3151.14,0.315062
1012.42,0.101201
1850.98,0.185075
3556.07,0.355287
1962.52,0.19602
995.279,0.0994578
1623.98,0.162239
1700.1,0.169962
886.262,0.088595
942.353,0.0941525
4467.69,0.446705
815.843,0.0814859
10834.7,1.07862
1376.44,0.137612
2173.55,0.21707
871.899,0.087184
1138.6,0.113846
1534.81,0.153351
2164.18,0.216339
1317.69,0.131749
640.809,0.0640727
1776.59,0.177298
1098.1,0.109794
1449.92,0.144914
2509.6,0.250943
646.129,0.0645934
1643.92,0.164341
8324.47,0.828777
10118.7,1.00864
1068.64,0.106758
1770.22,0.176988
3091.82,0.308313
996.474,0.0996317
1869.17,0.18677
873.851,0.0873484
2642.34,0.264149
944.071,0.094395
640.128,0.064007
1822.02,0.18219
1777.09,0.17767
1241.93,0.124175
1292.01,0.128987
1042.82,0.10422
1360.12,0.13595
3493.54,0.349034
1755.03,0.17548
1069.92,0.106963
1015.74,0.101412
3318.77,0.331748
1389.45,0.138926
1020.93,0.102087
1237.63,0.123712
873.872,0.0873642
2324.78,0.247684
642.024,0.0641854
2003.33,0.200321
1340.77,0.134062
2586.81,0.258577
1092.79,0.109265
1123.77,0.112365
625.06,0.0624944
722.548,0.0721476
1063.33,0.106294
2716.03,0.271518
891.906,0.0890036
971.756,0.0969814
726.452,0.072614
801.138,0.0800756
1432.94,0.143281
4509.25,0.450606
774.185,0.0774131
20314.2,2.02098
1458.34,0.145813
9582.47,0.955923
1208.49,0.120765
1011.81,0.101166
1305.53,0.130484
825.95,0.0825525
812.326,0.0811929
7672,0.765043
1838.51,0.183718
1290.49,0.129035
2208.73,0.220767
541.288,0.054076
1164.61,0.116423
897.269,0.089621
1026.58,0.102642
1869.16,0.186746
30579.8,3.01613
1597.35,0.159704
1178.5,0.117769
1625.57,0.162507
1330.13,0.132828
1537.61,0.153625
1972.76,0.197168
1167.25,0.116645
1511.48,0.151129
2765.25,0.2764
808.199,0.0807556
1042.48,0.104232
1316.45,0.131523
1150.07,0.114885
1228.91,0.122861
688.098,0.0688047
1229.33,0.122748
4234.24,0.423151
1250.93,0.125085
2792.46,0.2792
798.012,0.0797724
776.901,0.0776675
935.056,0.0934714
921.298,0.09208
2333.51,0.233288
1106.86,0.110656
1215.33,0.12148
1216.68,0.121349
741.987,0.0741775
1347.73,0.134763
1610.39,0.160931
8277.86,0.821383
852.84,0.0852751
6876.23,0.675787
4046.32,0.404087
920.889,0.0920661
1078.93,0.107786
6119.67,0.611493
1127.41,0.11267
893.173,0.0893066
1979.15,0.197779
1455.42,0.145517
2419.6,0.241789
756.787,0.0755217
725.204,0.0725146
1874.02,0.186597
771.462,0.0771361
1162.95,0.116194
711.332,0.0711253
6479.44,0.646299
1244.26,0.124387
1136.97,0.113677
1849.71,0.18479
1128.53,0.112845
3488.29,0.348516
828.4,0.0828376
1089.31,0.108908
794.839,0.0792803
1939.05,0.193706
1389.22,0.137534
1508.03,0.150745
858.424,0.0857723
881.099,0.0880831
1464.43,0.146429
1986.33,0.198471
666.052,0.0665474
4539.98,0.453641
967.618,0.0965311
1460.11,0.145991
1446.89,0.144509
1564.21,0.156413
1056.28,0.105625
1211.86,0.12093
1341.22,0.133976
912.278,0.0912085
1457.67,0.145682
1226.59,0.12245
1349.72,0.1349
900.631,0.090041
1515.79,0.151428
1680.4,0.167942
2053.84,0.205357
1029.21,0.102907
1087.31,0.108674
1060.61,0.105416
782.308,0.0782037
919.606,0.0919411
4466.23,0.44651
802.289,0.0801732
1540.74,0.154066
1004.08,0.0991303
992.785,0.0989433
712.68,0.0712075
2087.28,0.208671
2250.13,0.22488
2085.85,0.208482
526.004,0.0525954
1395.05,0.139277
1149.39,0.114923
733.412,0.0733377
680.435,0.0670359
1300.15,0.130011
1186.08,0.118561
999.768,0.099859
