EnergyDeposit(eV),LET(keV/um)
831.491,0.0830472
1400.55,0.137191
4441.99,0.443832
1029.86,0.102927
1658.83,0.1658
2743.14,0.268042
995.49,0.0995299
1826.17,0.182415
7065.04,0.705482
3834.03,0.382983
2751.22,0.275059
789.485,0.078894
881.947,0.0881888
6486.39,0.6451
1923.03,0.192278
910.165,0.0909618
1752.23,0.175217
1301.56,0.130137
2071.99,0.20715
1377.09,0.13769
1078.11,0.107705
666.555,0.0666444
572.838,0.057176
743.919,0.074243
1014.28,0.101415
767.905,0.0767701
1666.61,0.166568
934.291,0.0932997
763.508,0.0759989
974.761,0.0974597
1425.22,0.142487
999.57,0.0999551
1819.7,0.181623
1333.21,0.133318
967.221,0.0967164
2428.4,0.242697
1255.79,0.125564
996.003,0.0995975
893.024,0.089291
843.179,0.0842919
1151.62,0.115085
678.305,0.0678115
1070.92,0.106979
3205.69,0.320441
1836.33,0.183228
1333.89,0.133364
1023.67,0.102159
2182.94,0.217763
1403.7,0.140259
1821.1,0.182029
1325.94,0.132422
734.207,0.073327
999.98,0.0999832
1020.49,0.102013
1482.1,0.148149
1923.19,0.192257
1211.32,0.121043
3891.07,0.388825
2908.81,0.290761
816.11,0.0815898
1604.4,0.160373
1115.98,0.111556
1228.25,0.122761
1541.2,0.154104
769.818,0.0769643
819.702,0.0817963
1980.85,0.198063
1252.3,0.125204
1252.01,0.125096
3821.08,0.381732
1648.05,0.164731
1231.47,0.123115
878.042,0.0876649
539.108,0.0538987
854.055,0.0852992
639.869,0.0638912
1183.53,0.118313
1020.12,0.101972
921.503,0.0921258
1521.18,0.152007
1268.76,0.126854
1177.17,0.1177
948.401,0.0947112
2142.3,0.213807
731.264,0.0730991
1732.46,0.173084
948.179,0.0948058
1178.19,0.117764
1012.67,0.101189
6351.72,0.634906
2007.78,0.200713
1883.19,0.188303
967.378,0.0964903
1474.8,0.14742
838.082,0.0837901
1534.21,0.153201
1256.17,0.125602
931.559,0.0914047
1367.02,0.13669
1223.38,0.122323
1068.59,0.106855
1460.8,0.146053
1276.52,0.127534
957.007,0.095672
607.279,0.060726
966.38,0.0966154
1017.62,0.101748
948.02,0.0944536
1443.69,0.144354
1175.75,0.117563
2326.61,0.232632
1821.16,0.182046
3130.41,0.282225
1812.47,0.18118
825.817,0.0825678
1169.15,0.116872
753.149,0.0753076
1296.82,0.129676
2221.33,0.221946
934.785,0.0934681
781.417,0.0781349
1004.25,0.100345
988.798,0.0901199
1074.36,0.107429
1356.04,0.135456
2080.67,0.207736
815.174,0.0814611
993.445,0.0992764
1015.43,0.101533
1995.28,0.199496
917.84,0.0916177
820.726,0.0818254
1630.98,0.162991
707.016,0.0706147
738.285,0.0738014
1049.42,0.104844
1522.32,0.152165
1774.96,0.17741
1957.01,0.195574
1057.78,0.105735
2074.07,0.20726
1209.82,0.120877
1124.09,0.112387
1541.82,0.154103
1957.7,0.195668
1569.9,0.156964
2574.95,0.257461
889.791,0.0889613
1136.44,0.11355
837.529,0.0837421
1821.56,0.182042
1084.63,0.108416
770.275,0.0770252
1230.07,0.122923
1229.71,0.122879
1855.08,0.185419
1257.86,0.125695
1111.19,0.111095
1140.53,0.113989
1015.41,0.101452
990.442,0.098872
1537.62,0.153679
1530.96,0.153067
1886.1,0.18783
711.104,0.0711043
3102.73,0.309988
2678.61,0.267337
3998.24,0.395718
926.519,0.0926113
1089.41,0.108908
677.279,0.0676508
713.584,0.0712398
2149.79,0.214863
1060.28,0.106023
1619.84,0.16196
1403.94,0.140229
1724.5,0.172421
1661.2,0.166071
1206.22,0.120551
1946.73,0.194638
2672.64,0.267167
1191.26,0.119096
1114.96,0.111465
929.707,0.0929518
1069,0.106898
645.098,0.0644955
6246.57,0.623353
847.982,0.0847686
765.914,0.0765752
1167.78,0.116717
1608.43,0.160831
735.267,0.0735209
1336.65,0.133655
877.608,0.0877545
1671.44,0.167136
508.822,0.0508757
2795.85,0.279143
995.724,0.0995514
2520.34,0.25191
1309.06,0.130888
1040.83,0.104013
1767.41,0.176729
1507.6,0.150742
3313.09,0.331214
4451.69,0.445108
1121.59,0.112135
899.282,0.0899177
1019.42,0.10187
645.488,0.0645337
1513.57,0.151296
838.526,0.0838047
962.731,0.096205
9006.64,0.898946
687.541,0.068751
860.137,0.0859862
813.485,0.0813337
3283.23,0.328017
1026.42,0.10261
875.165,0.087502
1206.07,0.120419
656.35,0.0655148
1954.38,0.195371
1227.17,0.122713
1106.2,0.110522
609.613,0.0609314
1128.65,0.112859
3906.64,0.390499
1434.24,0.143417
4660.77,0.465657
1195.93,0.119569
1139.37,0.113922
950.695,0.0950423
794.055,0.0791165
3963.88,0.396318
1860.72,0.185991
2554.41,0.255258
1247.77,0.124726
1076.85,0.107679
1393.29,0.138998
1005.76,0.100551
1281.92,0.128104
1835.48,0.183441
769.306,0.0769238
830.141,0.0829711
4038.84,0.403474
1502.33,0.149682
877.174,0.0872273
525.266,0.0525191
990.889,0.0990486
1428.62,0.142827
1685.79,0.168554
1603.27,0.160164
1274.56,0.127276
2009.85,0.200768
6285.68,0.62781
651.608,0.0651451
2775.62,0.277302
1550.5,0.155035
1529.36,0.152903
1189.73,0.118851
1370.38,0.136958
4500.21,0.448647
1225.56,0.122506
1237.33,0.123587
1655.6,0.165546
826.215,0.082605
829.973,0.08296
1670.18,0.166972
3003.62,0.300302
1254.93,0.119015
1897.92,0.189643
1562.13,0.156192
1617.02,0.161424
3842.49,0.384221
2266.82,0.226634
920.998,0.0920744
2666.07,0.266564
1350.53,0.134993
618.142,0.0618099
1761.34,0.176012
854.767,0.08547
954.428,0.095429
1757.88,0.175695
721.272,0.0720999
3401.02,0.339891
1364.27,0.136411
1237.01,0.123445
906.753,0.0906143
979.794,0.0979693
1207.62,0.120722
4548.27,0.454232
809.897,0.0809536
6290.41,0.628769
1394,0.13935
1169.5,0.116671
1272.99,0.127274
1097.99,0.109769
1636.38,0.163548
4660.21,0.465896
2674.57,0.267327
818.693,0.0818638
4635.9,0.463066
1781,0.177771
976.205,0.0976094
972.341,0.097211
790.146,0.0788539
1145.12,0.114423
895.648,0.0895353
927.18,0.0927064
982.532,0.0982477
843.046,0.0842442
1223.91,0.122236
1144.73,0.110239
1035.05,0.103487
2157.46,0.215618
1011.26,0.101066
1023.18,0.1023
1196.23,0.119611
911.906,0.0911892
902.27,0.0901158
1411.33,0.141088
585.675,0.0585635
960.718,0.0959998
1370.63,0.136833
746.407,0.0745805
627.322,0.0627272
1828.73,0.182639
2136.35,0.21356
815.676,0.0815125
979.154,0.0978602
11585.5,1.15436
1780,0.177909
4349.57,0.434667
1617.89,0.16169
1129.41,0.112928
633.992,0.063398
808.812,0.0808679
1611.18,0.160827
1060.07,0.105458
1656.72,0.165535
1153.44,0.115299
2383.57,0.23818
1496.59,0.149512
2021.13,0.202032
968.322,0.0968143
2284.54,0.228229
2281.75,0.228061
697.935,0.0692157
3324.76,0.332409
1093.68,0.109249
2128.91,0.21273
1718.13,0.171757
719.204,0.07188
1869.16,0.186889
1581.07,0.157408
2830.61,0.282781
2114.49,0.211322
1241.66,0.123982
469.206,0.0469179
1476.77,0.147627
1157.52,0.115712
864.01,0.0863629
1037.01,0.103691
1219.72,0.121963
1397.76,0.139461
1384.98,0.138304
870.289,0.0869793
1555.65,0.155457
1561.87,0.156085
716.164,0.0715885
823.176,0.0821025
7838.95,0.783621
1479.1,0.147882
1513.45,0.150808
569.871,0.0569807
1561.76,0.155854
1017.24,0.101595
997.111,0.0996577
1450.95,0.145052
819.547,0.0818294
697.941,0.0697875
1137.22,0.113677
1580.08,0.15797
4694.15,0.468577
880.519,0.0879441
840.215,0.083995
1244.92,0.124451
1877.89,0.187524
16887.5,3.30684
915.773,0.0915274
1123.42,0.112235
1159.89,0.115838
1498.85,0.149839
2825.31,0.282383
1107.64,0.110712
1811.74,0.179237
1427.12,0.142683
837.445,0.0828907
1842.53,0.18423
887.117,0.0887
865.941,0.0865561
875.528,0.0875506
874.658,0.0874625
766.786,0.0766762
892.031,0.089179
918.543,0.0918483
1328.39,0.132803
1684.31,0.168019
825.814,0.0825547
1131.31,0.113118
2194.82,0.219414
1351.22,0.135098
1138.45,0.11382
1938.86,0.193767
1253.95,0.125304
13054.2,1.30433
2574.65,0.257366
1635.64,0.163513
2785.74,0.278446
1922.63,0.192093
2711.8,0.271109
954.52,0.0954414
1474.96,0.147403
2005.41,0.200515
3319.58,0.331938
878.061,0.0876957
793.05,0.0792967
797.054,0.0796652
1405.36,0.140521
1614.22,0.161268
2249.78,0.224716
1186.52,0.118314
1244.32,0.124355
558.376,0.0558279
1240.59,0.124027
1048.98,0.104834
5539.86,0.553614
2857.72,0.285211
1284.79,0.127867
1264.96,0.126482
1521.78,0.152145
1203.72,0.1202
1317.12,0.131507
2452.17,0.244887
1042.89,0.104248
886.01,0.0882578
1288.87,0.128848
1487.52,0.148748
2027.08,0.20255
640.762,0.064069
2533.33,0.253283
1308.44,0.130814
707.422,0.0706185
1152.82,0.115251
1972.02,0.197054
1222.3,0.12213
931.712,0.093167
747.794,0.074757
1362.15,0.136191
1373.59,0.1373
1531.36,0.153064
891.284,0.0891252
2114.88,0.211447
993.124,0.0992606
767.542,0.0767428
958.279,0.0957948
631.423,0.063133
2842.33,0.28412
1426.22,0.142582
2457.11,0.245535
10488.5,1.04861
1211.48,0.120798
1437.17,0.143616
2545.75,0.254489
1057.97,0.105781
919.237,0.0919055
1419.72,0.141956
805.299,0.0804479
952.706,0.0952615
1077.88,0.107773
993.951,0.0993279
1172.66,0.11724
1991.32,0.198959
938.533,0.0938143
1065.32,0.106434
912.222,0.0912147
3426.26,0.341951
2459.25,0.245651
820.017,0.0819775
1026.52,0.102613
1307.68,0.130593
1544.64,0.154444
1305.55,0.130449
2060.7,0.206002
1007.09,0.100618
1855.52,0.185472
772.67,0.077194
982.734,0.0982237
2265.53,0.226113
861.132,0.086066
916.968,0.0916288
3386.37,0.338507
9061.89,5.53983
15192.2,1.51682
1919.46,0.191714
1044.23,0.104347
1219.56,0.121941
6107.98,0.610657
1213.67,0.121144
1122.3,0.112222
874.786,0.0874668
1599.35,0.159907
1595.56,0.159508
810.869,0.081073
1186.78,0.1185
13360.8,1.33316
899.392,0.0897574
1287.99,0.128757
741.396,0.0739922
2609.31,0.26085
1529.37,0.152897
804.968,0.0804736
1036.97,0.103689
1537.55,0.153196
800.827,0.0800331
719.114,0.0719095
986.677,0.0986663
3013.87,0.300645
1082.92,0.108223
2991.12,0.298971
2441.34,0.244063
937.099,0.0935835
2538.54,0.253524
3191.3,0.318691
1329.77,0.132943
805.688,0.0805683
1435.76,0.143546
1806.61,0.180588
1961.67,0.19613
718.32,0.0718181
856.549,0.0856515
1260.63,0.125809
1076.87,0.107675
16328.1,1.62473
1337.64,0.133759
989.222,0.0988827
1294.5,0.129446
954.027,0.0953637
1697.57,0.169747
976.893,0.0976566
1603.87,0.160326
625.89,0.0625359
1538.99,0.153677
830.371,0.0828941
1217.34,0.121723
663.875,0.066377
886.844,0.0886689
516.121,0.0515974
661.594,0.0661214
1442.63,0.144225
1342.04,0.134164
2020.22,0.201967
2412.81,0.238434
668.518,0.0668389
903.603,0.0902792
1150.77,0.115011
1182.81,0.118258
1228.63,0.122855
1821.47,0.181524
1000.09,0.0999823
938.422,0.0937668
555.61,0.0554149
1030.94,0.103001
688.441,0.0688303
1675.07,0.16747
956.019,0.0955826
1550.72,0.155033
1013.8,0.101278
963.55,0.0960929
575.529,0.0575392
1491.93,0.148955
1032.73,0.103203
874.831,0.0874765
1419.66,0.141944
823.355,0.0823265
2616.68,0.260516
571.882,0.0571602
1057.37,0.105661
635.367,0.0635124
1198.83,0.119881
1727.41,0.172637
1281.61,0.128064
1150.11,0.114973
1241.3,0.123868
1440.16,0.143963
851.046,0.0850215
884.666,0.0884205
1760.96,0.175954
8774.09,0.873295
1222.25,0.122224
2053.25,0.204928
1931.28,0.193083
945.88,0.0944644
716.601,0.0716144
1345.59,0.134519
742.148,0.0741571
1149.58,0.114947
17575.5,1.74923
1109.66,0.104511
2571.09,0.256769
1172.35,0.116935
3093.9,0.306895
1227.85,0.122673
1531.79,0.15314
1323.66,0.132239
3196.68,0.319288
1183.01,0.118239
991.731,0.0990886
1271.15,0.126978
1029.14,0.102618
3118.21,0.31154
552.262,0.0552114
1101.96,0.110181
1508.12,0.150806
6572.13,0.656946
940.118,0.0939357
2432.87,0.242927
1264.14,0.126405
1045.15,0.104219
1336.26,0.133467
2020.55,0.201922
1372.49,0.137205
1300.14,0.129858
758.739,0.0758242
1150.61,0.115054
765.007,0.0764962
768.317,0.0768249
1460.93,0.145526
2413.62,0.241328
1149.47,0.114918
1046.04,0.10456
1146.24,0.114603
983.335,0.0983253
1257.44,0.125376
955.24,0.0955181
1117.64,0.111612
1136.61,0.113145
1555.37,0.155458
4041.66,0.40365
741.33,0.0741119
1589.56,0.158861
1405.01,0.14
1447.06,0.144699
2065.73,0.2063
3911.76,0.391095
860.22,0.0857246
2693.16,0.269194
1299.54,0.129936
1523.49,0.152346
695.748,0.069573
1560.08,0.155992
7041.99,4.0925
4371.53,0.436996
17650.5,1.76097
989.273,0.0986994
1162.56,0.116198
1476.1,0.147597
2088.65,0.208823
855.544,0.0855445
1720.66,0.171995
1292.28,0.129187
1141.81,0.114109
3371.78,0.336783
660.008,0.0659944
1981.26,0.198057
932.905,0.0931063
1495,0.149302
1810.63,0.181047
987.234,0.0987072
1816.3,0.181098
1997.1,0.199647
1017.73,0.101711
1665.85,0.166556
1245.15,0.124228
824.187,0.0824104
1139.23,0.113908
2442.02,0.243737
689.936,0.0689153
2078.55,0.20782
1485.22,0.148403
4324.64,0.432107
1785.61,0.178503
804.229,0.0803755
1111.32,0.111125
691.445,0.0690979
892.866,0.0892256
2027.06,0.202683
2671.38,0.267047
819.397,0.0819197
636.284,0.0636246
1226.81,0.122498
1004.06,0.100352
2283.88,0.228208
1458.49,0.145697
1216.89,0.121515
953.576,0.0953488
884.199,0.0881473
5469.67,5.16488
926.995,0.0925635
898.153,0.0897638
1829.87,0.182974
1347.23,0.134624
1543.08,0.154267
1770.12,0.176934
1713.27,0.171162
1952.23,0.195037
1261.83,0.126172
2186.15,0.218213
2214.85,0.221268
1216.21,0.12132
767.247,0.0767112
862.961,0.0862613
1053.65,0.105297
1915.81,0.191567
947.9,0.0947822
4316.18,0.431505
1617.6,0.161223
514.723,0.0514473
908.182,0.0907609
2453.72,0.245343
740.506,0.074009
667.13,0.0666995
1619.17,0.161913
1015.59,0.101535
3759.5,0.374508
2349.65,0.234727
2158.74,0.215486
587.538,0.0587289
1062.15,0.106149
1766.24,0.176434
875.235,0.0875067
1178.74,0.117686
2743.75,0.274197
1212.94,0.121269
1596.28,0.159582
895.98,0.0895786
1222.6,0.122167
780.476,0.0780279
681.038,0.0681007
1503,0.150253
2423.95,0.242309
702.916,0.0702675
952.983,0.0952515
964.434,0.0963624
1187.46,0.11872
724.8,0.072473
1402.49,0.140156
786.222,0.0786124
897.354,0.0896905
812.822,0.0812307
543.188,0.0542884
2467.6,0.246657
1285.82,0.128509
2517.95,0.251756
2137.73,0.213746
1100.67,0.113381
1285.41,0.128404
1656.47,0.164939
919.232,0.0918576
1100.97,0.110089
3424.61,0.342305
563.679,0.0563508
2461.9,0.246139
2084.66,0.208445
1101.87,0.109934
1080.85,0.108009
1516.4,0.151444
1084.46,0.108428
2652.87,0.264654
1297.88,0.129557
868.846,0.0868758
1012.22,0.101134
3333.82,0.333133
831.417,0.0831398
1841.47,0.184135
2205.71,0.220458
1339.09,0.133871
1374.83,0.137455
656.556,0.0656101
3265.16,0.325528
819.977,0.081979
768.61,0.076854
1384.71,0.138458
3741.05,0.373952
914.501,0.0914257
1057.87,0.105775
3254.63,0.319764
2108.25,0.21064
697.958,0.0697512
1068.96,0.106838
763.788,0.0763749
2219.57,0.221707
850.868,0.0849096
1207.5,0.120644
3004.73,0.297688
943.977,0.0942424
1084.28,0.10842
742.198,0.0742163
1919.06,0.191841
1726.08,0.1726
1139.63,0.113951
1075.4,0.107469
1486.53,0.147911
1172.35,0.117212
1129.22,0.112891
796.272,0.0795787
5604.6,0.560095
1077.35,0.10771
948.88,0.0948413
1286.55,0.128603
1284.61,0.128235
748.272,0.0748225
1160.44,0.115994
1394.96,0.13948
2408.11,0.240751
717.222,0.0716307
1231.8,0.123033
1249.11,0.12486
1226.7,0.122668
1940.21,0.194001
835.26,0.0835007
758.642,0.0743363
1191.32,0.118525
975.848,0.0975567
581.862,0.0581841
1122,0.112179
1361.17,0.136095
960.593,0.0960254
1551.92,0.154952
5652.19,0.558661
964.458,0.0964054
1499.08,0.149848
1211.32,0.121115
837.916,0.0837275
1028.74,0.102858
1257.81,0.125488
2444.8,0.244408
908.12,0.0908053
3979.19,0.397229
1483.82,0.148249
2196.5,0.219609
741.434,0.0741039
1971.49,0.196967
1228.53,0.122792
1286.34,0.128572
1053.23,0.105245
823.68,0.0822877
1934.78,0.193425
1077.93,0.107763
1190.22,0.119007
1935.01,0.193354
939.469,0.0938265
1563.87,0.156349
919.497,0.0919199
1210.87,0.120875
2277.8,0.220307
1215.36,0.114742
1016.79,0.101601
1457.03,0.145587
1335.47,0.133527
651.694,0.0650707
676.76,0.0676696
1422.35,0.142223
1354.63,0.135352
1457,0.14565
939.054,0.0938038
1358.84,0.135768
1122.46,0.112225
862.11,0.0861861
1086.7,0.108586
5867.14,0.585885
3371.36,0.336969
878.272,0.0877891
2187.48,0.218735
1235.19,0.123502
1846.48,0.184582
1131.33,0.113105
631.688,0.0631599
845.648,0.0845327
2960.54,0.295816
889.925,0.0889856
2788.94,0.278864
2150.99,0.214999
1601.61,0.160023
557.729,0.0557522
628.83,0.0628821
3059.68,0.305781
860.166,0.0860132
1249.34,0.124867
963.905,0.0963355
2978.55,0.297715
1168.81,0.116715
15957.7,3.69227
898.431,0.0897598
481.704,0.0481665
1163.41,0.116325
780.016,0.0779663
10194.3,1.0183
11852.8,1.18397
434.951,0.0434926
2004.66,0.200072
686.552,0.0662701
915.231,0.0914256
1187.19,0.118703
1030.96,0.103066
781.166,0.078114
994.609,0.0994135
2197.31,0.219702
1371.17,0.137067
2384.83,0.23831
3441.85,0.338775
4232.91,0.423028
1283.99,0.128371
727.868,0.0727576
10234.4,1.01915
3395.51,0.339284
2185.27,0.218325
1455.42,0.145529
5161.66,2.41998
2139.64,0.213797
1271.24,0.127003
9161.59,0.91252
1867.1,0.186563
1635.48,0.156118
1228.47,0.122838
585.946,0.0585545
1037.95,0.103762
1730.32,0.225163
1461.69,0.146144
1222.4,0.122219
923.263,0.0923162
1254.02,0.125194
1133.07,0.113258
1049.94,0.104665
5048.79,0.504069
1272.32,0.127061
1478.47,0.14772
13126.3,1.3044
768.61,0.076846
1285.08,0.128449
799.066,0.0799042
1639.03,0.163703
17289.3,1.71097
2848.85,0.28463
1863.47,0.186287
1804.74,0.180437
2542.26,0.25409
1084.56,0.108433
997.875,0.0997533
584.536,0.0584293
1032.08,0.103161
965.571,0.0965513
3475.67,0.347508
2046.49,0.204555
6174.52,0.616431
1742.93,0.174255
2785.17,0.278423
2462.11,0.246161
2742.56,0.274169
1031.3,0.1031
484.124,0.0484081
1234.36,0.12342
1038.15,0.103782
1119.87,0.11442
1792.25,0.179193
1236.74,0.123464
1111.59,0.111119
1099.68,0.109912
1405.77,0.14035
1271.85,0.12711
1236.56,0.123545
1001.41,0.100102
1425.08,0.135294
1281.26,0.127985
1180.56,0.117942
824.316,0.0823798
528.796,0.0528622
2323.11,0.232155
1742.79,0.174196
1804.41,0.176217
1805.76,0.180513
1596.96,0.159363
1190.23,0.118856
714.013,0.0713415
5120.67,0.511778
881.931,0.0872835
2665.71,0.263268
1584.79,0.158215
2708.16,0.270642
2238.57,0.223748
1001.3,0.100117
850.778,0.0848835
919.184,0.0919175
1366.87,0.130632
1083.61,0.108299
772.564,0.0768446
1285.33,0.128482
4047.99,0.384806
975.944,0.0975877
789.213,0.0788932
1587.79,0.158464
2954.68,0.295245
732.341,0.0732288
1403.2,0.14027
4161.21,0.415754
2977.23,0.297202
1036.12,0.103511
928.763,0.0928595
1147.77,0.114768
1193.87,0.119331
1170.65,0.117056
1303.59,0.13033
960.618,0.0960308
1113.39,0.111308
4044.22,0.402474
1663.07,0.166185
1055.83,0.105579
1500.27,0.149995
744.419,0.0744389
704.615,0.0704285
2888.89,0.288854
4736.79,0.47209
1099.54,0.109947
1193.42,0.119302
1796.06,0.17945
1664.31,0.166293
900.596,0.0900543
1502.24,0.150136
1665.62,0.166517
1990.57,0.198759
932.294,0.0931917
710.386,0.0710266
1640.68,0.163139
1489.12,0.148886
546.541,0.0546042
816.36,0.0816171
1265.15,0.126484
920.434,0.0919504
681.137,0.0680927
519.462,0.0519279
2166.31,0.216428
2589.37,0.258829
888.774,0.0888749
3500.1,0.349554
1212.86,0.121204
1243.93,0.124378
2303.95,0.230327
780.649,0.0779769
1379.48,0.13784
1650.88,0.16504
1332.27,0.133196
1496.56,0.149565
1473.61,0.147087
763.413,0.0762937
1398.91,0.139862
1320.6,0.131906
1119.61,0.111884
762.564,0.0762438
1580.41,0.157779
1108.96,0.110657
1136.71,0.113648
787.907,0.0787627
1077.89,0.107741
5358.87,0.535685
1808.95,0.180772
1382.42,0.138235
1622.85,0.161815
1911.8,0.179986
2206.52,0.220565
1843.88,0.184058
1457.99,0.145777
927.306,0.0926947
1126.34,0.112484
550.807,0.0550672
5131.14,0.51182
1281.81,0.128179
1036.03,0.103522
1003.86,0.100295
1211.82,0.12115
1114.38,0.11126
1322.37,0.132213
1059.34,0.105907
1738.06,0.1736
1685.23,0.168442
1133.12,0.113268
1043.19,0.104308
1431.02,0.143059
2096.19,0.209528
927.801,0.0927563
4105.23,0.410411
898.406,0.0897403
2426.85,0.242416
1088.05,0.108794
1217.1,0.12168
908.71,0.090854
1525.49,0.152528
1270.68,0.126644
876.712,0.0876567
4330.27,0.4323
2065.82,0.206382
636.327,0.0635104
1043.61,0.104357
2069.57,0.206786
888.748,0.0888273
1670.77,0.166668
1002.78,0.100263
1343.9,0.132265
733.684,0.0733545
1173.98,0.101892
946.324,0.0946183
481.102,0.0481057
1960.53,0.195923
2246.93,0.224626
810.871,0.0810612
854.428,0.0854021
1426.03,0.142516
997.587,0.0997459
1798.39,0.179786
3127.72,0.312763
1832.16,0.182881
1732.19,0.173153
2396.93,0.239357
929.17,0.0915261
611.861,0.0611521
1820.65,0.181553
17774.8,1.77417
559.799,0.055961
2852.16,0.285152
948.51,0.0948413
870.968,0.0869329
585.872,0.0585533
834.16,0.0833711
759.828,0.075588
488.442,0.0487866
1164.25,0.116322
449.621,0.0449501
1914.08,0.191294
1431.68,0.143158
926.689,0.0925979
966.279,0.0966176
1625.81,0.162561
1964.58,0.196303
1456.7,0.145097
643.414,0.0643026
1462.81,0.146198
3239.37,0.323903
1226.42,0.122602
865.599,0.0865018
1041.44,0.104112
1160.95,0.115976
1491.37,0.149117
1140.17,0.113956
564.611,0.0564587
1164.89,0.116435
2469.75,0.246644
2503.36,0.250134
1125.1,0.112407
1370.4,0.137029
3683.61,0.368033
5418.39,0.541247
6184.95,0.617883
916.248,0.0915602
5860.76,0.585984
856.676,0.0856636
1953.04,0.19525
1136.37,0.113634
1462.07,0.14589
817.953,0.0817903
5009.46,0.499974
1793.34,0.179319
3274.13,0.326681
1968.05,0.196503
1926.35,0.192438
2110.13,0.21097
1105.96,0.110459
1185.73,0.118549
612.027,0.061122
2081.39,0.207746
2257.35,0.225669
1118.95,0.111801
997.411,0.0997372
871.35,0.0870693
4104.85,0.410405
665.597,0.0664877
654.739,0.0653945
2282.8,0.228218
759.181,0.0758522
963.293,0.0962419
802.586,0.0801982
658.822,0.0657496
1206.61,0.12065
4816.87,0.481111
1668.72,0.16653
1014.08,0.101402
1284.63,0.128422
1174.83,0.117469
712.798,0.0712767
997.157,0.0995296
1381.11,0.138097
2160.47,0.215926
3185.35,0.318428
1723.34,0.172275
3700.76,0.36999
783.948,0.0782537
3000.63,0.299971
1463.15,0.14627
708.952,0.0708397
992.127,0.0988487
734.903,0.0734568
1305.79,0.130556
893.923,0.0893072
971.788,0.0971655
3381.52,0.336453
1526.78,0.152661
802.645,0.0785529
13437.6,1.34046
1414.08,0.141389
1731,0.17306
3447.1,0.343935
838.852,0.0838482
3101.61,0.309598
668.059,0.0667104
1084.11,0.10834
1069.95,0.106985
983.845,0.0981859
775.15,0.0774585
580.532,0.0580488
2452.74,0.245146
1031.38,0.103129
1395.59,0.139537
1270.18,0.127008
861.184,0.086071
717.899,0.0717374
1122.35,0.11215
2064.72,0.20616
1522.46,0.152169
616.498,0.0616397
1436.5,0.143122
905.94,0.0903854
2024.6,0.202414
699.292,0.0699191
1601.56,0.160105
1552.36,0.155103
2130.37,0.212716
2885.39,0.28769
1616.75,0.161558
982.514,0.0982442
1670.86,0.16707
1505.92,0.150454
3126.11,0.312482
819.601,0.081959
1897.1,0.189623
1904.62,0.19045
908.791,0.0907944
1559.56,0.155804
983.305,0.0983141
1117.98,0.111713
980.026,0.0978309
2112.64,0.211232
1026.73,0.102615
974.832,0.097251
1823.97,0.181854
1394.38,0.139233
887.992,0.0886906
1100.44,0.11003
1806.48,0.180606
2659.65,0.265827
503.543,0.050352
765.522,0.0765464
1109.61,0.110862
1126.6,0.11264
855.066,0.0854812
1259.03,0.125791
1840.28,0.183443
1027.31,0.102569
595.283,0.0593608
1807.93,0.180779
742.579,0.074254
988.378,0.0987809
606.349,0.0606236
2077.99,0.20772
2356.57,0.235572
1207.56,0.120176
841.241,0.084076
659.672,0.0659619
1336.96,0.133603
901.908,0.0901415
1868.52,0.186803
1347.87,0.134685
3550.05,0.405074
948.067,0.0946767
1024.66,0.102401
2991.31,0.299042
1091.1,0.108977
958.814,0.0956512
2494.18,0.249386
1390.18,0.138884
1039.09,0.103855
2125.57,0.21248
705.968,0.0705944
1511.15,0.150987
1989.35,0.198911
959.759,0.0959388
3013.22,0.30107
1964.6,0.195266
5334.59,0.531774
1406.8,0.140621
1886.28,0.188511
2239,0.223603
1126.23,0.112574
1468.67,0.146804
2951.96,0.293978
1606.25,0.160605
1507.07,0.1507
1741.68,0.174104
1232.45,0.123228
1363.07,0.13622
735.734,0.0735171
923.251,0.092318
2566.93,0.25364
1406.27,0.140015
991.445,0.0991366
1442.9,0.14412
1554.47,0.155374
773.548,0.0773466
1538.39,0.153774
551.881,0.0551163
805.727,0.0805562
2831.35,0.282989
905.959,0.0905618
1971.54,0.196279
1435.98,0.14354
2435.28,0.242876
837.928,0.0827164
4237,0.423438
2058.25,0.205789
1257.15,0.125668
2556.06,0.255565
1914.77,0.191384
833.936,0.0833889
2997.04,0.299649
1180.42,0.115732
1399.82,0.139739
1840.57,0.183836
1246.26,0.124613
1512.76,0.151248
831.382,0.0831307
889.638,0.0888544
1391.28,0.138809
1072.51,0.107094
2225.29,0.222423
1014,0.101392
3944.49,0.393805
1038.03,0.103773
1480.63,0.127688
1319.83,0.13196
957.92,0.0957693
2316.89,0.231627
1206.66,0.120632
973.49,0.0973267
908.681,0.0908493
1248.76,0.124839
1378.19,0.137758
2262.71,0.226017
886.22,0.0885796
661.396,0.0661277
920.42,0.0920385
1225.49,0.122543
1450.82,0.145054
1076.96,0.10769
1440.3,0.143957
1023.28,0.102295
1177.89,0.117775
1191.84,0.119142
1570.62,0.156825
1682.31,0.168124
772.517,0.0772471
550.419,0.055006
1385.83,0.138301
922.267,0.0922141
1618.4,0.161822
880.273,0.0879787
888.364,0.0888275
1135.85,0.113374
3384.62,0.338215
1096.05,0.109426
1050.78,0.105033
705.69,0.0702705
3821.98,0.381964
1155.08,0.115489
1099.11,0.109872
2704.56,0.270131
814.245,0.0813793
862.547,0.0862223
2096.15,0.209553
5019.24,0.501796
1486.84,0.148534
1404.51,0.139135
9605.37,4.79027
1676.28,0.167524
1134.46,0.113437
4479.09,0.447202
1540.08,0.15309
2395.5,0.239427
916.279,0.0916193
1396.36,0.139604
1788.64,0.178798
2945.47,0.293678
1060.49,0.105799
1452.92,0.145258
645.462,0.0643729
1231.35,0.123098
1924.53,0.191917
974.85,0.097431
1473.11,0.147267
1646.9,0.164579
1749.59,0.1749
980.947,0.0980405
816.021,0.0815901
747.288,0.0746799
1289.76,0.128923
1009.01,0.100718
993.106,0.0992642
1236.1,0.123485
2259.74,0.22595
2340.83,0.233787
1655.29,0.165464
635.558,0.0635541
1092.82,0.109012
2580.22,0.257649
1272.96,0.127283
987.026,0.0986911
870.642,0.0870469
958.284,0.0958117
657.895,0.0657459
1064.96,0.106441
2029.44,0.202821
2783.2,0.27827
1444.83,0.144476
899.541,0.089942
1492.32,0.149177
1034.76,0.103471
967.836,0.09677
1375.49,0.137433
586.579,0.0586541
1860.5,0.185565
673.618,0.067295
1795.6,0.179549
2365.37,0.236295
1755.2,0.1754
1075.92,0.107123
1886.77,0.188489
3611.73,0.36063
631.902,0.0631883
964.855,0.0962979
718.687,0.0718615
1217.61,0.121361
1561.23,0.156093
4576.01,0.457417
917.137,0.0916502
793.742,0.0793368
1390.33,0.139027
808.31,0.080772
1879.35,0.187434
1103.29,0.110206
1057.53,0.105649
2075.35,0.207458
1519.55,0.151884
2129.38,0.21291
879.559,0.0879537
943.837,0.0943701
1677.53,0.167709
1079.35,0.10793
1690.7,0.169054
695.99,0.0695958
770.754,0.0767879
1144.55,0.114453
1207.99,0.120765
651.603,0.0651516
2368.12,0.236733
1612.23,0.16113
1029.15,0.10231
1370.15,0.136958
1741.02,0.174074
2749.1,0.274319
1425.96,0.14234
1254.62,0.125436
1439.57,0.143933
799.996,0.0799904
918.676,0.0918458
2978.33,0.297195
1919.8,0.191551
1779.06,0.177873
1568.72,0.156808
1309.15,0.130894
1156.77,0.115661
3989.88,0.398833
713.497,0.0713399
947.657,0.0947622
1973.15,0.197253
1232.66,0.123041
4531.78,0.452676
1164.16,0.116348
1734.66,0.173451
2934.83,0.293353
3654.04,0.364852
996.201,0.0995347
1019.23,0.101877
1851.08,0.185064
1763.9,0.176282
2555.48,0.255456
1541.11,0.154052
1429.99,0.142944
676.794,0.0676749
1085.42,0.108521
2235.45,0.222815
766.231,0.076616
950.111,0.0949558
2019.99,0.201959
1378.01,0.137702
2906.75,0.290605
820.992,0.0820032
886.706,0.0886572
846.205,0.0846041
8758.33,0.873425
1179.13,0.117898
857.54,0.0856822
1053.93,0.104882
2128.34,0.212819
3232.04,0.320935
3521.38,0.351986
3769.33,0.376822
863.742,0.0862972
1980.28,0.198021
999.59,0.0998831
679.68,0.067952
2302.77,0.23015
2245.77,0.224418
738.711,0.0737557
849.409,0.0847062
1459.24,0.145862
870.154,0.0870093
6393.74,0.638905
1787.49,0.178733
1646.78,0.164551
1325.42,0.132487
1246.2,0.124453
1492.7,0.149172
801.263,0.0801018
1810.39,0.18096
1778.35,0.177468
1095.39,0.109516
2383.69,0.23831
1113.44,0.11117
567.398,0.056733
1303.64,0.130291
1878.68,0.18746
1142.99,0.114282
1905.58,0.190509
837.648,0.0837419
1047.17,0.104686
1675.53,0.167373
1142.01,0.114172
3222.96,0.322076
1071.45,0.107068
1400.43,0.139956
765.88,0.0765124
1019.41,0.101933
2089.44,0.208653
1960.58,0.19601
572.709,0.0572458
1121.28,0.112063
1922.38,0.192207
2246.71,0.224274
753.767,0.075158
1014.7,0.101323
867.296,0.086677
1887.84,0.188764
2206.53,0.220631
578.396,0.0575941
1378.8,0.137769
685.008,0.0684941
687.981,0.0686623
684.254,0.0684021
862.173,0.0861159
690.879,0.06802
705.111,0.0704752
1330.02,0.132988
4670.04,0.46646
1898.35,0.189692
540.416,0.0540172
1845.85,0.184566
1018.67,0.101808
1517.54,0.151681
4199.94,0.419717
2015.34,0.201482
738.429,0.0738352
1042.35,0.104217
979.468,0.0978715
950.527,0.0950058
1994.86,0.199125
1616.22,0.161598
1008.72,0.100714
1780.69,0.177972
1451.64,0.145049
1324.46,0.132439
762.426,0.0760827
1298.17,0.129795
1152.94,0.115277
874.212,0.0873898
1784.35,0.134183
1215.53,0.121549
2350.01,0.234674
1272.25,0.127022
1188.64,0.11881
1435.09,0.143496
786.909,0.0786839
1726.6,0.172504
703.724,0.0703655
1394.43,0.139429
3996.19,0.399429
1042.9,0.10424
723.963,0.0723584
925.26,0.0925126
2116.13,0.211573
1047.02,0.104652
324.715,0.0323474
524.419,0.052441
1414.79,0.141271
1068.63,0.106859
1038.51,0.103578
1125.18,0.11248
583.73,0.0583296
2021.23,0.202035
1356.05,0.135574
1694.28,0.169405
931.105,0.0930904
1579.4,0.157833
1637.34,0.163669
574.608,0.0574564
1154.38,0.115414
1577.64,0.157744
2790.13,0.278959
1150.96,0.115072
679.974,0.0679675
1143.6,0.114251
811.403,0.0810717
1248.7,0.124784
977.318,0.0977217
559.925,0.0559838
1607.69,0.160728
1204.9,0.120169
1663.8,0.165867
2332.13,0.233189
867.044,0.0866836
1381.73,0.138163
700.121,0.0700054
9246.7,0.923679
1142.31,0.114206
904.105,0.0903202
2118.7,0.211781
1189.3,0.118918
1286.93,0.128616
1498.67,0.149812
1009.54,0.100919
875.416,0.0875238
1230.25,0.122992
1298.65,0.129809
471.034,0.0468964
995.251,0.0992723
1148.05,0.114801
1048.91,0.104702
691.11,0.0690847
2054.05,0.205354
963.52,0.0963351
1352.27,0.135161
1151.27,0.115018
1747.78,0.174704
1117.4,0.111721
797.188,0.0771809
27603.9,2.73862
834.73,0.0831673
983.089,0.0982454
2787.25,0.278641
12644.5,1.26231
1008.29,0.10077
2280.69,0.227733
2352.64,0.23382
2869.42,0.286828
1617.84,0.161722
601.388,0.0601178
2057.25,0.205496
839.979,0.0838144
5946.52,0.594139
1472.8,0.147253
526.107,0.0525182
1182.6,0.11816
971.041,0.0969284
680.046,0.0679888
1194.09,0.11936
767.76,0.0767647
1962.94,0.196249
1459.66,0.143232
2001.71,0.200112
1081.68,0.108162
1460.48,0.146036
667.838,0.0667535
2005.6,0.200508
2256.86,0.225101
905.569,0.0905238
1031.45,0.10314
1396.38,0.13963
1479.32,0.147881
2540.63,0.253958
974.76,0.0974742
1367.05,0.136677
400.916,0.0400794
3515.72,0.351425
929.501,0.0929393
1272.19,0.127121
730.95,0.0730197
2485.94,0.248151
586.309,0.0586235
784.235,0.0783777
5684.2,0.566447
771.326,0.0771033
1360.08,0.136
1338.73,0.133728
10132.5,1.01155
2052.41,0.205201
2479.3,0.245246
837.909,0.0837517
2673.88,0.267355
6783.43,0.677748
1482.08,0.148153
1969.25,0.196913
1079.63,0.107927
1704.05,0.170375
951.252,0.0950782
1413.11,0.141258
9586.5,1.92623
1307.19,0.130715
1074.58,0.107396
703.197,0.0699459
1434.68,0.142646
1732.47,0.173212
833.638,0.0833418
1212.78,0.121189
1771.76,0.168489
1476.36,0.147628
2181.9,0.218099
775.912,0.0775138
1437.02,0.143465
607.036,0.060693
1023.08,0.102099
1082.35,0.108212
1641.04,0.164093
2180.27,0.217948
710.684,0.0710571
1729.11,0.172698
858.249,0.0857921
930.594,0.0930213
1310.82,0.131067
1408.7,0.140764
1103.57,0.110249
1661.7,0.166029
1907.19,0.190645
1383.3,0.138302
1201.38,0.119949
1022.05,0.102179
1219.08,0.121833
726.703,0.0726576
1301.33,0.130118
1068.77,0.106851
1468.96,0.146278
1452.84,0.145235
1640.34,0.163991
1359.57,0.135938
2117.56,0.21145
1007.49,0.100743
952.645,0.095225
935.733,0.0935552
972.779,0.0971932
3349.88,0.33492
1049.24,0.104911
1966.59,0.196608
652.706,0.0651578
934.298,0.0934028
1437.09,0.143101
771.989,0.077195
933.609,0.0933365
982.738,0.0981633
721.853,0.0721753
1030.13,0.103004
1066.61,0.106645
1489.56,0.148898
834.121,0.0833705
2015.15,0.20145
656.212,0.0655936
799.809,0.0799705
1028.91,0.102632
1072.16,0.107148
1370.35,0.13702
749.752,0.0749281
2185.99,0.218042
1783.14,0.17821
812.372,0.0812306
747.863,0.0747823
2967.54,0.296605
1926.03,0.191597
1263.98,0.126392
1013.41,0.101321
884.89,0.0883737
863.207,0.0862528
1519.61,0.151934
1305.78,0.129215
787.911,0.0787813
3964.32,0.396305
833.514,0.0831497
1356.19,0.135605
1545.21,0.154186
1709.92,0.170942
1595.25,0.159435
1624.94,0.162487
2374.24,0.237306
972.767,0.0970678
5199.47,0.519751
1402.09,0.138541
902.887,0.0900491
1121.65,0.112092
1063.33,0.106214
817.935,0.0816061
711.153,0.0710904
1267.82,0.126761
1474.84,0.147395
795.974,0.0795916
2220.88,0.221468
370.694,0.037069
1477.62,0.147622
890.085,0.0888877
1481.44,0.148068
970.651,0.0969828
602.638,0.0602473
1528.41,0.152822
2642.34,0.264007
1043.53,0.104321
1726.27,0.172584
3033.35,0.303137
2571.1,0.256145
624.398,0.0624215
1790.19,0.178997
6249.53,0.624424
1841.67,0.184018
1754.97,0.175478
929.843,0.0928018
907.666,0.0906916
740.139,0.0739705
1198.4,0.118721
5967.08,0.59615
620.321,0.0619954
625.868,0.0625614
1347.49,0.134342
759.955,0.0759771
765.97,0.0763225
3116.35,0.311423
851.729,0.0851702
1120.35,0.111964
1439.65,0.143922
4235.34,0.423241
1278.15,0.127809
1382.38,0.138187
843.335,0.0842239
1513.95,0.151179
1281.82,0.128171
2016.24,0.201413
1547.5,0.154708
810.237,0.0810049
977.742,0.0976439
1429.89,0.142976
2129.66,0.212894
2055.88,0.205518
1791.2,0.179101
763.074,0.0762809
1080.17,0.108001
3152.88,0.315025
954.409,0.0950812
1794.62,0.179433
3001.69,0.300032
3390.08,0.33816
1101.21,0.110029
601.287,0.0601268
620.641,0.0620301
1516.75,0.151224
1552.56,0.154977
3930.06,0.390329
879.338,0.0879088
1652.32,0.165218
801.203,0.0800751
1176.99,0.117649
1706.36,0.170342
1829.45,0.182869
552.89,0.0552843
1181.28,0.118023
1665.33,0.166512
1198.83,0.119737
1907.67,0.190689
1050.13,0.104978
1496.96,0.149672
1074.59,0.107365
986.611,0.0985368
1014.54,0.101252
526.679,0.0526236
802.8,0.0801977
607.154,0.0605365
2427.8,0.242624
1634.13,0.163322
2169.56,0.216804
1450.26,0.143643
1513.74,0.151328
770.098,0.0769865
1074.48,0.107434
816.265,0.0816112
715.408,0.0715383
2023.92,0.201432
1135.63,0.113474
1538.32,0.153785
625.06,0.0623166
910.596,0.0910543
957.034,0.0956277
4606.15,0.799359
963.867,0.09605
647.405,0.0647138
990.726,0.0990114
1423.79,0.142348
1211.07,0.121028
1820.03,0.181916
1822.27,0.182148
1970.4,0.197
2143.5,0.21427
948.391,0.0948324
2177.44,0.217706
978.428,0.0976391
2444.33,0.244207
1663.93,0.166379
1532.03,0.153144
1528.36,0.152804
1359.05,0.135827
1585.78,0.158529
860.777,0.0860532
1148.76,0.11487
1562.99,0.156004
912.187,0.0911759
1075.81,0.107531
1734.85,0.173128
2272.97,0.227243
1308.19,0.130708
2002.33,0.200184
2348.99,0.234552
854.638,0.0854567
1551.76,0.15514
1031.77,0.103152
2279.41,0.227823
1004.36,0.100421
1819.82,0.181969
923.086,0.0922912
5057.4,0.504064
902.376,0.0901536
2191.05,0.218907
3391.53,0.338784
2463.63,0.247346
793.55,0.079314
1539.04,0.153855
1147.75,0.11473
577.729,0.0577161
1329.66,0.13233
791.577,0.0791272
2215.43,0.221514
936.308,0.093604
998.939,0.0998791
1371.13,0.137092
694.028,0.0693299
742.824,0.0742734
2132.61,0.213163
910.963,0.0910155
1587.16,0.158702
871.183,0.0871125
787.442,0.0767252
1053.1,0.105223
606.165,0.0605631
764.821,0.0764396
1060.37,0.105996
1779.74,0.177949
845.431,0.0845383
1694.65,0.168589
661.68,0.0661178
924.438,0.0924408
1480.97,0.148031
1317.68,0.131754
950.625,0.0950321
1546.37,0.154422
928.906,0.0928212
1591.06,0.159042
1719.36,0.171179
642.04,0.0641558
1060.54,0.10597
3715.11,0.371143
876.83,0.0876771
1485.42,0.148004
1710.55,0.171028
5188.55,0.518361
628.646,0.062826
4263.18,0.425412
915.282,0.091498
1321.49,0.132111
1240.81,0.124034
967.987,0.0966811
2755.9,0.275381
1070.13,0.106983
1329.24,0.132896
1453.93,0.145349
1540.3,0.154011
1475.37,0.145636
1150.96,0.114966
1259.24,0.1253
929.877,0.0929626
1088.51,0.108756
829.863,0.0829252
1075.45,0.107287
1054.56,0.105195
784.455,0.0784391
1736.01,0.173575
4046.73,0.403995
1083.06,0.108296
798.401,0.0797838
1199.54,0.118973
1890.36,0.188947
1595.67,0.159481
966.737,0.0966702
1729.95,0.172991
761.836,0.0775755
884.994,0.088485
524.376,0.052326
1354.92,0.135482
1454.73,0.145343
1735.04,0.173456
701.373,0.069707
1193.11,0.119294
3130.47,0.312944
834.494,0.08343
740.42,0.0740128
577.232,0.0577123
963.549,0.0963368
1588.81,0.15885
2031.57,0.202998
2493.5,0.249314
836.985,0.0836971
1058.11,0.105802
2751.53,0.275082
1023.34,0.102323
1033.27,0.103318
951.838,0.0951813
2741.35,0.273933
984.68,0.0984615
21550.2,2.14229
1562.9,0.156181
1130.67,0.112978
2291.84,0.22894
772.802,0.0772484
1753.16,0.1753
6772.21,0.675591
2937.52,0.293414
1410.56,0.140916
1679.14,0.167887
2104.54,0.210391
966.345,0.0962642
1411.62,0.141069
847.761,0.0847598
1221.62,0.122132
817.959,0.0815609
1270.82,0.127024
1542.56,0.154216
960.753,0.0960455
2396.31,0.239546
1304.25,0.130241
1036.36,0.103572
1799.19,0.179835
2103.08,0.209803
2508.24,0.250493
848.343,0.084818
762.339,0.0762319
1256.62,0.125619
1500.81,0.150073
779.954,0.0779675
1823.59,0.182344
2972.09,0.297032
1446.73,0.144649
1654.78,0.165399
635.121,0.063495
819.6,0.0819485
1053.48,0.105281
1281.01,0.128076
995.937,0.0995825
1590.47,0.158815
1203.88,0.119319
6064.49,0.604393
1470.29,0.146802
2082.34,0.208008
955.213,0.095503
1585.29,0.158497
1035.11,0.103493
2084.38,0.208307
2057.36,0.205537
1198,0.11975
1918.27,0.191719
765.225,0.07652
1464.84,0.146454
821.703,0.0819944
902.074,0.0901888
650.708,0.065045
1046.64,0.104646
756.622,0.0756175
2950.52,0.294882
1845.15,0.182504
1193.07,0.119258
2716.69,0.271654
3754.59,0.375143
747.041,0.0747007
717.249,0.0717137
1444.23,0.144403
1501.16,0.150031
1708.4,0.170784
5014.38,0.500578
892.225,0.0891974
1453.75,0.145172
1248.29,0.124825
1209.69,0.120963
958.243,0.0957554
2017.55,0.201738
1978.68,0.197589
1710.17,0.170562
1905.93,0.190565
5552.39,0.554698
1239.61,0.123946
886.544,0.0886247
1694.6,0.169086
2616.3,0.261565
1088.74,0.108861
2530.76,0.252967
841.78,0.0837472
1353.22,0.135293
1683.05,0.168285
518.23,0.0518212
626.014,0.0625635
1135.91,0.113495
756.686,0.0756255
1179.57,0.117922
2077.21,0.207624
1807.23,0.180315
3458.01,0.345291
1765.5,0.176099
3086.46,0.308606
2017.33,0.201693
1485.42,0.148528
1033.27,0.103313
621.083,0.0621023
3705.59,0.370483
470.842,0.0470788
1931.82,0.192746
1244.57,0.124351
731.936,0.0731721
2876.57,0.287307
909.756,0.0908727
1082.39,0.108224
1567.67,0.155762
1714.28,0.133808
3513.04,0.351226
1842.62,0.18423
1376.65,0.137588
1675.14,0.16747
1023.77,0.102372
929.564,0.0929329
1098.82,0.109852
1875.06,0.185904
1410.06,0.140989
1338.9,0.133872
1426.06,0.142546
617.277,0.0616606
728.438,0.0726906
1561.36,0.156086
1135.37,0.113531
486.597,0.0485903
922.143,0.092203
854.398,0.0853726
1214.66,0.121432
1330.55,0.133043
1057.03,0.105694
1479.73,0.147928
1123.24,0.112294
718.058,0.0717884
748.439,0.0747816
2531.7,0.253006
1705.34,0.170411
2752.27,0.264518
1005.86,0.100454
920.687,0.0920509
933.065,0.0933002
1007.01,0.10066
1370,0.136898
762.936,0.0762796
1679.38,0.167912
1621.2,0.162113
963.195,0.0962498
1146.63,0.114649
722.461,0.0716127
1419.71,0.141961
1253.11,0.125306
774.951,0.077463
892.771,0.0891651
1118.62,0.111775
1105.03,0.110473
3728.33,0.372003
964.995,0.0964722
1151.67,0.115111
1428.89,0.142852
904.102,0.0903783
3172.22,0.31703
1113.08,0.111223
1344.92,0.134452
955.049,0.0954066
1909,0.1907
1407.19,0.14066
1016.77,0.101673
1878.82,0.187579
1015.93,0.101495
6613.34,0.660321
1913.77,0.191302
907.108,0.0905639
766.883,0.0766764
1535.42,0.153452
1204.11,0.120349
900.202,0.0900018
1859.87,0.185983
2379.46,0.237908
930.419,0.0930352
15031.8,1.50062
986.501,0.0986387
1168.59,0.11681
1911.21,0.191015
822.889,0.0821651
4398.18,0.438654
1277.58,0.127629
679.674,0.0679067
1839.55,0.183748
2625.68,0.262501
2501.96,0.250105
2914.05,0.291179
659.932,0.0659534
845.312,0.084525
967.137,0.0967044
8928.05,0.891259
1575.56,0.157115
1092.26,0.109181
1106.55,0.110554
852.922,0.0852473
1289.99,0.128778
1112.01,0.111116
857.022,0.0856721
951.983,0.0951122
635.342,0.0635259
608.073,0.0608059
1781.83,0.177956
787.003,0.0786578
1437.3,0.143712
983.175,0.0983052
2368.62,0.236827
717.41,0.0717349
858.986,0.0844254
1381.86,0.138042
1479.89,0.14751
1182.8,0.118116
4995.83,0.499421
1443.21,0.144288
970.567,0.0970233
1286.53,0.128617
1709.71,0.170903
1936.78,0.193662
1020.13,0.101962
769.302,0.0767493
4890.7,0.486761
1122.79,0.112241
1852.22,0.185181
1375.13,0.13748
1214.95,0.121411
1088.24,0.108808
1889.03,0.187721
1571.57,0.157073
1066.26,0.106622
980.611,0.0980092
1593.18,0.159255
1095.73,0.109512
2759.59,0.275584
1416.35,0.141627
4308.13,0.430244
1084.4,0.108296
916.116,0.091586
3332.07,0.333053
718.447,0.0718424
1909.49,0.190756
6820.03,0.681419
1143.82,0.114305
1047.64,0.104445
1307.43,0.130595
1418.03,0.141741
994.148,0.0993736
2103.27,0.210137
1981.34,0.197965
1634.48,0.163436
885.032,0.0881946
910.275,0.0909938
1199.49,0.11994
1452.29,0.145225
858.455,0.0858419
874.616,0.0874589
5160.89,0.515476
6935.57,0.693359
2399.12,0.168105
877.439,0.087726
1116.33,0.111605
1625.51,0.16252
1386.22,0.138593
4724.84,0.471333
1890.27,0.188549
957.273,0.0957151
524.116,0.0524048
1847.19,0.184667
12565.6,3.86677
1465.17,0.146463
446.465,0.0446441
1404.81,0.140404
834.972,0.0834952
1110.86,0.110731
1250.48,0.123999
938.707,0.0937088
1225.23,0.122446
4052.63,0.405158
1036.67,0.103518
730.348,0.07281
2703.65,0.270318
1214.58,0.121451
1134.68,0.11343
1079.54,0.10791
592.661,0.0592284
1185.88,0.118583
1431.7,0.143107
892.259,0.0892174
903.634,0.0903242
3794.89,0.37877
772.436,0.0771821
1847.15,0.184672
1720.96,0.171832
1169.9,0.116939
1611.23,0.161087
1002.12,0.100208
709.201,0.0707752
814.91,0.0814713
5036.48,0.502595
2099.81,0.209964
756.143,0.0756044
1490.7,0.149059
1879.42,0.187854
1630.02,0.162898
868.06,0.0867374
1815.18,0.181004
1661.07,0.166053
1093.24,0.109173
1789.27,0.178919
896.83,0.0896815
872.522,0.0872485
1548.28,0.154817
928.389,0.0927844
1781.53,0.178058
2212.74,0.22106
1116.83,0.111681
624.327,0.0623277
2288.02,0.228686
1624.34,0.147799
860.608,0.0860404
1681.17,0.168031
668.881,0.0668739
2869.41,0.286704
1892.86,0.16666
1395.76,0.139571
823.732,0.0823456
4512.93,0.45024
1224.45,0.122363
2983.58,0.298024
888.101,0.0887475
949.439,0.0948736
1010.33,0.100789
2368.04,0.236657
1987.52,0.198708
1490.85,0.148965
3116.07,0.311437
726.173,0.0724623
1519.93,0.151967
3611.38,0.360886
7593.87,0.758334
1676.53,0.16763
25864.7,2.56291
1055.19,0.105507
1171.1,0.117063
1334.86,0.13346
1068.98,0.106887
2027.35,0.202704
1455.81,0.144444
814.818,0.0814767
1860.09,0.18593
1867.49,0.186736
1656.16,0.165564
768.205,0.0768107
1192.25,0.117362
903.412,0.0902683
1754.99,0.175446
1308.01,0.130712
1256.18,0.125397
1027.28,0.102726
651.82,0.0648664
1157.25,0.115655
887.27,0.0886905
1043.23,0.104321
2280.98,0.227949
1498.12,0.14969
2820.33,0.281212
602.321,0.0602296
1280.45,0.128028
742.733,0.073891
600.87,0.0600341
991.107,0.099038
1720.33,0.171949
1149.07,0.114839
1051.81,0.105103
979.271,0.0978748
1275.37,0.127399
662.619,0.0662567
8286.62,0.826595
1809.43,0.180298
2039.06,0.203694
1116.26,0.111443
1730.76,0.17269
1019.97,0.101897
2212.67,0.220861
1610.62,0.161038
1550.1,0.154904
846.643,0.0846391
1050.31,0.105022
18378.3,1.82962
1246.69,0.124526
2692.93,0.268825
2035,0.203359
7702.58,0.768107
1052.93,0.105256
9875.09,0.986417
846.816,0.0845636
1345.72,0.13455
2829.29,0.282848
1119.07,0.111858
1509.08,0.150875
2293.15,0.229125
1075.93,0.107591
864.853,0.0862997
1288.91,0.128886
1971.65,0.197005
1587.53,0.15874
1373.01,0.137268
1118.79,0.111814
1653.19,0.165286
966.167,0.0965934
1229.88,0.122961
983.63,0.0983494
1982.96,0.197989
1580.31,0.157808
1003.77,0.100356
2445.06,0.244461
1208.99,0.120888
2298.89,0.228537
502.117,0.05021
829.74,0.0829658
2341.54,0.23408
1052.46,0.105001
1940.95,0.194059
1710.97,0.170922
1552.17,0.155205
4122.01,0.411996
817.296,0.0817154
729.772,0.0729712
1107.25,0.110269
1832.05,0.182996
2356.59,0.235625
774.468,0.0774269
2100.4,0.209931
1502.66,0.150234
1430.26,0.142896
1342.85,0.134272
994.608,0.0994343
918.488,0.0917233
1237.36,0.123158
1226.13,0.122239
1158.16,0.115758
1861.08,0.185857
1334.95,0.133463
1145.46,0.114446
580.738,0.0580706
1574.41,0.157432
1801.87,0.179938
1318.84,0.131735
1480.77,0.148058
2247.88,0.224716
1252.43,0.125232
949.959,0.0949835
1357.67,0.135434
3385.42,0.337104
3435.85,0.339754
1355.59,0.129087
1915.57,0.191362
1169.13,0.116835
761.691,0.0761534
934.944,0.0934605
2005.48,0.20052
1801.39,0.180087
1089.79,0.108876
1790.63,0.178873
1421.84,0.141343
4775.62,0.476677
780.489,0.0780292
1211.62,0.121094
826.511,0.0826043
1307.21,0.130674
688.231,0.0688184
1073.6,0.107326
990.683,0.0990667
1347.76,0.134693
1184.58,0.118448
1168.94,0.116856
1325.51,0.132509
1686.29,0.168467
984.816,0.0983044
805.326,0.0804539
806.234,0.0806115
1857.69,0.185761
1372.1,0.137058
2019.55,0.201734
1712.19,0.170934
2757.81,0.27558
1604.43,0.160391
994.72,0.0994013
529.163,0.0529064
690.069,0.0690031
835.239,0.08337
948.94,0.0947324
1604.56,0.160121
1642.15,0.1641
4376.2,0.436659
5034.34,0.503105
1701.95,0.169953
1233.07,0.123237
1214.25,0.121414
1276.3,0.127411
1001.76,0.100174
721.458,0.0721434
1032.29,0.103209
1640.97,0.164012
1137.82,0.113736
782.592,0.0782505
1242.38,0.124076
1645.25,0.164446
1075.1,0.107482
649.127,0.0648729
1010.42,0.101016
1089.95,0.108939
1750.35,0.17502
2367.28,0.236526
969.789,0.0967858
1804.63,0.18044
1365.31,0.135979
1087.65,0.108727
742.689,0.0742434
1548.63,0.154855
1507.77,0.150747
1989.4,0.198877
6191.27,0.617463
878.44,0.087833
959.233,0.0959129
736.55,0.0735623
1194.83,0.11947
1030.17,0.102982
1651.57,0.164753
3130.49,0.312996
938.974,0.093891
946.755,0.0945972
2547.92,0.254637
1137.32,0.113591
895.057,0.0895051
15771.1,1.57446
24917.6,2.47026
1836.38,0.183595
1118.92,0.111796
1129.99,0.112123
1401.59,0.14014
1909.9,0.190783
1142.21,0.114199
675.939,0.0675878
746.821,0.0746678
1603.14,0.160244
1493.8,0.149356
1481.89,0.148144
658.254,0.0657018
752.77,0.075275
1668.02,0.166758
2842.66,0.284246
903.751,0.0903359
3014.29,0.300667
615.857,0.0615801
469.449,0.0469297
1641.21,0.164067
2005.39,0.200269
1201.17,0.120104
988.587,0.0985986
1167.27,0.116693
1127.62,0.112685
1006.42,0.100616
939.998,0.0939087
1104.81,0.11047
1118,0.111718
891.459,0.0890985
2953.81,0.295276
1069.99,0.10699
8981.31,0.895816
1041.12,0.104059
1315.97,0.131514
735.735,0.0735049
585.821,0.0585658
2670.58,0.266959
1109.47,0.110906
717.627,0.0717593
839.025,0.0838879
2095.31,0.209499
3857.35,0.385614
1460.12,0.145991
1204.4,0.120424
993.104,0.0992507
1246.46,0.124594
1074.62,0.10745
948.098,0.0947971
2402.98,0.24022
3631.38,0.363021
1110.66,0.111035
1059.93,0.105893
1653.73,0.165327
919.668,0.0914352
1373.22,0.137157
1636.77,0.163604
505.245,0.050517
1009.26,0.100915
1032.51,0.103225
886.739,0.0886355
1153.47,0.115079
610.556,0.061004
736.14,0.0734517
1629.08,0.162871
1147.8,0.114733
3467.44,0.212465
1014.52,0.101334
734.762,0.0734714
3068.52,0.306774
653.462,0.065328
3341.8,0.333784
532.756,0.0532511
979.836,0.0979801
1141.41,0.114106
1021.6,0.100804
695.284,0.0695152
1249.44,0.124846
1999.53,0.199878
1946.31,0.194592
1835.35,0.183454
1320.71,0.132049
1557.65,0.155676
1230.39,0.123033
1482.18,0.148187
795.131,0.0794611
1145.59,0.114418
1572.44,0.156903
562.291,0.0546049
1749.89,0.174653
924.03,0.0923767
1214.65,0.12142
8886.09,0.885607
1131.72,0.113108
830.96,0.0829737
961.129,0.0960601
1417.21,0.141713
1601.99,0.160176
1274.83,0.127448
937.796,0.0937739
4660.31,0.465557
1741.81,0.174096
2645.27,0.26439
1004.37,0.100405
7459.49,0.743253
1272.74,0.127243
3641.65,0.364136
1183.19,0.118116
514.774,0.0514755
2796.38,0.279541
1938.77,0.193743
1316.39,0.131596
369.838,0.0369731
998.377,0.0997859
767.772,0.0767622
919.173,0.0918484
490.079,0.0490068
1143.21,0.114252
1990.27,0.197843
1889.43,0.188664
1048.75,0.104869
1090.33,0.108917
1369.57,0.136869
2720.9,0.267324
1142.81,0.114126
2493.34,0.249073
600.962,0.0600872
826.24,0.0826058
897.348,0.0897269
2985.15,0.29836
1663.38,0.166279
1879.54,0.187875
1529.35,0.152877
750.782,0.0750661
3100.47,0.308135
676.361,0.0676248
1253.81,0.125371
948.264,0.0948164
1273.58,0.127263
867.478,0.0867138
1317.46,0.131694
869.229,0.0869124
1048.1,0.104706
901.952,0.0901935
1664.88,0.166435
803.754,0.0803635
3765.27,0.376429
1073.06,0.107246
1307.56,0.130596
1942,0.194029
735.021,0.0734679
853.477,0.0853184
1635.76,0.163554
772.447,0.0772169
1148.13,0.114795
1442.28,0.144203
940.198,0.0937735
1375.59,0.137487
1334.15,0.13332
3440.23,0.343683
640.009,0.0639951
615.627,0.0614887
519.328,0.0519249
1291.52,0.129078
1634.81,0.163464
617.49,0.0616992
1183.7,0.118335
1182.36,0.118042
2893.18,0.288855
1041.26,0.104121
1960.72,0.195931
1004.01,0.100393
2746.16,0.274545
844.994,0.0844905
720.018,0.0719756
1405.71,0.140425
2018.07,0.201718
3003.26,0.300246
1209.6,0.120947
1779.49,0.177872
917.574,0.0911884
1222.28,0.122176
1175.7,0.117557
2688.78,0.268745
1295.46,0.129527
1435.63,0.143526
1945.65,0.194551
941.065,0.094056
1130.1,0.112961
830.459,0.0829983
1215.02,0.121389
3679.44,0.367346
3256.69,0.325318
1237.11,0.123694
1622.92,0.162197
1064.86,0.106315
1024.46,0.102436
1092.68,0.109202
866.223,0.0866058
921.167,0.0920122
1097.5,0.109732
3956.32,0.395257
1301.14,0.129666
991.04,0.0990865
2301.57,0.22968
1219.69,0.121887
1242.88,0.124211
1146.75,0.114625
685.029,0.0684847
502.12,0.0502112
878.876,0.0878635
1541.74,0.154123
834.89,0.0834695
1477.5,0.146192
1492.14,0.149186
1772.12,0.176977
1152.51,0.115244
925.529,0.0923371
580.52,0.058045
1043.37,0.104333
1063.64,0.106323
1573.11,0.157267
933.069,0.093257
759.374,0.0759236
1453.53,0.144479
891,0.0889322
1943.83,0.194373
1296.13,0.129578
1008.31,0.100828
591.453,0.0590907
1303.18,0.130089
1134.7,0.113465
2847.71,0.284575
1022.11,0.102207
797.806,0.0797735
3166.91,0.316619
516.794,0.0515404
1650.92,0.165034
748.123,0.0748077
908.257,0.0907996
2079.56,0.207914
5996.61,0.599054
1762.76,0.17623
1277.28,0.127687
587.023,0.0586819
936.713,0.0936224
679.986,0.0678694
1574.94,0.157459
1142.61,0.1135
750.802,0.0750741
804.186,0.0803953
1148.42,0.114804
1386.98,0.138682
1251.77,0.124944
1309.79,0.130924
1762.87,0.176185
1356.26,0.135526
1799.71,0.179722
2223.73,0.222058
803.891,0.0803697
2382.85,0.237953
3536.32,0.353321
932.024,0.0931046
1328.48,0.132786
909.219,0.0906521
788.706,0.0788693
1738.62,0.173826
4383.49,0.43823
2841.99,0.284176
1577.8,0.15766
1136.41,0.1136
1224.2,0.122404
1020.49,0.102023
5036.24,0.503376
2051.17,0.204576
1135.44,0.113528
3289.99,0.328752
3487.94,0.348714
1383.85,0.138367
1101.81,0.110134
7030.28,0.701194
1163.8,0.116378
993.874,0.0993639
946.315,0.0945501
1332.43,0.133226
3085.74,0.308528
938.998,0.0938405
931.363,0.0931293
1900.56,0.190038
1185.3,0.118523
868.214,0.0867654
873.171,0.0873128
3829.31,0.38265
653.408,0.0653402
1858.28,0.18573
682.791,0.068261
896.332,0.0896266
2071.13,0.207097
478.053,0.047767
843.245,0.0843145
1059.67,0.105948
985.152,0.0985037
1377.83,0.137711
1512,0.151151
947.127,0.0942865
9622.64,0.960712
1065.09,0.106428
2638.09,0.263547
891.653,0.0891264
625.703,0.0625334
2007.54,0.20062
1326.25,0.13253
782.18,0.0782062
2288.02,0.228774
1303.34,0.130012
4832.65,0.471452
1215.11,0.12087
1602.12,0.160157
2924.22,0.292047
1473.38,0.147327
839.766,0.0839549
1369.99,0.13684
2003.61,0.200168
881.898,0.115371
1738.54,0.173746
1171.8,0.116912
876.074,0.0875992
2719.31,0.271661
852.518,0.0850599
1252.47,0.125237
1174.23,0.117378
792.297,0.0945722
940.845,0.0939447
1271.15,0.127054
2540.13,0.253926
1477.36,0.1474
574.684,0.0573921
1100.73,0.109856
1645.48,0.164528
1618.59,0.161653
990.071,0.0989466
1417.59,0.141508
2642.74,0.263759
662.842,0.0662763
2264.9,0.226433
1325.41,0.132508
1190.81,0.119063
727.573,0.0727504
1573.78,0.156889
708.912,0.0708863
1586.9,0.158677
7239.23,0.72339
771.829,0.0770867
841.088,0.0840402
715.511,0.0713141
1368.1,0.136727
2717.93,0.271678
488.864,0.0481939
1862.15,0.186199
922.508,0.0922442
1036.23,0.103546
1434.94,0.143446
2030.23,0.20287
2366.78,0.23638
1067.25,0.106704
1561.02,0.15181
3359.4,0.335903
9165.07,0.913572
965.295,0.0961292
1165.5,0.11651
3522.53,0.351987
783.116,0.0781837
1061.42,0.106116
1168.03,0.116787
1363.14,0.136296
1267.78,0.126651
726.381,0.0726337
1065.62,0.10649
1545.65,0.154504
5283.29,0.527904
12568.7,5.18879
2137.11,0.213615
909.602,0.0909406
971.616,0.0971381
1122.85,0.11228
1060.73,0.106051
1187.53,0.118735
687.434,0.068713
894.528,0.0893921
4868.74,0.486331
2147.56,0.214624
531.602,0.0531543
1015.49,0.101539
1451.25,0.144946
1164.36,0.116419
802.113,0.0801819
1391.6,0.138726
823.633,0.0823261
665.753,0.0665717
899.461,0.0899107
3334.9,0.333234
1238.27,0.123771
1697.67,0.169653
763.779,0.0763683
553.768,0.0551405
698.778,0.0698443
2221.38,0.221997
1456.92,0.145675
1391.36,0.139092
930.193,0.0929596
1169.59,0.116851
4395.32,0.439252
908.627,0.0907265
7700.79,0.768891
1190.15,0.118901
945.007,0.0944592
1404.64,0.140449
1004.33,0.10032
1003.34,0.100331
660.018,0.0659987
1915.72,0.191462
1764.34,0.176358
3755.7,0.375137
1434.16,0.143385
704.369,0.0703365
648.77,0.0648669
1010.93,0.100869
1041.42,0.104095
868.978,0.0868959
840.378,0.0840191
1249.46,0.12467
1149.54,0.114944
1075.82,0.107575
1282.13,0.128198
1823.56,0.182276
2853.56,0.285144
1295.33,0.129496
886.902,0.0886682
1720.23,0.171994
1162.35,0.116007
1364.54,0.13621
1421.16,0.142054
984.725,0.0984702
816.168,0.0815981
1098.93,0.109434
1132.89,0.113276
824.586,0.082338
965.985,0.0965015
907.236,0.0907176
1736.88,0.173588
1268.97,0.126875
4294.03,0.417204
1618.28,0.161041
1251.67,0.124412
3185.76,0.318526
701.592,0.0700854
1082.73,0.108107
819.423,0.0819393
1522.21,0.152088
1477.69,0.147735
876.274,0.0876218
1642.87,0.164151
680.409,0.0679851
812.001,0.0811878
1704.51,0.170426
734.598,0.0734559
1046.11,0.104602
586.747,0.0585948
879.966,0.0879866
1092.94,0.10925
1523.77,0.152226
5263.43,0.526084
621.271,0.062096
1201.14,0.119894
1213.7,0.121298
1335.34,0.133516
1603.55,0.160347
1382.06,0.137725
2110.48,0.210888
1072.43,0.107235
1676.64,0.167637
1067.44,0.106547
4213.88,0.421018
1322.64,0.132246
1491.44,0.149128
633.982,0.0633498
904.258,0.0901074
597.833,0.0597809
884.196,0.0883772
567.663,0.0567544
1627.07,0.162015
1122.62,0.11218
1298.1,0.129684
1252.92,0.125179
1275.85,0.127526
1381.49,0.138101
1526.52,0.15261
1060.64,0.10549
922.218,0.0922089
2257.94,0.225418
1787.21,0.178657
1190.71,0.119042
1887.6,0.188677
968.221,0.0968116
1574.8,0.157456
952.06,0.0950223
1249.44,0.124922
891.464,0.0891283
1289.43,0.128841
1541.73,0.152908
910.869,0.0904938
791.257,0.0791217
1170.18,0.116986
695.907,0.0695866
1119,0.111774
880.367,0.08793
15177.6,1.51481
1392.06,0.138957
2874.07,0.287176
1418.24,0.141785
2041.44,0.204112
1195.99,0.119562
1650.38,0.165024
588.362,0.0588325
941.609,0.09416
1468.79,0.146848
3137.31,0.310585
1268.24,0.126806
1113.7,0.111355
946.897,0.0943996
5742.96,0.573964
1214.93,0.121437
1108.36,0.110833
1162.91,0.116117
2289.86,0.228556
675.123,0.0675107
846.698,0.0846459
899.217,0.0899141
2556.76,0.255644
2418.76,0.241545
1094.04,0.109369
970.786,0.0970711
647.309,0.0644392
999.093,0.0998676
2083.51,0.208306
2065.62,0.206477
795.108,0.079502
1873.41,0.187164
786.691,0.0786459
811.217,0.0811138
637.706,0.0637625
709.901,0.0709075
1224.65,0.122346
2202.06,0.220078
2138.19,0.213584
1075.08,0.107503
1310.78,0.131017
672.757,0.0671278
1063.39,0.106325
905.587,0.0903991
3063.09,0.306178
1619.43,0.16182
1857.2,0.185244
2340.61,0.23395
1502.45,0.150223
3786.21,0.180416
1230.1,0.122967
4635.89,0.463229
2596.77,0.259606
2671.31,0.267103
2256.66,0.225598
1350.51,0.13496
3099.82,0.309922
1436.8,0.143619
1580.65,0.157983
2237.24,0.223585
1033.89,0.103345
2696.47,0.269284
957.892,0.0956888
828.646,0.0828449
625.192,0.0625132
916.854,0.0916704
1187.87,0.118764
1665.57,0.166547
1334.67,0.133459
912.604,0.0911901
2280.12,0.227897
768.708,0.0768671
910.624,0.0909876
16538.8,1.64522
517.521,0.0517477
1369.93,0.136877
1198.29,0.119811
4596.2,0.459121
3360.43,0.335635
4540.81,0.454001
1330.42,0.132602
1054.41,0.105433
1465.87,0.146471
998.116,0.0997443
738.146,0.0737907
1469.76,0.146893
751.908,0.0751733
10771.3,1.07485
860.452,0.086038
1443.25,0.143236
1160.76,0.116035
706.667,0.0706627
1127.5,0.112672
549.632,0.0549602
787.155,0.0786974
583.022,0.0582625
6881.95,0.685248
1141.35,0.114078
3131.43,0.312546
2079.37,0.207662
2325.05,0.232393
1116.45,0.111592
839.625,0.0839487
1053.27,0.105111
1514.34,0.151405
1197.09,0.119577
1302.02,0.130132
846.207,0.0846046
3230.53,0.322662
983.043,0.0982585
1272.72,0.127197
4895.38,0.488465
19208.7,1.90924
800.123,0.0800114
1131.51,0.113085
1687.37,0.168492
953.698,0.0953178
915.888,0.0915623
1450.3,0.144981
812.095,0.0811668
1386.55,0.138642
700.389,0.0700364
2282.7,0.228209
2033.29,0.2033
1317.83,0.131572
1453.11,0.145152
947.652,0.0947632
971.021,0.0970832
1699.5,0.16989
11294.7,1.12324
1121.28,0.112121
567.938,0.0567786
1759.26,0.175852
1296.66,0.129654
996.367,0.0996226
1982.6,0.198248
598.324,0.0598144
758.561,0.075719
1215.06,0.121478
903.076,0.0902849
704.559,0.0704083
965.05,0.0960073
1073.01,0.107293
532.214,0.0531956
1364.03,0.136265
2816.7,0.281406
2886.18,0.288564
1109.38,0.110885
902.993,0.0902833
1914.78,0.19143
1737.04,0.173616
728.567,0.0728548
871.267,0.0870387
636.201,0.063609
1067.7,0.106726
2774.37,0.277287
878.879,0.0878845
789.678,0.0784295
1005.43,0.0988784
3033.37,0.302717
4974.05,0.496774
1233.5,0.12313
6915.27,0.689625
1169.8,0.116669
2126.07,0.212465
474.933,0.0474794
2394.56,0.241245
1537.43,0.153719
1258.07,0.0818047
1493.63,0.149253
2476.49,0.247622
2023.71,0.2023
1307.76,0.130727
1049,0.104865
1426.2,0.141952
2895.27,0.289337
1743.06,0.174286
599.84,0.0599815
607.672,0.0607667
5638.77,0.563186
1264.96,0.126394
2497.3,0.249656
685.584,0.0685538
863.58,0.0863433
813.953,0.0813927
2819.03,0.281803
1616.09,0.161395
972.361,0.0972085
1225.14,0.122457
1184.63,0.118437
1009.85,0.100843
1277.32,0.127632
791.568,0.0791506
889.757,0.0889728
2148.99,0.214858
687.01,0.0686844
1295.07,0.129479
1081.94,0.108179
744.07,0.074362
708.42,0.0708007
937.994,0.0937437
1353.48,0.135344
1461.87,0.146153
839.408,0.0839092
1884.19,0.188292
719.117,0.0718977
1764.91,0.176477
1221.85,0.122095
719.682,0.0719224
1798.35,0.17976
790.801,0.0790646
1208.96,0.120876
429.262,0.0428925
1072.35,0.107076
1010.15,0.100946
2549.11,0.254894
1911.55,0.190729
968.999,0.0968479
1570.09,0.156989
1737.14,0.172411
1396.54,0.139617
1345.23,0.134504
843.637,0.0843362
2001.22,0.199903
959.998,0.0959703
2332.21,0.233085
992.831,0.0992471
1059.02,0.105875
1487.87,0.148713
1141.2,0.114115
2091.02,0.20897
1028.26,0.102586
17645,1.76138
1156.37,0.115588
2798,0.279432
823.365,0.0822254
9378.36,0.913249
762.439,0.0762036
1304.83,0.130462
1343.41,0.134333
1012.17,0.100927
1639.47,0.163916
1062.05,0.106132
741.841,0.0741412
1817.47,0.181547
2235.28,0.223361
1366.29,0.136603
976.796,0.0976579
1858.31,0.185816
1889.87,0.188955
1358.67,0.135844
885.609,0.0885571
2754.88,0.273956
1144.06,0.114388
1408.52,0.140519
2295.59,0.229373
2657.36,0.265599
1079.32,0.107915
3998.97,0.399528
2088.63,0.208757
851.793,0.0848276
3090.61,0.308716
5769.01,0.576756
830.096,0.0821211
1415.46,0.1413
1489.37,0.148853
1020.91,0.102015
3902.7,0.390042
2187.88,0.218701
1323.8,0.132364
3437.42,0.343578
1326.72,0.132658
1048.38,0.104748
1426.65,0.142639
1188.35,0.118739
2341.35,0.234075
1829.57,0.182896
941.857,0.0941694
830.39,0.083013
1139.46,0.113915
1147.68,0.114738
1231.54,0.12313
1610.28,0.160984
1000.7,0.0979555
783.718,0.0782966
1058.42,0.105478
750.803,0.0750732
1173.3,0.117307
806.637,0.0806629
1788.23,0.178418
1234.68,0.123465
762.786,0.0762443
1150.89,0.115062
1486.08,0.148596
958.693,0.0958108
1133.72,0.11336
1987.06,0.198339
1782.84,0.178025
967.867,0.0967329
842.174,0.0842051
929.61,0.0928122
1070.49,0.107034
919.475,0.0919195
1366.98,0.136648
843.444,0.0841128
933.603,0.0933496
917.388,0.0915585
782.69,0.0780891
2554.3,0.255348
1016.68,0.101496
777.571,0.0777111
1084.54,0.108436
3194.02,0.319202
1469.23,0.146897
876.771,0.0876554
2809.92,0.280786
1832.01,0.181598
1671.13,0.167081
810.427,0.0810366
840.147,0.0839932
875.614,0.0875427
850.554,0.0844949
1584.7,0.158455
1400.31,0.139746
9474.89,1.11527
2568.98,0.256868
761.417,0.0745154
1984.98,0.19839
1539.31,0.153912
1949.49,0.194937
849.31,0.0849293
780.109,0.078001
1227.59,0.122524
570.273,0.0569633
1731.14,0.173081
1274.45,0.127206
1360.97,0.135939
1138.99,0.11331
2082.98,0.208064
2344.64,0.234087
1025.03,0.102447
1950.36,0.195022
1270.26,0.126768
1383.86,0.138294
1298.38,0.129818
1387.95,0.138778
907.12,0.0906706
1083.04,0.10825
913.597,0.0913067
2488.9,0.248768
880.997,0.0880915
803.003,0.0802886
2464.14,0.245842
1547.37,0.154632
1339.91,0.133748
4257.54,0.425535
2925.72,0.291932
1642.01,0.16417
2774.91,0.277199
641.625,0.0641483
601.892,0.0601844
759.794,0.0759535
775.018,0.0774513
1987.76,0.198735
1010.82,0.0998675
1409.69,0.140962
789.866,0.0789771
1028.96,0.102884
1737.25,0.173623
1322.08,0.132083
825.185,0.082512
1243.29,0.12428
1131.71,0.113129
1331,0.133072
2581.51,0.258105
1117.52,0.111645
7466.5,0.746426
1025.44,0.102495
1301.41,0.130081
5334.67,0.533094
2051.37,0.204179
1113.21,0.111244
1430.91,0.143068
1525.01,0.152453
1113.11,0.111296
732.272,0.0731544
784.689,0.0783278
803.878,0.0803626
3530.09,0.352831
734.909,0.0734651
1022.99,0.102286
1591.65,0.158191
1096.66,0.109646
1299.98,0.129983
1218.66,0.121739
888.823,0.088856
1128.84,0.112877
959.099,0.0958819
7192.72,0.717834
3624.01,0.741557
2417.63,0.241678
1647.74,0.164636
883.806,0.0883779
1925.49,0.192091
1084.34,0.108252
790.516,0.0790411
1202.12,0.120189
2064.63,0.206173
620.867,0.062077
1349.44,0.134445
2024.67,0.20236
1546.81,0.154618
2090.48,0.208619
1046.17,0.104436
2027.07,0.202682
838.149,0.08375
2085.93,0.208437
1032.95,0.103226
3330.62,0.332554
1399.15,0.139902
770.081,0.0770045
1447.81,0.144739
1149.04,0.114858
795.885,0.0795661
1130.31,0.113012
17506.1,1.7489
665.92,0.0665199
1327.32,0.132679
1068.93,0.106887
1889.77,0.188698
1177.07,0.117694
1377.01,0.137594
931.128,0.0926848
545.323,0.0545291
1366.84,0.136635
787.018,0.0786383
850.052,0.0849157
697.239,0.0686717
862.891,0.0862375
946.718,0.0946449
1443.59,0.144196
1500.83,0.136194
535.281,0.0535053
958.711,0.0956729
1176.09,0.117526
737.883,0.0737301
2060.42,0.206014
853.26,0.0850807
4103.85,0.409963
795.959,0.0795845
1671.85,0.167136
1526.73,0.149743
1217.39,0.121508
2495.77,0.249425
1905.86,0.190486
4939.35,0.49281
1777.71,0.177718
1298.18,0.0932524
1270.65,0.12702
1163.34,0.116327
1594.02,0.159361
1173.51,0.117333
1412.69,0.141138
3270.09,0.326839
863.322,0.086309
1008.14,0.100799
1315.94,0.131589
1788.44,0.163116
1028.97,0.102813
7380.97,0.735991
723.425,0.0722965
1276.66,0.127652
1950.29,0.194914
2316.65,0.231644
942.228,0.0941473
1414.4,0.141363
900.516,0.0900258
1133.35,0.113225
757.96,0.0757805
1403.03,0.140265
1009.99,0.100994
777.565,0.0777421
2084.7,0.208409
1066.16,0.106572
1265.1,0.126301
1677.98,0.168932
983.429,0.0982991
764.76,0.0758351
1099.59,0.109901
1874.6,0.187213
1309.32,0.130905
881.742,0.0880264
1466.69,0.146614
973.156,0.0972969
1456.71,0.145664
713.723,0.0713686
1132.41,0.113109
4067.86,0.406578
853.535,0.0853398
1164.3,0.116379
3142.11,0.314185
3256.74,0.325466
1392.41,0.139109
754.464,0.0754454
957.853,0.0957485
810.554,0.0810002
772.85,0.0772796
1374.69,0.137421
2204.25,0.220366
2009.27,0.200906
28304.8,2.81471
1163.25,0.115478
1685.36,0.168457
2104.78,0.210339
1510.79,0.150984
1068.97,0.106893
1075.18,0.107472
674.729,0.0674124
3840.61,0.382418
808.052,0.0808008
906.505,0.0906024
6467.81,0.645983
1911.36,0.191061
658.693,0.0651449
1257.12,0.125571
842.807,0.0842516
880.556,0.0880417
905.235,0.0901955
1520.8,0.152064
768.97,0.0768326
1165.1,0.116483
770.445,0.0769992
907.099,0.0907011
1943.51,0.19403
1243.28,0.124313
1357.42,0.135691
2053.88,0.205291
1019.55,0.101929
1351.98,0.135191
1428.99,0.142868
3083.18,0.308159
1904.06,0.190339
1270.72,0.137147
551.412,0.0551344
7403.37,0.738525
1328.79,0.12655
2230.27,0.22282
1358.92,0.13566
1367.24,0.136721
613.671,0.0613663
1221.73,0.122155
750.486,0.0750082
741.058,0.0740849
12123.6,1.20439
2247.81,0.224733
983.285,0.0982381
606.117,0.0604572
1248.17,0.124808
2204.19,0.220361
1395.51,0.139445
9323.32,0.931403
2763.28,0.275788
6032.15,0.600842
1048.01,0.104717
1480.15,0.147723
1997.14,0.199582
869.408,0.0869188
1669.04,0.166865
2213.36,0.22128
912.162,0.0909757
5767.98,0.576514
2056.66,0.205631
1189.77,0.118929
885.099,0.0884449
1955.44,0.195519
1273.56,0.127241
925.589,0.0925523
1066.83,0.106659
785.876,0.0784463
11907.7,1.19024
1636.49,0.163563
721.629,0.0721516
984.151,0.0984004
664.527,0.0664488
1807.88,0.174451
732.576,0.0725811
2710.13,0.270736
1380.5,0.137982
943.624,0.0941283
5287.43,0.528523
1502.73,0.148876
981.994,0.0977984
1888.39,0.187615
1476.81,0.14748
1533.17,0.153281
4375.6,0.436705
2413.58,0.241337
1456.9,0.145642
2260.86,1.95181
1015.19,0.10138
762.029,0.0759459
3212.14,0.321015
935.603,0.093546
1018.84,0.101751
1650.96,0.164895
3073.54,0.306878
1620.92,0.162027
3587.35,0.357428
1162.63,0.116196
932.079,0.0930312
1533.33,0.153298
1026.23,0.102603
1332.52,0.133174
1425.4,0.142472
1158.06,0.115645
766.205,0.076557
893.865,0.0891542
1222.91,0.12225
1129.55,0.11272
772.035,0.0771785
1595.96,0.159548
1427.77,0.14267
1482.14,0.148198
746.718,0.0746128
1127.82,0.112746
1191.13,0.119108
819.005,0.0818825
1783.33,0.178234
1041.87,0.104186
1375.9,0.137576
902.556,0.0902363
493.008,0.0492999
820.641,0.0820578
1221.83,0.121858
951.887,0.0951818
1640.85,0.163919
594.004,0.0593344
3827.15,0.382386
1728.34,0.172811
1338,0.133762
1543.3,0.154287
1371.25,0.137076
1203.08,0.120289
1136.37,0.113142
2286.35,0.228467
783.744,0.0783608
871.728,0.0871368
1032.76,0.10325
1639.63,0.163746
1298.16,0.129699
972.186,0.0972008
980.273,0.0979755
1229.49,0.122926
853.458,0.0853008
1334.56,0.133401
530.124,0.0529967
1173.73,0.117333
1398.32,0.139699
1009.51,0.10082
777.155,0.0775356
3063.39,0.358407
1183.45,0.118291
1712.46,0.171037
685.848,0.0685143
3383.68,0.333962
1368.41,0.13676
937.452,0.0936499
1740.7,0.173968
1041.93,0.104153
3682.46,0.368143
1625.06,0.16232
758.064,0.0757482
1225.57,0.122506
1222.83,0.122274
2015.24,0.201091
675.788,0.0675233
2008.42,0.20063
6592.97,0.658201
1329.06,0.132895
2232.45,0.222745
2128.94,0.212851
1247.76,0.124677
2459.33,0.245844
1073.7,0.107334
1836.27,0.183543
1589.69,0.15785
879.02,0.0878697
2458.52,0.245836
1660.81,0.165794
2078.11,0.207652
2141.49,0.214125
1246.15,0.118843
1019.6,0.101361
566.292,0.0566139
1553.93,0.155356
732.069,0.0731884
1574.97,0.157466
860.548,0.0859402
765.783,0.0750068
1961.81,0.196168
2373.47,0.236284
1087.48,0.108157
954.341,0.095426
1486.88,0.148621
971.715,0.0971425
1507.29,0.15054
1475.3,0.147333
7398.13,0.739209
2628.39,0.262612
940.037,0.0939065
723.49,0.0723381
1773.49,0.177325
1257.55,0.125741
1678.54,0.167817
1351.19,0.135094
1955.43,0.195499
9684.25,0.962698
1868.52,0.186033
1810.36,0.180924
2160.61,0.216031
816.35,0.0816297
1749.08,0.174874
1519.83,0.151934
1473.57,0.147227
1586.04,0.158515
970.002,0.0968768
2018.22,0.201716
1403.83,0.140255
2097.55,0.209412
823.864,0.0818007
1036.05,0.103535
941.548,0.0941528
978.47,0.0974918
2721.98,0.272089
999.231,0.0960487
1386,0.138298
1383.18,0.138294
1924.71,0.19231
964.393,0.0964373
831.065,0.0830274
1130.85,0.112966
661.018,0.0660875
2088.51,0.208718
3611.29,0.360845
4135.31,0.413391
706.701,0.0698366
1488.3,0.148709
547.669,0.054766
1230.64,0.122622
2315.95,0.231565
1077.16,0.107697
1800.41,0.179723
1022.7,0.102214
8704.07,0.86854
923.003,0.0918633
993.265,0.0991781
1014.34,0.101419
2025.91,0.202548
1396.11,0.139584
2117.69,0.211251
1708.21,0.170579
1253.19,0.125202
947.752,0.0946797
815.436,0.0813778
1062.72,0.106198
1331.89,0.133167
1093.05,0.109284
2031.66,0.203036
1631.21,0.163099
9712.76,2.81168
2574.15,0.256928
710.074,0.0709869
1093.91,0.109383
1223.69,0.122354
1300.34,0.129896
1542.34,0.15411
632.296,0.0632226
955.97,0.0947714
1633.7,0.163274
1721.97,0.172094
4453.09,0.444773
967.737,0.0967459
2307.75,0.230267
818.867,0.0818674
4284.08,0.428176
1017.36,0.101557
1037.16,0.103418
1036.55,0.103594
3076.65,0.31911
1817.45,0.181189
1167.56,0.116735
1216.36,0.121559
1079.15,0.107908
1061.04,0.106087
1099.87,0.109964
2530.3,0.252967
1188.86,0.118856
1302.78,0.130213
899.653,0.0899616
668.919,0.066435
1116.4,0.111608
2237.29,0.223658
871.103,0.0871048
4926.72,0.492477
1108.26,0.110818
862.489,0.0862394
935.525,0.0925469
827.601,0.0827445
5737.64,0.568127
505.798,0.0505396
1023.72,0.102333
861.605,0.0861515
674.043,0.0673969
842.468,0.0842124
1920,0.191934
966.186,0.0964667
1649.61,0.164776
2174.63,0.217446
2128.92,0.212853
5259.49,0.525254
1723.83,0.17176
424.05,0.042336
1736.25,0.173577
2128.05,0.211934
1308.68,0.13071
1624.03,0.162391
781.629,0.0781226
663.858,0.0663498
1343.89,0.134256
1138.54,0.113843
919.192,0.0898311
1577.21,0.157496
1067.57,0.106047
863.619,0.0863157
821.386,0.082134
9207.25,1.19806
1529.08,0.152711
1742.67,0.174251
971.704,0.0971274
1430.52,0.142969
1137.7,0.113732
1038.58,0.103711
512.547,0.0512484
941.764,0.0941712
998.032,0.0997569
1261.7,0.126164
1007.42,0.100726
1161.66,0.116134
1045.96,0.10362
729.896,0.072877
2061.68,0.206126
746.446,0.074619
1297.07,0.129579
1358.29,0.134448
1753.46,0.175146
894.366,0.0894114
924.345,0.0924296
1010.59,0.101032
673.783,0.0673011
1233.08,0.122907
1104.1,0.110401
1435.5,0.143503
991.505,0.0991469
1754.55,0.175224
1373.45,0.137278
1590.26,0.158972
1700.68,0.169979
1153.77,0.115317
1059.43,0.105918
831.514,0.0831458
1120.06,0.111991
659.069,0.0658836
931.771,0.0931372
1251.53,0.124733
1319.6,0.131809
1257.82,0.125707
1374.01,0.137392
1944.61,0.194447
2407.89,0.240369
3752.03,0.367441
2165.14,0.216229
1284.75,0.128149
1406.99,0.140667
1193.15,0.1193
715.724,0.0712666
796.492,0.0796203
1120.95,0.112077
516.98,0.05169
948.748,0.0948003
1725.97,0.172533
1353.79,0.135373
1402.96,0.140137
1057.47,0.105668
1242.67,0.124233
13703.6,1.36527
837.369,0.0837144
2608.68,0.260463
4946.63,0.492511
3513.56,0.351128
1072.31,0.107211
1059.8,0.105942
3321.36,0.331945
615.02,0.0614912
2352.55,0.235145
2035.03,0.203278
1063.64,0.106343
716.482,0.0715906
2523.48,0.252286
2072.93,0.207141
1256.56,0.125472
1365.86,0.136579
1654.76,0.165367
6330.19,0.632812
1041.84,0.10405
2126.73,0.212388
714.874,0.0714641
740.526,0.0739889
1508.42,0.150799
15771.6,1.57153
1371.65,0.137148
816.648,0.0816509
2435.21,0.243507
851.269,0.0850933
494.225,0.0494168
1454.13,0.145398
1851.94,0.185144
2548.43,0.254751
801.801,0.0801774
1100.02,0.109923
873.461,0.0873394
2383.99,0.238328
1235.82,0.123392
643.31,0.0643162
861.254,0.0860605
865.662,0.086423
4183.42,0.417905
1471.99,0.147082
1104.37,0.11043
1080.73,0.108071
1424,0.142326
795.618,0.0792022
925.828,0.0925629
11629.5,1.15904
1363.69,0.136351
780.105,0.0778522
937.288,0.0936855
1795.62,0.179549
1698.43,0.169695
1875.33,0.187273
1092.69,0.109242
3402.49,0.339923
942.593,0.0942513
1170.12,0.116825
1605.49,0.160295
1341.12,0.133927
1184.93,0.118485
798.043,0.0797973
1099.69,0.109879
1130.36,0.111193
1810.61,0.179617
744.044,0.0741218
1392.85,0.139124
756.492,0.0756449
863.53,0.0863225
1372.95,0.136724
1491.9,0.148797
2333.8,0.233309
1053.48,0.105344
914.43,0.0914063
5834.66,0.582223
770.322,0.0770134
1450.92,0.145079
878.006,0.087678
1653.26,0.165312
1902.84,0.190254
4306.41,0.43004
1835.36,0.183477
1134.22,0.11336
556.611,0.0556591
751.058,0.0750461
839.835,0.0839349
909.869,0.090918
1114.2,0.111378
2269.93,0.226926
1116.62,0.111626
2273.55,0.22721
2091.99,0.208877
2751.81,0.274728
1031.31,0.103116
623.152,0.0623094
958.102,0.0957493
2936.9,0.292983
1095.11,0.109419
557.265,0.0557226
792.103,0.0791948
998.116,0.0734173
1849.11,0.184903
1152.09,0.115199
2061.56,0.205935
1732.27,0.173184
995.651,0.0995371
1781.36,0.17785
1076.29,0.107604
780.75,0.0778168
920.061,0.0919045
984.434,0.0984265
1354.57,0.135339
776.561,0.077617
1050.3,0.105022
5549.3,0.554523
2490.42,0.248928
765.029,0.0764492
3594.23,0.359181
1147.99,0.11468
1196.74,0.119608
1378.47,0.137812
1375.84,0.13748
1442.19,0.144204
855.949,0.0855207
795.668,0.0794651
1177.14,0.117675
718.054,0.0717892
1069,0.106885
1131.76,0.113002
1427.33,0.142722
1304.83,0.130381
1422.39,0.142206
1002.5,0.100189
864.566,0.0863075
1488.51,0.14854
987.295,0.0986465
1152.96,0.115252
1091.12,0.109058
1178.55,0.117654
1027.16,0.102261
1033.42,0.103306
1153.1,0.1153
1660.67,0.118598
1346.64,0.134659
932.211,0.093204
1523.39,0.152275
9532.55,0.952516
901.462,0.090139
983.726,0.0983099
2107.96,0.210753
2320.22,0.231737
2153.05,0.215152
3291.59,0.326353
771.962,0.0771855
1343.54,0.134245
1027.23,0.102718
1611.27,0.160966
1382.67,0.138258
734.325,0.0734313
790.324,0.0789682
1119.9,0.111906
883.917,0.0883867
1421.16,0.142028
888.498,0.0888453
1354.53,0.135421
1160.43,0.114834
1349.02,0.134886
946.79,0.0945652
1611.94,0.160973
1210.03,0.120676
1007.32,0.100715
902.414,0.0902236
1402.5,0.140113
999.888,0.0999834
3005.76,0.300428
1164.58,0.116409
728.27,0.072823
1837.6,0.183728
979.566,0.097836
603.839,0.0603457
761.534,0.0760766
1025.41,0.102527
2170.42,0.216968
1445.95,0.144584
1037.15,0.103693
905.157,0.0902988
1304.91,0.130406
1020,0.101988
2022.34,0.202158
641.153,0.0641033
1685,0.168459
3039.63,0.303795
942.962,0.0942946
1088.47,0.108844
1496.44,0.14962
1022.37,0.102187
807.345,0.0806631
4701.58,0.46931
996.581,0.0996113
804.497,0.080438
2191.33,0.200459
1147.12,0.114695
1751.48,0.174914
1359.52,0.135949
3325.6,0.332529
1381.92,0.138114
1158.69,0.115833
1413.35,0.141219
1080.58,0.107903
2728.1,0.272043
1789.87,0.178746
1220.87,0.122064
1916.88,0.191626
967.38,0.0967232
861.971,0.0861347
1759.05,0.175418
1143.72,0.114347
884.939,0.0884819
1121.6,0.112144
1024.42,0.102401
1220.77,0.122018
1322.87,0.132267
2336.89,0.233667
828.277,0.0827892
894.949,0.0893932
5972.81,0.597121
844.633,0.0840753
1441.97,0.144191
1558.91,0.155691
3108.53,0.310823
1710.94,0.17093
685.074,0.0685064
853.148,0.085272
1120.59,0.111851
469.755,0.0469673
2699.34,0.269663
1240.95,0.123955
3071.58,0.305969
1291,0.129088
1322.2,0.132145
3743.09,0.371384
991.468,0.0991286
941.336,0.09409
745.024,0.0743893
891.458,0.0890503
2374.29,0.237396
2234.16,0.222599
1758.26,0.175663
815.741,0.080852
850.482,0.0849574
918.761,0.0918443
4687.42,0.468245
817.794,0.0817779
2746.22,0.273763
891.698,0.089151
1278.09,0.127794
1125.08,0.112485
2818.14,0.281749
762.24,0.0762182
1725.25,0.172479
2343.54,0.234257
1103.28,0.110263
750.294,0.0749623
5607.04,0.559338
1958.58,0.195818
798.127,0.0796436
1434.78,0.140875
707.394,0.0670802
2609.93,0.260846
1105.24,0.110487
1696.45,0.169594
1314.58,0.131338
1023.19,0.102273
1457.31,0.145575
1298.32,0.129788
963.507,0.0954282
1382.93,0.138234
1543.33,0.133479
1335.06,0.133488
1629.55,0.162633
3247.17,0.219748
1353.44,0.135122
895.01,0.0894784
1784.62,0.178451
994.856,0.0993747
1377.34,0.137577
982.35,0.098196
708.008,0.0706706
1168.94,0.116774
11316.3,1.13104
1340.88,0.13403
1487.06,0.148691
1057.25,0.105684
1670.88,0.166981
1630.96,0.163034
624.614,0.0622325
1667.31,0.165109
1060.47,0.106038
1125.62,0.112475
2380.41,0.237872
2196.33,0.219506
6737.63,0.670634
814.879,0.0814141
1165.93,0.116496
750.169,0.0750121
1185.62,0.118355
1389.37,0.138849
3670.91,0.367025
820.55,0.0820071
1372.68,0.137227
2051.9,0.205081
1683.82,0.168292
1396.78,0.139646
652.012,0.0651724
1322.13,0.132103
826.902,0.0826818
1404.24,0.140057
2040.24,0.203994
1031.21,0.10308
1375.87,0.137442
945.017,0.0930789
665.366,0.0665107
1604.95,0.160481
1816.06,0.181544
3558.85,0.355822
1542.99,0.154274
1230.79,0.123066
5116.97,0.511386
1048.41,0.104807
633.677,0.063208
1909.57,0.19059
653.853,0.0653845
754.252,0.0753619
799.729,0.0799656
1830.17,0.183012
991.863,0.0991729
1211.45,0.121126
1550.95,0.154925
2217.64,1.17422
1676.97,0.167669
1100.54,0.109819
1099.66,0.109887
1635.41,0.154003
878.77,0.0878414
988.927,0.0988597
969.637,0.0969524
880.152,0.0879884
1172.26,0.11716
939.016,0.0938838
813.9,0.081175
530.025,0.0529929
1021.51,0.102129
1265.19,0.126508
1115.43,0.111123
1240.24,0.123883
781.522,0.0781307
721.93,0.0721225
1582.67,0.158243
1228.78,0.12234
902.123,0.0897272
1374.77,0.137457
738.42,0.0737764
1246.49,0.124366
2876.67,0.286735
776.595,0.0776336
1451.47,0.144933
1010.84,0.101072
423.519,0.0423134
2478.58,0.247351
1032.52,0.103133
1727.45,0.172702
1002.96,0.100283
1124.77,0.112469
3315.73,0.3312
1537.36,0.15359
2004.87,0.20043
1118.86,0.0969856
1741.42,0.174111
5889.46,0.588534
1086.79,0.108677
1902.56,0.190175
1886.53,0.18811
1038.01,0.103664
1475.83,0.147575
905.345,0.0905221
1061.74,0.106125
746.46,0.073924
1408.8,0.140848
1767.62,0.176651
652.19,0.0649738
1007.17,0.100706
1616.28,0.16039
666.542,0.0666459
1353.11,0.135171
1805.02,0.180284
450.74,0.0450399
1129.81,0.112877
1056.76,0.105671
1155.88,0.115517
1489.79,0.148866
2286.24,0.228609
950.333,0.0949662
2396.92,0.239541
973.241,0.0972764
12290.4,1.22331
1893,0.188988
1216.01,0.121568
1481.56,0.148099
896.402,0.0895352
1246.35,0.124602
576.99,0.0575478
1317.89,0.131766
1446.73,0.144663
826.304,0.0826227
1775.02,0.177348
925.504,0.092456
1407.67,0.140745
1238.53,0.123814
1149.63,0.114942
1736.08,0.173533
1114.52,0.111408
1232.84,0.123278
557.371,0.0557273
1815.54,0.181465
1241.09,0.124012
1505.18,0.138095
669.68,0.0669648
1667.3,0.166676
1126.03,0.112497
2077.23,0.207648
569.269,0.0569147
1466.85,0.146659
5556.18,0.554849
1092.59,0.109246
1243.1,0.124303
1689.2,0.168852
856.61,0.0856338
2499.41,0.249643
900.176,0.089988
732.122,0.0731931
1552.56,0.154531
3261.74,0.325979
1803.2,0.180278
760.627,0.0760464
901.108,0.0900238
858.799,0.0858633
1068.52,0.106813
984.735,0.0984326
1825.38,0.182206
2577.68,0.257653
1045.91,0.104507
1482.16,0.147969
1074.23,0.107419
2270.24,0.226852
1183.25,0.118301
1613.05,0.161171
1454.6,0.145392
1034.31,0.103426
1043.17,0.104245
720.255,0.0719916
1431.44,0.143122
1141.23,0.11398
8406.62,0.839654
943.875,0.0943632
1497.63,0.149614
1386.9,0.138684
1199.68,0.119614
1092.1,0.109186
979.028,0.0978692
1879.74,0.187816
882.574,0.0882375
742.763,0.0742734
641.678,0.064135
661.412,0.0660585
859.877,0.085973
1189.21,0.118786
2034.5,0.203354
1328.56,0.132793
1269.01,0.126804
1698.27,0.169793
4274.15,0.426953
751.031,0.0748857
1013.73,0.101332
3101.2,0.310069
1215.98,0.121528
1079.89,0.107984
1041.84,0.103174
870.425,0.087032
1273.58,0.127242
633.645,0.0632594
1199.98,0.119866
1599.71,0.158982
1444.25,0.144063
609.633,0.0609396
21770.1,2.16565
944.531,0.0943979
2105.67,0.210512
882.809,0.0882635
852.09,0.0851846
8391.71,0.837016
2411.11,0.240463
6380.06,0.637869
1366.84,0.136606
1537.73,0.153574
1132.43,0.113213
603.025,0.0595754
3513.98,0.350999
1750.01,0.174975
747.697,0.0747014
1545.36,0.154259
1990.82,0.199012
1148.74,0.114858
1381.09,0.138066
898.538,0.0898317
907.41,0.0905652
742.978,0.0742336
815.057,0.081257
1472.76,0.147229
854.368,0.0853414
3039.78,0.30389
1757.27,0.175512
1551.07,0.154602
920.36,0.0915283
2593.36,0.259315
739.161,0.0739132
1017.36,0.10173
3050.35,0.304675
1453.74,0.145327
1112.1,0.111179
603.4,0.0603277
2602.22,0.260059
1332.2,0.133184
1564.78,0.156088
2139.15,0.213877
987.618,0.0987303
1049.2,0.10483
1038.79,0.103854
861.934,0.0861575
880.595,0.0880446
1564.67,0.156414
970.673,0.096989
802.37,0.0802123
2630.27,0.262986
666.807,0.0666743
900.314,0.0899818
1638.79,0.163552
2640.95,0.264062
1034.44,0.103235
1293.36,0.129255
1446.14,0.144601
1116.45,0.111619
1693.91,0.169223
1274.54,0.127434
1032.23,0.103098
1289.47,0.128893
566.101,0.0566041
1439.33,0.143904
992.461,0.0992403
1706.19,0.170388
4563.58,0.455709
1051.32,0.105102
673.538,0.0670506
782.81,0.0782734
1489.28,0.148866
1846.91,0.184586
5594.03,0.558605
3200.22,0.318551
1605.55,0.160101
3004.53,0.300065
1163.28,0.116312
1392.07,0.139179
738.102,0.0737497
719.701,0.0719386
2391.12,0.238971
2187.94,0.218616
1439.61,0.143912
1537.91,0.153607
920.261,0.0920198
1204.31,0.120354
1623.34,0.162303
1158.07,0.115785
1128.71,0.112732
1149.32,0.114917
1376.99,0.137329
1248.32,0.124823
854.846,0.0849061
1301.75,0.130113
1514.49,0.151427
1607.49,0.158957
1229.77,0.122957
1320.14,0.131998
595.773,0.0595346
1645.29,0.164504
3669.41,0.36637
1372.97,0.137183
1250.41,0.122038
2447.99,0.244461
884.203,0.0884098
2044.88,0.204429
6483.77,0.647382
1646,0.164512
1387.08,0.138695
1032.87,0.103252
1685.46,0.168473
754.766,0.0754535
723.29,0.0722123
3574.56,0.357046
2019.97,0.201895
900.4,0.0900066
1757.55,0.175726
1644.95,0.164482
414.305,0.0414174
1243.14,0.12426
906.062,0.0906021
2241.48,0.223977
1558.07,0.155658
933.008,0.0931281
1224.96,0.122366
1472.75,0.147215
704.236,0.0704185
1502.77,0.150018
981.287,0.0980986
1393.23,0.139274
1757.09,0.175502
2086.4,0.208587
1390.37,0.138802
2682.89,0.26825
2423.48,0.242275
1636.52,0.163642
1827.62,0.182757
1813.25,0.181075
2756.8,0.275502
26069.5,2.60116
1922.99,0.192068
1421.67,0.142157
1824.67,0.182138
3864.15,0.384351
908.487,0.0905111
902.246,0.0900914
1325.32,0.132439
1230.21,0.123017
1125.9,0.112501
1719.06,0.17133
1087.17,0.108705
3003.58,0.300284
1994.26,0.199174
1663.78,0.166097
912.142,0.091212
635.406,0.0635096
729.337,0.0729112
1898.14,0.189773
1058.5,0.105819
718.93,0.0718885
921.104,0.0920793
726.438,0.0725845
1556.35,0.155521
1367.15,0.136305
1896.16,0.187432
1084.82,0.108308
1659.35,0.165775
929.892,0.0929151
1601.14,0.160086
1750.17,0.174828
640.527,0.0640096
1329.45,0.132768
706.329,0.0705542
714.29,0.0713623
817.766,0.0817599
1281.52,0.128125
1217.99,0.121716
7187.13,0.717772
831.16,0.0830469
1139.71,0.113935
1236.55,0.120579
891.343,0.0891029
594.097,0.0593711
1763.95,0.176266
1297.9,0.129569
3338.57,0.333611
2262.18,0.226164
1807.4,0.180697
1495.01,0.149397
857.512,0.0857218
2610.06,0.260665
1487.75,0.148372
1142.69,0.114251
1311.34,0.131022
1300.67,0.130045
2141.37,0.213922
833.059,0.0832976
983.236,0.0982785
1382.55,0.138204
1474.56,0.146515
1568.25,0.156759
436.475,0.0436463
1175.49,0.117521
658.642,0.0658519
2067.29,0.20666
1043.04,0.10423
799.222,0.079919
1157.04,0.115669
3897.38,0.389599
4272.34,0.426772
1620.44,0.161862
2027.43,0.202704
569.667,0.0569402
945.218,0.0945115
760.879,0.0760676
1337.37,0.133652
2083.19,0.208255
1143.18,0.114305
995.868,0.0995776
1126.18,0.108795
3753.25,0.374502
1014.75,0.101459
1536.2,0.153557
721.074,0.0720889
1527.06,0.152692
5973.67,0.596065
533.148,0.0533102
778.16,0.0777891
1065.19,0.106496
1193.34,0.118663
1892.62,0.189177
952.491,0.0952317
1075.44,0.107524
867.393,0.0852131
1133.45,0.113341
1273.95,0.127284
2665.71,0.266523
1159.54,0.115884
651.218,0.0651171
1206.91,0.120366
1305.6,0.130332
784.096,0.0783645
2366.72,0.236606
2336.04,0.233384
1219.03,0.121842
1888.33,0.188804
9891.93,0.987343
1862.66,0.186211
578.987,0.0578454
1640.74,0.164018
1237.36,0.123574
11559.4,1.13845
1007.61,0.100406
822.195,0.0821708
1212.25,0.12121
1549.74,0.154739
1987.08,0.198621
4194.85,0.41904
848.649,0.0848606
1273.7,0.127264
3135.07,0.313217
2140.62,0.213985
2981.39,0.297763
549.726,0.0548862
901.636,0.0901591
854.452,0.0854436
1490.94,0.149054
764.55,0.076428
2586.42,0.258601
2943.17,0.294276
1496.88,0.149612
588.157,0.0586892
646.981,0.0646442
565.182,0.0564908
938.809,0.0938641
4189.8,0.418904
2699.89,0.269092
1064.05,0.106031
1751.7,0.174797
916.669,0.0916376
1384.39,0.138196
868.357,0.0868316
965.426,0.0965104
781.569,0.07814
2219.94,0.221906
835.57,0.0835226
1028.57,0.102833
1114.09,0.111281
997.824,0.0997802
2022.71,0.202084
6338.21,0.633495
2069.17,0.202703
813.587,0.0809309
1193.88,0.119368
1281.75,0.128013
869.155,0.0868911
763.556,0.0763515
1033.52,0.103228
1870.92,0.18536
3470.17,0.346396
1214.93,0.121472
2042.94,0.204271
809.037,0.0808212
16653.7,1.66033
3525.54,0.352281
1291.98,0.129111
767.427,0.0767366
1363.54,0.135405
811.227,0.0811024
2780.37,0.277148
985.826,0.0985791
2184.43,0.218262
4038.67,0.40357
991.274,0.0990276
1539.93,0.153816
2163.35,0.216305
977.931,0.0977173
687.302,0.068726
1215.53,0.121515
2010.88,0.200986
1279.61,0.127873
1061.49,0.106147
541.585,0.0530186
1727.59,0.172717
1614.99,0.161487
1264.05,0.126358
1184.73,0.118369
2466.9,0.246053
1415.81,0.141434
667.065,0.0666953
5166.84,6.32347
1217.4,0.12168
669.682,0.0669554
1618.62,0.161782
2512.75,0.250997
642.225,0.0642207
1575.08,0.1575
878.781,0.087834
795.991,0.0795982
2544.7,0.254451
1100.98,0.109965
1303.07,0.130296
1489.63,0.148818
1083.12,0.108182
988.163,0.0987996
672.318,0.0670958
2147.96,0.21469
864.383,0.0863631
1427.36,0.142723
1636.1,0.163081
858.318,0.0857137
1494.14,0.149379
809.198,0.0809099
2899.93,0.289579
1058.03,0.105777
1215.37,0.1215
1277.96,0.127724
1308.53,0.130842
957.288,0.0957233
726.337,0.072382
837.378,0.0815796
866.952,0.0866894
3298.67,0.32948
1315.44,0.131533
1105.37,0.11051
1249.72,0.124955
985.268,0.098515
1970.37,0.197008
767.36,0.0767335
1051.28,0.105113
1112.53,0.111212
3000.2,0.299866
1201.39,0.119961
919.067,0.0916906
2267.72,0.226686
1122.2,0.112179
757.55,0.0756529
884.3,0.088425
3312.84,0.330433
943.078,0.0942851
1227.87,0.122576
2490.01,0.248566
1211.07,0.120936
798.371,0.0797615
1695.36,0.169527
1153.24,0.115314
1085.65,0.108557
1417.21,0.141678
728.379,0.0726591
1267.93,0.126754
1514.35,0.151397
2057.83,0.205735
1958.4,0.195593
769.508,0.076914
966.491,0.0966241
1507.96,0.150554
5583.02,0.557715
993.637,0.0991996
1594.68,0.159252
1152.2,0.115081
1763.89,0.17631
934.693,0.0934084
1456.61,0.145569
1000.18,0.0998356
1505.67,0.150552
905.963,0.0904904
2219.28,0.221919
824.75,0.0824061
837.419,0.0836658
566.347,0.0566308
836.106,0.0835276
1983.57,0.197988
3047.87,0.304008
1022.61,0.102215
872.851,0.0872703
878.196,0.0878009
939.921,0.0939892
756.678,0.0756614
1374.81,0.13744
1588.41,0.158504
678.193,0.067808
713.994,0.071382
2963.04,0.2956
1199.1,0.119906
1524.81,0.152458
1260.23,0.125974
828.885,0.0828868
580.3,0.0580037
1162.2,0.116178
906.799,0.0906782
1506.67,0.150588
761.016,0.0760555
1045.78,0.104518
1544.41,0.154419
1345.41,0.134054
688.129,0.0688089
1565.92,0.156348
2872.99,0.287261
658.855,0.0658367
1834.6,0.182879
1076.62,0.107603
2579.25,0.257788
7539.1,0.750651
1184.22,0.118377
917.869,0.0917808
2021.5,0.202108
1018.31,0.101801
840.884,0.0840803
614.995,0.061496
885.931,0.0885427
1344.2,0.134412
1148.61,0.114564
699.65,0.0699416
1062.01,0.106192
3896.31,0.38921
1033.93,0.103339
1165.25,0.11645
1582.83,0.158206
1016.82,0.101552
757.802,0.0757549
1730.83,0.172985
1127.5,0.112741
3654.63,0.365228
1134.6,0.113357
5507.82,0.548718
1166.11,0.116594
1027.36,0.102714
1585.41,0.157925
929.716,0.0928401
781.759,0.0780996
1546.37,0.154553
854.45,0.0854295
1864.41,0.186388
1718.16,0.171679
1052.47,0.105239
1273.18,0.127302
1442.35,0.14422
1118.69,0.111849
670.899,0.0670847
982.97,0.0979493
878.724,0.0878305
2750.82,0.263335
1056.25,0.10562
750.167,0.0750043
2182.65,0.217614
1216.6,0.121622
2354.89,0.235109
1212.04,0.120533
5121.5,0.512016
1770.5,0.1769
869.944,0.0869811
1123.34,0.112324
736.448,0.0734878
772.509,0.07722
3628.33,1.0074
1866.81,0.186579
962.594,0.0961977
2158.23,0.215712
1365.46,0.136523
1489.48,0.148928
2435.63,0.243506
884.564,0.0883375
654.247,0.0653709
748.333,0.074783
9216.2,0.920016
4426.07,0.441794
3713.67,0.371188
1410.15,0.140974
1030.27,0.103026
1039.61,0.103825
1881.6,0.188082
1106.22,0.110576
1788.11,0.178378
838.876,0.0838813
1255.36,0.125454
1710.57,0.17041
2223.37,0.222195
3124.15,0.312068
1607.91,0.160566
887.631,0.0887434
1445.36,0.14433
1014.39,0.10141
1338.01,0.133705
1124.58,0.112443
814.015,0.081398
6427.56,0.642103
2405.75,0.239753
1412.82,0.140946
1279.11,0.127798
1436.82,0.143643
425.492,0.0425461
926.173,0.0925889
914.484,0.091392
845.47,0.084545
1008.8,0.100844
989.979,0.0988924
898.8,0.0898257
705.445,0.0704131
1011.71,0.101163
994.258,0.0994164
947.018,0.0945295
1839.04,0.183796
3190.82,0.319031
1485.29,0.147614
1210.4,0.120991
1868.56,0.18684
500.902,0.0500828
833.345,0.0832737
1247.84,0.124661
908.666,0.0905442
653.408,0.0652943
647.904,0.0647051
2163.04,0.216182
962.77,0.0961904
1486.24,0.148525
1395.47,0.139524
1706.58,0.170632
1900.17,0.189982
1103.12,0.110272
1049.39,0.104869
1328.02,0.132774
2811.51,0.280982
1094.76,0.109451
2003.9,0.199718
1412.64,0.141233
1602.74,0.160252
1012.87,0.101158
888.294,0.0888231
2673.03,0.267254
566.286,0.0565895
1447.86,0.144751
4688.33,0.468132
1242.71,0.123884
1635.95,0.163462
1208.47,0.12079
955.091,0.0954757
727.858,0.0727776
1248.24,0.124791
2440.25,0.243859
2305.55,0.23034
1719.84,0.17187
1052.01,0.105196
781.473,0.0780931
1384.67,0.138428
4440.96,0.443882
1305.79,0.130562
1139.7,0.113957
939.57,0.0939474
941.288,0.0941206
2007.5,0.200667
754.545,0.0753384
6338.43,0.633645
1494.84,0.149454
1355.11,0.135288
869.882,0.0869802
722.926,0.0722682
770.193,0.0769777
1181.2,0.118102
911.608,0.0910857
1303.18,0.130304
800.498,0.0800322
1367.37,0.136418
798.351,0.0798212
963.8,0.096374
655.194,0.0655121
645.021,0.064489
1219.41,0.121898
1623.73,0.162335
2139.43,0.21386
895.009,0.0894241
4993.67,0.499143
2567.84,0.256684
3784.73,0.378056
748.376,0.0748262
1277.33,0.127696
1306.04,0.130559
1063.36,0.106328
2666.92,0.266611
958.475,0.0957977
1339.73,0.133836
2284.61,0.228328
820.67,0.0820507
1220.08,0.121984
1495.14,0.149451
895.719,0.0895562
1034.78,0.103424
1676.22,0.167556
1220.62,0.122013
1684.13,0.168235
1034.34,0.103386
857.166,0.0857134
1722.27,0.17197
1808.99,0.18084
2601.95,0.259851
6138.41,0.612762
1364.83,0.13644
837.44,0.0837293
1182.11,0.118194
1290,0.128978
1427.72,0.142644
629.011,0.0626991
3668.19,0.366665
2068.98,0.206802
1028.34,0.102632
1831.8,0.183064
1079.76,0.107961
759.455,0.0759277
1321.73,0.132154
1786.24,0.178501
935.467,0.0935442
3424.76,0.342241
7617.74,0.760303
1809.62,0.180345
1054.93,0.105464
944.912,0.0943534
1155.22,0.115456
1285.22,0.12848
3179.77,0.31745
7093.99,0.708017
1543,0.154257
1055.51,0.105528
672.344,0.0670362
847.937,0.0844575
998.207,0.0997937
3934.53,0.391852
1174.13,0.117017
718.263,0.0717581
1473.4,0.147327
870.093,0.0867158
911.483,0.0911243
1285.43,0.128508
886.745,0.0886305
19312.7,1.92446
761.13,0.0760993
2516.06,0.250409
1184.35,0.118088
3684.46,0.368104
1441.63,0.144014
2604.75,0.260333
1858.35,0.185628
1586.75,0.158607
1076,0.106583
1321.18,0.13195
834.558,0.0825219
698.832,0.0698349
1080.43,0.108009
1469.49,0.146914
1672.62,0.167148
2506.49,0.25004
737.292,0.0736823
2505.39,0.250345
877.493,0.087715
1008.35,0.100788
599.172,0.0599164
1393.76,0.139348
7421.01,0.734998
915.716,0.0915693
580.408,0.0580205
1934.86,0.19343
867.809,0.0867701
1922.97,0.192273
727.771,0.0727494
1144.53,0.114434
1007.79,0.100748
8107.22,0.810308
871.086,0.0870105
5272.45,0.52694
2501.11,0.249884
1142.61,0.114208
2392.54,0.238527
1573.84,0.157284
2463.3,0.245786
898.213,0.0898021
3118.27,0.311384
1688.11,0.168116
1535.02,0.153442
1324.83,0.132443
1079.5,0.107915
3759.75,0.375692
1140.42,0.113881
2498.03,0.249501
629.702,0.0629309
1559.2,0.155716
1140.51,0.114006
572.728,0.0996481
1582.06,0.158049
7116.67,0.709974
2327.58,0.232511
4611.38,0.460735
6763.45,0.67592
5760.14,0.575386
1450.65,0.144863
982.919,0.0982737
947.777,0.0943335
1012.59,0.100848
902.741,0.0902393
11408.6,1.13975
564.664,0.0563276
931.836,0.0931688
2331.03,0.233052
2363.56,0.236313
1257.55,0.125702
889.665,0.0889258
1256.76,0.125623
786.241,0.0785837
1015.39,0.101529
2234.6,0.222441
1159.01,0.115646
660.822,0.0660616
570.756,0.0570541
4003.15,0.399235
3026.51,0.301774
3865.36,0.386158
1220.34,0.122022
1100.6,0.10987
924.787,0.0924548
692.262,0.0691937
2336.21,0.233363
1336.02,0.133592
1083.15,0.108309
1151.5,0.115145
919.834,0.0919373
647.177,0.064284
4710.87,0.470656
4411.43,0.440356
2465.89,0.246511
12645.6,1.26105
1049.19,0.10488
535.114,0.0535099
1137,0.11369
4407.97,0.439788
830.104,0.0829876
1410.47,0.140961
970.685,0.0970595
1444.2,0.144077
1021.65,0.102142
726.861,0.0726551
1231.15,0.123086
1002.62,0.100255
2606.24,0.260388
2029.92,0.20294
2207.14,0.220643
1098.48,0.109829
1777.45,0.177724
1521.14,0.151953
1849.71,0.184917
1815.13,0.181422
813.887,0.0813806
2591.88,0.257422
1340.69,0.133663
1265.15,0.126463
965.864,0.0965328
11292,1.12748
903.816,0.0900258
1144.33,0.114354
1076.89,0.10768
1172.42,0.117208
1032.67,0.103258
1271.34,0.127117
948.329,0.0948173
703.337,0.0703297
1209.16,0.120788
1246.87,0.124625
1332.43,0.133241
1311.34,0.127619
1372.2,0.137066
572.358,0.0572292
1760.2,0.175789
1205.69,0.118827
966.22,0.0966095
661.097,0.0660939
494.228,0.0493829
1132.96,0.113275
2170.8,0.21687
1304.73,0.129779
879.851,0.0862523
1404.63,0.140356
1808.42,0.180712
1380.2,0.137896
922.926,0.0922787
600.545,0.0600092
2094.83,0.20935
887.082,0.0886761
7014.2,0.700429
2094.11,0.209374
775.606,0.0775527
1232.84,0.123247
742.119,0.0735296
1640.59,0.163732
815.02,0.0814942
934.3,0.0933912
6373.78,0.636984
1302.7,0.129714
968.82,0.0968429
1606.14,0.160597
2004.63,0.200325
1517.91,0.151755
1815.9,0.181434
2707.22,0.270317
781.714,0.0778277
1153.91,0.115329
1087.19,0.108678
760.004,0.0759255
1430.58,0.143015
2670.13,0.266656
2481.67,0.247889
756.323,0.0755847
857.744,0.0857578
1685.88,0.168201
1512.76,0.151258
1120.1,0.111805
1688.96,0.168788
850.749,0.0850097
1216.8,0.121563
1311.48,0.131029
1546.76,0.154592
886.876,0.0883151
15563.5,1.55482
899.013,0.0898955
6614.21,0.659558
1330.56,0.132941
1373.94,0.128937
1817.95,0.181755
996.339,0.0995911
4137.31,0.413448
617.078,0.0617009
1146.36,0.114181
1406.39,0.140359
717.961,0.0717932
12491.7,5.60913
1033.73,0.10325
569.122,0.0568845
3308.9,0.330582
854.963,0.0854326
863.973,0.0859435
897.123,0.0895023
763.023,0.0762941
4530.91,0.452894
1473.13,0.147289
1954.11,0.195245
613.54,0.0613473
2226,0.222499
907.957,0.0907939
1375.12,0.137471
810.725,0.0809807
2396.02,0.239436
1122.17,0.112153
14481,1.44514
3433.09,0.343132
366.162,0.0366112
2079.04,0.207609
866.57,0.086653
1140.81,0.114069
503.187,0.0503091
4074.24,0.406985
1323.53,0.132274
880.92,0.0879934
827.79,0.082724
2461.93,0.246167
4694.65,0.469314
13228,1.32098
763.144,0.0762822
2082.82,0.208198
2135.66,0.213326
1046.25,0.104614
1052.47,0.105236
1318.55,0.130594
892.582,0.0892478
2292.19,0.2291
761.79,0.0761624
2243.53,0.224136
895.202,0.0893053
1720.77,0.171388
2078.38,0.207789
887.983,0.088793
757.948,0.0757885
831.146,0.0830932
2684.19,0.268382
1889.7,0.188729
1219.09,0.121842
805.874,0.0805763
2190.83,0.218971
1124.97,0.112436
1707.9,0.170762
1106.56,0.11053
1336.64,0.131405
899.601,0.0890415
1859.23,0.185618
2420.96,0.242022
1542,0.154131
978.492,0.0978218
3405.37,0.340347
1121.98,0.112192
1530.84,0.153059
833.82,0.0833778
1733.74,0.173344
1963.74,0.182329
1099.35,0.109803
843.529,0.0843209
1116.65,0.111649
1408.53,0.140502
13033.6,1.28775
8019.63,0.801027
980.031,0.0979903
1876.9,0.187339
1313.43,0.131053
2211.31,0.220987
2318.23,0.231773
984.556,0.0984447
1265.27,0.126394
741.146,0.074099
1374.93,0.137479
931.589,0.0931216
1099.82,0.109778
2607.75,0.260223
776.2,0.0775906
1367.21,0.136668
1968.99,0.196868
1096.62,0.108284
1751.9,0.175161
1252.57,0.125236
3331.76,0.331526
2119.33,0.211875
1124.1,0.0873771
652.45,0.065241
3234.93,0.323425
9395.02,0.936883
2238.44,0.223805
539.706,0.0539696
1208.31,0.120794
851.663,0.0850973
1347.24,0.134664
1820.52,0.181921
3860.1,0.385368
686.727,0.068668
1385.17,0.138504
1084.89,0.108453
761.856,0.0761156
1519.83,0.151955
954.694,0.0954112
1672.94,0.167244
845.743,0.0845582
834.797,0.0834463
4480.14,0.447479
1164.69,0.116439
554.307,0.0553967
852.31,0.085135
1180.33,0.118012
670.864,0.0670677
3953.23,0.394864
1239.51,0.12382
559.063,0.0559043
751.78,0.075157
1386.88,0.138679
993.359,0.0993312
2917.54,0.291655
2102.64,0.210141
763.505,0.076088
1792.79,0.179255
752.254,0.0751246
1139.46,0.113927
1038.27,0.103806
1951.78,0.195114
1140.55,0.114031
2039.15,0.2038
1257.58,0.125741
947.832,0.0947458
1059.96,0.105989
1436.55,0.143569
935.966,0.0935796
1977.57,0.19764
1571.23,0.157091
1626.81,0.162602
1268.46,0.125716
3030.54,0.302954
1140.18,0.113992
1406.49,0.140583
1321.8,0.132135
1924.93,0.191995
1625.84,0.162478
1469.33,0.146597
835.98,0.0835521
2333.95,0.233375
1357.44,0.135692
1507.64,0.15071
3088.03,0.308784
920.915,0.0920896
1597.94,0.159768
2135.22,0.213459
1530.92,0.153053
1012.82,0.10123
890.056,0.0889556
1700.51,0.170016
2190.61,0.218898
1101.59,0.110142
2895.96,0.289537
1162.55,0.116203
6017.03,0.60047
1269.75,0.126876
1248.36,0.124789
1226.23,0.122015
1977.78,0.197717
777.886,0.077786
3396.93,0.339366
2228.75,0.222607
1268.97,0.126863
3727.66,0.372421
998.582,0.0998478
769.874,0.0769819
1430.42,0.143017
1212.61,0.121234
1153.2,0.115252
3757.22,0.375556
3071.66,0.305644
2178.5,0.217685
655.06,0.0655019
1981.49,0.198094
1134.2,0.113328
1892.9,0.189262
725.385,0.0725305
872.097,0.0871957
885.51,0.0884746
1495.78,0.149436
2722.05,0.271957
668.555,0.0665216
977.349,0.0977261
1312.22,0.129676
1866.04,0.186516
1618.55,0.161844
1644.31,0.164355
1932.18,0.193099
857.742,0.0857374
662.748,0.0662588
667.59,0.0667207
920.562,0.0920503
1479.04,0.147857
1195.85,0.119474
4264.28,0.425416
2190.54,0.219046
660.719,0.0660043
748.961,0.0748769
3530.46,0.352793
1121.79,0.112048
773.996,0.0773548
1092.05,0.109074
1226.72,0.122662
1028.9,0.102886
971.456,0.0971326
1254.67,0.125401
2594.08,0.259315
2353.12,0.235251
2348.42,0.23431
791.889,0.0791145
1104.13,0.110397
524.169,0.0523931
836.661,0.083637
855.152,0.0854713
738.336,0.0737957
1120.22,0.111973
2110.14,0.210751
703.69,0.0703552
1497.41,0.14973
760.78,0.0760735
1134.42,0.113267
1355.93,0.135402
1113.65,0.111355
1076.28,0.107606
905.066,0.0903743
4123.26,0.412127
743.317,0.0743154
1451.1,0.144839
1576.83,0.157638
749.442,0.0748817
952.818,0.0950337
1082.71,0.108255
1681.41,0.167439
8071.06,0.806184
1379.91,0.137983
1970.32,0.197005
775.679,0.0775568
1924.97,0.192333
1114.35,0.111415
1579.86,0.157947
988.917,0.0988284
1136.4,0.113533
1086.56,0.108619
651.242,0.064546
660.233,0.065995
1561.77,0.156159
22934.8,2.28274
946.503,0.0946405
926.677,0.0926595
594.627,0.0594429
989.259,0.0978868
2178.98,0.217698
949.499,0.0948982
1548.16,0.154801
6610.44,0.660289
890.694,0.0890393
1086.53,0.108535
783.023,0.0782875
755.307,0.0755241
2894.35,0.289094
794.839,0.0793948
1025.85,0.102567
909.233,0.0908656
5021.99,0.500979
2189.03,0.218744
1001.36,0.0993408
2601.41,0.259898
2473.64,0.247334
937.519,0.093735
1250.08,0.124933
4688.38,0.4686
2895.02,0.289423
783.35,0.0783247
1035.7,0.103563
859.789,0.0859186
1288.62,0.128825
1461.26,0.146103
983.69,0.0983425
801.568,0.08015
1153.12,0.115234
2435.88,0.243471
2103.41,0.210335
1836.56,0.183558
8011.73,0.800349
1394.16,0.139179
1288.65,0.127894
2343.28,0.234263
1314.77,0.13145
1518.51,0.151803
3537.9,0.353387
1177.8,0.117771
802.858,0.0802625
1876.6,0.18198
1147.27,0.114689
1039.36,0.103927
1151.88,0.115171
2126.53,0.212104
1298.45,0.129838
787.529,0.0785325
1562.33,0.15614
1195.49,0.119501
1020.6,0.102048
2714.78,0.271297
1137.41,0.113735
1795.05,0.179199
923.333,0.0922674
1112.46,0.11122
1573.2,0.15721
1700.98,0.170028
1878.33,0.187734
3929.3,0.392777
1522.5,0.152167
982.254,0.0981023
1697.22,0.169642
2462.32,0.246098
1080.27,0.107759
945.11,0.0944932
1092.46,0.109144
959.79,0.0959676
1125.84,0.112521
1200.2,0.119852
1613.49,0.161235
2280.85,0.228066
796.532,0.0796473
2500.25,0.249849
1804.6,0.180288
913.075,0.0912909
1019.56,0.101859
2049.3,0.204851
1523.03,0.151963
5128.58,0.512711
1034.8,0.103475
2917.68,0.29152
1391.6,0.139052
1312.82,0.131121
828.461,0.0828205
741.241,0.0740747
536.654,0.0533934
1087.28,0.1087
1503.99,0.150345
1014.59,0.101414
9594.43,13.5657
2284.93,0.228409
1915.88,0.191494
1438.45,0.143733
1641.86,0.164171
835.158,0.0835035
657.891,0.0657307
871.473,0.087141
994.059,0.0993735
1081.8,0.108117
1674.04,0.167381
1023.97,0.101693
1036.68,0.103602
1236.91,0.123648
1048.5,0.104842
3164.71,0.3163
1383.6,0.138317
1767.73,0.176513
1900.42,0.189744
726.852,0.0726794
1007.83,0.100753
3212.04,0.320988
3793.46,0.379128
3900.3,0.389882
382.885,0.0382862
1171.1,0.117086
1468.02,0.146781
1120.62,0.112024
595.986,0.0595978
1476.14,0.147528
1358.03,0.135696
1588.39,0.158813
1401.47,0.140133
3588.43,0.358511
668.474,0.0668172
1147.44,0.114725
1138.9,0.112841
5679.37,0.567651
2207.76,0.22074
1076.03,0.107585
1191.5,0.119148
1051.37,0.105016
5092.38,0.508076
1032.51,0.103237
1113.33,0.111132
1167.96,0.116744
1337.16,0.132123
905.836,0.0905333
1365.72,0.136494
3198.04,0.31972
1851.95,0.185163
742.841,0.0742112
556.776,0.0556484
1327.37,0.132709
1558.58,0.155534
786.032,0.0785978
1425.41,0.142536
947.354,0.0946765
478.128,0.0477727
2098.32,0.209654
2409.14,0.240731
1802.29,0.180192
861.85,0.0861209
492.073,0.0492051
1014.88,0.101454
743.068,0.0742329
1467.62,0.146754
2713.66,0.271086
680.448,0.0680192
1267.09,0.126648
749.913,0.0749665
1526.24,0.152535
2420.7,0.241809
1484.07,0.148381
1035.55,0.103525
929.571,0.0929555
1128.29,0.112822
1508.69,0.15085
1551.12,0.15503
1888.08,0.188756
1968.46,0.196627
1984.18,0.198347
1678.92,0.16785
3406.7,0.340574
745.772,0.0745759
1139.76,0.113971
843.692,0.0843619
692.151,0.0690311
1934.53,0.193306
819.176,0.0818134
773.269,0.0773201
1161.74,0.116103
2317.12,0.231613
639.673,0.0639594
1585.88,0.158533
2067.82,0.205425
938.047,0.0937336
1209.33,0.120917
15945.4,1.58994
988.756,0.0988612
1709.08,0.170905
2700.58,0.269994
1310.14,0.130998
927.117,0.0926586
832.371,0.082918
913.091,0.0912844
657.948,0.0657723
3489.97,0.348746
1195.26,0.119505
2162.22,0.215927
1517.72,0.151666
815.256,0.0815164
1949.89,0.194023
4999.9,0.499079
1238.06,0.123768
1346.61,0.134653
2898.94,0.289396
3056.55,0.305586
1011.41,0.101137
769.766,0.0769383
875.472,0.0875073
1194.68,0.119396
1097.05,0.109671
1308.66,0.130833
870.56,0.0870463
1815.1,0.181179
1822.78,0.182156
945.083,0.0945008
1417.37,0.141635
596.758,0.0596487
1294.18,0.129416
552.689,0.0552619
1783.34,0.178252
1492.59,0.149146
1676.5,0.167599
1170.71,0.117058
19718.4,1.96612
831.187,0.0830993
692.027,0.0691961
2141.31,0.212381
1746.56,0.174561
2340.56,0.233845
651.625,0.0651439
1408.91,0.140813
1545.97,0.154586
1302.55,0.130199
3893.21,0.388369
832.026,0.0831801
3498.18,0.349781
1714.95,0.17148
2024.1,0.201989
965.577,0.0965469
1401.76,0.140015
1092.07,0.109194
1921.32,0.192025
2025.98,0.202543
1195.95,0.11957
687.005,0.0682797
1406.46,0.140607
815.67,0.0815504
2309.28,0.23085
2028.74,0.202427
1711.04,0.171064
6316.72,0.630081
1315.85,0.131418
1458.73,0.145805
438.743,0.0438731
797.555,0.0797533
1249.1,0.12481
2339.98,0.233795
711.538,0.0711274
1027.78,0.102725
1378.26,0.137812
1441.1,0.143997
2861.05,0.286064
688.29,0.0687749
897.712,0.0897267
966.873,0.0966569
981.452,0.0981266
3228.46,0.32255
1277.55,0.127687
1151.69,0.115152
4073.3,0.405232
2312.12,0.230816
886.128,0.0885459
677.87,0.0677848
882.248,0.0881462
3390.45,0.338653
1610.46,0.160938
1899.51,0.189929
882.023,0.088197
893.926,0.0893463
1065.85,0.106401
806.791,0.0806557
1154.32,0.115418
3453.58,0.344557
546.983,0.0546871
1281.53,0.128092
15792.4,1.56649
1029.21,0.102551
1809.01,0.147168
3322.56,0.329846
1792.06,0.179176
1609.69,0.160919
1457.59,0.145687
983.142,0.0981858
1063.89,0.106162
1264.62,0.126224
999.906,0.0998805
2884.9,0.28834
769.388,0.0769144
1227.24,0.122703
955.035,0.0954782
1589.12,0.158851
981.667,0.0981419
868.377,0.0868326
1113.53,0.111286
1300.23,0.129911
1085.48,0.108517
1291.26,0.129111
1368.83,0.136808
1495.48,0.149497
1509.46,0.150916
1603.11,0.160264
409.67,0.040919
910.947,0.091089
5447.75,0.544586
921.334,0.0920947
841.704,0.0841623
1808.22,0.180519
1034.48,0.103426
3161.36,0.315627
916.504,0.0915031
1770.09,0.176778
1306.12,0.130595
836.68,0.0836404
1173.39,0.117322
640.584,0.0639787
1472.44,0.146924
994.261,0.0994026
798.972,0.0798812
849.261,0.0849147
737.577,0.0736613
2230.71,0.223059
973.506,0.0973303
1059.23,0.105867
1185.45,0.11854
3035.3,0.303265
2053.85,0.20534
758.579,0.0756986
1105.42,0.110519
1863.77,0.182634
2019.85,0.201972
1570.05,0.156361
3084.95,0.308172
1611.86,0.161155
2069.45,0.206884
780.864,0.0780778
766.322,0.0765406
1859,0.179193
932.648,0.0932485
1159.56,0.115906
852.677,0.085255
965.385,0.0965218
4269.11,0.426656
1817.67,0.181749
3114,0.310455
909.943,0.0909585
1359.85,0.135943
1441.35,0.14395
705.85,0.0705701
709.28,0.0709216
2556.77,0.253676
4178.66,0.417051
401.925,0.040192
627.388,0.0625908
1778.91,0.177826
794.265,0.0794145
636.352,0.0636204
1265.11,0.126481
2799.43,0.279508
1571.38,0.15678
1325.51,0.129493
662.165,0.0662091
1164.86,0.116442
886.911,0.0886499
1035.88,0.103586
1397.48,0.139369
1607.36,0.159966
1904.46,0.19037
947.042,0.0947011
1076.16,0.107459
993.907,0.0993742
481.63,0.0481379
2703.54,0.27024
2035.51,0.203525
2995.22,0.29947
1032.44,0.103165
741.449,0.0741371
1619.36,0.161367
2061.29,0.206022
4080.8,0.407227
972.917,0.0972683
1877.25,0.187673
1524.76,0.152103
1568.42,0.156821
712.36,0.0712025
504.24,0.0504177
1008.76,0.100864
1250.04,0.124951
2210.77,0.220836
2807.93,0.280767
1075.21,0.107518
617.485,0.0617345
2604.99,0.2604
752.109,0.0748978
1894.93,0.189401
684,0.0683944
2069.95,0.206857
656.801,0.0656792
834.558,0.0833824
1543.43,0.1543
2483.52,0.248282
1103.13,0.109113
962.625,0.096257
1614.76,0.16145
1842.6,0.184244
796.809,0.0796654
876.385,0.0875042
1155.22,0.115508
1845.43,0.184509
1202.62,0.12025
1792.22,0.179163
856.118,0.0856081
1134.97,0.113453
1964.65,0.195924
3424.72,0.340433
616.082,0.0615323
1017.89,0.101757
1259.21,0.125819
1030.96,0.103091
2419.21,0.241628
1123.93,0.11239
4912.43,0.490093
658.285,0.0658022
1170.41,0.117033
1202.01,0.120187
1606.4,0.160571
792.078,0.0792062
928.553,0.0928478
1590.36,0.158749
1235.86,0.123519
1236.06,0.123514
854.237,0.0853996
1200.75,0.120044
553.77,0.0552834
699.48,0.0692724
8729.32,0.872791
770.084,0.0769642
2053.44,0.205281
818.031,0.0817719
625.894,0.0625599
988.105,0.0987878
1726.52,0.172611
1101.11,0.110061
1707.45,0.1707
1579.04,0.157751
2756.8,0.275637
1167.63,0.116711
2232.64,0.222961
1004.55,0.10033
1068.62,0.10684
1219.25,0.174074
1207.51,0.120648
1268.18,0.126749
706.057,0.0705955
1244.03,0.124374
2369.21,0.236902
3343.2,0.333267
2116.69,0.21121
678.926,0.0678891
824.225,0.0824046
1537.41,0.153687
1435.15,0.143422
874.313,0.0873634
911.977,0.0911702
1861.28,0.185822
992.175,0.0990379
2485.87,0.248486
1481.26,0.147985
718.497,0.071827
2042.43,0.203994
4718.76,0.471125
1840.34,0.183752
838.709,0.0838246
18538.8,1.84273
1289.86,0.128981
18648.9,1.86366
1275.3,0.127485
411.785,0.0411665
5925.01,3.58193
903.323,0.0903203
952.577,0.0951782
2048.73,0.20479
888.576,0.0887794
800.466,0.0800114
1327.01,0.132671
2023.11,0.20201
716.672,0.0716621
4921.85,0.491207
931.724,0.0931356
1634.32,0.162953
1268.28,0.126816
9617.21,0.961025
1323.28,0.132192
1664.38,0.166371
1108.09,0.11076
3246.43,0.324271
2068.39,0.206343
675.207,0.0675032
1793.03,0.178619
1967.63,0.196626
1043.07,0.103127
706.56,0.0706456
1788.25,0.178675
5872.06,0.586727
1477.08,0.147676
1620.63,0.162038
2000.06,0.199733
1734.04,0.173052
760.773,0.0760225
1362.37,0.136216
1130.18,0.113005
1163.25,0.116303
987.212,0.0986702
707.442,0.0706862
1084.37,0.108431
1321.86,0.132093
1595.95,0.159578
4984.23,0.497719
1246.6,0.124633
1818.42,0.181788
1025.24,0.102236
1071.62,0.107147
896.41,0.089638
1014.61,0.100724
1063.11,0.106294
1122.71,0.112102
1642.42,0.164096
1565.8,0.156561
1146.9,0.11464
544.895,0.0544671
2726.91,0.272603
1980.76,0.197956
880.262,0.0879978
1286.47,0.128308
1282.76,0.128204
4001.41,0.399922
1590.85,0.158464
1341.87,0.132855
509.188,0.0509178
1068.2,0.106806
1530.36,0.152702
3418.43,0.341757
1710.95,0.170717
5727.49,0.572151
3221.85,0.321858
629.894,0.062945
827.217,0.0827177
1322.27,0.131743
799.542,0.0796287
853.272,0.0853256
676.372,0.0675784
1251.08,0.124748
1768,0.176719
8273.45,0.816727
3615.26,0.361197
1867.43,0.186347
926.299,0.0926244
941.876,0.0941066
1574.52,0.157392
2307.27,0.230646
1028.53,0.102749
1024.85,0.10248
1544.89,0.154173
1066.8,0.106663
3600.6,0.359766
1268.41,0.12681
3499.32,0.34981
1008.4,0.100752
849.086,0.0848504
1312.84,0.131267
2395.73,0.239389
6300.11,0.628207
852.386,0.0852324
1273.5,0.127297
1623.84,0.162154
992.009,0.0990462
1805.32,0.180498
1111.36,0.110761
1669.48,0.166828
1906.86,0.189873
1227.56,0.122735
727.596,0.0727377
936.269,0.0936029
1041.85,0.104074
1109.32,0.110882
1097.62,0.109734
1313.84,0.131296
1416.88,0.141679
1244.82,0.124314
1472.65,0.147233
728.846,0.0728283
870.301,0.0869792
1319.74,0.131957
964.759,0.0964383
3574.21,0.357233
3968.17,4.23506
2073.29,0.207318
5690.07,0.568254
1338.6,0.133755
4027.17,0.402011
1657,0.165613
1341.15,0.13393
1238.5,0.123838
1235.77,0.123511
963.08,0.096281
1434.45,0.143212
1110.52,0.111016
880.979,0.0879428
1913.51,0.191321
755.024,0.0754938
1026.49,0.102369
3806.02,0.380408
608.921,0.0608614
1067.08,0.10651
728.206,0.0728158
941.214,0.0940171
1059.71,0.105957
1088.38,0.108786
3201.97,0.319848
1583.6,0.158117
1471.18,0.146855
1428.18,0.141662
5595.05,0.544023
1894.08,0.189267
1630.75,0.162902
1997.92,0.199717
1483.81,0.14836
1342.98,0.134287
712.941,0.0712736
1071.67,0.107142
1172.48,0.115413
872.402,0.0872122
1022.71,0.102244
2123.95,0.212389
2128.38,0.212446
1499.89,0.149744
976.988,0.0976204
768.454,0.0768342
3722.68,0.371509
596.909,0.0595726
892.386,0.0892294
1430.62,0.143032
1484.18,0.148247
740.348,0.0740108
1216.6,0.121476
1940.96,0.194035
1670.44,0.164854
818.886,0.0818424
1214.95,0.121475
833.069,0.0828841
1839.38,0.183873
2341.81,0.233898
1365.28,0.135115
884.294,0.0884182
1076.98,0.107605
897.406,0.0896763
1092.23,0.109217
2564.76,0.256406
2111.02,0.211028
1494.79,0.149447
965.842,0.0965784
1068.26,0.106784
1116.53,0.111535
2919.17,0.291883
803.05,0.0796983
1062.46,0.106188
742.337,0.0742102
3158.23,0.315771
1098.97,0.109845
916.339,0.0916057
991.324,0.0991212
1524.25,0.152397
886.928,0.0886401
696.697,0.0696601
2069.56,0.206778
995.571,0.0954574
3801.46,0.379973
1504.06,0.150388
691.292,0.0691282
1024.9,0.102247
583.706,0.0583697
1041.05,0.104066
623.707,0.062345
980.035,0.0979949
13182.5,1.31536
1020.93,0.102002
1157.26,0.115709
17341.2,1.72191
2194.79,0.219365
1498.07,0.149767
948.395,0.094778
789.862,0.0789796
1760.24,0.175833
1306.85,0.13057
3378.61,0.337388
1758.51,0.175797
1223.95,0.122368
1131.76,0.113142
540.046,0.0539983
573.57,0.0573561
966.225,0.096605
742.369,0.0742303
928.532,0.0928114
685.976,0.0685232
872.549,0.0872442
1364.37,0.136356
967.387,0.0967337
728.049,0.0727635
14980.8,2.89739
1804.55,0.180271
1967.78,0.196731
547.752,0.0547664
1233.06,0.12328
3297.56,0.329607
1183.24,0.11827
654.417,0.0652016
1736.85,0.173676
797.257,0.0796914
1602.08,0.15993
3052.8,0.304977
1635.67,0.163503
913.414,0.0913095
756.142,0.0755859
993.806,0.0993313
3501.66,0.348629
1194.42,0.119421
4031.49,0.401947
1381.02,0.137981
1018.82,0.101654
2614.68,0.261336
926.567,0.0924007
26014.7,2.58493
2542.6,0.25418
919.02,0.0918978
1176.35,0.11712
1216.85,0.12143
713.572,0.0713449
3418.52,0.341547
1550.63,0.155018
901.972,0.0901137
3398.9,0.339542
735.265,0.0735163
753.633,0.0753542
1607.9,0.160731
1046.96,0.104687
827.373,0.0827309
1271.84,0.127182
751.655,0.0751595
1286.83,0.128677
1733.17,0.173134
804.896,0.0804532
4662.39,0.465036
1472.74,0.147265
1077.74,0.107587
1642.84,0.164271
1399.95,0.136668
866.919,0.0866371
790.49,0.0788201
1004.61,0.100379
565.744,0.0565136
1407.1,0.140674
1587.75,0.158734
8751.63,3.48561
827.222,0.0827101
1023,0.102284
1155.33,0.11551
777.953,0.0777733
857.206,0.0857015
17532.3,1.73938
1072.84,0.10724
980.739,0.0980422
1396.26,0.139445
953.026,0.0952957
895.527,0.0895455
3334.16,0.33323
5495.1,0.548354
942.757,0.0942131
885.027,0.0884919
592.991,0.0592687
1014.71,0.10141
1487.04,0.148692
1112.31,0.111181
741.13,0.0740923
1961.21,0.196059
1017.84,0.101746
2537.43,0.253711
1119.84,0.111943
625.581,0.062507
847.924,0.0847718
1063.41,0.106178
1483.38,0.148297
890.303,0.0890238
1114.84,0.111259
1604.17,0.160363
1696.87,0.169619
956.258,0.095584
1853.88,0.18536
17124.9,1.70563
842.741,0.0842262
1243.94,0.124335
6249.69,0.623965
783.615,0.0783589
3561.79,0.355776
1167.57,0.116295
1217.09,0.120463
1418.53,0.141534
1278.1,0.127729
487.335,0.0487177
11390.5,1.13699
1117.89,0.111687
1029.4,0.102912
759.881,0.0759847
1159.6,0.115927
818.584,0.0817903
858.136,0.0858011
932.722,0.0932683
711.067,0.0710922
1055.96,0.105305
753.8,0.0753694
828.756,0.0828533
1488.4,0.148801
1481.33,0.147761
478.89,0.0478753
735.861,0.0735655
892.074,0.0885534
3242.47,0.321658
966.416,0.148927
2695.77,0.269552
1366.98,0.136568
832.87,0.083272
1459.94,0.145839
682.324,0.0681753
1452.36,0.145195
873.169,0.0872923
795.5,0.0795437
2244.86,0.224118
4477.7,0.446793
1373.91,0.137384
2049.38,0.204796
3562.12,0.355651
1341.13,0.133919
817.121,0.0816003
660.313,0.0660096
1126.85,0.112668
989.762,0.0989668
2513.08,0.250908
1847.48,0.184643
1973.7,0.196382
670.037,0.0669565
2640.3,0.263986
1139.91,0.113983
1413.91,0.141364
1112.89,0.111184
875.616,0.0871549
1283,0.127805
937.926,0.0937722
700.197,0.0699852
954.727,0.0954621
1064.07,0.106331
872.343,0.0872227
2048.98,0.204758
1069.25,0.106664
1026.4,0.102611
958.257,0.0958145
1017.95,0.10178
739.33,0.0739029
1029.57,0.102857
3411.7,0.402484
2059.84,0.205456
815.681,0.081494
1511.4,0.151083
2637.42,0.261981
641.524,0.0641092
3141.06,0.313849
1029.37,0.102795
2132.77,0.213196
1015.31,0.1015
689.979,0.0688529
1322.29,0.127954
1174.97,0.117479
1577.47,0.157675
2216.61,0.220207
1225.7,0.122536
983.452,0.0983305
3417.03,0.341538
1027.51,0.10271
784.295,0.078407
1570.47,0.156984
1229.46,0.12288
1779.69,0.177844
4749.33,0.472756
1520.67,0.152031
1554.02,0.155329
25230.7,2.50634
1431.85,0.143096
1977.12,0.197541
1426.05,0.142574
1665.52,0.166548
1088.43,0.108788
4929.05,0.492594
925.262,0.0924151
1945.99,0.194482
1055.43,0.105518
2069.49,0.206911
1540.68,0.153897
1956.07,0.195535
1296.02,0.129511
1459.64,0.145954
9543.77,0.951004
1099.04,0.109896
2918.67,0.291824
1372.56,0.137247
758.105,0.0757792
791.784,0.0790796
2131.26,0.212897
1049.13,0.104908
1699.87,0.169871
1590,0.158923
678.385,0.0678308
2547.06,0.254563
2670.97,0.217548
727.361,0.072731
587.488,0.0587094
3895.88,0.389327
891.874,0.0891769
484.663,0.0484549
759.981,0.0758979
1307.55,0.130735
1387.17,0.138708
2527.02,0.252554
1047.85,0.104764
1648.56,0.164586
2640.27,0.263942
1569.7,0.144376
1075.46,0.107521
823.314,0.0823025
1080.03,0.107669
908.691,0.0908583
1047.69,0.104722
1155.1,0.115445
1063.82,0.106374
748.61,0.0747957
3602.99,0.360113
593.544,0.0593353
623.409,0.0623293
912.91,0.0912802
1197,0.119695
793.862,0.0793031
1504.44,0.150323
866.112,0.0865185
674.304,0.0674135
1022.43,0.102147
933.716,0.0933436
1155.84,0.115562
1033.24,0.103249
1224.36,0.122426
1288.07,0.128721
972.558,0.0972389
755.491,0.0755372
834.547,0.0834361
4380.93,0.437974
19374.4,1.92012
2399.53,0.239781
777.585,0.077751
1528.02,0.152763
1394.48,0.139412
1357.24,0.13542
1685.39,0.168514
1702.34,0.169999
1155.5,0.115532
1579.46,0.157777
1729.79,0.17275
1919.8,0.191792
977.032,0.0976851
2760.24,0.275838
718.855,0.0718737
1292.32,0.129191
1351.46,0.13496
1407.63,0.140695
570.205,0.0570141
1210.14,0.120869
1078.92,0.107866
1298.76,0.129856
905.028,0.0904603
800.132,0.0799762
958.294,0.095825
1278.85,0.127845
1629.67,0.161865
967.517,0.0967357
958.325,0.09574
2418.7,0.241272
1473.11,0.147284
2726.43,0.272521
1355.56,0.135444
2177.07,0.217507
9452.34,0.944765
1105.86,0.109788
2026.52,0.202429
1519.84,0.151972
931.948,0.0931244
2282.36,0.228195
784.884,0.0774069
642.787,0.0642718
2770.96,0.277046
550.516,0.0550359
3551.11,0.355079
836.725,0.0836666
1267.67,0.12674
752.117,0.074973
1762.69,0.176223
1715.21,0.171416
2553.9,0.25524
1442.08,0.144029
1356.66,0.135311
2150.08,0.213464
595.282,0.0593915
1784.52,0.178369
1128.76,0.112834
2193.49,0.219117
990.882,0.0990257
770.941,0.0770742
889.32,0.0887256
956.583,0.095647
1072.15,0.107094
902.09,0.0901938
1045.64,0.104514
1629.45,0.162516
2397.27,0.239278
845.672,0.0845412
912.009,0.0911277
3313.7,0.230386
2428.76,0.212526
949.326,0.0949147
1550.33,0.15625
1033.81,0.103305
1852.27,0.185202
1537.03,0.152912
19044.9,1.89352
4200.85,0.418553
1231.75,0.123079
1550.58,0.154938
1321.93,0.132189
1942.62,0.194255
6587.33,0.654217
1701.57,0.1698
2006.78,0.200616
6081.29,0.607484
1472.71,0.147192
888.459,0.0888362
1858.09,0.185736
666.806,0.0666072
1450.13,0.144211
1387.69,0.138666
457.505,0.0457478
3750.5,0.374529
1235.01,0.123482
962.498,0.0962064
2341.03,0.234056
1062.64,0.106259
839.966,0.0837756
1127.38,0.112657
997.009,0.0996886
1696.61,0.169622
740.957,0.0740144
580.371,0.0580068
1599.02,0.159885
976.676,0.0976566
3749.21,0.374636
1241.22,0.124062
1928.44,0.192841
836.405,0.0836282
1372.75,0.137097
1569.71,0.156857
873.959,0.0870572
1143.51,0.114191
1539.54,0.153851
1286.6,0.125529
1632.43,0.16323
1646.92,0.16465
954.397,0.0953318
1008.09,0.100779
557.177,0.0557155
2012.35,0.201185
1743.23,0.174319
2080.67,0.207817
1493.85,0.149045
911.125,0.0911047
738.582,0.0737774
3720.12,0.371968
834.924,0.0833741
1350.77,0.134836
5615.75,0.515572
1007.98,0.100796
872.801,0.0872709
1451.19,0.145094
629.89,0.0624284
1766.11,0.176561
887.173,0.0887115
2798.44,0.274949
1373.9,0.137373
1116.93,0.111676
1072.2,0.106794
884.421,0.0882729
910.708,0.0910339
717.853,0.0716847
1006.6,0.100647
681.795,0.06812
3201.07,0.320049
2281.88,0.228137
1225.74,0.12256
923.016,0.0922419
549.706,0.0549682
1298.62,0.129803
1494.75,0.136125
1778.86,0.177853
2374.97,0.237367
882.496,0.0881894
1447.9,0.144782
3286.45,0.328511
2265.5,0.226481
2292.1,0.224213
1157.28,0.11572
915.867,0.0915837
938.88,0.0938654
672.537,0.0672322
1432.85,0.143224
1070.93,0.107089
1193.96,0.11934
1231.32,0.123115
764.602,0.0764593
1053.66,0.105365
1304.7,0.130422
659.328,0.0659312
1092.72,0.10895
1060.77,0.106043
2902.58,0.290232
595.636,0.0595058
1050.16,0.105004
2029.03,0.202754
969.316,0.0969032
757.451,0.0754279
1200.79,0.119713
1111.27,0.111115
1121.48,0.112132
1846.3,0.184561
756.594,0.0756477
941.088,0.0939968
1013.17,0.101204
488.739,0.0488491
2515.58,0.251383
700.066,0.07
2715.6,0.271398
1158.41,0.11581
4770.7,0.476996
2332.68,0.233182
1232.07,0.12318
343.933,0.0343928
1156.48,0.115484
953.468,0.0953421
617.427,0.0617285
970.24,0.0969936
2654.99,0.26501
6877.68,0.687651
2340.74,0.233808
643.283,0.0637297
782.938,0.0782826
1002.81,0.100231
978.916,0.0978779
2150.66,0.21494
1226.62,0.122611
799.793,0.0799082
1531.44,0.153136
544.617,0.0544591
968.497,0.0968352
1287.91,0.128781
1275.9,0.127496
978.644,0.0978377
1326.19,0.132603
2336.6,0.233295
8101.12,0.809926
1094.08,0.109397
1838.1,0.183587
886.912,0.0886765
2258.14,0.225685
1153.84,0.115373
738.319,0.0738291
1409.15,0.140667
5544.31,0.553973
1105.98,0.110562
1541.15,0.154012
1120.03,0.111979
756.697,0.0756234
3561.09,0.355995
1033.01,0.103247
1069.37,0.106882
710.753,0.0710483
1987.49,0.198701
2281.51,0.227443
13240.2,3.37784
824.746,0.0824466
1528.12,0.152228
1121.23,0.111999
1004.26,0.099982
1897.63,0.189717
2280.71,0.228025
602.679,0.0602535
1960.47,0.196022
1465.72,0.146525
1566.55,0.156593
1201.16,0.120076
1939.21,0.193815
1894.8,0.189373
768.783,0.076837
1127.47,0.112552
844.121,0.0844016
2696.52,0.269593
1039.51,0.10395
2587.81,0.258765
1995.99,0.19946
1343.39,0.134022
907.591,0.0906096
1849.54,0.184921
1150.19,0.114108
1074.73,0.10736
2312.03,0.23098
436.026,0.0435909
1765.83,0.175937
3298.2,0.329231
2997.42,0.298929
11262.5,1.12584
1250.54,0.125035
4097.17,0.409497
1237.41,0.123731
751.107,0.0751031
3188.38,0.318695
887.216,0.0887053
1963.25,0.196267
2075.09,0.207188
785.816,0.0785518
977.94,0.0977854
1554.95,0.155439
1818.79,0.181564
1112.91,0.111254
900.269,0.0900189
1574.85,0.157453
527.267,0.052707
1803.13,0.180298
1324.88,0.132445
2515.05,0.251386
2069.57,0.206731
2241.46,0.223988
1779.98,0.177763
968.682,0.0968646
759.761,0.0759327
962.283,0.0962184
1071.73,0.106997
1583.93,0.158289
1015.5,0.101334
1732.73,0.173252
1032.34,0.103179
1336.96,0.132204
897.231,0.0896748
1124.14,0.112392
6526.72,0.651809
468.23,0.0467255
696.579,0.0695775
2106.08,0.210551
673.131,0.0672948
1270.46,0.127026
1354.62,0.135415
3416.59,0.341419
1690.28,0.168975
1082.21,0.108166
1784.23,0.178396
1137.13,0.113689
1104.6,0.110421
7454.63,0.743456
1388.51,0.138776
3856,0.386624
1000,0.0999088
1059.62,0.105941
1954.19,0.195304
870.56,0.0869992
1760.71,0.175757
1152.2,0.115199
1232.87,0.123251
1141.49,0.114102
440.567,0.044039
1161.07,0.116043
763.363,0.0763306
1376.25,0.137559
1462.84,0.146269
2024.48,0.202077
1736.77,0.17361
690.847,0.0690565
2431.83,0.242915
1905.11,0.19041
580.202,0.0579297
854.612,0.0853308
731.654,0.0731437
2288.56,0.208046
3041.47,0.303766
1700.72,0.170004
946.12,0.0946075
1373.49,0.137329
1697.43,0.169732
1183.16,0.118306
1101.35,0.110124
1114.71,0.111399
942.176,0.0941773
2519.12,0.251781
690.785,0.0690373
949.56,0.0948391
1701.99,0.169566
1192,0.119186
654.095,0.065399
825.085,0.0824775
703.819,0.0703619
1555.79,0.15549
726.575,0.0726566
2777.31,0.136235
670.443,0.0669783
2595.5,0.259472
936.292,0.0935872
880.037,0.0877621
1048.89,0.104878
1203.26,0.120297
572.665,0.0572627
943.884,0.0942924
990.54,0.0988504
675.892,0.0675871
853.844,0.0853712
820.394,0.0820182
5428.57,0.541718
820.672,0.0820386
1531.2,0.153075
7223.81,0.721507
2017.01,0.201619
1099.8,0.109893
822.872,0.0821698
1112.85,0.11124
2772.35,0.276697
703.522,0.0703096
2941.51,0.294031
940.136,0.0939865
1213.44,0.121291
1722.89,0.171979
1264.2,0.125827
647.665,0.0647625
4539.67,0.453556
1900.47,0.189902
872.327,0.0871435
1337.29,0.133703
1853.91,0.182009
2053.76,0.205326
817.291,0.0815126
729.199,0.0729152
740.085,0.0739254
1763.63,0.175574
1649.65,0.164918
1309.43,0.130676
697.62,0.0697467
2605.53,0.260532
2451.61,0.244982
2263.02,0.226146
901.879,0.0901496
1301.01,0.129991
1094.82,0.109428
986.233,0.0983574
3228.22,0.322704
1361.94,0.136033
1356.71,0.135654
945.965,0.0942514
1637.67,0.163708
1938.45,0.193481
1936.96,0.193589
1601.87,0.160131
765.737,0.0747581
807.3,0.080624
988.21,0.0985363
1532.08,0.153077
901.021,0.0900988
747.596,0.0747528
3839.6,0.383739
1131.03,0.113066
1095.98,0.105523
624.494,0.062447
1300.26,0.129867
1184.01,0.118383
1449.52,0.14493
1208.57,0.120838
1294.62,0.129376
735.184,0.0733699
712.46,0.0711179
1145.84,0.114479
1012.87,0.101228
2261.01,0.225806
1677.32,0.16712
1229.3,0.11551
998.497,0.0995287
1116.95,0.111533
764.476,0.0763888
582.316,0.0581891
3070.37,0.306971
2638.76,0.263804
905.105,0.0903751
1006.72,0.100663
1000.77,0.0999993
1005.95,0.100591
1171.68,0.117135
1026.79,0.102448
4491.7,0.449096
1006.7,0.100645
879.039,0.0877589
1727.63,0.134953
804.802,0.0804541
4362.6,0.435421
1442.6,0.144234
1177.54,0.117669
871.801,0.0871325
1163.8,0.116361
1983.74,0.198319
976.748,0.0976662
1737.62,0.173607
1029.07,0.102903
1040.8,0.104057
686.794,0.0686775
3738.24,0.373593
1260.25,0.192497
9271.85,0.92686
780.353,0.0775162
2777.47,0.277548
861.106,0.0814251
1203.92,0.120295
2261.45,0.226046
719.954,0.0719939
1057.9,0.105771
932.371,0.0932091
2652.73,0.265134
845.647,0.0845601
961.314,0.0961109
2318.31,0.231807
671.767,0.0671707
777.206,0.077038
1805.09,0.18042
938.46,0.0938283
1414.4,0.140419
1529.56,0.151902
788.52,0.0788421
730.867,0.0730465
627.849,0.0627793
3579.14,0.35757
2178,0.217535
1134.62,0.113436
914.898,0.091485
1049.23,0.104903
819.124,0.0819084
1274.04,0.127398
1810,0.180916
1405.62,0.140414
818.437,0.081813
1093.9,0.10925
1139,0.113896
1641.74,0.164143
977.024,0.0976805
1224.61,0.121674
2311.83,0.230908
1004.83,0.100477
2601.41,0.26011
1395.53,0.139424
1319.49,0.131873
666.534,0.0666485
1114.96,0.111446
1179.87,0.117794
2936.45,0.293097
544.906,0.0544232
1136.64,0.113646
796.902,0.0796766
990.594,0.0990442
1666.75,0.166624
860.727,0.0860707
1093,0.109276
2129.82,0.2129
955.688,0.0954816
824.308,0.0823511
9734.1,0.972295
1312.81,0.131218
1094.72,0.109445
978.841,0.0976115
3085,0.308445
1387.43,0.138719
1005.36,0.10051
1850.94,0.184728
493.748,0.0493739
1312.46,0.130908
739.897,0.0739401
1312.96,0.131232
1699.93,0.169963
1750.32,0.174985
533.3,0.0532535
974.549,0.097369
1072.36,0.107087
1200.69,0.120053
785.262,0.0784771
967.216,0.096715
2024.3,0.202406
1242.84,0.124233
1044.11,0.10437
1991.3,0.199047
1213.63,0.121345
1006.22,0.100612
1057.37,0.105732
3248.25,0.324673
761.769,0.0761652
1815.76,0.181564
1560.64,0.155468
1099.69,0.109947
642.149,0.0641257
699.982,0.0699697
1144.74,0.11445
5807.96,0.580357
794.325,0.0791412
552.646,0.0552405
748.525,0.074833
1220.19,0.121928
819.806,0.0819642
1272.55,0.127108
2340.35,0.188646
1849.32,0.184909
1235.54,0.123511
2360.02,0.235956
2033.99,0.203355
1153.31,0.115285
1742.8,0.174171
922.92,0.0922737
743.048,0.074283
1043.91,0.104221
908.937,0.0908918
1042.62,0.104239
4185.33,0.418267
545.912,0.054549
1129.12,0.112855
1230.38,0.12303
826.087,0.0825092
1704.33,0.170425
2304.79,0.230186
1227.48,0.12264
800.518,0.0800402
1108.96,0.110847
552.396,0.0552178
8000.56,0.797978
1908.63,0.189727
935.814,0.0935623
1409.02,0.140865
835.706,0.0835417
894.441,0.0893812
818.735,0.0818608
2372.45,0.236843
797.448,0.07974
1223.43,0.12228
1421.35,0.141875
2074.41,0.207306
1611.38,0.161098
831.648,0.0825217
1553.08,0.155258
1016.25,0.101621
629.676,0.0629651
657.045,0.0656896
1149.19,0.114895
978.686,0.0978497
888.791,0.0888739
1299.11,0.129677
887.702,0.0887629
700.674,0.0700524
714.579,0.0713966
661.819,0.066157
2485.12,0.248286
4578.24,0.457629
882.472,0.0882311
353.239,0.0353223
1197.26,0.11972
1342.88,0.13414
3186.54,0.318422
1443.82,0.144198
1028.98,0.102896
1650.82,0.165044
1027.43,0.103978
1061.29,0.105671
788.876,0.0788575
974.21,0.0973935
1027.38,0.10259
1256.89,0.125124
3806.63,0.380563
1072.97,0.106842
944.422,0.0944153
434.497,0.0434478
1250.89,0.124954
1307.85,0.130409
1189.44,0.11891
799.821,0.0799636
1019.84,0.101852
1992.62,0.19917
1353.09,0.135277
1709.61,0.170827
1109.16,0.110845
992.249,0.0992179
1378.49,0.137809
1043.87,0.104214
7569.13,0.756199
2223.08,0.222153
2384.31,0.237836
3584.8,0.358146
790.459,0.0790361
817.985,0.0817386
1384.65,0.138367
894.003,0.0893862
584.684,0.058402
1656.67,0.165584
1662.78,0.166167
833.664,0.0831554
759.572,0.075914
1070.3,0.106977
919.621,0.0919572
1314.27,0.130859
4072.14,0.406697
1051.3,0.103184
1426.96,0.14264
1236.61,0.123541
1815.19,0.181503
504.716,0.0504617
1261.61,0.12554
4604.96,0.460198
2728.94,0.272842
862.145,0.0862048
1127.87,0.11278
634.534,0.0634411
1602.83,0.160251
1745.63,0.173883
1240.93,0.124062
1109.45,0.110873
15810.2,1.5762
3320.89,0.331967
1964.11,0.196144
1062.03,0.106153
2829.23,0.28117
1402.27,0.140096
784.015,0.0783249
1021.13,0.101997
842.511,0.0842462
451.877,0.0451836
1494.43,0.149324
2290.63,0.227761
1763.54,0.176318
1408.12,0.140791
1265.88,0.126582
1158.75,0.11582
1288.69,0.128714
2390.94,0.239084
1251.64,0.125085
3360.22,0.335813
1042.48,0.104233
2117.39,0.210924
517.186,0.0517013
1077.44,0.107196
854.862,0.0854829
11586.4,1.15614
1629.2,0.162791
1135.14,0.113346
3592.29,0.358259
619.729,0.0619646
1636.78,0.163652
2205.49,0.220408
719.268,0.0718539
6379.91,0.63359
781.296,0.0779548
1116.9,0.111679
1204.93,0.120483
1252.22,0.125206
1678.44,0.167817
3158.76,0.315799
820.697,0.0820589
2875.7,0.287366
1828.59,0.182595
935.635,0.0935062
1027.34,0.10267
1904.55,0.190398
1034.22,0.10342
1342.48,0.13418
1766.69,0.176476
802.182,0.080207
1225.79,0.122518
613.769,0.0609905
1698.94,0.169823
2698.73,0.269687
1185.39,0.118223
1606.08,0.160522
1162.58,0.116253
1015.32,0.101514
2327.09,0.232616
673.309,0.0673292
1280.2,0.127984
2708.73,0.270352
924.701,0.092442
2469.5,0.246737
840.413,0.0835573
501.086,0.0501008
1166.44,0.113929
1004.02,0.100378
568.517,0.0568458
791.983,0.0791714
1142.69,0.11422
1314.49,0.131425
944.585,0.0943885
1048.97,0.104849
1438.87,0.143633
659.687,0.0659485
618.44,0.061791
781.913,0.0780503
1236.84,0.123658
712.398,0.0712158
811.493,0.0803382
1055.5,0.105524
1456.66,0.14533
1336.55,0.133615
1307.9,0.130587
1113.16,0.111288
1214.88,0.121385
1354.65,0.135318
675.511,0.0674868
1366.59,0.136439
702.733,0.0702349
1411.98,0.141185
1337.3,0.133694
1159.36,0.115105
1175.58,0.117489
675.172,0.0674812
1688.03,0.168772
660.039,0.065986
2093.52,0.209254
977.399,0.0974457
3907.28,0.390396
850.093,0.0846686
926.824,0.0924467
1391.88,0.138838
1633.06,0.163237
1145.63,0.114543
830.024,0.0830008
612.307,0.0612031
1378.68,0.137816
1185.33,0.1185
1082.19,0.108204
744.581,0.0744358
985.805,0.0985594
876.303,0.0876292
1311.1,0.131012
1195.11,0.1195
1415.66,0.141513
1464.21,0.146366
2617.67,0.260343
2150.72,0.216621
743.269,0.0743261
1899.42,0.189904
871.419,0.0871094
1655.24,0.165155
2094.82,0.209439
794.649,0.0794593
4942.37,0.493448
626.088,0.0625818
947.721,0.0947452
2037.35,0.203729
512.436,0.0512379
548.548,0.0548538
616.251,0.0613834
896.484,0.0896254
2132.36,0.213041
945.165,0.0944673
526.717,0.0526646
2401.77,0.240111
939.126,0.0939089
3232.67,0.323236
1912.26,0.191084
830.414,0.0830266
832.8,0.083127
1330.82,0.132917
977.311,0.097695
695.09,0.0693666
2966.68,0.296661
864.066,0.0863669
972.171,0.0970457
16239.2,2.54926
994.892,0.0994355
1663.81,0.166349
844.848,0.0844769
1598.81,0.159864
11826.4,1.1818
697.352,0.0696008
949.617,0.094862
1800.76,0.179841
1704.23,0.170199
1002.52,0.099675
1320.61,0.132023
2674.19,0.265851
699.213,0.0699126
2707.78,0.270736
394.573,0.0394506
862.946,0.0862528
1108.18,0.11063
2333.24,0.233302
1824.55,0.182293
2434.29,0.243365
2015.48,0.200716
1400.05,0.139991
1058.43,0.10584
1121.03,0.111885
1302.71,0.130175
869.974,0.0869676
1213.37,0.121324
3396.06,0.33945
1516.94,0.151626
1387.47,0.138739
2267.3,0.226579
1290.09,0.128957
3037.91,0.303644
1059.15,0.105898
1668.13,0.166757
1856.06,0.185546
733.06,0.073265
2189.15,0.218366
484.791,0.0484547
1477.64,0.147417
839.01,0.083897
1661.35,0.166103
677.694,0.0677624
1119.49,0.111702
1284.6,0.128427
2326.1,0.232411
979.975,0.0979921
3053.48,0.305203
465.346,0.0465061
1506.56,0.150519
1690.43,0.169034
1993.68,0.199313
2864.52,0.286359
1473.9,0.147275
2045.19,0.204153
1089.36,0.108922
1391.71,0.139033
1645.92,0.166662
2105.13,0.210437
3309.81,0.333497
3050.22,0.304968
1791.67,0.179121
570,0.0569927
837.58,0.0836833
3057.99,0.305571
1244.79,0.124459
1725.21,0.172469
1790.83,0.178901
2129.61,0.21284
1554.27,0.15517
818.082,0.0817921
1159.61,0.115907
1427.79,0.142705
1026.82,0.102579
1776.39,0.176832
670.751,0.0670662
1913.48,0.191028
2174.89,0.217462
1642.37,0.163926
1062.78,0.106228
1197.65,0.119704
1480.24,0.148006
982.316,0.0980006
1318.77,0.13152
808.392,0.0808334
3665.94,0.365575
746.775,0.0746415
1294.85,0.129431
948.186,0.094814
1067.82,0.106751
1057.09,0.105638
1637.93,0.163514
652.141,0.0651816
1092.41,0.109232
1635.11,0.163492
868.235,0.0867793
833.116,0.0833072
883.441,0.0883426
634.527,0.0634508
1262.79,0.126271
961.999,0.0961833
732.804,0.0732634
1409.73,0.140847
779.057,0.077894
1961,0.195914
1076.95,0.107629
2063.29,0.206238
974.731,0.0974656
1206.04,0.120555
1783.29,0.178279
998.705,0.0997555
2298.7,0.22982
1051,0.10509
690.697,0.0690552
1291.7,0.129121
2923.42,0.29209
1964.89,0.196337
1245.72,0.124348
1001.58,0.100126
619.641,0.0619568
1806.25,0.180582
1626.8,0.162246
2019.19,0.201859
1138.69,0.113819
2815.11,0.277278
2596.78,0.259557
2327.24,2.24525
908.265,0.0908191
654.343,0.0654306
993.93,0.0993089
3186.6,0.318521
1384.41,0.138377
617.468,0.0617191
1906.67,0.190608
977.164,0.0976361
1461.7,0.146157
1091.23,0.109105
3441.87,0.34384
1027.43,0.102631
893.325,0.0893127
892.76,0.089232
1046.13,0.104437
1916.45,0.191626
1690.69,0.168949
2106.25,0.210596
2337.79,0.233561
8196.39,0.816554
587.821,0.0587795
572.417,0.0572396
1172.62,0.11714
5689.65,0.568413
1235.73,0.123529
1038,0.103746
1289.62,0.128801
1209.97,0.120637
933.369,0.0933262
775.244,0.0766336
2024.11,0.202286
953.107,0.0951933
927.301,0.0927177
533.342,0.0533323
957.482,0.0957018
1144.65,0.114329
1673.43,0.167315
1460.52,0.145548
1197.88,0.119685
1681.86,0.168107
2156.7,0.215615
934.86,0.0934632
1189.33,0.118883
2497.42,0.249597
1199.63,0.119907
820.818,0.0820378
1204.18,0.120401
1538.49,0.153651
17485.5,1.74517
923.61,0.0923065
680.71,0.0680178
2197.26,0.219573
1280.03,0.127934
3633.73,0.362875
947.756,0.094769
1577.36,0.157633
1626.47,0.162521
2634.39,0.263228
2282.86,0.225116
983.977,0.0982754
1425.46,0.141562
1213.8,0.121377
735.628,0.0735541
9524.95,0.946749
1309.45,0.130918
1973.23,0.197248
1224.27,0.122385
597.058,0.0597023
2221,0.222064
1719.65,0.171931
825.193,0.082455
2183.02,0.217871
1367.66,0.136295
799.46,0.0799162
1390.97,0.139092
675.223,0.0674824
1425.43,0.142069
8504.65,0.847196
3288.75,0.328309
1522.21,0.152149
898.041,0.0896854
913.561,0.0913463
989.19,0.0989126
2220.84,0.221908
5004.76,0.500215
636.128,0.0631196
4005.66,0.400286
901.001,0.0900921
892.345,0.0892204
1547.82,0.154753
1201.44,0.120019
3387.07,0.338594
1344.51,0.134434
780.909,0.0780379
774.254,0.0771998
1129.47,0.112908
988.377,0.0987843
1406.94,0.140645
1039.86,0.10385
1716.86,0.17157
1137.33,0.113719
1085.99,0.108595
1163.22,0.115982
454.082,0.0453536
1179.96,0.117988
1456.92,0.14563
747.179,0.0746881
1391.78,0.139136
1561.76,0.156088
1383.86,0.138368
2356.32,0.235399
2157.55,0.215723
748.818,0.0748358
774.713,0.0770833
3100.61,0.309903
2144.02,0.214346
1260.9,0.126016
987.319,0.0987164
1091.53,0.109146
921.61,0.0921547
872.838,0.0872809
871.701,0.0871688
536.647,0.0536522
8699.11,0.868516
898.638,0.0897691
1658.07,0.165785
1059.65,0.105943
949.926,0.094952
746.597,0.0746076
3152.03,0.314987
2767.47,0.276692
463.084,0.0462879
894.271,0.0894244
1394.55,0.13944
1085.74,0.10847
670.417,0.0670311
1436.05,0.143598
642.162,0.0641956
1129.56,0.11295
1855.41,0.184946
2574.36,0.2572
1064.64,0.106447
2524.23,0.252384
1681.55,0.168131
476.07,0.0475258
1122.27,0.112122
575.094,0.057502
922.526,0.092182
1971.08,0.197047
910.407,0.090871
977.397,0.0976915
1301.66,0.130108
525.691,0.0525526
961.942,0.0961521
6584.61,0.657732
228.239,0.0228126
2200.49,0.219951
1730.9,0.173072
881.069,0.0880931
2339.5,0.233695
1347.4,0.13419
814.524,0.081398
1125.47,0.112382
929.737,0.092962
1094.06,0.109394
1966.86,0.196384
586.217,0.0585933
858.209,0.0857788
856.858,0.0856096
1390.75,0.139041
1916.93,0.191567
779.891,0.0779362
1354.51,0.135334
1180.25,0.117516
1905.77,0.190554
1129.36,0.112868
3354.76,0.335166
1593.91,0.158238
1904.84,0.190393
1171.99,0.117156
870.62,0.0870497
1530.16,0.152923
1103.19,0.110284
1967.54,0.196714
7916.79,0.790215
1073.05,0.107264
1750.26,0.174903
12956.9,1.29361
1822.27,0.182179
3726.56,0.372281
2658.69,0.265753
801.84,0.0801378
1460.68,0.146028
1383.72,0.138313
1274.74,0.127397
1325.99,0.132566
949.311,0.0949076
1000.34,0.100029
943.016,0.0942764
902.208,0.0901338
658.615,0.0658389
3467.91,0.346515
5333.52,0.533224
3861.07,0.385912
1212.85,0.12124
910.197,0.0910123
1008.7,0.100745
1244.86,0.124476
1054.92,0.105476
1190.49,0.119023
813.157,0.0812336
1032.35,0.10323
907.357,0.0906966
1910.59,0.190755
1284.47,0.128334
1089.22,0.108916
1009.81,0.100954
5962.29,0.596066
1346.14,0.134216
1222.75,0.122266
2217.7,0.220853
4193.03,0.418858
893.441,0.0892569
853.702,0.0853631
1318.15,0.13154
1766.49,0.176193
1093.18,0.109312
1497.99,0.149701
1256.68,0.125658
1237.92,0.123688
1697.48,0.169513
884.655,0.0879874
930.998,0.0930278
1012.91,0.101273
2424.31,0.242262
1060.74,0.105872
1480.37,0.147976
902.832,0.0902774
1042.6,0.104231
672.386,0.0671797
1649.24,0.164819
1604.94,0.160436
1124.38,0.112378
1273.14,0.12728
829.533,0.0829273
881.081,0.0880787
1039.73,0.103859
2051.72,0.20508
1029.06,0.102886
1621.51,0.162132
916.475,0.0915828
759.869,0.075913
1283.09,0.127434
1110.41,0.111032
1192.86,0.119182
966.038,0.096582
1428.01,0.142748
989.212,0.0988266
779.328,0.0777007
1146.94,0.114142
1838.42,0.183755
1310.8,0.131068
1021.3,0.101941
1152.57,0.11303
706.297,0.070629
1358.76,0.135767
1529.72,0.152919
1314.94,0.131482
1133.72,0.111463
1272.88,0.127263
926.903,0.0926582
990.236,0.0990053
1069.36,0.106767
3210.06,0.320442
1197.11,0.119667
1232.15,0.122886
1143.96,0.114392
1850.87,0.185027
1118.78,0.111866
4806.05,0.480422
754.617,0.0754163
4457.2,0.445488
800.6,0.0795406
1531.23,0.153028
1261.13,0.125834
730.271,0.072991
774.757,0.0774739
1173.49,0.117322
1356.19,0.135605
743.086,0.0738223
1724.27,0.172404
1626.46,0.16248
2611.35,0.260584
1722.19,0.172005
1303.85,0.130321
708.102,0.0707609
1387.13,0.138701
1343.89,0.134311
964.351,0.096406
1334.37,0.133306
612.723,0.0612087
3974.87,0.395919
815.952,0.0815778
1124.6,0.112327
9806.77,0.978256
1162.67,0.116164
1175.27,0.117523
2046.2,0.20418
5093.24,0.509154
721.226,0.0721006
2208.25,0.220656
1335.32,0.133491
1227.97,0.122781
1016.61,0.101647
918.347,0.0917773
812.464,0.0810827
591.928,0.0591798
842.651,0.0842616
1865.14,0.18856
802.03,0.080195
1027.18,0.102664
1632.35,0.163031
3192.88,0.318606
1057.53,0.104839
1541.51,0.154119
1664.02,0.16634
2477.06,0.24768
1516.09,0.151547
1406.75,0.140407
994.849,0.0994401
899.423,0.089905
1595.68,0.159316
1769.93,0.176957
828.437,0.082832
1483.76,0.148134
2337.28,0.233703
1428.55,0.142472
708.2,0.0708153
943.466,0.0942922
938.949,0.0938839
1327.7,0.132733
1216.63,0.12166
821.866,0.0820703
21710.4,2.16784
552.918,0.0547997
1374.39,0.137305
1588.07,0.158477
639.546,0.0639428
1617.39,0.161595
2416.03,0.241482
2037.92,0.20002
2731.33,0.272915
1896.84,0.189352
2172.67,0.217155
799.849,0.0799711
2641.08,0.263592
1568.53,0.156798
1073.04,0.107166
2526.4,0.252043
2476.61,0.247527
596.811,0.0596496
1225.99,0.12257
1257.89,0.125273
3707.95,0.369375
3706.16,0.370198
1219.85,0.121974
809.845,0.0809818
839.542,0.0839034
2563.93,0.256059
1605.92,0.160133
1772.01,0.176022
1160.32,0.115993
825.622,0.0824315
4354.27,0.433948
5082.64,0.507029
1512.21,0.151205
1416.43,0.141624
935.492,0.0935051
1912.3,0.191016
571.637,0.0571573
1803.54,0.180327
1392.33,0.139213
953.998,0.0953968
5197.1,0.519124
722.153,0.0721145
1825.85,0.182487
963.536,0.0962075
956.746,0.0956305
5236.4,0.522841
3344.39,0.334293
2557.81,0.255712
955.37,0.0955111
782.76,0.0782717
620.54,0.0620523
2621.67,0.262149
2068.09,0.206789
4860.01,0.477791
1145.96,0.114491
927.583,0.0926958
715.955,0.0715721
573.638,0.0573494
792.908,0.0783784
926.367,0.0926149
1164.4,0.116353
1387.23,0.138666
774.17,0.0773482
2188.86,0.218735
3963.91,0.395634
1393.07,0.139243
1099.77,0.109912
1297.77,0.129722
1439.4,0.143444
1240.74,0.123997
1016.53,0.101647
2613.18,0.261267
1016.89,0.10153
2215.55,0.221034
644.471,0.0644461
4131.74,0.412612
1655.3,0.165488
1059.09,0.105692
15450.2,1.54373
1349.34,0.13492
1785.6,0.17848
926.433,0.0926311
1614.72,0.161445
879.566,0.0879407
795.845,0.0795662
1086.87,0.108643
959.284,0.0959002
937.342,0.0937235
1125.77,0.111928
1037.02,0.103615
2423.72,0.242353
1069.54,0.106932
14211.8,2.66311
627.132,0.0626551
784.94,0.0784858
795.206,0.0794925
6143.47,0.613533
858.276,0.0858088
2367.83,0.236753
4070.47,0.406563
1299.23,0.129778
961.814,0.0961642
1220.48,0.122011
1111.04,0.111083
818.891,0.0818554
3727.62,0.37074
744.316,0.0744256
933.449,0.093281
1347.88,0.134783
6448.41,0.643763
1774.05,0.177377
1308.23,0.130663
1585.45,0.158284
5910.46,0.5898
1150.76,0.115013
1078.46,0.107198
1342.34,0.134178
1386.78,0.13866
1352.88,0.135097
718.526,0.0718499
776.043,0.0775866
2738.18,0.273699
967.927,0.0966995
5375.65,0.536936
1829.09,0.182763
16356.2,1.63234
666.596,0.066633
2677.66,0.267738
934.31,0.0934102
679.261,0.0679241
1616.3,0.161453
966.594,0.0966123
806.886,0.0806324
848.376,0.0848075
1334.85,0.133464
1346.15,0.134601
1022.54,0.102248
1347.02,0.134533
1316.03,0.132601
1440.51,0.139273
2192.22,0.219137
1723.9,0.172245
2229.53,0.222197
433.603,0.0433472
4896.93,0.488275
987.509,0.0984059
4684.63,0.170742
2016.42,0.201521
1719.99,0.171943
933.886,0.0933812
1052.91,0.105256
953.692,0.0952737
1348.02,0.134783
1137.31,0.113581
1981.35,0.19811
2119.7,0.211896
812.466,0.0812315
1218.39,0.121764
1659.64,0.165764
897.809,0.0896488
738.915,0.0738243
1892.96,0.189216
1719.9,0.171925
1015.33,0.10131
1172.4,0.117203
1644.39,0.163844
1027.33,0.102709
2167.02,0.216664
1530.39,0.153012
3431.35,0.342883
4391.7,0.438438
843.165,0.0842747
696.12,0.0695322
1117.61,0.111736
889.847,0.0889321
4485.13,0.447193
652.247,0.0652089
772.709,0.0772369
1111.79,0.111149
1113.24,0.111242
1368.64,0.136833
881.448,0.0881319
2913.22,0.291187
810.708,0.0804379
2481.56,0.248117
11865.2,1.18327
1456.26,0.145269
1794.62,0.179416
1515.68,0.151479
1233.19,0.123192
1100.69,0.110039
12595.7,1.25042
851.451,0.0851369
1216.14,0.121571
1457.4,0.145673
1758.5,0.175688
1021.89,0.102161
987.607,0.0986312
570.666,0.0570407
1308.33,0.130818
1873.17,0.187259
2246.64,0.224589
1683.76,0.167702
3903.64,0.389849
1830.29,0.182812
429.097,0.0428966
963.629,0.0963608
1287.41,0.128718
758.136,0.0758095
1356.79,0.135669
956.367,0.0956157
949.621,0.0944908
1496.69,0.149613
1070.82,0.105529
1366.34,0.136603
949.58,0.0949565
919.04,0.0918092
1546.87,0.154644
496.65,0.0496641
1530.93,0.15294
1004.79,0.10036
1119.08,0.111869
5740.02,0.573278
1376.59,0.137478
1958.87,0.195787
2298.4,0.229646
1100.51,0.110014
757.456,0.0757394
1592.1,0.159179
1019.42,0.101933
868.408,0.0868343
2085.05,0.208433
1144.29,0.114373
1031.05,0.103062
5188.09,0.517098
1645.44,0.164479
1146.63,0.114447
721.038,0.0720936
2532.7,0.252582
1959,0.195145
1112.71,0.111207
2368.39,0.236693
853.795,0.0853719
1199.39,0.119898
973.702,0.0973423
614.254,0.0614238
1519.4,0.151923
2382.36,0.238012
543.005,0.0542835
1863.02,0.186076
936.581,0.0936272
1482.11,0.14818
1986.57,0.198575
905.998,0.0901632
676.643,0.0676232
1114,0.111336
1063.46,0.106304
904.453,0.0904399
1638.96,0.163848
843.811,0.0843155
896.119,0.0895912
1273.8,0.127376
936.623,0.09366
885.777,0.0885415
1521.42,0.152057
866.984,0.0866606
1224.11,0.122341
1931.67,0.17578
877.036,0.0875379
1802.24,0.180173
1633.09,0.163283
937.989,0.0937458
812.434,0.0812423
993.818,0.0993385
928.407,0.0927072
1094.25,0.109418
1201.21,0.119967
1130.24,0.112972
1116.58,0.111629
1507.05,0.150598
1316.85,0.131607
1366.16,0.136606
1032.34,0.103178
1408.79,0.140763
2152.26,0.215196
811.676,0.0811435
7617.71,3.39846
1266.03,0.126543
6858.14,0.685405
1289.23,0.128853
2294.1,0.125291
1072.4,0.107176
1849.62,0.184933
854.157,0.0854017
860.151,0.0856851
833.654,0.0831746
2938.03,0.293779
1924.58,0.1924
2766.75,0.276441
1030.59,0.103053
3511.56,0.350346
997.517,0.0996772
928.085,0.0927591
3266.45,0.326411
1161.98,0.116171
1489.17,0.148798
1176.17,0.117454
1510.02,0.150309
3121.63,0.311119
399.834,0.0399437
1505.62,0.150488
1430.25,0.142962
3647.11,0.363769
1509.92,0.150921
1386.34,0.138551
821.684,0.0821638
750.39,0.0750313
1258.02,0.125127
1719.28,0.171834
1809.19,0.180864
1212.91,0.121235
629.634,0.0629553
1279.65,0.127899
1517.3,0.151112
2069.1,0.206862
16929.1,6.38781
1883.46,0.188318
1983.59,0.198303
1207.87,0.120598
491.125,0.0490639
1249.54,0.124904
1714.86,0.170899
1978.09,0.197226
1219.36,0.121629
574.087,0.0573902
1004.73,0.100461
2324.21,0.231812
811.057,0.0782166
1041.73,0.104143
946.366,0.0945012
1121.81,0.112087
1181.59,0.117856
752.563,0.0752387
1486.61,0.148593
905.708,0.0905398
3296.95,0.329284
2889.46,0.288751
1569.46,0.150618
1925.04,0.192297
4023.51,0.402251
1166.04,0.116495
1103.83,0.110355
1150.99,0.115031
1300.59,0.129999
936.652,0.093602
1514.78,0.151454
1794.71,0.179404
823.409,0.0823218
1028.17,0.102613
796.428,0.0796266
2099.19,0.209827
959.273,0.0959135
870.601,0.0870182
1134.82,0.11345
2382.35,0.238176
1110.76,0.11105
1389.08,0.138803
1293.54,0.12934
1694.32,0.169422
1169.48,0.116927
1491,0.149019
1668.78,0.155453
1320.46,0.13177
834.122,0.0833956
1023.2,0.102249
1991.91,0.199147
1045.41,0.104496
1524.83,0.152345
1778.56,0.177385
2519.58,0.251887
860.766,0.0860508
1401.07,0.139899
12141.5,1.20926
1510.71,0.150576
1435.28,0.143515
2292.78,0.229017
1255.62,0.125525
996.356,0.0996214
821.863,0.082167
1054.19,0.105375
1264.15,0.126378
779.566,0.0778983
1368.42,0.136812
1463.09,0.145803
1612.8,0.161072
961.671,0.0961135
898.707,0.0898
1301.04,0.13009
1301.13,0.129991
1091.71,0.109105
611.673,0.0611541
811.667,0.0811434
2139.81,0.213938
1096.32,0.109624
1985.25,0.198292
1036.28,0.102942
794.965,0.0794894
910.027,0.0910021
687.652,0.0687605
1474.38,0.147338
3511.64,0.350982
995.362,0.0994005
1161.36,0.11603
1264.27,0.126297
865.8,0.0865669
1452.41,0.145227
971.983,0.0971482
1217.68,0.121744
641.266,0.0641206
578.805,0.057772
768.05,0.0768015
2161.28,0.216114
2222.51,0.222103
2367.11,0.236668
565.433,0.0565316
1252.35,0.125091
3740.72,0.373907
964.364,0.0964268
704.734,0.0704643
1575.2,0.15751
1127.65,0.112698
923.368,0.0923123
1228.78,0.122851
3512.22,0.350879
1756.08,0.175465
13196.5,1.31602
8973.18,0.896786
981.838,0.0980282
1898.87,0.189826
1746.29,0.174565
1000.04,0.0998974
1678.94,0.167603
693.937,0.0693442
1139.9,0.113921
1127.21,0.112666
1762.45,0.176212
863.725,0.0863672
711.047,0.0710306
500.677,0.0500639
1079.93,0.10798
1496.81,0.149674
4597.16,0.459352
3279.89,0.327668
1170.62,0.116996
2534.34,0.251281
1768.45,0.176755
792.362,0.079225
847.944,0.0847813
1066.99,0.106692
918.643,0.0918348
822.023,0.081968
2732.03,0.273074
1312.41,0.131206
5076.17,0.507481
2045.32,0.204445
877.998,0.0877964
774.366,0.0770858
2906.52,0.290594
1105.69,0.110431
5460.59,0.545919
858.964,0.0852596
945.937,0.0945883
961.542,0.0959345
1109.47,0.110928
702.683,0.070102
1920.08,0.191831
841.343,0.0841199
820.362,0.0819561
2300.62,0.230034
3905.6,0.390409
1690.95,0.169031
1375.88,0.137567
1507.71,0.150731
1792.33,0.179227
1688.73,0.168733
996.672,0.0996461
2713.69,0.27102
1471.35,0.14705
1415.81,0.141551
703.344,0.0703145
1300,0.129584
878.263,0.0877641
887.915,0.0887751
1470.64,0.147018
5804.83,0.580189
1293.71,0.129077
811.32,0.0810886
987.412,0.0987274
2555.28,0.255497
1358.28,0.135583
1405.62,0.140464
703.063,0.0702845
755.551,0.0755368
1022.38,0.122702
878.606,0.0878438
1124.57,0.110684
3745.36,0.374276
1003.73,0.100299
1046.86,0.102805
1913.7,0.191213
754.515,0.0754156
772.87,0.0772824
1361.65,0.1361
9471.7,0.944305
1578.38,0.157807
668.583,0.0668511
956.041,0.0955963
1264.29,0.126359
1021.22,0.101915
885.228,0.0827529
685.178,0.0684131
1273.78,0.127359
979.722,0.0978014
1123.3,0.1122
833.284,0.0831332
557.017,0.055689
1564.99,0.155952
862.875,0.0861867
1082.66,0.108219
348.579,0.034855
758.665,0.0758222
1702.4,0.170199
1123.5,0.112234
924.143,0.0923806
1533.86,0.153358
626.201,0.0622134
779.252,0.0778717
1174,0.117352
2482.17,0.247956
778.774,0.0778754
762.219,0.0761621
2802.04,0.280161
817.565,0.0817263
7061.8,0.705428
1160.81,0.116059
932.665,0.0932603
2982.92,0.298167
1154.77,0.115436
2152.34,0.214271
973.801,0.097339
2982.18,0.298095
1295.7,0.129494
1222.64,0.122108
636.174,0.063558
1952.3,0.195106
1461.21,0.146083
938.033,0.0938
843.3,0.0843081
795.844,0.0795558
1771.97,0.177152
1029.86,0.102978
1834.89,0.18347
1736.81,0.172749
1230.7,0.122998
798.958,0.0798365
832.84,0.0825322
585.001,0.0584924
3670.22,0.366314
961.415,0.0960071
1027.1,0.102696
1308.09,0.130786
3338.36,0.333273
7470.14,0.746739
697.816,0.0697661
1508.31,0.149613
2315.98,0.231542
1453.08,0.145103
969.081,0.0968197
1061.9,0.105808
1376.77,0.137658
1086.87,0.108666
1698.96,0.169888
1269.16,0.12681
6547.28,0.654463
1383,0.138241
1070.56,0.107048
1926.27,0.192507
3272.9,0.327091
824.952,0.0823958
1223.13,0.122254
705.644,0.0705539
876.213,0.0875155
1022.41,0.102175
1233.46,0.123305
855.415,0.0855303
4798,0.479734
6319.28,0.631636
1318.77,0.131115
690.063,0.0689166
1452.65,0.144694
1727.95,0.172771
1610.42,0.161034
1750.8,0.17469
1105.22,0.110519
2184.52,0.218336
4376.64,0.436605
1202.42,0.120155
1321.69,0.132148
4792.03,0.478095
1013.19,0.101301
1254.08,0.125379
2050.19,0.204489
3369.49,0.336689
775.937,0.0775872
904.752,0.0904613
1188.87,0.118747
1333.65,0.133275
1044.41,0.104403
1432.73,0.143267
2599.74,0.259728
4048.95,0.40473
1055,0.105483
863.06,0.0863035
761.309,0.0760932
1667.72,0.166601
1184.43,0.118407
1358.49,0.135558
1190.38,0.118994
833.047,0.0832972
1454.43,0.145309
909.847,0.090907
1538.69,0.153849
3767.57,0.376341
1783.72,0.178245
1181.22,0.118087
976.253,0.0973717
824.437,0.0824394
1008.92,0.10089
980.832,0.0980655
762.257,0.0762226
811.327,0.0809547
1173.62,0.11678
1481.37,0.148108
1163.95,0.116387
1118.37,0.111825
888.298,0.0886923
996.413,0.0995125
1048.91,0.104844
844.991,0.0844311
1126.12,0.112556
1013.01,0.101297
667.336,0.0666096
1424.04,0.142245
1162.62,0.116212
453.622,0.0453595
3611.12,0.360086
1665.74,0.166516
797.44,0.0797001
807.712,0.0804964
1690.69,0.169062
1077.71,0.107732
821.05,0.0818428
645.448,0.0644943
885.219,0.0884238
1704.63,0.170409
1255.59,0.125374
1833.37,0.1832
889.689,0.0886012
1762.09,0.175797
1047.57,0.104689
1020.43,0.102
1908.79,0.190536
1168.12,0.116769
1098.99,0.109896
2543.48,4.11148
1587.56,0.158637
1096.79,0.10957
890.659,0.0889863
1200.69,0.120028
1352.89,0.135252
1254.38,0.125415
4463.04,0.446211
1078.39,0.107808
1291.69,0.128826
1062.58,0.106238
854.005,0.085389
1791.26,0.179121
1047.93,0.104779
1316.95,0.131258
1103.33,0.110297
1482.12,0.148164
775.292,0.0775287
1170.29,0.117024
737.306,0.073721
1149.58,0.114936
832.516,0.0832389
2350.56,0.234865
879.738,0.0878769
1526.28,0.152615
1200.09,0.11883
1278.97,0.127826
1184.84,0.118135
1225.26,0.122474
1759.74,0.175945
948.589,0.0947614
1232.7,0.123169
1009.41,0.100739
959.934,0.0950836
1397.97,0.139741
1908.62,0.190846
1197.34,0.119711
767.733,0.0767291
1455.88,0.145528
847.678,0.0846903
970.044,0.0969412
2324.25,0.231407
1108.81,0.110836
769.076,0.0769036
906.141,0.0905578
2619.66,0.26189
1880.28,0.187957
737.166,0.0737019
1987.76,0.198715
3388.11,0.338666
1826.55,0.182422
981.966,0.097985
1847.41,0.1847
1384.05,0.138336
749.284,0.0768383
1409.34,0.14085
3768.65,0.376296
619.729,0.0619318
1362.31,0.1362
1414.52,0.141324
3866.24,0.386056
2552.98,0.255212
1243.99,0.124368
1087.06,0.108593
1786.89,0.170268
1760.8,0.175912
1105.77,0.110575
777.546,0.0777043
1426.18,0.142547
1437.74,0.143565
791.43,0.0791262
1086.06,0.108544
1257.71,0.125454
1726.64,0.17259
1011.51,0.101127
834.87,0.0834653
3419.06,0.341781
1104.22,0.110412
1228.56,0.122697
4322.68,0.431798
3703.69,0.369841
1891.65,0.189098
1831.01,0.183052
877.068,0.0876879
1070.5,0.106983
716.348,0.0716276
4149.98,0.414469
1722.1,0.172121
1216.63,0.121613
1491.05,0.149046
1058,0.105777
1062.53,0.106248
1185.88,0.11856
2105.88,0.210565
1201.86,0.120181
714.468,0.0714156
2418.44,0.241562
1932.23,0.193026
1176.81,0.117671
4495.29,0.449086
878.234,0.0877849
1158.55,0.115753
1964.21,0.196402
1103.79,0.110352
980.369,0.097624
979.992,0.0979198
3529.41,0.352776
587.712,0.0587663
1379.62,0.137841
2502.99,0.250206
1776.38,0.177614
2119.92,0.232017
710.332,0.0704387
935.179,0.0934915
1281,0.128088
1160.85,0.116069
841.424,0.0840611
879.686,0.087923
628.71,0.0627643
756.26,0.0756089
1238.27,0.123147
699.786,0.0699409
1129.73,0.112892
1294.7,0.129189
1088.22,0.108753
15051.9,2.8601
1265.93,0.126558
1030.85,0.102903
580.498,0.058046
950.212,0.0949326
1391.66,0.13916
2320.82,0.232064
1969.97,0.196953
1081.79,0.108155
994.056,0.0993507
1253.76,0.125248
1024.58,0.102406
1695.73,0.169538
1005.81,0.100555
1122.47,0.112222
5458.52,0.545265
2110.67,0.210662
1287.59,0.128732
760.833,0.07597
11702.3,2.52716
1192.75,0.119021
2761.58,0.27602
700.868,0.0700685
810.461,0.0810228
3433.45,0.343278
1084.75,0.10847
1694.76,0.169438
2036.89,0.203614
1096.41,0.109605
966.311,0.0966241
654.603,0.0654435
2061.75,0.205736
997.069,0.0996665
1661.89,0.165899
1378.17,0.134894
682.593,0.0682278
1429.59,0.142168
2273.31,0.227218
1999.16,0.199883
2056.32,0.205213
2183.83,0.218103
989.816,0.0983573
1419.63,0.141897
2213.78,0.220981
916.942,0.0915458
1256.38,0.12561
2155.7,0.214996
1449.38,0.14485
1906.54,0.190614
652.053,0.0650877
1431.51,0.143105
1227.73,0.12269
1163.48,0.11634
933.136,0.0932296
3912.61,0.390795
518.152,0.0513991
1135.43,0.113493
1153.55,0.115339
1705.43,0.170482
2237.93,0.223666
1460.72,0.146029
1733.71,0.173303
2550.57,0.25495
1289.53,0.128832
1048.63,0.104856
1045.49,0.104548
2131.44,0.212731
4705.36,0.469785
1050.93,0.105078
1275.92,0.127264
2851.47,0.284994
1107.24,0.110693
1050.83,0.105069
1836.57,0.183532
866.893,0.0866549
872.74,0.0871514
1041.33,0.104127
1045.1,0.104426
2205.81,0.216188
805.237,0.0804999
1201.85,0.12009
1178.63,0.117142
1469.51,0.146928
832.322,0.0828528
1310.98,0.131055
879.168,0.0879026
2369.1,0.236891
2648.38,0.262404
721.083,0.0721077
1151.25,0.115115
1866.77,0.186425
1024.7,0.102458
1791,0.179003
2377.84,0.237318
2422.41,0.242133
1471.88,0.147123
3474.24,0.346922
1173.53,0.117338
1032.08,0.103188
1362.72,0.136251
1560.37,0.15547
997.14,0.099371
1345.21,0.13429
1717.12,0.171655
1339.53,0.133817
2651.89,0.265046
1453.53,0.145327
1064.62,0.106259
845.697,0.0845656
1007.18,0.100658
486.172,0.048424
1034.51,0.103429
1099.6,0.109915
591.196,0.0589404
854.698,0.0721609
669.14,0.0668635
1014.72,0.101256
1759,0.175813
1078.28,0.107807
1151.43,0.114997
1649.93,0.164984
2695.07,0.269343
1069.28,0.106887
1563.17,0.156304
908,0.0907917
1075.59,0.107548
962.509,0.0958682
1464.14,0.146378
1337.91,0.133686
762.449,0.0762426
817.201,0.0816849
978.131,0.0977377
957.298,0.0957118
2172.63,0.217192
973.913,0.0973836
1543.47,0.153089
1453.65,0.145341
825.787,0.0825524
820.906,0.0820151
999.773,0.0999388
1101.51,0.110147
806.266,0.0805964
1179.46,0.117936
1603.65,0.160166
1097.59,0.109742
1228.31,0.122807
1866.36,0.186619
855.96,0.0855082
1729.22,0.171995
1045.24,0.104444
1822.5,0.182111
1085.09,0.108459
1096.3,0.109308
5817.76,0.579581
979.113,0.097789
1382.93,0.138237
1554.91,0.155442
1045.87,0.104524
650.274,0.065011
1365.14,0.136454
1167.42,0.116735
825.355,0.082474
2740.77,0.273954
725.461,0.0723714
2478.37,0.247668
868.69,0.0868539
1432.29,0.143079
3434.81,0.343121
4269.3,0.426092
16821.3,2.33782
1475.33,0.14747
671.788,0.0671609
2276.1,0.227573
766.892,0.0766883
1662.49,0.166205
611.786,0.0611622
1650.5,0.165022
1041.27,0.10403
880.915,0.0880571
1272.88,0.12715
975.936,0.0975672
4455.73,0.445075
1057.88,0.105784
1460.48,0.146009
1389.66,0.138776
1420.77,0.14207
824.252,0.0824208
751.514,0.075048
1236.26,0.123433
1186.13,0.118242
536.023,0.0535936
846.983,0.0846771
841.31,0.0840904
3059.8,0.305939
1545.58,0.154471
793.435,0.0793418
1427.57,0.142489
2287.34,0.228537
1082.78,0.108037
1426.14,0.142571
1652.22,0.165183
1638.78,0.163863
1192.03,0.118567
5069.63,0.506206
930.671,0.0888884
996.075,0.0995983
3408.94,0.340707
1439.28,0.143915
1094.22,0.109325
931.445,0.0943327
1559.62,0.155926
1622.69,0.162215
4087.28,0.408512
2763.53,0.275951
742.132,0.0741422
804.753,0.0803635
5489.25,0.54836
2734.39,0.273374
898.604,0.0897949
823.808,0.082375
1241.77,0.124091
1205.32,0.120203
4318.99,0.431576
2288.32,0.228811
663.958,0.0663905
1546.05,0.151295
952.689,0.0944325
1566.88,0.156654
693.054,0.0692999
879.101,0.0878612
1979.89,0.197913
1046.27,0.104616
982.505,0.0982329
1290.35,0.12894
876.897,0.0876498
903.005,0.0902963
1022.21,0.102213
1502.25,0.135662
947.394,0.0946741
2292.71,0.229093
941.952,0.094172
807.693,0.0807636
1136.57,0.113649
1036.86,0.103659
1496.08,0.149564
1330.64,0.133039
8340.46,0.831668
840.944,0.0840782
763.959,0.0763944
6284.47,0.627318
7562.87,0.755145
3847.01,0.384461
900.895,0.0900767
551.221,0.0551072
1678.55,0.167835
1967.29,0.196571
1208.51,0.120824
957.446,0.0957113
1163.66,0.116357
3298.13,0.329631
1232.2,0.123188
2255.53,0.225461
1124.15,0.112376
2111.98,0.211176
1880.96,0.187674
435.616,0.0435177
1314.56,0.131452
639.976,0.0639635
642.965,0.0642732
754.505,0.0754282
2150.33,0.214856
1079.72,0.10778
3493.26,0.349263
1166.1,0.116554
961.755,0.0961413
721.116,0.0720744
2205.36,0.220363
677.6,0.0677477
1521.38,0.152103
884.152,0.0883906
548.63,0.0548579
1261.27,0.126109
1671.77,0.16715
734.442,0.0734419
1054.99,0.105495
1011.71,0.101105
1418.01,0.141787
1783.68,0.178216
1165.98,0.116537
1742.33,0.174043
885.108,0.0884298
2347.02,0.230248
1742.03,0.173821
850.205,0.0849524
653.209,0.0651208
3722.51,0.371804
1126.17,0.112606
963.538,0.0963408
1342.96,0.134291
2856.95,0.285575
1216.68,0.121536
858.429,0.0858395
1664.04,0.166169
1489.89,0.148965
463.636,0.0462644
840.45,0.0839414
1845.49,0.184536
593.876,0.059362
613.427,0.0613284
1620.1,0.161782
3023.34,0.300435
1876.26,0.187576
9006.28,0.898897
1197.64,0.119752
1003.82,0.100347
1510.6,0.150844
763.314,0.0762837
1088.78,0.108875
1030.59,0.103005
855.491,0.0855035
3560.56,0.355815
1219.29,0.121906
1334.89,0.133487
929.317,0.0928305
1583.58,0.158334
879.125,0.0878987
1900.07,0.189946
1174.94,0.117464
906.566,0.090631
1319.22,0.131858
660.846,0.0660799
1095.73,0.109518
1217.63,0.121646
1157.27,0.115705
1245.07,0.124353
1411.33,0.141091
800.686,0.0799832
817.947,0.0817725
1261.63,0.126094
861.072,0.0861022
1063.31,0.106228
1237.46,0.12374
973.885,0.0973566
1488.44,0.14878
1985.35,0.198483
993.231,0.0993097
1796.29,0.179623
1198.34,0.119254
16278.7,1.62189
2009.52,0.200843
1449.28,0.144885
2331.2,0.232973
1077.25,0.107587
2266.84,0.226454
2119.55,0.211885
1534.06,0.153393
2353.86,0.235374
2789.65,0.278406
813.959,0.0813888
1309.47,0.130898
797.071,0.0796866
1135.22,0.113514
2451.09,0.244961
1180.07,0.117995
1082.58,0.108216
1443.56,0.144143
1092.42,0.109178
2045.04,0.20448
1432.52,0.143232
1703.09,0.170118
1590.33,0.158653
1094.25,0.109384
2080.76,0.208058
1230.61,0.122943
1390.26,0.139004
1027.08,0.102704
601.489,0.0601196
1078.76,0.107864
1301.75,0.130157
1498.57,0.149781
669.377,0.0669337
1116.55,0.111647
1231.45,0.123012
1487.1,0.148245
1888.12,0.188727
1648.46,0.164752
906.779,0.0906643
1018.24,0.10181
732.382,0.0732185
1527.6,0.152742
1184.71,0.118431
1286.39,0.128608
1444.26,0.144405
1174.9,0.11745
1534.68,0.153457
4664.08,0.466353
1086.7,0.108606
1427.66,0.142545
1928.38,0.192718
1042.7,0.104254
788.262,0.0788226
1767.52,0.176728
999.336,0.0995517
2167.57,0.216609
1800.25,0.179934
1261.36,0.126102
998.286,0.0998024
578.785,0.0578722
2205.21,0.220474
589.201,0.0589192
1372.29,0.137218
1266.62,0.12662
1655.39,0.165482
1545.22,0.154447
627.443,0.0627417
1075.94,0.107184
2569.74,0.256619
1107.04,0.110689
1324.32,0.132131
886.708,0.0886653
912.288,0.0912136
925.367,0.0925323
959.611,0.0956226
1236.73,0.123663
7566.24,0.756255
1243.36,0.124324
1725.96,0.172557
1692.39,0.169232
1075.19,0.107516
3397.16,0.339351
622.002,0.0621567
1314.95,0.131418
1170.02,0.116983
1312.94,0.131195
5277.75,0.52733
2157.99,0.215141
1043.46,0.104262
2127.6,0.21224
2046.38,0.204624
1314.5,0.131377
938.96,0.0938783
828,0.0827913
1629.01,0.162833
1787.24,0.178689
1027.6,0.102663
876.989,0.0874242
1765.95,0.176537
1155.37,0.115451
1533.69,0.153261
968.892,0.0968612
782.182,0.0781893
1676.06,0.167574
829.429,0.0829395
1602.06,0.160152
1125.15,0.112487
1700.82,0.169962
8490.82,6.82557
923.887,0.0923196
852.298,0.0852144
1467.85,0.146665
1393.35,0.139278
1175.36,0.117469
1505.8,0.150422
2416.32,0.241281
1077.21,0.106635
838.731,0.0837858
1515.9,0.151563
2019.41,0.201886
1341.29,0.134098
915.547,0.0915139
1896,0.189247
1533.26,0.153251
1530.6,0.152988
1219.22,0.12188
1289.35,0.128869
1101.73,0.11016
1440.36,0.144016
666.303,0.0666115
890.353,0.0890205
3593.71,0.359179
1405.77,0.140531
1059.84,0.105903
6395,0.639142
1442.41,0.144179
1025.38,0.102523
702.908,0.0702839
1330.88,0.133077
1753.57,0.175326
2019.11,0.201817
1304.07,0.130399
1055.61,0.105486
884.076,0.0884039
2421.52,0.241972
1120.46,0.112025
1725.53,0.17249
984.843,0.0982688
1680.44,0.168028
11253.4,1.1222
2540.51,0.253286
959.419,0.0958977
1042.67,0.104256
876.736,0.0876679
993.523,0.0993407
1308.21,0.130785
1088.69,0.10878
1545.79,0.154575
1096.4,0.109596
1784.82,0.17839
1770.46,0.176772
2340.62,0.233992
1600.13,0.159956
983.612,0.098324
1697.37,0.169685
792.002,0.0791969
2472.65,0.247082
976.472,0.0976346
2129.38,0.212466
895.309,0.0895236
1655.49,0.165525
707.344,0.0706858
2030.23,0.199911
910.134,0.0909982
785.004,0.0784376
1136.44,0.113601
1580.27,0.157738
1568.23,0.156768
946.031,0.0945155
2638.51,0.263713
2209.57,0.220731
1390.82,0.139033
1406.88,0.140285
1792.43,0.179213
24334.9,2.42283
3461.32,0.337605
1613.42,0.161078
2550.67,0.254941
3786.3,0.378285
1050.83,0.104932
1334.58,0.128992
1771.36,0.177061
897.934,0.089764
1146.79,0.114576
1397.55,0.139671
1374.74,0.13739
1421.97,0.123826
2474.9,0.246307
1049.11,0.104864
939.047,0.0938657
950.116,0.0949578
1367.96,0.136652
2966.61,0.296492
733.169,0.0732385
957.008,0.0956811
1555.17,0.155489
1090.96,0.109073
1958.76,0.195622
2553.66,0.25534
916.076,0.0916033
1401.62,0.140117
2449.4,0.244862
919.778,0.0919534
1538.24,0.153754
825.974,0.0824763
3198.18,0.319662
992.64,0.0992541
1382.76,0.138216
999.668,0.099908
1352.39,0.135044
1406.34,0.140621
1080.79,0.108072
1186.68,0.118605
930.063,0.0929136
3742.23,0.370287
1328.87,0.132876
1227.81,0.122774
2219.16,0.221769
761.458,0.0758832
2074.76,0.20744
2209.43,0.220739
1290.81,0.129072
5821.99,0.58147
809.294,0.0809254
999.657,0.0999037
821.636,0.0820477
3683.37,0.368098
942.487,0.0942123
1465.94,0.146547
1421.13,0.142031
1549.12,0.154894
2629.82,0.262957
610.898,0.061057
1185.54,0.118255
1886.4,0.188414
1093.45,0.108755
6361.21,0.635994
906.829,0.0906532
1102.38,0.110216
960.993,0.0959941
1354.94,0.135488
905.677,0.0903926
1134.71,0.113277
1002.86,0.100218
679.74,0.0679486
1618.72,0.161848
855.707,0.0855535
1292.71,0.129235
2402.02,0.240135
905.868,0.0905775
1545.85,0.15457
10518.2,1.0508
620.993,0.0620905
1420.47,0.141891
1541.75,0.154056
2812.69,0.281239
1035.47,0.103541
6740.43,0.671657
1115.95,0.111532
590.988,0.0590864
865.945,0.0865271
1203.86,0.120326
841.181,0.0839816
1496.87,0.14923
1558.28,0.15576
952.508,0.0950393
1107.27,0.110553
8508.2,3.40866
2052.38,0.204509
1006.9,0.100545
4863.93,0.484986
1197.31,0.119658
719.759,0.0719579
2246.02,0.223934
844.9,0.0844867
1051.92,0.105073
3267.6,0.326609
1920.07,0.191983
1148.01,0.114778
3623.74,0.361441
2961.03,0.296027
2801,0.279173
1419.23,0.141889
2142,0.214143
836.909,0.0836615
1476.61,0.147647
5244.33,2.56406
1151.26,0.114996
7720.39,0.771785
9402.16,0.938808
839.735,0.0839485
1581.99,0.158044
1083.25,0.108278
2701.53,0.26985
2184.29,0.218369
855.005,0.0854928
1305.94,0.130544
1517.09,0.151608
783.202,0.0782965
1251.72,0.124659
673.272,0.0673034
9650.09,0.963386
1594.13,0.159169
1297.18,0.129513
1805.91,0.180575
1214.47,0.12133
1046.49,0.104577
1709.28,0.170849
1458.48,0.145725
2270.13,0.226978
3728.41,0.36901
490.75,0.0490232
998.761,0.0993383
1483.87,0.148338
849.182,0.0848819
1495.74,0.14926
744.698,0.0744471
1002.72,0.100248
830.129,0.0830017
1939.92,0.193978
1972.02,0.196574
1674.81,0.167477
575.543,0.0575382
1677.9,0.167622
809.836,0.0807359
1550.67,0.155026
1254.81,0.125464
2753.9,0.274571
728.964,0.0728608
4595.94,0.459433
861.639,0.0759484
1099.78,0.109875
1102.61,0.110172
1052.81,0.105269
1298.66,0.129849
1589.52,0.158844
889.449,0.0889307
1305.13,0.130504
1581.02,0.15803
1037.82,0.103767
3160.1,0.315367
1269.54,0.126285
1056.96,0.105381
1487.62,0.148747
630.969,0.0630953
5162.06,0.515829
9472.41,1.82199
678.669,0.0678111
750.454,0.0750244
1386.16,0.138585
1223.42,0.12225
834.63,0.0834411
838.691,0.0838193
1618.55,0.161486
981.137,0.0980804
1100.23,0.110015
619.001,0.0618983
691.433,0.0691332
2177.68,0.217446
1487.98,0.148758
633.135,0.0632366
2237.2,0.223325
753.194,0.0751872
2085.62,0.208457
1962.87,0.196272
1173.54,0.116929
7765.34,1.37482
1188.08,0.118775
1419.89,0.141207
1525.85,0.152572
584.982,0.0584954
764.886,0.0764247
1440.59,0.144017
1507.56,0.148408
2452.4,0.244861
930.877,0.0930816
954.437,0.0953685
13869.1,1.38382
1240.86,0.123926
3373.3,0.336458
733.805,0.0733732
1481.22,0.148052
1241.37,0.123715
773.4,0.0773367
1316.69,0.131642
880.736,0.0880521
535.636,0.0489538
1410.36,0.141002
1156.14,0.115573
1338.65,0.133806
1781.79,0.17813
600.275,0.0598008
1422.54,0.142086
1777.98,0.177593
931.611,0.093084
1197.96,0.119765
615.53,0.0604031
10238,1.01619
1148.6,0.114831
3332.58,0.332865
1632.91,0.163266
1012.73,0.101249
641.161,0.0640067
3176.19,0.317542
871.45,0.0868998
1463.9,0.146305
2530.08,0.252874
1033.08,0.10302
647.996,0.0647094
1083.13,0.108231
2772.88,0.276776
2484.15,0.248221
1354.75,0.135463
1938.21,0.193657
1016.32,0.101581
1932.81,0.193217
1094.66,0.109461
629.405,0.0629316
1361.98,0.136066
962.344,0.0962056
1578.56,0.157651
1501.66,0.149751
1220.77,0.121982
1899.51,0.189926
958.515,0.0957348
1730.79,0.172535
1332.93,0.133248
1310.63,0.131037
1108.73,0.110786
1853.54,0.171367
1043.57,0.104335
1098.45,0.109801
2094.68,0.209425
1567.11,0.156681
718.033,0.0717909
1233.32,0.123069
1588.57,0.158804
611.3,0.0611113
3230.59,0.322836
1356.99,0.135309
1335.47,0.133519
781.762,0.0781626
25586.7,2.53841
1220.36,0.12191
1368.22,0.136776
3247.52,0.324549
1064.17,0.106388
6553.17,0.654379
825.208,0.0824604
1253.02,0.125227
823.025,0.0822899
2115.07,0.211248
478.462,0.0476656
950.463,0.095045
1785.53,0.17854
1506.23,0.150565
1126.97,0.112696
1835.21,0.183473
1785.11,0.178409
712.37,0.0712071
722.337,0.072216
1248.08,0.124563
1280.38,0.127984
1144.42,0.11437
1073.57,0.107349
799.094,0.0799034
1268.15,0.126776
988.838,0.0988729
1605.62,0.16053
5453.77,0.544578
1763.04,0.176247
1222.89,0.122205
1173.3,0.117309
821.825,0.0821044
2173.22,0.217078
3280.92,0.327955
1666.28,0.166437
1786.06,0.178374
2494.88,0.249285
1138.3,0.113821
1197.93,0.119785
1109.75,0.110969
531.237,0.053073
786.24,0.0785755
1113.79,0.111313
1425.93,0.142573
853.814,0.0853574
1099.75,0.109958
919.04,0.0917728
840.445,0.0839519
2079.71,0.207938
1615.67,0.161332
2098.18,0.209789
1493.38,0.149141
1336.22,0.1336
1519.02,0.15186
663.588,0.0663202
857.873,0.0857477
963.604,0.0962723
1835.54,0.183544
1317.94,0.131784
1112.92,0.111261
1060.01,0.105977
1533.69,0.15325
2053.37,0.205308
1302.24,0.130195
927.085,0.0927022
1518.92,0.151867
3056.57,0.305564
877.831,0.0876729
1807.3,0.180116
2179.98,0.217926
961.659,0.0961606
2522.1,0.252114
1262.76,0.126198
1188.28,0.11881
774.556,0.0774421
3657.06,0.365195
1111.38,0.111129
544.09,0.054371
924.205,0.0922858
1090.32,0.10902
1603.15,0.160289
1136.26,0.113619
1692.98,0.169245
978.492,0.0978295
1345.73,0.134541
1708.25,0.170759
2313.98,0.231258
1443.45,0.144241
1622.89,0.162235
3910.92,0.39098
675.327,0.067519
1074.43,0.107403
1240.84,0.123995
1424.12,0.142393
896.414,0.0895727
1346.59,0.13463
944.482,0.0943233
621.527,0.0621296
1084.48,0.108431
1174.64,0.117457
1228.3,0.122808
1280.76,0.127881
1752.85,0.175144
1291.81,0.129163
1584.72,0.158467
1419.45,0.14183
1511.06,0.151094
1304.83,0.130457
1587.98,0.158363
683.343,0.0682773
1463.67,0.146353
944.251,0.0936455
1131.61,0.112458
23504,2.34342
1250.63,0.12225
1515.89,0.151187
1023.78,0.102292
1011.28,0.101045
1765.17,0.176442
2144.73,0.21422
2037.65,0.203737
881.726,0.0881153
833.196,0.0832922
998.222,0.0997935
641.683,0.0641535
5019.38,0.501117
983.523,0.0983172
996.399,0.0990036
715.011,0.0714884
1578.21,0.157761
1864.28,0.186141
2036.34,0.203585
949.533,0.0949025
1329.71,0.132949
1452.47,0.145201
818.063,0.0817882
1074.23,0.107384
864.704,0.0863936
1119.56,0.111914
1039.43,0.103878
7650.77,0.763611
978.601,0.0975248
1212.38,0.120896
1233.63,0.123288
910.351,0.0908626
4480.65,0.447204
1333.55,0.133321
3545.69,0.353914
908.852,0.0907488
2294.04,0.229273
1668.85,0.166797
1861.37,0.185977
2048.4,0.204773
1036.54,0.103651
1287.3,0.128648
1279.6,0.127902
1196.45,0.119639
1888.61,0.190227
1540.61,0.153967
3370.07,0.336919
960.211,0.0960036
910.318,0.0910265
1107.01,0.107323
2670.95,0.266668
2368.36,0.236772
1630.24,0.162912
1504.19,0.147318
539.953,0.053979
9092.54,0.908658
1034.67,0.103184
859.948,0.085895
1295.5,0.129489
5330.85,0.529554
1032.73,0.103261
1324.35,0.132427
9403.9,0.936673
1286.77,0.128593
880.504,0.0880047
2744.86,0.273898
1810.92,0.180928
954.708,0.0954588
1505.71,0.150395
3134.03,0.309718
952.679,0.0952043
3002.54,0.299628
913.324,0.0913208
968.887,0.0968764
2679.67,0.267769
1631.94,0.163037
1084.61,0.108453
576.95,0.0576187
727.97,0.0727601
1374.06,0.137401
1268.48,0.126822
1285.41,0.128535
889.825,0.0889766
1815.87,0.181479
1331.3,0.133007
977.214,0.0977059
670.989,0.0670601
915.163,0.0905204
1247.35,0.124672
1020.7,0.101997
1599.25,0.159879
937.432,0.0935433
3649,0.364637
3620.21,0.361876
737.119,0.0737109
896.675,0.0896363
3163.67,0.316244
1556.78,0.155668
1578.77,0.157852
967.777,0.0966982
976.121,0.0975896
1071.92,0.10719
2123.97,0.212302
897.885,0.0897721
694.292,0.0694281
1458.9,0.145853
1977.45,0.197682
2271.33,0.227023
870.991,0.0870278
1061.9,0.105985
3169.21,0.316905
1262.08,0.126035
1820.49,0.181879
3313.58,0.330952
1403.69,0.140354
1283.35,0.128325
2035.38,0.203476
2158.28,0.215317
766.223,0.0765941
2659.07,0.265822
6784.74,0.677982
2302,0.230111
1733.53,0.173315
1196.69,0.119627
1292.02,0.129191
1912.88,0.191136
763.331,0.0763297
1639.56,0.163912
1298.64,0.12959
1042.01,0.104171
1257.91,0.125709
3174.63,0.317203
1826.89,0.18265
1243.15,0.124277
835.669,0.0835649
542.842,0.0542805
1801.55,0.18014
980.322,0.0979295
2302.73,0.229929
1235.02,0.123315
1378.58,0.137628
929.487,0.092656
678.039,0.0677967
13034.9,1.29714
1422.67,0.141853
1385.29,0.138498
769.326,0.076889
1018.89,0.101812
5388.27,0.534381
1196.63,0.119577
781.713,0.077973
3251.33,0.323547
896.356,0.0896087
2115.22,0.211388
1861.63,0.186101
1755.02,0.175483
2993.87,0.298377
521.679,0.0521576
1018.27,0.101824
760.69,0.0760363
2005.93,0.200404
3107.88,0.310621
1046.09,0.104575
1078.23,0.107766
700.339,0.0700259
3432.1,0.34278
1500.08,0.149311
814.492,0.0813716
2619.37,0.260766
6691.87,0.66746
3665.59,0.366514
1277.86,0.127759
1129.01,0.112886
2100.3,0.209914
2984.71,0.298415
862.548,0.0862445
1900.94,0.189931
1795.62,0.179491
1823.87,0.182317
1478.08,0.147748
780.804,0.0780472
767.659,0.0767593
1293.84,0.129077
4598.29,0.459623
1190.96,0.119081
814.391,0.0814263
903.039,0.0902874
778.004,0.0776537
13957.6,1.39224
2531.33,0.249449
952.046,0.095037
2950.52,0.294737
9664.15,0.965365
1946.33,0.194112
1195.06,0.119284
1484.42,0.148389
844.469,0.0844335
945.38,0.0944928
1549.65,0.154957
783.891,0.0783803
1165.74,0.116561
755.536,0.0755263
771.382,0.0771103
2181.73,0.218133
590.384,0.0589772
881.104,0.0879766
7367.46,0.734094
1294.41,0.129433
768.789,0.0766894
1894.88,0.189436
4295.15,0.429139
939.824,0.0939636
1608.67,0.160573
1027.43,0.102739
1038.8,0.103831
3213.14,0.321122
2528.36,0.252152
1057.86,0.105728
641.795,0.0641372
798.907,0.079876
733.703,0.0733517
1051.44,0.105135
1665.92,0.166524
794.256,0.0793938
1029.37,0.10289
1253.62,0.125313
1087.26,0.107274
1359.26,0.135719
3490,0.348888
1420.96,0.142088
6447.95,1.86768
5693.96,0.569008
925.916,0.0925719
12214.8,1.21753
2030.22,0.202882
9623.41,0.960477
922.127,0.0922068
1381.82,0.13812
1072.98,0.107294
1615.59,0.161529
739.413,0.0739155
890.294,0.0889482
1617.69,0.161757
14789.1,3.65545
714.473,0.0714361
779.714,0.0779572
2305.12,0.230497
775.822,0.077553
904.389,0.0904022
1652.29,0.165178
731.477,0.0730035
984.106,0.0983007
905.095,0.0905042
858.967,0.0858308
1335.45,0.133448
792.049,0.0791672
1218.63,0.121839
1236.37,0.123629
2092.79,0.209215
3442.37,1.76677
2149.21,0.214768
1045.6,0.10455
1312.48,0.131126
1638.89,0.163851
665.635,0.0665447
878.908,0.0878854
916.231,0.0915981
5857.92,0.585598
549.536,0.0549507
996.303,0.0996185
836.147,0.0835803
1501.14,0.150091
1167.66,0.11661
3263.37,0.325369
834.592,0.0833453
935.526,0.0935501
1167.24,0.116712
2314.05,0.231367
1368.96,0.136889
2924.93,0.292372
991.363,0.0991312
821.771,0.0820196
1325.28,0.132048
1034.51,0.103449
1220.19,0.121952
1326.64,0.132649
537.601,0.0537445
810.956,0.0810094
1566.5,0.156623
1370.56,0.136973
1676.67,0.167618
3428.54,0.341566
1089.04,0.108829
1072.96,0.107226
2974.61,0.297339
872.992,0.0872758
2221.52,0.221897
1947.9,0.194395
1481.63,0.148073
908.621,0.0904081
2609.65,0.26093
1269.22,0.126807
731.71,0.0731456
1057.89,0.105772
1282.19,0.128181
772.02,0.0771985
873.859,0.0872933
3501.11,0.34981
2126.22,0.212194
1081.96,0.108187
1099.4,0.109785
1232.83,0.12303
2238.31,0.223606
852.839,0.0852511
716.031,0.0715926
1242.22,0.124218
4813.89,0.481111
1295.62,0.129469
1638.7,0.163846
846.724,0.0846679
1223.04,0.12223
1744.67,0.17442
961.104,0.0960954
946.227,0.0946067
659.496,0.0659098
1163.45,0.116327
761.006,0.0760784
1096.93,0.109653
1930.07,0.192739
3631.04,0.363008
2044.23,0.204396
1513.39,0.151296
1041.51,0.104117
701.871,0.0699957
1268.76,0.126852
849.425,0.0849274
702.636,0.0701622
1007.59,0.100709
3076.29,0.305048
3297.32,0.329521
1140.56,0.114011
847.508,0.0847396
871.198,0.0871175
923.399,0.0923361
1108.11,0.11076
1778.93,0.177807
922.679,0.0920364
2754.94,0.275469
1773.49,0.177332
1343.73,0.13418
943.323,0.0942934
