EnergyDeposit(eV),LET(keV/um)
1049.86,0.104777
2265.25,0.226477
686.777,0.0685621
3505.29,0.349812
1291.13,0.128849
738.255,0.0737909
1298.1,0.129796
3472.21,0.34688
7538.92,0.752427
594.022,0.0591542
1610.55,0.160927
1940.23,0.193732
1968.52,0.196776
912.391,0.0912058
774.904,0.0769658
876.346,0.0876186
910.461,0.0910421
1406.93,0.140409
1238.6,0.12378
2666.7,0.266611
1005.64,0.100468
2594.35,0.259373
1407.31,0.140658
918.379,0.0918232
1020.68,0.102048
1911.41,0.191082
980.539,0.0980291
1729.26,0.17217
1474.9,0.14661
1136.67,0.113533
798.937,0.079891
727.274,0.0720147
1560.86,0.156033
1673.29,0.16727
1624.75,0.162445
1328.58,0.132636
958.464,0.0956199
1281.3,0.128123
3153.62,0.314681
2067.03,0.206461
874.223,0.0874019
589.242,0.0589211
1161.45,0.116095
923.083,0.0922368
792.799,0.0792496
1141.97,0.114158
1150.25,0.114934
1175.41,0.117524
1183.78,0.118338
1222.58,0.12223
4182.39,0.417899
1046.67,0.104457
1314.19,0.130313
710.15,0.0709642
4798.21,0.479337
694.479,0.0691097
961.04,0.0960864
775.511,0.0775464
1866.35,0.186601
1551.49,0.155036
1131.86,0.113143
1418.37,0.14172
1972.67,0.197221
806.354,0.0804443
1381.86,0.138168
3081.44,0.308108
2109.04,0.210849
1187.47,0.118682
2571.28,0.256623
973.152,0.097262
918.788,0.0917168
1151.89,0.11508
1441.21,0.143958
1054.48,0.10541
1748.37,0.174741
5756.67,0.574476
643.105,0.0642902
1165.64,0.116326
742.669,0.074221
1800.69,0.18005
389.48,0.0389458
2722.29,0.271819
1083.29,0.108318
1010.02,0.100999
719.529,0.0719399
1466,0.146448
2557.26,0.255373
3732.59,0.373203
987.304,0.0957189
992.635,0.0992593
1220.3,0.121971
1073.18,0.107314
1518.59,0.151851
797.221,0.0796272
829.253,0.0828675
1158.69,0.115864
935.866,0.0934968
1254.38,0.125199
2074.54,0.207315
2211.64,0.220559
2688.28,0.263199
1377.1,0.137564
981.129,0.0975265
1840.45,0.183536
1729.39,0.1729
1524.03,0.15239
946.323,0.0945521
1507.95,0.150603
899.306,0.0899208
1157.78,0.115771
740.398,0.0738794
1010.5,0.100991
700.816,0.0696995
897.783,0.0897745
591.941,0.0587091
860.67,0.0859252
2159.3,0.215249
1162.27,0.115193
8509.79,0.843579
1219.83,0.121915
880.099,0.0879838
1548.8,0.154742
1374.41,0.137393
631.38,0.0631173
2213.62,0.2213
1966.54,0.19664
1622.1,0.162177
1715.73,0.171518
1373.86,0.137265
2148.24,0.213789
1428.95,0.142837
954.535,0.0954007
1245.1,0.12439
2360.47,0.236042
2650.72,0.264588
996.176,0.099604
2270.83,0.226981
1164.88,0.116408
2193.89,0.219319
1004.68,0.10037
975.815,0.0973382
1097.78,0.109724
700.301,0.0700057
1571.69,0.156946
713.064,0.071301
1096.09,0.109587
1309.33,0.130926
992.529,0.0992435
766.021,0.0765964
2513.19,0.251153
1397.54,0.13971
868.317,0.086818
2597.71,0.259597
984.091,0.0982942
851.519,0.0850897
1018.51,0.101844
1460.29,0.145974
1035.91,0.103574
1008.42,0.100832
954.995,0.095476
932.563,0.0931353
1156.88,0.115674
1041.02,0.104093
779.116,0.0778421
1709.32,0.170899
528.472,0.0519979
1669.59,0.166846
1654.81,0.165453
1200.49,0.119822
923.366,0.092299
1006.62,0.100599
3189.68,0.318777
1259.11,0.1259
1538.43,0.153803
594.619,0.0594341
1410.1,0.140735
1300.63,0.129922
1440.89,0.143668
1182.03,0.118169
895.874,0.0895025
1087.56,0.108749
1926.03,0.191962
1746.41,0.174504
803.327,0.0803248
979.963,0.0979201
1022.73,0.102248
1514.99,0.151491
1807.76,0.180684
752.12,0.075194
1382.71,0.138231
1517.01,0.151676
855.622,0.085557
1986.69,0.198598
3472.81,0.347033
2349.53,0.234835
1661.8,0.166118
1047.29,0.104589
869.648,0.0869513
1092.94,0.109135
1196.39,0.119623
973.566,0.0973297
1203.56,0.120347
1351.93,0.13516
985.62,0.0985358
976.925,0.097661
834.628,0.0834162
1209.23,0.120908
1477.93,0.147749
1570.2,0.156955
1817.12,0.181411
2262.87,0.225523
3255.28,0.325309
777.748,0.0776589
1198.22,0.11978
4245.91,0.424155
1500.29,0.15002
2346.59,0.234602
762.517,0.0762341
860.871,0.086051
986.509,0.0985996
843.43,0.0842984
1749.26,0.174639
1580.63,0.158029
1072.22,0.106838
2288.34,0.228755
990.73,0.0946764
2683.72,0.268115
2874.19,0.287349
1367.75,0.136666
1405.84,0.140151
8212.02,0.819731
1029.25,0.101707
1992.03,0.199199
532.818,0.0532326
3343.97,0.333482
2283.25,0.228301
746.081,0.0745437
1046.9,0.104683
898.348,0.0898209
1578.53,0.157774
1336.63,0.133629
745.453,0.0745329
869.329,0.0869034
1967.64,0.19674
791.758,0.0791173
2082.42,0.208194
763.226,0.0762959
721.52,0.0721473
1046.29,0.104624
5211.09,0.520991
900.808,0.0899094
1523.16,0.152129
1253.23,0.12531
1789.74,0.17892
1973.12,0.19503
1357.3,0.135645
2928.6,0.344898
1135.41,0.113486
5793.78,0.578213
669.955,0.0669929
810.223,0.0810024
1004.9,0.100388
1372.62,0.137244
1423.76,0.142225
722.749,0.0722601
1672.66,0.167169
823.132,0.082287
2096.22,0.209397
998.072,0.0997926
1261.67,0.126122
3581.66,0.357725
4006.35,0.400464
2188.06,0.218626
1172.76,0.116424
931.477,0.0931389
1206.65,0.120579
1428.89,0.142698
814.601,0.081379
1394.53,0.139385
1260.67,0.125231
697.124,0.0697114
789.942,0.0789932
1416.18,0.141577
1802.31,0.180191
1283.4,0.12823
7527.54,0.751177
1984.23,0.198328
831.682,0.0831563
3706.54,0.370311
1305.94,0.13049
1989.8,0.198894
582.295,0.0581767
697.597,0.0696685
740.5,0.0740388
1514.83,0.15143
1705.37,0.170476
1121.28,0.112122
1089.15,0.108874
649.479,0.0649362
1730.58,0.172376
774.412,0.0773893
1212.34,0.121165
2730.02,0.272928
962.075,0.0962034
2616.63,0.261417
1551.51,0.15513
840.316,0.0840287
792.297,0.0792241
1416,0.14159
1170.88,0.117071
919.42,0.0919217
806.563,0.0806113
1051.45,0.105136
611.041,0.0610843
1386.95,0.138638
705.816,0.070561
3165.41,0.316487
887.276,0.0885431
1737.92,0.17337
1419.81,0.141938
1439.5,0.14393
6034.12,0.600014
1400.33,0.139847
870.776,0.0868049
1173.96,0.11738
764.557,0.0764537
1375.65,0.137547
751.136,0.0750557
858.837,0.0858043
640.743,0.0640098
947.733,0.0947658
1106.51,0.110535
660.188,0.0659761
1410.34,0.193287
1564.01,0.156374
1595.72,0.157682
910.998,0.0910548
2117.48,0.211704
2599.07,0.259867
1771.84,0.177012
1067.99,0.106655
1266.23,0.126573
779.949,0.0779871
593.514,0.059333
1061.67,0.106164
1230.61,0.12299
754.759,0.0754738
735.554,0.0735491
11459.6,4.72423
1358.9,0.135866
893.152,0.0893106
711.538,0.0685882
652.568,0.0651481
3211.44,0.320802
1323.75,0.132199
5628.39,0.561482
2503.16,0.248818
1063.98,0.10639
812.041,0.0810994
1831.74,0.183147
1341.7,0.134161
597.844,0.0597238
2945.62,0.293504
1820.15,0.181969
1544.54,0.154357
2259.54,0.225744
1392.92,0.139284
1088.21,0.108792
841.215,0.0838473
647.162,0.0637961
939.732,0.0938663
687.198,0.0687182
1420.56,0.142041
1450.16,0.144979
812.854,0.0812583
938.144,0.0937593
659.586,0.0659257
1214.87,0.121423
1345.21,0.134382
563.873,0.0563825
753.048,0.0752969
790.487,0.0790445
1075.51,0.107482
623.073,0.0622866
934.161,0.0934043
965.888,0.0965076
757.662,0.0757398
1637.91,0.163781
887.263,0.0876465
671.441,0.067108
704.49,0.070448
1458.16,0.145777
2116.84,0.204909
1259.68,0.125961
956.077,0.095584
783.472,0.0783287
1525.6,0.151975
1623.34,0.162256
307.331,0.0307263
992.902,0.0992053
2174.54,0.217109
1257.52,0.125724
1888.85,0.188741
721.291,0.0721285
866.135,0.0864179
1899.22,0.189792
831.557,0.0831333
959.058,0.0958704
725.883,0.0725607
984.38,0.0984262
1362.82,0.136098
960.254,0.0959549
1007.59,0.100697
927.622,0.0927542
962.5,0.096225
1223.19,0.122312
5471.66,0.547088
4751.16,0.474436
3006.52,0.300543
1008.85,0.100878
2295.68,0.229349
746.079,0.0746023
2604.14,0.260259
2336.41,0.233422
1160.9,0.116063
1692.6,0.169234
1680.92,0.167624
930.253,0.0930059
1151.62,0.115159
1325.49,0.132318
1293.87,0.129265
827.745,0.0827597
1165.4,0.116523
981.196,0.0980976
4250,0.424602
3008.27,0.299889
1917.85,0.187911
2567.32,0.256621
1108.89,0.110862
2245.78,0.224539
611.589,0.0610858
1641.9,0.164082
1078.95,0.107858
1034.24,0.103365
1754.18,0.174809
1367.69,0.135921
2710.26,0.27049
1027.27,0.102567
1775.36,0.177465
1428.62,0.142788
918.313,0.091661
1982.09,0.198168
677.926,0.0677907
376.554,0.0376504
1962.68,0.196028
875.85,0.0875816
1411.8,0.14091
15299,1.52013
1456.89,0.145316
1109.14,0.110839
1347.27,0.134719
1099.24,0.1099
4799.33,0.479677
1218.45,0.117145
1317.58,0.131714
1520.13,0.151991
741.963,0.074112
1306.69,0.130634
736.361,0.0736255
702.237,0.0701857
6527.23,0.646404
1192.92,0.119283
928.832,0.09264
1052.77,0.105253
1050.59,0.105045
1125.47,0.112388
1264.51,0.126432
543.636,0.0543545
2072.87,0.207265
895.807,0.0894917
1585.52,0.158388
2076.66,0.207394
1004.14,0.100404
1214.79,0.121456
962.324,0.0960856
696.625,0.0696417
1900.05,0.189742
945.922,0.0945702
2710.63,0.270907
3717.99,0.371677
1092.63,0.109218
826.819,0.0826253
3566.39,0.355965
1046.04,0.104577
2014.26,0.201396
789.392,0.0788262
1506.36,0.150567
824.39,0.0824344
1052.17,0.1052
988.991,0.0988469
1415.48,0.141056
688.483,0.0688412
502.418,0.0501659
1335.74,0.133325
5127.87,0.511606
724.128,0.0723896
632.389,0.063221
1224.24,0.122402
683.5,0.0683394
1003.14,0.100252
1265.44,0.126537
1622.33,0.162185
767.588,0.0767352
1170.7,0.116748
1231.13,0.123043
1164.34,0.116418
1197.35,0.119721
971.25,0.0970826
718.123,0.0717877
1271.92,0.127153
1580.22,0.15793
2750.82,0.274419
1777.65,0.177348
1507.72,0.150751
622.798,0.0622791
782.784,0.0782545
12573.5,1.2532
8023.24,0.801348
1663.63,0.166359
1761.69,0.176133
936.394,0.0936347
1589.27,0.15891
4580.39,0.457887
1734.13,0.173152
1305.18,0.130462
869.176,0.0868639
1700.67,0.169984
1089.54,0.108387
1770.81,0.177026
1878.57,0.187617
1456.97,0.14566
1441.29,0.14393
1285.63,0.128488
700.586,0.0697772
502.826,0.0502331
1518.31,0.151595
1863.58,0.186267
1055.34,0.10541
1104.86,0.110473
1280.11,0.128004
984.092,0.0981572
1375.3,0.137301
955.531,0.0955339
1227.51,0.122729
1041.4,0.104133
826.912,0.0826615
924.155,0.0923653
727.021,0.0726073
1262.33,0.12619
1078.74,0.107854
1615.57,0.161514
2118.73,0.211213
1164.8,0.116451
15886.6,1.58467
1739.04,0.173735
1239.14,0.123903
1290.48,0.128953
1479.93,0.147915
1360.98,0.136085
805.055,0.0803489
657.304,0.0657147
866.697,0.0866513
1206.67,0.120644
2261.9,0.226004
3375.93,0.337459
1419.91,0.141897
784.477,0.0784164
1906.22,0.19061
1101.31,0.110086
772.547,0.0772485
3396.46,0.338935
777.296,0.0777259
1166.37,0.116525
2728.15,0.272774
918.499,0.0917955
1365.83,0.136545
1111.35,0.111115
1280.03,0.127981
2080.16,0.207897
1441.11,0.144013
1274.74,0.127464
3985.85,0.398416
757.783,0.0756114
2325.12,0.23233
1271.81,0.127059
723.732,0.0722874
915.957,0.0915005
1121.91,0.112153
850.634,0.085054
883.382,0.0882692
673.914,0.0673349
2361.37,0.236035
2130.9,0.212634
3269.03,0.326631
728.446,0.0717376
1101.3,0.110069
2196.83,0.21962
1214.18,0.12141
2003.51,0.200275
1389.27,0.138823
1408.79,0.140823
1203.95,0.119931
1555.4,0.155516
1826.31,0.181534
727.143,0.072577
900.85,0.0900587
2489.7,0.248831
1983.67,0.198291
1174.77,0.117474
2737.62,0.273693
1254.67,0.125362
1046.37,0.104608
1670.01,0.166882
559.275,0.0559171
1349.17,0.134904
800.898,0.0800767
3017.59,0.301745
1228.26,0.122815
1664.03,0.166362
1113.09,0.111307
1816.47,0.181641
1189.42,0.118804
1280.57,0.128032
534.132,0.0533413
1060.22,0.106
3015.64,0.301546
1650.26,0.164956
1500.9,0.14924
862.254,0.0861451
1158.56,0.115824
711.218,0.0710751
1477.15,0.147512
689.399,0.0689255
2800.67,0.279893
1056.54,0.10565
1001.54,0.100144
631.538,0.0631413
1211.27,0.121018
3357.52,0.335616
889.375,0.0886515
1323.79,0.132353
565.389,0.0565218
1342.93,0.134183
723.984,0.0723945
944.071,0.0943948
846.104,0.0845923
1062.92,0.106221
932.119,0.0932009
1426.43,0.142387
692.41,0.0692351
618.853,0.0618622
2792.25,0.279191
1702.41,0.170151
1592.49,0.159247
1668.16,0.166701
1250.25,0.125014
2619.23,0.261745
1388.08,0.138795
2980.31,0.297875
2138.81,0.213147
1022.3,0.102212
1392,0.139175
1519.76,0.15164
792.014,0.0791866
1120.74,0.112033
1601.08,0.16008
706.986,0.0706857
954.72,0.0954285
679.093,0.0670519
1474.33,0.147401
3427.39,0.342676
1034.06,0.103255
2274.27,0.227396
13805.9,4.44039
1373.76,0.137012
2379.33,0.237855
844.755,0.0842808
1674.45,0.167439
726.176,0.0725793
961.157,0.0960833
1279.46,0.127933
1233.79,0.123304
1620.18,0.161988
4794.43,0.479056
2136.03,0.213166
1092.33,0.109228
1245.36,0.124361
2919.57,0.291751
497.775,0.0497654
3612.86,0.360894
2012.18,0.201076
864.099,0.0863837
2042.27,0.204194
1073.07,0.106612
1332.11,0.132876
1600.33,0.159998
837.63,0.0837362
709.284,0.0709112
7238.24,0.722692
1343.78,0.134351
1043.12,0.104267
2430.63,0.242962
2131.07,0.213046
3772.64,0.377006
2374.98,0.237413
1865.69,0.186556
1061.46,0.105975
1057.51,0.105736
945.64,0.0944283
2114.6,0.211413
915.567,0.0914406
1044.22,0.104375
4270.86,0.426299
1326.96,0.132655
863.567,0.0863419
869.112,0.0869021
1767.35,0.176486
614.997,0.061463
830.895,0.0830803
778.984,0.0770858
1782.45,0.178079
811.031,0.0810905
717.307,0.0716988
612.277,0.0612138
2587.77,0.258098
1716.51,0.171577
798.36,0.0798329
1259.24,0.125906
929.527,0.0929061
797.95,0.0797531
1188.89,0.118854
884.863,0.0884044
10971.4,1.09264
2440.44,0.243906
613.649,0.0613501
917.879,0.0915991
1375.46,0.13735
1114.25,0.111396
790.56,0.0790509
724.074,0.0723687
2753.43,0.2753
681.8,0.068174
1751.23,0.174996
1120.43,0.112035
1935.58,0.193134
2146.5,0.214518
547.304,0.0547297
2865.84,0.286453
2498.36,0.249694
1362.49,0.136033
2618.28,0.261757
1937.54,0.192502
947.594,0.0947281
1536.85,0.153525
578.689,0.0578658
796.928,0.0796755
3956.88,0.395531
1157.16,0.115687
1385.27,0.138503
1044.42,0.104439
5846.02,0.58403
1600.5,0.159993
1925.62,0.192555
1618.83,0.161816
2943.81,0.294241
990.843,0.0990821
2083.09,0.208286
1190.84,0.119071
818.116,0.0816653
1106.85,0.110658
1153.81,0.115255
3249.49,0.324674
2614.02,0.260731
2419.48,0.241661
3625.34,0.362397
693.303,0.0692899
487.457,0.0487392
1089.07,0.108876
2219.66,0.221198
1080.44,0.107917
931.169,0.0931143
1191.93,0.119149
2415.92,0.241577
2472.61,0.244382
8356.47,0.83372
2063.66,0.206217
1729.93,0.172938
1782.2,0.178201
1131.37,0.113126
1946.29,0.194527
822.671,0.08225
1166.17,0.116277
1109.49,0.110921
4296.03,0.428935
739.606,0.0738279
1647.07,0.164594
2498.7,0.249528
1775.55,0.177523
863.041,0.0863019
2832.16,0.283185
1073.09,0.107238
1720.83,0.1719
2985.95,0.298297
1099.56,0.109773
924.136,0.092351
2169.56,0.216761
1044.79,0.104459
1966.19,0.196213
1332.26,0.133218
1698.22,0.168185
1264.52,0.123453
704.707,0.0679347
1350.95,0.135049
478.799,0.0478672
2519.26,0.251864
3121.73,0.311833
1495.87,0.149576
910.319,0.0910265
2566.04,0.256432
2907.7,0.29052
907.062,0.0905982
1258.78,0.12568
1327.18,0.132659
775.55,0.0774078
2445.84,0.244187
1015.21,0.101456
1269.65,0.126924
1407.24,0.14069
936.109,0.093577
2122.1,0.212083
1538.9,0.153836
3781.29,0.377805
475.085,0.0475064
729.45,0.072942
1434.74,0.143405
885.447,0.088431
1626.81,0.162639
1702.34,0.169965
1259.8,0.125893
1385.07,0.138499
2458.08,0.244771
3112.81,0.31097
1686.24,0.16859
1327.68,0.132723
1167.25,0.11666
1522,0.152097
3032.44,0.302977
2396.08,0.238291
1102.34,0.1102
991.005,0.0990783
823.039,0.0822669
2290.26,0.228848
811.917,0.0811282
6441.28,0.64383
1761.7,0.176066
895.032,0.0894617
2182.39,0.218134
1143.77,0.114332
7954.89,0.79197
919.718,0.0919489
884.538,0.0884117
3165.12,0.316178
1194.19,0.119332
3132.78,0.313135
1641.84,0.163727
22019.5,2.18929
2933.19,0.293027
1379.52,0.13793
1173.49,0.117331
1532.67,0.153245
1274.26,0.127403
1545.41,0.15447
1741.42,0.174118
1078.35,0.107747
2132.65,0.213224
850.887,0.0850492
2216.27,0.221589
674.628,0.0674611
1464.49,0.14641
1424.49,0.142429
345.299,0.0344503
1097.11,0.109517
8069.78,0.805855
728.164,0.0726857
834.498,0.0833885
1360.37,0.135872
1117.96,0.111785
619.19,0.0617994
913.558,0.0913539
1157.57,0.115741
711.419,0.0708842
1369.85,0.136739
1961.43,0.196123
1569.5,0.156926
1404.53,0.140314
617.624,0.0617165
1547.34,0.154716
1426.66,0.142624
2160.66,0.2154
906.168,0.0905857
3115.93,0.311504
1568.98,0.156872
18783.7,1.86945
2358.53,0.235634
2737.19,0.273615
1633.49,0.163291
721.088,0.0720314
885.71,0.0884062
1499.85,0.149972
1614.86,0.161431
3637.71,0.363625
1292.56,0.129168
2702.74,0.270038
1006.01,0.100579
1194.54,0.119441
3344.76,0.334243
860.504,0.0859882
1078.97,0.107806
2491.49,0.249109
907.075,0.0906644
1085.38,0.108527
1775.55,0.169763
953.997,0.0953893
796.609,0.0796332
1795.28,0.179511
1471.97,0.14685
996.533,0.0996477
2487.98,0.24852
1381.88,0.138161
6137.75,0.613537
1132.22,0.113214
801.967,0.0800965
2497.45,0.249636
888.954,0.0888721
1184.92,0.118488
1252.78,0.125265
1352.77,0.134721
936.627,0.0936057
1330.47,0.133033
1145.87,0.114494
1397.6,0.139737
1198.33,0.119824
21445.8,2.1373
973.753,0.0973588
1136.02,0.113583
910.574,0.0910451
1968.59,0.19684
11024.9,1.10016
2777.98,0.277702
2791.55,0.278465
878.749,0.0878453
1806.51,0.180627
2355.23,0.235307
1147.57,0.114711
2495.65,0.249509
11415.7,5.30939
804.954,0.0804116
1380.22,0.137099
1865.77,0.186531
8417.97,0.83982
11901.9,1.18972
1532.41,0.15296
933.874,0.0933811
785.44,0.0785379
1129.29,0.112816
2131.37,0.213076
1022.65,0.102147
1199.19,0.119514
1528.65,0.15285
7756.24,0.771929
1475.86,0.147436
476.251,0.0476236
1870.1,0.186651
1284.31,0.128361
1722.81,0.172263
1474.19,0.147381
1032.09,0.103165
663.935,0.066241
1695.39,0.169048
2256.6,0.225326
715.451,0.0715396
1128.97,0.112592
1225.24,0.122518
1801.66,0.180109
1450.11,0.144962
883.968,0.0883933
1490.04,0.148882
1679.53,0.167877
2310.04,0.230898
852.66,0.0851215
1871.2,0.187073
979.357,0.0979272
19876,1.98684
1036.78,0.103516
2494.13,0.24885
986.868,0.0986429
773.624,0.0772918
880.117,0.0879978
1864.82,0.18646
626.829,0.0626311
10171.7,1.01341
1510.04,0.150989
661.798,0.0661757
1012.81,0.10119
762.395,0.076216
652.754,0.0652644
900.848,0.0900802
1017.22,0.101647
1157.32,0.115686
845.657,0.0845408
683.662,0.0683127
1907.27,0.190657
599.947,0.0599167
848.712,0.0848643
3787.96,0.378739
1225.97,0.122556
731.679,0.0730397
1453.86,0.145348
1336.74,0.133647
4959.26,0.494961
1155.16,0.115505
2187.26,0.218196
750.834,0.0750715
1303.63,0.130146
898.61,0.0898537
3299.94,0.329469
3679.24,0.367638
868.706,0.0867645
596.1,0.0595841
1578.62,0.157776
900.014,0.0899903
984.278,0.0984166
701.655,0.0701623
1405.05,0.140445
1461.1,0.146082
908.3,0.0908197
1138.83,0.113878
1079.05,0.10788
1268.64,0.126558
1077.53,0.107679
1132.42,0.113228
1011.43,0.101111
4455.82,0.444892
1402.56,0.14024
1097.14,0.109475
1561.19,0.155795
1379.66,0.137936
1271.95,0.127134
1018.37,0.101748
711.87,0.0711562
998.572,0.0998439
1021.52,0.101928
1335.2,0.133497
951.962,0.0951873
919.005,0.0918821
1100.43,0.10999
1016.33,0.102534
998.317,0.0998248
2306.38,0.230521
924.852,0.0924286
1713.49,0.171245
2863.13,0.28623
778.753,0.0777227
1491.96,0.149142
4174.29,0.406586
2704.11,0.27029
969.786,0.0969556
1830.39,0.182974
2375.96,0.237509
1229.74,0.122967
751.773,0.0751171
692.605,0.0692209
614.561,0.0614461
1684.97,0.168466
1068.9,0.106726
1391.89,0.139136
1861.38,0.186128
686.54,0.0686508
1283.38,0.128303
1632.64,0.163246
841.446,0.0841069
1231.63,0.123147
1107.73,0.110715
1530.19,0.152861
1179.27,0.117841
822.895,0.0822651
923.499,0.0923287
631.911,0.0631903
991.521,0.0991416
1131.11,0.112938
1043.66,0.104344
967.072,0.0966873
674.274,0.0671493
1028.5,0.102829
1905.83,0.190541
559.542,0.055901
1937.05,0.193367
998.888,0.0998175
786.089,0.0785747
1665.78,0.166276
1228.73,0.122845
548.409,0.0548264
2029.38,0.202922
887.803,0.0887781
938.585,0.0938467
896.935,0.0896745
1248.51,0.124825
3476.02,0.347548
1460.01,0.145957
750.354,0.0748049
1164.84,0.116455
1170.86,0.116986
1269.08,0.126887
1124.34,0.112412
1217.68,0.121579
1386.5,0.138626
1518.41,0.15183
971.387,0.093843
1769.39,0.176769
1395.1,0.139437
1018.41,0.101837
1708.11,0.17075
740.506,0.0740307
532.324,0.0531708
1083.37,0.10832
723.383,0.0723264
893.203,0.0893022
1147.27,0.114721
1193.59,0.119288
929.095,0.0928882
2140.64,0.213803
1559.54,0.155925
1260.43,0.125982
798.629,0.0798483
1475.89,0.147489
670.849,0.0670394
2058.96,0.204136
1551.99,0.155147
686.608,0.0685668
755.308,0.0748262
537.74,0.0536924
545.833,0.0545631
965.595,0.0965049
760.947,0.0755751
1285.61,0.125082
1033.99,0.10336
963.476,0.0960553
1335.58,0.133335
1123.35,0.112221
826.995,0.0826607
1753.04,0.175193
1113.87,0.111274
1576.25,0.157538
4219.97,0.420832
1404.42,0.140313
2050.85,0.205018
1141.02,0.114063
782.345,0.0779753
1048.4,0.104824
984.889,0.0981811
817.143,0.0815452
615.418,0.0614445
878.14,0.0877365
1482.28,0.148214
1751.06,0.17509
1585.49,0.15848
1217.13,0.121689
1929.07,0.192826
1765.84,0.176437
1312.63,0.130957
849.725,0.0849582
5179.43,0.517219
2814.42,0.281181
19578.3,1.94924
2613.64,0.261099
1488.49,0.148787
586.539,0.058631
883.565,0.0883272
1427.04,0.142671
881.992,0.0880466
12181.4,1.21315
1035.75,0.103524
1959.32,0.195911
1770.45,0.176995
1144.21,0.114418
1917.02,0.191664
1117.55,0.111531
7122.25,0.71185
827.401,0.0825702
1207.95,0.120759
562.082,0.0561543
851.684,0.0850998
2530.68,0.249249
1526.55,0.152621
936.271,0.0807057
3288.99,0.328657
1158.72,0.115822
1242.64,0.124228
660.68,0.0660675
3877.42,0.387622
1448.67,0.144844
975.636,0.0974701
1249.17,0.124875
3076.42,0.307496
1143.02,0.114127
1175.65,0.117559
1912.56,0.191205
946.103,0.0946038
808.099,0.0808043
902.751,0.0902743
1311.48,0.13114
3040.65,0.303909
1795.21,0.179294
1761.02,0.17591
1018.37,0.101788
2008.19,0.200671
2469.35,0.246877
1276.41,0.127565
1211.4,0.121113
793.766,0.0761831
1987.47,0.198646
729.485,0.0729333
807.084,0.0806752
2426.98,0.242488
1127.79,0.112741
2321.05,0.232025
1204.03,0.120248
1273.04,0.127269
10077.3,0.996922
1776.29,0.177328
2532.55,0.253034
2073.56,0.20698
3428.54,0.342743
2383.09,0.238239
2445.17,0.244046
1068.13,0.106802
644.741,0.0644518
1652.39,0.165213
1422.62,0.14166
2054.02,0.20536
2656.69,0.265488
1409.76,0.140906
1129.89,0.112944
906.672,0.090562
871.256,0.0868324
1113.81,0.111355
1407.46,0.140554
1216.47,0.121197
1335.78,0.133572
938.942,0.0938539
1062.24,0.106215
687.132,0.0685546
705,0.070448
827.512,0.0827465
2757.51,0.275591
1178.69,0.117853
2582.19,0.257666
1971.34,0.19673
1017.55,0.101687
1800.54,0.179936
3301.99,0.329925
1910.63,0.191004
2061.47,0.205772
6749.06,0.674209
2242.47,0.223752
977.116,0.097615
1234.79,0.123404
2046.57,0.204446
1951.83,0.195079
925.59,0.0925006
913.525,0.0913507
2831.72,0.282298
876.871,0.0876615
990.237,0.0987719
2121.42,0.212086
892.407,0.0892339
1140.24,0.113926
518.745,0.0517169
1018.83,0.10172
1516.05,0.151599
1223.21,0.122248
2032.32,0.203202
720.548,0.0720251
1104.88,0.110441
1676.17,0.167531
1270.38,0.127012
1362.64,0.136174
1229.55,0.122932
679.274,0.0678955
2190.81,0.218834
1255.58,0.125543
1544.2,0.154362
1808.05,0.18077
980.471,0.0978642
1640.16,0.163947
1336.81,0.133582
793.471,0.0793386
1961.98,0.195926
913.768,0.0913638
899.976,0.0899929
644.299,0.064213
1514.33,0.150701
1832.46,0.183217
1698.34,0.169544
2866.99,0.286434
834.287,0.0834205
1394.06,0.139386
1467.56,0.146658
1306.35,0.13058
524.715,0.0524623
326.67,0.0326621
1574.57,0.156954
4570.79,0.455345
1351.19,0.135052
1287.34,0.128584
1824.12,0.182319
583.215,0.058316
1438.2,0.143498
3760.73,0.375814
1045.72,0.104557
1575.17,0.158234
716.946,0.0715347
993.007,0.099237
909.101,0.0908712
1638.3,0.163764
1534.56,0.153268
936.683,0.0936495
1737.31,0.17372
2298.92,0.229857
758.367,0.0757143
613.507,0.0613361
1115.96,0.111469
1164.23,0.116401
2379.73,0.23788
1400.07,0.139995
924.135,0.0923814
2774.99,0.277243
1534.69,0.153404
1612.72,0.161191
515.59,0.0515558
1230.46,0.122991
1184.52,0.118423
1168.45,0.116835
1091.59,0.109146
1954.59,0.195258
1117.72,0.111742
1237.93,0.123703
881.661,0.0881088
1043.53,0.10434
1338.63,0.133764
1323.09,0.132271
921.527,0.0921284
1379.5,0.137916
1420.48,0.141998
2131.1,0.212741
2802.99,0.280251
2099.56,0.209675
1232.29,0.123208
1014.04,0.101353
740.215,0.07399
1648.13,0.16331
1174.45,0.11741
3162.99,0.315762
420.671,0.0420509
744.566,0.0744492
622.007,0.0620435
2505.48,0.250511
1392.13,0.139198
1836.24,0.183522
982.171,0.0981744
1277.73,0.12767
2103.31,0.210292
536.166,0.0536026
981.282,0.098124
1768.59,0.170493
1109.72,0.110952
2314.01,0.231251
934.302,0.0933917
904.434,0.0904374
986.833,0.0986714
1241.22,0.123743
1184.99,0.118333
4569.15,0.456726
1502.21,0.150209
1677.51,0.167715
2445.3,0.244331
3231.35,0.322845
944.549,0.0944412
3369.3,0.33636
665.728,0.0665562
1397.48,0.139726
1997.58,0.199578
1434.09,0.143371
3989.57,0.398496
891.484,0.0891419
1367.79,0.136356
1475.17,0.147454
1738.84,0.173773
2982.7,0.298177
773.789,0.0771146
2727.67,0.272629
942.776,0.094248
1267.51,0.126745
1417.56,0.141732
3394.82,0.338717
4149.22,0.414598
716.414,0.0715474
1463.31,0.146318
927.461,0.0927135
1066.16,0.10661
1347.11,0.134669
1706.42,0.170612
1381.3,0.136243
1054.32,0.105407
950.456,0.0947743
1733.88,0.165751
2198.1,0.219758
856.432,0.0856349
1168.71,0.116846
2228.93,0.222665
1028.22,0.102789
913.755,0.0912514
922.207,0.0921784
1738,0.173767
7670.9,0.766977
1515.23,0.151447
991.692,0.0991196
603.793,0.0603527
530.822,0.0530669
1520.53,0.152024
2834.27,0.283224
878.906,0.0878574
827.228,0.0826826
883.67,0.0883204
1644.97,0.164466
1429.87,0.142842
4123.44,0.411629
731.151,0.0731
3446.89,0.344203
1898.13,0.18962
1151.4,0.11496
1218.49,0.121834
907.745,0.0907569
869.426,0.0868907
658.027,0.0657873
1354.52,0.135444
946.813,0.094676
2031.04,0.202515
2164.44,0.216394
1217.63,0.121602
1185.07,0.1185
2219.84,0.221827
913.978,0.0911915
1368.12,0.136805
666.397,0.066576
2102.94,0.210262
1598.28,0.159576
985.258,0.098506
2101.95,0.210148
2645.84,0.264495
1551.44,0.155059
1228.28,0.122767
1140.1,0.113982
1747.97,0.174785
1641.56,0.164134
1896.24,0.186947
9392.51,0.932791
976.096,0.0962263
1135.64,0.113555
1003.15,0.100308
2838.11,0.283398
828.469,0.0828001
1168.65,0.116796
1194.18,0.119373
916.451,0.0916131
1477.77,0.147761
937.196,0.093686
1378.14,0.137674
784.912,0.0784866
1070.81,0.106827
1028.2,0.102447
617.88,0.0612508
1147.44,0.114508
3711.99,0.370957
913.819,0.0913696
1315.51,0.131308
1998.84,0.199716
1604.56,0.160445
830.673,0.0829348
1807.2,0.180281
925.072,0.092436
1044.17,0.105076
489.36,0.0489281
3673.9,0.367197
1565.27,0.156455
4578.36,0.456941
1909.34,0.190913
2391.79,0.239071
876.599,0.0875241
1750,0.174981
791.714,0.0791687
1735.03,0.173322
1460.68,0.146047
1358.77,0.135867
1226.93,0.122616
3935.56,0.67312
846.311,0.0846148
2011.59,0.200853
2424.88,0.242375
731.38,0.073129
1409.55,0.14095
2650.25,0.26498
2390.65,0.236162
720.694,0.072052
4133.29,0.412393
1045.95,0.104568
1438.89,0.143766
857.883,0.085744
1035.35,0.103485
1208.03,0.120642
748.278,0.0747938
3573.73,0.357331
1085.98,0.108591
1308.24,0.13062
1150.97,0.115038
733.441,0.0731529
4158.69,0.41461
1113.55,0.111335
5642.49,0.562896
945.969,0.0945857
3837.55,0.383575
1399.52,0.139831
2602.76,0.259821
578.382,0.0578254
1763.52,0.176239
1051.58,0.104651
1148.56,0.114779
1064.8,0.106312
1228.69,0.122854
709.054,0.0708799
1155.36,0.115511
1788.93,0.178871
982.466,0.0982403
1875.98,0.187423
1211.26,0.121122
16511.8,1.64464
968.732,0.0968424
1919.03,0.191891
939.994,0.0939914
6215.44,0.6205
1366.61,0.136609
1230.28,0.123015
596.88,0.0596876
5854.26,0.584221
857.475,0.0857418
809.414,0.0809378
964.989,0.0964616
1933.9,0.193197
1051.35,0.105116
1212.58,0.121185
845.084,0.0844571
910.165,0.0910085
742.646,0.0742561
2010.9,0.200887
766.316,0.076592
1429.17,0.142125
2408.77,0.240783
2298.76,0.229704
1044.51,0.104429
958.733,0.0958712
936.019,0.0910361
470.27,0.0470208
1054.55,0.105401
971.95,0.0971856
2785.88,0.278473
983.996,0.0983947
3054.71,0.305242
1072.38,0.107204
636.149,0.0636131
858.386,0.0858346
1011.91,0.100754
921.18,0.0920412
1097.43,0.10963
1527.32,0.15272
1263.06,0.126229
731.162,0.0730655
1127.44,0.112738
526.582,0.0526484
473.383,0.0473356
2467.27,0.246065
834.004,0.0833559
1038.19,0.103354
841.9,0.0841413
972.646,0.0971864
1579.6,0.157853
1215.47,0.121514
1670.53,0.166999
4936.33,0.491048
1741.5,0.174138
1567.03,0.156576
770.71,0.077044
978.692,0.0978592
1739.14,0.173867
1433.95,0.143255
1265.01,0.126484
736.002,0.0734904
1857.77,0.18577
829.168,0.0828379
1831.61,0.182729
829.857,0.0829698
984.52,0.0984421
926.084,0.0925567
800.406,0.0800295
1995.08,0.199482
1304.17,0.130281
1159.04,0.115896
1362.37,0.136124
2900.47,0.276078
1651.78,0.165115
733.714,0.0732882
927.416,0.0926425
1498.86,0.149865
2467.67,0.246604
708.067,0.0707883
1578.07,0.157779
650.144,0.0649684
1592.82,0.159215
2218.31,0.221723
1261.93,0.126134
1651.05,0.16509
1003.49,0.100329
801.206,0.0799204
3125.46,0.312411
1328.57,0.132728
1746.31,0.174604
1217.38,0.121632
1721.61,0.172063
560.463,0.0560137
688.257,0.0688059
948.691,0.094849
677.057,0.0676977
4356.38,0.435333
10014.2,0.996283
789.938,0.0789606
1424.19,0.142372
736.139,0.0734926
1155.41,0.115517
2539.98,0.253952
1837.2,0.183692
369.572,0.0369543
1266.18,0.126608
967.675,0.0967568
2703.81,0.270165
4439.29,0.440454
1184.57,0.118364
1568.15,0.156714
1351.14,0.135001
1256.81,0.113204
1338.9,0.133835
1475.78,0.147555
1357.4,0.135726
1407.08,0.140697
4021.71,0.40207
1186.82,0.118679
1548.56,0.15481
564.474,0.0564294
1578.57,0.157827
730.785,0.0730764
1361.87,0.13614
1479.25,0.14789
1657.91,0.165679
885.923,0.0885873
1763.28,0.176125
985.827,0.0985662
2671.8,0.267128
3291.63,0.329021
1063.57,0.106347
765.585,0.0765368
740.715,0.0739999
1812.47,0.181129
1203.04,0.120154
792.143,0.079178
1082.54,0.108207
1077.13,0.107667
1158.42,0.115758
1526.97,0.152643
1003.88,0.100339
1747.7,0.174334
1098.53,0.109826
2483.64,0.248307
1814.37,0.181399
2032.15,0.203108
791.649,0.079087
1347.37,0.134609
1353.03,0.135236
845.268,0.0845179
2361.05,0.236087
877.843,0.0875942
4437,0.442891
2811.8,0.281075
660.241,0.0660023
738.494,0.0738448
2288.66,0.228429
928.388,0.0927459
702.551,0.0702434
1066.32,0.106613
902.796,0.0902749
1968.13,0.194545
1497.15,0.149704
1022.69,0.102261
1589.33,0.158906
1393.35,0.138907
1510.13,0.151
1185.29,0.118498
929.842,0.0929726
1300.3,0.129906
1788.46,0.178465
1265.18,0.126468
1400.92,0.139948
1436.05,0.143578
6234.3,0.623348
834.251,0.0834215
780.691,0.0780356
1315.96,0.131488
790.088,0.0789019
984.65,0.0983997
1318.43,0.131655
1304.15,0.130386
1499.22,0.149892
1446.08,0.144546
2440.53,0.243788
746.871,0.0746845
1538.49,0.153675
896.733,0.0895372
2281.86,0.227465
488.212,0.0488099
1841.62,0.183337
12071.6,1.19968
1557.27,0.155145
1148.05,0.114787
2644.68,0.264452
878.422,0.0876052
17023.9,4.24868
741.151,0.0740946
727.988,0.0727895
767.283,0.076722
2149.28,0.214893
1447.84,0.144722
1020.63,0.101999
2568.91,0.256881
625.365,0.0625273
539.776,0.053166
834.43,0.0834153
2063.16,0.205975
3744.38,0.374235
1162.56,0.116205
885.521,0.0885104
2640.14,0.263786
1339.15,0.133883
1396.37,0.139618
2313.22,0.231171
921.159,0.0920874
5633.84,0.562265
1079.77,0.107946
965.616,0.0964333
1208.8,0.120739
1505.36,0.150521
1382.04,0.137905
1724.98,0.172409
1301.02,0.130088
1097.61,0.106598
2944.64,0.294293
2007.39,0.200679
1162.02,0.116127
1686.74,0.168548
3817.01,0.381524
1078.44,0.107765
2720.68,0.270661
1650.06,0.164938
851.262,0.0850388
814.394,0.0814152
958.923,0.0958873
5939.06,0.593636
1758.87,0.175867
941.669,0.0941585
1832.79,0.183177
3258.71,0.325761
842.18,0.0838652
1370.88,0.136919
661.958,0.0661943
1457.51,0.145696
891.029,0.0890794
980.734,0.0971585
1314.8,0.131278
1311.99,0.131082
1374.93,0.137485
879.815,0.0879031
1436.91,0.143685
786.558,0.0784952
1115.26,0.111446
1933.43,0.193016
1349.91,0.116744
1191.01,0.119022
1385.05,0.138496
702.083,0.0701698
1306.31,0.130546
658.622,0.0657128
878.492,0.0878314
908.714,0.0908579
1219.49,0.1219
3477.09,0.347519
1688.81,0.168685
1450.12,0.144974
1784.29,0.178236
1855.22,0.185401
1364.72,0.135795
732.252,0.073209
1172.55,0.117226
797.31,0.0797103
2010.72,0.200994
942.889,0.0942825
1059.11,0.105898
1213.72,0.121021
669.035,0.0668794
1809.32,0.180887
891.931,0.0891837
2722.23,0.272053
1432.86,0.143227
988.193,0.0986907
4376.17,0.436993
1036.55,0.103615
1520.5,0.151915
1423.11,0.142275
1206.12,0.120143
730.697,0.0730513
2101.29,0.210069
1403.94,0.140244
1944.98,0.19447
1180.17,0.117652
1683.16,0.168054
866.584,0.086643
1311.42,0.131133
1082.08,0.10639
770.72,0.0770443
1269.2,0.126891
726.097,0.0725902
814.245,0.0814067
1339.2,0.133878
1709.7,0.17089
924.562,0.0924112
1266.55,0.126518
816.217,0.0814437
720.013,0.0719776
1954.51,0.195355
532.655,0.053223
645.7,0.0645667
865.432,0.0865332
2521.93,0.252119
2359.24,0.235627
1078.89,0.107823
822.036,0.0822018
1764.61,0.176236
2295.36,0.22922
1208.72,0.120838
895.059,0.0893409
2068.33,0.206822
782.824,0.0782535
1889.56,0.188911
1361.81,0.136094
2522.57,0.251881
2624.79,0.262422
1044.72,0.104445
1020.89,0.102021
762.31,0.0762194
1458.04,0.145788
2530.52,0.252556
1607.71,0.160591
1518,0.151758
817.081,0.0817012
1433.94,0.143365
965.527,0.0965471
1112.41,0.110892
1639.57,0.163888
1525.47,0.152469
1481.44,0.148096
1091.25,0.10911
1732.82,0.173265
1685.21,0.168446
1426.07,0.142496
1085.79,0.107809
2309,0.230868
981.647,0.0980244
3012.39,0.301193
1443.82,0.144352
1345.53,0.13452
14765.2,2.9512
588.599,0.0587377
1633.37,0.163
966.713,0.0966618
1297.22,0.129652
689.414,0.0689325
991.958,0.0991887
1699.61,0.169926
1492.61,0.149253
852.439,0.0852097
1141.5,0.114092
896.85,0.0896373
1332.81,0.133249
921.352,0.092103
1382.24,0.138145
1118.09,0.111783
1531.25,0.153094
747.201,0.074666
838.985,0.0838574
956.691,0.0955316
1258.53,0.125823
795.564,0.0791801
2535.36,0.253469
3186.37,0.31851
1217.08,0.121706
1061.23,0.106089
8655.78,0.864012
13911.4,1.38784
930.8,0.0929945
1610.67,0.161003
1009.44,0.100933
941.533,0.0941453
936.822,0.0936222
1530.98,0.152804
974.754,0.0974026
1612.85,0.161217
700.252,0.0700214
2357.86,0.235681
942.522,0.0938711
928.78,0.0928699
1650.21,0.164947
2419.21,0.241824
1183.67,0.118292
1812.66,0.181243
1895,0.189479
2974.34,0.297202
2808.87,0.280717
750.812,0.0750301
555.936,0.0555907
1115.66,0.110757
789.573,0.0789417
1747.49,0.174706
1068.36,0.106779
1253.96,0.125256
2030.18,0.202883
1692,0.169106
1972.1,0.196845
938.953,0.0937989
2587.21,0.258499
5362.46,0.534138
1016.03,0.101586
2113.83,0.211363
810.682,0.0810486
1457.59,0.145738
1057.41,0.105671
1780.62,0.178008
811.82,0.080126
1224.12,0.1224
929.493,0.0928051
1545.55,0.154399
2060.2,0.205971
1579.43,0.157935
983.579,0.0982661
2130.67,0.213033
950.378,0.0949879
1200.59,0.120038
1358.54,0.135795
14121.6,1.40773
1165.04,0.116424
1144.13,0.114402
1633.81,0.163376
677.574,0.067712
1132.66,0.113261
674.59,0.0674322
521.815,0.0521738
988.155,0.0987468
2597.14,0.259442
1474.34,0.147378
2043.02,0.204086
1200.21,0.12
1144.45,0.114402
1219.19,0.121884
1126.44,0.110538
1130.32,0.113019
4321.2,0.432047
488.398,0.0488149
1135.87,0.113572
839.408,0.0838858
1121.96,0.11216
1360.57,0.136035
642.444,0.0642152
1073.76,0.10734
1478.67,0.147529
817.494,0.0817346
1798.14,0.179784
1184.39,0.118318
800.224,0.0799684
1008.14,0.10081
1558.33,0.155769
1376.95,0.137583
2241.07,0.224096
1027.62,0.102693
1423.6,0.142283
3636.54,0.363409
976.827,0.0976043
679.109,0.0678524
1033.05,0.103282
716.536,0.0716529
999.621,0.0998701
1524.26,0.152386
1278.72,0.127845
3042.06,0.303691
1089.72,0.108838
961.177,0.0961059
1148.45,0.114834
594.048,0.0594009
3874.74,0.387041
1332.31,0.133195
789.914,0.0789633
1082.49,0.108225
1073.06,0.107243
1969.79,0.196904
1399.15,0.139834
746.052,0.0746018
822.444,0.082239
948.499,0.0948301
1100.11,0.109871
722.54,0.0722525
988.662,0.0988596
3345.43,0.334223
3083.14,0.307804
913.761,0.0913678
1236.49,0.123477
1472.81,0.147135
804.86,0.0804381
1366.03,0.136579
778.094,0.0778069
775.012,0.0774908
976.129,0.0975838
1729.28,0.17284
1164.65,0.116411
1043.11,0.104188
2099.87,0.209544
634.602,0.0634443
2418.61,0.24178
1043.74,0.10433
1192.43,0.119209
1407.11,0.133405
1050.37,0.104908
1629.88,0.162972
882.063,0.0851936
1045.93,0.104496
2344.19,0.2342
831.324,0.0831126
1062.98,0.106294
823.119,0.0822986
627.659,0.0627601
2192.94,0.219187
1696.95,0.169459
2137.19,0.213432
2383.2,0.238227
364.372,0.0364224
1108.27,0.110821
596.277,0.0596205
1222.82,0.122264
613.962,0.0613667
1095.98,0.109556
1371.25,0.137111
923.169,0.0923062
2897.6,0.289165
1570.67,0.156998
5563.29,0.555298
6580.4,0.657543
888.575,0.0887995
732.568,0.0731177
1138.76,0.113767
3136.48,0.313555
895.272,0.0895184
651.162,0.065115
1642.69,0.164208
916.446,0.0916327
652.615,0.0652563
1498.39,0.149741
6949.92,0.693737
1633.91,0.163308
766.731,0.0766618
830.858,0.0830817
594.131,0.0594083
4462.85,0.446099
595.26,0.0594583
1496.3,0.149602
1157.23,0.115676
2199.16,0.219598
1611.03,0.16105
790.564,0.0790365
1126.36,0.112608
852.26,0.0850739
950.909,0.0950878
974.179,0.0973842
814.379,0.0813773
616.851,0.0616767
971.076,0.0970742
754.045,0.0753692
2156.24,0.215049
672.274,0.0671874
930.295,0.0929995
865.465,0.0865218
3987.53,0.398427
797.492,0.0797462
1457.96,0.145789
1124.06,0.112333
1620.08,0.161941
715.892,0.0715827
1159.28,0.115919
1616.65,0.16159
674.234,0.0673672
1166.71,0.116616
1434.27,0.143277
1104.56,0.110215
1783.93,0.178264
3001.03,0.300025
1050.74,0.105056
1043.24,0.104232
990.904,0.0989787
1018.81,0.101834
3049.52,0.304343
1830.84,0.181889
1635.27,0.163303
4431.15,0.442778
918.612,0.0918226
1061.52,0.106147
977.758,0.0977538
1367.75,0.136719
1475.59,0.147439
520.376,0.0520349
2518.17,0.251455
1112.06,0.11107
946.414,0.0945989
1029.9,0.102967
1140.21,0.109605
21812.9,2.17814
960.477,0.0960324
790.286,0.0790169
920.071,0.0920048
1566.93,0.156686
2334.33,0.233423
443.487,0.0443376
2181.49,0.21809
771.051,0.0770972
733.05,0.0732891
851.78,0.0851759
1846.11,0.1846
1903.17,0.189798
1103.21,0.110302
1266.35,0.126621
1269.94,0.126976
985.076,0.0983711
1540.44,0.153784
1174.38,0.117424
1190.27,0.119002
1187.53,0.118738
1317.77,0.131715
1008.09,0.100802
1216.11,0.12158
1813.48,0.181217
681.533,0.0680943
3585.56,0.358386
880.042,0.087937
901.851,0.0901719
2000.99,0.199992
2038.05,0.203704
1123.93,0.112303
2647.3,0.264434
1366.17,0.136494
1252.51,0.125239
1606.02,0.16038
1264.24,0.126403
2185.96,0.218524
1768.08,0.175921
1197.09,0.117467
2037.3,0.20241
3725.86,0.372456
10754.5,1.07252
755.982,0.0755952
1081.53,0.10812
4474.1,0.447065
1252.6,0.125241
684.388,0.0679443
1541.06,0.154046
1599.3,0.159894
890.533,0.0890496
723.731,0.0723618
1075.63,0.107386
2195.96,0.219508
1685.58,0.168292
996.318,0.0995544
1115.55,0.11151
756.819,0.0756729
497.751,0.049613
1145.24,0.114517
1341.74,0.134111
1034.11,0.103401
1705.63,0.1695
2126.51,0.212518
1593.77,0.159296
1590.58,0.158462
397.511,0.0397386
786.265,0.0785811
1680.68,0.167246
1173.52,0.117119
1361.15,0.135943
1415.56,0.141274
761.5,0.0761364
954.327,0.0953076
2442.72,0.244059
1576.81,0.157594
1234.82,0.123454
1074.61,0.107457
3784.56,0.378234
944.105,0.0943204
1715.07,0.171458
2150.64,0.215039
812.543,0.0812374
1036.76,0.103621
824.059,0.0823307
2143.53,0.190289
2877.73,0.287397
1585.31,0.158326
1100.76,0.109795
749.731,0.0749346
1094.13,0.109359
1381.65,0.138131
2427.89,0.242727
1173.29,0.117217
1603.84,0.15363
1060.89,0.106036
1849.2,0.184867
976.886,0.0976505
1876.1,0.187529
1131.66,0.113157
707.994,0.0707983
1501.99,0.150183
1558.94,0.155691
1315.72,0.131432
1354.09,0.135407
1019.97,0.101927
788.45,0.0785908
2020.82,0.202014
1116.53,0.111651
1227.66,0.122575
1288.15,0.128794
1358.34,0.13581
4122.26,0.411894
1783.31,0.178091
726.58,0.0726537
4229.68,0.422309
1992.46,0.199189
1444.44,0.144278
1237.63,0.124546
5473.54,0.547213
844.374,0.0842652
1210.09,0.120958
1747.5,0.174612
710.559,0.071039
1063.71,0.106237
1178.84,0.117812
877.505,0.0877463
840.083,0.0839992
942.507,0.09424
979.605,0.0979426
1423.59,0.142098
2673.28,0.267269
959.5,0.0959267
1401.66,0.140122
1970.36,0.19683
885.897,0.0885872
1133.09,0.113297
1829.65,0.182916
1283.81,0.128365
2964.65,0.296314
684.996,0.0684705
1298.22,0.129752
1487.93,0.148783
966.74,0.0964677
1022.56,0.102152
1161.62,0.11612
2371.75,0.236983
1174.72,0.11746
927.76,0.0927493
1217.82,0.117183
2065.25,0.206413
508.177,0.0508097
829.936,0.0829661
587.943,0.058703
1085.69,0.108547
3296.52,0.329262
1305.18,0.130503
1033.14,0.103211
2972.99,0.29715
1220.43,0.122035
926.988,0.0876761
1666.21,0.166521
1119.07,0.111838
944.885,0.0944212
1229.19,0.122687
1132.93,0.113226
866.614,0.0837775
1783.71,0.178279
774.643,0.0674128
703.451,0.0703249
2061.49,0.20431
2694.7,0.269329
2278.71,0.227742
1389.05,0.138832
459.019,0.0459013
8392.14,4.44607
1666.26,0.166579
714.499,0.071433
685.527,0.0684545
1358.56,0.135804
1338.32,0.133634
2113.95,0.211341
1680.46,0.167994
1165.94,0.116583
792.314,0.0792045
2531.88,0.253063
948.117,0.0947776
2133.01,0.213228
953.103,0.0952935
2498.04,0.249774
2179.38,0.217593
1117.88,0.110972
1516.96,0.15132
800.063,0.0800048
854.675,0.0854628
3604.55,0.359621
1034.74,0.103447
1009.45,0.100936
1427.69,0.142744
4251.22,0.42474
2183.42,0.218301
1482.22,0.148137
993.474,0.0993297
886.795,0.0885834
3085.37,0.308367
2059.84,0.205818
1709.12,0.170772
1157.77,0.11577
1225.81,0.122523
658.456,0.0658442
1848.78,0.184739
824.837,0.0823586
1167.49,0.116744
3803.87,0.380216
1082.97,0.108288
1835.9,0.183541
1652.74,0.165159
1158.5,0.11578
633.619,0.0633539
551.329,0.055074
699.658,0.0699592
1110.54,0.110835
2415.56,0.241478
899.023,0.089872
4246.31,0.424343
861.415,0.0860853
1206.49,0.120614
1163.49,0.116292
1466.87,0.14664
3535.45,0.353338
1998.41,0.199639
1201.79,0.120115
1426.27,0.142617
1931.44,0.192099
1097.71,0.109732
1088.27,0.108716
655.092,0.0655051
1539.16,0.15384
955.617,0.0954229
1043.58,0.10435
2694.5,0.269168
1224.45,0.122443
1082.06,0.108185
1492.54,0.149128
1285.52,0.128495
622.964,0.0622708
1277.55,0.127583
5891.58,0.588925
938.449,0.0938344
827.794,0.0826616
1045.43,0.104533
1251.68,0.125143
1487.54,0.148583
926.909,0.0926265
1588.35,0.15874
916.366,0.0916344
1038.1,0.103805
1464.6,0.146431
1236.37,0.123542
1160.69,0.116025
1050.11,0.104952
887.346,0.0887134
1117.44,0.111352
1469.5,0.146931
1101.88,0.110126
981.939,0.0981513
1377.78,0.13458
743.744,0.0743166
969.724,0.0969597
779.591,0.0775942
3216.91,0.321603
1359.41,0.135833
1623.01,0.162176
830.494,0.0830452
2555.22,0.249571
2601.3,0.260021
1364.85,0.135098
1247.46,0.124736
929.27,0.0927957
949.224,0.0949108
1823.53,0.182083
1512.2,0.151205
1335.23,0.132198
1284.37,0.12842
1141.98,0.114184
1967.95,0.196448
2472.79,0.247083
1218,0.121732
1804.91,0.180236
1332.88,0.133256
1508.7,0.150853
1041.15,0.104085
1113.63,0.111349
939.798,0.0939669
850.397,0.0850038
502.545,0.0501888
583.106,0.0582725
1378.01,0.137751
937.936,0.0953628
576.52,0.0575107
2070.69,0.207049
1209.26,0.120887
3966.72,0.396574
811.763,0.0811638
1062.51,0.106238
1386.65,0.137962
1275.82,0.127539
2766.92,0.276283
1041.38,0.104125
1045.54,0.104488
1852.53,0.184974
1551.43,0.154748
849.697,0.0849228
517.203,0.0516815
739.939,0.0739883
757.492,0.0757266
622.008,0.0621965
961.99,0.0961721
718.986,0.071758
863.239,0.0862627
879.567,0.0877865
906.833,0.0906666
1984.01,0.197892
943.659,0.0943577
1167.91,0.11678
1106.93,0.11066
1253.23,0.125219
727.288,0.0726807
1130.73,0.113045
1259.48,0.125917
1782.74,0.178254
749.038,0.0745295
1026.92,0.102658
2359.41,0.235909
1161.18,0.116004
1586.5,0.158627
1126.51,0.112628
854.206,0.0854038
824.987,0.0824893
1355.23,0.134988
3992.97,0.399161
1423.02,0.14221
1733.21,0.17283
2074.21,0.207323
2567.38,0.256341
990.973,0.0990729
3467.85,0.346613
824.064,0.0822963
873.132,0.0871673
1355.35,0.135481
1843.88,0.184226
663.123,0.0663037
935.751,0.0935686
885.453,0.0885135
2006.49,0.200474
1957.29,0.195691
1075.88,0.107531
3294,0.328754
1972.07,0.19684
1558.9,0.1558
2934.15,0.293238
781.007,0.0740903
1160.88,0.11606
1090.14,0.108971
3878.85,0.388809
1064.6,0.106427
791.023,0.0790288
1340.96,0.133639
1080.04,0.107958
1129.2,0.112662
1925.88,0.192312
1651.35,0.164872
870.657,0.0870553
1115.88,0.111536
780.969,0.0780395
1134.47,0.110821
1570.6,0.15701
1987.57,0.198465
1001.54,0.100101
873.741,0.0873463
826.175,0.0825713
835.169,0.0834965
2795.49,0.279306
1440.43,0.143884
3457.52,0.345597
893.558,0.089143
923.002,0.0922617
1324.81,0.132424
1082.69,0.108251
1012.21,0.101207
2410.76,0.241038
746.606,0.0746553
947.355,0.0947251
1928.93,0.192839
1343.78,0.134355
1257.13,0.125609
1181.68,0.118122
950.716,0.0950637
2088.66,0.208733
1010.57,0.100996
1741.04,0.174027
1777.92,0.177751
1035.77,0.103569
780.812,0.0778903
2505.8,0.250105
32567.7,3.25332
815.443,0.0814901
870.478,0.0870427
2000.24,0.199931
891.026,0.0889933
486.853,0.0486579
2768.55,0.27674
3488.48,0.348681
943.272,0.0941296
758.291,0.0757018
3272.87,0.188638
814.326,0.0809429
762.072,0.0760778
13780.9,1.31718
1751.52,0.175119
929.751,0.0929419
438.812,0.0438769
900.122,0.0899578
793.172,0.079257
568.596,0.0568544
718.597,0.0718432
1299.55,0.129932
741.194,0.0741132
2436.17,0.243524
1680.25,0.167915
928.141,0.092786
1230.99,0.123008
2310.89,0.231051
1432.97,0.143275
1485.91,0.148557
1874.68,0.187389
1125.69,0.112529
1372.22,0.137145
2563.32,0.255902
860.738,0.0856798
1400.71,0.13987
4408.41,0.439071
2497.74,0.249004
1801.06,0.179937
1538.52,0.153696
2005.93,0.2005
1295.9,0.129502
1134.58,0.113442
859.771,0.0859598
691.425,0.0690938
2986.66,0.29864
1539.62,0.153783
4322.85,0.431972
714.468,0.0714165
908.326,0.0908294
875.247,0.0875152
1461.42,0.146015
826.076,0.0825941
8244.38,0.822514
1439.41,0.143679
1011.75,0.101096
1437.97,0.14376
1389.18,0.138878
857.218,0.0857022
1091.75,0.109141
1674.37,0.1674
3683.46,0.368277
1497.58,0.149555
750.683,0.0749925
3848.13,0.384199
999.829,0.0998902
1450.9,0.143911
2619.28,0.26179
1047.84,0.104777
2065.32,0.206461
4494.61,0.449136
2729.81,0.272578
1995.49,0.19916
929.367,0.0929113
2657.98,0.265547
589.472,0.0589433
795.128,0.0795095
981.576,0.0981128
1236.97,0.12368
1776.3,0.160115
1172.19,0.117153
5530.32,0.55212
912.714,0.0912293
1579.98,0.156568
666.618,0.0665299
1580.12,0.157794
1138.49,0.113804
2006.89,0.200264
3676.58,0.36749
747.057,0.0747015
1526.95,0.152671
1026.42,0.102603
922.157,0.0921611
1346.64,0.134522
1610.41,0.160591
707.94,0.0707837
1421.74,0.14208
7458.91,0.744372
893.883,0.0893248
1377.11,0.13767
992.443,0.0991932
1302.91,0.130277
1031.36,0.103031
835.74,0.083564
959.813,0.0959403
1391.31,0.138953
1758.97,0.175824
708.819,0.0708802
805.029,0.0804287
816.844,0.0816805
1708.29,0.170779
1885.99,0.187734
886.851,0.0886364
1939.47,0.193799
1796.42,0.179244
1111.12,0.111087
1600.68,0.160018
1322.93,0.132203
1289.49,0.127641
1097.62,0.109728
1546.62,0.154419
966.389,0.0965809
3061.78,0.306052
1002.02,0.10004
1609.01,0.160866
846.324,0.0845726
784.806,0.0784707
1589.15,0.158818
1438.11,0.143709
670.558,0.0670144
1285.51,0.128542
10591.4,1.05423
1104.08,0.110365
985.375,0.0984223
1668.75,0.166823
747.48,0.074659
853.75,0.0852512
1614.56,0.161355
1689.67,0.168783
4124.27,0.412172
1031.6,0.103155
2379.67,0.237888
876.513,0.0876171
427.461,0.0426965
1979.15,0.197859
331.3,0.0331281
1007.85,0.100778
1099,0.109811
3078.91,0.307088
839.142,0.083771
1047.93,0.104769
1303.7,0.130364
1155.02,0.115471
2804.67,0.280231
1835.87,0.182228
1869.65,0.186346
2752.4,0.275065
11008.2,1.09628
2652.44,0.265194
2296.87,0.229589
858.508,0.0858265
1560.74,0.156066
1255.62,0.125195
2602.77,0.260195
3201.92,0.317562
1144.08,0.114402
512.851,0.0512842
1222.02,0.122171
1591.22,0.158892
746.976,0.0746889
2958.39,0.295766
1343.41,0.134301
1402.62,0.140218
1114.79,0.11144
1724.6,0.172356
1235.45,0.218957
1396.91,0.139664
842.158,0.0841954
2789.13,0.278859
1029.92,0.102976
2301.98,0.229974
3112.31,0.31026
1094.47,0.109411
2146.34,0.214268
1264.22,0.126369
1139.74,0.113944
2019.44,0.201767
2107.59,0.209554
927.855,0.0927733
1908.66,0.190792
2706.76,0.27063
1547.77,0.154764
6608.31,0.660478
873.437,0.0873103
849.075,0.084895
4980.55,0.497214
2751.61,0.275069
1406.26,0.139764
1110.7,0.111067
1263.16,0.125949
3367.85,0.336493
1270.98,0.12707
928.807,0.0879812
1696.37,0.169626
3439.07,0.343703
910.935,0.0910188
3399.51,0.339853
586.513,0.0586419
1006.5,0.100431
14408.1,1.43642
1339.08,0.133895
694.89,0.0694466
988.257,0.098816
1021.94,0.102187
772.36,0.0771258
1647.41,0.16471
904.014,0.0903875
1157.46,0.115711
2307.18,0.230061
627.237,0.0627156
1000.37,0.0943504
816.662,0.0815627
1027.36,0.102709
1060.56,0.106038
933.183,0.0932665
1390.82,0.13902
2145.22,0.214463
1403.58,0.140286
737.029,0.0732213
609.586,0.0608891
618.611,0.0618145
1228.6,0.122839
1024.37,0.102417
2044.73,0.203511
1699.84,0.169677
1060.26,0.105976
3451.36,0.344796
2272.44,0.22672
932.723,0.0932426
719.717,0.0719677
679.706,0.0679485
1830.68,0.183061
848.52,0.0848388
1031.74,0.103141
1993.36,0.199294
1182.1,0.118136
2447.2,0.244683
871.897,0.0871885
1458.77,0.145841
5832.42,0.583009
578.488,0.0578391
1071.23,0.107103
1888.71,0.188836
1757.13,0.175609
3314.78,0.330673
3047.6,0.304328
1137.96,0.113711
1135.3,0.113521
560.884,0.0560841
1209.89,0.120822
593.338,0.0593256
651.991,0.065125
977.903,0.0975705
1071.62,0.107161
5816.73,0.581209
1242.56,0.124211
3607.31,0.356002
944.193,0.0944067
1735.88,0.1735
950.901,0.0950723
761.984,0.0761214
1445.5,0.144524
794.709,0.0794555
639.895,0.0639221
1252.43,0.125163
745.772,0.0745177
2641.86,0.26302
842.67,0.0842517
1964.58,0.196346
1180,0.117923
1842.8,0.184227
1293.92,0.129316
1629.59,0.162943
1014.23,0.101273
1135.55,0.112752
1423.55,0.142076
816.296,0.0815635
2002.42,0.200169
2064.37,0.206407
2127.3,0.212521
3043.42,0.304027
1335.66,0.13349
1097.97,0.109763
1077.38,0.107699
1089.38,0.108886
910.415,0.0909414
1512.34,0.151179
3333.51,0.333282
1793.95,0.179346
846.097,0.0842793
1094.12,0.109405
1568.3,0.156394
992.007,0.0991991
727.839,0.0727834
1312.1,0.131201
1492.95,0.149014
1559.42,0.155792
1491.59,0.149138
1841.2,0.184078
1215.19,0.121458
2005.75,0.200556
2662.07,0.251685
1078.01,0.107789
1268.74,0.126821
1023.26,0.102296
1353.98,0.134652
931.921,0.0929348
1950.96,0.195042
1410.33,0.141012
1291.1,0.12905
11557.1,1.14838
789.685,0.0780287
1192.72,0.119243
1657.12,0.165693
1208.77,0.120815
1081.95,0.108169
904.972,0.090449
1781.09,0.178005
1119.72,0.111906
1018.31,0.101816
925.725,0.0925559
12749.7,1.27118
1026.68,0.102644
1210.59,0.120999
2438.53,0.243757
1259.14,0.125897
959.834,0.0956456
801.1,0.080015
4771.02,0.477038
969.02,0.0968647
2238.27,0.144259
1054.04,0.105374
1922.48,0.192067
928.511,0.0928371
1012.73,0.101187
1982.8,0.198253
1109.33,0.110906
1374.61,0.137297
437.902,0.0437825
2063.15,0.206039
1217.57,0.121738
2587.26,0.256832
2735.28,0.273259
3621.8,0.359674
2627.97,0.262768
824.289,0.0824206
1434.85,0.143467
1113.12,0.111233
1944.59,0.194342
2792.21,0.278581
1948.5,0.194817
878.796,0.0878711
1118.44,0.111841
936.921,0.0936591
2399.55,0.239922
868.13,0.0867868
1373.27,0.137314
1302.3,0.129726
1394.13,0.139375
3500.91,0.350003
2670.2,0.266947
2163.99,0.216329
1920.04,0.19192
1600.5,0.160011
1307.03,0.130651
623.117,0.062309
2434.32,0.243151
2640.7,0.263959
2013.02,0.201254
1343.44,0.133932
1579.53,0.157942
694.736,0.0694688
1057.3,0.105703
909.977,0.0909917
3401.44,0.340098
1250.08,0.124998
917.727,0.0917416
1542.2,0.154179
3628.37,0.361619
1151.03,0.115029
2696.62,0.26965
1220.07,0.121901
1293.14,0.127487
1072.22,0.107146
996.53,0.0996421
957.296,0.095728
899.27,0.0898905
1503.93,0.150374
669.94,0.0669657
6734.96,0.670602
850.921,0.0850767
2845.54,0.284456
681.161,0.0681092
794.545,0.0794195
1350.19,0.134828
938.699,0.0938434
4857.44,0.483998
1678.48,0.16723
1405.38,0.140376
977.801,0.0977508
3128.81,0.312519
7492.63,3.84093
815.48,0.0813558
2714.18,0.271033
1015.68,0.10153
1418.49,0.141804
1196.38,0.119584
871.696,0.0871658
3104.18,0.310371
1057.12,0.105673
1543.31,0.154263
970.032,0.0970017
1802.42,0.180226
1047.12,0.104663
1296.97,0.129655
1008.34,0.10082
390.008,0.0390006
1206.45,0.120542
2150.58,0.214737
3807.21,0.380398
642.676,0.0641938
705.532,0.0705071
858.569,0.0858148
2711.63,0.270976
1529.7,0.152963
1098.34,0.109802
1270.94,0.127051
4476.96,0.447338
712.119,0.0711302
1400.95,0.140033
552.671,0.0551814
1087.25,0.108576
5310.4,1.17966
2403.75,0.240165
1646.17,0.164549
996.759,0.0996642
1789.78,0.178899
1378.38,0.137832
1557.86,0.155596
1337.66,0.133744
936.042,0.0935843
796.747,0.0795744
1261.36,0.125826
1217.32,0.120754
543.256,0.0543198
903.262,0.0903231
1189.63,0.118873
6213.15,0.620393
818.643,0.0818548
1764.25,0.176409
4588.02,0.458276
1465.89,0.146468
1164.34,0.116331
1282.14,0.128038
1546.6,0.154594
1661.39,0.164887
776.146,0.077471
1287.61,0.128686
1719.22,0.171836
1229.35,0.12288
2746.42,0.2745
1237.41,0.123722
911.113,0.090935
1417.72,0.14162
1956.46,0.195613
3018.3,0.299724
1383.11,0.13829
957.48,0.0956471
1083.27,0.108317
4569.49,0.456451
1031.34,0.103105
849.125,0.0847968
1039.37,0.103797
2071.19,0.207105
3400.46,0.339571
747.06,0.0746994
1258.15,0.125791
1125.38,0.112494
2579.89,0.257797
1613.45,0.16103
1035.13,0.10351
1543.54,0.154316
599.303,0.059923
1001.58,0.0998438
1019.71,0.101938
1402.66,0.140237
2142.62,0.213799
978.354,0.0977896
823.049,0.0822933
1409.92,0.140872
520.964,0.0520872
3079.41,0.307584
1023.03,0.102217
3121.69,0.312067
1394.82,0.139472
1161.22,0.116103
891.357,0.0891112
3696.62,0.36945
1110.67,0.11099
1504.69,0.150454
1412.86,0.141069
834.544,0.0834125
1784.04,0.178358
1373.67,0.137296
1689,0.168866
1154.86,0.115473
6039.29,0.603797
823.801,0.0823775
1329.22,0.132913
1557.94,0.155777
2164.14,0.216366
587.463,0.0587429
761.017,0.0760822
1762.68,0.176253
946.954,0.0946742
3093.9,0.309314
1550.59,0.154931
2047.08,0.204365
1161.19,0.116079
835.88,0.0835569
2629.13,0.262465
655.702,0.0655344
811.721,0.0811652
2172.83,0.21679
3611.3,0.360905
1235.76,0.123556
4016.98,0.401512
2287.73,0.228642
1184.43,0.11975
954.93,0.0954324
2502.59,0.250197
883.698,0.0883488
1096.75,0.109597
952.054,0.0951924
959.075,0.0958865
1084.66,0.108447
1103.24,0.110234
1065.2,0.106497
740.12,0.0740107
1912.55,0.191007
1362.83,0.135917
1014.95,0.101487
1362.61,0.136052
1190.96,0.119049
1463.54,0.146296
1265.61,0.126477
930.897,0.0930862
2472.19,0.247111
1839.41,0.183915
1498.33,0.149819
813.087,0.0811702
1134.81,0.113365
1652.58,0.164894
724.801,0.0724435
800.23,0.0799708
1501.37,0.150009
2240.1,0.223554
3008.75,0.300819
1916.85,0.19167
730.742,0.0729201
725.182,0.0724952
3255.26,0.325095
5854.75,0.584057
2807.78,0.278941
1776.06,0.177508
934.84,0.0934655
1783.69,0.178222
2333.39,0.233223
1587.81,0.15877
1814.36,0.181417
1011.31,0.101042
1405.66,0.140543
1290.57,0.128926
1304.56,0.130416
6010.26,0.59702
647.017,0.0640965
1647.88,0.164751
2684.47,0.268333
2023.26,0.202148
1987.56,0.19864
1383.42,0.138331
1032.96,0.103246
3259.17,0.325663
869.496,0.0869432
2287.17,0.22869
1505.29,0.150263
1907.38,0.190654
1173.66,0.117324
902.764,0.0902693
1330.66,0.133025
1707.91,0.170723
6124.46,0.611721
1451.86,0.145149
636.562,0.0636351
1027.24,0.102704
3268.29,0.326335
870.546,0.0870302
1259.23,0.125752
786.047,0.078515
1420.43,0.141549
11814.6,1.1799
918.099,0.0915502
1064.42,0.106418
1253.16,0.125271
1363.03,0.136295
1648.97,0.163801
3477.93,0.346776
1096.93,0.109664
897.546,0.0896982
1445.81,0.144535
1755.47,0.175522
1969.53,0.196892
4975.98,1.01651
989.954,0.0989627
917.097,0.0915936
1132.04,0.113134
1175.4,0.117487
739.006,0.0738986
2387.05,0.238348
809.875,0.0809753
3453.19,0.345273
5775.01,0.57648
2772.19,0.27608
1818.24,0.181809
979.704,0.097944
1821.74,0.18195
831.932,0.0831775
1591.48,0.159082
887.551,0.088735
917.979,0.0917773
927.264,0.0926731
1612.49,0.16112
1093.95,0.10934
1695.83,0.169559
972.754,0.0972703
1661.23,0.166035
1327.13,0.132381
12358.5,1.23271
4940.1,0.493137
1847,0.184548
924.542,0.0924525
710.493,0.0710414
1401.63,0.139498
2061.72,0.206024
1823.62,0.182171
481.718,0.0476557
1312.97,0.131242
694.232,0.0693398
6226.75,0.621756
1497.17,0.0973182
991.514,0.0986317
2060.86,0.206032
1147.45,0.114728
789.853,0.0789162
759.674,0.0756847
1130.57,0.112677
1227.65,0.122732
790.538,0.0790426
258.482,0.0258466
995.652,0.0995499
609.591,0.0609459
5140.96,5.24402
1185.77,0.118575
1260.13,0.126002
1134.51,0.113443
3400.35,0.339846
1793.77,0.178878
1436.13,0.143588
1827.89,0.182619
4026.74,0.402509
882.817,0.0882769
2547.52,0.254586
2115.41,0.211529
841.533,0.084147
5357.23,0.501866
1800.19,0.179736
747.621,0.0746581
777.334,0.0777305
1325.13,0.132473
880.974,0.0880844
847.757,0.0847532
559.672,0.0559566
1581.37,0.158073
708.865,0.0708757
979.062,0.0977746
1028.23,0.102786
1823.5,0.181421
696.731,0.069612
1281.08,0.12793
891.527,0.0890495
1015.31,0.101393
3017.11,0.301597
2344.65,0.234383
878.273,0.0855106
953.555,0.0953411
1154.72,0.115428
5533.51,0.553241
1881.11,0.18807
1191.23,0.11911
852.378,0.085162
1794.65,0.179449
1197.17,0.119383
1099.65,0.109539
971.267,0.0970817
697.589,0.0697507
2040.09,0.203734
799.36,0.0799352
921.859,0.0921835
1019.89,0.101649
2246.68,0.224626
723.281,0.0722973
1582.14,0.158172
2729.17,0.272661
1189.14,0.118863
2043.96,0.204378
1425.84,0.142547
747.579,0.0747441
1424.83,0.14244
1222.76,0.122158
1682.8,0.168217
1109.77,0.109837
1000.32,0.100009
839.912,0.0839326
629.599,0.0628218
810.412,0.0810108
2408.16,0.240725
2147.98,0.214272
2090.33,0.20896
1485.21,0.148513
1431.22,0.143098
716.298,0.0716157
763.667,0.0763633
909.693,0.0909587
1919.17,0.191883
11415.8,2.70446
724.271,0.0723919
1342.99,0.134257
559.437,0.0558946
1924.74,0.192276
1107.48,0.110695
849.59,0.0848939
2294.81,0.229399
2665.63,0.266443
1190.64,0.118591
897.058,0.0896942
899.85,0.0899693
1112.23,0.111181
1580.97,0.158066
1798.61,0.179789
2587.65,0.258246
912.485,0.0912008
853.065,0.0852698
862.027,0.0861339
1445.82,0.14455
6850.99,0.683931
1280.88,0.128073
873.479,0.0873328
923.856,0.0923515
1947.56,0.194697
1013.49,0.101301
3138.17,0.313686
1250.44,0.124782
1222.12,0.121972
809.07,0.0809007
1369.74,0.136704
1351.36,0.135039
1016.58,0.101622
622.465,0.0622329
1136.62,0.113635
845.68,0.0845428
2124.21,0.212306
1830.91,0.183023
3077.24,0.307463
1033.34,0.10333
1276.26,0.12753
1717.98,0.171739
724.635,0.0712092
1369.08,0.1369
1280.05,0.127965
1661.42,0.1661
1733.71,0.173338
1293.48,0.129208
965.714,0.0965039
994.364,0.0991895
861.474,0.0861073
2965.12,0.295894
800.158,0.0798805
601.162,0.0600907
2150.05,0.214959
761.549,0.0761113
1404.34,0.140374
926.847,0.0926351
1504.6,0.15034
682.552,0.0682024
1798.14,0.179756
1176.05,0.117523
3379.33,6.54959
3537.4,0.353628
1289.93,0.128977
1701.73,0.170075
565.924,0.0565608
1367.21,0.136371
1130.79,0.113039
2274.3,0.227244
1946.51,0.194612
1293.03,0.129277
1081.2,0.107858
1409.03,0.140897
2753.3,0.274951
1627.66,0.162661
1362.48,0.136179
843.597,0.0843145
1024.29,0.102421
2439.2,0.243884
3525.5,0.352433
576.201,0.0576182
4423.84,0.440499
988.085,0.0987755
1069.15,0.106832
1052.86,0.105208
651.685,0.0650296
990.765,0.0990591
3181.78,0.31719
1391.94,0.13833
541.64,0.0541585
4974.92,0.496701
1409.78,0.140951
1512.96,0.151006
963.777,0.0963549
990.193,0.0989907
13447.3,5.48153
808.423,0.080816
1364.98,0.136406
5864.83,0.584265
10425,2.33925
566.46,0.0564633
1601.13,0.160085
692.969,0.0692777
2416.51,0.241288
2076.14,0.207507
1299.08,0.129803
1228.66,0.122798
757.646,0.0750611
1434.65,0.143347
535.901,0.0535763
1410.43,0.140809
1287.71,0.128728
974.093,0.0973766
888.357,0.0887501
949.263,0.0949048
3202.07,0.319877
1171.73,0.117135
1235.09,0.123407
1661.8,0.166096
868.964,0.0867456
2152.25,0.215198
1230.78,0.123067
596.446,0.0595539
971.603,0.0971126
1168.28,0.116819
1111.74,0.111068
1348.74,0.134233
2238.3,0.223815
2827.72,0.282509
4704.22,0.228625
1687.79,0.168748
1567.47,0.156468
907.558,0.0907489
1217.03,0.121683
1060.83,0.106076
1386.66,0.138641
885.104,0.0883796
2475.53,0.247326
1772.92,0.176946
980.112,0.097894
1267.18,0.126713
3987.89,0.398338
1587.57,0.158745
3958.96,0.395457
1587.5,0.158546
2058.46,0.20578
1992.7,0.199175
2139.18,0.213846
2400.08,0.239941
2236.6,0.223574
693.605,0.0692448
740.245,0.0739075
1380.95,0.138072
975.72,0.0974804
1172.58,0.117187
723.26,0.0722967
1559.2,0.155842
1468.7,0.146649
1738.9,0.173833
1375.88,0.13748
1031.59,0.103132
1528.12,0.152773
1034.56,0.103391
880.104,0.0880074
1175.83,0.117571
551.568,0.0548362
2423.93,0.242318
735.821,0.0735772
611.937,0.0611611
2147.73,0.214705
1825.68,0.182552
1391.01,0.138914
716.131,0.071567
1230.52,0.123045
972.674,0.09687
1322.6,0.132227
906.317,0.090532
1263.66,0.126338
1124.78,0.112117
1139.18,0.113872
1386.8,0.138652
1092.21,0.109209
1352.53,0.135162
1167.12,0.116691
1714.13,0.170551
1183.84,0.118346
717.276,0.0717016
1233.11,0.123296
1160.61,0.115581
703.277,0.0701839
1210.01,0.12099
961.272,0.0960395
1232.68,0.123142
1242.07,0.123947
783.142,0.0781437
592.01,0.0590761
2158.72,0.215731
1172.3,0.117062
751.995,0.0751779
1559.18,0.155909
5121.71,0.51213
1764.48,0.176378
854.497,0.0854225
3681.98,0.368123
956.686,0.0953117
3731.89,0.372584
1171.31,0.117086
652.21,0.0652078
3409.85,0.340701
1012.25,0.101158
843.009,0.0842308
1154.53,0.115435
1633.3,0.163164
704.553,0.070379
1108.92,0.110876
601.929,0.0601809
1065.67,0.106563
1081.01,0.10797
2829.62,0.277831
1083.6,0.108348
985.975,0.0985909
1103.37,0.11033
2389.32,0.238866
1317.4,0.131712
1198.98,0.119892
1599.1,0.159871
872.369,0.0872202
796.634,0.0796507
771.528,0.077138
790.182,0.0789506
2442.35,0.24408
1737.54,0.173745
1744.3,0.174378
911.293,0.0910881
1138.39,0.113819
2007.28,0.200649
1817.16,0.181702
9323.58,0.929069
5065.28,0.505657
1838.12,0.183804
1751.09,0.174953
1540.62,0.154048
2235.93,0.223544
1312.63,0.13125
1035.72,0.103557
1863.59,0.186333
999.738,0.099946
1158.57,0.115839
888.579,0.0888472
1045.07,0.104459
990.536,0.0990464
1565.5,0.156483
1330.28,0.132928
1053.72,0.105302
1380,0.137985
859.518,0.0859446
4327.97,0.432731
623.505,0.0623489
980.736,0.0977638
1470.14,0.146804
1315.38,0.130584
1149.36,0.114706
769.941,0.0769579
831.812,0.0830918
1205.6,0.120508
1246.68,0.124611
897.74,0.0897698
879.436,0.0874719
4147.19,0.414055
846.999,0.0846801
2007.41,0.200696
2219.14,0.221627
3533.76,0.353212
1446.76,0.144661
2442.13,0.244178
2425.56,0.242325
947.222,0.0945642
1936.13,0.193577
3309.6,0.330362
1932.4,0.193227
1536.42,0.153534
536.942,0.0536617
410.14,0.0410015
809.458,0.0809014
2076.47,0.207637
1088.94,0.108882
1079.78,0.107437
3597.86,0.358401
1233.34,0.123255
850.559,0.0849865
1207.53,0.120635
1811.12,0.18013
743.956,0.0743335
1570.19,0.156999
1014.14,0.101393
582.025,0.0581224
830.413,0.0830259
921.926,0.0921808
938.347,0.0935687
747.467,0.0745002
1951.46,0.195021
1136.61,0.113349
1909.61,0.190867
2601.47,0.260069
3171.24,0.317003
1203.63,0.120233
887.511,0.0887387
3308.03,0.330301
1919.58,0.191943
1901.62,0.190121
1037.31,0.103355
11144.5,1.1129
1181.07,0.118085
1771.65,0.176207
1082.18,0.108179
2952.75,0.294928
1111.19,0.110918
845.357,0.0845043
1265.38,0.126516
2468.25,0.246787
2299.02,0.229848
1227.34,0.122681
3886.75,0.38844
1292.24,0.129179
1079.84,0.107975
1024.24,0.102405
751.257,0.075046
1134.59,0.113439
2023.6,0.202293
500.241,0.0500222
1417.69,0.140685
1092.73,0.109216
1492.38,0.149199
1091.38,0.109134
1414.24,0.141344
1208.47,0.120712
1351.38,0.134992
1912.7,0.191182
978.627,0.0978081
5060.89,0.505624
802.727,0.0802265
1332.51,0.133203
1079.49,0.107909
1120.66,0.112029
1482.35,0.147995
703.255,0.0702415
3830.54,0.382988
1383.51,0.138148
1824.51,0.182369
851.175,0.0851121
1222.54,0.122219
1470.87,0.147021
1209,0.120819
1063.19,0.106026
2459.9,0.245266
2587.85,0.258698
1211.31,0.121088
792.483,0.0792324
2150.56,0.214959
1479.71,0.147906
760.526,0.0760381
1050.86,0.10503
1360.74,0.135839
899.227,0.0898899
1613.91,0.161344
2271.78,0.227151
1544.91,0.154281
1442.7,0.141113
1562.55,0.156102
900.355,0.0900288
2617.4,0.261707
811.828,0.081143
2041.85,0.204096
1327.03,0.132258
637.588,0.0637215
2000.01,0.199942
950.521,0.095026
880.978,0.0880282
1998.35,0.199545
1868.41,0.186583
1168.76,0.116833
865.263,0.086445
1348.72,0.134838
2070.64,0.20653
828.154,0.0827605
1466.14,0.146594
909.353,0.0909181
1914.76,0.191348
606.93,0.0606572
1226.22,0.12252
2493.66,0.247076
1055,0.105467
2699.86,0.269419
1298.69,0.128146
910.783,0.0910558
855.7,0.0855626
930.842,0.0928377
1577.01,0.157652
1808.56,0.180837
5792.9,0.57865
1036.87,0.103679
14623.4,1.45815
1435.75,0.143557
1208.91,0.120861
3740.54,0.373845
916.14,0.0914532
1201.32,0.120006
1725.19,0.172221
990.23,0.0988985
1051.59,0.104867
1016.96,0.101625
777.743,0.0771396
907.417,0.0907386
886.071,0.0885582
2072.52,0.206979
858.223,0.085805
1715.38,0.171267
2757.15,0.342465
738.85,0.0738528
551.756,0.055074
2229.38,0.222875
1166.66,0.11665
826.617,0.0821931
1401.07,0.137341
1316.94,0.131647
893.19,0.0891596
1369.8,0.136971
1341.87,0.13406
1090.9,0.109022
993.337,0.0992734
2466.23,0.246552
854.873,0.0854827
1740.1,0.173941
1189.26,0.118908
1402.79,0.139996
2006.71,0.200394
1015.38,0.10153
1537.14,0.153553
2732.88,0.272471
13320.9,1.32776
1093.95,0.109369
2276.71,0.227475
2408.8,0.238419
5930.15,0.592887
733.99,0.073386
2546.72,0.254334
993.06,0.0992859
1150.63,0.115033
873.217,0.0871492
1074.56,0.107443
842.833,0.0842616
1776.63,0.177491
843.469,0.0843451
3932.54,0.392418
1159.08,0.115894
1728.7,0.172722
1788.65,0.177666
1457.34,0.145539
714.783,0.071447
978.942,0.0978778
3253.09,0.324905
1915.04,0.191431
1880.69,0.18805
2283.2,0.228154
1281,0.127655
1007.67,0.100711
1014.35,0.101401
862.293,0.0862238
2736.31,0.274213
698.102,0.0697904
1482.02,0.148192
1705.18,0.170489
868.641,0.0868471
755.019,0.0754917
2493.26,0.249296
16936,1.69123
1281.18,0.127971
1549.89,0.154966
1467.28,0.14671
1657.95,0.165775
5813.2,0.580756
2822.18,0.28032
1760.97,0.17599
855.627,0.0841838
2198.28,0.219627
4252.05,0.423256
2027.8,0.202753
772.534,0.0771406
1720.2,0.171983
4948.61,0.493674
1346.72,0.134644
1006.72,0.10037
1568.28,0.156768
1635.69,0.163544
4688.77,0.468835
1339.08,0.133866
1559.83,0.155605
1998.93,0.199812
1333.83,0.133369
2716.36,0.271601
1056.01,0.105306
1125.15,0.112408
1399.69,0.139942
858.193,0.0858059
1014.38,0.101357
758.331,0.0758161
1405.21,0.139957
824.451,0.0824357
618.023,0.0617942
770.935,0.0770734
1406.01,0.140548
1124.35,0.11239
539.938,0.0539779
1537.72,0.153738
4612.15,0.461052
744.622,0.0688009
876.622,0.0875479
870.308,0.0870214
805.457,0.0805409
5307.93,0.529963
1014.24,0.100724
1003.3,0.100205
1088.49,0.108844
1318.81,0.131842
991.012,0.0990994
909.631,0.0909576
1801.69,0.180157
2039.22,0.20382
4642.88,0.464101
2896.21,0.289589
1665.89,0.166545
1408.36,0.140829
1043.24,0.104322
1270.79,0.127046
579.7,0.0579673
979.426,0.0979349
1117.07,0.111695
1461.33,0.146097
840.211,0.0839469
1969.08,0.196636
902.57,0.0901508
995.389,0.0995165
1016.82,0.101579
2357.53,0.235593
973.216,0.097283
1303.25,0.130283
1129.84,0.11225
2588.33,0.258687
760.228,0.0760208
1035.2,0.103415
699.231,0.069917
1668.08,0.166698
1454.22,0.145348
2355.33,0.235049
881.785,0.0881334
888.875,0.0887813
951.604,0.0951051
1512.2,0.151168
1420.64,0.142006
1939.49,0.193116
683.313,0.0681256
4875.95,0.487099
1049.6,0.104936
2344.99,0.234325
539.862,0.053964
2858.1,0.284624
1261.45,0.12614
1366.35,0.136446
1080.62,0.107991
1679.63,0.167946
1995.34,0.199493
1045.91,0.104481
2111.82,0.17576
1773.28,0.177296
699.854,0.0698123
880.623,0.0880382
941.302,0.0941139
997.693,0.0996652
1493.35,0.149267
656.777,0.0656728
1589.02,0.158881
1432.33,0.143193
708.07,0.070804
1131.31,0.113122
770.827,0.0770703
1042.9,0.104224
1465.95,0.146565
987.983,0.098643
1289.95,0.128975
740.376,0.0739127
1326.24,0.132524
4619.82,0.461627
1355.26,0.135509
979.308,0.0978894
1709.81,0.170963
932.378,0.0932285
1027.11,0.10232
1629.05,0.162834
868.133,0.0867148
1019.1,0.101824
21041.9,2.09908
1080.74,0.108062
2725.13,0.273132
730.091,0.0729812
2021.82,0.202047
2002.44,0.199958
1422.76,0.142171
2512.77,0.251248
1128.44,0.112799
983.241,0.0982544
631.265,0.0631154
941.425,0.0936927
2333.65,0.23314
780.813,0.078065
967.315,0.0967003
3918.26,0.385043
7563.96,0.755586
995,0.0994919
1174.38,0.117144
1253.64,0.125021
1066.57,0.10636
863.762,0.0863613
1664.06,0.166282
938.363,0.0937647
2584.43,0.257994
521.273,0.0520696
2765.21,0.276229
2480.78,0.247954
1189.38,0.118896
961.426,0.0961373
3339.48,0.333617
552.686,0.0551899
1056.16,0.105606
940.392,0.0939929
2005.02,0.200476
1379.08,0.137682
1297.96,0.129755
1874.32,0.187354
1091.65,0.109032
1396.5,0.139577
4874.82,0.482327
4132.49,0.412839
1033.72,0.103339
1354.11,0.135401
498.875,0.0497695
2177.85,0.21749
1861.82,0.186123
1188.92,0.118854
1905.32,0.190481
574.036,0.0574007
667.78,0.0667631
1173.98,0.117389
999.212,0.0997973
1896.31,0.189501
1393.1,0.139272
1182.06,0.118175
771.145,0.0770915
756.41,0.0756277
1449.48,0.144098
2127.34,0.212686
2852.83,0.285053
798.478,0.0798458
814.658,0.0814508
562.316,0.0558362
5263.41,0.526025
773.815,0.0773752
745.594,0.0745291
1038.46,0.103831
1108.61,0.110858
1162.07,0.116164
895.391,0.0894876
2148.52,0.214639
1140.18,0.113971
1058.54,0.105827
2630.12,0.262992
1451.57,0.145094
911.195,0.0911137
1323.39,0.132318
891.856,0.0891437
793.244,0.0793181
1582.88,0.158176
612.328,0.0612073
16138.2,1.60224
1522.5,0.152117
1275.11,0.127473
795.337,0.0794562
2131.9,0.213096
1244.01,0.124331
986.884,0.0986556
1082.56,0.108238
1047.32,0.104572
1383.29,0.138289
5651.9,6.74446
1065.36,0.106496
2506.25,0.25058
1092.72,0.109255
1182.22,0.118114
1154.21,0.115333
1507.29,0.150607
1168.64,0.116859
1769.75,0.176876
1195.95,0.119568
857.425,0.0857343
1017.61,0.10153
1976.1,0.197482
1212.85,0.121282
3842.77,0.383966
2325.63,0.232008
3130.88,0.312518
1291.8,0.129139
1186.36,0.118583
664.034,0.0663594
4005.09,0.400204
3871.43,0.386937
1107.62,0.110733
1434.17,0.143269
1021.33,0.100851
1563.55,0.156282
430.66,0.0430642
3166.66,0.316516
809.869,0.0809607
2784.1,0.278277
709.645,0.0709582
2321.65,0.231816
1031.43,0.103139
1136.18,0.113611
935.123,0.0934851
1605.9,0.160082
2886.7,0.287775
1798.16,0.179748
1667.28,0.166697
3984.34,0.398357
1683.51,0.168077
1137.31,0.113653
803.33,0.0803183
772.713,0.077225
1223.36,0.122284
1186.43,0.118469
1395.44,0.139509
703.842,0.0700548
1153.77,0.115371
519.122,0.0518081
1256.98,0.125681
727.143,0.0727123
5815.9,0.580842
963.867,0.0962522
1155.18,0.115458
1178.64,0.117797
1195.63,0.119544
1462.64,0.146229
765.412,0.0765287
1268.88,0.126872
635.703,0.0632701
3425.32,0.342226
948.783,0.0948417
503.76,0.0503665
2476.69,0.247593
853.747,0.0852373
784.979,0.0784457
1583.86,0.158262
1871.15,0.186999
1995.73,0.199416
1142.54,0.114233
1682.96,0.168054
3168.72,0.316817
976.109,0.0976081
2437.75,0.243723
1582.23,0.158069
427.489,0.0427335
1227.88,0.122774
1682.55,0.168116
1956.68,0.195546
1318.22,0.131771
1191.73,0.11888
839.738,0.0839268
1348.81,0.134868
1113.39,0.111321
2096.61,0.208746
926.438,0.0926323
1029.16,0.102895
746.831,0.074598
1187.93,0.118695
1195.95,0.119513
665.8,0.0665758
1660.43,0.165366
1238.65,0.123772
724.145,0.072399
792.139,0.079167
2314.6,0.231442
826.496,0.0826336
840.137,0.0839883
1337.94,0.133784
1087.18,0.108616
1594.73,0.158887
1728.98,0.172826
789.206,0.0788964
1214.75,0.121472
1054.55,0.105304
775.543,0.0775487
1073.17,0.107299
863.937,0.0863658
666.841,0.0666583
1689.27,0.168844
1498.35,0.149774
515.239,0.0515128
1145.27,0.114467
809.341,0.0808834
1492.64,0.149262
3759.67,0.366026
788.96,0.0788347
1243.63,0.124343
2481.53,0.247925
1529.04,0.152833
2135.49,0.213533
1312.33,0.131096
2594.02,0.259261
1261.13,0.126096
825.323,0.0823948
755.433,0.0754673
3125.03,0.312426
1074.11,0.107372
1811.17,0.180863
836.62,0.0836393
1266.04,0.1266
907.765,0.0907237
613.028,0.0611315
1329.71,0.132961
837.128,0.0837064
837.856,0.0836915
3289.19,0.336225
1874.39,0.18728
2006.64,0.200562
674.922,0.0674554
743.814,0.0743802
1997.9,0.199694
1048.26,0.104744
1046.86,0.104681
955.95,0.0955685
868.346,0.0866803
1484.71,0.148394
2082.89,0.208183
957.142,0.0956469
935.638,0.0934991
1218.43,0.121837
2082.04,0.208171
1115.72,0.111513
1894.43,0.18919
2022.71,0.202212
921.626,0.0920484
1470.26,0.146997
1404.83,0.140307
1172.76,0.117015
1677.79,0.167706
589.31,0.0589268
1571.4,0.157033
1527.47,0.152523
2042.06,0.204173
1088.03,0.108776
1102.38,0.110229
1873.62,0.187346
870.599,0.0870442
1333.82,0.133076
1784.05,0.178324
3609.54,0.360585
1128.63,0.112855
770.38,0.0769541
3102.2,0.310138
880.767,0.0880586
427.208,0.0426914
1539.94,0.153911
975.616,0.0975025
6019.65,0.601441
1255.48,0.125538
1306.17,0.130554
1301.53,0.130114
1089.35,0.108913
1172.07,0.116999
916.645,0.0916079
734.084,0.0733869
2233.2,0.22296
753.747,0.0753726
826.046,0.0825351
824.497,0.0824149
1312.61,0.131242
2361.91,0.23616
1441.42,0.145584
1994.81,0.199417
703.878,0.0703604
3572.08,0.356961
1048.16,0.104797
1010.09,0.100944
775.8,0.0775513
15058.7,1.50391
1025.61,0.10254
858.987,0.0856182
23361.7,2.31633
1159.4,0.115877
1033.59,0.103335
781.404,0.0781389
853.4,0.0852391
3190.57,0.318638
1341.7,0.134158
963.239,0.0963069
1475.25,0.147486
4182.5,1.39031
1096.43,0.109625
2625.29,0.262499
1278.98,0.127472
727.266,0.0723528
3197.63,0.319638
1389.16,0.138885
1247.85,0.124476
869.71,0.0869555
1061.56,0.105917
792.328,0.0791919
619.773,0.0619133
1426.34,0.142603
986.626,0.0977522
933.831,0.0933744
1114.02,0.111286
1350.66,0.134915
1797.83,0.179411
1163.01,0.116274
1560.9,0.15583
1863.24,0.185223
754.304,0.0754257
1060.13,0.105822
1078.29,0.107818
2742.59,0.274141
1349.27,0.13491
3925.87,0.392499
1220.56,0.121985
1456.47,0.145561
1069.56,0.106945
769.674,0.0769611
1684.41,0.168414
2397.75,0.239472
747.539,0.0747308
1431.2,0.143098
5809.28,0.580738
997.006,0.0995221
1046.65,0.104657
2012.86,0.200888
1718.54,0.171581
1929.75,0.192961
4807.22,0.48012
18513.4,1.84533
2020.99,0.201579
827.437,0.0826955
788.915,0.0788307
951.412,0.0950153
748.298,0.0747711
723.673,0.0723519
521.448,0.0521424
767.676,0.0767657
1093.69,0.109342
828.422,0.0826236
1065.51,0.106492
2623.09,0.261968
3908.99,0.390516
1757.12,0.175585
1206.25,0.120587
4969.87,0.496004
939.72,0.0939439
1366.65,0.136475
6140.79,0.61371
2446.54,0.244446
654.042,0.0650467
1487.03,0.148659
2718.53,0.265685
3384.81,0.33819
731.49,0.073141
2016.85,0.20156
954.058,0.0954029
539.388,0.0538953
1659.29,0.165891
955.65,0.0955492
2104.16,0.210148
797.71,0.0797178
1551.49,0.155135
855.421,0.085518
793.363,0.0793259
1323.42,0.132236
2134.61,0.213045
564.783,0.0564766
5656.46,0.565128
782.622,0.0781562
927.254,0.0927183
843.682,0.0843661
2725.46,0.272509
776.797,0.0776684
766.943,0.076681
816.636,0.0816468
888.611,0.0888446
969.446,0.0967543
859.869,0.0857653
1190.42,0.119016
709.8,0.0709612
1048.88,0.104793
1628.83,0.162803
3788.02,0.378281
859.532,0.0843207
1856.39,0.185599
685.952,0.0685802
939.198,0.0938946
797.346,0.0797021
1585.53,0.158543
889.475,0.0889454
1518.71,0.151791
804.63,0.0804565
3852.38,0.385041
1107.11,0.110476
955.852,0.0955435
1265.46,0.126475
681.804,0.0681621
1227.06,0.122686
839.806,0.0839757
2889.02,0.288807
860.977,0.0859824
1093.85,0.109218
1158.3,0.115719
1153.71,0.115341
1907.44,0.190552
814.858,0.0814698
1088.35,0.108806
1058.08,0.105324
841.213,0.0840921
3237.1,0.323614
1590.72,0.159007
2343.59,0.234332
879.402,0.0879343
1138.23,0.113779
1394.15,0.139033
1272.13,0.127088
1173.09,0.117269
1271.71,0.127162
962.705,0.0962185
5431.81,0.542745
637.562,0.0637382
5285.73,0.527956
1365.47,0.136526
743.848,0.0743754
751.621,0.0748471
925.476,2.07955
1099.11,0.109685
745.245,0.0745179
820.268,0.0818782
2877.27,0.287538
783.066,0.0782985
1357.05,0.135488
872.431,0.0872244
1444.84,0.144372
943.795,0.0943672
1440.82,0.144055
2381.36,0.238095
2460.49,0.245861
757.862,0.0757198
773.579,0.0773394
1246.76,0.124653
1057.67,0.105744
1288.12,0.12877
1963.76,0.19635
1651.87,0.165084
902.754,0.0901844
1306.87,0.130465
909.064,0.0908121
945.267,0.0944053
1588.38,0.158779
1943.17,0.194234
4659.35,0.465603
879.778,0.0878668
1619.81,0.161946
2344.34,0.234423
889.892,0.088742
992.12,0.0990639
881.317,0.0881079
1118.82,0.111864
1426.39,0.142467
1272.02,0.127176
3387.17,0.338528
1750.94,0.1746
1031.43,0.103113
858.565,0.0858232
1356.73,0.135642
758.854,0.0753498
1069.91,0.106801
662.667,0.0662553
1654.91,0.165473
1775.76,0.177441
877.21,0.0876893
2241.29,0.223807
1133.49,0.113331
1889.22,0.188744
859.545,0.0859183
963.827,0.0963051
925.375,0.0925338
1616.95,0.161565
954.578,0.09545
869.705,0.0869137
962.162,0.0960638
951.547,0.0951358
1179.71,0.117843
3699.07,0.369303
1272.35,0.126001
547.56,0.0541348
1896.75,0.189391
1398.66,0.139857
1045.6,0.104558
1157.66,0.115642
1413.76,0.141265
1077.38,0.107727
932.55,0.0932428
1058.19,0.105801
1673.65,0.167075
669.665,0.0669569
1007.8,0.100777
1851.23,0.185003
1057.43,0.105697
1359.45,0.135642
1369.33,0.136897
3451.28,0.343388
881.377,0.088059
730.83,0.0730535
1417.3,0.141714
1067.34,0.106717
969.237,0.0969102
952.156,0.0951962
1108.55,0.110835
4043.99,0.404008
1070.51,0.10704
3976.74,0.397413
1914.47,0.191429
1072.86,0.107256
2459.95,0.24584
1394.58,0.139431
1218.16,0.121791
2256.73,0.225347
1562.97,0.156161
1385.54,0.138513
1359.06,0.135532
915.978,0.0915574
1221.88,0.122119
2211.85,0.220937
1147.11,0.114574
1338.2,0.133716
1603.5,0.160305
688.08,0.0687396
1928.77,0.192736
2936.33,0.292976
1726.63,0.172583
847.27,0.0843887
2770.81,0.277048
578.851,0.0578297
2172.05,0.21712
1472.42,0.146992
703.755,0.0701507
1737.5,0.173476
1194.49,0.119442
2076.02,0.207249
6027.27,0.541701
1079.78,0.10792
699.542,0.0699488
1756.28,0.175617
1321.95,0.132144
3292.25,0.328999
2166.14,0.21658
11254.2,1.12332
2403.86,0.24035
1361.85,0.136065
1505.59,0.150555
983.629,0.098325
1404.5,0.140425
1337.47,0.133668
1180.04,0.11791
879.829,0.0879624
1498.53,0.14983
1166.39,0.116626
1461.2,0.145217
6071.71,7.05206
1418.36,0.141705
2416.63,0.241649
958.888,0.0958784
2173.15,0.217284
837.955,0.0837362
559.939,0.055964
2412.45,0.241007
973.21,0.0972822
1260.56,0.125949
1195.62,0.119469
1374.71,0.137371
3544,0.354302
1811.84,0.181103
1203.89,0.120349
1453.27,0.145269
1316.12,0.131479
763.858,0.0763772
783.059,0.0782859
11411.2,1.13877
879.458,0.0879116
5154.48,0.515201
880.89,0.0880633
8683.08,0.868037
1955.83,0.194672
706.757,0.0706751
1287.59,0.128722
1866.54,0.186638
1870.75,0.186974
1834.3,0.183369
2161.79,0.21616
1214.78,0.12146
2177.59,0.217731
710.241,0.0710132
1511.3,0.150998
956.488,0.0956391
1465.6,0.146455
2774.6,0.276763
962.624,0.0962313
4672.31,0.465617
2126.84,0.212484
1754.19,0.175376
1053.95,0.105387
1242.52,0.124214
757.697,0.0753198
1679.42,0.167799
1270.36,0.126986
911.726,0.0911415
807.185,0.0806757
626.658,0.0626528
736.93,0.0736828
1474.47,0.146971
2525.35,0.252375
2075.39,0.207122
881.272,0.0877352
613.802,0.0613547
799.234,0.0799199
854.339,0.0854168
983.078,0.098283
2460.8,0.245808
668.809,0.0668328
2002.41,0.19987
784.791,0.0784611
1241.22,0.123869
1403.28,0.140308
1416.98,0.141687
902.578,0.0902044
839.19,0.0839176
923.14,0.0922429
757.352,0.0756935
1077.67,0.107562
1839.66,0.183907
2158.72,0.215854
2569.24,0.256785
849.836,0.0849375
470.179,0.0469379
908.543,0.0908097
1527.26,0.152659
1251.94,0.125173
1713.83,0.171172
1272.28,0.127128
1324.64,0.132414
786.949,0.0786897
1294.02,0.129375
1235.51,0.123539
1129.4,0.112014
1334.98,0.133443
1494.64,0.1494
1104.49,0.110394
1178.56,0.11782
1812.84,0.181012
569.006,0.0568661
1619.74,0.1618
1943.03,0.193881
596.123,0.0595956
812.719,0.0812667
549.578,0.0549021
907.881,0.0907846
912.332,0.0911815
712.68,0.0712628
636.978,0.0636887
1135.87,0.113073
923.747,0.0920923
1334.7,0.133289
1638.38,0.162818
1094.84,0.109474
1032.57,0.103141
1093.29,0.109326
2451.59,0.245
769.918,0.0769902
786.405,0.0786254
957.613,0.0957333
1807.33,0.180109
1220.95,0.122053
712.542,0.0712495
822.64,0.0816099
1473.73,0.147292
3019.65,0.301851
1070.28,0.107023
957.228,0.0955292
845.863,0.0845109
1109.51,0.110941
2100.33,0.209904
9465.15,2.36893
1318.25,0.131816
4269.31,0.426678
2078.38,0.207778
2009.81,0.200929
1267.13,0.126698
1845.62,0.1845
1200.6,0.119931
4552.64,0.455157
928.892,0.0928305
2778.48,0.27775
2589.51,0.258897
1234.37,0.123248
1222.24,0.122202
1203.9,0.120351
888.046,0.088794
1276.68,0.127465
1163.4,0.116316
848.427,0.0848415
1521.3,0.151961
1619.45,0.161831
6802.45,0.678017
751.722,0.0751698
1990.25,0.198879
1455.26,0.145377
1432.05,0.142855
1240.41,0.123927
2874.04,0.28724
2399.97,0.239947
1257.5,0.125726
1033.51,0.103324
1342.76,0.134176
540.382,0.0540293
1597.89,0.159771
1206.98,0.120635
902.195,0.0901951
859.85,0.0859357
1608.23,0.160644
1076.55,0.10754
1535.71,0.153559
1177.47,0.117597
1654.59,0.165345
1488.13,0.1484
1668.01,0.166775
1459.01,0.145841
1231.25,0.123122
1061.61,0.106131
4020.04,0.39422
464.771,0.0464751
804.829,0.080402
913.75,0.0912888
8012.19,0.799491
1131.01,0.113069
980.663,0.098039
1041.98,0.104169
1100.32,0.109795
1780.18,0.178009
2311.6,0.230946
2073.13,0.207287
802.93,0.0802369
4570.91,0.456419
1230.41,0.123027
895.354,0.0887606
1036.76,0.103639
1748.92,0.174814
700.983,0.0700944
1845.52,0.184394
2872.85,0.286967
1129.03,0.11287
1097.35,0.109688
806.823,0.0806747
1215.26,0.12149
814.44,0.081424
734.861,0.0734771
868.483,0.0868212
831.291,0.0830778
1039.95,0.103986
638.495,0.0637969
583.343,0.0583229
1124.82,0.112375
801.402,0.0779129
1791.7,0.179068
771.631,0.0771266
3450.93,0.344597
870.249,0.0867625
725.087,0.0671091
1329.65,0.132938
1340.71,0.134033
834.331,0.0834164
1209.21,0.120352
1291.73,0.128858
1320.81,0.131784
1809.94,0.180986
1615.26,0.161382
1717.38,0.171723
713.774,0.0713705
1438.89,0.143863
576.414,0.0576287
1327.96,0.132143
2168.4,0.216758
924.278,0.0924108
1440.75,0.143874
5173.28,0.517129
519.168,0.0519153
2891.78,0.288934
2322.23,0.23218
1581.74,0.158057
636.784,0.0636688
1254.3,0.12542
711.944,0.0711814
924.658,0.0923733
668.493,0.0668381
1461.41,0.146122
1274.65,0.12734
1057.65,0.105722
1518.4,0.151744
859.869,0.085982
855.242,0.085179
1132.6,0.113197
1265.54,0.126552
2635.93,0.263481
1084.37,0.108411
1179.51,0.117947
855.728,0.0854976
1745.05,0.174397
1005.58,0.100041
934.676,0.0934479
1865.24,0.186165
674.732,0.0674523
3577.59,0.357547
835.196,0.0834698
1064.08,0.106378
3070.11,0.306885
1000.19,0.0999402
1658.37,0.165751
1161.09,0.115946
2025.48,0.202246
1467.13,0.146689
696.88,0.0696713
2845.75,0.284228
971.121,0.0970636
7730.48,0.77231
1955.39,0.19539
2597.65,0.259729
3001.92,0.30014
671.691,0.0671636
1446.45,0.144604
850.037,0.0850018
886.169,0.0886037
1336.47,0.133563
1215.46,0.12146
3594.42,0.35883
1104.22,0.110399
1256.56,0.125646
631.725,0.0631283
2863.06,0.286262
680.167,0.0680035
13638.9,1.35724
2093.21,0.209296
1584.73,0.158459
1819.85,0.181403
1023.28,0.102325
731.586,0.0731417
1201.71,0.120122
929.511,0.0929464
2017.88,0.201706
1127.07,0.112634
764.423,0.0763525
1090.84,0.109039
1429.32,0.14291
761.667,0.0761635
1188.55,0.156993
7526.2,0.751165
792.91,0.0792797
1058.12,0.105803
1982.21,0.198166
1530.46,0.153025
991.589,0.0991054
1631.49,0.16304
668.58,0.0667684
1565.61,0.156402
1460.78,0.145905
1083.97,0.108385
879.465,0.0879198
1243.15,0.124309
1287.36,0.128685
1238.33,0.123751
690.634,0.0690198
927.073,0.0926901
1064.49,0.106446
621.175,0.0620734
1054.94,0.105469
1447.49,0.14462
1042.07,0.102869
515.242,0.0515203
1214.78,0.121436
1183.39,0.11833
1943.94,0.194258
1070.4,0.106931
3115.36,0.311314
1446.3,0.144517
573.404,0.0572272
832.953,0.0829977
703.684,0.0703551
612.818,0.0612513
1099.99,0.109926
2073.35,0.207235
635.381,0.0634468
4531.87,0.453097
1330.28,0.132631
741.35,0.0741306
576.436,0.057563
893.822,0.0892961
1431.02,0.142307
804.557,0.0804036
1886.17,0.188573
3255.91,0.325517
696.131,0.0694575
1742.28,0.174054
995.291,0.0995142
1248.81,0.124835
922.674,0.0922557
1165.21,0.116373
860.231,0.0860099
1920.44,0.191904
1465.45,0.14646
1254.51,0.125363
1427.98,0.14273
621.972,0.0621471
1811.56,0.180097
1047.97,0.104793
971.151,0.0971138
790.109,0.0790045
1106.93,0.110683
3386.01,0.338389
1475.39,0.147239
1530.31,0.153012
2989.02,0.29316
667.359,0.0667202
1176.91,0.117511
875.784,0.0871644
18835.4,1.8769
2495.99,0.249589
661.058,0.0659675
1806.92,0.180647
1026.94,0.102657
1437.81,0.143746
2543.72,0.253889
878.905,0.0878734
888.447,0.0888326
585.122,0.0584852
810.578,0.0810406
1126.43,0.11263
3256.37,0.325455
1128.93,0.107248
2760.61,0.276017
1387.3,0.138705
708.37,0.0708336
1832.58,0.183246
4016.76,0.401505
2433.85,0.243307
1130.45,0.112986
1049.21,0.104728
1739.49,0.173876
757.875,0.0756762
909.225,0.090838
1038.34,0.103733
1204.89,0.120401
1256.18,0.125573
582.797,0.058262
947.899,0.0947749
1480.52,0.147799
1412.65,0.141108
2535.82,0.253452
1592.33,0.159114
1220.39,0.121972
959.467,0.0959429
1246.18,0.124429
5745.68,0.571056
862.162,0.0860927
732.994,0.0732951
788.361,0.0788301
1653.32,0.165315
578.194,0.0578185
890.95,0.0889214
1460.79,0.146068
1200.89,0.120026
1400.28,0.14
1508.68,0.150856
1251.32,0.124857
864.531,0.0863732
565.818,0.0565509
1805.45,0.180514
1004.2,0.100406
1498,0.149656
1034.9,0.103189
2783.05,0.278188
1372.82,0.137166
1975.03,0.196924
966.378,0.0965818
591.271,0.0591068
1386.61,0.13857
2085.82,0.208499
3664.19,0.365435
1237.11,0.123696
3593.77,0.359273
943.84,0.09435
1937.28,0.193699
787.658,0.0787624
1068.5,0.106748
1587.9,0.158742
1669.81,0.166935
5444.54,0.544192
729.809,0.0729441
905.802,0.0904592
2369.26,0.236746
1151.18,0.115075
5083.4,0.507618
754.308,0.0754299
1693.01,0.169252
2161.32,0.216103
2245.59,0.224142
2277.43,0.227458
1246.09,0.124575
1270.61,0.127057
844.822,0.0844516
1693.6,0.169313
732.069,0.0731195
2366.17,0.236563
1192.95,0.119222
726.636,0.0726586
876.225,0.0876159
1576.72,0.157566
1249.16,0.124785
945.595,0.094414
1076.4,0.10763
719.899,0.0719745
3636.06,0.3634
1325.09,0.132292
2651.23,0.26509
1770.46,0.176813
3210.76,0.320907
1443.29,0.144281
1187.2,0.118464
655.931,0.0653801
1228.32,0.122728
972.937,0.0972888
1399.02,0.139888
936.106,0.0935055
2088.11,0.20853
1698.31,0.169778
963.59,0.0963379
4494.67,0.448974
955.316,0.0937999
1207.62,0.120713
1614.6,0.161348
927.909,0.0927585
1031.07,0.103083
855.508,0.0854641
1636.36,0.163559
2053.31,0.205207
777.598,0.0777353
770.769,0.0770758
1185.76,0.117903
838.681,0.0837957
1358.38,0.135812
1096.1,0.109589
1463.4,0.146181
1121.71,0.112161
1011.75,0.100639
1067.82,0.106602
1044.45,0.104297
2698.33,0.269512
959.771,0.095919
2753.8,0.275157
1561.83,0.15594
1655.19,0.165384
1911.91,0.191114
1279.52,0.127918
1842.81,0.184262
3171.07,0.317039
693.966,0.0692122
761.488,0.0750623
2258.46,0.225631
1599.84,0.159973
1009.48,0.100744
727.428,0.0725796
1304.77,0.130367
1683.41,0.168259
1029.16,0.102719
1229.43,0.122448
1593.44,0.158493
620.032,0.0614029
1156.47,0.115448
1984.05,0.198372
1920.84,0.19205
695.195,0.0694917
723.549,0.0723268
1178.37,0.117811
912.502,0.0912348
1591.17,0.158868
1616.26,0.161604
1628.86,0.162142
4660.52,0.465825
1929.68,0.192954
1033.99,0.103392
1648.58,0.164622
1411.82,0.141143
3503.66,0.349851
1093.14,0.109275
1300.62,0.130061
705.587,0.0705481
4397.89,0.43881
958.035,0.095778
1596.15,0.159409
976.04,0.094703
4607.97,0.460555
1599.14,0.159864
986.795,0.0985941
1014.16,0.101395
4072.15,0.407111
774.545,0.0773735
1641.41,0.163947
1198.52,0.119682
1889.43,0.188871
1078.75,0.107856
1272.76,0.127265
811.106,0.0810776
2971.73,0.296175
1195.9,0.119436
3906.1,0.389366
1771.32,0.176878
1084.25,0.108414
1219.91,0.12189
1970.78,0.197049
1988.23,0.198726
1259.97,0.125992
831.751,0.0830837
1189.53,0.118857
1509.78,0.150901
1026.5,0.102606
2084.46,0.207881
887.079,0.0886591
885.512,0.0885243
2304.47,0.230346
715.947,0.0712236
1100.9,0.110048
1442.2,0.144194
1465.01,0.146273
2352.8,0.235261
1426.58,0.142628
2830.25,0.282954
1028.4,0.102803
797.693,0.0797667
625.689,0.0625644
1210.11,0.120993
1518.88,0.151881
1554.62,0.155434
821.188,0.0821142
683.699,0.0683389
1941.02,0.193968
1850.25,0.184975
744.356,0.0744126
830.252,0.0829539
1975.59,0.19754
1408.25,0.140577
1123.82,0.112372
1383.88,0.137449
807.022,0.0806258
829.566,0.0827969
506.022,0.0503919
685.184,0.068485
1413.5,0.141322
688.233,0.0688191
2305.28,0.230408
925.085,0.0924882
1216.13,0.121487
707.439,0.070708
968.034,0.0967981
567.417,0.0566777
1320.83,0.131949
1202.47,0.120197
1705.52,0.170507
749.884,0.0749318
1809.66,0.180699
789.604,0.0786765
1313.24,0.131318
1615.65,0.161394
839.934,0.0839842
4823.72,0.481832
1102.82,0.110273
2043.25,0.204223
1199.02,0.119894
1014.28,0.101389
1334.18,0.133404
921.547,0.0921191
1115.17,0.111492
942.571,0.0941169
604.356,0.060376
576.888,0.0576737
1897.46,0.189648
1671.58,0.167104
1579.26,0.157876
1056.81,0.105634
848.355,0.0848076
845.108,0.0844959
820.715,0.0819934
2762.51,0.276046
1173.41,0.117202
1170.93,0.117085
982.823,0.0981188
1187.47,0.118473
1308.11,0.130708
3391.74,0.337683
698.208,0.0697727
1608.88,0.160786
2330.65,0.23288
1629.31,0.162914
1297.32,0.129703
1252.19,0.125206
529.24,0.0529121
2476.04,0.247127
1252.93,0.12523
1518.23,0.15158
1472.44,0.14718
1455.52,0.145473
1181.34,0.118096
1604.54,0.160436
1657.94,0.165758
948.207,0.0947957
3392.7,0.339041
525.798,0.0525184
884.563,0.0882598
2145.78,0.214557
1036.02,0.103488
1174.02,0.117335
1764.36,0.176325
1837.34,0.183509
724.916,0.0724712
801.205,0.080036
2107.48,0.210092
1756.15,0.175461
1256.11,0.1256
980.352,0.09786
854.756,0.0854041
1273.94,0.127351
1025.04,0.102203
1568.75,0.156744
1021.96,0.101916
1064.73,0.106438
5728.08,1.38361
3698.19,0.369593
786.098,0.078588
980.049,0.0979949
690.982,0.0690918
540.128,0.0540116
2065.82,0.206356
801.457,0.0801229
2013.79,0.199791
804.493,0.0804438
1805.51,0.180534
1061.57,0.106126
1376.69,0.137628
979.17,0.0978923
916.034,0.0914702
889.574,0.0889383
911.165,0.0911151
1473.91,0.147277
1008.33,0.100658
1716.87,0.171659
1183.66,0.118323
796.024,0.0795731
1723.36,0.172304
701.239,0.0701225
1968.48,0.19672
831.712,0.0831644
1097.79,0.109778
587.206,0.0586777
1661.71,0.166093
819.818,0.0819785
1281.51,0.128106
1530.26,0.152987
655.393,0.0655184
2129.88,0.212696
1061.54,0.106146
1993.34,0.199001
1587.29,0.158397
1455.2,0.14551
1192.06,0.119153
1275.41,0.127444
1014.51,0.100679
1289.9,0.128975
1248.21,0.124808
4146.74,0.414234
1435.09,0.143058
15810.3,1.57202
3640.68,0.363999
1972.75,0.197206
848.395,0.0847518
1235.87,0.123433
1800.16,0.179963
2269.94,0.226812
2238.48,0.222553
1892.98,0.189216
1552.85,0.155242
1123.92,0.112348
1257.87,0.125762
2509.31,0.250806
1009.15,0.100787
5236.68,0.523295
1757.12,0.175691
939.491,0.0939413
4238.54,0.422343
8042.29,0.80166
4535.97,0.452854
840.773,0.0839531
752.376,0.0752313
1191.7,0.119125
1053.48,0.105287
1513.77,0.15128
1113.86,0.111307
5903.12,0.58835
1416.57,0.141641
1296.55,0.129648
1813.63,0.181347
921.929,0.0921877
708.851,0.0708345
1434.9,0.143398
1066.75,0.105959
1925.7,0.19205
2505.54,0.250358
694.833,0.0694162
1174.91,0.117358
606.355,0.0606018
1084.48,0.108443
1518.38,0.15183
684.475,0.0683606
2338.52,0.233775
1534.83,0.153265
2473.84,0.247097
810.625,0.0808284
1806.11,0.180587
1759.85,0.175846
3754.77,0.375205
932.647,0.0932447
662.728,0.0662686
693.729,0.0693679
8600.21,0.85818
1204.19,0.12036
758.999,0.0758159
678.033,0.0677591
2394.8,0.239337
1633.55,0.163303
983.783,0.097708
1584.82,0.157329
1258.35,0.125704
2137.64,0.213732
1025.57,0.102552
741.831,0.0741122
1816.64,0.181558
1134.67,0.113434
1757.54,0.175739
1071.24,0.106881
1915.55,0.191548
1015.95,0.101574
612.798,0.0611985
732.795,0.0732455
550.635,0.0550415
855.11,0.085501
6245.78,0.623633
1779.24,0.177884
1344.43,0.134439
2939.5,0.293829
982.178,0.0981611
1826.45,0.182529
1284.53,0.128418
1030.8,0.102964
854.148,0.0854139
2035.63,0.201611
9679.8,0.967032
1027.45,0.102705
1572.66,0.157243
1184.37,0.118411
710.384,0.0708555
652.487,0.0651006
816.81,0.0816757
638.659,0.0638132
1047.4,0.104678
1045.18,0.104514
1864.09,0.186289
1942.03,0.194081
1637.65,0.163712
658.441,0.0657902
638.092,0.0637905
1019.89,0.101479
1752.66,0.175254
1379.47,0.13688
1566.34,0.151586
4730.38,0.472084
1304.04,0.130377
976.992,0.0976866
553.561,0.0552922
1190.82,0.119068
1719.81,0.171943
1223.61,0.122141
1651.81,0.164778
2422.16,0.242078
5203.45,0.520091
2070.58,0.206998
846.409,0.0846225
6015.07,0.600998
1273.84,0.127232
518.895,0.0518674
772.277,0.0772125
1311.41,0.131053
1436.72,0.143575
2090.96,0.209011
1830.57,0.182695
861.058,0.0860587
1965.68,0.196548
3061.15,0.305615
989.261,0.0989051
690.129,0.0689807
1859,0.18586
1497.63,0.149748
2032.53,0.203216
1983.12,0.198257
1153.49,0.115325
22895.1,2.28184
1470.96,0.147084
5546.05,0.55309
7468.97,0.745453
1485.34,0.148476
854.384,0.085435
753.801,0.0753752
2050.28,0.204784
817.496,0.0817262
2868.07,0.285383
2590.53,0.259031
1182.9,0.118234
1130.71,0.112653
976.62,0.0976609
959.062,0.0957825
2110.35,0.21088
1659.97,0.165721
4131.47,0.412593
1302.64,0.130241
1408.43,0.140751
15560.3,1.54709
4222.34,0.421825
4349.69,0.43476
1840.69,0.183931
2390.37,0.238885
1242.56,0.124248
4278.96,0.427074
2035.55,0.203433
1809.57,0.180936
1556.47,0.155631
1135.42,0.113531
597.259,0.0596916
751.822,0.0751709
912.779,0.0912246
1234.53,0.123419
1220.11,0.121784
1049.23,0.104913
2443.04,0.244272
16156.2,1.61279
1860.41,0.185174
588.418,0.0587476
1126.37,0.112491
865.888,0.0865511
1217.04,0.121643
792.497,0.0791293
855.875,0.0855196
889.055,0.088721
1144.8,0.114467
1410.95,0.141062
775.302,0.0768983
2214.35,0.221313
1767.32,0.176718
1296.76,0.129657
1102.97,0.110259
834.517,0.0834364
983.205,0.0982782
4545.33,0.454106
1961.9,0.195845
701.696,0.0701504
1825.05,0.18218
422.409,0.0422328
4139.67,0.413498
1240.73,0.12403
910.463,0.0909992
2154.55,0.215379
2261.24,0.226053
4313.04,0.430768
1073.18,0.107195
648.136,0.0647313
1108.81,0.11085
1042.13,0.104194
1038.75,0.103824
1257.54,0.125692
1995.66,0.199533
1641.16,0.164075
1037.67,0.103759
1263.16,0.126191
1174.52,0.117385
763.742,0.0763697
1959.96,0.195901
1245.16,0.124457
1016.6,0.101629
1897.05,0.189678
1886.23,0.188514
697.56,0.0697088
2961.94,0.296122
1913.11,0.191242
874.03,0.087396
1052.16,0.10521
1005.16,0.10051
1771.81,0.17703
3001.04,0.297428
1055.36,0.105186
1132.64,0.113113
1900.84,0.190053
1281.86,0.128094
963.05,0.0961798
3863.23,0.386185
784.617,0.0784551
1142.78,0.114195
1582.91,0.15826
1448.02,0.144633
1301.32,0.130114
3218.62,0.321573
1018.69,0.101855
2573.5,0.257211
907.109,0.0906833
820.676,0.0820528
1548.2,0.154696
2046.92,0.204638
1031.87,0.103176
1070.55,0.10705
1038.42,0.103806
853.067,0.0852926
874.328,0.0874064
2021.38,0.202043
907.775,0.0907336
1506.2,0.150505
1141.66,0.114158
752.594,0.0752542
6301.22,0.628242
1588.71,0.158841
1146.1,0.114251
1538.73,0.153654
971.706,0.0971572
1058.05,0.105641
2338.56,0.233824
1601.38,0.160099
671.637,0.0668916
1122.27,0.112181
2110.95,0.210959
1943.55,0.194303
635.05,0.0633947
866.308,0.0866027
876.227,0.0876114
3919.88,0.391167
1336.37,0.13333
733.434,0.0733137
1001.93,0.100131
2050.84,0.204993
515.149,0.0514804
1235.93,0.123566
1411.54,0.141092
1346.33,0.134512
599.098,0.0599035
1850.73,0.184984
1176.88,0.117684
2382.35,0.23814
1361.04,0.135554
1252.91,0.125287
1358.38,0.135824
2084.39,0.208414
1362.4,0.136229
1431.01,0.143086
1266.93,0.126681
1014.44,0.100097
5194.17,0.518512
1056.36,0.105559
1751.26,0.174735
1745.85,0.174347
1408.57,0.140847
1074,0.107295
1393.16,0.139281
1202.66,0.120202
1749.21,0.174904
934.277,0.0926243
2478.91,0.247732
547.502,0.0547134
1743.27,0.174266
2447.74,0.244412
1068.97,0.106852
3435.76,0.343068
2859.42,0.285898
3074.28,0.306329
1801.04,0.179917
1035.26,0.103455
1357.84,0.135707
1650.86,0.165002
704.928,0.0704813
1723.74,0.17233
1147.63,0.114755
2824.72,0.281873
3347.05,0.333422
1875.21,0.187459
705.677,0.0705647
573.172,0.0573103
1055.05,0.105433
1226.98,0.122688
608.449,0.0608264
2014.69,0.201396
998.929,0.09989
1015.48,0.101508
2198.25,0.219776
1449.27,0.14487
732.968,0.073286
1993.36,0.19918
966.608,0.0966515
1542.87,0.154162
1320.26,0.13196
1237.37,0.123599
616.398,0.0616238
919.332,0.0919243
832.79,0.0832317
913.4,0.0913073
1431.6,0.143142
662.407,0.0662303
703.329,0.0703188
1741.02,0.174058
882.247,0.0882092
807.188,0.0806738
712.026,0.0711933
1534.5,0.15339
748.228,0.0747537
1118.96,0.111563
11245.5,1.12086
1266.42,0.126512
2053.2,0.205252
833.017,0.0832601
643.522,0.0643138
1920.73,0.19189
502.352,0.050156
3611.01,0.359968
940.651,0.0934722
807.348,0.0807269
1156.85,0.115677
1724.41,0.172292
1482.96,0.148236
1017.62,0.101579
1843.6,0.184274
1977.15,0.197622
1456.42,0.145529
1875.58,0.187483
1635,0.163479
6469.54,0.644625
813.466,0.0813445
1390.84,0.139043
778.581,0.0778539
825.187,0.0824758
790.38,0.079034
525.165,0.0524002
827.114,0.0827011
1820.08,0.181898
1690.96,0.169032
1620.24,0.161996
959.819,0.0959752
2937.22,0.293376
2074.1,0.207355
2649.16,0.264858
1320.09,0.132
725.418,0.0725344
786.154,0.0780395
1118.73,0.111804
2447.92,0.244619
1056.14,0.105584
823.955,0.0823731
1671.67,0.16709
1214.35,0.120928
1560.43,0.154734
1807.19,0.180716
1182.1,0.118165
690.414,0.0690363
1519.96,0.15153
991.902,0.0990536
1614.54,0.161094
477.791,0.0477779
1114.51,0.111424
2641.61,0.263986
982.574,0.0982472
1313.01,0.131268
1223.89,0.122369
827.642,0.0827497
3039.67,0.30374
2762.91,0.27609
1343.38,0.134332
779.72,0.0778958
1603.61,0.160344
1882.83,0.188251
588.402,0.0588338
1522.86,0.152258
1372.9,0.137179
1607.63,0.16069
2936.25,0.293495
1005.03,0.100466
2034.62,0.203399
3340.4,0.333748
1084.51,0.108437
1055.77,0.105226
1291.34,0.129085
1806.88,0.180615
743.903,0.0743585
1055.16,0.105506
1128.66,0.112854
3258.31,0.325765
1383.25,0.130744
930.875,0.0930703
1128.77,0.11285
5976.08,0.597355
884.519,0.0884356
1008.82,0.100392
821.913,0.0821826
1641.57,0.16408
1640.3,0.164011
2440.21,0.24397
1149.61,0.116661
1791.89,0.179007
1062.79,0.106235
551.388,0.0551214
1210.74,0.121047
1218.06,0.1217
4203.36,0.419297
2174.58,0.217287
2576.71,0.25761
952.192,0.0952056
888.93,0.0888837
1824.69,0.182433
821.539,0.0821115
2300.45,0.22994
1011.07,0.101089
999.838,0.0998202
2040.59,0.203954
1534.25,0.153394
2679.85,0.267786
1183.35,0.118283
2255.12,0.225481
3019.48,0.301719
1301.3,0.130034
2775.94,0.277546
1195.52,0.119454
2854.74,0.285404
1017.69,0.101762
1175.88,0.117552
1091.69,0.109153
1217.94,0.121789
1284.06,0.128397
1422.03,0.142183
1699.46,0.16992
1476.89,0.14768
1041.85,0.104182
1496.95,0.14963
2882.97,0.287997
951.617,0.0948933
811.227,0.0811165
593.359,0.0593251
947.481,0.0945477
1272.04,0.127188
1526.49,0.152132
958.778,0.0958405
1428.77,0.142836
1096.69,0.109658
1437.12,0.143629
4050.76,0.404443
1029.33,0.102894
1013.46,0.101127
886.231,0.0885948
797.349,0.0797269
3128.16,0.31268
947.517,0.0947351
809.985,0.0809443
908.414,0.0908126
1032.02,0.103094
580.255,0.0579259
1605.25,0.160313
563.189,0.0562641
1068.26,0.106801
1414.66,0.141299
2226.02,0.222431
1461.29,0.145994
1498.77,0.149813
782.099,0.0781406
1239.21,0.12348
1616.26,0.161262
1680.46,0.168012
570.464,0.0570399
1471.12,0.146959
1011.59,0.101121
806.138,0.0805461
1376.25,0.137583
706.686,0.070588
2274.87,0.227315
6358.37,4.31618
1686.18,0.168504
700.173,0.0698969
872.638,0.0872612
3507.83,0.349273
1972.96,0.196275
941.783,0.0941712
948.513,0.0948003
1069.3,0.106883
3204.57,0.319897
4278.36,0.427615
667.11,0.0666695
4134.56,0.413198
1734.6,0.173124
580.122,0.058003
11115.8,1.10939
829.722,0.0825449
1336.55,0.133598
2141.66,0.214029
2147.42,0.214693
1737.03,0.173602
1199.01,0.0873266
1447.19,0.144526
2077.73,0.207735
4277.09,0.427596
1297,0.12958
1239.71,0.123894
1340.12,0.133905
1133.97,0.112795
908.288,0.0907603
762.114,0.0759946
757.158,0.075714
944.039,0.0943884
2740.09,0.273924
1731.73,0.173146
3052.09,0.304908
1507.3,0.150681
841.661,0.0841215
980.674,0.0980634
1118.11,0.111507
689.244,0.0688382
486.321,0.0486045
1326.92,0.132651
779.551,0.0779201
770.275,0.0770193
1224.29,0.122367
764.675,0.0764651
1943.23,0.194256
983.533,0.0979297
2179.27,0.217911
948.994,0.0948524
613.083,0.0613021
955.111,0.0954866
983.433,0.0983349
2115.19,0.211362
8211.13,0.820016
1015.11,0.101495
881.903,0.0881382
546.428,0.0546095
657.824,0.0657537
1358.45,0.135724
1037.67,0.10375
1102.67,0.110251
2066.33,0.206496
908.816,0.0908348
378.611,0.0378549
3037.85,0.303582
2091.39,0.20839
1151.59,0.114896
1045,0.10426
1895.26,0.189513
2516.18,0.251517
1220.41,0.122036
1117.31,0.111651
1861.99,0.186144
373.249,0.0373162
1700.97,0.169861
1222,0.122158
1621.97,0.162179
919.521,0.091949
3487.86,0.348699
948.845,0.094866
2447.02,0.244443
1012.74,0.101234
1099.89,0.109939
1115.72,0.111552
1177.6,0.117652
1707.08,0.170514
1859.44,0.185558
1226.51,0.122646
1136.58,0.113614
965.166,0.0963067
2124.45,0.212421
872.596,0.0872224
1033.35,0.103319
1539.45,0.15382
5223.73,0.521781
708.4,0.070833
1053.27,0.105304
1487.48,0.14874
486.57,0.0486324
1309.94,0.130986
855.744,0.0854863
1161.75,0.116139
2720.53,0.271904
798.299,0.0797919
2970.57,0.296604
1793.45,0.179297
894.794,0.0894071
1091,0.109083
652.127,0.0652105
790.718,0.0790582
613.5,0.0613381
1084.88,0.108471
758.118,0.0757181
930.966,0.0930349
1729.14,0.172846
1390.4,0.138749
849.321,0.0847723
1409.05,0.140861
1267.55,0.126713
972.337,0.0972221
3334.29,0.333024
1083.16,0.108282
600.492,0.0599694
833.174,0.0832473
1009.39,0.100642
1845.4,0.184526
1405.1,0.140491
728.409,0.0728399
20074.5,3.24688
1062.25,0.105766
954.822,0.0954652
1982.58,0.198129
1509.89,0.150902
743.46,0.0742522
2330.71,0.232992
2474.63,0.247435
1353.45,0.135324
1288.33,0.128699
625.296,0.0625259
2642.03,0.26416
870.611,0.0868906
1147.11,0.114708
1457.69,0.145584
1298.57,0.129586
821.595,0.0819583
1076.78,0.107651
1115.88,0.111474
1061.24,0.106045
1211.26,0.12103
1529.03,0.152376
1778.14,0.177772
15735.7,1.57281
913.367,0.0912517
1265.45,0.126509
617.667,0.0617488
2925.08,0.292426
1285.13,0.128409
1194.39,0.119427
8755.33,6.02768
1039.55,0.103927
805.993,0.0805566
1654.6,0.16541
1439.21,0.143911
34134.1,3.40022
1545.84,0.154506
879.932,0.0878849
886.724,0.0885429
3761.76,0.37606
2022.44,0.202091
645.99,0.0645609
1867.07,0.186649
931.689,0.0931589
1428.51,0.142824
1024.43,0.102401
1494.89,0.149442
1118.22,0.111799
966.532,0.096644
1070.38,0.107032
1182.32,0.118211
816.651,0.0816041
556.571,0.0556392
1130.12,0.112969
1480.53,0.148032
2929.3,0.292716
2881.4,0.288084
1012.02,0.101085
1489.22,0.148658
1201.65,0.120116
798.151,0.0797776
714,0.0713858
800.545,0.0800129
1081.29,0.10812
1230.11,0.122943
1116.98,0.111629
2730.64,0.272952
1143.78,0.114343
928.959,0.0928683
1122.34,0.112208
786.806,0.0786398
771.908,0.0771061
623.329,0.0623017
1049.6,0.104948
977.18,0.0975392
533.862,0.0533605
2266.71,0.226181
560.252,0.055981
1402.61,0.140254
1557.09,0.155592
1343.95,0.134151
1262.85,0.126266
1121.44,0.112121
902.289,0.0899327
1059.3,0.105905
948.193,0.0947925
2105.48,0.210479
2291.29,0.228909
898.55,0.0897864
1124.71,0.112407
1423.27,0.142251
1277.49,0.127632
1454.4,0.145393
1046.67,0.104632
1548.07,0.154639
1083.53,0.108089
954.997,0.0954909
2030.4,0.202972
1213.95,0.121375
850.237,0.0848321
1398.63,0.134027
1381.78,0.138144
1588.8,0.158857
1004.91,0.100266
2990.05,0.298043
1118.85,0.111844
1735.31,0.173279
1960.69,0.195894
2309.01,0.230817
1799.74,0.179799
2001.09,0.191523
3364.91,0.336376
5127.42,0.511846
2864.08,0.286158
893.654,0.0893421
2283.14,0.228091
1622.75,0.162225
1401.81,0.140157
1130.09,0.112993
969.485,0.0969227
960.736,0.0959896
976.379,0.0976299
1539.42,0.153931
1443.19,0.144239
980.72,0.09802
2555.84,0.255421
1418.6,0.141805
1194.83,0.119399
1201.34,0.120121
1830.06,0.182889
1806.74,0.180637
1301.68,0.128476
686.422,0.068622
4282.78,0.428077
1333.7,0.133342
3037.63,0.303448
1342.76,0.134258
711.439,0.0709995
1305.7,0.130456
1402.89,0.139973
3623.08,0.361658
1797.94,0.179681
872.735,0.0872451
1385.5,0.138517
1656.23,0.165521
2333.26,0.233274
1060.55,0.106002
1261.38,0.126097
3299.45,0.329498
1203.45,0.120301
1413.82,0.141233
1730.77,0.172861
1197.62,0.119681
1033.86,0.103218
1109.37,0.110883
1091.84,0.109167
1176.37,0.117507
999.92,0.0998109
898.4,0.0898213
1906.27,0.190517
750.932,0.0750633
2003.08,0.200143
1056.02,0.105486
881.849,0.0868908
1419.48,0.141759
704.654,0.0703243
917.235,0.0906554
677.346,0.0677337
1693.73,0.169207
1992.74,0.198874
1346.83,0.134652
1920.99,0.19199
1364.82,0.136259
2331.87,0.233091
673.904,0.0673858
1413.26,0.141304
1042.19,0.104202
659.035,0.0657727
1267.1,0.126606
1096.78,0.109527
1403.3,0.140266
1024.25,0.10231
1367.98,0.136765
1388.77,0.138859
1228.97,0.122793
1198.2,0.11968
908.12,0.0908027
2010.7,0.200997
7312.67,0.730836
1169.16,0.116856
654.524,0.0654129
1089.96,0.10887
1598.99,0.159878
1516.99,0.151689
899.665,0.0899476
1354.74,0.13545
1056.88,0.105575
1090.57,0.109031
893.716,0.0891464
2816.27,0.281407
2464.7,0.245949
2141.3,0.214016
3213.36,0.321008
1130.17,0.113009
1095.13,0.10951
1748.6,0.174798
2440.51,0.244036
1128.99,0.112731
1496.78,0.149048
863.397,0.0862217
1144.83,0.114365
1097.3,0.109684
764.471,0.0764366
1012.81,0.101277
2489.46,0.248438
1657.7,0.165746
1298.13,0.129741
970.257,0.0970039
2536.83,0.253644
904.905,0.0904811
818.429,0.0816741
1292.29,0.129189
745.351,0.0744018
1220.38,0.122025
20359.7,2.0172
1073.99,0.107392
2678.92,0.267775
962.969,0.0962634
1121.32,0.112123
800.942,0.0800877
803.946,0.0803923
1491.9,0.14914
1325.85,0.132569
1316.25,0.131602
2411.6,0.240653
971.861,0.0971478
939.693,0.0939437
2163.02,0.216191
948.691,0.0947818
870.036,0.086918
640.125,0.0640062
864.41,0.0862725
4015.17,0.401304
3443.67,0.343022
2237.71,0.223638
1096.31,0.109581
1749.67,0.174933
1388.12,0.138481
936.427,0.0936403
563.872,0.0563836
1477.53,0.147715
1506.32,0.150144
2260,0.225677
1959.61,0.195874
1066.51,0.106565
960.399,0.0959885
615.849,0.0611793
657.543,0.0657518
966.525,0.0966449
1854.63,0.185198
691.588,0.0691449
554.652,0.0554494
4491.75,0.449034
5313.28,2.46312
1134.53,0.113351
875.474,0.0874175
2050.34,0.204943
2502.96,0.250067
2178.2,0.21754
1320.25,0.13196
1168.88,0.116786
872.581,0.087124
5219.91,0.52175
3123.71,0.312116
1613.32,0.161211
1000.75,0.099952
2312.23,0.230951
3671.26,0.367102
1215.66,0.121492
1346.08,0.134564
1574.38,0.157324
953.377,0.0952567
1981.23,0.198119
1030.7,0.102896
3113.5,0.310646
2045.57,0.204505
2215.87,0.221553
1182.14,0.1182
1731.78,0.172935
1239.53,0.1239
1055.85,0.105414
1408.56,0.136106
1473.25,0.147239
1084.34,0.108386
992.287,0.0991782
1342.37,0.134137
1175.5,0.117538
2665.04,0.266391
1445.62,0.14452
1782.62,0.178221
954.236,0.0953372
2136.97,0.213334
1071.31,0.107089
3085.95,0.307304
703.238,0.070305
1451.15,0.145096
1842.61,0.183889
2305.98,0.23045
556.831,0.055668
1586.02,0.15841
1093.8,0.109354
1987.36,0.197907
1409.13,0.140813
695.369,0.0695146
828.743,0.0804845
1787.85,0.178652
1450.12,0.144934
906.562,0.0766651
2416.51,0.240605
670.862,0.0670381
1457.41,0.145633
2696.25,0.269492
1913.56,0.191217
1686.92,0.168647
873.14,0.0873075
1153.84,0.115366
1468.34,0.14675
1886.48,0.188396
1024.04,0.102375
1199.51,0.119876
967.063,0.0966916
1205.96,0.120522
894.989,0.0894797
1172.92,0.11729
837.318,0.0837223
810.462,0.0810433
1227.48,0.122083
1241.42,0.124078
820.256,0.0820034
1021.87,0.102127
2003.36,0.200075
879.827,0.087976
5192.75,0.519115
1018.56,0.101832
779.782,0.0779709
1075.67,0.10756
731.448,0.073008
909.472,0.0908011
575.54,0.0575259
856.423,0.0850834
1779.29,0.178702
3277.19,0.327366
1188.72,0.118837
855.478,0.0855383
1091.04,0.109
904.404,0.0904336
1558.4,0.155771
1412.63,0.141236
1339.01,0.133836
1624.92,0.162402
4049.21,0.404439
1166.71,0.11663
1073.15,0.10731
887.183,0.0887083
1186.28,0.118616
1833.72,0.183345
1159.76,0.115474
2238.19,0.223334
2152.52,0.215234
1306.54,0.130468
1497.94,0.14968
782.8,0.0782762
754.438,0.0754096
1108.03,0.110783
933.482,0.0933461
774.583,0.0773676
1147.33,0.114683
1052.55,0.105146
1003.84,0.100342
3220.47,6.56295
1022.3,0.102211
1281.31,0.12811
1904.35,0.190421
846.259,0.0845751
1059.13,0.105908
1212.6,0.121213
700.326,0.0700074
900.829,0.0899174
1046.98,0.104675
2436.69,0.243554
1148.82,0.111787
3585.84,0.358516
470.34,0.0469928
762.192,0.0762046
2579.9,0.257564
1875.66,0.187541
3729.36,0.372175
1126.71,0.112648
1665.31,0.166499
734.574,0.0734543
1708.66,0.170851
2760.7,0.27603
1460.2,0.146008
956.174,0.0955345
1558.45,0.155779
1056.56,0.105634
1042.9,0.104265
1220.6,0.121814
975.899,0.0975734
1469.07,0.14689
783.774,0.078369
1694.38,0.169435
1133.03,0.113072
5939.93,0.590423
855.504,0.085543
9589.1,0.953464
1114.33,0.111383
852.347,0.085167
1055.46,0.105539
1050.34,0.105029
1736.7,0.173498
864.378,0.0863876
2503.67,0.250264
1461.62,0.14577
958.399,0.0958146
2733.92,0.273125
983.711,0.0983354
985.381,0.0984912
1113.47,0.111134
703.989,0.0703977
1613.08,0.161261
1830.98,0.183016
1872.59,0.18207
1270.59,0.126891
1325.61,0.132539
1763.16,0.176287
2968.72,0.296654
806.12,0.0805899
1352.28,0.135152
1262.64,0.126202
1287.59,0.128752
1988.09,0.198593
905.95,0.0905264
3498.46,0.349291
895.439,0.0895256
930.338,0.093025
1093.77,0.109332
2254.73,0.225429
1890.81,0.189065
1988.79,0.198637
1703.36,0.170302
1189.34,0.118887
1077.71,0.107754
2527,0.252478
2357.07,0.23497
3609.63,0.360512
754.188,0.0753612
1555.83,0.155546
914.514,0.0907972
1470.66,0.147045
789.116,0.0789004
1007.67,0.100635
933.182,0.0933018
2216.82,0.221495
1802.48,0.180237
1238.78,0.123849
1237.53,0.123663
810.275,0.0810207
799.845,0.079983
580.706,0.058068
2296.31,0.229594
1194.32,0.11942
1237.54,0.123704
948.799,0.0948741
799.445,0.0799379
1097.06,0.109691
986.084,0.0985551
9135.19,1.53872
2019.06,0.201808
1387.14,0.138536
1122.28,0.112134
3725.26,0.371122
1084.8,0.108473
821.15,0.0820692
1266.24,0.126538
984.646,0.0983647
1557.2,0.155692
9110.96,0.908145
2522.64,0.25217
3054.9,0.30532
2701.79,0.269969
835.806,0.0835646
985.315,0.0982997
658.309,0.0658011
1301.31,0.130108
1721.88,0.159602
1058.31,0.105823
1877.37,0.187722
706.56,0.0704985
1728.01,0.172789
2129.32,0.212884
2400,0.239829
1184.2,0.11832
1220.62,0.122054
1649.15,0.164714
18885.1,1.88163
1262.15,0.1262
1732.86,0.172754
1407.04,0.140684
1174.25,0.117257
3224.55,0.322356
1158.93,0.115861
1370.22,0.136939
1029.69,0.10291
1526.07,0.152585
7365.11,0.7358
1080.09,0.108004
822.431,0.0822411
4458.89,0.445003
2806.41,0.280355
3434.23,0.343305
1910.64,0.191005
2294.03,0.229226
1042.18,0.104185
1652.24,0.165113
935.968,0.0935951
1630.56,0.162972
2126.57,0.212513
3941.22,0.393181
641.701,0.0641609
978.749,0.0978682
994.41,0.0989364
1345.04,0.134412
1153.99,0.115315
778.227,0.0778205
2530.23,0.252902
1552.62,0.155212
1373.59,0.137318
3366.95,0.335243
3448.27,0.344758
759.716,0.0759616
923.592,0.0921634
17126,1.70718
1545.85,0.154538
795.361,0.0794349
903.041,0.0902991
1076.08,0.107508
2131.71,0.213149
1364.39,0.136416
1518.76,0.151845
1265.77,0.126461
1464.36,0.146384
1042.51,0.104244
774.874,0.0750389
2062.72,0.20599
1349.6,0.134682
1229.21,0.122918
1315.31,0.131479
1629.9,0.162903
678.221,0.0678038
850.853,0.0850621
809.321,0.0808501
878.181,0.0877841
1261.1,0.126095
938.424,0.0937923
1329.02,0.132874
800.668,0.0799346
1050.89,0.105085
1148.69,0.114855
564.716,0.0563849
1099.96,0.109983
5137.88,0.512902
803.233,0.080303
1532.67,0.153238
682.035,0.0681443
1140.15,0.11399
1526.83,0.152637
1772.72,0.177155
1512.45,0.150609
576.227,0.0572384
1267.68,0.12675
1010.65,0.101745
1052.69,0.105226
577.748,0.0577429
2063.23,0.206219
652.95,0.0652931
1281.24,0.127655
1335.03,0.133475
2849.18,0.284214
1171.88,0.11718
1144.83,0.114463
889.993,0.0889903
1453.17,0.145299
773.568,0.0773326
10916.3,1.09013
1299.72,0.1299
1514.58,0.151269
697.903,0.0697119
884.87,0.0884667
1521.29,0.152094
1159.7,0.115921
982.283,0.0979477
7272.36,0.725962
3407.45,0.340682
1356.46,0.13164
2018.5,0.201403
2294.63,0.229341
2167.37,0.216442
2852.4,0.284525
1662.23,0.166019
645.207,0.0644814
1502.94,0.150266
1041.76,0.10417
1377.23,0.137513
1140.69,0.114057
1032.64,0.103261
731.323,0.0731214
1246.02,0.124551
11355.9,1.12779
1393.57,0.13887
675.388,0.0673195
2030.5,0.202787
989.523,0.0989214
1172.77,0.117262
1233.33,0.123288
894.631,0.0855284
2089.84,0.208945
734.895,0.0734685
1653.32,0.165327
591.633,0.0591583
904.939,0.0904391
1668.42,0.166813
6895.98,0.688638
1266.67,0.126605
1300.12,0.129998
1266.54,0.126649
706.346,0.07063
1021,0.102078
1995.05,0.199498
1081.63,0.10736
481.056,0.0479337
1282.68,0.128202
2176.56,0.217613
14491.3,1.44185
4369.5,0.435359
818.636,0.0818548
787.803,0.0787777
1451.32,0.145086
3443.09,0.343851
1045.86,0.10415
816.091,0.0816037
823.431,0.0823055
4918.1,0.484196
1559.28,0.155761
1925.97,0.192565
2698.1,0.26931
1469.74,0.14688
3025.91,0.302573
658.261,0.0657882
881.283,0.0877278
825.157,0.0824903
611.119,0.0610858
1074.64,0.107447
1030.47,0.102991
677.437,0.0677119
1563.86,0.156213
2005.07,0.200456
1332.34,0.133167
1357.81,0.135732
1278.93,0.12775
1080.5,0.108021
1157.76,0.115773
3402.89,0.339886
1149.88,0.114945
1532.25,0.153067
1179.73,0.11796
2225.44,0.222451
667.4,0.0667367
1076.34,0.107602
891.993,0.0891496
1857.59,0.185735
938.998,0.0937921
587.56,0.0587199
1209.22,0.120899
1222.18,0.122187
834.796,0.0834511
1435.66,0.143564
1098.53,0.109543
953.775,0.0953422
878.714,0.0878532
1772.01,0.177122
1244.08,0.124384
1714.48,0.171302
758.478,0.075298
3473.81,0.347323
1883.97,0.156841
1123.83,0.112365
1762.26,0.225029
1367.95,0.136641
1612.76,0.161255
1998.81,0.199036
1317.16,0.131713
1228.8,0.122763
787.023,0.0786558
1315.95,0.13153
1096.28,0.109543
1307.38,0.130678
440.225,0.0440138
719.751,0.0719721
1788.62,0.178652
1352.46,0.135225
5338.54,0.532115
838.522,0.0838137
2568.66,0.256044
1439.29,0.143778
1353.08,0.135278
1526.52,0.152625
1968.56,0.196659
1276.41,0.127208
798.33,0.0798275
1419.57,0.125881
895.419,0.0893792
5624.89,0.561986
1172.7,0.117168
1355.95,0.135436
1724.53,0.172405
1283.59,0.128309
3288.58,0.328811
764.873,0.0764668
699.422,0.069926
3291.21,0.328334
4324.48,0.432426
2266.9,0.226648
557.792,0.05577
1988.05,0.198633
2807.21,0.280542
1567.94,0.156726
1905.55,0.19048
789.896,0.0789727
743.366,0.0743212
1485.32,0.14847
842.778,0.0842698
1460.27,0.145957
947.471,0.0947173
2053.24,0.205187
1211.62,0.121159
875.466,0.0875424
1802.86,0.180238
1442.88,0.144282
1722.16,0.172038
1279.8,0.127686
1676.84,0.167615
1082.23,0.106368
837.857,0.0832419
701.133,0.0701079
725.31,0.0725288
1297.77,0.129612
1247.93,0.124777
1685.56,0.168474
929.114,0.0928658
5041.68,0.503833
1416.82,0.141665
2069.21,0.20691
1595.82,0.1594
1127.37,0.112642
654.878,0.0654773
992.557,0.0991553
1263.43,0.126336
1935.28,0.193488
2954.6,0.295292
1544.87,0.154085
2789.41,0.278525
2946.83,0.294487
1449.96,0.144903
1434.59,0.143439
1036.94,0.10369
790.014,0.0788293
1668,0.166729
1307.32,0.130689
760.144,0.0759597
1277.19,0.127634
246.027,0.0246009
1208.24,0.120803
977.706,0.0975435
960.106,0.0959716
1503.91,0.150334
1723.51,0.172254
1356.26,0.135386
1092.94,0.109212
2116.17,0.211452
13724.9,1.37241
863.125,0.086296
763.344,0.0763191
1741.46,0.17412
3213.98,0.321212
1237.36,0.123725
2209.96,0.220419
906.282,0.0906241
2887.5,0.288347
1682.84,0.168223
1750.66,0.175012
1207.17,0.120645
1458.26,0.14582
1219.4,0.121767
1032.24,0.103212
2559.06,0.255873
1952.74,0.195269
1757.06,0.175679
1304.13,0.130398
1188.52,0.118844
1373.95,0.13736
906.543,0.0903011
707.376,0.0707294
823.318,0.0823264
1021.7,0.102153
1276.74,0.127658
2200.11,0.219996
1260.55,0.125715
2119.45,0.211661
1514.48,0.151423
1859.93,0.185681
1209.59,0.120719
685.98,0.0685963
524.929,0.0523747
1302.41,0.130204
1739.76,0.173916
1343.5,0.134201
1177.31,0.117719
786.285,0.0785993
1653.98,0.165272
1130.34,0.113028
1422.54,0.142239
1173.74,0.11727
1178.06,0.117786
3042.84,0.304218
661.185,0.0660377
1161.76,0.11616
862.235,0.0862157
2113.98,0.211377
899.164,0.0894931
2569.15,0.25564
2661.22,0.2658
1003.62,0.100297
1099.7,0.109957
873.119,0.0872809
2562.44,0.255763
778.827,0.0778536
900.182,0.0899181
3141.01,0.314065
1293.55,0.129338
718.092,0.071798
1035.55,0.103379
536.713,0.0536447
898.311,0.0890497
9081.83,0.905974
801.558,0.0798323
6933.79,0.691367
1397.77,0.139743
1017.74,0.101367
1435.93,0.143537
1129.64,0.112832
900.473,0.0900178
5197.03,0.519516
1843.75,0.184278
1405.3,0.140361
894.613,0.0894432
699.254,0.0698706
828.231,0.0828003
1062.41,0.106216
805.084,0.0802221
1642.36,0.16394
1044.18,0.104103
2368.96,0.23652
981.575,0.0981297
1525.8,0.152542
1977.29,0.197719
1298.56,0.129845
1480.03,0.147974
1787.54,0.178727
1615.86,0.161439
971.106,0.0969467
1561.68,0.156146
1197.13,0.11966
1322.4,0.132234
7955.77,0.794186
1014.92,0.101422
1634.59,0.163381
1134.46,0.113326
1275.07,0.1275
1633.18,0.163141
1510.07,0.150904
2070.32,0.206883
19012.4,1.89911
16059.2,1.59277
441.435,0.0441284
2423.54,0.242298
736.073,0.073543
793.205,0.0792598
786.617,0.0786585
1438.07,0.143788
819.747,0.0819359
1320.1,0.131914
2917.91,0.291475
1873.19,0.187107
707.224,0.0707152
2247.76,0.224671
880.123,0.0879296
1093.59,0.109354
960.661,0.09605
873.574,0.0873356
1282.21,0.128104
938.746,0.0938347
978.454,0.0966839
1557.26,0.155701
2611.92,0.260744
733.277,0.0733223
804.305,0.0803712
1708.73,0.169791
1667.04,0.166498
1487.65,0.148595
2017.8,0.20159
1150.63,0.114932
1417.08,0.141617
1473.87,0.147215
2197.18,0.219173
1123.87,0.112318
2638.71,0.263815
3218.97,0.321541
681.852,0.0681658
1124.24,0.112402
2842.03,0.284157
1377.24,0.137624
1371.26,0.136961
1497.62,0.150473
2606.4,0.260498
756.161,0.0754147
15813.5,1.57877
1450.89,0.144852
1762.91,0.17607
1114.38,0.111422
926.119,0.0925947
921.714,0.0921492
1189.37,0.118923
1716.58,0.17148
1209.82,0.12093
3069.69,0.306923
1157.37,0.115674
913.602,0.0913471
761.193,0.076105
1127.12,0.112661
1645.01,0.164328
826.9,0.0826736
1182.08,0.118199
1190.98,0.119033
1115.85,0.111439
1416.43,0.141614
773.213,0.0773198
999.223,0.0998972
1314.87,0.131357
1065.93,0.106579
1180.65,0.118011
803.15,0.0803078
1793.35,0.179266
1322.72,0.131211
682.286,0.0682278
1951.76,0.195146
996.952,0.0996856
1023.42,0.102258
1017.32,0.101697
974.989,0.097412
2173.88,0.21727
1485.62,0.148383
857.773,0.0853588
880.494,0.0879331
3321.32,0.332008
1584.11,0.158256
656.741,0.0656464
1483.33,0.148163
4802.53,0.464986
2203.42,0.220215
871.21,0.0870775
969.982,0.0969185
1034.04,0.103344
1427.35,0.14272
1697.46,0.169255
2877.64,0.287731
1105.84,0.110552
1000.46,0.0998053
1219.54,0.121888
4224.69,0.421327
1503.08,0.150232
438.404,0.0437865
846.893,0.0846168
1192.96,0.119293
924.31,0.0924301
1783.74,0.178256
1346.61,0.134537
756.86,0.0755857
1012.22,0.100753
2038.77,0.203813
1444.52,0.144434
1077.4,0.107715
861.535,0.0861285
1862.32,0.186197
530.57,0.0530534
1382.58,0.13821
1404.79,0.14046
4265.87,0.426474
1238.83,0.123467
3433.5,0.343038
631.166,0.0631148
2686.18,0.268597
2062.12,0.206092
1244.44,0.124432
997.007,0.0996891
7522.08,0.728349
999.036,0.0998885
1088.75,0.108837
3154.51,0.314785
2751.07,0.275004
1832.47,0.183205
1137.58,0.113754
1437.55,0.143646
1237.09,0.123617
10474.7,1.04469
1228.39,0.122834
1066.72,0.106349
3128.11,0.312414
1361.17,0.136076
971.655,0.0971497
6503.08,0.649679
7249.12,0.724712
1034.21,0.103315
3450.47,0.344625
2447.11,0.243638
2635.99,0.262187
1301.87,0.130077
1944.28,0.194127
834.385,0.0828949
809.73,0.0809577
1195.94,0.11937
834.399,0.0833681
787.034,0.0786268
841.419,0.0841198
1547.41,0.154735
1231.48,0.123118
866.825,0.0866713
1250.79,0.125075
1075.72,0.107546
1153.32,0.115295
645.474,0.064547
983.766,0.0983453
1486.41,0.148546
1249.01,0.124864
893.041,0.0893017
897.576,0.0896691
904.907,0.0904388
1371.74,0.13715
1750.17,0.174993
1354.59,0.135443
1517.09,0.151591
1975.23,1.38059
1915.64,0.190993
878.674,0.0878479
737.104,0.0736474
1323.97,0.132356
584.719,0.0584682
2302.7,0.230256
1254.65,0.125279
1461.02,0.145889
2535.21,0.252853
1270.05,0.127001
1312.03,0.131193
2167.55,0.216641
1927.2,0.192675
2134.79,0.213458
1778.23,0.177497
720.954,0.072083
1025.06,0.102485
1009.87,0.100947
1889.86,0.188967
1700.04,0.169788
1333.49,0.133287
1342.35,0.134122
1865.81,0.186541
1124.58,0.112086
1067.98,0.106662
1578.53,0.157823
1327.4,0.13271
1042.1,0.104164
679.166,0.0678671
1694.09,0.169365
1420.9,0.142067
749.631,0.0749529
2006.96,0.20062
2043,0.204268
569.232,0.0568826
911.793,0.0911729
2408.85,0.240554
1867.54,0.186654
610.264,0.0610191
1629.86,0.162948
1184.28,0.118321
3649.15,0.364683
818.163,0.0816869
718.447,0.0718372
587.258,0.0587139
1501.78,0.149904
1334.04,0.133373
3009.37,0.30052
1391,0.138993
2411.76,0.240946
1555.51,0.155524
1570.9,0.156626
1052.66,0.105237
1369.06,0.136786
3988.27,0.398506
614.684,0.0612627
1162.01,0.116177
1030.46,0.102865
1054.31,0.105428
2355.16,0.235425
1518.06,0.151756
1159.02,0.115721
985.446,0.0985351
1193.16,0.119296
4503.27,0.449823
916.167,0.091546
1203.63,0.120215
1179.92,0.117956
1022.89,0.102285
857.593,0.0857274
2834.74,0.28235
1069.89,0.106807
821.629,0.0821492
2886.77,0.288417
1273.32,0.127015
1482.04,0.148185
2975.82,0.297046
716.307,0.0713424
840.507,0.0840378
1655.6,0.165451
896.068,0.0895043
11396.4,1.13826
1876.66,0.18761
2614.8,0.261336
1052.18,0.105212
819.72,0.0817754
11765.3,1.1716
1087.88,0.108304
1458.9,0.14585
1585.08,0.157246
1424.33,0.142399
1987.28,0.198679
1225.72,0.122567
1480.92,0.147804
3318.92,1.71598
1250.22,0.124957
1247.5,0.124233
1649.99,0.164939
796.931,0.0794943
1061.14,0.106098
2634.08,0.261146
2291.61,0.229054
1015.16,0.101501
2035.36,0.203325
2541.5,0.254072
1034.93,0.103469
1814.38,0.180918
1054.06,0.105378
1122.91,0.112274
662.561,0.0644821
1066.29,0.106544
664.727,0.0664578
765.145,0.0763824
688.822,0.0688596
1220.35,0.121993
776.185,0.0776141
1437.77,0.143193
759.858,0.0759596
2095.11,0.209325
1067.84,0.106771
3237.1,0.323447
1181.51,0.118114
1374.72,0.137451
1246.05,0.124581
1020.73,0.10205
818.699,0.0818567
814.058,0.0813111
803.888,0.0802832
566.196,0.0566123
798.138,0.0798093
729.501,0.0727269
680.92,0.0680883
1251.22,0.125053
2316.86,0.23159
1255.22,0.125446
1151.86,0.11516
1026.29,0.102277
784.147,0.0783549
1866.4,0.186378
1390.26,0.139004
2234.98,0.223348
4623.32,0.461709
957.887,0.0957249
2117.86,0.211605
777.507,0.0777491
1323.56,0.132253
1241.66,0.124105
2025.93,0.202432
1049.77,0.104969
1792.31,0.179139
834.261,0.0834206
1354.41,0.135399
733.037,0.0732351
1401.69,0.14008
1290.45,0.12896
1957.77,0.195764
3060.53,0.305175
910.113,0.0909911
1023.45,0.102316
702.428,0.0701663
1978.05,0.197632
2264.05,0.226341
1955.19,0.195362
3429.56,0.34266
3257.76,0.324629
769.11,0.0768936
760.663,0.0760252
902.536,0.0902479
1023.05,0.102214
8012.58,0.800104
1834.22,0.18335
2533.53,0.253228
2419.12,0.241608
4209.93,0.420866
757.645,0.0756449
1399.34,0.139834
603.904,0.0603655
1741.25,0.173998
1319.7,0.130877
727.071,0.0726865
517.462,0.0517427
1088.31,0.108801
1012.6,0.101173
1260.69,0.126058
663.365,0.0663304
887.651,0.0887622
814.6,0.0814567
3045.35,0.304054
619.808,0.0619786
1221.79,0.122073
1323.67,0.132323
1924.87,0.192385
2882.21,0.287071
1077.04,0.107697
1553.77,0.155357
1057.54,0.10575
782.166,0.0781763
1188.05,0.118727
991.676,0.099101
1608.12,0.160545
786.897,0.0786752
8826.85,0.880671
1262.98,0.126273
1059.16,0.105879
564.428,0.0564423
1402.27,0.14012
1072.39,0.107218
622.849,0.0622841
826.624,0.080568
2095.16,0.209456
2047.94,0.204659
872.478,0.0872093
935.97,0.0935715
1080.16,0.107972
2770.36,0.276666
1273.04,0.127227
1645.34,0.163768
1303.69,0.130247
1079.02,0.107613
1213.38,0.121282
896.365,0.0896315
729.315,0.0729194
2069.35,0.206906
2022.6,0.202039
2849.03,0.284856
921.466,0.0920873
928.795,0.0928355
1009.98,0.100981
1269.41,0.126928
2800.21,0.279983
1462.88,0.146234
2649.38,0.264633
751.5,0.0751433
1248.31,0.124763
5625.52,0.562301
1373.06,0.137135
2271.46,0.226993
759.74,0.0759181
5455.34,0.542628
908.526,0.0907472
887.07,0.0886666
2559.11,0.255738
1720.78,0.172058
792.866,0.0792542
1347.82,0.134221
1136.95,0.113451
1310.47,0.13103
1150.54,0.114996
853.013,0.0852719
859.443,0.0859431
1228.23,0.122811
3820.24,0.381831
943.787,0.0942773
5005.24,0.499948
1163.9,0.116001
660.111,0.0659967
1475.18,0.147499
1040.77,0.104063
4958.14,0.494961
1665.55,0.166483
2521.66,0.252009
1864.75,0.186394
1385.95,0.123852
775.819,0.0775354
1349.75,0.134769
774.52,0.0773983
1254.12,0.12536
1350,0.134998
2113.96,0.211376
933.265,0.0933123
1733.22,0.173209
902.83,0.0902626
874.335,0.0873192
1517.28,0.151713
1706.31,0.17054
983.331,0.0981335
1219.01,0.120953
1848.43,0.184806
1101.32,0.110067
2481.05,0.247969
1239.85,0.123933
928.796,0.0928735
1340.86,0.134043
791.718,0.0791087
1862.73,0.185106
3690.32,0.368819
940.841,0.0940571
1051.67,0.10515
2662.51,0.266037
956.785,0.0895253
1471.37,0.146952
1940.74,0.194041
2443.98,0.243832
1720.43,0.172012
697.82,0.0684214
4504.38,0.449166
3787.31,0.378699
792.033,0.0791952
1299.73,0.129922
1276.83,0.127123
1180.99,0.118046
1176.38,0.117498
1269.6,0.126881
1118.82,0.111877
1909.57,0.189966
2445.18,0.244484
1764.44,0.176377
1024.87,0.102468
765.761,0.076532
1100.27,0.110005
1298.58,0.125684
872.11,0.0872004
1221.01,0.122084
1299.93,0.129912
1344.12,0.13412
1245.52,0.124461
2708.43,0.270574
703.283,0.0703181
783.881,0.0781046
614.19,0.061412
650.349,0.0650338
1263.55,0.126143
1968.99,0.196804
2638.95,0.263765
469.888,0.046979
1943.85,0.194305
487.835,0.048782
3105.29,0.310184
968.124,0.0967529
1397.44,0.13973
1340.15,0.133969
1344.5,0.134432
1482.66,0.148158
979.826,0.0978542
630.573,0.0629116
697.25,0.0697171
2788.66,0.278274
1055.52,0.105535
1838.8,0.183798
1226.21,0.12246
1105.52,0.110374
5774.6,0.576444
4051.43,0.404032
1991.46,0.199052
770.334,0.0769904
805.405,0.0805322
771.847,0.0771688
993.893,0.0992992
3835.69,0.383491
1034.27,0.103405
680.926,0.0680417
1617.04,0.161484
1175.59,0.117548
4656.74,0.465047
735.863,0.0735795
1121.87,0.112153
1161.79,0.116143
944.958,0.0944627
854.908,0.0854723
3927.03,0.392432
878.716,0.0878502
1043.2,0.104318
1281.91,0.128167
1663.35,0.166242
982.263,0.0982167
1823.32,0.182326
1026.66,0.102625
1384.46,0.138437
4319.35,0.43097
1276.46,0.127626
2464.07,0.24629
1339.05,0.13385
902.444,0.0901824
2797.97,0.279769
2033.91,0.203384
1890.44,0.188922
1631.19,0.163055
1029.72,0.102954
1189.71,0.118923
2066.67,0.206629
1797.25,0.179704
1211.51,0.121096
702.44,0.0702348
2192.77,0.219046
1343.62,0.134097
1715.21,0.171282
1390.12,0.138951
4149.43,0.414485
499.972,0.0498584
1712.23,0.171011
7460.46,0.745841
1010.71,0.101028
1592.14,0.157642
723.327,0.0734057
1393.87,0.139343
1415.58,0.141539
1203.86,0.120377
22725,2.26488
630.127,0.0628615
1840.8,0.184052
968.832,0.0967872
1456.41,0.145508
1321.44,0.132136
11419,1.13801
2047.17,0.204576
2114.93,0.211416
1271.99,0.127142
1192.5,0.114879
1387.49,0.138737
1300.27,0.129968
1846.33,0.184565
1202.98,0.120269
2116.61,0.211524
1496.09,0.149601
745.039,0.0745005
2016.24,0.201511
776.535,0.0776459
1787.18,0.178444
2781.12,0.278056
1067.98,0.106794
1458.81,0.145744
2724.27,0.272239
1469.27,0.14689
835.398,0.0833591
1745.32,0.173605
951.411,0.0951342
6614.65,0.661039
1781.55,0.177937
2909.49,0.29053
959.854,0.0959643
2439.64,0.243946
933.309,0.0932844
1443.56,0.143839
3606.28,0.359164
1057.17,0.10563
1232.4,0.123235
898.49,0.0898091
696.086,0.0696054
1107.65,0.110491
771.465,0.0771351
726.293,0.0726224
1300.95,0.130076
1409.02,0.14076
1105.83,0.110565
909.946,0.0903547
1089.58,0.108942
2217.39,0.221413
877.346,0.0877148
650.15,0.0649939
1118.16,0.111788
2513.64,0.251303
826.807,0.0826497
1416.05,0.141534
3362.46,0.336195
1459.59,0.145942
946.032,0.0945341
814.388,0.0811465
3674.7,0.366935
4437.87,0.443367
612.813,0.0612784
2329.16,0.232679
1708.55,0.170789
787.71,0.0786485
910.922,0.091074
1251.97,0.12514
2536.57,0.253584
5589.87,0.557336
1264.03,0.126317
1291.89,0.129076
860.738,0.0860536
890.592,0.0890452
1452.59,0.144362
3412.29,0.340858
800.995,0.0799287
960.88,0.096069
1109.9,0.110984
1381.63,0.13811
1164.05,0.1164
1062.75,0.10624
979.923,0.0979742
694.094,0.0693982
1915.33,0.191459
1081.19,0.107686
588.449,0.0588434
1426.95,0.14259
2194.9,0.219472
1241.71,0.123896
1493.77,0.14935
761.994,0.0761813
1381.68,0.138157
1694.79,0.169433
1014.68,0.101381
868.105,0.0867641
905.92,0.0905886
914.954,0.0911935
1240.96,0.123824
898.667,0.0897917
781.065,0.0780688
935.834,0.0935282
1086.91,0.108569
1075.86,0.1074
1153.34,0.115299
1160.7,0.116045
11414,1.13908
826.752,0.0826347
1147.7,0.114714
1650.12,0.164996
998.809,0.0998476
745.894,0.0745663
8266.29,0.82596
1233.81,0.123108
1082.22,0.108217
2666,0.266221
1179.19,0.117897
915.828,0.0915405
573.745,0.0573734
921.505,0.0921102
951.95,0.09515
2042.99,0.204263
835.522,0.083544
1179.32,0.117878
1627.4,0.162717
1073.03,0.107295
1503.69,0.150302
1303.52,0.130067
816.376,0.0816237
1359.41,0.135913
545.478,0.0542813
1090.82,0.109064
791.519,0.0790911
1209.89,0.120972
1377.41,0.137731
596.893,0.0592282
1928.57,0.192844
1313.13,0.131269
8343.62,0.833045
1412.92,0.141217
2136.15,0.21352
996.463,0.0996211
745.43,0.0745373
996.034,0.0995937
1341.07,0.13406
1354.91,0.135482
1291.4,0.128995
850.698,0.0850418
1401.75,0.139866
1023.8,0.102282
1780.1,0.177836
957.61,0.0955948
1242.89,0.124075
1532.68,0.153133
1302.1,0.130165
892.082,0.089204
1743.68,0.174257
1564.08,0.156366
9460.5,0.945621
3416.2,0.34084
820.876,0.0820545
794.888,0.0794134
2471,0.246707
602.563,0.0602512
560.217,0.0559829
1564.52,0.156437
1184.65,0.117921
910.24,0.0910213
1188.84,0.118004
2543.11,0.254294
1494.26,0.149365
971.924,0.0971777
1487.5,0.148037
1380.23,0.137932
739.654,0.0739591
1589.54,0.158921
1832.15,0.183084
1256.86,0.12568
1568.83,0.156842
965.496,0.0965274
2041.29,0.203946
1098.29,0.109772
1163.36,0.116233
1218.51,0.12171
1278.81,0.127559
1551.22,0.154107
1047.43,0.104738
660.998,0.0660583
833.681,0.0832603
688.119,0.0687851
6075.27,0.60707
1301.25,0.130087
846.796,0.0845995
3205.61,0.320065
1058.6,0.105836
1007.46,0.100703
1465.37,0.146509
965.981,0.0965663
1650.58,0.164644
1510.16,0.150937
531.01,0.0530196
1634.79,0.163449
931.087,0.0930946
995.115,0.0995067
3519.75,0.351688
2355.77,0.235478
1103.97,0.110253
813.368,0.0812947
975.481,0.0975093
1094.16,0.109391
1905.9,0.1905
543.734,0.0543139
707.321,0.0706562
2097.04,0.209674
1749.29,0.174911
1200.34,0.120028
1186.22,0.1185
1870.18,0.187009
1964.6,0.196336
636.782,0.0636608
872.208,0.0871529
2108.24,0.210696
1006.82,0.100663
2052.67,0.204965
878.274,0.0878124
17326.8,1.72495
2005.2,0.200466
640.221,0.0639958
891.51,0.0891065
1235.3,0.123385
670.131,0.0670085
4140.56,0.413712
1006.99,0.100652
2002.3,0.200084
2925.09,0.292099
965.957,0.0964997
1160.02,0.115851
1178.08,0.11774
3518.15,0.351244
1241.07,0.124046
1091.08,0.109079
2577.97,0.257645
20242.3,2.01904
2055.06,0.205306
1128.27,0.110488
969.177,0.0968775
732.809,0.0732648
1549.59,0.154844
1157.16,0.11563
647.095,0.0647013
1313.77,0.131368
4463.97,0.445625
2390.23,0.238927
1098.99,0.109269
2576.72,0.257646
1102.22,0.11022
818.142,0.0818007
949.057,0.0948871
1417.79,0.141775
2398.71,0.239616
760.208,0.0758812
1152.31,0.115227
3821.36,0.3819
2343.99,0.234315
1930.34,0.192785
823.009,0.0822723
887.943,0.0887683
800.772,0.079703
1667.15,0.166658
4449.24,0.444694
1846.28,0.184534
1137.1,0.113654
961.283,0.0960882
1324.82,0.13236
867.023,0.0865579
1591.02,0.159029
2204.53,0.220204
1466.25,0.146521
1819.76,0.179375
1096.87,0.109681
1899.98,0.189944
1339.14,0.133844
827.582,0.0827397
576.901,0.0576182
2625.62,0.262412
701.131,0.0699406
483.513,0.0483482
2022.23,0.202163
1323.36,0.132311
18535.7,4.51433
5023.6,0.502031
1448.61,0.144755
1488.72,0.148857
1283.52,0.128237
1094.39,0.109428
936.928,0.0920934
909.869,0.0908039
761.485,0.0761165
7102.34,0.706682
1627.22,0.16256
1356.02,0.135582
1144.16,0.11436
3421.97,0.341644
950.721,0.0927408
1127.15,0.112669
471.272,0.0471067
997.427,0.0997335
2163.97,0.216354
1057.36,0.105539
2735.17,0.273308
1879.97,0.187942
2035.6,0.203503
1743.7,0.174253
1190.68,0.119021
639.93,0.0639606
1588.67,0.158659
1074.71,0.10747
1139.36,0.113886
1433.05,0.143229
2239.09,0.223886
2709.79,0.270652
984.711,0.0984652
1351.75,0.135172
2265.86,0.226547
628.984,0.0628295
5415.5,0.541277
793.718,0.0793079
6450.48,0.641552
1264.47,0.126443
2592.2,0.259124
1053.85,0.105275
563.901,0.0563851
1519.97,0.151903
1251,0.125037
821.851,0.0819588
2062.31,0.20583
1409.08,0.140895
1924.59,0.19242
2100.89,0.210081
2277.19,0.227607
2066.42,0.204762
1848.51,0.184784
888.86,0.0888456
1340.34,0.134026
1176.88,0.117637
1832.79,0.182887
2884.38,0.287847
828.532,0.0828395
893.572,0.0893521
877.455,0.0876802
1253.68,0.125363
2078.21,0.207407
726.833,0.0726117
1983.27,0.198293
2501.19,0.249685
1068.21,0.106611
3996.47,0.399233
1392.38,0.138881
1264.2,0.126414
1063.7,0.106365
4017.1,0.401006
1604.83,0.160471
1124.42,0.11167
3599.5,0.357093
1090.87,0.109073
1209.27,0.120902
1147.51,0.114635
807.003,0.0806652
742.222,0.0741789
1245.73,0.124538
1246.05,0.124499
1042.71,0.104175
1182.85,0.118259
1164.96,0.116462
962.543,0.0961389
1122.35,0.112211
869.646,0.0868693
720.629,0.0715959
659.249,0.0659072
9044.84,0.902203
621.667,0.0621018
2061.25,0.204857
1303.56,0.130316
2145.65,0.214387
1704.4,0.17038
1746.17,0.174554
3869.45,0.386762
986.333,0.098626
3889.42,0.388702
1508.3,0.150692
2544.58,0.254246
1130.01,0.112934
1088.95,0.108749
1249.87,0.124967
1540.45,0.153985
1286.47,0.128629
1235.81,0.123537
1454.48,0.145364
2956,0.2952
1196.47,0.119609
1049.32,0.10491
822.872,0.0822389
1920.59,0.191844
2904.13,0.290211
804.586,0.0804159
744.472,0.0744458
1767.56,0.17657
1003.46,0.100333
795.005,0.0794923
2411.98,0.241087
951.151,0.0950363
863.304,0.086127
1361.65,0.136147
749.921,0.0749875
1146.77,0.114646
1502.18,0.150151
2015.36,0.201461
2861.38,0.285922
852.308,0.0852201
809.412,0.0808995
527.349,0.0527262
1602.75,0.160216
819.61,0.0815831
1375.6,0.137507
581.811,0.0581756
1387.25,0.138674
1171.44,0.117118
1660.17,0.162319
947.489,0.0943889
627.839,0.0627745
849.419,0.0849289
763.571,0.0763134
1148.57,0.114832
862.004,0.086194
815.962,0.0815697
721.852,0.0721739
945.207,0.0945103
935.372,0.0935046
2466.9,0.246233
944.998,0.094382
965.452,0.0964253
866.983,0.0866556
1161.72,0.116138
3041,0.303733
2276.87,0.227549
1271.06,0.127095
1148.89,0.114542
985.99,0.0984215
933.827,0.0932717
923.402,0.0922797
5752.97,0.574784
1942.43,0.194155
2710.77,0.271041
787.934,0.078785
3252.2,0.324994
562.473,0.056194
967.329,0.0966599
4152.54,0.415159
1825.49,0.182494
1044.56,0.104144
909.589,0.0909422
1226.98,0.122675
884.543,0.0883801
765.643,0.0765182
909.613,0.0906305
1921.66,0.192097
1060.12,0.105931
1434.44,0.143339
1729.18,0.172896
2082.92,0.20827
1863.32,0.186254
1021.04,0.10209
3217.01,0.321403
1423,0.14216
1189.97,0.118966
1857.79,0.185576
1257.88,0.125692
2482.25,0.248121
776.365,0.0776189
697.816,0.0695203
671.283,0.0671199
1343.55,0.134294
642.791,0.0642467
905.626,0.090522
8307.33,0.830044
927.27,0.0927021
1788.96,0.164127
1194.92,0.119449
1422.74,0.142196
1308.74,0.130642
1286.47,0.128628
490.978,0.0490729
893.52,0.0893227
801.538,0.0800725
816.213,0.0816151
2825.27,0.282478
708.527,0.0708379
1353.85,0.135028
2280.57,0.228038
2167.99,0.21673
1262.96,0.126268
963.406,0.0963079
1325.38,0.13244
1445.47,0.144215
3210.5,0.317159
4521.45,0.450794
1697.08,0.169647
10848.9,1.08413
2075.86,0.207493
832.699,0.0832431
2603.64,0.260198
1762.56,0.176196
1214.04,0.121378
1398.11,0.139617
2875.39,0.287076
1123.74,0.112274
1024.12,0.102321
1518.89,0.151656
1340.39,0.133988
980.754,0.0980236
780.908,0.0780822
1938.42,0.193747
1126.48,0.112533
855.508,0.0855388
1378.92,0.137684
1026.75,0.102672
1345.69,0.134533
907.396,0.090734
976.4,0.0975258
1538.72,0.153788
2436.89,0.243578
5587.52,0.558236
837.536,0.0837477
1609.2,0.160906
1111.86,0.111105
2060.61,0.205635
602.056,0.0602047
1164.37,0.116429
2490.56,0.248323
1133.28,0.113261
1113.01,0.111211
2242.56,0.224164
9775.36,0.975077
2868.21,0.286628
940.501,0.0939591
1506.78,0.150653
1154.11,0.115363
2695.16,0.269404
5713.15,0.570428
1977.5,0.197629
1411.11,0.14099
1464.35,0.145584
978.244,0.0976123
933.716,0.0932661
781.636,0.0779903
922.764,0.0921878
955.355,0.0955144
939.55,0.0938187
990.609,0.0990559
1370.1,0.136992
1526.34,0.152608
1190.65,0.119032
755.87,0.0755125
861.438,0.0860833
1368.33,0.136813
883.849,0.0883028
781.787,0.0778934
1241.48,0.124094
1160.37,0.116025
1313.88,0.131338
3365.66,0.336486
1103.47,0.11034
1088.16,0.108709
1025.32,0.102517
993.433,0.0993172
2766.71,0.276318
888.811,0.0888527
914.959,0.0914846
962.536,0.0962438
1708.05,0.170674
1069.56,0.106949
2110.44,0.210634
1617.03,0.161683
607.746,0.0607717
1270.26,0.126992
1161.87,0.11615
1519.57,0.151867
529.933,0.0529545
2714.63,0.271361
1078.69,0.107731
685.151,0.0685012
1076.32,0.107601
1423.48,0.142316
874.606,0.087432
7497.33,0.74802
1228.71,0.122806
982.763,0.0982418
804.134,0.0804016
1517.39,0.151735
1337.81,0.133332
669.46,0.0669333
951.154,0.0951079
1142.46,0.114236
2642.11,0.264171
1367.68,0.13669
3871.98,0.386795
1149.6,0.114941
1240.03,0.123996
1624.46,0.161994
695.571,0.069522
683.799,0.068333
862.729,0.0859905
527.855,0.0527264
600.969,0.0600639
711.455,0.071107
631.482,0.0630982
963.223,0.0962716
584.935,0.05849
789.702,0.0789665
1366.66,0.136542
1314.46,0.131419
799.124,0.0798824
1346.59,0.134623
1714.15,0.171348
1044.46,0.104432
1437.64,0.14373
1325.13,0.13251
1328.18,0.13277
1403.82,0.140347
2135.23,0.212869
932.666,0.0932152
783.074,0.0782731
2358.39,0.235395
1575.89,0.157453
842.953,0.0842875
1516.03,0.151423
1295.46,0.129527
1561.21,0.156062
6241.9,0.611842
963.946,0.0962617
727.752,0.0726308
1010.58,0.101036
913.285,0.091259
8186.95,0.817847
2233.58,0.223225
2171.68,0.216783
531.43,0.0531293
4678.35,0.465954
4313.06,0.431047
803.394,0.0802129
1797.51,0.179678
818.18,0.0817882
1711.88,0.171113
1230.09,0.122965
968.214,0.0967609
778.982,0.0776734
660.859,0.0660854
716.165,0.0716142
963.5,0.0961675
2491.18,0.24873
2605.37,0.260473
3441.54,0.344115
2310.1,0.230988
1370.22,0.13699
1548.95,0.154777
941.959,0.0941396
865.104,0.0862898
1432.07,0.143954
2933,0.293161
958.447,0.0957771
1411.06,0.141089
3203.97,0.319838
1293.6,0.129165
3911.08,0.390471
1308.37,0.130764
1613.69,0.161188
644.741,0.0644418
1425.78,0.142412
952.19,0.0951116
1857.84,0.185643
1259.76,0.125937
1854.94,0.18547
900.878,0.0900602
1568.73,0.15682
2605.93,0.260294
713.018,0.0712666
8695.96,0.868528
1024.51,0.102447
1732.56,0.172495
919.87,0.0919401
1348.35,0.134706
1290.56,0.129024
1841.55,0.184067
2121.4,0.21207
709.012,0.0708912
804.846,0.0803421
1428.44,0.142716
1070.34,0.107019
847.104,0.0846962
8516.8,0.850997
1290.93,0.129062
1628.65,0.162826
1400.97,0.139982
1030.68,0.103045
793.867,0.0793657
845.462,0.0845318
853.096,0.085305
1635.53,0.163314
1716.78,0.171214
1025.49,0.102505
903.959,0.0903749
1810.75,0.18107
1040.16,0.104009
1838.76,0.183815
950.004,0.0949784
1329.67,0.132958
979.371,0.09783
950.585,0.095036
1109.87,0.110975
765.961,0.0765885
1075.23,0.107436
1608.55,0.160817
1100.13,0.109995
1100.47,0.110035
1572.45,0.15723
1482.5,0.148146
735.612,0.0735467
1095.2,0.109286
4691.44,0.468988
959.872,0.0959034
834.518,0.0834178
2192.92,0.21923
787.664,0.0786501
979.425,0.0976748
610.341,0.061027
1594.72,0.159332
2011.16,0.200965
1574.74,0.157451
3210.26,0.320765
5777.2,0.576491
713.809,0.0713223
1446.81,0.144651
1292.86,0.129273
1758.25,0.175287
1562.67,0.156261
1069.96,0.106979
946.594,0.0946441
3664.48,0.365362
3142.78,0.313812
1360.12,0.135974
1981.67,0.198105
426.924,0.0426856
784.952,0.0784862
797.236,0.0796006
686.928,0.0686016
1701.48,0.170102
798.245,0.0792135
851.087,0.0850558
716.22,0.0715948
1521.89,0.152081
844.294,0.0844066
1153.99,0.115361
1172.74,0.11713
873.034,0.0872839
8837.3,0.882458
904.64,0.0904626
2128.34,0.212652
1303.53,0.130341
1847.31,0.184476
1721.8,0.172128
1745.49,0.17445
1273.37,0.127332
1903.19,0.190261
790.897,0.0800682
1954.78,0.195425
1132.51,0.113244
1258.72,0.125857
3023.26,0.301763
2287.57,0.228615
865.003,0.086342
1719.88,0.171968
1209.23,0.120858
974.519,0.0974123
663.36,0.0663078
1133.79,0.113346
1608.85,0.16086
1794.93,0.178996
911.01,0.0910592
9363.8,0.932957
665.484,0.0665348
2006.72,0.200618
2473.58,0.247223
884.654,0.0884629
1085.32,0.108357
1239.7,0.123487
1623.41,0.162323
1285.35,0.127629
751.937,0.0751921
522.069,0.0521465
3475.18,0.34731
1138.35,0.113749
875.742,0.0874483
2136.95,0.213384
1416.26,0.141561
1179.64,0.117954
728.808,0.0728718
1681.14,0.168006
1540.49,0.154027
876.097,0.0876046
364.691,0.0364646
830.505,0.083037
681.765,0.0681622
1780.81,0.178037
1379.27,0.137819
931.313,0.0930775
1344.24,0.134414
1505.27,0.150508
971.507,0.0970813
10480.5,3.26053
1440.88,0.143979
994.009,0.0993495
6204.59,0.620197
1063.87,0.106356
859.216,0.0858848
2597.08,0.259269
972.42,0.0971849
1198.03,0.119765
1035.54,0.103525
741.657,0.0741503
1184.51,0.118423
1125.83,0.112336
683.323,0.0682772
1384.77,0.138435
1421.99,0.141902
3004.43,0.300372
816.244,0.0816009
921.279,0.0920966
976.493,0.0970019
797.233,0.0797058
1931.29,0.192885
1686.01,0.168358
1929.25,0.192454
868.75,0.0868496
1021.16,0.102094
2014.98,0.201382
2077.2,0.207328
812.183,0.0811897
907.435,0.0906785
2096.22,0.209363
878.867,0.0878588
1019.42,0.101874
1471.91,0.147185
1308.43,0.13079
5870.36,0.58682
757.699,0.0757616
1082.98,0.108197
1582.05,0.157303
1361.37,0.136102
688.991,0.0688504
753.545,0.0753422
2601.23,0.259914
879.129,0.0878266
1348.15,0.134766
1039.78,0.103956
1299.68,0.129924
1704.73,0.170431
1134.32,0.113379
1418.83,0.14138
1332.51,0.133189
2698.14,0.269781
1310.12,0.130914
897.312,0.0897076
1142.29,0.114203
802.783,0.0802201
1122.93,0.111666
995.836,0.0995562
931.688,0.0931651
895.721,0.0895572
909.118,0.0909029
1255.92,0.125588
1264.9,0.126308
10688.5,1.06821
1210.74,0.120802
1480.08,0.147682
663.457,0.066337
896.66,0.0896631
2293.65,0.229312
3118.82,0.311691
1637.14,0.163361
991.206,0.0991062
1245.05,0.124292
1156.08,0.115563
1849.08,0.184896
604.942,0.0604784
888.288,0.0887985
894.202,0.089386
1280.27,0.127991
1634.62,0.163438
1200.59,0.119881
1815.29,0.181513
1224.36,0.122431
1008.19,0.10081
715.729,0.0715587
1565.4,0.156447
458.196,0.0457687
1820.42,0.18197
1246.95,0.124628
1279.42,0.127847
745.913,0.0745799
1090.84,0.109063
817.928,0.0803003
4143.78,0.414208
2396.94,0.239264
1226.25,0.122563
2737.96,0.273645
982.17,0.0982106
1089.03,0.10871
1182.47,0.118227
1147.12,0.114671
1223.38,0.122331
1319.43,0.131929
753.913,0.0753878
1430.73,0.143057
1259.49,0.125922
1102.93,0.110284
491.732,0.0490868
831.833,0.0831728
2632.81,0.263153
1260.67,0.12602
958.95,0.0958288
1333.16,0.133281
862.031,0.0861936
1106.72,0.110558
882.514,0.0881457
1393.47,0.139337
1067.08,0.106674
711.403,0.0711331
978.548,0.0978055
855.432,0.0855196
1585.2,0.158497
668.737,0.0668717
1123.7,0.112346
1483.26,0.148261
827.848,0.0827558
1342.11,0.134139
2676.44,0.267635
387.114,0.0386849
1059.03,0.105858
1441.43,0.144056
737.294,0.0735255
670.037,0.0669794
2867.33,0.286205
1038.02,0.103795
5451.15,0.544991
977.157,0.09771
1446.02,0.144486
622.182,0.0621732
4191.41,0.418965
928.363,0.0926146
813.903,0.0813765
977.864,0.0977795
2178.3,0.217465
1241.1,0.124067
805.48,0.0804167
4034.1,0.403265
1075.05,0.107417
1156.6,0.115584
1099.72,0.109965
1206.7,0.120624
1589.8,0.158937
1630.05,0.162827
858.56,0.0858102
978.758,0.0978687
788.778,0.0782685
897.417,0.0895931
2421.71,0.242064
2995.24,0.299292
1427.23,0.142359
835.818,0.083562
1259.19,0.125844
2260.31,0.225786
1225.52,0.110103
3646.24,0.364412
1141.45,0.114108
3500.85,0.349999
918.858,0.0918723
1150.72,0.115006
917.905,0.0917106
2367.32,0.23647
770.362,0.0770177
1744.12,0.174297
2891.34,0.28859
1440.66,0.144044
2987.25,0.298447
2102.74,0.210181
871.763,0.0870869
1055.98,0.105507
800.914,0.0800783
1107.63,0.110752
3550.75,0.35492
1323.34,0.13216
2918.91,0.291629
975.938,0.0975811
3682.24,0.368099
749.982,0.0748858
1496.08,0.149555
2021.21,0.202097
1227.93,0.122775
1494.82,0.14946
928.379,0.0928283
3232.6,0.322492
803.509,0.0803466
819.42,0.0819393
623.013,0.0621998
1630.15,0.162953
751.601,0.0751533
1422.72,0.142114
1552.24,0.155198
1211.68,0.12104
730.812,0.0730798
4623.49,0.461955
1507.46,0.191012
1418.63,0.141841
1249.64,0.124936
2131.22,0.212537
1186.69,0.118631
1649.37,0.164761
1600.46,0.159973
974.252,0.0974135
2268.4,0.2267
1599.57,0.145458
2067.2,0.206319
1036.66,0.103662
710.099,0.0709392
2993.45,0.298823
846.869,0.0846778
1851.82,0.185041
1696.59,0.169237
525.432,0.0525296
1369.73,0.136913
1189.5,0.117861
1403.03,0.14018
1605.65,0.160529
726.195,0.0726039
1093.5,0.109313
1891.39,0.189019
819.949,0.0819748
1824.66,0.18245
5030.74,0.502804
1456.85,0.145343
3779.2,0.377562
1419.54,0.14195
2718.07,0.271723
854.655,0.0835413
1626.87,0.162227
5203.24,0.519381
2492.18,0.249175
637.986,0.0637374
1121.02,0.112099
1028.01,0.102692
836.06,0.083185
685.963,0.0685866
1439.53,0.141991
2123.2,0.212294
1163.21,0.116078
791.991,0.0790664
1478.59,0.147635
919.083,0.0918332
1620.78,0.162018
631.016,0.0631004
723.176,0.0723124
2228.5,0.222742
964.802,0.0964474
4920.37,0.49133
1248.66,0.124629
1180.67,0.117994
809.673,0.0809529
1253.34,0.124977
682.822,0.068167
1483.1,0.148261
899.215,0.084204
4153.01,0.415118
1714.42,0.17143
2319.26,0.231136
638.358,0.0636514
1209.62,0.120905
2477.96,0.247572
883.954,0.0883378
2860.33,0.285987
393.997,0.039375
1610.35,0.160991
1055.32,0.105523
880.855,0.0880193
1779.72,0.177833
1218.07,0.121761
981.241,0.0981047
1316.22,0.13155
1007.86,0.100765
924.405,0.0924362
1229.4,0.122934
1728.12,0.172741
1711.25,0.170957
689.523,0.0689477
761.374,0.0761339
2692.05,0.268943
1797.9,0.179778
2089.33,0.208651
1260.92,0.126086
959.672,0.09595
1121.34,0.112117
711.207,0.0711181
1312.3,0.131214
1406.78,0.140606
3761.55,0.376088
1192.19,0.119175
1235.31,0.123503
953.883,0.0953237
1310.84,0.13095
2043.64,0.204064
1226.14,0.122567
649.835,0.0649733
903.597,0.0902678
688.646,0.0688617
17651.4,1.76096
1275.27,0.127349
1748.12,0.174794
1487.97,0.148781
1597.72,0.159645
776.823,0.077571
1477.17,0.147669
5342.21,0.533893
882.455,0.0882188
1796.62,0.179219
1521.97,0.152172
3175.71,0.317333
3120.59,0.311824
2399.21,0.239813
1097.23,0.109712
1086.68,0.108608
844.599,0.0844402
1218.89,0.121879
983.514,0.0983288
1351.9,0.134577
768.635,0.0768538
1333.2,0.133172
1469.05,0.146812
2253.73,0.225028
1086.93,0.108671
1126.03,0.112543
1116.72,0.122442
1837.35,0.183427
942.908,0.09426
534.227,0.0534136
716.968,0.0716764
968.744,0.0968635
791.087,0.0790377
739.743,0.0739607
1243.51,0.124311
1518.43,0.151751
824.038,0.0823869
1372,0.137148
1848.06,0.184721
2280.9,0.228055
2788.77,0.27866
2247.42,0.224324
927.16,0.0927122
1144.14,0.114379
2231.59,0.223127
752.32,0.0750985
7663.86,0.765929
1848.94,0.184857
1004.12,0.100378
1316.12,0.131523
781.106,0.0780177
4114.11,0.410978
848.326,0.0848115
1674.15,0.167349
1286.16,0.128603
1329.49,0.132724
2408.19,0.240702
987.888,0.0987391
1070.93,0.106712
1338.46,0.13379
720.9,0.0720387
1959.38,0.195614
1007.5,0.100666
1246.72,0.124493
744.601,0.0743996
1180.53,0.118012
1019.03,0.101862
1644.53,0.164429
2507.59,0.25046
1593.47,0.159103
635.417,0.0635283
1498.75,0.117457
1026.8,0.102613
1597.84,0.159728
3391.82,0.338079
1435.98,0.143322
937.676,0.093726
616.442,0.0616366
1765.93,0.176577
1045.46,0.104516
994.515,0.0994383
1432.02,0.143049
1924,0.192376
1806.31,0.180412
993.505,0.0993213
755.465,0.0755241
1528.36,0.152745
719.021,0.0718255
994.013,0.0992275
1618.27,0.161641
1288.6,0.128789
1091.26,0.108805
1141.36,0.11406
671.795,0.0671736
1659.33,0.165637
938.946,0.0937871
632.869,0.0632398
8685.16,5.49468
1654.86,0.165442
989.025,0.0988915
4192.42,0.418923
796.646,0.0796617
939.65,0.0939386
2828.8,0.282746
1706.71,0.170538
1236.02,0.123583
1386.41,0.138631
913.467,0.091325
5934.56,0.534284
768.43,0.0768265
1572.13,0.157178
1131.28,0.113004
4003.58,0.399955
1408.84,0.140819
1920.78,0.192007
2979.32,0.297013
905.871,0.0905416
1264.59,0.12641
1290.98,0.129078
1144.52,0.114429
599.407,0.059926
969.554,0.0965644
1206.73,0.120566
1095.95,0.109587
1016.56,0.1016
4560.1,0.455655
802.597,0.0800412
996.452,0.0995685
2022.09,0.202126
1006.55,0.100642
684.15,0.068283
1441.15,0.14404
838.354,0.0837748
7168.91,0.714856
2800.1,0.279852
1145.1,0.114505
1526.06,0.152592
800.424,0.0799941
943.849,0.0943428
642.296,0.0642098
1215,0.121419
787.918,0.0787096
906.828,0.0906411
1073.75,0.10726
1716.16,0.171563
1014.94,0.101362
885.666,0.0885105
727.758,0.0727186
3342.78,0.334243
1091.91,0.109162
768.588,0.0768239
940.736,0.0940577
757.842,0.0757604
1114.57,0.111444
1648.13,0.1648
559.444,0.0559245
991.472,0.0990704
4074.13,0.406888
2162.94,0.216259
2044.54,0.204324
1059.45,0.105861
1543.74,0.154033
1477.6,0.147248
858.812,0.0858717
3567.31,0.639807
1446.7,0.144588
1471.19,0.147003
963.153,0.0961998
939.37,0.0939232
918.118,0.0917974
725.284,0.0723784
1066.86,0.106678
2210.96,0.220778
1992.11,0.19916
1168.81,0.115606
1936.41,0.193452
1001.58,0.10015
801.827,0.080182
1175.16,0.1175
1354.3,0.135217
1109.16,0.110888
773.899,0.077366
796.253,0.0795969
959.661,0.0959601
1139.62,0.113912
582.898,0.0582769
1109.7,0.110922
1253.63,0.125347
1400.31,0.139956
2719.65,0.271575
633.238,0.0633009
1382.95,0.137635
1712.99,0.171029
1139.87,0.113973
2199.21,0.219262
3370.63,0.336896
654.356,0.0653533
1130.53,0.112954
2812.45,0.279884
860.941,0.0860331
1097.3,0.109719
873.678,0.0872308
943.411,0.0943357
885.893,0.088499
1128.27,0.112774
2247.91,0.224263
1198.04,0.11975
1200.16,0.11997
557.223,0.0556939
1127.66,0.112726
1370.17,0.136962
12726.4,1.26711
1234.96,0.123461
2171.89,0.216611
3048.98,0.304845
923.37,0.0923358
1369.91,0.136897
1357.51,0.13558
1328.7,0.132865
887.081,0.0887053
2023.58,0.202328
1376.2,0.137535
5891.43,0.588857
1700.08,0.1694
8600.15,0.85732
1260.36,0.126018
1243.97,0.124129
972.996,0.097249
968.763,0.0967096
1244.66,0.124414
1009.34,0.102411
1507.89,0.150753
2618.72,0.261748
1117.11,0.111642
2324.1,0.232032
863.229,0.0863019
1421.41,0.142045
1345.78,0.134557
7575.38,0.751354
1001.78,0.100091
890.759,0.0890445
626.357,0.062617
5558.42,0.551521
1702.7,0.170059
1760.79,0.175887
1177.26,0.116771
1082.02,0.108195
2969.03,0.296556
673.947,0.0673729
1350.35,0.134919
1383.19,0.138296
980.888,0.0980328
1295.96,0.129475
977.387,0.0975745
1712.8,0.171264
2708.97,0.270785
1269.19,0.126703
15731.4,4.92292
1287.04,0.128673
3554.68,0.354967
1410.8,0.140833
653.652,0.0653588
3584.89,0.358407
1639.49,0.163788
875.299,0.0874706
1509.72,0.150839
881.383,0.0881358
1339.42,0.133885
988.432,0.0988246
1932.46,0.193148
774.332,0.0774182
2568.58,0.256754
1383.22,0.138242
1478.27,0.147798
2902.33,0.290017
1342.27,0.134145
3591.6,0.352519
756.975,0.0755454
970.943,0.0970882
1217.45,0.121741
1589.86,0.158922
1419.14,0.141768
1602.47,0.160236
4958.52,0.494553
782.329,0.0781633
2069.6,0.206799
1057.21,0.105656
509.688,0.0509657
2206.72,0.220451
1534.63,0.153422
626.064,0.0625996
1101.58,0.110121
796.135,0.0788268
918.902,0.0918435
1982.34,0.198201
645.543,0.064542
779.673,0.077922
948.706,0.0948643
742.392,0.0742275
938.981,0.093893
1079.45,0.107938
1816.4,0.181618
1386.9,0.13866
903.085,0.0903074
992.628,0.0992489
1418.73,0.141634
969.296,0.0969139
945.273,0.0945078
1434.91,0.143481
1438.04,0.14377
1176.88,0.117577
2007.58,0.200621
2196.43,0.219536
1610.17,0.161001
1546.4,0.154596
2762.63,0.275608
529.964,0.0529602
1888.63,0.188813
8493.83,0.846792
1768.57,0.176549
1002.34,0.10019
9652.27,0.964688
2104.41,0.210309
1298.6,0.129848
1454.5,0.145291
1328.33,0.13273
489.511,0.0489277
762.686,0.0762605
1406.28,0.140552
720.875,0.0719676
1453.6,0.145342
1212.17,0.121144
2951.59,0.294817
1130.67,0.113058
899.955,0.0899419
2193.99,0.21769
2520.27,0.251891
3117.75,0.311465
1011.82,0.10114
789.899,0.0789812
776.412,0.0774167
1902.44,0.190064
3428.48,0.341972
523.664,0.0522653
1475.24,0.147505
813.677,0.0812773
1415.14,0.141396
2254.56,0.225143
741.357,0.0741266
752.227,0.075199
3880.55,0.387578
5115.78,0.511266
2837.96,0.283608
1001.62,0.10009
1440.37,0.14397
755.623,0.0754822
717.862,0.0717829
851.784,0.0849498
1904.12,0.190346
854.17,0.0853961
1268.14,0.126729
482.087,0.048208
936.318,0.0935827
1260.79,0.125983
649.626,0.0649339
916.162,0.091613
1074.44,0.107377
1301.71,0.13005
597.597,0.0595479
1008.94,0.10089
863.937,0.086321
2670.44,0.266845
911.26,0.0911155
1536.74,0.153588
3348.11,0.334619
1458.14,0.145783
1867.67,0.186549
996.394,0.0994389
716.005,0.071567
720.888,0.072083
3951.29,0.394824
1407.34,0.14071
933.075,0.0932979
1423.44,0.142268
1737.7,0.173658
1869.16,0.186883
1250.4,0.12502
403.228,0.0403199
978.72,0.097863
767.802,0.0766427
1594.03,0.159244
1064.71,0.106427
1935.98,0.193376
1059.85,0.105976
1586.23,0.15862
690.443,0.0690067
1943.07,0.194258
3108.91,0.310797
1333.67,0.133276
1450.51,0.144685
1075.06,0.107465
702.544,0.0702296
1427.6,0.142729
11458.5,1.14557
1278.44,0.116721
1158.57,0.115833
1190.03,0.11897
1396.05,0.139423
1730.8,0.173007
1290.59,0.128992
8487.37,0.847823
2430.31,0.243018
608.471,0.0608444
950.845,0.0947167
1027.19,0.102684
1660.37,0.165625
1838.74,0.183793
1349.69,0.1349
2154.72,0.215397
3656.29,0.364719
1444.28,0.144322
945.842,0.0944834
1307.78,0.130738
1831.7,0.183045
1051.97,0.10517
8022.3,0.801598
2395.32,0.239457
5872.01,0.586393
1087.72,0.10871
1447.27,0.14467
1415.7,0.141114
1585.67,0.158472
1948.28,0.19464
1163.33,0.116321
4289.11,0.428238
2114.77,0.21144
740.176,0.0740122
1182.13,0.117984
4148.9,0.413937
847.31,0.0846973
923.155,0.0922908
2138.74,0.213824
930.805,0.093032
1682,0.168113
1012.1,0.100266
1984.63,0.19816
1014.96,0.101474
1797.08,0.179665
1009.52,0.10092
906.997,0.0906738
2972.78,0.297147
809.066,0.0808404
1547.15,0.154665
2029.99,0.202867
1764.72,0.176372
1681.55,0.167988
1449.85,0.14498
1084.12,0.108245
588.835,0.0587632
1098.26,0.109727
2683.99,0.268388
926.72,0.0926679
7865.88,0.785831
895.524,0.0895208
989.47,0.0989406
3469.93,0.346199
751.964,0.0751885
785.94,0.0784602
719.08,0.0717986
1171.15,0.11679
1609.79,0.160891
1090.34,0.10903
1551.88,0.155117
1779.61,0.176429
2109.96,0.210964
5859.13,0.585578
793.936,0.0793725
2136.02,0.213514
839.105,0.083844
2377.43,0.235903
607.596,0.0607467
874.715,0.0873977
655.17,0.0655142
1032.31,0.10321
3167.25,0.316665
1269.45,0.126903
18553.2,3.31241
2764.02,0.276033
856.612,0.085622
817.945,0.0817622
1248.08,0.124664
1496.94,0.14912
988.457,0.0988189
923.595,0.0908928
798.182,0.0798127
1117.25,0.111681
462.732,0.0462374
781.217,0.0781202
1014.51,0.101434
1502.26,0.150128
1040.81,0.104036
1210.34,0.121013
2904.27,0.290238
1575.45,0.157535
1098.92,0.109793
956.921,0.0956795
1572.29,0.157209
2012.44,0.200622
1078.65,0.107791
1012.39,0.0999327
959.491,0.0958808
1599.29,0.159584
5105.56,0.510397
1597.7,0.159665
1089.89,0.108923
2007.89,0.200733
1063.54,0.106349
2221.68,0.222123
1172.02,0.117056
1639.85,0.163901
2065.84,0.206551
2120.22,0.21199
1569.51,0.156925
779.445,0.0778415
823.563,0.0822766
1071.45,0.10704
1047.31,0.104688
1276.67,0.127525
790.644,0.0790609
504.596,0.0504484
1770.25,0.177008
1999.72,0.199643
973.735,0.0973467
845.052,0.084447
979.214,0.0977018
924.871,0.0924628
1565.56,0.156531
1372.66,0.137249
895.248,0.0894931
741.05,0.0740854
951.774,0.0951757
1172.94,0.117242
1223.04,0.122186
1798.15,0.179805
1070.6,0.106924
1835.19,0.183227
566.746,0.0566356
1088.31,0.108808
785.709,0.0785667
1314.95,0.131327
1428.22,0.142425
1380.93,0.138078
1143.49,0.114299
709.566,0.0708343
1981.02,0.197911
776.449,0.0776446
957.341,0.095716
978.608,0.0978448
3058.96,0.305757
887.243,0.0886791
1536.3,0.153481
1129.69,0.112959
942.529,0.0941552
2174.45,0.217343
4393.71,0.439144
1256.96,0.125609
578.566,0.0578432
1080.11,0.107991
2041.97,0.203763
1482.95,0.148232
1339.65,0.13396
1632.95,0.163252
1793.09,0.179276
1413.77,0.141153
711.201,0.0710946
1359.7,0.135913
978.006,0.097732
8151.89,0.814625
1254.06,0.125368
2313.82,0.230551
664.059,0.0663869
8293.46,0.828856
1841.54,0.184131
1588.64,0.158812
1159.59,0.115737
1319.54,0.131813
1066.59,0.106621
1010.17,0.101012
1597.62,0.159752
1062.44,0.106075
1318.98,0.131874
881.961,0.0881123
6503.61,0.650035
2745.64,0.274325
980.13,0.097578
580.017,0.0579359
1293.94,0.129253
1293.59,0.129284
447.597,0.0446597
1398.91,0.13988
966.456,0.0966333
1525.35,0.152479
1122.38,0.112178
1421.25,0.142033
1548.71,0.154356
1413.74,0.141367
1656.51,0.165575
1949.3,0.194713
1111.4,0.111126
3065.23,0.306396
1341.73,0.134099
1423.67,0.142318
1524.05,0.152399
1317.9,0.131745
1079.01,0.107671
2357.11,0.235403
1390.84,0.138927
1158.83,0.115811
1132.52,0.113224
1106.8,0.110649
1043.22,0.10428
1445.16,0.144403
891.315,0.0890829
1012.67,0.101192
575.076,0.0575066
1064.78,0.106386
1049.83,0.104791
1517.43,0.151639
2796.86,0.279496
908.645,0.0908107
1965.06,0.196471
2092.43,0.209197
1325.9,0.132554
1167.19,0.116703
689.039,0.0688923
960.598,0.0960563
621.242,0.0621118
4336.21,0.433299
1287.51,0.12869
826.742,0.0826538
4335.41,0.433303
5461.41,0.543647
1781.01,0.178087
778.993,0.0778322
692.854,0.0692438
1035.27,0.103513
1372.08,0.137134
1481.5,0.147733
789.476,0.0789438
2386.03,0.238489
463.196,0.046317
675.026,0.0674736
1266.06,0.126545
1615.55,0.161522
2383.22,0.238212
1693.38,0.169141
1061.86,0.106173
2408.99,0.240819
761.562,0.0760778
774.227,0.077409
807.06,0.0806919
518.575,0.0518344
1173,0.117247
2005.07,0.200019
1357.48,0.135711
1094.53,0.109447
688.603,0.0688529
1272.02,0.126503
1352.62,0.135248
1347.52,0.134482
6949.34,0.693443
1788.89,0.178854
2000.88,0.200003
2904,0.29035
2093.96,0.209302
1799.33,0.179881
1837.81,0.183356
762.426,0.0762335
1101.77,0.11011
1571.94,0.157163
1249.28,0.124914
1083.83,0.108331
3625.03,0.362355
626.099,0.0626069
839.596,0.0839292
644.588,0.0644132
1698.03,0.169786
824.637,0.0824128
1600.62,0.159937
1326.92,0.132673
1009.87,0.100844
2485.63,0.248447
2519.95,0.250586
1113.64,0.111332
815.163,0.0814754
1444.79,0.144469
1756.06,0.175488
654.169,0.065372
1145.16,0.114502
2357.14,0.23557
1377.28,0.137654
1275.45,0.127512
1277.16,0.127565
1079.24,0.114997
1398.45,0.139824
2053.25,0.205273
1177.29,0.117709
721.852,0.0721431
2141.25,0.214037
1624.29,0.162298
1063.01,0.106072
1594.53,0.15939
947.378,0.0947134
1812.06,0.181084
663.818,0.0663759
2344.28,0.234335
1154.78,0.114453
1190.85,0.119041
1205.23,0.120431
1082.45,0.108214
1944.01,0.194364
3572.08,0.356798
894.981,0.0894906
10233.3,1.56244
1066.44,0.106639
1499.16,0.14991
985.877,0.0985756
723.653,0.0723524
775.194,0.0775066
858.129,0.0857843
1096.86,0.109619
962.085,0.0961944
1040.15,0.103964
1186.56,0.11859
3630.95,0.36295
1009.62,0.100944
1101.15,0.110071
1522.22,0.152151
1299.68,0.129859
3427.49,0.342534
1874.68,0.187456
3459.75,0.3453
852.097,0.085162
760.748,0.0760514
1227.02,0.122612
1450.69,0.145051
3130.25,0.312741
817.524,0.0817439
824.98,0.0824944
1853.9,0.185238
986.336,0.0985271
541.12,0.0540921
763.27,0.0763226
1227.69,0.122754
1227.77,0.122767
1029.44,0.102844
1737.68,0.173757
1134.51,0.113234
548.583,0.0548009
1269.59,0.126939
1031.25,0.103046
818,0.0817364
1287.2,0.128707
2083.27,0.208263
2357.74,0.235741
9647.97,5.4613
758.495,0.0757892
846.634,0.0846548
922.307,0.0921792
1229.9,0.122963
1120.27,0.11201
720.429,0.0719957
2989.91,0.298584
788.638,0.0788485
1344.83,0.134467
587.18,0.058612
1259.87,0.125927
1687.76,0.168757
750.128,0.0749871
2326.76,0.232638
1927.04,0.192663
960.219,0.0960123
1196.48,0.119562
1240.45,0.124021
1116.41,0.111501
1116.15,0.111564
1167.36,0.11672
869.629,0.0869259
543.909,0.0543845
976.511,0.0976399
4089.11,0.408417
1263.14,0.126311
1305.13,0.130481
2662.51,0.266178
3025.89,0.30139
2236.18,0.22344
1692.74,0.169188
592.872,0.0592138
668.008,0.0667502
756.956,0.0756837
1040.99,0.104041
870.166,0.0869997
11593.3,1.15721
1549.3,0.151459
3588.21,0.358508
1016.23,0.101417
867.956,0.08679
1019.1,0.101891
1642.78,0.164169
1237.85,0.123779
984.694,0.0984665
869.63,0.0869546
2710.19,0.270682
1198.89,0.119873
1232.13,0.12262
1302.93,0.130189
1501.47,0.150031
528.779,0.0528733
384.349,0.0384282
1146.48,0.114588
1311.97,0.131165
2829.26,0.282667
846.404,0.0846386
1621.3,0.162122
8424.55,0.840019
2132.87,0.213199
1859.08,0.185864
753.053,0.0752587
724.599,0.072445
961.243,0.0961171
1538.86,0.153788
1030.82,0.103076
9821.36,0.9795
921.061,0.0921053
1539.9,0.153836
1036.75,0.103655
1125.86,0.112536
2657.31,0.265631
966.041,0.0965397
757.703,0.0757067
1905.52,0.187852
5962.37,0.595297
1174.11,0.117334
1669.27,0.166798
1581.27,0.158076
1072.58,0.10723
681.073,0.0681052
841.885,0.0841667
1697.13,0.169619
5702.82,0.569648
1806.58,0.180606
1229.95,0.122982
1551.27,0.154841
1416.99,0.141684
1447.98,0.0793618
1070.75,0.107014
2062.16,0.206181
1496.5,0.149603
1652.92,0.165184
639.62,0.0639266
1373.19,0.137041
1650.73,0.164806
7590.52,1.70221
1129.73,0.112956
1287.22,0.128566
2280.89,0.227952
1266,0.126495
727.888,0.0727799
1424.38,0.142413
789.381,0.0788583
1928.46,0.19257
6066.03,0.606515
522.645,0.0522613
1663.27,0.166274
2153.99,0.18337
1030.87,0.102951
883.112,0.0882476
2909.61,0.290123
2128.14,0.212602
1856.19,0.18559
1533.75,0.153327
1089.66,0.108307
1247.48,0.124718
4385.53,0.437808
2196.22,0.219518
1892.34,0.189162
920.43,0.092038
2332.47,0.233224
672.871,0.0672841
1130.13,0.112864
1105.67,0.110549
2015.53,0.200701
854.102,0.0853842
857.162,0.0856781
586.218,0.0585971
1517.73,0.151593
548.884,0.0548867
822.714,0.0822655
1339.17,0.13373
1077.54,0.107734
1654.63,0.165384
1530.8,0.153076
1278.58,0.127582
5215.84,0.520536
2130.73,0.212865
942.391,0.093852
579.74,0.0579659
978.988,0.0978944
1722.71,0.172175
1204.75,0.120242
888.294,0.0888217
1579.63,0.157911
3532.03,0.352901
579.632,0.057947
978.299,0.0978257
1263.63,0.126221
915.401,0.0915215
1637.7,0.163743
2361.47,0.235939
747.156,0.0746967
2641.01,0.263932
938.996,0.0938526
751.047,0.0748783
999.262,0.0999142
1315.77,0.131501
1417.54,0.141659
659.971,0.0659933
2289.12,0.2289
956.578,0.0956527
25260.3,2.51534
920.868,0.0919686
1253.76,0.125353
1089.81,0.108937
1411.97,0.141149
3150.24,0.314987
1050.97,0.10506
1808.01,0.180754
10919.2,1.09025
951.476,0.0951358
630.266,0.0629992
402.898,0.0401768
548.231,0.0548179
1185.45,0.118529
1810.9,0.18105
3285.51,0.327693
1246.84,0.12465
3530.45,0.352925
1007.11,0.100704
1136.82,0.11366
1099.09,0.10989
1882.15,1.047
1800.93,0.155447
3127.27,0.312472
1084.97,0.108486
745.08,0.0744151
831.942,0.0831901
938.777,0.0938694
1459.23,0.145917
1111.3,0.111094
1213.98,0.121265
1032.15,0.103175
860.019,0.0859895
969.802,0.0968967
1093.83,0.109364
867.231,0.0867161
786.003,0.0784628
812.128,0.0811377
1627.22,0.162466
1353.21,0.135295
1102.1,0.110185
3121.68,0.312051
1622.43,0.162105
1624.03,0.162252
632.675,0.0632628
1114.75,0.11133
1391.75,0.13826
1279.15,0.127774
1054.69,0.105434
624.51,0.0622796
1562.95,0.156176
732,0.0731789
1404.23,0.140325
1320.4,0.132016
1571.31,0.15706
2328.17,0.232729
1004.27,0.100342
8012.2,0.799485
1401.27,0.140103
818.652,0.0818097
3545.14,0.354239
1216.06,0.121589
1442.02,0.144132
881.54,0.0881093
1680.27,0.167964
1342.71,0.134213
1303.66,0.130259
2576.76,0.25734
1123.71,0.112294
1626.81,0.162581
1848.43,0.184669
954.17,0.0953801
2033.78,0.199983
5636.71,0.563543
991.965,0.0991933
1366.72,0.136538
6484.94,0.647814
1883.56,0.188123
3819.5,0.381654
7439.8,0.741062
1451.22,0.145014
612.359,0.0612228
1183.57,0.118314
902.377,0.0902342
1684.75,0.168434
882.648,0.0881237
1792.7,0.179251
2060.62,0.205915
1230.9,0.125031
1270.34,0.127028
2060.7,0.206012
969.336,0.096926
1213.3,0.121193
545.221,0.0545153
922.555,0.0919058
2241.69,0.224063
1756.42,0.175595
1120.99,0.112006
3029.1,0.302217
1104.91,0.11044
929.546,0.0928792
1122.63,0.112251
865.386,0.0865128
855.798,0.0855233
1872.72,0.187006
1243.82,0.124369
1327.95,0.132786
1104.24,0.110397
1716.55,0.171534
1408.11,0.140777
2329.37,0.232803
1101.92,0.110153
729.999,0.0729984
2358.93,0.235749
1144.47,0.114367
18077.8,1.79807
1334.63,0.133336
1667.03,0.166648
1077.4,0.107617
1890.72,0.188794
2314.57,0.231415
1206.41,0.120596
1130.29,0.113012
3131.68,0.312905
4734.98,0.472805
976.081,0.0975543
1689.53,0.168927
1450.67,0.145055
3774.47,0.376873
1511.43,0.151071
605.922,0.0605811
1931.19,0.193089
851.015,0.0850814
1051.97,0.10518
702.997,0.070276
790.627,0.0790461
1244.26,0.124194
6624.6,0.661946
1281.34,0.1281
1961.32,0.196053
1715.09,0.17146
2310.32,0.230968
1065.1,0.106474
1369.49,0.136907
1148.42,0.114807
1465.65,0.146399
1019.52,0.101376
2179.34,0.217886
1109.85,0.110983
771.802,0.0770878
1896.76,0.189571
1394.42,0.139428
1584.96,0.158489
1645.87,0.16457
2114.86,0.211405
1496.75,0.149628
818.371,0.0814902
1578.52,0.157746
1371.89,0.13708
2958.48,0.295661
1202.94,0.120271
1547.87,0.154454
931.708,0.0931301
1240.1,0.12393
1090.54,0.109023
1960.94,0.195792
3302.03,0.330121
1473.39,0.147103
824.225,0.082412
1593.7,0.158948
2085.6,0.208092
2616.86,0.261466
968.099,0.0967952
876.188,0.0876059
2376.2,0.237545
3697.15,0.369117
1202.39,0.120148
1109.12,0.110879
1043.71,0.104361
1213.92,0.121341
1455.76,0.145566
1078.17,0.107803
2093.06,0.209292
1409.29,0.140847
4423.26,0.441954
1065.03,0.106497
494.203,0.0494003
2358.19,0.235744
2185.74,0.218427
1597.33,0.159714
899.541,0.0899511
6466.68,0.645762
3192.51,0.318671
1950.91,0.194855
898.17,0.089814
632.528,0.0631984
1036.97,0.10364
1267.21,0.126684
1591.41,0.15899
7815.58,0.780578
986.662,0.0986117
2805.24,0.280373
916.414,0.0916185
5987.77,1.15699
1301.85,0.130081
1272.21,0.127212
1042.3,0.10167
1372.92,0.137283
1946.4,0.194597
1337.67,0.133738
4647.04,0.463452
1675.22,0.167475
2261.07,0.22598
1386.98,0.138333
616.939,0.0616641
1297.24,0.129667
1155.94,0.115582
1165.92,0.11657
1242.24,0.124105
1077.91,0.107682
1144.59,0.114455
1106.95,0.110653
550.038,0.0549276
807.011,0.0805634
456.289,0.0456099
1498.53,0.149792
521.511,0.0521314
1170.5,0.116986
2300.2,0.226775
721.242,0.072111
1258.88,0.125842
835.749,0.0835607
1651.09,0.164839
631.936,0.0631908
1800.4,0.179957
1430.79,0.14302
1877.8,0.187605
30037.3,2.97995
1020.73,0.101907
934.699,0.0934435
1009.33,0.10063
802.372,0.0801594
1491.67,0.149027
3024.82,0.30244
1350.02,0.134905
2527.49,0.252223
1109.41,0.107643
1303.68,0.130331
1650.52,0.165022
1724.4,0.172381
1699.35,0.16992
985.458,0.0984995
2118.4,0.211621
990.727,0.09906
1744.71,0.174381
4288.44,0.427203
5527.9,0.552627
3054.79,0.305219
2673.13,0.263603
1495.43,0.149525
1806.42,0.18063
2313.36,0.231316
3044.37,0.304286
764.398,0.0764217
1756.36,0.174921
1164.46,0.116443
1038.1,0.103794
948.708,0.0942982
1842.64,0.184237
1499.09,0.14986
1010,0.100935
1439.19,0.143607
3493.91,0.349304
511.775,0.0511673
1666.48,0.166601
859.551,0.0859317
840.722,0.0840328
1368.52,0.136819
1279.88,0.127913
1186.48,0.118503
784.492,0.0793623
1121.02,0.112025
733.809,0.0733329
1043.39,0.104334
2915.37,0.291375
3405.52,0.339316
1229.45,0.122885
992.689,0.0991746
1577.61,0.157746
10562.8,6.16368
995.809,0.0995715
791.819,0.0791502
743.88,0.0743746
2207.63,0.220618
598.646,0.0598393
1057.78,0.105773
1118.02,0.111752
657.924,0.065769
5568.92,0.556207
1416.77,0.141222
661.906,0.0660995
1709.86,0.170315
957.866,0.0957535
1411.22,0.141082
14109.2,1.40789
1032.06,0.10311
920.396,0.091993
1749.88,0.174947
1347.43,0.134683
3851.93,0.382269
3082.72,0.307664
2053.77,0.205334
3188.39,0.316059
684.679,0.0684292
1777.72,0.177748
1683.68,0.168263
2573.29,0.257208
2000.09,0.199998
808.443,0.080722
1749.83,0.174692
1360.48,0.136011
1079.57,0.107942
2016.3,0.201582
520.505,0.0520319
954.882,0.0954567
1411.28,0.140998
933.917,0.0933887
872.811,0.0872755
1052.32,0.105194
1049.14,0.104857
3664.58,0.366134
7187.27,0.717975
2259.37,0.225865
1451.6,0.145083
2025.44,0.202524
1832.45,0.181623
2499.83,0.249897
2828.22,0.28254
1072.88,0.107267
1277.8,0.127746
1156.53,0.115564
707.615,0.0707589
1736.87,0.173431
1364.66,0.136365
677.767,0.0677377
927.841,0.0927377
617.689,0.061768
2113.21,0.211191
1330.44,0.133023
2378.8,0.237769
793.041,0.0792701
2114.06,0.21084
1430.19,0.142906
1120.19,0.111835
2228.98,0.222817
1046.96,0.104692
1841.24,0.183931
2016.89,0.20166
961.261,0.0960603
3079.03,0.30767
1396.27,0.139485
2515.86,0.251553
1513.64,0.15118
1323.81,0.13214
1542.67,0.154169
825.491,0.0825261
2186.96,0.218468
2287.49,0.228676
2118.48,0.211681
632.363,0.0631769
899.685,0.0898965
1349.2,0.13464
1337.13,0.133665
1285.93,0.128567
758.959,0.0758776
988.022,0.0987764
1901.84,0.190145
1051.9,0.105153
1319.96,0.131976
1296.47,0.12964
595.468,0.0590002
2782.02,0.277915
1975.01,0.19678
915.499,0.0915488
1937.52,0.181485
920.299,0.0920115
618.228,0.0618122
1251.1,0.125039
7810.51,0.778058
5843.91,0.582804
1320.87,0.132045
1604.75,0.160292
1767.93,0.176664
2540.1,0.253203
868.239,0.0868075
1100.75,0.110037
995.854,0.0994748
5389.43,0.537999
1142.98,0.113938
842.624,0.0842281
838.717,0.0838522
1767.97,0.176334
890.191,0.0890049
1275.15,0.123538
1094.16,0.109359
1144.74,0.114418
4066.53,0.406405
1525.41,0.15252
8729.96,0.871126
1982.14,0.198149
396.217,0.0396071
951.369,0.0951031
1089.08,0.108889
1038.87,0.103882
1866.05,0.186377
1097.76,0.109771
1269.17,0.126609
1096.13,0.10961
6133.06,0.613026
839.703,0.083925
895.102,0.089396
1506.7,0.150561
929.978,0.0929496
761.381,0.0761209
2212.76,0.220095
898.718,0.0898687
2256.09,0.22557
1440.91,0.144077
1730.18,0.172977
2462.51,0.244667
808.819,0.0808523
1343.45,0.134277
1455.37,0.145502
1752.29,0.174491
4551.74,0.454522
1532.59,0.153232
1583.89,0.158346
1408.05,0.14076
1619.83,0.161953
993.61,0.0993496
985.035,0.0984875
1768.83,0.176612
1162.83,0.116139
827.288,0.0827056
4771.52,0.476961
3408.61,0.340699
613.41,0.0612399
997.961,0.0989358
1460.49,0.146038
789.717,0.0786573
2291.36,0.228603
2310.59,0.230837
863.245,0.0862501
907.192,0.0907111
857.075,0.0855828
1102.06,0.110176
1467.4,0.146641
1351.76,0.134978
733.89,0.0733415
760.177,0.0760159
1760.59,0.175654
1265.31,0.12637
928.306,0.092824
14985.6,1.48978
9437.68,0.94155
1337.09,0.133223
1204.95,0.120484
1117.19,0.111712
886.011,0.0884198
1406.17,0.140592
901.597,0.0901359
946.644,0.0946234
613.592,0.0612496
954.459,0.0953959
4717.08,0.471573
1571,0.157078
1307.26,0.115719
1121.18,0.112081
1427.55,0.14268
826.894,0.0826496
1519.75,0.151912
2082.46,0.208229
1532.7,0.15316
732.19,0.0732137
929.934,0.0928927
552.374,0.0552264
2046.28,0.202112
2133.95,0.213077
978.265,0.0977606
930.856,0.0930832
1231.44,0.123103
1027.26,0.102614
847.767,0.0870169
1381.62,0.138079
1506.63,0.150497
1360.61,0.135566
614.528,0.0613581
2198.56,0.219789
12496.1,1.24724
1340.1,0.133297
1703.08,0.170061
1346.96,0.134616
975.016,0.0974855
940.42,0.0940331
942.28,0.094153
1599.7,0.159782
1863.97,0.186324
2364.45,0.235575
729.07,0.0728441
921.505,0.0918141
630.313,0.063018
3720.12,0.37081
980.57,0.0980219
1197.57,0.11952
3466.6,0.346273
1772.91,0.17725
912.235,0.0912059
1456.96,0.145642
833.003,0.0832989
1535.74,0.153266
1101.79,0.110056
10885.4,1.08141
1000.34,0.0999976
2313.94,0.231352
4009.38,0.401715
1687.58,0.167438
1366.51,0.13652
1036.72,0.103661
754.425,0.0753886
631.782,0.0631491
4111.76,0.410763
1399.82,0.139929
811.096,0.0808238
2155.16,0.21535
614.648,0.0614564
2077.09,0.207454
3803.14,0.378745
1162.52,0.116248
1080.52,0.107331
1469.67,0.146949
1009.51,0.100921
813.543,0.0813524
1625.45,0.162507
2479.07,0.247683
1200.46,0.119936
1382.67,0.13826
1077.03,0.1076
1024.24,0.102419
1183.8,0.118047
1199.08,0.119863
876.053,0.0875371
1104.71,0.11036
1368.42,0.136194
777.608,0.0777467
627.609,0.0627592
1823.8,0.182372
1009.25,0.10026
2017.81,0.201688
1659.23,0.165863
1055.81,0.105211
1081.29,0.108117
2765.77,0.276511
852.492,0.0852112
948.837,0.0948515
1781.23,0.177539
1459.34,0.145909
882.3,0.0881724
2157.33,0.215547
1384.27,0.138386
2032.44,0.20315
2415.4,0.241435
2701.12,0.270085
1425.37,0.142461
1185.5,0.118352
2264.22,0.226204
1357.96,0.135759
2616.82,0.261175
766.642,0.0766401
2737.08,0.273559
1675.55,0.167424
2988.48,0.297806
1884.01,0.188383
1820.77,0.182025
5668.07,0.630323
975.917,0.0974273
863.186,0.0863049
4187.86,0.415027
1115.8,0.111576
2522.32,0.251953
809.955,0.0807081
1829.26,0.18291
2675.43,0.267326
1358.36,0.135831
733.021,0.0732997
675.554,0.0675487
1310.32,0.130897
1185.09,0.118499
931.419,0.0930756
855.475,0.085542
801.669,0.07996
5843.42,0.583933
1250.67,0.125055
1302.45,0.130171
1255.71,0.125565
1229.24,0.122253
1169.73,0.116782
1151.92,0.114944
2275.43,0.227529
2214.25,0.221377
768.944,0.0768327
1775.11,0.177487
1528.17,0.151923
1116.75,0.111664
1088.87,0.108854
948.116,0.0947699
2068.53,0.20678
881.513,0.0881482
566.072,0.0550022
695.808,0.0695711
1476.28,0.14755
669.943,0.0669836
1767.88,0.176485
14620.1,1.18064
1661.44,0.166018
2430.42,0.242911
1576.98,0.15766
717.282,0.0717073
1781.97,0.178149
1297.59,0.129748
930.983,0.0930631
1369.34,0.136901
