EnergyDeposit(eV),LET(keV/um)
1005.28,0.100523
881.3,0.0861576
939.473,0.0939213
953.311,0.0953276
3388.58,0.33874
1496.88,0.149632
1060.92,0.106007
2300.24,0.229849
2183.93,0.217824
1347.23,0.13458
1411.42,0.141069
881.544,0.0880151
942.517,0.0942456
475.78,0.047558
1332.85,0.132744
1001.41,0.100022
862.22,0.0861276
662.381,0.0662307
2419.2,0.24167
980.497,0.0980149
953.853,0.0953743
1397.15,0.139692
1506.86,0.150648
977.458,0.0976156
2617.31,0.26147
1319.15,0.131843
1005.2,0.10045
1402.34,0.140133
1930.32,0.192681
990.407,0.09896
1476.23,0.14758
5954.39,0.59535
1211.92,0.121166
1175.02,0.117491
1066.86,0.106643
1059.65,0.105753
8744.79,0.87282
869.08,0.0869038
892.688,0.0892131
859.892,0.0859602
1103.33,0.110307
1306.95,0.130602
1071.33,0.107111
1861.49,0.17976
546.412,0.0546205
812.597,0.0811835
1033.53,0.10335
2261.27,0.225991
2045.6,0.204476
1687.69,0.16867
1037.63,0.10375
827.967,0.082785
1799.93,0.179896
469.972,0.0469715
873.736,0.08729
1449.21,0.14471
2265.25,0.226295
1078.97,0.106667
1109.7,0.110962
1707.3,0.170691
1283.7,0.128323
3264.06,0.326239
1078.52,0.107805
748.982,0.0748464
1231.84,0.123014
1128.49,0.11283
2042.42,0.204088
807.249,0.0805608
916.883,0.0916303
5585.09,0.552957
1341.93,0.134103
3109.55,0.31085
805.123,0.080472
1289.15,0.128904
1324.42,0.132333
2147.11,0.214669
582.517,0.0582455
1441.29,0.143848
758.646,0.0758551
1974.1,0.197226
1093.12,0.109201
1228.34,0.122818
1032.69,0.103254
1374.46,0.137297
1792.99,0.179134
1379.01,0.137819
1610.21,0.160993
989.096,0.0987834
1974.31,0.197382
1425.45,0.142363
1074.46,0.107352
1448.63,0.144804
2419.38,0.241837
885.317,0.0884668
3362.51,0.336086
893.395,0.0893292
534.034,0.0533948
1271.82,0.127155
780.873,0.0780857
1043.37,0.10431
991.618,0.0989861
2460.1,0.245957
4106.08,0.410499
1132.79,0.113023
1572.76,0.157262
965.833,0.0962
819.873,0.08196
4086.02,0.407808
595.742,0.0595538
1227.54,0.122733
1323.27,0.132314
1172.35,0.117206
1154.43,0.115303
1594.87,0.159482
1277.73,0.126987
739.066,0.0738864
779.654,0.0778607
1824.65,0.182418
2450.59,0.239511
1883.11,0.188095
453.903,0.0453446
1090.89,0.109069
7029.2,0.700195
644.723,0.0640775
610.386,0.061037
1063.44,0.106309
1205.22,0.120466
6726.16,0.671555
903.631,0.090331
1373.36,0.137282
1088.47,0.107846
1696.01,0.169247
1162.77,0.116232
613.706,0.0613547
2513.39,0.298234
2598.7,0.259074
1535.8,0.153496
1660.35,0.166029
941.411,0.0940528
1327.58,0.132593
2469.57,0.246782
1329.93,0.132975
1153.6,0.114205
1158.45,0.115811
1152.74,0.115219
1254.64,0.125455
1145.27,0.114524
1230.7,0.123031
1901.55,0.190133
1232.37,0.123161
1052.02,0.105171
1817.71,0.181639
1609.45,0.160759
1991.58,0.199055
796.898,0.0812475
3524.97,0.352227
1079.39,0.107732
6600.38,0.659109
1040.28,0.104011
741.511,0.0741077
775.556,0.0775481
1818.21,0.181761
1267.17,0.12656
8436.09,0.841486
727.86,0.072784
1586.56,0.158646
1095.48,0.109486
9084.81,0.906562
1582.17,0.15803
1400.63,0.118382
1537.49,0.15372
797.044,0.0796918
668.787,0.0668722
816.969,0.0816409
15312.8,1.52047
1005.28,0.100481
3218.88,0.321421
1136.7,0.113646
1240.04,0.123951
1063,0.106267
915.209,0.0915009
636.591,0.0636469
1497.83,0.149721
771.831,0.0771579
729.479,0.0728812
665.574,0.0665536
1139.63,0.113893
987.901,0.0983828
4139.63,0.413356
1465.58,0.146549
774.818,0.0773569
647.936,0.064786
24207.2,2.40374
932.033,0.0930911
1667.87,0.166775
3898.84,0.389496
723.472,0.0722056
3405.84,0.339912
1520.04,0.151975
1013.06,0.101128
2165.91,0.21654
1458.4,0.145756
1189.63,0.118903
2609.37,0.260862
869.795,0.086967
2503.29,0.25022
1377.96,0.137627
844.636,0.0844279
2443.68,0.242432
852.74,0.0852649
989.276,0.0989124
1160.37,0.115907
2356.87,0.234825
902.212,0.0901642
757.72,0.0757386
1797.48,0.179418
3737.49,0.373512
834.731,0.08344
933.63,0.0929946
1898.97,0.189754
1248.78,0.124856
1316.76,0.131583
1681.15,0.168017
919.013,0.0918933
794.734,0.079469
2490.2,0.24899
2657.21,0.265587
1631.19,0.163098
5281.27,0.526994
3382.86,0.338156
1695.11,0.169478
1111.48,0.111135
2301.04,0.229916
6144.29,0.609641
1040.76,0.104026
2398.3,0.239791
1009.62,0.10096
871.302,0.0869557
2404.44,0.240382
2733.6,0.273316
1132.13,0.113136
5908.78,0.590143
886.101,0.0885827
1208.61,0.120858
1005.82,0.100577
1368.92,0.136889
1330.1,0.132849
2814.67,0.281418
1710.45,0.170954
507.355,0.0507294
1404.38,0.14042
2018.02,0.201705
4542.24,0.453621
947.039,0.0947019
1008.4,0.100809
1641.54,0.164083
1212.89,0.121274
1680.76,0.167208
1936.32,0.193533
1079.55,0.107892
3437.88,0.343585
9310.87,0.93051
1064.32,0.106427
5513.49,0.550327
2482.49,0.248101
1052.78,0.105217
2098.12,0.209674
854.222,0.085383
911.578,0.091134
909.33,0.0907467
1720.04,0.171787
1895.18,0.18937
873.016,0.087256
1268.14,0.126533
2208.4,0.22077
544.12,0.0544017
861.292,0.0861089
1403.88,0.140337
1809.68,0.180946
897.911,0.0897243
837.719,0.0837317
884.653,0.0883847
1525.25,0.151726
1128.69,0.112838
1242.52,0.124216
723.848,0.0723416
2352.57,0.234981
1024.41,0.102392
741.503,0.0741389
970.744,0.0970466
1084.89,0.108152
495.497,0.0495301
1177.02,0.117608
828.953,0.0828851
1569.44,0.156881
1285.83,0.128552
1272.34,0.127229
810.024,0.0789679
2423.73,0.242294
3949.55,0.39436
3443.33,0.344238
1286.44,0.128605
2488.18,0.248676
1175.26,0.117479
766.521,0.0765906
1330.21,0.132193
2629.06,0.262824
1514.14,0.150651
4815.06,0.480904
958.901,0.0957557
804.447,0.0804279
1190.02,0.11896
1336.6,0.133602
1211.51,0.121143
1066.75,0.106577
2286.41,0.228614
1018.14,0.101791
1971.09,0.197063
1468.22,0.146643
783.78,0.078373
721.837,0.0721591
661.866,0.065997
956.497,0.0955697
941.427,0.0940962
883.668,0.0883532
2260.11,0.225876
1834.53,0.179467
1044.82,0.104247
2649.71,0.264729
2417.31,0.241471
1459.2,0.145911
5045.43,4.80875
1100.18,0.109771
2191.25,0.219095
1125.89,0.112498
2901.04,0.289724
1061.04,0.101411
3066.56,0.306499
937.121,0.0936747
1592.82,0.159227
797.685,0.0797023
959.325,0.0955658
535.069,0.0534893
1276.97,0.127635
2061.67,0.206093
1140.08,0.113893
911.219,0.0911169
789.965,0.0789785
18752.3,1.87223
1037.07,0.103648
1215.73,0.121484
802.796,0.0802785
1962.36,0.19325
835.281,0.0834794
1700.59,0.171042
3926.65,0.391762
1224.97,0.122478
815.069,0.0814705
1345.03,0.134466
4087.81,0.408532
7393.37,0.738671
1975.69,0.197239
1547.66,0.154383
1224.82,0.122471
2342.79,0.23418
1345.5,0.134409
2448.6,0.244288
1747.58,0.174608
703.377,0.070237
697.712,0.0697342
1305.22,0.130505
2650.09,0.264749
1316.29,0.131256
1051.45,0.104934
1731.52,0.173095
1121.72,0.111745
1374.28,0.137365
1433.13,0.143231
787.199,0.0787118
1341.04,0.13408
2194.4,0.219426
1116.59,0.11163
749.59,0.0749253
1104.39,0.110185
1395.76,0.139557
4168.12,0.416242
804.603,0.0803998
1021.85,0.10207
4273.42,0.427228
815.312,0.0815061
1170.81,0.117008
1043.59,0.103449
1005.31,0.10051
1448.1,0.144785
2209.71,0.2208
728.796,0.0728053
1178.45,0.117539
1419.28,0.141856
2330.21,0.232729
1056.24,0.105429
1603.71,0.159963
1613.18,0.160605
919.937,0.0917392
2410.13,0.24099
1913.38,0.188485
843.435,0.0843254
1279.39,0.127722
871.823,0.0871543
979.066,0.0978099
1142.35,0.11411
999.094,0.0998959
829.917,0.0829584
974.633,0.0974594
1026.92,0.102643
710.218,0.0710167
2050.74,0.205044
1801.95,0.180174
1392.36,0.138746
1707.26,0.170642
872.213,0.0871873
1414.57,0.14144
4967.88,0.496304
740.449,0.0740422
869.173,0.0869025
1464.55,0.146329
6208.33,0.620712
4171.55,0.417018
1735.6,0.173461
1083.69,0.108349
17483.4,1.7435
1022.2,0.102207
987.656,0.0996744
997.094,0.0996964
865.265,0.0865237
764.023,0.0763914
1217.78,0.121761
868.341,0.08683
1046.74,0.104561
801.993,0.0801914
2795.61,0.277352
1340.2,0.133924
1417.34,0.141714
1108.81,0.110744
1257.37,0.125697
748.389,0.0748287
1885.31,0.188412
1575.9,0.157508
1066.01,0.106577
2359.18,0.235847
2933.77,0.29324
1576.44,0.15758
714.407,0.0714223
3583.63,0.353822
1307.28,0.130483
634.241,0.0633804
954.273,0.095229
1644.34,0.214058
1920.29,0.191906
3161.06,0.315853
2363.05,0.236242
1399.24,0.139538
1774.86,0.177437
985.342,0.0984639
1063.37,0.106328
2895.67,0.289166
721.112,0.0720574
1058.92,0.105866
1814.02,0.181392
1367.73,0.136632
19134.8,1.90246
759.646,0.0759354
957.007,0.09568
1509.68,0.150786
1154.56,0.115424
1642.34,0.164152
988.708,0.0987564
902.929,0.0902102
1254.9,0.125437
2813.11,0.280713
1153.9,0.114925
1096.16,0.109534
2112.24,0.211194
1375.8,0.13498
2383.86,0.238139
1137.98,0.113763
1596.07,0.159515
870.898,0.0870729
612.355,0.0612288
775.279,0.077519
1443.35,0.144273
904.7,0.0904637
1221.22,0.121559
1169.41,0.116674
2721.34,0.271072
6417.8,0.640378
2239.9,0.223783
653.602,0.0649551
1132.15,0.113183
1083.09,0.108089
1302,0.13019
1030.12,0.102463
1677.47,0.167601
2350.08,0.234987
896.626,0.089655
3629.93,0.362431
1165.35,0.116514
3629,0.362729
1011.53,0.101063
1587.85,0.158732
2465.12,0.246409
731.684,0.0731583
528.882,0.0528595
2349.38,0.234682
1154.49,0.11542
1832.32,0.182997
879.379,0.0879046
1001.15,0.100099
692.976,0.0692948
1702.14,0.170092
641.487,0.0640739
1100.31,0.110014
680.911,0.068066
971.334,0.0971167
1480.35,0.147991
1359.32,0.135837
1288.87,0.128881
1106.7,0.110647
689.566,0.0689552
4996.11,0.49896
1074.98,0.107418
2042.61,0.2042
1191.03,0.119094
1116.44,0.111636
1065.05,0.106494
1154.43,0.115432
3306.94,0.330499
1122.94,0.112222
1007.87,0.100554
2097.76,0.208459
1041.51,0.103747
875.294,0.0873762
665.175,0.0665043
1437.53,0.14374
1144.84,0.114311
1374.77,0.137456
1723.19,0.172285
1591.43,0.159126
811.276,0.080392
1852.26,0.185202
704.734,0.0704703
373.974,0.0373964
1025.17,0.102341
2102.24,0.21014
2351.99,0.235087
941.841,0.0939901
12542.5,1.25214
1329.93,0.132973
5460.47,0.544085
967.076,0.0966974
1456.27,0.145608
869.606,0.0869326
942.52,0.0942303
1021.21,0.102109
941.548,0.0941396
3847.83,0.384125
1829.02,0.18286
1109.95,0.110968
515.063,0.0515046
2007.59,0.200375
1100.16,0.109877
2220.11,0.221872
1126.91,0.112678
1320.09,0.131866
807.79,0.0807291
1410.51,0.141047
1058.03,0.105654
1221.9,0.122181
680.445,0.0679988
1054.73,0.105452
840.085,0.0840077
1226.22,0.122251
1927.92,0.192509
2244.77,0.224274
1267.99,0.126755
3047.48,0.304432
1542.26,0.154132
8057.72,0.803403
920.156,0.0919965
1665.03,0.166475
1875.66,0.187552
1095.55,0.109152
1133.92,0.113349
1646.45,0.164601
1270.66,0.126936
3292.38,0.329065
3165.81,0.316515
1506.41,0.150596
670.159,0.0670134
1429.48,0.14278
725.803,0.0725765
950.24,0.0947772
1499.43,0.149922
747.036,0.0745926
635.047,0.0635036
664.103,0.0663932
728.778,0.0728596
3420.8,0.341585
705.43,0.07054
1769.92,0.176945
1137.95,0.11368
1059.42,0.105908
990.039,0.0989619
4354.08,0.435291
17201.1,1.7162
2183.42,0.218216
873.895,0.0872406
1649.45,0.164927
1198.14,0.119742
599.784,0.0599748
756.816,0.0756384
2072.5,0.207014
4880.86,0.487998
3726.06,0.371582
1653.43,0.165113
1276.79,0.127638
781.852,0.0780985
1913.16,0.190488
1163.45,0.116332
981.569,0.098076
2824.87,0.281941
769.035,0.0767257
1751.05,0.174905
718.679,0.0718166
1474.41,0.147398
1763.01,0.176284
1053.13,0.105309
769.168,0.076893
649.038,0.0648593
4483.21,0.448023
1176.11,0.11757
3494.2,0.347747
962.048,0.0961903
1329.68,0.132901
1866.45,0.186569
1075.07,0.107503
1125.22,0.11213
881.961,0.0881697
1471.11,0.146954
1151.06,0.115053
744.333,0.0744184
1351.6,0.135127
1722.64,0.17219
739.22,0.0738376
872.858,0.0867504
1322.1,0.13203
692.504,0.0692498
1545.35,0.154256
586.765,0.0584042
794.566,0.0794485
1652.46,0.164069
1435.51,0.143532
845.585,0.0845397
3178.61,0.317575
1051.24,0.105108
841.163,0.0841056
1247.72,0.124767
2510.8,0.25076
959.362,0.0958609
2096.17,0.209279
954.874,0.0954629
5239.44,0.523044
1520.78,0.152046
1058.04,0.105734
962.164,0.0961898
2442.05,0.236348
1654.4,0.162449
3024.37,0.302265
982.18,0.0980677
1323.12,0.132303
1170.61,0.117016
2299.22,0.229868
3616.71,0.361447
1636.99,0.163674
891.413,0.0889537
3039.84,0.301525
938.327,0.093806
1680.44,0.167904
921.23,0.0921168
1106.46,0.110602
1562.11,0.156153
718.254,0.0718225
580.266,0.0580037
1247.35,0.124701
1439.93,0.143921
1364.27,0.136409
851.543,0.0851526
1119.37,0.111894
1509.86,0.150959
1554.89,0.155477
1077.39,0.107732
622.613,0.0622279
539.78,0.0539557
3918.38,0.391523
777.525,0.0777468
709.701,0.070949
1628.47,0.162816
1858.49,0.185798
2006.12,0.200577
3440.08,0.342841
1270.6,0.12689
1303.74,0.130315
807.968,0.0807803
934.669,0.093461
908.99,0.090885
2424.7,0.242447
1312.53,0.131026
659.721,0.0659703
2320.56,0.231988
1357.16,0.135674
884.866,0.0884694
738.705,0.0733929
981.842,0.0981589
3487.82,0.348367
494.06,0.0493939
1170.94,0.116434
887.267,0.0886091
943.345,0.094225
1131.56,0.113149
1331.87,0.131899
1181.03,0.118039
2223.63,0.220722
1788.06,0.178657
3234.62,0.323336
922.403,0.0920553
1058.19,0.105794
1225.5,0.122533
904.114,0.0903811
2042.95,0.204268
1067.38,0.106573
1754.54,0.175152
1352.45,0.135165
1681.67,0.167818
1863.69,0.186287
1357.22,0.135499
1826.89,0.182097
1027.23,0.102683
824.099,0.0823877
899.724,0.0899616
872.394,0.0872191
1309.93,0.130809
6735.19,0.672648
4253.34,0.42499
773.39,0.0773024
803.189,0.080231
690.442,0.069036
1046.16,0.104598
2476.73,0.247607
1191.05,0.118963
960.986,0.0960953
770.599,0.0770557
1035.24,0.103477
1022.32,0.10223
3930.06,0.391907
29576.7,2.95049
2151.56,0.214792
861.822,0.0861798
1246.68,0.124597
851.845,0.0851825
1107.17,0.110662
944.378,0.0944094
1141.84,0.114112
2349.44,0.234849
2209.06,0.220346
1679.16,0.167895
953.118,0.0953051
1313.76,0.131308
853.645,0.0843447
2894.14,0.289104
1632.19,0.163179
950.502,0.0948611
982.491,0.0981832
2021.97,0.202186
1453.27,0.145254
762.161,0.0762151
1728.32,0.172798
1406.29,0.140618
733.911,0.0733767
1917.35,0.191712
3059.86,0.305765
1768.18,0.176702
4306.78,0.430482
2516.83,0.251432
1473.84,0.147375
1528.52,0.152794
750.66,0.0750367
825.787,0.0825753
960.939,0.0794467
3337.6,0.325289
1611.4,0.161126
969.845,0.0969782
1243.43,0.122841
1554.27,0.155324
1527.33,0.15265
936.836,0.0936595
4226.37,0.422125
1407.29,0.140711
868.329,0.0868025
1052.85,0.105262
2190.22,0.218144
1482.4,0.148161
1173.37,0.11732
1048.08,0.103831
2376.09,0.237224
1928.3,0.192632
1369.88,0.136929
1847.56,0.184721
3083.89,0.308104
927.559,0.0927086
2271.12,0.226686
1111.18,0.111086
2136.96,0.213602
2697.4,0.269587
522.001,0.0521873
4803.32,0.479774
1420.19,0.142007
14091,1.40651
8213.92,0.821132
2459.4,0.245838
907.743,0.0907225
883.712,0.0883284
1507.07,0.143625
563.194,0.0563068
950.443,0.0949789
1264.33,0.126426
1891.83,0.188964
2509.29,0.250849
978.348,0.097824
449.085,0.0448764
766.529,0.0765966
1085.38,0.108506
1146.2,0.114618
899.802,0.0898489
949.245,0.0948437
3558.62,0.35463
960.739,0.0960651
701.143,0.0701037
2602.31,0.258375
2062.07,0.20598
1603.23,0.160006
925.813,0.0925545
735.177,0.0735149
1292.1,0.129147
1303.7,0.130323
1388.32,0.138789
1364.76,0.136397
1138.47,0.113644
1487.18,0.148677
2105.84,0.210307
688.455,0.068754
1008.4,0.100795
884.42,0.0884337
771.035,0.0770838
2960.35,0.295618
1191.13,0.119082
1749.75,0.174899
1284.14,0.128399
5493.4,0.548704
974.301,0.0973872
1441.75,0.14412
1172.37,0.117187
1605.67,0.160431
2527.89,0.252559
710.456,0.0710273
916.483,0.0916067
2673.82,0.267306
3579.66,0.357508
1336.46,0.133437
2803.83,0.280311
952.282,0.0952144
1787.76,0.178747
709.853,0.0709305
979.301,0.0978436
1940.39,0.193953
1964.78,0.196264
805.968,0.0805731
1168.38,0.116825
1229.88,0.122891
1224.47,0.122427
1011.24,0.101098
1698.29,0.169815
1440.51,0.144036
1884.23,0.188381
719.814,0.0718986
9182.94,0.913275
14456.4,3.16112
1455.69,0.145556
1178.34,0.117773
1021.23,0.102019
990.929,0.0987593
845.469,0.0845402
713.828,0.0712818
790.692,0.0790414
862.495,0.0860637
2332.26,0.233006
1402.05,0.140148
1007.07,0.100561
2258.66,0.225664
1836.85,0.183572
948.029,0.0960188
519.717,0.05194
962.617,0.0962341
992.023,0.099037
863.518,0.0863304
2572.75,0.162021
1860.03,0.185996
2512.69,0.251062
608.386,0.0608104
1170.48,0.116972
1690.53,0.169013
1250.34,0.125016
1477.95,0.147768
1102.23,0.109969
2692.62,0.269158
2001.43,0.199964
3103.96,0.310303
959.888,0.0958482
1731.52,0.172597
1670.98,0.166861
1743.33,0.174144
3710.3,0.37046
1197.99,0.119791
1499.58,0.149304
1709.22,0.170862
832.446,0.083104
1483.05,0.148244
2014.83,0.201368
1068.16,0.106792
1166.59,0.116629
3355.82,0.335454
929.381,0.0929284
1126.93,0.11268
2034.69,0.203416
1568.97,0.13617
878.215,0.0877874
1772.23,0.177064
3746.81,0.374318
1052.67,0.101224
1166.42,0.116634
594.595,0.0594191
925.76,0.092339
1145.72,0.114535
1938.98,0.192828
855.609,0.085558
2566.09,0.256528
1331.24,0.133001
1344,0.134366
1013.5,0.101329
1555.63,0.155525
992.274,0.0990827
1792.28,0.179075
1590.43,0.158945
1424.24,0.142355
1159.46,0.115891
2332.34,0.233162
5520.41,0.551828
784.191,0.078345
1150.38,0.115002
1192.71,0.119237
990.623,0.098942
1307.13,0.130697
1038.75,0.10383
975.262,0.0975114
352.135,0.0352065
1034.73,0.103464
1261.27,0.125994
1507.77,0.150709
768,0.0767825
1025.43,0.102538
1253.67,0.125314
1893.18,0.189234
2456.67,0.24555
1204.24,0.12
1739.78,0.173944
3558.54,0.355816
1151.19,0.115061
1044.6,0.104415
19033.4,1.89555
685.702,0.0685606
941.52,0.0941485
2708.39,0.270767
2311.52,0.231115
2617.6,0.260848
697.354,0.069644
1590.3,0.158896
676.641,0.0675152
833.081,0.0832629
659.154,0.0659067
1388.93,0.138774
667.959,0.066642
923.842,0.0923058
3163.91,0.316149
745.445,0.0745271
1060.72,0.10543
1988.18,0.198809
1736.55,0.173641
11142.4,1.11304
891.213,0.0891125
803.751,0.0803734
932.856,0.0932705
1579.71,0.15794
1124.78,0.112462
1778.47,0.177838
1161.86,0.11578
1007.22,0.100708
689.632,0.0689574
1113.6,0.111304
906.721,0.0906528
1029.83,0.102941
768.784,0.0768143
1590.99,0.159076
3021.19,0.300842
1012.31,0.101147
3431.44,0.343079
1208.15,0.120741
1656.21,0.165596
1020.13,0.101723
743.437,0.0742393
1134.26,0.113418
1497.63,0.149693
1015.89,0.10156
1244.93,0.124475
1146.48,0.11457
1279.33,0.117422
1253.02,0.125266
945.325,0.0944326
1840.02,0.183971
738.763,0.0737821
1874.61,0.187379
1874.6,0.187444
755.079,0.0755053
883.409,0.0882729
1917.05,0.191499
1125.68,0.112477
2560.15,0.255834
1304.28,0.129822
2680.83,0.268046
2431.54,0.242986
1753.12,0.175126
1054.48,0.105326
649.231,0.0648685
763.474,0.0763403
1423.57,0.142296
603.38,0.0590617
879.128,0.0878988
536.89,0.0536656
637.837,0.063775
1547.41,0.154715
1687.97,0.168766
1836.37,0.183613
1033.65,0.10335
1381.08,0.138052
1630.12,0.162936
2359.27,0.235786
1931.99,0.193184
1504.33,0.150181
991.865,0.099086
3135.44,0.313297
2223.51,0.221927
1870.58,0.18702
1030.35,0.10297
1022.38,0.102219
1499,0.149859
1844.9,0.184407
1895.03,0.189283
608.3,0.0608283
584.896,0.0584884
1013.56,0.101142
3906.71,0.390546
12146.6,1.2111
961.475,0.0961245
731.38,0.0731204
1401.84,0.140046
2406.01,0.240478
1192.03,0.119152
1153.47,0.115305
853.212,0.0853081
868.863,0.0868438
1114.72,0.111411
2270.7,0.226962
2011.54,0.200759
696.931,0.069651
641.496,0.0638878
985.834,0.0985645
927.792,0.0927531
770.79,0.0770472
702.938,0.0702392
1926.76,0.192573
1706.15,0.170574
604.583,0.0604335
2112.02,0.210936
1503.2,0.148671
856.685,0.0856281
880.381,0.0879095
883.199,0.0882913
3940.37,0.393687
1279.34,0.127921
1095.24,0.109492
1186.17,0.118615
1857.32,0.186596
1583.65,0.158027
1001.72,0.0863081
2667,0.266181
732.295,0.0732047
969.388,0.0968765
2422.69,0.242212
840.306,0.0840032
2294.2,0.229203
1084.57,0.108393
1822.18,0.181872
1349.9,0.142407
346.782,0.0346714
1009.29,0.100851
874.061,0.0873786
1830.76,0.183048
2399.83,0.239823
1387.25,0.138703
4088.24,0.408671
1021.85,0.102175
3676.64,0.367161
2813.02,0.280574
1917.13,0.19168
785.596,0.0785438
1279.54,0.127946
1472.72,0.147051
1579.03,0.15784
3320.24,0.331815
1266.95,0.126666
1178.67,0.117788
1477.16,0.147672
791.763,0.079174
1868.83,0.186728
1496.01,0.14939
990.649,0.0990071
1160.12,0.116001
1337.45,0.133741
1077.32,0.107539
1771.42,0.177111
1321.03,0.131837
1792.67,0.179132
3239.75,0.323801
2345.4,0.23322
858.886,0.0857581
2339.23,0.233505
1380.65,0.137688
2355.47,0.235507
1572.75,0.157256
1665.36,0.166505
1125.22,0.112487
1230.01,0.122924
1526.61,0.128659
916.721,0.0916431
1428.79,0.142856
2841.94,0.281161
817.93,0.081685
2019.87,0.200274
1457.57,0.145711
1059.85,0.105976
1445.41,0.144495
1490.72,0.149016
1921.43,0.19213
2122.15,0.21208
1027.88,0.102769
796.548,0.0796538
812.059,0.0812037
997.043,0.0996766
1148.98,0.114884
1273.14,0.127299
1705.25,0.170337
2670.46,0.266834
1529.92,0.152983
603.537,0.060287
1711.06,0.17097
1086.57,0.108397
1031.23,0.103121
1134.73,0.113451
1047.98,0.10478
1698.29,0.1698
1643.42,0.164291
964.808,0.0964609
1360.02,0.135956
1084.56,0.108316
1814.99,0.181379
9222.12,0.920338
4665.7,0.46437
2974.71,0.297323
681.155,0.0680908
753.09,0.0752795
812.915,0.0812847
1414.2,0.141384
719.272,0.0719166
954.066,0.0953721
3528.41,0.352667
933.499,0.0932689
799.684,0.0799452
1351.64,0.135103
1352.15,0.134948
1932.32,0.193198
829.224,0.082892
1730.06,0.172977
3191.57,0.319047
5647.86,0.564531
1395.34,0.139498
19312.9,1.92377
5526.62,7.27741
987.867,0.0986582
2652.97,0.265284
2536.98,0.253453
2066.54,0.206486
2201.74,0.219987
2077.74,0.207722
1133.15,0.11328
642.16,0.0638851
1622.97,0.162275
956.03,0.0955783
948.484,0.0947634
1949.44,0.194445
22012.8,2.1812
963.668,0.092906
1359.89,0.135512
462.313,0.046131
2251.18,0.224727
967.066,0.0966475
1383.01,0.138098
2200.5,0.219926
854.458,0.0845732
941.119,0.094107
1119.44,0.111892
876.072,0.0874254
673.275,0.0672999
1186.24,0.118618
1116.11,0.11156
1410.88,0.140968
1074.4,0.107372
1335.71,0.133544
845.517,0.0845398
2334.06,0.233046
1761.12,0.175891
1061.71,0.106161
812.628,0.0811731
686.501,0.0686454
596.841,0.0596815
722.635,0.0722579
650.295,0.0650009
643.22,0.0643201
764.641,0.0764596
644.947,0.0644777
454.158,0.0453713
2006.73,0.200578
1188.13,0.118801
1038.11,0.103734
1491.3,0.149095
1662.19,0.166193
1394.12,0.139409
2049.24,0.204907
2133.83,0.21335
1258.91,0.125884
1350.88,0.134981
2695.98,0.268437
1732.62,0.173009
621.045,0.0619121
1728.22,0.172808
999.304,0.0998783
1966.29,0.196619
1431.37,0.143119
759.044,0.0758917
1005.99,0.100484
1380.04,0.137996
1173.35,0.117183
1484.94,0.14844
1269.9,0.126806
2876.7,0.287659
1134.02,0.113389
1320.74,0.132069
1421.81,0.142156
11680,1.11276
838.801,0.0838671
4771.76,0.476716
928.317,0.0928072
4868.14,0.485691
1299.52,0.12994
1127.77,0.112723
7664.36,0.765521
1540.8,0.153986
957.091,0.0955508
995.026,0.0994526
6561.17,0.654349
1520.42,0.151985
399.994,0.0399986
3196.28,0.319463
667.788,0.0667644
1862.01,0.185932
2136.35,0.21345
1454.61,0.145312
2645.77,0.264426
891.043,0.0890866
1313.44,0.131321
1221.05,0.122069
1278.02,0.127741
1538.32,0.153733
845.148,0.0845058
1112.92,0.111286
877.708,0.0877543
1168.01,0.116791
932.665,0.0932421
1329.37,0.132902
519.158,0.0518916
929.355,0.0928774
1339.24,0.133913
569.542,0.056855
1834.75,0.183387
1356.26,0.13346
1405.94,0.140478
2378.09,0.237014
914.459,0.0913767
1117.03,0.111517
1241.44,0.124111
8780.22,3.19158
496.163,0.0494808
1020.42,0.101957
997.389,0.0997251
3325.89,0.33101
1485.71,0.148533
682.03,0.0681939
1811.94,0.180694
4552.92,0.453617
1046.46,0.104506
1569.74,0.156877
1905.34,0.190343
988.954,0.0988874
982.361,0.0977289
1878.73,0.187808
592.522,0.0592065
4585.06,0.457109
747.278,0.074719
870.61,0.0870542
606.718,0.0606199
1093.4,0.10933
1978.68,0.197603
1469.02,0.146813
1115.03,0.111495
766.168,0.0766155
922.065,0.0921901
744.875,0.0744076
4855.06,0.485286
1579.8,0.157943
1235.17,0.123364
1285.08,0.128467
973.866,0.0973676
1552.28,0.155153
548.158,0.0548102
1026.14,0.102578
1314.47,0.131315
1602.11,0.16017
792.03,0.0791815
1727.93,0.172753
10451.7,1.04397
4909.82,0.490689
682.365,0.068012
2147.07,0.214653
919.949,0.0919459
1005.64,0.100512
1534.69,0.153405
1520.11,0.151945
1528.37,0.15277
1285.72,0.128557
4251.53,0.424723
2334.89,0.227989
1104.33,0.110353
1059.99,0.105954
1817.17,0.181687
1041.19,0.103988
1313.42,0.131317
1270.79,0.126946
808.952,0.0808881
1043.6,0.104071
535.293,0.0534013
4858.4,0.485396
804.095,0.0803951
726.412,0.0725123
995.542,0.0993135
754.392,0.0754299
1301.12,0.129983
975.686,0.0974791
1047.34,0.104715
2207.92,0.220664
2018.73,0.198989
712.09,0.071194
2095.39,0.20942
1346.46,0.134618
1862.44,0.186023
1407.91,0.138475
12612,1.25708
886.915,0.0886804
1255.62,0.125547
5572.85,0.555849
1951.37,0.195097
1613.81,0.161304
1586.3,0.158566
1485.29,0.148434
3043,0.30415
2696.77,0.269587
1155.38,0.115523
997.545,0.0996343
1118,0.111795
5645.01,0.564365
740.682,0.073789
1028.22,0.102734
401.03,0.0400987
1049.42,0.104938
1653.79,0.165131
1015.26,0.101495
990.25,0.0989751
1017.85,0.101767
1166.1,0.116597
1697.21,0.16971
1082.29,0.108183
959.896,0.0959726
1960.98,0.196073
3387.78,0.338526
1627.31,0.16265
1151.49,0.115113
1251.34,0.125114
1676.1,0.167488
3130.93,0.313039
1525.1,0.15237
489.105,0.0489076
2483.67,0.248284
1522.97,0.152173
1971.11,0.19704
1695.97,0.169547
598.563,0.0598018
2359.34,0.986242
6510.07,0.650099
1804.35,0.180062
5833.49,0.580737
4848.38,0.484535
930.364,0.0928638
938.179,0.0909289
1458.83,0.145823
1201.14,0.120013
898.133,0.0895049
962.099,0.0962003
1300.09,0.129859
766.423,0.0766386
1736.09,0.173556
1391.78,0.139158
2785.69,0.278281
678.302,0.0678272
920.643,0.092041
466.419,0.0466192
1157.35,0.115628
957.834,0.095357
966.25,0.0965977
1229.04,0.122862
883.889,0.0883521
724.966,0.0724906
1505.75,0.15053
1224.06,0.12231
1386.41,0.138598
625.956,0.0625801
1234.42,0.123254
718.017,0.0711727
1039.9,0.103932
675.124,0.0675016
1676.8,0.167623
1210.28,0.120845
1151.69,0.115155
590.528,0.0590223
1092.53,0.109222
8770.25,0.87605
990.402,0.0990332
1633.76,0.161889
1032.53,0.103248
1171.24,0.111927
4616.32,0.461119
1258.07,0.125776
1006.59,0.100602
704.786,0.07046
1067.94,0.10678
6738.17,0.668823
709.52,0.0709205
2776.1,0.277567
1854.21,0.185162
612.738,0.0612518
1590.71,0.158316
911.575,0.0911562
2515.89,0.251547
1512.65,0.151246
968.174,0.096739
1057.02,0.105635
4018.55,0.401468
1109.52,0.110945
2035.52,0.20511
1237.85,0.117205
1250.74,0.125031
843.892,0.0843818
2129.29,0.212426
542.798,0.0542536
1444.4,0.144166
1441.9,0.144053
1199.71,0.119901
2236.84,0.223163
1051.55,0.105069
6428.72,0.641949
1574.04,0.157255
2216.4,0.219544
1128.7,0.112757
953.199,0.0951414
840.548,0.0838726
1609.69,0.160892
634.821,0.0634783
1227.63,0.122592
949.056,0.094857
922.336,0.0922308
1408.91,0.140839
1150.6,0.114972
1248.26,0.124804
564.12,0.0563816
1189.83,0.118949
1332.56,0.133192
1405.44,0.140524
856.418,0.0855875
1015.9,0.101589
1162.07,0.11615
755.922,0.0755534
2049.3,0.204755
890.323,0.0890054
1847.09,0.184664
947.509,0.0947288
1454.36,0.145293
1399.04,0.139595
695.072,0.0694632
1106.09,0.110603
1071.75,0.107171
1335.36,0.133524
2017.53,0.20158
918.24,0.0918188
856.168,0.0856156
1845.87,0.184532
1192.55,0.119082
1908.12,0.190321
2338.7,0.233755
1874.95,0.187451
1150.12,0.114961
853.251,0.0853218
1182.07,0.118148
640.508,0.0640244
1063.1,0.106254
1334.29,0.133426
1804.84,0.180428
920.243,0.0919934
1559.36,0.155917
858.492,0.0855812
3065.87,0.306229
1854.25,0.185384
860.821,0.0858751
1922.81,0.186692
1743.55,0.174277
1111.48,0.111062
982.293,0.0981226
2694.26,0.269222
1211.46,0.121031
572.31,0.0572291
695.38,0.0695349
615.083,0.0615053
1447.2,0.144692
987.619,0.0987175
1213.55,0.121299
3880.84,0.387516
1080.53,0.108042
1382.61,0.138236
1075.67,0.10756
2663.06,0.266285
1829.37,0.182749
3464.76,0.346044
773.509,0.0773495
628.352,0.0627871
885.656,0.0885149
2728.78,0.272659
943.261,0.0942121
493.525,0.0493117
2002.69,0.200237
1146.37,0.114524
774.646,0.0774618
875.74,0.0875057
903.844,0.0903668
5105.84,0.509805
976.124,0.097545
1849.06,0.184507
777.554,0.0776897
1282.29,0.12737
1043.57,0.104255
694.082,0.0693873
1466.94,0.146637
556.362,0.0549225
1245.77,0.124502
595.164,0.059496
1886.89,0.188554
1579.55,0.157817
1195.42,0.119532
2412.75,0.241108
961.776,0.096119
1441.29,0.144086
2940.78,0.293082
1049.63,0.104919
3022.49,0.307315
2584.19,0.258286
3689.25,0.368708
1093.55,0.109312
714.805,0.0713809
801.572,0.0801386
1235.41,0.123526
1564.63,0.156306
1169.71,0.11692
1117.89,0.111784
1002.9,0.100251
1295.41,0.129482
1298.68,0.129852
4558.24,0.4547
1312.32,0.131173
3992.66,0.399099
1155.55,0.115507
1797.54,0.179715
1120.01,0.111435
714.637,0.0714151
1104.41,0.110357
787.009,0.0786108
1191.67,0.119109
1380.73,0.138012
1567.02,0.155269
1080.18,0.108009
16699.7,1.66885
876.701,0.0876619
3166.23,0.316527
1714.64,0.171423
1317.19,0.13029
1039.09,0.103683
1096.53,0.109646
3250.41,0.324586
1831.3,0.183089
4906.78,0.475525
1228.44,0.122446
1272.03,0.127186
921.503,0.0918648
3336.63,0.33344
736.502,0.0736265
999.284,0.099895
1063.18,0.106263
2225.83,0.222456
1841.36,0.184041
644.316,0.0643869
1173.98,0.117173
4589.55,0.456477
1733.93,0.173134
1089.2,0.108909
2429.43,0.242875
1675.14,0.167481
1224.46,0.12244
800.325,0.0799157
385.305,0.0385284
8440.9,0.841245
669.014,0.0668934
980.905,0.0980508
2603.19,0.260207
2651.93,0.26434
2502.2,0.249414
2082.16,0.208201
641.858,0.0641038
1214.2,0.121409
1538.32,0.153782
1783.86,0.178342
1369.41,0.136901
1541.85,0.153754
1636.18,0.16357
908.06,0.0907726
1410.01,0.140966
822.645,0.0822578
2112.14,0.211093
1783.12,0.178274
629.67,0.0629319
736.986,0.073688
1136.39,0.11333
2561.15,0.255093
1356.18,0.135499
1241.31,0.124106
1183.94,0.118364
914.681,0.0910253
1341.65,0.134014
2837.49,0.283645
540.523,0.0539885
1999.03,0.199884
12762.5,1.27595
1853.23,0.184745
2364.51,0.235423
1583.87,0.15795
879.696,0.0878962
859.95,0.0859491
724.865,0.0724722
1286.74,0.128629
1286.44,0.128244
1442.57,0.149763
6956.77,0.692763
1307.61,0.130676
4211.94,0.421155
1780.7,0.178029
3069.27,0.306799
1039,0.103875
1288.59,0.1287
884.599,0.0884175
3194.43,0.319379
893.38,0.0889514
1094.5,0.109285
858.389,0.0858097
812.768,0.0812733
1403.2,0.14022
741.716,0.074163
904.134,0.0902701
1556.2,0.155314
791.643,0.0791196
900.09,0.0899326
1268.93,0.11819
2502.13,0.250164
2267.46,0.22665
1031.53,0.103121
995.459,0.0995424
874.316,0.0874048
1049.85,0.104969
1929.58,0.192923
2299.23,0.229707
1636.83,0.163643
1891.5,0.189117
1345.34,0.134505
529.232,0.0528734
22742.3,2.25771
1204.24,0.120393
875.351,0.0874771
1124.44,0.11243
1186.47,0.118477
1015.23,0.101487
2310.88,0.230325
1127.89,0.112756
826.175,0.0826104
1708.88,0.170797
2669.26,0.26678
1509.58,0.150895
752.285,0.075167
1409.56,0.140951
1562.92,0.156171
1407.19,0.1406
1209.36,0.118359
495.85,0.0495521
917.512,0.091436
910.333,0.090987
818.957,0.0817573
485.451,0.0485263
3374.46,0.33731
943.52,0.0942866
829.199,0.0828946
618.002,0.0617956
1535.12,0.153487
30882.9,3.04787
1223.82,0.122369
1057.24,0.105453
3876.93,0.387537
782.593,0.0782314
1258.12,0.125809
1454.89,0.145385
2184.74,0.218405
1144.07,0.11439
1037.11,0.103632
2180.97,0.217967
1579.12,0.157903
831.366,0.0830809
611.504,0.061119
979.097,0.097885
1039.48,0.103923
2034.72,0.203363
1190.22,0.11889
886.442,0.0886316
841.071,0.084092
4101.79,0.409646
1467.02,0.146527
1827.9,0.182049
1110.76,0.110995
1708.24,0.170495
2282.99,0.229959
1585.04,0.158486
2637.6,0.263326
4093.09,0.408447
736.172,0.0735739
1096.23,0.109541
938.122,0.0938083
1140.99,0.114061
784.734,0.0784633
1009.97,0.100967
1336.46,0.133633
1458.88,0.145828
920.112,0.0919321
1504.09,0.150308
965.839,0.0965697
1290.97,0.128731
1252.18,0.124741
1200.26,0.120022
1257.95,0.125766
913.865,0.0913722
937.795,0.0937529
808.089,0.08074
1469.16,0.141026
1221.64,0.122084
3310.89,0.331048
676.071,0.0674548
1076.37,0.107602
1245.11,0.12421
1854.52,0.183895
772.857,0.0772828
2314.34,0.231131
2417.22,0.241685
1163.02,0.116232
986.876,0.0980635
3292.46,0.329218
3326.24,0.332353
803.812,0.0803755
667.258,0.0667243
2364.74,0.236462
2137.17,0.213512
1610.34,0.160977
728.643,0.0728325
1658.44,0.165435
769.126,0.0768185
1768.18,0.176626
1544.05,0.154381
909.201,0.0909165
1399.63,0.139949
1208.54,0.12069
1554.48,0.15543
1103.54,0.11034
2261.44,0.224801
4388.04,0.438719
929.009,0.0928943
1715.93,0.171465
5324.83,0.53157
1644.38,0.164416
1619.52,0.161838
1148.94,0.114871
771.083,0.077096
907.276,0.0907128
2668.46,0.266402
932.543,0.0932201
796.377,0.0796337
2918.91,0.630148
1507.02,0.150675
1222.84,0.122223
2045.27,0.204433
1026.88,0.102626
1096.36,0.10961
785.915,0.0785741
6008.02,0.600334
5931.45,0.591824
1508.48,0.150616
1275.54,0.126693
1244.97,0.124391
1914.69,0.1913
3967.49,0.396547
1660.19,0.165942
1377.32,0.137701
1119.5,0.111929
2178.05,0.217685
2202.78,0.220184
1139.06,0.113871
1069.67,0.106941
15627.9,1.55589
847.8,0.0847679
1565.25,0.156334
1168.96,0.116857
1470.16,0.146976
3184.44,0.318172
2627.42,0.262213
727.244,0.0727094
1028.4,0.102831
725.599,0.0725477
1764.32,0.176402
1647.86,0.164551
819.802,0.0817849
1222.98,0.121777
2125.83,0.212541
792.052,0.0791548
1237.95,0.123556
1123.18,0.112275
1434.6,0.143416
657.293,0.0657267
4969.87,0.496192
1717.12,0.171671
846.39,0.0844838
2247.79,0.224127
1402.8,0.140267
577.278,0.0572894
1707.53,0.170686
709.148,0.0708944
522.453,0.0522428
1224.98,0.122489
1274.02,0.127377
1174.9,0.117487
510.506,0.0510347
3215.87,0.321394
1343.4,0.13433
1041.58,0.104092
2227.39,0.222391
1000.99,0.100084
1415.1,0.141481
1011.41,0.101115
2600.61,0.259995
1030.01,0.102997
1214.29,0.121321
1751.72,0.169197
943.295,0.0943072
2234.79,0.223444
765.215,0.0764196
855.124,0.0855098
652.885,0.0652412
1007.59,0.100734
1794.43,0.179193
1111.26,0.111056
949.669,0.0949467
1382.25,0.137911
1782.11,0.178198
1139.52,0.113899
949.014,0.0947505
5063.35,0.505927
605.747,0.0605407
1285.06,0.128422
813.674,0.0812805
952.743,0.095265
890.216,0.0889856
1430.89,0.143045
1093.06,0.109191
1966.72,0.196319
658.306,0.0658234
1972.56,0.197163
1134.29,0.113321
1064.09,0.106376
787.65,0.0786489
977.504,0.0977038
1845.43,0.183623
1055.06,0.105436
998.729,0.0991568
1772.16,0.177155
4090.25,0.39976
733.226,0.0732565
1480.57,0.147682
1164.95,0.116472
2068.13,0.204777
765.993,0.0765772
793.549,0.0793328
1348.1,0.132232
1049.71,0.104961
910.599,0.0910304
800.517,0.0800333
2010.16,0.200913
419.755,0.0419754
5476.02,0.546918
745.761,0.0745587
807.718,0.0807366
4089.02,0.408516
1100.18,0.109992
4749.42,0.473895
1107.84,0.11077
584.86,0.0584813
1114.84,0.111472
1464.66,0.146442
7655.96,0.764838
6145.23,0.613976
1474.1,0.147368
700.036,0.0699939
17353.7,1.72966
1078.78,0.107854
1696.63,0.169606
2834.03,0.28309
1601.77,0.160156
1470.07,0.146863
1159.77,0.115654
821.831,0.0821714
1328.97,0.132857
5655.79,0.564676
1182.39,0.118213
1043.44,0.104266
1316.42,0.131589
1531.84,0.153174
955.922,0.0955899
1217.23,0.12172
1119.7,0.111879
1511.48,0.151083
2093.44,0.208975
1430.83,0.142886
1097.37,0.10957
1860.81,0.18603
664.555,0.0663488
744.899,0.0739913
1008.23,0.100787
5741.97,0.572545
1342.81,0.134275
2873.29,0.287252
961.485,0.0961411
1142.57,0.114171
1036.55,0.103648
5019.91,0.500422
1443.79,0.144288
2268.41,0.226812
4348.36,0.433648
3073.12,0.306346
750.594,0.0750361
902.8,0.0902348
2090.91,0.208796
416.499,0.041629
1238.86,0.123725
818.558,0.0818391
1890.2,0.188957
2043.42,0.204279
1949.94,0.194706
811.869,0.0811413
911.874,0.0910976
1362.15,0.13618
2139.74,0.213783
891.094,0.0889316
5993.39,0.598667
964.812,0.0964658
1315.77,0.131541
2263.31,0.226168
1803.51,0.180295
1663.99,0.16638
2032.58,0.203153
1634.99,0.163421
1240.29,0.123503
1458.53,0.145812
1097.01,0.109683
1585.22,0.15845
1297.64,0.129754
884.831,0.0884341
1415.56,0.141544
635.28,0.0634824
1411.82,0.141105
2231.03,0.222742
1441.61,0.144069
1042.42,0.104218
1815.73,0.181519
3230.72,0.322997
925.625,0.092555
775.882,0.0774751
1137.88,0.11378
904.813,0.090454
774.932,0.0774744
1070.61,0.107008
1201.67,0.120148
938.332,0.093828
812.875,0.0810789
1364.05,0.136355
1372.03,0.137188
1407.38,0.140709
849.792,0.0849445
819.312,0.0818673
996.64,0.0995764
2160.42,0.216028
1622.83,0.162224
1079.86,0.107778
959.976,0.0950188
1899.09,0.18976
1003.89,0.100343
1396.73,0.139638
514.311,0.051427
799.509,0.0799076
2387.32,0.238241
1136.41,0.113613
8691.2,0.871196
866.985,0.0866649
1257.94,0.125772
1025.69,0.102547
2602.05,0.259916
945.178,0.0944823
981.425,0.0981153
930.494,0.0930029
1912.46,0.191145
706.607,0.0706547
1236.01,0.12358
1025.61,0.102414
1412.22,0.140838
1067.84,0.106768
1492.38,0.149224
809.172,0.080855
614.834,0.061481
732.063,0.0731942
806.691,0.0805199
2571.98,0.256889
1934.78,0.192573
672.267,0.0671604
889.64,0.0888315
2271.01,0.226984
1288.79,0.128874
1153.33,0.115219
813.627,0.0813217
1570.86,0.155921
822.258,0.0821664
4769.75,0.47686
1067.39,0.106726
1699.11,0.169828
1015.36,0.101369
1577.96,0.157764
1165.37,0.116514
990.164,0.0990052
6464.77,0.645746
870.755,0.0870112
1746.83,0.174612
1132.98,0.113261
1368.99,0.136842
2558,0.25571
887.918,0.0887894
1051.52,0.105121
1051.53,0.105021
1349.82,0.134976
593.573,0.0593528
2143.56,0.21379
997.508,0.099687
12434.4,1.24081
1223.72,0.122343
558.422,0.0557316
1149.42,0.114663
889.78,0.0889277
1533.26,0.1533
860.217,0.0858509
1147.63,0.114727
1489.65,0.148941
1013.23,0.103459
1251.25,0.125117
955.311,0.0954924
966.07,0.0960846
1101.86,0.110145
1133.17,0.113112
1052.12,0.105147
1133.96,0.113362
968.749,0.0966024
2346.04,0.234526
1028.23,0.102173
877.548,0.0877136
1374.57,0.13743
2187.11,0.21847
1015.52,0.101549
1133.45,0.113295
898.828,0.0898647
2889.84,0.288753
911.44,0.0911342
1968.95,0.196869
1282.6,0.128152
1201.37,0.120073
1358.64,0.135698
647.143,0.064699
508.854,0.0508814
1530.21,0.152985
786.049,0.078427
1060.97,0.106092
824.939,0.0824926
1828.35,0.182776
1108.51,0.110787
1536.28,0.151955
693.325,0.0693291
1044.91,0.104334
843.395,0.0843298
874.099,0.0873271
3877.39,0.387662
1279.84,0.127856
1428.63,0.142829
1384.3,0.136656
757.098,0.075704
674.548,0.0674439
1276.29,0.127578
1488.4,0.148833
1791.99,0.179115
1692.47,0.169197
2064.94,0.205903
753.336,0.0752591
791.689,0.0791578
965.069,0.0964105
540.94,0.0540668
1608.51,0.160787
1983.75,0.198286
959.566,0.0957074
1022.02,0.102188
1490.86,0.14905
1269.14,0.126893
2331.3,0.232911
1067.94,0.10672
927.9,0.0927414
1804.86,0.180368
743.871,0.0741261
1041.07,0.104082
1572.46,0.157176
1592.98,0.15926
760.225,0.0759205
1065.77,0.10655
1983.24,0.198302
931.192,0.0930929
763.305,0.076285
1136.82,0.11358
1109.55,0.11093
1060.97,0.106081
2724.13,0.272287
4107.81,0.410492
679.101,0.0678304
1526.27,0.15262
590.923,0.0590152
6707.43,0.668231
1002.11,0.0987592
1219.36,0.12192
1000.48,0.100029
866.742,0.0866571
929.707,0.0928208
799.495,0.0799453
1249.88,0.124981
1406.64,0.140651
953.274,0.0953184
838.493,0.0837722
654.432,0.0654095
1249.86,0.124765
877.917,0.0877856
1442.45,0.144116
701.356,0.0701239
1204.41,0.105608
917.569,0.0917483
25302,2.52135
1955.87,0.195496
817.222,0.0817152
1314.81,0.131454
938.866,0.0938836
2641.26,0.262891
1357.83,0.135703
3075.23,0.307421
1870.34,0.186987
682.296,0.0682162
1541.29,0.154089
2838.82,0.283786
1421.76,0.142145
887.213,0.088705
1658.98,0.165871
1859.93,0.185958
1053.91,0.105306
870.989,0.087089
951.416,0.0951251
823.887,0.0823625
4287.73,0.427911
1499.72,0.149946
4137.8,0.413531
820.189,0.0819048
1782.05,0.178166
824.336,0.0823974
1206.98,0.120684
1600.41,0.159339
1979.87,0.197698
1384.14,0.13839
819.2,0.0818771
2588.12,0.258606
899.31,0.0899247
923.211,0.0923123
1012.71,0.101259
1978.38,0.197701
631.413,0.0631257
1286.25,0.128583
2145.31,0.214263
5541.14,0.552797
1451.95,0.145183
965.635,0.0964499
1044.22,0.10442
948.122,0.0947739
2389.45,0.238761
1152.8,0.115241
1339.18,0.133794
1594.53,0.159389
2469.6,0.246763
816.533,0.0816402
1154.96,0.115467
2572.8,0.257211
775.247,0.0775159
822.905,0.0822708
830.738,0.0830641
757.897,0.0757877
1098.3,0.109745
1425.54,0.142537
1146.2,0.114605
1117.61,0.111718
1067.31,0.106714
786.719,0.0785699
1062.85,0.106246
889.244,0.0888919
768.586,0.0768495
1963.69,0.197302
1363.45,0.136249
1366.43,0.136489
846.414,0.0846258
1158.2,0.115744
1310.92,0.131074
2081.52,0.208131
1909.85,0.190947
1039.92,0.103981
1742.35,0.174211
1151.84,0.115155
718.745,0.0718614
2886.11,0.288493
1129.95,0.112951
2885.06,0.284196
1084.42,0.108383
1061.14,0.105766
1374.2,0.137329
846.699,0.0833905
533.743,0.0532675
6398.5,0.639147
3482.53,0.348023
695.071,0.0694914
608.737,0.0607773
623.446,0.062291
1049.2,0.104915
2204.05,0.220378
1685.19,0.168449
1337.99,0.133754
2175.97,0.269518
1139.02,0.11387
1180.65,0.118042
1641.26,0.163764
2002.79,0.199334
952.955,0.0952701
1034.49,0.103356
905.803,0.0905634
2166.74,0.216647
1470.43,0.146987
3037.35,0.303363
728.532,0.0723993
1994.83,0.199465
1260.68,0.126039
3406.63,0.340223
3623.79,0.360992
1314.62,0.131385
1094.69,0.109456
1081.88,0.108178
871.482,0.0870939
786.702,0.0785122
930.886,0.0930873
1689.05,0.168837
2226.96,0.222578
1229.81,0.122897
1788.26,0.178365
1698.44,0.169759
1770.55,0.176848
1153.27,0.115306
1043.48,0.10423
1302.41,0.130232
988.894,0.0987513
915.482,0.0915408
1292.18,0.129153
1132.77,0.113138
1286.76,0.128655
6753.05,0.674762
1096.78,0.109657
974.478,0.097163
1047.17,0.104705
1052.74,0.105243
1202.37,0.120217
1301.21,0.130005
861.989,0.0861934
1230.28,0.12294
1376.55,0.137609
794.497,0.0794231
848.033,0.0847579
1203.63,0.11992
878.043,0.0877636
1917.65,0.191077
5512.41,0.550331
2941.12,0.294012
916.182,0.0916021
1122.92,0.112256
1290.01,0.128973
1627.83,0.162775
1425.31,0.142466
1173.68,0.117355
887.484,0.0887368
1050.73,0.105061
2196.7,0.219619
8757.28,0.8749
2016.42,0.201504
3736.16,0.373474
1021.41,0.102097
817.376,0.0817111
903.773,0.0903741
1339.69,0.13384
1444.12,0.144388
1120.74,0.111983
1455.54,0.145471
3926.63,0.392449
1652.28,0.165127
1036.27,0.10359
1072.99,0.107291
661.475,0.0661457
1081.83,0.108169
1682.05,0.168041
11985.8,2.41453
1045.27,0.104519
4608.76,0.460552
3139.94,0.313853
898.696,0.0896893
2748.76,0.27484
508.765,0.0507391
1026.64,0.102616
1113.38,0.111147
799.565,0.0799294
1315.36,0.131474
4049.11,0.404553
779.68,0.0779439
1153.9,0.115373
1075.23,0.107449
734.984,0.0734342
1012.63,0.101258
387.983,0.0386198
4787.24,0.478016
1182.88,0.11794
839.124,0.0839005
1073.77,0.107329
700.478,0.0699286
2261.78,0.225973
716.556,0.0716473
1838.17,0.183759
739.136,0.0738397
1432.35,0.142845
1264.47,0.125759
915.67,0.0913767
2659.74,0.265466
4495.11,0.448876
1123.88,0.11236
544.654,0.0544578
969.058,0.0968965
1171.19,0.117088
788.697,0.0788661
5083.6,0.50789
1024.68,0.102344
1713.41,0.171304
1663.97,0.166071
1077.46,0.10765
1109.3,0.11091
2779.93,0.277731
1163.1,0.116306
741.082,0.0740582
2405.49,0.239816
1654.08,0.165197
706.813,0.070648
1610.77,0.161066
12206.6,1.21363
1210.38,0.121026
1514.88,0.15064
1068.13,0.106761
1525.17,0.152482
796.428,0.0795665
925.434,0.0920411
924.954,0.0924928
1807.7,0.180734
2274.65,0.227091
1243.89,0.124228
687.703,0.0687653
645.534,0.0645399
2696.8,0.269525
1033.56,0.103326
1282.49,0.128122
906.371,0.0906169
1487.29,0.148644
1884.19,0.188386
968.684,0.0968183
1245.21,0.124468
1353.55,0.13529
1127.69,0.112754
1788.39,0.178166
1088.67,0.10884
1487.34,0.148712
1519.29,0.151795
998.08,0.0997605
1527.39,0.150962
647.163,0.0625621
846.804,0.0838335
5430.03,0.541037
830.189,0.082998
898.808,0.0892892
840.637,0.0855952
2723.18,0.272078
602.539,0.0602436
1294.62,0.129394
986.989,0.0986923
2653.85,0.265138
1302.51,0.129341
525.51,0.0525488
759.7,0.0759654
1110.74,0.111024
2076.26,0.207188
1049.58,0.104938
1860.41,0.185731
870.63,0.0868684
1878.08,0.187619
1754.13,0.174778
6937.67,0.692824
764.75,0.0764712
2622.92,0.262249
2032.42,0.203198
1103.36,0.110272
1136.2,0.113598
1067.31,0.106724
1341.17,0.134055
911.007,0.0910976
799.133,0.0799086
703.434,0.0703133
784.717,0.0784454
1403.13,0.140251
1247.29,0.124675
2021.9,0.202115
2315.96,0.231517
1639.4,0.163909
2301.38,0.230052
2127.59,0.212689
1139.47,0.113895
1851.98,0.185088
2833.81,0.282623
917.815,0.0917029
2102.46,0.210164
1033.9,0.10337
1305.01,0.130489
1007.72,0.100766
1806.89,0.180663
1777.7,0.17766
1654.79,0.165354
11337.1,1.12803
1400.33,0.139919
840.965,0.0836083
1179.75,0.117938
1084.07,0.108383
961.659,0.0961452
1682.72,0.163234
1028.3,0.102745
1064.24,0.106383
1668.81,0.166605
1964.43,0.194372
847.258,0.0844855
4459.36,0.445867
795.587,0.079546
1163.33,0.116273
1086.02,0.108594
1797.57,0.17974
582.376,0.0582284
1169.08,0.116899
1266.63,0.126588
3903.66,0.390132
943.926,0.0943736
1183.53,0.118304
1341.41,0.133964
764.417,0.0764025
887.515,0.0887394
490.599,0.0490333
748.706,0.0746989
2675.11,0.267477
933.053,0.0932381
6824.89,6.16419
1424.87,0.14246
3542.13,0.353589
598.701,0.0598352
940.537,0.0940276
1631.22,0.161792
989.052,0.0988938
13554.6,1.34806
1009.2,0.100915
5640.45,0.563864
577.387,0.057735
804.8,0.0804788
718.893,0.0718839
1234.21,0.123388
1004.34,0.10042
1460.43,0.146006
1924.79,0.192436
794.719,0.079428
1951.82,0.196198
711.611,0.0711209
1129.51,0.11277
3985.74,0.398456
797.961,0.079602
1067.58,0.106757
1059.71,0.105893
909.441,0.090938
1165.37,0.116523
806.684,0.080624
708.151,0.0708049
3865.54,0.385461
1057.43,0.105553
800.62,0.0800594
1121.56,0.112144
1106.48,0.110537
5614.06,0.560736
1120.18,0.112
1174.05,0.117295
710.217,0.0710146
1101.98,0.110063
1027.64,0.102693
1180.19,0.117972
1748.62,0.174813
1905.39,0.190526
1600.21,0.159858
1268.8,0.126815
1058.88,0.105871
514.811,0.0513432
1460.07,0.145992
1431.89,0.143113
1020.74,0.101909
22511.6,2.22748
667.526,0.0679205
1338.99,0.133864
1367.95,0.136774
774.932,0.077442
1850.83,0.185035
2530.59,0.252898
15441.9,2.11636
569.158,0.0568735
892.405,0.0892151
662.822,0.0662433
1857.8,0.185471
1100,0.109959
1078.66,0.107846
1418.31,0.141745
1813.83,0.18132
661.579,0.066154
1155.43,0.115501
879.547,0.0879189
1333.61,0.133333
1143.53,0.114316
1011.62,0.101029
1113,0.111219
699.429,0.0699206
2719.7,0.271905
852.556,0.0852025
438.945,0.0438933
2639.72,0.263907
1254.68,0.125447
546.68,0.0546403
847.235,0.084707
828.919,0.0828453
659.966,0.0659861
1255.83,0.125552
884.921,0.0883929
1151.23,0.114833
1500.32,0.150016
1469.08,0.146841
1193.05,0.118874
1237.8,0.123701
1457.96,0.145739
10554.7,1.05432
1735.36,0.17242
1900.34,0.19001
824.03,0.0823492
1741.76,0.174153
822.915,0.0822501
854.958,0.0837111
1501.85,0.15014
707.969,0.070771
1545.63,0.154495
990.355,0.0990276
2541.69,0.254131
884.989,0.0884564
3877.41,0.270435
1573.26,0.157297
965.828,0.0965647
2493.1,0.24911
2073.91,0.207365
939.338,0.0908459
734.577,0.0734448
665.484,0.0664917
1431.18,0.142821
2114.99,0.21146
1063.8,0.106354
4593.78,0.459216
894.675,0.0894648
1130.67,0.113
1225.22,0.122518
2011.32,0.200878
1808.96,0.180807
1151.71,0.115126
1604.69,0.159913
1088.8,0.108876
693.073,0.0692912
661.426,0.0661061
2101.29,0.210125
914.78,0.0914586
818.138,0.0818044
1450.05,0.144711
3269.78,0.327399
1234.97,0.123474
1570.68,0.157006
918.991,0.091809
772.12,0.0771254
3099.15,0.309837
1211.73,0.121008
1077.42,0.107681
1588.27,0.158695
1208.29,0.120723
1702.16,0.170009
2095.95,0.209473
1617.93,0.16178
1740.5,0.174026
1988.44,0.198621
4397.85,0.439348
1273.55,0.127337
1208.59,0.120743
547.016,0.0546819
1775.75,0.177401
3844.85,0.384424
938.234,0.093806
1169.71,0.116897
1646.43,0.164524
1189.37,0.118864
20377.2,2.03633
1893.17,0.18929
1260.2,0.125901
499.549,0.0499416
639.524,0.0638839
843.485,0.0843121
2664.63,0.266332
1979.25,0.197822
1744.21,0.174355
1383.61,0.138348
723.504,0.0723186
820.317,0.0820157
501.932,0.0501788
1284.16,0.128243
1188.6,0.118848
2119.8,0.210207
833.91,0.0833843
1252.39,0.125174
1916.88,0.191362
1027.89,0.102527
3410.44,0.340911
868.024,0.0865924
1339.24,0.133917
1650.36,0.164965
707.965,0.0707812
965.063,0.0964563
2601.1,0.26003
1246.76,0.124121
764.464,0.0764407
989.338,0.0989126
1982.34,0.197871
963.057,0.0962974
1194.39,0.118789
1207.05,0.120663
1044.34,0.104425
6290.48,0.626703
3163.57,0.316199
997.369,0.0996292
1628.2,0.16262
1879.63,0.187692
2223.37,0.221891
422.083,0.0421916
2604.03,0.260228
1527.84,0.152774
1721.61,0.171999
959.827,0.0959793
726.669,0.0725729
1562.3,0.156217
2472.97,0.247216
1599.48,0.159932
1006.35,0.100544
991.573,0.0986811
3503.6,0.350158
1254.52,0.125383
1058.64,0.10585
1217.18,0.121518
5837.47,0.583147
807.247,0.0806998
1236.91,0.123666
1240.29,0.123932
1291.63,0.129137
969.72,0.0969644
2402.43,0.240217
2448.57,0.244727
12146.5,1.21121
3797.93,0.379608
2976.25,0.297589
5713.16,0.570764
931.919,0.0930104
925.457,0.0925224
1860.92,0.186061
1574.87,0.157459
2061.17,0.205881
994.65,0.0994511
2049.91,0.204884
810.213,0.0809386
778.761,0.0710098
1324.01,0.132293
1124.21,0.11237
1748,0.174515
2649.97,0.264895
1116.96,0.111632
1036.92,0.103676
1882.34,0.188196
3333.51,0.333127
1032.97,0.103156
954.155,0.0952573
1219.88,0.121951
1465.98,0.146548
729.565,0.072954
1244.7,0.124448
1250.2,0.124703
951.854,0.0950948
1154.98,0.115487
1867.09,0.186516
1250.11,0.12493
1493.63,0.149353
1214.03,0.121287
1002.31,0.100227
1048.07,0.104771
1838.01,0.183584
773.556,0.0773246
1018.76,0.101845
1215.82,0.121501
1740.06,0.17397
932.124,0.0932019
1040.29,0.103995
1276.46,0.127559
1890.6,0.188992
1289.4,0.12892
1094.29,0.109407
574.955,0.0574222
1620.13,0.161757
1520.63,0.151854
779.988,0.0778891
1345.58,0.134406
1073.15,0.10729
1128.93,0.112879
1073.97,0.107302
902.392,0.0901804
870.446,0.0870362
813.706,0.0813487
797.859,0.0796801
1189.16,0.118899
2309.24,0.230765
909.53,0.0909454
3333.19,0.333121
1616.88,0.161664
1822.39,0.180802
1157.45,0.115717
1007.92,0.101675
2235.23,0.223483
899.418,0.0899146
522.055,0.0521918
1387.33,0.138695
1055.66,0.105516
1570.48,0.156982
808.307,0.0808267
1533.99,0.153383
792.287,0.0792184
964.016,0.0963436
3262.12,0.319249
982.676,0.0982402
1513.33,0.151309
1704.27,0.17041
2004.76,0.200432
3156.86,0.315403
999.379,0.0993249
3032.9,0.303178
935.905,0.0934638
639.085,0.0638549
917.619,0.0917108
864.103,0.0863874
1592.92,0.15922
927.932,0.0925131
885.94,0.0885904
1353.78,0.135301
2090.21,0.208995
2270.43,0.226805
1409.26,0.140723
1469.62,0.146595
969.085,0.0968091
944.747,0.0944314
1645.54,0.164471
1048.54,0.104835
1945.2,0.194264
1585.84,0.158434
781.174,0.0780785
783.94,0.0783812
1420.58,0.141958
726.085,0.0725521
632.649,0.0632436
1805.35,0.180445
1269.67,0.126775
782.965,0.0782181
1284,0.12834
1205.65,0.120422
1351.26,0.134955
1298.43,0.129822
1063.82,0.106327
806.089,0.0802238
2245.79,0.223757
1938.1,0.193698
1617.63,0.161424
3162.69,0.31616
22205.4,2.21868
1187.39,0.118661
1862.38,0.185897
1167.25,0.116495
631.075,0.0630978
1972.66,0.196629
1184.89,0.118434
1150.33,0.114947
2730,0.272652
5162.56,0.516224
804.75,0.0804353
823.027,0.0822968
1649.22,0.164415
874.429,0.087419
1157.99,0.115523
1228.71,0.12286
703.495,0.0703209
872.905,0.0872637
3307.75,0.330019
2071.76,0.207062
1069.48,0.106347
1406.33,0.140595
1159.61,0.115898
614.928,0.0614639
1470.2,0.146961
2135.03,0.213294
1053.59,0.105344
1320.04,0.13195
1184.08,0.118397
1028.37,0.102704
3225.26,0.322363
725.959,0.0725857
1075.63,0.107557
970.969,0.0970585
917.594,0.0916926
1066.01,0.105999
1232.27,0.123221
978.784,0.0978559
996.759,0.0994939
1150.58,0.115046
3519.47,0.349829
538.713,0.0538509
609.183,0.0609141
1392.75,0.139104
636.974,0.063677
509.66,0.0509571
906.079,0.0905967
771.451,0.0771209
2257.39,0.225571
1144.02,0.114352
808.892,0.0808099
1033.19,0.103311
1006.74,0.100656
1313.97,0.131111
1059.18,0.105792
3116.14,0.310903
2076.43,0.207523
620.661,0.0619981
1378.27,0.137743
2329.59,0.232801
855.403,0.0855156
916.899,0.0916775
914.689,0.0914598
723.168,0.0722225
1150.16,0.114964
1720.99,0.172035
1055.55,0.105539
487.862,0.0487825
1142.19,0.114142
1111.52,0.111121
890.694,0.0890235
6368.31,0.635742
1110.84,0.111009
951.074,0.0951019
909.687,0.0907739
967.166,0.0967031
2038.92,0.203824
2037.86,0.20376
735.123,0.0705586
1415.72,0.141546
895.219,0.089485
1108.47,0.110754
1656.36,0.164975
1017.31,0.101553
679.619,0.0678416
921.337,0.0920987
1209.18,0.120454
1287.23,0.128718
911.858,0.0910685
765.589,0.0765164
1298.4,0.129807
665.469,0.0664725
1065.22,0.106505
1303.84,0.130358
1007.4,0.100453
1271.32,0.127084
948.89,0.0948197
712.395,0.0712267
612.806,0.0612585
2265.64,0.225915
859.107,0.0858932
527.495,0.0527163
1499.71,0.149749
1057.13,0.105685
1695.29,0.169486
1050.18,0.104953
2156.69,0.215509
1082.77,0.108246
1953.96,0.195048
1996.35,0.1996
1946.29,0.194522
7954.28,0.794512
1716.12,0.171472
544.135,0.054413
1210.28,0.120984
579.733,0.0579636
842.319,0.0841264
1418.93,0.141765
965.938,0.09657
2294.09,0.229303
1483.55,0.148342
1251.7,0.138571
1845.26,0.184428
684.206,0.0683953
1549.17,0.154596
563.697,0.0563238
1099.97,0.109678
1523.75,0.152236
1713.56,0.170949
1157.02,0.115685
971.103,0.0970154
744.986,0.074465
3046.12,0.304294
1495.13,0.149413
939.189,0.0938008
763.791,0.0763596
684.825,0.0684609
2109.83,0.210841
949.484,0.0949166
1327.31,0.132664
910.702,0.0910622
1462.21,0.146194
2491.29,0.24909
1104.83,0.110345
1043.35,0.104333
886.654,0.0886073
1499.17,0.149833
876.651,0.0876132
2752.34,0.274917
1930.85,0.192962
433.32,0.0433255
9136.47,6.88358
700.839,0.070018
762.513,0.076103
2665.3,0.266412
1727.6,0.158506
1196.2,0.119488
1426.48,0.142558
3068.99,0.306825
2183.23,0.218225
916.929,0.0916267
1135.33,0.113528
1086.66,0.108616
2525.5,0.252469
1048.8,0.104745
1271.34,0.127116
964.149,0.0964053
13949.6,4.20276
908.208,0.0908124
1079.06,0.107709
942.39,0.0941873
1510.93,0.150955
665.276,0.0665095
1121.26,0.111965
943.607,0.0943584
16595.9,1.65269
857.989,0.0857836
1218.56,0.121616
1260.97,0.126091
1256.42,0.125598
456.265,0.0455412
788.517,0.0788482
928.343,0.0926206
523.232,0.0523153
3502.33,0.350005
1138.08,0.1138
2176.84,0.217524
808.868,0.0808792
888.176,0.0887966
2516.72,0.25153
1158.05,0.115781
2399.26,0.239731
1366.76,0.136635
3703.22,0.369841
1049.94,0.104914
960.57,0.0958803
1276.4,0.127631
837.956,0.0837356
2741.3,0.273991
1299.53,0.129951
1544.8,0.154355
1129.76,0.112914
828.392,0.0828055
1101.35,0.110102
903.677,0.0900015
714.047,0.071165
730.606,0.0730281
1155.49,0.115533
2493.19,0.249294
4872.5,0.4848
966.945,0.096671
1718.75,0.171671
1302.69,0.130141
999.547,0.0999121
1053.02,0.105268
1413.14,0.141275
744.675,0.0744306
983.095,0.0983036
1536.57,0.153594
2392.32,0.23905
754.131,0.0753169
3091.61,0.308852
2196.45,0.219446
1377.87,0.137764
1102.32,0.110186
1891.41,0.189105
906.935,0.0906724
1422.98,0.142214
1050.81,0.10502
1241.06,0.124024
757.037,0.0756665
519.949,0.0519895
3723.74,0.372009
1101.67,0.110038
2131.62,0.2131
2275.45,0.227484
3885.61,0.388505
867.571,0.0867038
865.186,0.086517
1784.22,0.178341
1370.64,0.137038
1985.42,0.198047
1472.32,0.147163
1032.68,0.103244
980.33,0.0979636
1561.88,0.156164
11487.8,1.13922
1448.64,0.144856
455.998,0.0455964
1570.26,0.156997
1724.27,0.169881
1188.36,0.1186
777.901,0.0777835
502.312,0.0502281
1652.95,0.165205
736.714,0.0735125
967.577,0.0964076
885.8,0.0885155
2016.72,0.201413
939.873,0.093949
1304.05,0.130041
666.458,0.0664892
1396.59,0.139579
3245.24,0.32437
561.334,0.0561304
975.713,0.0974094
927.868,0.0927699
1111.2,0.111111
1834.47,0.183404
1045.15,0.10451
1247.89,0.124655
2723.86,0.270612
1145.42,0.114314
623.705,0.0623581
828.273,0.0825446
529.903,0.0529895
3129.23,0.312065
1502.18,0.149738
1344.81,0.134284
1221.98,0.12217
1337.88,0.133653
1297.76,0.129719
1134.07,0.112911
790.921,0.0789634
1588.62,0.158828
687.767,0.0687167
1059.71,0.105964
978.684,0.0978445
2039.87,0.203871
1009.71,0.100819
889.575,0.0887898
1234.03,0.124349
1123.34,0.112287
1718.73,0.171727
2363.57,0.236322
917.351,0.0914994
827.044,0.0827006
1206.82,0.120609
966.228,0.0966172
1273.27,0.127224
1201.2,0.120074
1177.78,0.117715
722.465,0.0721843
849.384,0.0845978
1988.83,0.198876
1178.69,0.117838
898.527,0.0898303
821.642,0.0821616
974.198,0.0973835
2118.28,0.211528
1450.88,0.144809
1163.49,0.116332
2105.74,0.21053
1425.77,0.140678
953.383,0.0952453
1435.56,0.143334
10732.2,1.07104
1365.46,0.136527
1937.96,0.19344
1935.63,0.193519
1457.6,0.145683
943.897,0.0943708
1603.19,0.160301
581.534,0.0581519
1369.08,0.136837
3393.36,0.338919
1001.64,0.100132
1887.6,0.188722
824.382,0.0823857
503.927,0.0503875
1846.11,0.184558
1892.42,0.188845
1671.17,0.167059
697.527,0.0697511
1024.74,0.102438
730.315,0.0730174
1493.88,0.149187
928.654,0.092826
1153.78,0.115338
688.733,0.0688666
1592.82,0.159249
638.405,0.0637698
1397.85,0.139694
1299.39,0.129773
2174.26,0.217246
1419.32,0.141866
598.463,0.0598443
1139.03,0.113897
1190.13,0.118924
977.163,0.0977088
8602.37,0.859981
1334.3,0.133261
675.594,0.0675542
1710.45,0.17097
827.251,0.0826962
1838.29,0.18376
2073.47,0.207308
1100.13,0.109975
1118.59,0.111814
924.24,0.0923028
1262.66,0.126128
877.122,0.0876418
1074.51,0.107441
821.738,0.0821343
1385.8,0.138535
1051.77,0.105146
1337.89,0.133569
1568.39,0.15675
3966.88,0.396583
2524.85,0.252287
2351.79,0.234968
534.656,0.0534615
970.928,0.0970867
1086.75,0.108383
1174.43,0.117417
2244.05,0.224385
2484.76,0.24844
1914.13,0.140734
936.249,0.0936043
1296.2,0.129614
839.405,0.0838727
2393.39,0.239276
1711.47,0.171094
1422.35,0.142146
770.379,0.0770292
3790.21,0.378939
637.909,0.0637904
1057.54,0.105729
1485.91,0.148572
2224.06,0.222002
934.081,0.0933933
610.935,0.061039
1150.72,0.115038
1573.21,0.157304
4294.05,0.43223
1188.51,0.118838
1159.28,0.115918
578.657,0.0577526
7328.57,0.731266
1120.86,0.111998
1112.71,0.11125
1548.85,0.154836
382.259,0.0381891
1451.21,0.144894
1906.92,0.190596
1494.24,0.149314
3429.98,0.342898
1660.9,0.165983
848.114,0.0845695
601.878,0.0601619
712.116,0.0712043
1655.45,0.165463
1214.63,0.121439
1440.84,0.143999
828.207,0.0826851
3003.07,0.299921
658.037,0.0657999
1024.64,0.102454
5000.28,0.499336
8202.45,0.818293
4999.73,0.499289
1544.97,0.154477
624.789,0.0624527
1225.71,0.122304
987.299,0.0986798
1020.83,0.101958
1421.19,0.142096
1345.43,0.134532
833.508,0.0833311
1031.62,0.103155
996.147,0.0996009
667.672,0.0667634
8315,0.829978
2578.1,0.257768
497.728,0.0497706
4108.47,0.410735
987.569,0.0987221
568.78,0.0568702
745.328,0.0745247
1252.91,0.125178
1760.04,0.175928
894.222,0.0893898
630.362,0.0618552
912.191,0.0912078
1121.38,0.112125
2316.13,0.231588
1527.71,0.152164
1726.2,0.172535
3811.19,0.379612
1342.26,0.13402
1719.8,0.171832
1275,0.127415
1370.06,0.136926
798.009,0.0797925
1899.73,0.189955
5199.78,0.519469
722.336,0.0719889
1191.54,0.119065
1108.19,0.110704
937.687,0.0936921
1133.61,0.11332
1717.79,0.171642
1113.58,0.111345
854.355,0.0853985
3028.02,0.302709
7181,0.717214
762.338,0.0761721
1018.38,0.101833
9075.92,0.905828
974.032,0.0973859
1801.31,0.179999
2100.56,0.209941
11517.3,6.6481
2070.72,0.207002
1267.3,0.12669
1300.16,0.129906
871.789,0.0871618
2971.91,0.296653
654.282,0.0654259
2134.2,0.213371
10983.3,1.09795
830.456,0.0830403
1267.28,0.126502
951.108,0.0950572
1142.51,0.114231
1199.98,0.11998
3285.48,0.328371
2070.1,0.206895
1152.31,0.115216
730.066,0.0728522
2941.94,0.294115
1438.58,0.143805
1769.69,0.176905
996.567,0.0996527
811.526,0.0811479
1400.29,0.14002
2031.66,0.203085
820.826,0.0820723
1868.33,0.186817
2366.59,0.236645
707.694,0.0706799
1289.72,0.128954
1125.2,0.112487
2876.56,0.287591
1282.89,0.127833
1632.66,0.163213
775.502,0.0775241
1333.91,0.133347
1261.98,0.12618
1502.53,0.150239
1224.66,0.122399
858.783,0.0858447
1598.51,0.159808
1542.67,0.154256
1309.8,0.130928
1522.42,0.152227
3471.99,0.346226
1644.82,0.16431
4302.58,0.430095
1434.04,0.143355
754.426,0.0754134
1017.74,0.101709
1267.39,0.126675
725.426,0.0723722
1117.62,0.111725
1373.38,0.137298
1535.82,0.153409
1288.26,0.128809
857.577,0.0857152
721.466,0.0721318
1710.96,0.170931
835.67,0.0835229
831.306,0.083124
1823.68,0.182318
940.571,0.0939584
1503.05,0.150287
1123.19,0.112216
662.572,0.0662012
745.528,0.0745507
1157.74,0.115669
1011.28,0.101072
946.94,0.094658
1816.67,0.181619
775.748,0.0775477
674.339,0.0674245
1321.4,0.132062
1283.76,0.127846
2134.93,0.213432
1964.44,0.196393
1254.72,0.125452
1165.08,0.116458
1505.84,0.150486
1686.66,0.167987
1646.12,0.164064
2037.92,0.20374
2085.66,0.208419
15730.9,1.5593
1057.2,0.105677
1240.54,0.124051
1136.38,0.113621
1555.57,0.155128
779.061,0.0778839
783.047,0.0782975
948.837,0.0947649
703.123,0.0703094
1203.7,0.120087
1292.35,0.12894
766.729,0.0766246
701.588,0.0701548
2457.2,0.245683
1253.14,0.125236
1491.56,0.149003
867.705,0.0866788
533.647,0.0533352
1628.07,0.162749
989.697,0.0989592
1271.32,0.127119
955.047,0.0952468
1831.73,0.183061
1134.56,0.113447
2649.35,0.26482
786.565,0.0786391
1433.36,0.143072
968.912,0.0967675
2042.05,0.20386
1519.96,0.151843
2983.4,0.298152
956.83,0.0955335
2200.06,0.219929
1454.17,0.145374
7162.61,0.716132
1658.59,0.165818
3413.46,0.341168
826.06,0.0825773
597.8,0.059761
1186.11,0.118552
3013.08,0.299474
1521.97,0.152143
1826.96,0.182369
1370.32,0.136995
918.583,0.0918506
953.644,0.0871509
857.338,0.0857146
1026.45,0.102639
1334.19,0.133411
631.831,0.0631766
2818.4,0.281712
953.429,0.0952554
2294.56,0.22942
3791.66,0.378923
1286.01,0.128216
694.366,0.069422
1105.51,0.110542
702.222,0.0702003
833.309,0.0833145
1883.49,0.188272
822.7,0.0822586
1029.94,0.102971
1367.77,0.136624
985.18,0.0984888
1781.95,0.178149
820.68,0.0819914
1158.86,0.115811
1108.83,0.110516
1314.41,0.131406
16178.3,1.61438
809.133,0.0808982
1491.96,0.14907
1131.39,0.113104
1111.76,0.111126
988.186,0.0985794
972.671,0.0972578
1098.67,0.109823
1958.35,0.195799
991.392,0.0991294
813.477,0.081339
912.32,0.0911518
893.834,0.0893763
1834.02,0.183392
1216.11,0.121567
992.046,0.0991826
2498.44,0.249781
7172.81,0.717053
2268.51,0.226553
806.167,0.0806078
1157.01,0.115654
1136.74,0.113647
1235.76,0.123444
1188.71,0.118849
1117.21,0.111634
948.547,0.094785
1003.05,0.100297
642.013,0.0641867
480.72,0.0479604
932.079,0.0929188
731.571,0.0731076
1671.2,0.167082
1422.74,0.142136
1184.43,0.118416
1683.85,0.168363
1744.41,0.174398
869.143,0.0868722
2249.99,0.224562
983.571,0.099368
612.734,0.0612703
3436.51,0.343193
2206.26,0.220521
775.665,0.077547
1574.91,0.157454
1039.1,0.10343
1802.84,0.178724
1463.16,0.146211
1322.35,0.132221
829.417,0.0828727
1620.78,0.161994
2212.15,0.221145
861.144,0.0860674
1795.26,0.1795
2143.4,0.214044
3469.84,0.346597
727.396,0.072723
1546.52,0.154647
861.457,0.0861376
1360.32,0.135976
2322.56,0.231637
848.555,0.0848137
792.391,0.0791441
1635.79,0.163539
1056.63,0.105644
1394.47,0.139359
937.321,0.0936601
1693.66,0.169322
1922.52,0.191642
1091.25,0.109002
1637.78,0.16377
1164.32,0.116367
1030.58,0.10302
8193.38,0.814991
3322.54,0.332204
3392.66,0.338943
2550.68,0.25501
1931.29,0.191827
3091.68,0.308503
1900.85,0.190045
566.471,0.0566134
1754,0.175283
1474.99,0.131274
1421.28,0.142106
3073.09,0.306539
1051.21,0.105109
914.571,0.0914253
1348.28,0.134815
1706.12,0.170596
1386.49,0.138618
735.314,0.0735215
1609.85,0.160966
7581.37,0.752396
1092.86,0.109244
1454.05,0.145388
1196.35,0.119626
2794.82,0.130241
2062.99,0.206237
3185.08,0.318379
3592.04,0.358894
2343.14,0.234279
1076.09,0.107507
581.582,0.0581555
992.996,0.0992804
1370.43,0.136994
1050.9,0.105077
823.263,0.0823202
1007.86,0.10074
1031.89,0.103166
884.945,0.0884377
1428.77,0.14267
1615.58,0.161501
1382.44,0.138165
1909.9,0.1909
1670.48,0.167018
615.987,0.0615587
2178.58,0.217811
2455.08,0.24541
1411.65,0.14109
4804.75,0.480263
777.427,0.077625
2133.35,0.213287
1198.41,0.119817
745.859,0.0709065
3758.14,0.375704
1671.76,0.167148
4427.01,0.441438
1087.11,0.108662
1641.23,0.163975
1925.31,0.191644
3084.26,0.308404
2409.67,0.240591
3030.82,0.302987
818.466,0.0818444
1908.81,0.190854
1591.55,0.159119
1229.06,0.122816
1268.03,0.126755
5041.98,0.503997
907.173,0.0907042
1116.7,0.111152
874.25,0.087402
4669.5,0.466452
1183.34,0.118327
969.513,0.096945
1085.56,0.108532
1563.95,0.15635
1202.82,0.120276
1096.49,0.109641
4891.9,0.488915
997.442,0.099704
962.207,0.0962097
1288.98,0.128877
1370.24,0.136989
1408.68,0.140812
2268.19,0.226801
1008.33,0.10081
2551.25,0.254676
1071.51,0.10704
1104.38,0.110431
1304.9,0.130465
858.81,0.0858591
521.375,0.052136
1066.24,0.106576
1172.09,0.117196
564.008,0.0564002
3537.17,0.353161
1052.52,0.105247
939.796,0.0939618
1000.4,0.100011
1775.63,0.177526
1257.91,0.12574
1312.32,0.130996
1849.86,0.18479
28823,3.82817
644.414,0.0644261
1139.61,0.113913
1050.71,0.105042
1092.08,0.10908
2676.69,0.267473
612.791,0.0612299
919.942,0.0919737
812.348,0.0812197
537.337,0.0537147
1811.21,0.181093
999.015,0.099867
703.871,0.0703562
1116.25,0.111605
3006.28,0.300442
626.495,0.0626464
1005.61,0.100532
1206.63,0.120638
1489.4,0.148912
845.354,0.0845294
865.183,0.086514
1576.7,0.157443
1323.9,0.132337
1171.22,0.116921
1108.25,0.110793
1204.44,0.120434
1580.83,0.157835
895.124,0.0894738
2219.49,0.221916
1210.99,0.121093
11864.1,1.18535
1556.62,0.155543
595.338,0.0595331
816.562,0.0816178
1105.96,0.110501
3262.65,0.326167
1193.8,0.118732
953.566,0.0953261
1760.98,0.175976
1763.73,0.176226
1613.14,0.161233
2342.87,0.234261
1167.67,0.116444
1276.95,0.12758
885.064,0.0884753
2565.96,0.255409
2463.11,0.246155
1858,0.185712
676.161,0.0676031
5838,0.583486
887.207,0.0886996
2581.19,0.258019
1058.7,0.105807
5174.12,0.516574
833.469,0.0832141
1577.09,0.157698
1086.98,0.108581
2083.14,0.208198
690.343,0.0689569
1017.38,0.101717
1398.86,0.139864
639.475,0.0636393
2570.91,0.256906
1605.83,0.160571
955.054,0.0954496
2288.71,0.228765
1674.84,0.167344
805.788,0.0805202
815.932,0.0815891
1690.97,0.168995
941.354,0.0940692
1205.78,0.120272
1114.29,0.111418
654.849,0.0654763
2207.87,0.220753
1248.44,0.124663
1045.66,0.104436
2588.18,0.258802
780.534,0.0780502
1247.32,0.121061
4046.64,0.404026
1541.67,0.154133
762.644,0.0762616
1273.84,0.127354
1242.38,0.124222
1798.44,0.179244
1872.57,0.187188
859.004,0.0858821
1486.85,0.148599
1161.97,0.116193
1808.28,0.180606
955.833,0.0955809
3176.49,0.317394
849.776,0.0849741
854.591,0.0854115
532.36,0.0530684
2271.59,0.226801
1345.94,0.134508
2925.69,0.292263
416.607,0.0412752
928.886,0.0928504
1949.06,0.194893
2378.78,0.237774
813.462,0.0813374
875.562,0.0875308
1119.83,0.11195
1728.1,0.172755
838.409,0.0837422
1702.53,0.168016
811.091,0.0810874
1023.84,0.102238
2042.65,0.20423
1024.81,0.102437
1015.85,0.10158
742.089,0.0741912
8410.34,0.839282
1526.64,0.152619
1041.67,0.104035
3001.52,0.299948
1076.06,0.1076
1252.45,0.124964
890.96,0.0890362
1182.13,0.118172
942.805,0.0942612
1273.36,0.12723
1007.85,0.10072
1566.38,0.156276
841.272,0.0841208
4423.01,0.442092
985.44,0.0985378
1013.86,0.101345
1475.96,0.147488
1665.52,0.166507
972.005,0.0971937
1109.18,0.11085
936.01,0.0935951
1087.67,0.108758
3870.4,0.386183
595.861,0.0595011
1103.07,0.110302
1332.51,0.133217
1947.65,0.194512
2650.25,0.264842
1226.97,0.122668
1361.65,0.136087
790.044,0.0789612
847.852,0.084731
1129.37,0.112903
1736.1,0.173603
798.275,0.0798172
1223.94,0.12232
1256.81,0.125545
1452.18,0.145003
663.456,0.0663356
4600.88,0.45944
2276.46,0.227571
872.919,0.0872886
10688,4.03461
3831.93,0.381145
1997.32,0.199698
838.952,0.0838796
1124.88,0.112458
1158.9,0.115834
2233.76,0.223254
1054.61,0.105442
1293.62,0.129355
4081.07,0.407641
1479.58,0.145657
903.192,0.0902916
1633.32,0.163315
835.583,0.0835438
998.911,0.0998521
857.675,0.0855219
1045.38,0.104509
585.541,0.0585159
1908.89,0.190867
942.044,0.0941834
372.898,0.0372654
719.985,0.0719895
1373.19,0.136922
569.953,0.0569611
1207.13,0.120455
725.417,0.0709438
5065.59,0.506001
907.198,0.0905987
734.211,0.0733734
1737.78,0.173772
1234.61,0.123439
998.38,0.0998135
746.325,0.0745581
805.441,0.0805409
775.847,0.0775827
2849.22,0.284447
947.43,0.0946299
832.139,0.0831503
1298.46,0.12914
914.188,0.0913085
1472.5,0.147091
1972.44,0.19684
1000.85,0.099992
913.623,0.0913404
1626.4,0.162566
589.16,0.0588919
958.203,0.0957634
823.526,0.0823441
822.872,0.0822307
1079.95,0.107978
486.002,0.0485962
673.171,0.0673028
4740.14,0.473798
1000.1,0.0999756
3706.77,0.370167
1090.19,0.109004
2017.18,0.201291
1046.35,0.104432
618.034,0.0618028
546.544,0.0546383
733.8,0.0733173
8334.27,0.832203
1086.98,0.108582
1156.71,0.115307
1398.56,0.139812
1107.54,0.110743
3066.82,0.306288
1667.85,0.16677
874.295,0.0873934
818.959,0.081862
3747.89,0.374506
1244.78,0.124445
1277.05,0.127412
1088.74,0.108792
965.304,0.0965134
4797.15,0.479546
1262.11,0.126165
10655,1.06394
712.948,0.0712859
1083.78,0.108316
690.5,0.069047
902.904,0.0902853
13219.6,1.31994
1031.03,0.102991
813.616,0.0813603
1317.73,0.13164
1508.97,0.150838
690.495,0.0689954
1542.41,0.154213
719.083,0.071901
6799.99,0.676721
916.413,0.0915679
1048.77,0.104858
1430.1,0.142993
1066.36,0.106606
1282.75,0.128246
776.974,0.0776519
3969.14,0.396793
690.337,0.0690295
977.986,0.0977864
939.852,0.0939172
1457.25,0.145712
3271.43,0.32676
1298.64,0.129855
5954.28,0.488043
2497.97,0.249166
862.364,0.0861773
965.601,0.0965576
1368.7,0.136767
1101.87,0.110164
1012.06,0.101101
1353.28,0.134908
1360.28,0.135698
890.32,0.0890244
903.512,0.090318
991.847,0.0990612
1450.85,0.144991
797.56,0.0796332
662.632,0.0660961
1230.69,0.12306
1664.5,0.166344
1174.34,0.117388
1181.58,0.117696
906.938,0.090677
1219.68,0.121785
1024.73,0.102447
818.727,0.0817587
1567.18,0.156702
2043.06,0.204229
956.935,0.0956906
878.96,0.0878592
958.682,0.0957829
2110.52,0.210939
999.335,0.099919
1042.69,0.104245
4640.19,0.463772
641.348,0.0637895
807.331,0.0807186
1501.1,0.149965
1638.54,0.163832
2059.38,0.205924
2433.09,0.242854
1118.21,0.111804
1177.99,0.117723
873.606,0.0873451
976.674,0.0976173
2214.7,0.221387
1178.72,0.117849
765.412,0.0765296
2860.79,0.286012
2549.62,0.254626
1535.8,0.153509
3794.74,0.379009
1218.91,0.12187
1563.24,0.156232
1097.3,0.109725
774.896,0.077487
588.324,0.0588121
2727.19,0.272619
4486,0.448427
1755.91,0.175578
1617.6,0.161722
3127.42,0.312504
1106.12,0.110568
600.213,0.0600048
2187.42,0.218688
1015.71,0.101561
579.103,0.0578078
972.081,0.0971473
880.545,0.0880513
577.26,0.0577145
632.999,0.0631076
2220.23,0.221975
1239.32,0.122829
1155.89,0.115519
823.301,0.0822935
1510.29,0.150864
1225.98,0.122531
1006.04,0.100578
1037.4,0.103671
1921.45,0.192118
986.675,0.0999182
821.489,0.0816654
1342.12,0.134194
922.18,0.0922104
745.324,0.0745312
1191.98,0.1191
769.823,0.076971
2731.95,0.273053
1083.56,0.107839
910.61,0.0910511
3356.6,0.335415
1021.45,0.102084
4893.4,0.4889
1007.03,0.100691
706.144,0.0704271
1128,0.112789
605.497,0.0605102
1736.71,0.172641
1176.61,0.1176
838.41,0.0838024
940.721,0.094066
825.267,0.0823937
777.696,0.0777457
949.769,0.0949723
6033.17,0.600784
1132.32,0.113165
617.758,0.0617409
1102.57,0.110243
5037.88,0.503497
2126.01,0.212536
1341.98,0.0949563
1827.49,0.182722
1302.45,0.130215
1014.06,0.101394
681.818,0.0681776
1499.99,0.149913
1576.08,0.157521
3468.29,0.346696
1505.49,0.150512
851.423,0.0851039
1421.17,0.142048
1171.66,0.117155
655.107,0.0655097
2323.16,0.230976
565.736,0.0565309
730.631,0.073055
1677.09,0.167249
1433.28,0.143318
929.677,0.0929232
669.736,0.0668756
894.1,0.089338
613.713,0.0613307
1003.72,0.100357
1553.4,0.155301
1474.32,0.14735
1345.79,0.134573
2111.12,0.210841
1295.98,0.129404
7537.92,0.753033
675.854,0.0673583
2552.81,0.255135
1249.96,0.12489
1847.72,0.184078
1343.09,0.134213
718.982,0.0718716
4965.97,0.495613
1062.49,0.106242
4618.22,0.461643
1127.86,0.112742
803.322,0.0783799
1403.35,0.140286
917.08,0.091624
1335.93,0.133559
766.38,0.0765418
651.355,0.0650955
787.787,0.0786331
829.118,0.0828985
1009.94,0.100989
1662.94,0.166266
1011.21,0.101089
2056.27,0.205099
885.313,0.0885248
911.614,0.0911088
872.111,0.0872088
811.799,0.0811388
1321.7,0.132026
903.12,0.090273
2335.86,0.233564
866.493,0.0866448
926.781,0.0925889
1797.38,0.179688
5095.31,0.509111
1682.01,0.163622
1588.41,0.158811
1549.72,0.154926
817.46,0.0815407
1390.18,0.138922
784.507,0.0784365
906.169,0.090382
3545.5,0.354443
5922.97,0.59009
1573.95,0.157222
1270,0.126675
3469.61,0.397755
2476.57,0.247636
3357.02,0.335499
590.98,0.059008
1373.72,0.137146
1531.91,0.153161
2418.88,0.241728
1210.32,0.120978
2062.01,0.206162
1149.52,0.114917
1518.85,0.151871
1998.24,0.199796
830.417,0.0829968
887.252,0.0887168
1225.35,0.122404
795.402,0.0795376
2677.43,0.26771
955.773,0.0955391
964.588,0.0964109
1119.32,0.110581
2074.85,0.207432
1115.32,0.11151
1267.65,0.126725
698.073,0.0697892
762.139,0.0761582
395.086,0.0395067
576.02,0.0575961
1070.08,0.106926
1132.34,0.113041
3371.95,0.336742
1302.82,0.130275
1046.57,0.104534
2343.27,0.234305
699.77,0.0699321
4906.34,0.490005
1325.96,0.132588
1460.91,0.146014
2837.59,0.28373
667.201,0.0666665
4129.29,0.412655
1585.28,0.158476
1151.19,0.115097
709.059,0.070587
2088.61,0.206894
1747.7,0.174661
1006.25,0.100569
689.879,0.0688491
1706.94,0.170449
527.96,0.0527847
690.731,0.0690624
815.365,0.0814989
1368.2,0.136801
3015.27,0.300908
941.937,0.0941579
1232.39,0.123228
1309.78,0.130726
965.579,0.0965495
1040.46,0.103928
1370.51,0.136972
1297.16,0.129524
755.175,0.075489
1636.84,0.16357
942.338,0.0942181
1289.67,0.128792
1000.69,0.100057
1001.31,0.100125
2226.63,0.222284
1213.65,0.121298
994.103,0.0994043
3445.17,0.34408
844.655,0.0843574
1813,0.181278
1209.3,0.120916
3434.07,0.34237
5460.48,0.545619
2438.88,0.243848
5432.44,0.542461
1094.02,0.109285
1407.7,0.140286
1032.62,0.103213
2360.48,0.235772
1244.86,0.124479
930.468,0.0930297
1919.35,0.191769
3035.45,0.303292
2404.45,0.240394
1382.06,0.1377
1509.94,0.150895
625.725,0.0625608
1140.52,0.113918
828.706,0.0828638
974.443,0.0973352
1183.58,0.118349
1296.24,0.129496
715.393,0.0714974
5961.71,0.595253
864.661,0.086458
3708.22,0.367078
771.809,0.077162
1350.35,0.135023
971.831,0.0971777
1270.01,0.126981
1786.02,0.17856
2686.34,0.268531
2617.11,0.261597
1244.58,0.124422
722.778,0.0722442
3593.43,0.358722
2322.2,0.231643
5209.48,3.24241
3070.74,0.307023
1543.72,0.154358
656.32,0.0656271
1386.69,0.138654
788.662,0.078817
1115.69,0.111466
800.374,0.0799046
716.758,0.0716684
676.649,0.0676051
2211.31,0.221082
420.458,0.0420277
2119.95,0.211912
1238.32,0.123784
1363.86,0.136379
1265.52,0.126493
1222.14,0.12214
743.353,0.0743126
886.082,0.0885546
1345.7,0.134563
808.551,0.0808371
1567.13,0.156646
619.02,0.0618966
856.04,0.0855624
1315.85,0.131575
1732.17,0.173197
1436.81,0.143538
1785.49,0.1782
1292.39,0.129165
954.018,0.0951569
1476.82,0.14762
1090.62,0.109026
1417.29,0.141489
6126.05,0.612241
770.896,0.0770638
1420.1,0.141976
901.688,0.0901612
1670.47,0.167024
641.992,0.0640159
3576.22,0.357405
3912.51,0.391216
980.487,0.0979485
645.55,0.0645507
889.956,0.0889527
1713.91,0.167274
1227.58,0.122748
914.696,0.0912997
1190.84,0.119018
812.472,0.0812414
613.514,0.0613346
1349.51,0.134884
2413.95,0.241356
1577.75,0.157718
1228.46,0.122788
574.458,0.0573963
1747.85,0.174669
1201.7,0.120133
1842.22,0.184205
1690.68,0.168851
2055.53,0.205374
1345.03,0.134435
2546.45,0.254561
927.056,0.0927009
1974.62,0.197118
1688.49,0.168781
1426.97,0.142561
1337.12,0.133695
1178.58,0.117189
1184.71,0.118418
568.942,0.0568814
860.286,0.0860239
894.297,0.0893824
1832.63,0.182978
1615.28,0.161444
744.587,0.0744309
1036.3,0.103628
2086.05,0.208129
1241.04,0.124064
746.69,0.074661
808.766,0.0808714
840.258,0.0840153
1117.08,0.111691
725.138,0.0725095
845.403,0.0845185
808.417,0.0808238
5157.2,0.514888
613.41,0.0613403
1189.25,0.11868
1576.53,0.157515
3235.95,0.323518
881.443,0.0881411
418.93,0.0418922
1105.59,0.110512
730.616,0.0730606
1292.02,0.129189
935.545,0.0935533
706.697,0.0706653
885.245,0.0884945
753.065,0.0752729
1071.7,0.107028
1921,0.133324
4515.19,0.451001
1043.32,0.104269
700.131,0.0700089
1556.46,0.155605
1234.95,0.123446
1003.45,0.100338
989.756,0.0989644
1177.27,0.117408
2227.03,0.222657
7356.48,0.734502
1168.65,0.116816
1234.95,0.123469
887.934,0.0883924
2462.92,0.245906
1032.59,0.103115
13683.4,1.36195
936.95,0.0936486
1073.38,0.107265
1888.03,0.188644
3867.4,0.386289
932.261,0.0932097
1195.03,0.119478
769.744,0.0769517
622.454,0.0622392
997.684,0.0997337
1464.09,0.146398
1042.3,0.104063
1321.41,0.132013
1242.28,0.12422
1982.96,0.198113
559.157,0.0558656
686.79,0.068678
1167.38,0.116676
1184.93,0.118471
1978.33,0.197659
905.406,0.0905293
1211.66,0.12109
1789.16,0.1788
847.285,0.084694
1087.38,0.108635
1813.25,0.181292
688.435,0.0688253
1196.58,0.119221
957.985,0.0957888
1653.18,0.165166
683.633,0.0683605
1437.58,0.143738
960.879,0.0960697
1276.17,0.127544
716.876,0.0716486
7525.61,0.750764
1411.31,0.141048
1039.49,0.103935
2070.06,0.206889
552.023,0.0551788
1239.7,0.123954
2298.43,0.214743
703.926,0.0702992
1969.36,0.249142
1108.99,0.110823
2034.62,0.203394
1377.88,0.137707
781.529,0.0781489
1177.74,0.117751
1741.83,0.174037
4559.84,0.455876
639.142,0.0639119
875.76,0.0875563
981.414,0.098107
4055.07,0.405199
2845.39,0.284383
829.09,0.0828455
651.951,0.0651337
1084.41,0.108174
895.948,0.0895629
755.515,0.0755342
1339.89,0.133808
1344.29,0.134318
692.863,0.0709526
577.745,0.0577716
1536.61,0.15361
1779.97,0.168215
1132.83,0.113253
1180.36,0.118
505.694,0.0505578
2808.98,0.28087
921.398,0.0921274
2572.78,0.257034
1877.65,0.187716
1569.96,0.156743
1314.55,0.131372
1131.49,0.113134
863.558,0.0863529
1735.27,0.173357
5793.1,0.578303
1091.42,0.108986
956.463,0.0956139
622.197,0.0621837
2566.11,0.256312
1037.12,0.103656
13711.6,1.36618
1180.58,0.11765
1971.17,0.197076
483.38,0.0483086
610.319,0.0610109
904.674,0.0904623
3550.12,0.353848
1002.56,0.100238
871.612,0.0870076
758.849,0.075807
1001.19,0.0998865
1697.72,0.169321
975.792,0.0975426
1233.8,0.123171
1296.83,0.12967
795.746,0.0795724
1981.71,0.198056
1071.12,0.107086
1133.31,0.113286
1053.36,0.10528
1950.47,0.194444
5862.86,0.585517
2795.56,0.27922
914.891,0.0914791
1438.33,0.14363
726.458,0.0725938
1583.75,0.158315
2341.39,0.233902
1902.41,0.190148
2165.65,0.216478
1372.15,0.137143
3295.77,0.329028
2096.58,0.209589
494.209,0.0493931
1738.68,0.172818
2683.32,0.268229
1529.97,0.152306
827.716,0.0827577
2319.31,0.231758
1851.22,0.185092
2453.63,0.24531
1408.12,0.140702
751.524,0.0751454
986.68,0.0986354
1635.7,0.163544
843.408,0.0843383
794.814,0.0794348
1041.05,0.104095
852.674,0.0852645
900.113,0.0900044
817.336,0.0815397
1785.65,0.178359
1075.42,0.107423
3335.06,0.333326
2104.8,0.210443
1409.39,0.140874
690.552,0.0690483
1504.76,0.150461
1436.21,0.143581
3916.27,0.391255
3203.61,0.319717
677.613,0.0677116
844.606,0.0844543
622.742,0.0619367
645.151,0.0645128
1268.38,0.126603
887.649,0.0887559
690.006,0.0689922
1767.47,0.176383
979.691,0.0979192
692.75,0.0692425
3005.41,0.299326
665.813,0.0665746
670.048,0.0669985
730.202,0.0730118
870.13,0.0869555
966.33,0.0966175
811.105,0.0810872
1940.24,0.193974
1160.73,0.116
2925.78,0.292379
1199.13,0.11988
1298.31,0.129815
978.698,0.097797
2115.33,0.211414
1441.26,0.144054
1119.22,0.111892
1606.26,0.160573
1861.39,0.186053
895.103,0.0894137
23283.5,2.30936
519.819,0.0519814
1396.08,0.139584
1219.73,0.121958
1421.9,0.142178
847.93,0.0847644
1327.09,0.132678
915.975,0.0915946
1260.77,0.126043
1033.33,0.103234
1970.21,0.196989
1108.86,0.110845
2601.2,0.260074
2219.55,0.221715
1765.62,0.176447
2245.84,0.224225
1216.88,0.121243
1468.85,0.146863
643.771,0.0643498
1250.27,0.125016
965.685,0.0965457
1069.7,0.106268
1568.2,0.156706
1501.38,0.150093
3141.85,0.31399
1181.07,0.118022
1274.57,0.127446
2828.35,0.282376
2424.32,0.242408
783.506,0.0783424
1975.38,0.197486
794.944,0.0794257
3653.51,0.365015
899.839,0.0899195
1308.66,0.130809
747.924,0.0739787
3648.39,0.364791
16590,1.65044
22490.2,2.23835
2222.33,0.221548
1044.98,0.104479
2765.88,0.276475
1565.08,0.156432
1624.85,0.162472
1418.96,0.141827
1008.34,0.100557
704.643,0.0704536
1393.35,0.139263
1340.33,0.13397
1111.79,0.111137
752.081,0.0751992
974.566,0.0974543
847.175,0.0847052
1061.97,0.10617
2140.94,0.213793
785.908,0.078157
1215.57,0.12153
1023.01,0.102276
920.563,0.0920504
2114.06,0.211289
2220.65,0.221993
4586.89,0.45817
1241.79,0.124168
3373.3,0.337191
1517.7,0.151705
1054.84,0.10547
23962.3,2.37591
3592.65,0.358804
1025.89,0.102534
3987.6,0.398663
1071.19,0.107097
1059.59,0.105853
2575.11,0.256736
2375.7,0.237546
1298.34,0.129004
1362.29,0.136204
2730.44,0.272531
939.055,0.0938886
1545.61,0.15454
1508.12,0.150549
2927.64,0.292694
1385.15,0.138504
1767.66,0.176468
2253.75,0.225285
1164.54,0.116423
1469.69,0.146934
1478.55,0.147828
24383.1,4.46567
1260.24,0.126002
1347.89,0.134448
847.227,0.084657
1050.9,0.105059
628.731,0.0628636
1537.76,0.153705
1161.06,0.116088
1561.93,0.156125
1783.07,0.178244
864.112,0.0864003
922.935,0.0922831
721.576,0.0721469
809.736,0.0809693
1824.61,0.182413
624.386,0.0624365
595.019,0.0594603
1564.68,0.156119
2019.12,0.201892
896.261,0.089594
1671.39,0.166701
2095.93,0.209046
1416.4,0.141543
856.454,0.0856394
880.516,0.0880088
696.132,0.0696106
893.109,0.0892993
844.508,0.084443
914.861,0.0914416
969.098,0.0969059
2596.66,0.259473
847.182,0.0846755
6421.64,0.640988
1247.37,0.124663
658.64,0.0658411
1037.25,0.103711
1417.74,0.141769
1662.66,0.165842
1452.46,0.145116
3667.4,0.366469
1105.58,0.110507
2135.15,0.213236
1053.75,0.105275
855.209,0.0855099
1216.35,0.121622
933.387,0.0933362
1202.05,0.120167
831.29,0.0831243
1010.34,0.101021
2902.49,0.289839
1164.97,0.116478
1336.7,0.133563
2955.82,0.295526
13976.6,1.38479
3534.78,0.353171
1013.45,0.101269
3310.12,0.330934
893.862,0.089381
1985.26,0.198444
1680.97,0.168071
1388.41,0.138828
1759.07,0.175797
17606.7,3.71563
2704.94,0.270407
2705.4,0.270193
2063.72,0.205929
1430.67,0.143005
554.023,0.0553859
1078.59,0.107842
1051.78,0.104574
1241.57,0.124117
977.017,0.0976874
984.902,0.098366
998.814,0.0998344
1705.44,0.170471
1458.85,0.145597
1226.8,0.122652
2202.9,0.22026
2113.46,0.211271
2439.03,0.243671
722.933,0.0716199
2083.45,0.208237
1898.33,0.1898
2935.21,0.293268
992.073,0.0991878
940.103,0.0937087
881.224,0.0880191
1177.93,0.117771
1095.47,0.109521
2177.2,0.217523
1706.96,0.170668
702.276,0.0702252
1197.01,0.119321
1770.31,0.176688
1362.39,0.136218
628.662,0.062836
1721.77,0.172002
2939.56,0.29384
8512.57,0.84745
1329.9,0.132693
892.527,0.0900273
2953.65,0.294941
909.277,0.0908283
1496.71,0.149354
1222.26,0.122154
932.851,0.0931232
1324.34,0.132214
2441.6,0.243898
2277.09,0.227296
1103.76,0.110312
2176.77,0.217598
806.852,0.0806016
1038.86,0.103356
735.805,0.0734278
1944.07,0.194255
1693.22,0.169257
2132.29,0.212945
685.003,0.0683419
1272.8,0.126913
391.995,0.0391965
1189.11,0.118908
1141.72,0.114142
2719.57,0.271821
1586.78,0.158654
1071.24,0.106918
1807.99,0.180676
1983.62,0.198314
1845.07,0.184483
983.384,0.0981793
1887.8,0.188724
895.214,0.0895102
732.773,0.0732762
1336.07,0.133588
902.67,0.0902429
849.851,0.0849678
1732.31,0.173193
855.884,0.0855213
909.906,0.0909633
2614.31,0.261182
1075.58,0.107503
1003.82,0.100377
7360.74,0.734179
1249.35,0.124833
3715.48,0.371522
1293.31,0.129241
2254.18,0.225373
1024.69,0.10246
1713.31,0.170939
1468.24,0.146675
1846.47,0.184507
1655.57,0.165548
1503.18,0.150179
1606.88,0.160642
775.547,0.0774606
1909.64,0.190889
1238.8,0.123754
1034.49,0.103392
3350.27,0.218578
1235.84,0.123559
2151.43,0.137899
682.749,0.0682672
723.76,0.0723721
1065.73,0.105516
1231.19,0.12308
963.834,0.0963517
1675.97,0.167484
1092.75,0.109245
866.598,0.0865946
2940.16,0.293794
2585.65,0.251104
1241.65,0.123986
2965.18,0.296157
2040.33,0.203965
1768.31,0.176598
1179.14,0.117839
655.41,0.065534
2556.77,0.255537
3652.13,0.955936
819.051,0.0818384
1726.23,0.172553
1659.25,0.165836
1041.55,0.104132
1218.93,0.121601
1237.42,0.123672
1429.36,0.142837
1670.19,0.166618
762.007,0.076164
947.001,0.0946534
1398.49,0.139789
915.902,0.0915378
1585.19,0.157629
1239.95,0.123285
1052.94,0.105084
989.772,0.0989361
5164.89,0.516407
9445.93,0.937024
1514.36,0.151352
852.661,0.0852615
1769.39,0.176795
1604.58,0.160409
2408.02,0.240753
1780.88,0.177923
4066.89,0.405522
1281.62,0.128021
854.736,0.0854225
1508.51,0.150607
6611.9,0.657641
2941.64,0.293949
1479.17,0.147903
1271.34,0.127118
1286.91,0.128582
909.142,0.0908408
3313.14,0.33103
998.352,0.0998195
557.269,0.0557096
1673.33,0.167167
956.797,0.0956578
1737.25,0.173644
1010.35,0.101025
2342.06,0.233967
1760.43,0.176003
2439.47,0.243887
882.661,0.0881976
3211.27,0.320121
794.631,0.0794249
920.072,0.0919606
2289.06,0.228839
1075.5,0.107545
2011.79,0.201102
692.94,0.0692616
1282.59,0.128218
1106.62,0.110636
1405.26,0.140496
782.806,0.0782745
1007.73,0.100677
875.174,0.0874873
1538.63,0.153813
1676.83,0.167625
1357.49,0.135725
1114.44,0.111396
1627.86,0.162693
2889.97,0.288824
667.714,0.0667581
1472.94,0.147145
1015.66,0.101564
1174.81,0.117409
965.513,0.0964385
3886.45,0.388539
2411.89,0.241067
1796.14,0.179572
2061.28,0.205955
1195.15,0.119433
2052.79,0.205212
1052.32,0.105193
911.628,0.0911418
834.474,0.0834246
573.143,0.0573005
1701.8,0.170128
1005.23,0.100486
1009.63,0.100954
1697.61,0.169592
1102.25,0.110067
834.131,0.0833654
1298.86,0.129815
1430.4,0.143002
1198.93,0.119593
1828.85,0.18255
1612.98,0.16129
12707.1,1.26925
701.54,0.070004
654.619,0.0653426
3190.66,0.318886
828.642,0.0828283
1580.42,0.157827
1064.61,0.10636
974.576,0.0973114
1010.83,0.101062
1156.34,0.11551
964.043,0.0963948
1061.49,0.10607
560.297,0.055983
1646.97,0.164621
950.879,0.0948608
943.076,0.0941492
2088.58,0.208758
1771.14,0.177028
1354.65,0.135347
1222.91,0.122224
1180.34,0.117914
1479.21,0.147903
920.789,0.0920691
1078.94,0.107851
1123.51,0.111628
1252.66,0.125213
1130.9,0.112967
935.915,0.0935744
1383.93,0.138284
897.801,0.0897743
1495.22,0.148815
2433.27,0.243153
1558.24,0.155778
1191.22,0.118141
2137.96,0.213401
7370.59,0.734548
2124.73,0.212379
1607.53,0.160733
1253.64,0.125325
1602.42,0.160235
6694.93,0.668116
885.032,0.0884657
899.116,0.0895577
923.625,0.0922643
585.324,0.0585298
1667.64,0.166208
869.597,0.0868137
1272.78,0.127211
815.057,0.0814617
1703.46,0.170297
1056.3,0.105569
1180.86,0.117932
1152.86,0.11527
3279.38,0.327463
1206,0.120388
7259.97,0.725311
912.444,0.0910183
1327.39,0.13266
908.13,0.0907075
1406.52,0.140582
4012.26,0.400819
473.11,0.0473038
1069.91,0.106945
2307.17,0.230676
1227.44,0.12269
604.635,0.0595575
5304.19,0.530143
623.845,0.0621048
2641.33,0.264092
1755.26,0.175361
898.076,0.0897239
1169.85,0.116809
628.344,0.0628272
1185.32,0.118516
1886.51,0.188346
1259.47,0.125338
3745.72,0.374298
1220.55,0.12203
2843.93,0.284246
2642.84,0.264117
946.202,0.094618
1083.22,0.108296
1062.52,0.106051
669.023,0.0668859
881.742,0.088173
1469.25,0.146515
1574.36,0.157078
906.262,0.090572
1120.83,0.112077
866.444,0.0865839
763.078,0.0763054
1443.99,0.14437
1899.49,0.189907
768.084,0.0767155
4855.82,0.485431
1814.49,0.181391
1975.84,0.197437
890.321,0.088951
917.236,0.0916574
9083.05,0.905624
655.6,0.0653422
1679.41,0.167915
850.031,0.0848876
1942.43,0.194169
1635.79,0.163413
831.987,0.0831289
1051.34,0.105046
1025.02,0.102203
1004.26,0.100406
3266.13,0.310332
979.004,0.0978897
941.866,0.0941704
903.801,0.0903227
1066.71,0.106325
1241.14,0.12406
2962.28,0.296135
1059.33,0.105915
1909.83,0.190787
1313.46,0.131162
676.774,0.0676684
2285.26,0.228483
975.116,0.0974659
1023.65,0.102267
1008.91,0.100411
1892.85,0.18923
10068.4,1.00585
1280.27,0.127958
1092.14,0.109198
962.689,0.0961976
820.216,0.0819942
2681.82,0.268138
1516.21,0.151516
12222.4,1.22141
1909.66,0.190917
910.64,0.090997
2301.99,0.230117
1645.65,0.164553
2288.96,0.228635
5895.29,0.584696
518.743,0.0518729
3236.59,0.323468
2524.38,0.252415
1148.7,0.114844
1952.56,0.194988
679.227,0.0678977
1398.15,0.139768
1205.24,0.120483
756.919,0.0755395
1160.43,0.115991
2242.23,0.224198
2650.82,0.258573
1414.84,0.141434
2023.01,0.202259
1876.51,0.187376
956.222,0.0956179
1207.65,0.120733
753.734,0.0753573
923.621,0.0922471
3227.48,0.322345
1559.86,0.155812
2002.26,0.199816
1591.24,0.15908
1681.31,0.168032
2367.53,0.236454
895.015,0.0894687
3276.18,0.32737
1133.52,0.113336
1389.55,0.138792
1069.84,0.106967
2430.99,0.242982
3539.58,0.353447
1283.84,0.128307
642.944,0.0642889
912.461,0.0912222
1672,0.167179
3390.64,0.338657
3380.39,0.337871
1152.04,0.115195
676.771,0.0676743
1612.46,0.161237
1394.49,0.139125
1532.2,0.153166
1405.52,0.140533
1678.1,0.167586
825.19,0.0825039
1539.81,0.153897
1229,0.122878
1326.69,0.13253
906.071,0.0905803
1384.12,0.13838
903.154,0.0902187
1741.53,0.174022
2881.86,0.288007
886.84,0.0886768
934.764,0.0934564
1688.93,0.168853
6607.3,0.660059
835.985,0.0834924
764.369,0.0764161
654.284,0.0653915
989.34,0.0987647
717.46,0.0717219
996.043,0.099521
7782.14,0.777571
694.354,0.0694332
4044.04,0.403388
610.56,0.0610229
2055.5,0.205265
1274.57,0.127433
1520.97,0.152083
808.426,0.0808328
1535.45,0.153532
1014.12,0.101325
1312.2,0.131183
807.414,0.0807312
1128.3,0.112822
1257.26,0.125703
1218.47,0.121627
725.705,0.0725586
848.519,0.0848067
1198.76,0.119804
1097.99,0.109781
629.536,0.0628489
1830.81,0.183052
6887.56,0.687734
983.784,0.09831
1451.17,0.145063
1014.76,0.101387
1497,0.149672
2715.21,0.271451
756.625,0.0756559
650.115,0.0649967
1311.37,0.13081
1797.63,0.179721
1323.24,0.132207
758.794,0.0756482
2019.43,0.201858
505.204,0.0505172
867.507,0.086721
864.449,0.0863648
993.196,0.0993047
1157.13,0.115679
1647.79,0.164707
1156.15,0.115486
997.525,0.0997492
1125.94,0.112582
1905.74,0.190332
1461.78,0.146124
6601.57,0.659996
1549.67,0.154913
889.085,0.0888989
1222.61,0.122216
2373.73,0.236902
864.17,0.0849859
2238.95,0.223236
1062.37,0.106214
1895.14,0.189507
1498.81,0.149858
8691.27,0.868084
803.475,0.0803259
981.621,0.0981564
800.108,0.0799397
1266.82,0.126676
2206.36,0.220323
988.183,0.0988061
1175.94,0.117557
667.969,0.0665915
1520.84,0.151963
1964.99,0.196315
1132.92,0.113276
737.287,0.073705
1214.13,0.121227
848.119,0.084808
1482.22,0.148174
870.534,0.0870338
837.158,0.0837121
880.123,0.0879913
1232.47,0.123195
773.907,0.0773814
2122.85,0.212234
1763.36,0.176236
925.96,0.0925859
929.142,0.0928846
867.936,0.086775
1449.81,0.14452
2143.85,0.214325
1563.65,0.156316
1267.5,0.126738
4473.68,0.446184
3137.39,0.312681
1298.06,0.129774
1709.89,0.170939
2135.87,0.213566
1678.58,0.167725
1475.86,0.147466
1183.32,0.118324
860.223,0.0859136
2297.04,0.229692
1213.74,0.121204
936.998,0.0936969
1494.25,0.149343
1169.06,0.116885
1414.17,0.140929
1479.07,0.147869
1181.42,0.11814
1786.78,0.17863
1078.04,0.107313
1051.41,0.104129
1611.19,0.161099
1220.02,0.121512
682.762,0.0668883
878.705,0.0878336
1709.54,0.170919
885.208,0.088513
1950.65,0.195044
1865.35,0.186517
7955.28,0.794896
805.13,0.0804952
1127.61,0.112626
1109.88,0.110601
882.06,0.0881392
1566.07,0.156536
1682.38,0.168139
2052.66,0.20506
2665.12,0.26633
4188.41,0.418796
1148.85,0.115667
1958.1,0.195539
1343.34,0.134298
1709.03,0.171597
2353.91,0.235361
832.105,0.0831646
1610,0.160973
998.98,0.0998855
19269.6,1.92271
806.29,0.0805375
1196.47,0.119615
2599.13,0.259834
4471.73,0.446014
1039.28,0.103753
526.715,0.0518515
935.067,0.093459
1512.88,0.151166
680.265,0.0680183
793.2,0.0793009
713.638,0.0713056
903.112,0.0902524
5240.51,0.523853
1379.62,0.137952
979.073,0.0967385
2020.36,0.202005
1414.33,0.141401
1569.42,0.156752
873.674,0.0873444
3157.62,0.315424
461.26,0.0461022
515.383,0.0515277
1806.54,0.180646
1556.8,0.155603
6014.67,0.600844
711.574,0.0708267
1900.77,0.190044
1265.69,0.126512
912.071,0.0911697
2163.99,0.215978
3216.4,0.321581
4186.84,0.418124
1086.06,0.108494
1280.2,0.127954
494.746,0.0494427
1687.09,0.168659
651.544,0.0651037
2161.74,0.216028
762.585,0.0762465
1061.72,0.104683
1174.71,0.117443
2124.04,0.212187
846.508,0.084646
1242.49,0.12423
871.843,0.0871517
869.75,0.0869634
800.964,0.0800625
1677.2,0.167688
1594.56,0.159421
1986.22,0.198418
880.007,0.0857708
7783.72,3.02988
1228.6,0.122775
1643.06,0.164155
2439.37,0.24346
2140.26,0.213907
1667.56,0.166574
979.676,0.0979633
808.924,0.0808539
879.259,0.0879236
2058.28,0.205737
3678.38,0.367769
1741.99,0.17417
711.794,0.0700845
1221.88,0.122156
2098.16,0.209128
1589.71,0.158775
865.668,0.0862106
1952.71,0.195147
2089.06,0.208859
828.261,0.0827914
977.574,0.0977521
1444.94,0.144484
979.351,0.0979091
4478.96,0.447426
751.977,0.0751691
1031.43,0.103105
1060.99,0.106042
3083.02,0.307959
695.054,0.0695031
1124.48,0.112444
1231.3,0.122947
1215.69,0.121473
1820.28,0.181872
2551.19,0.254539
7118.73,0.708808
2207.72,0.218587
1836.26,0.183321
968.533,0.0967683
1554.22,0.155411
1055.62,0.105392
956.141,0.0955337
808.28,0.0808116
1385.59,0.138449
2635.83,0.263485
922.904,0.0922859
1927.85,0.192575
607.011,0.0606661
2298.73,0.229865
1024.41,0.102414
1100.31,0.10982
1461.09,0.14529
1035.4,0.103503
1115.96,0.111203
1157.96,0.115363
817.433,0.08166
2132.75,0.213211
2621.58,0.26214
1402.19,0.140167
908.088,0.0908036
5672.44,0.566963
2878.19,0.287596
1210.6,0.121051
2497.34,0.248192
1462.97,0.146274
629.428,0.0626446
792.294,0.0791255
924.516,0.0923818
840.756,0.0839419
8494.43,0.842356
1464.65,0.146161
1735.33,0.173511
1346.33,0.134524
627.731,0.0627219
1075.6,0.10754
1435.91,0.14349
1104.15,0.110306
1062.93,0.106285
2467.53,0.245774
1526.19,0.15256
988.171,0.0987533
1278.08,0.127794
6904.88,0.689863
1234.96,0.123339
772.129,0.077191
1248.75,0.124869
6113.57,0.61075
1030.12,0.102831
624.955,0.0623554
1000.92,0.100076
1818.67,0.181853
797.044,0.0797028
936.458,0.0936098
863.967,0.0803755
11721.2,1.17056
1804.99,0.172437
1276.82,0.127662
1036.64,0.103577
1150.98,0.115079
1185.66,0.118552
1207.72,0.120607
1004.24,0.100346
1236.4,0.123306
1030.63,0.103008
847.459,0.0847255
927.724,0.0926812
745.704,0.0745009
1234.77,0.123276
1077.77,0.107759
1162.26,0.115625
923.248,0.0923093
857.386,0.0857124
1993.29,0.199123
922.172,0.0922139
1310.22,0.130502
1150.08,0.115988
1493.64,0.14935
1174.29,0.117425
1366.33,0.136624
730.191,0.0729911
723.772,0.0723658
1294.25,0.129414
1459.46,0.1459
1072.54,0.107242
988.374,0.0982022
1357.4,0.135718
1428.48,0.142707
1359.14,0.135836
1327.71,0.132637
1865.09,0.186127
1929.54,0.192917
1076.94,0.107584
2177.92,0.217692
2971.18,0.296901
1063.17,0.106165
1713.47,0.171263
1168,0.116658
1779.28,0.177742
1149.39,0.114915
2195.75,0.219553
1440.66,0.143978
7405.84,5.54763
2637.56,0.263701
1920.27,0.191912
1442,0.144064
1658.8,0.165661
2672.2,0.267171
1442.52,0.144181
2149.3,0.214885
1060.75,0.106047
2648.12,0.264517
1692.36,0.169149
943.474,0.0943136
1197.14,0.119403
1184.4,0.118363
684.575,0.0684505
991.087,0.099084
804.535,0.0804511
1080.5,0.107897
952.065,0.094931
1186.25,0.118618
698.437,0.0698159
1429.74,0.145254
2389.2,0.238872
1182.61,0.118074
2359.36,0.235891
715.556,0.0715368
610.508,0.0609917
799.958,0.0799586
938.32,0.0938046
2034.98,0.20335
701.506,0.0701486
1756.67,0.175641
1254.99,0.125314
1231.11,0.123107
3506.6,0.35037
1177,0.117542
1884.13,0.188377
1387.53,0.138677
1247.75,0.124708
1888.58,0.188789
2873.82,0.287273
1241.28,0.124073
828.947,0.0828014
1593.54,0.15932
855.751,0.0855292
539.87,0.0539853
1308.68,0.128404
636.023,0.0634945
721.353,0.0721335
2825.47,0.282367
2769.05,0.276818
1358.01,0.135702
2756.84,0.275594
1268.51,0.126822
467.699,0.0467285
1416.24,0.141606
1003.01,0.100282
970.589,0.0969819
1124.07,0.112387
494.437,0.0494228
739.988,0.0739874
809.131,0.080899
4090.19,0.408702
1211.28,0.12107
1403.69,0.140353
1289.69,0.128939
815.779,0.0815755
1985.15,0.198434
1096.21,0.10961
1202.83,0.119945
878.546,0.087849
1715.58,0.171545
827.533,0.0827419
1401.65,0.140023
1215.21,0.121485
1268.13,0.126764
1223.35,0.122287
1118.73,0.111841
681.969,0.0681931
965.714,0.0963645
548.047,0.0547567
1267.31,0.126629
1363.95,0.136351
1052.23,0.105158
1337.18,0.133691
1497.82,0.149523
1251.72,0.12514
2994.53,0.299311
7893.78,0.787408
1648.76,0.164716
882.039,0.0881974
1049.11,0.104864
876.06,0.0875891
2666.09,0.266546
1028.48,0.102831
1851.16,0.184906
1192.21,0.119196
873.737,0.0873669
1025.7,0.102384
9476.81,0.946884
1371.26,0.137057
1368.56,0.136532
1014.8,0.101474
517.241,0.0516096
1180.16,0.118012
2185.42,0.218408
1339.86,0.133839
764.222,0.0763476
749.698,0.0749645
1733.95,0.173334
1202.19,0.120156
1233.4,0.123247
1358.04,0.135437
9716.01,0.967726
1102.3,0.110213
4852.74,0.484412
1360.32,0.131652
2022.45,0.202182
2698.32,0.269583
1632.63,0.16323
1170.23,0.116989
2724.85,0.272356
12290.6,1.22291
969.077,0.0969029
1568.25,0.156763
1332.41,0.133208
2616.74,0.261515
1568.24,0.156795
2021.88,0.20216
1182.99,0.11822
1032.94,0.103163
2527.11,0.252659
801.866,0.08017
1254.76,0.125433
1162.12,0.116124
1600.24,0.159915
2339.97,0.233953
1121.26,0.112011
2285.68,0.22843
829.226,0.0829176
1516.12,0.151568
1522.71,0.152265
796.422,0.0795599
1805.93,0.180573
1710.72,0.171014
2628.1,0.261061
1668.17,0.166755
2851.25,0.285082
1702.09,0.170174
890.605,0.0890512
1539.63,0.153436
765.765,0.0765653
1391.11,0.139092
7019.65,0.699927
1969.73,0.196962
1004.49,0.100442
768.266,0.0767941
627.446,0.062709
1538.46,0.153834
837.849,0.0835814
519.907,0.0519895
613.055,0.0612976
1145.81,0.114172
1616.82,0.1616
741.131,0.0741062
1108.35,0.110822
2138.49,0.21384
1949.9,0.194842
1009.1,0.100869
1060.4,0.106036
1203.97,0.120321
744.905,0.0743379
3929.73,0.392368
2219.9,0.221328
3454.28,0.345003
1002.05,0.10007
854.981,0.0854686
876.294,0.0876082
2514.3,0.251307
878.08,0.0876851
758.097,0.0757377
1502.23,0.150196
643.983,0.0643855
12653.6,1.26262
791.114,0.0790768
1359.47,0.135919
2436.33,0.243479
2044.49,0.204419
989.755,0.0989742
975.385,0.097507
1476.91,0.14768
766.417,0.0766313
843.756,0.0843604
26764.6,2.66984
1234.7,0.123464
1172.21,0.117145
731.93,0.0731513
776.887,0.0776452
1655.22,0.163276
7746.24,0.773924
1422.64,0.142206
673.887,0.0672731
689.467,0.0689403
920.9,0.0920824
622.792,0.06227
2957.86,0.295671
1440.77,0.144027
861.53,0.0861181
1991.79,0.199167
1384.1,0.138226
686.639,0.0686487
829.327,0.0828368
1442.11,0.144148
967.965,0.0967733
2283.62,0.228157
2329.69,0.232864
1676.52,0.167028
619.655,0.0619417
1418.5,0.141806
2382.48,0.237564
1970.63,0.196944
793.572,0.0793501
1121.13,0.112022
1157.3,0.115543
1609.89,0.160875
1901.42,0.190106
3019.47,0.301905
1975.48,0.197378
1025.26,0.102443
949.602,0.0949497
2502.44,0.247507
976.007,0.0974797
1158.89,0.115864
11472.5,1.14643
775.364,0.0775151
2728.58,0.270787
933.063,0.0931136
1636.9,0.16355
918.747,0.0918719
1927.09,0.192695
1504.41,0.150395
1047.97,0.104686
1001,0.100088
3275.2,0.32704
1750.58,0.174769
933.188,0.0933141
3511.87,0.35064
2233.66,0.223322
564.547,0.0564445
882.661,0.0881955
1046.33,0.104617
1116.6,0.111652
1393.76,0.139169
1365.83,0.136524
1616.95,0.161607
1810.19,0.180767
2637.22,0.263592
581.842,0.0581591
4005.96,0.400402
1224.14,0.110799
1775.87,0.177574
816.491,0.0816371
3190.9,0.318956
1365.41,0.136481
1164.59,0.116423
1047.13,0.104492
2803.57,0.280046
531.832,0.0531712
611.585,0.0611346
1903.45,0.1901
1190.5,0.119037
559.056,0.0558721
902.208,0.09006
2822.03,0.28213
2740.14,0.273829
1204.78,0.120473
1111.66,0.111038
879.953,0.0879561
674.201,0.0673949
4485.38,0.447892
1261.55,0.12364
1578.36,0.15778
6714.18,0.66841
1325.94,0.132466
827.863,0.082755
1455.86,0.145515
3794.08,0.379199
3006.42,0.300519
1129.53,0.112871
1331.7,0.133102
2839.03,0.283856
2833.09,0.283189
929.46,0.0929152
2761.72,0.276135
2363.14,0.236257
1326.75,0.132654
1911.71,0.191134
2357.13,0.235678
906.754,0.0906524
1282.3,0.127972
1066.37,0.10662
1202.51,0.120216
1101.73,0.110167
1302.6,0.130164
1400.15,0.13995
1186.28,0.11862
1246.4,0.124574
4135.47,0.413377
1300.83,0.129844
4734.48,0.472381
837.193,0.0836695
1053.29,0.105279
633.967,0.06339
1238.82,0.123619
508.156,0.050728
1031.57,0.103145
506.369,0.0506226
1926.4,0.191669
716.843,0.0716742
1946.27,0.194541
1678.34,0.167785
843.338,0.0843106
878.837,0.0864561
807.86,0.080502
2479.47,0.247553
1249.3,0.124901
935.983,0.0935598
1461.35,0.146024
592.855,0.059274
923.049,0.0921391
2639.19,0.263428
2407.15,0.240617
12319.6,1.22729
1014.85,0.101304
887.141,0.0887021
865.022,0.0864237
713.08,0.0712322
909.201,0.090913
1191.06,0.119084
1540.64,0.150959
1622.61,0.162254
965.448,0.0965186
589.202,0.0588856
1850.51,0.185013
1498.55,0.149807
1722.45,0.17211
1030.77,0.102922
811.84,0.0811806
1224.02,0.122394
683.782,0.0683517
1018.72,0.101856
2180.82,0.218029
6877.64,0.685972
699.156,0.0699135
1940.85,0.193821
3348.45,0.334446
1284.49,0.128387
642.733,0.0642531
4123.47,0.411903
2031.17,0.203105
1012.75,0.101273
2710.45,0.270863
2329.96,0.232969
1644.95,0.164442
1010.95,0.101088
529.762,0.0529064
1822.69,0.181658
1031.91,0.103184
1705.54,0.170477
1127.75,0.112757
639.186,0.0639
894.659,0.0894477
1302.25,0.130114
1774.07,0.177329
1060.31,0.10587
15273,1.51926
1085.34,0.108476
1241.5,0.124099
1267.33,0.125372
1919.77,0.191931
1151.56,0.115149
1019.81,0.10197
879.498,0.087915
761.178,0.0760976
1220.97,0.122077
594.723,0.0592758
781.678,0.0780914
15302.8,1.52204
1355.06,0.135469
1005.56,0.100501
1191.03,0.119098
4901.8,0.49008
12565.6,1.25446
1350.2,0.135001
838.152,0.0838066
2300.58,0.229881
971.617,0.0970561
732.477,0.0732411
1287.12,0.128593
1804,0.180386
7983.47,0.797294
1712.96,0.171253
876.32,0.0875989
457.672,0.0457628
1584.79,0.158354
2610.4,0.260907
1058.39,0.105802
1345.77,0.134415
881.353,0.0881295
728.969,0.0728275
1707.28,0.170723
1892.28,0.188889
1267.23,0.126688
865.146,0.0849751
597.226,0.059715
4637.96,0.463234
1095.93,0.109575
2025.14,0.202486
751.359,0.0751312
2370.6,0.23621
659.813,0.0659752
3607.71,0.360089
1488.42,0.148812
758.02,0.0757484
2901.71,0.290109
1011.42,0.101138
3181.29,0.318072
1408.22,0.140757
1470.83,0.14676
1158.52,0.11534
1334.08,0.133198
1928.72,0.192741
1924.41,0.192397
1470.76,0.146981
2091.39,0.208893
1189.95,0.118991
1229.73,0.122955
1197.93,0.119738
2449.86,0.244535
1122.11,0.112185
844.881,0.0843959
849.81,0.0849788
956.409,0.0947307
578.238,0.0578188
2225.16,0.222494
1066.43,0.106592
1575.04,0.15732
1205.2,0.119955
1074.21,0.107284
1098.86,0.109786
934.385,0.0934253
765.845,0.0765817
861.785,0.0860977
1516.8,0.151661
1304.58,0.130329
926.512,0.0926288
908.865,0.0908814
968.251,0.0966813
3142.88,0.314023
742.668,0.0742235
2195.87,0.219542
840.26,0.0839608
1472.76,0.147164
1553.96,0.155326
1014.25,0.101313
1226.11,0.122524
723.953,0.0723232
693.935,0.0693896
830.9,0.0829403
1542.87,0.154233
2337.75,0.233627
2283.73,0.228174
2107.32,0.210602
831.606,0.0831467
1022.27,0.101962
759.758,0.0759445
4436.34,0.443529
1208.98,0.120875
1251.96,0.125151
872.674,0.0872123
1730.55,0.172826
726.549,0.0726535
718.608,0.0718299
1304.54,0.130429
1000.48,0.100029
1000.41,0.100038
1396.63,0.139609
1809.89,0.180945
783.746,0.0782703
711.303,0.071103
882.867,0.0881723
614.8,0.0614631
747.427,0.0747011
1010,0.100993
819.758,0.0816469
762.182,0.0762098
1633.16,0.163194
1707.22,0.170582
751.966,0.0751482
884.467,0.0884362
1251.66,0.125022
1022.14,0.102134
680.237,0.0679643
1145.42,0.114526
1062.71,0.106258
1845.76,0.184535
1613.85,0.16137
1817.44,0.181611
1318.09,0.131713
3417.64,0.341666
878.93,0.0878863
2272.43,0.22713
1400.75,0.140041
1293.15,0.129307
1640.22,0.163914
814.019,0.0813659
831.674,0.0831608
1027.47,0.097397
1307.63,0.129762
1763.74,0.176152
1747.66,0.174743
1324.98,0.132485
1231.23,0.122909
1271.65,0.127096
1572.01,0.157183
1150.28,0.115011
946.574,0.0946041
2938.58,0.293153
1316.22,0.131557
933.891,0.0933768
964.726,0.0964093
1490.22,0.148979
883.449,0.0883125
1031.47,0.103141
1453.53,0.145329
1028.15,0.102803
1702.01,0.17006
1107.04,0.109374
1665.41,0.166216
1626.03,0.162363
776.612,0.0776599
2737.03,0.269657
2826.83,0.282569
1233.39,0.123303
3515.38,0.351331
16826.1,1.67822
1562.41,0.156093
3173.56,0.317316
850.39,0.0850119
1169.23,0.116883
1414.78,0.141352
889.259,0.0889037
533.763,0.0533316
1241.48,0.124131
5049.75,3.09028
686.733,0.0686541
1576.54,0.157615
2591.28,0.258973
4101.7,0.409978
610.529,0.0610165
857.085,0.0856989
3158.53,0.315673
1000.94,0.100075
1572.22,0.153874
650.227,0.0650185
1021.34,0.1021
926.375,0.0926039
651.147,0.0651131
1563.41,0.156077
1688.79,0.168749
2156.74,0.21565
1754.2,0.175409
1153.86,0.11534
942.818,0.0942555
749.696,0.0747581
1132.72,0.110021
2745.38,0.272
799.15,0.0797821
3410.96,0.340726
2404.88,0.23914
708.711,0.0708522
1272.58,0.127244
4253.25,0.424448
1183.91,0.118333
1524.24,0.152372
1579.11,0.157815
1229.69,0.122912
4441.15,0.443108
1209.48,0.120867
650.627,0.0642296
1227.61,0.122727
1159.91,0.115987
2312.49,0.227384
3101.79,0.310009
1326.19,0.132566
657.856,0.0657656
1296.48,0.128115
1693.37,0.169246
840.702,0.0840417
9861.4,0.984367
1125.79,0.112567
1560.9,0.156036
1613.15,0.161258
1238.06,0.12379
1231.6,0.123096
3515.54,0.351328
1875.12,0.187497
6538.23,0.649939
888.996,0.0888729
847.992,0.0847853
1976.31,0.197559
1327.17,0.132682
1193.47,0.119317
1356.57,0.135643
1082.84,0.108221
1009.34,0.100894
1568.3,0.159237
1744.24,0.173968
1859,0.185799
1424.75,0.142362
913.489,0.0913003
1434.01,0.143244
1459.16,0.144037
1722.69,0.172167
707.335,0.070721
1814.74,0.181379
372.128,0.0372106
2402.03,0.240053
1324.95,0.132468
2622.78,0.262202
960.483,0.0960291
1295.99,0.129474
1132.84,0.113269
975.226,0.0974954
2276.99,0.227581
1086.66,0.108605
1237.1,0.123586
2537.12,0.253592
1530.07,0.15299
1330.91,0.133025
721.403,0.0721363
1225.1,0.122239
921.6,0.092117
989.98,0.0989842
1065.75,0.106513
1175.08,0.110101
1357.08,0.135682
2397.98,0.239746
884.316,0.0881385
735.575,0.0735528
2188.53,0.218758
958.395,0.095835
1629.94,0.162857
1003.22,0.100319
574.276,0.057399
1768.15,0.176785
2803.46,0.280141
1847.58,0.184728
1300.25,0.129802
781.192,0.0780208
1855.37,0.185353
2480.62,0.248023
805.014,0.0803748
3468.32,0.346648
3873.28,0.383259
1116.52,0.11153
808.249,0.0807901
784.158,0.0783177
1708.2,0.170796
1307.36,0.130717
775.448,0.0775171
2030.49,0.202856
1384.51,0.138129
1130.53,0.11302
1529.33,0.152885
961.17,0.0961059
4976.44,0.497297
1008.03,0.100766
1924.08,0.192402
849.072,0.0848591
2676.1,0.267537
2507.64,0.250482
4914.4,0.491226
1558.63,0.155715
1254.31,0.125403
804.082,0.0804018
1248.59,0.124671
1238.55,0.123701
1654.16,0.165348
1432.9,0.14327
1506.33,0.150126
1187.25,0.118703
1949.86,0.194962
1539.79,0.153953
863.734,0.0863382
1078.42,0.107731
1827.63,0.182722
1133.24,0.113297
811.812,0.0811606
1023.22,0.102248
1516.21,0.15142
1404.4,0.140328
1125.33,0.112514
802.313,0.0802257
934.966,0.0934676
1305.1,0.130479
614.88,0.0614846
871.861,0.0871317
1082.08,0.108203
2827.54,0.282729
2335.02,0.233432
1646.08,0.164271
2222.39,0.222204
2424.9,0.242453
790.482,0.0789933
1681.62,0.168138
2381.09,0.238015
2631.1,0.263078
1172.99,0.117293
864.436,0.0863808
1409.88,0.140972
1293.84,0.129318
1226.3,0.122612
1507.94,0.150777
1891.82,0.188956
2642,0.263977
2879.18,0.287669
11979.8,1.19605
3557.29,0.35551
888.743,0.0888397
895.501,0.0895114
759.116,0.0759092
789.958,0.0789741
771.416,0.0771304
773.952,0.0773392
1326.89,0.132682
789.707,0.078943
1003.81,0.100378
1238.07,0.123793
963.948,0.0963894
1917.55,0.191658
1086.37,0.108076
1121.5,0.112128
821.734,0.0821007
1045.05,0.104433
544.774,0.05442
1160.13,0.115987
1599.18,0.159902
10576,1.05413
1733.15,0.173232
1720.63,0.172042
4033.04,0.403169
683.663,0.0683203
1245.83,0.124569
895.062,0.0895006
2973.23,0.297187
1797.33,0.179666
1024.07,0.10238
1852.49,0.185204
988.557,0.098818
11242.4,1.12328
793.513,0.0786347
1459.96,0.145952
841.155,0.084112
1061.05,0.105992
3907.87,0.390326
1480.11,0.147879
875.04,0.0874244
903.8,0.0903343
1980.03,0.197972
875.441,0.0875086
1712.68,0.17124
1707.75,0.170771
1244.15,0.124259
689.668,0.0689257
651.075,0.0650153
2014.13,0.19994
781.86,0.0771912
1472.01,0.147153
1336.98,0.133628
956.351,0.0956184
2206.95,0.220677
394.722,0.039467
1391.7,0.139164
575.138,0.0552046
1793.27,0.178939
2034.53,0.203394
1148.34,0.11479
1169.7,0.116967
957.077,0.0956956
1096.87,0.1096
1020.24,0.1019
1151.81,0.115133
899.501,0.0899184
1208.92,0.120886
1592.2,0.15916
1564.87,0.156413
1540.53,0.153995
3051.3,0.304877
1585.73,0.158505
1282.98,0.128055
724.5,0.0724244
492.118,0.0491956
984.827,0.09848
825.649,0.0825632
744.449,0.0744349
767.956,0.0767731
1888.1,0.188747
908.199,0.0906855
1334.2,0.13341
1266.21,0.126591
1168.21,0.116729
891.371,0.0890614
1896.51,0.18963
1240.33,0.124016
1074.34,0.10734
3085.38,0.306345
1084.42,0.109559
767.046,0.0766915
919.025,0.0918665
2006.27,0.200513
1164.34,0.116089
3936.22,0.3929
1741.48,0.174074
916.103,0.0915638
1120.4,0.112031
822.268,0.0821697
795.708,0.0795687
762.618,0.076258
818.49,0.0818399
4299.47,0.429533
9637.09,0.962916
649.875,0.0649723
1286.76,0.128635
898.773,0.0898692
1282.47,0.124288
818.662,0.0816688
1076.41,0.10745
1659.2,0.165901
941.613,0.0941064
1147.59,0.114738
2019.14,0.201886
563.882,0.0562846
953.315,0.0952708
949.725,0.0949157
1701.7,0.170084
530.12,0.0529141
1218.95,0.121862
1711.27,0.170244
1070.37,0.106979
903.65,0.0903451
874.633,0.0873875
1942.37,0.19415
1513.58,0.151122
2142.77,0.214249
3216.96,0.321376
3948.36,0.394651
880.195,0.0879659
902.152,0.0902016
778.341,0.0778258
1411.67,0.140838
580.25,0.0580166
3789.28,0.378847
1421.5,0.142136
811.895,0.0811571
957.788,0.0956904
899.1,0.0898823
689.83,0.0689396
953.042,0.0952784
1259.18,0.119411
2994.1,0.298604
1221.2,0.121952
1059.01,0.105888
1530.28,0.152947
1166.27,0.116505
698.894,0.0698764
1784.64,0.17841
1235.79,0.123542
742.984,0.0742871
7405.63,0.740086
1311.8,0.13094
1301.17,0.130103
1059.77,0.10551
4696.46,0.469482
1944.06,0.194392
1026.07,0.102605
1531.44,0.153102
997.386,0.0996732
2707.23,0.270592
1040.75,0.104061
2960.55,0.29587
1245.7,0.124427
1841.49,0.184057
3661.56,0.366067
3136.31,0.313513
2010.32,0.200161
1888.09,0.188497
1868.8,0.18669
1054.72,0.105247
815.114,0.0815102
1254.93,0.125462
923.606,0.0922616
770.933,0.0769806
864.437,0.0864106
822.44,0.0820858
3433.94,0.342512
1675.63,0.167344
1081.29,0.108124
954.708,0.095379
1529.46,0.152692
1062.49,0.106206
1397.24,0.139603
1099.41,0.109727
731.996,0.0731434
912.082,0.0912011
1631.83,0.162318
766.134,0.0765742
2339.17,0.232823
1430.37,0.142855
880.799,0.0880346
1428.71,0.141896
867.903,0.0862526
799.22,0.0799187
1107.5,0.11065
1541.9,0.154116
798.402,0.0798192
1157.94,0.115663
690.236,0.0690123
772.856,0.0771497
2112.15,0.21119
1714.55,0.17137
1871.68,0.169973
1012.76,0.101268
659.679,0.0659315
925.433,0.0924479
945.011,0.0944981
832.824,0.0832216
1298.95,0.129869
1772.2,0.177013
1564.91,0.156396
558.451,0.0558153
5476,0.535155
1197.02,0.119678
1206.88,0.120638
12959.8,1.29416
1443.04,0.144259
1104.62,0.110425
3644.53,0.36441
1030.36,0.102917
1381.71,0.13815
829.206,0.0829102
979.123,0.097814
711.973,0.0711804
2242.89,0.224008
1376.97,0.137676
1407.25,0.140632
2156.99,0.215663
1256.92,0.125661
868.214,0.0868109
8823.02,0.88045
1393.75,0.139366
1390.75,0.138811
761.018,0.0760685
1310.81,0.131012
1348.06,0.134676
1368.62,0.136854
734.915,0.0734481
1362.26,0.136189
1005.62,0.100494
1767.47,0.176634
1002.23,0.100221
1294.22,0.129316
693.498,0.0693449
2489.78,0.248615
2836.81,0.28357
1114.01,0.111182
1006.07,0.100236
1294.17,0.12941
1088.2,0.10879
1576.6,0.157611
2202.07,0.219614
1730.65,0.172923
5800.85,0.577293
1114.48,0.110871
2219.73,0.221879
1648.12,0.164787
1340.44,0.134036
874.821,0.0874508
1210.55,0.121044
1280.51,0.127886
9564.07,0.955867
914.909,0.0914706
1273.04,0.127287
1350.81,0.135041
5714.58,0.570516
1640.27,0.163497
976.478,0.0975921
4763.02,0.441374
1194.7,0.11913
1709.27,0.170807
1891.25,0.189036
697.769,0.0693183
2401.09,0.239856
961.126,0.0961021
764.549,0.0764293
1679.04,0.167739
2171.22,0.217101
1219.79,0.121962
1375.64,0.137536
789.111,0.0788076
1129.07,0.112883
1035.73,0.103542
2295.04,0.229488
1571.08,0.15709
933.456,0.0932418
1278.75,0.127865
1158.39,0.115799
2895.08,0.289242
1139.96,0.113896
1272.56,0.127228
1113.99,0.111369
1561.97,0.155772
1347.45,0.133707
889.223,0.0886817
1747.37,0.174595
1072.49,0.107202
2430.99,0.243054
912.219,0.0911868
1888.88,0.188858
828.913,0.0824602
1295.9,0.129538
1531.77,0.15316
1243.77,0.124361
1545.62,0.154524
938.988,0.0938715
1749.11,0.174773
1363.23,0.136314
674.358,0.0674344
2312.57,0.231219
690.892,0.0689688
1530.47,0.15304
739.762,0.073941
1087.53,0.108575
1241.21,0.124091
2770,0.276839
3460.31,0.345398
905.694,0.0904171
607.389,0.0606625
691.54,0.0691501
556.568,0.0556527
2504.09,0.247284
1536.14,0.139578
2162.48,0.216131
825.995,0.0823623
1383.79,0.138107
651.905,0.0651531
1019.84,0.101955
783.383,0.0783232
1087.38,0.108668
888.752,0.0888635
1943.86,0.194371
1359.81,0.13597
1990.85,0.199029
1835.32,0.183523
750.063,0.0750025
711.068,0.0710858
1056.89,0.105668
1752.27,0.175212
1086.94,0.108684
2491.03,0.248718
893.221,0.0892839
1374.96,0.137429
1589.05,0.158893
1686.51,0.168605
981.813,0.0980652
1127.93,0.112768
1115.33,0.111531
1061.68,0.106131
2783.29,0.278306
2255.57,0.225464
1364.59,0.135387
1118.15,0.111779
1110.43,0.111027
803.864,0.0803741
1574.65,0.15745
1720.41,0.171872
695.519,0.0695476
18103.6,2.98126
1491.81,0.149161
1843.58,0.184336
756.165,0.0755989
640.004,0.0639903
3050.71,0.304943
1332.23,0.133211
1377.02,0.137626
4102.69,0.409467
10326.5,4.45398
391.033,0.0390972
1168.63,0.116849
6216.26,0.620947
1158.87,0.11509
950.881,0.0950215
2567.1,0.256538
835.687,0.0835439
980.607,0.0979177
1127.3,0.112633
1839.73,0.183945
1377.1,0.137628
934.488,0.0934206
813.229,0.0813057
2352.81,0.234958
1982.88,0.19824
734.337,0.0733728
1476.82,0.147611
1070.6,0.107002
888.723,0.0888158
980.039,0.0979623
1652.59,0.165222
1790.91,0.179028
790.913,0.0790603
960.009,0.0959597
1588.67,0.158702
1881.76,0.187766
1704.77,0.170449
799.109,0.0798499
744.65,0.0744437
1620.87,0.16206
938.895,0.0938765
1540.75,0.153817
2534.78,0.25346
1243.11,0.124179
997.429,0.0995527
1907.29,0.190545
1051.11,0.105075
2355.26,0.235248
564.137,0.0564014
910.113,0.0909864
911.419,0.0910445
1935.74,0.19346
1360.93,0.135997
12423.2,1.23788
1883.9,0.188229
1672.34,0.167215
1213.36,0.121175
1399.69,0.139458
734.203,0.0733977
2361.92,0.234869
1044.77,0.104446
512.725,0.0512655
1460.7,0.146061
846.63,0.0846528
910.959,0.091011
2174.16,0.217226
921.762,0.0921414
581.036,0.0580239
865.629,0.0865426
1395.96,0.139565
1257.65,0.125706
1705.25,0.168587
2340.08,0.783231
1570.36,0.156987
766.675,0.0766459
620.736,0.0620572
4381.6,0.437916
989.292,0.0988309
1441.03,0.144082
3195.19,0.318777
1541.95,0.154148
1088.51,0.108776
884.934,0.0884233
1067.79,0.106752
774.852,0.0773828
1119.32,0.111861
1577.26,0.157558
846.596,0.0846404
927.222,0.0926885
2263.46,0.226
1134.89,0.113448
3285.67,0.328392
946.533,0.0946485
752.432,0.0747293
807.907,0.0806501
744.29,0.0743507
988.93,0.0988408
1176.33,0.117063
1847.28,0.184691
957.62,0.0956851
1421.13,0.142098
804.551,0.0804508
877.576,0.0877561
1164.59,0.116447
952.962,0.0952815
1175.01,0.117435
16329,1.62866
1189.84,0.118961
1353.18,0.135278
1535.39,0.153353
1243.75,0.124361
1296.62,0.129412
1167.1,0.116687
2176.07,0.217523
837.179,0.083708
1631.88,0.163051
1585.09,0.15843
1414.68,0.141169
1491.98,0.148985
997.393,0.099611
781.586,0.0781252
2826.33,0.281903
2201.65,0.220049
993.389,0.0992495
741.891,0.0741181
2270.87,0.226935
1527.28,0.152484
2013.54,0.201289
1041.06,0.104095
1127.01,0.112562
824.357,0.0821205
725.966,0.0725667
1514.14,0.151354
837.989,0.08366
1005.36,0.100532
879.029,0.0873974
874.809,0.0874199
1237.98,0.123732
941.881,0.0941843
13246.2,1.32055
590.071,0.0589859
1545.97,0.154548
2121.55,0.212062
2060.19,0.205916
1000.14,0.0999751
495.113,0.0495017
1987.1,0.198256
1274.74,0.127468
563.352,0.0563212
4587.5,0.45766
1544.66,0.154277
404.081,0.0403977
2053.7,0.205286
1982.77,0.1982
1177.52,0.117734
1794.07,0.179353
969.697,0.0969543
759.315,0.0759164
1584.91,0.158457
939.15,0.0939096
2381.42,0.237814
1629.02,0.162733
2622.94,0.262227
1717.53,0.171563
2586.52,0.258476
723.815,0.0722311
5543.39,0.553241
1255.28,0.125388
1790.77,0.179046
3460.66,0.345676
1151.5,0.115039
2574.27,0.257335
1629.91,0.162679
791.86,0.0790425
2031.59,0.20272
1639.38,0.163931
2633.48,0.263127
1343.83,0.134125
2910.62,0.290907
993.868,0.0993578
2199.65,0.219792
1042.28,0.104199
1499.4,0.149823
4034.22,0.403101
1024.05,0.102397
615.525,0.0615199
622.162,0.0622132
1169.93,0.116893
1057.74,0.105712
1524.14,0.152333
1194.33,0.119427
1474.87,0.147472
12110.3,1.20912
552.526,0.0552449
2227.88,0.222655
1100.37,0.109577
4224.2,0.422307
1156.7,0.115661
2234.33,0.223317
1866.06,0.186459
1453.78,0.145344
1423.42,0.142335
1105.01,0.11045
2539.26,0.253826
4326.3,0.4323
1296.33,0.129616
1203.9,0.120236
918.704,0.0918661
1579.93,0.157882
1214.71,0.121442
800.578,0.0799734
1375.77,0.137475
2035.34,0.203447
982.313,0.0980642
2232.61,0.222887
1004.25,0.100381
1671.07,0.166206
1834.68,0.181031
1104.66,0.110453
819.976,0.0819967
1469.01,0.146703
20409.2,2.03579
986.866,0.0982986
1086.18,0.10856
1213.31,0.121327
3008.34,0.300646
2812.26,0.2811
825.58,0.0825417
504.85,0.0504748
571.031,0.0565305
1323.64,0.132344
4886.03,0.48849
2160.17,0.215954
781.687,0.0781652
7100.78,0.708686
1438.81,0.143594
2596.06,0.259139
1550.03,0.154811
3388.34,0.338664
2201.19,0.219851
1237.99,0.123569
1349.34,0.134874
1071.11,0.107007
7621.11,0.759728
707.374,0.0707173
1048.31,0.104802
1821.89,0.17948
1421.11,0.142066
858.795,0.0857615
1303.91,0.130347
4121.89,0.411951
2144.83,0.214269
868.818,0.0868483
1284.29,0.128308
750.376,0.0750221
909.202,0.0908355
986.163,0.0985805
1929.9,0.192936
614.932,0.0614829
1382.06,0.138195
1079.62,0.107915
654.448,0.065397
1702.61,0.170137
1472.63,0.147218
1977.95,0.197674
1173.3,0.117125
1294.66,0.129452
3224.35,0.321592
901.587,0.0900871
1797.49,0.179739
1109.35,0.10911
2312.39,0.231187
656.592,0.0656427
2132.45,0.213186
1988.61,0.198787
1019.78,0.10197
1665.63,0.166174
1179.62,0.117914
847.012,0.0846339
1100.59,0.109962
1305.79,0.130499
1067.88,0.10675
1012.99,0.101102
1721.95,0.172119
791.767,0.0791345
899.633,0.0899259
2487.69,0.248423
1297.71,0.128488
3453.49,0.345255
996.108,0.0995975
1637.54,0.16365
1143.09,0.114304
1170.81,0.117053
622.086,0.0622083
2716.41,0.271578
1029.27,0.102851
1425.33,0.142531
959.339,0.0959253
1285.75,0.12857
1155.72,0.115562
1662.57,0.166225
1688.1,0.168673
741.629,0.0740974
4162.17,0.41609
1513.48,0.151317
1766.6,0.176523
1003.83,0.100336
1091.85,0.109173
607.108,0.0607072
761.461,0.0758595
1878.61,0.187613
3578.9,0.357719
580.133,0.0579468
2218.55,0.22181
2967.53,0.296642
1022.96,0.102277
3706.1,0.370558
1173.72,0.117255
1036.8,0.103677
1046.57,0.104645
1083.06,0.108213
1909.58,0.190481
1951.23,0.195086
1356.45,0.135616
866.713,0.0866404
1168.07,0.116776
967.635,0.096758
990.933,0.0989425
1876.52,0.187634
1401.04,0.140034
1273.9,0.125378
1935.79,0.193432
810.444,0.0809591
980.985,0.0980904
1280.72,0.128043
1320.9,0.131925
1372.99,0.137285
1194.93,0.119491
1450.23,0.144962
2814.43,0.281189
698.795,0.0698417
738.264,0.073802
1281.85,0.128137
3619.91,0.361283
1100.32,0.110007
1181.33,0.118126
1745.49,0.174498
1582.54,0.158207
973.328,0.0971577
1343.77,0.134367
1956.66,0.195411
1342.99,0.134267
1511.03,0.151066
894.568,0.0890136
2954.28,0.295246
27490,2.73265
534.276,0.0533693
1188.86,0.118839
1406.05,0.140515
1037.1,0.103548
715.124,0.0714877
3176.37,0.316872
755.355,0.0755271
1709.02,0.170882
582.577,0.0582552
1926.26,0.192589
2094.08,0.209307
8351.29,0.833153
1425.87,0.142082
600.47,0.060029
1470.7,0.147025
1926.29,0.192607
1356.71,0.135659
4042.03,0.403874
5932.26,0.592519
1221,0.12195
1743.35,0.173953
561.971,0.0560574
1813.84,0.181373
907.876,0.0907457
1260.41,0.125876
1617.17,0.16169
2325.14,0.232442
559.706,0.0551662
1412.62,0.141248
1743.47,0.174338
1179.99,0.117986
1043.77,0.104367
1227.05,0.122694
4606.15,0.460067
2375.81,0.237556
1831.91,0.183134
1459.83,0.145933
2196.9,0.219085
1309.62,0.128319
804.922,0.0804892
1002.4,0.100175
1267.81,0.126718
2218.9,0.221817
2147.87,0.21475
1461.25,0.146077
839.587,0.0839568
857.985,0.0857636
4371.19,0.436488
1342.76,0.134111
871.018,0.087091
1907.33,0.190657
1026.8,0.102675
1206.17,0.120615
687.372,0.0687317
2469.71,0.246675
698.045,0.0697403
939.018,0.0938562
861.373,0.08612
778.897,0.0777828
1689.86,0.168791
1686.53,0.168522
852.54,0.085228
1790.88,0.178985
1100.46,0.11002
1102.74,0.110241
631.345,0.0631299
906.197,0.0906054
932.562,0.0932189
1314.15,0.131377
1662.08,0.16619
1558.65,0.155738
1550.38,0.154981
2891.48,0.289052
1069.4,0.106859
1826.32,0.182586
1031.76,0.101543
658.676,0.0658582
570.697,0.0570636
1105.64,0.110471
620.681,0.062043
974.799,0.0974735
2037.73,0.203712
3565.45,0.356412
1035.33,0.103495
1512.25,0.151092
1422.48,0.142179
976.727,0.097122
3383.16,0.33821
1274.61,0.127312
1348.96,0.134767
2534.11,0.253074
975.247,0.0975137
1287.17,0.128704
1408.14,0.140504
1033.13,0.103181
1025.2,0.102514
30376,3.36218
876.523,0.0876143
867.392,0.0867362
1493.32,0.1492
1746.59,0.174492
1098.79,0.109806
2294.64,0.228362
888.115,0.0886732
1190.74,0.118936
1706.83,0.170678
1991.21,0.198765
1583.58,0.158239
7017.91,0.701218
939.422,0.0938853
1849.05,0.184574
1763.53,0.176332
1065.04,0.106494
839.665,0.0838728
2284.41,0.224343
1073.57,0.107263
1138.59,0.113835
650.064,0.0650028
621.7,0.062167
663.186,0.0659691
1536.27,0.153513
751.819,0.0751455
1107.47,0.110709
1102.69,0.110172
1424.57,0.142448
1317.66,0.131723
910.167,0.0909614
1338.33,0.133817
1410.43,0.141008
956.778,0.095654
2472.23,0.246975
707.105,0.070698
2720.72,0.271949
960.427,0.0960369
944.761,0.0943391
925.787,0.0924714
1135.56,0.113451
2166.59,0.216454
975.875,0.0973242
1940.5,0.194009
1202.05,0.120195
1154.12,0.115409
1763.54,0.152107
1884.26,0.188272
1261.73,0.12611
939.952,0.0939915
874.573,0.0873408
1169.1,0.116865
742.276,0.0742266
1195.65,0.119529
1560.63,0.155929
3697.88,0.368192
1006.15,0.100581
4527.7,0.447895
656.78,0.065675
21807.3,2.1724
2757.13,0.275663
13877.3,1.38356
1546.28,0.154576
2254.18,0.225354
1233.3,0.123314
1924.35,0.19243
1642.43,0.164133
2135.75,0.213478
1038.69,0.10384
812.418,0.0812359
1109.93,0.110943
1162.62,0.11612
2023.59,0.201853
2349.92,0.232348
716.782,0.0715571
876.833,0.0876085
1488.41,0.148758
1117.92,0.109101
832.912,0.0832883
837.5,0.0837413
3036,0.303486
1496.83,0.149171
648.498,0.0648463
714.877,0.0713749
1529.26,0.152804
1593.01,0.15922
1309.05,0.13086
887.158,0.0886959
925.061,0.0924265
1219.61,0.12195
1966.79,0.182749
1067.06,0.106693
1603.62,0.160299
2187.72,0.218705
630.756,0.063046
1321.61,0.132099
2454.99,0.245249
1733.94,0.173268
916.62,0.0916392
1351.1,0.134586
3042.14,0.303991
2160.69,0.216018
1065.85,0.106582
1055.44,0.105412
2941.56,0.293804
729.705,0.0729647
1187.18,0.11866
1478.07,0.147218
1691.87,0.169152
2296.21,0.22941
749.516,0.07492
653.5,0.0653466
1391,0.139068
908.413,0.0908346
1352.97,0.135287
2092.61,0.208943
855.463,0.0855418
2272.18,0.227055
1603.18,0.159973
1475.39,0.147331
701.334,0.0699882
14040.2,1.39807
1242.66,0.124258
1123.2,0.111967
1633.25,0.163215
1117.9,0.111155
1674.86,0.167471
1044.92,0.104456
463.193,0.0463186
1026.98,0.102629
1191.88,0.119178
1702.33,0.169559
1114.15,0.111337
1562.58,0.156125
1213.16,0.12115
891.871,0.0891406
1518.22,0.151757
1946.09,0.194538
4773.25,0.476474
1270.33,0.12702
766.147,0.0765765
723.221,0.0722187
953.326,0.0953265
1108.05,0.110804
3819.78,0.381631
1045.34,0.104528
1133.02,0.113222
2601.97,0.260035
910.817,0.0898654
1447.25,0.144694
1863.87,0.186347
2223.06,0.222036
4828.77,0.482294
748.763,0.0748737
756.449,0.0756056
2363.27,0.236098
1615.84,0.161549
1392.38,0.139203
731.638,0.0731356
1107.55,0.110588
1767.96,0.176569
1878.55,0.187816
1033.5,0.103312
997.732,0.0997639
2633.87,0.263265
2365.17,0.236495
618.102,0.0617883
1131.55,0.112911
968.159,0.0966878
716.125,0.0716118
1181.68,0.118158
1063.9,0.106381
998.823,0.0998725
848.528,0.0848456
1916.03,0.191431
1076.71,0.107356
1000.48,0.0964733
1268.7,0.126861
964.555,0.0964467
5631.32,0.562801
697.236,0.0696986
1681.18,0.1681
845.474,0.0843432
2381.11,0.237738
632.544,0.0631914
2320.08,0.231152
750.081,0.0749747
750.744,0.0749986
374.911,0.0374831
1035.38,0.10351
4364.97,0.436075
883.635,0.088344
717.305,0.0717232
845.202,0.08439
827.614,0.0826975
1203.44,0.120219
1190.62,0.119045
2185.81,0.218493
1937.08,0.193583
695.901,0.0695539
1076.62,0.10765
1353.12,0.135157
646.205,0.0646124
948.432,0.0948367
1133.5,0.113287
1096.64,0.109647
1354.88,0.135418
834.993,0.0834611
1623.58,0.162321
903.304,0.0903296
1033.14,0.103298
698.135,0.0715794
1118.23,0.111817
909.987,0.0909384
967.264,0.0959815
1797.97,0.179788
4063.53,0.405159
986.331,0.0986199
966.934,0.0966735
2409.82,0.240865
1078.14,0.107811
1339.81,0.133332
1013.86,0.101381
3658.9,0.365122
1455.32,0.145452
1381.27,0.138063
2692.55,0.26895
1190.92,0.1189
1220.04,0.121897
877.767,0.0877415
1851.17,0.184163
822.791,0.0822154
1106.58,0.110639
771.952,0.077067
960.764,0.0960275
1705.98,0.170439
1537.74,0.153681
3457.12,0.345472
944.872,0.0944781
2120.63,0.211885
6957.44,0.692788
872.525,0.0872235
802.586,0.0802359
1183.14,0.118253
802.1,0.0801857
1255.48,0.125471
981.941,0.0981313
2270.62,0.227036
1588.7,0.158722
1253.54,0.125249
2446.62,0.244619
487.403,0.048691
1096.46,0.109611
1774.13,0.177396
1220.09,0.121979
823.288,0.082326
1146.68,0.114656
2608.45,0.26025
2934.27,0.292822
942.308,0.0942057
1985.76,0.197998
3067.38,0.306568
1233.9,0.123296
702.725,0.07027
825.296,0.0824682
2899.87,0.289743
1028.49,0.102833
829.629,0.0829586
1550.44,0.155005
1652.87,0.165144
522.6,0.0522532
1067.32,0.106657
764.088,0.0763809
843.185,0.0843102
2415.92,0.241532
589.331,0.0589271
1552.43,0.155076
1677.92,0.167742
1831.59,0.183147
818.359,0.0817973
911.765,0.0911545
1272.14,0.127183
1000.75,0.100051
1248.56,0.124847
9298.55,0.929353
1025.02,0.102461
1457.59,0.14572
1175.67,0.117551
711.928,0.0711699
1193.95,0.119337
1210.99,0.120923
1650.76,0.165057
1094.4,0.109432
1395.59,0.139425
826.765,0.082627
1115.43,0.111457
1376.39,0.137625
1329.69,0.132913
713.485,0.0713422
1493.2,0.148786
1539.17,0.153781
1279.34,0.127807
2807.52,0.280699
965.018,0.0964446
574.399,0.0574346
899.978,0.0896884
1405.63,0.140321
1357.12,0.135707
2416.79,0.241524
4751.56,0.474914
1382.75,0.13824
908.603,0.0908138
2116.83,0.211348
1994.13,0.199337
2485.59,0.248122
861.663,0.0861574
2001.27,0.199789
684.805,0.0684385
1752.34,0.175202
674.649,0.0674394
1450.85,0.145014
1230.61,0.122994
1281.33,0.127936
1037.71,0.103753
1480.75,0.147998
853.866,0.0853373
1247.04,0.124689
1832.25,0.182544
2301.27,0.22962
1336.72,0.133482
2025.27,0.2025
1386.49,0.138632
631.692,0.0629993
894.898,0.0894787
4977.75,0.496818
2917.15,0.291465
3026.73,0.302287
819.694,0.0817317
1665.71,0.166558
1135.43,0.113454
1587.76,0.158756
17553.8,1.74564
455.49,0.0455368
4926.32,0.492494
852.976,0.0852869
2301.22,0.230088
1093.45,0.109276
1307.9,0.130088
1713.51,0.171318
1490.77,0.149033
614.758,0.061015
2079.59,0.207883
3554.55,0.355368
964.488,0.0964406
877.312,0.0877021
1459.77,0.145002
1219.39,0.121926
1246.44,0.124567
1540.44,0.15395
1220.91,0.121807
875.545,0.0875533
1846.7,0.184542
1223.11,0.121958
1737.49,0.173705
1368.36,0.136808
1814.76,0.181379
802.196,0.0802152
1127.25,0.112275
1237.47,0.123731
7716.47,0.771083
554.402,0.0554183
3734.66,0.372698
1494.49,0.149416
1015.49,0.101525
1254.85,0.125466
1549.66,0.154857
1118.89,0.111855
827.877,0.0827412
712.669,0.0712141
1705.93,0.170576
2678.51,0.267322
634.553,0.0634423
1501.6,0.150124
1412.82,0.140979
2753.78,0.274379
1183.63,0.102133
3186.43,0.317325
2393.81,0.239208
763.789,0.0763743
603.533,0.0603209
1545.7,0.154501
1404.42,0.140121
999.476,0.099919
1333.24,0.133295
1533.16,0.153172
966.278,0.0964183
1452.05,0.145044
4488.26,0.448527
1127.6,0.11273
2025.28,0.202366
520.96,0.0520575
963.79,0.0963683
1212.09,0.121173
909.515,0.0908666
744.815,0.0744784
636.933,0.0636614
2301.5,0.229623
2518.08,0.251434
1266.27,0.126515
3301.86,0.33011
1554.27,0.15539
598.199,0.0597867
1959.89,0.195948
765.737,0.0765469
1194.96,0.119493
2156.76,0.215478
1187.55,0.118717
573.318,0.057308
1001.43,0.10008
18913.5,3.87256
2111.79,0.210972
819.255,0.0819091
4061.9,0.405889
785.763,0.0785467
1089.19,0.108732
1926.87,0.19257
1814.08,0.181389
1377.78,0.137678
2532.25,0.253202
1254,0.125358
1868.45,0.186771
1818.5,0.181799
973.166,0.0972835
2449.51,0.244827
1002.38,0.100184
12121.2,1.20926
1696.96,0.169679
1483.01,0.14821
798.667,0.0798044
1231.7,0.123127
676.25,0.0676133
2544.38,0.254422
1131.21,0.113028
1234.73,0.123366
878.21,0.0876956
1051.01,0.105073
1142.23,0.113501
575.834,0.0575478
894.565,0.0894478
961.632,0.0961554
1350.03,0.134964
1716.36,0.17156
1639.25,0.163564
1984.16,0.198391
1692.05,0.168999
1338.32,0.133785
1261.16,0.125882
684.224,0.0683746
1147.69,0.114752
1420.78,0.142073
1858.54,0.185612
1921.19,0.190705
621.383,0.0621367
1686.44,0.168474
788.009,0.0787902
1634.05,0.163121
1304.71,0.130263
4111.61,0.410749
1328.39,0.132796
3334.09,0.333054
1412.42,0.141095
982.355,0.0982043
693.579,0.0693279
842.915,0.0842621
4342.21,0.433676
3092.26,0.308796
1575.76,0.157453
1347.6,0.134751
1575.42,0.157451
1087.53,0.108679
999.769,0.0999705
1139.74,0.113739
2390.77,0.238758
1412.26,0.141204
1486.89,0.148683
3023.61,0.302332
1298.77,0.129863
2041.12,0.204035
765.09,0.0764958
1355.85,0.135454
14953.3,1.49441
1606.05,0.160265
2012.9,0.201193
1641.24,0.163825
2446.96,0.244674
912.136,0.0911887
1480.97,0.148086
3163.05,0.316053
1751.31,0.175088
1146.25,0.114608
1600.24,0.160002
1222.76,0.122136
3449.7,0.344918
2212.56,0.2212
954.626,0.093042
906.657,0.0906598
956.011,0.0955618
1338.38,0.13381
1025.04,0.102354
1782.9,0.178249
2489.75,0.248857
1915.49,0.188701
2438.74,0.243853
1363,0.135841
893.888,0.0893728
1207.49,0.120701
676.622,0.0676465
1052.49,0.105201
2267.81,0.226312
2440,0.243901
946.077,0.0946021
929.284,0.0928264
1043.39,0.104319
1145.28,0.114474
1037.84,0.103522
1037.33,0.103535
827.299,0.0826575
770.675,0.0770554
1466.68,0.145818
1131.84,0.113128
2467.32,0.246642
1116.93,0.111666
4597.9,0.459274
5500.37,0.548329
1184.11,0.118363
1062.76,0.106164
1070.72,0.107044
1717.35,0.171477
1466.32,0.146604
1929.48,0.192837
2452.09,0.245157
982.057,0.0982022
2207.27,0.220537
958.439,0.0958013
820.98,0.0820908
499.951,0.0499945
1545.92,0.154578
858.028,0.0857831
665.712,0.0665668
760.544,0.0760523
1392.23,0.139099
831.767,0.0831529
1549.6,0.154731
1029.94,0.102764
516.895,0.0516813
1215.37,0.121503
10439.3,1.03967
7566.7,0.755151
891.599,0.089123
1483.07,0.148221
1120.22,0.111468
4935.98,0.493382
3462.68,0.346048
8663.74,0.864737
1252.38,0.124978
3643.52,0.357437
1498.34,0.149686
8808.14,0.878741
1777.97,0.177685
1098.17,0.109775
497.177,0.0496773
1500.7,0.149948
778.303,0.0778159
983.005,0.0980882
936.45,0.0936005
1446.97,0.144624
1107.19,0.110702
1138.4,0.113771
2740.67,0.274042
1186.15,0.118415
830.064,0.0829718
911.298,0.0910562
1604.51,0.160385
1349.09,0.134893
1174.75,0.117405
695.52,0.0695183
1268.52,0.126619
2709.59,0.27078
2950.48,0.295014
791.443,0.0789592
842.264,0.0841965
1651.58,0.164321
2596.59,0.259478
705.831,0.0705676
1084.86,0.108462
2054.19,0.205145
848.219,0.0848089
2212.54,0.221115
2432.27,0.242549
959.928,0.0959139
854.307,0.0854225
2539.9,0.253686
3189.72,0.31887
1001.65,0.100146
996.225,0.0991616
989.769,0.098971
2419.89,0.241966
893.763,0.0893125
1360.12,0.135981
1522.3,0.152155
878.312,0.0878273
909.155,0.0908735
1068.62,0.106826
1171.48,0.117094
2025.41,0.202452
1844.17,0.181695
1475.7,0.147484
813.577,0.0813472
800.954,0.08006
531.066,0.0530822
9230.66,0.922119
1085.33,0.108517
873.99,0.0873068
1193.55,0.119322
831.144,0.082898
9634.47,0.960197
908.52,0.0907918
1303.66,0.130267
754.674,0.0754619
789.309,0.0789155
2066.96,0.206675
608.596,0.0608514
1546.18,0.154601
732.59,0.0732465
1583.85,0.15826
920.18,0.0920099
822.415,0.0821509
2071.52,0.206886
1508.9,0.150831
1659.52,0.16593
3324.72,0.332435
708.452,0.0707965
962.594,0.0962459
5525.06,0.550389
755.657,0.0730551
1240.63,0.12397
1084.32,0.108422
724.228,0.0723752
985.149,0.0984902
1024.68,0.102467
747.359,0.0747031
690.997,0.0690713
2773.37,0.277088
4528.57,0.45179
1608.09,0.16077
2682.82,0.267992
1017.17,0.101688
3478.95,0.347724
948.518,0.094752
1226.28,0.122543
2026.47,0.202023
1236.57,0.123084
607.714,0.0606903
979.024,0.0978827
2280.5,0.227998
1283.29,0.128312
921.746,0.0921558
518.058,0.0517778
5279.42,0.527471
878.48,0.0878451
635.506,0.0635463
4029.71,0.402631
1165.17,0.116433
2600.77,0.25708
1062.95,0.106158
1154.38,0.115402
1495.67,0.149371
902.761,0.0842084
1029.22,0.102845
4296.73,0.429208
2091.71,0.209091
2026.27,0.202585
1606.12,0.160585
948.701,0.0946138
1326.66,0.132625
4268.25,0.426032
1980.46,0.19744
1094.97,0.10947
3175.1,0.317303
832.51,0.0825113
476.902,0.0476502
1045.01,0.104432
1285.07,0.128472
5718.47,0.570685
1582.01,0.157822
819.86,0.0819719
531.42,0.0531332
895.798,0.0892435
2654.6,0.265362
1041.76,0.104121
1098.9,0.109806
1525.71,0.152309
1195.3,0.119506
1249.03,0.124738
3881.62,0.388113
3451.26,0.344233
3893.66,0.389143
1011.17,0.10086
981.066,0.0980792
1027.73,0.102757
1958.03,0.195648
805.829,0.0805772
1246.64,0.124651
1593.16,0.159218
905.696,0.090111
1985.6,0.19845
2339.89,0.233937
1112.56,0.111215
842.127,0.0842045
1435.4,0.143469
1803.49,0.180167
1159.2,0.115727
1159.59,0.115935
1739.19,0.173732
1126.67,0.112628
1041.17,0.104018
1329.07,0.132587
1531.52,0.153135
8604.23,0.857847
2036.9,0.203556
801.186,0.0800674
1163.98,0.116383
2488.5,0.248176
946.952,0.0946797
510.944,0.0510605
468.091,0.0467769
933.401,0.093284
1318.41,0.131822
1355.8,0.135531
1362.82,0.136181
2257.18,0.225654
1924.49,0.192256
3236.22,0.323355
2417.79,0.241668
1051.42,0.104956
966.87,0.0966742
973.099,0.0972521
1955.68,0.194908
1859.13,0.185875
3084.12,0.307371
1876.09,0.187532
4261.78,0.426124
1687.09,0.168623
1157.27,0.115716
2056.02,0.205483
655.515,0.0655258
14821.4,1.46766
2722.11,0.27001
637.224,0.0637072
971.34,0.0971027
1233.45,0.123296
801.552,0.0801444
1600.86,0.160044
1137.12,0.11366
1244.12,0.12439
968.944,0.0968903
595.154,0.0594861
1940.14,0.193753
653.147,0.0653007
1712.65,0.171186
2576.37,0.257596
2185.82,0.217615
1606,0.160562
987.841,0.0987504
1002.51,0.100235
898.097,0.089749
1795.29,0.179431
1168.68,0.116864
2375.02,0.237251
1698.52,0.169738
707.006,0.0706551
2458.33,0.245668
3483.42,0.347004
1614.36,0.161183
1283.49,0.128345
583.28,0.0583082
2347.63,0.234538
1064.19,0.106407
1793.61,0.179343
763.052,0.0762883
525.713,0.0525018
847.1,0.0846938
2122.86,0.21218
1402.44,0.140167
790.468,0.0790274
2654.21,0.265317
901.713,0.0901392
810.816,0.0810569
3205.84,0.320336
1046.71,0.104629
978.89,0.097662
1403.32,0.14026
1982.48,0.198137
2487.94,0.248581
1243.18,0.124304
1197.46,0.102887
624.406,0.0624373
2672.37,0.267038
976.166,0.0975242
2603.53,0.260103
1131.5,0.113097
504.976,0.0504509
1779.64,0.177907
1069.58,0.106943
574.121,0.0573987
2136.97,0.213552
874.923,0.0874778
2329.29,0.232787
24018.4,2.39057
1200.93,0.119903
1137.21,0.113031
498.365,0.0498332
16240.1,1.60031
8091.99,0.808654
2943.48,0.294295
1208.4,0.12058
1016.86,0.101628
525.29,0.0525176
1346.65,0.134625
1486.4,0.0744318
885.188,0.0885087
2277.82,0.22762
2347.11,0.234658
2019.59,0.201624
1796.8,0.179608
642.523,0.0641482
1609.78,0.160964
1275.49,0.127536
1328.69,0.132845
2144.41,0.214027
808.08,0.0807861
1320.68,0.132048
1944.16,0.194254
1338.41,0.133834
885.416,0.0884384
1246.41,0.124612
1176.09,0.117322
592.731,0.0592555
1190.19,0.118985
937.14,0.0936845
2908.53,0.290742
2136.47,0.212779
743.449,0.0742712
1082.5,0.107485
1715.32,0.171501
2636.13,0.26348
880.878,0.0880436
1338.32,0.133741
1078.01,0.107756
1195.19,0.118208
1043.89,0.104264
728.568,0.0727876
1023.02,0.102279
1633.85,0.163369
641.608,0.0641529
1523.86,0.152148
1268.75,0.126845
909.635,0.0909593
880.501,0.0880389
1869.57,0.186818
1407.1,0.139643
1769.53,0.17693
789.841,0.0789204
557.281,0.0557269
2051.36,0.204943
1696.57,0.169575
1470.29,0.145701
1443.06,0.144216
2297.42,0.229492
1065.29,0.106514
697.163,0.0697107
953.563,0.0952536
1353.49,0.135342
1334.19,0.133405
2567.32,0.256656
2438.46,0.243746
984.207,0.0983575
1593.93,0.159378
1929.52,0.192864
1942.63,0.19422
2468.17,0.242004
965.187,0.0965175
1735.69,0.173491
1038.24,0.102957
739.303,0.073774
619.961,0.061922
928.647,0.0928011
576.836,0.0576504
798.375,0.0798345
1042.29,0.104186
1546.96,0.154572
3196.37,0.319473
851.25,0.0850999
1089.55,0.108318
880.396,0.087823
1058.96,0.10587
3180.47,0.317973
5488.43,7.45597
1449.79,0.144505
5709.95,0.570944
2301.09,0.229561
805.015,0.0804529
1639.46,0.16291
972.331,0.0971827
720.208,0.0720117
982.541,0.0982448
534.134,0.0534123
802.558,0.0802317
873.021,0.0872966
1288.36,0.128651
1080.61,0.107321
1277.29,0.127681
1402.13,0.13998
1331.91,0.132946
900.641,0.0900501
1122.64,0.112041
915.866,0.0915681
1002.02,0.100151
1141.37,0.114119
2028.37,0.202712
1548.79,0.149914
1919.95,0.191836
2322.4,0.232121
1732.07,0.173111
630.171,0.0629409
1677.08,0.167464
602.912,0.0602861
1378.18,0.137736
1211.97,0.121143
2396.5,0.23963
1420.16,0.141987
1917.93,0.191773
667.152,0.0666878
565.336,0.0565295
923.557,0.0922636
1833.3,0.183197
1021.38,0.102135
1359.04,0.13581
490.582,0.0483676
1942.94,0.194245
551.053,0.0550091
914.092,0.0913853
1965.99,0.19571
836.174,0.0834779
6567.94,0.65669
1060.84,0.106073
1590.8,0.158997
496.992,0.0496899
1050.38,0.104994
890.711,0.0890476
1760.62,0.175851
964.901,0.0964553
1512.58,0.150901
1094.92,0.10942
1875.49,0.187336
1311.26,0.131114
2751.89,0.274591
1271.42,0.126844
6285.02,0.62811
761.724,0.0761663
1522.21,0.152172
975.033,0.0974482
978.179,0.0978154
1173.63,0.117319
1898.28,0.189758
12858.1,1.27969
848.997,0.0848906
1737.81,0.173757
891.561,0.0891364
1127.55,0.112715
1589.36,0.158838
2390.66,0.238797
1072.92,0.107183
1750.68,0.174286
931.955,0.0931923
1250.15,0.124976
2885.26,0.288346
773.237,0.077319
1094.33,0.109354
1233.58,0.123288
1781.24,0.177276
1150.46,0.115029
1817.71,0.181752
2505.42,0.250207
434.129,0.0432906
827.525,0.0824361
1008.3,0.100818
1662.83,0.166191
1136.85,0.113675
1393.14,0.13923
685.991,0.0685932
1466.99,0.146633
622.737,0.0622282
2666.54,0.266334
5143.89,0.513543
1170.19,0.116905
1071.11,0.106799
1073.62,0.107322
677.922,0.0676786
1278.96,0.127622
1093.27,0.109236
1842.2,0.184197
1387.48,0.138639
1058.83,0.085646
1027.5,0.102739
688.624,0.0688434
1634.41,0.163347
3975.4,0.397383
1387.33,0.138726
1797.75,0.179563
2468.93,0.2467
1085.76,0.108492
690.94,0.069063
1244.27,0.124309
1095.5,0.10952
592.921,0.0592647
805.066,0.0804811
1084.33,0.108418
4716.46,0.471314
924.54,0.0924195
610.732,0.0610712
1334.91,0.133485
1731.01,0.173019
1072.08,0.107057
936.388,0.093629
1494.22,0.149397
830.275,0.0830197
1036.67,0.103616
1275.49,0.127467
6018.19,0.601494
2010.07,0.200736
1802.8,0.180226
1030.16,0.102577
623.513,0.0623487
1022.61,0.102091
762.558,0.0761793
3150.23,0.314994
1666.22,0.166496
1151.45,0.115104
1259.88,0.12596
1901.71,0.190078
1989.86,0.198941
638.573,0.0638303
1819.31,0.181896
795.681,0.0795599
1846.93,0.184384
1297.91,0.129763
1579.65,0.15796
920.826,0.0920554
1130.04,0.112684
1501.28,0.150088
1149.92,0.114922
1041.74,0.104154
1101.53,0.110143
773.218,0.0770696
1742.64,0.174191
1200.16,0.119929
993.395,0.0993249
1505.17,0.150383
1474.95,0.147403
1049.95,0.104916
2546.94,0.254543
856.368,0.0855871
988.185,0.0987592
1107.4,0.110728
1479.55,0.147784
1066.75,0.106655
995.305,0.0995189
1287.38,0.127642
720.279,0.0719258
2048.24,0.204761
927.374,0.0927025
1261.61,0.12613
1077.9,0.107768
1560.06,0.155921
1796.52,0.179328
967.312,0.0966113
1692.94,0.169197
1044.44,0.104433
1015.44,0.101538
739.821,0.0739769
1738.66,0.173717
572.433,0.0571937
1075.62,0.107533
6298.76,0.628181
2394.26,0.239347
3555.11,0.355265
2211.97,0.22092
1288.88,0.107529
690.931,0.0690136
830.195,0.0830148
1769.92,0.176963
967.172,0.0931798
1333.47,0.132894
1180.5,0.118001
2591.5,0.258836
1228.63,0.122746
552.733,0.0552709
761.34,0.0761283
1871.93,0.186961
998.519,0.0997983
3076.62,0.307162
1515.76,0.151496
929.026,0.0928456
1213.56,0.12132
2048.18,0.204629
938.552,0.0938098
2226.35,0.223506
1075.48,0.107524
1089.36,0.108911
1402.23,0.140171
1176.04,0.117569
1377.75,0.137521
1624.56,0.162418
4003.15,0.400128
1500.08,0.150001
10826.4,6.55896
1314.92,0.131477
1568.27,0.156793
1123.49,0.112279
1316.92,0.131549
881.155,0.0880799
2564.71,0.256279
994.829,0.0994712
3300.57,0.32993
1549.34,0.154909
743.885,0.0743197
935.202,0.092929
2575.42,0.25683
1079.58,0.107838
976.43,0.0976368
895.9,0.0895789
1197.37,0.119628
1052.78,0.105111
1163.29,0.116276
1528.79,0.152366
1011.75,0.10108
1013.45,0.101236
1278.84,0.127796
983.197,0.0983131
2595.43,0.259498
5456.59,0.545541
1074.16,0.107407
1945.91,0.194468
3517.29,0.35169
1172.34,0.117218
770.045,0.0769979
2235.65,0.223435
1111.37,0.111134
844.677,0.0844139
1466.07,0.146443
903.604,0.090309
471.038,0.0469149
1463.58,0.146164
2225.65,0.222401
1185.41,0.11747
8273.3,0.825734
563.18,0.0562931
1001.01,0.100099
1228.58,0.122838
736.629,0.0736496
1553.97,0.155297
763.634,0.0763456
2391.64,0.239152
1196.67,0.119521
1075.65,0.107557
1012.66,0.101239
931.13,0.092437
1085.92,0.108551
636.219,0.0635741
1142.95,0.114274
2263.42,0.225767
1976.65,0.197618
698.915,0.0698894
871.347,0.0871163
2137.19,0.213463
3934.97,0.393311
2227.27,0.222454
1845.8,0.18454
2390.69,0.237855
1454.88,0.145427
1867.04,0.186695
1340.16,0.133944
1047.14,0.104663
1616.29,0.16161
1016.88,0.101685
1543.38,0.154324
807.987,0.0807757
790.746,0.0790196
1025.08,0.102503
751.493,0.0751356
637.654,0.0637622
1589.98,0.158898
1328.09,0.132791
859.233,0.0859031
2345.17,0.234485
2115.67,0.21151
1441.33,0.143923
2050.93,0.204509
784.485,0.0784429
1006.08,0.100442
1335.88,0.133453
2446.05,0.244565
1221.4,0.12201
716.92,0.0716715
1077.92,0.107669
1181.06,0.118099
855.263,0.08534
2327.89,0.232575
1026.56,0.102646
779.191,0.0778925
1301.95,0.128708
2621.23,0.262029
1599.18,0.159854
836.81,0.0836685
2529.39,0.251427
785.032,0.0784786
4284.76,0.42794
1262.32,0.126129
1563.72,0.156363
1147.33,0.114445
3941.78,0.394059
4972.77,0.496633
2220.6,0.221936
1395.44,0.139521
1031.8,0.103156
1062.71,0.106011
2226.69,0.22245
10609,1.06076
1054.9,0.105485
1465.88,0.146487
1930.7,0.192861
1276.38,0.127163
5834.81,0.581479
1476.25,0.147612
1503.5,0.150269
1209.15,0.120875
2126.62,0.212214
762.077,0.0761982
1284.83,0.128467
1093.33,0.109325
665.216,0.0664648
1066.72,0.106662
510.081,0.0509795
3725.21,0.372376
2977.26,0.282529
2074.65,0.206572
830.559,0.0829149
1572.13,0.157183
15679.9,1.56261
2050.94,0.204667
2607.26,0.260606
1114.45,0.111421
974.82,0.0967786
1347.81,0.134736
742.779,0.073858
1414.41,0.141243
638.043,0.0635516
772.999,0.0772874
970.611,0.0970501
5848.74,0.583214
2214.54,0.221073
3719.13,0.371862
4983.36,0.497387
1094.22,0.109277
1015,0.101417
986.218,0.0985994
3402.13,0.193075
1115.37,0.111382
868.27,0.0868183
3441.57,0.34356
2618.75,0.259838
602.901,0.060288
912.102,0.091205
3207.42,0.320575
3378.15,0.337572
741.696,0.0741601
2449.01,0.244576
1346.55,0.134456
1019.39,0.101932
1082.53,0.108108
1495.11,0.149482
1210.16,0.120904
1356.25,0.1356
2099.05,0.209509
2105.65,0.210541
2881.47,0.287617
4759.58,0.475647
1089.03,0.108702
649.131,0.06489
846.487,0.0846455
656.824,0.0656724
836.914,0.083636
1198.48,0.119831
1104.97,0.110449
5811.31,0.580459
786.371,0.0786021
18949.4,1.88492
677.917,0.0677556
1156.05,0.115558
886.079,0.0886046
2600.47,0.259844
1023.99,0.102299
7101.09,0.707761
887.019,0.0886995
1163.84,0.116289
8306.91,0.82871
1648.47,0.164705
1153.2,0.116171
1334.59,0.133272
1269.32,0.12691
10930.5,1.09122
1402.74,0.140256
939.808,0.093704
822.012,0.0821651
1681.79,0.167977
1165.28,0.116505
2367.67,0.236416
1179.45,0.117876
2106.41,0.210612
2248.05,0.224446
927.082,0.0926567
1304.8,0.130194
2506.95,0.250405
1188.87,0.11886
1056.03,0.105556
1736.96,0.173427
799.764,0.0799611
1448.35,0.144823
1153.03,0.115257
820.05,0.0819921
1632.01,0.163056
1678.61,0.167842
589.529,0.0588454
1602.93,0.160194
1086.18,0.108583
653.689,0.0653676
1296.21,0.129614
990.213,0.0986918
673.734,0.0673719
1506.03,0.150478
2044.23,0.204412
1115.07,0.1115
1358.18,0.135631
781.221,0.0779995
1076.41,0.107636
1457.67,0.14572
1310.05,0.130921
967.138,0.0964964
918.871,0.0918664
1043.23,0.104302
794.054,0.0792852
969.846,0.0967689
614.424,0.0614081
944.319,0.09413
1010.21,0.100992
731.221,0.07312
1264.69,0.127491
3676.98,0.367283
939.543,0.0939391
814.419,0.0814163
2377.87,0.237633
2174.88,0.217406
690.026,0.0689687
1931.84,0.192972
738.87,0.0738826
796.834,0.0796444
2060.43,0.205994
789.202,0.0789158
2952.91,0.295217
868.37,0.0868304
1821.7,0.182147
1139.31,0.113878
1832.73,0.182998
1030.98,0.103068
1117.29,0.111722
1563.19,0.156144
3142.32,0.314172
1186.68,0.118658
1013.58,0.101352
1305.23,0.130513
742.226,0.0740508
1134.25,0.113405
1254.33,0.12542
859.994,0.0859827
738.236,0.0737869
1286.01,0.128458
2205.43,0.219995
802.438,0.0802278
873.902,0.0873633
2606.4,0.260447
1064.42,0.106403
1871.59,0.184218
1167.99,0.116784
2559.71,0.255611
1915.72,0.191409
1231.08,0.123082
1131.62,0.113157
707.815,0.0707424
1289.51,0.12889
876.406,0.0874888
609.138,0.060904
1317.86,0.131754
646.212,0.0646077
1274.21,0.127376
1001.91,0.100094
712.349,0.0710811
615.009,0.0614734
3157.89,0.315426
2085.94,0.20858
1643.74,0.164362
727.197,0.0726935
1047.71,0.104753
1486.27,0.148548
1459.18,0.145882
2110.46,0.210769
1795.24,0.179454
1032.59,0.103258
3560.78,0.355973
1020.51,0.102001
1294.4,0.129343
687.589,0.0687468
1120.99,0.112073
1217.41,0.121581
769.928,0.0769868
1669.71,0.166419
1082.99,0.108076
1355.25,0.135496
748.902,0.0747939
2141.36,0.214091
2755.4,0.275489
1333.85,0.133366
1816.4,0.181622
888.094,0.0887699
1411.1,0.141069
981.077,0.0980508
1056.07,0.105559
1441.49,0.14409
1107.72,0.110591
1292.38,0.129219
1463.74,0.146303
633.545,0.0630979
2241.59,0.224105
1362.25,0.136194
1072.86,0.105887
1425.05,0.142334
2365.74,0.236439
999.173,0.0998842
1647.65,0.164584
2026.52,0.202332
732.898,0.0732054
912.894,0.0924299
1128.56,0.112729
960.924,0.0960556
959.077,0.0959014
720.859,0.0720643
1113.9,0.111367
957.227,0.095672
4882.19,0.488532
5786.28,0.57856
1335.68,0.133515
1186.15,0.118358
1646.38,0.162284
658.15,0.0657997
1135.12,0.113357
1046.65,0.104629
1910.65,0.191005
1102.58,0.10998
618.533,0.0618405
1134.42,0.113391
977.172,0.0976836
1496.93,0.149642
3029.16,0.302428
1825.9,0.182411
1057.59,0.105735
847.702,0.0847508
1182.73,0.118242
838.575,0.0838277
4184.11,1.39259
2426.54,0.242487
21803.6,2.16598
855.195,0.0855117
1199.96,0.11972
2393.15,0.239279
1027.38,0.10269
12740,1.27024
827.585,0.0827524
1669.38,0.166917
657.308,0.0657101
1255.34,0.124508
951.306,0.0950952
1042.74,0.10418
2721.81,0.272103
2043.15,0.202991
2127.98,0.212745
880.997,0.0880671
1315.94,0.131584
942.441,0.0942387
702.719,0.0702477
1175.34,0.117396
1340.43,0.133969
1685.9,0.168475
2999.44,0.299669
1330.93,0.132949
6400.38,0.639556
1016.94,0.101668
1298.23,0.129801
1460.74,0.145993
1425.11,0.14246
1042.65,0.104263
888.085,0.0887006
836.975,0.0836886
2020.13,0.201947
1498.97,0.149873
786.2,0.0785247
950.683,0.0949117
1501.29,0.150038
941.371,0.0941213
2535.06,0.253405
979.87,0.0979211
1187.58,0.118692
1095.54,0.109006
1688.6,0.168747
867.142,0.0866828
1320.19,0.132009
1406.64,0.140658
8292.02,3.34334
4624.19,0.462191
1007.21,0.100532
1218.93,0.121883
533.415,0.0533076
1010.47,0.101024
727.807,0.0727755
1272.54,0.127236
825.045,0.0823382
719.088,0.0718243
1298.88,0.129726
983.697,0.0983318
1193.33,0.119247
976.504,0.097626
2383.12,0.237244
2443.05,0.244271
1271,0.127084
1322.64,0.132195
1623.18,0.162232
1234.58,0.123409
1110.04,0.110611
525.967,0.0525723
1279.9,0.127885
2999.07,0.299761
897.887,0.0895787
2662.26,0.266197
2393.3,0.239268
2284.95,0.228422
1803.6,0.18027
1362.47,0.136089
2169.12,0.216829
590.41,0.0589886
1257.64,0.125755
3018.63,0.301608
536.944,0.0536711
7972.93,0.796659
790.94,0.0790611
998.687,0.0998464
1095.35,0.109506
4742.81,0.473266
1644.58,0.164413
1037.87,0.103448
1019.97,0.101795
668.198,0.0667847
2272.79,0.226785
1653.12,0.165185
991.377,0.0991088
2252.89,0.225009
2729.53,0.272927
1782.33,0.177667
1185.71,0.118548
708.271,0.0708128
1584.51,0.158158
641.157,0.0640259
1576.41,0.15752
853.413,0.08529
1551.63,0.155159
657.067,0.0642646
1987.83,0.198581
345.754,0.0345752
835.023,0.0834864
1771.97,0.177182
1694.73,0.169426
1487.65,0.148695
1051.78,0.105135
12365.6,1.23528
1746.03,0.174481
5229.2,0.52091
2096.48,0.20516
1812.19,0.181198
1433.67,0.143339
924.109,0.0922923
1898.77,0.186526
692.205,0.0691684
4999.27,0.499737
824.672,0.0824593
825.504,0.0825202
1992.18,0.199189
2110.18,0.210999
1287.83,0.128721
1122.52,0.1122
1482.1,0.148123
1177.69,0.117727
1457.47,0.145687
773.409,0.0773227
1144.15,0.114344
603.126,0.0603091
1101.61,0.110079
1561.54,0.156022
917.966,0.0915911
889.516,0.088877
719.947,0.0719902
814.379,0.0813896
1310.08,0.130953
1637.62,0.163744
873.674,0.0872672
927.663,0.0927527
1630.18,0.162975
2157.54,0.215686
1163.36,0.116328
753.704,0.0753112
1571.61,0.156549
824.434,0.0822855
715.556,0.0715425
5258.24,0.525657
672.283,0.0672102
1305.02,0.130484
1112.41,0.111232
1262.67,0.126253
1400.07,0.139912
739.401,0.0739113
734.668,0.0733872
915.39,0.0915374
847.612,0.0842979
1039.29,0.103903
1975.36,0.197312
635.684,0.0635558
2962.31,0.296211
463.92,0.0463317
550.533,0.0550342
1693,0.166638
1369.68,0.136778
712.719,0.0712645
1518.97,0.151377
412.757,0.0412752
1132.27,0.113159
1258.22,0.125703
4171.06,0.416682
737.991,0.0737912
3547.38,0.35463
1488.5,0.14884
1189.36,0.118869
1307.91,0.13078
999.096,0.0999042
1626.97,0.162468
1493.74,0.149278
777.764,0.077774
1587.76,0.158745
985.81,0.0985368
2953.23,0.295231
1702.01,0.170173
1036.58,0.103649
834.893,0.0834191
1647.17,0.164675
2837.75,0.283603
285.816,0.0285809
2032.25,0.20309
1333.26,0.133259
1668.72,0.166843
510.844,0.0510822
1018.56,0.101842
1411.56,0.140955
4126.36,0.412453
675.735,0.0675447
1130.5,0.112982
830.955,0.0830946
1427.18,0.142701
2130.28,0.213003
1405.28,0.140495
821.446,0.0821381
891.677,0.0891567
7231.28,0.72226
1012.81,0.101276
627.882,0.0627729
810.865,0.0810447
1104.93,0.110488
1704.92,0.170483
878.198,0.0878075
778.234,0.0778163
1385.66,0.138155
1595.06,0.1594
1757.96,0.175308
693.872,0.0693239
1208.45,0.120623
1478.44,0.147822
667.929,0.0667897
1039.31,0.103886
1285.32,0.128504
891.415,0.089116
1550.22,0.154927
868.236,0.0868099
588.937,0.058855
1652.46,0.164976
2398.08,0.239287
935.342,0.0934628
1847.54,0.182738
2822.79,0.281748
1278.53,0.127691
575.496,0.0564131
855.833,0.0855341
834.545,0.0834324
1185.83,0.11842
1857.33,0.185671
1024.73,0.102432
1906.89,0.190681
2058.95,0.205818
2083.15,0.208223
911.878,0.0911623
733.879,0.073376
915.33,0.0914574
1329.02,0.132868
1219.07,0.121749
1316.33,0.131568
3370.22,0.336485
1209.17,0.120905
2514.77,0.251332
879.79,0.0879056
1886.71,0.188373
882.647,0.0882555
2009.09,0.200847
771.308,0.0771169
1339.42,0.133913
784.792,0.0784742
5951.93,0.593803
953.592,0.0953514
628.303,0.0625919
6303.73,0.629339
1006.81,0.100607
1703.57,0.170241
607.911,0.0607307
19206.5,1.90389
1976.98,0.197663
672.292,0.0671752
1643.71,0.163877
1154.8,0.115376
1148.8,0.114859
803.369,0.0803049
1569.7,0.156946
1293.2,0.129234
1412.86,0.1411
2113.23,0.210812
1122.27,0.11222
995.771,0.0995315
1145.56,0.114502
716.097,0.0716079
6233.56,0.623111
859.416,0.0859229
1232.48,0.123147
1114.49,0.111327
1228.46,0.122801
896.207,0.0893775
3072.71,0.306982
1058.8,0.103655
3783.36,0.378028
2256.87,0.22552
2706.33,0.270512
1590.52,0.159031
738.019,0.0737722
1101.59,0.110085
640.287,0.0640204
1045.63,0.104536
1253.05,0.124946
791.442,0.0785552
909.964,0.0909901
1797.53,0.179656
932.331,0.0931786
767.612,0.0767233
940.67,0.0940471
2564.64,0.256337
1244.22,0.12425
1287.32,0.128715
17966.6,1.78941
630.277,0.0629753
1206.2,0.120503
621.013,0.0620877
994.056,0.0993291
1567.69,0.156727
999.421,0.099922
1405.76,0.139898
907.782,0.0907648
1165.37,0.116495
1628.64,0.162844
1492.05,0.148986
845.972,0.0845262
1829.55,0.182543
2262.52,0.226204
1184.34,0.118234
1213.48,0.121288
819.517,0.0819446
1138.26,0.113769
618.563,0.0618482
602.755,0.0602741
3006.6,0.300546
1823.69,0.182017
973.948,0.097311
1004.14,0.100379
1498.43,0.149683
768.95,0.0768761
926.038,0.0926014
1425.63,0.142456
2289.1,0.227404
2280.61,0.227906
861.686,0.0859683
3396.26,0.33956
1226.3,0.122624
764.318,0.0764185
813.919,0.081338
1546.63,0.154431
1104,0.110392
1905,0.190488
862.242,0.0861907
1945.67,0.194359
2680.81,0.267496
1054.57,0.105419
4018.73,0.401811
1437.39,0.143408
732.387,0.0732262
1991.9,0.198629
1181.98,0.118156
1100.6,0.110052
1570.06,0.156811
1752.54,0.174333
1769.24,0.176849
1847.31,0.184623
908.397,0.0907011
1183.77,0.118337
1535.88,0.153513
1488.1,0.148677
812.632,0.081141
2161.23,0.215886
784.973,0.0784898
1487.96,0.148727
988.008,0.0987959
978.625,0.0977984
873.587,0.0870128
1978.33,0.197785
1347.1,0.134374
951.28,0.0950756
1482.72,0.148266
2207.4,0.220709
1342.39,0.134217
754.354,0.0754323
826.47,0.0826085
800.452,0.0799661
3665.84,1.62811
1050.49,0.10502
1089.88,0.108907
2061.93,0.206021
2518.12,0.251731
3541.03,0.353616
6907.84,0.688721
927.279,0.0927098
1233.39,0.123333
921.803,0.0921473
1272.23,0.127213
10384.5,1.03515
1278.49,0.127847
729.826,0.0729246
1902.1,0.190073
1444.64,0.14445
1498.28,0.149803
1502.93,0.150276
2363.38,0.236259
1020.34,0.101927
2039.23,0.203896
885.474,0.0881331
1074.76,0.107396
2279.38,0.227923
1024.09,0.102354
1174.67,0.117459
1396.86,0.139664
700.491,0.0700391
1450.33,0.145013
868.368,0.0868196
1138.32,0.113815
2534.39,0.253291
1608.69,0.160793
747.683,0.0747232
800.457,0.0800103
839.115,0.0836675
1428.28,0.142801
770.173,0.0769915
544.265,0.0543985
821.456,0.0821284
2033.18,0.203296
1487.32,0.148644
1347.65,0.134718
1110.86,0.111028
1653.75,0.166544
4435.58,0.443258
929.795,0.0929768
1148.96,0.114862
2353.21,0.235274
2149.73,0.214532
893.764,0.0893376
1588.99,0.158274
1208.88,0.120643
1295.36,0.129477
4584.09,0.457239
2787.14,0.27853
1538.71,0.153846
1223.21,0.122302
2668.07,0.26654
1098.5,0.0785508
6756.27,0.67529
1050.96,0.105054
782.647,0.0781407
1548.6,0.154815
1364.51,0.136241
1090.19,0.108584
1089.81,0.108953
802.187,0.0798338
2653.01,0.265107
2897.03,0.289547
3939.76,0.393792
956.655,0.0956301
1038.94,0.103833
1209.18,0.120836
1663.22,0.166131
3418.97,0.341811
868.096,0.0867801
768.865,0.0768691
1621.44,0.159852
1248.22,0.124749
3412.9,0.340994
1147.64,0.114395
787.342,0.0785916
1434.24,0.143382
2238.47,0.223628
2140.32,0.213962
1131.9,0.113034
1252.63,0.125255
659.222,0.0658595
1035.1,0.103471
703.445,0.0703128
1053.11,0.105159
1138.35,0.113821
1627.7,0.162527
1193.47,0.119126
1228.74,0.122821
1152.85,0.115206
1825.7,0.182527
1083.21,0.1082
1931,0.192965
1140.59,0.114031
1512.31,0.151012
835.736,0.0835008
1111.58,0.111127
1328.66,0.132736
1308.58,0.130803
736.125,0.0734923
827.22,0.0827067
819.636,0.0819525
1179.37,0.117916
3409.42,0.340285
1064.6,0.106399
1224.85,0.122356
923.103,0.09229
709.746,0.0709296
1133.74,0.113352
431.195,0.043065
1109.34,0.110857
2590.17,0.258929
1413.94,0.141363
1707.62,0.170433
973.681,0.0973241
1976.73,0.19734
1238.97,0.123872
1925.95,0.192275
1432.76,0.143241
758.072,0.0757744
1448.02,0.144765
632.23,0.0631993
898.249,0.0896104
3303.79,0.330102
1141.27,0.114105
2957.49,0.295696
1050.27,0.105019
1018.22,0.10181
1632.21,0.16303
557.011,0.0556451
3964.28,0.396146
769.516,0.0768484
1248.61,0.124855
972.723,0.0972625
2033.33,0.203308
841.573,0.0841433
812.986,0.0812769
1103.48,0.10924
1117.01,0.111689
1227.67,0.122641
2932.98,0.292923
2892.39,0.289034
6643.06,3.44912
1517.25,0.151699
803.504,0.0803325
970.159,0.0970088
1270.49,0.127042
1626.22,0.162616
2545.68,0.253699
1412.86,0.141153
1712.02,0.17107
1613.25,0.161161
778.183,0.0778113
4800.31,0.479866
1175.07,0.117496
1359.45,0.135697
7022.94,1.03955
1269.85,0.126971
443.217,0.0443198
875.77,0.0875752
2343.2,0.234029
3103.19,0.310224
1248.63,0.124856
2828.8,0.282082
1612.31,0.16122
800.119,0.0798931
1079.15,0.107852
1260.45,0.125972
1046.59,0.104584
1678.43,0.167755
1640.41,0.163093
703.547,0.0703301
1091.38,0.108722
2360.88,0.235991
1500.25,0.14979
1499.06,0.149898
14702,1.4611
1473.49,0.1473
730.255,0.0730209
1447.55,0.144669
1870.88,0.186858
1740.67,0.17401
966.794,0.0966628
2343.87,0.230291
793.129,0.0792997
954.7,0.0954467
1368.17,0.136783
1403.26,0.140125
1949.84,0.194794
1103.57,0.110289
3004.38,0.300121
12720.3,1.26378
885.774,0.0885549
1289.89,0.128863
1632.31,0.163164
1727.32,0.172607
483.247,0.0483238
1404.88,0.140449
1563.97,0.15617
887.256,0.0886874
2297.78,0.229686
1011.35,0.100513
843.499,0.0843451
937.765,0.0937034
852.062,0.0852025
1750.81,0.170724
2312.95,0.231061
875.009,0.0843715
2400.45,0.239919
2792.86,0.279198
1393.39,0.139263
1749.97,0.174908
2346.57,0.234329
1068.85,0.106837
1111.28,0.111098
945.38,0.0940404
1239.23,0.123872
1197.62,0.119737
710.425,0.0708764
3127.17,0.312548
1153.18,0.11524
1325.12,0.131433
947.764,0.094731
1885.25,0.188252
10238.2,1.02314
738.269,0.0737556
1286.64,0.128627
557.746,0.0556991
1349.84,0.134783
914.621,0.0914337
1023.46,0.102189
1027.73,0.102724
7995.02,0.799117
1839.18,0.18385
1194.57,0.119444
951.039,0.0950974
923.49,0.092128
1517.07,0.151642
4024.41,0.401473
796.189,0.0796059
4283.62,0.424307
832.444,0.0832133
3603.62,0.36021
5212.62,0.520687
8540.9,0.853159
1466.02,0.146551
2166.5,0.216616
1145.45,0.11447
909.067,0.0908891
901.236,0.0901212
1467.68,0.146443
801.914,0.0801845
1565.06,0.156451
1302.68,0.130263
1899.47,0.18993
1852.21,0.18511
2653.05,0.265242
3220.38,0.321924
1150.32,0.115019
1242.7,0.123888
1864.26,0.186411
1994.88,0.199343
989.759,0.0989335
14234,1.41955
1006.92,0.100684
1037.2,0.103667
1313.6,0.131271
1305.15,0.130362
1125.43,0.112388
5944.85,0.59273
899.396,0.0899314
777.108,0.0774247
2568.76,0.256609
6129.43,0.611929
858.664,0.0851785
573.786,0.0573747
683.622,0.0683545
944.149,0.094413
1167.67,0.116712
1044.8,0.104475
1068.49,0.106684
1297.57,0.129649
910.883,0.09108
919.503,0.0892278
4032.49,0.398795
572.829,0.0572524
630.756,0.0629665
3396.53,0.339564
3400.11,0.339536
1604.93,0.160457
1615.14,0.161276
766.813,0.0766541
1203.97,0.120381
928.591,0.0928381
992.034,0.0991275
739.631,0.0738928
1140.26,0.11384
1899.77,0.189451
881.645,0.0881158
1033.8,0.103294
1916.55,0.191174
657.977,0.0657732
2015.58,0.201175
1225.76,0.12255
920.733,0.0916333
1430.34,0.142922
1989.22,0.198843
598.143,0.0597996
2204.76,0.219841
1350.02,0.13488
1248.45,0.124776
642.599,0.064183
856.723,0.0856589
1200.46,0.119904
1115.15,0.111431
868.458,0.0867564
735.39,0.073495
1180.23,0.118008
581.836,0.0581828
8618.9,2.94138
3702.71,0.368462
1062.26,0.106222
1270.63,0.127031
902.446,0.0902215
1156.16,0.115562
1805.49,0.180526
889.528,0.0889244
1156.93,0.115617
1035.04,0.109789
1421.93,0.142181
2211.7,0.221076
7954.34,0.785825
1693.87,0.169381
1412.6,0.141191
844.519,0.0844344
795.91,0.0795622
1011.18,0.101114
793.396,0.0793289
551.642,0.0551595
841.475,0.0840643
2625.36,0.262081
3211.23,0.320484
979.784,0.0979663
924.871,0.0924769
1581.62,0.158131
1004.27,0.100345
989.623,0.0988997
2253.87,0.22535
954.363,0.0951906
1869.97,0.186972
10791.9,1.07735
2999.28,0.29969
1049.95,0.104956
2067.63,0.206614
985,0.0968875
768.322,0.076787
2997.41,0.299346
5119.04,0.511792
687.37,0.0687141
679.918,0.0679712
667.831,0.0667728
1049.79,0.104694
2250.4,0.121644
1053.82,0.105211
813.657,0.0813326
1014.31,0.101398
1523.44,0.152313
816.415,0.0816279
2119.28,0.211886
906.138,0.0906061
880.917,0.0880673
1117.57,0.111741
700.127,0.0699898
1229.47,0.122358
2916.83,0.291343
1341.34,0.134113
2263.8,0.226117
1461.57,0.146002
8703.97,0.868719
822.098,0.0821707
1515.7,0.151553
728.122,0.0728047
934.527,0.0933567
733.901,0.0733439
2137.5,0.213547
2264.41,0.226265
566.632,0.0566473
1682.49,0.168057
359.677,0.0359595
1205.3,0.120527
1331.15,0.133101
3121.63,0.311443
1110.16,0.111001
1119.89,0.111988
1033.24,0.1033
5193.75,0.518066
1349.32,0.13476
842.878,0.0842539
2067.01,0.206544
1172.73,0.117251
3812.44,0.38079
2631.02,0.263037
724.008,0.0723627
1373.46,0.13728
1221.07,0.121986
3134.22,0.31332
1043.47,0.104312
4054.38,0.40536
807.068,0.080558
7758.28,0.775054
777.626,0.0777487
802.099,0.0789148
911.758,0.0911291
1272.41,0.127158
1273.64,0.127352
1720.76,0.171568
1086.89,0.108638
2867.25,0.286579
2780.51,0.277978
1012.39,0.101205
1562.03,0.155977
860.278,0.0858
734.509,0.0734345
2989.05,0.298281
1630.43,0.162946
1193.99,0.119371
1145.51,0.114547
1205.66,0.120395
2162.73,0.216158
1581.69,0.158082
1003.31,0.100153
1035.66,0.103544
1999.09,0.19984
696.314,0.069596
1082.19,0.108209
1701.7,0.170137
1968.02,0.196786
2276.66,0.22692
1162.45,0.116187
757.782,0.0757753
1423.51,0.142324
692.176,0.0691993
793.253,0.0792793
1089.73,0.108965
1780.23,0.177617
804.294,0.0804098
1007.73,0.100287
1329.48,0.132928
1018.63,0.101783
996.069,0.0995645
947.844,0.0947722
1312.21,0.131182
1761.25,0.175935
2013.82,0.20127
1123.11,0.112227
1496.75,0.149631
3557.8,0.355365
2916.03,0.291468
1061.63,0.106125
1669.22,0.166892
1165.94,0.116561
1007.72,0.100749
2767.17,0.27653
797.094,0.0797035
2365.93,0.235932
3152.46,0.315171
4378.28,0.437736
900.206,0.0900078
3185.32,0.318463
3929.36,0.392459
887.973,0.0887682
909.22,0.0908642
1033.67,0.103338
1733.82,0.173288
558.718,0.0558103
2145.37,0.214308
1249.82,0.124492
1418.87,0.141024
977.446,0.0977195
705.622,0.0705204
1882.81,0.188195
1455.16,0.145472
1002.25,0.100218
4207.2,0.419903
1686.14,0.168471
860.806,0.0860796
2030.03,0.202884
821.052,0.0819332
510.113,0.0509881
1528.6,0.152788
1496.71,0.149496
2070.94,0.207075
972.124,0.0971966
7779.39,0.777297
1439.97,0.143889
1002.64,0.09973
1030.04,0.102956
1780.73,0.177587
3148.27,0.314689
2474.91,0.247419
756.841,0.0756608
963.652,0.0963266
1316.77,0.131577
783.468,0.0782725
2244.41,0.224315
583.624,0.0583417
621.894,0.0621317
1276.76,0.127659
1487.62,0.148738
916.036,0.0915947
1348.27,0.134707
7991.25,0.798404
1341.25,0.133793
793.495,0.0792808
2570.37,0.257013
864.697,0.0864544
629.091,0.0629071
774.048,0.0773986
1626,0.162546
1471.4,0.146825
18111,2.70764
5890.14,0.588615
824.37,0.0824229
861.897,0.0860202
922.954,0.092291
1165.64,0.116491
2053.02,0.205165
2415.01,0.241471
793.422,0.0786605
12993.8,1.93768
1040.35,0.101612
1074.7,0.107467
835.947,0.0834527
753.192,0.0753125
2697.77,0.269726
1885.16,0.1883
978.848,0.0975984
1135.66,0.11355
1246.7,0.124544
1804.62,0.180372
1848.1,0.184733
2011.47,0.195477
910.605,0.0909972
832.796,0.083075
1241.33,0.12398
1521.7,0.152099
1263.71,0.126344
2195.2,0.219189
1594.3,0.159389
795.263,0.0794873
3106.84,0.309558
2234.12,0.223387
1557.67,0.155755
864.439,0.0863761
1307.62,0.130658
1376.37,0.137607
1310.46,0.131003
1031.95,0.103126
1380.27,0.137895
1050.18,0.104993
1595.72,0.159373
1265.35,0.126428
4508.45,0.450362
1335.3,0.133481
822.519,0.08225
1184.61,0.118442
2174.15,0.217357
1734.57,0.173435
2217.67,0.221697
908.884,0.0908872
949.39,0.0949172
860.484,0.0860443
1360.2,0.135993
917.78,0.0917478
977.138,0.0976824
1426.13,0.14251
550.618,0.0550551
901.251,0.090123
3680.26,0.367799
3103.53,0.629733
926.865,0.0926701
733.184,0.0731525
1066.4,0.106501
710.487,0.0709231
1271.67,0.126822
2074.23,0.207189
1683.66,0.168341
466.604,0.0466128
1880.02,0.187993
1121.55,0.112091
3793.04,0.376594
927.335,0.0927173
1024.02,0.100527
1009.36,0.100889
1346.76,0.134634
1388.71,0.138765
1114.37,0.111408
4754.69,0.475209
626.398,0.0626284
1660.11,0.165991
1131.9,0.113106
1254.78,0.125449
1521.75,0.152092
2477.71,0.247745
951.135,0.0951118
802.876,0.0797952
1312.89,0.131173
1232,0.123187
2397.69,0.239609
1957.44,0.195705
2951.07,0.295026
967.314,0.0967247
3175.03,0.317481
971.502,0.097124
1037.1,0.103673
889.59,0.0889458
1136.38,0.113581
1013.52,0.101347
2456.68,0.245495
2420.71,0.241974
3526.39,0.352187
1548.48,0.154726
1756.6,0.175624
1804.56,0.18035
3952.71,0.39463
980.453,0.0980122
2375.07,0.236942
942.475,0.0941924
1422.94,0.142272
708.906,0.0708882
2598.68,0.259597
1337.22,0.133677
938.224,0.0938178
1491.72,0.149013
1172.8,0.117267
2277.11,0.226795
1152.38,0.115194
1163.7,0.116309
954.861,0.0953745
1994.15,0.19897
1271.95,0.116453
1548.56,0.154683
3016.55,0.301507
2242.19,0.224166
1378.41,0.137732
2098.99,0.209882
868.231,0.0867932
2385.21,0.238317
1302.32,0.130127
2847.86,0.284681
7007.24,0.700331
906.152,0.0906066
1810.43,0.180945
1487.24,0.148379
1532.5,0.153226
8101.46,0.807781
2168.77,0.216852
811.273,0.0810765
900.359,0.0900033
3553.35,0.355268
585.065,0.0585005
7764.92,0.77508
1601.19,0.160096
2096.49,0.209567
1436.65,0.143631
994.776,0.0994236
705.017,0.0704688
1405.05,0.140499
1510.43,0.150958
831.398,0.0831261
1835.9,0.183562
820.149,0.0819313
965.958,0.0964155
3129.44,0.312826
1126.88,0.112615
1377.92,0.13774
880.088,0.088001
600.45,0.0600434
1173.81,0.11737
1128.43,0.112838
1912.11,0.191203
5738.41,0.573111
530.737,0.0530612
881.638,0.0881597
804.586,0.0804122
3645.84,0.363824
1154,0.115344
766.016,0.0765463
5981.45,0.597402
1063.64,0.106183
1939.34,0.19333
1177.62,0.11772
1830.02,0.18294
1283.55,0.128344
840.947,0.0840816
4164.36,0.416271
1277.47,0.127727
883.735,0.0882842
7213.94,0.72094
3919.18,0.391555
1419.23,0.141919
812.599,0.0812346
1592.07,0.15898
1572.24,0.157101
1201,0.119976
1554.39,0.155404
2793.05,0.278112
620.342,0.0620005
1839.72,0.18381
2778.81,0.27767
933.995,0.0933963
2156.11,0.21546
1454.24,0.145363
790.742,0.0790054
1478.27,0.14753
1119.37,0.111877
2352.38,0.235046
1500.2,0.150007
1375.23,0.137155
1896.53,0.18948
3019.22,0.301781
1329.95,0.132797
1766.41,0.176448
31464,3.12658
1307.97,0.130754
744.102,0.074406
1556.48,0.155281
1455.92,0.145479
1098.72,0.10986
1303.9,0.130294
1304.46,0.130413
848.551,0.0848477
1071.39,0.107098
1107.58,0.110734
929.397,0.0929146
901.481,0.0901382
2566.68,0.256647
1135.5,0.113537
2201.87,0.220166
3266.58,0.325774
2653.21,0.265298
2850.9,0.284897
2175.4,0.217442
5739.02,0.573366
1229.08,0.122138
1297.38,0.128943
1169.63,0.11694
1449.12,0.144883
5448.72,0.544361
609.193,0.0608889
687.765,0.0687644
936.93,0.0935109
668.269,0.0668146
954.267,0.0954199
1861.61,0.185081
1206.3,0.12059
898.805,0.0898536
1327.15,0.13267
1145.44,0.114522
3133.45,0.312763
938.256,0.093804
1494.67,0.149349
1803.8,0.180317
1317.49,0.131654
14960.4,1.49068
2304.81,0.230106
1698.12,0.1698
2223.59,0.222224
3013.33,0.301234
509.087,0.0509033
1073.47,0.107335
846.336,0.0845014
748.022,0.0747999
1040.29,0.103645
584.626,0.0582503
1305.99,0.130568
716.66,0.0716652
751.472,0.0750961
8069.59,0.805152
1926.55,0.192228
1601.76,0.159984
1579.59,0.157906
1835.05,0.18345
1074.77,0.107394
1962.62,0.196218
3229.31,0.322164
1000.59,0.100004
1499.44,0.145406
2095.65,0.209311
1203.4,0.120235
1656.65,0.165654
986.989,0.0986853
2110.66,0.210781
1317.2,0.131658
867.791,0.0867414
5532.17,0.548867
3746.77,0.374243
444.538,0.0444344
1224.15,0.1223
1472.23,0.147209
1154.4,0.115109
2670.27,0.26696
5578.94,0.556748
2822.08,0.282112
997.933,0.099771
1432.12,0.143031
916.768,0.0916494
1301.22,0.130075
1312.66,0.131244
846.844,0.084672
920.231,0.091673
2518.65,0.251819
825.886,0.0825758
1204.82,0.120461
2155.93,0.215385
2784.2,0.277707
557.825,0.0557784
1150.59,0.114983
923.677,0.0922477
1588.47,0.158833
1098.32,0.109821
1668.16,0.166794
3698.43,0.369665
1408.26,0.140789
1041.26,0.104112
2354.94,0.235343
771.046,0.0770804
2526.33,0.252438
1556.12,0.15551
4097.94,0.40961
1019.44,0.101899
962.142,0.0961734
974.707,0.0974495
8045.8,0.802993
1006.07,0.100602
1684.28,0.168245
638.124,0.0638105
2334.11,0.233314
1239.72,0.123963
766.108,0.0766076
1602.01,0.160185
898.116,0.0897992
845.02,0.0844606
761.452,0.0761442
1875.14,0.187481
1359.79,0.135928
1139.88,0.113945
2127.99,0.212687
687.529,0.0687108
1089.66,0.108903
1098.15,0.109771
992.715,0.0992657
664.165,0.0662817
6960.74,0.693662
846.973,0.0845582
1187.18,0.118708
683.425,0.0682842
1007.62,0.100742
3032.18,0.302896
1167.98,0.11675
1051.84,0.10513
1596.38,0.159591
2292.31,0.229156
1009.66,0.100893
2314.83,0.231388
613.346,0.0611396
2228.09,0.22268
1107.28,0.110529
866.837,0.0866541
707.272,0.0707254
827.741,0.0827093
1064.03,0.106389
970.102,0.0969942
1747.54,0.174732
665.438,0.0663335
1034.37,0.103361
1099.35,0.10989
1289.72,0.128798
1242.4,0.124222
2509.72,0.250912
1613.88,0.161332
3785.24,0.377695
907.222,0.0905113
2477.84,0.247593
6517.48,0.651162
7303.83,0.72966
921.304,0.0921089
2394.24,0.239375
1075.81,0.107551
1468.15,0.146754
1355.62,0.135477
1804.12,0.180277
1318.89,0.131739
1173.8,0.117346
1299.82,0.129955
803.893,0.0803573
995.11,0.0994462
1082.42,0.108223
1348.35,0.134729
1141.8,0.11408
2288.71,0.228668
764.738,0.0764712
1675.61,0.167533
1193.51,0.119077
1017.16,0.101708
1176.89,0.117486
1329.43,0.132919
941.735,0.0941592
811.725,0.0811492
1319.66,0.131877
1671.26,0.167001
1478.62,0.147824
1320.58,0.13202
3510.17,0.350764
762.983,0.0762547
1356.32,0.135552
4859.56,0.485003
2438.68,0.2438
1151.49,0.115145
1878.81,0.187052
1544.14,0.152394
897.692,0.089764
1400.87,0.140073
2161.73,0.214883
2645.02,0.262817
2730.46,0.272948
519.307,0.051907
1112.2,0.111217
2156.65,0.215508
1501.81,0.150167
1389.37,0.138907
909.203,0.0908784
741.61,0.07539
1049.81,0.104977
2054.35,0.205338
2839.4,0.283715
1355.03,0.135326
852.124,0.0851713
900.837,0.0900244
1075.97,0.107551
935.87,0.0935697
875.949,0.0874755
2595.45,0.25952
1081.26,0.108122
1339.96,0.133611
1583.17,0.158301
1139.74,0.113887
941.366,0.094112
2569.42,0.256836
634.325,0.0633203
1240.64,0.124054
3302.47,0.330032
910.429,0.090917
2139.98,0.21389
1505.36,0.149965
2869.04,0.286832
2108.43,0.21078
1527.15,0.152648
1192.3,0.119194
2835.18,0.283204
1175.06,0.117357
1006.32,0.100559
1279.58,0.127942
1112.01,0.111196
885.287,0.0885243
1076.29,0.10755
688.993,0.0687242
4695.83,0.468852
1057.13,0.105676
1139.43,0.113274
1207.75,0.120731
14518.6,1.44647
748.205,0.0748172
1547.43,0.154689
1450.69,0.144885
1104.12,0.110336
1003.43,0.100269
4127.14,0.412547
1615.62,0.161163
4194.21,0.418504
2974.02,0.297306
4469.12,0.445521
2046.05,0.204432
1561.1,0.155852
1571.67,0.157143
1673.88,0.167138
1173.51,0.117228
2986.64,0.298191
696.41,0.069612
1951.95,0.195179
1050.42,0.105033
1097.44,0.109737
1016.66,0.101665
784.02,0.0769036
1069.4,0.106732
2119.33,0.211912
597.975,0.0597753
884.373,0.0884118
913.791,0.0912921
1956.43,0.195503
1638.5,0.163676
806.725,0.0805705
807.298,0.0807283
834.466,0.0834139
2647.67,0.26475
1058.49,0.105794
1672.61,0.167194
1596.96,0.158846
1010.99,0.101064
343.413,0.034037
1038.19,0.103724
10288.6,1.02321
1008.95,0.100892
901.305,0.090079
1563.05,0.156209
3896.85,0.389481
1911.93,0.191167
1640.73,0.164013
975.403,0.0974887
2096.83,0.209579
1140.69,0.113946
2531.05,0.252316
2152.41,0.214936
659.259,0.0658709
804.025,0.0803747
902.133,0.0902023
1555.43,0.155488
980.965,0.098083
1185.35,0.118241
733.398,0.0728107
1081.69,0.10814
1022.64,0.102252
1863.89,0.186241
1059.91,0.105714
1205.51,0.120534
1035.9,0.103573
1474.48,0.147301
502.285,0.0501406
1006.52,0.100646
2188.41,0.218735
879.213,0.087565
2103.3,0.21027
1349.76,0.134862
1155.18,0.115499
865.197,0.086399
1109.22,0.106722
722.396,0.0722295
890.048,0.0890011
952.525,0.0951505
671.137,0.0670676
1889.52,0.188887
1033.23,0.103316
1243.08,0.124245
1774.15,0.177381
1834.48,0.183409
953.881,0.0953621
1224.57,0.122388
2966.37,0.100343
1159.62,0.115736
2181,0.216854
1951.7,0.195132
1295.29,0.129376
1898.74,0.189804
923.653,0.0923226
1175.6,0.117538
709.926,0.0709857
2530.81,0.252241
1668.7,0.166731
1343.77,0.134339
702.26,0.0701726
1261.3,0.126087
2394.94,0.239432
481.87,0.0481221
1037.63,0.103703
3010.42,0.300823
1698.39,0.169402
2006.96,0.200673
1651.62,0.165157
1757.84,0.175768
2195.18,0.21906
955.728,0.0955704
1521.6,0.152144
1101.15,0.110106
1479.66,0.147914
1210.32,0.120993
1036.23,0.103526
733.926,0.073192
1633.8,0.163194
857.024,0.0856915
1553.9,0.1552
1565.89,0.15643
3206.45,0.320592
574.222,0.0574175
585.796,0.0585526
789.544,0.0788897
734.276,0.0733967
1046.75,0.104667
16717.8,1.66857
949.66,0.0949166
1099.77,0.109896
1110.19,0.11059
2432.27,0.243203
1796.56,0.178914
1662.67,0.166201
2211.25,0.220917
1048.7,0.104805
1458.2,0.145726
3078,0.307724
805.728,0.0805625
1085.14,0.108473
1525.06,0.15244
1024.32,0.10239
1182.91,0.118286
1263.35,0.126314
1451.49,0.145109
2081.56,0.208002
898.801,0.0898532
1309.3,0.130795
1102.04,0.110195
773.345,0.0772274
738.236,0.0737323
742.625,0.0742053
2788.2,0.278742
1353.43,0.135212
1071.61,0.107126
846.082,0.0846057
1412.24,0.141196
899.042,0.0898649
882.462,0.0881952
1491.03,0.14885
1669.36,0.166851
1649.36,0.164838
3346.86,0.333754
1179.18,0.117889
1016.34,0.101519
1477.85,0.147758
1187.67,0.118458
1553.89,0.155301
661.959,0.0661731
2085.22,0.208068
