EnergyDeposit(eV),LET(keV/um)
1464.3,0.146419
1477.72,0.147739
4199.89,0.419528
2357.21,0.235636
451.854,0.0451804
557.544,0.0557188
1743.8,0.174244
1553.49,0.155263
1613.92,0.161352
1372.28,0.137209
806.252,0.0793518
2009.29,0.200637
1186.02,0.118369
849.712,0.084932
1928.33,0.192784
992.746,0.0992392
1152.05,0.115083
2946.44,0.294471
1140.33,0.113944
1009.58,0.100926
752.084,0.0751007
1266.06,0.126528
1149.54,0.114927
922.484,0.0922408
1613.36,0.161143
1432.86,0.14316
2059.81,0.20593
1683.72,0.168152
478.791,0.0478646
1267.04,0.126412
2224.89,0.222249
1075.64,0.107557
1100.89,0.110037
1535.86,0.15357
1035.99,0.103565
989.762,0.098963
478.013,0.0477326
2135.1,0.213358
880.248,0.0880016
4477.88,0.427801
1840.33,0.183969
568.279,0.056802
969.805,0.0969343
2272.19,0.227178
8052.68,0.801501
970.119,0.0968086
1379.39,0.137909
1401.01,0.140085
824.735,0.0823753
840.387,0.0840235
711.436,0.0709226
1378.02,0.137797
926.166,0.0925926
1502.54,0.150203
1587.42,0.158695
1304.56,0.130362
1216.87,0.121574
873.187,0.087315
597.53,0.0597317
1434.42,0.143437
2835.14,0.283461
930.497,0.0929235
1724.32,0.172381
1079.99,0.107959
782.555,0.0782369
1878.06,0.187085
798.321,0.0798292
2189.73,0.218844
1331.5,0.133057
3799.68,0.379795
909.274,0.0892198
1207.78,0.120661
1301.79,0.130173
1144.15,0.113858
1577.01,0.157664
847.761,0.0847529
3923.17,0.392053
880.674,0.0880565
2531.82,0.253014
7327.01,0.730997
1152.68,0.115246
903.881,0.0894583
1098.08,0.109797
3584.71,0.358159
1890.3,0.189015
922.551,0.0922482
1571.49,0.157131
639.487,0.0639106
2159.62,0.215847
713.535,0.0713407
1092.19,0.109216
2275.32,0.227152
445.162,0.0444933
1663.49,0.166334
509.903,0.0509208
1099.66,0.109917
4742.46,0.474039
1460.21,0.145997
913.127,0.0911697
2379.33,0.237867
3688.62,0.36853
1349.89,0.13495
2516.7,0.25162
1347.5,0.134645
530.399,0.053037
1170.09,0.116984
1193.63,0.119357
1240.44,0.123965
679.214,0.0677801
1784.21,0.1784
988.878,0.0988641
2979.6,0.297875
1785.16,0.178209
1135.84,0.113579
6527.98,0.651719
1226.33,0.12224
2316.2,0.231522
1121.86,0.112165
5303.27,0.53022
516.549,0.0516477
822.314,0.0819669
1046.26,0.104517
2338.13,0.233793
2786.19,0.278521
973.374,0.0973195
2267.75,0.226744
600.339,0.0600266
756.285,0.0753331
3785.87,0.430264
841.377,0.084131
2085.07,0.208442
10804.7,1.07761
1917.81,0.191693
1264.95,0.126477
791.169,0.0791018
1429.58,0.119443
1967.2,0.196445
812.044,0.081142
1055.33,0.105515
1928.03,0.192696
12369.4,1.22983
1668.7,0.166856
1146.2,0.114585
759.168,0.075908
1184.23,0.118403
903.961,0.0902647
486.587,0.0486563
616.198,0.0616064
2616.92,0.26161
664.228,0.0664209
1980.43,0.197953
1095.9,0.109564
2155.38,0.21553
1318.24,0.131774
1233.29,0.123253
1566.43,0.156584
2535.58,0.253478
722.045,0.0721988
2755.52,0.275095
778.997,0.0778345
1094.71,0.109364
2259.83,0.225858
1887.63,0.188667
722.412,0.0721152
690.813,0.0690708
1162.22,0.116162
2070.86,0.207031
886.086,0.0885503
3294.2,0.16178
1324.23,0.132066
964.424,0.0964348
636.312,0.0636022
1539.35,0.153897
1792.79,0.179268
2752.02,0.274893
1043.38,0.104322
1526.36,0.152491
3304.82,0.330291
2713.49,0.271144
803.52,0.080314
1101.94,0.110163
760.348,0.0760213
1008.79,0.100861
5591.48,0.558355
1805.16,0.179513
1174.14,0.117391
936.914,0.0936536
2908.33,0.290718
810.633,0.0810392
6164.46,0.615994
1547.08,0.154641
767.057,0.076676
1207.09,0.120673
594.815,0.05944
1477.39,0.147698
883.188,0.0882768
2012.73,0.20116
564.756,0.056474
1332.27,0.133219
3278.02,0.327516
915.381,0.0914507
868.302,0.0867847
1001.74,0.10013
891.659,0.0891627
5766.54,0.573824
748.943,0.0748815
1150.72,0.11467
2700.69,0.269497
1455.03,0.145458
951.115,0.094542
1032.82,0.103263
1210.65,0.120951
2757.22,0.275197
1044.24,0.104413
1273.87,0.127278
799.957,0.0799754
1168.78,0.116827
1109.79,0.110956
2607.98,0.259917
2696,0.269147
1008.82,0.100842
1462.03,0.146082
2750.6,0.274939
2062.38,0.206216
1101.37,0.110117
883.849,0.0883219
1000.58,0.100034
2600.61,0.260014
957.748,0.095544
2891.66,0.288635
1022.27,0.102217
896.164,0.0895719
461.364,0.046135
18827.3,1.87282
1609.3,0.160876
1166.76,0.116614
478.516,0.0478422
2319.56,0.231881
648.983,0.0648826
1288.55,0.128267
1450.12,0.144998
533.008,0.0532939
1399.47,0.139911
1324.63,0.132443
1102.59,0.110253
1135.43,0.113344
613.311,0.061322
1198.2,0.119788
2521.01,0.251899
1384.78,0.138382
2953.63,0.295281
1489.99,0.148777
2245.13,0.224483
3487.93,0.348478
1250.81,0.125075
804.713,0.0804042
1943.92,0.194363
1090.84,0.108923
697.727,0.0697689
890.735,0.0888043
1522.3,0.152014
1092.87,0.109276
913.628,0.0912532
1104.67,0.110448
1971.44,0.196959
1552.32,0.1552
676.142,0.0675397
882.013,0.0881838
1527.32,0.152719
1094.43,0.109267
757.494,0.0757159
1344.57,0.134077
6070.12,0.60684
1344.19,0.134387
1384.67,0.138405
1023.3,0.102308
702.475,0.0702279
1111.38,0.111049
2184.92,0.218446
1236.48,0.123627
807.089,0.0806564
1158.51,0.11585
837.377,0.0837348
1454.88,0.145406
1063.47,0.106279
506.819,0.0506795
1166.9,0.116671
1358.96,0.13581
1453.67,0.14536
1380.65,0.137943
1003.31,0.100325
2712.21,0.271011
2350.15,0.234994
1316.48,0.131627
1269.57,0.126928
1163.03,0.116049
726.807,0.0726623
1428.59,0.142689
1787.2,0.178595
1233.36,0.0901054
827.51,0.0824292
1403.51,0.140319
2136.54,0.213567
771.573,0.0771472
936.368,0.0935387
5399.3,0.538263
1803.02,0.180246
3161,0.315765
1114.24,0.11141
653.449,0.0653428
3607.82,0.360662
3253.25,0.325142
1260.48,0.126035
1132.12,0.113164
2426.52,0.242441
637.378,0.0637348
700.015,0.0699878
940.629,0.0940563
707.219,0.0685178
4741.21,0.47203
1280.85,0.128054
1973.99,0.197378
5050.17,0.590075
760.817,0.0760729
917.1,0.0916811
1634.31,0.163327
2010.45,0.201003
1112.52,0.111245
1228.92,0.122873
1665.76,0.166418
1378.81,0.137819
1299.66,0.129953
712.481,0.0712093
1532.43,0.153234
1271.92,0.127188
1066.86,0.106629
1151.67,0.114936
1819.04,0.181792
568.131,0.0568076
1068.22,0.106768
1119.8,0.111887
840.307,0.0839736
1371.86,0.137154
989.803,0.0989117
1151.78,0.115153
2182.56,0.218053
1609.73,0.160851
3474.05,0.34713
1633.27,0.163116
976.364,0.0974478
747.897,0.0747255
1092.52,0.109205
2868.68,0.670589
894.647,0.0894299
482.394,0.0482218
1075.38,0.107533
918.025,0.0917955
1305.74,0.130203
1795.75,0.179538
2687.2,0.268699
1832.64,0.183252
1382.93,0.138252
1396.05,0.139511
1275.58,0.127536
621.319,0.061997
969.999,0.0969908
1704.2,0.170411
2735.52,2.74096
1984.96,0.198468
1270.21,0.127009
1119.72,0.111954
1165.91,0.116557
661.468,0.0661391
808.177,0.0808056
1842.43,0.18416
832.634,0.0832397
809.385,0.0806868
1047.11,0.104687
1766.61,0.176118
1313.95,0.131296
667.657,0.0666164
1084.3,0.108372
1507.72,0.150642
1287.94,0.128779
1322.42,0.132138
1155.76,0.114545
3314.68,0.331427
1666.11,0.166567
905.721,0.090518
1927.13,0.192641
1194.81,0.119448
1583.16,0.158288
839.874,0.0839281
763.514,0.076266
971.291,0.097089
1001.45,0.100131
1620.73,0.161747
1101.43,0.110134
3101.43,0.308123
1101.52,0.110119
840.229,0.0839617
1528.57,0.152661
1151.85,0.115163
1292.15,0.129205
2066.14,0.20616
1143.29,0.114308
766.402,0.0766127
1570.71,0.156907
1141.42,0.113927
793.748,0.0793098
2538.47,0.253719
964.01,0.0962231
1042.3,0.104211
828.145,0.0827946
1664.66,0.166394
1115.59,0.111401
2350.48,0.234774
1484.62,0.148401
1324.53,0.132401
1231.45,0.123085
1014.01,0.101203
1048.33,0.104828
1240.7,0.123777
1415.97,0.141548
1452.78,0.145253
1426.19,0.142549
761.139,0.0759799
850.354,0.0850302
990.179,0.0989891
937.769,0.0937665
727.978,0.0727701
1744.81,0.17445
1209.61,0.120941
879.814,0.0879097
4470.05,0.445406
1037.91,0.103672
989.876,0.0989784
1588.92,0.15887
850.922,0.0850589
707.271,0.0706348
625.814,0.0625753
1139.09,0.11388
983.671,0.0982943
866.439,0.0865637
2713.94,0.270742
767.241,0.0766975
900.879,0.0900414
1385.74,0.138507
9475,4.8211
885.498,0.0885344
1899.56,0.173061
1437.71,0.143763
1603.64,0.159301
2034.53,0.203315
1733.52,0.173155
802.356,0.080206
759.985,0.0757966
1582.4,0.158216
1426.7,0.142563
1577.49,0.157587
845.473,0.0845369
3166.97,0.316596
1272.19,0.127158
1330.64,0.133012
1032.69,0.101933
2773.6,0.277252
1229.61,0.122737
710.413,0.0710315
2495.36,0.249451
2264.17,0.226266
1012.77,0.101251
1421,0.14206
1155.2,0.115509
2875.1,0.287372
1326.75,0.132614
2193.2,0.219247
632.962,0.063258
1174.26,0.116972
1036.75,0.103634
2841.57,0.284071
1526.59,0.152547
1343.27,0.134174
1403.02,0.140079
1579.22,0.157378
1015.19,0.101511
992.229,0.0991814
1032.44,0.103241
1509.22,0.150832
25799.4,2.55306
2648.04,0.26454
1072.75,0.10727
1065.4,0.106524
1248.17,0.124382
1074.98,0.107457
2335.68,0.233371
3797.93,0.379723
1476.53,0.147635
829.577,0.0829162
1154.65,0.115448
3606.76,0.36047
2006.08,0.200394
2094.35,0.209322
1851.02,0.185041
1193.21,0.119117
1244.49,0.124333
874.603,0.0872191
1832.45,0.183165
1826.52,0.18241
837.899,0.0837037
2156.19,0.215608
725.54,0.0725497
724.716,0.0724542
884.76,0.0884249
5068.1,0.506405
1407.77,0.140632
757.641,0.0757624
991.018,0.0990352
5371.8,0.534179
845.117,0.0845062
1082.61,0.108251
966.703,0.0966525
3776.22,0.37728
1093.4,0.109306
1033.84,0.103344
1088.83,0.108844
1968.55,0.196682
823.235,0.0823166
4102.23,0.410014
1339.38,0.133872
1348.05,0.13473
726.586,0.0726509
1468.98,0.146835
1645.56,0.161547
1086.97,0.108597
1127.34,0.11267
2963.12,0.296128
856.231,0.0856098
916.773,0.0915994
1213.74,0.121337
791.424,0.0790568
1028.69,0.102853
1154.73,0.115438
1188,0.118762
1091.6,0.109156
1126.28,0.11257
780.35,0.0779337
1080.12,0.107835
972.357,0.0968694
726.187,0.0726029
715.28,0.0715223
1656.62,0.165643
668.119,0.06681
639.893,0.0639075
1610.04,0.160746
4617.02,0.46143
878.924,0.087876
1037.3,0.10353
631.666,0.0631544
1034.53,0.103395
899.695,0.0899127
1531.43,0.153123
2052.24,0.205136
2320.93,0.231867
2216.42,0.221549
2375.48,0.237457
1123.98,0.11225
1970.56,0.196658
2042.2,0.20408
1376.27,0.137624
2229.25,0.222851
1128.7,0.112846
1403.24,0.14021
848.134,0.0842549
3888.17,0.388559
1147.2,0.11467
1150.82,0.11495
2849.5,0.28466
717.027,0.0716798
1172.31,0.117161
2292.45,0.228996
808.942,0.0808485
976.023,0.098785
731.671,0.0731548
1538.67,0.153823
2376.95,0.237663
1376.37,0.13758
2107.39,0.210708
676.842,0.0676751
2471.33,0.246564
1499.34,0.14984
969.382,0.0968042
786.482,0.0786415
690.951,0.0690046
1959.87,0.195727
895.003,0.0893768
1295.01,0.129442
1161.83,0.11617
3492.96,0.348879
1099.46,0.109898
1406.54,0.140598
872.201,0.0870815
786.603,0.0786516
861.612,0.0860729
2992.79,0.299133
1373.31,0.137206
1761.13,0.176065
2084.03,0.208394
2370.6,0.23692
1225.81,0.122245
1095.99,0.109577
2336.06,0.233525
1015.09,0.101506
1977.81,0.197765
630.703,0.0629521
779.699,0.0779416
2154.01,0.215387
1711.56,0.171125
1278.7,0.127836
1096.58,0.109616
927.059,0.0926966
964.32,0.0963621
620.911,0.0620328
759.422,0.075926
1117.75,0.11175
748.527,0.0748381
1897.33,0.189677
1356.88,0.135662
1445.37,0.144476
1273.09,0.127267
1047.52,0.104747
1603.19,0.160308
3122.01,0.31179
1142.55,0.114234
1451.16,0.136558
1109.81,0.110934
2499.5,0.248714
1825.79,0.18239
674.012,0.0673656
1692.05,0.168636
863.334,0.0862813
7382.26,0.73713
1529.44,0.152922
1346.02,0.134592
903.99,0.0903934
2495.46,0.249459
859.578,0.0859336
1501.57,0.150041
1125.27,0.112455
1168.72,0.116836
1415.31,0.141518
1231.61,0.123116
1277.7,0.12773
2178.29,0.217746
1128.54,0.112075
1403.25,0.140293
1414.59,0.141446
1056.28,0.105564
1158.09,0.115778
1110.06,0.110969
6558.97,0.653927
3666.78,4.83866
1009.14,0.100908
4018.94,0.401704
738.477,0.073841
1029.31,0.102914
731.844,0.0731759
649.699,0.064774
939.093,0.0938937
1515.87,0.150905
1464.39,0.146363
1628.05,0.162636
14876.9,1.47927
744.573,0.0744531
17964.8,1.79186
687.922,0.0687882
4489.09,0.448694
1267.34,0.125798
1011.12,0.101099
872.601,0.0871316
1462.16,0.146204
932.749,0.0932227
974.884,0.097441
637.93,0.0637403
929.341,0.0928818
809.561,0.0809456
2979.42,0.2979
1189.89,0.118899
2431.65,0.242877
954.815,0.0954561
1231.53,0.123086
659.347,0.0659114
1585.44,0.158514
2514.42,0.251421
1845.62,0.184501
817.438,0.0816616
1060.31,0.105939
1012.6,0.101157
13660.9,1.36401
5255.06,0.525326
1083.32,0.108288
911.243,0.0911043
2740.24,0.273827
899.129,0.0898961
2012.68,0.201028
2031.34,0.202852
692.495,0.0692441
1460.39,0.146027
3113.77,0.311341
1978.48,0.197683
804.055,0.0803247
3388,0.338656
1521.1,0.148912
1142.89,0.11426
1153.54,0.115031
1007.66,0.100516
1335.53,0.133374
1458.15,0.145784
3598.63,0.359693
1134.16,0.112277
4073.71,0.406618
1067.24,0.106714
6994.63,0.698891
735.522,0.0735184
1957.57,0.195606
2782.66,0.277825
717.515,0.0717144
2506.35,0.250519
1972.2,0.197053
1020.55,0.0933008
733.967,0.0733725
4583.23,0.457569
1458.33,0.145633
1044.35,0.104422
1491.33,0.148789
1343.49,0.134331
17980.4,3.0349
1499.07,0.149895
1513.92,0.151015
1732.5,0.171009
932.027,0.0931898
2348.05,0.234718
1298.27,0.129803
2391.91,0.239141
2906.8,0.29021
1173.52,0.117034
2515.97,0.251428
1192.97,0.11929
849.545,0.0849412
789.6,0.0786271
776.478,0.0776457
968.163,0.0967372
1563.73,0.156343
1748.65,0.174227
1566.87,0.156567
687.69,0.0687323
2083.87,0.208374
2096.65,0.208814
5058.91,0.505482
1089.98,0.107906
1441.81,0.144056
1480.25,0.147004
912.99,0.0911044
911.204,0.0911102
2385.23,0.238452
2564.99,0.256411
1238.4,0.12359
1297.53,0.129455
1246.02,0.124569
2214.01,0.221283
960.317,0.0955245
1199.81,0.119957
927.449,0.0926525
2028.57,0.202815
3657.74,0.365585
2735.42,0.273533
944.314,0.094392
1932.78,0.193215
410.214,0.0409852
746.457,0.0735853
1047.21,0.104598
503.58,0.0502699
1148.05,0.114717
721.385,0.0720928
1622.12,0.162145
1051.8,0.105096
968.378,0.0968311
1054.51,0.105314
1574.49,0.157409
2627.68,0.262201
1493.94,0.149365
882.13,0.0881903
1166.26,0.116621
1046.56,0.104586
1447.97,0.144787
814.531,0.0814224
1435.52,0.143503
3356.82,0.335291
638.738,0.0638597
792.312,0.0792228
1171.13,0.117037
2334.28,0.233404
1110.19,0.11055
3954.01,0.395167
1197.27,0.119678
928.473,0.0928243
1051.96,0.105183
800.886,0.079966
1297.79,0.129728
1131.74,0.113163
1737.03,0.173678
3348.23,0.334673
892.729,0.0892281
817.273,0.0816912
1185.41,0.11834
1378.67,0.137537
1464.68,0.146251
1933.43,0.193313
962.48,0.0962234
1110.71,0.111016
664.642,0.0664605
1188.24,0.118793
6770.98,0.676605
5732.45,0.572306
1665.24,0.166475
841.665,0.0841517
3130.99,0.312951
891.767,0.0891253
3626.04,0.362509
913.472,0.091328
849.598,0.0849292
1067.45,0.106643
1453.07,0.144963
1157.28,0.115634
813.577,0.0813355
744.112,0.0743991
1341.23,0.133811
1598.96,0.159254
926.436,0.0925639
584.567,0.0583548
2888.09,0.28854
800.643,0.0800107
2493.87,0.248888
2442.63,0.244176
3775,0.377144
1069.55,0.105607
7060.4,0.704674
2542.17,0.254117
1568.37,0.156822
1130.76,0.112994
1745.56,0.174515
773.812,0.0773779
2049.36,0.204873
949.643,0.0949624
828.801,0.0827903
791.022,0.0790311
3029.4,0.302481
2261.66,0.226095
3867.16,0.385561
9561.15,0.954171
1398.22,0.139623
1563.06,0.156145
2909.73,0.290707
901.066,0.0900972
1981.98,0.198105
1085.08,0.10849
2182.93,0.218069
1415.76,0.141519
1067.75,0.106698
949.027,0.0947256
7736.96,0.772027
673.796,0.0673767
1243.2,0.124284
1061.48,0.106064
530.461,0.0530427
1439.36,0.143825
4859.02,0.485686
2221.46,0.222121
1541.07,0.153917
2476.2,0.247552
605.493,0.0605278
5617.36,0.561244
2312.53,0.23097
586.484,0.0586106
1737.13,0.173591
1823.47,0.182321
1115.84,0.111553
651.122,0.0651111
1182.46,0.118167
889.031,0.0888832
3588.84,0.358391
865.715,0.0865622
1157.97,0.115769
1037.63,0.10369
928.88,0.0928607
952.324,0.0951528
1096.14,0.109574
4415.93,0.441454
1946.92,0.194664
1034.96,0.103436
1201.4,0.120131
894.577,0.0893923
1658.03,0.165533
752.909,0.075252
1173.93,0.117383
790.481,0.0789899
931.128,0.093101
1150.24,0.114823
1096.04,0.109446
1505.51,0.142612
844.121,0.0843626
1414,0.141303
1759.47,0.175676
9989.24,0.998528
1351.91,0.135035
1355.73,0.135547
1384.91,0.138474
1846.48,0.18428
1463,0.146044
611.428,0.0611016
2180.02,0.217733
1255.53,0.125471
6102.3,0.609554
1573.13,0.157019
489.319,0.0487608
3284.96,0.328008
3980.36,0.396702
1696.23,0.169547
1581.85,0.158101
904.913,0.0900623
1915.36,0.191516
1057.08,0.0904723
1188.75,0.118846
861.503,0.0861072
1238.11,0.123719
799.564,0.0789985
801.028,0.0796247
570.998,0.0569733
1405.11,0.140431
815.23,0.0814991
1343.07,0.134248
982.144,0.0981952
1250.14,0.125007
1651.22,0.165091
1351.41,0.12548
1172.94,0.117248
2049.72,0.20436
2490.1,0.248523
856.649,0.0856284
3835.39,0.757241
1096.65,0.109655
2741.6,0.274006
942.302,0.0941839
1608.87,0.160789
1010.21,0.10101
1086.12,0.108312
3291.03,0.32864
765.942,0.0765893
1682.29,0.167918
1122.95,0.112287
762.071,0.0761329
1698.93,0.169809
1994.93,0.199382
875.362,0.0875212
887.214,0.0887158
1272.56,0.127078
3322.24,0.331782
2002.93,0.200026
895.859,0.089522
1606.35,0.158546
1029.86,0.102936
1435,0.143286
2282.08,0.227923
934.269,0.0934214
1963.08,0.196291
2790.99,0.278971
1621.2,0.161936
875.541,0.087514
1604.44,0.15965
3273.16,0.327208
1837.51,0.183698
1003.27,0.100131
1027.07,0.10268
961.161,0.0961101
743.407,0.0743187
2679.6,0.267884
1183.71,0.116083
915.454,0.091525
3622.34,0.36203
1967.95,0.196749
973.996,0.0971943
937.424,0.0933381
4171.76,0.416696
984.717,0.0984606
4250.88,0.42474
3422.06,0.341596
893.77,0.0893637
1492.27,0.149162
7533.27,0.750783
1176.35,0.117453
510.963,0.0510592
1259.36,0.125752
1558.32,0.15578
777.722,0.0776769
823.166,0.082302
1394.28,0.139132
1926.18,0.192522
2596.29,0.259499
881.63,0.088121
1020.68,0.0791307
717.713,0.0717686
3414.36,0.341319
897.063,0.0893863
832.374,0.0832271
651.537,0.0648884
1162.08,0.116168
1424.03,0.142382
648.392,0.0648352
689.262,0.0689192
1335.7,0.133278
985.588,0.0984696
991.043,0.0990699
890.636,0.0890132
964.177,0.0962165
940.73,0.0938454
1401.57,0.140049
1203.13,0.113687
654.431,0.0654284
2865.56,0.286512
1021.4,0.102118
13340.5,4.30305
732.522,0.0732433
721.756,0.0721712
3097.51,0.309091
1285.38,0.128499
1334.77,0.133334
1189.93,0.118901
1214.66,0.121209
963.958,0.096385
1779.73,0.177912
914.613,0.0914143
611.962,0.0611643
2733.35,0.272636
1021.31,0.102014
1190.92,0.119066
1659.3,0.165896
1156.51,0.115264
1862.04,0.186186
1372.44,0.136857
1212.97,0.120765
1187.98,0.118651
1148.94,0.114891
1533.83,0.152883
4083.7,0.407963
1480.81,0.148016
1429.54,0.142878
1719.35,0.171896
903.684,0.0903424
2082.95,0.208139
1015.77,0.101432
3932.48,0.39312
1173.51,0.117154
1743.9,0.174244
1456.62,0.145648
1166.8,0.116659
661.291,0.0659223
4289.77,0.428495
773.985,0.0773955
1835.15,0.183291
724.188,0.0724095
1000.22,0.099996
876.259,0.0876173
733.911,0.0733852
1086.67,0.108661
1785.73,0.178493
1737.85,0.173706
7468.41,0.746442
1346.86,0.134652
1620.15,0.16108
770.148,0.0762175
855.757,0.0855639
1080.98,0.108069
982.342,0.0981932
8406.88,0.840354
1543.54,0.154292
753.248,0.0748015
1016.1,0.10145
3160.72,0.315737
1023.64,0.102362
736.948,0.0736705
1508.13,0.150214
1118.48,0.111843
1441.68,0.1441
1440.34,0.144018
1610.28,0.16092
837.584,0.0836602
956.779,0.0956603
1144.46,0.114437
3645.73,0.364295
1362.96,0.13628
6397.84,0.638527
1043.05,0.104254
1156.32,0.115612
3228.28,0.322544
624.127,0.0624001
958.904,0.0958602
2508.74,0.250796
1438.93,0.143793
2106.04,0.210337
1725.16,0.172419
1150.95,0.115034
1393.18,0.139276
663.015,0.0662667
1221.57,0.122026
677.125,0.0676935
1780.73,0.178027
2230.63,0.223002
664.138,0.0656652
1204.85,0.120448
2413.83,0.241325
1895.08,0.189493
1652.8,0.16491
1065.28,0.106502
6591.08,0.658636
885.138,0.0885092
1177.67,0.117763
1118.35,0.111616
1914.27,0.191376
1210.8,0.121035
419.782,0.0419629
1198.64,0.119406
1139.76,0.113948
889.872,0.0889852
1142.85,0.11425
2475.96,0.247339
773.512,0.0773483
1432.51,0.142896
820.297,0.0819885
866.081,0.0864363
481.24,0.0481055
2385,0.238428
1922.9,0.192158
1066.09,0.106605
2804.07,0.279578
12618.2,1.25854
681.06,0.067987
1258.15,0.125808
3082.04,0.307881
1249.66,0.124941
1384.86,0.138441
1402.04,0.140159
2172.79,0.217218
2414.05,0.24137
2709.33,0.270307
985.713,0.0985546
2272.18,0.227022
964.264,0.096322
727.712,0.072729
903.089,0.0902915
759.985,0.0758898
3708.81,0.370741
1749.02,0.163126
1434.82,0.14347
1248.01,0.12461
697.04,0.0696944
1414.91,0.14139
2074.04,0.207105
993.093,0.099287
547.84,0.0544875
2013.46,0.201245
8975.23,0.896687
1058.28,0.105825
1790.87,0.178838
494.984,0.049494
1014.31,0.101387
2588.65,0.258786
1058.49,0.105833
1362.58,0.136063
1145.03,0.114372
4057.08,1.52628
1115.92,0.111324
1146.75,0.114633
11608,1.15694
1943.32,0.194217
1736.71,0.173507
1258.36,0.125818
1846.07,0.184557
662.232,0.0662169
1942.43,0.194168
2086.1,0.20852
1158.48,0.115665
994.462,0.0991655
1466.06,0.146555
785.309,0.0784583
1576.01,0.157579
1358.25,0.135774
789.125,0.0788477
1211.14,0.120706
1260.25,0.126001
610.408,0.0609225
1029.55,0.102864
2849.19,0.284738
3792.09,0.378993
656.7,0.0656625
2576,0.25403
1307.59,0.130654
1147.47,0.114678
3822.48,0.38155
5762.53,0.575616
1377.36,0.137729
1553.68,0.154316
2524.98,0.252387
649.245,0.0648602
710.041,0.0709993
2151.25,0.215103
1647.79,0.160621
919.738,0.0919541
916.266,0.0915634
985.821,0.0983479
2122.57,0.212236
1792.03,0.179154
1537.03,0.153508
13315.9,2.98909
586.954,0.0586636
1611.8,0.160174
1574.72,0.157441
1439.53,0.143906
1343.44,0.134329
917.572,0.0917479
4395.82,0.438342
1345.5,0.134546
4801.78,0.477149
999.043,0.0998734
1539.54,0.153855
997.665,0.099328
2748.28,0.274742
779.579,0.0779398
1375.58,0.137331
1655.56,0.165521
3011.52,0.300718
1308.2,0.130038
895.08,0.0894884
904.039,0.0903957
1068.2,0.106756
2310.58,0.23089
1378.08,0.137779
1053.23,0.105268
1317.97,0.131786
2236.27,0.223545
2348.28,0.234745
940.817,0.094003
1446.63,0.144618
903.927,0.0816487
865.359,0.0863965
910.835,0.091021
996.62,0.099652
848.414,0.0848395
2230.42,0.222791
914.396,0.0914086
3211.34,0.320469
1122.87,0.112141
9739.99,0.973338
1343.03,0.134083
1689.98,0.168966
2761.26,0.274106
1582.05,0.158093
2857.37,0.285702
742.305,0.0741607
982.33,0.0981757
729.434,0.0728815
1254.4,0.125228
1240.74,0.12397
827.862,0.0827781
807.043,0.0806384
1180.46,0.118036
2082.69,0.208169
1423.61,0.142315
4967.55,0.496432
1355.79,0.135547
569.888,0.0569823
1084.14,0.1084
996.832,0.0995269
1252.19,0.125146
848.123,0.0848017
1271.32,0.12711
1427.09,0.142574
2467.34,0.246678
2094.27,0.209384
848.811,0.0848574
1091.33,0.109124
858.735,0.0851239
2751.95,0.275152
2224.86,0.222421
992.229,0.09922
1012.78,0.10127
1316.41,0.131463
1011.04,0.101097
676.04,0.0675328
888.148,0.0888013
1302.87,0.130265
761.836,0.0761183
3431.76,0.342944
1747.13,0.174622
4510.24,0.450513
2225.5,0.222339
971.905,0.0971516
1104.92,0.110476
1317.16,0.131636
1810.13,0.180984
535.173,0.0534367
814.471,0.0812447
1767.76,0.176398
11561.3,5.74287
1823.91,0.182241
2309.69,0.230847
1700.42,0.169955
694.06,0.0694004
9370.73,0.934094
8765.23,5.17456
1069.07,0.106896
971.926,0.0971804
1001.46,0.100106
1672.5,0.167171
1700.45,0.169957
899.133,0.0898933
892.131,0.08921
947.405,0.0947317
860.101,0.0860053
1970.27,0.196845
2664.16,0.266335
1340.5,0.134031
1392.73,0.139238
1548.27,0.154796
782.078,0.0780002
5215.81,0.519613
16075.6,4.01125
979.589,0.0977862
1419.1,0.14179
1856.04,0.185254
1496.16,0.149599
644.286,0.0642154
1392.42,0.137628
1598.77,0.159738
1199.68,0.119924
1588.06,0.158705
947.514,0.0947354
668.919,0.0668554
1059.89,0.105971
1119.08,0.111894
1457.79,0.145729
2750.4,0.275019
1364.53,0.136091
1139.09,0.113656
965.183,0.0964695
2564.51,0.256338
1484.86,0.149111
786.976,0.0786925
1341.98,0.134185
1420.99,0.14196
1024.6,0.102449
1472.37,0.147171
929.836,0.0929532
725.953,0.0725931
949.92,0.0949779
2407.97,0.240419
867.887,0.0867502
1457.32,0.1457
3579.56,0.356848
1740.35,0.174007
1632.07,0.163148
1730.98,0.173088
1594,0.159279
751.925,0.0751449
1054.27,0.105189
947.882,0.0947131
654.181,0.0654052
720.251,0.0720179
2486.32,0.248486
8305.72,0.829801
1352.66,0.134738
11585.1,1.15292
17078.6,1.69792
1105.81,0.110565
1177.28,0.117695
2438.97,0.243733
807.119,0.0806876
2458.03,0.24553
829.458,0.0825411
657.939,0.0656759
1997.89,0.199295
657.373,0.0654207
1413.07,0.141154
1240.36,0.123977
1328.24,0.13281
1034.49,0.10342
2099.87,0.209964
1719.85,0.171854
1356.83,0.135614
1418.5,0.141738
2660.36,0.265905
1462.33,0.146172
760.822,0.076071
1121.41,0.112017
2493.76,0.249172
1663.08,0.166272
1365.91,0.136418
3144.33,0.312148
904.506,0.0903757
1636.86,0.163658
1378.03,0.137784
1535.37,0.153114
1296.96,0.129433
1952.9,0.195272
1897.46,0.189727
1071.46,0.107088
1293.25,0.12932
2154.76,0.21545
2369.48,0.236922
1438.03,0.143676
1226.86,0.122631
2286.98,0.228661
3499.58,0.349807
1110.22,0.110724
1170.06,0.11668
1862.69,0.186143
915.986,0.0915606
1303.24,0.130281
985.581,0.0985553
726.929,0.0726622
1071.89,0.107184
1018.19,0.10157
664.92,0.0664762
1332.14,0.133206
1740.86,0.173977
1332.14,0.133193
1656.75,0.165662
2024.69,0.202194
1052.98,0.10529
2253.96,0.225374
644.341,0.0644274
722.611,0.0722478
828.463,0.0828359
1187.87,0.118776
901.061,0.0900823
1040.26,0.103997
856.912,0.0854073
906.778,0.0906215
1937.16,0.193614
1966.95,0.196503
2096.54,0.209606
4731.37,0.472418
761.168,0.0760437
1965.86,0.196347
7450.98,0.743907
934.717,0.0934485
1377.81,0.13771
635.641,0.0634017
922.497,0.0922487
3837.27,0.383415
3033.34,0.303235
6976.84,0.696533
3053.18,0.303686
1356.72,0.131636
1792.4,0.179137
900.099,0.0899681
8989.45,0.897756
1067.16,0.106669
1238.39,0.123816
1244.34,0.12442
1299.91,0.129959
790.043,0.0790027
1029.63,0.101567
9692.96,0.968326
1068.4,0.106834
6632.8,0.662649
696.119,0.0695486
1389.22,0.13885
2628.19,0.262779
965.664,0.0959298
644.694,0.0644614
629.796,0.0629748
703.769,0.0703013
960.14,0.0958219
1130.39,0.11292
888.297,0.0888217
1070.58,0.107017
2274.12,0.227324
1675.71,0.167537
2260.77,0.226041
1656.46,0.165487
2074.49,0.207227
659.928,0.0650877
1591.38,0.159086
4618.74,0.461614
877.141,0.0877047
2139.35,0.213861
2309.13,0.230791
1170.1,0.116972
1731.74,0.173035
1045.95,0.104554
1093.53,0.109309
971.446,0.096975
1842.33,0.18412
5533.1,0.550613
3897.06,0.388225
1000.92,0.100065
913.024,0.0912824
1422.91,0.142285
1741.07,0.174093
1517.18,0.151679
932.671,0.0932506
2646.62,0.264563
5366.67,0.53645
2987.79,0.29857
1663.35,0.166257
1531.43,0.153123
714.711,0.0714535
787.511,0.0781954
2062.63,0.206212
1398.02,0.139738
1992.8,0.199064
1649.76,0.164889
1178.82,0.117874
1263.29,0.126255
4458.7,0.445615
938.404,0.0938367
2006.37,0.20059
1259.18,0.125904
1030.68,0.103051
2720.2,0.271603
1901.1,0.190085
1424.15,0.142396
629.098,0.0628883
1458.54,0.145797
766.467,0.0765733
2169.77,0.216507
1836.69,0.183573
4368.6,0.436546
2032.65,0.20308
1142.85,0.114255
1058.74,0.105738
2052.09,0.204737
2473.48,0.247153
2377.62,0.237043
2758.87,0.275681
2240.67,0.223826
1027.12,0.102704
674.614,0.0673934
884.512,0.0882644
997.23,0.099658
927.151,0.092653
1923.59,0.192345
1625.59,0.162514
1890.35,0.189028
1957.31,0.195658
2455.81,0.245232
1021.08,0.102016
902.573,0.0902524
815.569,0.0815067
924.946,0.0924735
1459.41,0.145915
1029.37,0.102916
1413.84,0.141332
1316.56,0.13164
596.033,0.0594973
1171.14,0.117049
809.918,0.0808814
1720.51,0.172031
3989.09,0.398756
858.632,0.0858328
1132.25,0.113205
3967.45,0.39615
904.186,0.0903983
859.176,0.0858923
972.149,0.0972053
1736.65,0.173357
1969.41,0.196899
941.798,0.0941717
1387.89,0.138768
1530.54,0.152961
1385.93,0.138446
890.103,0.0890015
864.439,0.0859612
953.068,0.0953008
2033.89,0.203323
1602.76,0.160243
1637.52,0.163665
2189.01,0.218525
813.168,0.0812911
1110.9,0.111016
1047.79,0.104198
4513.66,0.4509
6604.32,0.659987
1297.65,0.127892
567.349,0.0567283
1757.68,0.175701
1220,0.121939
1029,0.102388
1312.7,0.131257
2848.74,0.284803
1199.82,0.11983
1713.05,0.171196
1264.25,0.126416
841.976,0.0841667
819.772,0.0819667
1351.9,0.135167
1485.01,0.148178
2897.56,0.289577
1754.48,0.175302
600.747,0.0600499
22978.9,2.27394
1509.12,0.150843
1670.5,0.167002
604.467,0.0604129
1234.9,0.123471
1059.04,0.105818
4193.88,0.419251
3819.18,0.381741
1020.73,0.102066
1933.42,0.193283
4182.94,0.417298
2520.36,0.252032
3588.56,0.358581
2196.35,0.219587
803.918,0.080375
784.545,0.0784155
3761.6,0.37609
4198.55,0.419576
1495.16,0.149507
3041.15,0.304079
3522.07,0.35181
2295.9,0.229439
1344.39,0.134306
1178.61,0.117818
895.499,0.0895415
2760.59,0.275931
1248.84,0.124859
1105.53,0.110549
845.287,0.0845101
1400.81,0.14004
1324.64,0.132324
2402.71,0.240059
1661.43,0.165788
996.623,0.0994042
1021.78,0.10215
992.787,0.0992602
1598.77,0.159637
971.134,0.0970958
1071.61,0.106948
1513.27,0.151286
796.289,0.0796233
857.603,0.0856786
1520.83,0.152046
2016.24,0.20145
1480.87,0.148007
825.475,0.0824606
897.67,0.0891881
673.233,0.0673136
418.211,0.0418129
1910.98,0.190973
534.37,0.0534363
1221.8,0.122175
1813.69,0.181241
1053.77,0.105365
806.771,0.080673
769.633,0.0769379
1244.85,0.124424
1281.52,0.128128
1955.2,0.195441
1301.39,0.130031
916.934,0.0916152
1116.72,0.111625
758.005,0.0757489
629.997,0.062989
1314.61,0.13143
2084.45,0.208325
1881.84,0.188076
1432.32,0.143104
1088.67,0.1086
1230.46,0.122913
2447.3,0.244407
992.181,0.0832531
3999.96,0.399803
636.75,0.0636722
1352.07,0.135162
880.164,0.088014
940.43,0.0939547
3849.34,0.384697
1413.24,0.14131
2166.3,0.216586
1482.27,0.148173
837.941,0.0837655
733.796,0.0733751
1865.64,0.18615
5437.76,0.543511
1262.24,0.126061
3294.73,0.329212
2004.72,0.200259
832.186,0.0831579
1146.12,0.114441
3297.56,0.329477
758.459,0.0757256
1029.52,0.102065
1304.09,0.130371
1593.35,0.15922
1813.59,0.181334
1020.36,0.102029
1190.73,0.118995
1497.1,0.149685
1894.41,0.189252
1646.74,0.164608
877.137,0.087678
1047.51,0.104559
1911.5,0.191129
2109.21,0.210855
3111.96,0.310898
1729.48,0.17293
1846.16,0.184578
457.933,0.0457776
1226.44,0.122626
1688.19,0.168805
5452.08,0.544651
1192.34,0.119152
1008.5,0.100835
882.154,0.0881993
792.314,0.0792273
6851.44,0.678543
886.227,0.0886149
1164.29,0.116365
633.382,0.063324
955.675,0.0954947
1054.76,0.105449
2360.94,0.23597
1054.44,0.105422
916.498,0.0915332
810.036,0.0806681
1130.6,0.113038
919.267,0.0918998
940.288,0.094008
1093.08,0.109281
816.715,0.0816682
906.305,0.0903805
1064.98,0.106469
678.734,0.0677273
1396.71,0.139254
712.66,0.0712631
1770.06,0.176891
1848.23,0.184788
4168.22,0.416758
1418.96,0.141731
554.98,0.0554866
696.935,0.0696822
1958.29,0.195662
2689.02,0.268672
946.282,0.0946189
1271.47,0.126967
2113.07,0.211183
1154.38,0.115015
952.802,0.0951762
987.426,0.0986144
1362.27,0.136155
1852.99,0.18524
1733.53,0.173264
798.179,0.0797926
841.73,0.0841574
1031.85,0.103008
602.928,0.0602286
1057.59,0.105758
773.763,0.0773428
747.124,0.074687
1942.33,0.194102
1101.45,0.110141
895.588,0.0895445
2643.37,0.264302
1681.68,0.167287
715.843,0.0715706
2635.22,0.22535
1402.07,0.140165
2314.81,0.231233
860.854,0.085965
1738.28,0.173749
24620.5,2.44539
2032.96,0.203235
1086.22,0.108615
735.084,0.0734119
1424.54,0.142413
1158.83,0.115825
987.151,0.0986583
3465.03,0.346385
4141.27,0.413907
1240.33,0.123789
1715.98,0.171545
1978.29,0.197211
1155.13,0.11271
685.833,0.0685817
1552.85,0.155216
1180.27,0.117964
1224.47,0.120775
897.66,0.0897654
1354.64,0.135197
831.152,0.0830524
1741.48,0.173984
2163.9,0.216331
1452.04,0.142848
1382.67,0.138189
1061.1,0.10593
1382.29,0.138145
601.105,0.0600934
2370.72,0.236555
14790.4,1.46585
602.504,0.0601855
1009.58,0.100954
1565.6,0.156404
1653.8,0.165194
1663.6,0.16623
726.444,0.0726175
548.786,0.0548315
2098.81,0.20975
606.82,0.0606803
1632.86,0.163249
977.005,0.0976733
1722.76,0.17215
1095.3,0.109517
2648.28,0.264741
614.026,0.0613421
1726.62,0.172555
1116.1,0.11148
1402.89,0.140247
758.48,0.0758355
1358.47,0.135538
1561.07,0.156013
1987.54,0.198719
1338.16,0.133765
2368.56,0.236839
1078.15,0.107761
1011.56,0.10103
712.25,0.0711433
966.622,0.0966585
1347.84,0.134597
1149.86,0.114921
805.66,0.0805386
2528.86,0.252757
1070.47,0.106996
1145.16,0.114461
1496.44,0.149571
1209.08,0.120899
1245.05,0.124467
1554.8,0.155294
1959.63,0.195838
1111.84,0.111174
2612.55,0.260777
1220.16,0.121946
1235.9,0.123555
1158.9,0.115863
628.663,0.062832
768.156,0.0768146
1035.18,0.103415
1347.39,0.134502
780.193,0.0780151
1024.11,0.102405
1108.98,0.110883
1121.62,0.112148
749.006,0.0748941
1308.64,0.130782
1607.49,0.160613
1157.22,0.11554
1453.48,0.145202
758.037,0.0757122
5968.5,0.596296
938.258,0.0938183
1214.38,0.121386
1008.12,0.100675
1299.31,0.129599
1335.1,0.133468
2087.27,0.208554
1360.35,0.135702
1083.67,0.108353
1116.54,0.111264
1365.56,0.13642
943.762,0.0943642
750.984,0.0732413
1298.05,0.129596
1612.84,0.161211
795.824,0.0795666
573.35,0.057298
1568.04,0.15646
1046.66,0.104641
985.319,0.0983171
2095.56,0.2094
1628.66,0.162644
2935.37,0.292029
2069.98,0.206897
1705.86,0.170352
1126.67,0.112641
1356.08,0.135487
1435.68,0.143449
1412.51,0.141185
1045.1,0.103731
1404.79,0.140359
3508.96,0.350504
2914.49,0.291273
918.956,0.0918923
20401.8,2.02755
1040.68,0.104063
1317.01,0.131596
639.026,0.0638927
1122.74,0.112267
3557.55,0.355541
1888.85,0.188854
995.153,0.0995088
941.852,0.0941744
1051.18,0.105108
1029.05,0.102753
1092.44,0.109196
1624.88,0.162331
2112.11,0.210784
1209.75,0.120879
1429.24,0.142913
1351.92,0.134901
711.88,0.0711597
1234.17,0.123284
852.192,0.0850947
1013.08,0.10127
1836.73,0.18348
1716.73,0.171653
976.953,0.0976199
995.706,0.0995567
2482.93,0.24464
2155.11,0.215341
1021.19,0.102043
649.025,0.0648936
7635.27,0.76231
3239.34,0.323031
952.654,0.0952247
619.125,0.0618996
1459.64,0.145915
972.651,0.0972012
1752.42,0.175229
949.24,0.0949035
980.055,0.097995
11521.2,1.14998
1667.46,0.16636
1900.22,0.189556
1226.57,0.122629
1148.51,0.114715
910.95,0.0909928
894.569,0.0894231
983.403,0.0983038
825.921,0.0825742
944.912,0.0944735
1295.76,0.129572
1022.25,0.102213
1684.08,0.168338
1219.52,0.121919
693.555,0.0693358
2687.49,0.268429
2616.16,0.261095
822.469,0.0822212
2055.71,0.205393
1799.25,0.179425
2074.85,0.206784
909.318,0.0905969
718.043,0.0716588
1306.46,0.130473
1879.89,0.187825
5374.65,0.5372
1846.72,0.184643
889.634,0.0886605
2992.17,0.299143
803.533,0.080288
6603.04,0.660151
719.512,0.0719469
1676.44,0.167625
1174.91,0.117389
1439.16,0.143823
1568.61,0.156729
1500.19,0.149976
1039.02,0.103897
1441.73,0.144004
1261.69,0.126113
1047.63,0.104594
1513,0.151226
1140.33,0.114028
989.745,0.0989723
1318.76,0.131861
944.289,0.0944133
773.685,0.0773124
496.912,0.0495072
966.596,0.0965793
1388.54,0.138834
1203.79,0.120378
715.597,0.0715577
2799.14,0.279811
1186.92,0.11868
811.493,0.0810704
1178.74,0.119054
898.496,0.0897838
703.339,0.0703099
3872.31,0.386852
1191.34,0.119074
1767.48,0.176734
2618.61,0.261238
1909.38,0.190461
516.828,0.0516435
969.97,0.0969809
753.176,0.0751988
2214.78,0.221271
1308.45,0.13084
1663.16,0.166272
1468.76,0.146863
732.192,0.0730437
738.079,0.0737736
4715.82,0.471232
761.369,0.0760608
897.138,0.0896949
1040.67,0.104061
1575.41,0.157135
1385.78,0.138518
2248.77,0.224856
700.724,0.0700659
830.971,0.0830527
866.2,0.086591
721.368,0.0721283
1427.36,0.142691
1350.11,0.134992
2268.86,0.226754
1571.11,0.157094
2620.11,0.261982
2702.72,0.270021
775.866,0.0774778
766.858,0.0766605
943.611,0.0943281
9860.34,0.983275
727.772,0.0727748
5090.49,0.508603
5821.06,0.579748
1339.45,0.133647
2050.13,0.204855
2337.74,0.228435
1343.05,0.1343
1355.32,0.135344
1060.15,0.10597
2137.5,0.2135
2355.01,0.235199
3183.31,0.317936
2837.79,0.283473
1359.52,0.135933
1065.86,0.106575
1966.86,0.188531
1160.45,0.115758
3611.07,0.360493
738.467,0.0738218
913.101,0.0912558
1521.49,0.152035
4491.34,0.448664
910.024,0.0909854
1651.81,0.165116
1031.09,0.102975
981.062,0.098086
1224.18,0.12239
765.796,0.0765746
4923.02,0.492088
715.784,0.0715209
2429.8,0.242592
2489.2,0.248783
877.757,0.0876918
2106.49,0.210398
1404.82,0.140455
1625.68,0.162519
4520.34,0.451926
7923.02,0.790556
2449.07,0.244661
1718.38,0.171732
671.737,0.0671695
424.4,0.0423879
955.158,0.0954993
10017.9,1.00073
1079.08,0.107868
3296.02,0.329322
851.699,0.085168
903.081,0.0901413
858.326,0.0858283
603.193,0.0602545
2970.09,0.296807
925.187,0.0924688
1148.64,0.114515
5933.2,0.591765
809.436,0.080909
1306.16,0.130516
982.231,0.0980989
999.056,0.0999024
2262.79,0.226152
882.703,0.0880177
1274.41,0.127374
2295.22,0.22931
1063.48,0.106299
2189.34,0.218804
5747.6,0.574189
2319.24,0.231317
2194.35,0.219243
2035.63,0.203436
2363.79,0.235764
1491.25,0.149053
5759.37,0.575691
1651.59,0.164935
3077.08,0.30685
2190.36,0.218745
2305.06,0.230352
1305.16,0.130501
1157.58,0.115728
1223.48,0.122324
900.187,0.0899962
548.354,0.0546087
899.576,0.109763
1091.31,0.109108
1890.75,0.189039
2535.14,0.253389
3737.43,0.373661
1348.8,0.134779
2121.55,0.212038
871.549,0.0865567
796.935,0.0796062
2135.42,0.202577
1198.68,0.11985
1613.89,0.161243
5225.58,0.52233
914.152,0.0913999
919.384,0.0919318
873.854,0.0873057
468.177,0.0468136
995.642,0.0995473
704.257,0.0704197
796.658,0.0796636
925.533,0.0925396
1322.75,0.132053
2980.81,0.297943
1495.76,0.149566
1007.24,0.100706
1232.6,0.123226
1355.51,0.135539
897.555,0.0896812
1644.71,0.164453
1444.27,0.143425
2199.71,0.219882
1834.54,0.17747
1444.72,0.144402
1411.09,0.14085
890.831,0.089068
632.019,0.0632
3136.35,0.313291
2617.89,0.261687
1813.05,0.181272
1151.06,0.115073
1686.88,0.168562
1747.96,0.174765
2505.86,0.250385
1428.02,0.138754
3600.09,0.359692
1038.35,0.103709
1152.05,0.115003
773.858,0.0773756
1876.57,0.18728
954.536,0.0954143
1656.16,0.165548
1999.47,0.199889
837.582,0.0837417
1038.77,0.10382
1020.73,0.102041
23833.3,2.37864
1878.84,0.187561
1010.26,0.100699
4205.51,0.418798
5777.61,0.576309
1616.14,0.16159
1009.34,0.100891
1023.49,0.102336
2013.66,0.201224
1245.49,0.124477
1144.39,0.114434
2068.61,0.206851
1071.04,0.107015
1501.43,0.15004
1613.7,0.161324
1274.38,0.127383
1455.46,0.145468
3915.38,0.390627
919.609,0.0916611
672.638,0.0672567
982.937,0.0982355
1676.17,0.167555
3556.58,0.355376
2871.01,0.287017
1850.3,0.184997
1906.29,0.19029
1425.21,0.142446
1870.54,0.186756
6745.55,0.673759
788.434,0.0788
3110.25,0.309903
687.584,0.0687275
1017.37,0.101685
1498.75,0.149848
1392.98,0.139242
850.932,0.0850917
948.921,0.094864
834.998,0.0827784
2416.75,0.24159
3876.41,0.387001
956.652,0.0955814
1105.24,0.110513
1865.46,0.186468
2445.49,0.244458
856.882,0.0856669
2947.77,0.294594
1006.85,0.100641
4116.79,0.410061
1234.23,0.123407
873.998,0.0873344
1646.76,0.164628
1448.87,0.144848
1286.43,0.128631
1411.36,0.140989
1751.2,0.17507
2867.54,0.28551
1084.09,0.10833
551.984,0.0551828
1368.83,0.136703
773.66,0.0771905
9416.17,0.936219
5658.87,0.563963
2130.48,3.85451
807.378,0.080732
1283.22,0.128249
1903.7,0.190349
3771.85,0.375187
2061.17,0.205713
1364.51,0.136442
1255.72,0.12548
1932,0.192906
1141.18,0.114098
563.058,0.0562688
3149.55,0.314506
1027.89,0.102706
1395.52,0.139501
1544.82,0.154461
1532.41,0.153237
2022.9,0.20204
992.674,0.0992584
1042.64,0.104134
946.252,0.0946103
1722.46,0.1722
1247.27,0.124666
842.608,0.0842539
1571.01,0.155368
2060.99,0.206039
2508.82,0.25073
1145.61,0.114538
982.151,0.098143
1338.82,0.133821
1126.09,0.111594
983.405,0.0983215
882.59,0.0882501
1217.39,0.121728
2080.7,0.207559
857.634,0.0857315
841.699,0.0840361
6459.89,0.645605
942.624,0.094238
1114.79,0.111461
3124.18,0.311876
657.308,0.0657221
814.668,0.0814653
717.872,0.0717511
1694.61,0.169421
1994.16,0.199188
848.096,0.0848073
1182.18,0.118192
10702.9,1.0654
1529.59,0.152776
2993.95,0.298815
1241.13,0.124097
9474.57,0.945402
1858.36,0.185712
837.416,0.0836476
1199.25,0.11976
2672.28,0.267186
8122.47,4.0577
1071.94,0.106939
727.44,0.0727185
1582.04,0.158183
631.501,0.062277
977.58,0.0977536
773.059,0.0773051
2257.56,0.225088
1478.82,0.14765
627.946,0.062778
1372.01,0.137105
18586.9,1.85144
1434.75,0.143137
5324.12,6.03323
1145.29,0.114486
1556.69,0.155636
1987.74,0.198759
783.611,0.0782863
1992.66,0.199249
658.911,0.0658483
2841.93,0.283955
1646.6,0.164597
1263.23,0.125726
1050.64,0.105056
2518.16,0.25175
659.636,0.0659569
2728.73,0.272709
920.249,0.0920167
1451.75,0.14516
1369.91,0.136969
4013.53,0.401316
2654.92,0.265323
867.117,0.0863334
3374.05,0.337228
2962.65,0.296057
1190.55,0.118801
722.789,0.0722741
929.173,0.0927296
1416.52,0.141568
1134.08,0.113323
2880.7,0.287753
910.416,0.0909868
1072.76,0.107237
1611.96,0.160239
2810.66,0.28024
1164.53,0.116414
1228.57,0.122845
1800.24,0.179985
895.403,0.0895312
1731.22,0.172961
968.682,0.096833
1455.38,0.145362
1356.32,0.135561
989.666,0.0988746
3439.53,0.343812
852.673,0.0852037
1830.22,0.182931
738.897,0.0738759
1101.25,0.11008
1822.81,0.182198
2412.72,0.241259
1823.25,0.182205
1197.3,0.119677
5013.46,0.501274
936.247,0.0936041
955.241,0.095498
1193.86,0.119145
1073.89,0.107372
4209.74,0.420848
5841.7,0.583349
852.091,0.0851623
1379.94,0.137706
1141.55,0.114138
2101.03,0.209984
899.128,0.089871
691.14,0.069085
1438.19,0.143758
2972.9,0.297032
2021.1,0.202009
988.822,0.0985302
633.381,0.0631796
7555.81,0.755168
1968.55,0.196771
2142.42,0.213752
793.204,0.0789275
1936.42,0.193624
1981.33,0.197896
1078.95,0.107856
1240.96,0.123062
1212.81,0.121245
1601.76,0.160016
1029.17,0.102752
1438.33,0.143757
886.125,0.0885902
12384.6,1.23482
892.974,0.0892651
1312.61,0.131167
1077.86,0.107779
1190.36,0.119015
776.912,0.0776879
901.775,0.0901415
1774.31,0.176163
1325.34,0.132524
1945.31,0.193369
641.5,0.0641421
1480.51,0.148007
1101.04,0.110028
1953.8,0.195358
2083.93,0.208322
1619.94,0.161959
1159.7,0.115922
2626.41,0.262051
4433.44,0.435904
1416.46,0.141586
1974.05,0.197339
2037.56,0.203649
1180.33,0.11802
1005.48,0.100247
1772.63,0.177207
4159.37,0.415721
1531.87,0.152785
1303.82,0.130378
1183.43,0.118303
2071.5,0.2071
1077.83,0.107744
781.859,0.0781814
1110.18,0.110988
2449.01,0.244859
2027.51,0.202671
1069.91,0.102576
1751.39,0.175086
2861.77,0.285928
1576.03,0.156553
1732,0.173114
1258.19,0.125715
1121.63,0.112076
1808.26,0.180797
1558.47,0.155793
607.035,0.0606527
1464.23,0.145374
1989.42,0.198901
846.136,0.0845898
3457.44,0.345522
1133.99,0.113393
1173.28,0.117277
690.386,0.0690318
1402.84,0.140243
1308.28,0.130813
1270.68,0.126981
1182.54,0.118187
1220.09,0.121974
3031.02,0.302818
1860.19,0.185852
2514.87,0.250862
1214.02,0.121319
3335.14,0.332952
1773.11,0.177282
1319.48,0.131778
724.114,0.072377
3014.95,0.301369
1673.55,0.167245
5196.64,0.518596
1465.37,0.146506
1276.98,0.127458
1218.12,0.116289
970.434,0.0969551
1336.27,0.133603
777.517,0.0777311
2054.88,0.205427
761.957,0.0761935
1623.24,0.162301
1259.04,0.125874
1647.98,0.164771
1297.28,0.129214
3376.03,0.33715
1518.02,0.151234
1443.78,0.144081
1449.41,0.144903
16137.5,1.61229
2020.26,0.201831
806.14,0.0806118
2985.16,0.298133
1560.32,0.155989
1387.77,0.138769
2423.2,0.242193
1603.25,0.16026
3124.91,0.312295
953.944,0.0953917
776.765,0.0776615
1222.69,0.122243
1428.3,0.142494
876.529,0.0876237
466.507,0.0466442
673.907,0.0673566
3058.21,0.305753
1839.39,0.183902
873.501,0.0871813
11147.9,1.11094
1176.85,0.117587
1172.97,0.117227
1109.7,0.110893
1489.81,0.148951
837.486,0.0835845
1355.95,0.135574
3343.29,0.3342
929.876,0.0942327
1027.04,0.102652
1285.65,0.128511
869.751,0.0869729
1102.71,0.110201
1793.51,0.179262
989.375,0.0989059
929.531,0.092937
1064.8,0.106355
1020.14,0.101953
1131.58,0.113114
1394.82,0.139472
4592.46,0.45886
5029.39,0.502731
917.561,0.0917511
866.761,0.0866435
1013.35,0.101283
1386.99,0.138672
1819.24,0.181748
716.168,0.0715925
975.339,0.0975001
1607.84,0.160726
1337.34,0.133693
2342.51,0.234219
892.148,0.0892056
1982.73,0.198147
1019.31,0.101848
1094.68,0.109428
1047.17,0.104693
1159.13,0.115664
1135.97,0.113508
2319.31,0.23189
958.128,0.0958077
2919.44,0.291854
2222.18,0.2221
692.968,0.0691692
1731.82,0.173163
1018.91,0.101814
769.609,0.0769575
4904.97,0.489895
1101.86,0.110123
1324.6,0.132313
1447.25,0.144711
1099.1,0.109824
772.725,0.077218
1790.79,0.178913
977.946,0.0977833
1882.85,0.188101
1569.11,0.156655
1016.15,0.101593
998.156,0.0997957
3662.92,0.364559
1008.12,0.100797
1593.11,0.158972
641.546,0.0641077
1253.41,0.125249
1114.7,0.111387
1032.39,0.107546
3278.1,0.327471
1210.26,0.120999
741.512,0.0739709
1153.91,0.115372
8560.84,0.853414
1738.67,0.17334
995.943,0.0995911
2095.94,0.209532
1694.16,0.169132
893.286,0.0892988
994.17,0.0994046
2144.48,0.214153
1009.1,0.100896
1845.94,0.184212
1208.18,0.120677
1205.5,0.120515
1294.03,0.129253
1959.14,0.195822
854.121,0.0854105
889.241,0.0889007
1072.99,0.106953
2275.17,0.227507
910.525,0.091041
1128.77,0.112868
1991.23,0.198902
868.999,0.0868842
868.386,0.0868215
913.896,0.0913647
1867.75,0.186731
880.739,0.0880632
694.352,0.0694302
1338.9,0.133811
1992.88,0.199249
2550.1,0.25471
1568.54,0.156795
1865.39,0.186438
5082.52,0.507547
914.19,0.0911323
3893.81,0.389085
947.845,0.0940794
980.999,0.0979048
4121.48,0.411745
841.319,0.0840371
1978.72,0.197799
603.967,0.0603708
1149.35,0.114932
1266.04,0.126573
1034.58,0.103452
882.63,0.0882273
5064.04,0.505933
1062.33,0.106084
845.485,0.0845468
1276.92,0.127683
1267.11,0.126516
898.824,0.0898718
936.338,0.0936303
1378.54,0.137819
1551.43,0.154954
1277.09,0.12733
788.685,0.0786955
750.464,0.07504
2879.24,0.287815
799.987,0.0799963
3681.2,0.368033
1706.76,0.170647
937.945,0.0937858
844.455,0.0842765
1125.1,0.112392
647.015,0.0646983
1510.89,0.151082
1503.3,0.150195
1571.6,0.157001
4608.56,0.459687
1328,0.132613
760.944,0.0760919
994.305,0.0994213
2095.12,0.209353
1061.12,0.105899
700.393,0.0700172
1291.85,0.129147
1020.85,0.102076
1911.48,0.191006
1167.93,0.116709
651.708,0.0651437
5039.79,0.503768
15986.4,1.58994
3224.64,0.322134
1767.48,0.176722
1891.62,0.189123
1472.48,0.146846
2455.46,0.245391
1647.56,0.164677
954.018,0.0953085
1111.87,0.111155
1914.02,0.191161
1348.11,0.134733
1431.16,0.142748
861.487,0.0861296
716.61,0.0716341
705.08,0.0705046
1523.12,0.151866
1499.5,0.149922
2144.34,0.214412
1443.98,0.144283
908.405,0.0907794
1566.23,0.156398
1604.78,0.16043
946.883,0.0946766
844.08,0.0843937
1042.1,0.104202
1712.84,0.171253
1292.37,0.129177
530.168,0.0530052
756.365,0.0756305
646.11,0.0645914
894.782,0.0894726
1166.06,0.116595
1314.98,0.131452
1797.2,0.179699
4673.42,0.467186
1651.69,0.16495
789.64,0.078956
1611.09,0.161079
1055.39,0.105414
7022.43,0.701689
746.432,0.0744824
3581.11,0.358065
875.302,0.0873462
1170.25,0.116877
818.357,0.0818258
2395.27,0.987682
5085.93,0.507724
2428.45,0.234831
922.833,0.0922317
1105.08,0.110389
2348.27,0.234764
1333.38,0.133028
1427.66,0.142733
2469.89,0.245496
2668.77,0.26684
679.177,0.0679166
1302.18,0.130065
2104.1,0.210383
736.984,0.0735801
2552.31,0.255047
1712.74,0.170695
2040.23,0.203992
971.354,0.0964016
1727.32,0.172685
1002.41,0.100237
1056.81,0.105668
1066.1,0.106527
1071.64,0.10715
1827.71,0.181837
1068.98,0.106751
2162.21,0.216128
1065.71,0.106502
1957.93,0.195703
1156.78,0.115639
797.726,0.079762
1002.12,0.100132
3881.71,0.38786
686.255,0.0686222
1418.88,0.141746
1485.23,0.14851
3170.43,0.316833
2625.54,0.262381
2309.86,0.230944
967.403,0.0966839
2825.91,0.281808
2328.21,0.23271
17520.3,1.74198
522.141,0.0522106
826.274,0.0826159
913.713,0.0913498
874.137,0.0874127
4034.01,0.40303
9743.85,0.97169
1133.42,0.113334
1485.39,0.148512
2108.37,0.210559
1669.45,0.166896
863.62,0.0863594
1022.58,0.102256
816.615,0.0816518
945.693,0.0944558
1518.47,0.151492
3943.81,0.393471
1104.85,0.110459
856.288,0.0856107
812.477,0.0812355
1061.11,0.106036
2556.99,0.255565
1121.45,0.112139
1311.93,0.131128
673.722,0.0672842
1221.97,0.116511
9095.48,0.907126
2240.74,0.224053
460.859,0.0460638
1323.52,0.132237
3449.18,0.341753
2927.19,0.292594
854.356,0.0851612
928.01,0.0927853
786.323,0.078602
11088.3,1.10776
1307.09,0.13059
2254.83,0.225045
518.446,0.0518414
1277.03,0.12768
759.513,0.0759386
1790.97,0.179037
1058.88,0.105823
1636.42,0.163478
2598.81,0.258947
4898.97,0.488688
763.053,0.0762881
917.613,0.0910084
343.061,0.0342741
1440.24,0.143954
802.691,0.0802001
2352.93,0.233391
907.568,0.0906025
688.357,0.0688244
1341.86,0.133862
2558.32,0.255778
1533.87,0.15336
1395.53,0.139532
1366.27,0.136607
1323.66,0.132308
3658.59,0.365714
3752.12,0.375017
4048.76,0.404369
1791.13,0.179093
1023.33,0.102329
972.995,0.0972645
3606.79,0.360641
923.127,0.0923026
739.376,0.073936
1076.24,0.107588
1203.56,0.120326
1379,0.137856
1549.89,0.154981
1847.67,0.184743
798.689,0.0798613
973.691,0.0970405
1100.5,0.11004
1111.01,0.110955
1407.66,0.140616
2377.71,0.237478
2542.59,0.254186
1831.28,0.182982
1762.13,0.176003
1453.06,0.145289
1509.14,0.150803
1296.64,0.129641
1172.6,0.117152
2713.72,0.271194
1975.61,0.197225
869.998,0.0868799
1822.03,0.18206
2106.62,0.210545
637.755,0.0637025
1584.54,0.15842
2205.14,0.220383
803.1,0.0802899
1396.96,0.13963
1452.55,0.145168
1194.07,0.119397
1640.89,0.164063
4205.66,0.420143
677.14,0.0673292
9887.04,0.988316
1020.03,0.101919
3151.58,0.314918
1360.32,0.135979
2105.28,0.210456
1609.68,0.160785
2020.66,0.201948
17380.4,1.72456
1205.62,0.120503
2546.92,0.254676
1086.77,0.107773
9224.51,0.919161
1578.96,0.157853
526.565,0.0526422
674.783,0.067457
4300.26,0.429313
2384.56,0.238353
764.374,0.0763278
1418.9,0.141863
708.158,0.0707726
889.595,0.0889435
907.871,0.0907531
2220.22,0.221917
649.286,0.0649223
827.158,0.0825951
2686.44,0.268249
1460.82,0.146041
1635.39,0.163475
2506.59,0.250459
847.216,0.0846993
1129.69,0.112953
754.799,0.0754454
1674.44,0.16728
919.626,0.0918783
1148.47,0.114788
1024.68,0.101775
705.316,0.0705181
1844.8,0.184405
723.201,0.0723018
965,0.0964388
1615.95,0.161103
716.932,0.0716777
1412.78,0.141269
898.535,0.0897801
868.807,0.086774
1466.5,0.146618
850.956,0.0850738
914.635,0.0914211
1979.18,0.197867
1461.62,0.146153
2841.06,0.284022
1692.34,0.169188
1223.16,0.122233
506.259,0.050588
1959.4,0.195482
1958.99,0.195601
1329.49,0.132875
1186.14,0.118249
1819.82,0.181931
1475.07,0.147493
658.66,0.0658648
1075.08,0.10746
2616.07,0.261579
1326.63,0.132559
2425.57,0.24252
1250.8,0.125063
715.378,0.0711777
2094.45,0.209357
1370.74,0.136825
1044.64,0.104441
1173.9,0.11738
2476.12,0.247288
806.797,0.0806772
603.527,0.0603357
2718.83,0.271722
1429.63,0.142952
4543.55,0.453971
2964.93,0.295927
693.155,0.0692998
1309.82,0.130961
1065.41,0.106536
661.554,0.0661532
1623.52,0.162267
1323,0.132219
1258.42,0.125831
934.133,0.0933947
916.427,0.091634
1745.77,0.174503
1044.62,0.104442
628.223,0.0628069
2776.01,0.277552
800.638,0.0799578
1594.16,0.158802
1631.68,0.163093
1441.96,0.144121
1290.5,0.128964
1830.21,0.182987
1172.1,0.117079
522.381,0.0521296
1454.07,0.144956
7772.94,0.77704
2401.37,0.239697
2805.71,0.280243
1037.72,0.103612
1557.14,0.155351
1341.47,0.134065
2583.21,0.258166
762.504,0.0762482
2272.16,0.227174
1131.23,0.113103
1395.32,0.139518
786.686,0.0785853
774.936,0.0774878
1034.56,0.103397
733.022,0.0732922
1139.56,0.113859
1370.97,0.136937
1063.36,0.106227
539.699,0.053967
1585.09,0.158347
1270.94,0.127074
3378.79,0.337744
8735.02,0.871715
1455.15,0.145483
1375.63,0.137487
696.544,0.0696511
945.52,0.0945455
747.166,0.0746371
2536.21,0.253475
1761.43,0.17428
802.655,0.0801784
1132.56,0.113148
1496.14,0.149581
732.354,0.0732289
643.595,0.0643186
859.245,0.0858883
455.755,0.0455535
1505,0.150471
2073.02,0.206591
886.46,0.0886443
855.131,0.0854884
2345.65,0.234502
2239.77,0.22391
1477.27,0.147531
806.027,0.0805546
1052.46,0.105196
8918.59,0.889104
1561.64,0.1561
1035.05,0.103387
3380.34,0.337641
3614.9,0.3614
825.713,0.0825407
966.833,0.0965662
878.364,0.0878017
915.56,0.0915405
2138.41,0.213314
610.77,0.061033
1146.2,0.114569
1033.16,0.103304
1470.69,0.146885
1980.23,0.177609
907.189,0.0907072
1191.27,0.119042
744.577,0.0743329
1242.53,0.124202
931.63,0.0931009
1447.21,0.144696
1293.76,0.129357
2311.24,0.230318
1417.68,0.141337
719.291,0.0719258
932.663,0.0930118
1174.8,0.117467
3875.78,0.387465
1061.96,0.106091
1171.29,0.117094
1069.98,0.106975
839.294,0.0837351
1405.11,0.140335
1858.01,0.185762
879.351,0.0879302
1692.36,0.168872
1082.21,0.108209
1671.15,0.166977
1333.82,0.133198
736.26,0.0736225
1581.28,0.158047
3515.85,0.340909
1059.55,0.105919
699.717,0.069966
3352.7,0.329472
771.46,0.0771217
963.395,0.0962003
469.909,0.0469886
997.688,0.0997224
676.278,0.0676186
1012.35,0.101149
1079.21,0.107862
822.418,0.0822121
998.276,0.0998129
871.863,0.0871611
2000.75,0.200025
1174.95,0.117379
9467.38,0.94499
671.066,0.0669552
2468.49,0.246773
1055.47,0.105406
1004.35,0.100398
1168.7,0.116854
1419.47,0.141919
1883.72,0.1883
1523.66,0.15233
2462.4,0.245726
1953.46,0.195269
1088.4,0.108835
704.629,0.0700636
1957.36,0.195668
1034.66,0.103448
1222.42,0.122236
2377.9,0.237596
774.907,0.0774153
1736.89,0.173566
1554.22,0.155376
1794.17,0.178645
1105.81,0.108045
1891.92,0.189089
2653.59,0.265265
1145.15,0.114412
1195.96,0.119578
1622.62,0.162123
1160.43,0.11597
1363.17,0.136169
1048.47,0.104702
1966.1,0.196501
739.135,0.0739101
1946.94,0.194534
2267.44,0.226492
914.25,0.0914177
1127.85,0.112771
1397.02,0.139671
1607.05,0.160702
781.98,0.0780656
1104.26,0.110399
1150.75,0.115047
1344.82,0.134472
1409.11,0.140864
1193.09,0.119232
927.39,0.0926847
467.717,0.0466966
892.486,0.0890481
985.213,0.0985131
1007.64,0.100762
11202.6,1.11506
903.292,0.0903127
1076.88,0.107647
4184.55,0.418205
1090.58,0.109053
3873.21,0.386915
1743.75,0.174218
2573.12,0.257124
2817.74,0.280423
2220.85,0.274363
1096.25,0.109612
1060.18,0.105952
1165.49,0.116328
2197.37,0.21972
1090.01,0.108951
861.321,0.0861132
1347.67,0.134405
1358.29,0.135123
1008.12,0.100807
7408.81,0.738554
637.103,0.063708
1302.21,0.130175
1630.28,0.162888
2022.68,0.201643
1860.93,0.185983
2617.6,0.261663
1087.74,0.108719
4981.36,0.497057
1773.86,0.177145
2235.38,0.223367
1231.25,0.123072
1641.32,0.164009
2585.17,0.258349
1461.68,0.146126
1018.27,0.10182
1075.41,0.107532
948.04,0.0947697
1028.1,0.1028
700.156,0.0699268
616.09,0.0615923
1408.36,0.140749
1241.85,0.124156
3178.8,0.31752
1171.63,0.117091
1578.85,0.157861
1286.92,0.128408
2984.53,0.292258
1000.46,0.0997462
1298.5,0.129816
5220.63,0.521858
1279.52,0.127903
2569.83,0.256867
3960.91,0.396072
2968.44,0.296773
1135.2,0.113402
940.747,0.0917762
1260.21,0.12595
983.523,0.0977754
517.181,0.0517171
923.82,0.0922408
615.649,0.0615519
941.755,0.0941175
904.281,0.0902638
906.796,0.0906763
1172.56,0.117243
631.059,0.0630472
1150.25,0.114971
1676.16,0.167577
1080.11,0.107889
945.189,0.0943394
1110.25,0.110859
2510.23,0.250685
583.67,0.0583663
3029.2,0.302643
2197.43,0.219664
908.103,0.0907821
1447.6,0.144635
2776.81,0.276621
740.999,0.074067
2659.1,0.265644
3870.32,1.71725
1760.02,0.175837
1151.97,0.114368
2281.93,0.228118
2769.53,0.276789
8843.43,0.881214
892.266,0.0892227
832.456,0.0832215
916.789,0.0916515
861.195,0.0860968
792.141,0.0792116
933.107,0.0932399
1568.26,0.149781
2188.18,0.218788
953.446,0.0953259
1080.65,0.107613
1047.62,0.104747
2680.53,0.267995
1542.2,0.153416
754.859,0.0754763
3626.45,0.362089
805.844,0.080551
2212.36,0.22121
707.362,0.0707339
960.949,0.0960471
1335.02,0.133443
1281.29,0.128077
5426.16,0.542227
1170.29,0.116823
926.904,0.0926425
2254.95,0.225308
1447.19,0.14454
1650.47,0.164733
1627.94,0.162707
2047.39,0.204644
770.898,0.0770781
1610,0.160934
1503.77,0.150048
958.21,0.0957624
2232.19,0.223097
2322.02,0.232176
722.189,0.072198
641.882,0.0641795
1838.5,0.183692
2237.78,0.223626
1242.11,0.124107
2471.91,0.24686
726.309,0.0726181
1668.48,0.164667
2001.15,0.199907
735.1,0.0734569
1584.73,0.158377
3606.67,0.359133
1286.59,0.128628
1430.08,0.142976
1822.52,0.182247
2374.88,0.237044
1038.5,0.103839
744.262,0.0744226
1203.5,0.120212
2195.9,0.219404
849.556,0.0848567
1298.47,0.129729
1446.75,0.144612
740.112,0.0736417
932.293,0.09322
1491.86,0.139997
2453.69,0.245315
1020.91,0.102064
2130.65,0.212871
804.311,0.0804279
863.394,0.0863331
2200.48,0.21961
884.841,0.0884834
5354.75,0.534726
1100.2,0.109958
1621.25,0.162039
1350.79,0.135059
877.431,0.0877173
969.452,0.0968695
584.655,0.0584595
1885.9,0.188521
1225.24,0.122407
1721.19,0.171965
22974.7,2.27891
932.926,0.0932575
1117.39,0.111694
1061.28,0.10608
3790.71,0.378763
1136.31,0.113531
992.074,0.0990424
886.433,0.088604
1148.26,0.114657
1341.51,0.128804
1070.4,0.107037
1403.47,0.140185
1250.17,0.124986
6115.19,0.598289
2281.57,0.228124
607.204,0.0607097
1116.98,0.111617
10560.9,1.04778
591.049,0.0590784
1085.64,0.108562
733.16,0.0732699
849.324,0.0848691
1198.99,0.119841
3604.38,0.360058
1124.67,0.112274
22892.5,2.28526
2021.72,0.202146
6387.84,0.638384
986.97,0.0986626
3639.17,0.363691
1108.47,0.110831
2429.48,0.242634
1337.29,0.133702
588.334,0.0588087
1369.05,0.136883
664.082,0.0663894
450.545,0.0450309
697.684,0.0697586
1083.89,0.108356
1218.3,0.121796
1916.34,0.190692
1873,0.187219
1518.07,0.151616
996.486,0.0994049
704.32,0.0704301
1445.08,0.144421
897.847,0.0897643
1734.96,0.173313
605.86,0.0605589
2319.46,0.231884
1041.43,0.104107
4078.47,0.407708
2984.74,0.298271
916.943,0.0915727
846.117,0.0845791
2123.53,0.210485
1032.13,0.103197
1578.79,0.157864
1314.65,0.131453
934.524,0.093321
878.398,0.0841215
1191.06,0.11906
1077.6,0.107721
2249.66,0.224404
1811.77,0.181147
2309.37,0.230852
875.753,0.0875743
1642.91,0.164236
1050.74,0.105055
1319.01,0.131723
786.938,0.0786641
1106.46,0.110637
2226.05,0.222536
2792.79,0.279255
568.09,0.0568054
1924.98,0.192198
1195.68,0.11956
3092.7,0.309058
1966.66,0.19659
1192.19,0.119171
1171.19,0.117052
1001.41,0.100116
1110.32,0.110986
1294.77,0.129443
786.301,0.0785909
24762.9,2.45818
952.021,0.0951599
1636.61,0.163628
1074.88,0.107363
1344.15,0.134045
1325.62,0.132297
5188.57,0.518645
1756.09,0.175558
682.958,0.0682405
786.612,0.0786102
1327.28,0.1327
3092.3,0.308987
1182.75,0.118087
1422.48,0.142137
921.809,0.092156
2183.31,0.218281
1296.43,0.129517
2130.74,0.212816
1955.5,0.195448
1347.7,0.134746
851.379,0.0851311
1025.65,0.102534
856.178,0.0855441
692.769,0.0692089
1436.37,0.142459
722.741,0.0722402
2975.23,0.297261
1493.33,0.149266
925.734,0.0925629
1291.61,0.129131
1055.68,0.105532
1011.44,0.101087
1120.96,0.109585
1517.19,0.151713
989.976,0.098955
952.433,0.0951942
1934.93,0.193108
1070.01,0.106951
1650.2,0.165002
3416.08,0.341559
8462.42,0.84372
1459.8,0.145593
1363.83,0.13498
1964.03,0.196336
941.562,0.0940075
703.905,0.0703899
1674.28,0.165547
1667.61,0.166434
923.508,0.0923165
1920.91,0.191779
1022.85,0.102146
886.957,0.0886945
2147.73,0.214469
2005.43,0.200469
1130.58,0.112338
2116.63,0.211457
826.467,0.0826209
717.338,0.0717168
936.011,0.0935408
987.783,0.0987719
1725.29,0.172516
1588.94,0.158821
1337.62,0.133691
624.363,0.0622715
1054.42,0.105408
2610.95,0.260995
1229.41,0.122919
1192.88,0.119016
2348.7,0.234763
963.461,0.0963151
1157.58,0.115717
1367.03,0.136662
1701.25,0.170111
1118.39,0.111692
1111.85,0.111057
1291.22,0.129102
843.16,0.0842435
5095.35,0.509279
1812.55,0.174078
2567.43,0.2565
3057.19,0.304847
1849.28,0.184837
2748.22,0.274642
1506.28,0.150609
1457.71,0.145756
1250.23,0.125011
1274.1,0.127382
1623.37,0.162204
2018.39,0.201766
711.976,0.0711852
658.885,0.0658558
1000.34,0.0999632
1375,0.137427
851.218,0.0848089
1564.11,0.156365
788.425,0.078831
1183.5,0.118287
1279.24,0.127909
1411.08,0.140934
2193.59,0.219249
750.216,0.0750189
1891.42,0.189024
2169.33,0.21691
1157.74,0.11573
2401.39,0.240038
5629.34,0.562626
1790.72,0.179
4275.14,0.426013
813.917,0.0813868
838.294,0.0838119
1800.09,0.17997
1123.17,0.112294
1602.17,0.160189
1649.17,0.164902
1412.41,0.141217
741.644,0.0740814
875.735,0.0874492
1048.52,0.104825
1000.58,0.100052
694.547,0.0684808
1118.34,0.111769
1417.76,0.141742
2732.28,0.27291
1726.69,0.17237
4479.7,0.447255
1248.36,0.124813
835.355,0.0834541
6129.32,0.612324
704.47,0.0704225
1291.89,0.129019
1401.9,0.139925
24430.9,2.43051
1424.69,0.141908
1024.63,0.102459
3898.91,0.38951
1570.43,0.157016
2178.88,0.217849
909.126,0.0909103
11845.7,1.17788
835.359,0.0835098
829.363,0.0829078
1051.36,0.104676
622.759,0.0622705
1080.8,0.107864
8039.47,0.802663
1305.39,0.130386
1950.59,0.194935
1204.22,0.120293
3049.81,0.304671
1237.81,0.123766
1479.47,0.147911
1080.92,0.108034
564.353,0.0561773
955.804,0.0955434
1362.32,0.13616
2237.19,0.223629
3824.17,0.382335
1440.41,0.143906
1059.78,0.105895
1214.63,0.121446
685.871,0.0650266
1205.34,0.120506
730.091,0.0729978
1573.45,0.157277
934.678,0.0934169
9644.9,0.963933
1065.21,0.106451
1383.83,0.138358
3699.02,0.369851
1411.45,0.140994
1064.59,0.106418
981.331,0.0981039
1688.78,0.168429
907.692,0.0907537
1689.04,0.168872
1642.04,0.164117
535.707,0.0534595
2188.54,0.218689
822.909,0.0822821
950.587,0.0950088
993.254,0.0993086
1068.88,0.106597
1060.21,0.105937
1245.68,0.124534
1378.44,0.137757
1562.29,0.156064
697.528,0.0697316
930.479,0.0930448
5570.56,0.554354
1197.61,0.119718
1051.19,0.105056
763.743,0.07635
8500.3,0.847744
1969.38,0.196924
428.639,0.0427714
828.522,0.0828388
749.382,0.0748043
1081.89,0.10804
1288.53,0.12872
640.878,0.064082
841.49,0.084112
823.192,0.0822369
1311.71,0.131114
1526.69,0.1524
1039.56,0.103907
1017.11,0.101696
865.012,0.0864445
1038.21,0.103796
1813,0.180632
891.293,0.0890637
1099.48,0.109836
1080.19,0.10799
1161.54,0.1161
1952.44,0.195193
586.004,0.0585997
1050.47,0.104941
2410.36,0.241003
1126.52,0.112648
1010.73,0.10107
684.361,0.0684113
2381.18,0.238023
1829.48,0.182883
746.877,0.0746439
1998.54,0.199821
2024.78,0.202181
842.62,0.0842023
1094.29,0.109269
1519.48,0.151649
2505.95,0.249858
619.273,0.0619136
1983.74,0.198353
715.801,0.0714607
732.432,0.0732421
896.666,0.0896324
966.284,0.0965915
690.637,0.0690515
1406.95,0.140692
1145.87,0.114239
1114.19,0.111384
1120.8,0.111939
1167.17,0.116665
3873.03,0.386862
1578.5,0.157086
1334.54,0.133435
708.561,0.0708482
1567.38,0.432555
2684.94,0.268343
8124.58,0.811892
1236.68,0.123658
698.283,0.0698196
647.821,0.064682
957.589,0.0957483
1146.16,0.114587
741.92,0.0741651
1389.56,0.138946
917.582,0.0915905
845.973,0.0845922
885.44,0.0884849
4472.56,0.446968
585.93,0.0581765
1170.59,0.116409
2442.18,0.243684
1148.68,0.114859
1803.04,0.18027
895.678,0.089559
1494.82,0.14945
1045.73,0.104552
1125.3,0.112493
1203.21,0.120312
1593.51,0.159176
2989.17,0.298694
890.485,0.089022
1010.59,0.10022
1084.83,0.108469
1701.04,0.170034
829.272,0.0829174
1785.56,0.178527
825.511,0.0825351
841.156,0.0841013
5733.96,0.572217
891.687,0.0891241
849.731,0.0847329
1876.54,0.187573
2140.14,0.213981
2386.16,0.238304
1330.49,0.133005
825.614,0.0825495
12212.6,1.19882
1933.65,0.193219
4128.61,0.412029
868.954,0.0868745
1002.36,0.100196
2926.34,0.291858
1289.47,0.128832
852.4,0.0850619
821.345,0.0821285
763.295,0.076287
825.175,0.0824412
873.172,0.0873047
1267.66,0.126635
1013.56,0.10122
8103.8,0.804947
1366.15,0.136573
1334.45,0.133397
2335.97,0.232892
798.768,0.0798607
1608.01,0.160706
745.105,0.0744851
1766.75,0.176504
5273.1,0.527185
899.796,0.0898959
1264.78,0.126175
1758.05,0.17565
991.774,0.0991696
829.531,0.0811562
1063.14,0.106234
1368.71,0.136856
883.682,0.0883544
3170.58,0.316968
1051.34,0.1051
12586,2.7569
4553.51,0.455257
1019.21,0.101915
1127.45,0.112691
1081.85,0.106937
1084.44,0.108405
787.214,0.0787042
1291.58,0.129135
745.124,0.0744983
1795.81,0.179142
1032.43,0.102099
2018.76,0.201763
1383.79,0.138244
2987.6,0.298465
1286,0.128567
841.312,0.0841191
1261.78,0.126051
1801.92,0.180182
2018.28,0.201748
1842.85,0.18422
1791.6,0.178801
997.272,0.0997148
623.866,0.0623713
609.926,0.0609654
1009.51,0.100839
1475.2,0.147486
1161.15,0.116062
2946.25,0.294549
2225.09,0.222356
1288.93,0.128883
1286.69,0.128645
1564.52,0.156416
946.83,0.0946744
1267.56,0.126615
1554.37,0.155382
1809.89,0.180795
905.134,0.0904972
3147.74,0.314648
1512.02,0.151124
709.953,0.0709603
842.957,0.0842846
1104.15,0.110391
1036.25,0.103614
897.757,0.0897587
4855.53,0.484596
1974.11,0.197361
1046.72,0.104611
1672.1,0.167175
1119.13,0.111901
1001.13,0.0999462
1159.79,0.115936
832.913,0.0832442
19371.7,2.63146
3663.21,0.366048
738.047,0.0737765
25842.9,2.54361
889.382,0.0889075
909.077,0.0908617
1732.24,0.173202
2041.31,0.204004
821.334,0.0821119
9942.85,0.993445
683.544,0.068352
1520.08,0.151604
2504.71,0.250178
1706.02,0.170594
987.78,0.0987632
864.673,0.0864645
1138.25,0.113819
1097.96,0.109781
1004.4,0.100397
2636.3,0.262245
971.52,0.0971486
1982.33,0.198093
1022.07,0.102192
724.385,0.0724304
1404.99,0.140436
682.219,0.0682097
2995.88,0.298303
1175.48,0.117543
1475.24,0.147214
1964.64,0.196447
3380.3,0.337781
1054.87,0.105429
1081.57,0.107735
979.337,0.0978989
655.233,0.065516
1016.9,0.101662
1091.32,0.109066
1420.53,0.141988
2977.22,0.297517
1930.64,0.193047
4442.55,0.443895
5563.4,0.52699
2731.83,0.272725
602.426,0.0602025
749.703,0.0748538
2420.41,0.241956
1271.58,0.127127
1059.24,0.105899
766.767,0.0765703
2226.3,0.222258
1271.06,0.127037
1935.14,0.193497
1424.95,0.142477
1574.78,0.15737
1035.99,0.103433
2514.38,0.251388
1049.93,0.104976
6949.56,0.694224
2744.39,0.273975
1345.5,0.134479
1295.62,0.128971
1044.56,0.104407
1012.08,0.101192
1159.13,0.115877
916.865,0.0916627
882.141,0.088045
2402.49,0.235265
1777.73,0.177674
1649.54,0.164924
702.495,0.0702105
1590.41,0.158999
950.869,0.0950583
1008.74,0.100869
905.804,0.0905659
1027.72,0.102692
1359.97,0.135879
624.97,0.0624773
1264.8,0.126423
3073.72,0.30692
960.309,0.0960024
1094.03,0.109378
1086.49,0.108457
858.578,0.0857775
960.598,0.0959302
1485.03,0.148486
1593.21,0.159159
1846.76,0.18463
1183.3,0.118084
1355.25,0.135033
844.922,0.0844855
1241.86,0.124182
1236.68,0.123629
1258.87,0.125842
682.375,0.0682331
999.356,0.0999297
2411.66,0.240623
472.967,0.0472964
1002.94,0.100282
1400.63,0.139782
2156.56,0.214379
3264.51,0.326375
978.849,0.0978204
1631.06,0.163039
4505.84,0.44789
2559.8,0.255489
1750.47,0.174965
2770.5,0.276888
805.687,0.080538
1354.8,0.135256
952.613,0.0946681
1218.44,0.121742
1775.12,0.177178
1421.6,0.142054
798.765,0.0798524
672.839,0.0672517
2793.73,0.260078
1173.71,0.117352
1115.39,0.111515
1605.4,0.160519
1264.33,0.126409
1346.55,0.134117
1122.64,0.112155
3744.56,0.373854
2825.5,0.28236
949.572,0.094873
1139.5,0.113805
1150.85,0.115043
1594.17,0.159415
714.078,0.0714031
1074.48,0.107444
1393.19,0.139301
567.843,0.0567702
1186.14,0.118593
762.434,0.0762306
2635.97,0.263483
1219.68,0.121687
2347.62,0.234051
719.437,0.0719185
665.097,0.0664324
967.884,0.0967714
1125.06,0.112495
604.146,0.0603897
1512.22,0.151131
1562.48,0.155682
1450.07,0.144956
799.414,0.0797706
919.084,0.0918942
1281.27,0.128085
862.109,0.086197
1091.75,0.108524
1719.45,0.171869
1162.93,0.116203
1818.04,0.181582
1442.78,0.144212
1463.79,0.146298
550.207,0.0550155
1466.12,0.14654
1073.28,0.107245
1923.51,0.191997
1060.85,0.10597
892.259,0.0891648
2110.73,0.211031
2304.64,0.230358
1141.1,0.113718
1257.72,0.125757
1024.12,0.102402
785.888,0.0785596
1091.58,0.108701
3598.64,0.359713
1359.01,0.135861
635.855,0.063584
836.62,0.0835366
599.203,0.0599001
5382.48,0.538068
1101.03,0.110088
2575.09,0.257438
3666.02,0.366295
1247.57,0.124695
1795.65,0.17906
617.884,0.0616945
826.446,0.0825437
1188.46,0.132256
919.137,0.0919115
4067.82,0.40672
1009.97,0.100996
679.284,0.0679014
2111.19,0.210974
2297.09,0.227926
10642.5,1.06365
674.157,0.0673842
958.222,0.0955935
838.735,0.0838124
3440.73,0.343918
3470.87,0.346918
923.51,0.0923423
2483.38,0.248233
1757.33,0.17561
1819.84,0.18197
1896.5,0.189572
1391.68,0.139157
3443.21,0.344027
7723.95,0.771647
2172.66,0.217143
683.176,0.0682758
1161.58,0.11614
1122.06,0.112198
946.48,0.0946397
6595.91,0.659118
1517.85,0.151778
1172.51,0.116947
581.627,0.0581603
2009.03,0.200854
1851.26,0.18505
1044.22,0.104378
1120.27,0.11202
649.18,0.0649131
1843.4,0.184311
2202.88,0.220233
889.578,0.0886669
929.623,0.0929602
1039.9,0.103978
890.736,0.0889534
725.348,0.0725276
1075.66,0.107538
832.756,0.0832426
1905.97,0.190568
1539.16,0.153904
2599.31,0.259776
2261.13,0.226066
1076.29,0.107609
913.415,0.0912938
892.186,0.0890712
547.525,0.0547192
853.528,0.0852947
833.37,0.0833188
1125.78,0.112509
1427.92,0.142736
2278.34,0.227316
2740.4,0.273901
836.02,0.0827643
871.448,0.0866817
1270.58,0.127009
1110.54,0.110947
668.689,0.0668589
3116.87,0.311592
925.664,0.0925596
4490.87,0.448889
2676.37,0.261874
1409.08,0.136441
1150.71,0.114961
602.703,0.0601972
1307.19,0.130701
879.443,0.0878068
1809.06,0.18079
2423.23,0.242141
1001.05,0.099794
2113.47,0.211217
904.167,0.0904021
1267.95,0.126629
619.659,0.0618369
1388.59,0.138825
1272.04,0.115829
888.652,0.0888488
735.67,0.0735572
3884.58,0.38821
801.046,0.0800121
1492.75,0.149249
2393.23,0.238822
884.808,0.0902245
677.627,0.0677418
996.346,0.0996042
1072.57,0.10718
1185.66,0.118422
1018.13,0.101792
963.011,0.0962887
1629.74,0.162908
2814.37,0.281066
1828.64,0.182732
1731.47,0.173097
450.939,0.0450866
1021.53,0.1021
2620.87,0.261989
1279.42,0.127933
689.773,0.0689261
1848.08,0.18458
1051.12,0.105095
783.511,0.0783481
1033.06,0.103224
906.979,0.0906743
1132.72,0.113263
813.691,0.081268
1074.62,0.107451
825.175,0.0824775
1780.84,0.178061
1838.63,0.183809
1158.26,0.115819
838.557,0.0833594
2572.07,0.251682
896.879,0.0896705
1050.95,0.105041
755.041,0.0753803
1222.47,0.122232
1049.05,0.104895
737.594,0.0736927
3000.62,0.299976
644.762,0.0644725
1161.11,0.115897
1051.26,0.105114
3585.08,0.358431
1203.77,0.120088
902.585,0.0899942
844.561,0.0843765
1476.86,0.147659
827.052,0.0826658
919.149,0.0915372
1058.02,0.105797
1105.4,0.11048
1521.68,0.1521
2025.57,0.202425
731.674,0.0731646
1244.6,0.124345
1283.31,0.128319
1456.77,0.144773
2084.27,0.203895
1326.48,0.132543
3453.55,0.344433
1103.07,0.110293
2200.49,0.219861
1160.24,0.115973
750.133,0.0749971
1747.73,0.174728
2141.15,0.214082
1818.43,0.18183
1386.5,0.138517
3298.76,0.168865
1171.26,0.117094
1130.92,0.112961
1214.11,0.121399
1146.15,0.114514
4213.07,0.4207
825.338,0.0824444
1499.57,0.149896
902.481,0.0902272
1085.92,0.108558
1019.48,0.101903
2671.9,0.266651
1209.08,0.120835
906.358,0.0905861
1266.68,0.126625
2840.81,0.283879
1051.5,0.105148
859.178,0.0858602
7028.58,0.701606
596.601,0.05965
1253.94,0.124795
1337.59,0.133741
1114.14,0.111399
751.398,0.0751333
798.024,0.0797551
1186.59,0.118532
1437.48,0.143628
1228.01,0.122378
1163.5,0.115943
1166.86,0.116671
757.893,0.0757761
1001.15,0.0997118
1083.07,0.108209
841.676,0.0841564
2820.17,0.28199
1774.02,0.177343
838.254,0.0838141
767.717,0.0767441
1984.84,0.198114
975.292,0.0975013
791.829,0.07918
2110.3,0.210886
1541.93,0.153864
956.801,0.0951834
1398.37,0.139807
1561.61,0.155963
1160.48,0.115975
1036.26,0.103615
1169.23,0.11674
1506.94,0.149791
1259.91,0.12598
1982.58,0.198213
1013.97,0.101127
1340.2,0.133879
4175.7,0.417197
1564.15,0.156282
966.054,0.0959206
888.5,0.0888459
1616.51,0.161206
1027.58,0.102746
2060.01,0.205564
815.814,0.0813547
7716.17,0.770963
757.763,0.0757659
2197.16,0.219635
1571.67,0.156998
870.2,0.0870076
1479.25,0.147301
984.158,0.098255
1439.42,0.143892
1408.24,0.140795
1346.44,0.134515
1192.6,0.119247
1160.6,0.11602
797.887,0.0797756
1205.99,0.120467
2732.65,0.273228
2513.69,0.251137
1070.13,0.10699
951.66,0.0951243
687.927,0.0687902
1434.07,0.143392
2226.03,0.222562
1093.1,0.109305
656.674,0.0656657
1201.41,0.120137
992.455,0.0991873
669.601,0.0669134
1819.14,0.181892
537.22,0.0537142
888.857,0.0888702
1423.96,0.142134
1764.99,0.176423
1694.8,0.16942
1697.88,0.169363
1253.76,0.125369
1026.98,0.102636
989.501,0.0989299
1141.48,0.114111
1083.99,0.108266
2927.42,0.292576
638.353,0.0638249
1629.35,0.162259
1102.63,0.105299
1472.66,0.147229
1994.71,0.199429
4533.3,0.45319
863.256,0.0861885
2985.28,0.298357
1401.44,0.139952
1019.51,0.101943
5864.15,0.586287
3524.18,0.350469
1096.37,0.109631
3041.9,0.304107
2397.69,0.239502
2355.3,0.235248
1767.94,0.176677
749.414,0.0749228
849.3,0.0849186
1095.32,0.10951
939.515,0.0938163
1341.54,0.133982
1368.08,0.136225
1014.84,0.101458
1429.67,0.142853
2209.55,0.220938
1268.55,0.12668
3944.91,0.393869
393.009,0.0392934
939.646,0.0939199
1253.81,0.125378
1769.94,0.176334
823.847,0.0823823
794.727,0.0794439
1797.55,0.179527
2185.69,0.21837
601.648,0.0601556
1324.31,0.132294
9563.27,0.955469
2803.89,0.28029
4513.13,0.451189
844.471,0.084265
800.773,0.0800569
1117.66,0.11171
985.204,0.0983907
1657.48,0.165675
3216.75,0.320954
895.412,0.0892406
974.778,0.0974453
1188.98,0.118868
1182.59,0.118197
658.982,0.0658861
1786.51,0.178624
915.361,0.0915262
1146.57,0.114629
12002.5,1.19801
1415.97,0.141504
1233.6,0.123316
678.642,0.0678201
887.894,0.0887585
1053.78,0.105299
1512.87,0.151033
5313.94,0.522111
1594.46,0.159355
1790.02,0.178759
751.613,0.0751592
936.547,0.0936243
820.269,0.0819497
657.23,0.0657205
869.095,0.0868146
1271.73,0.12715
1355.95,0.135562
1250.27,0.124736
816.05,0.0813027
757.38,0.0757153
1007.32,0.100713
1203.29,0.120177
1226.86,0.122674
2775.21,0.213583
978.694,0.0972695
6166.06,0.61578
1171.35,0.117107
918.724,0.0917946
942.353,0.0942225
1713.99,0.171184
1267.49,0.126684
860.106,0.0858901
1299.52,0.129895
1875.55,0.187431
1512.51,0.151215
859.55,0.0858979
1558.16,0.153714
1293.94,0.129387
1122.7,0.112182
606.328,0.0606301
1828.44,0.182654
1501.12,0.150077
1874.06,0.187372
527.764,0.0527005
2207.87,0.220746
2397.61,0.239692
1047.18,0.0952128
1753.49,0.175216
841.044,0.0840649
765.914,0.0765893
1033.51,0.103304
1078.82,0.107877
766.271,0.0765406
764.819,0.0763651
1404.52,0.140395
812.869,0.0812722
968.503,0.0966294
699.047,0.0698907
2500.74,0.249064
889.572,0.0889513
1171.61,0.117141
1476.45,0.147393
2613.3,0.261257
738.364,0.0737979
1829.95,0.182789
1024.27,0.0997769
1204.44,0.120381
1848.39,0.183359
1906.92,0.190254
3626.06,0.362085
1811.67,0.180965
966.677,0.0964716
2372.57,0.237216
872.536,0.0872451
1155,0.115086
874.975,0.0874891
3226.87,0.322495
976.834,0.0976671
937.502,0.093708
908.222,0.0907874
1247.21,0.124634
1454.85,0.145453
557.852,0.0557823
868.251,0.08636
1486.83,0.148654
926.493,0.0926461
1160.41,0.116019
4709.17,0.470673
985.807,0.0985494
1329.66,0.132858
931.552,0.0930881
1173.32,0.117316
583.71,0.0583659
1380.38,0.137976
2666.04,0.266421
3006.17,0.299967
1934.28,0.193112
1382.46,0.138227
2015.45,0.201383
779.327,0.0778819
2362.54,0.236033
2063.2,0.206295
1324.16,0.132373
846.213,0.084618
2848.42,0.284444
2458.36,0.245655
3008.41,0.300607
1251.13,0.124681
666.041,0.0665759
1719.96,0.171923
3583,0.358173
820.191,0.0819777
1278.21,0.127781
1020.76,0.0999253
729.437,0.0729102
993.025,0.099284
1071.34,0.107102
1704.62,0.17042
1623.35,0.162327
833.532,0.0833082
1616.24,0.161416
994.792,0.0994678
1076.9,0.106422
1198.01,0.119788
3281.54,0.328004
1209.04,0.120887
1091.59,0.109114
1519.54,0.151868
1976.45,0.197602
1359.29,0.135799
1084.7,0.10667
1466.11,0.146238
1215.57,0.121512
1548.07,0.154753
1241.23,0.123908
1918.64,0.191629
910.649,0.0910386
1156.67,0.115459
2372.81,0.237189
706.534,0.070648
2365.81,0.23642
1481.06,0.148027
1204.85,0.120465
1317,0.131556
1576.64,0.157619
711.263,0.0710425
1277.54,0.127544
1252.06,0.12515
3751.56,0.374735
1322.78,0.132148
924.499,0.0924371
1079.45,0.107445
846.35,0.084585
971.192,0.0971
1078.39,0.107818
1071.46,0.107079
986.141,0.0985855
1082.13,0.108187
2159.34,0.215914
1032.3,0.103223
2289.94,0.22881
1121.36,0.1121
1654.95,0.165461
1493.49,0.149275
3617.15,0.361552
6678.2,0.667342
1284.37,0.128431
1609.56,0.160779
659.34,0.0659061
1862.03,0.18616
1060.92,0.106011
1196.38,0.119313
1059.74,0.105962
2123.57,0.212264
2144.9,0.214019
1311.08,0.131079
3171.44,0.316367
3206,0.320546
852.918,0.0852507
2246.98,0.224542
752.434,0.0752328
1899.49,0.189439
2694.29,0.26874
900.056,0.0899661
1849.4,0.184743
2089.91,0.20896
968.286,0.0967771
1096.24,0.109595
870.034,0.0869808
746.181,0.0746025
1409.47,0.140569
787.753,0.0786483
2575.05,0.257383
823.464,0.082329
1877.63,0.187674
9056.96,0.903964
1220.08,0.121998
1382.34,0.13817
2849.93,0.284964
659.388,0.0658862
1571.45,0.157136
1439.52,0.143868
1149.05,0.114885
5533.77,0.551879
873.649,0.0872028
1997.66,0.199719
859.416,0.0858763
5449.46,0.544687
1047.75,0.104725
4178.57,0.417114
1538.39,0.153824
1349.14,0.134894
12009.4,1.2004
1592.24,0.159187
1931,0.193093
1033.94,0.102971
1203.6,0.120348
584.871,0.0584863
881.05,0.0879377
1328.91,0.132879
2148.5,0.21263
1432.63,0.143139
1875.15,0.187375
1994.93,0.199376
1839.83,0.183813
891.055,0.0890608
1613.95,0.161297
1400.36,0.140023
547.708,0.0547699
1236.56,0.123609
1130.86,0.112821
1875.19,0.187315
1294.43,0.129358
1863.73,0.186301
2060.95,0.205972
614.691,0.0614067
1818.4,0.181521
1071.93,0.10719
1434.11,0.137058
995.575,0.0993377
2956.24,0.29553
2285.56,0.228044
1278.82,0.127872
951.787,0.0950974
1340.17,0.133983
1563.43,0.156296
873.555,0.0873357
751.146,0.0751035
4022.55,0.401232
2079.49,0.207782
4486.28,0.447587
3098.51,0.309706
836.304,0.0835582
3578.93,0.357692
715.141,0.0713853
1222.95,0.122193
913.072,0.0912935
2798.97,0.279762
2769.33,0.27669
917.97,0.0917755
1132.12,0.113146
1854.63,0.185438
1321.61,0.132141
1301.47,0.130132
970.553,0.0970054
26305,2.60254
2032.03,0.202824
766.23,0.0766066
1292.74,0.129102
1100.76,0.110017
714.744,0.071436
729.684,0.0727835
920.513,0.0920491
922.544,0.092225
973.875,0.0973174
1554.59,0.155436
3185.29,0.318127
713.087,0.0712911
1302.49,0.130179
1986.92,0.198628
1169.69,0.116856
2072.76,0.207267
3038.49,0.3037
6013.35,0.599713
9600.01,0.959504
754.252,0.0753738
801.666,0.0801176
2013.01,0.201196
518.642,0.0518545
978.411,0.0978295
1269.91,0.126963
1092.64,0.109244
1845.78,0.184358
819.787,0.0819644
988.888,0.0985776
1747.75,0.174755
1182.65,0.118186
1067.49,0.105684
1213.91,0.121362
4754.24,0.474842
1918.29,0.191714
1605.12,0.159135
4115.35,0.410951
757.635,0.0757528
963.251,0.0960386
801.358,0.0800642
1190.81,0.11906
1295.46,0.12946
855.827,0.0855308
1022.52,0.102228
1135.79,0.11351
465.588,0.0465339
1053.13,0.105285
3652.13,0.988039
6812.57,0.680829
1010.19,0.10071
711.285,0.0711125
1352.22,0.134995
1648.74,0.164802
1316.8,0.13163
1485.62,0.148528
1623.54,0.162322
1873.93,0.187211
800.342,0.0800244
854.995,0.0854775
1145.9,0.114557
2210.72,0.220878
924.896,0.0921967
872.022,0.0871987
2796.18,0.279569
1323.59,0.132283
929.302,0.092911
1312.42,0.13124
829.914,0.0829158
811.016,0.081078
827.221,0.0826931
3183.1,0.317954
1347.33,0.134678
1244.45,0.124437
1408.03,0.140716
1240.34,0.124002
1952.42,0.194669
2520.69,0.252015
1912.99,0.191271
1420.51,0.141886
953.086,0.0952552
870.942,0.08709
1103.18,0.110292
811.445,0.081112
1882.84,0.18661
1004.83,0.100395
1409.5,0.140469
627.112,0.0626797
1146.64,0.114517
1345.71,0.134552
1133.23,0.113298
970.77,0.0970743
1243.88,0.124366
2807.44,0.280663
1101.72,0.110167
1067.26,0.1067
1953.69,0.19483
1187.09,0.118694
794.205,0.0794163
3355.39,0.335364
2739.67,0.273948
1658.9,0.162137
913.517,0.0912796
1098.83,0.109762
914.062,0.0913874
1028.29,0.102786
1522.45,0.152147
863.665,0.0863499
1773.31,0.177293
1140.62,0.114022
1430.25,0.14293
1313.57,0.131324
2451.18,0.236754
1764.32,0.176376
860.272,0.0860096
1933.76,0.191695
2957.4,0.295576
944.848,0.0944614
6877.58,0.68724
2242.71,0.224242
1169.68,0.116177
608.671,0.0608568
1238.61,0.123829
513.768,0.0513446
715.375,0.0714977
1111.32,0.111101
1831.17,0.183095
900.026,0.0894428
1195.97,0.119201
1647.66,0.164722
3051.65,0.305041
1957.56,0.195648
1436.07,0.143486
790.152,0.0789075
1208.21,0.12073
3557.34,0.355517
1939.86,0.193613
532.653,0.0532511
535.11,0.0534834
2793.44,0.279278
1352.29,0.135203
1955.79,0.195398
710.769,0.0704729
3844.17,0.384069
853.075,0.0853002
1344.94,0.132696
1552.76,0.155221
2310.9,0.230987
1265.75,0.126564
831.555,0.0827163
808.223,0.0808197
1201.26,0.120117
954.17,0.09538
977.852,0.0977748
782.66,0.0782463
2044.18,0.204411
2007.46,0.200662
730.36,0.0730151
1089.76,0.108969
734.036,0.0733649
1485.41,0.1485
2413.62,0.241254
1572.12,0.15716
769.699,0.0768564
9599.44,0.944673
1682.63,0.168093
1244.68,0.124196
1008.72,0.100833
1811.25,0.181046
1154.47,0.115439
1960.32,0.195847
2722.06,0.271139
710.849,0.0699935
1139.67,0.113726
5626.89,0.561881
1311.25,0.131049
1699.01,0.169882
1527.65,0.152752
888.869,0.0888471
1119.45,0.111935
4406.14,0.43965
3943.7,0.27183
873.358,0.086706
1035.77,0.10349
677.648,0.0677082
2817.93,0.281711
735.596,0.0735472
1124.79,0.112432
1340.98,0.134025
939.242,0.0938518
2298.41,0.225271
586.851,0.0586575
1522.05,0.15176
17227,1.71133
2135.07,0.213329
1404.01,0.140371
759.271,0.075913
1072.49,0.107137
1176.06,0.117557
737.376,0.0737238
591.886,0.0591196
1734.23,0.173378
2168.27,0.216746
1021.34,0.102043
3906.91,0.387467
622.282,0.0622149
1036.32,0.103584
829.587,0.0829165
990.223,0.0989511
1402.27,0.139841
1159.43,0.115916
731.379,0.0729127
1331.46,0.133
2182.15,0.218189
1198.95,0.119878
2059.23,0.205763
1074.96,0.10741
810.08,0.0810062
638.356,0.0638323
864.431,0.0864145
770.586,0.077036
1204.65,0.120447
1112.1,0.111191
1259.5,0.125846
925.495,0.0925221
3483.91,0.348085
656.112,0.0655996
1317.41,0.131731
9952.39,0.993708
4629.57,0.461847
1043.74,0.104325
1109.27,0.110872
4488.98,0.447624
774.468,0.0773574
948.818,0.0948735
2415.6,0.241496
1168.94,0.116844
1375.99,0.136775
1029,0.102865
1003.79,0.100366
1865.76,0.186544
2069.05,0.206884
1174.82,0.117458
869.814,0.0868918
1335.6,0.133528
881.772,0.0879016
797.645,0.0797623
1415.59,0.14153
576.126,0.0575553
1881.88,0.187907
1420.24,0.14194
1282.05,0.12781
662.196,0.0661887
2043.54,0.204269
2183.08,0.217801
2874.89,0.287146
648.423,0.0648294
5259.11,0.525298
2778.87,0.277517
1093.37,0.109317
1627.49,0.162648
548.303,0.054812
808.172,0.0807959
1062.69,0.106226
894.581,0.0894507
1293.23,0.129238
11257.1,1.12453
5257.65,0.525483
4221.5,0.421923
1212.01,0.121128
2184.67,0.218279
1558.04,0.155794
2211.46,0.220997
2336.68,0.233657
620.622,0.0620377
1159.27,0.115892
971.584,0.0971509
1297.99,0.129789
924.632,0.0923091
1103.16,0.110279
948.975,0.0948757
1184.48,0.116137
758.17,0.0758086
2979.55,0.297902
1584.57,0.15841
843.493,0.0843222
1345.05,0.134485
1086.41,0.108583
994.148,0.0993259
805.381,0.0805172
928.818,0.0928045
649.444,0.0649202
1985.88,0.19844
928.311,0.0926795
3665.82,0.366122
506.744,0.0506609
1443.94,0.144314
1184.73,0.118466
978.19,0.0977605
910.418,0.0910256
1225.66,0.122546
983.434,0.0982641
1390.8,0.139049
722.38,0.0722211
1080.96,0.108047
1551.31,0.155067
894.536,0.0893005
5104.54,2.10129
4401.65,0.439914
1741.12,0.173675
1836.2,0.183603
772.345,0.0772151
4390.79,0.438649
10509.8,1.04927
838.515,0.0838348
1691.67,0.168846
676.869,0.0676799
1203.97,0.120378
894.877,0.0894499
929.006,0.0928769
1383.42,0.13829
959.623,0.0957336
1475.77,0.147545
898.907,0.0897017
3323.6,0.332198
3040.15,0.303846
1239.8,0.123635
1156.81,0.115644
6004.71,0.599184
808.753,0.0808463
691.481,0.0690094
2646.03,0.263959
711.401,0.071037
1306.01,0.130214
1615.11,0.161436
5726.45,0.572056
1269.31,0.126911
1729.78,0.172612
9078.88,0.906375
2111.29,0.210857
899.9,0.0899878
1126.2,0.11256
1284.78,0.128407
692.898,0.0690472
884.397,0.087553
2226.66,0.222456
896.821,0.0895801
1607.45,0.160704
1821.72,0.181778
1189.94,0.118976
841.106,0.0841041
3619.16,0.361628
1195.59,0.119532
1706.52,0.170632
1472.01,0.146304
1503.17,0.150062
1405.63,0.140545
1243.39,0.124304
583.026,0.0582947
995.873,0.0995752
2492.09,0.249099
5305.88,0.53013
675.547,0.067549
2523.14,0.252178
838.997,0.0838974
1598.99,0.159881
2032.99,0.203238
1803.7,0.180325
706.769,0.0705089
855.743,0.0855222
3065.11,0.306149
668.502,0.0668278
1028.17,0.102816
608.119,0.0607717
2710.08,0.269411
2075.12,0.207427
1122.73,0.112153
867.41,0.0866925
784.619,0.0784499
1239.31,0.123907
3155.96,0.315208
4918.98,0.491781
1475.65,0.14745
1939.11,0.191232
1611.17,0.160729
1492.84,0.149085
1277.72,0.127752
924.742,0.0924325
1034.08,0.103337
1974.8,0.197422
1115.12,0.111443
3138.21,0.313311
1800.89,0.180045
1146.01,0.114405
2125.97,0.212321
1192.62,0.119214
1284.34,0.128046
2140.61,0.214055
673.568,0.0670098
1113.72,0.111319
1286.92,0.128644
2338.9,0.233809
950.547,0.0950192
1449.27,0.144872
833.573,0.0833478
1818.81,0.181806
779.324,0.0779292
971.485,0.0971415
1411,0.140985
1857.82,0.184882
690.554,0.0688293
1121.97,0.112182
1195.69,0.119442
1555.93,0.155396
1834.41,0.183403
2339.59,0.233352
1273.19,0.127234
1193.97,0.119381
1185.37,0.118488
1363.23,0.136101
982.987,0.098217
1607.38,0.160689
1521.51,0.152108
1957.01,0.195155
803.358,0.080331
558.634,0.0558347
1759.09,0.175314
1813.37,0.181243
1028.86,0.102873
1175.7,0.117552
992.5,0.0992298
2923.83,0.292106
1282.34,0.128224
1295.41,0.129374
821.971,0.081895
2901.28,0.290056
965.818,0.096576
1346.15,0.134559
1303.45,0.13034
1042.68,0.104245
1097.15,0.109673
1231.32,0.123108
746.642,0.0746587
1428.62,0.142527
1009.15,0.10086
1165.36,0.116306
870.378,0.0866416
616.887,0.061645
1610.09,0.160766
913.567,0.0910541
3498.26,0.349509
1098.46,0.109827
1269.15,0.126833
1227.31,0.122669
732.163,0.0732119
1427.26,0.142654
2007.94,0.200629
1041.71,0.104146
1296.67,0.129485
521.662,0.0521545
971.395,0.0970684
2195.89,0.2195
2333.87,0.233359
1078.77,0.107853
1998.52,0.199773
1174.55,0.117435
834.723,0.0834164
1450.12,0.144703
16276.9,1.62589
2761.39,0.27529
3007.45,0.300618
1996.48,0.199525
2621.35,0.262033
3251.45,0.324824
1248.84,0.124843
856.294,0.0856255
1051.28,0.104959
935.52,0.0934811
1016.71,0.101666
1073.23,0.107275
2351.07,0.234947
1446.54,0.144546
697.847,0.0697558
987.193,0.0986782
2091.09,0.208997
2183.85,0.218254
832.106,0.0832078
570.355,0.0569079
593.16,0.0593044
589.745,0.0589672
1129.53,0.112925
1802.44,0.180197
3635.72,0.362754
1827.77,0.18258
1988.24,0.198781
1307.47,0.130738
822.033,0.0821536
1407.28,0.14056
3446.22,0.343692
770.065,0.0769625
4005.47,0.400391
1087.63,0.108613
1587.1,0.158658
1045.64,0.104527
661.875,0.0661699
2669.86,0.266188
901.949,0.0901321
953.455,0.0953256
1574.27,0.157242
976.683,0.097663
1503.78,0.150263
989.456,0.0989365
1077.11,0.107628
1192.86,0.119197
1123.97,0.112262
769.65,0.0769519
2207.87,0.22069
1254.61,0.125042
3032.64,0.302972
2257.34,0.225608
2775.07,0.277029
1926.3,0.192608
917.297,0.0917134
770.558,0.0770498
759.428,0.0758731
824.101,0.0823892
1187.08,0.11847
1062.32,0.106209
1574.71,0.157451
811.194,0.0806043
832.398,0.0831889
5046.09,0.503456
938.382,0.0937527
1639.25,0.163415
1386.1,0.138559
819.8,0.0819703
1309.87,0.13087
7527.53,0.75071
963.472,0.0963455
1155.64,0.115545
1186.44,0.118561
1068.28,0.106809
7273.04,0.727067
1332.38,0.133201
674.368,0.0674226
1253.65,0.124662
1258.43,0.125747
829.264,0.0822093
6618.3,0.661024
680.15,0.068009
1487.89,0.148775
1585.6,0.158522
1306.14,0.130407
1029.55,0.102853
1151.11,0.115058
2135.5,0.213353
1193.07,0.119159
938.395,0.0938328
902.431,0.0901775
2428.78,0.242604
576.021,0.057594
841.988,0.084169
1180.01,0.117978
1043.58,0.104308
1037.98,0.103775
1003.68,0.100356
883.242,0.0883189
3316.84,0.33111
14255.3,1.41868
1115.79,0.111572
1320.48,0.132043
698.962,0.0698582
8299.96,0.828974
1780.75,0.177804
3419.21,0.341341
2069.69,0.206743
2218.45,0.221426
14817.6,2.34952
583.847,0.0583639
1034.37,0.103403
677.716,0.0677615
1034.29,0.103289
829.715,0.0829098
1187.06,0.118698
3071.72,0.307138
2452.53,0.245225
2389.44,0.238814
853.17,0.0852159
1039.2,0.103908
2402.29,0.240164
1692.09,0.1692
744.657,0.074444
1384.7,0.138058
3094.04,0.308881
1292.79,0.12891
6417.66,0.641589
874.636,0.087225
1675.98,0.167488
1458.17,0.145769
1367.5,0.13674
2713.77,0.271304
1549,0.154768
776.803,0.0776611
958.189,0.0951984
2215.21,0.221495
9640.93,4.52643
944.837,0.0944363
1081.78,0.108164
1728.47,0.172793
1204.54,0.120436
4250.8,0.424707
1249.94,0.124762
1294.72,0.129449
1108.54,0.110817
969.34,0.096906
3475.84,0.347018
1191.41,0.119079
807.525,0.080704
1302.66,0.130202
1451.64,0.145124
2655.35,0.261939
4845.51,0.483924
646.094,0.0645962
1011.46,0.101093
2649.94,0.264661
1123.01,0.112292
688.33,0.0688227
717.166,0.0717023
1995.49,0.199412
996.645,0.0996449
880.935,0.0879962
1971.81,0.197155
603.944,0.0603925
1200.74,0.120021
1702.61,0.170201
2340.63,0.23403
1110.33,0.111023
1685.83,0.168464
1707.37,0.170161
5654.56,0.564468
926.732,0.0926366
1226.2,0.122601
1701.97,0.170009
2109.36,0.210372
1471.21,0.146916
2406.38,0.240547
968.267,0.0967166
830.567,0.083051
1119.96,0.111981
3248.68,0.319279
6772.17,0.675623
2040.19,0.203957
933.534,0.0933197
2401.75,0.240143
1512.28,0.151216
1819.79,0.18136
971.869,0.0971788
3280.92,0.327711
1445.04,0.144499
1950.61,0.19505
956.044,0.0955472
819.753,0.0816818
1087.15,0.108678
1576.61,0.157653
1566.92,0.156674
1277.47,0.127642
1003.6,0.100323
1670.74,0.16699
1884.24,0.187358
2258.38,0.225072
1709.7,0.170925
1623.76,0.161998
822.342,0.0821857
1196.88,0.119627
1080.48,0.108039
2940.67,0.293949
1127.15,0.112655
1196.34,0.119592
1530.86,0.152924
864.871,0.0863101
1629.54,0.16292
1106.31,0.110426
3549.56,0.229568
1875.65,0.187465
829.699,0.0829648
889.538,0.0889486
809.798,0.0809729
1060.98,0.106084
2547.38,0.254553
2117.93,0.211361
815.678,0.0815452
1079.37,0.107852
935.386,0.0933394
1278.85,0.127776
842.468,0.0842447
692.229,0.0692126
2228.1,0.222729
1117.43,0.11173
1449.55,0.144935
911.368,0.0910941
1065.48,0.106512
2299.38,0.229923
33734.4,3.35358
1018.13,0.101807
1154.92,0.115255
1090.2,0.108912
670.358,0.0670193
944.992,0.0942657
1796.31,0.179572
816.026,0.0815928
913.288,0.0912912
2181.29,0.217955
1990.81,0.198762
1291.8,0.129166
854.809,0.0854116
1206.98,0.120524
1568.93,0.156572
576.102,0.0574471
817.611,0.0816718
698.782,0.0698243
1353.81,0.135125
1003.51,0.100348
3404.39,0.339896
1464.53,0.146438
1538.01,0.153796
1967.3,0.196685
1406.98,0.14053
952.521,0.0951695
718.587,0.0718543
1305.12,0.130491
969.343,0.0967513
971.86,0.0971407
1276.07,0.12758
1698.64,0.169849
1005.26,0.100509
2457.29,0.245607
811.031,0.0810879
1667.53,0.166716
1062.85,0.106259
610.899,0.0609206
744.583,0.0744332
1092.9,0.109227
1775.12,0.177322
2688.5,0.260331
794.445,0.0794347
1268.75,0.126625
1125.38,0.112522
691.248,0.0690497
2027.12,0.202328
13654.4,2.45884
1011.22,0.101099
901.822,0.090179
1246.44,0.124633
1922.97,0.192118
3036.38,0.30346
1253.96,0.125368
2187.21,0.218587
831.036,0.0830717
829.478,0.0829445
1647.23,0.164635
1304.95,0.130231
10216,1.00082
1267.84,0.126666
1391.64,0.139071
717.3,0.0716617
813.757,0.081288
914.533,0.0914427
1099.66,0.108331
1140.55,0.113887
897.59,0.0897517
855.823,0.0855185
1065.28,0.106462
1308.44,0.130838
928.695,0.0928635
1052.52,0.105239
2163.2,0.215971
1136.62,0.113652
1619.21,0.161799
848.79,0.0848177
1583.43,0.158277
799.308,0.0798981
3898.44,0.38962
2225.63,0.222417
2148.64,0.214831
1053.16,0.105313
1637.32,0.163693
1075.21,0.107367
619.385,0.061935
1018.02,0.101761
943.534,0.0943394
1026.82,0.102678
1180.63,0.117737
7064.41,0.698067
1112.74,0.111265
1432.13,0.143143
4811.13,0.480875
822.913,0.082272
1173.62,0.117315
757.451,0.0756093
1834.66,0.183124
2126.77,0.212444
847.791,0.0847602
800.599,0.0800464
2614.39,0.261251
7168.41,0.715176
1129.56,0.112866
1157.46,0.115547
1573.12,0.15713
1375.04,0.137473
601.792,0.0601505
6674.68,1.99963
1013.48,0.101155
886.908,0.088553
2510.7,0.250875
2175.43,0.21746
1001.67,0.100037
1340.79,0.133889
1358.17,0.135756
480.752,0.0480382
938.848,0.0938131
859.941,0.0859832
2889.03,0.287703
1311,0.130972
686.236,0.0677553
683.325,0.0683288
16916,1.68463
987.814,0.0987747
1525.47,0.152531
1191.94,0.119181
791.595,0.0791548
3270.5,0.326854
648.798,0.0648603
6873.18,0.684404
726.886,0.0722966
1186.56,0.118638
3527.24,0.352645
1772.34,0.177214
1048.97,0.10489
4683.06,0.467099
1978.51,0.197645
1604.89,0.160418
773.597,0.0773393
1593.55,0.159141
996.224,0.0991204
794.439,0.0794342
1083.64,0.108334
623.468,0.0623056
1138.67,0.113798
4023.7,0.401765
1447.4,0.144722
3288.66,0.328695
945.734,0.094386
779.799,0.0779655
2826.39,0.282621
2061.22,0.205951
715.806,0.0715644
1518.75,0.15177
1362.93,0.136243
542.526,0.0541654
1016.08,0.101522
957.877,0.0956667
808.245,0.0807144
1015.29,0.101511
883.073,0.0881501
1384.05,0.138389
841.553,0.0840704
2249,0.224859
996.482,0.0996203
1270.52,0.127043
761.47,0.0760359
1338.89,0.133819
689.722,0.0689682
1445.32,0.144496
4824.62,0.481992
878.863,0.0878768
1635.33,0.163501
1172.57,0.117194
814.97,0.0814116
1125.45,0.112535
1667.41,0.166694
1880.19,0.187992
1711.83,0.171151
3364.91,0.336265
1495.92,0.148963
17439.7,1.73887
1664.48,0.166421
1135.63,0.113541
658.286,0.065805
975.463,0.0974875
1756.19,0.175534
795.692,0.0795182
808.61,0.0805763
3213.63,0.320951
1241.95,0.1241
1726.88,0.172609
727.416,0.0727392
2174.62,0.217441
1046.63,0.10464
805.226,0.0803627
543.647,0.0543582
998.22,0.0997915
843.378,0.084336
1046.65,0.104609
1294.94,0.129299
964.604,0.0963757
710.395,0.0710368
525.538,0.0525413
601.672,0.0600987
1074.59,0.1074
1335.75,0.133292
1257.93,0.125743
820.79,0.0819589
840.555,0.0840411
1100.8,0.110067
1467.38,0.146729
2783.94,0.278256
1030.7,0.103004
2434.82,0.243443
1126.31,0.112577
1591.74,0.159114
690.567,0.0690435
1157.19,0.115539
908.108,0.0907833
2409.03,0.24082
1429.99,0.142967
4731.9,0.472309
1883.02,0.188169
714.995,0.0714903
1221.48,0.12214
2671.42,0.266972
1081.92,0.108184
1307.77,0.130626
2491.84,0.248915
913.431,0.0913369
1019.59,0.101687
1293.46,0.129328
953.174,0.0953149
18494.4,1.84315
7981.03,0.795077
1726.4,0.172622
7735.93,0.772136
2435.94,0.243526
897.406,0.0894953
5166.17,0.516382
1037.22,0.10366
1051.6,0.10486
1575.15,0.157486
3187.44,0.318566
843.517,0.0843288
827.394,0.0826427
882.605,0.0882187
579.154,0.0579144
3559.81,0.355697
1407.38,0.140671
743.046,0.0742901
9786.72,0.976441
1259.61,0.125655
764.54,0.0764461
1838.75,0.183649
1312.48,0.131158
1281.52,0.128095
1067.43,0.106739
1423.39,0.142134
1525.14,0.152428
1307.17,0.130706
1362.94,0.13619
3035,0.303253
1895.51,0.189427
1305.35,0.130479
1098.25,0.109803
2574.82,0.257264
7585.38,0.75673
740.946,0.0740784
1331.61,0.133075
1212.8,0.121273
782.863,0.0781931
722.821,0.0722489
4634.43,0.463206
1893.36,0.189204
1482.63,0.146908
1425.62,0.142509
566.104,0.0565971
757.591,0.0755801
2029.69,0.20295
1362.19,0.13619
861.602,0.0861372
1225.69,0.122543
900.679,0.0900263
1303.82,0.130162
1139.34,0.113838
1974.63,0.197149
1929.47,0.192729
1014.69,0.101461
1564.06,0.15639
1875.74,0.187462
1227.52,0.122682
949.529,0.0949494
743.81,0.0742749
2331.33,0.233006
1113.56,0.111319
715.899,0.0715315
2016.76,0.20154
1225.16,0.12244
836.543,0.0835409
898.185,0.0898147
1732.39,0.173172
1672.75,0.167244
2093.1,0.209212
9149.42,0.914411
1000.32,0.0999309
882.424,0.0882311
1078.43,0.107566
2178.14,0.217301
1359.74,0.135948
2997.81,0.299519
1456.18,0.14431
14935.1,1.48629
969.069,0.0967686
735.497,0.0735231
1293.07,0.129275
1232.33,0.123188
1645.99,0.164548
805.302,0.0805281
1062.32,0.106213
1390.35,0.13894
1674.97,0.167437
1280.28,0.128008
2771.01,0.276961
4308.55,0.4303
605.396,0.0604796
1267.27,0.126697
1087.03,0.108664
1096.17,0.109576
1799.55,0.179504
789.796,0.0789729
2299.76,0.229785
960.347,0.0956892
751.17,0.0750849
5114.23,0.511317
871.593,0.0870639
1080.94,0.108062
953.915,0.0953792
1274.51,0.127447
894.18,0.0893949
2961.27,0.295935
991.082,0.099012
1090.93,0.109062
1660.61,0.165926
685.822,0.0685768
974.649,0.0974373
512.243,0.0512222
1898.92,0.189835
2214.08,0.221333
720.702,0.0720329
2285.72,0.227446
1172.35,0.117183
726.872,0.0726833
3160.93,0.315647
1245.31,0.124515
1739.31,0.173738
1832.59,0.183234
3275.79,0.32728
882.554,0.0882043
1034.42,0.103258
3210.79,0.320922
2066.96,0.2066
1300.12,0.129985
1530.25,0.152946
1604.82,0.160449
1544.83,0.154109
1071.83,0.107104
869.332,0.0868979
757.844,0.07574
669.569,0.0669357
945.891,0.0942089
1710.52,0.170946
887.577,0.0886536
1692.91,0.169265
1356.47,0.135585
1608.22,0.160782
1588.45,0.158751
1266.05,0.124507
1217.07,0.121611
1520.32,0.151954
1932.88,0.193221
1168.28,0.116412
1413.79,0.140933
1024.32,0.102397
1380.31,0.138027
883.405,0.0882845
2648.51,0.264788
1892.92,0.189089
924.29,0.0924236
918.895,0.0918226
2392.69,0.239232
1087.98,0.108757
852.218,0.085218
1556.5,0.155479
681.138,0.0680624
1339.21,0.133915
1861.38,0.186092
1840.19,0.183994
754.325,0.0754278
1358.45,0.13577
700.777,0.0700091
1166.49,0.116351
644.466,0.0644033
1048.99,0.104874
3825.34,0.382096
1137.68,0.113658
829.284,0.0828591
772.289,0.0771464
896.916,0.0896661
1747.64,0.174657
2393.44,0.239306
3066.96,0.306271
1184.54,0.118429
1195.93,0.119566
763.238,0.0763058
1329.23,0.132851
1008.82,0.10004
1362.58,0.136106
2347.28,0.234607
932.991,0.0932293
749.336,0.0749169
1078.87,0.107802
721.935,0.0721888
1979.03,0.197814
1567.34,0.156667
916.9,0.0916593
3246.34,0.324374
718.152,0.0718021
1791.75,0.179139
5928.7,0.592225
773.439,0.0773198
3050.24,0.304815
1223.07,0.122275
983.764,0.0983255
2053.16,0.205298
645.533,0.0645325
1351.03,0.134997
1051.26,0.104966
1161.88,0.116176
927.444,0.092695
7147.73,1.75625
1345.38,0.134438
1311.19,0.131114
1182.87,0.118157
1387.29,0.138711
1593.65,0.159293
1372.88,0.137282
1724.11,0.17068
558.654,0.0558591
1260.17,0.125972
674.198,0.0666754
978.213,0.0976882
988.099,0.0987873
1243.23,0.12431
1943.2,0.193956
1007.74,0.100741
1325.31,0.132325
1033.42,0.103339
644.166,0.0643475
2139.48,0.213587
887.947,0.0887851
1357.07,0.135678
992.656,0.0992471
727.126,0.0727011
1706.27,0.170618
1023.39,0.102003
2282.41,0.227992
2069.54,0.20663
1291.43,0.129127
1342.39,0.134077
1087.18,0.108713
969.84,0.0969488
2589.14,0.258833
4031.38,0.402823
1174.38,0.117346
1434.75,0.143447
1494.9,0.149456
663.698,0.0663012
1847.37,0.184444
1671.54,0.166898
1449.56,0.144884
1038.96,0.103889
499.806,0.0499705
741.099,0.0740808
4144.2,0.414315
845.811,0.0845796
841.543,0.0840551
1889.11,0.188888
667.024,0.0661236
934.45,0.0934207
1077.91,0.107731
1207.89,0.120697
5780.39,0.577467
4576.04,0.44989
1366.24,0.136616
1186.1,0.118571
456.555,0.0456421
1706.15,0.170144
3007.08,0.300659
3298.04,0.329753
2335.01,0.233461
4868.56,0.485154
1140.09,0.113918
445.776,0.0445682
1280.57,0.12788
1116.97,0.111673
970.661,0.097036
992.156,0.0992109
3770.02,0.374125
717.665,0.0717168
905.747,0.090495
813.449,0.0812839
1537.46,0.153666
866.19,0.086549
5896.81,0.560856
1555.26,0.155491
2817.4,0.281639
1365.16,0.136499
2488.67,0.248658
1072.14,0.107168
803.227,0.0802797
604.451,0.0604231
951.539,0.0951415
1023.28,0.102074
1222.75,0.122269
715.007,0.0713897
730.355,0.0730205
942.529,0.0940521
1110.74,0.111045
792.655,0.0792518
1721.17,0.172088
755.473,0.0755296
1252.87,0.107993
2113.39,0.211243
852.986,0.0852718
722.882,0.0722735
728.106,0.0726862
1508.07,0.150736
801.798,0.0801467
1244.16,0.12436
1560.74,0.155927
1723.01,0.172001
952.832,0.0952073
1457.92,0.145785
607.08,0.0606906
1004.64,0.100455
2432.28,0.243117
8851.18,0.884071
479.705,0.0479464
1086.75,0.10866
990.994,0.0990751
3091.72,0.308954
4855.23,0.478267
1465.59,0.146524
738.164,0.0737959
847.131,0.0847099
2771.01,0.277058
1628.2,0.162657
1415.02,0.141444
1386.35,0.136816
1005.68,0.100332
12724.5,1.26629
965.971,0.0964134
1161.88,0.11618
881.69,0.0880853
3599.66,0.359276
1400.2,0.135062
773.809,0.0773791
1171.39,0.11711
10443.8,1.04171
1489.42,0.148808
647.942,0.0647638
1183.34,0.118276
1728.2,0.172757
2039.54,0.203934
1004.63,0.100422
652.111,0.065183
1641.44,0.164133
6265.81,0.62628
2497.56,0.249489
1056.06,0.105572
1401.73,0.140128
918.261,0.091821
1344.14,0.134286
925.605,0.0919556
813.771,0.0813254
1729.45,0.172858
795.607,0.0795251
1112.45,0.111186
810.262,0.0809093
3299.26,0.329786
1568.84,0.156691
874.379,0.0874296
1750.67,0.174832
1228.76,0.122832
1177.57,0.11775
2180.17,0.217833
18762.5,1.86328
1178.17,0.117762
1258.88,0.125857
1882.28,0.188208
938.656,0.0938638
1968.94,0.196825
1214.78,0.121382
987.274,0.0986841
990.64,0.0989955
3108.62,0.310589
2222.53,0.222237
2953.06,0.29465
1750.39,0.173798
834.68,0.0834534
820.932,0.0820113
1838.73,0.183757
992.969,0.0990833
1909.5,0.190652
1479.15,0.147717
1087.95,0.108792
1583.29,0.158319
17955.8,1.78382
1020.42,0.102027
1522.17,0.152118
667.023,0.0666361
811.368,0.081082
977.783,0.0976929
876.243,0.0875564
1375.84,0.13755
673.838,0.0673795
980.071,0.097951
1139.45,0.113857
3340.73,0.333904
1391.88,0.139151
5747.77,0.57453
923.081,0.0916605
3730.3,0.371749
741.913,0.0741772
2224.82,0.222318
1155.46,0.1155
2254.07,0.225392
1135.29,0.113436
1155.85,0.115494
838.116,0.0837821
1691.93,0.169098
2084.77,0.208424
1244.14,0.124395
1301.23,0.130007
1017.95,0.10168
2148.11,0.214784
1237.48,0.123709
3572.35,0.356975
2350.93,0.235037
864.648,0.0864092
1335.61,0.133493
3992.81,0.397986
892.721,0.0892136
808.189,0.0808109
1906.36,0.190564
1978.28,0.197727
1251.7,0.125128
1732.28,0.173068
1086.48,0.108638
1318.98,0.131752
1864.59,0.186446
1083.3,0.108317
1051.06,0.105085
950.616,0.095005
2035.66,0.202768
2686.31,0.268468
1005.3,0.100442
1761.16,0.17608
1606.37,0.160551
2174.04,0.217248
936.7,0.0935642
988.045,0.0929431
1600.8,0.160062
2037.5,0.203701
1452.21,0.145211
887.945,0.0887195
821.625,0.0821507
1009.1,0.1009
1153.27,0.115071
1502.3,0.150205
1080.41,0.107969
1180.94,0.118082
1718.03,0.171376
3148.27,0.314434
1812.62,0.181214
1771.6,0.177148
1805.78,0.178099
1648.69,0.164763
1156.63,0.115617
983.391,0.0983139
1369.05,0.13678
1043.68,0.104251
1212.23,0.121219
827.629,0.0825256
1176,0.11613
1324.77,0.132467
2502.79,0.250266
2860.67,0.285961
1059.62,0.105946
1034.37,0.103417
769.22,0.0768899
5341.05,0.533765
1210.15,0.120967
617.993,0.0617922
1103.63,0.110355
857.415,0.0857126
1452.79,0.145221
1867.71,0.186719
2921.46,0.291861
1026.43,0.102631
933.568,0.0932576
1983.45,0.198269
1624.97,0.161063
12966.2,3.20417
567.958,0.0567654
1155.07,0.115451
652.377,0.0652032
965.486,0.096534
2498.53,0.249754
1750.66,0.17503
945.258,0.0944316
471.104,0.0467675
1187.28,0.118454
699.29,0.0698959
662.945,0.0662896
2306.94,0.230668
1209.16,0.120882
1415.67,0.141422
641.804,0.0641799
2263.22,0.22623
8682.47,0.867032
3041.15,0.303766
1144.49,0.114326
1426.31,0.14257
1661.32,0.166103
2840.19,0.283947
1831.35,0.183073
6832.05,0.683026
834.653,0.0834556
2760,0.275951
802.112,0.0802018
1494.47,0.14943
1463.66,0.146258
845.381,0.0844846
1322.98,0.132187
1446.58,0.144512
961.829,0.0961585
1038.53,0.103735
2648.27,0.264647
1152.71,0.11513
1333.33,0.133211
1293.85,0.129374
577.2,0.0577147
538.577,0.0538216
2687.18,0.268318
977.005,0.0976214
1062.35,0.106163
1005.04,0.100456
688.642,0.0688408
3286.93,0.326895
3342.25,0.334115
1217.47,0.121674
719.298,0.0719263
555.949,0.0552098
1408.22,0.140812
835.29,0.0834662
1244.39,0.124279
24406.3,2.41754
947.397,0.0946804
901.555,0.0899978
1063.21,0.106247
1125.09,0.11247
972.957,0.0972482
928.473,0.0928449
857.311,0.0857185
1356.51,0.13559
3416.48,0.341502
4567.51,0.456597
2503.96,0.250329
1720.72,0.170824
3315.15,0.331452
2064.36,0.206391
936.642,0.0936618
867.179,0.0867131
2888.15,0.288651
1432.01,0.143178
1791,0.179056
1142.59,0.114144
2295.19,0.229467
2341.42,0.233953
1502.71,0.150145
1531.61,0.152944
816.701,0.0815665
1230.75,0.123032
799.289,0.0797495
1734.58,0.173102
631.171,0.0631106
1626.73,0.162638
1405.87,0.140543
1485.37,0.148244
1094.88,0.109464
875.24,0.0874681
723.422,0.0723341
1325,0.13216
1282.31,0.126666
1142.04,0.114137
3105.4,0.310299
3036.54,0.302087
2932.4,0.293087
1670.05,0.166987
729.273,0.0729219
793.665,0.0793354
1902.4,0.190173
1235.4,0.123181
3518.78,0.351397
1408.32,0.14077
1979.89,0.197978
1642.34,0.164141
1350.77,0.135022
2287.86,0.228669
662.042,0.0661681
704.613,0.07043
1465.13,0.146485
1265.08,0.126453
1887.32,0.188699
867.201,0.0867166
1311.2,0.131075
558.735,0.0558362
1185.51,0.118359
1110.58,0.110901
1147.69,0.114671
1604.67,0.160394
4316.72,0.294097
663.532,0.0663379
1713.03,0.171287
2126.6,0.212575
706.388,0.0705879
842.036,0.0835597
1106.5,0.110611
1804.06,0.180276
8179.32,0.813058
992.12,0.099062
882.086,0.0881334
883.07,0.0882976
1179.02,0.117039
1026.44,0.102583
994.648,0.0993647
611.518,0.0611397
440.851,0.0439615
714.684,0.0714285
2943.1,0.293867
1072.95,0.106998
2037.51,0.203591
915.017,0.0914971
1251.69,0.125159
1335.21,0.133281
663.968,0.0663811
3284.14,0.327433
4596.16,0.459236
2625.78,0.26236
1415.45,0.14149
864.256,0.0863884
1204.52,0.120434
754.156,0.0754027
1752.39,0.175114
1034.83,0.103449
1297.34,0.129599
741.198,0.0740813
1854.89,0.185255
2570.37,0.256916
5599.53,0.559304
1179.88,0.117614
1177.73,0.117753
3583.29,0.358015
666.641,0.0665133
1312.56,0.131221
788.706,0.0787894
2216.03,0.22101
1122.71,0.111502
3618.53,0.36176
1622.26,0.162212
1221.45,0.122113
1228.82,0.122764
4022.67,0.40195
1055.48,0.105539
1783.45,0.178154
1227.09,0.12256
961.349,0.0960529
1580.89,0.158083
2244.71,0.224326
1359.5,0.12636
1893.43,0.18931
1340.56,0.134031
1005.96,0.100586
2051.48,0.205105
2511.14,0.250512
1179.59,0.117849
1422.37,0.142202
568.208,0.0567999
1478.69,0.1474
1484.36,0.148275
1571.17,0.157049
5084.37,0.50785
1958.55,0.195837
713.392,0.0711493
1328.78,0.132784
1071.87,0.107162
2096.09,0.209569
1449.86,0.144967
1880.67,0.187703
673.205,0.0673133
635.797,0.0635553
1146.02,0.113257
1642.94,0.164137
3800.57,3.67343
1781.35,0.178122
651.359,0.066358
1377.68,0.137465
897.229,0.0897159
1266.18,0.126575
951.816,0.0950828
865.765,0.086567
1848.67,0.18414
867.704,0.0867296
6679.63,0.667848
763.305,0.0762923
844.795,0.0844744
518.956,0.051875
1445.89,0.144521
1165.52,0.116546
4275.73,0.427452
1204.36,0.120396
1559.32,0.15582
1026.86,0.102604
1054.61,0.105273
2665.43,0.266353
912.684,0.0912311
2029.03,0.202684
994.307,0.0993474
978.05,0.0977367
1018.54,0.101331
1086.05,0.10852
1050.94,0.105017
2121.56,0.212091
828.623,0.0828239
1111.7,0.111155
1264.14,0.126383
2816.73,0.281569
679.077,0.0678846
742.978,0.0742626
1357.91,0.13576
1183.65,0.118343
3122.5,0.31204
1074.16,0.107413
1744.2,0.174163
684.016,0.068381
4559.98,0.455667
569.091,0.0568942
19153,1.90206
857.175,0.0856977
488.19,0.0488096
796.323,0.0795919
1518.6,0.1512
4196.43,0.416841
1015.15,0.101482
2956.93,0.295591
1537.72,0.153757
891.91,0.0891317
1317.95,0.131698
2393.28,0.23918
715.55,0.0715465
2275.63,0.227463
2834.51,0.2834
1014.04,0.10119
1580.36,0.158
776.423,0.0776331
1169.51,0.116947
2351.5,0.234833
1937.3,0.16848
774.482,0.077441
931.213,0.0929516
923.409,0.0922956
1312.79,0.131249
685.258,0.0685081
664.065,0.06639
2949.69,0.294578
764.474,0.0763357
2026.55,0.202309
1426.88,0.142668
890.754,0.0890324
1230.77,0.123022
1383.26,0.138289
937.1,0.093304
1462.26,0.146201
891.887,0.0891648
1194.3,0.119353
669.655,0.0669431
1781.85,0.178163
751.151,0.0751029
2323.58,0.232042
805.336,0.0802411
2279.44,0.227899
1470.85,0.147005
976.604,0.0976128
3337.04,0.333585
919.28,0.0918426
2455.19,0.245334
827.006,0.0826932
2708.48,0.270787
2920.1,0.291827
1372.55,0.137117
663.798,0.066146
1576.5,0.157545
18952.4,1.88672
1816.64,0.181601
2661.35,0.266044
1097.62,0.109685
1610.54,0.160914
821.788,0.0821547
4913.21,0.491032
1550.93,0.155028
1167.73,0.116638
755.573,0.0755348
2646.34,0.264472
735.127,0.0735045
2106.39,0.210565
2154.31,0.215018
1672.72,0.167252
881.602,0.0881473
1036.18,0.103458
743.179,0.0743032
1091.05,0.109081
972.887,0.0972872
1616.26,0.161551
1031.54,0.103128
970.849,0.0970458
3410.49,0.340873
2264.33,0.226395
707.614,0.0707268
1414.52,0.141226
1314.08,0.131357
5940.04,0.593163
1216.38,0.121476
770.121,0.0769907
1933.91,0.193341
603.702,0.0603554
1162.41,0.116211
1524.41,0.152409
892.036,0.0892008
1356.81,0.135457
1228.78,0.122407
1450.8,0.145027
835.667,0.0834534
2912.8,0.290683
1287.3,0.128541
580.742,0.0580715
748.625,0.0748573
727.731,0.0727559
2533.97,0.253374
898.716,0.0898547
1285.94,0.128588
1138.48,0.11172
1095.13,0.109421
2455.7,0.245316
1197.78,0.119743
1032.85,0.103265
4619.22,0.461425
2480.61,0.247853
2086.36,0.208618
2574.31,0.257403
2148.27,0.214108
2441.1,0.243881
1028.98,0.102869
957.474,0.0957407
963.761,0.096302
880.306,0.08801
1406.37,0.140485
1943.42,0.194115
1574.23,0.157362
1596.22,0.159574
1296.05,0.129508
2085.91,0.208464
2827.06,0.282282
4986.98,0.498505
1197.46,0.119557
1246.53,0.124644
856.899,0.0856631
1017.89,0.101776
5594.42,0.559012
5129.11,0.512415
657.652,0.0657477
1168.25,0.116814
1101.71,0.110165
1318.34,0.131631
1181.15,0.118037
715.623,0.0715612
1253.93,0.125321
1000.42,0.0998985
842.194,0.0841707
1430.42,0.134419
3405.8,0.340548
582.152,0.0582077
1506.76,0.150409
1200.23,0.119921
1873.43,0.186926
928.601,0.0928472
785.9,0.0785819
2933.73,0.293305
1255.46,0.125425
1239.58,0.123943
1447.24,0.14449
860.861,0.0847163
1399.85,0.139967
1290.58,0.129004
727.009,0.0726567
957.258,0.0943222
3109.81,0.310592
642.717,0.0642515
916.694,0.0916625
1674.42,0.167333
592.178,0.0591026
930.025,0.0929718
1475.71,0.147407
5235.24,0.52303
1348.95,0.134867
4947.82,0.494291
857.95,0.0857817
770.85,0.077082
2932.11,0.293147
827.29,0.0825522
1318.44,0.131835
1160.06,0.115968
2568.39,0.25678
1691.96,0.168931
973.026,0.0972945
904.963,0.0904856
650.403,0.0650259
2695.53,0.268239
1277.24,0.127712
1051,0.105091
897.251,0.089692
3781.23,0.37764
1284.11,0.128373
1068.46,0.106703
2195.23,0.219454
1304.66,0.130003
18249.3,2.55182
1034.11,0.103403
5695.2,0.565802
2114.4,0.211404
2111.47,0.211055
852.151,0.0851456
1089.51,0.108942
1749.84,0.174971
628.402,0.0628216
3296.47,0.329607
3042.57,0.304148
1144.11,0.114366
858.378,0.0855754
886.235,0.088586
1355.21,0.135494
2424.47,0.242346
1875.94,0.187335
677.159,0.067658
488.209,0.0488189
1964.45,0.196381
879.249,0.0878135
798.563,0.0798187
2395.08,0.239478
1578.57,0.157749
859.968,0.0856952
1101.78,0.110134
1524.96,0.152366
2264.75,0.226162
671.757,0.0671451
8868.7,0.884641
847.607,0.0847529
630.667,0.0630626
2307.51,0.230516
858.376,0.085808
462.486,0.0462257
989.838,0.0989595
1095.38,0.109505
2108.41,0.21075
1139.24,0.113835
693.285,0.069312
1287.02,0.128324
1084.99,0.108478
1087.91,0.108756
790.738,0.0789761
961.073,0.0953156
1285.41,0.128478
4469.55,0.446333
716.01,0.0715814
738.202,0.0738073
3227.38,0.355937
850.759,0.0850647
1463.61,0.146238
1074.99,0.107486
1589.89,0.158905
2078.32,0.207697
851.311,0.0851275
1662.98,0.166274
614.082,0.0614007
868.136,0.0867974
745.686,0.074564
636.857,0.063685
1838.44,0.183835
2648.93,0.264748
1162.03,0.116137
868.529,0.086815
1713.3,0.171209
1691.99,0.169147
607.311,0.060722
1082.49,0.108163
4989.32,0.498422
1253.82,0.125303
1767.31,0.175154
2690.99,0.268747
1621.58,0.162109
877.068,0.0876254
5937.65,0.593487
726.465,0.0726092
1653.1,0.165206
2058.04,0.205638
1632.79,0.16321
529.284,0.0529198
1119.74,0.110875
2616.93,0.259624
2363.75,0.235805
1622.08,0.16209
2678.09,0.26565
1270.61,0.126894
667.219,0.0667065
1621.72,0.162125
840.1,0.0839683
1023.14,0.10187
1468.21,0.146815
1154.4,0.11538
999.516,0.099922
1255.14,0.125423
1057.54,0.105715
2585.43,0.258366
1010.13,0.100967
1034.37,0.103381
977.855,0.0977789
1657.69,0.165759
1210.46,0.120993
2016.12,0.201251
2232.79,0.223221
869.181,0.0867862
682.565,0.0682514
691.297,0.0691218
1024.11,0.102299
1286.45,0.128613
2356.39,0.235303
1277.63,0.127738
1408.44,0.140205
1857.93,0.18577
1070.72,0.107032
13248.3,1.32267
875.718,0.0875564
777.222,0.0775397
2771.29,0.276397
716.483,0.071635
2355.92,0.23549
840.678,0.0840206
841.956,0.084183
1208.68,0.120845
1218.75,0.121873
1031.01,0.103099
833.095,0.0832826
1835.51,0.183542
1590.27,0.158922
786.509,0.0786392
4694.57,0.469153
1294.19,0.129396
1259.96,0.125786
15025.5,1.49872
933.304,0.0933264
2147.89,0.214636
926.699,0.092653
1040.19,0.104008
2217.34,0.221021
2701.47,0.269961
871.356,0.0871159
965.157,0.0964977
1759.43,0.175844
653.218,0.065288
2501.65,0.250099
1440.79,0.144071
6571.22,0.656635
897.079,0.0894103
1367.45,0.136708
1452.67,0.145257
1217.78,0.118028
1670.7,0.167033
2975.3,0.297346
1357.44,0.135736
733.83,0.0733033
672.717,0.0671207
917.929,0.0917875
852.064,0.0848183
884.105,0.0884005
1407.22,0.140678
1489.12,0.14795
1121.49,0.112135
1536.25,0.153567
2411.4,0.239177
606.692,0.0604777
1627.57,0.162738
443.663,0.0443608
1016.73,0.101647
4646.49,0.463846
5625.59,0.561895
1157.42,0.115639
731.422,0.0730863
815.95,0.0815621
1368.06,0.136776
1053.01,0.10523
4410.82,0.440012
1408.51,0.140528
722.056,0.0720962
582.853,0.0582621
918.736,0.0918721
938.398,0.0938234
730.819,0.0730746
601.989,0.0601886
1279.84,0.127956
2604.23,0.260204
802.154,0.0802136
902.076,0.0901839
1516.06,0.15152
1175.8,0.117546
1274.4,0.127427
945.225,0.0945132
1172.38,0.116957
742.993,0.074286
410.719,0.0410585
989.382,0.0988779
21818.8,2.17871
1448.59,0.144674
5676.12,0.564487
1206.27,0.120507
1920.84,0.192061
884.392,0.0884052
964.919,0.0951717
838.937,0.0838833
651.366,0.0651101
2058.3,0.205609
939.92,0.093986
1058.46,0.105823
604.918,0.060491
669.539,0.0668146
600.341,0.0600328
1618.02,0.159617
2354.02,0.234908
621.11,0.0621071
2763.33,0.276207
2091.15,0.209102
809.455,0.0809362
3571.45,0.357061
1467.11,0.146702
1119.49,0.111918
948.955,0.0935109
1357.13,0.135255
1027.93,0.102629
1493.55,0.149336
3440.17,0.343731
1461.96,0.146166
2515.29,0.251195
1449.61,0.144954
1062.13,0.106192
1973.23,0.196953
681.902,0.0681413
645.183,0.0634622
694.681,0.0688058
1856.38,0.184876
1371.89,0.13714
1036.31,0.103433
2101.91,0.209974
1591.02,0.159019
901.478,0.0901336
3820.98,0.381553
1055.25,0.105474
699.695,0.069959
1173.07,0.117279
9549.34,0.952617
968.508,0.0967597
1344.96,0.134395
1703.17,0.170221
1046.99,0.104584
1258.55,0.125852
3084.44,0.308348
1642.47,0.164139
1507.73,0.150746
1086.61,0.10865
548.069,0.0548031
2451.68,0.245125
2752.81,0.275227
1394.3,0.139339
1415.22,0.141499
2764.24,0.276316
911.272,0.0911262
1369.61,0.13682
2240.9,0.224019
1219.85,0.121837
4354.28,0.435156
1312.42,0.131168
1496.92,0.149684
920.765,0.0920541
1523.44,0.152266
870.053,0.0869589
6147.64,0.614439
963.347,0.0963141
751.563,0.0751107
875.527,0.0875276
1010.46,0.101021
3482.2,0.347942
1297.82,0.129644
5471.96,0.546947
1428.09,0.142726
1156.66,0.115653
1867.08,0.186615
799.729,0.0799172
1113.54,0.110727
930.84,0.0930155
2094.82,0.209435
2176.89,0.217591
1702.91,0.170235
1332.9,0.133105
819.83,0.0819045
1057.91,0.104714
985.715,0.0985075
1675.35,0.167527
1201.7,0.120168
1494.83,0.149387
2640.64,0.26405
2437.24,0.243496
4300.11,0.429916
1084.7,0.108396
758.969,0.0758891
1675.89,0.167425
1654.95,0.16547
1195.1,0.119417
618.907,0.0618882
1149.75,0.114898
966.666,0.0966465
1481.08,0.148061
920.702,0.0920671
3046.39,0.304439
721.186,0.0718653
1310.04,0.130963
835.057,0.0833938
1536.23,0.153605
1940.12,0.193925
1282.91,0.12824
1835.24,0.183449
1361.54,0.13614
1333.75,0.133357
3609.42,0.360604
684.499,0.0684125
3178.58,0.316445
23228.5,2.30879
1268.72,0.126576
1458.09,0.145769
830.069,0.0829582
2869.68,0.286785
1083.98,0.108387
1958.26,0.195732
1093.91,0.109307
718.507,0.0718212
808.375,0.0806422
1192.33,0.119227
1970.6,0.196755
890.446,0.0890027
3012.96,0.30079
4119.53,1.76135
1532.94,0.153229
889.084,0.0888447
898.533,0.0898441
1255.03,0.125347
1425.34,0.142424
834.402,0.0834367
604.455,0.0604118
860.399,0.085715
1219.68,0.121955
1164.23,0.116337
14483.9,1.44625
864.967,0.0864946
1066.66,0.106593
1265.89,0.126503
2813.74,0.28124
737.976,0.073794
3704.48,0.370212
1461.4,0.146122
1649.37,0.164877
1146.97,0.114495
1692.42,0.169155
691.902,0.069185
1629.9,0.162858
1173.69,0.117286
1171.13,0.117047
4250.05,0.424757
1300.39,0.129992
856.812,0.0856249
950.279,0.0950258
1762.93,0.176278
611.587,0.0611471
2111.68,0.210875
1396.65,0.1396
1123.89,0.11224
2488.38,0.248775
1030.19,0.103
803.262,0.0799405
1612.59,0.161247
927.689,0.092692
2866.79,0.286574
717.708,0.0717419
1236.66,0.123329
1849.41,0.184924
2546.1,0.254586
947.573,0.0944057
1311.88,0.131158
3027.57,0.301795
1063.98,0.106368
1489.77,0.14895
962.668,0.0962594
2053.52,0.205318
777.92,0.077782
787.982,0.0787549
1019.38,0.101929
1137.53,0.113714
1007.17,0.100712
2694.19,0.269214
1158.7,0.115208
1321.06,0.132018
792.783,0.079259
3198.1,0.31952
1312.07,0.131164
978.045,0.0976492
1119.05,0.111889
1923.54,0.192255
2784.82,0.27835
1103.32,0.110312
2498.03,0.24933
2446.89,0.244648
975.73,0.0975703
896.226,0.0896182
1802.31,0.180166
2378.61,0.237479
972.158,0.0971688
4486.05,0.448429
1331.73,0.13313
657.06,0.0655825
1731.3,0.172988
5431.23,0.54103
781.24,0.078099
512.108,0.0511781
835.494,0.0835345
1447.01,0.144675
937.147,0.0936407
1072.91,0.107109
961.586,0.0960776
2439.16,0.243873
830.145,0.0830106
1440.9,0.143967
2326.1,0.232469
1876.72,0.187656
4788.23,0.478203
658.167,0.0657927
1998.24,0.199064
7049.64,0.703147
1572.03,0.157106
1393.99,0.139354
1430.38,0.142729
926.754,0.0926441
778.978,0.0778582
1210.97,0.1209
917.922,0.0913943
848.476,0.0848227
1093.83,0.109239
3219.9,0.321292
1002.9,0.100246
1159.36,0.115815
1470.19,0.146951
1900.64,0.189902
1888.85,0.188394
1524.07,0.151866
6374.86,0.637134
6335.81,0.632953
715.081,0.0714715
1377.79,0.137659
3144.94,0.312604
579.389,0.0578318
4109.41,0.410697
2592.82,0.258781
739.78,0.0738063
755.561,0.0754678
1557.25,0.15563
848.957,0.0848225
771.008,0.0769692
762.675,0.0762448
1219.71,0.12192
912.813,0.0892897
1501.22,0.15001
843.144,0.0842631
1633.02,0.16326
2410.23,0.240822
1079.17,0.107814
939.946,0.0939468
3066.95,0.306608
1322.88,0.132266
1149.1,0.114855
1962.37,0.196116
1601.42,0.160098
1788.95,0.178862
3868.8,0.384043
1478.31,0.147815
2835.77,0.283506
1193.98,0.119373
978.743,0.0978443
794.547,0.0793928
2551.32,0.25506
1507.39,0.150357
997.943,0.099758
3973.96,0.396763
1466.74,0.146651
843.306,0.0843137
1422.6,0.142229
1323.98,0.132083
1567.33,0.156717
1182.97,0.118258
887.878,0.0886256
10955.4,1.09354
1395.81,0.13949
2627.9,0.255676
1809.98,0.180881
15088.6,1.50378
1880.08,0.187297
1228.08,0.122792
4188.03,0.41841
1403,0.140234
767.229,0.0766062
827.023,0.0826503
1127.05,0.112683
2744.1,0.274181
2119.71,0.211911
1018.3,0.101733
623.228,0.0623165
1257.13,0.125674
2968.01,0.296664
941.731,0.0939964
1017.15,0.10161
2142.51,0.214238
2213.99,0.220747
1068.92,0.106816
1017.16,0.101698
1719.55,0.171945
1338,0.133775
1062.77,0.106131
1621.91,0.162154
955.334,0.0953965
1251.2,0.125087
1517.07,0.151686
712.462,0.071226
2081.35,0.207695
1965.5,0.196497
1646.62,0.164607
1485.93,0.14856
668.924,0.0668746
1339.5,0.133899
1973.02,0.197081
2004.41,0.20026
1002.48,0.100235
1209.99,0.117524
1169.1,0.116733
12933.8,1.29187
628.665,0.0628358
1423.07,0.142274
2192.93,0.218912
2323.7,0.231664
1326.8,0.132403
958.18,0.0958087
1522.16,0.152153
1200.2,0.120004
1006.61,0.100641
1546.12,0.1545
1004.36,0.100419
1112.41,0.110321
993.445,0.0986226
1208.78,0.120863
924.567,0.0922591
834.878,0.083467
959.956,0.0959884
921.335,0.0921041
1583.49,0.158327
1635.78,0.162591
565.951,0.0565669
950.444,0.0937689
3079.13,0.307844
1162.12,0.116173
2083.06,0.208277
6192.02,0.618044
5031.62,0.501525
1399.39,0.139914
1293.01,0.12927
2439.92,0.243534
980.702,0.0980473
878.873,0.0878071
1020.88,0.102073
1066.95,0.106456
1120.62,0.112003
9880.88,0.985436
1383.12,0.138182
2311.9,0.231067
603.32,0.0602692
2922.46,0.292042
1384.86,0.138478
2763.85,0.276091
794.662,0.0794643
1274.72,0.127372
1280.02,0.127995
696.717,0.0696331
1042.43,0.102332
3087.02,0.308561
1378.23,0.137807
1758.45,0.175833
1730.15,0.172732
1982.53,0.198199
2574.14,0.256904
894.842,0.0894822
1103.65,0.113463
3694.23,0.368425
3286.63,0.32842
2071.22,0.206563
2018.64,0.201752
1737.03,0.173674
1001.39,0.100093
2186.1,0.218308
2675.8,0.26744
1497.86,0.149667
16951.4,1.6878
813.977,0.081365
545.629,0.0545457
1996.45,0.199595
756.535,0.0756205
1377.42,0.137644
941.148,0.0940309
1023.13,0.102291
911.345,0.0911316
4832.87,0.482985
2228.43,0.220229
920.008,0.091984
1317.52,0.131604
1448.66,0.144317
983.137,0.0983093
1075.3,0.107508
732.451,0.0732234
1517.93,0.151607
783.777,0.0783673
2051.77,0.204995
1196.22,0.119474
1067.89,0.106703
793.1,0.079268
1982.8,0.198062
1470.85,0.147058
1541.7,0.153268
838.969,0.0838691
1227.35,0.12251
1284.78,0.128203
2183.83,0.218007
1077.79,0.10776
1486.47,0.148564
1314.11,0.131378
879.687,0.0879483
916.331,0.0916238
2175.31,0.217344
1359.67,0.135943
1639.52,0.163761
2272.92,0.226427
1435.02,0.143352
1248.84,0.124865
1048.84,0.104869
888.075,0.0856537
934.089,0.0934027
882.793,0.0882087
1396.91,0.139649
853.261,0.0850857
1271.38,0.127036
1152.73,0.115231
1104.64,0.110452
830.288,0.0827871
832.557,0.0832381
3546.17,0.354317
864.647,0.0864294
1285.94,0.128588
537.161,0.0534644
1312.08,0.131176
1180.42,0.118038
2776.4,0.343248
707.538,0.0702945
4017.84,0.400913
20000.4,1.99095
1270.25,0.126869
1164.18,0.116368
651.981,0.0651132
3323.7,0.332249
974.732,0.0974654
1046.17,0.10458
1724.67,0.17239
1169.95,0.116951
1045.76,0.104518
1672.42,0.167135
1043.32,0.104264
758.606,0.0758281
421.824,0.0421036
891.766,0.0891714
1402.33,0.140171
936.245,0.0935294
986.63,0.0985949
1063.67,0.106278
833.742,0.0833697
5169.22,0.515987
15109.5,1.50602
3154.08,0.315304
1401.42,0.140027
1761.42,0.176108
924.953,0.0943211
1226.45,0.122624
1403.87,0.138231
1029.73,0.102957
1034.9,0.103441
1034.76,0.103467
629.76,0.0629655
758.462,0.0750735
4918.42,0.483699
1524.1,0.152316
2899.68,0.289643
2094.52,0.209403
1019.53,0.101826
1379.82,0.137484
913.283,0.091306
794.793,0.0794528
1068.21,0.106783
12303.9,1.22713
1174.71,0.117447
1092.13,0.109075
2620.82,0.261995
699.863,0.0699721
2069.92,0.206927
1010.45,0.100999
2584.59,0.2584
1509.21,0.150852
982.693,0.0982659
975.904,0.0974703
3073,0.307097
3330.27,0.841992
825.686,0.0825487
1059.62,0.105832
4294.74,0.428193
1047.45,0.10469
758.454,0.0755755
1973.39,0.19729
2352.18,0.235172
759.332,0.0758442
4875.64,0.48529
923.518,0.0923426
926.482,0.0926312
1592.38,0.159228
977.889,0.0977741
2164.08,0.216289
609.676,0.0608254
956.822,0.0956678
1977.33,0.197561
1021.1,0.102103
1599.45,0.159839
2190.32,0.218891
1674.94,0.167375
5022.21,0.488889
5904.57,0.589743
1882.16,0.188184
1614.33,0.16143
786.64,0.0786602
768.265,0.0767997
19874.7,1.98622
1325.59,0.132525
1538.59,0.153819
2087.19,0.20869
2667.42,0.266534
1534.85,0.153435
1167.67,0.116719
1162.47,0.116105
1244.17,0.124351
3985.62,0.398491
1540.58,0.153983
1000.66,0.100052
752.539,0.0752328
471.643,0.0471454
1168.83,0.11685
1955.46,0.19504
1023.07,0.101716
869.129,0.0869048
1801.4,0.179892
699.842,0.0699509
1175.7,0.117467
1401.73,0.140167
724.28,0.0724219
12188.5,1.20965
1750.42,0.175014
1763.26,0.176301
1487.52,0.14874
1537.75,0.153763
1933.67,0.193135
5344.28,0.532265
1793.29,0.179283
475.681,0.0475605
1099.12,0.109867
612.073,0.0611671
2139.47,0.213921
1408.36,0.140758
898.383,0.0897814
1172.71,0.117076
1422,0.141615
1254.65,0.125459
2310.65,0.230648
699.809,0.0699709
1810.46,0.180985
879.047,0.0878892
879.47,0.0878948
786.848,0.0786253
594.008,0.0593729
658.41,0.0657717
843.754,0.0843259
6445.78,0.64365
1278.59,0.12773
4867.21,0.48586
2370.71,0.237029
4845.85,0.899721
1490.36,0.148992
1069.64,0.106939
810,0.0808586
1013.94,0.101386
1325.13,0.132503
1189.33,0.118089
2408.83,0.240863
1220.89,0.122032
1665.17,0.166406
911.765,0.0911489
1132.11,0.113175
4440.97,1.60235
1216.94,0.121683
789.498,0.0789375
1003.85,0.10036
792.713,0.0792698
1719.97,0.171944
668.641,0.0668629
1243.14,0.124271
1034.06,0.103326
972.923,0.0972724
1043.59,0.104339
1209.12,0.120681
978.162,0.0977935
791.401,0.0791175
693.732,0.0692009
569.74,0.0569503
1166.14,0.116374
1141.45,0.114104
1689.46,0.168796
4114.75,0.410548
2289.09,0.228875
1196.68,0.119569
799.963,0.0799756
1546.89,0.154664
1236.15,0.123587
1247.47,0.124738
1005.3,0.100391
896.562,0.0896523
1363.52,0.136328
1885.95,0.188535
901.419,0.0900681
918.956,0.0918374
1212.2,0.121136
1642.05,0.16413
898.276,0.0898157
944.736,0.0944663
1839.02,0.183878
1360.81,0.135956
1239.49,0.123933
2974.7,0.297092
1023.52,0.102201
996.366,0.0995699
880.436,0.0880236
1219.17,0.121903
2726.06,0.272467
1483.82,0.148346
1021.51,0.101994
2107,0.210591
1333.92,0.133371
1454.31,0.145329
2332.12,0.232553
1342.21,0.134093
1254.6,0.124699
3290.32,0.328929
1355.31,0.135517
2156.6,0.213416
1765.79,0.176222
3428.37,0.342767
1430.11,0.142999
5672.01,0.566332
2223.91,0.22234
1596.48,0.107342
1254.56,0.125432
1248.84,0.124731
1018.65,0.101839
1205.35,0.120475
861.529,0.0861175
1345,0.134479
767.51,0.0766872
1336.19,0.13356
2659.4,0.265898
1257.05,0.125674
1053.13,0.105229
1084.9,0.107447
1783.55,0.178329
570.644,0.0570608
982.067,0.0982024
2288.2,0.228658
1060.61,0.106059
977.984,0.097787
4730.73,0.472622
1404.42,0.14034
1174.84,0.11728
2766.15,0.276563
1033.96,0.103368
1933.6,0.193126
1639.6,0.163923
1021.91,0.101951
1159.69,0.115956
1017.77,0.101764
1850.18,0.184952
1015.44,0.101496
3178.14,0.317586
1399.64,0.139924
1115.01,0.11141
2333.98,0.233365
882.749,0.0882459
707.277,0.0707248
1446.29,0.144467
4557.52,0.455645
1049.5,0.104856
1038.02,0.103709
2199.03,0.219737
6143.77,0.613496
1465.47,0.146507
885.43,0.0884921
950.943,0.095073
1354.05,0.13538
1021.62,0.101949
2225.99,0.222525
1088.34,0.108713
1425.26,0.142502
1947.88,0.19439
1068.71,0.10532
1857.68,0.185714
1785.45,0.234368
1282.72,0.128177
846.209,0.0844605
956.989,0.0956474
835.001,0.0833012
1948.48,0.194762
422.902,0.042244
829.356,0.0821455
2054.73,0.20531
450.005,0.0449974
801.184,0.0801007
803.856,0.0803791
1031.42,0.103111
1662.68,0.166242
1311.64,0.130648
695.088,0.0694964
561.783,0.0561097
1063.69,0.104719
1676.42,0.167611
854.158,0.0854038
814.76,0.0813959
1070.69,0.107016
863.332,0.0857988
2777.16,0.277362
1072.28,0.107168
1486.05,0.148408
833.436,0.0833224
1513.73,0.151336
1173.28,0.117273
729.59,0.0729355
1478.99,0.147521
828.361,0.0828085
778.679,0.0776932
1055.96,0.105588
1115.32,0.111526
1513.61,0.151309
824.41,0.0824285
810.812,0.0766934
770.929,0.0770906
2177.79,0.21777
1804.61,0.324731
3685.37,0.368414
1821.06,0.1807
2064.96,0.206441
12526.3,1.73282
992.207,0.0991934
1177.86,0.117174
1919.69,0.191932
1604.29,0.160388
4028.38,0.401975
1054.14,0.105376
1931.49,0.192532
1238.19,0.123772
873.924,0.0873871
767.564,0.0767526
526.236,0.0526194
1107.94,0.110787
3448.59,0.344762
1749.89,0.17496
917.543,0.091682
1738.19,0.173732
1843.03,0.170383
2516.09,0.251456
3066.32,0.306336
4804.2,0.480244
1004.31,0.100337
2167.86,0.215835
839.129,0.0838605
1231.98,0.123176
1191.55,0.119123
1203.56,0.12033
2010.42,0.2006
1463.67,0.146162
1280.21,0.127984
955.03,0.0954822
1131.7,0.112979
1291.8,0.129171
4236.31,0.423302
2074.05,0.207133
2356.85,0.235516
1139.51,0.113912
3771.71,0.376678
1132.07,0.1131
1318.59,0.131835
1475.01,0.147435
1572.99,0.156772
1024.88,0.102435
1719.56,0.14596
1253.63,0.125331
1894.95,0.189251
1102.3,0.110155
1063.36,0.106334
1000.64,0.100041
1583.37,0.158054
869.898,0.0869702
638.196,0.0638155
1486.61,0.148451
1657.1,0.165633
1017.64,0.101723
1967.65,0.196712
4624.69,0.462121
519.01,0.0518885
1156.59,0.115633
4008.81,0.400554
1595.52,0.159435
703.473,0.0702912
2829.15,0.272248
1387.94,0.138674
1337.45,0.133731
924.282,0.0924055
2652.37,0.264798
1149.44,0.114927
652.194,0.0652129
1570.02,0.156903
954.623,0.0954063
1459.02,0.145867
874.045,0.0873791
3664.43,0.365903
1814.18,0.181403
2267.76,0.157678
11279.1,1.12591
2915.57,0.291516
1601.78,0.160148
1114.87,0.111273
1052.93,0.105261
1310.71,0.130986
5771.9,0.576195
1253.31,0.125233
3388.45,0.338762
1536.59,0.153394
1194.91,0.119197
1163.37,0.116306
994.711,0.0994148
898.391,0.0897764
1073.04,0.107275
653.193,0.0652634
2525.44,0.252411
935.835,0.0935491
2001.96,3.07824
1464.41,0.146289
1201.25,0.11999
1098.21,0.109811
1379.3,0.137795
852.364,0.0848806
788.825,0.0788046
2334.46,0.192217
3617.89,0.361108
1056.57,0.105632
862.048,0.0862035
953.193,0.0952452
741.049,0.0740883
1670.98,0.167004
4461.61,0.445811
839.687,0.0839273
461.034,0.0461002
2468.91,0.246788
2222.7,0.222217
2995.79,0.298985
1019.44,0.101757
734.753,0.0734596
1124.94,0.112484
1145.21,0.114473
773.391,0.0772369
1020.44,0.102007
941.236,0.0941195
939.808,0.0939341
4590.09,0.457949
1258.14,0.12578
995.686,0.0993716
1527.39,0.152715
965.665,0.09647
1147.86,0.114763
2578.85,0.257871
3932.81,0.392907
680.794,0.0680741
1260.06,0.125985
608.952,0.0608772
2392,0.238794
1073.07,0.107298
996.501,0.0995836
1351.4,0.135045
721.205,0.0721112
1305.39,0.130509
975.501,0.0974245
1477.12,0.147649
598.44,0.0595279
1026.64,0.102255
1412.39,0.141188
936.677,0.0936666
1373.31,0.137005
2528.32,0.25267
1561.05,0.155901
833.406,0.083294
1126.02,0.112511
638.192,0.0638165
1953.55,0.194567
2588.93,0.258373
854.436,0.0853608
1793.29,0.179164
1414.08,0.141317
1486.27,0.148186
752.225,0.0752194
817.445,0.0817231
1155.19,0.115503
582.371,0.0582262
2290,0.228895
1454.14,0.145281
2173.04,0.217183
679.554,0.0678711
1111.79,0.111142
951.567,0.0949282
1441.75,0.14403
1453.31,0.145318
875.515,0.0875474
1359.91,0.135916
794.213,0.0794017
723.278,0.0723246
965.048,0.096475
1286.51,0.128612
1110.84,0.111069
1520.08,0.151787
1118.24,0.111816
3078.81,0.307618
1007.87,0.100777
895.095,0.0894743
1574.29,0.156991
1225.27,0.122492
3160.46,0.315804
2623.39,0.262283
1174.21,0.117264
979.686,0.0979344
1420.25,0.141971
2163.35,0.216055
1602.61,0.160007
3741.76,0.374101
1000.61,0.100035
887.386,0.0886136
1637,0.163305
1047.26,0.104714
1155.58,0.115343
1677.07,0.167621
1068.11,0.106781
1016.41,0.101628
1507.46,0.149936
2061.22,0.206023
1084.52,0.108212
670.655,0.0670539
1784.19,0.177743
1193.66,0.119331
1131.49,0.11297
514.039,0.0514014
1164.64,0.116438
976.621,0.0976557
947.033,0.094691
981.269,0.0981108
1013.17,0.101269
1929.21,0.1929
1382.89,0.138263
8391.1,0.837165
2419.19,0.239679
1829.69,0.182952
1931.83,0.193146
1301.5,0.130134
1619.36,0.161886
924.549,0.092443
1065.43,0.106521
1094.17,0.109128
1230.07,0.122902
1424.23,0.142329
1947.87,0.194669
1079.27,0.107917
847.388,0.0847036
563.432,0.0563294
695.812,0.0695802
1640.15,0.163974
2235.04,0.223329
924.37,0.092399
820.259,0.0820034
1420.86,0.142036
1467.29,0.146676
864.997,0.0864392
2431.66,0.241863
833.145,0.0831781
2205.47,0.22003
2087.99,0.208661
527.592,0.0527394
1815.21,0.181121
1312.41,0.131164
1000.87,0.099467
2401.63,0.240076
1363.07,0.128341
1146.76,0.114628
1310.8,0.131068
1285.86,0.128468
1633.7,0.163195
1631.7,0.163112
623.201,0.0623036
856.414,0.0856367
859.027,0.0858706
1151.16,0.11239
5843.76,1.20616
2854.39,0.285332
4108.71,0.410832
1546.3,0.154558
1168.36,0.116768
1561.23,0.156017
1136.62,0.113643
3663.41,0.418238
675.146,0.0674542
1411.85,0.139451
1100.37,0.11002
1975.48,0.197216
1747.71,0.174662
1178.11,0.117738
1362.36,0.135808
1030.75,0.103066
856.951,0.0856372
1923.59,0.192218
998.9,0.0998843
1393,0.13914
1897.84,0.189312
1243.26,0.124252
2292.94,0.226771
1014.42,0.101378
3299.67,0.32966
1245.21,0.124341
1344.12,0.134367
1598.75,0.15986
890.393,0.0890159
1904.57,0.190339
2043.81,0.204366
812.697,0.081251
564.899,0.0564743
1243.72,0.124327
1606.52,0.160542
1377.93,0.137773
967.07,0.0961433
1708.67,0.17081
1659.93,0.165942
1009.11,0.100596
2827.21,0.282585
1472.04,0.14719
1021.71,0.102119
1468.5,0.146829
803.7,0.080293
1052.46,0.105241
1505.26,0.150478
1167.28,0.116605
2499.2,0.249346
1164.23,0.116339
1847.01,0.184653
826.511,0.082644
6431.28,0.642666
3510.55,0.350998
5154.48,0.508866
2229.81,0.222669
727.865,0.0727818
1192.1,0.118987
962.687,0.0962577
1006.08,0.100572
901.913,0.090179
620.65,0.0620598
1027.28,0.102721
1343.51,0.134332
1404.59,0.140412
1226.11,0.122287
653.853,0.0653459
1930.63,0.192942
1269.41,0.126917
943.547,0.0942954
1955.61,0.195516
875.163,0.0874883
640.106,0.0639832
1391.73,0.139109
1881.65,0.188082
2139.52,0.213829
877.537,0.0876891
906.071,0.0905848
1305.84,0.130557
1172.37,0.117202
1385.51,0.13832
1009.63,0.100842
1583.36,0.158248
2040.51,0.203662
996.164,0.0995921
1228.94,0.122573
889.543,0.0888905
1127,0.112691
1192.77,0.119272
1955.11,0.19542
625.79,0.0625742
848.171,0.0847444
931.925,0.0930645
970.251,0.0953542
1947.89,0.194481
1177.86,0.11771
1413.24,0.141296
808.013,0.0807998
1026.21,0.102504
1817.79,0.18175
788.682,0.0788599
3005.17,0.300236
1894.21,0.189347
1066.2,0.106559
1015.73,0.101541
951.501,0.0945309
912.451,0.0912313
2149.93,0.214891
1225.26,0.122242
819.051,0.0817873
1386.48,0.138504
913.965,0.0913814
681.816,0.0681717
2234.68,0.223225
2749.19,0.274841
1730.42,0.172967
1454.62,0.14542
753.869,0.0753833
883.652,0.0881514
1613.37,0.160474
1513.49,0.151336
1175.88,0.117576
3428.62,0.34276
1015.85,0.101553
797.468,0.0797449
896.767,0.0896269
1328.99,0.13199
960.018,0.0959954
1494.97,0.149378
725.482,0.0725246
1889.47,0.188856
856.033,0.0855973
5692.92,0.568846
913.322,0.0913293
3601.91,0.359881
1477.04,0.147562
641.601,0.0641264
1176.34,0.1176
1297.72,0.129562
1221.54,0.122108
905.335,0.0904281
1097.01,0.10961
698.699,0.0698294
718.979,0.0718862
465.158,0.0464795
1178.13,0.117709
1160.78,0.115998
897.995,0.0897794
1001.11,0.0995522
429.28,0.0428907
4023.97,0.402311
787.407,0.0787192
713.691,0.0713458
1874.84,0.187433
18557.1,1.84861
733.027,0.0732507
644.276,0.0644266
1197.53,0.119726
1104.55,0.11041
945.209,0.0945177
1270.9,0.12701
884.503,0.0884326
1198.1,0.119602
2215.05,0.221206
1191,0.118611
1341.15,0.134097
715.028,0.071465
668.157,0.0667858
1104.77,0.110456
1153.55,0.115351
2005.33,0.199039
910.893,0.0910392
1332.91,0.131466
2218.65,0.221771
1098.06,0.109781
948.488,0.0948213
1392.87,0.139199
2599.99,0.259247
1352.09,0.135185
1361.64,0.136009
1433.75,0.0964328
700.057,0.0699916
1030.29,0.100237
1547.31,0.154492
5323.5,0.531576
1236.55,0.123376
2261.99,0.226093
2738.99,0.273688
3774.29,0.377357
1468.31,0.146804
986.044,0.0985744
1453.91,0.145036
1115.68,0.111545
4487.09,0.448135
848.693,0.0848243
1360.28,0.135954
1426.18,0.14233
976.693,0.0973966
1073.74,0.107204
705.863,0.0705742
847.711,0.0847568
5294.14,0.527203
5553.7,0.555185
1531.9,0.152903
706.626,0.0706461
810.961,0.0810505
952.738,0.0951509
465.513,0.0465401
1298.04,0.129754
664.318,0.0664277
3100.29,0.309225
3223.64,0.322204
1603.99,0.160084
485.321,0.048528
1791.79,0.17913
1000.79,0.100018
731.926,0.0731731
847.485,0.0845236
1802.98,0.180246
1038.35,0.103809
997.013,0.0993833
1343.71,0.134183
1819.12,0.180573
1358.97,0.13585
869.118,0.0869041
1401.93,0.140161
1554.43,0.155365
1605.71,0.160262
1714.84,0.171424
1712.92,0.171278
1278.18,0.127792
977.722,0.0977622
2019.66,0.201898
1144.3,0.114328
1121.57,0.112127
1745.94,0.174419
2110.79,0.210994
722.548,0.0722356
2523.93,0.252338
1125.96,0.111563
793.221,0.0792711
896.959,0.0896753
1140.05,0.113977
8452.7,0.84319
419.503,0.0419363
925.044,0.0924942
872.216,0.0869485
820.05,0.0820017
2192.37,0.219125
569.585,0.0569537
2613.05,0.260902
1146.17,0.114371
1015.1,0.101494
1041.87,0.104174
3265.18,0.326357
2205.94,0.22047
1354.56,0.135407
820.829,0.0820209
1272.89,0.127247
1327.18,0.131611
1820.58,0.181705
993.726,0.0992349
3009.13,0.300468
1104.02,0.110308
1032.5,0.103231
1117.22,0.111466
1053.36,0.105231
574.098,0.0574093
658.859,0.0658497
814.876,0.0814784
887.415,0.0884658
831.238,0.0830855
2006.86,0.200608
2054.24,0.205373
1585.01,0.158258
1307.94,0.130774
939.929,0.0939881
1694.02,0.169016
755.502,0.0754432
1823.02,0.182159
881.509,0.0881419
2392.03,0.239097
967.755,0.0967727
3111.87,0.310918
1652.98,0.165172
931.403,0.0931144
1188.2,0.118789
1334.68,0.133392
3012,0.300793
1743.07,0.174029
4567.66,0.45481
4392.25,0.439174
782.604,0.0782457
1042.83,0.104281
5067.77,0.506482
1542.57,0.154206
988.733,0.0988473
775.755,0.0775163
1845.23,0.184454
1263.31,0.126192
2329.31,0.232759
932.82,0.0932266
634.785,0.0634736
1619.75,0.161873
701.218,0.0701129
6882.93,0.687543
1679.14,0.167773
1339.21,0.133882
877.661,0.0877022
1443.51,0.144277
1024.37,0.102397
1626.93,0.162674
1760.16,0.175971
1397.59,0.139411
1243.3,0.124309
1414.01,0.141357
931.712,0.0929263
794.564,0.0794227
1644.42,0.164436
1531.05,0.153066
3483.95,0.34765
1030.9,0.103052
1381.88,0.138162
1040.87,0.100812
1075.95,0.107578
1380.23,0.137984
907.275,0.090708
805.846,0.0805791
1602.01,0.160144
1359.67,0.13469
1773.17,0.177306
1193.2,0.119295
740.397,0.0740144
782.451,0.0782377
8186.58,0.818396
736.932,0.0736391
2858.15,0.285263
1368.4,0.136701
969.914,0.0930278
1314.52,0.131211
1976.56,0.197591
1084.85,0.108472
2196.7,0.219574
2627.85,0.262698
1003.02,0.100282
1196.49,0.119627
721.071,0.0718906
941.585,0.0941413
847.078,0.0847067
1346.11,0.134571
1433.93,0.143352
1685.22,0.168236
902.725,0.0901843
1808.65,0.179045
884.046,0.088386
936.488,0.0935994
1697.63,0.169644
984.765,0.0984718
2628.35,0.261925
1485.2,0.148508
1006.36,0.100431
1383.78,0.138319
897.471,0.0897251
777.094,0.0776787
1306.18,0.13061
775.043,0.077411
1254.76,0.125467
1484.78,0.148123
1848.37,0.184779
730.464,0.0730277
879.249,0.0879002
1669.86,0.166921
2555.11,0.25532
2438.66,0.243717
1617.29,0.161704
1161.84,0.116156
1718.89,0.171826
2986.67,0.298523
1622.05,0.162178
1351.42,0.134937
2019.45,0.201883
1240.34,0.124029
1391.57,0.139152
711.244,0.0710839
1792.36,0.179231
848.793,0.0848762
805.612,0.0805061
803.655,0.0803423
2134.8,0.2134
2598.53,0.259828
776.473,0.0776038
709.052,0.070901
822.115,0.0815872
716.847,0.0716501
4013.35,0.400988
1929.89,0.192667
1077.25,0.107409
3873.2,0.38707
1812.71,0.181103
688.016,0.0687372
1455.32,0.145526
1343.9,0.134248
364.937,0.0364797
1068.5,0.106435
2291.05,0.229039
1317.9,0.131708
1250.55,0.12491
657.22,0.0657079
3809.97,0.380937
1031.29,0.103104
517.586,0.0517321
1013.45,0.10115
803.383,0.0802428
899.262,0.0898756
683.833,0.0683808
1187.65,0.118543
1795.24,0.179424
1800.61,0.179742
1919.77,0.191954
3015.61,0.301546
5598.28,0.558926
4115.56,0.411097
2028.15,0.202742
606.754,0.0604495
1861.35,0.186094
687.929,0.0687721
2278.16,0.227761
1898.08,0.189789
539.881,0.0539571
2369.96,0.236888
1093.03,0.109288
1638.3,0.163783
1188.33,0.118729
1647.59,0.164721
1404.39,0.140364
1391.7,0.13912
1180.45,0.117819
1885.5,0.188302
2144.5,0.214424
568.985,0.0566956
1357.79,0.135737
1177.19,0.117117
1418.69,0.141764
7009.01,0.700515
2339.67,0.234408
2187.86,0.217549
837.637,0.0837242
1159.55,0.115925
1532.75,0.153206
1000.27,0.100016
612.036,0.061195
1363.93,0.13616
1208.56,0.120798
8085.3,3.8565
930.452,0.0930415
683.458,0.0683427
2748.74,0.274626
1168.93,0.116869
1114.22,0.111385
847.188,0.0846568
1681.11,0.168084
647.632,0.0647619
1029.9,0.102954
1797.41,0.17972
1556.49,0.155603
1661.65,0.166066
1554.79,0.155042
787.384,0.0787341
1818.08,0.181784
1821.41,0.181828
1729.11,0.172818
2180.24,0.217511
1291.74,0.129158
1781.79,0.178148
575.147,0.0574941
850.552,0.0850305
1211.42,0.121093
1339.05,0.133893
1385.16,0.138491
838.587,0.0838361
1543.74,0.154284
1169.83,0.11692
466.461,0.0466272
1031.86,0.103122
1714.75,0.171449
310.347,0.0310321
1179.18,0.117903
1050.97,0.105036
640.414,0.0640399
1728.17,0.172562
1116.98,0.111677
2892.7,0.289212
1903.84,0.189964
3772.17,0.376803
1031.75,0.103069
580.643,0.0579888
877.449,0.0875939
938.237,0.0938136
3905.66,0.390185
828.503,0.0827618
681.109,0.0680204
1115.36,0.111516
1234.3,0.123417
1260.66,0.126
2238.27,0.223683
1196.54,0.119613
1284.27,0.128355
1769.66,0.175258
872.427,0.0872415
4409.37,1.58467
1467.67,0.146737
825.106,0.0824528
1513.31,0.151316
829.309,0.0829294
885.226,0.0885073
813.891,0.0812914
1682.43,0.16822
667.631,0.0667618
1337.69,0.133323
1069.69,0.106958
1219.52,0.121938
1119.83,0.111827
746.688,0.0745981
1072.95,0.107245
2326.81,0.232069
1958.57,0.195816
924.282,0.0924139
1103.53,0.110314
1296.1,0.129552
3365.54,0.336485
855.623,0.0855594
1231.18,0.123052
1219.18,0.121912
1654.23,0.165128
2492.61,0.249112
1378.35,0.137754
968.571,0.0961118
795.244,0.0795012
1663.88,0.166358
1214.27,0.121392
1132.78,0.113131
1897.96,0.189711
1690.65,0.169009
1475.28,0.147386
2020.99,0.202071
1006.29,0.100607
695.971,0.0692687
2667.93,0.26672
1071.64,0.107139
710.665,0.070992
1004.87,0.100439
11223.2,1.11908
858.122,0.0856743
1877.42,0.187063
1174.66,0.117448
1147.55,0.113547
982.104,0.0981914
13613.6,1.36068
2040.43,0.204003
1111.45,0.111087
2259.42,0.225801
1238.74,0.123865
911.877,0.0911798
979.931,0.0979198
2377.09,0.237299
1278.95,0.127696
1935.62,0.193528
1534.5,0.153266
1887.53,0.188653
592.052,0.059179
4291.76,0.428602
1224.19,0.122387
870.6,0.086691
1963.58,0.196198
1117.19,0.111624
1078.68,0.107802
1856.99,0.185678
1560.98,0.166911
5620.68,0.561759
1179.2,0.117886
1655.49,0.165518
1004.38,0.100144
2327.48,0.232662
1141.05,0.114057
543.882,0.054379
1639.28,0.163917
1206.52,0.120633
2227.13,0.222684
1130.4,0.113014
1894.4,0.189406
2337.42,0.233648
2627.41,0.262455
2143.96,0.214019
1371.61,0.137143
7252.84,0.723175
897.281,0.0896159
889.161,0.0889129
847.151,0.0846831
1909.2,0.190903
972.94,0.0970928
2432.41,0.243152
1974.57,0.19668
2361.78,0.23609
1159.03,0.115872
4144.73,0.414393
1508.65,0.150744
686.62,0.068638
1152.33,0.11506
1338.57,0.133549
1417.2,0.141627
792.502,0.0792137
751.286,0.0751175
2317.05,0.231695
697.405,0.0696925
659.892,0.0659804
945.482,0.0945017
1902.99,0.190171
915.24,0.0915204
1034.05,0.103268
1217.87,0.121578
1021.25,0.102081
1004.26,0.100303
888.552,0.0888445
749.367,0.0747261
969.801,0.0969436
841.711,0.082558
3492.54,0.349123
2429.1,0.242829
11066,1.10504
1407.28,0.140288
1333.34,0.131328
1384.68,0.138421
1440.53,0.144044
2482.36,0.248154
883.824,0.0883474
1072.5,0.107246
866.887,0.0865354
2731.59,0.27294
1438.08,0.143745
831.691,0.0831464
1437.5,0.143086
1173.51,0.117175
1265.93,0.126579
1064.55,0.106443
717.256,0.0717238
1061.08,0.106085
1059.43,0.105916
527.208,0.0526639
1257.4,0.125669
902.657,0.0902012
2283.68,0.228296
708.959,0.0707818
2172.39,0.216841
1308.85,0.13088
1021.22,0.102032
4469.36,0.370085
1080.91,0.108022
941.704,0.0940924
703.097,0.0703067
627.501,0.0627478
1777.13,0.17765
1458.93,0.145849
1895.62,0.189401
2200.66,0.21972
1386.75,0.138656
1317.19,0.131669
805.277,0.080432
2491.24,0.248976
2547.52,0.254652
3004.97,0.299874
1363.28,0.135683
1528.82,0.151925
1059.53,0.105915
651.171,0.0650025
895.937,0.0895632
914.846,0.0914668
998.948,0.0997917
1121.17,0.112098
948.492,0.0946511
1017.39,0.101721
990.448,0.0982441
1174.29,0.117363
1089.34,0.108898
917.526,0.0916817
813.751,0.0813589
853.157,0.0853045
918.195,0.0917683
1319.9,0.131979
1217.25,0.121691
2201.18,0.220086
562.251,0.0561862
1421,0.142078
3538.71,0.351641
1662.28,0.162841
2129.04,0.212842
1345.27,0.134495
2742.35,0.273817
1162.37,0.116222
1392.11,0.139116
886.679,0.0886302
1326.7,0.132657
1258.56,0.125832
1556.72,0.155483
1385.55,0.13833
817.715,0.0817676
818.564,0.0817811
1365.98,0.13659
930.41,0.093035
619.239,0.0619164
1109.09,0.110881
5247.91,1.19785
1484.35,0.148425
1763.94,0.176314
1644.07,0.164381
1053.66,0.105349
911.671,0.0911479
1188.54,0.118839
1683.76,0.168338
2701.49,0.269813
1927.31,0.192551
1116.57,0.111644
616.219,0.061618
2516.44,0.250899
972.934,0.0972676
1963.24,0.196206
1680.53,0.166781
1234.48,0.123368
945.249,0.0943916
815.686,0.0815407
1305.58,0.130507
1387.07,0.138692
1394.8,0.139411
1247.79,0.124764
928.957,0.0928611
1198.95,0.119806
776.374,0.0776089
1439.63,0.143953
1200.56,0.120027
631.337,0.0630596
787.305,0.0785284
3139.51,0.313393
696.201,0.0695876
1498.7,0.149821
1657.48,0.165595
1764.59,0.176035
1510.8,0.151072
1311.85,0.131149
2505.14,0.250477
669.425,0.0667858
1165.37,0.116533
988.48,0.0987976
1698.93,0.16988
1297.2,0.12946
1358.88,0.135808
1194.06,0.11928
1696.95,0.169649
980.883,0.0978718
4046.92,0.403853
1007.73,0.100762
1406.8,0.140607
1154.77,0.115475
1844.99,0.184457
938.094,0.0937188
464.17,0.0464139
1153.5,0.115322
1390.48,0.138993
693.74,0.0693569
1200.24,0.119909
1153.75,0.115239
699.537,0.0698804
1673.45,0.167038
13323.8,1.33169
881.431,0.0881319
1807.52,0.18073
854.876,0.0854745
3879.9,0.386872
1796.39,0.179603
2614.34,0.261291
790.457,0.0790035
705.89,0.0703955
864.725,0.086411
2226.4,0.222614
808.513,0.0808473
1056.05,0.105532
1555.78,0.155571
776.133,0.0776098
936.964,0.0936881
3493.21,0.348745
875.137,0.0874723
3421.64,0.341586
1725.67,0.172541
1876.25,0.187517
1388.15,0.138805
1295.54,0.128517
1131.78,0.112651
7669.83,0.765775
1412.03,0.140983
828.18,0.0826905
1250.26,0.125018
2093.33,0.209182
700.641,0.0699474
6520.71,0.651243
778.269,0.0777954
1492.17,0.149183
1265.59,0.12654
853.701,0.0853258
1546.06,0.154585
1522.52,0.152193
1210.95,0.120995
1040.11,0.104004
910.678,0.0910014
1224.68,0.122267
644.496,0.0644269
930.591,0.0928561
2331.69,0.232633
783.063,0.0774067
934.388,0.0933789
1951.85,0.194497
1533.66,0.153327
1296.04,0.129599
2044.92,0.20441
535.876,0.0535761
1969.41,0.196834
1522.11,0.151687
1090.12,0.108985
1357.63,0.135724
1826.43,0.182589
1137.32,0.113078
1926.53,0.192629
830.819,0.0830714
789.702,0.0769702
1191.07,0.118799
473.664,0.0473492
751.909,0.0750508
1028.99,0.102628
1461.01,0.146087
1194.93,0.119429
1586.32,0.15847
906.335,0.0905764
1214.53,0.121442
1413.37,0.141164
1527.68,0.152705
2120.61,0.211912
966.208,0.0965941
1134.17,0.113354
1067.45,0.106723
2249.41,0.224073
2017.08,0.201596
4663.79,0.464486
1141,0.11401
1632.45,0.163039
1734.4,0.173404
1142.73,0.114241
1093.36,0.109297
1740.61,0.173684
973.508,0.0972415
981.919,0.0981394
1494.13,0.149367
1658.74,0.165781
771.966,0.0771893
2908.11,0.290617
1864.83,0.186369
1269.05,0.126895
871.639,0.0871555
2410.37,0.240682
1019.97,0.100674
841.432,0.0840871
9760.42,0.975768
697.981,0.0697895
3016.98,0.30154
1671.31,0.167108
1279.77,0.127964
1157.99,0.115758
701.996,0.070197
2637.23,0.263415
849.387,0.0848735
2031.29,0.203102
879.662,0.0879396
1168.62,0.116816
1440.95,0.144076
1829.05,0.182719
1878.78,0.187827
1825.49,0.182498
2041.88,0.203911
1380.82,0.138051
887.983,0.0886734
1170.47,0.118247
12019,1.1974
818.435,0.0807855
926.234,0.0925989
1444.67,0.144446
2017.5,0.20174
1977.01,0.197539
950.106,0.0950095
1354.1,0.135388
1755.72,0.175546
1068.59,0.106846
1018.01,0.101674
711.733,0.0711558
1038.44,0.103839
17358.5,1.73144
3541.02,0.40615
1100.2,0.109842
589.528,0.0589115
5295.31,0.529156
1057.81,0.105759
753.775,0.0753769
998.416,0.0998062
1102.22,0.11005
3639.97,0.363556
670.203,0.0670171
745.059,0.0744776
3667.92,0.366625
20222.6,2.01362
959.562,0.0958245
899.019,0.0898713
887.267,0.0886074
1139.7,0.113951
1347.19,0.13471
1205.43,0.120529
1316.34,0.131517
1222.5,0.122225
1733.63,0.173323
777.149,0.0776948
3167.55,0.316632
929.003,0.0928756
4313.54,0.431202
1238.72,0.123837
1615.82,0.161454
1048.32,0.10482
1073.22,0.107147
2234.94,0.222707
3232.65,0.323194
977.599,0.0977389
1049.29,0.104687
1373.73,0.13735
1839.24,0.18369
926.578,0.0926442
727.73,0.0727073
655.605,0.0655077
1432.28,0.143187
2504.92,0.249153
809.741,0.0808439
1023.23,0.102312
959.307,0.0959264
1185.5,0.118545
1300.38,0.13001
5174.62,0.51691
3677.59,0.367725
1229.86,0.122763
1016.81,0.101648
1092.71,0.109255
1504.02,0.149977
2344.86,0.233332
1397.72,0.139754
3678.31,0.367485
1883.75,0.188343
1308.67,0.130839
721.645,0.0721454
2549.28,0.251714
561.068,0.0560905
1069.33,0.106706
1487.25,0.148613
1062.91,0.10627
1247.6,0.124562
646.035,0.064524
1692.88,0.169259
1300.48,0.130018
1231.14,0.12311
3419.99,0.341086
1259.95,0.125924
1339.46,0.133902
5685.94,0.565032
958.476,0.0958406
2586.36,0.258399
866.912,0.086633
750.446,0.0749526
853.191,0.0852802
1217.68,0.121761
408.965,0.040859
1811.18,0.181092
4193.86,0.415185
1495.81,0.149246
2132.48,0.212223
994.869,0.0994647
2488.67,0.248808
852.734,0.0852685
1054.86,0.105469
1180.71,0.118055
728.223,0.0728171
770.178,0.0770121
4342.36,0.433697
784.475,0.0784218
910.426,0.0891957
886.976,0.0886698
5267.15,0.525937
1673.08,0.167201
686.865,0.0684641
819.241,0.0817712
4922.68,0.491823
1118.34,0.11179
1341.52,0.134124
1553.59,0.155252
782.528,0.0780725
1873.67,0.187345
1603.02,0.160069
450.447,0.0449776
988.762,0.0988664
857.031,0.0856806
789.055,0.0788903
1735.35,0.173481
1973.29,0.19726
1008.49,0.100801
1157.71,0.115638
933.126,0.0933027
1486.37,0.148559
1137.08,0.113701
5969.5,0.596324
737.384,0.0737269
931.238,0.0930732
1356.51,0.135612
1734.81,0.17344
1494.73,0.149445
934.186,0.093372
2456.32,0.24557
557.996,0.0557853
788.669,0.0788209
955.814,0.0955181
1050.71,0.104907
957,0.095669
1997,0.199679
14468.9,1.44256
877.857,0.0876752
1678.7,0.167784
1210.39,0.120983
1436.78,0.143655
1051.82,0.105163
858.186,0.0858169
1020.67,0.102001
932.901,0.0931943
1060.9,0.106034
2346.96,0.234377
893.831,0.089365
2414.83,0.241446
852.897,0.0852822
4069.61,0.406899
745.112,0.074509
1791.85,0.179003
3411.81,0.341109
1524.66,0.152135
1336.16,0.133438
2600.04,0.259826
519.541,0.0519443
1306.58,0.130552
1023.48,0.10233
1375.3,0.137244
1224.05,0.121575
1087.87,0.108771
1246.82,0.124636
1642.46,0.164202
800.474,0.0800079
923.409,0.0922959
1277.36,0.127597
919.828,0.0919545
1822.99,0.182163
1306.85,0.130679
2582.58,0.258114
3953.06,0.394699
653.044,0.0652994
966.295,0.0958521
990.446,0.0988273
2280.2,0.227887
1328.3,0.13266
2152.15,0.215165
2644.42,0.264402
1291.41,0.129117
715.911,0.0715515
1782.21,0.17819
851.441,0.0851283
2015.83,0.201215
885.258,0.0882821
2801.3,0.279932
1493.61,0.149267
678.877,0.0678657
1080.31,0.10801
482.491,0.0482453
971.893,0.0971788
969.525,0.0969403
2112.41,0.211228
2186.5,0.218609
1161.64,0.116068
1398.48,0.139802
1145.18,0.114508
1447.64,0.144486
1546.17,0.154594
3140.2,0.313843
1421.37,0.142129
1987.23,0.198617
1042.7,0.104248
1570.2,0.156932
930.069,0.0928623
1657.56,0.165208
990.043,0.0989708
2645.41,0.263843
1015.34,0.101518
1225.65,0.122545
1411.05,0.140494
1305.18,0.13037
1744.76,0.174189
925.561,0.0922887
2116.69,0.211504
1519.32,0.151926
1164.77,0.116352
1485.93,0.148567
2134.51,0.213336
993.021,0.0963276
2573.14,0.257237
1373.23,0.137184
784.336,0.0783986
687.377,0.0687308
756.318,0.0755282
1554.16,0.155279
1153.16,0.115287
1775.33,0.177511
1240.18,0.123856
1829.76,0.181589
835.604,0.0835384
807.688,0.0807578
1740.9,0.174065
1086.46,0.108635
860.669,0.0854051
849.374,0.084876
1265.25,0.126518
2858.75,0.285725
2608.33,0.260783
1980.7,0.198055
2099.33,0.209857
7038.12,0.702463
1855.09,0.185218
998.86,0.0998788
1810.51,0.180999
3068.79,0.306427
1743.33,0.17428
5356.47,0.535037
3724.72,0.371952
1219.88,0.121956
1192.96,0.118983
8487.19,0.848119
942.272,0.0939031
1213.49,0.121323
848.441,0.084838
893.876,0.0891126
957.11,0.0954655
891.024,0.0890705
2097.7,0.209622
1591.42,0.159135
1360.04,0.135974
1294.06,0.12939
1195.09,0.119448
2270.03,0.226939
893.938,0.0892478
1618.69,0.161832
1016.77,0.100722
785.133,0.0785105
903.399,0.0903287
2013.86,0.201284
1472.36,0.147038
1120,0.111998
1432.5,0.142937
3818.2,0.381284
1601.88,0.160176
842.093,0.0842084
726.254,0.0726248
1500.34,0.149971
1133.2,0.113287
2023.23,0.202261
1390.35,0.138709
2205.2,0.220417
741.301,0.0741136
618.43,0.0618415
1434.97,0.143266
1503.86,0.150293
816.167,0.0808933
1843.17,0.184273
2485.66,0.248527
1370.34,0.136821
2032.31,0.203091
1265.52,0.126514
1202.34,0.120083
931.26,0.0931013
963.449,0.0962817
1660.64,0.166046
1800.45,0.179892
790.801,0.078837
1238.15,0.123799
719.677,0.0719322
1457.23,0.145703
2117.65,0.211302
1763.07,0.17622
1178.25,0.117818
1803.42,0.180241
1877.81,0.187655
5734.81,0.572703
1058.64,0.105812
1720.22,0.17199
1437.71,0.14369
3181.49,0.317969
901.835,0.090175
753.128,0.0752518
6239.78,1.40418
2785.71,0.278503
1471.95,0.147182
1508.57,0.141381
1719.57,0.171669
1137.99,0.112229
7827.88,0.779692
1306.13,0.130598
2632.83,0.263192
2256.72,0.225595
1256.53,0.125206
1716.67,0.171622
1574.51,0.157447
1098.78,0.10986
1077.92,0.107784
1064.97,0.106491
708.088,0.0707625
1056.18,0.105611
1171.76,0.117098
2478.67,0.247693
1166.32,0.116618
725.404,0.0725249
1234,0.123371
1524.69,0.152423
1053.52,0.105312
1472.17,0.147114
789.878,0.0789614
1922.17,0.192165
1472.93,0.146771
9696.14,0.968041
1528.87,0.152819
1255.35,0.125532
1040.8,0.103873
1132.92,0.113252
975.414,0.0975161
1540.36,0.153771
793.207,0.0793117
662.403,0.0662098
1791.26,0.17881
1114.8,0.111411
856.252,0.0856189
1905.85,0.186674
1440.33,0.144013
902.56,0.0902238
1323.67,0.132288
1882.19,0.188099
671.749,0.0671728
1890.45,0.188989
1569.75,0.156841
1606.8,0.160582
1010.55,0.10105
865.52,0.0865259
1237.99,0.123758
1248.63,0.124827
1125.73,0.112531
702.506,0.0702242
3003.52,0.29975
1328.9,0.132825
799.108,0.0797993
934.538,0.0923807
636.72,0.0635518
610.705,0.0610079
1985.73,0.198557
1135.54,0.113445
1069.66,0.106945
4006.43,0.400574
1203.23,0.120226
720.288,0.0718754
892.084,0.0885851
1230.79,0.122727
2149.55,0.214769
702.527,0.0702493
1117.47,0.111712
727.371,0.0727207
734.662,0.0734323
1011.81,0.101054
4354.83,0.435113
1127.42,0.112724
1312.02,0.130788
838.241,0.0837287
2098.9,0.20986
8579.89,0.856001
972.423,0.0971236
868.104,0.0866955
946.047,0.0945936
1080.68,0.108063
4588.95,0.458614
4157.27,0.414521
1825.07,0.182474
674.8,0.0671294
756.014,0.0753129
1167.3,0.116706
3627.05,0.362364
956.827,0.0953175
1183.08,0.118139
991.151,0.0988593
730.773,0.0730654
4542.44,0.454076
887.888,0.0886186
1546.98,0.154648
1167.18,0.116649
1533.14,0.15321
1055.29,0.105525
22091.2,2.20002
927.117,0.0926967
995.474,0.099483
1597.65,0.159757
1267.77,0.126755
898.721,0.0898524
926.685,0.0926528
1420.59,0.141986
804.849,0.0804307
2418.98,0.241775
1134.59,0.113434
1269.41,0.12684
977.857,0.0977626
2763.54,0.276143
5166.47,0.515235
1843.09,0.184246
1658.94,0.16771
2369.4,0.23682
935.529,0.0935277
635.916,0.063502
1791.65,0.179123
1557.82,0.15574
1714.38,0.171237
1570.66,0.157046
811.29,0.0811254
2335.6,0.233205
2972.18,0.295731
1194.98,0.119227
825.951,0.0825928
879.687,0.0875914
1365.59,0.136548
601.091,0.0601041
892.429,0.0892331
2810.84,0.281021
1344.56,0.134344
838.378,0.0838097
769.981,0.0741738
1187.04,0.118657
1288.84,0.128846
697.973,0.0697763
1538.07,0.153599
1164.72,0.116463
883.2,0.0881823
634.084,0.0633796
901.745,0.0899749
1564.5,0.156278
657.189,0.0657142
1840.7,0.184006
857.06,0.0856968
1072.79,0.107097
1336.72,0.133517
1125.15,0.112498
1323.76,0.131877
1242.89,0.124249
1003.04,0.100259
949.974,0.0949795
833.577,0.0832328
1555.12,0.155502
756.81,0.0756159
3217.17,0.321544
1187.65,0.118292
689.362,0.0689317
1017.14,0.101661
1027.85,0.102704
895.777,0.0895289
1701.68,0.170107
796.472,0.0796411
1580.32,0.157977
1066.53,0.106629
937.327,0.0936446
833.198,0.0833004
1264.4,0.126263
1677.58,0.16772
1154.03,0.11514
1220.62,0.122033
1932.7,0.192665
1494.25,0.149202
1006.36,0.100469
1135.11,0.113483
985.512,0.0985353
881.22,0.0878683
1584.92,0.158373
689.73,0.0689559
638.245,0.063777
527.716,0.052766
901.447,0.0901357
5190.07,0.518738
2950.83,0.294699
1673.28,0.1668
1237.83,0.123778
820.041,0.0819977
1252.87,0.125245
744.456,0.0744383
2061.66,0.206141
2164,0.216357
1189.01,0.118456
942.51,0.0941693
1209.07,0.120749
1771.99,0.177125
2210.27,0.220261
2390.95,0.239089
1190.51,0.119008
810.174,0.0810128
1286.19,0.128575
1764.28,0.17626
1436.02,0.143534
1569.62,0.156765
1059.55,0.105949
1801.97,0.179696
1058.34,0.105808
776.084,0.0776041
652.789,0.0652028
1007.9,0.100771
7625.33,0.760935
1296.96,0.129682
325.993,0.0325789
1409.28,0.140894
1151.51,0.115135
1463.72,0.144962
1528.31,0.152783
1052.86,0.105227
5151.65,0.513454
1289.9,0.128718
503.65,0.0503644
3222.76,0.312741
1098.85,0.111347
2586.59,0.258064
2154.74,0.215371
1165.37,0.113163
1114.43,0.111427
867.89,0.0867848
3240.54,0.323994
1592.64,0.159259
4183.53,0.417906
739.457,0.0739287
773.003,0.0772147
809.845,0.0809661
1711.04,0.171015
4656.11,0.464685
1399.65,0.139626
960.582,0.09604
2617.89,0.261536
1025.58,0.102539
1666.45,0.166577
1949.07,0.194858
1051.08,0.10509
1254.33,0.125423
1414.38,0.141356
1796.61,0.179405
2053.51,0.205217
810.091,0.0810056
4698.36,0.469212
1553.37,0.15494
1729.87,0.17294
1510.96,0.151091
1147.63,0.114507
980.434,0.0980048
1542.13,0.154186
705,0.0694767
822.367,0.0822171
804.668,0.0803896
984.183,0.0888661
1079.12,0.107713
1511.38,0.1511
939.365,0.0939187
1048.76,0.104859
772.094,0.0771698
1028.97,0.0926825
1228.72,0.122811
792.939,0.0792514
1781.09,0.177574
1816.59,0.181635
1186.66,0.118635
1332.46,0.132407
1315.01,0.131373
1054.44,0.10543
981.411,0.0980227
992.913,0.0992191
1186.57,0.118647
927.092,0.0926982
2695.36,0.26931
629.585,0.0629161
1072.06,0.10715
3716.76,0.371069
839.633,0.0836152
1222.19,0.122107
1032.99,0.103276
1679.5,0.167886
2840.76,0.283733
1428.63,0.142655
2930.62,0.292975
889.302,0.0889161
1285.69,0.128482
818.544,0.0818296
1140,0.11396
898.855,0.0898383
1720.36,0.17196
603.091,0.0602377
671.162,0.0670615
1479.33,0.147832
1009.41,0.100792
1415.77,0.14142
1855.1,0.185472
1277.18,0.127699
757.603,0.0757532
1862.2,0.186017
1872.2,0.187153
2770.37,0.276538
982.089,0.0980821
1071.21,0.10671
9499.82,0.945802
945.525,0.0945467
2047.05,0.204501
1043.2,0.104296
807.779,0.0807554
753.161,0.075274
1154.76,0.115408
1019.38,0.10064
1043.29,0.104217
739.633,0.0738738
480.046,0.0480025
1386.75,0.138667
838.416,0.0838193
2881.2,0.287993
1304.74,0.130451
1460.78,0.146048
1508.43,0.150827
737.622,0.0736839
867.395,0.0866807
623.599,0.062323
885.79,0.0885556
2238,0.223755
1057.53,0.105693
1367.01,0.136665
1868.17,0.186765
1303.09,0.130259
929.681,0.0929646
2196.77,0.219571
961.972,0.0961871
950.654,0.0950498
826.746,0.0826602
644.327,0.0644264
1775.28,0.177462
1376.69,0.137631
967.101,0.0967049
1739.13,0.17388
2517.82,0.251634
858.99,0.0857382
862.919,0.0862566
1272.23,0.127098
803.084,0.080296
1173.02,0.117279
5711.44,0.570228
762.187,0.076212
1236.63,0.123623
2607.51,0.260653
640.539,0.0640506
1399.29,0.139853
1640.21,0.163996
1024.96,0.102332
1071.21,0.106707
600.306,0.0599806
883.083,0.0883003
2217.56,0.22169
1771.17,0.176712
2511.07,0.250037
1417.23,0.1417
947.967,0.0946947
1308.73,0.130709
1901.69,0.190093
1097.29,0.109698
1188.12,0.118734
882.291,0.0881779
773.952,0.077286
1388.64,0.138438
1732.18,0.17319
1058.36,0.105827
1986.92,0.198682
1057.56,0.105713
15202.3,1.51544
1532.97,0.15323
2868.17,0.286722
1108.31,0.110765
900.641,0.0900361
4698.35,0.321637
655.304,0.0655203
1392.33,0.139223
825.519,0.0825302
13587.1,1.35407
704.609,0.0704045
1484.85,0.148393
990.844,0.0990451
5377.29,0.537221
988.453,0.0988358
1035.54,0.103415
1029.43,0.102938
997.292,0.0996856
10344,1.03425
387.011,0.0386802
1501.74,0.150006
820.588,0.0820376
1059.45,0.105914
1923.94,0.192305
2464.83,0.246474
1738.77,0.173814
1681.75,0.16812
1145.99,0.114577
1824.74,0.182382
1803.82,0.180366
1096.78,0.109664
1358.83,0.135871
583.223,0.0581351
1048.66,0.104843
1020.32,0.10201
1336.55,0.133649
717.887,0.0707096
2501.7,0.244256
1309.83,0.130892
539.22,0.0539107
1001.11,0.0999675
820.769,0.082074
3200.75,0.31973
2302.35,0.230146
9502.47,0.947859
1088.98,0.108671
2523.93,0.252293
1093.23,0.109088
1332.8,0.133262
921.926,0.0921889
1215.95,0.121356
1042.08,0.104184
1886.75,0.188628
972.202,0.097206
984.537,0.0983389
584.887,0.0584851
1621.47,0.16199
978.339,0.0978191
813.031,0.0811993
1735.93,0.17328
1286.3,0.125847
1616.13,0.161284
1555.56,0.155472
1214.13,0.121371
2897.25,0.289598
1118.04,0.11071
1466.43,0.146609
1583.34,0.158302
2017.77,0.20107
2069.46,0.206933
855.475,0.0855355
1250.26,0.110604
1998.85,0.199787
969.138,0.0969043
1107.77,0.110761
1431.29,0.143094
4951.18,0.493545
1420.59,0.142051
1728.19,0.1728
1267.91,0.126766
1987.06,0.198658
2154.44,0.215434
838.389,0.0838067
672.412,0.0671933
1233.59,0.123307
2421.22,0.241439
1330.82,0.132737
897.098,0.0896904
1160.8,0.114075
1105.06,0.0934605
967.085,0.0966805
1228.56,0.122792
1392.82,0.139263
1523.66,0.152312
1320.25,0.131966
651.374,0.0650593
950.387,0.0949913
2384.24,0.238309
1422.79,0.142252
1342.44,0.134227
707.171,0.070708
724.713,0.0724602
1115.22,0.111488
1085.45,0.108532
1158.4,0.115804
2124.39,0.212221
1876.42,0.187554
759.059,0.0757122
1022.82,0.102224
1404.27,0.14008
2088.43,0.208805
1163.78,0.116312
1650.64,0.164997
1031.8,0.103119
1185.46,0.118535
2283.23,0.227876
1350.55,0.134934
1060.01,0.105993
1318.56,0.131808
1511.91,0.15117
1764.26,0.176405
1488.2,0.148543
1503.1,0.149336
3894.03,0.387997
1112.85,0.11128
2685.83,0.268366
708.438,0.0708323
660.326,0.0660227
920.464,0.0920428
1322.23,0.132016
1748.79,0.17483
2023.05,0.201793
1219.59,0.12182
1103.48,0.110274
1020.15,0.101939
767.561,0.0767479
915.309,0.0914964
1611.77,0.161054
1999.7,0.199613
862.621,0.0862351
8146.55,0.814129
1383.9,0.138303
2060.38,0.204778
1208.16,0.120712
2231.63,0.222516
1116.85,0.111563
5729.22,0.572586
947.995,0.094673
3125.26,0.312345
1261.06,0.126002
2204.54,0.22023
1062.54,0.106047
2209.39,0.220828
590.181,0.0590172
579.09,0.0578985
836.509,0.0836449
990.79,0.0990438
1709.64,0.167223
2083.99,0.208379
2401.14,0.239869
4165.84,0.416104
915.787,0.0915615
1120.36,0.111916
614.437,0.0614149
2158.32,0.215662
1496.12,0.149572
1231.07,0.123086
504.629,0.050113
1116.62,0.111633
3232.2,0.323186
1160.61,0.115839
1716.92,0.170455
924.077,0.0923908
2937.61,0.293634
1040.26,0.10381
3627.53,2.26331
1374.26,0.137385
956.342,0.0956176
873.114,0.087232
941.198,0.0940722
1930.36,0.192918
2323.84,0.232056
1367.34,0.136711
1099.95,0.109921
727.793,0.0725693
1202.36,0.120211
788.891,0.0787712
639.823,0.0639436
3636.75,0.362333
1217.99,0.121792
1696.64,0.169624
1886.62,0.188566
1251.12,0.125082
830.891,0.0830799
1715.43,0.171514
1231.79,0.12315
1471.68,0.147129
2259.53,0.225922
1740.91,0.174035
3716.25,0.371418
808.165,0.0808016
1669.88,0.166961
888.95,0.088729
1294.81,0.129413
1425.91,0.142554
718.717,0.0717569
1147.64,0.114725
1089.62,0.108357
1768.86,0.176863
1928.71,0.192837
684.083,0.0683951
872.969,0.0869864
1030.82,0.102951
3355.18,0.335177
2466.22,0.239525
4499,0.44964
1107.03,0.11066
2292.4,0.229144
3165.72,0.316513
758.095,0.0757804
715.873,0.0715323
2175.32,0.217461
1658.88,0.16576
696.197,0.0694819
527.845,0.0527834
1734.68,0.173384
1002.23,0.100219
811.467,0.0810167
1657.31,0.165724
1843.49,0.184292
3379.44,0.33772
869.489,0.0869155
867.119,0.086644
890.913,0.0890397
990.608,0.0990094
2129.63,0.212785
839.513,0.0836037
3070.01,0.306745
1026.79,0.102653
938.452,0.0938354
1884.76,0.18845
1577.08,0.157695
780.502,0.0780404
827.496,0.082747
3607.17,0.360542
980.26,0.0980087
2041.39,0.20412
1766.73,0.176634
666.446,0.0666181
1999.84,0.199935
1193.08,0.119305
933.071,0.0932972
1096.07,0.109577
911.97,0.0911867
1102.21,0.110154
824.044,0.0823971
1937.77,0.193659
2253.52,0.225252
643.46,0.0643188
957.078,0.0956926
5003.69,0.49967
1967.31,0.196356
3331.3,0.331736
809.609,0.0809119
934.248,0.0932393
885.1,0.0884673
710.43,0.0710261
1239.64,0.122662
1793.61,0.179334
1419.71,0.141965
637.474,0.0637281
1122.51,0.112231
836.787,0.0836714
1443.67,0.144331
1355.46,0.135501
1490.1,0.148936
963.202,0.0963018
2807.89,0.280621
1452.55,0.145116
2342.76,0.234215
892.268,0.0891268
2081.39,0.208038
1071.48,0.107118
1542.06,0.154193
999.304,0.0995636
1844.1,0.184372
1088.77,0.108875
833.741,0.083324
5674.67,0.562347
1494.99,0.149478
1416.09,0.141595
769.766,0.0769147
1059.85,0.105926
1376.5,0.137637
679.588,0.0677972
1159.5,0.115928
1500.24,0.149977
1259.41,0.125894
969.626,0.0969368
1020.81,0.101996
1899.26,0.189876
1026.42,0.102291
915.896,0.0915844
3646.35,0.364469
2545.31,0.254386
1336.26,0.133591
1827.16,0.182296
1609.54,0.160617
796.428,0.0795895
1556.04,0.155481
1162.27,0.116205
1981.46,0.198046
1197.3,0.119725
1485.44,0.148534
1181.18,0.117851
841.633,0.0841594
941.878,0.0941811
1724.09,0.172362
1948.22,0.194609
1949.98,0.194939
29326,2.91372
2534.35,0.253392
984.715,0.0984198
487.576,0.0487515
1387.37,0.138718
1017.22,0.101111
1368.71,0.13643
1835.3,0.183492
2589.34,0.258884
1447.03,0.144597
1008.72,0.100861
1892.26,0.18908
1970.46,0.19681
2649.98,0.26496
1250.79,0.125011
1124.65,0.112438
1413.26,0.14131
5679.22,0.565883
934.467,0.0931793
762.236,0.0760986
1802.56,0.180209
8813.49,3.54394
942.199,0.0940722
602.328,0.0602228
2608.75,0.260655
881.864,0.0881325
1554.1,0.154948
1102.78,0.110267
742.317,0.0742218
1368.29,0.136792
2846.53,0.284421
1271.97,0.127168
1190.28,0.118903
1471.75,0.147154
1221.78,0.122145
1056.39,0.105629
594.781,0.0594774
1079.39,0.107928
3515.18,0.351358
1469.11,0.146903
884.613,0.0884584
1150.84,0.115002
1775.75,0.177129
2319.48,0.231822
1879.08,0.187844
1188.99,0.118613
14993.2,1.49842
1315.79,0.131562
2176.64,0.21701
2342.87,0.234206
1093.77,0.109223
1241.58,0.124034
4414.25,0.441305
910.302,0.0910167
1069.57,0.106946
737.154,0.0736977
1171.11,0.117055
1594.93,0.159406
876.226,0.0876048
2354.39,0.232757
1745.87,0.174523
2022.38,0.202111
779.554,0.0779059
836.458,0.083639
2423.27,0.242025
1041.62,0.103848
978.564,0.0978194
1051.62,0.105127
2107.29,0.21055
994.114,0.0992544
1167.06,0.11668
2041.56,0.203656
1502.84,0.150281
2709.15,0.270792
1660.62,0.166045
1369.98,0.136955
1068.97,0.106842
888.947,0.0888691
1019.86,0.101942
1102.59,0.109498
1437.11,0.143694
1355.87,0.135579
1519.27,0.151858
658.471,0.065828
566.722,0.056666
1250.76,0.125052
975.948,0.0975778
1534.94,0.153245
1975.99,0.197492
2365.9,0.236497
1133.44,0.113311
7042.76,0.703807
7629.74,0.760791
1024.28,0.10226
1237.75,0.123754
907.993,0.0907324
1118.89,0.111868
726.79,0.072668
1199.23,0.119918
808.555,0.0808351
553.837,0.0553596
912.075,0.0911668
1204.43,0.120337
1329.82,0.132631
1670.96,0.167083
1534.38,0.153428
762.865,0.0755759
890.244,0.0889131
722.59,0.0722577
1707.53,0.145661
804.396,0.0803885
1461.57,0.145806
866.443,0.0865924
1518.77,0.151789
1701.09,0.169816
3364.93,0.336224
1101.46,0.110077
1399.59,0.141112
796.364,0.0795868
923.471,0.0920619
14708.1,1.46879
1232.96,0.122996
25355.4,2.52912
2088.71,0.208678
2067.28,0.20663
838.735,0.0838365
1110.67,0.11106
1304.12,0.130206
469.88,0.0469708
1433.67,0.143224
912.568,0.0912532
1723.11,0.172283
1803.67,0.180357
1568.21,0.156795
1272.25,0.127129
1257.9,0.124846
1188.69,0.118866
1651.13,0.165011
1674.35,0.167386
1410.02,0.140955
2249.93,0.224971
931.168,0.0931121
1167.78,0.116762
1742.55,0.17412
2999.44,0.299862
1029.36,0.102913
4294.98,0.429351
1704.63,0.166556
1077.7,0.107765
3139.36,0.313822
1259.85,0.125922
1861.66,0.186091
872.401,0.0872082
1472.09,0.14716
1844.75,0.184402
1261.73,0.126081
419.883,0.0419853
2025.81,0.202519
2970.19,0.296914
1319.69,0.131917
674.209,0.0673639
2367.07,0.236685
595.974,0.0595795
1616.5,0.161532
774.582,0.0769673
742.591,0.074179
682.136,0.0681605
1021.8,0.102174
1728.22,0.172606
1364.24,0.136363
2084.73,0.208369
1973.74,0.197345
1362.99,0.136287
3936.78,0.393461
1075.89,0.107565
790.371,0.0789108
804.015,0.0803786
1040.07,0.103977
619.05,0.0609153
1100.2,0.109943
900.453,0.0899137
693.281,0.0693214
991.528,0.098919
757.251,0.0757202
1530.1,0.150057
1087.73,0.108732
628.962,0.0627835
1970.78,0.197001
1327.41,0.132729
1199.41,0.119708
584.381,0.0584363
10456.1,1.04336
1475.07,0.106988
906.132,0.0906042
2041.14,0.204077
931.003,0.0929507
941.532,0.0941203
4103.67,0.410189
1743.51,0.174334
1867.51,0.186286
1715.58,0.171505
1761.66,0.176042
799.167,0.0798869
923.26,0.0922671
1705.19,0.170478
909.143,0.0909037
1375.17,0.137504
1159.51,0.115893
1363.35,0.136325
1917.78,0.191702
1149.88,0.114979
1721.23,0.170836
923.793,0.0923486
1823.39,0.182156
2610.1,0.260958
1456.9,0.145395
990.812,0.0990713
1024.18,0.102044
1303.33,0.130248
1024.31,0.102286
561.094,0.0560825
3493.23,0.349267
799.521,0.0799443
1135.2,0.113516
865.154,0.0864917
1117.85,0.111737
1616.45,0.161446
2240.82,0.224044
1577.37,0.157705
1155.6,0.115468
728.203,0.0728039
1039.03,0.103882
1145.81,0.11106
1837.83,0.183711
1448.37,0.144296
996.467,0.0994986
1270.39,0.126899
3124.69,0.239966
3923.51,0.391475
747.858,0.0747417
7961.87,0.795411
769.343,0.0768449
824.088,0.0822703
2164.46,0.21637
583.956,0.058385
2061.31,0.205359
985.957,0.0984808
2850.49,0.284868
4928.2,0.4921
1217.58,0.121404
1522.77,0.152228
591.159,0.0591065
879.029,0.0876063
914.589,0.0914505
926.1,0.0926061
712.669,0.0712652
1466.39,0.14663
2355.3,0.235178
1687.37,0.16866
1995.18,0.199384
2718.42,0.27168
1910.21,0.190511
785.231,0.0781952
939.602,0.0939199
1099.97,0.109594
666.993,0.0666902
4161.53,0.415918
2859.5,0.285422
1309.91,0.130946
1751.41,0.175105
1579.32,0.157929
2087.44,0.20858
1105.79,0.110518
793.596,0.0793473
1390.9,0.139085
1256.76,0.125643
1863.55,0.186304
1317.25,0.131633
598.793,0.0598524
536.164,0.0536095
990.637,0.0989252
1757.5,0.17571
1176.42,0.117541
1003.45,0.100333
5794.45,0.578569
1274.96,0.127479
3801.79,0.379972
1448.33,0.144804
743.083,0.0743055
957.727,0.0955025
1014.24,0.1014
796.99,0.0796416
1047.89,0.104703
1090.01,0.108846
1734.93,0.173459
883.722,0.0883183
1245.4,0.124235
1316.91,0.131641
3171.25,0.316808
3957.1,0.395102
1892.23,0.189125
785.492,0.0784075
508.794,0.0508647
1813.47,0.181253
1202.96,0.120138
1028.06,0.10279
761.1,0.0760815
930.991,0.0930203
830.498,0.082379
1511.65,0.151145
1809.02,0.180865
1649.75,0.164761
1424.53,0.142112
1141.11,0.114078
1067.23,0.106617
727.212,0.0727135
1932,0.193149
1086.01,0.108598
2209.64,0.220835
3550.78,0.354618
867.919,0.0867751
784.601,0.0784497
1524.23,0.152397
976.028,0.0975209
1052.92,0.10526
473.155,0.0472546
1194.93,0.119443
819.995,0.0819835
780.01,0.0778307
2010.47,0.200698
702.548,0.0691135
828.095,0.0828076
604.111,0.060392
1395.8,0.13945
937.703,0.093136
892.423,0.089238
1902.53,0.190077
1635.32,0.163514
1180.98,0.117797
3314.59,0.331279
2161.11,0.215842
1571.24,0.157118
971.714,0.0969678
712.64,0.0711094
1391.21,0.139118
1420.54,0.141988
11015,4.34001
1147.8,0.114757
1455.88,0.145508
718.561,0.0718365
1064.3,0.105753
1024.2,0.102403
7161.33,0.715579
910.425,0.0910207
28197.4,2.79878
1061.19,0.105887
1634.84,0.163411
1225.06,0.122411
1011.84,0.101088
1962.32,0.196149
831.58,0.0830103
913.157,0.0913115
1375.55,0.137527
1231.22,0.123063
1886.57,0.188533
1550.26,0.154876
1503.98,0.150394
588.581,0.0588389
1415.85,0.141549
812.21,0.0812167
853.035,0.085301
2408.34,0.240597
1867.21,0.186661
1396.95,0.139659
1507.31,0.150694
1150.91,0.115069
831.838,0.0831716
1031.42,0.103139
1233.14,0.123306
722.116,0.0721108
2348.37,0.2347
720.258,0.0719119
1245.46,0.124349
1397.81,0.139775
868.423,0.0868259
1568.17,0.156117
1289.51,0.128943
3430.81,0.341914
1693.09,0.169269
602.139,0.06019
4830.24,0.482491
928.657,0.0928498
1755.71,0.175547
889.724,0.0889565
1763.87,0.176284
2088.81,0.208825
1389.04,0.138872
912.718,0.0912616
1177.72,0.117672
563.01,0.0562754
1028.04,0.102791
1832.87,0.183195
1240.74,0.123948
1391.52,0.139126
854.029,0.0853967
965.413,0.0965121
2097.45,0.209714
3476.02,0.347237
1049.06,0.104789
1151.75,0.11516
4267.68,0.426245
1080.54,0.107872
938.799,0.0938152
3457.5,0.345369
631.477,0.0630995
1318.8,0.131827
967.788,0.0967054
1321.6,0.13212
810.098,0.0808381
713.3,0.0712977
6337.02,0.632852
1906.7,0.190573
908.898,0.0908718
1229.65,0.122908
1097.66,0.109743
902.809,0.0902264
1123.29,0.112287
2018.92,0.201288
1072.06,0.107191
1253.49,0.12531
755.539,0.0755198
2039.33,0.203903
2661.49,0.265885
851.342,0.0851088
862.079,0.0854456
4522.73,0.451411
1250.05,0.124981
1148.9,0.114707
1584.61,0.158456
1004.76,0.100447
715.066,0.071474
830.468,0.0830296
932.967,0.0932856
2407.46,0.237492
664.867,0.0664696
2066.41,0.206572
1085.22,0.108462
1029.15,0.102872
2679.94,0.267557
1241.12,0.124028
1339.15,0.133704
1230.84,0.122889
1723.17,0.172166
932.87,0.0932625
1046.02,0.104568
825.334,0.0825182
1105.67,0.110565
765.522,0.0765327
1807.6,0.180691
711.979,0.0711633
1701.7,0.169938
844.596,0.084447
1279.21,0.127919
1145.24,0.114344
2071.97,0.206957
1588.01,0.158767
804.567,0.0804455
1188.58,0.118852
1076.99,0.107639
947.809,0.0947742
1882.87,0.187941
932.809,0.0931053
967.141,0.0966829
1440.9,0.143919
1419.04,0.141262
727.968,0.0727813
1828.94,0.182747
744.337,0.0744308
1421.99,0.142158
657.926,0.0654594
991.357,0.098975
1708.34,0.170087
3519.04,0.351469
3601.17,0.359991
2600.5,0.259731
1018.43,0.101822
924.329,0.092392
1093.91,0.10935
1182.66,0.118254
1531.04,0.153076
918.848,0.0918704
947.841,0.0947335
1198.5,0.1198
1355.86,0.13549
1091.14,0.108899
1116.18,0.111555
8812.56,0.512392
1110.86,0.110822
1216.51,0.121586
2338.05,0.233689
909.199,0.09089
1097.41,0.109626
1252.74,0.125261
1481.72,0.1481
1354.5,0.135442
1332.84,0.1332
2358.89,0.23563
1503.8,0.150364
2625.51,0.262294
1480.53,0.147972
1114.37,0.111414
1444.6,0.144441
830.849,0.0830732
2658.41,0.26574
1478.55,0.147691
1482.35,0.147782
804.554,0.0804432
810.031,0.080996
865.122,0.0863973
2081.17,0.208108
974.943,0.0974597
2184.33,0.218405
1023.74,0.102364
1082.61,0.108255
10701,1.04603
718.265,0.071719
1832,0.18294
890.411,0.0878338
606.485,0.0605789
1764.09,0.176374
591.093,0.0590798
1240.74,0.123958
890.082,0.0889828
30099.3,3.00276
635.941,0.0635865
2315.85,0.230898
1483.15,0.148297
698.772,0.0698429
656.858,0.0656655
1212.81,0.121183
1624.96,0.162448
1530.19,0.152921
1123.46,0.11234
1102.94,0.10926
1124.34,0.112398
1291.81,0.128945
2540.29,0.253789
1039.72,0.103937
1879.05,0.187826
998.528,0.099787
1101.78,0.110107
1204.67,0.12046
1130.84,0.113045
1160.62,0.115991
1936.28,0.193598
