EnergyDeposit(eV),LET(keV/um)
1325.09,0.132472
1263.45,0.126187
1829.3,0.182585
875.157,0.0875005
2071.4,0.208909
775.419,0.0775392
3555.45,0.355494
1131.07,0.113102
1404.99,0.140451
1449.99,0.144939
1003.29,0.100306
2416.49,0.241626
568.539,0.0568503
13178.5,1.31317
5593.02,0.558902
983.658,0.0982109
6546.53,0.651858
2252.35,0.225182
2174.42,0.217414
1828.97,0.182791
831.045,0.0830951
1175.42,0.117356
1533.46,0.153322
469.131,0.0469088
973.324,0.0972695
576.013,0.0575988
18060.1,4.19454
611.61,0.0611055
1410.3,0.141002
1262.56,0.126081
1295.32,0.128106
671.69,0.0670714
1252.7,0.125243
19031.8,1.89809
1122.27,0.112212
871.099,0.0867426
714.315,0.0714228
1509.82,0.150978
1363.04,0.13597
1308.29,0.130775
776.913,0.0776868
1051.25,0.105115
648.143,0.0648062
1816.69,0.181596
846.633,0.0846586
1004.38,0.100424
1097.18,0.109642
967.774,0.0967536
2756.43,0.275542
1913.31,0.191262
971.997,0.0970528
1941.82,0.194111
651.731,0.0651578
659.593,0.0658445
738.794,0.0738736
4259.46,0.425123
1744.24,0.174393
1737.95,0.173696
1846.63,0.184648
1296.44,0.129628
1352.44,0.134982
3523.33,0.351889
1720.09,0.171985
921.921,0.0921372
2511.21,0.250939
1451.87,0.145151
706.651,0.070646
925.885,0.0925636
1041.6,0.104153
1696.38,0.169491
1017.26,0.1017
582.791,0.0582265
827.842,0.0827661
1059.86,0.105975
1497.16,0.149708
769.942,0.0769787
31148.6,3.10995
713.553,0.0713449
788.642,0.0788398
1237.59,0.123619
1835.69,0.183521
1332.82,0.133254
1268.11,0.126776
2222.42,0.222127
1123.31,0.112202
2152.73,0.215241
806.843,0.080639
1435.93,0.14339
2004.56,0.200425
1269.27,0.1269
726.503,0.0726332
1256.96,0.125687
995.544,0.0995293
829.602,0.082957
1864.14,0.186315
2150.31,0.215015
7167.39,0.7098
1380.26,0.137971
2262.27,0.225963
2031.59,0.202857
8565.29,0.855889
1507.51,0.150733
1963.07,0.196265
3002.49,0.300163
989.9,0.0989489
1222.17,0.122214
4288.67,0.428394
678.042,0.0677634
957.173,0.0956709
1375.86,0.137527
1323.92,0.132264
1148.31,0.114803
539.752,0.0539435
1041.16,0.104101
882.681,0.088223
991.13,0.0990964
1976.89,0.197543
659.969,0.0659952
1125.87,0.11249
1582.31,0.158085
4296.08,0.429412
1449.29,0.144897
2765.07,0.276424
2799.22,0.279649
1086.78,0.108625
1229.53,0.122944
2580,0.257693
665.867,0.0664735
1860.42,0.185902
2045.51,0.204532
467.537,0.046739
4100.22,0.409388
2957.09,0.295632
1130.33,0.112767
1317.24,0.13161
1249.44,0.124299
664.713,0.0664515
1087.96,0.108787
948.47,0.0948286
2002.37,0.200129
942.331,0.0942314
975.69,0.0975664
1513.37,0.151324
2319.02,0.231679
2058.9,0.205636
1414.56,0.141206
716.486,0.0716087
3284.16,0.328708
966.77,0.0966709
881.002,0.0880229
2936.68,0.293394
1318.44,0.13178
1539.52,0.153926
6343.87,0.633147
719.334,0.071915
2125.96,0.212532
1408.06,0.140779
876.697,0.0876593
3792.11,0.37846
896.501,0.0891885
832.817,0.0831783
3586.14,0.358174
844.453,0.0861338
984.542,0.0984502
835.873,0.0835257
1440.02,0.143966
1534.44,0.153353
2063.18,0.206235
2350.92,0.234945
1405.35,0.140365
2304.25,0.230338
1398.46,0.139834
1082.1,0.10813
981.589,0.0981417
682.181,0.0681773
2643.52,0.264301
1255.05,0.125486
1995.47,0.199393
1017.67,0.101714
2344.96,0.234287
933.366,0.0933049
2193.42,0.219325
1112.83,0.11127
3228.3,0.322588
3348.84,0.334791
2208.23,0.220759
916.254,0.0915951
1153.37,0.115293
1395.25,0.139388
1140.72,0.114019
1666.2,0.166537
1464.03,0.145723
1051.3,0.105093
1849.41,0.184846
787.923,0.0787768
527.558,0.0527526
1602.19,0.159901
2676.82,0.267538
809.109,0.0809078
895.612,0.0895587
1256.57,0.125647
1645.96,0.164421
1960.02,0.195979
15292.9,2.95083
1629.54,0.162497
637.943,0.0637735
1695.79,0.169112
1322.92,0.132285
857.93,0.085755
1288.63,0.128301
1232.37,0.123177
2386.85,0.237196
1858.96,0.185752
3539.32,0.353854
1120.25,0.111992
420.355,0.0420159
675.668,0.0674123
1009.25,0.100907
629.695,0.0625953
1876.67,0.187372
733.943,0.0733754
1564.89,0.156477
664.818,0.0664354
783.192,0.0783029
1062.36,0.106227
1396.66,0.139655
2431.75,0.242932
1059.43,0.158196
870.902,0.0870832
1090.8,0.109041
988.239,0.0987569
1410.24,0.141002
826.189,0.0825927
2026.33,0.202522
2645.32,0.264489
835.59,0.0834916
551.803,0.0551747
650.646,0.0650631
1249.81,0.124895
1311.34,0.130995
1889.31,0.188884
1061.1,0.106095
660.551,0.0657382
1692.14,0.169099
767.835,0.0767414
2517.43,0.251513
1192.41,0.119162
1940.83,0.194041
808.79,0.0808552
1705.67,0.170543
1579.72,0.15794
943.361,0.0943142
749.761,0.0749609
2703.69,0.27027
1924.73,0.192469
717.201,0.0716992
1701.41,0.170078
1292.56,0.129198
1552.45,0.155197
1463.75,0.146287
980.182,0.097993
1539.05,0.153388
1291.85,0.128925
1353.71,0.135342
1764.21,0.176396
944.167,0.0938965
2481.06,0.247984
1993.6,0.199316
816.805,0.0815279
7510.43,0.749647
1132.34,0.113153
2196.01,0.219185
1226.35,0.122621
1217.22,0.121717
863.936,0.0863867
1240.95,0.124018
992.563,0.0991163
433.943,0.043327
1418.34,0.141612
1438.21,0.140322
1714.51,0.171426
1461.68,0.146084
1760.54,0.175984
1131.77,0.113167
1287.88,0.128765
1101.08,0.110051
1892.7,0.189175
1202.86,0.120042
1847.94,0.184702
1490.31,0.148931
2088.91,0.208864
947.749,0.0947689
934.214,0.0933395
1032.96,0.103185
1767.54,0.176643
1908.31,0.189734
1219.79,0.121967
1025.22,0.10244
1968.64,0.196818
1321.64,0.132162
890.325,0.0888941
807.578,0.0807505
666.784,0.0666298
741.348,0.074125
1797.38,0.17971
1276.68,0.127579
1011.13,0.101078
1474.89,0.147139
10603.3,1.05801
867.977,0.0867806
804.123,0.0803749
803.833,0.0803722
27880.4,2.77461
1144.98,0.114468
1130.03,0.112945
7568.26,0.755358
1505.49,0.150203
1357.75,0.135432
1225.59,0.122434
2067.51,0.206442
1404.87,0.140238
1041.58,0.104152
856.722,0.0856681
979.034,0.0978897
693.077,0.0692922
2167.06,0.216559
491.661,0.0491475
424.444,0.0424368
1554.26,0.154964
1265.42,0.126457
702.505,0.0702492
1794.15,0.179269
1162.54,0.116133
3869.04,0.386799
1317.33,0.13168
693.587,0.0693419
1219.65,0.121783
895.802,0.0895595
708.047,0.0707793
1366.6,0.136579
1193.9,0.119372
2154.21,0.215387
1329.67,0.132099
848.164,0.0847911
1734.14,0.173392
8628.08,0.859299
1838.61,0.183806
2139.24,0.213713
1213.13,0.121303
1336.66,0.133619
541.706,0.0541609
803.814,0.0803062
719.443,0.0717906
1009.35,0.100918
613.318,0.0612931
2362.05,0.236102
2476.09,0.247577
1666.97,0.166635
963.654,0.0963518
929.497,0.0917383
1343.24,0.134314
947.184,0.094672
1654.11,0.165306
1255.12,0.125503
1658.93,0.16585
771.265,0.0771189
1343.42,0.134176
5206.18,0.520265
1430.91,0.143016
20693.1,2.04508
2180.24,0.21797
1187.14,0.118616
733.73,0.0733595
1107.19,0.1102
2361.27,0.235538
2287.45,0.228496
2221.33,0.222066
1022.02,0.102168
566.508,0.0566451
798.701,0.079701
1164.33,0.116389
1036.76,0.103603
1631.17,0.163069
931.38,0.093131
1232.69,0.12325
3476.5,0.347133
2217.24,0.221693
763.661,0.0763421
1537.85,0.153224
857.815,0.0857092
2033.15,0.202864
1149.47,0.114937
2313.91,0.231241
833.488,0.0833103
965.857,0.0965768
979.123,0.0978634
1719.72,0.171883
1334.31,0.133354
1142.44,0.114167
954.211,0.0953889
699.933,0.0699922
1721.26,0.171923
2141.03,0.21397
2279.94,0.227626
1116.93,0.111646
989.994,0.0988278
3112.51,0.31116
1351.06,0.135004
966.1,0.0966081
1184.06,0.118396
1487.57,0.14871
1091.63,0.109151
1201.62,0.120095
773.53,0.0773503
715.188,0.071493
2140.47,0.213726
2288.12,0.228279
1036.75,0.103671
1217.72,0.121735
1948.7,0.194772
2343.1,0.234227
1036,0.103586
2497.93,0.249121
962.764,0.0962617
1217.79,0.121761
2653.35,0.26528
1199.5,0.119897
1806.91,0.180679
1113.28,0.111253
1233.55,0.123343
3820.63,0.38155
648.255,0.0623129
876.158,0.0874
748.408,0.0748119
1277.31,0.127725
978.636,0.0978496
5325.11,0.53193
2158.78,0.215856
1089.7,0.108962
976.449,0.0976358
2231.46,0.223108
1741.63,0.174093
6168.89,0.61668
2002.67,0.200151
1693.35,0.169237
775.115,0.0774985
1111.04,0.111096
13527,1.35205
1447.32,0.144673
2300.41,0.229981
1358.88,0.135418
2221.43,0.222102
2392.24,0.239211
2291.45,0.228327
1128.66,0.11285
882.289,0.0882128
3116.27,0.311406
783.435,0.0783122
591.734,0.0591665
1927.67,0.192602
943.149,0.0942937
4462.1,0.445652
1207.83,0.120759
2590.8,0.25852
1502.48,0.149879
1462.54,0.146191
1091.29,0.109105
1258.76,0.125868
1839.32,0.183417
1805.22,0.180507
1464.99,0.146322
1626.08,0.162551
813.869,0.0826322
581.472,0.0580195
789.774,0.0789705
829.853,0.0829525
963.281,0.0963131
697.138,0.0697071
1368.38,0.136812
1014.25,0.10131
1961.35,0.196042
9665.07,0.964939
795.362,0.0794508
1307.58,0.130733
2249.33,0.224866
8714.21,0.866541
649.395,0.0648667
685.617,0.0683795
610.519,0.0610387
1097.61,0.10972
1091.04,0.108965
2273.12,0.226535
858.075,0.0857044
1639.06,0.157429
1752.84,0.174991
1582.3,0.158203
1363.36,0.136272
1336.61,0.133366
971.92,0.0971837
754.3,0.0754217
1329.45,0.132843
3265.51,0.326313
1762.64,0.17228
1411.16,0.141011
1886.08,0.188594
1774.64,0.177364
977.464,0.0977116
1269.17,0.12691
1224.19,0.122368
665.573,0.0664247
770.327,0.077028
1383.04,0.13828
3215.16,0.321385
1337.58,0.133635
1540.98,0.154079
1311.21,0.131068
966.287,0.0966134
1179.36,0.11787
829.294,0.0829154
2146.89,0.214584
2425.69,0.242196
898.863,0.0898824
885.047,0.0884554
5970.55,0.596641
3284.21,0.328355
1389.59,0.138898
974.187,0.0973953
1209.24,0.100717
1045.24,0.104361
789.152,0.0789084
819.392,0.0819174
1389.2,0.13875
1787.1,0.178671
855.04,0.0854588
957.655,0.0957538
683.939,0.068373
1235.03,0.123402
972.517,0.0972147
952.056,0.0951832
2984.45,0.298214
1123.41,0.112146
1331.16,0.133085
900.967,0.090073
808.525,0.0807935
1129.88,0.11295
924.739,0.0924241
924.13,0.0921166
1157.06,0.115659
1146.29,0.114615
1318.59,0.131819
1471.39,0.147072
1053.48,0.105341
1910.52,0.190966
1278.87,0.127791
1974.28,0.197205
1925.04,0.192474
2252.56,0.225236
793.045,0.0792617
1125.19,0.112507
1299.51,0.129897
4911.63,0.490279
645.539,0.0645408
942.578,0.0942296
1445.31,0.144484
1517.52,0.151707
887.118,0.0886906
8577.37,0.857096
1040.59,0.104055
2049.65,0.204829
1681.7,0.168137
2208.64,0.220786
1308.85,0.130731
583.836,0.0583682
2994.74,0.299365
835.781,0.0835637
781.143,0.0780867
2649.6,0.264867
792.812,0.0792783
2968.76,0.296693
1237.61,0.123732
2816.84,0.281633
1443.86,0.144103
1474.78,0.14744
928.438,0.092817
3482.59,0.347922
2090.44,0.208945
1310.62,0.131044
2529.84,0.252939
1881.4,0.188112
1950.34,0.194946
558.424,0.0558223
2534.6,0.252873
1503.74,0.150367
909.508,0.0909477
1185.41,0.118489
589.894,0.0589853
829.374,0.0828553
694.994,0.0694721
1465.02,0.14628
1396.1,0.139568
643.154,0.0643123
2009.48,0.200824
2116.45,0.211569
1977.8,0.197771
934.424,0.0934201
1101.36,0.110084
805.476,0.0805349
2308.19,0.230755
849.453,0.0849345
1648.55,0.164846
2063.98,0.206042
877.979,0.0876237
1443.12,0.144298
2447.97,0.244679
892.679,0.0892639
1918.56,0.191799
2158.12,0.215748
2770.47,0.276795
1249.94,0.124887
1063.41,0.10631
1106.02,0.109012
992.298,0.0991743
961.849,0.0961138
1635.93,0.163526
1015.1,0.101494
1014.71,0.101297
1000.72,0.100064
2153.73,0.215189
667.603,0.0665577
637.78,0.0637126
1244.19,0.124397
1055.2,0.105512
1931.1,0.193011
2280.88,0.227811
877.453,0.0877166
991.377,0.099048
1357.15,0.135683
1971.67,0.197116
1055.61,0.105454
1337.37,0.133715
4162.97,0.415992
4916.74,0.490649
2127.36,0.212638
1480.47,0.148
581.741,0.0581164
1038.97,0.103856
1549.3,0.154474
854.448,0.0854436
1215.67,0.121542
3404.9,0.340408
1383.44,0.138316
1060.09,0.105969
965.512,0.0965444
1732.43,0.173211
1117.93,0.111761
3890.47,0.38894
3946.79,0.394341
1295.14,0.129498
1111.02,0.111068
2048.05,0.204742
925.45,0.0924761
2195.02,0.219367
993.096,0.0992649
2671.79,0.26715
669.735,0.0669031
1039.77,0.103944
1270.72,0.127033
832.327,0.0832269
822.215,0.082201
1938.27,0.193651
4419.95,0.44175
1558.8,0.155816
634.386,0.0634167
959.557,0.0959145
716.305,0.0715827
1515.44,0.151535
1879.74,0.187941
731.668,0.0730298
1524.67,0.152394
904.136,0.0901671
1166.48,0.116378
1258.88,0.125831
798.595,0.0798309
3762.08,0.376005
3287.49,0.328694
1071.13,0.106874
2299.86,0.22963
1946.61,0.194552
1425.74,0.142449
2488.03,0.247342
2023.89,0.201902
715.239,0.0714897
1233.84,0.123131
1738.03,0.173596
1157.5,0.11574
1766.13,0.176525
1071.7,0.107145
1439.4,0.143938
2461.16,0.246015
439.751,0.0439323
1198.07,0.119804
960.626,0.0960229
1742.35,0.174122
1645.18,0.164388
2412.43,0.24085
2538.21,0.25375
902.26,0.0901432
1383.86,0.138325
1389.61,0.138931
2854.71,0.284829
999.185,0.0999095
1263.67,0.125606
876.999,0.0876865
1224.21,0.122385
979.86,0.0979159
3141.68,0.312553
1426.08,0.142366
1343.37,0.134307
817.402,0.0816841
4040.52,0.403872
1564.17,0.100102
893.792,0.0893654
1095.63,0.109558
999.131,0.0998927
2276.84,0.227561
686.465,0.0686302
912.492,0.0911233
475.392,0.0475279
983.976,0.0983575
1239.53,0.123863
292.379,0.0292302
1176.99,0.117559
1068.95,0.106878
2047.6,0.204707
2269.05,0.226703
965.484,0.0965106
1283.89,0.12833
1519.28,0.151911
920.418,0.0920301
823.644,0.0823358
1289.86,0.128784
710.678,0.0710404
1140.97,0.114093
597.718,0.0596512
1046.5,0.104631
1106.11,0.110575
3170.57,0.316871
851.679,0.0851659
1497.05,0.149502
2492.07,0.249105
468.796,0.046872
1302.23,0.130181
1204.53,0.120413
1160.4,0.116014
1259.17,0.125894
1225.9,0.122377
1106.35,0.110544
1007.98,0.100772
3553.58,0.355136
1768.88,0.176083
1062.28,0.104515
980.783,0.0980137
1600.86,0.160064
1139.95,0.11393
1071.05,0.107057
1991.85,0.199123
1006.7,0.100635
985.151,0.0984498
1129.54,0.112952
1074.97,0.107427
1360.63,0.136002
1656.59,0.165513
1053.59,0.105326
1457.01,0.145389
2526.29,0.252546
1296.74,0.129611
1179.33,0.11789
1450.82,0.145025
760.437,0.0760235
1268.32,0.126797
4364.45,0.43456
1063.15,0.106248
14297.5,1.42228
9042.08,0.901452
886.575,0.0885585
3375.66,0.336036
1452.28,0.145205
897.778,0.0897681
2743.37,0.274007
5296.27,0.528246
1761.52,0.176093
1446.16,0.144502
1491.24,0.149047
1473.72,0.147365
1374.12,0.137328
1442.43,0.144209
1647.5,0.164121
2548.96,0.254884
980.282,0.0979472
1835.48,0.183525
1027.6,0.102753
583.86,0.058385
585.102,0.0583897
2598.88,0.259667
1061.52,0.106134
960.054,0.0959493
908.181,0.090772
4945.36,0.489371
1742.4,0.174196
808.13,0.0808026
750.668,0.0750576
923.86,0.0923197
7640.39,0.763368
758.332,0.0758118
521.595,0.0521576
5692.25,0.567748
792.988,0.0792816
2168.5,0.216823
693.954,0.0693934
3051.25,0.305064
1337.13,0.133694
627.247,0.0627012
1761.59,0.176141
1028.59,0.102744
12954.2,1.29103
1340.46,0.114337
951.462,0.0950789
2254.06,0.225222
1076.55,0.107622
633.25,0.0632014
1236.07,0.123588
1398.37,0.139774
2695.44,0.268772
828.187,0.0827673
1844.44,0.182527
1187.62,0.118603
889.491,0.0888485
739.667,0.0738156
1075.87,0.107577
1205.04,0.120493
816.043,0.0815422
2238.85,0.223502
877.742,0.0876843
1124.41,0.112423
1751.15,0.175095
1324.69,0.132431
3026.81,0.301922
746.927,0.0746601
1042.38,0.104233
1529.77,0.152953
1102.09,0.110163
831.637,0.0831582
1565.67,0.155873
1046.89,0.104594
977.911,0.09777
1070.92,0.106881
1319.37,0.131913
1123.57,0.112205
3750.26,0.371844
836.399,0.0836341
3388.11,0.338136
16802,1.67801
8320.52,0.829463
980.27,0.0979571
2619.23,0.261606
1621.78,0.162041
1330.6,0.132985
3448.61,0.344607
893.473,0.0892879
521.762,0.0521682
2063.89,0.206356
1016.61,0.101565
765.662,0.0765488
1210.79,0.121064
1541.62,0.154122
1200.13,0.119872
1130.93,0.113015
1798.27,0.179642
17181.6,1.71664
935.006,0.0934652
2177.15,0.2177
3477.51,0.347733
1012.41,0.100096
1679.21,0.167885
1456.83,0.145544
1874.77,0.186312
1078.21,0.107696
1101.07,0.109974
1138.22,0.113813
843.623,0.0843047
764.088,0.0763694
2447.36,0.244466
942.152,0.093978
1711.74,0.171025
1452.74,0.145237
1567.33,0.156699
1199.69,0.119944
1568.78,0.156866
395.048,0.0394914
1244.07,0.124396
1080.52,0.108026
1042.19,0.10421
2473.65,0.24734
1506.63,0.15052
1479.72,0.147867
2138.58,0.213792
854.345,0.0854185
978.63,0.0977855
1722.09,0.172177
1121.55,0.111512
3722.36,0.372024
3558.28,0.355638
15258.5,1.51946
764.255,0.0763914
1749.17,0.174385
1246.85,0.124673
1020.15,0.0995144
1159.6,0.115824
815.106,0.0814983
4589.7,0.458266
1530.74,0.152861
958.965,0.095886
1108.38,0.110763
2367.13,0.23602
1322.3,0.132149
1109.3,0.108501
1666.24,0.1665
2082.42,0.20793
672.917,0.0672634
1620.98,0.162089
1083.98,0.108368
1096.35,0.109522
1121.08,0.112019
1583.69,0.158238
820.696,0.0820519
1125.73,0.112554
710.621,0.0710486
840.382,0.0840275
1069.93,0.102412
699.213,0.0699088
898.434,0.0898419
1035.74,0.102161
746.492,0.0744715
998.815,0.0998504
2811,0.281069
1345.33,0.134495
1647.87,0.164764
948.657,0.0948593
804.981,0.0804822
1466.25,0.146547
1464.19,0.146392
1929.79,0.192952
1209.1,0.120774
1408.93,0.140851
1080.65,0.108059
1787.51,0.178698
2269.87,0.226956
1026.08,0.102587
958.539,0.0958502
1058.56,0.105843
1611.11,0.160885
845.57,0.0843635
2151.3,0.215088
1448.29,0.14477
849.916,0.0849856
1717.01,0.171672
2445.81,0.244463
1057.12,0.105623
1806.93,0.180534
1150.91,0.115082
2871.16,0.287086
779.41,0.0778929
701.109,0.0701078
1025.56,0.102412
2834.12,0.283336
2466.62,0.246411
1453.06,0.145257
1599.5,0.159896
1222.35,0.122228
989.02,0.0987774
542.926,0.0539607
3335.59,0.333111
2197.3,0.219631
736.445,0.0721734
1018.35,0.101826
1800.41,0.17999
2233.05,0.22314
1863.11,0.18598
1746.99,0.174534
2239.95,0.223979
1175.14,0.116981
1403.43,0.140324
3210.7,0.320593
735.453,0.0735339
7481.29,0.744678
1698.46,0.169758
1318.94,0.13085
796.172,0.0795826
4759.33,0.475702
1901.93,0.190166
1299.31,0.129852
1611.74,0.161092
2304.86,0.230461
874.148,0.087301
16381.5,1.63041
2244.46,0.2244
1809.22,0.18003
597.875,0.0597657
912.193,0.0910317
773.299,0.0773133
1171.72,0.117089
1694.45,0.16907
1512.4,0.151167
2804.8,0.280355
1059.02,0.105644
1311.25,0.131026
985.512,0.0984109
1579.93,0.15797
918.767,0.0917787
584.489,0.0584432
885.643,0.088335
1225.91,0.122573
1708.85,0.170865
1700.82,0.169906
1038.09,0.103664
694.087,0.0693039
1511.39,0.151004
3169.57,0.316618
1862.7,0.186173
1624.7,0.162436
858.027,0.0857731
369.922,0.0369397
624.95,0.0624669
15070.3,1.50398
1515.21,0.150728
1397.23,0.139007
2434.74,0.243024
1164.87,0.116366
648.253,0.0648229
10071.8,0.999268
1090.75,0.109033
13341.8,1.33194
1137.35,0.113714
3155.34,0.315335
1804.69,0.180455
927.22,0.0927003
1188.82,0.118854
1331,0.133063
1331.38,0.133122
1703.78,0.170366
754.841,0.0754059
758.878,0.0755233
874.594,0.0874549
1125.23,0.112506
566.92,0.0566792
1063.55,0.106335
1946.8,0.190594
1423.24,0.142225
1908.56,0.190756
616.602,0.0616586
2162.53,0.2162
892.246,0.0891152
975.263,0.0975211
993.192,0.0991948
905.382,0.0905367
1862.65,0.186231
1215.87,0.121398
991.694,0.0991528
1788.72,0.178833
1026.56,0.102561
2284.83,0.228337
1305.67,0.130224
5992.46,0.598942
1989.08,0.19866
998.543,0.0998508
1974.55,0.197312
862.917,0.086245
847.066,0.0846419
5021.07,0.501821
1630.91,0.163082
3419.61,0.3417
2819.48,0.281712
19786.2,1.96618
773.778,0.0772871
758.175,0.0757831
1314.78,0.131335
974.873,0.0974447
1172.53,0.117236
1931.53,0.192446
1323.34,0.131106
3292.94,0.330999
834.581,0.083314
3319.62,0.324675
5859.77,0.584224
1210.88,0.121006
2598.7,0.259142
894.535,0.0894423
5344.56,0.533633
629.511,0.0629421
2954.05,0.294455
4136.21,0.413437
851.819,0.0850401
600.53,0.0600316
1464.47,0.146327
676.165,0.0676041
1280.95,0.128066
2044.84,0.204417
2110.82,0.21087
3095.84,0.309375
6837.25,0.683195
1424.72,0.142307
2641.76,0.264126
2703.07,0.270248
4247.01,0.424507
662.232,0.0662226
1484.17,0.148314
1356.54,0.135572
603.756,0.0603674
637.812,0.0637737
1218.17,0.12178
1006.33,0.100539
710.292,0.0710184
1463.05,0.146251
749.926,0.074978
2579.81,0.188525
1837.42,0.18361
1195.71,0.119476
1703.79,0.170272
3221.31,0.32205
683.463,0.0683442
1165.09,0.116413
1105.94,0.110588
1076.06,0.107569
594.547,0.0594412
796.153,0.0795151
1577.02,0.157649
1735.94,0.172786
921.661,0.0921096
1519.69,0.151916
4267.33,0.426334
1482.17,0.14811
3214.77,0.321132
2202.96,0.220186
1568.86,0.156847
1499.16,0.149858
549.128,0.0548982
952.761,0.0952147
1610.4,0.160998
1653.66,0.164144
1152.92,0.114967
717.675,0.0717417
1671.77,0.16699
852.199,0.0852059
1152.33,0.115176
422.457,0.0422025
2265.7,0.22652
707.604,0.070757
1339.15,0.13383
1306.71,0.130646
885.943,0.0885417
1011.46,0.101122
817.089,0.0816788
2052.74,0.204951
1412.65,0.141095
1731.14,0.173081
970.074,0.0970061
1351.08,0.134707
1301.86,0.13008
1974.85,0.197307
1539.42,0.153881
1143.3,0.114304
1703.85,0.170309
2117.7,0.211525
2428.65,0.242503
1018.47,0.101491
633.388,0.0633249
747.255,0.0747233
740.253,0.0740236
1311.65,0.131122
1514.13,0.151399
2022.27,0.20213
1561.91,0.156091
905.456,0.0905347
1594.26,0.159321
681.127,0.0681062
822.931,0.0822797
1706.9,0.170625
656.448,0.0656196
1792,0.179039
5101.63,0.509469
2065.29,0.206292
1145.93,0.114503
1003.97,0.100364
1155.11,0.115495
1351.42,0.135133
1897.65,0.189736
750.098,0.0749033
1648.94,0.16481
1257.55,0.125684
2405.71,0.24045
874.079,0.0873568
1821.98,0.182174
1011.64,0.101148
816.872,0.0816815
1887.65,0.188743
803.102,0.0802997
3711.77,0.370842
872.575,0.0872359
1426.81,0.142612
1844.88,0.183993
773.734,0.0773712
1105.4,0.11044
614.876,0.0614738
1325.57,0.132301
1714.69,0.171454
2545.55,0.254383
551.654,0.0551573
3210.18,0.320792
1708.14,0.170792
1896.18,0.189515
625.32,0.0619535
1531.06,0.153035
559.387,0.0559342
6161.31,0.615212
807.756,0.0805567
1525.94,0.153136
943.279,0.0943257
858.751,0.0858697
1118.11,0.111775
1621.06,0.162071
1285.05,0.128416
2814.83,0.281243
1585.85,0.158155
1659.36,0.164212
2344.95,0.234151
3321.02,0.329649
3490.89,0.348716
1037.9,0.103752
728.787,0.0725823
885.969,0.0884919
1616.86,0.161654
1042.35,0.104205
1047.5,0.104749
6607.28,0.659455
1110.27,0.110941
1920.26,0.191996
1394.93,0.139456
1277.6,0.127666
1073.98,0.107388
2312.44,0.231214
1366.06,0.136592
1062.77,0.10621
782.53,0.0782399
794.525,0.0794216
545.072,0.0544497
1317.41,0.131661
1331.75,0.131943
3005.38,0.269463
907.601,0.0905562
1031.74,0.10315
1775.47,0.177489
1272.12,0.127145
1141.12,0.113514
3360.72,0.335883
1361.12,0.135365
15366.5,1.53176
3044.41,0.304305
936.295,0.0936026
605.932,0.0605526
3063.01,0.306187
2901.03,0.290046
1692.1,0.169093
2193.9,0.219272
8110.94,0.809852
1158.95,0.11509
1623.66,0.162176
985.82,0.0984826
998.048,0.0997654
1013.12,0.101258
1248.44,0.124756
1558.6,0.148349
1051.1,0.105106
2095.93,0.209569
1046.41,0.104488
834.951,0.0832383
1641.86,0.164174
643.191,0.0642341
3434.54,0.342287
1269.99,0.126939
1509.53,0.15093
923.023,0.0922954
2513.99,0.25109
2730.26,0.272897
2587.03,0.258588
922.578,0.0920746
952.035,0.0951057
2285.3,0.222664
814.534,0.0814417
1192.52,0.11922
1325.27,0.132428
1040.64,0.104058
674.44,0.0674368
443.116,0.044294
1208.28,0.120703
1322.77,0.132254
1307.08,0.130693
1106.62,0.110644
1733.71,0.173344
1622.12,0.162181
2144.52,0.214263
3656.29,0.365441
1165.19,0.116478
1384,0.138197
1787.9,0.17875
915.548,0.091486
1071.86,0.106684
1281.02,0.127559
754.72,0.0754254
796.401,0.0796045
1180.44,0.118017
794.46,0.0794448
1248.52,0.124789
1266.23,0.126435
19130.5,1.90325
3100.55,0.309789
686.51,0.0686335
1780.72,0.177336
853.715,0.0852274
1118.76,0.111742
594.698,0.0594168
957.755,0.0942574
1290.32,0.128933
1995.52,0.199203
705.47,0.070545
787.692,0.0786155
755.417,0.0755097
2759.46,0.275825
2191.12,0.219083
1122.73,0.112048
2002.06,0.199318
8842.53,0.883247
863.39,0.0863055
1014.49,0.10144
885.958,0.0885885
1640.67,0.163994
1831.84,0.183008
1108.38,0.110705
1230.82,0.123077
938.072,0.0937826
1441.01,0.144089
831.001,0.0829965
950.41,0.0946829
3902,0.389269
1578.19,0.157811
888.648,0.0888551
713.037,0.0712776
1068.63,0.106354
1582.95,0.158254
5871.49,7.30191
1609.59,0.160919
1113.77,0.11137
1006.33,0.10062
4399.03,0.439491
5818.35,0.581237
1446.37,0.144546
1225.86,0.122502
1026.39,0.102604
2331.44,0.233029
1891.4,0.188978
855.724,0.0855653
1396.56,0.139635
1642.87,0.164275
4049.58,0.404557
2673.89,0.267313
1452.86,0.145266
1276.42,0.127638
670.618,0.0670526
1781.06,0.178064
913.203,0.0913067
5203.4,0.518328
581.438,0.0580799
1784.92,0.178439
1103.1,0.110222
1145.38,0.114483
1490.16,0.148991
3472.74,0.347184
3153.95,0.315131
603.01,0.0602936
1216.55,0.12164
1320.04,0.131826
1436.23,0.14354
850.709,0.0850568
6870.86,2.17872
1009.24,0.100885
1699.21,0.16991
1296.58,0.129611
933.195,0.0932278
1205.13,0.120469
1696.51,0.169502
1608.25,0.213105
811.445,0.0810466
1607.98,0.160778
1809.32,0.180901
1049.91,0.10491
1010.95,0.100966
1030.98,0.102791
1436.58,0.143617
712.014,0.0711591
2046.47,0.204636
1493.41,0.149217
1968.07,0.196662
2582.88,0.258245
3943,0.394142
1638.49,0.163831
953.424,0.0953283
870.399,0.0870297
795.659,0.079521
4364.14,0.435691
1173.65,0.117325
11195.9,1.11783
3135.68,0.313371
1920.87,0.191976
1159.13,0.115906
956.732,0.0956492
1109.81,0.110856
3171.67,0.316934
3554.8,0.3553
1570.43,0.157037
5073.31,0.486722
1342.58,0.134137
870.475,0.0870399
1329.59,0.132873
799.502,0.0799293
464.384,0.0464354
554.45,0.0552047
1182.16,0.118033
1849.78,0.184334
1874.62,0.186569
728.352,0.0728297
1884.07,0.188328
1214.19,0.12139
907.243,0.0907139
1747.46,0.174683
1108.63,0.110859
873.791,0.0873292
1086.6,0.108612
3815.9,0.381407
960.839,0.0960772
856.825,0.0856433
1769.57,0.175247
868.458,0.0868406
1492.74,0.148978
2837.47,0.283502
2156.68,0.21547
711.723,0.0711652
1207.52,0.120748
1216.15,0.12159
901.447,0.0901005
2150.48,0.214979
1263.99,0.126262
727.396,0.0726646
995.329,0.0989981
2100,0.209867
1162.92,0.11628
843.958,0.0841833
622.231,0.0622144
510.333,0.0509839
1200.43,0.119962
10312.5,1.02902
2037,0.203345
1222.55,0.122178
748.217,0.0747464
978.42,0.097292
1232.86,0.123231
1293.73,0.129283
1493.4,0.149251
1969.96,0.196991
1289.32,0.128809
1843.11,0.184235
677.552,0.0677428
1378.04,0.137639
684.464,0.0684062
985.091,0.0984642
1176.93,0.117641
599.999,0.0599949
3091.72,0.308906
1024.09,0.102305
1144.14,0.114364
1085.12,0.108435
1925.34,0.192484
1255.01,0.125485
1508.27,0.150663
945.315,0.0945285
948.828,0.094864
981.766,0.0971374
2315.7,0.231274
1625.3,0.162481
574.901,0.0574346
1470.5,0.146999
4875.57,0.485589
538.757,0.0538685
1175.16,0.117426
1915.29,0.191478
2033.89,0.203132
2133.97,0.21331
1159.07,0.115877
1046.42,0.104624
1014.13,0.101389
1474.34,0.147427
2702.11,0.270003
1630.37,0.162644
1048.53,0.104661
1176.54,0.117621
925.264,0.0925068
678.328,0.0675683
1231.82,0.122665
1831.08,0.182648
2369.62,0.2369
1139.48,0.113829
1110.68,0.111055
1508.07,0.150699
716.298,0.0716145
892.315,0.0891753
1325.94,0.132533
806.678,0.0806622
3049.17,0.30477
2023.87,0.202325
1457.71,0.145758
2176.07,0.217556
625.568,0.0625516
1388.06,0.138675
2413.76,0.241273
958.541,0.0958496
1151.76,0.115152
2312.06,0.231182
856.268,0.0855028
2588.14,0.258667
948.675,0.0948576
1067.84,0.106777
772.435,0.0772348
824.071,0.0823894
874.941,0.0873596
3255.02,0.324408
535.287,0.0535275
670.734,0.0670329
1063.77,0.106366
1068.34,0.106661
1431.87,0.143181
1012.08,0.101006
1309.58,0.130922
757.606,0.0757488
1535.64,0.153531
1603.46,0.160281
1646.63,0.164503
1696.34,0.169568
1955.45,0.195534
1094.55,0.109203
1033.8,0.103369
1221.05,0.122023
643.508,0.0643501
968.461,0.0966642
1303.35,0.130313
1798.93,0.179803
2818.47,0.281786
1078.72,0.107862
3512.66,0.350222
1105.06,0.11022
565.319,0.0565081
4273.2,0.426917
1027.56,0.102695
1333.31,0.133301
2090.06,0.208961
1022.17,0.102194
1585.57,0.158524
561.192,0.0561127
1006.07,0.100522
2347.52,0.234741
1054.04,0.105054
1100.87,0.109643
883.906,0.088378
969.17,0.0969002
854.76,0.0854167
963.053,0.0962888
2977.63,0.297651
834.655,0.0833945
793.981,0.0793961
1192.62,0.119211
871.035,0.0870381
1546.47,0.154103
502.221,0.0501984
788.891,0.07886
877.242,0.0876917
6560.08,0.655235
4298.19,0.4215
1833.74,0.183344
1795.07,0.17822
1259.68,0.12584
2096.88,0.209615
1132.2,0.11282
744.487,0.0743923
1190.82,0.118961
1486.24,0.148595
870.379,0.0869479
2021.54,0.20208
2212.87,0.220496
1055.27,0.105266
676.031,0.0675699
1501.5,0.150125
2081.22,0.207807
1221.29,0.12211
1999.76,0.199942
626.021,0.0625821
1178.62,0.117768
857.009,0.0856849
936.851,0.0936614
880.977,0.0878105
1704.46,0.17038
2873.66,0.287191
1162.18,0.116116
895.349,0.0890714
1154.41,0.115429
785.635,0.0784754
3031.58,0.302791
869.9,0.0869456
732.233,0.0731615
760.163,0.075275
1941.82,0.194034
1112.9,0.111258
471.646,0.0471605
434.844,0.0434704
1889.13,0.188883
1090.32,0.108991
641.902,0.0641779
1309.69,0.130875
1888.45,0.188788
1025.89,0.102469
503.275,0.0503192
1229.12,0.122875
1769.64,0.176752
2021.96,0.202042
1101.21,0.110093
956.97,0.0956791
2091.86,0.208607
1564.72,0.154145
1205.43,0.120474
1203.23,0.120239
874.116,0.087393
1479.45,0.147938
2213.04,0.221214
2265.27,0.225737
2427.74,0.242507
2042.89,0.203974
1347.53,0.13445
1069.3,0.102583
966.407,0.0966076
984.982,0.0984677
922.412,0.0917992
1695.04,0.169491
1197.52,0.119673
3555.22,0.354464
1232.41,0.123158
810.044,0.0809788
1130.5,0.113012
712.02,0.0711617
971.175,0.0969043
2462.64,0.245898
3294.02,0.329076
4194.06,0.418986
2836.03,0.283371
1273.59,0.127325
845.157,0.0845094
1592.2,0.15918
702.034,0.0701327
1452.32,0.145205
3855.22,0.385273
1178.85,0.11785
15657.1,3.06074
7774.69,4.04821
2834.91,0.283415
1167.14,0.116652
511.247,0.0511003
1731.98,0.173159
1341.14,0.1341
1039.49,0.103928
3905.25,0.380466
770.163,0.0769997
1767.12,0.176571
6468.4,0.645201
1321.86,0.132163
1147.76,0.114729
2402.59,0.24019
784.575,0.0781336
3697.53,0.368891
3023.96,0.301872
924.951,0.0924927
1384.39,0.138344
916.048,0.0911285
915.038,0.0914692
1313.63,0.131315
1209.41,0.12089
810.181,0.0810093
1592.24,0.159193
1627.44,0.162582
954.322,0.095423
1361.63,0.136118
1726.45,0.17111
690.764,0.0690622
3937.35,0.393368
1420.75,0.141082
1406.8,0.14063
2232.77,0.223
1683.92,0.168384
1609.62,0.160883
1473.7,0.147137
582.532,0.0581745
914.076,0.0913601
914.319,0.0914142
829.166,0.0829002
2747.46,0.27447
1543.58,0.15421
811.523,0.0810491
1032.84,0.103269
750.57,0.0750448
2008.39,0.200719
880.113,0.0879734
7451.15,0.744443
1338.25,0.133671
709.892,0.0709379
1137.57,0.1137
2059.57,0.205931
2322.34,0.232099
18174,2.76228
1636.05,0.163542
1091.3,0.109122
561.286,0.0560728
831.343,0.0830121
744.674,0.0744433
1038.31,0.10382
700.943,0.0700672
938.673,0.0938418
890.458,0.0890304
9017.64,0.901192
1135.56,0.113438
1186.4,0.118271
1103.46,0.109293
1602.38,0.160082
833.904,0.0833494
852.922,0.0851543
2624.46,0.262288
816.124,0.0816092
1049.76,0.104915
848.437,0.0848396
1542.94,0.154243
1024.71,0.102431
1293.28,0.128864
747.663,0.0747637
1142.12,0.114106
521.535,0.0521398
1053.56,0.105339
1157.57,0.115701
1476.64,0.14712
980.218,0.0979344
659.292,0.0656134
3307.96,0.330301
2722.78,0.272105
4415.24,0.44132
916.002,0.0915833
918.202,0.0917774
858.168,0.0858092
899.804,0.0899308
1136.09,0.113602
1362.08,0.136179
637.513,0.0637353
1219.54,0.121839
1590.04,0.158837
2021.25,0.202063
914.618,0.0914484
1169.44,0.11693
845.893,0.0845827
1082.83,0.108264
2898.67,0.289846
1424.56,0.142422
872.262,0.0871679
2453.66,0.245325
1060.96,0.10542
832.807,0.0832238
7230.99,0.721124
780.111,0.077987
1015.35,0.101509
1480.93,0.148031
1177.32,0.117719
1016.78,0.101647
2485.51,0.241224
1471.8,0.147171
787.207,0.07861
868.142,0.0867853
2400.06,0.239909
4872.2,0.486298
1579.56,0.157919
1017.3,0.101664
1106.5,0.110643
811.736,0.0811613
1712.69,0.171165
678.175,0.0678046
1804.89,0.180453
781.889,0.0781869
776.191,0.0775989
2771.76,0.276494
1386.67,0.138655
4382.87,0.438084
3360.24,0.335817
537.918,0.0537228
1738.55,0.173798
930.53,0.0928625
1422.02,0.142168
1369.64,0.136954
413.162,0.0413154
1087.44,0.108719
568.054,0.0568045
1608.77,0.160852
3638.6,0.363181
1943.04,0.194169
2639.93,0.263917
919.144,0.0918953
9184.77,0.918036
675.724,0.067563
1558.96,0.155802
1247.39,0.124678
912.104,0.091206
701.258,0.0700797
4043.15,0.403498
1111.15,0.111002
2085.49,0.20854
6042.87,0.604128
776.937,0.0776686
1024.28,0.10241
1084.26,0.108361
1232.77,0.123255
2050.39,0.204902
1896.32,0.189563
1614.94,0.161423
12523.9,1.24756
1414.3,0.141366
867.234,0.0865862
974.134,0.0973969
1067.44,0.106482
1278.59,0.127755
1038.25,0.103799
1476.36,0.147517
2781.84,0.278092
2616.72,0.260626
2588.72,0.258778
5731.65,0.572431
4763.61,0.475922
963.958,0.0963512
1319.14,0.131891
3189.75,0.318849
1557.91,0.155729
12002.4,1.18381
896.017,0.08958
4324.37,0.432295
3425.23,0.342285
1043.03,0.103853
862.325,0.0862149
821.002,0.08203
1075.43,0.107403
2054.96,0.205016
1204.11,0.12038
3110.85,0.310739
4936.96,0.49316
2597.46,0.259602
1079.74,0.10792
947.56,0.0947371
956.323,0.0956128
1018.44,0.101726
1346.91,0.134415
936.162,0.0935947
1257.3,0.125702
5658.91,0.565594
1421.45,0.142079
2629.73,0.262916
1243.93,0.124343
2398.72,0.239831
1313.1,0.131285
3823.81,0.382056
913.274,0.0913099
1704.01,0.106525
1503.89,0.150378
1837.65,0.183752
838.926,0.0836584
843.32,0.0843012
1468.06,0.146519
1449.54,0.144936
955.097,0.095484
1048.4,0.10478
1258.35,0.125738
2879.17,0.287742
741.172,0.0739777
1444.25,0.144284
763.647,0.075975
1391.22,0.139101
946.622,0.0946479
1432.15,0.143151
1096.81,0.109626
1239.69,0.123883
1736.99,0.173662
2221.13,0.221313
3392.91,0.339191
1091.44,0.107502
1835.88,0.183026
1328.38,0.13283
1343.33,0.134317
741.654,0.0740721
567.952,0.056785
2607.76,0.260354
7667.59,0.766542
2542.51,0.254042
757.644,0.0757298
1757.19,0.175656
1674.39,0.167343
831.256,0.0829639
11892.9,1.18714
519.767,0.0519695
1611.08,0.160711
977.02,0.0976961
1400.39,0.137367
986.093,0.0985984
2312.17,0.231156
877.628,0.0876877
835.063,0.0834314
1124.97,0.112418
1084.69,0.108178
2535.44,0.253432
2034.8,0.203446
856.761,0.0856145
1071.03,0.106923
898.265,0.0897494
983.297,0.0982111
1157.79,0.115699
1418.77,0.141688
1658.01,0.165565
1519.54,0.151736
3136.56,0.313412
1032.21,0.103209
2111.55,0.211093
928.203,0.0925301
1532.23,0.153037
832.577,0.0832088
1039.93,0.103948
1034.9,0.103128
1673.16,0.167152
2514.56,0.251019
1308.42,0.130787
1690.48,0.168924
888.529,0.0888504
979.438,0.0979358
1338.21,0.133771
2594.4,0.259321
1582.1,0.158156
463.451,0.0463417
1386.74,0.14777
693.477,0.0693092
1652.28,0.165219
2233.64,0.222578
2575.76,0.257487
987.527,0.0986453
906.779,0.0906437
1903.05,0.189113
874.455,0.0874418
1217.44,0.121732
2796.55,0.279584
1086.04,0.108536
2017.21,0.200042
3015.34,0.301398
2129.14,0.211029
2027.36,0.202708
1321.03,0.132069
1079.69,0.10752
1449.57,0.14418
912.872,0.0912459
802.675,0.0802622
1142.08,0.113909
859.836,0.0859148
1052.36,0.105199
4222.32,0.421425
2221.94,0.221385
1362.19,0.136125
1255.52,0.125451
5724.55,0.571428
831.22,0.0831181
905.937,0.0905878
914.929,0.0913092
1076,0.107555
1090.96,0.10879
1265.45,0.126529
800.543,0.0800508
1442.08,0.144193
2125.66,0.212497
900.471,0.0900439
750.444,0.0749425
1114.79,0.111471
1183.08,0.118294
1587.09,0.158683
1025.05,0.10246
1005.03,0.100498
2139.41,0.213892
895.914,0.0895047
1536.15,0.153606
1378.62,0.137694
535.643,0.0535325
1028.97,0.102884
3748.66,0.372696
1545.86,0.154422
1039.6,0.095367
815.88,0.081583
1684.45,0.167873
1934.83,0.193395
3712.09,0.370982
12709.3,1.26867
1208.09,0.120465
721.013,0.0716608
1069.9,0.106986
472.784,0.0472617
1150.94,0.115013
997.822,0.0997432
1278.56,0.12777
1098.32,0.10968
691.136,0.069049
919.736,0.0906487
1600.63,0.159981
1763.77,0.176341
5904.12,0.590082
2808.37,0.280531
951.106,0.0947429
1271.14,0.12711
1779.26,0.177782
1356.82,0.135536
1043.66,0.104351
1051.53,0.105136
990.027,0.0989748
1652.91,0.165235
595.947,0.0595858
784.959,0.0784912
1151.08,0.115081
1318.42,0.1318
763.612,0.0763415
1599.74,0.15995
747.272,0.0747255
740.277,0.0739986
1118.57,0.111797
2450.49,0.244852
1245.17,0.124378
1832.28,0.183199
908.419,0.0908322
847.673,0.0847496
1268.2,0.126794
2879.02,0.287838
1824.35,0.182404
2132.99,0.212965
1562.91,0.156249
1079.21,0.107478
1427.67,0.142643
1882.29,0.188138
734.312,0.0734033
3523.95,0.352253
2712.87,0.27121
2374.05,0.237313
1016.83,0.101622
1062.73,0.106242
895.805,0.0894604
922.225,0.0921285
920.285,0.0919476
1428.68,0.142836
1133.49,0.113306
1057.37,0.105732
10900.1,1.08852
1222.23,0.1222
1382.34,0.138142
1031.2,0.102997
882.951,0.0882763
786.568,0.0786179
2943.12,0.294208
16230.7,1.61909
1663.31,0.166276
1399.85,0.139948
2966.15,0.296513
1001.89,0.100183
1833.11,0.182985
975.84,0.0975783
978.048,0.0977987
1067.26,0.106692
1637.8,0.156207
3112.27,0.30979
1034.46,0.103383
905.295,0.0904567
1065.28,0.106496
3032.9,0.302839
1152.7,0.115256
951.608,0.0951426
924.745,0.0924668
3741.9,1.61856
4034.89,0.402615
838.408,0.083662
2183.28,0.218304
1710.24,0.171018
6681.38,0.66732
829.17,0.0828803
894.972,0.0894744
1019.64,0.101948
758.646,0.0754384
961.895,0.0961305
2608.28,0.26082
2104.29,0.209975
3942.74,0.393975
907.769,0.0907506
3030.58,0.30282
982.001,0.0981948
8932.64,0.892631
1888.26,0.188765
1902.83,0.190144
2996.66,0.299534
1174.83,0.117459
870.619,0.0870564
938.858,0.0938325
4547.22,0.45464
1177.8,0.117746
2038.35,0.201186
2108.23,0.210758
1530.4,0.152956
2014.19,0.201392
789.554,0.0789535
913.204,0.0911967
4988.65,0.496832
1328.98,0.132833
1974.27,0.197408
3607.24,0.360587
732.222,0.0729885
2640.66,0.263777
718.33,0.0718272
757.649,0.0757632
4453.57,0.444158
692.895,0.06928
847.667,0.0847633
1099.06,0.109878
1432.34,0.143136
780.963,0.0780195
1625.93,0.162329
1370.12,0.136919
2045.7,0.204315
1054.28,0.105407
1660.62,0.165955
1173.78,0.117292
2154.45,0.215328
3458.27,0.345306
1770.75,0.176969
2206.16,0.220547
1036.97,0.10368
1874.67,0.187323
1156.03,0.115592
2138.38,0.213209
1281.6,0.128059
1480.62,0.147704
796.236,0.0796221
620.248,0.0620211
1213.88,0.121211
1090.79,0.109005
1358.23,0.135743
717.079,0.0716765
1320.52,0.132038
1014.42,0.101438
1454.52,0.145439
1302.42,0.130214
1717.33,0.171629
1964.92,0.19631
2165.09,0.216059
1924.16,0.192325
532.337,0.0530372
7106.39,0.710098
1612.02,0.161177
1682.84,0.168254
1018.3,0.101758
1735.93,0.17351
881.625,0.0881584
1169.07,0.116898
1325.93,0.132561
941.304,0.094014
5871.76,0.586304
812.214,0.0812119
986.938,0.0986878
1409.19,0.140906
953.988,0.0952546
1636.89,0.163634
1127.13,0.112676
1116.95,0.111571
923.438,0.0922862
1302.71,0.129622
1163.58,0.116354
1906.89,0.190599
1668.06,0.166765
892.124,0.0891288
850.771,0.0850639
1087.62,0.108751
891.068,0.0891017
815.892,0.0815789
1450.61,0.144122
907.184,0.0907081
1049.6,0.104869
935.519,0.0934398
1273.6,0.127349
2068.88,0.206804
3465.7,0.346392
807.657,0.0806428
1075.97,0.107564
3063.28,0.306287
1296.47,0.129576
1553.97,0.15513
1061.51,0.106085
1020.17,0.101996
859.781,0.085934
3759.69,0.375653
617.629,0.0617553
678.661,0.067775
969.788,0.0969625
1240.23,0.123987
608.225,0.0607629
1917.65,0.191719
935.211,0.0934922
766.278,0.076561
4553.7,0.454902
7201.08,0.719404
1019.98,0.101983
1093.13,0.109286
873.233,0.0872586
776.846,0.077631
858.884,0.0858083
1625.19,0.162383
1958.49,0.195768
1327.45,0.132201
796.918,0.0796217
1192.39,0.119234
1540.97,0.154024
8128.38,0.809674
594.083,0.0592764
1187.55,0.118662
11862.4,2.13532
920.53,0.0918966
8002.92,0.800036
690.738,0.0690395
1456.27,0.145315
1137.39,0.113722
1488.19,0.148799
1438.85,0.143527
1848.63,0.184472
755.959,0.0755917
879.909,0.0879743
2142.98,0.214288
1556.83,0.155627
1515.91,0.151549
1413.46,0.141341
872.005,0.0871433
1211.42,0.12101
8414.77,0.840957
1233.64,0.12334
1137.32,0.113647
865.703,0.0865367
684.385,0.068427
1827.78,0.182689
1069.94,0.106938
767.789,0.0767425
830.735,0.082881
683.39,0.0683301
2364.89,0.236294
1421.47,0.142127
1570.16,0.157013
1223.43,0.122279
883.387,0.0883189
1442.62,0.144239
1669.05,0.166834
2671.35,0.267001
986.553,0.098641
898.601,0.0898263
1860.21,0.185925
993.741,0.0993459
946.3,0.0943149
1471.32,0.147014
1275.9,0.127484
908.527,0.0908364
878.409,0.0878208
727.184,0.0727138
687.254,0.0687028
1201.36,0.120033
11291.9,1.12856
782.315,0.0782267
946.227,0.0945711
692.116,0.0691916
1873.57,0.187348
816.81,0.0816516
1264.5,0.126267
1146.38,0.114425
1257.24,0.12568
5672.85,0.567049
1025.82,0.102573
3553.6,0.355138
645.263,0.0645072
1641.21,0.164095
1176.34,0.117626
1157.37,0.11513
5252.5,1.41898
2031.25,0.203078
841.525,0.0840055
934.752,0.093418
1052.82,0.105249
616.863,0.0616783
779.15,0.0779019
1179.7,0.117887
1336.22,0.133562
888.803,0.088852
8862.4,0.886088
1218.25,0.121806
766.119,0.0765653
1308.41,0.130828
2265.09,0.225868
7021.28,0.700482
2170.51,0.216964
2922.63,0.291384
1272.21,0.127195
1365.02,0.136315
1207.85,0.12073
1062.08,0.106198
1236.82,0.123675
962.701,0.0962524
1930.02,0.192764
2347.92,0.234658
1070.17,0.106853
1550.41,0.154381
711.809,0.0711317
4112.39,0.39683
1805.91,0.180363
1056.27,0.105555
1295.2,0.12944
840.051,0.0839347
1166.94,0.116674
1441.85,0.144123
1910.48,0.190885
1231.15,0.123097
1193.86,0.119094
1891.99,0.400616
2083.87,0.208366
657.079,0.0656452
4081.13,0.40797
1054.77,0.105435
2266.72,0.226363
1063.7,0.106346
1090.7,0.108895
22808.7,2.27717
2475.14,0.247224
967.455,0.0967355
1127,0.112659
1854.74,0.185436
774.505,0.0774149
1232.66,0.123201
1187.79,0.118751
2160.82,0.21605
1488,0.148542
779.542,0.0779279
1031.6,0.103141
1066.49,0.106627
1566.97,0.156682
1623.29,0.162185
1155.09,0.115318
1667.02,0.166576
1048.84,0.104818
938.814,0.0938083
809.212,0.0809119
1202.4,0.120041
807.346,0.080706
1087.84,0.108682
11814.4,1.18066
823.228,0.082261
925.777,0.092499
987.501,0.098715
2362.95,0.23625
742.46,0.0741194
1398.59,0.139821
735.185,0.0733806
977.48,0.0976454
1810.8,0.180684
619.908,0.0619829
1261.11,0.10597
1194.95,0.119445
912.233,0.0911982
703.899,0.0703479
1118.31,0.111783
973.04,0.0972001
18333.5,1.82819
2103.96,0.210334
1393.55,0.1393
3547.42,0.354574
823.504,0.082303
828.07,0.0827941
2017.95,0.201339
1205.12,0.120134
829.662,0.082866
1644.26,0.164415
8280.25,0.827316
2727.55,0.272654
826.336,0.0826124
1139.96,0.113942
1061.8,0.106167
1358.73,0.135829
1462.16,0.14612
1224.74,0.122435
654.504,0.065448
1693.62,0.169348
1569.31,0.156873
553.485,0.0553457
1556.8,0.155005
933.804,0.0933599
1469.81,0.146939
856.441,0.0856311
782.375,0.0781573
5808.08,0.579708
992.61,0.0992498
1887.4,0.188709
1060.03,0.105973
2489.76,0.24871
11537.8,4.34929
899.189,0.0898906
1563.42,0.153157
981.724,0.0981122
757.291,0.0755683
2707.84,0.270561
1664.13,0.166411
1007.36,0.100718
990.517,0.0989135
4411.7,0.441062
988.045,0.0979201
1094.52,0.109433
1320.95,0.132073
1426.59,0.142642
3387.44,0.338064
2476.06,0.247499
975.805,0.0974834
1011.87,0.101183
1422.53,0.142229
856.774,0.085574
1889.45,0.188647
1190.5,0.119005
841.179,0.0839212
898.627,0.0898518
3575.16,0.357308
875.395,0.0875054
2359.77,0.235713
1624.15,0.162397
3599.48,0.359729
940.25,0.094015
906.436,0.0905879
1133.51,0.113294
1015.72,0.101513
1436.14,0.143438
1164.06,0.116335
1381.32,0.138102
1257.93,0.12578
982.517,0.0982147
3326.05,0.33235
592.003,0.0591949
1874.06,0.187323
1870.19,0.186979
1047.75,0.104712
926.868,0.0926579
750.364,0.0750148
1908.8,0.190827
6928.16,0.691754
1568.14,0.156716
611.058,0.0610937
1010.99,0.10103
14027.1,1.39509
892.543,0.0876507
2517.03,0.251507
2138.48,0.213583
1010.78,0.101074
1743.37,0.17375
847.614,0.0847215
952.27,0.0952159
1402.75,0.139269
1500.35,0.150009
630.307,0.0624548
2571.49,0.257072
711.029,0.0711005
1216.72,0.121642
1327.92,0.132697
3381.19,0.337999
1199.82,0.119976
750.167,0.0748517
1495.2,0.149455
1237.27,0.123688
896.316,0.0896307
848.366,0.0847937
1306.73,0.130627
2493.52,0.248814
657.722,0.0657689
1310.27,0.130786
2068.38,0.206781
880.641,0.0880295
1026.59,0.10258
716.429,0.0715846
2480.31,0.247842
1207.09,0.120702
1101.7,0.109963
1039.48,0.103856
1944.59,0.194398
1046.82,0.104523
1193.66,0.119355
871.601,0.0871368
3703.63,0.370075
1095.9,0.109576
1237.72,0.123645
1056.19,0.105414
783.824,0.0783805
1404.85,0.140461
1772.2,0.177169
1101.99,0.110097
1938.05,0.193727
1510.49,0.150929
1137.98,0.113777
5206.08,0.51913
556.496,0.055623
1123.84,0.112225
2714.32,0.271371
1817.76,0.181616
1279.1,0.127874
782.871,0.078274
707.548,0.0707432
845.414,0.0845152
1237.14,0.123706
1127.64,0.112213
3038.02,0.3035
1365.6,0.136424
695.608,0.0695578
1162.22,0.116198
518.274,0.0518246
676.831,0.0676647
1362.6,0.136079
1455.67,0.145503
2139.58,0.213918
1136.88,0.113511
737.193,0.0736933
1544.92,0.154164
1615.56,0.161541
1032.62,0.103218
895.175,0.0894954
1066.28,0.10659
1598.46,0.126312
943.548,0.0943515
3216.6,0.321377
993.408,0.0993174
1010.8,0.101019
3206.2,0.320547
2257.96,0.225771
1848.46,0.184228
993.891,0.0991066
1976.67,0.197617
1151.07,0.115062
1126.45,0.112642
597.248,0.0596847
499.477,0.0499456
901.891,0.0901832
1669.33,0.166914
940.77,0.0940549
2229.74,0.222455
1602.33,0.160137
891.836,0.0891038
3428.61,0.336768
872.47,0.0871804
2519.96,0.251847
1962.29,0.196191
1918.19,0.191722
1129.39,0.112755
877.334,0.0874027
786.017,0.0785623
2196.66,0.219257
729.56,0.0725511
962.799,0.0961318
1029.4,0.102924
3491.33,0.348861
1601.05,0.159988
3191.81,0.318907
1335.47,0.133479
1948.51,0.19453
1681.02,0.167238
2057.21,0.205648
3135.2,0.313354
374.688,0.0374469
1599.67,0.159962
1296,0.129527
907.725,0.0906711
683.427,0.0682246
1837.55,0.1831
1728.01,0.172572
903.571,0.0902821
1420.03,0.138379
1279.28,0.127916
869.011,0.0868529
10996.8,4.4902
1084.08,0.10839
897.53,0.0897123
895.076,0.0894957
821.311,0.0821068
1250.76,0.125045
941.616,0.0934878
1115.16,0.111495
806.191,0.0805729
763.675,0.0763173
1083.81,0.108372
621.887,0.0605884
3390.16,0.3368
885.982,0.0885587
781.47,0.0781274
1283.03,0.128301
1050.49,0.103455
1369.39,0.136912
2324.73,0.232415
5431.38,0.54182
968.639,0.0968118
1153.95,0.115385
2265.74,0.225985
1020.63,0.102022
721.197,0.0721166
1004.27,0.100393
959.539,0.09574
1206.66,0.120647
1084.36,0.10781
1935.19,0.193416
2032.85,0.203197
903.145,0.0902751
1475.76,0.147432
853.905,0.0853406
1218.3,0.121758
1747.07,0.174491
1793.71,0.179288
2028.17,0.202762
823.156,0.0822983
2279.2,0.22768
1229.65,0.120577
3642.74,0.363615
1098.13,0.10974
832.444,0.0830424
1013.98,0.101262
1255.11,0.12547
751.119,0.0750653
5564.57,0.55564
1255.54,0.125535
2080.31,0.207974
934.607,0.0934508
3127.56,0.3126
755.008,0.0754896
5713.19,0.57102
998.823,0.0998735
2077.5,0.207625
799.792,0.0799653
1446,0.14458
1156.51,0.115634
1371.94,0.136169
641.698,0.0641587
1169.89,0.11683
1640.23,0.163921
1336.37,0.133597
1855.36,0.185041
1188.32,0.118823
2147.27,0.214684
1462.61,0.14621
3882.08,0.387868
4785.92,0.477448
1092.43,0.093683
2621.81,0.261665
1795.14,0.179298
1061.17,0.106001
707.114,0.0707078
1350.23,0.135007
1749.79,0.174959
2379.35,0.237764
3696.43,0.368823
1471.23,0.147106
2027.06,0.202627
1443.26,0.144301
1354.92,0.135479
1815.69,0.18116
1965.11,0.196461
984.84,0.0984793
1014.04,0.101382
1197.06,0.110637
1757.19,0.175483
1513.31,0.151245
1034.48,0.103413
2931.86,0.293149
920.308,0.0920247
2123.71,0.212302
3179.79,0.317391
1901.12,0.188415
1732.33,0.17323
5160.93,0.515144
2470.28,0.24664
1774.2,0.177377
831.283,0.0831189
514.332,0.0514077
883.658,0.0883625
2819.57,0.281906
1520.39,0.151837
2530.41,0.252841
2146.81,0.214187
1130.67,0.113057
1782.9,0.178191
8918.41,0.891366
781.926,0.0781654
1070.98,0.106885
892.829,0.0892675
1382.42,0.138169
1026.58,0.102394
1021.89,0.101984
967.151,0.0962605
1453.58,0.145291
1160.73,0.115676
1129.44,0.111239
883.393,0.0883297
1440.94,0.14405
966.461,0.0966288
775.191,0.0775003
2349.93,0.234708
1766.2,0.176542
805.098,0.0804574
1116.53,0.111646
1213.67,0.121311
1586.62,0.158616
1301.74,0.129929
1922.15,0.192119
2549.03,0.254607
3135.03,0.313132
769.323,0.0769102
3132.41,0.313166
1183.13,0.118223
2129.46,0.21241
1588.79,0.158857
862.995,0.086291
4106.67,0.409761
985.93,0.0902404
629.669,0.0629441
1791.01,0.179077
983.106,0.0982988
1113.02,0.111296
1539.05,0.153824
3309.06,0.330565
1084.57,0.108359
3955.59,0.394002
1343.08,0.1343
805.187,0.0804986
2111.99,0.210793
1166.94,0.116668
2178.53,0.217011
758.987,0.0758718
1300.66,0.129601
1048.99,0.104883
391.163,0.0390656
1474.75,0.147372
644.256,0.0644227
742.947,0.0742849
13707,1.37023
899.268,0.0898735
2597.43,0.259676
250.283,0.0250275
1349.14,0.134894
2972.29,0.290462
1247.27,0.124686
1159,0.11582
3449.06,0.344771
915.841,0.0915671
5235.72,0.820746
1441.78,0.144074
1883.6,0.18825
7533.13,0.752729
1562.53,0.155861
664.645,0.0663915
1837.82,0.183553
1294.24,0.129377
1245.12,0.123884
791.079,0.0790884
1164.96,0.116416
645.102,0.0645062
897.635,0.0897478
1380.53,0.137942
787.913,0.0787772
793.657,0.0793588
650.936,0.0650592
2284.34,0.228412
7201.26,0.719144
1538.97,0.153777
1739.45,0.173896
686.28,0.0614339
1290.22,0.129011
966.28,0.0966159
1036.83,0.10365
1260.03,0.125987
791.399,0.0790889
1045.11,0.104216
839.765,0.0839716
3109.62,0.310837
931.474,0.092615
1360.49,0.13584
578.08,0.0573195
1976.96,0.197585
2205.98,0.220543
1522.19,0.152207
1185.85,0.118391
949.666,0.0947182
1293.64,0.129334
976.383,0.097611
2928.45,0.292766
1144.55,0.114183
1286.47,0.128188
946.97,0.0946749
4290.75,0.429016
1508.84,0.150851
1514.25,0.151387
969.486,0.0967629
1135.21,0.1135
1147.44,0.114739
6094.31,0.608828
1313.37,0.131268
1228.39,0.122326
708.335,0.0708317
1574.61,0.157454
1233.58,0.123315
10809,1.07927
845.261,0.0845099
994.275,0.0989405
1983.49,0.198253
1008.26,0.100773
615.324,0.0615244
805.255,0.0804707
1344.22,0.1344
1397.86,0.139733
1601.73,0.160146
1062.92,0.106207
1089.8,0.108964
614.794,0.0614457
2452.78,0.245198
14212.9,1.41539
776.769,0.077626
896.015,0.0895368
5893.35,0.58856
2330.82,0.233018
1955.56,0.195514
1125.21,0.112493
1286.23,0.128612
1203.28,0.120282
1130.67,0.113033
807.51,0.0807197
1382.48,0.13816
812.279,0.0810796
2195.59,0.219394
838.584,0.0837327
1636.53,0.163622
606.551,0.0606543
833.835,0.0833605
4483.93,0.448202
510.617,0.0510607
7871.65,0.785404
1167.94,0.11662
1107.4,0.110539
813.895,0.0813839
1205.38,0.120485
1377,0.137642
1769.49,0.176771
1349.39,0.134913
1715.95,0.171396
3525.59,0.352335
1119.23,0.111854
1610.4,0.161002
3416.33,0.341352
1378.12,0.137807
1915.36,0.191221
1226.97,0.122557
2401.03,0.240065
866.431,0.0865926
1230.47,0.123023
1641.84,0.164043
1834.56,0.183263
1563.53,0.156206
866.265,0.0866173
1303.94,0.130365
993.568,0.0993422
696.982,0.0696547
12703,1.26737
989.265,0.0900406
1640.57,0.164006
2460.66,0.245961
1149.02,0.114766
893.506,0.0893064
879.173,0.0878833
1614.74,0.161387
2490.94,0.249051
1515.94,0.151578
2012.57,0.20114
1317.19,0.131716
1312.11,0.131195
911.892,0.0910457
1271.5,0.127118
3070.67,0.306458
1934.43,0.193408
1887.94,0.188705
1539.93,0.153732
1038.55,0.103362
1521.43,0.152067
4141.1,0.414038
1233.06,0.123302
1171.27,0.117097
3231.27,0.311515
950.207,0.095001
1551.41,0.154956
995.883,0.0990323
935.781,0.0935638
3699.08,0.369828
2535.57,0.253442
1706.39,0.170606
971.338,0.0967367
1358.26,0.135657
1419.83,0.140704
918.009,0.0917912
924.495,0.0922806
943.296,0.0941664
1117.45,0.111709
763.651,0.0763432
1541.77,0.154168
1378.07,0.137765
1884.61,0.188405
5449.62,0.54435
1751.78,0.175049
2629.46,0.2628
1520.72,0.149437
1425.18,0.142453
1094.63,0.109346
829.922,0.0829806
682.913,0.0682849
3189.38,0.318313
834.77,0.083467
1041.5,0.104131
1889.51,0.188817
660.214,0.0659801
4349.65,0.43487
7207.59,0.71787
1022.89,0.102224
934.27,0.0934024
819.141,0.0818022
1415.4,0.141527
852.561,0.0852348
1337.15,0.133686
1470.25,0.14689
863.237,0.0863078
1276.66,0.127658
13484.9,1.34676
730.326,0.0727928
940.146,0.0939497
1968.88,0.196866
1433.98,0.143376
1803.73,0.180163
1964.24,0.19634
1938.28,0.193504
4287.75,0.428503
1027.41,0.102685
1025.33,0.102431
1309.65,0.130953
893.599,0.0892048
922.201,0.0921816
2523.28,0.251273
1888.38,0.188749
3197.77,0.319373
1404.1,0.140388
1145.92,0.114517
1868.58,0.181231
1439.81,0.143516
1098.38,0.10979
1563.82,0.156325
1698.02,0.168581
865.702,0.086514
825.054,0.0824393
1338.78,0.133586
1063.11,0.1063
713.526,0.0713219
1508.97,0.150789
1265.78,0.126524
1119.17,0.111903
2480.47,0.248001
928.321,0.0927773
1812.32,0.181056
831.512,0.0831224
1198.06,0.119697
1241.68,0.124159
5624.89,0.561513
3334.75,0.333249
835.999,0.0835204
656.534,0.0656437
1362.38,0.1361
3172.48,0.316656
1404.26,0.140379
2516.08,0.251004
976.785,0.0975966
976.47,0.0976153
2702.79,0.270009
772.759,0.0772355
918.495,0.0917218
866.521,0.0866489
937.311,0.0937235
2221.03,0.221504
1373.99,0.13729
1904.42,0.190428
759.373,0.0759123
576.162,0.0576099
1173.52,0.117254
637.11,0.0637085
1849.64,0.184856
760.414,0.0760316
17033.5,1.68735
749.611,0.0748155
1652.65,0.164898
796.917,0.079668
1017.4,0.101728
1159.48,0.115821
1505.13,0.150476
441.025,0.0440868
19453.5,3.52696
879.642,0.0879442
1258.12,0.125792
1457.97,0.145468
981.466,0.0981189
2046.83,0.204627
716.772,0.0716371
1182.32,0.118212
1089.9,0.108851
2310.12,0.230995
2417.22,0.241438
1707.99,0.17041
1331.67,0.133075
1473.11,0.146861
949.097,0.0948664
870.63,0.0868405
2153.02,0.215226
1436.42,0.143587
2733.25,0.273239
1845.92,0.184533
736.196,0.073595
921.682,0.0920963
1065.36,0.106301
1093.6,0.10917
952.16,0.0952119
1010.5,0.100696
1483.69,0.148191
1959.65,0.195695
418.418,0.0418309
1613.83,0.161278
1281.81,0.12813
2789.14,0.273141
1976.8,0.197223
1098.83,0.107265
1461.37,0.146015
872.164,0.0869612
1443.79,0.144316
1680.97,0.168026
1580.54,0.157536
1346.15,0.134576
1466.4,0.146595
2111.16,0.210991
1028.83,0.102881
906.435,0.090467
1149.62,0.11465
1261.96,0.126161
886.362,0.0886247
1135.51,0.113467
6243.74,0.623908
869.302,0.0857482
1132.33,0.113199
795.067,0.0794335
2506.13,0.250414
1493.73,0.149063
942.069,0.0941911
715.89,0.0715231
2458.59,0.245716
1785.32,0.178111
965.274,0.0964468
1784.59,0.178422
947.146,0.0946243
1784.02,0.178348
744.054,0.0744028
894.312,0.0893984
1208,0.120769
451.492,0.0451486
2956.84,0.295473
3218.36,0.320666
1544.34,0.154407
2605.61,0.259936
806.008,0.080595
952.605,0.0950884
1201.45,0.120066
1957.19,0.195387
1206.94,0.120671
1666.69,0.166448
1922.55,0.19212
1324.21,0.132408
1088.79,0.108873
881.389,0.0880128
5690.32,0.565638
1652.81,0.165261
1356.94,0.135688
1437.69,0.143734
819.685,0.0819659
3271.22,0.326933
1013.34,0.101238
5467.21,0.546006
2555.54,0.2553
2260.87,0.225763
1104.3,0.110354
2584.74,0.258097
1425.85,0.142548
1596.26,0.15954
1127.37,0.112707
2913.72,0.291003
1283.36,0.12833
682.196,0.0680468
1404.2,0.140365
1447.12,0.14467
1288.19,0.128694
1310.98,0.131093
990.807,0.0990591
485.602,0.0485074
1149.52,0.11492
912.731,0.091253
1547.02,0.154518
1568.72,0.156773
699.222,0.0699155
1512.97,0.151271
970.878,0.0970754
1704.07,0.170318
1422.03,0.142173
3818.3,0.380999
564.991,0.0564122
1674.65,0.167414
1906.81,0.190296
1374.39,0.137428
1790.77,0.179006
1897.8,0.189743
1060.07,0.105992
660.838,0.0659932
552.441,0.0552146
890.357,0.0889705
1229.27,0.122772
2462.24,0.246106
1523.57,0.152337
1547.48,0.154708
5442.23,0.542117
5132.73,0.512342
1686.53,0.168614
2192.95,0.219223
1768.24,0.176712
1479.83,0.147966
2816.52,0.281317
1054.8,0.105464
1903.09,0.190163
1079.7,0.107965
782.318,0.0782121
2458.47,0.245781
911.384,0.0909056
1412.6,0.141248
864.06,0.0863533
1820.36,0.181964
4733.43,0.472389
1293.04,0.129281
1911.94,0.191109
796.929,0.079539
824.401,0.0823973
2392.68,0.239109
765.217,0.0765117
540.671,0.0540504
1379.79,0.137913
1010.39,0.100981
917.444,0.0917243
1534.31,0.15342
690.94,0.069058
1178.13,0.117799
2183.6,0.216348
1759,0.175863
1393.2,0.139262
1881.34,0.188045
1155.59,0.115431
1269.72,0.12694
1159.45,0.115941
1347.5,0.134685
1587.63,0.158578
1691.17,0.169071
808.832,0.0807644
811.62,0.0811455
985.094,0.0985047
1377.84,0.137711
2052.39,0.205015
2174.88,0.217395
1785.33,0.178476
1549.6,0.154948
872.623,0.0872579
14899.9,1.48179
1809.89,0.18093
1111.65,0.111153
3234.58,0.32308
1120.34,0.111994
715.561,0.0715467
999.767,0.0999505
802.629,0.0802555
1333.97,0.13336
846.83,0.0846789
2492.82,0.249206
2510.85,0.250681
1319.04,0.131791
1052.56,0.104954
18684.2,5.0925
1343.39,0.134171
606.951,0.0606851
1034.03,0.103272
906.827,0.0906804
843.875,0.0843618
1313.66,0.131318
1267.92,0.126727
5163.21,0.515717
1493.47,0.149279
2527.34,0.252569
1403.4,0.140102
883.521,0.0883384
1696.14,0.169582
1418.86,0.141757
1214.06,0.121401
1023.94,0.102334
1082.32,0.108221
1550.28,0.155014
2183.39,0.218243
1216.71,0.121427
7176.85,0.716444
1888.55,0.188794
1016.09,0.101549
1913.62,0.191261
961.036,0.0960891
1257.86,0.125751
1533.3,0.153243
1086.01,0.108588
968.368,0.0966794
1597.25,0.159712
1113.68,0.111355
3178.54,0.317636
475.147,0.0475001
829.478,0.0829
1446.78,0.144663
882.606,0.0882429
903.25,0.0902553
959.129,0.095905
2359.25,0.235888
837.793,0.0837599
17620,1.76
1745.54,0.174502
894.971,0.0894825
621.748,0.0620112
1422.57,0.142238
2660.4,0.265595
4976.81,0.494128
1281.09,0.127969
1727.51,0.172654
559.921,0.0559909
9775.29,0.975278
1161.57,0.116147
1171.93,0.117178
919.532,0.0919321
1637.58,0.163706
787.946,0.0787575
2511.42,0.250934
1858.58,0.185806
742.142,0.0740644
1378.12,0.137792
1246.84,0.12465
619.258,0.061872
1153.6,0.115266
1519.03,0.151884
1065.71,0.106505
1601.77,0.160129
941.258,0.0939437
1001.64,0.0999735
1441.76,0.144158
1055.84,0.105542
2490.91,0.248422
1345.28,0.1345
2259.76,0.225745
2241.27,0.224097
1411.75,0.141144
6635.81,0.662854
1084.11,0.108214
822.765,0.0822333
1630.95,0.163085
454.892,0.0454523
547.322,0.054723
481.665,0.0481595
1003.67,0.100315
998.69,0.0998358
1201.73,0.120137
711.497,0.0710642
1072.12,0.107177
1265.44,0.126499
788.998,0.0788848
858.593,0.0857618
1537.33,0.153514
1056.67,0.105639
1283.38,0.128267
1747.74,0.174689
1258.04,0.125746
1095.03,0.109296
1154.53,0.115404
1092.64,0.108788
1159.58,0.115951
891.482,0.0891165
1325.8,0.13253
1158.05,0.115754
2134.16,0.213348
765.185,0.0764769
6619.79,0.661687
3157.45,0.315659
1081.85,0.108097
1103.25,0.110251
1956.95,0.195655
820.363,0.0820263
1052.45,0.10523
883.177,0.0882412
1507.45,0.150701
2671.17,0.266933
1072.19,0.106912
1420.75,0.141657
933.331,0.0932577
3445.94,0.344444
988.098,0.0987074
1592.61,0.158813
2242.16,0.223827
3909.56,0.390226
2182.41,0.21808
885.779,0.0885707
1659,0.165808
707.768,0.0707659
674.131,0.0673901
2856.26,0.284952
1104.35,0.110415
755.206,0.0747782
1089.34,0.108662
3082.57,0.307446
1311.32,0.131117
1222.86,0.122261
817.775,0.0817672
1137.47,0.113368
1659.07,0.16588
1776.15,0.177586
937.738,0.0937476
1015.01,0.101448
811.499,0.0811343
858.727,0.085816
3476.4,0.347148
1084.2,0.108401
1709.66,0.170877
3079.28,0.307746
6025.96,0.602197
1488.63,0.148742
1895.32,0.189517
2292.86,0.229222
1549.8,0.154942
6410.64,0.640788
548.528,0.0547278
2340.78,0.233974
2146.5,0.214473
1488.29,0.148768
10347.7,1.03289
1060.72,0.106061
1054.39,0.105437
744.443,0.0744409
6886.74,0.68742
1327.49,0.132736
623.443,0.0623434
1268.31,0.126538
805.362,0.0805338
3401.35,1.54451
2107.27,0.210495
1163.9,0.116369
12524,1.24165
1048.63,0.104828
2763.17,0.274358
1147.83,0.114719
1157.14,0.115164
877.721,0.0877143
4159.88,0.415899
2958.24,0.295428
627.701,0.0627605
2424.27,0.24227
743.103,0.0742764
1357.89,0.135768
833.248,0.0832636
2504.22,0.250112
1539.73,0.153866
1000.67,0.100059
1140.99,0.114087
3564.03,0.35583
2192.9,0.219135
1168.02,0.116768
938.714,0.093856
1823.31,0.182101
1139.14,0.113892
1282.33,0.126576
989.748,0.0989585
14513.8,3.68992
2328.51,0.232742
1600.39,0.159796
1096.23,0.109597
1183.09,0.118288
1154.95,0.115478
1171.33,0.117121
1638.22,0.163679
1497.69,0.14968
650.154,0.0649932
1099.58,0.109935
672.545,0.0672136
1332.99,0.133275
847.54,0.0846485
725.575,0.0725132
30783.9,3.05159
1282.5,0.128152
1492.92,0.149251
720.295,0.0718677
5931.42,0.59286
4529.63,0.451827
1192.1,0.119204
1453.28,0.145154
1452.5,0.197486
1748.23,0.17456
2230.51,0.222866
1680.14,0.16788
1260.15,0.125994
695.784,0.0695772
1974.96,0.19748
805.554,0.0804983
1071.61,0.107149
1434.24,0.143133
1219.05,0.121898
2454.91,0.245401
1164.62,0.116456
1584.99,0.158489
1091.58,0.109154
1028.02,0.10273
1516.44,0.151439
1063.32,0.105926
1293.03,0.129293
872.747,0.0872575
1511.46,0.151132
452.97,0.0452959
2260.4,0.225822
712.373,0.0712212
1029.97,0.102988
886.818,0.0886608
1083.08,0.108306
1280.8,0.128068
680.63,0.0680432
2793.15,0.27916
1028.13,0.102766
866.979,0.0866821
2001.58,0.199878
865.027,0.0864844
2331.42,0.232957
1982.46,0.1982
2110.09,0.210796
2157.29,0.215673
1119.19,0.111896
870.786,0.0869122
3667.17,0.366383
716.356,0.0715822
1298.89,0.129827
3649.36,0.364858
821.929,0.0821655
1403.92,0.139652
744.546,0.0744387
1068.42,0.106795
1372.49,0.137066
1089.73,0.108964
1767.94,0.176698
1075.34,0.107528
938.339,0.093778
817.031,0.0816993
7676.15,0.765773
1448.05,0.144795
2363.38,0.236308
1605.51,0.160533
1026.95,0.102669
1273.75,0.127332
1309.92,0.130949
3459.81,0.345654
3330.05,0.332903
1678.01,0.167686
1108.16,0.110813
2275.65,0.227323
745.458,0.0745449
2026.97,0.202598
788.036,0.0787628
5654.25,0.564496
1825.58,0.182471
997.296,0.099703
834.053,0.0834035
8906.98,0.890071
2991.98,0.299011
3283.52,0.328122
1639.01,0.163876
890.058,0.0889774
1199.5,0.119826
880.761,0.0880677
743.45,0.0725491
1267.17,0.126662
1434.85,0.14347
2230.3,0.222591
925.583,0.0924577
1687.39,0.168687
1435.44,0.143332
1132.31,0.113198
1926.71,0.192614
966.799,0.0966734
1126.05,0.112591
4544.72,0.453632
1014.13,0.101393
2590.94,0.258804
1753.84,0.175198
1371.49,0.137143
1530.48,0.153033
1933.41,0.193225
1186.51,0.118637
2182.62,0.218197
1309.02,0.130897
759.63,0.0759512
4273.38,0.42704
592.509,0.0592173
907.901,0.0907528
1074.48,0.0759804
1030.37,0.103027
667.716,0.0667679
1274.81,0.127465
2543.97,0.254337
946.55,0.09465
1400.99,0.139904
1969.19,0.196903
870.887,0.0870036
689.999,0.0689938
1368.36,0.136825
1177.8,0.117757
919.739,0.0919072
3970.53,0.394597
671.672,0.0671546
723.702,0.0720238
1886.84,0.188605
1627.91,0.162672
636.829,0.0636428
1821.36,0.181642
1164.12,0.116392
2224.9,0.222474
998.077,0.099775
649.956,0.0649681
4227.21,0.422123
2470.37,0.246867
764.615,0.0764091
2775.54,0.277481
2773.13,0.176514
3277.12,0.327352
2170.06,0.216614
791.225,0.0790502
1595.11,0.159437
1110.35,0.10887
1236.24,0.12334
1179.79,0.117964
1453.4,0.145186
1749.12,0.174817
723.501,0.0723281
1055.07,0.105448
1819.82,0.181817
645.276,0.0645239
1020.44,0.10196
5738.87,0.573523
3468.8,0.346538
1517.98,0.151637
1138.29,0.113202
2127.06,0.212605
21552.5,2.1287
853.194,0.0852397
1972.89,0.125147
762.429,0.0761701
2146.17,0.214407
1047.61,0.104743
1266.83,0.126613
1853.78,0.185307
2032.44,0.201391
1071.4,0.107118
6387.04,0.638321
864.661,0.0864469
1975.12,0.197374
1524.63,0.15245
1370.22,0.136979
1021.72,0.102115
1163.08,0.116301
977.494,0.0975922
3294.78,0.328669
879.253,0.0879216
2241.77,0.223737
1110.59,0.111029
1778.83,0.177781
867.858,0.0867377
1288.31,0.128627
1199.21,0.119905
935.882,0.0935157
1290.86,0.128982
1172.56,0.117224
845.672,0.0843138
750.103,0.0749807
1785.92,0.178401
1313.1,0.131255
3220.9,0.322049
1103.49,0.110342
2119.61,0.211771
15675.5,1.56212
22265.3,2.2048
1202.76,0.120212
1739.17,0.173873
1325.45,0.132089
1013.01,0.101291
1000.69,0.100018
376.401,0.0376143
958.558,0.0958481
2188.88,0.218748
2708.9,0.270518
2224.07,0.222332
1165.87,0.116513
1105.64,0.110553
2507.58,0.250483
1296.94,0.129642
2891.54,0.288559
11497.5,1.14761
1375.41,0.137326
3096.54,0.309615
1217.12,0.121699
810.489,0.0810276
607.793,0.0607777
727.512,0.0726143
1720.03,0.171921
8448.43,0.842702
761.207,0.0759191
766.687,0.0766548
435.018,0.0432921
1377.75,0.137606
1683.75,0.16834
831.899,0.0831747
699.66,0.0698948
1051.06,0.10507
586.601,0.0586421
674.726,0.0674684
844.493,0.0843827
769.238,0.0769004
807.773,0.0806929
1435.05,0.1435
1461.72,0.146163
2224.51,0.221676
1458.32,0.145802
1022.47,0.102204
1886.7,0.18854
1288.55,0.128719
1257.17,0.125664
643.852,0.0643724
5800.2,0.578629
2653.33,0.265254
642.082,0.0641554
2122.4,0.211634
1819.34,0.181929
1558.68,0.155734
1562.7,0.156158
942.475,0.0942133
3271.1,0.325761
1062.05,0.106139
601.233,0.0601219
760.416,0.075607
10780.8,1.07613
1338.58,0.133804
989.83,0.0989767
757.382,0.0756395
3021.29,0.301914
1438.73,0.143697
1849.68,0.184875
1121.23,0.112119
1324.18,0.132386
1072.04,0.107179
768.053,0.0767755
1269.51,0.126942
1013.78,0.101338
807.142,0.0806201
777.011,0.0776785
790.89,0.0790764
1405.35,0.140525
516.285,0.0516256
1951.94,0.195185
1564.26,0.156331
1966.09,0.196586
1440.59,0.144042
1191.62,0.11913
4656.41,0.465487
1758.4,0.175605
1245.24,0.124376
1230.61,0.123044
850.711,0.0849952
2252.62,0.225207
1026.36,0.102557
849.171,0.0848955
880.065,0.0879652
1184.25,0.118365
787.024,0.0786577
2312.31,0.231133
871.797,0.0871672
791.734,0.0791672
1540.1,0.15391
2146.81,0.214648
1053.07,0.104664
652.154,0.0652003
1835.27,0.183501
1173.65,0.117356
1994.42,0.199395
465.744,0.0458896
713.293,0.0712644
918.282,0.0917843
1122.31,0.112193
1491.13,0.148647
1790.98,0.177434
1889.37,0.188775
985.349,0.0985067
1330.47,0.132911
1199.42,0.11993
1062.28,0.106171
1160.59,0.115659
655.18,0.0655014
1237.06,0.123701
1266.1,0.126601
1360.53,0.135848
1106.57,0.110565
1096.41,0.109597
625.272,0.0624723
1595.74,0.159534
1019.55,0.101936
1001.42,0.100137
1011.57,0.101146
1799.64,0.179954
3910.96,0.390851
1160.9,0.0976663
1142.42,0.114239
879.475,0.0878684
946.225,0.0945998
5204.17,0.51995
12663.9,1.26504
1152.93,0.115286
725.66,0.0725642
1539.23,0.153889
947.238,0.0947155
2406.63,0.240346
3115.08,0.311354
1330.7,0.133062
3196.37,0.319387
1260.25,0.125958
675.078,0.0675
5185.64,0.518465
1340.05,0.133788
1012.16,0.101179
1073.12,0.107198
1768.9,0.176858
1646.16,0.1646
4227.96,0.421791
2745.03,0.27432
884.27,0.0884152
3098.21,0.30972
899.4,0.0896602
5404.77,0.539802
1359.65,0.135882
1270.27,0.126986
790.066,0.0789824
1296.3,0.129617
967.529,0.094734
1728.8,0.172519
909.297,0.0909072
1942.63,0.194134
1159.61,0.115685
2096.98,0.209643
1067.21,0.106574
606.158,0.0605756
1665.59,0.166495
672.882,0.0672874
1426.98,0.142677
1149.66,0.114908
432.832,0.0432799
1703.97,0.170328
692.491,0.0692402
1373.56,0.137344
1209.48,0.120942
1298.34,0.129759
423.117,0.0423049
1316.73,0.131644
761.812,0.0761148
920.978,0.0920446
5214.57,0.521337
5733.9,0.572611
3838.26,0.383641
2263.12,0.226269
1011.16,0.101065
1404.53,0.14045
566.708,0.0566677
913.235,0.0912364
1235.4,0.123394
1525.34,0.152472
751.678,0.0751224
1201.71,0.120154
2352.41,0.235218
847.333,0.0846893
4970.3,0.496057
1296.01,0.129381
838.703,0.0837679
1366.37,0.136286
812.001,0.0811583
586.314,0.0586167
1402.84,0.140273
1458.02,0.145628
1452.28,0.145123
638.223,0.0636248
11323.7,1.13092
1135.21,0.113515
767.621,0.0767354
1600.7,0.159921
982.241,0.0982034
985.872,0.0984782
862.243,0.0861058
2158.63,0.215556
1291.07,0.129099
1317.89,0.131691
1434.44,0.143112
1148.25,0.114691
1236.25,0.123606
534.978,0.0534714
986.813,0.0986171
2194.48,0.219382
2428.31,0.241706
1620.85,0.162063
1052.06,0.105187
1643.15,0.164286
13104.8,1.30389
741.603,0.0741471
994.102,0.0993917
979.998,0.0979928
811.121,0.0810608
1082.35,0.108226
899.563,0.089945
1221.38,0.122117
839.064,0.0838261
744.719,0.0744623
599.955,0.0599263
1561.65,0.156095
3062.03,0.305969
596.963,0.0596922
2620.97,0.249136
719.836,0.0719234
13555.8,1.35509
1053.79,0.105369
909.357,0.0909167
1801.56,0.18001
953.989,0.0953157
1209.73,0.120967
1126.01,0.11259
1230.1,0.122967
6308.79,0.62957
942.933,0.0942211
1659.64,0.165893
938.805,0.0937384
1201.28,0.120039
1495.35,0.149422
654.661,0.065396
2100.89,0.207895
1060.87,0.106071
1055.81,0.105579
1465.21,0.14648
1078.77,0.107875
1178.1,0.117621
941.065,0.094064
977.385,0.0976308
2367.67,0.236513
1094.44,0.109185
773.745,0.0772037
3499.27,0.349346
806.18,0.0806109
1711.04,0.171063
928.279,0.0928021
725.693,0.0725528
1286.68,0.12866
965.572,0.0965266
648.65,0.0648441
991.795,0.0991734
1296.26,0.129612
793.846,0.0784386
1816.49,0.181472
1493.12,0.14917
1855.37,0.185479
1025.05,0.102488
1567.3,0.14807
8179.15,0.817107
1025.73,0.102566
591.748,0.0591644
1176.09,0.117528
1128.06,0.112706
643.141,0.0643032
1608.43,0.160829
970.735,0.097055
1324.12,0.131879
1003.39,0.100227
1449.06,0.144876
1822.81,0.182185
2051.92,0.205143
1060.67,0.105834
891.082,0.0863056
1623.33,0.162317
593.197,0.059301
4433.81,0.420508
665.641,0.0663876
657.518,0.065738
1219.64,0.121954
734.128,0.0733672
1058.84,0.105688
1337.81,0.133696
943.203,0.0943104
2008.96,0.200878
1064.67,0.106451
26733.2,2.66574
759.278,0.0757655
5225.84,0.522166
4377.88,1.90707
549.08,0.0548949
618.429,0.0618332
2334.22,0.23335
1441.5,0.14388
839.135,0.0838466
1532.98,0.153273
638.721,0.0638566
1982.08,0.198158
1489.97,0.148014
980.021,0.0978516
1009.13,0.100903
1295.13,0.129281
1407.97,0.140663
820.743,0.08205
1745.6,0.174492
998.381,0.0998218
1264.3,0.126412
1818.34,0.181686
891.487,0.0891389
1894.98,0.1894
786.529,0.077972
2809.89,0.280845
1413.38,0.141134
929.34,0.0929305
972.734,0.0972599
1033.84,0.10337
1231.9,0.12298
816.58,0.0815149
12858.3,1.27983
1433.4,0.143287
1285.09,0.128335
738.523,0.0738426
1609.74,0.160949
14692,1.46675
1554.51,0.155444
3194.01,0.319337
1143.04,0.113741
1360.47,0.136021
715.041,0.0714887
937.833,0.0937621
1320.06,0.131839
1141.18,0.114067
2253.29,0.225308
983.571,0.0983275
1010.85,0.101082
3740.85,0.373926
1694.3,0.16914
932.899,0.0932594
1330.98,0.133045
1306.55,0.130639
969.817,0.0969075
1114.64,0.111383
1193.5,0.119338
1155.51,0.115235
848.999,0.0848813
2019.99,0.201993
835.491,0.0834926
986.668,0.0985524
800.763,0.0800548
904.498,0.0904478
1070.82,0.107068
1326.28,0.132355
1056.12,0.105566
1040.51,0.10665
552.832,0.0552652
1047.01,0.104618
2634.67,0.262359
1434.58,0.143218
846.121,0.0845934
1288.36,0.128786
3074.54,0.306851
847.408,0.0846965
1240.26,0.124019
636.374,0.0635707
1100.23,0.110008
953.261,0.0951048
3036.57,0.302857
2173.89,0.217197
1732.7,0.172202
959.34,0.0958831
1174.41,0.117325
883.598,0.0882786
1138.79,0.113844
2217.8,0.22175
905.985,0.0905839
1500.09,0.149991
632.256,0.0630865
1207.92,0.12074
964.515,0.0963226
1029.32,0.102909
2235.7,0.223514
2053.61,0.205309
1039.05,0.103897
1472.79,0.147244
971.964,0.0971658
1066.03,0.106577
1163.63,0.116282
923.716,0.0923566
850.079,0.0850026
1007.47,0.10066
1260.66,0.125786
1948.45,0.194796
1257.03,0.125629
1199.43,0.11994
1175.52,0.117537
4639.27,0.463803
1042.24,0.10404
600.991,0.0600576
1084.14,0.108332
912.848,0.0911558
756.673,0.0756635
761.676,0.0760318
1477.78,0.147753
2306.87,0.230508
735.479,0.0735162
984.925,0.098395
866.991,0.0866959
4031.48,0.374138
1167.82,0.116639
898.766,0.0898738
1425.93,0.14256
740.877,0.0739496
1412.38,0.141193
2654.61,0.265211
1486.52,0.148536
1061.12,0.106105
3906.25,0.390154
2112.14,0.211075
722.508,0.0721467
1292.16,0.129162
1249.36,0.124887
785.088,0.0784981
1001.65,0.100111
941.52,0.0941494
1031.88,0.102984
1059.15,0.105896
905.483,0.0905248
1115.2,0.111506
776.145,0.0775873
908.405,0.090765
1367.79,0.136678
1755.13,0.175463
927.564,0.092747
979.095,0.0978198
807.462,0.080741
1033.21,0.103311
1249.09,0.124536
1187.63,0.118746
829.317,0.0829265
1206.22,0.120542
775.341,0.0775278
1443.19,0.144192
1411.05,0.141009
1079.58,0.107707
947.976,0.0946081
2800.61,0.280017
1300.36,0.129973
1309.83,0.130953
845.771,0.0845718
821.11,0.0821039
686.522,0.0684422
1446.93,0.144614
1651.41,0.165112
8581.78,0.855836
1120.5,0.11201
983.579,0.0982599
2114.3,0.21142
1708.59,0.170791
1085.19,0.108506
879.311,0.0877903
1331.92,0.131642
715.384,0.0715355
1375.54,0.137546
1010.99,0.101031
3730.77,0.372933
2712.91,0.27122
4469.49,0.446088
1385.5,0.138546
1049.75,0.1048
784.365,0.0783891
859.752,0.0859552
3340.91,0.33366
898.159,0.0897948
1088.4,0.10881
2503.26,0.250246
757.954,0.0756484
1222.54,0.122205
950.382,0.0949418
1079.35,0.107917
1054.63,0.105388
2226.61,0.222531
1455.27,0.145513
591.707,0.0591435
2427.18,0.242655
11616.5,1.16081
1069.98,0.106978
896.198,0.0896129
802,0.0801557
804.738,0.0804296
1464.12,0.145681
926.236,0.0923838
764.733,0.0764471
906.693,0.0906469
3452.57,0.345157
1384.49,0.138242
1087.69,0.108762
1174.17,0.116752
9231.81,0.920358
2541.37,0.253849
991.985,0.099011
1821.55,0.182107
668.84,0.066873
774.211,0.0774003
10876.3,3.03547
1488.58,0.148644
1017.77,0.101373
882.752,0.0882445
557.856,0.0555672
1688.16,0.16873
3763.4,0.375859
888.834,0.0886385
891.2,0.0891047
1312.93,0.131114
1476.26,0.147482
1238.53,0.123823
1082.38,0.108231
1343.98,0.134334
750.699,0.073317
842.866,0.0842476
1177.46,0.117458
995.587,0.0994047
1162.05,0.116168
1308.93,0.130789
1884.57,0.188376
2080.25,0.207887
824.523,0.0823617
1460.32,0.14602
846.189,0.0846034
1189.4,0.11876
2190.12,0.218916
4779.44,0.477162
968.838,0.0967781
1380.5,0.138016
4947.54,0.494517
912.985,0.0912617
2414.24,0.240968
1014.75,0.101429
2283.78,0.228335
1687.24,0.168563
1286.33,0.128531
2475.88,0.247514
1316.8,0.131617
1356.97,0.13568
864.275,0.0864179
1652.84,0.165228
1176.06,0.117482
2979.02,0.296673
1144.76,0.114312
921.441,0.0920299
4362.19,0.436021
2652.26,0.265113
777.512,0.077748
1525.68,0.152495
734.291,0.0734199
2625.56,0.262464
629.173,0.0625185
897.34,0.0897333
1703.84,0.170368
2128.63,0.21274
1044.48,0.104372
961.778,0.096066
1874.91,0.187151
974.945,0.0961516
1009.85,0.100889
1774.52,0.177345
1614.95,0.161248
718.797,0.0717349
23330,2.3132
908.507,0.0908373
2363.42,0.234026
759.59,0.0759512
1731.73,0.173129
1324.23,0.132373
1799.08,0.179813
1168.91,0.116852
1490.29,0.148983
530.991,0.0530896
683.932,0.0683519
1463.66,0.14626
455.479,0.0455401
1130.46,0.113015
1286.18,0.128503
522.84,0.0522671
2094.19,0.209368
1278.09,0.127776
10072.7,1.00514
676.564,0.067273
1261.91,0.125958
1256.72,0.125655
2702.13,0.269612
8638.09,0.862172
2446.11,0.244474
1602.36,0.16014
1650.68,0.165048
719.581,0.0719563
1694.74,0.169463
1138.23,0.113781
1052.87,0.105273
715.629,0.0715593
1510.79,0.151057
2655.99,0.26546
1471.21,0.147101
1268.22,0.126768
582.077,0.0581981
3046.86,0.29731
1048.68,0.104765
1803.86,0.18033
1626.27,0.162405
1463.47,0.145881
715.071,0.0715029
890.58,0.0890435
1094.13,0.109408
1441.66,0.143994
1278.31,0.127781
1120.28,0.112008
772.935,0.0772411
1419.28,0.138813
975.714,0.0975559
1083.98,0.108394
2039.53,0.203908
3507.71,0.350454
1689.41,0.168815
900.493,0.0899942
872.824,0.0872015
896.279,0.0894719
2150.47,0.214654
1990.58,0.197561
1171.64,0.117161
1952.16,0.195135
608.1,0.0607968
1658.99,0.165823
4110.61,0.410955
2966.45,0.296426
917.119,0.087825
4157.38,0.415455
1606.93,0.160661
1755.62,0.17554
4526.67,1.74506
2097.92,0.209743
2650.68,0.261936
2064.09,0.206237
1514.54,0.151408
1065,0.106493
1133.66,0.113332
1045.7,0.104566
2146.58,0.209252
2233.24,0.223223
1129.57,0.112939
8589.32,0.856883
1363.01,0.13584
937.855,0.0937822
1057.83,0.105502
1258.97,0.125821
896.341,0.0896231
655.078,0.0654302
1478.89,0.147558
1632.94,0.163285
831.948,0.0831612
1180.75,0.118016
1490.03,0.148954
880.906,0.0880825
1151.15,0.115046
1163.15,0.116123
1495.29,0.149527
1799.51,0.17952
2386.64,0.233506
1780.84,0.177977
714.052,0.0713856
2025.01,0.202489
1372.17,0.137158
1592.35,0.159152
980.679,0.098025
2840.1,0.283716
1001.77,0.100143
2676.66,0.26759
2954.37,0.29534
527.963,0.0527716
1880.49,0.188004
987.766,0.0985843
2189.08,0.21873
492.167,0.049174
1504.98,0.150459
2546.85,0.254602
2486.25,0.248442
1586.86,0.158655
2098.36,0.209342
933.312,0.0933237
1731.1,0.173061
966.323,0.0965966
1110.23,0.0829287
1229.54,0.1229
1517.05,0.151609
987.349,0.0986802
660.053,0.0658078
1094.01,0.109355
1559.08,0.155844
1159.52,0.115749
752.25,0.0752186
1457.15,0.145607
974.55,0.0974473
1324.55,0.132378
1519.53,0.151939
1759.12,0.17583
848.493,0.084846
3567.78,0.356095
2322.99,0.232257
1236.56,0.12362
2182.99,0.217889
1486.55,0.148649
1592.88,0.158668
1005.45,0.10051
3357.4,0.335625
2629.73,0.262927
3512.01,0.350709
2903.82,0.290267
738.258,0.0738067
1288.23,0.128763
1029.31,0.10292
1536.07,0.153577
1955.57,0.195434
1169.74,0.116964
1136.72,0.113657
2387.75,0.23868
1934.09,0.193398
1626.49,0.162501
1053.79,0.105371
1497.7,0.149737
1407.89,0.140739
9910.88,0.987313
1186.7,0.118593
4261.52,0.42586
1184.96,0.118471
982.782,0.098269
1026.24,0.102622
752.369,0.0752278
731.413,0.0731258
1680.73,0.168018
847.982,0.0847922
912.541,0.0912278
1274.17,0.127166
1115.66,0.111564
2515.02,0.251417
1322.32,0.131571
1120.14,0.111937
8923.12,0.889754
763.981,0.0763513
1768.66,0.176839
1236.45,0.123622
679.516,0.0679485
1283.37,0.128318
1190.94,0.118962
1962.38,0.196033
2454.92,0.245426
1098.28,0.109355
11515.7,1.14716
1714.24,0.171382
1251.42,0.125136
1091.9,0.108992
2629.5,0.262493
575.369,0.0575091
1443.64,0.144354
974.043,0.0971201
2188.25,0.218496
1458.83,0.145765
1063.46,0.106344
634.791,0.0634291
9623.08,0.961
594.667,0.0594581
681.814,0.0681772
1022.89,0.102166
1047.67,0.104761
1175.38,0.117505
744.01,0.0743387
962.988,0.0962336
2145.53,0.214538
2866.43,0.286309
2576.56,0.257294
1166.78,0.11666
1079.56,0.107936
1026.17,0.102607
574.861,0.0574631
2533.93,0.253354
2244.02,0.224364
1032.97,0.103246
1407.75,0.140687
1876.57,0.187497
1215.46,0.120859
799.365,0.0798362
751.549,0.0751488
1324.4,0.132418
942.081,0.0941894
1672.12,0.167192
861.686,0.0861676
1617.08,0.161697
1086.4,0.108627
1690.81,0.169051
1012.9,0.101215
800.989,0.0800873
1520.65,0.152006
2775.37,0.277083
2174.37,0.217201
3321.36,0.331494
3566.13,0.356517
836.053,0.083601
3496.73,0.349577
1320.76,0.131968
6449.37,0.644153
1256.32,0.125532
2815.77,0.281354
2635.08,0.263458
1581.65,0.158143
1518.4,0.151831
2264,0.226352
858.41,0.0857775
1154.44,0.115422
1876.53,0.187628
752.204,0.0752176
1132.91,0.113207
2475.71,0.247446
1685.49,0.168472
2673.41,0.267197
1031.05,0.103095
1890.8,0.189035
1345.44,0.134502
1086.7,0.108617
909.687,0.0909063
923.346,0.0920889
1049.34,0.104857
1126.36,0.11262
1198.82,0.119857
797.438,0.0797067
1066.68,0.10665
1393.06,0.139275
1321.59,0.132148
882.927,0.088284
1982.72,0.198233
1551.92,0.155161
2564.7,0.256287
1697.84,0.169624
753.134,0.0751626
895.774,0.0895348
940.313,0.0935629
929.94,0.0925535
1293.45,0.129259
682.233,0.0682211
587.548,0.0587385
3996.97,0.399518
897.852,0.0892703
2051.23,0.204478
787.518,0.0787253
574.077,0.0574066
1702.7,0.17008
1682.41,0.168226
2013.04,0.201252
937.642,0.0937618
1071.68,0.10712
841.165,0.0840326
6024.2,0.602323
1794.67,0.179428
2194.94,0.219249
903.406,0.0903189
962.286,0.0961928
786.991,0.0786566
1771.82,0.177093
1128.06,0.112759
4806.63,0.479819
14308.7,1.42614
1524.27,0.152331
2183.63,0.218337
4792.12,0.478964
1711.94,0.171136
1892.66,0.189139
518.052,0.0518046
1214.44,0.121332
1548.65,0.154816
2913.16,0.291077
1398.17,0.139801
1770.13,0.176972
319.089,0.0319035
537.861,0.0537751
1008.98,0.100871
1174.46,0.117304
766.581,0.0765238
2016.65,0.20159
573.141,0.057306
1262.49,0.126229
1374.17,0.137402
1827.07,0.181856
1066.68,0.106641
6552.13,0.653627
2428.13,0.242765
1582.37,0.157899
3038.38,0.303709
1709.94,0.170971
1338.83,0.133845
1570.75,0.157037
697.486,0.0694031
1056,0.105591
831.291,0.0831116
753.504,0.0752644
1081.92,0.108186
1068.49,0.106821
1251.38,0.11624
1170.66,0.117057
3955.51,0.395356
2395.48,0.239412
1331.95,0.133066
986.5,0.0984539
1665.98,0.16638
903.414,0.0903212
1208.85,0.120786
1003.3,0.099753
957.236,0.0957101
1065.04,0.106474
1130.01,0.112968
1006.42,0.0956587
814.113,0.0812789
847.282,0.0842904
3072.02,0.307047
937.553,0.0937179
1174.89,0.117334
1301.37,0.130047
1236.89,0.123564
897.239,0.0896321
1708.79,0.17062
1489.65,0.148937
947.492,0.0947366
541.415,0.0541139
2353.31,0.235086
1295.14,0.129486
2326.44,0.232603
1141.32,0.114123
954.004,0.0952976
2795.49,0.279194
818.613,0.0818434
4629.51,0.462845
836.224,0.083597
1466.41,0.146612
1986.81,0.19863
2779.84,0.277777
1596.71,0.159509
1905.9,0.19192
2328.55,0.232626
1271.45,0.127061
843.43,0.084294
1244.26,0.12424
902.424,0.090218
1122.65,0.11218
3086.11,0.308564
1424.93,0.142479
803.472,0.0802897
2665.51,0.265997
1411.5,0.140999
1237.12,0.123696
1695.2,0.169491
3496.66,0.349407
1335.35,0.133444
1696.52,0.16963
1136.15,0.113598
1087.53,0.10873
890.421,0.0890359
868.922,0.0867854
919.496,0.0919365
1290.34,0.128999
1145.27,0.11451
836.29,0.0835643
1707.02,0.170686
915.738,0.0914611
960.035,0.0959677
10127.8,1.00675
704.056,0.0703805
1622.84,0.140016
865.885,0.0865824
1744.23,0.17424
2014.17,0.201367
847.804,0.0847154
633.511,0.0633122
1380.72,0.138048
6733.47,0.671775
1252.94,0.125275
988.76,0.0988415
682.487,0.068245
1094.12,0.109398
833.767,0.0833671
663.301,0.0663198
950.665,0.095012
692.653,0.0692373
1112.93,0.111262
4362.38,0.435922
1879.51,0.187936
1281.11,0.12806
797.157,0.0796589
1736.95,0.173625
1773.08,0.177028
1248.65,0.124859
1433.52,0.143331
1294.24,0.129335
1318.77,0.131709
5815.56,0.581237
1823.49,0.182329
1439.74,0.143954
843.151,0.0841698
1015.54,0.101529
883.142,0.0883068
1208.17,0.120811
1062.96,0.106177
1024.1,0.1024
1622.06,0.161885
1124.77,0.112469
672.616,0.0672141
1770.1,0.176966
1034.58,0.103435
2252.61,0.225032
945.108,0.0944964
2565.54,0.256526
1859.46,0.185041
2103.8,0.210345
1081.19,0.107947
1670.28,0.16693
3147.81,0.314364
813.196,0.0813039
5461.92,0.545725
1172.54,0.117246
1031.6,0.10313
863.588,0.0863536
735.97,0.0733842
1242.64,0.124108
781.811,0.0779718
2354.96,0.235349
1729.68,0.172938
858.053,0.0857985
990.135,0.0988698
1204.3,0.120342
1853.48,0.185187
2692.26,0.26909
1536.17,0.153576
2609.64,0.260889
998.315,0.0995377
2185.51,0.218451
1806.45,0.180581
925.94,0.092589
1712.41,0.170896
1581.14,0.158097
2484.76,0.248302
1136.76,0.113627
810.881,0.0810335
282.68,0.0282624
2010.41,0.200916
2558.64,0.255721
1383.16,0.138238
1150.7,0.11496
656.661,0.0654724
815.02,0.0814774
1569.79,0.156842
1017.97,0.101628
1369.56,0.136897
1382.01,0.138171
1611.01,0.161097
1144.72,0.114383
1349.6,0.13473
1222.86,0.122265
878.573,0.0878469
1192.64,0.119224
1471.74,0.147151
1241.21,0.124075
715.898,0.0715724
607.992,0.060794
712.94,0.0712882
1526.09,0.152558
1685.77,0.168368
7355.52,0.734049
1473.53,0.147288
845.132,0.0844187
1017.12,0.101696
755.584,0.0753969
1430.39,0.142765
1871.37,0.18698
584.123,0.0583938
2131.61,0.21306
1828.92,0.182809
1878.99,0.187884
1101.81,0.110166
773.034,0.077279
1590.62,0.159043
930.87,0.0930809
1495.42,0.149497
3026.35,0.302347
969.952,0.0968859
710.76,0.0710609
1653.45,0.165084
1551.86,0.155115
1090.83,0.109052
1306.64,0.130644
795.756,0.0795494
1167.56,0.11655
785.259,0.0784008
1136.44,0.113511
1104.4,0.110431
1433.12,0.143283
2062.25,0.206027
1413.94,0.141357
1111.96,0.11112
1133.27,0.113239
1012.2,0.101209
3392.99,0.339115
1664.57,0.16624
1154.73,0.115415
745.744,0.0745069
1511.67,0.151027
2715.57,0.271471
530.557,0.0519786
697.63,0.0697387
2340.93,0.233984
853.348,0.0853119
892.964,0.0892786
559.662,0.0559411
912.777,0.0912242
853.106,0.0853036
1063.37,0.106254
768.58,0.0768487
3303.8,0.330098
1374,0.137393
1028.49,0.102825
1926.54,0.192256
755.268,0.0755121
2000.9,0.20006
2575.8,0.257537
1061.23,0.106119
1500.43,0.149624
1137.62,0.113533
878.051,0.0876673
1543.31,0.154246
707.156,0.0707107
1798.6,0.179734
1110.41,0.110967
1018.54,0.101768
704.639,0.0703586
776.616,0.0776496
908.03,0.0899339
3256.98,0.324639
898.101,0.0897992
1258.05,0.125795
2088.95,0.20879
1208.56,0.120817
1434.26,0.143406
977.612,0.0974863
1397.05,0.139548
1385.42,0.13852
4448.27,0.444164
716.319,0.0714208
542.465,0.0542363
1677.34,0.167719
1968.88,0.196591
4385.49,0.438126
2062.42,0.206032
3328.04,0.332691
2984.88,0.298134
2982.93,0.29812
870.249,0.0870142
2379.84,0.237943
1018.56,0.101765
3237.34,0.323221
978.912,0.0978352
680.362,0.0673101
622.176,0.0621347
636.166,0.0636063
797.474,0.0797204
976.821,0.0975845
676.948,0.0676458
892.849,0.0891921
1437.28,0.143723
2069.36,0.206826
904.161,0.0903796
2432.86,0.242143
1216.05,0.121596
1008.22,0.100807
1860.5,0.186034
923.392,0.0922754
2818.3,0.28165
1638.91,0.163876
973.155,0.0973078
3235.69,0.323452
1138.62,0.113632
2005.21,0.20047
1973.68,0.197344
1400.16,0.139901
974.064,0.0973567
1125.88,0.112569
1074.63,0.107429
1752.83,0.175147
1454.36,0.145429
1345.11,0.134491
758.011,0.0757992
1329.72,0.132898
1657.45,0.165633
2840.53,0.283939
2818.24,0.281736
1347.6,0.134692
1633.64,0.163354
1065.5,0.106456
1084.53,0.108443
1116.25,0.111595
1347.43,0.134694
1385.76,0.13856
688.298,0.0687026
2043.17,0.204241
3346,0.333974
1467.5,0.146671
1851.62,0.185041
4460.83,0.445595
5480.48,0.547645
728.731,0.0727964
1903.24,0.190273
1741.11,0.17397
1120.48,0.111832
1092.63,0.109213
1234.33,0.123275
636.378,0.0636311
830.2,0.0830104
2137.74,0.213723
1253.16,0.125041
495.086,0.0494789
1407.42,0.140685
798.304,0.0797947
2019.46,0.201874
626.705,0.0626658
2169.4,0.216681
1526.37,0.152588
1419.5,0.14178
1734.01,0.173327
609.745,0.060972
1098.41,0.109825
1051.56,0.105148
1049.38,0.104916
1419.61,0.141892
1405.08,0.140452
1189.88,0.11897
2594.74,0.25945
926.819,0.0925829
7621.75,0.761227
782.891,0.0782847
2568.41,0.256797
860.392,0.0860075
2432.57,0.24199
1208.8,0.120439
1597.28,0.159612
862.286,0.0862196
949.447,0.0949311
578.7,0.0576679
1042.11,0.104183
2158.21,0.215519
1363.22,0.1363
2106.97,0.210645
1317.74,0.131767
1151.98,0.115151
922.4,0.0921219
1475.94,0.147468
1014.28,0.101381
1694.62,0.169337
639.419,0.0639214
735.482,0.0735429
1810.65,0.180711
861.276,0.0861047
1276.01,0.126428
1044.27,0.10424
2056.36,0.204371
963.674,0.0963457
995.845,0.0995609
838.568,0.0837792
1659.73,0.165954
1813.63,0.181329
562.587,0.0561627
1276,0.127564
1876.2,0.187509
840.381,0.0840316
820.436,0.0820255
1664.74,0.166323
521.203,0.0520446
4937.15,0.49343
14300.8,5.17209
534.142,0.0533232
852.532,0.0851541
3674.12,0.36665
997.126,0.0996779
818.7,0.0816685
1220.43,0.121869
1255.1,0.125494
875.278,0.0868408
1555.25,0.155485
4446.82,0.444021
1724.12,0.17209
1308.55,0.130833
798.346,0.0798214
728.338,0.0728043
755.116,0.0754823
951.56,0.0951541
700.315,0.0699505
3542.7,0.354063
770.054,0.0769979
905.512,0.0905374
3892.7,0.389156
1140.01,0.113958
1674.62,0.16744
1290.55,0.129029
1350.38,0.135011
777.352,0.0777087
934.79,0.0934616
1496.05,0.149494
1608.44,0.160759
1325.79,0.132556
872.051,0.0871231
845.664,0.0843949
1355.09,0.134904
1117.93,0.111719
644.054,0.0643917
1038.53,0.103835
1055.7,0.105503
1204.45,0.120399
1405.2,0.140507
1907.67,0.190704
1269.54,0.126792
2028.89,0.20277
848.319,0.0848163
985.024,0.0985005
1321.81,0.132056
909.507,0.0909203
956.046,0.0955934
876.613,0.0875794
1137.38,0.113661
944.773,0.094456
2235.33,0.223422
825.991,0.082595
1477.49,0.147735
930.095,0.0929408
886.64,0.0886381
825.975,0.0825809
2532.21,0.253183
917.811,0.0917639
775.876,0.0774326
1435.73,0.143478
852.787,0.085262
463.841,0.0463299
1213.7,0.121337
3797.02,0.378502
952.992,0.0952811
969.42,0.0968696
1082.8,0.108273
1638.35,0.163779
1155.86,0.115583
1048.2,0.104753
1242.68,0.124133
1295.15,0.129488
1748.39,0.174808
2296.68,0.229424
752.116,0.074786
1714.02,0.171371
631.453,0.0631144
929.589,0.0929439
3364,0.336231
1080.41,0.108037
3506.05,0.350344
4530.98,0.452874
2672.29,0.266784
849.649,0.0848933
5598.87,0.559264
1293.42,0.129327
1001.84,0.100059
789.844,0.0789813
854.451,0.0853756
2472.53,0.24705
1292.57,0.129246
1000.33,0.0999981
1234.72,0.123214
1164.15,0.116293
1498.79,0.149617
2437.27,0.243619
491.715,0.0491706
917.849,0.0917412
1319.21,0.131904
1318.52,0.131828
986.799,0.0986034
1300.25,0.129951
1026.74,0.102429
1330.06,0.132923
1052.98,0.10519
1274.46,0.127432
2708.57,0.270659
872.556,0.0871744
1340.64,0.133998
1534.3,0.15282
1114.36,0.111431
919.41,0.0919069
22341.9,2.21684
8275.79,0.826513
1446.63,0.144185
1866.25,0.1866
883.087,0.0882409
1569.4,0.156848
663.631,0.0663573
2516.36,0.251507
1700.64,0.17005
828.308,0.0827939
964.1,0.0964077
2449.66,0.244931
1454.61,0.145211
1131.02,0.11303
1070.51,0.107048
5176.67,0.517517
1071.95,0.10718
1160.59,0.115895
1152.77,0.115243
839.055,0.0838279
659.408,0.06593
1357.37,0.135647
1648.28,0.164603
1293.62,0.12917
1244.9,0.124474
692.611,0.0691404
1025.75,0.102531
1200.17,0.119981
1104.75,0.110442
2595.25,0.259514
7716.53,5.9601
668.611,0.0668232
1273.4,0.1271
1575.7,0.157505
1278.14,0.127744
10251.4,1.02211
1010.29,0.100995
1691.75,0.169145
12675.3,1.26574
984.05,0.0983987
1312.99,0.131287
1195.55,0.119486
1396.25,0.139568
1111.24,0.111094
2667.52,0.266465
1835.15,0.183203
725.494,0.0725038
915.924,0.0914393
1159.55,0.115894
1421.65,0.141914
1087.4,0.108717
4022.35,0.401951
3140.94,0.313683
1389.75,0.138942
622.218,0.0622209
1076.62,0.107605
759.849,0.0758494
1019.68,0.101956
799.469,0.0798585
1373.22,0.13716
18038.5,3.56363
1267.93,0.126747
2346.18,0.234037
1175.77,0.117515
936.541,0.093549
1087.24,0.108583
1192.3,0.1192
947.549,0.094748
3788.07,0.378129
1167.22,0.116685
1416.65,0.141604
725.183,0.0725076
912.371,0.0911978
627.385,0.0626908
845.662,0.0845528
1356.58,0.135508
6506.08,0.649829
1796.91,0.179676
1144.32,0.114421
1262.89,0.126237
1110.93,0.111089
1607.97,0.16053
975.702,0.0974512
1819.16,0.181846
1176.62,0.117631
1167.71,0.116744
1785.68,0.178553
1247.75,0.124733
1732.68,0.173231
761.562,0.0760515
1145.53,0.114415
2493.98,0.249377
841.41,0.084119
1441.27,0.144095
887.95,0.0887075
703.987,0.0703241
925.012,0.0924764
18325.6,1.82103
3319.27,0.331621
502.333,0.050143
3967.86,0.396708
1195.18,0.119478
1452.4,0.145219
989.259,0.0987347
3398.67,0.339298
2252.48,0.224048
1884.4,0.188355
780.874,0.0780853
1275.42,0.127514
790.901,0.0790599
1832.57,0.183099
902.2,0.0901892
837.652,0.0837556
3948.52,0.393611
1353.23,0.135304
1159.59,0.115954
756.424,0.0756288
1167.53,0.116706
915.899,0.0915696
2858.24,0.285752
1372.01,0.137105
1300.75,0.130006
634.129,0.0633371
2546.56,0.254627
1302.73,0.130121
1061.21,0.105916
966.854,0.0966627
1174.74,0.117423
1079.57,0.107883
1126.34,0.112617
820.938,0.0820016
1733.39,0.173303
4577.11,0.457097
1858.53,0.185793
810.889,0.0810663
2048.39,0.204541
828.212,0.08273
1288.51,0.128607
944.762,0.0944657
1508.56,0.149829
1046.2,0.104593
3481.58,0.347987
540.727,0.05405
1323.67,0.132195
730.272,0.0730156
2114.01,0.211249
1561.21,0.155835
1035.54,0.103493
547.765,0.0547597
2136.99,0.213681
1155.38,0.11508
929.839,0.0929701
1174.43,0.117417
770.806,0.0770704
673.441,0.0672002
958.294,0.0952055
1104.67,0.110449
1383.38,0.138137
1075.28,0.107508
1977.09,0.197698
983.423,0.0983354
885.136,0.0885105
632.733,0.0632688
1312.37,0.131173
1531.04,0.153091
15709.3,1.56639
742.967,0.0742934
1683.54,0.16828
1521.11,0.152096
1473.03,0.147157
969.898,0.0969529
706.18,0.0705709
907.151,0.0905993
954.282,0.0953768
1515.17,0.151349
791.476,0.0791235
4752.22,0.47466
687.235,0.0687036
1465.25,0.146261
2713.03,0.271229
677.136,0.0677115
1514.19,0.151402
1309.17,0.130875
4191.4,0.417999
4301.97,0.429549
924.164,0.0922853
2964.08,0.296264
1950.14,0.194915
930.904,0.0930802
2075.44,0.207447
1742.1,0.174056
817.573,0.081742
678.942,0.0678654
984.543,0.0984451
1123.53,0.11234
3573.38,0.356854
811.465,0.0811169
839.019,0.0838697
726.444,0.0726191
684.399,0.0684256
532.543,0.0531276
1436.43,0.143609
766.293,0.076541
977.236,0.0977054
1137.54,0.11371
1013.61,0.101269
1100.71,0.110065
1329.56,0.132931
2162.54,0.216033
713.625,0.0712997
2711.42,0.270715
1483.87,0.148307
658,0.065713
3088.45,0.308738
821.578,0.0821547
1560.16,0.15599
1000.12,0.099795
1796.25,0.425291
1123.23,0.112298
1640.36,0.163997
1093.09,0.109286
1858.1,0.18578
1114.37,0.111409
1456.8,0.145142
1520.62,0.152018
1069.79,0.106947
2673.76,0.267205
1569.49,0.156778
1329.46,0.132896
1654.09,0.165362
920.387,0.0920292
1230.94,0.122965
728.812,0.0728765
1346.71,0.134605
776.378,0.0776195
2586.92,0.258555
1396.38,0.139606
887.768,0.0887715
2015.5,0.200325
1397.24,0.139574
2045.02,0.204403
810.259,0.0809431
1618.05,0.161673
966.191,0.0966137
893.446,0.0892259
4053.61,0.405106
806.703,0.0806577
2293.34,0.229003
975.359,0.0975053
1321.99,0.132195
2492.43,0.247793
3681.96,0.368124
1973.36,0.19723
2445.08,0.242805
589.341,0.0588964
1022.07,0.102192
20612.8,2.05969
1041.92,0.104175
1900.62,0.189961
941.569,0.0940201
818.328,0.0818126
3127.22,0.312584
1778.43,0.177103
1042.84,0.104279
817.193,0.0816519
1048.36,0.104821
1454.34,0.145395
2687.44,0.268634
1129.68,0.112964
801.401,0.0800947
3994.24,0.399106
4651.27,0.464816
1017.21,0.101642
779.137,0.0779105
645.69,0.064566
770.886,0.0770831
691.053,0.0690678
3905.89,0.389556
2116.74,0.211489
1351.22,0.135116
635.194,0.0645767
1198.12,0.119775
1576.17,0.157434
1430.59,0.143047
1102.01,0.11019
698.587,0.0698344
2051.49,0.204977
1103.35,0.110197
1680.35,0.168012
1168.71,0.116324
2345.46,0.234355
961.798,0.0959485
1737.98,0.173736
892.301,0.0892261
802.934,0.0802786
2211.89,0.220642
1645.42,0.164462
735.772,0.0735581
1438.05,0.143752
1587.02,0.15845
1991.36,0.198643
2905.89,0.290447
1186.15,0.118561
1218.05,0.121698
1787.46,0.178419
682.801,0.0682536
814.257,0.0814208
1087.63,0.108748
1344.48,0.134426
2073.33,0.207306
1264.23,0.126383
879.623,0.0879036
1773.88,0.176717
760.269,0.0759837
3199.55,0.319682
1154.93,0.115483
779.853,0.0779844
1037.51,0.103624
817.349,0.0817254
8889.79,0.884984
2397.58,0.239732
2108.05,0.210654
2452.7,0.244868
903.118,0.0903069
1174.89,0.116187
1435.1,0.143474
1023.1,0.102262
1026.34,0.102533
579.206,0.057895
802.298,0.0802112
826.208,0.0825646
1623.89,0.162232
1701.26,0.170112
1735.75,0.173502
1921.65,0.192128
1157.06,0.115637
639.016,0.0638859
1018.86,0.10187
3526.25,0.352215
1880.73,0.187843
526.363,0.0526104
902.83,0.0902306
908.855,0.090859
1111.97,0.111171
1309.38,0.130772
809.014,0.0807555
1595.71,0.159548
1105.79,0.110516
2726.71,0.272525
1880.39,0.187807
1340.21,0.133613
692.941,0.0692924
933.606,0.0933273
1683.28,0.163541
2188.58,0.218783
3052.13,0.30471
977.918,0.0977819
1371.03,0.128571
1203.01,0.120245
5654.45,0.565328
4499.2,0.378555
1639.24,0.163883
1407.07,0.14067
1297.58,0.129725
743.521,0.0742614
6700.31,0.667892
1918.2,0.191811
887.81,0.0887451
3176.01,0.317533
1195.71,0.119438
1827.35,0.182664
2818.16,0.281705
867.267,0.0867202
866.31,0.0865827
6276.19,0.626886
2528.62,0.252736
1226.7,0.122651
1676.86,0.167444
1002.13,0.100182
9423.65,0.940032
18553.3,4.13854
1045.71,0.104533
1354.16,0.134786
9051.78,0.902823
655.695,0.0655239
3882.1,0.388037
1510.56,0.150986
1255.68,0.125183
1197.79,0.119674
1561.6,0.156148
834.81,0.0834724
1072.09,0.107181
1667.07,0.166604
1823.95,0.182224
1278.16,0.127773
790.676,0.0790051
861.331,0.0860511
1430.02,0.142907
848.916,0.084873
822.831,0.0822797
542.284,0.0542162
1743.22,0.174248
1327.12,0.132615
419.371,0.0419272
1332.25,0.133208
1009.6,0.100956
531.084,0.0531072
1313.51,0.131325
1182.68,0.118245
854.487,0.0853987
711.313,0.0710267
967.247,0.0967036
665.903,0.0665829
844.244,0.0843581
2838.39,0.283622
754.687,0.0754349
1357.99,0.135786
984.557,0.0984128
1271.35,0.127081
792.06,0.0791996
3495.44,0.349457
559.589,0.0559522
1361.74,0.136079
1767.34,0.176645
974.46,0.0974153
1163.44,0.11634
11682.2,1.16422
2961.93,0.296102
9962.7,0.991528
1233.17,0.123242
1070.78,0.10674
1517.74,0.151709
2300.89,0.229957
4161.09,0.416001
966.869,0.0966681
4177.39,0.417471
2281.5,0.227876
903.086,0.0902986
3587.41,0.358397
1806.66,0.180625
4074.08,0.389973
1704.53,0.170248
323.244,0.0323132
788.041,0.0787872
970.341,0.0967797
963.459,0.0941598
1852.48,0.185193
437.547,0.0437051
1002.66,0.100157
814.826,0.081399
1689.99,0.168997
1110.92,0.111075
1272.44,0.126914
1070.22,0.10696
2626.52,0.262622
1341.27,0.133926
1083.55,0.108348
831.872,0.0809014
2369.83,0.236929
598.262,0.0598133
1051.69,0.10516
1199.36,0.119662
849.425,0.0849255
1822.14,0.181772
1570.32,0.156891
1305.3,0.130493
1349.96,0.13491
1113.82,0.111369
1185.04,0.118491
7600.52,0.759547
1581.95,0.156894
1256.43,0.121638
1098.37,0.109829
1015.46,0.101464
989.577,0.0989062
960.976,0.0960464
2416.59,0.241443
1669.2,0.166904
3282.15,0.328028
976.362,0.097576
2079.38,0.20789
925.002,0.0924896
1149.19,0.114917
2326.31,0.231901
1854.63,0.185262
3581.69,0.358144
835.349,0.083518
1165.27,0.11596
707.799,0.0706876
1590.08,0.158953
2910.47,0.29082
981.803,0.0981658
987.816,0.0986748
1210.27,0.120979
971.986,0.0971894
1028.92,0.10274
2910.89,0.29092
1083.13,0.108294
1190.57,0.118899
1978.87,0.197071
1295.92,0.129556
868.824,0.0868669
1833.95,0.182961
1336.78,0.133667
1368.07,0.136789
1346.55,0.13457
872.722,0.0871227
973.592,0.0973505
718.456,0.0718347
976.291,0.0972982
1082.05,0.108195
5650.25,0.564627
3481.64,0.347164
868.809,0.0868333
1281.94,0.127683
966.937,0.0966525
1624.35,0.162413
1020.15,0.101974
1256.38,0.125195
1220.09,0.121953
1129.78,0.11287
906.329,0.090588
909.009,0.0908936
2138.37,0.213756
1292.18,0.129193
2797.15,0.279218
1662.64,0.166228
950.8,0.0950025
2306.61,0.23052
991.422,0.0991124
1388.28,0.138816
1657.4,0.151311
2086.03,0.208576
1264.71,0.126361
1065.08,0.106503
912.434,0.0911797
665.576,0.0663865
1756.61,0.175608
825.495,0.0825306
1322.97,0.132284
832.114,0.0831424
10389.1,1.03661
1092.54,0.109239
1324.28,0.132223
684.271,0.0684229
1462.34,0.145809
1642.15,0.164112
999.842,0.0999435
2951.54,0.295087
1066.47,0.106611
1222.9,0.122275
1243.87,0.124311
617.106,0.0616715
1236.65,0.123653
554.971,0.0554564
814.318,0.0814299
1560.82,0.155902
3454.02,0.345318
936.982,0.0935865
678.956,0.0678775
1960.12,0.195494
1558.82,0.155852
554.495,0.055447
1310.79,0.131001
2119.91,0.211919
1242.9,0.124088
1339.06,0.133816
2300.82,0.230027
1437.3,0.143713
1094.15,0.109403
1051.47,0.105085
1922.73,0.192224
1014.82,0.101478
1410.9,0.141058
1071.62,0.107132
1062.84,0.106278
1782.22,0.178183
1065.12,0.10645
1245.42,0.124388
1227.42,0.122703
1721.69,0.172133
6001.01,0.599226
1134.65,0.113445
12643.3,1.26252
1680.25,0.167942
508.297,0.0507791
1323.19,0.132296
1471.41,0.147111
1509.02,0.150897
1746.84,0.174678
1784.53,0.17844
1678.04,0.167654
741.786,0.0741532
1955.53,0.19553
1522.97,0.152269
1299.12,0.129884
3127.55,0.312673
698.514,0.0698047
1961.41,0.195954
658.678,0.0658389
798.05,0.0797746
832.842,0.0832739
1079.78,0.107868
1242.85,0.124157
1017.45,0.101695
5601.77,0.55908
1204.79,0.120467
1322.05,0.132135
2493.45,0.249321
2783.9,0.278349
1028.21,0.102812
766.42,0.0766267
918.814,0.0904942
1040.28,0.104011
2149.8,0.214205
565.161,0.0564758
1213.38,0.12132
2871.24,0.286982
1152.9,0.114908
1203.18,0.12031
5912.84,0.589986
914.658,0.0912574
4322.98,0.431915
1802.45,0.180158
1149.65,0.112094
4542.58,0.454065
1583.41,0.158326
809.882,0.0809599
1072.38,0.107075
1401.56,0.139981
926,0.09259
7914.17,0.790572
1573.39,0.157185
1198.8,0.119658
1105.97,0.110506
1304.84,0.130301
1202.62,0.120066
1738.57,0.17344
1034.25,0.103405
2657.22,0.260167
884.878,0.0884637
1854.45,0.112511
1324.16,0.13239
766.923,0.0766718
1462.31,0.146027
2212.5,0.22075
1083.19,0.108038
3986.07,0.397747
3369.34,0.336512
4887.14,0.488072
1502.88,0.150232
920.05,0.0919953
6068.78,0.606337
1194.89,0.119478
15498,1.54429
1054.34,0.105427
1865.11,0.186491
1314.48,0.130507
1341.66,0.134157
2921.72,0.292114
817.758,0.0817337
1639.81,0.163864
511.219,0.0510729
2232.14,0.222971
1149.09,0.114778
830.235,0.0829669
4113.96,0.411147
2474.76,0.246336
2154.73,0.215459
683.299,0.0683227
1132.09,0.113108
898.015,0.089649
471.467,0.0471357
1557.86,0.155768
1052.64,0.105256
1566.73,0.156385
1191.12,0.119068
1845.74,0.184515
1306.88,0.130632
1524.93,0.152431
1236.93,0.123671
1794.48,0.179396
1212.47,0.121173
741.239,0.0740646
896.617,0.0896594
1839.68,0.183546
736.882,0.073263
2037.93,0.203773
1526.01,0.152483
1784.27,0.17836
890.182,0.0890142
2849.36,0.284751
672.114,0.0671147
1028.5,0.102828
925.735,0.0925537
1001.69,0.100068
1278.77,0.127849
2705.48,0.270375
669.598,0.0669375
942.552,0.0941834
674.978,0.0674947
1288.41,0.128632
4300.12,0.42964
2084.76,0.208415
1279.92,0.127974
457.541,0.0457537
1747.42,0.174676
1434.54,0.143026
1111.43,0.108422
1708.06,0.17076
1210.14,0.120969
6861.17,0.685464
1005.13,0.1005
1204.99,0.120442
1105.35,0.110455
2228.3,0.222803
2319.36,0.23043
8315.32,0.831164
1356.14,0.135586
1081.76,0.108078
1245.08,0.1245
882.783,0.0881841
3537.33,0.353124
1261.58,0.126072
862.826,0.0862624
3179.94,0.31772
1702.79,0.170221
1791.58,0.179138
1555.66,0.155516
573.59,0.057327
1079.59,0.10789
1236.48,0.123484
1175.2,0.117472
1196.61,0.119612
1364.54,0.136428
1214.18,0.121391
1338.68,0.133729
1021.51,0.102132
685.114,0.0684957
1597.34,0.159727
871.818,0.087176
1503.05,0.150109
1514.42,0.151437
2231.67,0.223114
1154.24,0.115372
3445.5,0.34449
937.154,0.0936033
1293.21,0.12926
2035.44,0.20349
2140.98,0.21403
2500.38,0.250005
1114.45,0.11144
3421.5,0.342056
2574.44,0.257244
1176.22,0.117618
1319.12,0.13189
4828.49,0.4824
1249.78,0.124955
1447.16,0.144598
2287.36,0.228645
1347.05,0.134488
994.937,0.0994894
2337.93,0.233761
930.136,0.0929828
1592.17,0.159166
827.257,0.0827006
2505.38,0.250386
820.432,0.0820414
1108.41,0.110363
1086,0.108562
775.804,0.0775711
3912.35,0.39114
667.612,0.0667466
621.61,0.0621463
1253.23,0.125309
814.232,0.0813949
3341.45,0.333949
964.632,0.0963185
1230.82,0.123025
581.252,0.0578786
2400.57,0.230372
1444.3,0.14436
1074.62,0.107416
1217.68,0.121727
1025.25,0.102362
991.13,0.0991073
3566.44,0.356506
1237.14,0.123695
1670.55,0.166773
1185.51,0.118526
1492.73,0.149221
992.726,0.0992046
747.173,0.0746647
840.446,0.083973
1159.24,0.115706
1040.06,0.104003
1052.61,0.105234
1000.46,0.100028
5250.29,0.524449
1217.04,0.121685
2368.29,0.236729
1171.91,0.117096
1394.51,0.139429
6448.4,4.22596
760.175,0.0759499
872.228,0.087195
1784.67,0.178418
3486.71,0.348541
2172.86,0.216304
893.307,0.0893068
1453.91,0.145374
4696.57,0.467653
1144.33,0.114421
697.715,0.0697011
724.68,0.0724652
1492.94,0.149279
1419.05,0.141798
1157.17,0.115703
3730.32,0.372944
928.181,0.0921856
1937.34,0.192252
2263.73,0.225769
973.571,0.097352
496.482,0.0496153
8587.32,0.858367
1491.48,0.149123
659.752,0.0659389
747.335,0.0747171
932.222,0.0931473
707.503,0.0706842
1615.94,0.161583
2556.67,1.63549
1026.12,0.102602
1254.33,0.125387
1324.96,0.13249
750.44,0.0748543
955.731,0.0955257
806.019,0.0805997
3194.63,0.317678
882.698,0.0881181
637.03,0.063537
1156.17,0.115557
515.951,0.051594
671.734,0.067001
1636.25,0.16356
2253.51,0.225277
1213.08,0.121274
1795.88,0.179498
1648.76,0.164507
1454.42,0.145384
690.959,0.0687526
1008.85,0.100867
3508.37,0.350411
593.255,0.0585211
1100.66,0.110034
594.275,0.0590474
1239.49,0.123943
1109.33,0.110881
2501.8,0.24975
1454.3,0.145411
1043.24,0.104317
2025.04,0.202381
452.633,0.0451932
1256.15,0.125541
1755.38,0.175285
1399.85,0.139933
1449.39,0.144849
3663.57,0.366084
2513.06,0.251285
2641.12,0.263889
840.935,0.0840164
663.575,0.0663472
4433.92,0.442888
2007.94,0.200771
1337.37,0.13369
1431.78,0.14313
2778.5,0.277682
866.8,0.0866651
1121.47,0.112089
1074.1,0.107362
1500,0.149907
1913.92,0.191303
1044.17,0.104414
4792.55,0.479098
1316.34,0.129907
924.515,0.0923201
1148.47,0.114817
1198.47,0.119818
2230.46,0.223017
1512.67,0.151207
694.495,0.0694479
1133.75,0.113287
1932.87,0.19322
872.157,0.0871914
2508.86,0.250628
1322.92,0.132234
1024.35,0.10242
1301.9,0.130176
1310.46,0.130467
2465.28,0.246482
1215.46,0.121529
1220.37,0.122033
1240.65,0.124041
761.201,0.0756675
759.003,0.0758846
4006.33,0.399785
10680.4,1.06723
708.606,0.0707994
1362.28,0.136085
1281.39,0.128131
777.994,0.0777872
998.228,0.0997886
4505.61,0.448684
619.5,0.0619354
1261.34,0.126012
1056.84,0.105209
1568.45,0.15675
1213.63,0.121344
5776.54,0.576696
1611.15,0.161074
828.345,0.0827922
840.64,0.0840069
4893.43,0.489002
1132.16,0.113204
6789.87,0.678507
1949.26,0.194898
1206.12,0.120592
998.307,0.0998047
1725.55,0.172107
1751.99,0.17491
1597.76,0.159428
4436.78,0.443364
1219.2,0.1219
1446.82,0.144499
628.527,0.0628491
788.268,0.0783207
864.727,0.0844144
1181.99,0.118034
1051.58,0.104986
1126.46,0.11261
1185.36,0.118492
1373.8,0.137302
2175.34,0.217245
1684.49,0.168148
823.623,0.0823551
1945.8,0.194463
765.437,0.0765306
654.198,0.0654133
4329.45,0.432901
3593.08,0.358874
762.879,0.076213
452.86,0.0452716
1040.81,0.104078
10909.5,4.97082
697.451,0.0697305
1397.47,0.139728
4510.64,0.450552
1418,0.14177
1976.49,0.197615
538.947,0.0538902
774.713,0.0774379
1677.08,0.166054
1389.98,0.138982
1316.68,0.131659
1547.94,0.154779
2899.34,0.289577
1067.03,0.106683
1492.81,0.149175
773.606,0.0773403
1454.84,0.145442
663.114,0.0663105
1459.21,0.14582
759.297,0.0759046
968.112,0.0968038
758.811,0.0758771
1825.74,0.182551
819.474,0.0817383
1378.73,0.137427
2479.72,0.247193
4126.88,0.412033
779.94,0.0778494
32295.9,3.1921
1485.18,0.148499
1633.96,0.163023
1470.92,0.146879
1403.53,0.140288
1292.22,0.12904
563.769,0.0563699
1144.48,0.114427
797.323,0.0796954
2040.25,0.203925
1767.03,0.17607
805.01,0.0799831
1793.86,0.179347
1270.92,0.126986
1147.55,0.114588
1036.76,0.103644
766.171,0.0766105
1570.65,0.15605
890.297,0.0889847
1253.41,0.125073
1021.64,0.101731
2346.74,0.234613
794.305,0.0794162
880.811,0.0880023
1151.61,0.114987
2002.17,0.200184
1254.41,0.125415
512.208,0.0512003
575.937,0.0575932
981.459,0.0981427
1608.05,0.160688
808.858,0.0808189
2401.79,0.239657
885.856,0.0885248
797.105,0.0796236
4050.23,0.404913
743.555,0.0742505
990.717,0.0990542
1215.11,0.121451
1084.03,0.108371
1628.18,0.162782
692.836,0.0692705
824.343,0.0824148
2473.74,0.247188
1031.86,0.103172
1328.54,0.132682
888.032,0.0888006
2170.77,0.217032
857.405,0.0845129
972.201,0.0971858
687.722,0.0687588
2215.81,0.221485
1566.81,0.156667
1105.38,0.11044
1205.1,0.120445
1365.98,0.136574
942.719,0.094251
2627.42,0.262697
531.074,0.0530899
2542.02,0.254103
1368.81,0.136203
1101.82,0.110021
1348.96,0.134868
1580.19,0.157984
2573.4,0.257322
751.064,0.0750971
1393.28,0.139096
824.169,0.0823148
1090.29,0.108901
1534.23,0.153383
4707.29,0.470443
3898.66,0.389705
1513.73,0.151254
1551.03,0.154995
2398.44,0.239818
920.318,0.0920127
2917.65,0.291534
4686.42,0.468385
2573.34,0.25723
889.194,0.0887896
1090.32,0.108742
2527.36,0.252537
4371.43,0.436863
1505.96,0.150567
1749.9,0.174939
1400.91,0.140058
581.597,0.0581417
1609.68,0.160811
1788.3,0.178771
1549.49,0.154846
1370.97,0.136824
664.445,0.0664349
987.583,0.0987312
849.928,0.084939
733.981,0.0733072
1292.41,0.129186
969.005,0.0968215
629.146,0.0629086
1356.14,0.135436
1055.7,0.105501
1341.3,0.134059
1066.13,0.101755
1032.65,0.10305
1867.09,0.186676
1224.22,0.122296
1227.32,0.122688
1857.58,0.185734
807.508,0.0807233
887.855,0.08872
2580.15,0.257755
1934.66,0.193456
631.64,0.0631463
1995.38,0.199378
1578.86,0.157831
608.712,0.0608693
1005.29,0.10039
1010.89,0.101011
661.653,0.0661517
1949.74,0.194544
783.32,0.07823
1667.82,0.16668
1127.05,0.112657
2741.65,0.274158
1000.06,0.100003
1084.16,0.108403
1110.69,0.111062
1389.26,0.138856
893.384,0.0891874
1880.86,0.187956
773.937,0.0772783
1753.71,0.175351
1290.47,0.128772
1332.7,0.13325
795.857,0.0795733
1152.58,0.115146
923.578,0.0923539
1911.28,0.191011
1354.74,0.135397
1242.6,0.12212
1151.32,0.114639
592.624,0.0592529
870.991,0.0870379
980.487,0.0980418
1961.57,0.195919
617.47,0.0617224
1075.98,0.107508
1067.78,0.106725
664.143,0.0662352
972.22,0.0970809
1529.03,0.152659
2443.59,0.24424
1368.23,0.136705
1102.15,0.110208
1167.22,0.116468
1696.99,0.169176
877.554,0.087731
1873.82,0.187362
698.779,0.069302
2360.83,0.235996
5494.13,0.54785
1288.77,0.128848
1496.38,0.149218
937.199,0.0928848
1080.11,0.107858
867.448,0.0867354
732.521,0.0732264
1175.43,0.117459
995.545,0.099347
1179.57,0.117893
616.369,0.061635
851.461,0.0848952
1278.2,0.122667
2226.45,0.222471
1058.21,0.105767
900.872,0.0900683
1564.49,0.156418
1795.47,0.179461
969.592,0.0969476
1085.96,0.108584
1189.49,0.118765
609.495,0.060947
1012.91,0.101266
635.381,0.0635101
2023.32,0.201427
1103,0.110258
656.541,0.065649
899.109,0.0899067
1009.13,0.100413
1236.26,0.123428
1837.74,0.183768
1429.88,0.142851
1151.04,0.114986
853.87,0.0853751
722.906,0.0722615
743.053,0.0742823
3418.6,0.341741
1086.94,0.108664
624.71,0.0624631
1349.57,0.134829
2481.56,0.247906
1472,0.147126
969.386,0.0967587
512.58,0.051246
1876.74,0.187608
4504.15,0.448921
896.113,0.0890678
933.472,0.0933304
3366.01,0.336475
1631.05,0.163071
1022.11,0.102012
1461.28,0.146076
1447.17,0.144633
661.174,0.0661112
982.736,0.0982708
1851.87,0.185136
1556.57,0.155622
14018.5,1.27716
2697.76,0.268609
941.469,0.0941234
2941.16,0.293947
1396.15,0.139398
1002.75,0.100266
1917.02,0.191644
2834.15,0.283277
1657.92,0.164769
1361.09,0.136045
2183.13,0.218191
2116.98,0.211674
688.298,0.0688178
1727.59,0.172596
1686.84,0.168604
859.503,0.0856917
871.75,0.0871407
1125.75,0.112566
1246.49,0.124478
1845.82,0.183761
2774.82,0.277382
910.79,0.0910734
1905.41,0.190452
2047.56,0.204166
1055.15,0.105474
646.174,0.0645674
1180.94,0.117291
903.548,0.0903382
2363.69,0.236282
1469.83,0.146723
1384.88,0.138416
810.109,0.0810001
2096.65,0.209607
754.952,0.0753895
675.677,0.0675504
1630.13,0.1629
3219.98,0.321601
1133.66,0.11335
1082.48,0.10821
876.461,0.0876354
1731.25,0.172967
1256.08,0.125493
733.859,0.0733627
1125.87,0.112473
1448.88,0.144833
1226.31,0.122509
897.577,0.0893438
1113.17,0.111221
2115.53,0.210869
932.711,0.0932367
643.742,0.0643505
665.826,0.0664781
645.599,0.06454
1402.45,0.140212
1729.55,0.172676
1002.81,0.100206
5942.65,0.593843
1127.53,0.112313
1033.75,0.10337
1002.27,0.100217
864.912,0.0864795
1197.89,0.119753
604.858,0.0604733
948.181,0.0947183
875.292,0.0874594
2058.66,0.205697
1236.59,0.123639
767.359,0.076729
1263.09,0.126249
2156.44,0.215563
899.171,0.0898387
990.366,0.0990004
1266.54,0.126648
1228.75,0.122816
1511.49,0.151132
1759.33,0.175738
1372.13,0.137187
1266.56,0.126653
1227.87,0.120164
1155.41,0.115505
17187.5,1.71581
1602.88,0.160174
1132.75,0.113125
1588.98,0.15868
4675.32,0.465884
4274.58,0.427184
2120.58,0.212024
524.034,0.052355
1118.31,0.111778
1701.58,0.169859
987.953,0.0987812
731.456,0.0731263
1035.18,0.10351
2232.5,0.223192
1957.04,0.195647
1068.19,0.1068
1066.96,0.106691
943.606,0.0943139
1138.61,0.113805
2252.67,0.225231
1633.17,0.163196
1396.2,0.139493
1179.66,0.117921
1025.11,0.102504
1180.27,0.118001
1391.38,0.139101
660.984,0.066085
3503.83,0.350063
680.442,0.0680041
1136.32,0.113614
970.77,0.0970211
1005.86,0.100564
839.664,0.0839474
679.254,0.0679138
5061.42,0.505981
1028.55,0.102836
1070.35,0.107025
761.837,0.0761804
1087.12,0.108708
1119.34,0.111922
1032.64,0.103262
5664.06,0.564434
1513.81,0.151356
3374.76,0.3372
1442.9,0.144153
1156.92,0.115642
3245.08,0.323903
892.849,0.0891628
1114.52,0.111387
2622.75,0.262206
2236.52,0.223563
1871.17,0.187071
1580.94,0.158068
864.402,0.0863891
1375.57,0.137536
1571.71,0.157097
7579.12,0.755216
1954.9,0.194907
8178.18,4.60184
1910.82,0.189897
887.532,0.088738
2000.81,0.199929
3154.68,0.315349
2101.92,0.210056
2849.69,0.283995
3013.83,0.301154
696.267,0.0695881
726.315,0.0726082
2511.22,0.251023
4432.05,0.44101
39031.8,5.1437
785.726,0.0785004
1335.63,0.13351
2443.15,0.244284
1169.16,0.116911
1234.51,0.123398
2030.37,0.201652
1094.16,0.109381
765.744,0.0765694
1502.7,0.150091
1324.7,0.132125
1104.42,0.110155
1024.15,0.102409
1213.61,0.121339
1601.47,0.160026
1298.85,0.129734
817.328,0.0816494
1238.37,0.123816
1415.41,0.14153
1277.87,0.127355
1062.38,0.106222
20441.4,2.03623
1086.49,0.10859
520.206,0.0520098
1448.17,0.144717
1346.98,0.134474
1167.4,0.116618
934.827,0.0934676
1260.32,0.125769
855.544,0.0765703
2027.69,0.20265
1075.48,0.107543
568.516,0.0568334
386.537,0.038648
805.889,0.0805682
1585.66,0.158492
656.195,0.0656125
1180.5,0.117954
1298.22,0.129742
719.124,0.0718908
978.199,0.0977536
1817.73,0.181534
1909.4,0.190926
934.618,0.0934004
2319.45,0.23164
1710.48,0.17087
1391.27,0.13908
1420.57,0.142004
1069.78,0.106876
1386.99,0.138686
578.128,0.0577781
604.543,0.0604509
1184.46,0.11841
989.065,0.0988837
1096.56,0.109644
2378.54,0.237594
2562.84,0.256268
4142.19,0.413561
1597.76,0.15966
788.426,0.0786864
594.3,0.059387
2221.26,0.222094
1174.94,0.117434
1233.17,0.123275
1638.36,0.163464
1161.29,0.116087
1358.53,0.135373
667.118,0.0666128
897.78,0.0897642
906.064,0.0905679
610.889,0.0609756
1072.89,0.106343
1272.03,0.127168
582.885,0.0582839
1657.94,0.164809
2446.94,0.24465
1172.27,0.117206
1296.93,0.129648
580.282,0.0580272
1183.32,0.118309
959.861,0.0958606
970.261,0.0970142
849.199,0.0848957
1198.37,0.119813
986.688,0.0986678
853.978,0.0853877
1085.03,0.108479
1077.97,0.107783
1467.22,0.146148
922.187,0.0922093
1299.16,0.129909
1487.62,0.148511
637.702,0.0637635
1101.68,0.11015
1509.41,0.150827
961.002,0.0960924
1260.23,0.125981
769.674,0.0769661
3979.31,0.397574
1267.37,0.126667
1558.17,0.155774
1567.66,0.156725
1801.58,0.178506
1271.6,0.127134
2656.96,0.265542
894.75,0.0894535
925.527,0.0924947
1160.27,0.115999
1871.94,0.151593
637.041,0.0636962
741.826,0.0741594
1339.16,0.133871
2127.54,0.212411
906.959,0.0906011
1018.82,0.101877
729.16,0.0728739
4217.97,0.421657
2929.5,0.292746
2714.22,0.271138
1003.02,0.100262
933.683,0.0932184
1012.25,0.101174
2948.39,0.29436
4285.43,0.428406
1545.42,0.154459
898.303,0.0898067
898.135,0.0897993
2501.01,0.250047
759.331,0.0758636
845.003,0.0844857
2616.62,0.261585
1066.02,0.10657
988.567,0.0988158
1976.7,0.19765
1376.97,0.137616
725.479,0.0725349
2277.3,0.227115
2495.07,0.249299
859.928,0.0859128
2163.44,0.216322
1455.66,0.145485
805.64,0.0805324
1774.52,0.177062
2235.67,0.223545
542.629,0.0536457
782.034,0.0781259
891.148,0.0891129
1266.8,0.126642
1100.64,0.110021
1066.85,0.106672
1608.28,0.160766
639.337,0.0639235
1529.7,0.152766
1284.91,0.128355
1722.52,0.172236
1231.18,0.123091
1775.81,0.177571
1415.87,0.141387
607.573,0.0607435
2119.53,0.211834
1259.6,0.125811
1213.74,0.121366
1938.57,0.193823
1043.57,0.103945
1583.44,0.158281
1305.69,0.130433
958.255,0.0958057
1147.29,0.114707
8379.99,0.833504
487.174,0.0486067
2673.8,0.267302
8357.09,0.833553
1455.88,0.145553
979.266,0.0978542
13616.7,1.36066
1464.75,0.143407
1174.56,0.117392
856.542,0.0856145
983.874,0.0980894
1663.8,0.166361
1174.77,0.117438
1289.12,0.128752
1151.12,0.114998
935.683,0.0933097
1520.71,0.15192
789.302,0.0789249
1011.92,0.101148
1559.24,0.155531
1505.93,0.150521
2236.85,0.223668
779.789,0.0779483
1292.8,0.129268
903.328,0.0903021
2070.71,0.203908
1153.29,0.115296
1182.48,0.118185
783.345,0.0783115
909.564,0.0909195
1148.87,0.114861
851.872,0.0851086
898.037,0.0895389
1016.28,0.101622
1765.88,0.17654
1020.36,0.101613
828.013,0.0827732
490.969,0.0486841
1118.42,0.111827
2036.2,0.203006
2313.78,0.23124
1347.31,0.134668
951.353,0.0951007
2178.27,0.217743
1202.42,0.120178
3584.51,0.358175
5182.35,0.517817
1508.8,0.150841
1298.28,0.129678
697.674,0.0697402
794.941,0.0794608
2060.55,0.205955
1779.02,0.177695
1551.21,0.155081
1777.05,0.177663
1281.11,0.128092
777.914,0.0777717
1180.31,0.11798
755.699,0.075539
1522.83,0.152276
669.137,0.0669012
740.368,0.0740294
3257.44,0.323089
1418.29,0.141798
1747.09,0.174556
879.706,0.0879104
2282.77,0.228078
1201.38,0.120112
717.004,0.0716511
472.305,0.0472164
1819.74,0.181956
777.246,0.0777216
1250.66,0.124865
697.629,0.0697505
1739.21,0.173891
7744.45,0.773038
2592.43,0.259174
754.202,0.0753298
1699.11,0.169895
4887.34,0.488482
1886.14,0.188492
2009.92,0.200705
1545.56,0.154532
1491.4,0.149014
1123.35,0.111441
1278.92,0.127181
802.648,0.0802351
1431.08,0.141307
1602.53,0.160107
1297.86,0.129705
1908.7,0.190698
890.889,0.0879507
824.502,0.0824389
746.047,0.0745555
1497.78,0.149718
1616.29,0.161278
1238.11,0.123755
2424.45,0.242406
760.174,0.0759336
894.184,0.0893786
2130.62,0.213049
1031.34,0.103081
795.921,0.0795644
3191.06,0.318665
3159.56,0.315589
901.985,0.0901549
588.627,0.058807
708.99,0.0708603
1085.05,0.108467
1282.79,0.127106
1903.44,0.190323
1250.81,0.125006
734.202,0.0734152
1271.2,0.127109
4279.34,0.427829
1002.54,0.100248
2369.66,0.236908
1015.68,0.101515
1839.53,0.183719
1104.66,0.110324
1378.23,0.137799
1113.43,0.111259
1046.51,0.104609
1544.58,0.154397
1206.38,0.120574
909.007,0.0908931
980.067,0.0979513
2134.75,0.213364
969.39,0.0967894
928.822,0.0928772
823.652,0.0823437
794.448,0.0794321
520.188,0.0517753
1971.81,0.19715
1624.64,0.162431
746.167,0.0745831
961.013,0.0960703
817.715,0.0816717
2161.65,0.216113
1371.56,0.136796
1052.99,0.105208
1834.62,0.183426
661.762,0.0661598
3137.38,0.313652
949.551,0.0944135
1447.08,0.144585
1703.12,0.170304
837.589,0.0837471
3842.15,0.383625
1790.75,0.179066
1910.18,0.19097
1064.15,0.106354
1074.94,0.107466
1154.01,0.115283
1142.38,0.114237
752.219,0.0752164
1959.02,0.195862
1072.04,0.107185
871.812,0.0871801
837.093,0.0836869
644.412,0.064404
797.999,0.0797893
977.206,0.0976264
2090.71,0.207872
1402.03,0.140121
595.163,0.0595142
1110.64,0.106979
1770.37,0.17694
1037,0.103645
4568.4,0.456214
1340.14,0.133966
915.575,0.0915354
1434.52,0.143244
1206.16,0.120606
2719.27,0.271814
1028.67,0.102717
1046.23,0.104594
800.514,0.0800181
1102.56,0.110176
729.95,0.0729828
2754.22,0.274222
941.403,0.0941163
1067.12,0.106586
740.68,0.07406
1061.19,0.105786
1453.43,0.145279
1290.38,0.129012
838.067,0.0837963
806.533,0.080641
1274,0.127261
1133.06,0.11329
1341.51,0.133733
942.359,0.0941807
905.122,0.0904862
5601.42,5.51513
1072.97,0.10451
1478.6,0.147748
845.563,0.0845239
704.384,0.0704265
2534.32,0.253359
811.939,0.0811863
927.666,0.0927585
1395.77,0.13939
1169.2,0.116907
1023.26,0.102323
1175.28,0.117508
1219.61,0.121897
2252.15,0.225179
1324.9,0.132468
1035.34,0.102844
2157.34,0.212771
1556.59,0.155534
2053.74,0.205254
1766.32,0.176619
1501.78,0.150114
987.697,0.0986016
1588.49,0.158727
863.245,0.0863087
1619.78,0.160624
5469.94,0.546805
1237.77,0.123577
788.981,0.0788423
1001.24,0.0998695
903.459,0.0902697
882.538,0.0882062
1807.2,0.180564
3735.58,0.372486
1814.64,0.181418
2603.99,0.260358
1181.25,0.118088
2169.69,0.216931
984.305,0.098072
943.536,0.0942097
1137.44,0.113669
1060.47,0.105954
926.712,0.0911397
963.812,0.0962866
1276.65,0.127613
1207.75,0.120589
2593.42,0.259259
1789.07,0.178831
1422.95,0.142278
2131.41,0.212832
3164.93,0.316424
1366.77,0.136623
5329.99,0.532651
1254.9,0.125439
3745.41,0.374351
842.605,0.0842106
918.611,0.091843
1809.93,0.179015
1365.01,0.136457
3299.99,0.329602
4206.94,0.420406
1052.57,0.105185
1344.13,0.134379
1099.83,0.109587
1110.87,0.111072
1015.32,0.101289
1922.42,0.191658
4510.73,0.450143
990.505,0.0988455
801.925,0.0801822
2274.61,0.227284
1631.53,0.163096
1020.24,0.101867
3681.79,0.367937
1040.78,0.104056
1093.98,0.109149
1928.64,0.192797
969.311,0.0969023
1249.96,0.124907
1020.66,0.102053
1102.94,0.110277
550.536,0.0550524
786.456,0.0786136
673.413,0.0673398
1689.36,0.168916
1009.62,0.100782
392.088,0.0391864
864.674,0.0862112
1046.77,0.104609
1788.34,0.178774
787.484,0.0787253
1020.14,0.101988
1624.16,0.16236
1805.58,0.18053
933.755,0.0933363
1732.8,0.173248
805.272,0.080498
818.092,0.0817311
1049.54,0.104797
2725.35,0.272375
9692.17,0.968333
3670.53,0.366915
2301.86,0.230152
832.684,0.0832386
1228.36,0.122805
8657.47,0.862225
479.818,0.0479461
1836.76,0.18365
1459.79,0.145972
4351.19,0.434826
1095.3,0.109496
1679.83,0.167902
4839.12,0.482328
1140.33,0.108528
1638.18,0.163801
725.742,0.0725659
1012.21,0.101189
1100.87,0.11008
1115.26,0.111484
5599.26,0.559236
1547.58,0.154704
3525.86,0.352491
1351.81,0.135041
878.237,0.0877536
1362.16,0.136163
892.772,0.0892665
1556.64,0.155601
1928.08,0.19221
1324.68,0.132176
1936.66,0.193622
937.787,0.0937436
844.693,0.0844636
1781.42,0.178092
1598.07,0.159754
1082.02,0.108194
953.79,0.0953677
808.856,0.0808565
2557.12,0.255561
503.522,0.0503125
1147.3,0.113905
2121.11,0.211892
3142.44,0.313666
926.605,0.0925935
1312.57,0.131069
2218.06,0.221776
598.835,0.0598826
744.793,0.074475
1198.77,0.119864
748.271,0.0743331
1690.07,0.168592
1221.66,0.122148
626.803,0.0626786
1314.84,0.131357
759.416,0.0759139
1466.75,0.146586
820.7,0.0818755
1101.8,0.110143
693.224,0.069296
1480.7,0.148062
908.265,0.0908052
951.502,0.0951096
1237.78,0.123017
682.646,0.0681787
1275.88,0.127501
988.585,0.0988272
2621.73,0.261992
1416.48,0.141253
902.884,0.0902797
1787.99,0.178645
1295.92,0.129588
1105.31,0.10963
615.883,0.0614876
1700.89,0.170055
1449.9,0.144977
1054.36,0.105404
1196.52,0.119597
650.289,0.0649519
788.521,0.0788383
3641.96,0.363095
5540.67,0.553681
1235.38,0.123477
925.788,0.0925373
994.419,0.0993512
2071.12,0.207103
1057.99,0.105761
1392.96,0.139237
725.661,0.0725205
956.998,0.0956486
3628.91,0.362602
1583.43,0.158241
944.735,0.0944706
1341.27,0.134008
1469.62,0.146886
1111.27,0.111105
1245.21,0.12447
883.704,0.0883547
1196.85,0.119648
1317.12,0.131646
796.335,0.0796308
3002.57,0.300134
1440.22,0.143918
1101.55,0.109512
1138.09,0.113742
1580.55,0.158035
932.628,0.0932591
1579.84,0.157944
1377.08,0.137588
1760.78,0.176007
839.684,0.0839557
4428.31,0.442689
661.665,0.0661508
914.017,0.0913064
1331.98,0.13299
1511.4,0.151121
2883.55,0.288342
1146.03,0.114599
1215.94,0.121572
1345.12,0.134428
548.701,0.0547974
2726.01,0.272343
869.574,0.0869053
966.05,0.0965232
1550.42,0.155016
1243.96,0.124247
1166.27,0.118133
1504.91,0.150378
1057.79,0.105645
1032.95,0.103272
749.202,0.0748499
1274.69,0.127395
2720.01,0.271694
1123.76,0.112297
1993.8,0.198931
1052.22,0.105221
1130.81,0.113037
638.941,0.0638805
1397.42,0.139589
1197.46,0.119385
1021.63,0.102088
1319.71,0.131904
1368.21,0.136813
1877.29,0.187694
3296.19,0.329047
1166.82,0.116623
1132.77,0.113244
3268.6,0.326728
1323.95,0.132384
668.537,0.0668323
967.636,0.096735
10503.5,1.04825
828.952,0.0827268
731.408,0.0730567
4396.24,0.439369
1825.27,0.182448
1791.72,0.179161
1066.02,0.106537
1882.42,0.187631
1187.07,0.118695
1427.54,0.142532
2009.33,0.200836
1822.61,0.182137
999.523,0.0997189
1046.88,0.104624
7855.28,0.784473
1896.19,0.239657
2317.49,0.231184
1223.97,0.122323
975.943,0.0975851
1010.67,0.101055
1139.92,0.113965
1971.64,0.197052
2175.72,0.217279
858.418,0.0858349
1187.54,0.11868
3783.99,0.378015
873.389,0.0873329
1861.13,0.186077
927.814,0.0927769
992.829,0.0992707
1008.07,0.100782
1664.39,0.166215
3327.94,0.332273
980.123,0.0980052
806.512,0.0804983
1245,0.123882
1128.58,0.11284
1182.72,0.118193
1530.78,0.15306
1486.14,0.148589
676.488,0.0675497
2645.03,0.264438
817.111,0.0816004
1454.02,0.145323
730.911,0.0729647
1317.17,0.13168
575.429,0.057514
1126.21,0.112616
959.638,0.0959622
949.416,0.0949338
1950.22,0.194905
2888.17,0.288778
881.312,0.08813
935.352,0.093496
6281.26,0.627561
1050.51,0.105007
1891.96,0.189055
1205.6,0.118816
1965.96,0.196032
1156,0.11557
2551.72,0.254952
989.975,0.0989735
1352.98,0.135175
2741.94,0.27378
831.098,0.0830392
839.988,0.0839937
1383.35,0.138205
790.388,0.0790226
3370.11,0.336392
1530.48,0.153012
875.879,0.0875309
1243.97,0.123971
1345.59,0.134513
670.723,0.0670605
1033.31,0.10326
1222.91,0.12225
680.908,0.0680586
1154.57,0.115431
1124.21,0.112241
1265.06,0.126467
1005.82,0.100565
1095.73,0.109508
1056.8,0.105452
1508.85,0.150572
631.255,0.0631224
765.262,0.0765054
862.615,0.0862328
1493.39,0.149158
2681.09,0.267844
1032.18,0.10313
769.161,0.0767791
936.991,0.0936635
1515.91,0.151535
1132.69,0.113065
1229.33,0.121481
961.935,0.0958899
2056.59,0.205427
995.21,0.0994644
2323.2,0.232109
1136.96,0.113674
2638.9,0.263814
983.336,0.098215
757.593,0.0757211
902.682,0.0902651
3081.55,0.306891
1087.72,0.108578
1382.24,0.138089
3095.81,0.30918
765.854,0.0765712
1684.34,0.168327
1761.58,0.176068
3760.25,0.375792
1263.2,0.126304
1411.98,0.141092
452.062,0.0451807
1217.58,0.121702
3695.48,0.369402
726.618,0.0726592
719.758,0.0719637
1439.32,0.143925
1684.44,0.168278
5616.07,0.56044
1260.57,0.125997
1058.3,0.10582
1468.2,0.146795
768.911,0.0768717
2046.17,0.204608
872.212,0.0871461
1148.66,0.114835
1924.37,0.192212
924.914,0.0924339
1385.99,0.138491
2603.87,0.260069
587.96,0.0587527
1349.55,0.134826
1570.48,0.15688
1574.52,0.157303
2405.26,0.2403
567.594,0.0566713
906.163,0.0905827
1583.23,0.158181
620.537,0.062049
1121.15,0.11209
1799.01,0.179649
900.128,0.0899007
787.311,0.0787092
1366.92,0.136646
1062.21,0.106038
2652.42,0.264931
1117.89,0.111785
1124.97,0.111945
1246.9,0.124537
920.658,0.0919801
1188.24,0.118715
1997.05,0.199551
1075.77,0.107534
740.828,0.074066
2305.87,0.230492
1140.1,0.113951
2259.93,0.225936
770.268,0.0770205
1861.77,0.186152
1341.27,0.134112
2152.91,0.215212
711.604,0.0711415
723.166,0.0723127
1683.68,0.168098
2088.01,0.20835
5864.29,0.585989
818.225,0.0817507
2421.97,0.241926
695.173,0.0695094
1012.44,0.101227
1124.61,0.112428
2133.95,0.213347
952.502,0.0952378
1806.92,0.180605
1283.83,0.128028
1626.93,0.162661
695.57,0.0695179
1457.05,0.145661
3199.64,0.319901
1004.72,0.10047
1996.23,0.199593
980.334,0.0979457
1217.95,0.121777
874.818,0.0874794
1289.62,0.128813
2090.3,0.208943
1631.61,0.163145
985.117,0.0984664
1179.86,0.11771
1100.51,0.110041
1318.12,0.131674
2056.8,0.204296
1142.81,0.114186
2707.48,0.270446
2885.65,0.288493
1097.35,0.109673
1116.48,0.111605
1129.12,0.112869
977.754,0.0976846
1674.44,0.167329
668.256,0.0667467
1867.29,0.186719
905.664,0.0905577
3279.82,0.32699
942.511,0.0942165
936.959,0.0935327
998.528,0.0997121
968.785,0.0966959
872.833,0.0871667
483.58,0.0483304
1744.63,0.174291
567.357,0.0567194
932.095,0.0931595
1098.72,0.109417
812.37,0.0812108
1050.75,0.104871
1045.01,0.104491
1769.9,0.176935
1146.13,0.114588
657.832,0.0657733
2546.06,0.253803
719.177,0.0719109
897.164,0.0896874
941.516,0.0940993
2116.6,0.211542
943.341,0.094268
1491.9,0.149081
1029.86,0.102929
1138.46,0.113839
3944.48,0.394315
987.869,0.0987498
1455.37,0.145421
7814.3,0.779234
1885.17,0.188478
1628.88,0.162834
1031.5,0.103119
1401.56,0.140135
2498.65,0.24977
15475.3,1.5332
1069.15,0.106827
1756.1,0.175592
745.2,0.0745037
1422.47,0.142167
1766.21,0.176508
1780.92,0.177995
895.689,0.0895667
1092.3,0.109216
1212.67,0.121187
892.267,0.0890721
1534.26,0.153389
1258.72,0.125859
1052.56,0.105191
879.204,0.0879147
2135.08,0.213502
1775.25,0.176933
1835.09,0.183319
1111.01,0.111051
615.377,0.0615319
529.454,0.0529282
1215.55,0.121477
818.086,0.0817722
814.638,0.081457
2903.08,0.289895
1359.51,0.135919
1723.07,0.172258
1257.24,0.125711
1315.55,0.131431
1014.91,0.101486
1200.57,0.120018
5305.85,0.530386
987.315,0.0986998
1265.99,0.126467
992.917,0.0992099
4214.21,0.420814
2125.33,0.195787
904.651,0.0901225
1075.22,0.106419
829.781,0.0829423
2396.49,0.239517
1295.49,0.129391
6661.69,0.664311
798.894,0.0798741
541.505,0.0541403
1048.65,0.104853
599.248,0.0598989
906.391,0.0906061
1513.15,0.151262
1178.01,0.117797
1285.37,0.128476
1410,0.140784
1066.4,0.10663
1897.75,0.189689
668.777,0.0668321
3040.7,0.303724
1224.68,0.122418
1077.51,0.10774
1441.61,0.144114
7805.11,3.07617
1160.53,0.116011
1086.72,0.108651
818.509,0.0816921
2878.09,0.287533
1239.36,0.123898
853.8,0.0842743
775.671,0.077555
2186.69,0.218656
1156.77,0.115668
2279.62,0.227882
9854.16,0.984459
2090.56,0.208673
960.642,0.0959884
667.052,0.0666918
1072.26,0.107188
995.448,0.0994616
1132.96,0.113284
1775.64,0.177452
1426.65,0.142014
1525.51,0.1515
596.282,0.0596158
1158.74,0.115629
1231.74,0.12306
2733.73,0.273204
754.615,0.0753996
872.12,0.0860981
2127.05,0.212606
1255.09,0.125504
2256.23,0.225587
2726.94,0.272509
1412.76,0.141262
741.052,0.0740558
1203.61,0.120189
1041.31,0.104084
1038.48,0.103836
1878.21,0.187665
998.704,0.0998498
2970.24,0.296479
1115.91,0.111578
2220.7,0.221985
1824.53,0.182353
965.896,0.0962339
973.323,0.0971338
896.991,0.0896475
1693.81,0.169311
1029.47,0.102936
1208.79,0.120838
3063.47,0.306098
1155.75,0.115482
1680.13,0.167877
1112.7,0.111257
1101.19,0.109969
884.04,0.0883868
1623.71,0.162347
1684.91,0.168462
1386.12,0.138232
1831.17,0.183071
1033.46,0.102874
888.076,0.0886699
888.649,0.0888594
1229.65,0.122806
1641.45,0.163078
3323.34,0.332005
1506.88,0.150651
6484.98,0.64782
826.217,0.082586
4186.83,0.417928
1992.59,0.198978
1490.26,0.14868
1817.08,0.181639
1439.1,0.143744
1361.81,0.136086
1520.38,0.15202
1043.31,0.104281
819.272,0.0819112
668.988,0.0668502
873.05,0.0872702
1084.35,0.108291
1412.48,0.141161
1490.68,0.148824
1626.95,0.159198
891.869,0.0891667
854.075,0.0853956
1014.84,0.101453
1084.75,0.108408
3479.35,0.347766
631.907,0.0631819
648.388,0.06483
1561.9,0.156178
793.967,0.0793595
1010.57,0.100919
1196.89,0.119681
840.749,0.0840443
511.305,0.0511301
1009.7,0.100781
1114.2,0.111269
1928.77,0.192669
1062.61,0.106236
1917.06,0.191665
1438.27,0.143793
1419.55,0.141873
1611.86,0.161118
1734.35,0.173274
777.639,0.0776981
1906.28,0.190588
997.417,0.0994777
910.487,0.0910233
893.362,0.089325
1561.04,0.156068
851.886,0.0851459
2177.97,0.217728
2397.38,0.239372
1193.97,0.119318
1310.54,0.131017
697.596,0.0696465
1256.4,0.125583
917.456,0.0917369
959.08,0.0958124
841.503,0.0841494
1023.98,0.102377
2133.82,0.212911
2729.8,0.27293
852.704,0.0852459
605.041,0.0604882
966.115,0.0964585
1867.23,0.186674
1242.88,0.124072
1490.13,0.148952
826.257,0.0825944
1917.49,0.191655
963.903,0.0963727
939.031,0.0938602
2304.41,0.230093
1432.23,0.143095
2062.68,0.206257
1904.85,0.190427
713.037,0.0712851
715.344,0.0714451
978.311,0.0977546
1242.83,0.124281
1528.11,0.152804
951.671,0.0950584
834.69,0.0834642
763.897,0.0763744
720.272,0.0719761
1326.08,0.132319
2362.3,0.236122
1405.74,0.140541
1748.51,0.17461
2313.15,0.231186
3380.3,0.337465
1138.11,0.113603
1215.15,0.121498
1320.51,0.132026
809.987,0.0809193
709.995,0.0709645
2463.49,0.246315
1185.32,0.118495
1114.11,0.111314
2077.96,0.207747
981.548,0.0981085
874.908,0.0874743
1214.88,0.120506
1173.08,0.117289
2084.57,0.207513
739.588,0.0739502
3918.48,0.391443
2121.09,0.208924
1392.99,0.139068
949.583,0.0949433
837.462,0.0837416
1493.75,0.149147
909.865,0.0909779
1998.46,0.199826
2966.71,0.296607
1075.39,0.107525
1139.02,0.113859
1836.52,0.183485
986.99,0.0982529
1515.47,0.151419
1234.9,0.122855
612.994,0.0612699
2239.79,0.223918
713.2,0.0713179
1365.35,0.136372
1787.33,0.177412
1656.87,0.165466
410.514,0.041027
1286.7,0.12865
1927.27,0.192636
1014.06,0.101343
1153.9,0.115278
1143.75,0.114272
630.721,0.0630597
983.006,0.0982947
1245.33,0.124528
2585.35,0.258485
1275.77,0.127107
2119.26,0.211826
957.003,0.0948408
1025.56,0.102295
1442.34,0.14409
1233.73,0.123326
2739.76,0.273841
4202.73,0.41817
1375.97,0.137402
1934.07,0.193322
839.182,0.0838354
930.758,0.0930514
722.044,0.0720844
852.796,0.0852765
815.957,0.0814405
795.256,0.0794913
2079.97,0.207709
535.625,0.0534806
1039.13,0.103871
1576.3,0.157612
2019.77,0.201829
2449.7,0.244936
1355.44,0.135504
3587.38,0.358629
806.338,0.0806069
1287.46,0.128707
3451.17,0.344838
2455.58,0.245475
727.109,0.0725751
1241.26,0.123819
1051.68,0.104941
2936.08,0.293293
1630.81,0.162639
1133.23,0.113318
1055.44,0.105415
1129.4,0.112875
7411.85,0.740545
1255.09,0.125417
933.72,0.0933598
1114.89,0.111393
2468.29,0.246143
1367.77,0.136745
1665.93,0.166541
833.093,0.0831274
855.696,0.085558
24202.2,2.39964
4083.57,0.407934
1394.14,0.139318
1395.85,0.139545
757.316,0.0757306
1067.37,0.106718
760.228,0.0759503
1083.6,0.10827
956.581,0.0956421
631.869,0.0631385
1437.87,0.143699
5971.84,0.596801
1136.39,0.113504
1034.54,0.103218
725.784,0.0725562
1363.07,0.136109
1149.3,0.11478
1571.54,0.157141
974.617,0.0974307
1751.57,0.174876
965.094,0.0964894
949.032,0.0940024
599.031,0.0598522
1686.1,0.168466
1285.35,0.128515
8349.31,0.834764
1187.32,0.118497
1247.59,0.124669
780.968,0.0780896
1346.07,0.134542
1325.73,0.132526
3199.28,0.318905
602.834,0.0602192
4353.4,0.433999
1593.4,0.159258
2212.83,0.220612
18946.5,1.86954
1195.65,0.119549
1209.91,0.120985
1250.2,0.12496
1748.16,0.174792
921.639,0.0921557
767.32,0.0766641
647.569,0.0647122
796.769,0.0796743
790.327,0.078972
1113.25,0.111292
2865.8,0.286123
1419.3,0.141707
647.861,0.0647578
1118.25,0.111803
956.954,0.0956727
2491.91,0.248306
3113.95,0.31127
1212.7,0.119538
1005.62,0.100532
2059.05,0.205106
1838.16,0.183146
1172.8,0.117097
1677.21,0.167706
749.061,0.0748565
1278.57,0.127785
1871.83,0.187072
980.073,0.097749
1889.19,0.188787
7104.91,0.710276
1936.17,0.193582
1068.02,0.106745
1434.03,0.14328
888.532,0.0887998
2736.58,0.273589
1235.29,0.123476
1318.37,0.131742
1032.2,0.102993
1354.52,0.135416
1652.11,0.165085
867.579,0.0867206
3273.09,0.327234
878.253,0.0877022
900.426,0.0900361
954.62,0.0954495
828.054,0.0824802
980.708,0.0980068
1383.38,0.13832
1188.24,0.118802
1294.53,0.129437
2083.81,0.207488
856.163,0.0856067
1113.21,0.11128
826.952,0.0826263
1783.82,0.178366
1506.8,0.150631
1078.04,0.107688
1023.38,0.102331
752.476,0.0751939
822.418,0.0821476
486.437,0.0485633
1244.02,0.124077
1111.12,0.111078
1141.22,0.114091
781.509,0.0780894
1378.38,0.137803
706.974,0.0706924
496.37,0.0486326
1441.77,0.144147
1269.47,0.126842
1749.33,0.174323
884.528,0.0883701
1376.75,0.137658
1202.22,0.120151
1924.41,0.192403
2977.69,0.297716
742.292,0.0741248
2011.02,0.201084
915.885,0.0915831
4749.95,0.474634
618.443,0.0618373
2828.95,0.28277
1043.94,0.104315
895.429,0.0894768
460.467,0.0460278
833.62,0.0832171
935.57,0.0935516
934.932,0.0934618
4575.02,0.455837
2462.02,0.246189
1322.48,0.132209
1674.25,0.167298
797.145,0.0797092
2146.01,0.214548
982.694,0.0982158
577.989,0.0577684
944.926,0.0944848
2417.77,0.24169
3823.24,0.378178
1026.28,0.102609
936.615,0.0936494
3896.63,0.389041
804.988,0.0804821
883.046,0.0882761
1164.18,0.116376
6093.16,0.609065
1362.01,0.136182
1253.07,0.124887
2457.78,0.245732
417.133,0.0417062
4758.47,0.475212
2682.87,0.26818
601.374,0.0601199
521.526,0.0521491
989.015,0.0988738
966.148,0.096588
935.705,0.0935361
1812.45,0.181185
19250.7,1.92149
729.306,0.0728957
1374.03,0.137289
1538.17,0.153813
982.262,0.0982199
1427.26,0.142335
906.095,0.0906012
1379.37,0.137916
504.537,0.0504515
741.376,0.0741003
1224.68,0.122418
782.403,0.0782054
807.629,0.0806632
1814.43,0.180899
1842.41,0.184225
875.641,0.0875612
1593.56,0.15932
1015.57,0.101547
1336.92,0.13364
690.079,0.0690058
1264.78,0.12631
1890.05,0.188768
853.278,0.0853255
1116.39,0.111618
910.729,0.0908973
2281.45,0.228115
2841.93,0.284175
548.111,0.0547824
1958.67,0.195843
1268.93,0.126846
994.052,0.0992887
1095.8,0.109486
869.08,0.0868351
836.671,0.0836619
2717.44,0.27128
30273.6,3.01652
909.079,0.0907006
1041.95,0.104131
1262.08,0.126075
974.366,0.097414
4251.36,0.424264
3945.14,0.393827
2424.71,0.242404
1158.5,0.115697
1475.14,0.147497
2368.87,0.236742
1018.21,0.101817
4227.15,0.422386
1070.22,0.106942
1289.95,0.12881
991.267,0.0990997
831.758,0.0831481
926.37,0.0925597
13371.4,1.33586
756.188,0.0755903
1231,0.123036
6620.8,0.660883
615.451,0.0615203
2106.78,0.210494
1242.96,0.124286
985.303,0.0984625
702.799,0.0702337
841.324,0.0839926
855.453,0.085538
7572.25,0.754906
1927.64,0.192755
788.042,0.0787354
1074.86,0.107404
1118.92,0.111793
15705.2,1.56989
2132.26,0.213182
602.732,0.0602707
1476.67,0.147313
526.248,0.0526226
1023.22,0.102237
1731.91,0.172919
694.977,0.0694931
1103.79,0.110329
2249.59,0.224707
1691.63,0.169053
956.801,0.0956776
1986.39,0.198619
680.391,0.0680149
2085.28,0.208447
983.94,0.0983597
1452.93,0.145263
1668.64,0.166358
1698.41,0.169642
1017.48,0.108678
987.041,0.0986968
894.69,0.089467
1305.38,0.130533
2676.39,0.267461
1024.94,0.102422
7791.09,1.74958
691.879,0.0691744
2146.13,0.214531
2253.03,0.225144
2175.4,0.217498
1586.4,0.158466
1070.2,0.106993
2109.73,0.210819
761.151,0.0760821
875.613,0.0875347
918.118,0.0918076
2539.39,0.2535
515.752,0.0514421
1879.84,0.187933
7156.26,0.71504
1629.84,0.162936
1105.77,0.110424
1511.02,0.15072
1189.89,0.118251
707.128,0.0705748
4696.79,0.469487
898.3,0.0897709
572.869,0.0572375
2445.76,0.14388
984.247,0.0983283
992.316,0.0989105
849.813,0.0848573
1210.97,0.12107
1029.29,0.102879
1088.86,0.108075
1007.57,0.091455
1105.87,0.110563
878.208,0.0877975
1474.69,0.129871
1722.74,0.172268
1141.6,0.114138
1384.86,0.138447
1156.59,0.115653
1079.72,0.107955
4431.39,0.442981
921.8,0.0921515
1470.54,0.146898
687.162,0.0687133
824.155,0.0823285
2955.64,0.295527
6177.06,0.617496
868.323,0.0867868
1111.6,0.111096
1272.38,0.126912
846.516,0.0846502
903.561,0.0903191
1111.84,0.111119
1170.31,0.117022
1358.17,0.135784
1548.55,0.154776
1401.7,0.140072
2143.89,0.214344
970.097,0.0969889
4024.35,0.401875
1080.36,0.107624
5631.26,0.562403
1193.87,0.119373
1668.48,0.166819
1556.34,0.155556
2017.29,0.201655
710.863,0.0709912
1343.97,0.134371
3611.74,0.361059
778.946,0.0778806
922.389,0.0921568
1997.48,0.199595
1086,0.108465
827.654,0.0827535
1225.7,0.122557
628.147,0.0627887
1414.55,0.141406
1116.9,0.111676
950.654,0.0950251
1589.12,0.158853
835.783,0.0834533
5074.22,0.506948
3678.21,0.367612
1199.69,0.119937
1413.13,0.141188
1325.16,0.132418
596.643,0.059552
768.204,0.0768106
4782.1,0.478021
2317.95,0.231641
1039.36,0.103888
1703.72,0.170174
823.805,0.0823755
1288.62,0.128852
2536.69,0.253637
906.49,0.090607
794.935,0.0794869
1222.64,0.122251
1231.93,0.122901
963.706,0.0963161
797.833,0.0797285
1652.99,0.165136
780.506,0.0780419
687.155,0.0687029
1115.52,0.111382
715.52,0.0715507
1320.41,0.131357
1078.91,0.107853
725.078,0.0725045
1067.55,0.106591
1138.56,0.1138
3060.16,0.305959
1392.8,0.139226
1239.86,0.123872
1019.04,0.101842
1430,0.142989
1017.81,0.1017
994.996,0.0991958
2300.11,0.229897
1909.86,0.190917
3403.53,0.340109
1523.04,0.152297
1052.95,0.105285
935.753,0.0935724
2749.72,0.27483
760.991,0.0760952
1208.56,0.120838
557.207,0.0557117
1174.36,0.116913
1281.76,0.127644
918.844,0.0916936
1343.35,0.134293
1668.64,0.166795
1419.31,0.141894
983.902,0.0983481
1924.81,0.192402
1108.48,0.11326
2950.33,0.249516
1060.79,0.105984
2058.72,0.205188
912.369,0.0911399
747.045,0.0747014
1371.99,0.137035
722.809,0.0722779
1262.67,0.126217
1313.86,0.131369
1146.85,0.114637
1185.8,0.11853
1714.09,0.171395
999.093,0.0997429
1200.99,0.120017
1069.7,0.106958
1062.54,0.106241
3395.18,0.339131
2410.05,0.23176
3411.74,0.340996
653.073,0.065292
2319.84,0.231924
1039.28,0.103903
945.155,0.0944682
1428.81,0.142837
806.427,0.0805027
1378.09,0.137742
1883.26,0.188283
1880.93,0.187414
799.49,0.079933
1135.91,0.113492
2036.29,0.203549
963.68,0.0963392
1762.96,0.176153
1152.15,0.115189
2405.25,0.240389
704.235,0.0703989
1374.04,0.137398
3803.4,0.377946
657.891,0.0657767
1843.98,0.184211
792.976,0.0792941
1761.41,0.176108
1653.43,0.164733
1107.06,0.110625
959.852,0.0959392
1229.45,0.122481
1142.63,0.114214
2619.2,0.252895
3321.3,0.331877
769.616,0.076949
943.817,0.0943224
735.343,0.0735275
4769.93,0.473556
2823.56,0.282277
1017.83,0.099004
1462.82,0.145772
1572.14,0.1572
1063.23,0.106154
685.156,0.0685032
4965.93,0.496273
1049.91,0.104964
1646.98,0.164658
1990.35,0.198955
1151.38,0.114861
1462.93,0.146276
1515.17,0.151441
6224.12,0.619929
1230.72,0.123028
1242.89,0.124277
9058.39,3.54466
1439.81,0.143959
1255.9,0.12558
1126.37,0.11263
1083.7,0.108353
1382.5,0.138146
641.56,0.0641543
975.769,0.0975488
701.021,0.0700759
787.526,0.0786219
2108.58,0.210737
1633.23,0.16328
3726.29,0.37251
1648.31,0.161109
11271.1,1.12488
5526.69,0.550298
743.981,0.074385
840.492,0.0840088
1001.74,0.10016
1946.04,0.191521
1189.31,0.118712
1172.02,0.134523
1521.06,0.150907
760.125,0.0760062
4709.72,0.470694
2780.83,0.277936
2831.42,0.283088
2694.9,0.269276
601.423,0.0599266
523.059,0.0522991
1038.32,0.103824
878.539,0.0878512
1569.95,0.156794
809.689,0.080888
2086.92,0.208552
868.514,0.0868063
880.674,0.0879654
995.389,0.0995135
3369.56,0.335917
1437.42,0.143704
1400.58,0.140036
1780.26,0.178011
1490.51,0.149031
2653.51,0.264046
1685.12,0.168395
990.969,0.0990881
1294.51,0.12932
835.294,0.0835143
988.487,0.0987318
2228.35,0.222809
1301.72,0.13016
930.905,0.0930545
1218.98,0.121897
1953.51,0.194744
1031.49,0.103057
1123.09,0.112304
987.388,0.0987348
2083.15,0.207902
762.189,0.0762115
2065.65,0.206481
2906.03,0.29005
1191.98,0.119138
1366.86,0.136583
818.908,0.0818594
2212.03,0.221151
1435.12,0.143482
1692.63,0.169123
1053.54,0.105345
619.252,0.0619096
1703.74,0.170215
610.492,0.0610446
1864.36,0.186364
1561.07,0.156055
1747.83,0.174759
3560.18,0.355922
875.339,0.0875138
1031.82,0.103105
1148.23,0.114491
1453.83,0.145343
1093.61,0.109352
5789.8,0.578496
1641.04,0.163504
2460.3,0.245847
9610.63,0.957224
1709.48,0.170925
792.923,0.0792069
2846,0.284263
985.825,0.0984889
812.249,0.0812215
817.927,0.0817675
963.346,0.0963149
1690.16,0.168891
2389.3,0.23878
1405.37,0.140391
723.646,0.0721181
2435.24,0.243216
1207.19,0.120666
17788.3,1.76762
1592.77,0.159235
985.916,0.0985722
1107.19,0.110717
953.54,0.0953407
1446.42,0.144616
2391.48,0.2391
947.38,0.0946051
2499.62,0.249928
1539.18,0.153886
815.879,0.0813813
3376.41,0.337287
1034.99,0.103473
1037.88,0.103689
1041.1,0.104076
1697.2,0.169453
2031.82,0.203167
796.211,0.0795784
2918.51,0.291793
4916.85,0.491275
958.834,0.0958784
1148.69,0.114601
2113.12,0.210848
1343.52,0.134101
1029.26,0.1029
703.635,0.0703256
916.25,0.0916211
1694.89,0.169344
684.356,0.0684344
1047.2,0.104702
1666.85,0.166642
1085.41,0.108533
603.273,0.0603144
675.3,0.0674989
991.053,0.0991019
3241.47,0.323929
1080.11,0.108004
970.868,0.0970319
1099.61,0.109792
1171,0.117064
4108.44,0.410515
1571.3,0.157104
1305.57,0.130506
1018.55,0.101818
1803.73,0.179734
1554.21,0.155405
1365.41,0.136016
1606.36,0.160493
816.05,0.081588
1915.55,0.191401
2647.83,0.264761
791.873,0.0791804
15650,4.51622
1865.92,0.186551
1520.85,0.151761
935.07,0.093461
1204.47,0.120364
1605.03,0.160436
2409.19,0.240864
1230.21,0.122994
1824.88,0.182394
1323.91,0.132377
598.421,0.0598402
790.535,0.079038
821.51,0.082143
1398.26,0.139736
805.621,0.0805515
2070.36,0.206806
3436.97,0.342557
1793.96,0.17909
4422.14,0.441973
1586.55,0.158514
477.687,0.0477658
3312.03,0.3306
768.475,0.0768117
1235.01,0.123486
1111.61,0.111121
1514.84,0.151397
783.963,0.0783494
1174.1,0.117272
2132.17,0.213156
961.273,0.0961221
843.709,0.0842251
798.3,0.079296
906.376,0.0905947
1214.51,0.121406
1143.64,0.11416
1549.51,0.154925
1057.95,0.105739
766.245,0.0765989
2921.28,0.29186
2453.58,0.245097
1008.76,0.10082
2746.63,0.274504
967.208,0.0966569
1003.17,0.100262
2036.02,0.203541
1200.7,0.120011
2074.79,0.207432
1396.38,0.139467
1163.27,0.116301
445.165,0.0444357
4814.59,0.480494
914.835,0.0913722
833.765,0.0832275
1305.8,0.130507
520.811,0.0520712
1182.53,0.118208
2209.21,0.220701
772.564,0.077191
944.442,0.0944418
1069.23,0.1069
935.416,0.0934644
1567.71,0.156483
1860.7,0.186003
1119.37,0.111737
1024.88,0.102138
980.781,0.0946241
2554.01,0.255352
738.298,0.0738265
1027.21,0.10271
1234.62,0.123437
1057.36,0.105686
9226.37,0.921783
2359.1,0.23568
1288.54,0.128835
697.591,0.0697343
2517.03,0.251469
1715.43,0.171486
1784.21,0.178388
1089.43,0.108934
4034.9,0.403101
881.246,0.0879211
757.272,0.0752503
3344.89,0.334197
841.276,0.0840914
3050.37,0.302991
682.186,0.0682043
1968.27,0.19663
591.783,0.0591654
2034.46,0.203321
1977.51,0.19773
781.532,0.0779428
1375.01,0.137402
771.518,0.0770313
2373.3,0.237294
2152.16,0.215189
1700.09,0.169996
919.33,0.0918604
3015.73,0.301221
1149.07,0.11472
2256.76,0.224382
798.191,0.0797783
1131.95,0.113147
1575.57,0.157472
1174.42,0.117406
1088.57,0.108831
5660.84,0.56553
659.985,0.065989
1265.84,0.126564
1081.88,0.108164
9921.94,0.99115
1808.41,0.179901
1458.32,0.145822
938.196,0.0937803
1353.18,0.135126
4435.27,0.443428
934.816,0.0934497
1550.3,0.154748
934.592,0.0932796
1559.46,0.155915
1637.72,0.163487
1082.43,0.10815
1051.97,0.105145
988.209,0.0987882
1544.09,0.154385
2071.65,0.2071
1034.14,0.103398
1208.21,0.120564
2099.98,0.208123
999.891,0.0999177
1352.34,0.135232
745.824,0.0745671
1225.31,0.122496
1792.09,0.179057
879.122,0.0877641
2150.5,0.214978
844.168,0.0844042
730.61,0.0730476
990.685,0.0990311
11494.1,1.14353
2755.11,0.275398
1633.8,0.163248
3355.29,0.335296
9321.61,0.92946
918.731,0.091791
1052.06,0.10519
1616.65,0.161597
1669.6,0.166928
368.19,0.0366389
671.681,0.0671508
854.167,0.0853961
467.13,0.0466992
1685.46,0.154258
1962.05,0.195824
1352.93,0.135277
1487.36,0.148674
1399.7,0.13985
714.176,0.0713563
712.018,0.0711826
1968.62,0.196836
2226.57,0.222609
1203.66,0.120304
2553.09,0.255223
1422.01,0.142123
2530.72,0.253027
784.068,0.0784028
1240.99,0.123718
3120.49,0.311907
812.763,0.0812134
978.506,0.0977953
1167.05,0.116291
1063.91,0.106378
671.064,0.0671016
1027.03,0.1027
5067.81,0.506685
817.893,0.0817808
817.359,0.0816816
1047.29,0.104719
633.474,0.0633383
1060.8,0.106059
1174.5,0.117367
2120.78,0.211786
2249.58,0.224816
734.622,0.0734422
919.319,0.0918979
1085.14,0.108467
1049.87,0.10496
897.385,0.0896842
744.709,0.0744378
895.837,0.0894925
1210.15,0.120911
1128.82,0.112844
1219.33,0.12183
1487.33,0.148689
1094.81,0.109467
5932.39,0.59169
1324.04,0.132281
1114.15,0.110587
4634.04,0.463178
2538.73,0.253497
703.633,0.070324
665.175,0.0665109
819.069,0.0818908
1221.34,0.122118
1742.21,0.174204
1011.16,0.10106
1302.91,0.130177
1468.95,0.146841
842.825,0.0842759
911.195,0.0911024
4446.06,0.444478
1317.89,0.131774
909.366,0.0909287
1098.37,0.109814
1453.63,0.145012
1705.05,0.170494
1110.38,0.111021
4282.86,0.428031
1702.88,0.170251
950.571,0.0950436
2288.9,0.228727
2972.05,0.296183
2039.31,0.203582
1203.95,0.120361
1019.34,0.101917
1041.94,0.104165
1282.64,0.128257
4108.73,0.410229
3134.07,0.313227
750.966,0.0748707
1084.03,0.108282
953.526,0.0941321
1261.37,0.125401
786.755,0.078673
1294.46,0.129309
739.519,0.0739205
1187.95,0.118777
1008.38,0.100563
807.093,0.0806611
1242.2,0.124183
4442.23,0.443713
628.474,0.0627965
24052.1,3.58628
652.305,0.0652279
2691.02,0.268992
1386.54,0.13864
2380.44,0.237972
1014.81,0.101227
1865.27,0.186472
862.622,0.0862417
1378.82,0.137841
708.475,0.0707908
982.501,0.0981808
753.587,0.0752836
8303.71,0.829072
1901.64,0.190093
1041.14,0.10406
2686.8,0.2685
1210.08,0.120893
1035,0.103481
1856.14,0.185589
2760.26,0.27588
806.228,0.0805822
1285.12,0.12844
1308.48,0.130795
2634.36,0.263301
786.417,0.0786232
499.661,0.0496605
3929.55,0.392854
602.329,0.0602307
1529.83,0.152826
18379.9,2.29477
565.303,0.0565004
1627.68,0.162751
795.975,0.0795573
714.716,0.0714554
946.718,0.0945981
1033.33,0.103269
1079.82,0.10752
1008.71,0.100852
1439.02,0.143771
1161.67,0.116094
844.518,0.0842001
1250.49,0.125042
2291.17,0.229096
750.487,0.0750218
1659.59,0.165897
1224.77,0.122451
1168.35,0.116822
16893.4,1.63798
4061.2,0.405665
2014.36,0.201196
947.853,0.094775
940.416,0.0939601
552.324,0.0552161
917.962,0.0917707
1996.85,0.199654
6969.67,0.695994
1001.79,0.100169
1060.47,0.106015
828.576,0.0828549
1111.65,0.111091
1480.62,0.148041
580.334,0.0580103
2877.99,0.287682
691.183,0.0691138
1187.73,0.11876
1061.91,0.106058
1192.57,0.119245
2523.16,0.216911
2435.06,0.2434
1130.24,0.112823
655.487,0.0655333
1842.68,0.184171
750.103,0.0749586
1166.66,0.116638
3063.68,0.306086
1740.4,0.17402
771.539,0.0771486
958.835,0.0958496
4396.48,0.439216
803.623,0.0803276
1087.12,0.108566
1139.59,0.113954
1007.16,0.100696
754.966,0.0754667
1319.6,0.115443
1540.61,0.15384
1035.13,0.103442
1072.03,0.107198
1337.71,0.13343
1748.22,0.174809
1079.44,0.107543
1498.07,0.149753
5374.15,0.536531
1627.23,0.162304
889.681,0.0889612
774.828,0.0773762
2133.86,0.213347
2086.54,0.208646
1982.73,0.198195
465.864,0.0463372
781.201,0.0780875
2841.55,0.283964
1109.57,0.112658
1002.16,0.100151
4207.4,0.420648
1102.15,0.110154
1349.25,0.13487
808.698,0.0807712
1005.3,0.100523
863.707,0.0863381
533.609,0.0532782
1635.28,0.163517
1262,0.12619
1016.62,0.101557
3367.58,0.336579
4134.63,0.413233
1290.46,0.129005
1243.5,0.12433
4494.38,0.449129
651.411,0.0651359
1610.02,0.160942
810.902,0.0810845
2139.12,0.213715
945.967,0.0945721
1281.68,0.127953
604.662,0.0604471
3788.54,0.378457
2481.95,0.247603
913.933,0.0913741
1636.76,0.163472
1846.59,0.184467
945.803,0.0945779
927.319,0.0923323
1251.47,0.124747
2282.37,0.228192
1771.4,0.176918
1752.99,0.175014
1759.81,0.175942
943.1,0.094252
1015.9,0.101469
1148.97,0.114839
1121.75,0.112129
1945.91,0.194564
2071.19,0.206914
1882.27,0.188156
946.055,0.0945077
1757.3,0.175649
2281.79,0.22806
909.853,0.0908566
671.02,0.0671014
1665.93,0.166567
738.214,0.0738176
1238.18,0.123784
1744.81,0.174387
1276.01,0.127595
1238.64,0.123763
1274.34,0.127407
3236.11,0.323008
1250.75,0.124929
1038.7,0.103859
1668.19,0.166789
1615.2,0.161493
1078.17,0.107779
1173.12,0.117301
1108.65,0.110733
997.284,0.099719
598.053,0.0597832
1074.22,0.107405
849.87,0.0849757
2854.8,0.285393
1284.35,0.128426
1286.44,0.128555
731.684,0.0731655
1433.26,0.0756065
2142.77,0.214133
2146.49,0.214547
7127.15,0.710527
1010.27,0.101003
993.056,0.0992946
5881.83,0.586337
4165.93,0.411582
721.662,0.0721592
861.821,0.0860997
882.787,0.0882711
1209.18,0.120911
1197.84,0.119682
889.116,0.0886731
1253.98,0.125368
1707.24,0.170572
892.73,0.0892559
687.465,0.0686695
1245.16,0.12447
596.429,0.0596131
7593.91,0.758099
2391.35,0.238993
21778.8,3.68562
679.887,0.0678255
1381.23,0.138096
780.429,0.0780218
1104.74,0.110464
1433.23,0.142915
581.784,0.058164
3485.36,0.348436
1066.06,0.106147
1013.52,0.100873
860.396,0.0857209
2406.93,0.240591
1391.77,0.138913
1109.34,0.11092
2174.2,0.217072
1161.03,0.116015
1079.75,0.105562
1029.44,0.102634
4349.66,0.434751
1452.21,0.145067
838.197,0.0838102
962.564,0.0962167
4062.01,0.405984
1296.21,0.129562
865.792,0.0863171
826.01,0.0825459
1333.1,0.133288
1832.41,0.1832
1245.12,0.124013
1868.6,0.186806
818.802,0.0818785
870.892,0.0870637
4054.46,0.405366
1559.31,0.15587
859.482,0.085937
920.299,0.0920264
9005.51,0.895735
770.916,0.076955
2895.01,0.28932
914.399,0.0913777
870.567,0.0870539
957.09,0.0957066
1021.63,0.102109
2190.06,0.218837
1391.24,0.139098
1140.71,0.113815
1211.62,0.121146
1046.76,0.104297
751.791,0.0739892
907.417,0.0907256
869.987,0.086984
693.9,0.0693259
1093.18,0.10928
2785.87,0.278364
2494.54,0.248895
1300.52,0.129979
1164.06,0.116342
1877.41,0.187174
1834.14,0.183342
1748.23,0.174652
1083.36,0.108273
759.655,0.0759547
1330.91,0.133087
1279.4,0.12781
1238.62,0.123806
8562.97,0.855961
656.913,0.0649687
936.333,0.0936195
1679.31,0.167924
987.869,0.0987524
915.77,0.09156
992.665,0.0992545
1015.97,0.101463
1147.47,0.1147
8694.76,0.859647
1205.35,0.120237
2287.59,0.228603
819.064,0.0818988
746.288,0.0746122
7734.26,0.771563
894.676,0.0803705
1652.49,0.165192
1888.79,0.188737
1468.64,0.146849
1736.27,0.173532
2283.88,0.22836
880.523,0.0880465
1216.97,0.121653
1146.06,0.114574
902.798,0.090265
1355.03,0.135483
2981.99,0.297594
1187.38,0.118695
5299.84,0.529288
729.422,0.0728107
1614.17,0.161263
3383.67,0.338155
1045.32,0.104488
1332.68,0.133198
3791.23,0.379081
2501.76,0.249624
3416.32,0.341525
1154.4,0.114821
1408.58,0.14077
762.441,0.0762268
691.598,0.0691022
700.956,0.0699741
1874.56,0.187369
1126.82,0.112454
701.691,0.0701532
2301.04,0.230014
814.078,0.0813637
1032.52,0.0992854
859.476,0.0858524
2041.84,0.204164
763.64,0.0763478
1882.85,0.18826
1058.65,0.105849
1408.7,0.140253
505.744,0.0503788
1047.31,0.104598
1649.28,0.164733
809.946,0.0809613
1989.02,0.198866
914.935,0.091203
2086.6,0.208578
1699.69,0.169955
623.906,0.0623834
1189.98,0.118957
972.85,0.0972639
1971.28,0.197068
575.373,0.0574903
1887.57,0.183518
1974.44,0.197163
839.434,0.0839223
740.99,0.0740721
1029.44,0.102649
1320.25,0.13202
3548.28,0.354659
1325.03,0.132474
1763.12,0.176282
1449.58,0.144703
2236.55,0.223459
1476.71,0.147645
625.854,0.0625595
957.856,0.0957472
734.079,0.0733484
858.751,0.0858651
2018.58,0.201587
1113.75,0.111341
825.044,0.0824949
785.089,0.0784756
1390.18,0.139008
25321.5,3.06599
884.992,0.0884815
1050.7,0.105063
965.371,0.0964201
3360.26,0.335721
1286.94,0.128673
1141.75,0.114149
845.369,0.0845205
868.377,0.0866609
1136.93,0.113685
1437.75,0.143748
543.637,0.0543414
1718.86,0.17167
1036.49,0.103594
1577.06,0.157509
736.14,0.0736071
9642.29,0.96135
3467.13,0.346518
698.456,0.0698271
1137.62,0.11375
889.98,0.0889888
1845.13,0.184461
1088.36,0.108743
890.558,0.0890339
2941.78,0.294082
1308.89,0.130783
700.33,0.0699957
1531.41,0.15311
1014.16,0.101402
1034.11,0.103407
1505.49,0.150513
2778.27,0.277764
488.283,0.0488276
832.689,0.0832626
514.485,0.05144
806.65,0.080639
1837.24,0.183699
2810.77,0.281044
2841.14,0.283941
1395.73,0.139509
2985.59,0.296913
882.031,0.0881157
649.495,0.0647968
921.262,0.0920985
1079.66,0.107908
3137.88,0.313087
2157.59,0.215366
1250.09,0.124982
1758.77,0.175811
636.578,0.0635532
889.228,0.088883
3425.48,0.342084
1092.86,0.109202
1226.21,0.122539
2040.74,0.204054
726.479,0.0726281
2148.32,0.213147
1629.98,0.162974
1220.91,0.120056
1814,0.181313
1477.06,0.147632
904.068,0.0904053
677.081,0.0677035
1284.96,0.128455
1022.31,0.102226
1550.64,0.154853
1376.97,0.137616
1224.75,0.122237
1321.81,0.132172
2316.49,0.231596
743.069,0.0742735
972.988,0.0972663
954.536,0.0954259
775.746,0.0770524
1383.28,0.138157
3256.27,0.325322
975.41,0.0975299
554.235,0.0553634
1339.74,0.133867
595.202,0.0595188
5410.63,0.540813
1070.56,0.107005
778.069,0.0778021
840.134,0.0840034
739.317,0.0739236
1649.33,0.164893
1885.06,0.188449
949.286,0.0948124
1717.46,0.171731
2402.39,0.207518
1387.3,0.138561
1651.24,0.165066
947.197,0.0946527
1011.83,0.101171
1564.61,0.156439
1449.58,0.144937
1193.33,0.119317
3957.35,0.395306
704.178,0.0703808
1372.21,0.137209
961.647,0.0950068
990.302,0.0990216
1450.65,0.145035
1540.83,0.154005
972.348,0.0972282
1766.12,0.176574
1015.05,0.101492
1091.25,0.109063
814.91,0.0814632
3723.08,0.372232
828.809,0.0828572
1046.63,0.104625
1225.81,0.122577
1486.15,0.126521
2184.9,0.218149
1499.17,0.149823
1253.16,0.125242
1072.88,0.107282
2265.52,0.226485
1799.16,0.179885
968.086,0.0916497
1328.57,0.132855
3287.33,2.44334
1530.63,0.153008
5146.92,0.514333
1622.74,0.162175
1669.15,0.166837
694.154,0.0693898
1854.99,0.185476
924.335,0.0924278
949.108,0.0948722
2190.62,0.21885
1995.09,0.199378
882.466,0.088238
1532.19,0.152806
2537.59,0.253718
428.601,0.0428402
601.649,0.0601219
975.555,0.0975392
820.985,0.0820946
1070.71,0.106655
1795.39,0.178571
1216.54,0.121396
1035.21,0.103516
1086.28,0.108568
1046.67,0.104631
944.399,0.094148
1046.95,0.10469
11360.2,1.13423
2416.79,0.24163
1338.69,0.133819
1232.2,0.123177
1270.94,0.127084
1215.62,0.121451
1147.57,0.114609
1383.09,0.138283
739.955,0.0739784
3083.32,0.307859
1303.47,0.13009
1069.72,0.106956
1214.29,0.121233
966.359,0.0963243
2532.6,0.252821
3369.3,0.336568
1098.64,0.109839
1109.4,0.110928
1196.91,0.119596
2069.93,0.206942
905.782,0.0905627
788.645,0.0788445
1877.95,0.186894
671.769,0.0670264
4589.16,0.458714
966.49,0.0966344
1258.54,0.125657
2333.97,0.23334
1425.63,0.142448
1866.98,0.186632
1099.62,0.109952
1489.67,0.148924
613.832,0.0613241
1274.21,0.127406
2030.32,0.202945
2419.16,0.241883
2425.86,0.242476
792.027,0.079078
1118.44,0.111798
1455.59,0.145474
1317.08,0.131637
3472.81,0.347158
619.363,0.061863
1291.59,0.129139
1244.16,0.124379
3891.55,0.369793
981.29,0.0981113
1923.07,0.192109
996.022,0.0995583
1224.09,0.122392
5793.2,0.578135
1444.13,0.144267
850.233,0.085013
2048.18,0.204744
689.506,0.068936
7932.36,0.78741
635.057,0.0625203
2330.93,0.232952
1247.08,0.124595
11436.6,1.139
936.914,0.0934664
929.799,0.0929722
506.78,0.0506101
11606.8,3.13771
706.399,0.0705671
1383.87,0.138368
843.345,0.0842979
1470.71,0.147046
1627.72,0.162528
1435.35,0.14352
1143.59,0.114229
1008.47,0.100814
709.505,0.070945
1216.09,0.121601
1547.61,0.154734
1161.13,0.115896
506.103,0.0505861
1346.7,0.134661
815.096,0.0814189
521.321,0.0521093
3376.24,0.337406
1633.63,0.163012
1347.68,0.134756
2636.27,0.263266
808.035,0.0807451
1600.79,0.159995
1874.47,0.187323
1028.8,0.102821
846.357,0.0846062
1273.2,0.127247
998.698,0.0996804
878.38,0.0877738
793.807,0.0792665
1166.48,0.116598
893.306,0.0893218
1509.06,0.150794
3325.65,0.332461
1500.81,0.150021
5316.89,0.531196
1366.07,0.136582
742.159,0.074179
1012.3,0.101203
744.323,0.0744263
1520.1,0.151776
1630.33,0.1629
513.856,0.0513847
10520.5,1.04787
2159.07,0.215716
1887.68,0.188465
556.849,0.0556303
1644.26,0.164348
893.072,0.0892485
982.123,0.0982119
1660.67,0.165741
1010.59,0.100995
1269.87,0.126826
946.657,0.0946649
515.479,0.051521
1209.38,0.120928
878.975,0.0878658
971.712,0.0971251
834.048,0.0833896
1023.38,0.101953
2756.51,0.275304
4155.88,0.415201
2555.69,0.255009
789.936,0.0789926
1470.66,0.147043
1042.7,0.104133
496.187,0.0496
1590.93,0.158868
1264.15,0.126403
1804.4,0.180028
1176.72,0.117655
1807.74,0.180643
2414.23,0.241373
1600.85,0.160032
3005.16,0.30048
1885.5,0.188343
1690.63,0.16901
797.197,0.0797129
1565.7,0.156498
695.795,0.0695635
5149.48,0.514383
3000.97,0.29972
1506.1,0.150393
807.759,0.0807387
814.626,0.0814233
559.086,0.0559072
1008.65,0.100735
536.308,0.0535556
605.452,0.0605296
2547.24,0.254696
2045.17,0.204347
8344.31,0.834119
931.92,0.0931351
1227.18,0.122711
858.121,0.0857303
1060.19,0.106015
10143.4,1.01251
2072.56,0.207099
851.801,0.0851535
921.524,0.0921501
981.719,0.0976805
1209.08,0.120582
851.699,0.0851683
3093.19,0.309233
1012.7,0.101242
1168.62,0.116817
1549.18,0.154859
1714.37,0.171387
1000.89,0.100087
884.517,0.0884462
762.002,0.0761075
3780.29,0.377813
830.111,0.0829491
1694.69,0.169282
2158.09,0.215788
857.965,0.0857736
2793.36,0.279322
1969.04,0.196821
7071.14,0.706119
779.369,0.0779333
1560.64,0.1558
675.199,0.067495
2441.43,0.243763
1262.04,0.126199
555.758,0.0555584
823.48,0.0823424
847.938,0.0818226
2772.55,0.277239
22055.1,2.19738
774.486,0.0774233
1513.43,0.150949
1511.06,0.151039
1714.5,0.171382
2464.93,0.246196
1286.8,0.128646
686.489,0.0686365
8690.78,0.866008
616.73,0.0615481
2233.1,0.223257
2056.66,0.205082
1115.05,0.111452
912.261,0.0911908
1229.15,0.122862
1218.53,0.121784
1620.24,0.162013
885.561,0.088481
968.179,0.0968115
997.184,0.0996941
3697.99,0.369685
850.283,0.0850201
2024.22,0.202366
1121.5,0.112137
4973.27,0.497228
1268.68,0.126781
956.757,0.0955069
1251.34,0.125091
1823.4,0.181831
1921.56,0.192083
802.925,0.0795124
1154.1,0.115393
823.154,0.0823011
1272.23,0.127116
663.43,0.066246
2073.07,0.207248
768.241,0.076809
678.609,0.0678467
879.099,0.0878812
1156.13,0.115607
2144.25,0.210332
1112.3,0.111182
2610.59,0.261007
2710.42,0.269164
3800.74,0.379891
1687.51,0.168679
1280.29,0.127998
1330.37,0.133014
1052.37,0.105214
714.395,0.0713406
2805.6,0.280112
859.787,0.0858597
1314.92,0.131219
1627.44,0.162629
826.112,0.0825448
882.187,0.0881921
1300.45,0.130013
1038.74,0.103842
901.133,0.0900343
2202.55,0.220052
2172.6,0.217155
1540.93,0.153608
877.765,0.087764
2829.01,0.28275
2180.55,0.218023
796,0.079505
1863.98,0.186361
1003.43,0.100326
2165.47,0.216208
4326.64,6.35906
797.277,0.0797017
1568.05,0.156761
3189.63,0.317682
1341.11,0.134003
1897.08,0.189304
1011.97,0.101163
9635.52,0.963355
1676.08,0.16747
882.692,0.0882202
1691.85,0.168599
985.431,0.098522
1765.88,0.176518
1324.19,0.132142
869.239,0.0869034
562.013,0.0561646
1969.77,0.196887
2363.29,0.236282
2606.34,0.260354
893.433,0.0893231
1161.32,0.116115
1744.31,0.174413
1160.35,0.11538
1916.46,0.191523
1037.8,0.103327
974.507,0.0974334
2204.89,0.220435
2660.22,0.265854
7515.28,0.750784
1803.45,0.180262
1129.88,0.112973
4099.18,0.409519
1003.9,0.0995683
604.657,0.0604389
1646.45,0.164538
1251.12,0.124991
1083.01,0.107313
1183.56,0.118328
736.406,0.0733462
1480.43,0.147981
3201.34,0.319899
797.002,0.0796974
1747.33,0.174701
1195.96,0.119579
1809.26,0.180849
1371.08,0.13703
986.737,0.0986694
1131.75,0.113081
2867.76,0.286721
1408.17,0.140743
1001.15,0.100085
14685.8,2.2901
896.463,0.0896431
1149.47,0.11489
1587.17,0.158651
953.414,0.0952434
946.708,0.0937457
628.628,0.0626829
5129.51,0.512514
2547.02,0.253916
984.606,0.0982765
2878.94,0.287635
2768.34,0.27539
917.672,0.0917364
1378.1,0.137799
9497.18,0.943901
1755.87,0.175434
1018.71,0.101769
1018.75,0.101874
944.714,0.0944359
839.835,0.0839575
1448.24,0.144508
1825.48,0.182424
6893.31,0.68849
4344.69,0.433633
891.097,0.0889087
1271.95,0.127176
1470.49,0.146925
9136.38,0.91066
1057.95,0.105184
1054.27,0.105425
847.645,0.084762
1118.18,0.111591
1181.5,0.118115
627.228,0.0626585
389.465,0.0389188
1674.03,0.167369
1778.29,0.177741
1857.77,0.185765
2797.18,0.279649
702.933,0.0702459
1377.85,0.137339
1893.65,0.189075
1066.17,0.106608
5667.35,0.56621
1139.91,0.113957
2650.06,0.264461
621.155,0.0620229
1359.34,0.1359
1191.97,0.119132
927.034,0.092426
1568.03,0.156684
637.09,0.0637003
1356.75,0.135607
938.847,0.0938687
1508.06,0.150768
549.196,0.0549179
1270.17,0.12701
2099.11,0.209876
1144.7,0.114033
1045.18,0.104474
760.911,0.0760632
2301.3,0.230057
1376.18,0.137406
2206.83,0.220635
1112.65,0.111215
1839.66,0.183919
1863.55,0.186325
2332.61,0.233113
1775.28,0.177346
1893.19,0.189277
1253.06,0.125298
2034.31,0.203278
1289.1,0.128902
1054.28,0.105399
1258.58,0.125853
5599.02,0.559149
1105.25,0.110399
1419.05,0.141298
769.948,0.0769812
686.524,0.0686394
885.802,0.0885565
910.758,0.090728
1176.23,0.111528
1463,0.145975
754.861,0.0753273
1105.72,0.11053
2380.77,0.237846
1042.58,0.104156
961.356,0.0960754
684.426,0.0684304
1213.28,0.121291
915.417,0.0910474
1126.27,0.112572
1351.12,0.13509
1968.75,0.195904
1365.09,0.13647
1462.59,0.146186
976.16,0.0973525
1365.27,0.136315
1061.71,0.106048
1166.72,0.116641
1189.64,0.118175
1179.08,0.117733
1227.78,0.122774
1384.17,0.138378
981.99,0.0981883
838.026,0.0837151
819.363,0.0812145
1328.13,0.132701
5532.81,0.55243
949.962,0.0949748
5791.35,0.579013
1471.59,0.147127
2542.16,0.253886
767.086,0.0766757
1470.42,0.147015
3268.36,0.326297
1555.98,0.155589
973.058,0.097274
895.18,0.0895107
1015.52,0.10149
1318.4,0.131656
867.213,0.0866669
2165.91,0.21648
2070.83,0.207004
1206.7,0.12066
752.614,0.0752386
2627.45,0.262492
1077.59,0.107685
3985.08,0.398475
1877.45,0.187226
2662.09,0.265524
1455.38,0.145473
2061.67,0.206042
1417.61,0.141585
977.069,0.0976595
1978.47,0.197814
2312.66,0.231242
1078.26,0.107785
1703.42,0.170308
1251.81,0.124957
3286.86,0.328466
814.952,0.0814112
1183.33,0.118299
745.061,0.0744961
925.572,0.0925067
740.451,0.073617
921.643,0.0921608
602.226,0.0602075
927.456,0.092649
331.441,0.0331381
2299.77,0.229383
5006.63,0.499645
1384.4,0.138023
963.202,0.0962775
869.945,0.0869814
1346.54,0.134515
950.011,0.0949932
672.011,0.0671921
859.865,0.0859715
898.281,0.089815
4255.11,0.423721
892.799,0.0892292
3077.65,0.307337
1379.27,0.137913
1130.87,0.11307
1146.17,0.114564
606.167,0.060605
936.493,0.0936347
2281.86,0.228152
2267.15,0.226372
1048.92,0.104887
1245.91,0.124533
1000.52,0.0999723
1175.42,0.117385
1705.67,0.170531
708.511,0.0708302
1081.68,0.108051
935.284,0.0935239
1279.19,0.127868
762.746,0.0762444
1065.73,0.106567
1007.92,0.100451
385.114,0.0385022
660.504,0.0660468
706.326,0.0706256
1253.31,0.12531
1161.31,0.116038
686.541,0.0685719
1572.89,0.157176
1000.36,0.100032
1247.08,0.124668
2272.09,0.226935
1742.84,0.173991
758.527,0.0758362
1285.09,0.12818
995.805,0.0995663
2304.82,0.230459
609.918,0.060935
977.383,0.0976928
2657.67,0.265037
4602.28,0.460049
1264.53,0.126417
2616.59,0.261513
3907.54,0.346329
7491.4,0.746258
1398.61,0.139797
986.844,0.0986684
1511.49,0.150976
2569.88,0.256908
731.63,0.0730178
2100.44,0.207928
2114.19,0.211382
1488.73,0.148867
2229.44,0.222806
1538.39,0.153772
1133.31,0.113305
1508.76,0.15087
1293.29,0.129203
1547.4,0.154709
1892.69,0.189228
1715.15,0.16683
1125.11,0.112507
1197.77,0.119641
986.892,0.0985772
1199.62,0.119852
1152.57,0.115212
1062.89,0.106248
1364.69,0.136135
713.321,0.071303
678.829,0.0677694
1430.12,0.14272
1299.57,0.129934
1581.32,0.157743
3356.37,0.335383
1517.32,0.151638
832.689,0.0832586
1730.8,0.173005
2071.7,0.207067
2369.3,0.233975
1007.92,0.100782
745.618,0.0745346
2398.5,0.239802
735.057,0.0734008
6982.57,0.695263
885.522,0.088519
1563.04,0.156136
1038.97,0.102428
2140.52,0.213795
2259.6,0.225609
2078.41,0.207623
2066.19,0.206571
1562.96,0.156285
1278.09,0.127763
1467.48,0.14671
1350.48,0.134887
1175.79,0.117527
779.974,0.0779906
1682.03,0.168179
1522.89,0.152284
983.776,0.0982129
1146.5,0.114527
2686.06,0.268375
1199.29,0.119826
1071.67,0.107132
747.732,0.0747547
5914.46,0.591322
886.77,0.0885816
926.996,0.0925639
695.97,0.0695473
1213.92,0.12132
788.49,0.0787874
823.894,0.0823847
1638.14,0.163736
1586.24,0.15856
1885.56,0.188524
1056.6,0.105537
1462.65,0.146207
779.589,0.0778326
811.427,0.0811314
504.071,0.0503378
6907.94,0.689732
822.532,0.0822445
1577.58,0.157736
1326.73,0.132643
1475.24,0.147508
4162.11,0.415246
5439.05,0.54318
1362.42,0.136235
2794.83,0.279233
1218.64,0.121852
883.086,0.0883063
761.628,0.0758526
1442.49,0.144198
917.997,0.0917595
1596.11,0.159567
1199.58,0.119922
2616.84,0.26149
1222.45,0.12222
567.979,0.0567709
594.936,0.0592294
1657.26,0.165709
5411.02,0.540589
813.755,0.0813478
1788.05,0.178752
1099.78,0.109975
5283.68,0.527635
1592.74,0.159192
773.446,0.0772611
1193.48,0.119226
2469.36,0.246853
942.385,0.0941479
1097.74,0.109749
807.834,0.0807663
1233.03,0.123095
1710.27,0.169548
980.139,0.0979548
1745.25,0.174466
6286.93,0.628339
939.837,0.0939432
3106.47,0.310349
1867.38,0.186621
1132.42,0.113168
1205.57,0.120432
2043.39,0.204316
964.49,0.0964227
1302.58,0.130082
509.812,0.050907
903.056,0.0902679
979.947,0.0979747
24273.9,2.4048
1586.56,0.158618
2063.37,0.206221
1354.88,0.135269
969.09,0.096874
2199.26,0.219748
758.958,0.075656
710.68,0.0710338
1286.92,0.128653
702.969,0.0702942
853.058,0.0853039
4693.64,0.469281
1545.74,0.154504
1061.13,0.105733
1013.89,0.101385
1233.93,0.123363
3240.84,0.324048
856.858,0.0856548
784.694,0.0784573
914.311,0.0912406
1640.31,0.163371
1132.11,0.112715
1316.38,0.131474
1200.53,0.120016
803.613,0.0803182
1159.56,0.115926
1090.3,0.108945
1399.53,0.139709
2169.68,0.216871
3244.25,0.323609
1443.62,0.144319
652.367,0.0652021
1704.43,0.170433
1324.88,0.132444
2556.01,0.255395
1014.12,0.101389
3014.65,0.301439
1256.53,0.125647
757.94,0.0757337
965.013,0.0964689
864.246,0.0862804
656.147,0.0656106
2204.03,0.220327
1507.93,0.150768
749.01,0.0749005
1653.06,0.155904
806.579,0.0806553
1432.83,0.143264
1444.47,0.144437
2017.95,0.201739
2334.34,0.233096
2842.42,0.283904
2005.18,0.200334
828.588,0.0822256
945.191,0.0945136
1580.9,0.158073
2721.24,0.272064
1388.42,0.138825
1413.81,0.141337
792.339,0.0792237
1698.75,0.16628
1061.95,0.106121
1118.51,0.111796
1824.88,0.182119
3409.58,0.340202
3243.36,0.324064
950.818,0.09491
1166.58,0.116605
1186.98,0.11856
1127.19,0.112637
1057.49,0.105739
1783.09,0.178178
454.988,0.0454892
1553.47,0.155224
1189.58,0.118949
2161.59,0.21611
888.224,0.0886679
993.2,0.0992798
1299.23,0.129781
1239.26,0.123919
599.657,0.0599557
2291.06,0.229057
1162.39,0.116214
1533.69,0.153232
1235.74,0.123375
1067.46,0.106743
1511.77,0.151065
2124.7,0.212413
2283.64,0.228217
921.727,0.0921684
2911.21,0.290914
4484.2,0.4478
3196.67,0.319563
1241.83,0.121373
942.673,0.0942609
1900.13,0.189902
2580.99,0.257803
1131.18,0.113065
942.435,0.0939569
1746.95,0.174666
886.275,0.0886205
1327.79,0.132687
1722.5,0.172198
1362.7,0.136098
884.741,0.0884673
1349.77,0.134958
991.453,0.0990638
2003.43,0.200055
3524.85,0.352244
3019.21,0.30183
1333.97,0.13334
1350.81,0.135012
2414.1,0.241259
732.452,0.0732171
1114.25,0.110863
1518.78,0.151853
1009.45,0.100788
1294.59,0.129452
2345.12,0.234464
3259.03,0.325853
3355.01,0.335005
1351.64,0.13509
1133.01,0.113182
4771.58,0.477026
1466.01,0.146476
4541.98,0.45411
1268.92,0.126881
1817.88,0.181761
873.301,0.087304
1581.63,0.157629
1095.55,0.109491
2779.13,0.277856
418.205,0.0417985
1669.94,0.166974
2213.3,0.221174
933.871,0.0933806
1223.85,0.122334
814.894,0.0814713
1316.01,0.131464
3491.6,0.347893
3114.82,0.31124
1811.24,0.18107
757.03,0.0754431
1334.6,0.133429
884.338,0.088408
1241.54,0.124126
1161.06,0.116064
789.867,0.0789405
817.502,0.0817132
1191.54,0.119145
710.554,0.0710404
452.243,0.0452235
2021.06,0.202083
762.305,0.0762105
1254.42,0.12537
1009.68,0.1009
1161.81,0.11615
2394.14,0.23939
1426.72,0.142648
1553.72,0.154908
1030.72,0.103055
1105.69,0.11038
1924.74,0.19229
1160.94,0.115937
2457.81,0.245549
1386.77,0.138393
1088.82,0.108791
3576.19,0.357523
1390.98,0.139008
1459.43,0.144458
2378.23,0.237648
1013.67,0.101322
1306.75,0.130664
1475.13,0.147478
2703.05,0.270027
1171.2,0.117107
982.055,0.0980771
1443.71,0.144329
1385.25,0.138461
1155.2,0.115414
1418,0.141624
1995.9,0.199064
1833.61,0.182973
1091.05,0.109081
1109.43,0.110941
849.312,0.0849193
1106.73,0.110666
1303.72,0.130331
1717.13,0.171614
1118.12,0.111756
2472.68,0.247222
1530.41,0.153011
627.677,0.0626987
1658.29,0.165596
1341.11,0.134077
2225.25,0.222463
911.904,0.0911662
8642.99,0.861447
2210.07,0.220992
4588.64,0.458569
1100.94,0.110065
1489.55,0.148936
968.297,0.096749
786.364,0.0785675
776.018,0.0775351
1419.28,0.141919
1563.05,0.155961
1885.59,0.188107
916.657,0.0915731
2201.3,0.220106
1364.5,0.136393
1707.37,0.170599
792.844,0.0792795
1451.06,0.145033
1373.64,0.136981
616.158,0.0616094
1500.6,0.149724
1241.56,0.12397
1411.1,0.140983
3886.98,0.384022
2151.26,0.215012
3241.51,0.322148
4656.06,0.465382
1884.1,0.188363
3115.22,0.311071
864.455,0.0864265
1448.56,0.144689
731.73,0.0731551
1031.86,0.102867
1644.22,0.164387
2393.42,0.239245
2777.9,0.277517
1072.97,0.107294
1246.88,0.124573
945.149,0.094511
1675.57,0.1675
1207.58,0.120644
1523.64,0.152357
1179.36,0.117922
1136.2,0.113603
799.374,0.0799227
4182.04,0.417593
947.619,0.0947408
1042.16,0.104117
1638,0.163745
1560.32,0.15592
2513.63,0.251229
1028.99,0.102895
818.667,0.0817697
1688.84,0.168858
837.663,0.08375
676.222,0.0675975
1665.25,0.166513
1181.93,0.118098
1183.76,0.11835
1096.04,0.109537
589.398,0.0589199
866.606,0.0866145
1274.48,0.127438
917.508,0.0917156
925.712,0.09256
1260.5,0.125964
3581.41,0.357574
1091.75,0.109007
1083.07,0.108217
1822.81,0.18182
1889.31,0.188907
3121.52,0.31195
1283.83,0.128286
2758.87,0.275837
1535.86,0.153517
1109.62,0.110928
1016.63,0.101627
1281.24,0.128048
1933.29,0.193229
1143.36,0.114301
2049.69,0.204954
1132.48,0.113205
3357.87,0.335354
1373.37,0.137281
993.083,0.0992798
651.568,0.0651533
1363.06,0.136222
1324.5,0.132332
1503.62,0.150344
2485.18,0.24838
1506.48,0.150393
2002.7,0.200169
1006.02,0.10052
1574.94,0.157385
1025.63,0.102548
1854.38,0.185414
1601.18,0.160104
1166.56,0.116526
1194.98,0.119479
1546.81,0.154616
913.558,0.0911195
882.249,0.0881889
3453.39,0.3452
1006.21,0.100492
1607.78,0.160694
990.585,0.099057
2107.33,0.210316
864.882,0.0864544
1000.46,0.10004
1245.85,0.124341
7382.63,0.736462
602.694,0.0602663
2034.29,0.203374
1022.19,0.101954
2086.53,0.208038
977.492,0.0977469
2534.38,0.252816
1701.58,0.170088
684.458,0.0684445
888.032,0.0887796
3730.08,0.37252
856.435,0.0856383
1258.82,0.125278
932.02,0.0931335
4455.21,0.445463
828.045,0.0827882
535.699,0.0535547
1528.74,0.152773
922.575,0.0921139
1413.59,0.141198
1704.59,0.170356
1022.3,0.102203
1879.58,0.187906
1665.55,0.166242
1510.95,0.151073
741.35,0.074122
3260.52,0.325982
1797.71,0.179734
17435.7,1.73251
856.494,0.0856149
1206.47,0.120536
1305.77,0.130229
4347.24,0.434209
1635.54,0.163543
958.511,0.0956235
1474.68,0.147339
1649.94,0.164931
2352.05,0.235033
898.003,0.0897774
9607.31,0.959056
1464.85,0.146249
1315.75,0.131528
1478.19,0.147768
692.122,0.0692011
12073,1.2032
1564.97,0.156417
3618.26,0.361788
1631.28,0.162926
2108.31,0.210364
2061.4,0.205847
1317.11,0.130239
983.652,0.098322
1090.62,0.108358
1611.77,0.161116
2626.03,0.262383
1943.51,0.193971
1002.92,0.100288
3231.54,0.322898
676.917,0.0674902
699.199,0.0699082
1870.63,0.187039
2543.48,0.254087
967.498,0.0966946
5408.88,0.539781
1791.6,0.179115
2372.09,0.237061
1250.18,0.125009
1054.2,0.105197
547.691,0.0547054
1351.05,0.135089
1340.44,0.133934
4299.29,0.429755
4733.87,0.472086
644.1,0.0643888
4860.02,0.485715
740.313,0.0738295
435.67,0.0435415
1846.55,0.18435
1033.62,0.103332
954.308,0.0953744
4339.94,0.433115
1017.79,0.101771
776.657,0.0776585
725.743,0.0724931
1201.65,0.119968
783.375,0.078331
944.212,0.0942273
3209.32,0.32069
788.688,0.0788397
1587.98,0.158746
1043.54,0.104108
1295.06,0.129344
857.801,0.0856419
1250.73,0.125067
2087.02,0.20849
1593.83,0.159319
4240.35,0.422135
1565.93,0.156587
801.485,0.0801417
1941.27,0.194061
700.464,0.0699161
2120.52,0.211285
2090.88,0.208569
1502.53,0.150116
863.505,0.0860202
1417.21,0.141618
1101.13,0.110108
1092.81,0.109132
1189.43,0.118806
4238.16,0.420265
1433.23,0.143027
881.588,0.0881552
982.184,0.0981909
899.968,0.0896613
1334.53,0.13296
1051.6,0.105071
2402.12,0.240096
2040.23,0.203781
2129.26,0.21281
1224.62,0.122435
1452.1,0.145204
656.924,0.0655978
1194.38,0.119341
2305,0.230239
1075.67,0.107486
1027.5,0.102703
1464.08,0.146051
2047.34,0.204606
993.25,0.099277
1980.21,0.197962
1858.18,0.185801
1144.94,0.114458
1545.33,0.154498
1205.15,0.120423
1228.13,0.121417
876.225,0.0876008
765.159,0.0765108
743.225,0.07425
1392.99,0.139214
1231.36,0.12299
712.616,0.0712437
1108.72,0.110787
900.294,0.0899832
837.121,0.0836898
1334.88,0.131794
1190.01,0.118898
1141.59,0.114045
2715.41,0.271225
773.156,0.0772003
1012.64,0.101202
4675.25,0.467453
2176.62,0.217572
801.488,0.0801448
2158.3,0.215596
1271.03,0.127092
