EnergyDeposit(eV),LET(keV/um)
687.659,0.0687322
1476.07,0.147517
1102.43,0.110117
14775,2.01488
1598.99,0.159687
1706.2,0.17047
964.608,0.096435
682.642,0.0681556
978.978,0.0978571
787.424,0.0787365
1004.67,0.100272
1305.81,0.130489
1560.98,0.155095
1425.5,0.142477
1407.52,0.140573
1318.21,0.131335
1894.66,0.189242
1814.35,0.181306
4725.59,0.472384
998.925,0.0998856
739.698,0.0739344
501.186,0.050097
2472.52,0.246835
3506.61,0.350479
665.657,0.0665279
1424.11,0.14237
2059.63,0.205611
2408.12,0.240604
957.582,0.0957345
8537.87,0.849034
1157.61,0.115733
1582.87,0.158259
3291.82,0.329013
1033.69,0.103233
2052,0.204882
1783.41,0.178074
1122.97,0.112235
1278.8,0.12419
2318,0.231779
1879.04,0.187603
916.235,0.0915967
1471.85,0.14714
3306.73,0.330637
1154.93,0.115475
1317.74,0.131759
1239.48,0.123934
7214.56,0.720315
2432.28,0.24286
664.751,0.0663988
994.767,0.0994718
1889.59,0.188911
3214.44,0.321347
7889.55,0.78857
786.079,0.0785842
709.205,0.0708841
3115.51,0.311229
866.979,0.0866964
1037.81,0.103754
947.711,0.0947483
677.64,0.0675009
1409.24,0.140862
1402.67,0.140201
1776.14,0.177594
7952.66,0.794662
1684.37,0.168367
966.667,0.0965855
856.876,0.0856828
1097.3,0.109678
1711.12,0.17108
1226.78,0.122618
1356.54,0.13544
621.072,0.0620669
2648,0.264463
955.821,0.0954541
1984.43,0.198406
2709.27,0.27084
900.335,0.0900136
1673.79,0.167165
1066.04,0.106428
564.325,0.0563557
2110.64,0.210781
4388.39,0.438609
950.029,0.0949918
711.051,0.0710621
807.591,0.0806589
954.765,0.095045
730.999,0.0714933
910.175,0.0909864
1217.49,0.12172
938.955,0.0938798
1584.06,0.158365
3565.23,0.356196
914.429,0.0914082
781.563,0.0781539
1006.03,0.0992646
1112.3,0.111224
2200.65,0.220032
1133.69,0.113309
2519.28,0.251785
648.759,0.0648191
27961.2,2.78925
1223.47,0.122227
543.047,0.0542944
1356.93,0.135668
1033.58,0.10329
1569,0.156315
553.032,0.0552836
2214.04,0.22133
1249.29,0.124894
950.952,0.0948381
945.201,0.0943131
749.279,0.074867
4314.77,0.431246
1270.99,0.127028
1343.1,0.134243
1612.8,0.161248
750.893,0.0750709
770.783,0.077067
829.581,0.0822099
1075.19,0.107475
913.806,0.0883672
2298.13,0.229692
1249.25,0.124751
1131.7,0.113111
1116.59,0.111649
1190.16,0.171108
698.101,0.0698075
1627.62,0.162732
715.398,0.0715341
6113.15,0.610751
1077.17,0.107508
2214.12,0.22127
1359.03,0.135779
1168.57,0.116845
2690.29,0.268982
1377.52,0.137712
1649.32,0.164886
2737.51,0.272751
1466.97,0.14653
1105.22,0.110509
1213.06,0.121287
839.916,0.0837623
1748.81,0.174808
1693.22,0.169254
3105.68,0.310502
1228.53,0.122838
737.467,0.0737338
653.315,0.0653172
1199.85,0.119977
755.739,0.0755635
1472.94,0.14713
1388.8,0.138356
997.403,0.0996793
2107.69,0.210596
1726.28,0.172463
1038.86,0.103739
1432.47,0.143191
1121.57,0.112135
1104.09,0.109588
3810.78,0.380875
928.665,0.0928321
972.404,0.0972206
3734.09,0.373188
1775.75,0.177417
1848.79,0.183722
2204.27,0.220278
1195.99,0.119593
868.786,0.0868724
1247.42,0.124731
1252.2,0.125115
4013.73,0.401275
1164.34,0.116381
1554.81,0.155461
1609.02,0.160767
1073.86,0.107371
935.932,0.0934865
1074.96,0.107374
1163.77,0.116364
980.097,0.0979291
895.419,0.0894788
1037.85,0.10376
768.52,0.0768082
1440.04,0.143873
1817.3,0.181441
908.954,0.0907527
697.245,0.069708
1122.33,0.112164
784.826,0.0783996
2542.57,0.253666
1727.61,0.172684
1896,0.1895
1051.96,0.105174
1712.52,0.171157
1191.02,0.119088
1214.94,0.121309
1087.47,0.108685
1393.58,0.139355
1249.22,0.124873
1115.92,0.111574
1944.96,0.194303
1314.54,0.131428
917.118,0.091701
6846.37,0.68339
481.584,0.048147
899.45,0.0899344
4762,0.474219
999.993,0.0998804
998.93,0.0998648
2341.23,0.23403
872.094,0.0871626
1502.3,0.149158
7803.72,0.779189
1044.51,0.104421
1135.12,0.113005
1170.19,0.116999
951.113,0.0950858
959.308,0.0959216
1678.93,0.167841
1716.26,0.171554
2059.64,0.205889
574.05,0.0572992
2627.44,0.262657
668.642,0.0668377
2196.72,0.219556
1034.48,0.103442
3318.16,0.331718
853.739,0.0853583
971.762,0.0970833
1238.19,0.123792
1191.71,0.119159
2623.09,0.261963
992.488,0.0992241
8439.6,0.841997
1894.22,0.189368
1131.06,0.113099
1760.35,0.17572
1155.09,0.115448
2115.09,0.211474
2274.8,0.227437
1031.74,0.103169
1933.62,0.192365
6024.34,0.59878
999.114,0.0998123
2237.69,0.223733
745.581,0.0745062
1924.41,0.192052
971.753,0.0971009
1223.96,0.122375
1519.15,0.151377
1481.3,0.148052
1997.95,0.150182
3696.52,0.369519
1565.93,0.156578
1283.9,0.128236
3244.01,0.323711
872.227,0.0870862
1067.21,0.106712
2657.2,0.265368
1349.43,0.134938
1608.67,0.160829
1394.07,0.139376
942.256,0.0940988
1784.51,0.178287
1592.77,0.159016
1110.55,0.111036
856.312,0.0856268
3560.45,0.353537
973.796,0.0973607
815.648,0.0815524
1256.43,0.12561
938.662,0.0938511
2513.92,0.250651
958.191,0.0957644
1493.62,0.149352
1260.59,0.125895
1629.82,0.162954
1172.08,0.117142
1373.73,0.137295
1029.02,0.102627
936.325,0.0935795
719.495,0.0719205
836.154,0.0836098
1416.25,0.141615
593.632,0.0593268
2156.79,0.215644
1717.41,0.171682
605.445,0.0600307
1916.98,0.191591
1216.07,0.121565
2018.25,0.201711
715.815,0.0715319
1099.31,0.10987
1112.89,0.111158
2076.95,0.207547
2302.05,0.229923
1878.39,0.187825
998.27,0.0998061
1185.05,0.116908
704.783,0.0704673
1736.21,0.173534
1630.53,0.163021
1175.95,0.117568
1508.38,0.150812
1227.56,0.122712
767.473,0.0767436
865.855,0.0865099
1117.27,0.11164
3147.61,0.314569
1119.35,0.111917
1115.02,0.111497
1487.8,0.147125
1566.89,0.156646
1154.84,0.115465
3052.98,0.305243
1774.05,0.177383
7432.83,0.741477
1434.52,0.143352
1019.76,0.101967
756.735,0.0756475
1014.82,0.101397
1248.56,0.124806
2243.52,0.224116
1492.7,0.149129
866.857,0.0866812
790.339,0.0789913
2156.25,0.215597
2128.64,0.212482
1599.3,0.159902
1590.23,0.158977
1172.53,0.117221
1366.32,0.13662
1648.68,0.164858
869.726,0.0869476
1484.32,0.148409
1077.93,0.107743
2181.8,0.218133
2152.45,0.21514
1131.42,0.113109
2646.3,0.264519
1253.78,0.125295
2616.89,0.261566
1802.73,0.180248
1166.16,0.1164
2099.83,0.209759
1752.61,0.175233
1627.88,0.162743
1434.92,0.14332
993.081,0.0993021
796.585,0.0796299
732.812,0.073224
659.217,0.0659206
9936.14,0.993074
1104.39,0.110382
1046.98,0.104671
2207.05,0.220597
1181.72,0.11817
860.32,0.0860115
16499.1,1.64448
720.463,0.0717795
3802.97,0.38013
1423.2,0.142258
2452.67,0.245104
1083.21,0.108129
780.753,0.0780741
1697.22,0.169687
1588.96,0.158852
723.228,0.0723221
3603.44,0.359738
2253.78,0.224822
3439.92,0.343959
17175.5,1.70423
832.579,0.0831551
779.148,0.0778849
803.937,0.0803608
749.973,0.0749889
1331.37,0.133111
826.89,0.0826821
1237.34,0.123719
1319.02,0.13183
2795.08,0.279283
1842.35,0.184082
3285.63,0.328233
3131.64,0.313095
833.812,0.0833316
2628.19,0.262725
1297.03,0.129586
1046.78,0.104655
1282.85,0.12793
777.563,0.0777528
626.032,0.0625908
1272.73,0.127244
1498.45,0.149675
631.325,0.0628315
3777.15,0.377488
758.703,0.0755764
1002.17,0.100146
1548.72,0.153457
495.375,0.0495348
2421.33,0.241948
1143.93,0.114377
2663.83,0.266258
2172.58,0.215718
965.276,0.0965141
1797.17,0.17961
894.289,0.0888027
1175.73,0.117567
2511.81,0.251034
980.378,0.097974
998.044,0.0997713
2935.6,0.292851
1556.72,0.155599
1612.26,0.161215
1194.16,0.119403
4371,0.4364
21551.5,2.15048
1335.18,0.133456
2401.71,0.240015
779.494,0.0779278
727.163,0.0727133
1428.69,0.142846
760.585,0.0760012
2516.29,0.251198
1256.99,0.125652
886.482,0.088614
659.701,0.0659153
893.62,0.0892672
3068.56,0.306716
876.535,0.0876468
2536.44,0.253578
3456.46,0.344025
1246.84,0.124637
1853.78,0.185292
915.433,0.0914903
2294.4,0.229362
1781.07,0.177622
907.237,0.0907136
1347.68,0.134642
832.939,0.0831696
2416.16,0.241193
780.629,0.078041
908.668,0.090819
898.147,0.0897408
791.535,0.0791421
548.108,0.0548007
902.521,0.090231
1438.93,0.14389
1401.51,0.140127
705.43,0.0705066
1114.68,0.111411
949.692,0.0949597
1152.98,0.115217
610.946,0.061073
1594.07,0.159386
1049.35,0.104103
939.354,0.0939211
945.692,0.094556
5246.19,0.523954
1661.19,0.165932
1250.87,0.125063
1020.55,0.102024
1052.96,0.105261
1239.43,0.123853
2067.15,0.206691
1005.44,0.100426
758.22,0.0758156
1361.51,0.136076
1968.34,0.196766
2016.87,0.20168
647.557,0.0647521
865.88,0.0865121
9872.17,0.984871
1128.07,0.11273
1954.95,0.195488
1028.42,0.102837
3179.38,0.317524
1024.15,0.102406
923.906,0.0922275
1392.98,0.139276
1439.32,0.143777
786.422,0.0785014
737.554,0.0737454
1377.93,0.137789
1775.07,0.177358
843.57,0.084338
2315.05,0.23129
1463.79,0.146365
2410.61,0.240952
1210.68,0.120986
1162.09,0.116198
1205.51,0.120451
1225.56,0.122457
1378.23,0.137739
1109.36,0.110709
1031.47,0.103143
3573.19,0.356275
1118.93,0.111863
1852.08,0.185142
1226.93,0.122665
2002.9,0.200152
1366.08,0.136593
1991.57,0.199132
1148.43,0.114809
1428.03,0.142724
1142.67,0.114087
1181.02,0.118087
1004.92,0.100452
2445.99,0.244502
2246.02,0.224439
1658.35,0.165814
3303.83,0.330041
756.77,0.0756621
615.085,0.0612806
1189.99,0.118791
1880.13,0.187539
3114.04,0.311354
2093.71,0.209292
1123.56,0.112293
10263.2,1.02265
934.429,0.0933787
1436.83,0.143648
837.985,0.0837834
1309.72,0.130944
1015.24,0.101503
717.651,0.0717539
1863.04,0.186224
782.215,0.0779356
1383.97,0.138386
1342.78,0.134272
940.121,0.0936541
1194.94,0.119467
962.275,0.0961917
1707.36,0.170576
3251.6,0.324771
839.617,0.0839584
1338.89,0.133879
1423.24,0.142255
1470.49,0.146999
708.738,0.0708364
2341.84,0.234076
1171.84,0.117169
852.993,0.0852483
1353.71,0.135367
826.123,0.082606
1243.67,0.124336
919.511,0.0919436
1389.18,0.138763
1562.72,0.155484
2319.66,0.231901
770.578,0.0770532
2386.14,0.238601
612.623,0.0612323
1708.51,0.17084
2189.49,0.218793
1017.09,0.101675
1843.91,0.184364
579.556,0.0579547
1415.04,0.141263
1517.81,0.151625
1473.64,0.147324
1067.77,0.106652
879.355,0.0879287
1702.71,0.169879
742.3,0.0742252
1100.27,0.110022
13450.8,1.34215
1212.09,0.121176
1243.13,0.124269
1269.68,0.126506
1063.17,0.106265
1353.05,0.135266
969.617,0.0969042
2450.68,0.24481
1769.33,0.17662
929.62,0.0928809
1287.6,0.128708
1154.23,0.115405
1201.21,0.1201
1521.73,0.152156
9201.87,0.91944
1160.85,0.116042
1079.78,0.10797
1177.14,0.117592
1075.53,0.107528
1470.94,0.147
2579.82,0.257724
1271.24,0.127106
1096.28,0.109593
2429.51,0.242735
3041.23,0.304034
868.452,0.0868236
1043.42,0.104335
991.374,0.0987855
1135.65,0.113557
897.692,0.0896638
784.173,0.0782448
9807.37,0.977412
833.657,0.0833571
2592.95,0.259209
1543.79,0.154099
2853.2,0.285209
1482.24,0.148172
765.178,0.076218
1582.55,0.158192
1715.05,0.171025
12364.4,1.23471
1187,0.118675
848.742,0.0848664
1310.2,0.130615
1241.54,0.124089
1011.74,0.101165
821.201,0.0820325
2372.76,0.237097
1221.72,0.122162
880.43,0.0880261
892.227,0.089024
944.598,0.0944551
4363.88,0.43606
1557.45,0.155692
972.829,0.0972632
1461.84,0.146073
1663.05,0.166224
1129.64,0.112955
858.913,0.0858798
1673.79,0.167322
971.207,0.0971006
2180.91,0.217759
2165.45,0.216355
1632.14,0.163166
1090.83,0.108997
3604.46,0.360231
1082.84,0.108255
1945.23,0.194499
4030.83,0.402795
1680.37,0.168018
1953.86,0.195258
740.36,0.0740109
850.288,0.0849181
1117.52,0.111683
1473.69,0.146947
959.182,0.0958728
1158.23,0.115449
979.148,0.0976949
1139.89,0.113899
1979.01,0.197411
3206.67,0.320448
1266.37,0.126628
747.141,0.0746698
7877.61,0.787124
810.006,0.0809793
1117.5,0.111745
1435.56,0.143511
873.42,0.0873277
668.667,0.0668652
2209.64,0.220826
1977.05,0.197423
943.765,0.0943642
1528.02,0.152698
1204.55,0.120366
954.468,0.0950373
1058.93,0.105873
1383.02,0.13823
611.783,0.061165
973.994,0.0973652
2243.05,0.224269
1228.96,0.122887
4873,0.486604
1253.26,0.125072
3009.21,0.300888
983.884,0.0983572
1188.61,0.11885
7634.54,0.763314
2181.1,0.216358
2771.94,0.27717
13198.5,1.30997
607.462,0.0607367
1546.24,0.154237
930.678,0.0930364
1778.43,0.177671
1640.93,0.164024
7849.78,0.783516
1895.65,0.189046
1277.38,0.127687
771.115,0.0770744
637.906,0.0637744
987.417,0.0983804
603.415,0.0602751
1660.53,0.165959
948.482,0.0948459
1025.45,0.102509
549.898,0.0549855
3196.87,0.322697
1087.64,0.108736
660.308,0.0660214
1349.18,0.134806
1319.01,0.131841
877.967,0.0877912
1184.54,0.118269
895.03,0.0894527
1904.34,0.190395
1319.45,0.131666
592.053,0.0591989
681.55,0.06812
1318.58,0.131588
897.947,0.0897902
952.171,0.0952102
860.455,0.0860355
1202.93,0.120245
1383.6,0.138319
1739.53,0.173786
1069.61,0.106874
1213.9,0.121249
2143.39,0.21423
1195.75,0.11949
1248.37,0.124815
820.456,0.0820309
1249.49,0.124922
997.388,0.0996117
2146.95,0.21466
1894.27,0.188757
2147.09,0.214603
1433.83,0.14331
2909.67,0.290843
990.052,0.0989327
1268.78,0.126865
1347.88,0.134768
1175.16,0.117458
1671.71,0.166816
434.355,0.0434331
934.548,0.0933386
812.238,0.0811081
3997.54,0.39935
882.545,0.0882327
1272.36,0.127219
548.987,0.0548651
844.169,0.0844046
1105.61,0.110556
1246.58,0.124645
1023.55,0.10232
1974.79,0.196899
1005.44,0.0993319
1131.79,0.111942
2015.87,0.201368
1000.33,0.0999779
1227.03,0.122613
1814.96,0.181437
2056.09,0.205493
1228.16,0.12278
2433.17,0.242835
849.146,0.0849043
2398.72,0.239837
1254.57,0.125448
2567.07,0.256492
1187.54,0.118695
1085.88,0.108581
782.985,0.078206
4480.73,0.447559
3511.32,0.351045
685.846,0.068339
1989.55,0.198946
931.067,0.0931
875.877,0.0874684
862.59,0.0862085
2915.69,0.29137
6434.71,0.639551
1682.08,0.166993
784.77,0.0784517
1630.72,0.162404
3125.8,0.312436
833.721,0.0833554
1823.24,0.182296
1315.06,0.131484
1195.71,0.119454
1419.41,0.141916
985.781,0.0985429
712.424,0.0711154
885.062,0.0884928
1998.49,0.199757
906.607,0.0906462
1283.3,0.12786
1135.82,0.113526
1465.47,0.146533
2883.8,0.288206
5241.18,0.523297
1027.32,0.102718
1671.91,0.167105
910.942,0.0910416
7529.99,0.752044
1102.8,0.110265
530.192,0.052997
1008.11,0.10076
1426.93,0.142535
913.976,0.0913796
1284.46,0.128398
1610,0.160967
1467.1,0.146585
932.489,0.0932442
1974.76,0.197411
1011.74,0.101103
1808.96,0.180843
858.16,0.0857884
891.738,0.0889784
3588.27,0.358661
1622.98,0.162248
2126.37,0.211627
4271.91,0.427022
1082.64,0.10823
726.257,0.0725974
734.497,0.073385
1193.88,0.119372
1367.63,0.136702
572.23,0.0572006
518.142,0.0518078
6599.56,0.659065
868.879,0.0868435
1323.5,0.13227
1407.98,0.140792
840.825,0.0840577
2817.34,0.281553
1236.56,0.123608
1502.45,0.150223
789.9,0.0789707
542.345,0.0542148
754.107,0.0754015
1755.87,0.175498
1076.02,0.107567
969.234,0.0965199
663.403,0.0663227
1831.75,0.183154
2267.13,0.22667
2342.7,0.234165
1718.51,0.171734
857.399,0.0856716
1008.07,0.10079
1724.41,0.172272
1788.97,0.178879
621.798,0.0621666
1043.9,0.104265
612.554,0.0612527
1206.65,0.120655
1318.8,0.131849
750.36,0.0750327
1395.78,0.139443
728.258,0.0728173
799.49,0.0798595
1259.17,0.125912
687.226,0.068702
1134.72,0.113434
798.43,0.0796913
831.784,0.0831454
1007.74,0.100754
2303.82,0.230354
2446.3,0.244536
1140.76,0.114001
745.782,0.0745752
1780.57,0.176564
1573.74,0.15731
1480.17,0.147433
996.583,0.0996564
630.776,0.0630693
2167.61,0.216578
609.755,0.0609377
1623.92,0.159046
1433.93,0.143227
1009.66,0.100962
556.917,0.0556897
1916.46,0.191504
1794.96,0.179448
2036.16,0.203597
698.564,0.0698275
4384.86,0.438335
1143.57,0.114202
846.204,0.0845779
1381.91,0.138031
697.646,0.0697516
2125.92,0.20569
736.251,0.0736062
6680.45,0.667152
944.818,0.0944369
1707.07,0.170649
1311.05,0.130947
1757.39,0.175687
5782.51,0.577131
1830.77,0.18295
2997.14,0.299449
1346.73,0.129004
1370.74,0.136593
875.185,0.0874944
653.715,0.0653514
786.91,0.0786857
3174.83,0.317361
834.039,0.0833745
546.49,0.0545989
1419.77,0.141932
732.919,0.0732519
3288.82,0.328013
1534.77,0.153387
973.866,0.0973522
2981.1,0.296692
1941.75,0.194105
976.464,0.0976251
1355.86,0.135288
1869.39,0.183553
1479.33,0.147237
1042.46,0.104194
753.659,0.0753597
1409.82,0.140916
937.835,0.0937657
1577.06,0.157693
1909.74,0.190669
3083.24,0.307829
5288.45,0.528647
1745.73,0.174496
1567.26,0.156697
2009.73,0.200684
1274.76,0.127247
2138.89,0.213754
1223.22,0.122309
1084.18,0.10841
1559.58,0.155893
1362.12,0.136122
1200.43,0.119559
1657.35,0.165644
1627.8,0.16273
1858.08,0.185614
4055.58,0.686706
764.419,0.0764317
1428.08,0.142244
1916.36,0.191541
1524.71,0.152238
1550.77,0.155022
844.082,0.0843789
1378.45,0.287508
1511.61,0.151149
3786.24,0.377074
1011.38,0.101119
577.533,0.0577346
788.896,0.0788177
2026.89,0.202625
2137.37,0.213443
1197.7,0.119757
1167.14,0.116638
1649.49,0.16486
771.276,0.0771172
5779.57,0.577812
599.677,0.0599668
1966.89,0.196621
1326.99,0.132621
1260.33,0.125996
930.445,0.0929631
2804.85,0.280354
897.206,0.0896858
2018.53,0.201817
1031.87,0.102963
971.598,0.097043
1008.46,0.100834
1560.65,0.155309
4526.51,2.77691
1113.72,0.111362
744.976,0.0744854
1990.54,0.198711
817.263,0.0816201
1222.42,0.121711
1097.5,0.109738
1197.07,0.11929
1143.43,0.114227
1141.19,0.113776
1003.65,0.100262
1770.07,0.176941
1705.7,0.170558
1130.7,0.113021
1413.83,0.141367
1672.8,0.167254
888.244,0.0888178
1048.94,0.104868
628.462,0.0625404
2949.3,0.294884
611.164,0.061037
3247.75,0.324469
3552.22,0.354891
1078.17,0.107791
1231.61,0.123089
1287.26,0.1287
735.425,0.0735221
1208.77,0.120866
1129.06,0.112884
2025.01,0.202463
1346.38,0.134619
4110.22,0.41081
3099.09,0.308714
667.398,0.066602
752.463,0.0751808
1404.56,0.140343
1479.37,0.14786
1041.54,0.104107
919.863,0.0919329
1762.14,0.176108
1963.12,0.196165
1172.43,0.116757
1042.75,0.104253
776.452,0.0776142
1193.18,0.11922
1339.31,0.133903
657.455,0.0657363
2191.58,0.21903
1186.92,0.118561
7034.29,0.702968
1386.37,0.138567
528.988,0.0528836
1455.56,0.145467
1089.94,0.108983
776.886,0.0776548
2083.05,0.208226
1147.27,0.114554
2460.86,0.245675
1164.25,0.116406
760.811,0.0760447
1347.73,0.134728
582.907,0.058274
1704.45,0.170431
1364.18,0.136373
887.746,0.0887522
1215.83,0.121389
1065.53,0.106537
3935.45,0.392849
1483.15,0.148265
1239.72,0.123941
1324.41,0.132385
2171.45,0.217077
2951.98,0.295112
3235.06,0.322991
1605.46,0.160538
3661.65,0.358029
839.764,0.0839635
848.235,0.0847073
848.081,0.0847952
1013.94,0.10139
2426.39,0.242551
699.152,0.0699097
663.405,0.0663226
1048.82,0.104313
702.609,0.0701178
923.199,0.0920732
1622.62,0.162127
2396.87,0.239275
4090.42,0.407368
1608.48,0.160786
1786.4,0.177561
2815.38,0.281454
3513.9,0.350724
1197.74,0.119418
2570.52,0.254035
1337.98,0.133766
880.806,0.0880658
4172.9,0.417044
1353.92,0.135361
1320.08,0.131969
1040.86,0.104084
1923.96,0.192318
1092.82,0.10927
1694.47,0.169436
3139.73,0.313826
361.881,0.0361787
1056.3,0.105619
1048.97,0.104811
3148.05,0.313704
1324.19,0.132316
1484.71,0.148417
1114.16,0.111357
890.232,0.0889244
2352.56,0.235102
1057.3,0.105723
1034.65,0.100402
1612.91,0.161281
783.824,0.0782049
1654.79,0.165432
2008.44,0.200785
3633.46,0.363166
1270.31,0.127003
2746.74,0.274534
1302.84,0.130021
1038.75,0.103862
1843.23,0.184282
1130.02,0.106313
1541.8,0.154172
1055.94,0.105556
519.382,0.0518709
837.63,0.083762
1668.51,0.166686
2403.29,0.240117
1138.71,0.113853
1765.32,0.176458
887.958,0.0886442
1250.36,0.125023
3862.84,0.385597
1408.54,0.140687
1346.1,0.134585
791.988,0.0791972
1399.13,0.139723
2043.96,0.204135
1572.04,0.157147
2243.59,0.224325
1526.94,0.152686
1398.4,0.139714
1548.19,0.154807
1158.23,0.115806
1406.55,0.140634
10055,0.994274
887.528,0.0886922
1831.78,0.183055
647.741,0.0647279
1263.22,0.126305
1285.5,0.128523
786.773,0.0786627
2961.19,0.296067
1771.76,4.02611
3723.93,0.372121
1128.57,0.112758
565.314,0.0562497
2445.95,0.244357
3410.23,0.340928
1272.08,0.12719
1503.75,0.150364
1210.74,0.120957
1514.21,0.151333
1279.04,0.127889
930.422,0.0927118
1182.48,0.116592
1097.45,0.10963
830.082,0.082991
2348.96,0.234738
1061.14,0.10607
629.594,0.0629399
578.761,0.0577796
2136.52,0.213406
1879.05,0.136904
1106.2,0.110573
1702.53,0.170207
2020.88,0.201925
956.524,0.0956295
663.635,0.0663109
2056.29,0.205206
883.01,0.0882516
1005,0.100416
783.704,0.0783144
1167.97,0.116635
1538.35,0.153773
2934.11,0.293342
2015.78,0.201547
602.81,0.060271
1135.84,0.113547
2268.59,0.226775
879.666,0.0879451
1002.25,0.100152
703.259,0.0703217
566.572,0.0566306
932.624,0.0928781
1398.67,0.139633
1894.52,0.189412
590.167,0.058934
995.112,0.0995069
872.348,0.0871124
1875.72,0.186555
1029.92,0.1029
1121.95,0.112115
1750.73,0.174816
936.452,0.0936382
1125.76,0.112521
484.329,0.047955
719.401,0.0697075
553.963,0.0553898
1542.96,0.15423
3129.31,0.312251
1082.39,0.107983
1090.68,0.109033
983.762,0.0982185
652.994,0.0652754
930.057,0.0929901
1438.42,0.143837
1832.85,0.183221
1552.15,0.154507
1048.8,0.10479
567.09,0.0566985
2895.73,0.289382
1182.69,0.118146
655.114,0.0655079
1711.51,0.171092
1016.2,0.101605
1557.48,0.155622
5530.35,0.552147
1556.88,0.154587
799.24,0.0795896
3226.9,0.322603
1337.84,0.13378
8206.87,0.819402
1015.22,0.101514
1716.7,0.171662
1353.61,0.135342
1217.92,0.121771
3625.75,0.36252
2067.6,0.206499
1193.66,0.119315
1393.95,0.139374
3483.43,0.348032
665.015,0.066483
1012.01,0.101176
1425.2,0.142476
1642.81,0.164269
1373.61,0.137319
25864,2.55884
1912.12,0.191164
856.446,0.0856179
1141.42,0.114131
1574.26,0.15739
5838.56,0.58334
1139.43,0.113931
901.032,0.090055
716.944,0.0716419
1545.52,0.154538
1097.77,0.109703
936.537,0.0935992
1028.01,0.102751
2864.66,0.286292
748.321,0.074808
2994.02,0.299289
1020.11,0.101968
1301.2,0.130044
687.351,0.0686929
1112.66,0.11126
9066.81,0.904558
2133.5,0.212851
2897.5,0.289661
1747.02,0.174537
1467.25,0.146584
1701.57,0.170089
1483.85,0.148369
1165.56,0.116514
2106.94,0.210503
2011.84,0.201092
1653.35,0.16529
1272.72,0.127184
814.783,0.08146
647.742,0.0647603
1489.59,0.148757
1026.14,0.102586
1013.66,0.101164
1137.73,0.11375
4573.29,0.454627
1135.24,0.113509
1121.23,0.112063
1694.83,0.169429
782.114,0.0781982
632.756,0.0629833
975.26,0.0975017
3479.46,0.347664
1649.51,0.164939
2388.28,0.238772
1598.61,0.159667
1458.68,0.14585
685.439,0.0685282
1317.11,0.131696
942.972,0.0942244
885.432,0.0885387
2290.26,0.228794
4169.47,0.415465
1451.85,0.14498
2279.35,0.227864
4045.85,0.404439
805.627,0.0805431
1475.69,0.146004
855.691,0.0847014
788.808,0.0788748
1028.66,0.102858
881.812,0.0881759
1686.46,0.16845
1670.32,0.166793
1481.82,0.148097
658.791,0.0658635
2306.2,0.230448
1813.04,0.181154
3226.9,0.322639
706.688,0.0706654
1164.63,0.116434
1919.12,0.191843
1436.92,0.143687
1043.91,0.104387
855.878,0.0855667
1973.97,0.197376
1008.16,0.1008
1206.82,0.120541
2398.37,0.239566
1809.26,0.180767
949.502,0.0948941
1065.42,0.106523
1018.73,0.101778
983.909,0.0983766
1143.75,0.114238
1287.94,0.128689
569.271,0.0569059
2181.55,0.21793
969.133,0.0967714
2553.62,0.254145
1370.09,0.136943
1753.44,0.175301
1517.87,0.151629
1402.03,0.117425
2394.69,0.239368
853.83,0.0851459
1008.75,0.100872
1719.4,0.171856
1431.59,0.14312
2132.81,0.213268
849.447,0.0848715
4905.38,0.489669
1742.44,0.174183
1698.07,0.169776
5818.24,0.579335
2151.51,0.215063
790.483,0.0789982
1503.03,0.15019
878.997,0.0878969
1188.1,0.118755
6400.68,0.639624
961.82,0.096072
1834.3,0.18338
1607.15,0.159851
1049.41,0.104923
1126.73,0.112585
2235.66,0.221861
730.976,0.073072
5109.3,0.510053
1051.01,0.104828
1138.53,0.113822
544.405,0.0544301
940.204,0.093983
1711.14,0.171075
1602,0.160138
3089.16,0.308812
9410.71,0.939695
911.469,0.0905368
1334.63,0.133435
968.937,0.0967774
662.777,0.0662574
3942.27,0.39362
849.603,0.0849547
2964.68,0.295866
1470.12,0.147003
789.509,0.0788984
1243.26,0.124227
969.288,0.0969205
1327.68,0.132661
749.39,0.0748722
729.033,0.0728969
995.12,0.0994829
2273.27,0.227314
1467.14,0.146701
1109.27,0.110798
1019.46,0.101615
1617.4,0.161484
1196.85,0.118537
1481.84,0.148084
1003.53,0.10035
1257.5,0.125744
865.815,0.0865313
2875.32,0.287325
1195.36,0.119512
801.56,0.0801344
5157.65,0.514186
1169.46,0.116807
2529.16,0.252828
2066.93,0.203478
1376.11,0.137503
707.907,0.0707248
1055.14,0.105381
956.874,0.0956217
1150.95,0.115045
1384.79,0.138459
2628.57,0.262574
3562.87,0.35549
707.903,0.0707806
1020.93,0.102038
1633.22,0.162433
2455.79,0.245183
972.728,0.097254
1625.23,0.162504
959.007,0.095853
1611.16,0.160952
2986.66,0.297856
766.279,0.0766158
1063.83,0.106303
2452.87,0.245173
5867.66,0.585577
1589.13,0.158906
1517.7,0.151633
1422.36,0.142187
1247.92,0.124754
1315.08,0.129264
1926.23,0.192562
1282.83,0.128278
1779.89,0.177962
886.977,0.0886429
1412.09,0.141194
942.778,0.094074
611.945,0.0611601
1598.27,0.159713
974.932,0.0974628
993.611,0.099256
1696.15,0.169559
902.65,0.0902088
1052.38,0.105234
1155.45,0.115521
1033.72,0.10334
795.428,0.0795216
1746.98,0.174611
993.085,0.0992933
900.827,0.0899958
1807.46,0.180663
10172.8,3.54552
874.628,0.0872202
836.925,0.0836868
1829.55,0.182944
816.722,0.0816254
940.887,0.0940008
1118.71,0.11159
1299.85,0.129212
1296.13,0.129517
2236.23,0.222908
5991.98,0.598006
588.173,0.0586122
547.038,0.0543534
1431.21,0.143074
442.866,0.0442583
4240.71,0.42268
942.649,0.094198
1727.97,0.172785
1531.08,0.152614
1878.64,0.187846
925.548,0.0924975
853.875,0.0853812
1897.83,0.189645
1383.06,0.138236
1047,0.104605
1719.3,0.171846
958.252,0.0957453
4224.8,0.421823
1122.7,0.112159
844.959,0.0844914
1524.13,0.152359
555.06,0.0555025
2218.83,0.221749
944.049,0.0939621
1114.59,0.111434
4024.4,0.402203
1601.06,0.160013
785.407,0.0785304
1329.89,0.132936
3226.76,0.322661
1211.59,0.121091
844.288,0.0843829
771.179,0.0771036
826.95,0.0826924
777.523,0.0777207
1857.21,0.185621
1815.59,0.18142
955.863,0.0955482
1220.07,0.121893
1015.22,0.101492
1089.89,0.108963
1528.99,0.152858
873.648,0.0873101
3567.21,0.356656
1603.78,0.160293
855.666,0.0855538
705.207,0.070466
601.061,0.0600771
982.542,0.098172
1539.59,0.153895
773.788,0.0773715
892.07,0.0891998
959.817,0.0940501
2081.5,0.207648
1290.58,0.129029
1083.03,0.107914
3059.92,0.305068
1899.63,0.189713
1411.19,0.141082
1222.61,0.119915
968.104,0.0967907
3158.17,0.315519
1478.71,0.147719
1183.97,0.118247
503.587,0.0503283
972.719,0.097205
2154.33,0.215364
984.549,0.0981253
1186.73,0.118633
1642.84,0.164214
1863.89,0.186374
1544.22,0.154257
407.157,0.0407058
1145.11,0.114499
2503.74,0.250113
1397.47,0.139723
1151.06,0.114852
7913.47,0.790406
990.364,0.0989984
948.629,0.0948456
432.034,0.0431855
681.336,0.0681225
1185.91,0.118325
960.911,0.095905
831.472,0.083127
1367.62,0.136657
722.851,0.0722567
1165.82,0.11651
2128.67,0.212849
4697.19,0.469212
948.721,0.0947261
3219.26,0.321812
886.799,0.0886696
1694.36,0.169114
994.955,0.0994721
651.998,0.0651978
696.634,0.0696119
688.179,0.0688127
950.495,0.0950283
937.244,0.093705
549.001,0.0548966
2355.42,0.235335
1083.41,0.108239
3016.07,0.301322
1212.65,0.121255
736.637,0.0736557
867.127,0.0866392
987.445,0.0986699
517.668,0.0515335
1519.1,0.151477
1118.28,0.10982
857.652,0.0857555
2589.57,0.258835
1476.86,0.147163
1023.61,0.10234
1500.13,0.149931
1521.69,0.151982
579.747,0.0579527
1037.38,0.103728
3217.72,0.321636
2575.4,0.257269
875.353,0.0875067
2299.56,0.229566
1056.82,0.105647
1593.8,0.159091
1421.39,0.141979
1328.75,0.132845
950.446,0.0950157
926.445,0.0926038
1045.82,0.104488
4301.65,0.429973
749.525,0.0749116
764.136,0.0763268
2103.85,0.210222
1423.22,0.142305
1133.87,0.113359
886.206,0.0885969
862.522,0.0861967
1629.65,0.162781
1009.21,0.100745
1920.14,0.191622
1303.44,0.130217
2934.42,0.293144
1028.83,0.1028
2041.79,0.204032
853.131,0.0852631
2507.92,0.250234
625.56,0.0625413
2095.05,0.207612
1832.13,0.183173
1020.79,0.102066
477.281,0.0477269
1430.39,0.142848
4985.75,0.498383
1628.6,0.162334
816.864,0.107882
486.261,0.0486223
1376.01,0.13758
2601.49,0.260083
1414.87,0.141402
1537.75,0.153642
3864.37,0.386401
1397.44,0.139709
872.642,0.0872569
1149.06,0.114883
1171.11,0.11709
1575.76,0.157485
4423.36,0.441788
2953.35,0.295025
1414.02,0.14108
1585.93,0.158436
631.939,0.0631701
1034.91,0.103486
3253.57,0.32516
1742.96,0.173723
1558.27,0.15581
1159.97,0.11584
1066.83,0.106654
3859.97,0.384311
1015.9,0.101542
1901.72,0.190015
1113.84,0.111336
3405.52,0.340237
1059.54,0.105878
935.475,0.0935062
598.517,0.0597954
1327.82,0.132775
1074.89,0.107334
1569.95,0.156978
4357.37,0.435559
1758.74,0.175826
758.467,0.0757925
1370.57,0.135203
1718.68,0.171843
919.635,0.0919582
1076.8,0.107631
1481.18,0.148093
1768.32,0.176819
1019.74,0.101823
1685.9,0.168314
1478.33,0.147799
1872.67,0.187196
1214.29,0.121384
1117.82,0.111722
949.659,0.0949527
3064.55,0.305686
1196.09,0.119603
1663.02,0.166245
2490.21,0.248975
2235.49,0.221811
1107.76,0.110763
1113.52,0.111296
1175.86,0.117544
1326.81,0.13264
659.563,0.0659305
2253.07,0.225272
4689.36,0.468371
1149.14,0.114905
5495.51,0.549217
1779.2,0.177693
773.513,0.0773064
1125.71,0.112498
1221.14,0.122083
1494.88,0.149458
2863.57,0.285855
1889.17,0.188594
1065.06,0.105444
1266.31,0.126593
3686.6,0.368023
613.724,0.0612976
1486.17,0.148578
1921.12,0.192017
1947.52,0.194723
1016.71,0.101641
909.988,0.090956
1065.04,0.10648
1340.45,0.1335
2739.05,0.27382
1289.88,0.128966
1465.09,0.146374
1196.79,0.119669
920.13,0.091978
971.401,0.0970401
1894.56,0.189317
1363.59,0.135171
902.512,0.0902199
1986.03,4.96885
883.062,0.0882877
6309.06,5.99942
1535.4,0.15353
591.317,0.059068
920.775,0.092074
2869.3,0.286734
883.881,0.0883522
882.943,0.0882626
766.211,0.0766056
1595.3,0.159296
1677.75,0.167499
1615.56,0.161464
1054.69,0.105401
1183.56,0.118329
1817.31,0.181597
1242.27,0.124205
1012.63,0.101071
842.046,0.0841802
946.529,0.0946417
1475.54,0.146302
1190.54,0.118866
1222.04,0.119485
1680.01,0.167704
750.639,0.0750552
1091.65,0.109007
1237.67,0.123733
788.287,0.0787795
613.415,0.0612854
1140.32,0.114017
1905.1,0.190416
974.403,0.0974037
1283.7,0.1283
929.715,0.0928423
2485.43,0.248142
1041.9,0.104186
1588.82,0.158876
1634.81,0.163391
3704.69,0.370274
1064.11,0.106336
914.255,0.0913865
1475.75,0.147497
3932.19,0.392938
1046.81,0.104604
882.712,0.0882595
2460.12,0.245258
973.363,0.0973316
6180.24,0.617853
1920.29,0.191986
2476.4,0.247413
1053.9,0.105215
2520.26,0.251785
2606.23,0.260544
2243.1,0.224211
1410.06,0.141
2495.71,0.249341
1980.06,0.197807
728.227,0.0727243
4644.55,0.464266
660.799,0.0660441
1313.59,0.131033
1248.14,0.124736
1560.23,0.155999
1170.74,0.116984
1981.52,0.198049
787.019,0.0786779
1893.05,0.189265
3241.59,0.324019
1300.78,0.130065
1139.42,0.113328
631.162,0.0629976
1544.8,0.154422
1513.4,0.151338
1045.15,0.104449
854.217,0.085374
1282.84,0.128141
1335.02,0.133426
1706.99,0.170183
1509.67,0.150923
1027.91,0.10275
2202.31,0.220171
1360.43,0.136031
837.184,0.0837098
755.499,0.0755489
1774.81,0.177401
658.984,0.0658828
2803.07,0.279941
1229.61,0.12294
4600.27,0.459323
523.816,0.0522989
1342.52,0.134188
921.546,0.0921309
1769.95,0.176913
2586.36,0.258066
1082.63,0.108162
981.349,0.0980739
1072.36,0.107227
2088.44,0.208505
1257.12,0.125669
1334.16,0.133354
1479.36,0.147903
1213.15,0.120999
2449.97,0.244756
563.087,0.0562824
1089.59,0.108942
1425.81,0.142559
5826.33,0.582202
958.296,0.0957764
1788.52,0.1786
828.676,0.0828609
827.258,0.0826553
2448.32,0.244762
1150.8,0.114961
1042.01,0.104186
2968.12,0.296612
2908.22,0.290628
1021.68,0.10209
497.738,0.0497662
7766.57,0.7752
1366.79,0.136448
1499.73,0.149935
1283.44,0.128313
880.714,0.0880435
2250.98,0.224814
490.39,0.0489243
1240.75,0.123988
853.749,0.0853415
1043.05,0.103384
1632.42,0.16309
1064.03,0.106279
1030.23,0.102926
2894.97,0.289159
908.201,0.0907699
633.595,0.0633537
2735.52,0.273238
804.415,0.0804317
1501.17,0.150075
1003.92,0.100259
1170.06,0.116964
3036.88,0.303628
1721.14,0.172044
416.602,0.0416478
1828.15,0.182735
2537.4,0.253628
980.949,0.098082
1169.07,0.116805
1420.64,0.142045
2921.49,0.292066
1094.35,0.109405
897.068,0.0896799
711.956,0.0711887
1766.59,0.176651
13694.4,1.36103
1039.3,0.103913
1822.24,0.182181
1135.73,0.113388
2167.87,0.216737
1336.08,0.133597
890.52,0.0889681
4382.57,0.436642
1559.79,0.155932
1065,0.106472
915.607,0.0915557
835.231,0.0835116
1131.02,0.113064
906.053,0.0905937
1405.19,0.140494
936.376,0.0936239
3331.82,0.332396
2811.74,0.281082
1321.99,0.132189
2460.96,0.24587
1046.74,0.104637
2722.24,0.272129
1094.44,0.109345
823.162,0.0822155
1065.78,0.106551
3310.21,0.329902
2059.12,0.205877
833.218,0.0833172
3968.52,0.396457
580.54,0.0580445
741.658,0.074147
797.563,0.0797423
828.316,0.082817
2248.22,0.22454
1244.97,0.124277
693.126,0.0692899
2878.32,0.287055
1082.62,0.10803
1526.17,0.152541
709.321,0.0709247
3521.12,0.351459
2445.57,0.244529
2861.2,0.285947
701.967,0.0701666
11612.4,4.44533
1332.98,0.133253
799.874,0.0793867
1099.31,0.10991
995.869,0.0995677
802.673,0.0802061
1211.41,0.121092
4062.08,0.405949
1978.99,0.197602
1687.32,0.168303
2744.2,0.274398
3078.55,0.301287
3042.08,0.304052
3831.63,0.38265
946.245,0.0945821
1212.1,0.121132
1505.83,0.150547
859.35,0.0858622
1473.13,0.147264
2589.58,0.258543
980.813,0.0980627
1713.06,0.171217
1616.38,0.161521
479.519,0.0479308
888.362,0.0888184
1380.67,0.136982
1357.3,0.135716
1578.19,0.157785
693.955,0.0693404
763.71,0.0762719
1105.9,0.110532
2351.74,0.235021
2585.13,0.25829
605.768,0.0605746
985.728,0.09857
916.341,0.0915633
1390.76,0.138839
696.996,0.0696915
1071.8,0.107164
679.35,0.0679013
1118.38,0.111602
885.593,0.0885555
1206.46,0.120505
2520.76,0.251984
873.858,0.0873749
1075.37,0.107536
1101.33,0.109969
1723.64,0.172309
2193.75,0.219212
1240.57,0.123908
2548.86,0.254709
708.571,0.0707817
1132.74,0.113207
1206.74,0.120622
925.931,0.0925687
1388.95,0.191074
1012.24,0.101186
790.505,0.0790183
2248.9,0.2248
519.73,0.05197
1224.47,0.122436
961.376,0.096126
3636.61,0.36343
790.706,0.079065
862.932,0.0862733
461.501,0.0461442
1616.46,0.161576
1138.93,0.113181
1684.26,0.168345
1784.12,0.17826
796.917,0.0796846
1173.03,0.11728
1754.27,0.175379
1448.76,0.144849
1564.64,0.156407
742.502,0.074155
1096.66,0.109655
1221.81,0.122135
1105.26,0.110433
1134.37,0.113419
1278.28,0.127806
763.114,0.076229
714.31,0.0727603
1168.92,0.116874
994.993,0.0981953
1387.18,0.138257
787.313,0.0787002
1942.06,0.193995
661.091,0.0660909
1415.66,0.141532
902.332,0.0900742
750.851,0.0750797
1319.24,0.131845
2177.03,0.217471
733.815,0.0733514
1052.75,0.104958
1914.2,0.191402
1812.79,0.181227
1111.07,0.111069
862.388,0.086175
1876.31,0.187504
2414.04,0.241191
1020.56,0.102007
877.737,0.0877589
1060.58,0.106037
1830.63,0.183012
1754.07,0.175021
1231.47,0.123143
673.484,0.0672808
893.316,0.0893003
1535.64,0.152863
4323.84,0.432093
1956.19,0.195507
4545.81,0.452805
1249.21,0.124828
1214.15,0.121385
2115.11,0.211454
992.584,0.0992242
1470.82,0.146792
1116.47,0.111622
1406.61,0.140607
1955.1,0.195482
1856.3,0.185579
7191.48,5.31478
630.461,0.0630249
1307.99,0.130717
1103.01,0.110183
2477.95,0.247737
1475.72,0.147558
3047.11,0.304558
697.916,0.0695863
1275.78,0.12733
1634.65,0.163402
400.016,0.0399941
1322.7,0.132025
1130.02,0.112967
2045.46,0.203577
777.999,0.0775722
943.781,0.0937133
573.001,0.057274
1060.74,0.105888
1017.41,0.101625
888.825,0.0888815
931.032,0.0928857
1441.22,0.144056
2297.23,0.229618
1225.42,0.122515
2119.78,0.211875
1392.91,0.139272
2733.65,0.273236
3133.33,0.313076
671.244,0.0671002
886.087,0.0885908
2450.22,0.244931
20760.3,2.06795
1904.99,0.19044
1028.72,0.102833
906.92,0.0906878
1584.08,0.158295
3701.8,2.89819
2026.12,0.202563
2437,0.243667
1143.22,0.113617
1304.51,0.130427
761.141,0.0760116
638.744,0.0564416
3798.94,0.379679
928.402,0.0927925
1566.44,0.156526
1166.27,0.116569
2352.93,0.235266
1691.63,0.168973
771.398,0.0771322
690.3,0.065419
1364.64,0.13642
1122.26,0.112197
1631.12,0.162789
4692.4,0.520042
1098.97,0.10989
1020.39,0.102025
1697.22,0.169611
899.206,0.0899081
716.512,0.0715833
1041.14,0.103944
1020.94,0.102086
2649.12,0.264807
5341.69,0.533864
2084.8,0.208409
1178.06,0.117755
654.78,0.0654693
867.48,0.086727
11783.2,1.17715
691.576,0.0690815
1069.45,0.106903
5379.99,0.536779
1482.35,0.148054
1707.38,0.170484
929.256,0.0928454
1173.31,0.117038
1071.94,0.106844
604.113,0.0603745
846.741,0.0844052
974.227,0.0973468
804.514,0.0803729
1565.33,0.156464
1068.96,0.106829
1392.59,0.139125
1111.1,0.111044
1215.44,0.121281
1234.66,0.123441
6502.58,0.649954
972.085,0.0970553
1640.93,0.163935
1082.54,0.108215
5786.77,0.578255
1367.32,0.136704
1381.56,0.138137
1067.69,0.106355
1685.19,0.168446
562.45,0.0562437
1403.35,0.140043
4744.53,0.474126
677.796,0.0677403
1066.7,0.106639
1328.12,0.132721
1048.29,0.104819
619.199,0.0618973
891.331,0.0891194
1754.31,0.175232
2112.51,0.209617
1076.92,0.107671
3452.41,0.34502
1361.39,0.136088
1909.92,0.190965
815.605,0.0815225
1113.84,0.111381
2974.6,0.299388
1034.58,0.102804
2093.3,0.209168
1531.22,0.153055
1174.67,0.11743
849.967,0.0849746
10803.9,1.07613
3365.26,0.335707
1753.87,0.174935
1361.21,0.136117
683.075,0.068293
2083.85,0.208079
2859.81,0.285864
3806.51,0.380485
1178.18,0.117649
1880.09,0.186613
811.023,0.081095
1308.5,0.130818
9508.24,0.948599
1228.1,0.122783
675.034,0.0674879
1241.33,0.124065
1369.43,0.136914
1236.94,0.123562
1067.23,0.106675
1068.11,0.106785
1673.95,0.167315
1016.96,0.10169
19335.5,1.92924
1548.91,0.154689
1093.14,0.109305
861.951,0.0861943
1154.73,0.109594
4885.5,0.486758
5534.5,0.550809
1073.73,0.107361
2523.77,0.252272
1063.94,0.106244
714.501,0.0710848
6666.65,0.657981
863.748,0.0863293
1689.14,0.168822
5010.52,0.498688
807.458,0.0807312
839.305,0.083735
2118.11,0.211733
1385.28,0.138441
1523.5,0.152315
1068.29,0.106776
963.866,0.0962485
1536.33,0.153597
1230.97,0.123
641.49,0.0641386
786.638,0.0786444
1496.29,0.14959
1550.86,0.155039
873.763,0.0873605
830.658,0.0830111
962.65,0.0962307
914.48,0.0914001
1153.19,0.115288
730.325,0.0730072
913.869,0.0913792
863.021,0.0862773
600.078,0.0600007
1278.7,0.127819
3132.72,0.312686
805.604,0.0805499
1336.51,0.13356
1837.17,0.183411
1105.91,0.110575
1381.55,0.138149
1056.84,0.105466
982.767,0.097207
1080.07,0.108001
3524.29,0.352293
1040.68,0.103959
1580.93,0.158079
945.796,0.0935484
874.472,0.0874389
1620.42,0.161967
1345.21,0.134458
17050.9,1.70161
839.514,0.0839271
811.377,0.0811367
1734.08,0.173167
1563.56,0.156331
1058.95,0.105321
1633.77,0.163325
1575.65,0.157502
1676.7,0.167584
832.054,0.083044
2044.36,0.204267
1079.85,0.107932
1561.46,0.156099
992.69,0.0992669
934.699,0.0934623
1037.02,0.103687
1379.97,0.137666
1169.02,0.116898
1931.38,0.192685
976.855,0.0976772
567.99,0.0567356
26003.9,2.57832
697.987,0.0697292
3380.91,0.337934
389.767,0.0389687
819.184,0.0819131
1107.7,0.110709
1444.9,0.144449
1069.26,0.10691
1449.12,0.144889
519.375,0.0518941
669.017,0.066893
1550.19,0.154728
1160.68,0.115981
5469.31,0.546589
2253.01,0.22467
2307.46,0.230535
914.622,0.0910509
882.563,0.0882092
933.601,0.0933559
1246.47,0.124599
1906.28,0.190341
10874,1.0647
994.205,0.0994104
806.32,0.0804232
2189.62,0.218849
2209.74,0.220082
1276.73,0.127646
1445.21,0.143029
945.573,0.0945468
4548.01,0.454386
758.011,0.0757887
4266.83,0.426437
1862.22,0.18598
1084.21,0.108399
780.89,0.0780817
962.692,0.0962191
773.538,0.0773243
1885.11,0.188391
741.158,0.0740782
4654.67,0.461136
1277.42,0.127599
5267.43,0.525338
877.991,0.0874815
1208.33,0.120778
634.546,0.0634301
1644.32,0.164347
1111.75,0.111143
1054.47,0.105444
6102.4,0.609625
1311.99,0.131177
2441.62,0.243931
737.143,0.0736127
957.278,0.0956958
1206.26,0.120479
1496.26,0.149557
1510.61,0.150044
1129.6,0.112944
1168.39,0.116806
1096.01,0.109519
1708.79,0.170348
1793.89,0.165535
3925.32,0.391904
1398.37,0.139729
901.006,0.0900625
2685.58,0.268417
1707,0.17067
1063.33,0.106306
798.186,0.0798154
1169.06,0.116756
806.863,0.0806603
2699.29,0.269855
1589.86,0.158728
1415.62,0.141551
1516.69,0.151508
1065.99,0.106331
2173.56,0.217204
1707.38,0.170674
2302.75,0.230103
1808,0.179568
1592.82,0.159264
4390.77,0.4383
714.379,0.0714034
1275.07,0.127441
4823.87,0.482103
1218.22,0.121783
23479.7,2.31691
1277.84,0.127702
5164.78,0.516339
885.723,0.0885669
2099.1,0.20985
1012.44,0.101121
2359.94,0.235562
697.711,0.0697233
881.036,0.087934
581.012,0.058098
1092.24,0.109211
1804.87,0.180228
1791.91,0.179044
2109.82,0.210943
858.388,0.0857344
1085.75,0.108566
989.949,0.098988
24793.3,2.45895
732.07,0.0731943
1035.9,0.103531
2398.76,0.2398
1521.52,0.152146
2167.05,0.216529
2938.74,0.293744
1067.62,0.106752
2563.27,0.256217
1744.08,0.174373
1150.04,0.114986
1984.78,0.198463
1413.51,0.141337
6158.88,0.615657
1485.77,0.148554
868.108,0.0867783
1334.53,0.133241
794.439,0.0794273
21134.2,2.10775
1171.86,0.117177
1596.97,0.159566
1201.55,0.120108
2007.73,0.200731
1397.13,0.139696
966.054,0.0966024
2384.54,0.218844
1274.02,0.127234
1516.26,0.151529
2243.24,0.224229
1293.77,0.129323
1754.43,0.17543
1422.95,0.14219
1889.95,0.18203
1137.01,0.113687
688.654,0.068841
2432.32,0.233294
7219.74,0.71673
900.24,0.0900052
1777.63,0.177685
555.662,0.0555619
2228.54,0.222588
536.329,0.0534852
989.964,0.0989664
1516.55,0.150746
990.222,0.0990083
679.811,0.0679723
1473.6,0.147336
793.862,0.0793782
1973.8,0.197272
2090.38,0.20868
799.764,0.0799432
1660.28,0.165985
4365.68,0.436101
1035.75,0.103385
1272.67,0.12726
1057.16,0.105609
1336.25,0.133524
1582.99,0.158025
1334.96,0.130882
1118.67,0.111855
1497.2,0.149641
4141.78,0.41392
2661.03,0.266028
1226.71,0.12264
719.685,0.0719244
7047.9,0.700677
2414.4,0.241412
808.24,0.0808226
524.495,0.0524372
1347.29,0.134638
4146.64,0.414581
977.592,0.0977483
1284.49,0.128413
1137.13,0.113644
867.89,0.0867662
1053.52,0.105343
1925.09,0.192442
853.656,0.0851332
878.98,0.0873215
1003.71,0.100365
1627.09,0.162519
2797.08,0.117015
1078.92,0.107834
969.351,0.0968971
1462.74,0.146265
884.756,0.0884687
13123,1.31132
1078.59,0.107843
1661.11,0.165447
897.45,0.0897234
1171.82,0.117176
862.279,0.0862206
1058.89,0.105672
951.974,0.095175
690.897,0.0690477
1733.37,0.172725
1262.64,0.126227
1326.37,0.132105
955.841,0.0954704
565.178,0.0565166
1570.62,0.141489
843.834,0.0842768
3431.46,0.342908
763.562,0.0762605
2311.79,0.230935
1056.73,0.105622
4634.29,0.462797
1050.59,0.105025
869.819,0.0869434
1438.57,0.143843
539.226,0.0539208
2641.8,0.263724
1137.14,0.113599
700.493,0.0700323
1791.75,0.179079
1720.51,0.171898
17674,1.75831
1743.31,0.174325
775.552,0.0775362
1456.22,0.145487
2123.52,0.212334
838.258,0.0838026
1090.27,0.108999
1339.98,0.133943
1376.92,0.137656
1002.45,0.100212
2656.68,0.265565
1442.91,0.144171
1723.76,0.172297
1251.9,0.12517
699.027,0.0698108
909.119,0.0909052
1532.98,0.153118
1953.27,0.195176
1668.85,0.166502
1532.81,0.153271
741.158,0.0739521
955.573,0.0955182
1762.52,0.176246
803.506,0.0803387
1400.86,0.139742
784.457,0.078385
1143.35,0.114268
3476.73,0.346832
844.222,0.0843331
909.265,0.0908835
972.358,0.0972059
4307.02,0.430451
1849.92,0.184813
1148.46,0.114831
1003.58,0.100324
2047.61,0.204649
658.944,0.0658902
1161.05,0.115987
2562.03,0.25501
8128.84,0.80936
1428.29,0.14279
6986.08,0.69849
777.387,0.0777346
1516.57,0.151601
1004.56,0.100358
1189.91,0.118948
1072.58,0.107229
977.56,0.0977449
3239.54,0.323311
863.077,0.0862833
891.903,0.0891571
997.321,0.0997026
7128.5,6.24794
973.823,0.0973702
2158.3,0.215725
1209.52,0.120901
1178.54,0.117559
1451.53,0.145001
1974.4,0.197393
2799.26,0.27901
2366.05,0.236482
9622.58,0.956874
1339.72,0.133703
1159.66,0.115953
824.408,0.0824334
877.397,0.0877336
2795.01,0.278376
1030.06,0.102894
2419.1,0.241711
772.783,0.0772653
1304.59,0.130198
7721.59,0.768196
491.511,0.0491481
1664.58,0.166443
817.743,0.0817434
1248.72,0.124849
1016.73,0.101671
3890.97,0.388025
1132.78,0.113116
4022.41,0.402109
3313.91,0.330965
954.528,0.0953584
2192.92,0.219046
1341.21,0.133932
1319.2,0.131916
1456.59,0.145652
2426.55,0.242536
875.36,0.0875315
903.563,0.0903325
1509.59,0.150891
856.139,0.0855832
798.732,0.0798236
825.568,0.0825252
1453.88,0.144527
21523.7,2.14709
865.433,0.0865262
1137.53,0.113748
1308.45,0.130698
855.555,0.0853963
739.431,0.0739421
1252.4,0.124736
1636.33,0.163578
3066.91,0.306632
1550.09,0.154935
1284.25,0.128378
721.182,0.0719889
3173.97,0.317174
1036.27,0.10328
2098.43,0.209835
1260.01,0.125957
996.713,0.0995766
956.388,0.0954416
1210.76,0.121072
1022.87,0.102063
1276.04,0.127585
2458.31,0.245
1465.29,0.146508
1435.84,0.143581
1305.85,0.130582
1201.51,0.1201
1773.19,0.177237
988.636,0.0988111
1308.98,0.130812
1575.87,0.157543
1082.44,0.108236
1179.84,0.117978
916.021,0.0915841
761.923,0.0760932
1603.84,0.160252
1680.21,0.167967
1504.34,0.15042
4298.31,0.429481
1059.43,0.105934
1922.87,0.191431
9304.42,0.929154
1509.42,0.150707
5405.55,0.538491
1094.93,0.109391
1168.88,0.116872
1895.12,0.189373
1515.45,0.151502
1996.74,0.199014
707.927,0.0706835
818.551,0.0817623
2067.34,0.206647
632.621,0.0632608
819.543,0.0818924
1103.5,0.110341
737.115,0.0736113
2574.03,0.257335
9799.96,0.979419
2958.61,0.295694
3049.77,0.30489
2697.35,0.269186
968.837,0.0968406
1172.54,0.117141
1141.48,0.114099
1222.78,0.122154
1564.83,0.156413
2613.7,0.260565
604.799,0.0604573
953.655,0.0952545
931.548,0.0931503
584.295,0.0584082
747.206,0.0746894
1131.8,0.113081
1069.73,0.106547
2216.66,0.221424
1666.77,0.166639
2474.74,0.246697
1032.34,0.101003
1367.25,0.136681
5757.78,0.575446
922.642,0.0921801
1670.97,0.167076
1256.18,0.125572
2016.7,0.201454
1270.66,0.126978
3128.21,0.312504
1147.14,0.114333
1239.48,0.123811
611.925,0.0610192
931.726,0.0931328
945.918,0.0945441
682.185,0.0681924
1470.49,0.147031
2374.42,0.237377
7466.86,0.745266
1031.93,0.10315
2490.77,0.248905
2218.95,0.221774
519.054,0.0518857
905.857,0.0905665
8969.45,0.893262
1561.28,0.156017
5217.05,0.52056
1038.55,0.103681
943.014,0.0942774
552.4,0.0551267
1153.78,0.1153
538.625,0.0538456
2327.65,0.232708
829.389,0.0829271
3806.98,0.380502
786.177,0.0785881
815.075,0.0814475
884.397,0.0883153
1418.75,0.141858
1042.07,0.104145
2469.96,0.246903
3516.53,0.348081
755.384,0.0755181
1383.99,0.138368
1298.14,0.129526
3629.34,0.362234
1362.79,0.135981
1241.8,0.124167
718.462,0.0718007
1080.74,0.107768
1342.95,0.134286
1379.04,0.137901
761.894,0.0761865
1359.43,0.135802
1094.78,0.109469
1022.08,0.102177
1842.75,0.184203
880.907,0.0880862
1687.94,0.168759
1246.7,0.124631
1067.42,0.106735
862.154,0.0862077
462.866,0.046266
1279.4,0.127913
2107.59,0.210192
2433.5,0.243278
1144.8,0.114401
1053.14,0.105281
1293.36,0.129309
1174.48,0.117414
2127.26,0.212342
2399.64,0.23987
693.392,0.0693217
636.124,0.0636055
3122.02,0.31204
2280.79,0.227982
2101.99,0.209979
2434.65,0.243196
1465.96,0.146585
4038.82,0.403786
4235.15,0.423001
1797.69,0.179661
1112.57,0.111238
735.519,0.0735426
706.443,0.0706304
743.987,0.0741947
939.114,0.0937621
1812.72,0.181129
1811.47,0.180364
1549.89,0.154921
838.944,0.0838815
1008.34,0.100766
1030.73,0.103013
1276.17,0.127596
850.72,0.0849504
674.599,0.0674503
1253.49,0.125168
4114.78,0.411163
780.147,0.0780078
6793.59,0.677935
2272.45,0.227011
1695.93,0.169538
2464.77,0.246441
551.129,0.0550249
1084.15,0.108363
659.065,0.0656626
1023.6,0.102356
3474.49,0.347387
1864.78,0.186261
8926.42,0.891333
2549.56,0.254924
1869.87,0.186646
838.287,0.0838188
2945.75,0.294521
1296.03,0.129546
919.351,0.0918685
1069.55,0.106829
1939.83,0.193866
949.764,0.0949115
908.762,0.0908664
1968.27,0.196683
619.716,0.0619352
1206.77,0.120516
805.276,0.080513
1132.37,0.113225
1150.82,0.11507
864.527,0.0863688
1781.79,0.178108
693.691,0.0693095
967.588,0.0967205
874.356,0.13972
2166.58,0.21662
866.636,0.0866205
1108.92,0.110762
1344.58,0.13444
1679.24,0.167822
862.486,0.0860479
1052.62,0.105236
1124.02,0.11237
1189.1,0.118851
1467.58,0.146655
1923.75,0.192368
1919.81,0.191178
1384.79,0.138327
786.708,0.0786662
774.883,0.0774531
1743.56,0.174287
2608.79,0.258788
19705.7,2.72983
1123.86,0.112381
1199.62,0.119912
2349.14,0.234548
18898.5,1.87503
898.861,0.0898686
2855.12,0.285134
3046.67,0.304603
2900.06,0.289637
849.63,0.0848692
1344.34,0.134429
1121.38,0.110116
856.851,0.0856718
955.015,0.0954772
1757.61,0.17446
777.073,0.077703
641.061,0.0641012
729.13,0.0728856
2818.54,0.281759
1180.62,0.117619
792.745,0.0792094
1326.1,0.132573
2517.94,0.251463
773.303,0.0769557
1530.68,0.152995
538.635,0.0538203
913.606,0.0913567
13726,1.36559
830.344,0.0830302
1829.15,0.182889
980.256,0.0980084
1062.87,0.106273
1049.45,0.104934
788.195,0.0787785
1597.98,0.159708
2021.88,0.201905
1681.98,0.168186
1572.94,0.156773
1160.67,0.115979
1364.61,0.13642
1625.47,0.162462
785.795,0.0785559
1248.46,0.11806
782.341,0.078192
3074.73,0.307185
870.704,0.087045
1063.81,0.106254
752.861,0.0752511
1408.76,0.14083
1070.06,0.106917
767.859,0.0767821
1032.85,0.103222
921.821,0.0921768
1267.61,0.126699
1921.76,0.192086
1366.83,0.136655
4980.49,0.497852
2216.15,0.221547
697.834,0.0697225
785.853,0.0785648
556.985,0.0556869
3017.19,0.300818
996.016,0.0994437
1267.02,0.126664
19094.9,1.90606
811.775,0.0811451
1833.69,0.183266
1673.26,0.167186
1417.86,0.141744
4494.6,0.448933
1041.23,0.103363
543.436,0.0543074
2646.24,0.264392
657.536,0.065706
1665.96,0.166579
978.626,0.0978523
1378.45,0.137749
1509.32,0.15084
1740.05,0.173915
1734.42,0.1734
2184.33,0.218364
1633.11,0.163211
1475.3,0.147524
1696.45,0.169596
1121.15,0.112072
1393.13,0.138401
1258.12,0.125671
2413.33,0.241279
1165.72,0.116561
1457.68,0.144722
2535.82,0.253512
1177.79,0.11777
2302.46,0.230066
1407.09,0.140469
1010.44,0.100974
833.213,0.0833171
870.315,0.0870103
1095.18,0.109462
1532.03,0.153138
1716.25,0.171458
992.835,0.0992618
1096.2,0.109609
1090.06,0.108975
910.467,0.0910405
1417.79,0.141669
1448.98,0.156664
696.24,0.0696168
1219.39,0.121929
1135.76,0.113535
1062.58,0.105862
1150.45,0.115035
3768.26,0.375659
1579.61,0.157741
2309.98,0.23084
829.089,0.0827544
1048.06,0.104794
900.63,0.0898457
963.628,0.0961735
1329.49,0.132836
973.674,0.0973392
1317.36,0.131667
1350.45,0.13503
1082.09,0.108136
789.236,0.078912
1147.24,0.11469
1896.17,0.189582
900.554,0.0900465
947.125,0.0946871
877.648,0.0877581
3155.26,0.315168
1762.1,0.176176
1583.76,0.158361
10296.1,1.02877
1071.7,0.107133
2250.4,0.224852
1309.01,0.130032
1306.72,0.130664
1427.86,0.142778
578.361,0.057809
1319.6,0.131916
1093.69,0.109325
1601.22,0.159711
1006.59,0.100589
1166.43,0.11662
1443.19,0.144237
2566.44,0.255343
875.664,0.0872569
873.202,0.0872886
690.953,0.0690511
965.485,0.0965422
1982.85,0.198171
515.252,0.051523
2318.7,0.231688
2004.86,0.200263
747.309,0.0747244
1075.6,0.1075
1463.96,0.146268
1835.64,0.183556
1189.75,0.11877
1253.04,0.12529
947.449,0.0946817
1127.69,0.112722
1118.1,0.111801
2939.56,0.293793
1283.55,0.128236
1236.77,0.123621
1659.7,0.165878
18256.4,1.81642
748.657,0.074753
1874.02,0.187179
720.755,0.0719795
2015.24,0.201178
1364.62,0.136389
740.035,0.0736504
1265.01,0.126444
1592.49,0.158359
4399.75,0.43974
652.637,0.065231
1281.92,0.128173
952.452,0.0951571
438.2,0.0438007
759.081,0.0758625
1521.99,0.152155
1235.44,0.123525
859.497,0.0859196
1531.02,0.15297
1216.56,0.121651
1255.35,0.125515
1600.29,0.159438
1139.09,0.113605
2073.2,0.207289
3836.98,0.38355
2326.66,0.232399
558.342,0.0558326
1436.66,0.143646
1552.7,0.154979
1000.65,0.100055
1107.55,0.110734
843.969,0.0843885
894.222,0.0893013
963.106,0.0962882
831.573,0.0830868
1386.63,0.13861
914.825,0.0914668
1168.6,0.116816
1008.81,0.100404
3739.11,0.373692
1524.96,0.152414
985.718,0.0985379
1065.56,0.10654
779.752,0.0779721
605.207,0.0604977
901.686,0.090129
694.541,0.0693071
1081.97,0.108167
1424.06,0.142309
1052.08,0.105169
974.045,0.0973206
3162.25,0.315871
1248.4,0.124831
1881.58,0.188124
1028.15,0.10281
837.183,0.0834787
2017.47,0.201715
709.627,0.0709201
1783.38,0.178228
1952.62,0.193236
999.675,0.0999608
1116.98,0.111692
2236.43,0.223325
940.335,0.0940085
1461.61,0.145768
4079.24,0.407554
1365.88,0.135756
1199.75,0.11995
2202.95,0.22025
1979.71,0.197958
940.935,0.0940852
5237.81,0.523618
1124.46,0.112398
1636.35,0.163621
2430.56,0.242887
1531.72,0.152053
2052.79,0.204847
1189.68,0.11896
1543.99,0.154158
1642.81,0.164197
1398.36,0.139704
902.53,0.0901819
2597.28,0.259543
2031.12,0.202991
738.338,0.0738088
1490.48,0.148753
1280.93,0.12802
1773.61,0.176451
610.009,0.0608606
825.334,0.0825203
2244.41,0.224378
9893.48,0.987528
733.083,0.0731786
2478.78,0.247712
1050.26,0.104974
1224.79,0.122047
1394.02,0.139263
876.902,0.0876652
1411.82,0.141175
1106.78,0.110666
700.733,0.0696547
565.627,0.0565307
1998.01,0.199548
725.014,0.0724479
1340.84,0.134004
1446.15,0.144572
6311.67,0.630542
1693.19,0.169283
1191.96,0.119168
1028.57,0.10263
650.165,0.0650091
1036.09,0.103601
2252.64,0.225228
906.918,0.0906117
936.528,0.093635
1050.64,0.105052
1119.91,0.111783
1045.95,0.104548
879.158,0.0878871
1722.63,0.165054
1139.51,0.113874
1438.78,0.143839
1088.83,0.108863
1775.87,0.177445
1159.26,0.115863
2917.96,0.291671
6470.24,0.646174
1192.59,0.118571
1237.4,0.123726
1766.22,0.176537
1342.88,0.134238
1290.02,0.127437
1611.39,0.161009
895.521,0.0889967
1540.78,0.153829
1787.57,0.17874
991.796,0.0991674
1472.46,0.147217
1478.25,0.147542
1293.82,0.129366
1285.84,0.128566
797.426,0.079554
2007.27,0.200687
947.159,0.0946142
1606.02,0.160358
2021.39,0.201974
2808.57,0.280113
9828.62,0.973941
1331.4,0.133122
1612.23,0.161202
3451.36,0.344877
1952.81,0.195249
662.638,0.0654514
1734.45,0.173379
1387.34,0.138666
2358.45,0.235767
700.829,0.0700505
1071.05,0.106679
3037.94,0.303656
9490.86,1.74266
1107.37,0.110706
756.793,0.0756709
1841.35,0.184119
2443.92,0.243971
7291.39,0.728393
1018.46,0.101832
1025.92,0.102574
1491.13,0.149092
4760.2,0.475839
1466.92,0.146097
1495.99,0.149518
1488.82,0.148729
690.869,0.0690263
1059.69,0.105963
1078.77,0.107426
1584.21,0.158393
968.779,0.0968681
2897.23,0.289713
2162.2,0.215219
910.87,0.0909278
1942.74,0.194108
1506.47,0.15063
917.395,0.0917323
746.927,0.0746781
1070.86,0.107039
2588.67,0.258747
1492.61,0.149241
799.178,0.0799044
729.374,0.0729264
815.543,0.081531
1309.26,0.130885
3012.28,0.301067
964.722,0.0964593
1718.76,0.171489
1283.42,0.128303
1247.96,0.12474
700.527,0.0700191
1083.36,0.108282
1123.52,0.112347
6287.41,0.972816
2185,0.218432
1037.74,0.103483
811.641,0.0803433
2752.96,0.275205
1968.31,0.196733
2128.09,0.211546
3331.7,0.333131
1309.64,0.130902
6167.22,0.615759
809.864,0.0809791
1738.67,0.173833
749.682,0.0748196
1606.39,0.160579
4659.92,0.465809
931.149,0.0930164
692.86,0.0692733
835.052,0.0834936
2115.75,0.2114
2933.54,0.293142
1358.79,0.135633
2323.91,0.232095
710.438,0.0710338
1097.02,0.109667
492.452,0.0491925
1099.7,0.109939
1509.88,0.150924
1312.46,0.131221
18013.1,1.79405
883.368,0.0877489
1668.14,0.166724
602.396,0.0602238
647.728,0.0647565
1409.86,0.140871
921.218,0.0920992
1049.21,0.104866
5476.63,0.547122
1318.16,0.131751
1890.37,0.189022
794.582,0.0794505
1126.89,0.112672
848.442,0.0848389
1434.42,0.143344
1756.61,0.175154
1214.35,0.121353
4736.66,0.473459
2600.2,0.259896
2458.45,0.245737
904.811,0.090476
1498.1,0.149745
922.06,0.0921141
1784.17,0.177996
778.808,0.0777415
1574.11,0.157012
950.312,0.0947895
1818.39,0.181538
790.663,0.0786893
1042.11,0.104196
1481.85,0.148124
1568.42,0.156781
1362.99,0.136246
2525.16,0.252431
1404.06,0.140371
3243.94,0.324252
889.089,0.0888957
3210.74,0.32426
1143.65,0.114345
1421.72,0.142134
1105.63,0.110549
4590.07,0.458115
521.016,0.0520968
1116.5,0.111632
1017.65,0.101705
2591.84,0.259118
9834.48,0.982486
1833.72,0.183238
1957.22,0.195668
1075.06,0.107497
1235.84,0.123576
1936.68,0.193083
1188.55,0.118695
948.199,0.0944769
1298.61,0.129858
1241.1,0.124059
2193.23,0.219304
2247.53,0.224234
1661.11,0.165627
2430.68,0.242847
763.167,0.0763056
1468.66,0.146831
2142.35,0.213969
982.607,0.0980124
1420.71,0.141951
1066.89,0.106484
1110.32,0.110995
1911.87,0.191028
1317.39,0.131641
767.521,0.0764632
951.465,0.0950101
2882.02,0.288146
3301.37,0.330033
1374.04,0.137393
801.804,0.0801129
1283.54,0.128225
1378.6,0.137829
955.162,0.095492
602.135,0.0601996
1177.93,0.117769
2968.92,0.296453
939.678,0.0938791
2161.22,0.216069
390.016,0.0389913
5274.07,0.526416
1451.89,0.145154
1068.65,0.106852
1702.07,0.170109
2027.49,0.202698
832.483,0.0832316
720.719,0.0720584
3652.35,0.365132
1465.17,0.146496
5179.91,0.522037
3645.32,0.363718
1721.49,0.171949
10252,4.51652
4071.34,0.406771
1097.46,0.109603
2113.03,0.194776
1063.91,0.106366
1746.52,0.174566
828.056,0.0827781
1660.95,0.166079
1239.62,0.123806
1117.11,0.11169
1062.33,0.106217
1985.79,0.198488
1048.81,0.10487
1370.68,0.137059
1739.87,0.173603
1091.29,0.109121
606.51,0.0606478
932.039,0.0931251
1086.87,0.108641
2345.92,0.234477
1135.78,0.113469
1649.2,0.164829
1372.8,0.137223
909.436,0.0908851
2407.87,0.239755
1523.25,0.152276
8825.49,0.880736
2051.69,0.205133
2455.65,0.245512
1160.36,0.115466
1192.15,0.119109
2895.31,0.289423
1123.64,0.112359
1035.29,0.103522
1051.3,0.105012
696.821,0.0696574
2057.81,0.205748
924.768,0.0924721
892.198,0.0891977
640.003,0.0639934
722.474,0.0721943
1250.26,0.124984
3000,0.299917
743.593,0.0739128
3737.01,0.373459
1960.35,0.19592
996.568,0.0996442
2080.05,0.207941
2417.06,0.241398
6459.13,0.644582
802.137,0.0799086
1956.57,0.195621
907.272,0.0907139
1136.56,0.113576
767.074,0.0766902
840.807,0.0840749
1247.17,0.124627
1082.43,0.107966
482.096,0.0481856
572.485,0.0572099
1052.71,0.0994927
934.925,0.0934846
5404.53,0.538046
1084.77,0.108368
1649.36,0.16485
1894.59,0.189301
995.714,0.0995038
1273.1,0.126798
2409.21,0.240774
1249.77,0.12496
10400.7,5.05098
1040.61,0.104036
2227.83,0.222741
11312.5,1.12976
2132.86,0.206718
13213.4,4.5205
963.725,0.096341
1012.61,0.100917
1683.73,0.160137
748.7,0.0748662
1249.56,0.124918
1377.72,0.137752
613.001,0.0612411
1303.24,0.130267
1388.28,0.138806
750.631,0.0750488
4558.19,0.455694
3819.64,0.381667
830.818,0.0825566
572.063,0.0572004
2063.03,0.206166
1091.48,0.10909
1912.83,0.191221
1151.96,0.115067
1800.76,0.179769
1461.09,0.146046
1417.64,0.141719
1929.6,0.192922
1549.53,0.154848
988.922,0.0988665
1486.03,0.148523
698.115,0.0698007
481.52,0.0481478
12893.4,1.28532
1743.97,0.174172
1182.91,0.117984
1403.48,0.140105
1227.22,0.122385
929.43,0.0929233
2197.78,0.219571
1247.8,0.124748
1377.38,0.137629
814.187,0.0814158
1166.02,0.116597
1227.33,0.122664
2286.64,0.228563
1117.78,0.111768
1591.51,0.159064
1572.98,0.156565
1306.59,0.13062
847.972,0.0847948
799.717,0.079867
3923.39,0.391792
1524.85,0.152265
2264.91,0.226162
1015.29,0.101519
988.23,0.097471
1042.64,0.104173
1015.35,0.101519
992.571,0.0992084
743.815,0.0743788
1150.69,0.115042
1202.46,0.120207
815.95,0.0814061
926.311,0.0925795
816.897,0.0816736
1314.29,0.131377
1030.39,0.103032
1161.76,0.116121
1934.11,0.193033
1772.71,0.177201
1673.71,0.167134
885.181,0.0885129
1450.86,0.145073
1107.61,0.110739
2829.9,0.282408
840.527,0.0840482
1426.08,0.142575
1610.84,0.161018
2820.43,0.281927
1384.62,0.138453
1478.34,0.147722
1987.2,0.198602
1199.73,0.119901
636.896,0.0636718
755.526,0.0755448
1838.86,0.183757
518.616,0.0517348
13361.5,1.32983
751.356,0.0749507
7546.16,0.753636
1344.85,0.134441
1232.32,0.102993
1590.32,0.159006
1213.39,0.121286
955.343,0.0955259
792.239,0.0792028
824.519,0.0824395
925.798,0.0925775
1513.03,0.151277
8334.57,0.832251
1619.45,0.161926
2028.72,0.202846
2459.24,0.225592
2307.99,0.230708
956.976,0.0954751
1106.43,0.110479
501.989,0.0501883
789.166,0.0787244
902.767,0.0902541
1436.13,0.143501
864.374,0.0863917
685.307,0.0685018
4222.81,0.422184
1587.7,0.158715
1269.44,0.126921
803.876,0.0803822
1342.91,0.134285
897.983,0.0897721
745.101,0.0730893
770.074,0.0769861
1072.75,0.107259
1283.58,0.128338
998.628,0.099845
1739.97,0.173902
556.876,0.0556706
1171.43,0.117065
1867.21,0.1865
2548.22,0.2548
700.323,0.0700302
1583.35,0.158295
1323.4,0.132301
1268.12,0.125329
925.556,0.0925486
828.068,0.0827975
1279.01,0.127874
696.648,0.0696453
570.841,0.0570793
705.589,0.0703175
3834.55,0.375241
9504.4,0.947811
1463.97,0.146384
764.701,0.0764607
847.584,0.0847542
1967.51,0.196734
2207.42,0.220708
859.165,0.0857595
2717.21,0.271658
1386.83,0.138677
817.248,0.0816102
1590.46,0.159019
1676.94,0.16761
1933.49,0.19305
1318.13,0.131751
4866.01,0.466065
789.383,0.0789123
8415.54,0.841276
1266.82,0.126667
740.045,0.073843
783.219,0.0780074
830.086,0.0829765
1553.01,0.155187
1024.05,0.102386
789.81,0.078954
1451.75,0.145106
1503.65,0.150269
1225.73,0.122557
1414.64,0.131063
1168.95,0.116855
1195.58,0.119533
1607.27,0.160566
1352.87,0.135268
1674.51,0.167387
1102.54,0.110244
1168.86,0.116764
499.355,0.0498976
1075.59,0.107528
2332.88,0.233236
1374.25,0.137387
1233.62,0.123323
715.866,0.0715781
1026.06,0.10256
971.719,0.0970149
1404.43,0.140424
1122.64,0.112119
1485.86,0.148453
1625.07,0.162489
1554.16,0.155095
1390.77,0.138911
918.457,0.091805
1757.76,0.175591
1330.14,0.132977
2352.76,0.2346
1154.02,0.115211
1202.85,0.120232
873.244,0.0870696
987.469,0.0987087
7725.9,0.770317
2331.65,0.185725
1600.26,0.159947
1695.75,0.169499
673.277,0.0672631
1019.18,0.0993305
1045.09,0.104488
1399.6,0.139841
921.268,0.0915299
891.587,0.0891418
5933.34,0.592833
2483.19,0.24816
1394.36,0.139297
771.222,0.0771182
1023.03,0.102179
723.994,0.0723588
759.262,0.0756635
1662.54,0.166173
1199.94,0.119959
3667.77,0.363843
842.144,0.0842096
1189.6,0.118928
2357.62,0.231749
1564.26,0.156323
1883.64,0.188313
1086.22,0.108529
1964.15,0.196174
2477.18,0.247568
1008.77,0.100871
14688.9,1.46363
639.231,0.0639034
1061.05,0.106062
1125.8,0.112429
5774.14,0.577306
1020.91,0.101647
1246.18,0.124083
19566.1,1.94442
2710.76,0.270875
2133.41,0.212774
1783.26,0.178144
820.92,0.0820275
889.702,0.0889452
1100.72,0.110064
1118.26,0.111812
716.586,0.0716453
1767.51,0.176733
1192.83,0.118965
784.091,0.0783935
1308.49,0.130834
1552.03,0.155162
950.09,0.0950023
1719.58,0.171914
1867.21,0.1867
858.117,0.0858067
610.099,0.0609827
3029.27,0.302554
1203.69,0.120311
3023.03,0.302267
863.908,0.0863717
1857.86,0.185703
25202.3,2.55872
1184.71,0.118449
844.478,0.084417
1459.96,0.145606
778.141,0.0777921
2300.2,0.220482
1044.71,0.104462
1732.11,0.173073
794.893,0.0794618
16769.2,2.38971
1139.64,0.113465
830.106,0.0830071
934.516,0.0933376
2276.25,0.227421
405.649,0.0405644
1642.82,0.16427
1023.22,0.102024
2138.9,0.213707
1650.32,0.160814
2944.25,0.29373
801.713,0.0801674
904.217,0.0903947
821.872,0.0821791
1755.1,0.175485
610.131,0.0610016
807.277,0.0806146
1381.44,0.137938
3132.55,0.312989
1901.74,0.190161
695.527,0.0695278
1516.35,0.151621
1302.3,0.130159
1024.74,0.102364
5212.77,0.521089
1815.74,0.18151
1475.42,0.147458
1800.35,0.179964
1124.4,0.112423
863.175,0.0863126
2099.01,0.209887
1691.39,0.169119
1515.44,0.150985
3278.3,0.327646
1005.16,0.09922
868.507,0.0868202
1499.88,0.149948
1009.83,0.100952
1004.14,0.100403
534.349,0.0534215
1563.37,0.156281
944.094,0.0941134
2138.96,0.213846
1412.82,0.14126
3808.55,0.380456
1408.2,0.140809
1168.88,0.116886
723.479,0.0722879
1352.52,0.135247
900.198,0.0896975
1401.86,0.140001
1223.6,0.122258
2060.15,0.205699
2531.47,0.252439
1304.82,0.130459
900.254,0.0899023
949.586,0.0948502
2182.21,0.218142
1746.85,0.174456
841.872,0.0841664
1134.16,0.110258
1356.11,0.135607
1751.03,0.175043
2497.82,0.249439
3157.9,0.315472
1121.03,0.112042
964.633,0.096406
1920.21,0.191973
1177.74,0.117771
1225.95,0.12257
3461.55,0.346092
719.398,0.0718411
1248.47,0.124809
1857.69,0.185712
803.462,0.0817891
904.88,0.0904763
2789.86,0.278735
776.529,0.0776502
963.066,0.0962326
2238.25,0.223801
9771.87,0.973459
1942.61,0.194224
2104.53,0.210399
1039.09,0.103895
1376.5,0.137529
1528.2,0.152816
1047.7,0.104626
944.262,0.0943622
3141.2,0.313995
921.767,0.0915932
903.939,0.0903798
2044.14,0.204159
1024.64,0.102443
1660.12,0.165927
1056.95,0.105675
999.36,0.0999239
5279.64,0.526519
1404.89,0.140342
686.974,0.0686917
1265.22,0.126515
1495.67,0.149468
504.125,0.0504085
9301.24,0.9263
1063.34,0.106236
2224.92,0.222237
1399.6,0.139747
2140.06,0.21393
1472.8,0.147238
860.286,0.0860118
1856.42,0.185583
1461.18,0.146015
6159.65,0.615494
1205.2,0.12035
1450.03,0.144992
1861.04,0.185866
4023.31,0.402125
2732.09,0.273069
2572.14,0.256921
986.296,0.0986111
1001.89,0.100187
410.283,0.0410178
996.896,0.0996584
1166.85,0.116205
801.158,0.0800525
448.993,0.0448965
1611.77,0.161121
619.141,0.0618884
1261.13,0.126087
1253.29,0.125319
7431.84,0.741386
1287.85,0.128774
10405.4,1.03968
2040.13,0.203995
955.043,0.0954806
1589.87,0.158964
891.822,0.0891769
1261.03,0.126096
2180.28,0.218016
823.004,0.0821002
1597.74,0.159713
1193.06,0.118037
1138.58,0.113787
1022.54,0.102231
807.48,0.0805178
1042.43,0.104226
508.964,0.0507935
1581.29,0.158101
1052.88,0.105267
828.233,0.0828203
1650.78,0.165024
1517.17,0.151692
1336.56,0.133618
4756.53,0.475196
1498.78,0.149183
1783.99,0.178259
1076.04,0.107594
968.273,0.0968221
1546.29,0.154617
1236.6,0.123642
1030.48,0.103006
6868.13,0.686352
822.182,0.0821769
1238.36,0.123817
1761.72,0.175702
831.642,0.0831479
731.726,0.0731671
766.317,0.0766279
1108.82,0.110775
1961.59,0.196039
1044.34,0.104402
628.072,0.0627954
901.818,0.0901754
2176.78,0.217593
1340.83,0.134075
1151.37,0.11503
1310.65,0.131038
1213.95,0.121365
2383.82,0.238348
677.871,0.0673255
948.302,0.0948171
1268.52,0.126833
760.409,0.0760392
847.368,0.0847208
776.226,0.07755
1746.58,0.174639
1634.23,0.163333
811.217,0.08109
939.16,0.0939068
1216.28,0.121602
1679.56,0.16792
1839.59,0.178215
928.645,0.092841
2601.1,0.259158
1873.29,0.187325
1107.93,0.110613
2046.34,0.204611
4211.03,0.420576
833.511,0.083129
2167.67,0.21631
2095.14,0.209422
1563.96,0.156323
4242.86,0.424243
2370.83,0.237049
1990.26,0.198601
1317.04,0.130837
1434.44,0.143438
2091.68,0.209065
5232.6,0.522714
1590.27,0.158943
1858.41,0.185822
1727.47,0.17267
1597.03,0.159635
767.455,0.0767411
774.306,0.0774264
1233.21,0.123276
1454.36,0.145377
2395.23,0.239092
1293.71,0.129053
1292.43,0.129221
1829.8,0.182874
754.627,0.0754512
1489.79,0.147816
1307.25,0.130704
1091.08,0.0995523
1454.77,0.145254
2403.45,0.24017
5627.35,0.562555
3736.96,0.373088
1635.95,0.16359
2943.46,0.294251
1363.11,0.136115
1323.28,0.13229
1002.89,0.100223
900.899,0.0900216
4814.69,0.480829
1384.95,0.138482
987.639,0.0987456
1492.11,0.149172
1304.98,0.130492
2548.19,0.254577
1002.75,0.100266
1727.33,0.172534
3176.79,0.317391
1941.09,0.193968
1710.91,0.171036
887.748,0.0887119
510.596,0.0510074
1797.41,0.179695
1103.39,0.110204
687.405,0.0686559
993.882,0.0992809
1804.42,0.180402
845.39,0.0845056
578.395,0.0578032
1744.99,0.174429
708.497,0.0708058
523.136,0.0522597
1261.78,0.14655
1227.2,0.121947
836.458,0.0836184
1030.87,0.102996
1399.73,0.139929
1239.86,0.120471
1148.56,0.114758
1754.77,0.175392
1066.52,0.106642
799.992,0.0799634
1032.4,0.100202
873.359,0.0873154
1602.05,0.16014
1172.65,0.116854
1127.07,0.112581
1294.47,0.129233
1065.72,0.106456
2250.99,0.225058
905.023,0.0903669
3821.58,0.382098
1318.32,0.13175
2767.99,0.276002
3248.99,0.324833
853.539,0.085312
1810.52,0.180874
783.65,0.0783551
1034.3,0.103361
1750.29,0.174907
2911.31,0.291094
1745.82,0.174563
1416.95,0.141529
3869.81,0.386625
2092.29,0.192491
944.142,0.0942985
5444.42,0.507792
847.422,0.0846255
1112.04,0.111178
5850.45,0.583477
989.694,0.0989355
1961.71,0.196144
1229.98,0.122958
1676.36,0.167619
890.369,0.0890317
1153.16,0.115306
2451.05,0.24499
2190.76,0.218992
2080.84,0.208054
959.447,0.0959291
1670.88,0.166841
817.843,0.081643
1365.58,0.136471
1099.41,0.109889
3207.43,0.319932
855.226,0.0854776
1256.21,0.12551
2849.82,0.284833
634.476,0.0634459
973.311,0.0973071
865.919,0.0865426
2054.78,0.205406
685.405,0.0684956
3135.11,0.313352
1596.34,0.159436
1337.39,0.133704
513.351,0.0513201
1771.45,0.177106
2253.96,0.225254
1732.98,0.173212
1735.88,0.173551
922.489,0.0922399
5342.05,0.533905
1822.62,0.182157
846.274,0.0846047
1251.89,0.125187
13150,1.30264
1170.1,0.116934
2058.44,0.188512
15536.7,1.55045
2079.45,0.207853
1086.49,0.108582
782.325,0.0781354
1634.82,0.163453
936.402,0.0936028
1373.92,0.137389
789.117,0.0789021
2016.46,0.20121
960.054,0.0959764
1850.8,0.185026
1370.01,0.136965
815.243,0.0813034
1768.44,0.176831
646.701,0.0646651
4108.04,0.40933
716.146,0.0715942
1539.95,0.153808
5792.34,0.575607
1181.11,0.118048
957.207,0.095715
779.498,0.0779384
2201.62,0.220004
1077.01,0.107674
760.285,0.0759279
1193.93,0.119344
946.872,0.0946383
2332.13,0.233118
1202.13,0.120178
1195.34,0.119525
654.731,0.0654669
2874.23,0.287372
1202.25,0.120142
798.991,0.0798056
1411.18,0.141042
5070.23,0.506395
4472.53,0.446414
506.082,0.0505621
1065.09,0.10435
2009.61,0.200881
1027.08,0.102664
2058.21,0.205741
859.767,0.0859565
1400.58,0.139859
793.155,0.0793129
1267.05,0.126408
1225.4,0.122478
1017.84,0.101751
4159.23,0.415879
2013.41,0.201208
1057.17,0.103694
1503.43,0.148488
712.779,0.0712581
1036.55,0.103643
891.966,0.0891707
1544.13,0.154263
1451.58,0.145022
1285.22,0.128514
774.518,0.0774464
1771.21,0.176677
1944.61,0.194441
1322.79,0.132219
899.069,0.0898972
1575.21,0.15629
1043.98,0.104384
1141.22,0.113992
1593.88,0.15936
965.397,0.0964551
712.913,0.071251
2362.26,0.236068
869.449,0.0867089
2140.15,0.21397
1739.68,0.173774
2616.91,0.261125
3465.76,0.346476
1416.64,0.141585
911.574,0.0911496
591.209,0.0591036
5646.95,0.564243
728.689,0.0727714
1107.83,0.110364
1591.85,0.159127
2100.94,0.210068
753.457,0.0753355
1162.33,0.116023
1137.74,0.113585
587.861,0.0587686
499.984,0.049994
1233.17,0.123275
723.772,0.0723764
526.061,0.0525676
1020.11,0.101937
1479.15,0.147889
1293.05,0.129286
598.493,0.0597182
753.91,0.0753794
1579.01,0.157859
1293.29,0.129223
4032.56,0.4032
2731.89,0.272497
1547.27,0.15447
1439.02,0.143848
2985.98,0.2984
948.543,0.094714
1828.97,0.182594
555.547,0.0555429
1049.89,0.104983
673.292,0.0670524
860.233,0.0859785
1057.56,0.105747
2160.21,0.215992
1340.38,0.133946
2234.2,0.222668
2032.78,0.203026
1030.64,0.103051
694.276,0.0693859
1018.59,0.101724
929.005,0.0927511
1379.82,0.137944
1526.17,0.152504
19696.1,1.96346
4021.72,0.401161
1954.97,0.195287
2294.34,0.229366
550.601,0.0547014
4102.05,0.410112
798.977,0.0793727
2673.78,0.264317
2517.89,0.251085
933.277,0.0933236
562.101,0.0561904
1202.56,0.120241
2908.05,0.285014
1995.61,0.199526
2108.92,0.210844
2586.7,0.258505
7576.49,0.754559
840.25,0.08163
1146.3,0.114586
10137.5,1.01329
969.456,0.0969343
890.052,0.0811461
906.436,0.0904902
1133.05,0.113288
1095.57,0.109524
944.594,0.0942964
1537.58,0.153744
7536.23,0.752824
2495.91,0.249554
932.645,0.0929948
4538.95,0.453108
1163.27,0.11632
4201.29,0.419774
1245.97,0.124512
4089.14,0.408829
1717.25,0.171702
853.656,0.085261
1079.38,0.107883
1907.79,0.190367
1484.62,0.148395
1616.12,0.16145
1855.49,0.184949
2183.61,0.218196
1369.96,0.136973
2462.21,0.246182
1053.98,0.105366
1232.53,0.175203
1043.26,0.104311
1083.64,0.108269
1316.11,0.131525
9187.38,0.91851
1547.21,0.15444
1685.59,0.161568
1042.15,0.104197
1033.07,0.103227
1887.28,0.188561
3432.34,0.342897
962.499,0.09623
1162.86,0.116062
737.661,0.0737536
1168.71,0.11684
1187.85,0.118741
930.251,0.0930112
2880.06,4.32707
675.34,0.0672617
1059.74,0.105962
1054.69,0.105467
2143.74,0.214205
868.254,0.0867895
936.628,0.0936218
1192.16,0.1192
1094.28,0.109338
3223.67,0.322025
1030.63,0.102418
781.67,0.0781479
411.213,0.0411133
1312.48,0.130627
1214.64,0.121025
2221.5,0.222085
1999.97,0.199933
582.504,0.0582384
1343.07,0.134297
725.435,0.0725071
729.126,0.0727792
1254.82,0.125466
1002.52,0.100245
4229.8,0.421065
2583.78,0.258
993.212,0.098891
2389.13,0.238765
1554.04,0.155391
829.884,0.0828444
4623.95,0.46182
1236.28,0.123564
1646.28,0.161046
470.121,0.046988
684.792,0.0684647
4850.22,0.483564
783.362,0.0782573
615.666,0.0615312
974.546,0.0973557
2431.09,0.242917
1039.13,0.103909
669.238,0.0668815
945.669,0.0945325
885.024,0.0884476
1993.56,0.199296
537.096,0.0532698
1559.43,0.155865
661.975,0.0661927
710.358,0.0709529
1049.09,0.100678
1397.73,0.139607
2088.38,0.20878
1178.33,0.117824
1323.03,0.132286
2170.92,0.216677
937.869,0.0937808
9325.27,0.928867
1431.7,0.143084
1238.83,0.123845
857.884,0.0857852
555.076,0.0554445
1668.95,0.166849
1175.4,0.117531
820.534,0.0819934
1448.41,0.144794
1059.48,0.105945
1287.82,0.128724
1429.2,0.142871
1254.02,0.125158
2052.39,0.205226
8692.53,0.868023
961.693,0.0961045
725.985,0.0725806
2519.29,0.2519
1527.74,0.152752
769.165,0.0768639
972.872,0.0972752
2402.69,0.240229
1231.1,0.122971
2634.98,0.263394
895.784,0.0894729
1017.2,0.101682
3225.46,0.322395
1256.37,0.125608
1246.39,0.124625
1604.89,0.160471
829.289,0.0829001
1442.97,0.144266
876.64,0.087586
1617.58,0.161644
1125.41,0.11248
663.686,0.0663652
1091.15,0.109113
836.099,0.083544
1386.16,0.138583
1219.73,0.121872
3593.87,0.358641
1049.94,0.104963
1736.93,0.173673
1102.63,0.110218
975.088,0.0974378
950.336,0.0948201
1708.99,0.170471
1506.45,0.150517
1105.92,0.110484
2144.08,0.214313
7397.1,0.739286
3463.52,0.345845
1202.98,0.120216
778.04,0.0777718
979.965,0.0979926
858.821,0.0857801
25436.1,2.523
1974.16,0.197366
635.553,0.0634979
1859.46,0.1859
711.839,0.0711793
1254.22,0.125419
2405.11,0.240454
2021.21,0.201979
632.316,0.0632283
979.391,0.0979143
699.356,0.0699338
792.363,0.0792233
1140.37,0.113991
1429.32,0.142854
612.193,0.0612176
1374.89,0.135388
1057.98,0.105749
1030.5,0.102797
1632.08,0.163113
1373.66,0.137286
5998.2,0.599463
1739.45,0.173933
1584.91,0.158477
1269.64,0.126173
1307.51,0.130706
950.482,0.0949954
3020.25,0.301836
891.783,0.0890937
1532.62,0.153113
1103.07,0.110228
1712.75,0.17124
1311.96,0.130709
1419.4,0.141774
1774.5,0.1774
585.75,0.0585725
1063.78,0.106296
1256.65,0.125565
930.461,0.0930326
1153.46,0.115331
1336.02,0.133218
943.181,0.0943134
793.991,0.0793916
1962.11,0.196125
2452.24,0.245034
3355.36,0.335365
1248.69,0.124845
1675.69,0.167268
1081.21,0.108016
898.787,0.0898673
1582.33,0.158142
1689.09,0.168895
878.255,0.0878038
1686.45,0.168529
870.795,0.0870425
1517.28,0.151705
3721.26,0.371762
1219.67,0.121889
1090.59,0.108922
2029.17,0.202848
1530.81,0.153055
1055.29,0.101287
1496.06,0.149579
1123.7,0.112354
900.677,0.090053
2642.52,0.26384
649.026,0.064845
1405.92,0.140439
969.603,0.0969515
1228.12,0.122565
1286.28,0.128577
609.347,0.060865
2671.87,0.267047
3767.75,0.376696
983.041,0.0982399
670.833,0.0670354
872.573,0.0871747
1932.84,0.192503
920.713,0.0920294
1065.29,0.106502
2081.97,0.207971
1263.76,0.126349
1097.75,0.109692
902.409,0.0902041
856.994,0.0856151
813.712,0.0813453
3023.68,0.302282
953.736,0.0953497
1602.18,0.159968
663.97,0.0663861
2859.49,0.282756
1006.98,0.100537
803.82,0.0803619
2049,0.204657
1079.04,0.107786
1640.73,0.163832
1211.87,0.121184
1146.13,0.114597
3027.99,0.302742
1532.79,0.153107
854.372,0.0853618
1070.1,0.106981
1059.29,0.105914
4931.26,0.492934
1997.87,0.190186
1143.37,0.114307
767.582,0.0767245
929.794,0.0927039
1460.23,0.145872
1574.29,0.156703
3826.76,0.382625
888.165,0.0887821
1459.94,0.145806
337.14,0.0337012
772.324,0.0772198
2665.15,0.266308
1157.85,0.115745
780.06,0.0779621
695.369,0.066578
4386.87,0.438463
920.46,0.0920267
1780.53,0.177991
1024.51,0.102415
5537.04,0.553448
1901.11,0.189984
961.066,0.0960527
755.868,0.0755567
1824.29,0.182235
1153.37,0.115263
5042.55,0.503088
9430.72,0.942069
1058.13,0.105409
2447.81,0.244464
905.503,0.0905425
4672.06,0.466861
1590.79,0.159065
1888.76,0.188849
1358.67,0.135829
743.222,0.074313
1037.55,0.103729
1996.02,0.199588
2165.08,0.21616
1914.32,0.191292
1408.25,0.140811
1488.06,0.14879
948.496,0.0947586
1252.14,0.125171
1420.4,0.141937
941.132,0.0937181
1127.72,0.112748
2903.16,0.29015
849.175,0.0848821
3019.39,0.301924
2788.62,0.278741
1259.78,0.125879
1929.17,0.192515
1565.68,0.156417
1218.07,0.121435
1699.62,0.169904
639.21,0.0639054
3077.9,0.306992
981.136,0.0980903
1429.02,0.142839
1976.09,0.197597
1291.08,0.129028
1361.09,0.135098
807.898,0.0807673
820.747,0.0820464
1627.36,0.162138
2447.23,0.244692
1108.03,0.110745
1246.68,0.124634
730.161,0.071409
804.903,0.0804137
2516.11,0.251574
508.198,0.0508083
1076.5,0.107643
3336.74,0.333465
1072.35,0.10718
1032.37,0.103193
1168.08,0.116672
1462.83,0.146272
1439.41,0.14393
1095,0.109465
740.277,0.0738753
641.137,0.0641086
687.283,0.0687214
1636.51,0.163566
1624.98,0.162364
1111.75,0.111117
858.15,0.0857995
2002.1,0.20003
1277.85,0.127733
1909.92,0.153285
793.754,0.0793312
1072.39,0.107211
1095.86,0.109563
1127.67,0.112747
1520.75,0.152059
1995.24,0.199441
737.412,0.0737353
637.679,0.0637278
3149.97,0.309123
893.267,0.0893173
899.558,0.0899518
1729.21,0.172906
1058.24,0.105781
1127.31,0.112719
3225.38,0.322413
925.574,0.0925467
1616.1,0.161448
2795.47,0.279218
770.631,0.0769868
5649.38,0.564201
1707.74,0.170696
2008.48,0.200767
1243.83,0.124336
1105.39,0.110387
933.018,0.0932358
1526.5,0.152589
1138.49,0.113845
1959.14,0.193143
4909.45,0.488969
900.543,0.0900413
764.092,0.0763953
1909.47,0.190861
1406.73,0.140634
1284.94,0.128476
781.128,0.0781044
1134.84,0.113468
951.041,0.0950739
1217.4,0.121685
1087.53,0.108479
989.781,0.0989654
1076.86,0.10766
786.751,0.0786524
1429.12,0.142879
33351.7,3.32175
1416.77,0.141578
755.12,0.075508
3675.81,0.36725
993.318,0.0993078
1789.24,0.178755
1506.34,0.15018
3132.11,0.313087
1115.87,0.111572
697.775,0.0697445
10397.2,1.03619
1445.76,0.14399
829.101,0.0828511
1630.26,0.162996
1047.4,0.104677
833.249,0.0833215
996.465,0.099633
900.29,0.0899509
1062.81,0.106205
1196.14,0.119524
1430.16,0.143005
825.333,0.0825315
953.931,0.0953604
1403.52,0.140319
1005.51,0.100341
1213.71,0.121267
963.771,0.0961653
1324.47,0.132446
1051.28,0.105094
1041.45,0.104133
1753.36,0.175294
1010.62,0.101046
1412.44,0.141215
939.538,0.0939496
944.038,0.0943967
1433.5,0.143223
1156.98,0.115652
1184.25,0.118409
3601.58,0.35986
1177.98,0.117734
1191.19,0.118953
1248.51,0.124797
2328.34,0.232725
1273.36,0.127304
1833.44,0.183309
989.156,0.0988246
848.024,0.0846612
1201.6,0.120083
3164.76,0.316456
585.657,0.0585352
2028.36,0.202702
717.229,0.0716689
1366.26,0.136601
1839.31,0.18367
979.967,0.0979846
1016.85,0.096119
1110.5,0.111031
937.722,0.0936212
1830.69,0.182766
3124.59,0.311787
1077.6,0.10758
4188.88,0.418556
1361.66,0.136163
3068.04,0.306603
1176.64,0.11747
1204.54,0.120359
783.458,0.0782809
961.711,0.0961531
700.761,0.0700739
2072.87,0.206216
1670.45,0.167027
942.145,0.094169
1046.13,0.104534
1571.67,0.157108
1880.99,0.187792
1276.1,0.127558
1052.96,0.105214
840.902,0.084034
846.961,0.0846936
1297.78,0.129694
2710.97,0.271051
994.007,0.0993361
1101.15,0.109908
2875.85,0.287475
1032.34,0.103218
645.347,0.0645295
1135.86,0.113514
1814.22,0.181346
1404.84,0.14017
788.463,0.0788082
919.49,0.0919056
1254.94,0.125444
1141.25,0.114098
1745.54,0.174534
2394.97,0.239273
1206.44,0.120564
1464.75,0.146469
2727.85,0.27266
1183.18,0.118302
2000.36,0.199984
1513.11,0.151292
974.91,0.0974527
2402.15,0.240187
1566.64,0.156567
1497.4,0.149536
977.166,0.097629
1542.45,0.154161
1041.83,0.104165
1492.78,0.14897
1373.3,0.137326
2896.03,0.289547
1325.66,0.132536
8767.82,0.874777
723.322,0.0722915
1102.22,0.110157
1290.14,0.129005
1420.13,0.141981
1787.34,0.178687
822.679,0.0822578
1986.48,0.198631
10525.6,1.04811
826.752,0.0826736
2289.66,0.228832
1047.81,0.10459
923.177,0.0914554
795.778,0.07941
1288.01,0.12684
1048.13,0.104782
1211.29,0.121045
1852.28,0.185203
1311.68,0.131154
2214.15,0.221269
1376.08,0.137597
648.114,0.0647879
1044.5,0.104436
821.451,0.0821341
1297.03,0.129592
1211.24,0.121112
1060.97,0.106063
482.387,0.0482301
997.75,0.099691
1345.1,0.134382
1366.2,0.136579
1447.39,0.144702
845.046,0.0844805
979.23,0.0979054
1313.45,0.13131
581.382,0.0580782
806.084,0.0805778
1659.65,0.165924
1025.59,0.102552
811.064,0.0810501
888.414,0.0888338
8866.2,0.883855
695.272,0.0694811
776.584,0.0776504
1049.41,0.104933
803.912,0.0799019
1097.9,0.109308
853.432,0.085191
1146.56,0.114574
1147.63,0.114724
1142.38,0.114198
920.171,0.0920057
813.502,0.0813358
2275.97,0.227322
2636.11,0.262634
513.71,0.0513644
1008.44,0.0904486
1382.9,0.138235
1218.89,0.121722
747.592,0.0747577
976.916,0.0976872
1022.85,0.102195
631.631,0.0631494
3298.53,0.32657
1214.26,0.121423
4222.58,0.421653
1452.58,0.1452
1324.82,0.132444
953.049,0.0952961
781.131,0.0781101
898.088,0.0897979
933.894,0.0930325
1334.27,0.133338
10218.7,1.01577
653.218,0.0653134
492.095,0.049173
1295.54,0.129511
2869.31,0.286498
1066.93,0.106439
946.781,0.0944132
1151.02,0.114289
1145.57,0.11452
1915.7,0.191363
821.143,0.082113
1237.22,0.123661
1378.81,0.137745
1168.8,0.116871
1006.68,0.100659
1981.18,0.198047
990.663,0.0988975
2634.9,0.26343
3743.31,0.374245
5880.94,0.585309
1140.97,0.114051
1378.76,0.137856
1466.74,0.146654
1020.09,0.101863
844.657,0.084412
1159.19,0.117728
751.633,0.0750916
895.858,0.089565
565.048,0.0565012
1063.2,0.106287
1725.99,0.172565
4437.6,0.443496
1062.51,0.106162
743.005,0.0742824
1825.72,0.182524
908.567,0.0908477
1466.16,0.146612
1291.12,0.128964
1906.71,0.190579
2011.44,0.201021
1881,0.187981
1279.1,0.127897
1807.63,0.164908
1061.99,0.106149
2520.87,0.251711
1197.98,0.119719
1308.07,0.1306
615.587,0.0615567
781.295,0.0780951
927.456,0.0926314
3428.72,0.342813
1204.46,0.120441
1028.96,0.102889
1345.41,0.134531
5169.9,0.516201
783.445,0.0783166
882.312,0.0882262
1381.08,0.138009
1037.92,0.10379
830.74,0.0830338
1421.53,0.142123
1132.11,0.113172
1031.72,0.103152
1083.42,0.108303
1081.36,0.107995
2269.65,0.226327
1233.32,0.123322
1551.87,0.155069
886.129,0.0885948
1224.87,0.122401
524.001,0.0523952
1626.94,0.162673
1517.66,0.151749
1494.47,0.14941
756.646,0.075638
730.652,0.0730545
1602.49,0.160201
1239.78,0.123971
5448.88,0.54434
1326.73,0.13264
1045.42,0.104488
2824.59,0.282278
1659.07,0.165816
1183.29,0.118241
1198.46,0.119826
1106.84,0.1106
1124.25,0.112368
1273.97,0.127332
9967.88,0.994875
875.959,0.0875806
803.662,0.0802667
1219.08,0.121388
1560.67,0.156044
838.404,0.0838063
1792.34,0.179129
1170.35,0.116992
1951.08,0.19507
859.759,0.0857744
1743.55,0.174325
652.228,0.0652049
743.442,0.0743399
1786.89,0.178653
721.153,0.0721037
1468.55,0.146812
1128.08,0.112708
737.985,0.0737866
13359.3,1.33185
1124.95,0.112462
708.24,0.0708205
1485.92,0.148286
975.257,0.0974316
1406.05,0.140314
3847.92,0.384762
1060.42,0.10583
1274.65,0.127442
1209.96,0.120702
2199.37,0.219849
1319.31,0.131828
789.032,0.0787646
3991.86,0.399027
2116.77,0.211666
839.178,0.0837972
1056.74,0.105606
875.176,0.0874932
1010.74,0.101009
917.209,0.0916941
912.364,0.0912194
2395.89,0.23935
1764.81,0.176374
835.266,0.0835182
469.523,0.0469463
975.61,0.0975596
781.218,0.0780157
1229.24,0.122898
739.306,0.0737214
2624.85,0.262412
1022.84,0.102266
1635.72,0.163548
3311.32,0.33077
1414.78,0.141389
860.235,0.0859479
1036.85,0.103677
887.763,0.0886672
1175.11,0.117495
1011.67,0.10115
2148.23,0.214775
1054.47,0.105399
1252.01,0.124891
4511.89,0.450972
1299.01,0.129847
1189.87,0.118843
972.831,0.097273
893.14,0.0892468
761.868,0.0761825
1274.86,0.127038
756.297,0.075624
436.466,0.0436368
721.281,0.0721197
1114.51,0.111329
1437.55,0.143515
756.947,0.0756526
910.88,0.0910406
1121.25,0.112111
946.798,0.0946098
1064.16,0.106004
964.139,0.0963384
736.251,0.0736162
1044,0.104358
1477.99,0.147571
1194.9,0.119482
1162.89,0.116276
1022.12,0.101835
1777.32,0.176312
1790.91,0.178905
990.552,0.0990378
2124.57,0.212351
3073.68,0.307146
1093.83,0.109336
10930.3,1.08996
551.75,0.0551133
885.242,0.0884611
1501,0.15009
2136.2,0.213591
4492.09,0.448731
1741.38,0.174085
1164.32,0.115938
1965.11,0.196486
653.686,0.0653597
1430.96,0.143055
1050.06,0.104649
1036.34,0.103271
987.216,0.0986983
1948.61,0.194784
1053.2,0.105142
1293.65,0.129358
1461.04,0.146097
2342.97,0.233578
836.003,0.0834226
1343.43,0.134319
685.777,0.0685654
1135.37,0.113536
2519.51,0.251772
2276.47,0.226943
1278.02,0.127786
2178.62,0.217846
763.718,0.0763141
2495.45,0.249499
843.775,0.0843684
1451.51,0.143005
1004.07,0.100347
1384.33,0.138365
980.141,0.0975784
1896.54,0.189561
883.465,0.0883002
3905.57,0.389338
1399.28,0.13937
851.442,0.0851417
1906.99,0.190655
967.081,0.0966972
1521.91,0.151559
1151.89,0.115092
1203.77,0.120354
1667.91,0.16658
843.735,0.0843459
1459.72,0.145959
991.84,0.0991557
626.466,0.0626393
854.323,0.0854285
1776.99,0.177629
1215.59,0.121433
2468.09,0.246578
729.495,0.0729472
10240,1.02252
1752.98,0.175154
954.117,0.0953928
1269.14,0.126878
1587.36,0.1587
1203.68,0.120345
1367.74,0.136672
2137.96,0.213767
799.149,0.0798916
1401.93,0.140087
1189.39,0.118933
645.785,0.0645582
945.372,0.0944351
898.396,0.0862921
753.181,0.0753085
777.971,0.0777666
882.225,0.0882152
1034.04,0.103347
869.067,0.0868819
969.88,0.0964567
738.443,0.0698296
784.076,0.0784044
918.69,0.0918332
1291.29,0.129056
947.591,0.0947457
1615.28,0.161383
1684.69,0.168267
1471.52,0.146067
2194.54,0.219398
654.954,0.0654894
751.724,0.0751341
1055.08,0.105381
885.777,0.0885738
2019.71,0.199417
1425.17,0.142486
798.04,0.0797522
2381.68,0.237978
952.088,0.095155
891.837,0.0891658
815.805,0.081537
1194.45,0.119431
3023.92,0.302298
1955.29,0.195514
1168.51,0.116514
1295.86,0.129492
1760.32,0.175983
874.34,0.0870215
2079.75,0.207766
1149.87,0.114968
1840.33,0.183973
889.31,0.0888878
1037.48,0.103704
2128.32,0.212789
1544.82,0.154472
3174.43,0.317088
1592.63,0.15918
3812.15,0.38095
1961.73,0.196158
842.383,0.0842327
3368.62,0.335537
1140.86,0.114049
2211.12,0.221088
1083.85,0.108015
690.075,0.0689356
1617.72,0.16107
630.25,0.0629575
1179.71,0.117924
2260.91,0.225961
1125.78,0.10893
981.538,0.0981326
1136.44,0.113552
9090.65,0.908748
1226.32,0.122501
1128.67,0.112834
725.393,0.0725236
545.88,0.0545445
897.214,0.0896458
1105.24,0.110484
1183.43,0.118318
842.875,0.0841566
1083.17,0.10826
5682.54,0.567063
1181.2,0.118092
716.961,0.0715921
1556.56,0.155607
1344.81,0.134447
1534.65,0.153454
1931.13,0.192703
2179.46,0.217729
960.213,0.096002
2517.17,0.251603
1664.64,0.166422
535.636,0.053562
947.946,0.094724
594.527,0.0594452
1345.68,0.134518
1164.93,0.116369
1924.93,0.192104
1024.17,0.102389
1875.17,0.18745
1932.22,0.19226
510.39,0.0510361
3159.54,0.315207
2102.36,0.210112
575.482,0.0573397
1346.52,0.134611
866.743,0.086666
1530.45,0.153013
1796.4,0.179512
1479.05,0.146115
639.687,0.0633385
933.777,0.0933631
876.457,0.0876146
2919.36,0.291845
1000.36,0.100028
4186.21,0.412353
885.085,0.0885012
1168.95,0.116739
655.952,0.0655705
1340.89,0.134073
1658.89,0.165449
1270.44,0.127025
1448.51,0.144836
1186.49,0.118633
951.325,0.0951258
6566.65,0.655583
5684.99,0.568276
1537.31,0.153714
1111.75,0.1111
1185.95,0.118446
1385.96,0.138536
1871.76,0.187118
798.327,0.0798291
474.002,0.0473333
895.078,0.089331
1188.31,0.118811
1242.08,0.123986
974.163,0.0973951
1740.5,0.16787
475.064,0.0473442
1069.43,0.106931
2431.35,0.242785
1594.79,0.159459
709.303,0.0709224
868.606,0.086762
1083.58,0.108337
1560.69,0.156062
1138.06,0.113594
8541.7,0.853265
949.251,0.0949226
1115.81,0.111578
2563.05,0.256199
2657.32,0.265386
893.564,0.0893232
1004.11,0.100387
918.543,0.0917988
2972.59,0.296453
975.12,0.0974637
853.43,0.0852154
1049.05,0.104874
8600.98,0.858841
981.384,0.0981365
805.649,0.0805317
2187.95,0.218136
795.203,0.0792176
810.534,0.0810434
1587.13,0.158702
9051.62,0.903542
786.787,0.0786548
1223.38,0.122196
903.187,0.0902341
1059.19,0.105895
2450.54,0.244961
731.916,0.0731549
552.454,0.0552097
1806.4,0.180556
1225.85,0.122581
678.342,0.0678262
873.939,0.0873053
749.038,0.0748892
828.65,0.0828536
1096.66,0.109656
4117.54,0.410987
2037.87,0.203664
825.252,0.0824915
1051.31,0.105059
803.008,0.0802798
1268.61,0.126801
570.047,0.0569617
1665.65,0.166197
2018.28,0.201641
1608.35,0.160611
1106.77,0.110607
1007,0.100541
3300.89,0.329863
519.954,0.0493841
1454.69,0.145453
1797.88,0.17963
961.365,0.0960971
907.957,0.0907776
1992.18,0.199173
871.543,0.0871448
1110.87,0.111033
2290.6,0.22881
1575.18,0.15751
807.922,0.0807638
2386.41,0.23681
873.518,0.0870435
2523.28,0.252145
2638.02,0.263719
1335.8,0.133358
1854.07,0.185391
1043.15,0.104308
2034.28,0.20335
788.159,0.0787979
1862.66,0.186243
2020.64,0.201994
2162.95,0.216244
11177.8,1.11704
4227.18,0.422203
1293.02,0.129219
1360.06,0.135656
2286.92,0.228511
7366.29,0.736071
844.505,0.0836162
976.578,0.0976454
1266.38,0.126629
686.694,0.0686088
940.777,0.0939976
3040.83,0.303887
1529.62,0.152928
985.193,0.0967104
2275.22,0.227497
1340.52,0.133982
1853.73,0.185348
1474.62,0.147294
674.251,0.0673528
629.296,0.0628948
1609.1,0.160756
1459.74,0.145949
3723.09,0.372029
1480.21,0.147914
1462.51,0.145884
886.316,0.0885706
696.35,0.0695251
473.77,0.0473432
1504.48,0.150409
1273.27,0.127173
1829.9,0.182983
662.904,0.0662879
1791.34,0.179008
1536.64,0.153622
4698.54,0.46956
1596.4,0.159197
4552.84,0.432304
2730.78,0.272977
1922.41,0.192109
1039.41,0.10392
792.025,0.0791547
2152.3,0.215152
1355.63,0.135421
1545.87,0.154552
1294.94,0.129445
1113.8,0.111361
1179.05,0.117839
1027.33,0.102693
1272.33,0.127209
1300.27,0.129953
4256.98,0.424926
1712.27,0.171165
865.567,0.086472
1205.76,0.120561
1344.79,0.13409
7083.64,0.707878
984.955,0.0984836
1327.57,0.132632
1657.54,0.165656
1204.18,0.120371
1177.91,0.117769
697.031,0.0696913
1287.26,0.128705
1224.83,0.122365
2817.21,0.281588
3804.98,0.380338
1626.95,0.162685
2256.3,0.225582
581.145,0.058105
984.473,0.0984082
729.996,0.0728978
1040.08,0.103984
585.672,0.0585641
4916.66,0.490976
7804.21,0.778426
3253.55,0.325304
607.336,0.0606841
1491.62,0.148927
1191.87,0.119171
1697.02,0.168187
1004.84,0.100344
2686.62,0.26855
2972.11,0.296998
896.238,0.0896041
1032.17,0.103154
1248.97,0.124821
1126.66,0.112565
2056.83,0.203957
1930.26,0.192898
1135.01,0.113482
817.532,0.0816565
537.418,0.053652
1271.84,0.127128
2548.39,0.254748
4199.16,0.41932
1015.22,0.101403
1398.52,0.139814
1166.02,0.116596
2297.11,0.229615
887.689,0.0887112
508.236,0.0508165
915.696,0.091568
980.647,0.0980592
1846.55,0.184279
937.251,0.0936885
504.674,0.0504364
672.497,0.0671891
1005.7,0.100518
1192.51,0.118534
814.2,0.0813995
1084.36,0.108358
811.345,0.0809691
866.918,0.0866646
789.473,0.0789188
640.781,0.0640766
2397.79,0.239642
1194.43,0.119429
1672.19,0.166852
816.119,0.0815719
3505.55,0.350166
1313.11,0.131258
897.638,0.0897502
673.373,0.0673191
1421.5,0.141845
802.923,0.0802858
831.235,0.0830905
1023.17,0.102093
1860.18,0.185967
1814.06,0.181321
957.453,0.0957348
1070.77,0.0972892
9565.44,0.955843
1224.32,0.122386
1100.88,0.11003
3312.06,0.326364
2414.48,0.240114
1182.19,0.118205
2287.94,0.228576
1183.76,0.118368
852.522,0.0847403
845.57,0.0845369
1192.23,0.119201
2551.96,0.254876
515.876,0.0515723
1005.06,0.100439
1160.09,0.115994
1562.61,0.149354
610.34,0.0610321
518.271,0.0517676
1476.19,0.14759
2467.88,0.246734
2147.4,0.214604
1578.43,0.157808
3254.7,0.325254
898.72,0.0898389
1315.97,0.131587
1199.79,0.119971
770.318,0.0764143
1185.4,0.118534
1713.29,0.171298
1428.18,0.142762
1199.12,0.119852
1055.41,0.105501
2833.64,0.282838
1557.64,0.155735
1431.05,0.14299
1842.91,0.184251
705.591,0.0705531
3170.42,0.316882
2035.18,0.203496
4781.84,0.477488
1107.04,0.11066
878.895,0.087881
1215.1,0.121397
2059.33,0.205686
1139.63,0.113872
928.579,0.092084
649.816,0.0649763
2231.74,0.223021
3398.88,0.339628
574.317,0.0574004
1922.64,0.192186
1017.39,0.101683
1835.05,0.182962
929.682,0.0929231
892.757,0.0892272
1476.73,0.147566
1054.54,0.105389
997.423,0.0996844
2608.25,0.260637
664.462,0.0664409
11143,1.11022
1518.34,0.151801
1116.36,0.111455
1175.61,0.117515
747.654,0.0747623
935.702,0.0934991
1321.53,0.132144
943.193,0.0943124
2718.84,0.271529
738.269,0.0738161
1824.72,0.18244
884.122,0.0882512
1348.2,0.134811
948.628,0.0942729
1049.76,0.104964
1153.78,0.115353
901.05,0.0901011
1323.18,0.132315
762.674,0.0762594
1283.08,0.128264
673.864,0.067378
2331.71,0.233118
926.436,0.0926314
648.286,0.064762
1005.81,0.100564
1559.02,0.155887
816.076,0.0814782
1034.79,0.103328
993.294,0.0992982
1391.44,0.139095
781.37,0.0780875
594.44,0.0594157
2436.04,0.243475
1281.71,0.128141
1466,0.146505
814.82,0.0813552
585.119,0.058506
1388.79,0.138493
5968.1,6.5219
2592.41,0.259073
1650.55,0.165022
1454.82,0.145429
1212.91,0.121232
2207.98,0.22075
2651.7,0.265045
6833.21,0.682316
1391.85,0.138364
1644.12,0.164203
904.822,0.0904664
1620.71,0.162049
943.71,0.094288
1437.75,0.143748
1091.81,0.109151
2869.76,0.286754
1234.83,0.122541
826.104,0.0825857
819.316,0.0818862
950.401,0.0950221
1421.02,0.141919
1408.75,0.140819
1152.83,0.115244
1219.38,0.121428
694.228,0.0693856
7189.17,0.718572
3581.49,0.358063
1646.31,0.16444
1613.62,0.161196
3570.08,0.356385
1158.94,0.115879
1032.74,0.103224
2269.68,0.225762
963.418,0.0961868
3189.02,0.318561
1435.43,0.143428
2245.54,0.224391
2121.24,0.211919
902.661,0.0900394
693.429,0.0692911
9433.14,0.942435
1065.71,0.106568
605.394,0.0604925
1529.19,0.152885
3613.68,0.361016
745.633,0.0744999
1245.01,0.124452
1382.66,0.137995
9789.01,0.97588
2070.73,0.207011
1118.52,0.111832
1008.22,0.100737
1128.9,0.112875
817.599,0.0817516
1366.79,0.13665
1120.29,0.111947
1671.68,0.166536
2354.91,0.235339
2855.41,0.285121
1798.8,0.178872
996.256,0.0995765
683.663,0.0683629
906.478,0.0906399
1941.65,0.193998
1069.18,0.106904
1091.57,0.109049
3195.96,0.319096
981.508,0.098079
1024.91,0.10225
1360.58,0.135813
1413.9,0.141264
1772.67,0.177247
897.247,0.0896662
1062.24,0.106206
1180.99,0.118069
1151.69,0.114934
1240.7,0.123965
1193.26,0.119291
1048.35,0.103188
1278.33,0.127794
1472.96,0.147204
706.306,0.0706016
1704.35,0.170206
2142.69,0.21404
2087.93,0.208669
1554.72,0.154355
25685.1,2.5645
1180.71,0.11799
783.124,0.0782819
1459.25,0.144477
2034.17,0.20324
2004.53,0.200415
1020.83,0.101957
1888.76,0.18886
1262.61,0.126078
778.525,0.0778065
1208.78,0.118026
5921.89,0.590722
953.449,0.0953437
860.223,0.0859814
981.901,0.0981824
966.803,0.0965461
881.214,0.0881011
802.907,0.0802675
1092.57,0.109155
1206.11,0.120546
1347.52,0.132884
1517.24,0.151697
1466.38,0.146534
1050.5,0.104954
712.843,0.0710253
2738.39,0.273782
3232.53,0.883844
2367.27,0.236266
908.005,0.0907596
2057.85,0.205411
4973.59,0.496858
2356.99,0.235311
1127.25,0.112276
2954.34,0.295273
1892.99,0.189118
1921.44,0.191838
1459.45,0.14559
871.898,0.0871849
884.217,0.0876563
771.279,0.0771068
2839.53,0.283473
1404.5,0.140429
1295.64,0.129559
3260.6,0.325742
1295.63,0.12907
1150.68,0.115017
1411.75,0.140981
1317.69,0.131718
901.264,0.0901128
1162.32,0.116121
953.766,0.0953066
2404.4,0.240361
1121.73,0.112128
1742.92,0.17422
9683.69,0.967653
1147.71,0.114726
7018.01,0.701577
2141.15,0.214019
2241.07,0.223722
683.744,0.0683708
1001.9,0.0989687
2919.44,0.291909
1657.53,0.165708
1458.56,0.135299
1857.56,0.185641
1267.14,0.126701
2418.31,0.24177
1555.72,0.155565
982.972,0.0982916
914.775,0.091437
812.801,0.08126
1420.35,0.14199
1596.77,0.159373
849.628,0.0849573
1448.04,0.144753
777.67,0.0777447
865.877,0.0865841
1736.63,0.172954
732.263,0.0731873
459.354,0.0459323
725.883,0.0725442
2901.08,0.290044
2260.79,0.225986
5458.42,0.545537
915.622,0.0915354
899.552,0.0899478
1936.93,0.192985
1321.51,0.132137
1235.65,0.123541
1659.94,0.165646
1058.84,0.105829
6312.34,0.628195
914.401,0.0905137
906.036,0.0906005
943.109,0.0943044
1166.77,0.116657
625.058,0.0623804
869.996,0.0868803
1199.44,0.119919
1123.78,0.11233
848.339,0.0848149
1314.37,0.131139
1060.32,0.105771
1019.39,0.101933
1284.94,0.128325
710.529,0.0710389
1607.42,0.160734
1258.99,0.125858
1563.52,0.156343
1518.61,0.151823
1516.11,0.149711
863.3,0.0862978
2398.55,0.239789
4269.21,0.426746
1282.4,0.128228
941.717,0.0941338
1084.87,0.10835
1174.31,0.117265
1909.44,0.190865
971.836,0.0971785
1474.22,0.145634
1200.49,0.119851
946.611,0.0946549
724.231,0.0724048
806.805,0.0806658
1186.19,0.118612
1559.35,0.155807
3244.96,0.324449
519.662,0.0519391
784.081,0.078386
980.431,0.0980381
605.364,0.0605226
1017.85,0.101774
1816.96,0.181677
958.777,0.0958293
1646.66,0.163535
1186.07,0.11858
1943.96,0.1943
1259.2,0.125915
1018.32,0.101824
1245.09,0.124487
1125.36,0.110934
1743.78,0.174326
836.911,0.0836622
859.162,0.0858063
1124.13,0.112373
1228.28,0.122729
2262.88,0.225978
884.077,0.0883623
857.79,0.0857495
821.148,0.0821106
657.467,0.0656596
3867.57,0.386495
1017.38,0.101557
1822.85,0.182075
2146.88,0.214671
1242.91,0.124282
1417.74,0.141672
883.079,0.0882597
1059.16,0.10588
988.817,0.0988313
2456.21,0.245494
597.787,0.0597744
1292.07,0.128833
799.82,0.0799537
2277.05,0.227628
1226.42,0.122542
1045.2,0.104483
2332.29,0.232805
1200.71,0.120047
6525.89,0.651611
3252.85,0.324753
1104.25,0.110421
1770.16,0.177008
1125.37,0.11236
2136.05,0.213514
1918.25,0.191779
2607.04,0.260615
1582.42,0.158232
965.591,0.0965388
790.185,0.0790139
11489.6,3.18985
917.32,0.0917232
844.142,0.0842666
1892.88,0.189211
2376.07,0.237304
1455.21,0.14541
1648.41,0.164462
579.066,0.0579026
26206.7,2.59755
2308.6,0.230795
4203.56,0.419754
1152.82,0.115129
2922.59,0.291338
1015.06,0.101456
1278.12,0.127792
1169.1,0.116167
756.163,0.0756152
1744.43,0.174332
973.041,0.0972805
902.01,0.0901929
565.054,0.0564974
848.949,0.0848788
1277.01,0.127685
980.386,0.0980114
1604.96,0.16046
1242.56,0.124224
1106.64,0.110595
1601,0.15983
716.828,0.0716514
1372.29,0.137218
2494.42,0.249221
2800.1,0.279904
1078.96,0.10783
2123.23,0.212045
1685.66,0.168414
1915.11,0.191258
1498.27,0.149741
767.411,0.0767301
1240.93,0.124058
1426.95,0.142658
662.946,0.0662867
1196.8,0.119644
880.613,0.0880391
1208.03,0.120791
1089.8,0.108793
6572.6,0.65649
1645.27,0.164325
754.547,0.0754518
1419.86,0.141833
1483.55,0.148322
2054.56,0.205355
1187.75,0.118765
6849.93,0.683984
1432.53,0.143194
827.774,0.0827701
1134.22,0.113177
2052.25,0.200361
1031.16,0.103021
1060.14,0.105998
1845.28,0.184503
2040.33,0.203975
1413.24,0.14093
1700.65,0.170005
1926.5,0.19257
4367.43,0.435603
1359.29,0.135889
1285.77,0.128528
4114.13,0.410083
1970.99,0.196958
517.195,0.0517103
1163.65,0.116211
1215.33,0.121461
997.423,0.099225
1198.28,0.119817
1314.19,0.131047
2582.16,0.257977
771.841,0.0771533
3023.8,0.302099
1283.22,0.128291
2292.04,0.228975
1045.39,0.104523
811.147,0.0810893
1070.69,0.106027
1046.15,0.104551
904.549,0.0904501
1966.86,0.196651
1032.51,0.10323
913.872,0.0913797
2298.18,0.229736
6316.23,0.631103
2741.28,0.273917
1511.74,0.151147
921.926,0.0920137
817.338,0.0817081
2689.13,0.26882
9817.56,0.979255
1367.47,0.13672
1460.29,0.145924
911.89,0.0910583
880.449,0.0880306
1096.89,0.109681
2696.71,0.269432
1158.32,0.115822
6138.68,0.613633
1050.48,0.10504
2048.23,0.204691
1624.74,0.162408
1603.35,0.160251
934.917,0.0934693
671.684,0.0671554
657.897,0.0657865
819.241,0.0819172
5523.53,0.551319
1665.89,0.166401
1735.4,0.173491
1240.99,0.124059
782.842,0.0782642
3916.63,0.391303
903.797,0.090377
949.761,0.0948738
1366.48,0.136634
1363.54,0.136313
1399.77,0.13992
13884.1,1.3856
3266.33,0.326247
993.436,0.0990979
1953.54,0.195235
967.851,0.0962211
1931.15,0.192601
810.062,0.0809983
575.961,0.0574516
567.378,0.0566494
1156.74,0.115666
2230.18,0.222827
812.745,0.0812713
1800.11,0.179962
2478.23,0.247755
660.081,0.0660036
516.84,0.0516562
925.803,0.0925425
1420.28,0.141996
1440.55,0.144036
2830.83,0.32547
1143.75,0.114357
788.986,0.0788681
1037.25,0.103707
771.463,0.0769913
1397.69,0.13973
2042.1,0.204172
1957.05,0.195496
933.014,0.0932124
2255.87,0.225378
1362.67,0.13433
625.533,0.0625495
1529.68,0.152952
1019.37,0.101914
780.174,0.0780108
519.064,0.0519059
1332.11,0.133194
1026.59,0.102552
1276.71,0.127648
2868.92,0.286674
1413.76,0.141199
852.637,0.0852486
1091.2,0.109055
823.786,0.0823127
1450,0.144952
878.352,0.0877972
763.827,0.0763681
954.726,0.0954675
714.754,0.0713882
830.762,0.0830582
892.343,0.0891804
1066.71,0.105818
1737.84,0.173566
1894.31,0.189403
1217.07,0.121693
1786.19,0.178569
1068,0.106794
1443.12,0.144299
1567.96,0.156725
1071.86,0.10717
942.665,0.0942363
1418.52,0.141791
676.758,0.0673793
1700.57,0.170008
1212.32,0.121208
487.095,0.0486663
2070.1,0.206969
2671.8,0.266938
2322.61,0.231712
860.554,0.0860523
774.18,0.0774159
1260.03,0.125982
946.986,0.094447
2119.44,0.211637
1653.95,0.165377
1757.21,0.175615
809.773,0.0809726
986.011,0.0985839
1435.27,0.143444
644.769,0.0644424
2010.62,0.200979
930.729,0.093018
1623.39,0.162274
1189.65,0.118934
1671.46,0.166852
1326.92,0.132683
901.872,0.0901762
1201.91,0.11996
1823.5,0.182161
1209.97,0.120883
985.134,0.0984513
691.035,0.0690925
1299.43,0.129927
1232.52,0.123044
1288.6,0.128838
2964.38,0.296285
2298.53,0.229724
709.643,0.0709584
701.448,0.0701054
1129.4,0.112906
2654.05,0.264559
810.119,0.0810003
1443.2,0.144303
1217.36,0.121718
2868.2,0.28666
1231.51,0.123116
944.258,0.0942902
738.174,0.0738079
2603.78,0.26018
778.089,0.077794
795.764,0.0795495
1145.88,0.114551
1254.52,0.125394
1265.01,0.126489
2145.21,0.214428
1435.78,0.143526
762.214,0.0760417
989.854,0.0989692
1009.96,0.100991
928.242,0.0928013
1089.71,0.108962
1315.6,0.131526
2027.61,0.202715
505.248,0.0504938
10777.1,1.07641
2464.24,0.246406
1876.47,0.187434
1253.37,0.124338
2747.53,0.274128
1016.77,0.101597
2531.98,0.253157
3111.82,0.311037
1590.58,0.159038
903.212,0.0903002
3554.55,0.354164
825.859,0.0825751
12799,1.2785
1098.16,0.109805
2708.69,0.270287
1530.26,0.152876
1507.78,0.15068
2562.87,0.256237
722.827,0.0722711
1177.78,0.11087
932.94,0.0932402
1522.24,0.151921
1221.59,0.122137
974.129,0.0974002
2342.33,0.234161
1169.62,0.116918
1732.99,0.173158
790.439,0.0790229
774.848,0.0773989
1145.17,0.114402
1268.71,0.126832
1024.88,0.102309
789.062,0.0788432
2660.87,0.265783
2379.33,0.23783
1585.36,0.158485
1069.78,0.106955
574.561,0.057454
1903.69,0.190304
1431.35,0.143071
1809.54,0.180886
8572.94,0.856713
698.869,0.0698783
1547.35,0.154633
669.902,0.0669421
1075.75,0.107554
1406.72,0.140661
2173.44,0.217213
950.227,0.0949697
1086.4,0.10859
3521.52,0.351705
725.956,0.0725891
1047.74,0.104753
1072.59,0.107238
886.432,0.0886041
1255.13,0.125301
1020.76,0.102071
8030.68,0.802054
829.755,0.0829698
1229.82,0.12293
873.565,0.0873002
1263.82,0.126346
1741.88,0.174106
846.186,0.0845656
1159.28,0.115744
3186.32,0.318396
994.691,0.0994543
980.086,0.098003
692.646,0.0692058
1105.17,0.110497
1947.82,0.194715
2817.15,0.281703
1942.63,0.194027
1054.41,0.105431
959.723,0.095898
922.516,0.0922481
1961.63,0.196072
1402.47,0.140145
3319.92,0.329959
997.774,0.0997423
855.591,0.0855494
791.14,0.0791056
689.985,0.0688686
1521.42,0.152089
1168.05,0.116691
600.495,0.0600482
702.674,0.0702203
532.499,0.0532318
3047.61,0.303118
1496.8,0.149598
1424.45,0.142352
931.479,0.0931034
1450.38,0.145006
1024.48,0.101026
1258.33,0.125763
1250.95,0.124991
1754.91,0.17547
1397.89,0.139781
964.531,0.0963816
1056.58,0.105547
981.584,0.0981452
626.567,0.0626338
679.192,0.0679069
1054.18,0.105405
10770.7,1.07127
1204.24,0.120408
1709.02,0.170869
974.168,0.0973847
964.485,0.0964367
1266.63,0.126537
1933.99,0.193381
1408.13,0.140804
1518.01,0.151783
950.217,0.0950088
873.777,0.0873667
6296.53,0.626638
2021.97,0.202119
1804.05,0.180297
1784.47,0.177992
851.943,0.0851338
10008.5,0.998789
1097.28,0.109543
2922.02,0.291934
1012.04,0.101167
1575.42,0.15747
1383.95,0.138213
1096.53,0.108443
1888.87,0.188833
1110.18,0.110902
674.513,0.0674472
597.513,0.0597469
1862.34,0.185906
1023.85,0.102304
1527.57,0.152726
1952.79,0.189514
1212.66,0.121239
991.85,0.0991347
1215.62,0.121485
626.738,0.0626594
1371.13,0.136854
831.596,0.0831544
1862.86,0.186082
3996.03,0.398995
1232.14,0.123194
1051.88,0.105144
955.881,0.0955087
1169.81,0.116886
2515.19,0.25127
1256.93,0.125563
1491.22,0.149084
1505.85,0.150517
1007.65,0.100755
933.291,0.0933169
1137.77,0.113733
1074.52,0.107443
3046.44,0.304614
1073.79,0.107377
1193.17,0.119313
932.474,0.0932028
22860.4,2.27369
2513.3,0.250853
1590,0.158877
3537.44,0.353003
2025.28,0.2023
1654.96,0.165301
3021.18,0.302068
944.636,0.0944597
1482.23,0.148167
2759.16,0.275797
1586.36,0.1586
3329.14,0.332712
1943.06,0.194172
2210.27,0.220796
566.307,0.0566283
1177.56,0.117674
1390.7,0.139041
2564.92,0.256259
1303.96,0.12992
3524.76,0.352333
1183.54,0.118349
1615.68,0.161445
1069.75,0.106787
887.854,0.0887537
2185.98,0.217805
1103.68,0.11036
709.571,0.0709442
1170.66,0.117036
1289.65,0.12892
1916.35,0.191557
594.395,0.059423
1226.39,0.122476
4585.94,0.458188
616.689,0.0616598
702.179,0.0701781
804.252,0.0803813
1223.87,0.122004
1931.76,0.193128
948.147,0.0947305
1054.1,0.105303
1443.52,0.144254
693.907,0.0692361
971.974,0.0971891
540.644,0.0540327
929.179,0.0928735
863.142,0.0862836
2295.35,0.222662
1296.12,0.128073
1552.35,0.155182
782.157,0.0782129
633.207,0.0633101
1009.44,0.10027
1542.2,0.154119
739.075,0.0738985
1441.81,0.144039
1003.94,0.100147
1258.91,0.125778
1758.3,0.175164
2437.08,0.243669
1129.4,0.112915
2069.14,0.206849
1059.61,0.107508
1887.17,0.188664
647.968,0.0647646
1163.3,0.0932051
803.721,0.0803587
861.751,0.0861198
767.91,0.0767376
1822.35,0.182214
3322.72,0.331159
710.372,0.0710115
2072.37,0.206958
1433.26,0.143279
1345.43,0.134407
1154.34,0.115397
1240.64,0.122465
731.653,0.073078
943.297,0.0943157
886.901,0.0886485
9604.57,0.957896
3637.17,0.363407
1492.29,0.148916
815.848,0.0815026
853.323,0.0853193
1352.47,0.135119
497.477,0.0497443
1225.36,0.122505
2356.98,0.23565
1280.74,0.128068
1563.05,0.156286
1280.86,0.12801
1710.69,0.170922
455.295,0.0454994
811.855,0.0811749
1537.36,0.153694
1059.15,0.105903
3527.51,0.352669
1029.96,0.102862
1615.14,0.161478
1568.88,0.156734
927.199,0.0927138
623.649,0.0623469
931.987,0.0931778
2013.15,0.200384
713.511,0.0713461
1184.6,0.118047
1078.64,0.107796
1327.44,0.132599
1262.2,0.126143
1496.72,0.149593
743.843,0.0743325
1471.86,0.147182
2625.24,0.26241
1079.6,0.10792
3415.9,0.341281
1745.38,0.174499
1322.49,0.132228
1687.47,0.168441
1875.3,0.18751
2711.78,0.270351
864.463,0.0864269
3879.72,0.387494
2530.36,0.252711
3260.62,0.325849
1837.19,0.183421
1474.1,0.147386
760.015,0.0759957
1712.92,0.171273
1052.62,0.105243
767.382,0.0766882
1518.63,0.151815
752.486,0.0752365
8846.8,0.881053
3185.02,0.318485
1178.93,0.117889
1097.31,0.109677
756.838,0.0756659
1506.38,0.15062
994.478,0.0993878
388.251,0.0388247
1345.47,0.134531
1245.67,0.124526
1284.51,0.128336
904.658,0.0904047
1023.45,0.102334
1215.65,0.121549
772.53,0.0772034
1382.86,0.138003
1052.92,0.105064
700.06,0.0700019
759.335,0.0759183
1391.72,0.138875
7621.36,0.76173
643.646,0.0643507
826.612,0.0824869
1101.75,0.109721
844.147,0.0843866
1031.87,0.102982
1920.14,0.191939
802.339,0.0801694
1062.94,0.10628
1975.76,0.196369
3092.09,0.309144
1750.4,0.175007
1585.76,0.158233
797.757,0.0797698
667.27,0.0666988
1360.3,0.135978
1027.58,0.102128
1432.4,0.143122
1373.99,0.137373
2053.94,0.205357
737.085,0.0736941
941.652,0.0941361
436.254,0.043621
1592.89,0.159253
859.205,0.085893
1508.67,0.142108
2260.98,0.226077
577.58,0.0576947
664.317,0.066428
3183.51,0.317289
1349.46,0.134879
1893.74,0.189335
719.388,0.0719197
496.018,0.0495903
640.029,0.0639802
1165.57,0.116532
1141.53,0.114133
6883.36,0.68761
1785.62,0.178521
2546.49,0.254136
1731.58,0.173119
1484.2,0.148403
974.187,0.0973734
503.203,0.0502693
1093.28,0.109283
4425.33,0.442178
4853.67,0.485129
868.557,0.0868184
1323.76,0.132282
2187.68,0.218692
657.39,0.0655303
2148.92,0.214693
1334.57,0.133262
1159.52,0.115769
1252.5,0.125222
1743.03,0.174212
1329.22,0.132854
1862.45,0.186113
862.205,0.0861767
882.376,0.0882274
1023.57,0.102352
945.766,0.094575
1143.7,0.114325
1353.25,0.135261
928.722,0.0928642
874.863,0.0874774
1489.78,0.148896
1015.04,0.101493
950.164,0.0949237
419.16,0.0419073
3525.97,0.352553
1455.51,0.145525
621.14,0.0621132
969.267,0.0968937
585.542,0.0584761
1333.34,0.133215
1906.82,0.190503
976.159,0.0975985
973.591,0.0973253
1186.09,0.118455
1069.44,0.106779
973.165,0.0972871
1445,0.144377
6750.93,0.674705
726.564,0.072451
672.656,0.0672562
1006.04,0.100397
3219.36,0.319824
1679.33,0.167861
1291.76,0.128925
1402.04,0.140185
1044.76,0.10447
569.632,0.0583877
1529.87,0.152947
1557.12,0.155575
2367.15,0.236678
983.075,0.0982961
1299.36,0.129925
949.006,0.0939841
1478.73,0.147808
1338.95,0.133861
1033.89,0.10337
956.413,0.0956094
1055.29,0.105388
2461.04,0.245974
792.617,0.0792341
8244.42,0.823887
1257.77,0.125616
1197.5,0.119671
2926.48,0.29261
1165.9,0.116292
728.624,0.0728511
812.703,0.0812629
1386.72,0.138663
1051.2,0.105038
551.924,0.0551807
1886.22,0.188443
1092.32,0.109212
1552.98,0.155287
6171.76,0.615856
572.327,0.0572149
1101.15,0.110088
989.753,0.098969
3294.55,0.329152
7102.14,0.70987
1584.99,0.158421
1152.38,0.115218
917.08,0.0912725
1209.28,0.120896
1459.41,0.145875
2748.33,0.27451
836.109,0.0835972
1684.41,0.168331
2265.39,0.225041
764.28,0.0764242
949.292,0.0947261
648.736,0.0648673
814.229,0.081406
1625.3,0.161931
818.294,0.0817747
834.49,0.083265
610.35,0.0609463
3973.37,0.397295
1639.02,0.163601
337.525,0.0337121
631.327,0.0631017
813.071,0.0812095
923.89,0.0922828
853.404,0.0853113
846.484,0.0846413
1291.43,0.128738
816.243,0.0816157
2267.36,0.226706
964.101,0.0963049
2555.63,0.255465
883.616,0.0883506
926.587,0.0926493
791.581,0.0790903
839.151,0.0838628
867.59,0.0867461
3273.61,0.327064
870.999,0.0870614
1018.03,0.10179
987.328,0.098727
1333.8,0.133156
1213.63,0.121284
1434.78,0.143463
1898.9,0.189563
923.24,0.0922944
2178.32,0.217728
2270.01,0.226868
1010.6,0.0998911
1006.24,0.100528
691.439,0.0690943
789.878,0.0789766
1037.15,0.103661
1413.32,0.141289
3040.27,0.303497
3669.53,0.365835
996.208,0.0995832
3237.82,0.319392
793.815,0.0793324
1061.65,0.105934
1495.32,0.149505
1426.44,0.142586
967.791,0.0966918
886.368,0.0885665
1114.58,0.111421
1103.64,0.110351
1608.21,0.160753
842.352,0.0841951
988.268,0.0987996
1422.54,0.142235
1060.07,0.105984
1030.58,0.103005
1065.16,0.106501
1535.39,0.153495
1515.03,0.15131
937.637,0.0936307
2282.77,0.227998
951.348,0.0951295
1179.35,0.117862
1080.64,0.10806
946.424,0.0946158
841.232,0.0841061
1295.43,0.12954
1087.62,0.108677
1294.09,0.129384
492.172,0.0491311
1040.82,0.104062
797.505,0.0797059
938.779,0.0938773
592.892,0.0592411
1740.86,0.173934
1756.57,0.175621
361.153,0.0361079
715.523,0.0715402
1823.72,0.18226
779.818,0.0775365
1115.63,0.11155
3779.26,0.377395
828.906,0.0828773
2865.69,0.286367
1935.31,0.193068
1048.78,0.104874
983.18,0.0982361
1696.28,0.169485
1319.94,0.131807
1438.76,0.143779
1109.63,0.110954
1781.38,0.178082
1070.36,0.107014
2023.61,0.202179
942.891,0.0940477
1640.94,0.164048
1626.45,0.162621
1230.7,0.122983
2903.2,0.290249
2952.82,0.29456
2351.74,0.23514
1331.39,0.133007
1039.53,0.103855
415.617,0.0415527
786.158,0.0785627
1349.38,0.134881
2257.59,0.22466
1107.88,0.110626
2327.97,0.232621
940.08,0.0939558
748.664,0.074862
939.567,0.0939421
945.645,0.0945457
1011.84,0.100954
1063.55,0.106303
1618.9,0.161854
1050.89,0.105066
1904.85,0.190102
676.104,0.0675974
3105.61,0.310444
1080.46,0.107818
1463.66,0.146007
1668.55,0.166794
4243.82,0.423617
695.329,0.0695264
1315.36,0.131512
1002.03,0.100196
1124.72,0.112467
1008.85,0.100877
1220.58,0.122051
681.604,0.0681578
1507.81,0.150694
939.462,0.0939043
2279.84,0.226774
552.856,0.0552786
1594.5,0.159299
907.785,0.0907094
585.447,0.058543
1336.99,0.133664
2226.89,0.222618
8454.05,0.84381
1152.89,0.115282
1749.75,0.174934
1105.69,0.110473
750.045,0.0749563
1763.43,0.176316
2976.08,0.297533
853.669,0.0847027
993.28,0.0993216
7298.38,0.728254
1782.71,0.178214
4351.59,0.43474
1267.39,0.126722
14026.1,1.39965
1562.91,0.156241
2401.08,0.240035
1374.85,0.137481
1585.27,0.158517
561.668,0.0561525
1339.36,0.133917
3161.59,0.316122
588.575,0.0588548
1443.2,0.14425
918.375,0.0918184
876.403,0.0875886
1250.89,0.125054
2619.59,0.261691
3019.36,0.301697
3440.11,0.343924
1129.28,0.112609
818.644,0.0818147
788.112,0.0787919
3648.11,0.338667
5610.69,0.560898
1067.58,0.10666
619.481,0.0619225
1078.41,0.107819
1257.96,0.125707
1029.68,0.102931
1489.59,0.148867
1364.5,0.136417
2598.38,0.259822
1665.48,0.166506
1088.87,0.108729
1073.7,0.107359
1620.7,0.162011
925.268,0.0924207
697.223,0.0696949
890.022,0.0889721
845.407,0.084514
520.986,0.0520872
1999.69,0.199926
1171.05,0.116735
2932.26,0.293187
674.704,0.0674619
718.574,0.0713092
980.284,0.0980248
5904.34,0.590041
1329.17,0.13282
1258.08,0.125755
1449.92,0.144983
3666.32,0.366085
1232.95,0.123252
722.512,0.0722476
1420.78,0.142054
535.61,0.0535553
1018.82,0.101877
2831.38,0.283049
1353.89,0.135374
1984.77,0.19846
1300.31,0.12998
3892.67,0.389025
1502.38,0.150222
1040.4,0.103897
995.548,0.099461
2696.1,0.26952
1088.87,0.108851
1322.31,0.132079
1142.07,0.112111
1029.17,0.102869
7689.93,0.766143
671.098,0.0671038
1131.4,0.113117
1126.43,0.112534
670.874,0.0670535
1854.65,0.18544
1148.67,0.114851
2658.92,0.264539
1227.34,0.121897
1878.74,0.187696
6610.7,0.659902
5457.32,0.541401
2545.59,0.254531
1726.09,0.1726
1056.59,0.105636
1282.17,0.127947
1487.22,0.148438
1210.41,0.121014
1434.8,0.143232
1757.68,0.175514
1441.34,0.143944
4218.86,0.421603
1865.59,0.186534
1279.66,0.12796
1316.63,0.131642
1328.42,0.132823
753.361,0.0752952
1419.9,0.141843
2574.03,0.257259
1778.37,0.177794
892.51,0.0892009
1738.75,0.173847
1077.87,0.107762
943.76,0.0943411
806.65,0.0806561
1102.13,0.110186
868.704,0.0868682
746.105,0.0745004
2569.82,0.25623
1922.92,0.192259
2028.28,0.202447
1192.12,0.119186
1941.97,0.194091
804.067,0.080111
2280.3,0.227944
1287.52,0.128625
2747.61,0.274663
1861.77,0.169724
723.866,0.0723798
2101.69,0.20985
1046.5,0.104486
1212.54,0.108096
642.659,0.0642394
731.945,0.0731927
3172.04,0.317174
1694.65,0.169437
2614.36,0.260743
2970.64,0.296842
1522.99,0.15226
867.404,0.0867333
1091.96,0.109077
1360.84,0.135916
864.185,0.0864156
1256.29,0.125605
1101.52,0.110146
1620.09,0.161997
1144.18,0.114378
935.172,0.0934846
3990.79,0.398986
1315.84,0.130827
1545.05,0.154485
4089.84,0.407721
656.421,0.0656114
1710.84,0.171055
1264.06,0.126404
1546.87,0.154663
3043.96,0.303817
776.048,0.077575
1222.2,0.121921
1709.9,0.170955
1563.41,0.156276
1310.87,0.131072
830.28,0.0830238
1382.61,0.13824
1262.71,0.126169
932.467,0.0932149
1081.75,0.108161
1215.16,0.121488
826.04,0.0825294
1161.96,0.116174
832.216,0.0832185
997.198,0.0993099
631.219,0.0631172
842.62,0.0842507
919.366,0.0916877
1137.78,0.113694
1677.45,0.167243
1312.24,0.13117
1252.34,0.125186
1499.85,0.149745
1464.97,0.146409
950.15,0.0950028
1287.12,0.128605
972.349,0.0972339
1894.07,0.189353
1932.95,0.19124
3875.3,0.387145
1480.03,0.147979
1453.64,0.140533
1695.84,0.169552
2800.51,0.279816
1173.09,0.117002
3126.97,0.312466
2373.92,0.237286
1265,0.126498
1092.38,0.109233
1280.67,0.128004
892.31,0.0892234
1518.97,0.151887
512.302,0.0512069
1687.1,0.168626
991.343,0.0991245
1077.88,0.107781
1422.34,0.142189
4367.65,0.436274
854.966,0.0854837
10741.1,1.07197
1568.93,0.156836
745.236,0.0745093
611.556,0.0611318
2252.67,0.224264
1954.38,0.195362
1020.15,0.101993
1213.64,0.121343
2995.56,0.298454
1624.14,0.159151
1204.48,0.120422
8626.89,0.861245
1264.25,0.126384
1832.88,0.183236
1226.64,0.12263
1634.22,0.163385
1518.94,0.151792
1249.24,0.124898
3961.16,0.395175
1789.67,0.178846
1951.39,0.195072
990.651,0.0990162
984.713,0.0980942
1486.15,0.148498
1007.17,0.100693
11461.3,1.14451
564.34,0.0564115
1730.78,0.173027
19213.8,1.91708
2798.09,0.279251
1021.59,0.102147
1052.36,0.105037
476.682,0.0476163
1593.94,0.159356
990.366,0.0989013
1106.44,0.110505
1036.75,0.103664
1081.11,0.107585
1007.75,0.100486
1330.41,0.132899
945.214,0.0944257
830.946,0.0830503
1104.57,0.11043
1041.7,0.104095
886.315,0.088555
851.93,0.0850355
1127.18,0.112643
1007.79,0.100753
711.209,0.0711085
991.64,0.099141
1590.08,0.158966
1847.78,0.184331
1459.76,0.14593
1717.22,0.171601
712.987,0.0710658
4541.23,0.45391
696.198,0.0696152
1823.9,0.181227
806.642,0.080606
659.45,0.065908
1341.35,0.134122
785.961,0.0785875
4125.05,0.386932
1042.03,0.1041
2318.52,0.231776
2103.16,0.210287
1676.26,0.167567
934.858,0.0934708
2233.69,0.223239
794.331,0.0794085
1049.97,0.104969
1845.34,0.184489
904.558,0.0903704
3497.21,0.349649
7850.02,0.783764
1548.69,0.154839
1871.78,0.186977
1071.12,0.10693
1444.16,0.14441
1945.55,0.194489
3355.29,0.335459
1438.24,0.143764
1424.69,0.142457
1262.98,0.126221
3332.25,0.333059
986.929,0.0986613
1193.8,0.11936
1679.01,0.167865
2216.99,0.221112
901.948,0.0901626
825.777,0.0825279
3232.84,0.322683
2347.39,0.234635
1625.77,0.162468
767.044,0.0766973
11803.7,1.1795
849.92,0.0849665
903.93,0.0903605
1649.89,0.164809
694.37,0.0693954
881.457,0.0881223
1809.13,0.180839
1188.24,0.11881
850.849,0.0849999
1529.11,0.152881
3332.79,0.260017
691.891,0.0691297
1672.73,0.167017
3427.11,0.340619
1326.97,0.132636
14408.3,1.43775
1089.57,0.108916
1331.84,0.133003
2205.43,0.2204
1066.84,0.106534
1646.29,0.164274
991.629,0.0991461
1231.67,0.122802
734.172,0.0733788
1853.41,0.185311
934.177,0.0933292
1214.13,0.119056
954.03,0.0953996
836.381,0.0836305
2112.15,0.21118
890.756,0.0890018
654.933,0.0654913
1874.95,0.187467
1279.02,0.127888
1752.58,0.175117
2091.53,0.208483
828.168,0.082781
1334.5,0.133068
1449.93,0.144947
1948.47,0.194313
637.752,0.0637568
868.224,0.0867992
1118.37,0.11169
1039.19,0.103895
1163.96,0.115334
1111.43,0.111131
1346.16,0.134586
814.854,0.0814807
963.778,0.0963757
1467.01,0.146663
546.602,0.0546375
1143.08,0.114287
973.222,0.0967946
1460.07,0.145977
1643.65,0.164355
2669.03,0.266685
776.73,0.077649
2617.2,0.261247
829.526,0.0829482
7357.75,0.734456
1298.59,0.129566
1936.28,0.193475
834.245,0.0834006
797.926,0.0796828
1113.26,0.111309
1058.98,0.105888
2508.94,0.250379
1013.06,0.10116
599.573,0.0599506
2397.64,0.239662
878.164,0.0877899
2524.12,0.252388
1331.22,0.133095
869.834,0.086962
867.081,0.0865735
431.599,0.0431377
977.009,0.0976914
1034.32,0.10341
2001.81,0.200069
2190.43,0.218936
1983.54,0.198034
2635.32,0.263356
1375.23,0.13749
938.775,0.0938041
1025.88,0.102496
1382.91,0.138218
1115.29,0.111515
852.862,0.0809251
8645.6,3.29689
831.214,0.0830971
2421.51,0.242035
890.976,0.0888898
920.528,0.0920477
2396.46,0.23953
1812.89,0.180928
712.564,0.0711877
1392.51,0.139158
1016.6,0.101627
1444.82,0.144439
1173.67,0.117308
815.576,0.0815532
1024.39,0.102336
800.913,0.0799833
1838.6,0.183499
1043.58,0.104349
1932.69,0.193218
1891.07,0.188875
1425.46,0.142536
1562.89,0.156151
1201.69,0.120145
1143.11,0.114255
681.319,0.0681026
1195.68,0.119478
909.657,0.0909321
6433.53,0.642934
1143.76,0.114358
4066.89,0.406515
1802.44,0.180209
1891.71,0.188737
21492.5,2.14502
1997.51,0.199555
960.956,0.096092
1823.64,0.18229
2232.66,0.223223
1279.62,0.127911
1006.33,0.100504
813.637,0.0810819
2220.63,0.221454
959.786,0.0959648
1854.41,0.18539
2035.37,0.203445
1111.7,0.110972
1020.3,0.101953
1382.7,0.138242
1183.31,0.11827
1546.6,0.154603
1026.4,0.10262
2030.34,0.202952
2251.32,0.224843
1121.11,0.111641
2622.61,0.261915
606.862,0.0606746
847.779,0.0845155
803.72,0.0803451
4211.07,5.55175
1017.33,0.1017
1249.6,0.124943
985.963,0.0985832
1758.22,0.175142
1227.47,0.122626
3542.23,0.35414
3201.61,0.320037
1662.41,0.16575
3246.75,0.324514
2105.37,0.210194
1512.98,0.151257
749.499,0.0749214
786.041,0.0785615
1516.62,0.151618
1275.67,0.127543
804.475,0.0804277
1201.55,0.120077
2042.8,0.204253
1107.39,0.110713
771.938,0.0771898
1413.45,0.141329
1843.51,0.184177
650.302,0.0650256
780.619,0.0779702
2162.01,0.215984
1159.72,0.115963
1393.17,0.139315
616.042,0.0615579
847.929,0.0846954
809.571,0.0809146
11977.9,1.19365
1789.42,0.178879
2742.02,0.274128
1639.58,0.163832
593.437,0.0593298
3081.98,0.307984
1454.42,0.145423
937.693,0.0937374
1415.32,0.141467
2209.98,0.220693
2705.74,0.270267
1834.15,0.183382
1337.44,0.133683
1154.31,0.115381
799.842,0.0796375
914.381,0.0913376
542.943,0.0542924
1600.81,0.160065
1282.29,0.128218
2293.61,0.229132
1866.39,0.186611
1676.79,0.167645
1002.23,0.100164
783.631,0.0783577
1985.87,0.198462
660.438,0.0660388
1459.21,0.145851
886.134,0.0882701
1221.01,0.121871
1314.63,0.131313
1727.16,0.17247
2493.17,0.248961
1320.08,0.131931
2350.89,0.234993
1436.69,0.143617
3506.3,0.35028
1696.69,0.169606
2016.55,0.201107
1081.42,0.108121
876.491,0.0875818
851.357,0.0850211
2786.02,0.278304
877.085,0.0876766
1044.21,0.103862
1919.31,0.19183
827.295,0.0827238
1035.05,0.10344
711.6,0.0710588
875.869,0.0875604
1738,0.173706
1107.56,0.110702
1782.44,0.178067
974.696,0.0974396
1096.2,0.109606
936.224,0.0935223
1846.2,0.184489
3362.33,0.336012
2285.22,0.228444
1102.69,0.110245
797.724,0.0797251
7212.18,0.720788
1267.35,0.126645
1784.95,0.178484
970.172,0.0953534
1584.91,0.158397
734.324,0.0733965
568.496,0.056839
1051.39,0.105106
865.859,0.0865734
3432.85,0.343213
1383.8,0.138317
1074.42,0.107127
905.578,0.0903824
13403.3,1.33885
932.231,0.0932088
1019.69,0.101948
979.821,0.097972
2110.69,0.210884
591.551,0.059154
2122.75,0.212172
2158.38,0.215749
7483.6,4.148
909.446,0.0908941
2009,0.200841
696.509,0.0696094
617.53,0.0617415
1267.73,0.126763
864.505,0.0864443
2041.49,0.203475
2435.51,0.195531
1904.92,0.190447
3251.44,0.324562
875.231,0.0873894
13080.1,1.3059
962.643,0.0962298
822.75,0.0821987
1380.84,0.137986
1579.21,0.157877
1522.15,0.152184
1685.61,0.16848
1496.8,0.149456
883.266,0.0883131
1863.43,0.186302
695.477,0.069507
1842.75,0.184
1480.45,0.147998
562.587,0.0562025
1312.26,0.13121
738.367,0.0738118
2506.55,0.250621
983.043,0.0983004
1269.87,0.126386
907.219,0.0907102
2394.02,0.239341
1110.24,0.110499
1201.15,0.120052
727.874,0.0727455
9749.67,0.973733
768.797,0.0768595
1296.26,0.129444
3181.88,0.3177
1066.4,0.106613
963.483,0.0961875
557.255,0.0557169
1071.49,0.107107
1464.85,0.146457
967.413,0.096734
1176.49,0.117594
1156.39,0.115628
640.8,0.064035
1020.05,0.102003
882.683,0.0852343
5927.71,0.592267
794.978,0.0794943
1780.82,0.177725
1584.64,0.158166
803.182,0.080309
1110.14,0.111009
1357.77,0.13544
2223.31,0.222041
2323.46,0.232223
1115.77,0.111551
2052.72,0.205176
2053.74,0.20531
1727.6,0.1726
1219.31,0.121854
1403.11,0.140277
3637.34,0.363664
792.273,0.0725466
1031.2,0.103047
2292.88,0.22912
1580.7,0.15804
727.572,0.0727433
1979.19,0.197882
1509.64,0.150811
808.785,0.0808438
1067.61,0.106753
743.578,0.07435
712.463,0.0712398
820.185,0.0819803
885.733,0.0885419
794.293,0.0793997
1043.87,0.104329
2648.45,0.264603
1949.65,0.194929
985.187,0.098484
606.742,0.0603697
883.882,0.0883844
1011.83,0.101159
1116.22,0.111523
872.713,0.0872678
1030.4,0.103002
1929.13,0.192894
2800.82,0.279083
945.414,0.0945337
1420.78,0.141983
890.633,0.0890434
2055.11,0.20462
706.319,0.0706278
1588.68,0.158863
1128.8,0.102659
1574.76,0.15745
18165.2,1.80655
1955.34,0.195429
934.294,0.0934139
10950.8,1.08973
1937.7,0.193556
1138.14,0.113623
1297.76,0.129743
1274.22,0.127409
1321.3,0.132005
1379.49,0.137862
894.055,0.089215
1232.78,0.123147
2153.05,0.215291
1173.62,0.117358
906.045,0.0905873
956.949,0.0956508
1965.96,0.196519
1201.15,0.120091
1490.9,0.149077
1513.9,0.151239
2527.83,0.25265
887.057,0.0879845
1035.87,0.103557
2173.89,0.217191
1184.98,0.118224
3367.04,0.336358
1004.35,0.100412
1563.19,0.1563
1691.68,0.168863
1301.19,0.130064
1419.79,0.14195
861.684,0.0861565
663.745,0.0663709
6463.74,0.646047
1074.19,0.107414
2047.28,0.204651
882.118,0.088203
561.969,0.0561878
854.571,0.0854144
1286.58,0.128461
1778.36,0.177462
965.336,0.0965225
2168.47,5.28156
1438.68,0.143858
2801.32,0.280095
1353.31,0.135309
1232.5,0.123241
3245.3,0.324447
577.695,0.0577614
744.343,0.0743147
599.808,0.0592341
1262.61,0.126209
881.549,0.0881403
911.152,0.091112
957.066,0.0956906
1158.18,0.115777
858.58,0.0856782
7129.39,0.708556
1061.82,0.106039
7107.16,0.709457
1399.76,0.139935
1377.35,0.137702
2795.76,0.279534
1047.97,0.104747
1119.41,0.111939
855.098,0.0855018
2798.41,0.279648
752.019,0.0751833
1567.08,0.156607
1569.87,0.156963
1093.33,0.109313
1249.21,0.124877
2346.18,0.23459
3015.32,0.299818
789.104,0.0787584
762.858,0.0762745
1534.65,0.153364
618.325,0.0618229
691.096,0.0688808
1284.39,0.128373
881.139,0.0881089
1048.72,0.104849
1629.37,0.162843
2326.43,0.232524
2559.69,0.254814
749.317,0.0749228
2467.42,0.246718
988.634,0.0988578
599.44,0.0598809
2030.38,0.202992
1124.74,0.112469
1010.05,0.100964
840.882,0.0839754
534.532,0.0534513
938.041,0.0937928
873.054,0.0872802
1052.24,0.105204
3995.95,0.399368
859.215,0.0859084
1623.69,0.16236
1258.82,0.125877
5937.89,0.591882
1432.5,0.143228
618.394,0.0618339
2201.86,0.220014
1483,0.148287
1834.76,0.183339
2946.69,0.294344
1349.39,0.13493
979.854,0.0979807
1108.3,0.110823
834.418,0.0834391
1465.27,0.146393
763.664,0.0763604
983.253,0.0983233
5478.39,0.546899
1252.48,0.125239
2196.05,0.219418
772.296,0.0770984
2043.31,0.204257
1065.33,0.106516
987.698,0.0987641
1788.55,0.178852
863.245,0.0861522
3151.33,0.314627
1954.57,0.195164
1057.9,0.105638
6636.19,0.66263
1532.89,0.153265
929.457,0.0929389
1244.84,0.124473
1918.88,0.191863
881.1,0.0881072
889.05,0.0888634
5668.56,0.566756
988.976,0.0988737
1677,0.167616
1017.19,0.101694
1248.07,0.124786
1206.69,0.120602
738.502,0.0737391
882.399,0.0882199
1654.78,0.165466
865.903,0.0865272
668.838,0.0668651
1393.5,0.138647
3032.17,0.303161
1664.5,0.166421
994.445,0.0994206
1251.17,0.124836
584.373,0.0583438
906.888,0.0906799
638.453,0.0638401
9777.97,0.977082
2238.2,0.223291
2553.19,0.254343
977.314,0.0976767
2041.62,0.204046
1536.23,0.153583
1584.99,0.158404
4856.92,0.485285
975.42,0.0972677
3233.23,0.323262
993.899,0.0989921
13276.7,1.32369
772.008,0.0771931
1848.77,0.184781
743.7,0.0742672
617.302,0.0616828
908.001,0.0907947
898.08,0.0898041
1589.02,0.158877
3699.3,0.369859
1115.63,0.11107
824.249,0.0824189
1177.95,0.117555
1282.9,0.128221
14255,1.42261
928.92,0.0928866
812.203,0.0809933
2392.65,0.239149
1122.12,0.112168
2373.3,0.237147
1305.85,0.130287
568.911,0.0568832
833.064,0.0831275
2134.75,0.213378
1656.53,0.165347
1021.33,0.102114
804.082,0.0803585
1004.29,0.100426
1380.65,0.13773
677.69,0.0677573
2058.53,0.205691
1061.74,0.106153
3245.56,0.324143
691.996,0.0691961
1692.04,0.169079
1108.5,0.110126
1036.61,0.103631
2542.73,0.254159
18319,1.82467
1258.14,0.125729
1078.56,0.107849
1542.16,0.154109
689.095,0.0689055
1194.78,0.119444
1475.85,0.147544
1390.95,0.139026
1334.38,0.133423
1056.79,0.10567
969.58,0.0969173
1449.24,0.144907
1722.85,0.172251
945.509,0.0945095
1739.56,0.173915
2140.39,0.213634
768.27,0.0767974
4692.79,0.46869
2631.3,0.262615
1037.88,0.103781
1779.94,0.177959
588.184,0.0587637
800.413,0.0800159
2385.81,0.238496
1524.61,0.152412
1056.38,0.105597
2280.63,0.22799
1456.52,0.145579
1372.56,0.13725
665.419,0.0664991
1469.15,0.146714
1301.24,0.13012
768.082,0.0767557
962.898,0.0962679
1006.53,0.100578
1684.99,0.168075
1510.84,0.151021
3094.61,0.309269
1401.93,0.139841
1022.26,0.10221
840.581,0.0840481
1274.49,0.127366
1198.49,0.119451
1705.07,0.170436
544.949,0.0544461
1501.53,0.150141
807.54,0.0807168
1011.57,0.101126
1689.2,0.168831
695.528,0.069524
908.56,0.0920099
2543.9,0.252627
999.598,0.0999492
1208.58,0.12078
1535.16,0.153232
890.585,0.0890433
813.912,0.0813404
1178.42,0.117821
1916.35,0.191511
1804.24,0.180404
1380.17,0.137779
845.561,0.0841998
842.354,0.084163
1235.4,0.123463
2625.48,0.262149
1098.01,0.109783
1050.8,0.104892
627.908,0.0627806
648.924,0.064887
1936.58,0.193624
2950.19,0.294832
1176.83,0.117647
667.969,0.0667935
4028.78,0.402714
1376.8,0.137543
712.574,0.0712562
1147.25,0.114689
1618.19,0.152844
1828.09,0.182741
1362.22,0.136174
1846.6,0.184331
3845.01,0.384165
1469.01,0.146866
1626.42,0.16252
1086.5,0.108617
1345.02,0.134469
1290.64,0.129004
2030.77,0.202319
543.399,0.0543333
1270.19,0.126989
890.183,0.0889924
1426.17,0.142569
828.633,0.0826923
1216.93,0.121643
3068.33,0.306659
1228.6,0.122789
1476.41,0.147121
2275.34,0.227405
1852.78,0.185016
1450.66,0.145051
1836.93,0.183452
1233.98,0.123343
1661.8,0.166079
1870.26,0.186651
1064.49,0.106324
1511.11,0.150945
1847.46,0.184664
1505.83,0.150559
1387.99,0.138553
1113.44,0.111321
700.262,0.069999
998.492,0.0997498
5018.09,0.500143
902.406,0.0902046
6483.3,0.646952
1946.69,0.194269
2087.02,0.208559
1694.86,0.169411
626.957,0.0625884
812.254,0.0812196
680.155,0.0679951
1606.99,0.160668
1849.61,0.184772
4592.93,0.510987
1432.24,0.14319
1983.68,0.198219
1182.92,0.118251
1526.22,0.152605
1004.5,0.10041
817.931,0.0817827
1426.81,0.142638
1299.41,0.129929
1608.34,0.156971
878.338,0.0878018
971.576,0.0970352
1511.1,0.151092
5657.64,0.56488
833.438,0.0833228
1037.5,0.103723
1296.32,0.129177
1276.28,0.127428
2358.35,0.235587
941.349,0.0941142
2263.51,0.226031
2641.9,0.264138
910.364,0.0910222
2596.6,0.259353
868.195,0.0868081
802.663,0.0801936
2250.88,0.224459
968.644,0.0968497
775.663,0.0775337
1192.77,0.119274
823.027,0.0821555
1077.87,0.108821
887.436,0.0886271
2415.37,0.241438
1355.69,0.135547
734.376,0.0733615
1923.73,0.19234
3693,0.368947
1568.65,0.15681
1386.36,0.138469
1667.13,0.166584
1152.79,0.115267
1087.87,0.108772
1033.55,0.103269
667.69,0.0667501
1429.08,0.14288
1992.58,0.19913
2146.92,0.214652
1190.57,0.119044
1869.17,0.186906
1014.76,0.101445
903.29,0.0902981
5531.14,0.552262
1128.06,0.112797
3075.35,0.307478
1111.91,0.111174
2278.53,0.227736
1128.29,0.112641
1343.53,0.13425
2002.85,0.200217
940.9,0.0940637
981.933,0.098165
1259.52,0.125858
2871.63,0.287041
654.327,0.0654251
1182.64,0.1182
6690.57,0.667828
575.831,0.0575774
976.068,0.0974707
3615.79,0.361311
712.568,0.0712338
1319.05,0.131768
492.835,0.049274
1680.14,0.167968
1363.79,0.136266
952.967,0.0952448
2773.66,0.277037
781.179,0.0780252
1233.22,0.123305
1190.49,0.119043
1141.74,0.114039
2215.58,0.221529
1039.01,0.103831
762.073,0.0761922
1893.71,0.188813
2257.44,0.225734
18974.1,1.89512
802.537,0.0802185
1613.45,0.1612
2277.07,0.227697
694.686,0.0694621
947.158,0.0947019
1178.7,0.117783
836.848,0.083666
1314.87,0.131434
2132.02,0.213173
1302.49,0.13015
759.897,0.0759485
2160.26,0.215872
2397.24,0.239706
1576.67,0.15756
1042.55,0.104099
938.996,0.0937489
6332.6,0.627676
4394.07,0.439241
1066.03,0.106531
3714.09,0.37114
2318.54,0.231573
1652.27,0.165177
1476.36,0.147459
1058.42,0.105826
1815.47,0.181377
999.958,0.0999792
1808.88,0.180847
1736.31,0.173571
2300.44,0.229788
617.464,0.061741
1017.42,0.101729
531.716,0.0531188
4326.47,0.432589
1207.44,0.120735
1902.53,0.190231
785.571,0.0785344
12577.4,1.25732
3281.4,0.328025
1874.77,0.187423
1277.11,0.127704
2719.23,0.271835
1091.56,0.109063
638.418,0.0637698
958.932,0.0958799
1645.11,0.164486
1679.98,0.167966
1615.42,0.161461
1168.93,0.116856
1148.37,0.1148
1902.37,0.190169
1105.61,0.110526
1454.69,0.145193
657.829,0.0657535
1458.71,0.145815
1666.73,0.166647
846.518,0.0845283
1259.31,0.125747
13481.5,2.01229
972.895,0.0972839
1683.28,0.168293
983.007,0.0982958
1741.02,0.174002
908.862,0.0908226
264.64,0.0264444
975.44,0.097493
1092.03,0.109168
2187.34,0.218476
970.732,0.0968276
1411.39,0.141084
893.89,0.0890361
1528.93,0.152843
727.506,0.0727375
1208.4,0.120645
4695.45,0.468872
815.477,0.0815334
1277.57,0.127699
8067.24,0.805453
1290.03,0.128955
1068.67,0.106754
2831.55,0.282661
1472.51,0.147215
2237.49,0.223689
7217.83,0.721071
1305.45,0.129906
1362.58,0.136224
1071,0.106993
2172.15,0.217104
2355.21,0.235361
1928.4,0.19282
1761,0.176081
2474.26,0.247293
1357.51,0.135619
1253.24,0.125308
963.831,0.0961953
1339.76,0.133916
1407.49,0.140687
2149.43,0.214925
1042.99,0.104124
1041.47,0.103955
1230.5,0.123033
1004.78,0.100118
1000.7,0.0976662
570.866,0.0570539
1586.41,0.158143
2669.78,0.266651
756.392,0.0756376
3912.49,0.391027
879.44,0.0877217
1539.01,0.153802
3423.03,0.342053
998.353,0.0998068
807.224,0.0806707
1522.46,0.152244
670.029,0.066992
1985.5,0.198506
793.492,0.0793308
1279.67,0.127888
1425.49,0.142487
1544.32,0.154413
1096.4,0.10963
1067.86,0.106702
920.005,0.0919361
1823,0.18227
1233.89,0.123378
1205.59,0.120556
1521.02,0.152006
552.727,0.0552709
1363.46,0.136234
1322.95,0.132219
3209.12,0.32008
3985.48,0.398095
1967.07,0.196696
876.327,0.0875564
729.336,0.0725979
524.151,0.0524085
1203.87,0.120282
1259.38,0.125928
1528.94,0.152812
5811.66,0.579967
1538.84,0.153827
1690.04,0.168928
1516.5,0.151618
1573.03,0.15726
1140.7,0.113901
1699.32,0.169682
570.514,0.0570492
791.661,0.0791208
1767.83,0.176759
641.558,0.0640956
2042.24,0.204153
1304.54,0.130405
1345.7,0.134496
659.898,0.0659872
1328.67,0.132714
1091.58,0.109124
1858.09,0.18568
1843.3,0.184281
1357.84,0.135598
1715.97,0.171556
625.502,0.0625263
1440.75,0.144063
1123.18,0.112288
13939.9,1.39158
1380.44,0.138031
888.197,0.0887588
1829.41,0.182881
1618.85,0.161759
26416,2.60951
882.525,0.0882429
1337.41,0.133678
2965.31,0.295876
2366.54,0.236603
7792.84,0.777429
1983.4,0.198325
1006.41,0.100636
775.52,0.0775189
1273.14,0.12729
800.033,0.080001
924.082,0.0923455
1224.61,0.122446
1888.51,0.188766
1736.8,0.173597
463.196,0.046319
801.42,0.0800938
1725.76,0.1724
769.016,0.0768725
1177.89,0.117741
884.433,0.0884308
682.03,0.0681659
683.188,0.0680662
1190.88,0.119069
2983.37,0.298296
973.367,0.0972646
1180.21,0.118013
2806.11,0.280567
767.217,0.076705
1223.05,0.1223
1650.78,0.165046
1512.02,0.150747
558.021,0.0557274
901.971,0.0901964
2827.71,0.282584
2929.61,0.292855
2241.49,0.223968
1055.29,0.105426
1243.86,0.12434
1392.88,0.13926
799.777,0.0799586
853.636,0.0853569
984.393,0.0983874
2514.86,0.25093
746.78,0.0746726
1286.69,0.128487
837.088,0.0836322
896.478,0.0888426
1572.6,0.156738
808.67,0.0808554
1079.97,0.107802
939.748,0.0939629
6728.32,0.671902
662.002,0.0661878
4315.2,0.431213
428.519,0.0428507
1244.06,0.112264
1130.49,0.113046
1048.15,0.104753
4348.4,0.433958
1812.44,0.181221
1032.44,0.103193
1443.64,0.144266
2100.86,0.210051
1092.85,0.109258
927.386,0.0925692
2951.41,0.295071
2214.08,0.220908
1020.3,0.101979
2260.04,0.239136
1468.47,0.146528
3228.31,0.322526
9093.79,0.906612
792.724,0.0792544
666.708,0.0666561
4683.75,0.466995
2281.44,0.227986
894.04,0.0892244
1250.95,0.125074
1164.71,0.116464
1171.14,0.116486
1117.19,0.111568
1480.87,0.147963
1025.13,0.102509
1191.47,0.119125
582.627,0.0582144
2199.41,0.218568
651.454,0.0651306
961.519,0.0961181
1446.05,0.144532
1474.29,0.147389
3307.31,0.330612
2259.41,0.225837
1199.44,0.119866
853.714,0.0852903
1576.41,0.152954
1098.4,0.109814
1742.35,0.174197
4542.77,0.454032
1373.97,0.137273
2424.31,0.242223
1264.46,0.126244
13010.6,1.29951
743.306,0.0743265
767.679,0.0767635
1136.51,0.113594
945.945,0.0945552
619.172,0.0618523
708.31,0.0707437
2243.01,0.224171
1865.74,0.186412
2197.42,0.219613
4788.23,0.477926
1831.43,0.182901
5187.39,0.541338
2688.15,0.268005
1181.08,0.118088
2785.99,0.278407
1669.22,0.166891
1281.91,0.128165
1954.57,0.195341
1228.3,0.122695
5463.28,0.545564
1109.9,0.110854
1387.73,0.138649
1060.42,0.106025
1226.32,0.122579
7133.69,0.711547
2189.52,0.218852
1278.68,0.127769
3595.29,0.358881
4934.13,0.493052
1527.77,0.152676
2464.22,0.246264
1317.49,0.131572
1097.57,0.108851
20027.8,2.0014
1259.46,0.125574
1304.45,0.130016
801.385,0.0800677
881.489,0.0880648
1119.62,0.111703
1267.05,0.126054
1113.88,0.111317
1362.74,0.136098
1687.76,0.168764
1396.25,0.139414
1544.05,0.154291
1143.75,0.114347
1301.29,0.130008
755.312,0.0754821
1009.29,0.100913
536.323,0.0535498
1091.53,0.109091
1785.99,0.178543
946.44,0.0946025
974.927,0.0974893
1054.18,0.105413
2562.43,0.256095
1287.89,0.128716
1219.43,0.121797
1197.2,0.119683
1122.89,0.112184
1063.58,0.106355
1206.2,0.120581
1874.42,0.187236
2311.95,0.23104
1215.93,0.121488
1684.84,0.168462
1979.18,0.197746
3069.11,0.306763
1248.59,0.124854
3195.13,0.31866
1023.22,0.102265
2645,0.264337
592.527,0.0592283
1298.1,0.129706
1150.67,0.11498
982.604,0.0982465
1250.04,0.124972
648.06,0.0648038
917.021,0.0916643
4135.99,0.413144
1360.61,0.135921
657.482,0.065698
812.059,0.0797896
6315.5,0.630977
2751.86,0.275138
1598.12,0.159782
763.039,0.076251
1075.31,0.107523
741.401,0.0740975
2371.32,0.237023
1613.68,0.161322
8165.93,0.81593
2051.45,0.205113
1513.2,0.151283
982.998,0.0982944
3820.32,0.381716
6112.16,0.610623
974.708,0.0972552
2311.96,0.231171
1689.62,0.168787
1573.07,0.157259
950.244,0.0949871
1003.93,0.100362
1113.64,0.111207
761.669,0.0761456
1647.4,0.164727
540.455,0.0539912
1043.66,0.104361
2315.32,0.231355
1527.76,0.15277
785.911,0.0784315
783.792,0.0783523
1858.58,0.185853
1284.71,0.128193
894.39,0.0894356
1153.56,0.115341
571.852,0.0571438
929.165,0.092873
900.702,0.0900161
1619.38,0.161882
1241.82,0.124016
1317.13,0.131575
911.016,0.0910657
1406.55,0.140576
1227.67,0.122497
3947.49,0.394288
1188.26,0.11866
3630.56,0.362798
823.625,0.0823408
1070.61,0.107052
1115.7,0.111559
1212.71,0.121188
795.44,0.0795171
2581.35,0.257704
1119.17,0.111898
884.001,0.0883591
1112.51,0.111238
1133.52,0.113308
2425.87,0.241761
3379.18,0.337847
925.377,0.0924978
932.988,0.0931535
1306.16,0.130484
1325.99,0.132591
1602.35,0.160113
872.775,0.0872576
2138.89,0.213623
885.366,0.0885341
992.485,0.0991895
759.691,0.0759489
972.419,0.0972179
680.244,0.067978
1450.68,0.144962
951.442,0.0951205
1966.69,0.196609
717.661,0.0717496
727.418,0.0727361
1134.29,0.11336
899.658,0.0899613
1191.23,0.119109
1639.14,0.163862
1503.54,0.150305
726.328,0.0725984
3417.82,0.341697
1201.91,0.120162
5078.58,0.507751
941.687,0.0941347
1360.49,0.135785
2955.66,0.294968
1156.23,0.115561
1078.94,0.107884
2343.36,0.234052
1159.08,0.11589
1106.07,0.1106
1896.78,0.189622
802.298,0.0798197
2575.2,0.257485
999.87,0.0991779
681.549,0.0680935
2104.46,0.208788
848.62,0.0848415
2022.2,0.202162
1052.1,0.105174
986.183,0.098097
1210.45,0.1208
729.552,0.0729495
759.413,0.0758385
1036.24,0.103582
1399.25,0.139902
949.025,0.0948275
602.006,0.0601989
1651.42,0.16512
902.946,0.0902815
817.24,0.081714
1846.38,0.184536
1089.23,0.108906
2208.96,0.220865
4671.95,0.449283
825.164,0.0824931
2486.47,0.248495
457.548,0.045703
1274.95,0.127451
1205.47,0.120486
915.611,0.091537
1605.32,0.160275
767.321,0.0767173
828.357,0.0827834
2015.31,0.201349
1345.18,0.134418
797.73,0.0796395
2689.68,0.268716
3084.04,0.308255
9412.72,0.940841
1591.12,0.155955
1032.1,0.0954997
986.704,0.0986413
860.523,0.0860498
741.56,0.0741464
1967.65,0.196683
1128.3,0.112806
1891.44,0.189088
1798.92,0.179862
4608.63,0.460515
1058.13,0.105699
995.723,0.099558
919.08,0.0919029
703.299,0.0703072
1065.33,0.106435
2021.36,0.201986
791.566,0.0791392
3256.67,0.322833
861.295,0.0836344
2561.77,0.256077
1113.99,0.111396
1324.71,0.132332
1295.08,0.129317
1243.47,0.124216
1396.27,0.139623
912.379,0.0912125
2388.18,0.238799
1355.15,0.135267
1006.4,0.100331
1105.84,0.110536
830.635,0.083053
3398.74,0.339743
939.484,0.0939442
973.957,0.0973909
1049.68,0.10495
7109.13,0.708258
1714.22,0.17137
1419.58,0.141535
1202.01,0.120179
989.076,0.098675
1037.91,0.103769
1070.18,0.107015
1279.05,0.127666
591.233,0.0590041
1285.77,0.128498
1303.02,0.130286
1837.92,0.142826
798.545,0.0798402
3118.35,0.31168
722.005,0.0721809
1005.89,0.100491
1185.47,0.1185
961.315,0.0961242
999.73,0.0999352
1342.07,0.134181
1987.56,0.198528
1462.94,0.146254
1159.5,0.115921
2250.03,0.224967
1481.46,0.148091
1749.28,0.174901
1725.18,0.172303
1855.48,0.185522
1291.69,0.12916
597.595,0.0597494
1485.35,0.148502
808.708,0.0808112
1758.68,0.175617
1421.32,0.14189
1024.58,0.102372
1677.16,0.167654
887.568,0.0887318
630.526,0.0629357
2504.45,0.250338
1113.07,0.111297
1314.43,0.131428
920.869,0.0920326
1088.93,0.108832
3709.75,0.370795
1327.85,0.13263
1186.94,0.118548
1767.72,0.176732
1191.11,0.119103
745.191,0.0744691
6361.13,0.635865
1980.53,0.198045
1485.53,0.148541
1197.72,0.119638
1883.35,0.188164
2529.59,0.252825
1011.7,0.101094
845.725,0.0843508
1044.12,0.104344
699.392,0.0685649
1097.43,0.109733
1290.87,0.128965
883.935,0.0880785
1580.47,0.158022
997.819,0.0997337
1354.35,0.135404
1023.18,0.102149
2792.34,0.279077
653.571,0.0653543
2174.9,0.217449
939.946,0.0939421
1019.32,0.101895
2174.62,0.217379
1397.64,0.139666
535.321,0.0534854
887.794,0.0887582
1186.21,0.118492
2724.89,0.272377
11796,1.1716
1920.24,0.191914
1381.83,0.138169
2193.53,0.219315
1181.05,0.118059
2086.05,0.208555
2027.48,0.202697
1616.93,0.161651
1202.82,0.120269
4804.46,0.480228
4461.44,0.445955
788.759,0.0787203
1902.77,0.189679
1064.42,0.105154
1620.88,0.162057
1566.12,0.156585
2370.92,0.236899
892.491,0.0892372
849.911,0.0849784
1266.52,0.126622
9049.8,0.900491
891.564,0.0891035
9882.01,0.985655
793.166,0.07895
2444.54,0.244422
1903.18,0.189996
803.351,0.0803289
741.835,0.0741386
819.866,0.0819844
1589.32,0.158667
2042.14,0.204131
1568.71,0.156866
1283.74,0.128268
1538.96,0.153868
1425.05,0.142422
903.33,0.0903318
598.38,0.0598296
1398.65,0.139834
4831.2,0.48268
1644.31,0.164144
1433.65,0.143165
1324.79,0.132194
2965.56,0.295955
1770.32,0.177018
734.421,0.0734235
1544.67,0.154401
5600.68,0.559673
2958.81,0.29553
1421.5,0.142126
674.581,0.0674558
1192.85,0.11918
1183.97,0.11835
2112.32,0.211115
1674.01,0.167373
2023.32,0.202275
2331.02,0.232988
904.489,0.0904366
1135.69,0.113559
715.585,0.0715547
1470.57,0.146999
5902.65,0.590028
3061.75,0.280116
876.076,0.0875895
806.47,0.0804973
21182.9,2.10179
2936.69,0.292713
904.692,0.090294
1263.89,0.124681
1453.85,0.145302
970.83,0.0967669
2439.63,0.243817
542.569,0.0525062
1174.42,0.117438
743.697,0.0742018
3094.16,0.309099
1749.8,0.174508
8920.91,0.888718
2137.86,0.213428
1537.17,0.153448
1358.03,0.133189
830.856,0.0830471
1099.15,0.109891
917.89,0.0917828
1178.17,0.117799
1564.34,0.156265
1478.56,0.14783
1129.62,0.112945
787.021,0.0786321
838.167,0.0837201
2917.22,0.291635
4322.9,0.432055
1426.32,0.142567
2118.8,0.211788
1275.61,0.127505
788.02,0.0787828
1099.47,0.10986
3029.18,0.302742
1619.34,0.16192
1165.74,0.116026
1543.35,0.154298
975.725,0.0975374
781.408,0.0781013
887.373,0.0887273
1255.86,0.125477
1688.78,0.168838
15979.4,1.59206
1653.02,0.16521
900.675,0.090065
1204.79,0.12036
973.45,0.0973162
2099.3,0.209705
1241.2,0.124008
1516.4,0.151625
1007.01,0.100685
916.266,0.0915338
571.716,0.0571699
2129.51,0.212599
556.929,0.0556452
2096.11,0.209412
888.464,0.0887522
851.164,0.0850127
1165.96,0.116587
1388.43,0.138747
1417.51,0.141746
2667.6,0.266711
911.133,0.0911099
1313.12,0.131288
2882.23,0.287705
2559.43,0.255846
772.183,0.0771946
800.835,0.0800257
1276.18,0.127203
1540.06,0.153929
373.164,0.0371365
1327.6,0.132752
2740.92,0.274055
981.881,0.0981725
1210.29,0.120719
2618.57,0.259336
2696.69,0.26953
613.115,0.0612988
14261.4,1.42227
982.869,0.0982089
1184.26,0.118421
1439.78,0.143846
2258.77,0.225676
954.303,0.0953715
2721.17,0.270697
1080.79,0.108059
711.315,0.0711073
2131.85,0.213164
767.992,0.0767791
1156.83,0.115629
2169.18,0.21689
602.307,0.0602151
860.947,0.0860513
2377.4,0.234397
1407.62,0.140689
797.785,0.0797388
778.745,0.0778673
3223.44,0.321493
5240.7,0.523974
1259.02,0.125879
1706.16,0.17057
938.25,0.0938023
1627.32,0.16271
769.641,0.0768529
3193.32,0.318879
636.51,0.0635708
1796.67,0.179537
772.667,0.077244
1684.55,0.168329
2041.8,0.20397
991.633,0.0991216
2517.93,0.251672
2316.72,0.2316
741.564,0.0731563
1007.93,0.10071
1285.39,0.128532
1146.32,0.117823
993.765,0.0993622
1303.06,0.13026
1401.42,0.139821
457.373,0.0457241
904.339,0.0904229
1127.38,0.112708
1002.04,0.100196
934.371,0.0934312
1845.91,0.184532
1039.12,0.103874
928.889,0.0928647
1813.22,0.181249
2502.36,0.250214
676.459,0.0676452
2829.69,0.282594
2260.38,0.225667
2221.33,0.222073
670.11,0.0669496
895.707,0.0895438
1290.76,0.129023
1740.59,0.17403
558.419,0.0557397
1278.97,0.127874
1376.99,0.137141
786.766,0.0786294
1528.22,0.152755
2611.62,0.261001
1445.84,0.144135
1020.46,0.102033
448.513,0.0448507
1668.01,0.166674
1187.46,0.118305
1045.32,0.104484
1848.73,0.184858
1179.56,0.117941
895.041,0.0894211
1117.15,0.111662
1456.6,0.145636
1050.08,0.104984
6282.88,0.628125
1300.55,0.129815
1693.89,0.16928
709.153,0.0704273
1481.76,0.148125
1135.27,0.113525
762.917,0.0762565
1432.92,0.143267
838.962,0.0836736
1193.53,0.119304
594.926,0.0594905
1676.02,0.167587
1449.86,0.144949
2039.83,0.203916
718.41,0.0718357
621.131,0.0621059
988.223,0.0987932
1956.72,0.195504
1280.43,0.127943
4651.72,0.463395
1134.36,0.113338
1697.79,0.169748
3092.78,0.309191
2965.67,0.296234
1427.22,0.142531
937.177,0.0935278
1388.99,0.13862
4500.73,0.44981
1855.39,0.18539
1483.4,0.148315
1051.92,0.10461
1087.92,0.10878
1297.04,0.129696
2392.64,0.239074
897.283,0.0897261
870.72,0.0870092
9153.51,0.913748
742.058,0.0741471
1706.04,0.170334
2179.41,0.2165
753.622,0.075252
1869.47,0.186918
743.542,0.0738845
1186.38,0.118462
995.032,0.0994011
1176.17,0.117591
2265.14,0.226224
1944.17,0.193689
2191.65,0.218425
2185.22,0.218438
957.866,0.0957597
748.652,0.0748507
1021.49,0.102111
1484.8,0.148453
1559.66,0.153149
899.394,0.089673
1035.56,0.103492
1141.65,0.114153
1414.94,0.141421
2180.55,0.217875
1321.33,0.132123
1503.43,0.150228
1083.93,0.108345
3489.36,0.348547
1198.16,0.119804
3206.4,0.320159
875.98,0.0875018
1032.48,0.103226
2827.73,0.28265
1327.25,0.132697
2173.24,0.216831
616.935,0.0616522
1205.4,0.120488
1004.72,0.100379
6830.54,0.681973
2198.01,0.219687
2546.74,0.254597
2943.06,0.294172
1546.05,0.15446
6232.68,0.623229
674.037,0.067391
2715.55,0.271293
4963.36,0.49607
696.835,0.0696805
2807.35,0.280656
4924.4,0.492244
2627.42,0.262637
1542.97,0.154256
548.176,0.054811
500.439,0.0500344
534.627,0.053442
2969.27,0.296823
1097.58,0.109734
776.196,0.0775789
1159.19,0.115916
1956.39,0.195592
1577.24,0.157592
1902.65,0.190243
2138.06,0.213009
958.485,0.095799
1597.82,0.159649
798.342,0.0797621
2401.7,0.240126
1142.1,0.114052
1467,0.146647
1011.39,0.100841
933.058,0.0932539
642.036,0.0641981
1281.23,0.12791
1118.15,0.111571
2051.9,0.205169
2648.18,0.264665
428.622,0.0428268
1142.4,0.114168
1027.23,0.102645
1405.55,0.140355
1233.81,0.122015
1346.36,0.134572
662.578,0.0662257
1118.69,0.111858
1663.1,0.166207
1001.52,0.100127
720.521,0.0720367
3779.57,0.377782
685.419,0.068538
1300.34,0.129757
3393,0.339178
909.777,0.0909522
1214.27,0.12128
1062.12,0.105866
1069.4,0.106839
1540.54,0.154037
1436.03,0.143561
1910.05,0.19097
2065.34,0.206378
953.185,0.0953139
730.716,0.0730623
1105.44,0.110505
1043.55,0.104321
798.844,0.0798614
1068,0.106747
1935.86,0.193451
1270.3,0.126956
4386.23,0.438154
1264.66,0.126441
1195.28,0.119514
753.934,0.0753912
810.653,0.0809014
1116.31,0.111557
2517.74,0.25105
1056.03,0.105582
713.882,0.0713527
1247.94,0.124754
9041.05,0.900073
1110.43,0.111013
2360.74,0.236047
1180.84,0.118075
4633.8,0.461783
904.456,0.0904082
1232.89,0.123258
2326.86,0.232513
1045.95,0.10404
880.774,0.0880553
10577,1.05589
1704.48,0.170252
1292.59,0.129243
835.576,0.083554
1591.26,0.15908
1955.97,0.195517
1001.87,0.100107
4328.35,0.432357
506.795,0.0506697
1710.47,0.170968
2022.18,0.202182
798.055,0.0797955
1380.55,0.13804
749.522,0.0749418
725.199,0.0724013
1124.42,0.112424
2579.92,0.257828
2019.24,0.2018
1034.19,0.102777
1177.52,0.116994
1108.15,0.110732
4255.12,0.425289
1190.21,0.118929
1094.47,0.109408
3000.67,0.299876
1631.02,0.163083
1223.15,0.122309
1757.37,0.175681
1002.36,0.100222
794.988,0.0794338
1413.56,0.141339
810.569,0.0809825
1498.02,0.149782
3134.12,0.313181
1434.97,0.143373
8327.88,0.831307
873.486,0.08734
642.269,0.0641457
1127.75,0.11274
1908.31,0.190812
798.464,0.0795719
1064.11,0.105764
1020.17,0.102012
722.851,0.0722785
1039.29,0.103897
1237.83,0.123573
1127.67,0.112672
976.487,0.0976078
1887.83,0.18877
2077.32,0.207457
1223.98,0.122253
640.874,0.0640665
898.809,0.0898687
648.224,0.0648122
1504.81,0.150443
1476.18,0.147478
999.373,0.0998957
967.404,0.0965563
932.524,0.0931982
1995.29,0.199279
3241.75,0.324033
916.176,0.0916093
704.304,0.0704039
2430.72,0.239553
495.082,0.0494988
1157.92,0.115608
1075.9,0.10752
1713.06,0.17126
4037.97,0.403687
3159.95,0.315951
2534.78,0.253345
1642.16,0.163862
701.98,0.0701928
2714.62,0.271222
968.279,0.0968183
766.849,0.076657
745.184,0.0745111
2002.51,0.200093
1221.1,0.1221
690.713,0.0690403
2309.93,0.2308
616.505,0.0616411
3442.52,0.343755
1801.68,0.178158
559.366,0.0559281
851.033,0.085065
1160.75,0.11603
899.993,0.0899934
1349.82,0.134935
1366.48,0.136539
10907.7,1.08322
1216.86,0.121671
1553.25,0.155226
1348.25,0.134795
4077.77,0.407688
2596.22,0.259405
1082.22,0.108205
1840.58,0.183968
1149.02,0.114834
1780.67,0.177881
3253.34,0.325134
817.323,0.0817253
1037.32,0.103593
888.324,0.0887913
1743.12,0.173845
2567.84,0.256654
1396.82,0.139603
849.66,0.0849561
790.272,0.0789919
882.753,0.0882489
1648.64,0.164718
1648.27,0.124225
2348.32,0.234644
785.073,0.078506
1715.91,0.170577
1471.28,0.147119
2080.81,0.20788
724.894,0.0724619
1661.61,0.165912
1760.14,0.176
1165.38,0.116464
1160.94,0.116073
588.797,0.0588626
989.698,0.098935
2645.8,0.264519
1242.95,0.123952
492.549,0.0491911
3488.29,0.348604
2291.11,0.229068
933.065,0.0931914
1764.04,0.176384
1289.5,0.128925
732.865,0.073201
1393.05,0.139263
889.307,0.0888365
1267.48,0.125743
4462.06,0.44608
984.634,0.0981201
904.16,0.0904139
1543.9,0.154372
1038.62,0.103806
1027.7,0.102754
917.659,0.0917417
686.916,0.0686059
1619,0.161805
869.587,0.0868948
5569.94,0.554415
1051.16,0.104986
965.458,0.0964531
1218.35,0.121818
724.854,0.0724838
733.425,0.0732999
1016.95,0.10115
1927.37,0.192703
2214.52,0.221202
1254.52,0.125419
4420.9,4.10332
1639.92,0.163647
668.677,0.0668583
762.542,0.0762453
2290.36,0.228981
968.835,0.096833
5483.9,0.548032
3185.68,0.318348
945.18,0.0944766
1629.86,0.162926
957.632,0.0952885
2812.09,0.698486
1032.94,0.103256
1389.59,0.138938
2290.29,0.228882
1286.91,0.128675
919.411,0.091839
1965.18,0.196113
1783.08,0.178282
1378.41,0.137547
865.497,0.0864592
1061.19,0.105651
1873.2,0.187205
959.46,0.0958979
1157.12,0.115302
1537.04,0.153625
1576.03,0.157515
1149.64,0.114696
810.583,0.0805716
1603.74,0.160321
1992.9,0.198957
2209.87,0.220934
833.196,0.0832871
991.457,0.0991436
705.249,0.0705229
1226.88,0.122676
1412.6,0.141193
851.065,0.0850949
1650.57,0.165007
2221.78,0.222065
1709.34,0.170406
1412.07,0.141163
692.868,0.0692302
706.247,0.0705959
829.779,0.0829361
979.353,0.0979042
720.619,0.0720256
894.452,0.0894098
1016.69,0.101656
1221.6,0.122133
2042.33,0.204182
1176.55,0.117598
1253.85,0.123308
557.456,0.0556328
1018.39,0.101754
1520.09,0.151923
1284.46,0.128404
813.814,0.0813727
987.628,0.0987539
740.076,0.0738642
1173.75,0.117374
2148.76,0.214692
1299.34,0.12986
1410.34,0.140895
772.291,0.0772161
1023.69,0.102355
1173.51,0.117151
1047.22,0.104458
2059.58,0.205662
1068.12,0.106773
1454.6,0.145428
644.217,0.0644151
992.936,0.0992767
2074.1,0.205273
4798.73,0.479194
903.119,0.0902691
734.032,0.0733958
961.773,0.0961388
1322.77,0.132184
979.131,0.0978933
705.127,0.0704835
1479.86,0.147867
1389.98,0.138957
2862.55,0.286185
524.281,0.0524232
1234.34,0.123362
1162.53,0.115922
2604.56,0.259775
1387.32,0.138594
2269.25,0.226487
1141.05,0.113139
905.059,0.0899666
1350.02,0.13495
2076.69,0.207085
1941.66,0.194114
2407.8,0.240607
1727.08,0.17269
1686.12,0.168594
4375.57,0.437179
647.41,0.0647389
1026.6,0.102629
3295.05,0.329311
1042.36,0.104115
1339.68,0.133766
1814.71,0.181389
1299.11,0.129899
1472.85,0.147168
1095.19,0.109311
881.209,0.0881076
1357.41,0.135529
1794.52,0.179303
4654.76,0.464846
1723.25,0.1723
3725.19,0.372116
1057.14,0.105552
1934.33,0.19331
1325.01,0.132436
988.39,0.0987911
1219.47,0.121808
2042.69,0.204116
1101.67,0.110148
1036.07,0.103595
3083.51,0.308103
1128.7,0.112826
1254.72,0.125461
9977.13,0.994594
1203.05,0.11799
1157.33,0.115705
478.131,0.0477971
1384.85,0.138458
11219.5,2.33606
1890.61,0.188973
777.81,0.0777799
1381.11,0.138025
880.055,0.0879411
3857.84,0.385464
1637.48,0.163706
1170.12,0.116914
1538.79,0.153797
2384.47,0.237967
1031.18,0.103108
2147.28,0.214682
1980.73,0.197858
2178.33,0.217327
950.153,0.0945501
1223.15,0.122285
957.865,0.0957139
1206.76,0.120664
1517.58,0.151541
7002.95,0.699686
13471.6,1.34509
967.247,0.0967221
1934.7,0.193414
8597.12,0.858192
863.553,0.0863211
2158.46,0.215714
883.703,0.088365
761.877,0.0761855
804.363,0.0803865
1333.03,0.133243
838.506,0.0838396
1552.39,0.155168
1047.55,0.104651
1102.39,0.110199
581.913,0.0581773
1704.31,0.169022
1047.64,0.104573
4148.59,0.4143
1187.72,0.118754
1562.58,0.156245
904.909,0.0903706
855.337,0.085517
906.297,0.0906065
851.566,0.0851284
584.059,0.0583971
1850.73,0.185053
1467.74,0.146724
1407.61,0.140571
1687.21,0.168392
1264.66,0.126386
911.565,0.0911124
686.723,0.0686625
1173.85,0.117373
1962.13,0.196159
672.989,0.0672499
1248.19,0.124806
950.659,0.0949741
1072.86,0.107252
1044.83,0.104453
1853.45,0.185251
4706.22,0.470299
1068.28,0.10674
523.535,0.0523241
2344.79,0.23396
1058.87,0.105753
1788.52,0.1788
1487.22,0.148568
1120.42,0.112009
1066.62,0.106643
11823.2,1.18172
1007.78,0.100757
997.428,0.0990674
1240.41,0.123992
1711.23,0.17094
793.825,0.0793098
915.179,0.0912382
1766.87,0.176656
702.363,0.0702083
2548.72,0.25467
3523.7,0.352215
997.317,0.0996448
659.199,0.0659037
1719.58,0.171831
864.886,0.0864543
1002.59,0.100171
1429.36,0.142901
18207.4,1.81724
1226.08,0.122563
1234.21,0.123382
1611.46,0.161131
1265.08,0.126478
798.529,0.0798505
1637.12,0.163547
1090.43,0.10904
884.073,0.0884048
5720.06,0.571484
1564.21,0.156413
1139.1,0.113894
942.375,0.0941727
1398.16,0.139775
2337.31,0.233705
1012.38,0.101061
778.088,0.0778075
1581.17,0.157988
811.602,0.0811482
3793.77,0.379217
2117.59,0.211709
1084.11,0.108391
1346.4,0.134628
1697.9,0.169769
901.695,0.0901018
1005.73,0.100548
1725.11,0.172074
972.309,0.0972063
1442.02,0.144189
882.004,0.0881895
1019.47,0.101634
1285.95,0.128545
562.283,0.0561862
2314.98,0.231375
1560.17,0.155768
5210.89,0.52061
746.462,0.0743013
755.222,0.0755003
1275.1,0.127497
903.219,0.090306
1113.44,0.111232
1342.19,0.13416
1708.57,0.170849
810.701,0.0810274
2347.53,0.234528
1132.16,0.113079
1776.88,0.177625
1078.05,0.107793
1265.15,0.126495
1161.95,0.116154
3221.37,0.321837
431.198,0.043119
4597.54,0.458182
1378.24,0.137766
1589.35,0.15891
3033.07,0.302934
1725.16,0.172443
1265.63,0.126557
1932.48,0.193233
1890,0.188785
723.435,0.0723338
1077.6,0.107608
1241.54,0.124073
1443.87,0.14425
828.552,0.0827243
1596.85,0.159608
2951.08,0.293487
993.887,0.0993853
859.542,0.0859164
665.275,0.0650509
1007.34,0.100702
634.885,0.063478
720.958,0.0720902
1793.54,0.179225
2115.14,0.211169
1175.18,0.117495
575.698,0.0575208
688.819,0.0688738
766.253,0.0764529
1316.6,0.131611
2005.31,0.200467
483.014,0.0482843
1898.83,0.189686
679.025,0.0678929
879.444,0.087926
1394.8,0.139447
1338.74,0.133831
933.285,0.0933128
1631.5,0.163123
1017.12,0.101684
1133.13,0.113269
1114.65,0.111426
1404.21,0.140375
836.319,0.0836112
1693.43,0.16926
4000.84,0.398939
2158.21,0.215764
933.811,0.0933751
1008.87,0.100763
1020.7,0.101906
929.038,0.0928579
2270.31,0.226645
798.616,0.0797609
687.751,0.0687697
1230.11,0.122984
1390.83,0.139033
1155.44,0.115464
748.649,0.0748275
814.404,0.081392
1938.17,0.193764
572.268,0.0572228
1627.56,0.162728
3605.39,0.360517
1473.17,0.147257
1170.75,0.117052
1855.53,0.185512
838.514,0.0838323
6424.11,0.6414
1014.89,0.101287
1033.26,0.103281
3862.37,0.386079
1485.56,0.14846
1599.5,0.15989
1436.76,0.143631
1474.86,0.147293
2828.66,0.282701
742.58,0.0742011
1513.1,0.151299
939.928,0.0939305
758.538,0.0757707
2512.13,0.250365
1825.92,0.182467
2164.88,0.216424
644.671,0.064451
23553.4,2.35338
2870.94,0.287025
1469.88,0.146826
1095.66,0.109425
2040.91,0.204008
1804.95,0.180443
1679.75,0.167935
888.593,0.0885895
2919.15,0.291381
1058.07,0.105798
1092.98,0.107882
1254.56,0.125349
951.705,0.095148
1478.91,0.147503
36571.8,3.62889
1228.72,0.122842
1035.91,0.10339
1523.81,0.15226
1290.28,0.128976
834.049,0.0813176
1983.87,0.198364
1123.13,0.112292
656.905,0.0656787
1000.16,0.0999896
1403.3,0.140316
2495.53,0.249488
742.23,0.0742216
2717.41,0.271649
1464.05,0.14639
868.326,0.0868168
1527.98,0.1516
1032.21,0.103152
1380.42,0.137912
800.906,0.0800707
1017.61,0.101748
896.408,0.0895959
1161.96,0.116188
1469.22,0.146816
584.031,0.0583992
1951.85,0.194954
1092.04,0.109185
3233.31,0.323253
937.369,0.0937197
1777.68,0.177697
1715.46,0.17149
1029.99,0.102987
1275.67,0.127504
908.165,0.0908094
1404.55,0.140267
909.347,0.090898
1072.9,0.107288
1413.05,0.140361
1621.52,0.161836
1973.28,0.197182
1273.56,0.0812788
650.749,0.0650643
2017.53,0.201635
2113.8,0.211327
1132.86,0.113263
10850.1,1.08224
677.206,0.0677096
796.917,0.0796438
4230.46,0.422059
1022.12,0.102195
685.186,0.0685088
1030.9,0.102854
1129.67,0.112723
1797.88,0.179055
13248.3,1.32386
1048.1,0.104774
1578.85,0.157866
3852.29,0.384991
843.067,0.0843033
805.229,0.080474
717.423,0.0716652
2402.87,0.239637
1007.9,0.100749
795.043,0.0794665
1674.06,0.167268
772.544,0.0772393
799.754,0.0799182
1040.49,0.103857
2219.17,0.221823
452.875,0.045186
747.067,0.0747061
806.771,0.0806099
1665.98,0.166399
827.924,0.0827844
8458.31,0.845086
2576.72,0.257471
859.673,0.0859527
1166.51,0.116586
1496.43,0.149613
743.074,0.0742619
2689.13,0.268109
1377.11,0.137619
1142.36,0.114228
1730.89,0.172276
1871.51,0.18707
2206.04,0.220544
1279.03,0.127664
1783.08,0.177953
876.222,0.0875994
1148.88,0.114843
1579.26,0.157912
1104.09,0.110405
1064.95,0.106435
751.213,0.0751017
733.616,0.0733581
1023.81,0.102068
1798.17,0.17974
5777.37,0.576661
2982.68,0.297463
1069.92,0.106896
1131.7,0.113152
3488.58,0.348582
1501.33,0.150086
744.772,0.0744493
3266.85,0.326345
982.929,0.0982793
1088.42,0.108833
20354.3,2.02396
1178.04,0.11757
1648.46,0.164742
7092.03,0.708866
1116.61,0.111655
703.805,0.0703732
7876.67,0.787226
1539.31,0.15386
1435.96,0.143224
2413.58,0.241276
855.308,0.0854893
1331.16,0.133069
1095.07,0.109494
1161.43,0.116021
852.672,0.0851886
1951.53,0.194996
1233.01,0.123277
637.918,0.0637842
1034.46,0.103437
2478.55,0.247646
2928.52,0.291511
446.58,0.0445881
1010.21,0.098565
1445.46,0.144476
1469.23,0.146875
1264.33,0.126421
2951.63,0.295126
3189.12,0.318834
2244.65,0.224458
1775.67,0.177455
1753.26,0.175266
1400.43,0.139993
834.193,0.0834113
4299.36,0.429587
3473.34,0.347105
725.799,0.0725784
1190.61,0.118944
1529.15,0.152873
1240.58,0.12401
878.05,0.0877982
843.216,0.0843179
1149.32,0.114887
1123.16,0.112301
1252.55,0.124812
1697.07,0.169372
1138.3,0.113821
577.598,0.0577413
1503.42,0.150218
1163.85,0.116364
779.339,0.0779303
1359.62,0.135898
1066.53,0.106602
2280.76,0.228055
2783.7,0.278238
1567.94,0.156718
946.506,0.0946084
1222.66,0.122036
1385.72,0.138566
4259.7,0.425483
928.437,0.0927955
1249.44,0.124935
2691.66,0.268932
1307.56,0.130695
2005.48,0.200488
1031.9,0.103164
1354.3,0.135345
1116.36,0.110973
5357.56,0.534941
826.618,0.0757285
2016.67,0.201659
1039.31,0.103923
1462.77,0.146214
910.136,0.0909954
1698.9,0.169295
1567.21,0.156694
1466.88,0.146626
1352.23,0.135064
3987.96,0.398418
2633.18,0.262872
808.03,0.0807968
1055.86,0.105578
961.76,0.0961733
991.125,0.0990757
815.338,0.0810149
1489.78,0.148901
816.699,0.081657
457.244,0.0453812
9055.1,0.904236
750.786,0.0750736
1451.51,0.145095
983.917,0.0983891
1552.14,0.155205
1235.89,0.123537
4626.29,0.462496
934.131,0.0934111
895.889,0.0895847
1098.22,0.109655
731.089,0.0730092
1423.04,0.14222
911.35,0.0910927
1617.37,0.161722
1899.99,0.189946
1104.75,0.110462
1805.37,0.180509
1489.57,0.148929
3280.09,0.327978
4057.09,0.405588
1044.94,0.104491
893.944,0.0893867
1194.72,0.119431
1668.56,0.166585
1117.66,0.111759
1422.67,0.142049
1266.88,0.125981
2428.71,0.242758
1038.94,0.103862
4256.02,0.425276
3017.39,0.301311
703.092,0.0702567
1115.33,0.111523
1179.31,0.117924
1514.43,0.151434
752.728,0.0752399
2357.09,0.235682
1058.43,0.10583
862.487,0.0861973
1057.3,0.105623
1266.51,0.126641
2542.03,0.253986
1108.17,0.110644
1635.45,0.163484
2855.27,0.284548
1530.97,0.152982
1756.97,0.175525
753.457,0.0752559
22826.7,7.17844
1039.55,0.103925
1350.75,0.135047
18037.5,7.31928
1188.76,0.118765
924.977,0.0924792
1492.14,0.149202
1163.47,0.11622
782.114,0.0781877
1875.85,0.187128
898.463,0.0897986
2287.8,0.228714
1541.5,0.154096
1173.85,0.117257
1491.48,0.149042
973.806,0.0971248
659.588,0.0659332
1440.87,0.143938
1011.95,0.101155
1249.37,0.124911
4436.53,0.44334
1055.04,0.105309
1341.84,0.134144
10384.2,1.03686
770.843,0.077066
4571.1,0.456546
1049.42,0.104725
1439.37,0.143042
1124.71,0.112456
684.253,0.0681542
1267.21,0.126688
1758,0.175722
786.306,0.0786011
905.7,0.0905463
1309.09,0.130782
6692.22,0.66868
1719.47,0.164162
1207.27,0.12072
1091.97,0.109167
944.605,0.0943504
1102.25,0.110178
1128.25,0.112814
686.479,0.0685581
2027.85,0.202717
893.659,0.0893491
3387.17,0.338556
1212.15,0.121192
1066.36,0.106622
8188.41,0.816473
1129.85,0.111853
2245.1,0.224468
479.747,0.0479726
2949.29,0.294836
1009.07,0.100807
1227.09,0.122696
1165.74,0.116561
1309.81,0.130952
417.851,0.0417846
772.291,0.0767596
2640.9,0.263757
1065.67,0.106548
970.748,0.0969924
821.912,0.0821742
1256.5,0.125596
2422.15,0.24179
854.881,0.0854773
2045.61,0.204499
950.134,0.0949758
10963.5,1.09114
1082.49,0.108244
1816.81,0.181609
728.39,0.07277
1009.03,0.100875
1255.62,0.125524
26033.4,2.58734
1696.7,0.169643
1418.54,0.141816
1685.29,0.168513
876.799,0.0876443
1131.73,0.113022
1518.59,0.151786
1433.4,0.143306
1420.19,0.141959
1527.4,0.152573
1099.36,0.109831
2021.37,0.202114
1642.28,0.164068
836.693,0.083664
1794.32,0.179295
905.183,0.0904438
1816.68,0.181658
2254.71,0.225451
1474.46,0.147394
1268.21,0.126784
988.406,0.0986807
580.519,0.0580372
1136.76,0.113522
733.959,0.0729787
2481.05,0.247389
999.425,0.0998825
2374.51,0.237282
1903.16,0.190227
879.227,0.0878824
3672.96,0.367255
1099.81,0.109942
9631.52,3.87312
1164.81,0.116394
978.722,0.0978547
2493.87,0.249319
2692.3,0.26901
1116.24,0.111575
1564.08,0.156391
2431.89,0.243132
1334.59,0.133435
932.663,0.0928058
6989.31,0.697505
967.529,0.0967355
1352.49,0.135193
1901.07,0.190042
1298.95,0.129863
2165.44,0.216417
581.117,0.0581042
1828.99,0.18239
1259.44,0.12591
1207.41,0.12071
1425.29,0.142512
510.198,0.0510117
1318.48,0.131774
812.561,0.0812349
588.694,0.0588643
3107.35,0.310684
853.131,0.0852889
3133.35,0.31305
3015,0.30146
538.301,0.0538238
978.322,0.0978066
802.72,0.0802118
1105.54,0.110537
1404.21,0.140372
1150.87,0.115072
817.696,0.0817591
1051.29,0.10512
1410.72,0.141006
1052.6,0.105245
752.003,0.0751387
1128.38,0.112825
972.372,0.0971997
1118.67,0.111768
1594.82,0.159459
2133.59,0.213165
1362.98,0.136257
1554.14,0.155336
1159.22,0.11562
995.635,0.0995466
1182.53,0.118189
2125.67,0.212401
863.038,0.086301
753.048,0.0752615
1018.04,0.101512
1127.42,0.112716
1070,0.106973
831.909,0.0831698
2490.2,0.248682
1573.09,0.157253
1259.01,0.124469
1833.29,0.183322
3415.76,0.32868
1720.97,0.171394
1470.67,0.146955
705.185,0.0704581
2780.7,0.277855
2506.92,0.250322
2082.36,0.208053
1182.18,0.118158
806.943,0.0806799
4144.69,0.414297
3302.02,0.329938
871.269,0.0871199
742.565,0.0731925
3922.17,0.392064
848.782,0.0847652
1452.97,0.145207
1644.32,0.164186
762.726,0.07626
505.549,0.0505033
1159.83,0.115961
1067.61,0.106741
2091.94,0.209032
3903.48,0.389446
1731.4,0.173108
1071.83,0.107181
1305.27,0.124682
947.933,0.0947757
1077.98,0.107775
964.81,0.0964615
771.396,0.0767491
701.322,0.0700921
1735.79,0.173549
3754.11,0.375231
1251.18,0.125077
1798.56,0.17967
2284.05,0.228222
1765.23,0.176511
767.821,0.0767337
1466.64,0.146551
1108.13,0.110754
1121.64,0.111911
1777.78,0.177749
908.019,0.0907821
2949.71,0.294288
741.299,0.0739697
1305.75,0.130532
1331.63,0.133076
994.633,0.0994216
1181.59,0.118148
890.498,0.0889931
4832.47,0.482702
1247.57,0.113471
835.399,0.0835342
1138.97,0.113883
1349.33,0.134895
1321.37,0.132129
1851.18,0.184989
832.636,0.0832411
10803.3,1.07953
866.027,0.0865821
788.417,0.0788113
798.825,0.079881
1273.74,0.127297
1190.84,0.119051
1268.74,0.126821
824.079,0.0821983
1071.67,0.107117
1003.77,0.10036
1040.4,0.104026
2318.23,0.231812
2757.28,0.275676
964.401,0.0964249
995.638,0.0994019
1552.04,0.155174
1108.66,0.110671
1841.42,0.184095
1455.43,0.145436
1214.79,0.121333
696.651,0.0693463
1603.17,0.160271
1754.84,0.175418
904.768,0.0904467
979.313,0.097912
5794.08,0.5787
621.003,0.0620852
1022.57,0.102126
867.571,0.0866354
1677.17,0.167575
746.415,0.0746283
1100.21,0.110003
783.386,0.0783332
2351.29,0.235073
7512.24,0.751075
929.784,0.092942
709.617,0.0709204
861.371,0.086106
1867.56,0.185838
1221.54,0.122112
13299,1.32861
572.475,0.0572391
1862.46,0.186221
1448.42,0.144729
2002.12,0.199916
628.065,0.0627823
2168.24,0.21577
970.348,0.0967534
1439.7,0.143932
1726.9,0.172057
1672.34,0.167225
2098.47,0.209832
1787.96,0.178784
960.649,0.0960232
2152.91,0.214773
1148.28,0.114803
918.419,0.0918328
1759.1,0.175802
1208.62,0.120788
1150.05,0.114994
1816.15,0.18056
4803.41,0.480122
480.724,0.0480645
745.519,0.074512
915.708,0.0914638
4915.63,0.491029
2082.7,0.208157
2498.5,0.249811
2137.35,0.213521
2246.5,0.224553
2314.89,0.230834
874.469,0.0873252
891.522,0.089109
1082.53,0.108186
1648.28,0.164772
3124.39,0.312248
2101.89,0.210166
1462.35,0.146081
1136.62,0.113636
2387.53,0.238542
1980.78,0.19803
1534.34,0.153379
3481.15,0.34557
1770.99,0.177067
3350.88,0.334541
1143.89,0.114353
20860.7,2.07799
642.002,0.0641295
1244.06,0.124398
807.177,0.0807052
2159.26,0.215814
637.042,0.0636941
1781.04,0.17769
2955.37,0.294975
1107.11,0.110603
1124.02,0.112364
1030.82,0.10301
1697.28,0.169644
1626.3,0.162355
1791.97,0.179015
2472.12,0.246957
3780.58,0.377309
1209.77,0.12096
830.394,0.0830319
1306.74,0.130647
982.324,0.098185
1779.43,0.177916
894.335,0.0893701
1099.05,0.109887
1852.8,0.184774
840.665,0.0840426
1155.9,0.115577
1142.81,0.114256
3604.72,0.360049
1450.12,0.14497
3021.32,0.301962
753.775,0.0753634
1465.96,0.146277
2497.56,0.249203
897.343,0.089687
1010.03,0.100926
945.49,0.0945433
733.552,0.0733028
647.298,0.064456
1601.8,0.160112
1528.44,0.152818
1229.61,0.122652
2571.69,0.257076
2761.85,0.276002
3465.24,0.3461
1478.72,0.147691
986.16,0.0985761
1341.97,0.13402
872.336,0.0870097
1023.74,0.102334
1540.61,0.154041
666.762,0.0666735
1713.77,0.171318
767.613,0.0767498
2303.45,0.230315
1762.84,0.176251
1365.24,0.136427
1009.76,0.100941
1127.1,0.112701
1012.72,0.101244
480.992,0.0480469
3448.58,0.344445
673.597,0.0673587
1182.74,0.118268
1064.93,0.106448
946.186,0.0945868
2528.44,0.25282
3525.72,0.349993
1099.35,0.109913
2001,0.199865
1068.03,0.106763
1151.69,0.115041
1783.54,0.178336
1522.58,0.152252
1724.08,0.172396
1678.05,0.167753
15650.4,1.55706
1421.12,0.142073
796.628,0.0796386
866.684,0.0866044
1910.22,0.190977
1492.59,0.149034
1543.33,0.154295
873.488,0.0872909
1276.38,0.127567
758.281,0.0758274
1021.94,0.102165
729.925,0.0729458
910.482,0.0910284
2533.52,0.253168
2740.33,0.273703
1719.47,0.170299
990.662,0.0990544
1015.33,0.101475
1380.05,0.137508
3082.2,0.308158
1314.81,0.131394
867.407,0.08652
1888.9,0.188818
1001.45,0.10014
1573.14,0.157231
1528.2,0.152792
1090.06,0.108998
965.078,0.0964981
561.919,0.0561576
2235.29,0.223337
823.089,0.0823049
1846.1,0.184398
1160.41,0.115336
825.291,0.08252
2828.71,0.282823
1043.49,0.104343
1968.55,0.196754
5131.32,0.51226
1162.47,0.115738
895.274,0.0895192
1235.63,0.123527
5972.58,0.596953
962.821,0.0962684
1296.65,0.129636
455.935,0.045593
528.578,0.0528442
973.724,0.0973545
1057.81,0.105645
1086.72,0.108642
851.764,0.0851617
1249.66,0.124919
808.701,0.0808458
5187.05,0.517771
2545.1,0.254436
811.599,0.0811379
8921.24,0.891246
784.498,0.078172
965.427,0.0965236
1792.84,0.179158
1251.15,0.125066
3137.85,0.313716
1096.42,0.109538
2180.22,0.217864
805.841,0.0805777
2077.02,0.207677
1221.34,0.12208
935.417,0.0934922
849.943,0.0849779
1036.7,0.103651
758.781,0.0758613
1592.75,0.159239
1088.06,0.108469
984.132,0.0983615
1600.04,0.159858
698.215,0.069783
815.097,0.0814227
859.008,0.0856449
961.155,0.0960423
1352.21,0.135214
4259.5,0.425784
912.075,0.0911645
4562.15,0.455791
615.021,0.0614961
2177.01,0.217688
865.745,0.086568
722.347,0.072077
1620.68,0.162029
1592.6,0.158996
557.089,0.0556984
920.313,0.0919906
631.985,0.063197
4613.25,0.461023
1088.09,0.108798
731.382,0.0731009
1129.06,0.112882
5147.64,0.514336
1762.11,0.176083
1238.63,0.123545
8931.73,0.889185
979.306,0.0979219
1521.9,0.152133
1376.52,0.137593
974.362,0.0973675
731.11,0.0729979
1664.27,0.166167
1188.65,0.118806
1080.34,0.108017
1299.15,0.129873
987.166,0.0986949
2275.74,0.227281
2519.48,0.251751
4252.06,0.421897
2497.69,0.249499
2121.89,0.21173
541.374,0.0541311
1022.59,0.102241
963.597,0.0963552
1077.21,0.107711
1015.4,0.101476
809.685,0.0809503
2120.81,0.21156
1443.21,0.14425
1312.22,0.131161
1998.14,0.199622
4878.76,0.487805
1325.64,0.132183
2577.46,0.257728
755.906,0.0755698
798.272,0.0798253
2772.05,0.277081
1828.72,0.182832
1599.76,0.159819
1595.05,0.158932
2153.91,0.215239
1639.98,0.16396
853.992,0.0853482
2029.49,0.202907
1362.92,0.136266
831.133,0.0831032
980.622,0.0979994
768.637,0.0767373
763.606,0.0763325
604.658,0.0604182
731.934,0.0731545
1364.26,0.13628
926.902,0.0925482
3699.03,0.368547
904.136,0.0904024
770.952,0.0770843
1206.72,0.120554
2475.25,0.247508
2557.57,0.255571
709.047,0.0708479
1866.74,0.186574
567.284,0.056655
1289.99,0.128594
671.964,0.0671938
860.177,0.0859761
1552.58,0.155225
1533.25,0.153305
806.844,0.0804249
779.829,0.0776046
968.894,0.0968616
982.976,0.0981916
1058.13,0.105715
1255.27,0.1255
990.168,0.0989799
8649.32,0.864252
714.546,0.071334
949.542,0.0948786
618.782,0.0617925
1801.56,0.179817
3211.71,0.321079
1748.79,0.174836
7603.69,0.759942
3425.87,0.341362
1162.14,0.116177
965.565,0.0964474
1170,0.116976
3506.19,0.35009
824.005,0.0823289
900.698,0.0899836
731.191,0.0731108
2177.56,0.217235
3361.43,0.335946
1017.17,0.101687
709.781,0.0709339
1883.25,0.18823
1400.71,0.140034
1531.94,0.153111
1344.8,0.134235
1617.36,0.161612
2282.53,0.22823
1201.06,0.120063
2409.08,0.240835
2512.68,0.251204
636.267,0.0636058
2386.71,0.238538
940.375,0.0937634
1169.17,0.116881
3484.17,0.343256
1335.63,0.133541
1097.55,0.109711
3257.04,0.325366
1573.67,0.15736
1379.44,0.137926
1076.24,0.107566
1326.47,0.132636
911.847,0.0911772
2294.63,0.229306
889.093,0.0888161
927.826,0.0923826
731.812,0.0731688
1387.86,0.138768
13239.1,1.32046
561.235,0.056121
1327.04,0.132629
2299.71,0.229723
1497.94,0.149759
1369.79,0.136878
1546.53,0.154616
862.905,0.0862723
4894.45,0.48934
1325.62,0.132419
1080.4,0.107957
1944.11,0.194326
1166.62,0.116627
1014.45,0.100785
1061.78,0.106073
666.538,0.0666479
1413.57,0.141297
1074.16,0.107236
2349.93,0.234965
558.884,0.0557062
1818.38,0.181814
1037.87,0.103708
1941.06,0.193979
820.483,0.0819978
12342.3,1.23306
834.666,0.0833781
1687.62,0.168754
1391.14,0.139096
1401.81,0.139763
772.687,0.0772662
1700.86,0.169918
1214.57,0.121454
2166.6,0.216219
1345.17,0.132679
3163.05,0.316238
1742.91,0.174118
775.111,0.0768498
1215.89,0.121582
634.349,0.0633915
1015.48,0.101532
1234.25,0.123361
1229.29,0.122867
1077.87,0.10776
967.908,0.0967644
1112.1,0.111147
946.215,0.0945672
1259.58,0.125921
972.296,0.0971285
1362.4,0.136196
1263.02,0.126269
4159.45,0.41566
986.207,0.098587
2083.71,0.208347
849.056,0.0848823
1945.92,0.194486
587.499,0.0586977
1868.18,0.186738
960.656,0.0957964
813.203,0.0812628
1683.37,0.168139
763.178,0.0763155
496.171,0.0496033
1499.19,0.149803
687.729,0.067858
1301.99,0.129749
748.468,0.0748289
765.854,0.076549
880.143,0.0879573
857.704,0.0856643
1991.77,0.196772
3936.11,0.393467
1215.2,0.121508
1389.69,0.138377
1149.52,0.114947
698.707,0.0698678
973.773,0.0973605
1013.08,0.101235
2292.41,0.229189
772.999,0.0772969
1539.39,0.153567
1206.72,0.120573
2978.52,0.297735
1848.77,0.184852
964.545,0.0964429
1631.85,0.163152
2796.53,0.271804
1705.63,0.170547
2587.14,0.258441
1016.3,0.101585
1069.47,0.106931
902.645,0.0902496
1395.4,0.139423
1612.51,0.161039
1020.92,0.102001
2415.42,0.241459
1076.52,0.107645
2848.62,0.284763
846.633,0.0846199
1274.67,0.127464
974.575,0.0973745
946.708,0.0946486
4339.98,0.433858
2053.93,0.205364
1216.56,0.121629
543.04,0.0542736
2400.27,0.239885
1219.21,0.121829
1465.33,0.146497
1250.94,0.125009
2072.77,0.206605
1075.04,0.107471
1584.02,0.158339
906.973,0.0904234
4216.31,0.42085
939.639,0.0938475
1375.25,0.137501
1252.83,0.125036
908.694,0.090861
985.2,0.0984923
971.901,0.0971723
1393.39,0.139318
3294.87,0.329142
460.434,0.0460231
1065.11,0.106505
653.035,0.0652933
1055.91,0.105565
561.995,0.0558477
1450.54,0.14505
1308.66,0.130692
3057.53,0.305593
1183.16,0.118237
1541.78,0.154145
950.256,0.0949954
870.3,0.0870188
1246.65,0.124517
1468.33,0.146802
1043.05,0.104289
2151.72,0.2151
1148.55,0.114501
2421.17,0.241873
1368.73,0.136843
756.481,0.0755725
1266.06,0.126568
2075.73,0.207431
2670.92,0.267072
1000.89,0.0999946
808.952,0.0808932
631.395,0.0629963
1728.16,0.172655
891.159,0.0890997
3113.18,0.31081
1480.05,0.147993
6382.65,0.637693
712.487,0.0712182
1864.14,0.186255
1039.23,0.103876
917.574,0.0916704
3186.12,0.318168
1104.81,0.110452
945.202,0.0944578
2940.16,0.284368
498.546,0.0496094
1514.47,0.151276
526.871,0.0526778
1028.77,0.102855
1485.71,0.148272
1401.88,0.140115
1212.31,0.121226
1792.33,0.179173
1366.14,0.136519
2080.13,0.207953
1129.25,0.112856
1691.29,0.168885
929.006,0.0928845
744.641,0.0744222
1726.61,0.172572
