EnergyDeposit(eV),LET(keV/um)
1124.55,0.112386
1784.69,0.178452
5916.94,0.590357
837.498,0.083745
3788.99,0.378545
1202.12,0.12021
1438.06,0.143288
741.054,0.0740995
1059.85,0.105967
1758.11,0.175755
1110.93,0.110561
1600.8,0.159876
7203.41,0.718844
1122.61,0.112255
967.2,0.0966825
795.151,0.0794922
1903.75,0.190316
1966.67,0.196529
519.196,0.0518278
1931.67,0.193151
444.768,0.0444741
1809.72,0.1807
2047.88,0.204647
3091.95,0.309101
2155.59,0.21552
2050.24,0.204981
919.821,0.091939
8076.98,0.805788
1145.02,0.114476
856.752,0.085592
1850.41,0.184966
1613.97,0.161379
2050.59,0.205028
884.915,0.0884631
1076.01,0.107588
1641.1,0.163974
931.162,0.0930855
756.938,0.0756223
1112.29,0.111043
621.016,0.062066
1573.46,0.157337
1291.13,0.129078
1110.5,0.111037
2952.36,0.29492
1357.44,0.135097
1137.9,0.113236
1430.4,0.142835
533.987,0.0533843
2954.32,0.295355
786.813,0.0786443
943.118,0.0943059
690.276,0.0688818
7094.65,0.709141
1096.02,0.109544
851.13,0.0851043
3046.3,0.304569
893.358,0.0893286
1096.01,0.109568
1619.47,0.161902
2088.86,0.208808
649.721,0.0649051
1189.38,0.118527
997.46,0.0996678
1475.63,0.147281
1571.46,0.157073
1092.47,0.109239
1351.09,0.134906
1255.98,0.125474
1137.03,0.113698
743.53,0.0743489
962.446,0.0961689
676.04,0.0676008
2672.35,0.267123
886.818,0.0886588
1610.16,0.160909
1178.44,0.117683
1632.72,0.163199
1921.83,0.19184
3143,0.310731
624.252,0.0623981
2304.11,0.230342
4495.25,0.44931
1001.63,0.100156
1195.44,0.119524
1261.22,0.126091
1292.83,0.129252
1262.27,0.126093
3574.81,0.357361
1940.14,0.193394
837.045,0.0837011
572.644,0.0571825
914.815,0.0909574
1282.73,0.127987
1119.65,0.111918
880.352,0.0880188
849.083,0.0845154
1321,0.132076
1133.52,0.112945
1203.51,0.120342
1230.38,0.123009
870.327,0.0869279
657.44,0.06573
6939.13,0.693699
1879.18,0.187752
2087.3,0.208463
1000.11,0.0999852
754.953,0.0753929
2102.08,0.210072
855.155,0.0855101
937.922,0.0937812
813.164,0.0813088
982.878,0.0982746
1749.56,0.174885
5100.79,1.16137
682.376,0.0682333
1227.68,0.122763
759.05,0.0758722
1000.56,0.100049
1294.21,0.129394
1139.93,0.113965
1587.91,0.158748
918.233,0.0918015
1208.05,0.120794
1496.14,0.149587
3932.34,0.392916
1070.18,0.107016
987.28,0.0984184
752.363,0.0752178
1652.53,0.165055
1096.68,0.109624
2683.2,0.268209
1006.75,0.100563
677.909,0.0676908
907.705,0.0903956
1072.57,0.107242
650.589,0.0650406
1085.63,0.108552
1232.37,0.12322
1355.11,0.135463
960.486,0.0960155
740.98,0.0740874
1709.43,0.170774
878.958,0.0878156
2053.78,0.205285
1584.42,0.158414
1122.25,0.112223
1489.05,0.14879
1039.96,0.103812
1312.77,0.131258
1546.84,0.154597
1708.49,0.170811
667.084,0.066528
1027.12,0.10265
1475.69,0.147344
2346.33,0.234519
1588.89,0.158433
1271.77,0.127159
1551.19,0.155104
1449.93,0.144965
3056.47,0.29322
920.515,0.0920393
746.901,0.0744674
1635.12,0.163472
680.051,0.0679714
922.677,0.092212
1901.32,0.189372
1145.51,0.114538
1754.73,0.175457
1056.05,0.105535
777.895,0.0777764
1503.53,0.149968
861.807,0.0861051
1467.55,0.146681
2285.59,0.228513
1160.7,0.115947
616.614,0.0616394
2229.75,0.222928
897.609,0.0897559
2544.93,0.25435
436.17,0.0436139
1219.22,0.12189
804.405,0.0804177
2437.01,0.243482
884.347,0.0883164
1686.14,0.168405
950.217,0.0950118
1433.67,0.143308
482.069,0.0481811
1401.52,0.140128
1531.36,0.153116
2577.74,0.257654
1876.98,0.187344
2193.02,0.219226
1820.29,0.182007
2270.28,0.227002
5149.26,0.514766
1119.77,0.11195
3176.16,0.316848
818.724,0.0818584
749.028,0.0748938
952.988,0.09528
715.431,0.0715253
2355.77,0.235506
6511.09,0.650249
2542.8,0.254163
1003.54,0.100335
1506.64,0.150571
2533.39,0.253244
1171.45,0.114889
1138.44,0.113818
1513.64,0.151299
2166.16,0.216584
1592.79,0.159227
1050.61,0.105048
1085.39,0.108407
1268.51,0.126758
1575.61,0.157525
911.809,0.0911585
5425.82,0.542055
2071.92,0.207166
1009.3,0.100923
652.695,0.065263
465.607,0.0465519
954.687,0.0954228
1106.57,0.11024
2362.38,0.235821
2136.87,0.21363
1163.04,0.116297
10000.3,0.99886
2416.92,0.241266
1160.65,0.115975
668.374,0.0668344
1710.98,0.17088
849.043,0.0848584
1244.26,0.124416
851.193,0.0850637
1995.06,0.199482
1392.32,0.139205
1043.83,0.104366
557.985,0.0557938
2218,0.221764
2305.53,0.230462
686.578,0.0685352
1031.6,0.103096
1349.46,0.134933
1085.31,0.108528
1399.9,0.139791
595.025,0.0595009
1258.43,0.125824
705.574,0.0705041
607.631,0.0607619
2705.09,0.270296
6725.77,0.671607
1568.36,0.156591
2721.46,0.271909
13854,1.37915
1469.12,0.14671
3083.42,0.308002
1357.21,0.135695
1115.12,0.111499
1360.45,0.13604
785.541,0.0783903
1370.4,0.136867
1940.65,0.193763
1403.99,0.140373
1252.5,0.125236
1235.64,0.123262
1513.77,0.145481
752.917,0.0752664
2926.84,0.292443
5231.43,0.522925
1157.84,0.115779
6753.15,0.675168
917.499,0.0917473
1247.72,0.124763
1328.79,0.132834
2285.25,0.227106
2997.83,0.299515
1424.42,0.142143
654.819,0.0654678
1033.01,0.103284
1789.47,0.178912
2068.61,0.206747
767.938,0.0767821
606.336,0.060615
1055.96,0.105566
1017.39,0.101728
1401.77,0.140142
1297.09,0.129627
1036.32,0.103458
1297.03,0.129693
1885.52,0.188516
1753.36,0.175127
2015.05,0.201009
1684.19,0.168364
2565.98,0.256393
992.53,0.099245
1169.8,0.116904
1136.19,0.113567
836.248,0.0836143
1503.27,0.150147
1942.57,0.194205
487.517,0.0487269
2986.64,0.298444
1344.44,0.134389
1061.85,0.10617
1693,0.169212
1749.96,1.12033
1222.73,0.122268
1047.65,0.104736
757.203,0.0756809
1644.04,0.164122
1119.71,0.111939
1177.28,0.117585
2483.53,0.248146
1905.56,0.190413
923.709,0.0908033
1271.24,0.127112
3568.04,0.356666
1855.33,0.185254
1023.81,0.10231
1114.52,0.111374
1411.84,0.14117
1568.82,0.156591
517.825,0.0517815
1569.05,0.156556
1120.47,0.111961
685.796,0.0685649
19100.6,1.90402
1433.65,0.143233
643.86,0.0643839
781.308,0.0781281
9609.91,0.959576
2148.45,0.214715
1084.5,0.108411
1173.15,0.117314
2035.35,0.203198
722.032,0.0721863
2112.26,0.210875
1626.41,0.162609
1287.04,0.12867
1065.51,0.106532
1055.25,0.105513
514.876,0.051471
1890.89,0.188685
1118,0.111763
2514.81,0.251345
839.248,0.0839201
612.216,0.0610954
685.452,0.0681853
849.67,0.0849413
1947.04,0.194643
1951.09,0.195042
1934.87,0.189965
2265.84,0.226545
1223.78,0.122343
1781.27,0.178001
2175.58,0.217372
1409.35,0.140865
1027.47,0.102728
668.179,0.0667727
916.957,0.0916432
1506.51,0.150621
1164.75,0.116459
781.616,0.0775638
1778.58,0.175304
894.747,0.0894718
895.964,0.0895359
2287.4,0.228374
1256.95,0.12568
6749.28,0.674584
832.693,0.0830804
1003.05,0.100187
2122.14,0.212135
852.141,0.0851711
1217.36,0.121713
854.41,0.0851663
2040.9,0.204047
1342.84,0.134232
998.929,0.0998805
630.543,0.0630044
1125.8,0.112572
737.017,0.0736866
799.97,0.0798971
1143.31,0.114255
610.905,0.0610872
5097.89,0.5096
805.302,0.0804307
1180.07,0.117958
1512.96,0.150984
908.309,0.0906677
2548.88,0.254682
4274.27,0.425583
2547.04,0.254614
1237.25,0.123603
2613.05,0.261232
1185.48,0.118371
1475.3,0.147461
1340.13,0.133914
989.104,0.0987243
602.496,0.060249
1080.44,0.107998
761.544,0.076152
937.917,0.0937122
793.598,0.0793363
742.259,0.0739722
2181.41,0.218116
1266.01,0.126554
840.933,0.0840723
3114.66,0.31129
1976.17,0.197582
2306.84,0.230648
1261.64,0.125355
1469.99,0.146914
1124.98,0.112437
1064.43,0.106436
1901.08,0.189978
3682.97,0.368191
3796.78,0.379412
2538.54,0.253748
733.785,0.073319
4187.23,0.417756
994.364,0.099383
830.604,0.08304
1477.16,0.147655
1659.5,0.16593
739.19,0.0738983
940.985,0.0940927
14473.3,1.43987
883.238,0.0883016
1180.84,0.118063
1169.84,0.116957
1105.32,0.110462
1305.3,0.130413
1057.58,0.105749
955.248,0.095058
865.766,0.0856962
1126.05,0.112404
902.85,0.0902552
607.487,0.0607041
3216.27,0.321546
869.843,0.0869421
1601.22,0.160115
1432.67,0.14324
705.923,0.0705746
773.646,0.0759128
818.17,0.0817955
1304.51,0.130397
1260.59,0.126021
945.096,0.0944657
3996.63,0.398775
1494.48,0.149388
1878.92,0.187769
1403.51,0.139964
1104.24,0.11042
1118.78,0.111739
945.713,0.0945627
1067.28,0.106693
2187.45,0.218726
1006.7,0.100495
567.88,0.056781
1130.93,0.113022
1250.34,0.125019
530.283,0.0530222
1120.17,0.11191
1142.87,0.114188
1849.68,0.184638
1095.32,0.10953
1819.37,0.181805
878.123,0.0878059
2161.01,0.215644
2632.73,0.259654
1874.19,0.187366
647.001,0.064694
2393.1,0.239265
767.161,0.0767112
1171.21,0.116993
904.861,0.0922606
675.183,0.0675161
1291.63,0.129056
1064.71,0.106451
1096.11,0.109536
2013.25,0.201107
637.802,0.0637768
1139.01,0.113437
948.344,0.0947773
1089.47,0.108897
519.277,0.0519219
776.033,0.077601
1519.47,0.151865
1714.02,0.171216
1501.86,0.150112
1577.38,0.15772
1119.11,0.111908
3404.83,0.340329
1009.87,0.100957
1086.94,0.108639
1032.02,0.103197
1336.89,0.133548
1261.79,0.12609
3038.37,0.303723
933.437,0.0933237
1233.02,0.123281
3931.17,0.392894
1571.1,0.157077
1460.45,0.145846
3695.16,0.369318
1357.11,0.135632
1687.25,0.168662
1463.98,0.143249
903.067,0.0902868
1064.55,0.106437
1057.78,0.10575
975.216,0.0974627
966.401,0.0964761
938.757,0.0938559
3759.56,0.375021
1417.35,0.141674
2011.35,0.200968
1692.71,0.169226
690.698,0.068877
391.003,0.0390909
1957.82,0.195122
1061.47,0.106131
1181.6,0.118089
417.947,0.0417819
1925.71,0.192499
551.424,0.0551258
1138,0.113759
2197.9,0.219734
1388.8,0.138809
2448.77,0.244833
1212.27,0.121185
720.249,0.0719736
1177.64,0.117758
14462.8,1.44466
2418.98,0.241816
1433.06,0.143287
1836.69,0.183619
2098.49,0.209728
1165.15,0.11651
2071.19,0.206985
741.988,0.0741889
1904.87,0.189811
831.302,0.0831029
2557.94,0.25577
1623.73,0.162245
767.247,0.0767135
1103.35,0.110307
916.779,0.0862206
2226.17,0.222155
1408.17,0.140768
480.737,0.0471482
753.918,0.0753178
1224.93,0.122395
2309.03,0.230845
2153.88,0.214604
1156.26,0.115124
1430.98,0.143077
1052.17,0.105193
865.807,0.0865697
1590.09,0.157444
2098.55,0.209739
922.212,0.0921872
1248.53,0.124779
1677.51,0.16763
1043.04,0.104285
3848.84,0.384786
2603.92,0.259906
1163.3,0.116293
2016.2,0.201532
1029.55,0.10293
782.833,0.0782717
817.821,0.0817777
990.843,0.0986835
2450.9,0.245042
1450.07,0.144992
998.322,0.0998302
839.019,0.083827
2039.55,0.203834
1353.72,0.135365
507.905,0.0507772
937.927,0.0937019
2945.46,0.293989
1206.76,0.120672
1022.09,0.102191
934.823,0.093452
1442.46,0.144225
724.808,0.0724338
768.765,0.0767271
1202.08,0.120156
2465.02,0.245775
2058.76,0.205435
1960.96,0.196049
990.34,0.0990271
2532.47,0.252291
1786.48,0.178511
2305.97,0.230544
1102.98,0.110161
1030.23,0.103015
989.486,0.0989191
1280.75,0.127989
1492.46,0.146929
6671.65,0.666124
918.767,0.0918357
1130.34,0.113014
1919.75,0.191858
4606.22,0.459641
1776.51,0.177533
772.216,0.0772021
904.466,0.0904246
3097.13,0.309695
3367.32,0.336553
1325.59,0.129809
1229.26,0.122896
604.649,0.0604372
877.236,0.0876921
829.38,0.0828566
638.833,0.0624904
1375.33,0.137302
2679.95,0.267898
18298.4,1.81632
818.739,0.0818699
1227.42,0.122709
3495.68,0.34947
1229.19,0.122847
2329.88,0.232893
1132.14,0.113175
924.43,0.0924218
862.244,0.0862176
1392.08,0.139184
4929.37,0.492774
1378.83,0.137851
1033.82,0.103302
1768.92,0.17686
2256.57,0.225191
1270.36,0.126947
1276.86,0.12761
1148.09,0.114805
1773.91,0.17715
904.423,0.0895733
916.258,0.0916012
1926.49,0.192109
2552.54,0.255053
7383.84,0.73702
1313.5,0.131343
1049.12,0.104835
1922.99,0.192293
1793.53,0.179328
776.02,0.0775884
1624.73,0.16246
985.853,0.0985808
2198.36,0.21975
2572.57,0.257105
4277.81,0.427398
1419.7,0.141892
932.897,0.0932384
1102.97,0.0833549
1273.78,0.127372
1345.29,0.132194
3164.61,0.316446
1236.72,0.123486
1294.26,0.129332
1081.57,0.108145
1769.63,0.176797
1564.88,0.156365
1885.87,0.188306
1519.26,0.151907
1707.71,0.17075
1129.98,0.11298
749.113,0.0748405
2803.19,0.279706
657.127,0.0656932
688.252,0.0688081
3217.69,0.320002
1597.47,0.159663
1450.33,0.145021
1149.22,0.114906
1476.38,0.14694
979.446,0.0979392
945.097,0.0944281
1172.25,0.116938
2352.93,0.235027
1019.76,0.101963
1082.48,0.108194
1223.25,0.122169
1034.32,0.103421
1215.54,0.121532
693.975,0.069296
18691.1,1.86324
900.215,0.090012
646.256,0.0646126
2065.61,0.206498
814.368,0.081431
1563.65,0.156295
1702.95,0.170246
638.374,0.0637168
2061.53,0.206074
3351.56,0.335103
3657.79,0.365387
4094.68,0.408799
2375.35,0.236743
995.102,0.0994924
1989.86,0.260695
1205.07,0.120372
871.646,0.0871617
1836.61,0.183327
1917.86,0.191717
6538.05,0.653431
3073.7,0.30713
1171.92,0.117191
1030.92,0.103043
995.87,0.0994786
1059.48,0.105942
2949.37,0.294793
1074.8,0.10747
1050.47,0.105031
762.343,0.0762289
727.857,0.072769
2621.03,0.262039
2178.96,0.21781
979.942,0.0979897
1205.51,0.120018
1184.46,0.118378
692.746,0.0692344
2821.72,0.28211
1909.24,0.190841
812.79,0.0812165
892.563,0.0891622
2016.67,0.201533
865.079,0.0864989
1086.01,0.108567
1008.34,0.100762
1442.61,0.143989
1137.98,0.113795
1352.83,0.135032
907.606,0.0907282
2448.32,0.244664
1713.34,0.171289
1655.54,0.16547
1030.39,0.103027
1085.93,0.108589
940.644,0.0939289
813.775,0.0813635
5978.69,0.597068
1380.77,0.138068
711.193,0.07106
989.224,0.0988852
1155.86,0.115544
898.918,0.0898291
1025.18,0.102513
1031.1,0.103103
2096.47,0.209236
1626.13,0.162535
2075.65,0.207492
1102.82,0.110235
1290.93,0.128679
1298.93,0.129814
1155.67,0.115517
1480.81,0.148004
1442.41,0.144233
1853.19,0.185055
2157.26,0.215693
1223.36,0.12232
2810.52,0.281021
1805.83,0.180554
1906.41,0.190616
1151.84,0.115165
4273.74,0.427041
1066.98,0.106608
961.826,0.0961788
1850.46,0.185006
798.407,0.0797998
1725.79,0.172458
2752.35,0.274854
1432.35,0.143124
1890.49,0.189022
1143.33,0.114311
1699.51,0.169476
1047.07,0.104614
3053.55,0.304608
1158.83,0.115873
1801.77,0.18012
925.392,0.0925294
840.699,0.0840492
717.301,0.0717211
3602.94,0.358199
1647.78,0.164726
1154.65,0.115437
1633.26,0.163308
1180.07,0.117985
621.906,0.0621894
4440.72,0.443133
993.14,0.0993007
981.818,0.0980695
1325.07,0.132441
894.939,0.0894806
1646.81,0.164602
1215.32,0.121309
1959.15,0.185301
1242.62,0.124135
1069.74,0.106966
1914.69,0.191451
2245.75,0.224386
2165.91,0.216406
1821.06,0.182055
1042.71,0.104243
1845.99,0.184509
1280.31,0.128016
3433.4,0.343233
1255.87,0.125533
1177.97,0.117751
1447.93,0.144268
717.57,0.0717548
744.85,0.0744496
6768.27,0.667836
1459.13,0.1459
871.048,0.0869893
2428.78,0.242739
1575.48,0.1575
1574.13,0.157251
619.042,0.0619028
1086.89,0.108652
1107.54,0.110446
892.146,0.089052
834.085,0.0834051
1283.52,0.128328
978.332,0.0977401
615.249,0.0615244
1098.4,0.109788
1039.42,0.103938
1365.69,0.136479
1141.82,0.113982
821.851,0.0821813
1498.36,0.149826
568.731,0.0568461
1201.44,0.12014
1163.02,0.116191
1037.97,0.103769
2141.11,0.213922
571.821,0.0571731
1079.63,0.107838
1093.3,0.1093
5372.19,0.536689
12964.9,1.29109
1491.92,0.149162
1199.3,0.119836
1137.92,0.113541
579.71,0.057959
823.144,0.0822963
1424.46,0.142432
1181.25,0.117525
1544.39,0.154418
1228.72,0.122233
3357.09,0.33331
2799.39,0.279911
1252.95,0.125289
1779.76,0.177934
795.121,0.0794998
2099.76,0.208245
818.241,0.0817702
772.733,0.0772712
1006.27,0.10061
1383.58,0.138295
1740.12,0.173955
1109.42,0.110566
1712.54,0.171176
770.657,0.077056
875.733,0.0875036
4271.6,0.426407
929.339,0.0929214
932.104,0.0931784
1170.64,0.117055
1137.95,0.113711
870.517,0.0869768
1824.45,0.182421
1917.87,0.191776
1338.28,0.133712
1090.77,0.108409
629.814,0.0629763
4181.31,0.417843
1168.34,0.116745
1645.22,0.164476
2210.89,0.220891
884.325,0.088427
774.992,0.0774888
3051.75,0.305131
3297.19,0.329635
992.265,0.0963073
867.366,0.0867263
3186.86,0.318673
1641.93,0.164109
1433.67,0.142793
948.661,0.0948493
954.738,0.0954677
1088.3,0.108619
718.366,0.0715993
1809.99,0.180832
1006.91,0.10066
953.39,0.0952875
1190.05,0.118511
930.594,0.0929991
889.475,0.0889345
719.792,0.0719668
824.362,0.0824017
3922.3,0.391814
1227.55,0.122741
1214.83,0.121391
5592.14,0.558681
1296.98,0.129676
758.49,0.0691854
1855.17,0.185355
3337.35,0.333643
922.716,0.0920542
820.944,0.0820048
891.768,0.0891735
1752.3,0.175144
7651.31,0.764708
1083.06,0.108118
705.048,0.0704764
1849.03,0.184714
2174.16,0.217379
895.523,0.0893687
1685.88,0.168547
1306.53,0.13065
722.639,0.0722424
1069.59,0.106885
1148.42,0.114685
1288.4,0.128761
2048.85,0.204712
806.016,0.0805194
1743.16,0.174145
1291.18,0.129082
1093.2,0.109294
2053.06,0.20526
1664.41,0.166431
1092.32,0.10921
992.647,0.0992394
890.644,0.0890606
1223.91,0.122362
684.67,0.068465
1351.21,0.135048
2046.38,0.204584
1092.86,0.109279
1109.48,0.09152
891.632,0.0890301
646.166,0.0646143
3018.42,0.301688
918.682,0.0918487
1404.04,0.140355
1431.84,0.143181
1465.97,0.146294
1664.71,0.166347
2936.19,0.293492
999.923,0.0998718
2010.24,0.200933
551.364,0.0550863
1418.44,0.141824
2443.58,0.244314
1157.21,0.115706
1914.68,0.191463
1026.64,0.102639
687.308,0.0687079
1804.16,0.17985
1843.55,0.184254
983.875,0.0983608
847.554,0.0844725
1540.03,0.153826
693.368,0.0693308
1190.84,0.119056
907.018,0.0906605
630.215,0.0630084
793.258,0.0793174
1163.82,0.116344
1362.39,0.136189
1452.7,0.145234
1925.2,0.191838
872.371,0.0872119
2047.59,0.204708
1153.18,0.115263
1524.83,0.152441
1145.44,0.11453
1147.83,0.114775
1796.44,0.17953
2090.26,0.208939
1172.61,0.117172
1459.68,0.145752
1401.88,0.140164
5898,0.589508
2426.99,0.242318
507.889,0.0503047
860.147,0.0858683
1743.94,0.174136
6723.13,0.671735
7203.36,0.718781
759.121,0.0758485
1456.06,0.138032
935.206,0.0934931
1647.16,0.164692
793.304,0.0793234
635.599,0.0635255
1329.4,0.132887
1640.78,0.16401
954.648,0.0954532
720.351,0.0719916
844.196,0.0844144
2515.97,0.251517
1407.09,0.140182
773.21,0.0773141
1060.05,0.105939
1064.03,0.106336
755.894,0.0755817
2880.04,0.287899
933.862,0.0932307
3396.11,0.339421
1046.48,0.104602
924.494,0.0924339
921.204,0.0920814
5816.39,0.581108
2002.77,0.200031
854.687,0.0854573
1363.83,0.13634
1088.52,0.108845
1019.63,0.101428
1745.07,0.174492
5673.13,0.566431
1337.6,0.133678
1913.64,0.19135
5568.43,0.556114
1496.9,0.149627
737.731,0.073764
1568.53,0.156813
1657.26,0.16539
774.698,0.0774624
1220.59,0.122027
1045.2,0.104469
1936.66,0.193639
773.622,0.0773414
2173.47,0.217257
1106.7,0.109734
1806.94,0.18069
798.606,0.0798146
2048.95,0.204804
11755.4,1.17254
1625.79,0.162443
2407.54,0.240528
949.716,0.0947005
1161.28,0.116037
1662.02,0.165888
4092.03,0.409087
1932.68,0.192748
1315.31,0.131404
1724.44,0.172411
1684.35,0.168424
1099.94,0.109918
1410.6,0.140807
1400.12,0.139904
2746.65,0.274524
774.363,0.0774206
1120.19,0.111933
1784.3,0.178391
3136.06,0.313581
694.628,0.0694314
2031.19,0.203088
939.729,0.0936499
4156.07,0.414067
3112.86,0.310746
1737.31,0.181363
845.164,0.0845011
1529.7,0.152959
1432.55,0.143219
1122.08,0.112173
798.473,0.0797815
2033.83,0.203193
569.731,0.056845
667.074,0.0666978
2050.56,0.20489
1213.02,0.121253
894.815,0.0894776
1581.23,0.158036
821.274,0.0820978
2304.1,0.230319
11688.2,1.16793
878.21,0.0876778
1379.06,0.137888
2118.12,0.211753
1846.35,0.184617
1010.6,0.101048
1238.01,0.123738
1597.1,0.159633
998.989,0.0998828
981.774,0.0981373
3410.39,0.339533
875.762,0.0875262
2128.8,0.2128
1026.13,0.102525
914.643,0.0914614
852.536,0.085252
999.001,0.0998909
3120.59,0.311795
2419.97,0.241861
2110.74,0.211018
1643.21,0.164287
801.346,0.0800803
2581.83,0.258158
1081.21,0.108108
2467.49,0.246665
1916.05,0.191516
1773.85,0.177278
703.949,0.0703746
751.68,0.075107
673.457,0.0673199
1202.62,0.120259
482.56,0.0482286
2141.8,0.214148
671.603,0.0670762
1877.37,0.18772
550.197,0.0550152
562.966,0.0562354
1908.28,0.190763
936.258,0.0935971
3412.19,0.340914
1003.24,0.100188
853.374,0.0851472
1058.49,0.105667
1111.13,0.111035
1597.69,0.159674
2811.47,0.281104
854.039,0.0853239
1042.1,0.104187
2688.45,0.26881
856.733,0.0856613
2945.74,0.293874
960.224,0.0959663
1613.2,0.161182
2207.57,0.220262
500.104,0.0500094
5651.46,0.564447
1124.19,0.112402
1425.29,0.142368
1542,0.154191
1038.24,0.103815
433.755,0.0433686
2595.18,0.259151
2580.95,0.258
1065.01,0.106416
817.026,0.081689
1483.62,0.148228
8759.93,0.873138
3114.83,0.310304
1263.03,0.126281
2255.19,0.225294
2820,0.28162
1086.59,0.106945
1097.75,0.109769
1286.01,0.128586
858.489,0.0858283
1653.68,0.165172
839.586,0.0839524
1571.09,0.156973
1281.07,0.128064
982.658,0.0982583
2673.58,0.266884
1222.82,0.122064
1269.67,0.114142
1491.31,0.148955
1478.8,0.14785
1059.69,0.105916
1487.52,0.148706
971.445,0.0971119
827.872,0.0827829
1151.98,0.115193
941.086,0.0940493
2298.98,0.229881
1193.34,0.119282
1074.87,0.107342
1885.39,0.187886
1227.32,0.122612
669.726,0.0667306
1302.62,0.130237
694.111,0.0694001
907.7,0.0906323
2100.07,0.209792
4387.72,0.438646
754.27,0.0752496
795.607,0.0795169
2757.26,0.267339
1489.47,0.148793
1823.02,0.182172
1327.48,0.132458
2455.19,0.245383
718.163,0.0718137
2069.87,0.206661
871.52,0.0871277
1321.38,0.132053
3874.44,0.387181
1225.86,0.122223
1071.83,0.107171
2820.01,0.281761
1525.94,0.152399
819.944,0.0819576
1127.75,0.112758
1132.21,0.11262
1115.93,0.111589
8108.18,0.810563
871.061,0.0870221
792.799,0.0792778
807.168,0.0806991
1058.48,0.10584
1221.01,0.12206
9063.5,0.905695
1102.18,0.110177
815.989,0.0815875
953.593,0.0952627
1751.28,0.175042
3042.57,0.304125
1446.01,0.144423
1166.22,0.11643
844.923,0.0844647
966.316,0.0966135
878.263,0.0878205
820.694,0.082047
1899.13,0.189573
8135.18,0.812395
2020.65,0.201952
954.509,0.0954251
592.695,0.0592538
1216.33,0.121583
1200.08,0.119995
998.659,0.0998441
1166.47,0.116638
863.733,0.0863679
527.185,0.0527079
1321.14,0.132071
820.369,0.0819304
1050.56,0.105054
817.39,0.0816207
1008.17,0.100794
787.005,0.0785585
969.653,0.0968707
1368.25,0.136814
734.648,0.0734592
756.431,0.0756394
907.974,0.0899576
1681.86,0.167483
1754.73,0.175417
1539.83,0.153865
1938.18,0.193531
1678.65,0.167834
1250.07,0.124984
734.668,0.0734634
903.911,0.0903538
609.467,0.0609325
1239.8,0.123943
1306.84,0.130509
1193.42,0.118362
1089.11,0.108876
2564.71,0.256363
788.483,0.0788283
1977.84,0.197732
1218.65,0.121844
1121.87,0.111706
1040.15,0.103957
1079.65,0.107959
1538.05,0.153788
1033.78,0.103374
1405.68,0.140523
1815.54,0.1815
3139.32,0.312681
644.593,0.0643367
1434.39,0.143406
3200.72,0.319926
2280.87,0.228014
1157.77,0.115739
1748.14,0.174591
1009.44,0.100846
2171.75,0.216894
883.74,0.0883279
1297.92,0.129786
674.043,0.0673442
511.121,0.0511082
1775.72,0.229828
2023.32,0.202229
3279.02,0.327806
701.348,0.070086
705.896,0.0705876
1959,0.195553
721.891,0.0721614
1992.12,0.199161
825.56,0.0824466
2503.86,0.250351
2310.89,0.231048
1939.77,0.193904
2051.11,0.205039
940.693,0.094038
1191.85,0.119124
834.158,0.0833
809.74,0.0807613
3271.76,0.326911
1505.33,0.150437
702.146,0.0702103
950.465,0.0950331
1105.51,0.110479
1520.54,0.152034
1671.02,0.166921
2415.68,0.241503
847.907,0.0846127
753.314,0.0752893
1650.21,0.162183
1955.3,0.195211
672.913,0.0671299
1670.55,0.166824
1060.63,0.105883
1443.4,0.144265
1472.71,0.147113
2932.03,0.293039
1099.86,0.109892
1576.6,0.156088
1490.41,0.148821
1636.3,0.163381
2308.9,0.230776
2100.28,0.209953
1097.53,0.109737
2670.75,0.266917
1312.79,0.131176
2331.88,0.232942
757.821,0.0757316
1177.97,0.115863
877.693,0.0877618
868.678,0.086788
767.579,0.0767566
1061.46,0.106075
1195.4,0.11951
1219.26,0.121875
721.621,0.0721473
981.502,0.0979978
5841.79,0.584069
1942.02,0.193874
1480.54,0.148045
1571.92,0.155691
2125.03,0.212331
1588.4,0.158733
661.755,0.0661367
980.759,0.0980489
753.963,0.07538
1100.38,0.109965
1383.2,0.138031
1107.63,0.110757
1006.97,0.100601
2509.28,0.25067
1125.08,0.112478
768.384,0.076807
1134.42,0.113395
1191.35,0.119051
1204.78,0.120372
986.117,0.0984523
1179.14,0.117819
921.442,0.0912928
1540.26,0.153981
1072.88,0.107272
1381.06,0.138096
1915.59,0.191467
1494.64,0.149372
1198.01,0.119742
1674.06,0.167389
1196.77,0.119658
2385.89,0.238538
2360.84,0.23606
1559.11,0.155621
979.056,0.0978972
959.301,0.0958178
1208.12,0.120788
1936.68,0.193581
1176.78,0.117509
1817.72,0.181697
2169.55,0.216929
849.838,0.0849819
840.982,0.0838201
3375.63,0.337317
670.316,0.0669817
1537.01,0.153162
1427.54,0.142738
852.353,0.0852272
844.51,0.0843734
1655.2,0.165401
1375.05,0.137413
769.028,0.0768872
2783.93,0.278253
1049.41,0.104889
1240.49,0.123965
925.655,0.0925115
698.644,0.0695708
1326.32,0.132435
3040.56,0.303852
1555.71,0.155553
701.618,0.070121
1937.41,0.193648
3110.81,0.311021
1024.17,0.102265
1309.64,0.130929
1284.86,0.128382
968.516,0.0968385
2531.31,0.252451
2710.61,0.270811
1398.53,0.139759
1083.08,0.107836
1058.54,0.10585
1137.41,0.113699
862.884,0.0851534
21667.6,2.15994
1312.98,0.131279
1606.43,0.160589
1594.19,0.159014
2490.53,0.248712
759.077,0.0759059
968.245,0.096802
794.207,0.0793928
5666.36,0.566205
1369.52,0.133287
1872.68,0.187209
951.48,0.095092
3838.59,0.382461
682.567,0.0682325
1052.98,0.105288
660.685,0.0660301
16576.6,1.65431
917.323,0.0915418
1631.17,0.163089
1266.56,0.126652
4352.83,0.435108
875.184,0.0871383
832.406,0.0832229
588.309,0.058828
1330.5,0.133027
840.175,0.0840029
1483.38,0.148236
1340.18,0.134004
1074.34,0.107308
1782.03,0.178183
1537.35,0.153702
1829,0.182415
3142.77,0.314008
3026.39,0.302367
1150.73,0.115023
1083.86,0.108377
5456.08,0.544989
13589.7,1.34992
2090.3,0.208743
823.779,0.0823556
1321.72,0.132114
826.516,0.0826154
1044.32,0.104411
1296.49,0.129616
1664.24,0.166334
1245.55,0.124479
5649.34,0.562939
976.6,0.097597
963.546,0.0963003
1637.39,0.163706
2329.23,0.232821
4520.93,0.45143
1314.21,0.131359
1000.86,0.0999903
1191.68,0.119136
828.764,0.0821219
399.07,0.0398914
1903.55,0.190296
793.902,0.0793806
840.718,0.0840699
866.901,0.0866151
947.389,0.0937913
908.58,0.0908133
1386.55,0.138554
1052.79,0.105267
1407.09,0.140589
10217.8,1.00903
1638.37,0.163521
760.118,0.0759732
1533.2,0.153312
1409.86,0.140955
2405.24,0.240212
1109.22,0.110786
944.638,0.0944579
2878.25,0.28773
1931.04,0.193068
956.185,0.0956019
794.846,0.0794363
1162.88,0.115858
1956.23,0.194341
2466.19,0.24632
1097.36,0.109654
1133.96,0.113374
488.932,0.0488866
1309.88,0.13071
1314.19,0.131339
1220.59,0.122024
3300.71,0.329656
1079.49,0.10794
2411.46,0.241082
739.36,0.0732009
2728.58,0.272736
1457.82,0.145673
880.004,0.087803
7923.22,0.791137
1792.75,0.179096
2068.18,0.206546
1082.79,0.108234
23845.3,2.36011
1280.99,0.128057
2042.61,0.204104
1074.39,0.107386
1252.06,0.12504
715.603,0.0715594
861.944,0.0861569
1449.57,0.144939
759.468,0.0758056
1628.82,0.162755
1759.65,0.17589
1385.89,0.138579
1002.11,0.100197
973.763,0.0972884
1735.29,0.173444
1831.01,0.183089
1993.63,0.198144
7555.75,0.755109
717.038,0.0716821
2171.77,0.216979
1879.98,0.18798
847.238,0.0847117
951.382,0.0951359
1550.36,0.154369
1288.49,0.128815
526.125,0.0525816
711.064,0.0710752
2099.58,0.209922
854.324,0.0854289
1478.6,0.147824
1624.46,0.1624
1686.6,0.168309
3171.97,0.317101
1389.61,0.138945
1485.67,0.148549
2570.58,0.256758
732.724,0.07327
628.498,0.0628461
1012.58,0.101216
2174.63,0.217251
1217.62,0.121706
969.334,0.0969305
2110.54,0.210974
2464.95,0.246444
1521.15,0.152104
1612.42,0.161185
1587.01,0.158666
953.034,0.0952939
1287.62,0.128724
996.454,0.09962
822.84,0.0822002
1822.59,0.182144
2250.22,0.224651
1750.71,0.175054
1189.74,0.11891
2424.56,0.242342
1112.63,0.111154
852.46,0.0852084
1288,0.128482
1201.74,0.120122
771.672,0.0769398
1361.93,0.136106
1820.28,0.181952
3459.14,0.345629
2465.89,0.246503
1330.35,0.133022
1270.31,0.127008
1817.44,0.181726
1718.08,0.171762
2521.68,0.252159
679.863,0.0679838
2124.9,0.212429
1946.45,0.194449
1153.97,0.115246
994.993,0.0993865
1112.73,0.111153
913.709,0.0913667
1640.74,0.163991
1040.97,0.104083
870.863,0.0870348
1626.6,0.16262
1126.82,0.112541
1796.57,0.179642
1934.79,0.193447
2509.24,0.250784
1426.73,0.142632
1307.71,0.130763
871.151,0.0870691
1074.08,0.10438
777.597,0.0777295
1673.87,0.167157
1708.68,0.170826
668.821,0.0664618
1093.97,0.109375
878.124,0.0878116
2259.04,0.225737
911.198,0.0910932
1942.49,0.194211
1310.67,0.131009
1477.8,0.147731
1897.55,0.189428
1137.06,0.113504
2514.1,0.251336
834.576,0.0833133
3748.12,0.374664
1664.1,0.166369
6689.73,0.668683
1384,0.137854
1462.94,0.14623
1050.56,0.104895
1469.44,0.146915
1061.88,0.106068
4131.97,0.413118
1171.44,0.117126
1031.44,0.103135
843.635,0.0843144
951.331,0.0949145
1153.46,0.114963
921.479,0.0921298
970.267,0.0970172
810.789,0.0810655
1087.78,0.108777
1743.48,0.174296
1449.02,0.144886
2574.14,0.257227
2564.19,0.25638
2135.03,0.213351
2199.54,0.219871
1029.88,0.102983
950.818,0.0950652
968.086,0.0967087
1259.71,0.125689
1295.22,0.128919
928.994,0.0928151
843.707,0.0843333
1233.63,0.123351
1416.39,0.141417
1393.96,0.139375
805.531,0.0805418
5937.91,0.593612
2378.32,0.237039
764.012,0.0763838
3881.76,0.38813
6273.52,0.62577
1429.72,0.142883
1811.02,0.181041
667.873,0.0667614
1076.29,0.107615
1598.01,0.159752
1580.22,0.157889
1431.11,0.143074
1217.98,0.121787
1025.99,0.101091
869.53,0.0869449
1102.55,0.110211
2675.81,0.267494
899.534,0.0880971
1224.02,0.122388
932.005,0.0931828
803.436,0.0803327
3438.77,0.343433
805.605,0.0805585
1600.82,0.159926
1110.02,0.110961
1759.8,0.175885
906.132,0.0904898
1555.72,0.155322
1313.77,0.131118
1454.98,0.145396
1249.56,0.124514
1443.36,0.144225
726.304,0.0726287
875.171,0.0875087
3320.12,0.331793
820.683,0.0820318
729.909,0.0729789
14151.4,2.15341
2354.5,0.235414
681.842,0.0681793
902.682,0.0902445
1254.99,0.125459
1333.48,0.133235
2324.89,0.232414
639.595,0.0638114
941.806,0.0941581
1452.17,0.145203
698.637,0.0689661
633.441,0.0633281
1485.8,0.148473
984.457,0.0979873
1380.68,0.137814
756.675,0.075643
1574.14,0.15741
2268.74,0.226815
1865.36,0.186492
1060.6,0.105982
1315.22,0.131464
994.154,0.0993516
1655.42,0.16542
828.227,0.0827122
1195.26,0.119511
1024.25,0.102414
687.599,0.0687536
646.749,0.0646608
975.044,0.0974976
1830.5,0.182981
6708.37,0.670318
609.288,0.0608894
1142.06,0.114202
1321.68,0.132089
669.865,0.0669815
1570.41,0.157004
1075.1,0.107413
1196.28,0.119603
6677.49,0.665433
1267.04,0.126578
649.38,0.0649
5465.21,0.545887
772.168,0.0772145
749.579,0.0749049
844.131,0.0843911
1522.15,0.152023
2552.11,0.255168
1357.54,0.135584
1775.9,0.177578
792.482,0.0792304
937.792,0.0937677
2062.48,0.206172
1634.41,0.163406
1127.14,0.112666
929.902,0.0929728
2192.2,0.219128
3342.46,0.333912
1090.56,0.10904
1431.21,0.143065
1035.43,0.103436
1756.21,0.175527
6227.25,0.62095
647.285,0.0644471
2778.37,0.277749
1454.45,0.145326
703.1,0.0703012
902.395,0.0902289
1556.22,0.15539
1176.86,0.117637
1576.95,0.15765
824.856,0.0824837
608.104,0.0607969
897.324,0.0897068
956.762,0.0956279
1776.46,0.172599
2055.92,0.205025
809.586,0.0809331
980.451,0.0980375
1558,0.155785
897.298,0.0896589
607.761,0.06075
2030.94,0.202993
2678.22,0.267493
1502,0.149584
825.792,0.0824013
706.461,0.070643
1048.08,0.104781
1308.62,0.130851
1156.68,0.114927
785.54,0.0782949
1122.98,0.112215
3590.98,0.358791
2055.75,0.205347
637.642,0.0637515
980.781,0.0980326
2411.78,0.241145
1197.88,0.119731
3539.56,0.35385
1128.95,0.112852
3697.58,0.369624
4179.91,0.417047
2216.41,0.221348
1223.33,0.122248
665.871,0.0665766
2197.36,0.219651
1283.01,0.128285
771.787,0.0771607
803.824,0.0803274
1350.89,0.134974
1431.05,0.143082
1153.5,0.115319
762.983,0.0760776
3026.77,0.302463
1593.52,0.159314
829.582,0.0829555
2241.39,0.224097
2055.8,0.205151
1858.39,0.18561
1475.42,0.147532
4926.35,0.492321
4194.53,0.419256
1068.53,0.106838
1525.69,0.152526
574.97,0.057333
793.596,0.0793498
1243.73,0.124268
2163.04,0.21623
1225.24,0.122387
735.566,0.0735525
952.371,0.0952251
1041.84,0.104057
3082.42,0.308107
1782.01,0.178153
3154.17,0.315373
1458.37,0.145813
1334.96,0.133488
1187.48,0.118686
848.938,0.0847869
1124.23,0.112411
969.692,0.0966947
749.241,0.0749123
2158.09,0.215492
857.447,0.0856577
1260.31,0.124539
1013.43,0.101341
852.31,0.0851485
738.654,0.0738579
2439.4,0.243606
869.522,0.0869299
2188.26,0.218747
1645.27,0.164505
2628.34,0.262748
1462.63,0.146255
2461.56,0.245896
2361.68,0.236046
897.193,0.0897166
1898.02,0.1878
1212.76,0.120987
1509.14,0.15071
3078.16,0.307601
956.213,0.0954052
2006.81,0.199697
624.629,0.0624484
1128.11,0.112775
28058.8,2.73883
10480.1,1.0457
1397.45,0.139688
1673.51,0.167098
2526.77,0.252524
1983.45,0.198329
1247.34,0.124707
613.884,0.0613647
3393.29,0.339277
3622.09,0.775622
970.773,0.0970641
702.703,0.070259
1310.77,0.130909
881.828,0.0881615
1274.67,0.127391
973.997,0.0973875
1371.24,0.137062
1703.91,0.170293
900.992,0.0898958
1396.38,0.139614
1148.83,0.11484
1717.2,0.171688
2729.74,0.272911
953.75,0.0949131
1221.11,0.121895
2120.16,0.211512
1685.57,0.168406
1849.27,0.18469
3183,0.317997
1146.36,0.114603
1077.99,0.107712
1254.56,0.124394
2166.37,0.216416
1516.54,0.151598
787.892,0.0799635
4765.16,0.470627
1084.46,0.108387
1029,0.102875
656.817,0.0656727
1242.69,0.124219
1366.31,0.136586
642.827,0.0642353
1187.21,0.118689
2873.86,0.287343
688.453,0.0687879
1494.06,0.149385
1746.69,0.174554
1001.2,0.10008
999.103,0.0996793
1847.41,0.184622
1690.89,0.169021
2199.64,0.219891
2328.33,0.232595
1399.13,0.139825
5162.84,0.516068
838.518,0.0838258
2079.36,0.207884
1296.36,0.129595
788.144,0.0787432
1300.99,0.129882
3518.65,0.351617
2845.84,0.284464
1322.54,0.132148
1372.09,0.137082
701.447,0.0692305
1237.49,0.123704
1009.16,0.100909
1490.99,0.149078
7935.35,0.863704
1006.24,0.100411
24013,2.3717
1375.16,0.137478
1739.1,0.173842
1241.03,0.124026
2147.34,0.214162
1460.18,0.145951
1123.52,0.112122
540.518,0.054003
1176.8,0.117406
1958.08,0.195747
851.767,0.0851581
828.294,0.082777
2886.36,0.288249
571.365,0.0570772
1337.63,0.13363
16923.4,1.68584
867.271,0.0866984
1449.7,0.14496
1885.13,0.188488
855.35,0.085048
1964.13,0.196392
1344.27,0.134292
949.266,0.0934795
5356.64,0.534824
592.366,0.0591748
1636.27,0.163516
891.849,0.0891217
691.274,0.0691241
1696.35,0.169465
1618.81,0.161858
1725.07,0.172489
1567.13,0.15663
1081.32,0.107475
815.125,0.0814656
656.97,0.0656909
918.93,0.0918811
1452.7,0.145173
956.918,0.0956531
1118.28,0.111802
2689.71,0.26884
1525.71,0.152522
3731.09,0.371988
1876.45,0.187541
790.969,0.079047
1125.98,0.112531
1354.7,0.135458
1333.56,0.133046
980.946,0.0980686
1290.29,0.128977
2958.48,0.295662
1008.91,0.100826
1181.45,0.118098
872.96,0.0872152
1171.53,0.117121
1740.64,0.17405
1012.97,0.101275
11913.5,1.18769
5424.67,0.541852
1135.23,0.111253
2119.7,0.211681
938.368,0.093675
1017.39,0.101715
752.94,0.0752833
2902.38,0.290116
1775.72,0.177548
815.243,0.081465
2410.38,0.240986
2702.64,0.270168
1535.13,0.153496
890.663,0.0890561
744.875,0.0744769
1315.61,0.131408
719.305,0.0718003
1733.04,0.17313
527.895,0.052742
1173.35,0.11728
822.735,0.0822179
1419.9,0.141976
965.117,0.0962498
1455.95,0.145489
744.565,0.0743684
992.83,0.0991458
1575.19,0.157236
1813.29,0.181241
1020.64,0.102002
1983.55,0.198111
2039.29,0.203858
1304.58,0.130287
1473.07,0.147267
850.355,0.085021
1146.98,0.114608
1266.2,0.126519
2112.98,0.210601
1808.71,0.180793
1236.97,0.123672
695.578,0.0695153
1554.86,0.155222
880.74,0.0880538
2529.11,0.252685
593.31,0.0593228
575.384,0.0572226
3023.35,0.30229
840.228,0.0840207
1901.98,0.19003
717.726,0.0717599
2839.87,0.514994
6659.34,0.66567
951.99,0.0951926
1139.15,0.113785
1179.48,0.11794
2830.78,0.282586
976.791,0.0976668
1415.78,0.141557
3019.33,0.301726
779.216,0.0778978
763.245,0.0763171
886.398,0.0886131
5724.34,0.571547
1408.03,0.140576
936.089,0.0936018
1519.68,0.151807
1738.19,0.173364
2767.36,0.276568
2013.56,0.201307
1818.62,0.181584
1258.28,0.125798
493.159,0.0492856
788.581,0.078833
962.899,0.0962396
2020.27,0.201933
13566.4,1.35451
2481.47,0.24767
1611.63,0.161128
9196.15,0.918966
737.015,0.0736968
1106.14,0.110562
1667.78,0.16674
13248.2,1.31936
2860.96,0.286032
1093.48,0.109329
859.006,0.0858904
3262.16,0.325778
371.969,0.0371932
665.861,0.0665695
4743.96,0.473993
2315.56,0.231264
1716.64,0.170752
1089.77,0.108972
665.672,0.0664862
945.232,0.0945184
2314.22,0.231379
8464.57,0.826808
1762.38,0.175932
1481.83,0.148017
1974.48,0.197359
1244.35,0.124296
1665.58,0.166326
1358.97,0.135841
1439.78,0.143931
584.072,0.0583959
3650.33,0.364976
667.366,0.0666139
1530.09,0.152961
656.306,0.0656174
853.264,0.0853184
1420.22,0.139039
1760.63,0.176012
783.966,0.0783697
1032.36,0.103036
1225.05,0.172877
1341.14,0.134027
1988.57,0.198711
1205.44,0.120534
1489.42,0.148913
1566.45,0.156632
11106.6,3.31025
2277.16,0.227689
5126.38,0.510627
3423.51,0.341881
1323.66,0.132235
661.384,0.0661293
1642.74,0.164183
2959.44,0.295798
2113.52,0.211251
649.605,0.0649226
721.946,0.0721853
2612.24,0.260021
3111.45,0.310381
1713.32,0.171318
3184.23,0.318322
1222.36,0.122224
1365.22,0.136473
1874.55,0.187389
915.907,0.0915493
967.485,0.0961302
1341.92,0.134102
794.905,0.0794886
4184.09,0.41828
692.889,0.0692683
957.979,0.0957099
2805.99,0.280482
2137.94,0.213743
1008.49,0.100829
764.91,0.0764626
1041.91,0.104184
784.482,0.0784133
857.536,0.085684
1809.89,0.180868
953.807,0.0846866
1886.51,0.188603
1151.02,0.11507
925.389,0.0925325
1845.22,0.183993
963.711,0.0963524
1143.87,0.114348
948.965,0.0948679
1443.54,0.144152
2484.64,0.248038
1609.26,0.160487
1454.5,0.145268
2570.49,0.256973
1547.21,0.154601
932.464,0.0931557
1079.87,0.107848
1338.62,0.133812
1237.32,0.123667
2371.19,0.237006
2300.03,0.229978
1644.88,0.164359
2952.82,0.291197
708.408,0.0708334
2308.66,0.2307
1402.89,0.140257
681.599,0.0681588
2428.27,0.242775
583.606,0.0583293
656.181,0.0655993
776.093,0.0762563
1547.94,0.154757
1176.02,0.117517
619.4,0.0619347
866.222,0.0866183
1115.64,0.111504
596.546,0.0595975
599.047,0.0598751
946.545,0.0946091
1067.12,0.105974
1166.21,0.116537
599.32,0.0599262
850.738,0.0850294
928.3,0.0927975
1272.21,0.126827
792.165,0.0791901
10349.9,4.02398
1395.32,0.139471
1953.93,0.194895
1137.69,0.113698
3947.6,0.394098
1071.85,0.107103
2225.77,0.222219
1025.32,0.102439
1710.39,0.170634
1258.27,0.125755
2005.07,0.200443
1412.29,0.141104
1462.64,0.146097
1007.07,0.100677
943.462,0.0942504
1312.77,0.131265
1629.04,0.162841
973.704,0.097363
1837.2,0.183654
1134.25,0.113415
2600.08,0.25998
624.893,0.0621159
818.108,0.0817978
810.031,0.0809213
862.309,0.0862229
1145.01,0.114487
747.302,0.0746954
963.368,0.0962852
1086.23,0.108609
2083.41,0.208309
1512.82,0.151262
876.469,0.0876139
1399.75,0.139969
1098.18,0.109707
802.179,0.0800827
1734.4,0.173381
1359,0.13588
957.113,0.0957063
1131.6,0.113096
681.412,0.0681403
598.811,0.0598776
1288.09,0.128736
1869.56,0.186898
1272.91,0.127275
1417.2,0.141312
2994.53,0.299261
634.47,0.0634295
2427.37,0.24263
981.947,0.0981341
1065.03,0.10639
849.954,0.0849219
1624.87,0.162317
1332.2,0.133134
1199.73,0.119949
1450.45,0.145029
777.547,0.077749
715.722,0.0714942
6749.23,0.673616
3280.13,0.327784
1398.46,0.139833
921.28,0.0920667
2902.55,0.289683
702.043,0.0700926
2565.92,0.256548
548.354,0.0548083
1473.56,0.147236
1176.59,0.117637
950.837,0.0950747
2110.06,0.210936
1195.31,0.119387
3610.27,0.360624
1614.59,0.161444
1836.39,0.183626
1365.56,0.136516
1200.97,0.119999
2456.69,0.245539
3740.99,0.373665
1320.42,0.131912
1225.44,0.122537
1588.71,0.157336
1347.42,0.134731
1272.8,0.12722
3203.49,0.319836
3460.3,0.345642
511.722,0.0511598
1084.24,0.108369
1090.88,0.102132
1884.07,0.188246
1485.99,0.147889
1564.85,0.156438
942.788,0.0941813
1464.27,0.146378
4618.8,0.461819
1577.57,0.157567
887.159,0.0886966
1212.37,0.121133
1123.83,0.11236
1436.56,0.143612
657.259,0.0656422
1987.51,0.198234
870.057,0.0870002
1731.13,0.172999
1754.47,0.175374
1149.16,0.114864
1251.12,0.125078
730.824,0.073028
6247.14,0.601276
2381.78,0.238065
1076.13,0.107123
760.402,0.0759952
4361.05,0.435751
3081.18,0.308018
1946.33,0.194564
1103.88,0.110367
3256.2,0.325358
838.168,0.083619
733.286,0.0732771
883.288,0.0883191
1018.91,0.10188
1980.47,0.197814
805.494,0.0805438
1864.71,0.186344
1314.05,0.131395
986.741,0.0986278
3374.46,0.337256
3839.71,0.383816
1578.68,0.157804
1140.43,0.113847
1421.49,0.141034
1208.5,0.120825
1059.03,0.105771
2183.21,0.217598
1717.76,0.171521
1530.44,0.152711
930.443,0.0929974
1157.95,0.115778
1793.76,0.179227
5498.12,0.549294
1418.11,0.141784
1697.03,0.169608
669.554,0.0668975
1967.17,0.196688
985.647,0.0984846
1046.41,0.104559
1145.46,0.114459
844.309,0.0844166
695.612,0.0695529
1429.36,0.142875
692.667,0.0692562
1613.44,0.160986
1072.87,0.107123
942.681,0.0942448
2439,0.243715
991.308,0.0991074
1097.17,0.109701
2502.09,0.249786
1516.48,0.151588
1140.99,0.114035
8317.65,0.83087
5344.91,5.17552
1093.3,0.109018
969.756,0.0969573
1528.49,0.152758
4319.37,0.431747
2125.56,0.212479
1229.89,0.119964
704.308,0.0703446
1582.99,0.158267
1132.19,0.113132
1088.03,0.108757
11708.1,1.16787
1890.71,0.188574
1061.96,0.106178
1704.04,0.170357
11564.8,1.15474
7451.66,0.74285
851.922,0.0850635
1614.89,0.161448
2101.72,0.210067
1428.5,0.142816
998.712,0.0997646
1456.48,0.145616
2500.98,0.249977
1152.54,0.115144
1309.63,0.130918
997.902,0.0997786
2175.54,0.21754
2372.84,0.237264
2324.28,0.232286
776.239,0.0776167
7423.14,0.741574
971.717,0.0970117
679.139,0.0678509
20026.7,1.99984
2253.23,0.225029
964.02,0.0962907
1042.76,0.104237
1687.36,0.168509
1434.68,0.143434
1510.91,0.151048
826.237,0.0826141
2207.43,0.219906
1359.96,0.135941
738.643,0.07386
1195.14,0.118093
1854.84,0.185463
3140.6,0.314003
1310.47,0.131006
1767.22,0.176703
1154.17,0.115116
1698.22,0.169803
1086.09,0.108606
1384.81,0.138364
2364.26,0.236319
2175.21,0.217306
7004.32,0.698948
1232.33,0.123223
667.488,0.0667262
691.45,0.0686469
1096.14,0.10961
532.792,0.0532072
1536.93,0.153667
1020.44,0.102026
4882.8,0.48794
8319.65,0.831789
805.495,0.0805326
1419.48,0.141098
892.879,0.0885235
1225.61,0.100642
1993.27,0.198063
625.631,0.0625578
865.637,0.0865175
890.194,0.089
1160.16,0.115884
1288.61,0.128769
988.528,0.0988077
1000.36,0.099962
975.867,0.0975807
2651.57,0.264713
1215.82,0.121516
11796.4,1.64645
1112.33,0.111215
583.578,0.058336
672.605,0.0672588
939.333,0.0939189
1305.08,0.130476
1713.09,0.171303
1455.92,0.145445
468.578,0.0468442
1298.93,0.129821
1028.21,0.102805
1641.39,0.164129
1951.36,0.195105
2798.19,0.279301
767.857,0.0767649
5113.59,0.508464
1051.5,0.105128
2074.24,0.207404
2007.97,0.2007
675.31,0.0674493
1304.92,0.130399
636.304,0.0635831
749.211,0.0749058
885.041,0.0884981
876.025,0.0875924
1371.48,0.137138
1597.1,0.159675
1538.06,0.153686
1612.32,0.161066
1304.69,0.130424
585.105,0.0584857
1275.97,0.127557
846.34,0.084624
1005.73,0.10056
1370.61,0.13696
1888.16,0.188751
845.84,0.0845772
702.807,0.0702743
1229.38,0.122793
3271.33,0.326865
1152.33,0.115202
1184.09,0.11838
968.962,0.0965449
1852.35,0.185154
675.001,0.0674762
2218.09,0.221766
1491,0.149069
1136.71,0.11364
2278.36,0.227503
1282.93,0.128256
1270.08,0.12697
1925.49,0.191384
1437.07,0.143651
1044.82,0.104477
1053.31,0.105323
957.82,0.095757
925.069,0.0924481
1406.06,0.140232
1184.98,0.118469
2168.68,0.216776
1823.34,0.181854
754.983,0.0754438
2902.14,0.290064
1111.01,0.111052
2856.35,0.285573
1804.67,0.180029
1536.93,0.153437
1812.34,0.181177
740.194,0.0737385
565.388,0.0565209
6354.64,0.634346
756.329,0.0756256
2208.45,0.220832
2332.47,0.233166
1040.14,0.104005
1081.9,0.107863
905.554,0.0904752
1434.65,0.143394
1104.32,0.110427
1516.99,0.151691
1932.62,0.193014
1604.08,0.160313
882.623,0.087005
1023.1,0.102306
3871.05,0.387052
1146.72,0.114653
1103.43,0.110256
1002.86,0.10023
1173.12,0.117302
1863.28,0.186158
3377.77,0.336706
953.681,0.0953663
977.976,0.09773
844.855,0.0842098
1149.75,0.11484
945.501,0.0944418
1908.24,0.190662
1493.38,0.14928
1283.51,0.128318
954.872,0.095483
1137.31,0.113594
889.543,0.0889377
4931.86,0.493046
746.554,0.0745584
1027.87,0.10274
1754.92,0.17484
1520.33,0.151994
2178.25,0.217752
900.91,0.0900236
684.893,0.0684882
2474.09,0.247171
957.474,0.0957306
1259.13,0.125831
814.601,0.0814482
1459.77,0.14592
1114.63,0.111419
1970.22,0.196965
3226.6,0.322197
1818.31,0.181801
772.932,0.0772622
1472.85,0.147194
923.173,0.0922529
1220.49,0.121984
997.138,0.0996738
2842.17,0.284135
5948.69,0.594717
2822.88,0.282258
854.246,0.085407
1555.81,0.155507
1366.45,0.136437
1504.98,0.150445
1418.9,0.141852
2330.41,0.232839
878.136,0.0877974
465.277,0.0465034
733.04,0.0733009
567.034,0.0566975
796.256,0.0795563
20901,2.08594
1180.8,0.118056
1572.78,0.157176
1699.93,0.16998
1114.23,0.111386
2992.68,0.299028
2300.91,0.230062
1096.99,0.109642
1291.27,0.128678
1661.25,0.165918
2169.69,0.216812
796.591,0.0796431
4742.72,0.473738
854.565,0.0852614
1018.52,0.101695
1927.02,0.192284
1085.3,0.107663
771.265,0.0771035
1174.04,0.117318
1035.6,0.103527
874.597,0.0873701
1892.85,0.189203
1387.06,0.138674
1030.48,0.103038
1114.19,0.111406
981.162,0.0981153
818.089,0.0817579
550.417,0.05502
924.563,0.0924402
902.398,0.0902327
2761.18,0.275741
1251.82,0.125153
2119.45,0.211797
1145.72,0.114495
741.28,0.0739175
1456.83,0.145674
1847.77,0.184556
7402.53,0.739289
1637.06,0.163683
1067.66,0.106757
2951.99,0.295012
1057.51,0.105705
1282.2,0.128168
2093.36,0.209306
1019.65,0.101931
2170.81,0.216248
1978.16,0.197678
1013.13,0.101277
19606.1,1.9452
2565.57,0.256495
770.415,0.0769978
827.313,0.0825712
3793.09,0.378999
1710.15,0.170945
1557.15,0.154852
5406.58,9.57
3741.31,0.373439
1057.31,0.105693
4058.49,0.405577
1925.97,0.192333
1545.6,0.154537
1854.87,0.185395
2554.65,0.255093
1780.81,0.178055
1018.7,0.101803
1354.28,0.135164
965.343,0.0965204
1003,0.100251
3714.75,0.371181
1776.51,0.177558
1927.28,0.192586
1076.02,0.107445
1553,0.15527
3104.56,0.309907
2364.62,0.236205
1448.53,0.144822
835.602,0.0834965
1875.85,0.187543
7111.62,0.704491
961.778,0.0961678
2509.93,0.250749
931.58,0.0931258
850.284,0.0850264
1469.85,0.146971
2069.09,0.206152
1255.41,0.125442
862.484,0.0862385
1533.19,0.153288
1514.84,0.151442
767.309,0.076682
1071.08,0.107099
4106.23,0.410382
4971.31,0.496778
2010.19,0.200888
1399.94,0.138402
860.335,0.0860227
1765.37,0.176396
1004.25,0.100409
937.725,0.0937595
1497.24,0.149434
3425.33,0.341849
912.045,0.0911564
5293.37,0.52907
873.464,0.0869205
1413.99,0.141386
1349.16,0.134815
1133.95,0.113389
5619.14,0.561697
985.606,0.0985412
1058.42,0.105818
2197.81,0.21952
733.17,0.0732309
682.613,0.0682139
1834.13,0.183387
1124.46,0.112416
1458.69,0.145849
5711.69,0.57082
625.955,0.0625677
1085.62,0.160847
655.893,0.0655773
20932.7,2.09133
1520.37,0.152026
1124.11,0.11239
765.167,0.0764708
1289.43,0.128932
1347.58,0.134747
1060.14,0.105956
943.801,0.0943762
1199.15,0.119851
1212.9,0.121277
2230.53,0.223039
1230.16,0.123004
1321.75,0.130537
1132.58,0.113246
2152.08,0.21517
3446.31,0.344315
1780.8,0.178061
1086.37,0.10863
1056.81,0.105574
1743.22,0.174293
1101.74,0.110166
793.712,0.07937
1598.39,0.159695
1785.8,0.178541
1476.77,0.147669
1749.3,0.174901
2018.48,0.201826
984.333,0.0984294
1831.54,0.183092
2550.05,0.254897
1656.89,0.16562
1069.07,0.106838
744.606,0.0744563
2819.71,0.281485
929.592,0.0929095
1773.82,0.177324
1756.01,0.175562
1932.52,0.193165
1860.08,0.185714
7296.14,0.728936
2580.54,0.257887
1722.9,0.171539
1262.37,0.125639
959.437,0.095934
978.57,0.097808
8946.51,0.891527
1768.68,0.176602
976.041,0.0975688
11368.3,1.13025
742.815,0.0742216
1521.71,0.15205
996.916,0.099683
984.594,0.0984501
2380.66,0.238014
2569.18,0.256794
841.904,0.0841625
911.072,0.0910873
1694.25,0.169371
2614.95,0.261294
657.086,0.0656574
956.387,0.0956366
954.082,0.0953993
1363.58,0.136317
2658.73,0.265692
1595.81,0.159498
1734.11,0.173376
796.212,0.0794908
5698.3,0.569379
1758.74,0.175769
1829.59,0.182906
14755.3,1.47178
901.144,0.0899163
1224.21,0.122348
1697.18,0.169312
977.657,0.0977469
957.899,0.0957709
938.228,0.093801
1875.16,0.18714
1043.2,0.104307
1899.47,0.189922
3442.51,0.343938
1103.33,0.110266
934.099,0.0933713
3770.5,0.37692
966.619,0.0963832
1860.55,0.186034
3350.1,0.334738
1181.12,0.118107
1640.08,0.163991
1432.39,0.143192
1089.74,0.108958
752.041,0.0751444
1217.23,0.121603
1685.53,0.168513
947.549,0.0946909
1837.95,0.183777
1294.58,0.12901
2382.05,0.238091
758.78,0.0758424
1261.3,0.126029
801.024,0.080035
2603.6,0.260318
1791.38,0.178836
1104.7,0.110463
789.734,0.0788344
1823.96,0.182377
1536.85,0.153484
913.255,0.0912888
846.932,0.0845837
1035.66,0.103553
1651.17,0.165033
1396.49,0.13963
1480.68,0.148033
1290.43,0.128994
1050.63,0.10503
1199.12,0.11965
1338.26,0.133777
14131,1.40675
1805.47,0.180528
1517.36,0.151729
1935.5,0.193428
1337.86,0.133702
571.302,0.0569753
693.961,0.0693915
743.43,0.0743148
1376.81,0.137656
1744.99,0.174389
2052.66,0.205203
2483.24,0.248296
863.073,0.0862922
732.581,0.0732121
631.515,0.0631431
1474.02,0.145852
2674.85,0.266638
2006.08,0.20053
1648.31,0.164682
902.629,0.0902536
1848.76,0.184661
1399.64,0.13992
1857.76,0.185684
1212.16,0.121167
714.726,0.0714674
1682.95,0.168258
1036.01,0.103561
793.671,0.0793248
1196.18,0.119583
2676.95,0.267602
692.18,0.0692055
2289.29,0.228325
965.109,0.0963343
1210.85,0.12106
510.129,0.0510084
1011.41,0.10112
893.817,0.089377
1490.62,0.149047
1416.28,0.141564
4245.77,0.424326
1163.64,0.116291
975.657,0.0972813
1085.56,0.108467
909.637,0.0907494
1337.27,0.133716
1356.55,0.135643
3664.42,0.366414
943.916,0.0943578
2479.73,0.247901
2210.21,0.220974
855.296,0.0855214
2411.02,0.24081
972.48,0.0972451
983.628,0.0983548
1749.1,0.174849
1130.78,0.113075
2728.24,0.272698
962.728,0.0962365
971.144,0.0967369
685.638,0.0685432
1591.57,0.158968
1635.7,0.163518
2111.93,0.211154
947.158,0.094633
2150.21,0.214948
2428.44,0.242448
1842.4,0.184207
1087.09,0.108692
1296.38,0.129538
543.91,0.0543849
6743.29,0.673759
951.019,0.0950675
1150.1,0.11493
821.405,0.082134
1404.68,0.140425
1636.81,0.163645
1144.77,0.114312
1603.19,0.160236
645.052,0.0644743
1052.28,0.105201
1130.07,0.112905
674.886,0.0674566
867.81,0.0863923
1177.34,0.117721
795.329,0.0795065
950.676,0.0950577
999.312,0.0999231
3336.31,0.333613
1072.36,0.107231
1226.42,0.122603
1145.82,0.114567
1435.17,0.14348
887.866,0.0887738
14194,1.41648
1326.15,0.132582
1045.33,0.10452
1536.43,0.153631
2865.47,0.286458
1286.17,0.128526
2484.22,0.248376
1158.6,0.115791
626.849,0.062671
2340.42,0.234008
1579.85,0.157967
1120.24,0.111936
1808.19,0.18078
853.054,0.0852732
1336.62,0.133591
2815.36,0.280719
4915.2,0.490867
2075.02,0.207167
1128.3,0.112711
941.286,0.0941253
1805.3,0.180211
398.215,0.0398195
1374.05,0.137357
1262.77,0.126252
4646.15,0.464126
2389.97,0.23854
1177.8,0.117718
551.289,0.0550728
1515.22,0.15147
1046.04,0.104516
2169.84,0.216873
5892.14,0.588677
2335.57,0.233212
883.155,0.088308
846.129,0.084528
1016.19,0.101611
2085.31,0.208486
1185.9,0.118578
901.485,0.0901396
917.551,0.0917377
1336.56,0.133539
1910.61,0.19102
2199.4,0.219391
959.235,0.0959069
939.475,0.0939275
4111.01,0.410828
1296.65,0.129581
1409.37,0.140883
1455.93,0.145523
867.651,0.0867418
966.828,0.0964816
2200.09,0.219571
2210.47,0.221003
918.272,0.0918119
1194.85,0.119429
1073.45,0.107254
1183.73,0.118367
1948.87,0.194667
2003.51,0.199916
1083.22,0.108193
1598.19,0.159742
1018.49,0.101833
594.911,0.0594517
1852.1,0.184756
9403.82,0.937716
958.602,0.0958575
4504.5,0.411947
3831.36,0.382916
1447.41,0.144659
836.206,0.0834525
730.733,0.073015
2113.22,0.210931
1039.65,0.103961
889.646,0.088872
1349.71,0.134937
6004.18,0.59762
757.885,0.0757551
1523.27,0.151574
1093.58,0.10935
891.076,0.0890602
2150.59,0.214607
1143.86,0.114377
3196.05,0.319384
726.225,0.0726059
2104.87,0.210259
2881.87,0.28815
738.825,0.0738629
1115.31,0.111143
2764.46,0.27636
1050.06,0.104999
1138.28,0.113803
953.861,0.09537
1883.8,0.188349
2059.72,0.205878
997.35,0.0997161
859.387,0.0858931
1740.23,0.173989
1358.32,0.135826
864.342,0.0864057
879.498,0.0878782
1206.49,0.120515
1423.43,0.142303
1364.31,0.135435
1614.73,0.159192
2097.9,0.209694
1094.38,0.10936
1134.77,0.113474
1480.12,0.14797
973.567,0.0971231
1268.04,0.126776
905.913,0.0905473
1825.76,0.182445
1001.12,0.0999301
1249.18,0.124893
1585.42,0.158528
1010.56,0.100996
551.398,0.0550259
2023.47,0.202224
1817.01,0.181597
707.314,0.0706927
2585.57,0.256806
2250.15,0.224775
1461.89,0.146058
3602.53,0.359053
720.354,0.0719721
1306.99,0.13069
1146.91,0.114503
5227.35,0.522444
741.807,0.0741721
742.123,0.0742112
19689.1,1.96034
1459.09,0.110289
764.77,0.0764488
2646.6,0.264418
1584.01,0.158368
1484.45,0.148378
927.161,0.0926817
861.919,0.0861708
1382.49,0.138218
2137.8,0.213561
1601.44,0.159779
1143.29,0.114148
1166.94,0.116648
1479.03,0.14769
2655.13,0.265124
1991.74,0.199154
4548.96,0.453647
2201.64,0.219942
1580.96,0.158063
1131.55,0.113062
2197.77,0.219235
1318.96,0.131878
777.962,0.0777774
840.913,0.0840832
1677.5,0.167679
1863.36,0.186181
1040.68,0.103759
913.03,0.0912759
1657.53,0.165714
5841.21,4.16188
3261.54,0.174545
1095.6,0.10953
2768,0.276774
1654.14,0.165273
1043.61,0.104289
483.632,0.0483499
2440.21,0.243606
1573.54,0.156765
765.012,0.0764104
1107.7,0.110343
875.553,0.0875287
1575.86,0.157553
1063.6,0.106356
1298.02,0.129745
1316.13,0.131588
720.988,0.0720914
898.12,0.0897318
622.468,0.0620827
1211.24,0.120926
3430.56,0.342895
2045.21,0.204482
869.917,0.0869862
1128.95,0.112846
1128.21,0.112805
793.757,0.0793731
1697.95,0.169634
1818.07,0.179288
1308.64,0.130853
1182.62,0.11819
722.037,0.0722006
1219.88,0.121479
4405.58,0.440175
3837.88,0.38302
1073.89,0.107365
1428.69,0.142858
1671.05,0.167051
795.263,0.0795179
1877.99,0.187635
1337.12,0.133687
1330.12,0.132849
778.626,0.0778607
1167.13,0.116711
2113.69,0.184189
867.421,0.0867152
2446.24,0.244486
949.58,0.0948905
580.464,0.0580346
941.859,0.0932083
2604.77,0.260192
1904.24,0.190351
460.227,0.0459185
1057.27,0.105662
1262.6,0.126253
1003.16,0.10013
1159.2,0.11589
867.358,0.086726
1995.26,0.199483
1664.8,0.166456
1187.17,0.118493
1260.38,0.12592
5685.07,3.44679
1305.49,0.130402
881.38,0.0880705
2768.63,0.276509
1026.95,0.102668
1170.25,0.116921
799.978,0.0799566
1361.43,0.135728
989.547,0.0988613
1364.09,0.136375
1724.76,0.172456
949.926,0.0949837
1284.06,0.128378
1564.2,0.156169
2521.13,0.251688
1371.62,0.137133
1877.31,0.187683
2655.22,0.263402
2118.92,0.202201
1508.15,0.150089
2225.19,0.222444
949.644,0.0948189
1030.09,0.10296
1496.99,0.149464
1180.49,0.117936
3086.19,0.308597
748.13,0.0747776
1127.08,0.1127
2045.73,0.204558
1753.69,0.174211
1526.87,0.152676
1817.24,0.181678
1850.08,0.1846
1794.95,0.179427
1286.48,0.128545
1562.34,0.156124
1119.42,0.111829
1477.78,0.14742
1326.21,0.132599
650.402,0.0650332
1583.2,0.158282
2887.81,0.28872
1150.33,0.114951
1330.33,0.132844
1117.56,0.11168
1957.78,0.195596
3383.4,0.336508
1052.79,0.105267
4046.45,0.402983
1024.7,0.10245
1659.75,0.165931
781.743,0.078169
1467.25,0.146675
881.071,0.088106
1721.37,0.172121
1013.64,0.101302
1645.27,0.164471
2088.94,0.207698
1300.13,0.130004
785.623,0.0785241
1364.58,0.136311
1021.4,0.102061
1197.3,0.119645
2958.52,0.29565
7541.21,0.750954
1294.6,0.129447
1649.48,0.164909
864.365,0.0864163
1130.97,0.112955
1525.37,0.15247
905.67,0.0905643
937.18,0.0935182
1171.71,0.111756
597.071,0.0596807
2281.8,0.228124
2048.54,0.204644
1585.36,0.158398
2034.25,0.203163
2591.12,0.259029
1661.05,0.166093
2296.71,0.228821
680.759,0.0680658
2416.73,0.241656
597.856,0.0592702
1349.35,0.134897
1726.18,0.171996
1327.1,0.132639
1129.03,0.11285
1830.53,0.183039
671.888,0.067172
1344.83,0.134475
1382.95,0.13823
1949.98,0.194882
2343.61,0.234078
2115.53,0.211501
1088.2,0.108814
1310.61,0.131029
2185.85,0.510873
1062.25,0.10621
1072.32,0.107012
959.84,0.0959336
773.167,0.0772967
1545.81,0.154198
817.912,0.0817585
2367.4,0.23672
2277.92,0.227703
815.86,0.0815481
996.786,0.0956771
2228.98,0.222217
1285.82,0.128523
3101.96,0.30873
1044.83,0.104478
2426.84,0.242652
1395.27,0.139507
1756.52,0.175416
1687.72,0.168736
1598.21,0.159802
801.793,0.0801754
610.525,0.0610487
908.587,0.0906891
963.162,0.0962496
1336.38,0.133533
2105.83,0.210141
964.73,0.0962321
2684.67,0.268361
1701.42,0.17011
2349.6,0.234846
2209.16,0.220882
1699.19,0.169887
1029.48,0.102871
2628.6,0.262683
3289.73,0.328969
404.224,0.0403991
1199.94,0.119984
1360.67,0.136015
1110.07,0.111
1618.86,0.161804
4879.5,0.487614
1210.53,0.120875
2284.1,0.228113
1203.38,0.120233
956.428,0.0954931
1020.02,0.101949
1000.74,0.100023
1475.67,0.14719
2437.59,0.243743
1099.46,0.1099
1197.6,0.119702
1567.15,0.159293
860.51,0.0859041
718.432,0.071816
2706.07,0.270388
1191.43,0.119066
1140.89,0.114066
1749.64,0.174754
870.93,0.0870794
1301.84,0.130172
4022.11,0.401909
3751.56,0.374981
1312.34,0.131203
2417.59,0.241437
750.028,0.0749534
1418.33,0.139709
9268.57,0.922218
698.747,0.0698514
1214.95,0.12148
2625.24,0.262444
1751.79,0.175014
2627.6,0.262716
1469.89,0.148127
4958.85,0.494844
1285.32,0.128488
1767.9,0.176759
968.871,0.0968811
1067.12,0.106676
13754,1.37106
1679.86,0.164171
1267.53,0.126689
1300.09,0.12984
805.037,0.0804331
617.923,0.0617362
1204.46,0.120422
977.999,0.0976912
1313.58,0.13134
1255.01,0.12542
1334.82,0.133444
822.22,0.0821945
801.63,0.0801527
1982.03,0.198111
2206.36,0.220255
1442.6,0.144176
1415.61,0.141553
2385,0.238069
878.126,0.0877738
1040.49,0.10397
1606.46,0.160302
1018.01,0.101753
800.815,0.0800707
1560.94,0.156022
939.949,0.0939684
1541.8,0.15409
875.721,0.0875424
1105.3,0.110513
675.084,0.0674666
2681.95,0.268085
1252.24,0.125146
1005.17,0.0994266
1563.17,0.155904
1373.64,0.136183
1027.89,0.102671
861.191,0.0860719
2910.59,0.290909
900.623,0.0900495
1100.87,0.110058
1427.59,0.142497
1647.9,0.164781
1395.48,0.139441
692.978,0.0692219
1393.22,0.139261
768.99,0.0767244
2402.95,0.237774
1122.01,0.112169
1162.49,0.116229
1606.34,0.160536
1707.95,0.170779
742.407,0.0742369
970.603,0.0970488
675.213,0.0675034
1584.03,0.158368
1293.57,0.129344
1986.02,0.19858
2492.78,0.249209
729.941,0.0729873
676.336,0.0675334
3801.77,0.379851
1162.17,0.116208
969.88,0.0968212
4269.38,0.426629
2142.33,0.213974
3007.94,0.300075
1131.42,0.0831985
2814.86,0.281414
5401.51,0.539904
918.796,0.0918746
840.827,0.083933
803.53,0.0802558
963.146,0.0962881
2031,0.203048
10333.6,2.52379
3018.51,0.301728
1896.96,0.189635
1165.14,0.113784
792.346,0.078927
1523.19,0.152311
1609.06,0.160723
1083.43,0.108193
1672.86,0.167268
868.115,0.0863789
943.435,0.0942973
848.897,0.0848862
981.912,0.0981746
1008.67,0.100792
7183.61,0.717397
950.344,0.0950178
1609.8,0.160937
1380.35,0.137985
1340.26,0.133739
885,0.0884293
945.003,0.0944878
1202.23,0.120101
15631.3,1.55321
1266.02,0.126521
842.9,0.0842224
1659.32,0.165723
1848.42,0.18477
1200.59,0.119979
887.793,0.0887748
842.483,0.0842434
1491.39,0.149085
1526.04,0.152382
1131.04,0.113084
5059.84,0.505865
1196.14,0.119599
1740.52,0.17401
3350.86,0.333683
1152.54,0.115243
767.852,0.0760305
1652.06,0.164858
720.016,0.0719992
1191.74,0.119167
1744.71,0.174313
1072.03,0.106642
1469.71,0.1469
1279.32,0.127911
1497.65,0.149467
2345.06,0.234453
2072.07,0.207148
1797.73,0.179707
963.85,0.0959418
774.1,0.0773572
1075.37,0.107522
1962.6,0.196178
1030.14,0.103004
2815.16,0.281392
672.036,0.0672016
820.804,0.0820165
1029.4,0.10293
998.955,0.09985
1002.57,0.100062
1451.03,0.145094
1597.58,0.159198
1309.52,0.130759
756.842,0.0756825
1842.16,0.182999
1235.55,0.123507
1580.97,0.158065
866.452,0.0865207
1145.28,0.114441
762.462,0.0762423
1080.16,0.107999
1026.58,0.102628
2506.69,0.250605
664.21,0.0664089
1090.55,0.108994
1902.04,0.190176
856.606,0.0856284
1040.32,0.104011
578.762,0.0578526
990.512,0.0990178
3691.95,0.368689
1124.4,0.112339
1881.03,0.188059
891.666,0.089135
699.042,0.0699026
1290.99,0.129086
1117.94,0.111647
700.362,0.0699806
838.371,0.0837987
1627.92,0.162757
884.809,0.0884423
880.531,0.0880116
575.848,0.057505
1541.45,0.15387
1961.1,0.196085
1384.98,0.138448
2439.11,0.243755
1048.84,0.104854
1475.71,0.147453
1246.05,0.124509
1314.02,0.130825
755.949,0.0755735
1213.57,0.121343
1591.68,0.159011
1205.34,0.120329
934.148,0.0933746
1497.37,0.149665
761.506,0.0760918
1653.16,0.165233
1614.12,0.161311
708.038,0.0705363
676.571,0.0673543
930.291,0.093004
1152.92,0.11526
836.394,0.0836336
1251.73,0.124504
1328.35,0.132619
1390.12,0.139002
1078.76,0.107873
990.359,0.0989476
648.987,0.0648803
1553.86,0.155203
1353.91,0.135008
3938.07,0.393312
1526.68,0.152598
1138.9,0.113743
5429.8,0.541944
1144.82,0.113134
1180.14,0.117992
1422.1,0.142197
1900.63,0.190007
981.128,0.0980436
692.854,0.0692818
1105.56,0.110517
1202.32,0.120144
1869.39,0.186881
2037.46,0.20373
1374.43,0.137412
1377.86,0.137661
767.257,0.0767222
941.673,0.0941314
1064.43,0.106409
928.712,0.0928456
1186.57,0.118645
1401.46,0.140141
821.024,0.0820565
1204.7,0.120152
2361.03,0.236066
3858.76,0.385378
780.967,0.0779096
645.531,0.0644816
6762.57,0.676095
447.653,0.0447258
798.747,0.0794306
2088.96,0.208697
1007.91,0.100752
1222.32,0.122124
1083.65,0.108357
1663.83,0.166327
724.837,0.0724303
1280.2,0.127966
1239.98,0.123947
1017.21,0.101507
4337.86,0.433388
1747.58,0.174751
1409.06,0.140836
1546.63,0.154643
1265.43,0.126533
943.151,0.0942917
877.02,0.0876852
1062.86,0.106218
698.097,0.0696225
684.744,0.0684705
1655.75,0.165563
2078.72,0.207824
1301.62,0.130137
982.221,0.0982176
1927.17,0.192659
1598.36,0.159777
1020.69,0.102027
1106.55,0.110649
1007.34,0.100687
485.391,0.0485151
1215.45,0.121527
1031.74,0.103146
641.062,0.0640676
1735.13,0.173368
596.202,0.0596102
3923.56,0.392203
1790.19,0.179002
1246.15,0.124509
1683.27,0.168193
2157.74,0.215707
1045.64,0.104534
1845.97,0.184578
2192.17,0.219201
979.333,0.0978921
3688.18,0.368678
4590.36,0.458172
1337.8,0.133716
1396.64,0.139622
1194.16,0.119407
1360.4,0.136032
1138.02,0.113636
1774.86,0.177365
1436.35,0.143542
1154.6,0.115426
1129.02,0.112893
2509.65,0.250911
1669.47,0.166873
2322.71,0.232185
983.233,0.0983103
1862.73,0.186084
1222.34,0.122206
2433.99,0.2433
774.195,0.0773091
744.523,0.0744187
1531.03,0.152803
2071.31,0.20711
1658.73,0.165798
1311.38,0.131097
1851.75,0.185089
976.62,0.0976253
1279.52,0.124915
685.439,0.0684389
1634.47,0.163299
1029.5,0.102834
778.756,0.0778497
819.002,0.0818762
1547.95,0.154782
2811.03,0.28094
849.046,0.0848401
2229.19,0.222868
1124.38,0.112383
603.804,0.0603033
1831.81,0.183126
2121.95,0.212109
1489.2,0.14891
1363.78,0.136163
838.602,0.0835964
732.474,0.0732377
3779.42,0.377786
1921.42,0.189618
757.167,0.0757046
5434.65,0.541491
6881.21,1.55713
2945.89,0.294369
2194.28,0.219329
2655.34,0.265387
1817.22,0.1817
712.686,0.0712671
2848.93,0.284752
1208.31,0.120796
2725.84,0.27236
1161.8,0.116076
2471.49,0.24707
1805.7,0.180488
1680,0.167974
4164.66,0.416332
1702.65,0.170261
597.169,0.0596692
1806.89,0.180531
1004.27,0.100279
1767.02,0.176669
1446.34,0.144516
1036.51,0.103561
1367.45,0.136723
621.211,0.0621159
623.348,0.0623259
1378.03,0.137795
2351.92,0.235154
2875.3,0.287448
1880.4,0.188027
1172.35,0.117224
860.199,0.0860082
848.91,0.0848833
767.091,0.0766968
847.318,0.0846955
697.577,0.0697447
1264.21,0.126382
864.848,0.0863594
1573.77,0.157227
3805.19,0.379618
730.48,0.0729935
2106.62,0.210564
977.164,0.0976731
1291.76,0.129148
1309.83,0.130964
1801.03,0.179645
1311.52,0.131116
1278.53,0.127782
1773.02,0.177269
1382.27,0.138219
1926.47,0.192637
934.648,0.0934307
3902.62,0.390141
1715.2,0.171494
770.475,0.0769308
1355.35,0.135512
552.808,0.0552339
2709.58,0.270463
1005.21,0.100494
728.842,0.0726974
759.355,0.0759324
1227.02,0.122652
884.842,0.0884681
889.345,0.0889199
1783.74,0.178281
947.768,0.0947449
828.619,0.0827099
1379.28,0.137909
876.442,0.0876319
1402.94,0.139911
1011.9,0.101147
4523.26,0.692911
2218.91,0.221831
10497.8,1.04887
645.569,0.0645233
3282.13,0.328001
782.641,0.0782413
3127.1,0.311796
1497.04,0.149306
5567.14,3.12948
1985.2,0.198438
854.667,0.0854489
928.024,0.0927848
1120.15,0.111986
902.347,0.090111
1111.28,0.111094
939.414,0.093922
1118.76,0.111858
929.839,0.0928284
1192.56,0.119253
879.977,0.087388
1586.5,0.158554
1201.96,0.119875
2628.52,0.262485
682.186,0.0681744
2331.01,0.23299
1022.99,0.102281
6266.16,0.625042
1169.74,0.116898
1940.61,0.193912
950.214,0.0946246
1039.13,0.103853
982.938,0.0981538
960.799,0.096037
1007.02,0.100697
1113.8,0.11135
722.616,0.0722564
1157.89,0.115769
2321.47,0.232086
2787.67,0.278617
897.899,0.0897777
1891.81,0.189147
2724.91,0.272423
1514.09,0.15137
819.963,0.0819622
398.923,0.0398516
711.014,0.0710964
1247.23,0.124432
1476.58,0.147425
554.186,0.0552664
871.066,0.0870913
1302.34,0.130225
1084.62,0.108304
1544.11,0.15431
1895.05,0.189394
711.615,0.0708752
1768.46,0.176488
1351.61,0.135105
1991.41,0.198981
1957.29,0.195616
9614.05,0.957812
1943.16,0.194145
1468.72,0.146456
1025.01,0.102455
1147.21,0.114711
701.099,0.0700852
841.601,0.0840936
2104.08,0.210252
527.408,0.05272
1400.41,0.139851
1431.56,0.143126
1953.48,0.195337
2317.12,0.23159
1488.65,0.148842
1509.65,0.14958
1002.29,0.100035
768.302,0.0767423
1683.02,0.168252
3233.07,0.322736
660.528,0.0660493
7377.41,0.737112
923.003,0.0921148
1101.67,0.110142
1723.02,1.15361
1476.18,0.147246
2756.27,0.275429
1590.39,0.159001
1372.97,0.137215
1327.48,0.132653
2051.11,0.204971
1527.44,0.152566
1515.39,0.151533
1081.54,0.108018
724.729,0.0724694
1569.35,0.156502
919.024,0.0918839
1433.81,0.13643
783.822,0.0783513
4439.26,0.443214
1005.38,0.100527
832.481,0.0832101
1611.62,0.161105
1903.76,0.190336
2185.32,0.218467
939.94,0.0939737
787.367,0.0785384
733.627,0.0733506
2003.01,0.20024
1637.9,0.163759
962.846,0.0962485
2493.73,0.249077
815.957,0.0815561
1560.11,0.155878
1305.33,0.130494
521.95,0.0521788
734.567,0.073442
23722.6,2.35249
1250.73,0.125071
1113.8,0.111244
2207.72,0.220696
2675.46,0.267257
2062.85,0.206087
1307.78,0.130767
2117.07,0.211495
2563.2,0.256269
1466,0.146547
2458.16,0.245668
1941.65,0.194147
977.774,0.0976607
644.112,0.0644035
868.928,0.0868305
1175.3,0.117321
3759.4,0.375454
1271.02,0.126979
7324.56,0.731278
766.651,0.0766629
1377.21,0.137673
2018.71,0.201597
2892.26,0.289178
2998.7,0.299699
751.158,0.0750157
4608.95,0.460422
2200.98,0.220071
1216.99,0.121467
840.314,0.083962
3099.41,0.3098
3253.2,0.32475
1448.2,0.144752
760.66,0.0757577
942.184,0.0941689
2169.79,0.216629
701.551,0.0701396
835.012,0.0834718
1050.04,0.104965
1125.81,0.112574
1803.81,0.180311
1027.33,0.102654
767.196,0.076694
1164.37,0.116421
453.292,0.0452218
823.103,0.0822674
2070.73,0.207051
991.043,0.0990991
4493.62,0.44907
1143.26,0.114309
1785.22,0.178403
950.62,0.0950393
1166.09,0.116596
1417.39,0.141709
1049.8,0.104925
800.766,0.0794716
2467.85,0.246743
2405.37,0.240341
694.659,0.0694489
836.46,0.0836263
1886.87,0.240931
536.939,0.0536799
3529.54,0.352879
1606.69,0.160622
1460.25,0.145974
1211.97,0.121099
1583.67,0.158343
967.936,0.0967451
702.29,0.0701557
971.378,0.0971054
922.261,0.0921893
1330.62,0.132518
3544.38,0.353945
848.991,0.0844012
2613.92,0.261089
686.134,0.0685978
884.095,0.0883972
699.486,0.0699324
2680.79,0.267881
901.513,0.0901264
841.017,0.0840905
1330.13,0.132863
1379.24,0.137874
1462.04,0.14617
1007.93,0.100711
737.715,0.0737639
1267.17,0.126694
1451.17,0.145108
1264.87,0.126183
1466.4,0.146546
1351.47,0.13512
811.392,0.0811308
783.152,0.0783015
1707.43,0.170725
795.096,0.0794406
2018.68,0.201662
1149.54,0.114917
561.945,0.0561049
1618.35,0.160481
764.6,0.0764526
1033.04,0.103292
1390.73,0.139011
1857,0.185549
1984.68,0.198379
2825.96,0.282544
2393.43,0.239312
571.475,0.0570823
787.042,0.0786688
9891.31,0.987927
849.063,0.0848925
888.741,0.088863
6680.83,0.667163
989.126,0.0988814
1059.6,0.105565
1204.21,0.120411
1098.77,0.109763
1239.36,0.12373
1463.51,0.146343
1444.55,0.144387
2619.32,0.261663
1173.43,0.117318
1872.09,0.187129
917.127,0.0917107
1292.86,0.129247
1157.38,0.115313
1438.82,0.143845
1143.91,0.114324
2338.24,0.233684
770.589,0.0770584
855.183,0.085454
895.771,0.0882137
1245.57,0.124525
1317.76,0.131691
1523.11,0.152158
1111.54,0.111122
1106.63,0.110565
1549.33,0.153907
2160.99,0.215996
5551.07,0.55349
757.478,0.0757286
2243.3,0.22428
907.112,0.0907043
1616.22,0.161461
2309.44,0.229991
1909.03,0.190789
1168.29,0.115897
1006.9,0.100687
767.076,0.0766607
5459.72,0.545137
804.091,0.0803779
699.288,0.0698913
1484.2,0.148396
981.49,0.0981074
1294.42,0.129399
1340.83,0.133948
748.133,0.0747973
733.89,0.0733778
2356.91,0.235459
1227.1,0.122647
2658.47,0.265797
1123,0.112204
803.118,0.0802797
1458.02,0.145334
809.035,0.0808926
873.212,0.0870679
1871.9,0.186973
1219.49,0.121743
1249.48,0.124805
949.48,0.0948889
1805.05,0.180453
3658.6,0.365478
714.945,0.0714929
1770.37,0.176924
3327.44,0.332625
1291.58,0.129141
511.404,0.0510603
1309.16,0.130838
1202.77,0.120269
1206.88,0.120619
708.121,0.0707648
1034.66,0.103302
1225.85,0.122568
1150.27,0.114942
573.823,0.0573154
3761.85,0.375663
911.887,0.0911387
2922.49,0.291881
1637.2,0.163684
3120.14,0.311914
1009.94,0.100972
954.952,0.0954349
721.395,0.0721076
1480.9,0.147936
1390.15,0.138958
2217.21,0.221665
853.22,0.085307
1784.33,0.178276
981.778,0.098126
2320.24,0.231805
1085.31,0.108517
998.345,0.0998183
1267.94,0.126775
1182.8,0.118189
1492.85,0.149109
2625.11,0.26218
986.209,0.0985859
1013.56,0.10135
320.886,0.0320827
857.579,0.0855765
2925.48,0.292419
1063.7,0.106352
2584.21,0.258362
2536.09,0.253578
1454.28,0.145314
1923.28,0.192136
2105.8,0.210478
3071.83,0.307085
6816.07,0.680922
10264,1.02172
765.786,0.0764099
1536.74,0.153511
2406.55,0.240421
744.64,0.0743191
901.733,0.0901611
1259.34,0.12588
1988.68,0.198859
1909.83,0.19088
842.441,0.0841587
923.444,0.0922892
538.799,0.0538714
736.314,0.0735515
1026.54,0.102652
973.451,0.0973314
1273.59,0.127312
955.783,0.0955285
1153.29,0.115221
2277.79,0.227632
2517.13,0.251275
1062.45,0.106233
2370.36,0.23666
2799.15,0.279782
893.876,0.0893383
804.767,0.0804259
9589.83,0.952823
1081.32,0.108044
756.907,0.0754766
1251.52,0.125092
832.46,0.0831467
2132.85,0.213275
2036.04,0.203377
1164.32,0.116426
1266.08,0.126587
693.163,0.0693152
1287.57,0.128735
1354,0.135278
4354.75,0.435204
962.521,0.0947444
557.098,0.0557075
1629.3,0.162832
1600.85,0.160079
3724.18,0.372251
1555.66,0.1554
658.346,0.0658289
1354.27,0.135393
833.996,0.0833602
2509.9,0.250961
11225.7,1.1215
902.412,0.09016
895.739,0.0894851
845.489,0.0844422
2353.97,0.23532
1477.46,0.147723
912.095,0.091165
754.146,0.075411
1154.72,0.115369
540.874,0.0540761
717.262,0.0717191
1846.97,0.184603
1291.88,0.129122
626.687,0.0626682
1444.03,0.144266
567.355,0.0566836
1655.97,0.16182
731.626,0.0731603
852.728,0.0852712
1109.9,0.110958
587.476,0.0587444
6111.05,0.610876
10086.3,1.00546
1210.33,0.12099
1144.93,0.114457
6980.19,0.696901
907.198,0.0907045
2545.12,0.254449
1204.13,0.120398
992.043,0.0992012
2090.8,0.20885
966.74,0.09661
1637.9,0.163729
1928.44,0.192712
1286.42,0.128544
1083.52,0.108295
1149.01,0.114889
1513.11,0.151115
1120.84,0.112029
1179.99,0.11766
673.329,0.0672588
3319.22,0.331673
1670.48,0.167034
1017.91,0.101742
1213.14,0.121223
2133.48,0.212167
2085.2,0.208167
3042.66,0.304249
1505.39,0.150014
1483.36,0.14833
896.592,0.0896193
945.749,0.0945385
829.106,0.0827918
1037.61,0.103751
9176.89,3.39695
1022.64,0.102099
1281.03,0.128066
2640.46,0.263594
1299.01,0.129658
840.413,0.0840093
871.46,0.0868931
937.202,0.0937164
1121,0.112008
586.919,0.0586837
2112,0.211134
774.047,0.0773781
1970.48,0.196786
3855.19,0.38515
694.25,0.0694183
1933.55,0.193199
2160.4,0.216017
1401.78,0.140173
1065.57,0.106368
1483.8,0.148349
1180.04,0.117911
1006.61,0.100592
1369.38,0.136828
1079.96,0.107935
853.309,0.085249
941.412,0.0941292
2849,0.284656
779.051,0.0778974
1461.62,0.146049
1898.97,0.189811
2429.61,0.242749
546.78,0.0546721
1349.06,0.134636
1063.11,0.106289
1612.81,0.161112
665.081,0.0664961
2048.75,0.204834
1185.94,0.118573
994.744,0.0994572
984.225,0.0984175
1072.43,0.106881
3664.12,0.366155
909.805,0.0909307
1081.46,0.108134
2183.98,0.218105
1303.36,0.130308
1128.87,0.112884
1514.67,0.151456
1040.6,0.104054
890.268,0.0889494
4922.2,0.487417
6723.53,0.671241
777.814,0.0775633
14743.5,1.47161
800.963,0.0800881
7835.25,0.782508
745.134,0.0744222
961.382,0.0961329
2112.82,0.210855
518.919,0.0518867
1469.17,0.146832
1092.19,0.1091
1482.48,0.147975
1069.82,0.106976
1411.11,0.141105
725.346,0.0725225
1031.79,0.103148
5205.52,0.519772
1045.94,0.104419
2433.83,0.243353
985.32,0.097581
1455.13,0.145442
642.566,0.06424
1573.19,0.157266
670.72,0.06704
823.039,0.0821759
733.771,0.0733728
662.167,0.0661805
819.588,0.0817504
1163.15,0.116197
1963.55,0.19604
1067.76,0.10665
856.804,0.0855962
1510.36,0.151033
1307.9,0.130743
1403.83,0.140336
1453.9,0.145316
857.339,0.0857286
1123.52,0.112256
1389.79,0.138944
1355.89,0.135548
1280.99,0.127837
1648.55,0.164831
815.771,0.0815695
1153.81,0.11535
1629.29,0.162915
5456.3,0.540366
1173.63,0.117282
1591.76,0.159147
1174.57,0.117276
1138.19,0.113753
1945.26,0.194446
1036.52,0.103566
792.604,0.079227
1548.11,0.154752
1349.04,0.134781
673.744,0.0673501
1302.2,0.130182
2008.76,0.200521
1642.4,0.164092
909.923,0.0909796
2408.91,0.240811
793.742,0.0787991
1280.95,0.128057
2483.9,0.248338
4833.05,0.482906
1181.87,0.118013
1064.11,0.106387
2539.69,0.253864
1335.41,0.133455
1641.38,0.164118
1152.77,0.115178
1246.59,0.124632
3303.01,0.329824
775.332,0.0774222
527.486,0.0527467
1105.64,0.110537
1563.25,0.156179
855.6,0.0852327
1839.29,0.183916
2886.55,0.287955
1063.59,0.106314
5213.08,0.520748
840.067,0.0839812
983.922,0.0983057
2009.53,0.200898
2325.38,0.232426
880.243,0.0879869
2234.07,0.223281
941.65,0.0939281
886.549,0.0885843
1258.91,0.125855
1410.82,0.141048
2092.41,0.209084
2383.21,0.238291
697.085,0.0696224
1482.13,0.148182
2039.45,0.203642
1113.74,0.111339
1920.45,0.191972
2040.26,0.203748
1013.66,0.101214
612.705,0.0612671
1189.93,0.118922
896.595,0.0896553
655.455,0.0655367
1272.88,0.127279
11594.3,1.15766
1645.46,0.16452
1236.21,0.123558
728.325,0.0728172
1149.42,0.114853
892.086,0.084024
3104.46,0.310336
2296.42,0.229333
1232.25,0.123073
1262.34,0.126151
1317.3,0.131717
1233.75,0.123268
2828.12,0.28279
7050.44,2.76422
838.051,0.0837756
1699.77,0.169972
1755.09,0.175447
754.663,0.0754394
652.399,0.0652375
1386.29,0.138521
1514.48,0.15141
1310.17,0.131005
1330.36,0.132999
993.862,0.0993784
1025.76,0.102565
1837.86,0.183237
458.734,0.0458731
1101.09,0.110084
7102.76,0.708682
838.008,0.0836581
1018.57,0.101853
757.264,0.0756724
2128.88,0.212861
923.275,0.0923202
1660.02,0.165725
697.869,0.0697152
837.406,0.0837313
1438,0.143792
789.558,0.0788567
989.565,0.0988939
1350.23,0.134947
1103.79,0.109849
1615.45,0.161356
2031.95,0.20313
1468.49,0.146843
1225.07,0.122469
793.257,0.0792942
672.238,0.067143
1010.34,0.10103
1224.96,0.122481
1220.36,0.121959
689.943,0.0689829
1228.14,0.122774
1852.42,0.18521
3599.22,0.359714
1227.28,0.122629
1937.56,0.193652
1157.79,0.115752
1849.85,0.184937
1022.11,0.102203
1272.07,0.127201
1815.43,0.181438
1167.62,0.116682
1725,0.172349
1036.12,0.103583
1015.33,0.101516
1641.37,0.164115
567.905,0.0566837
966.65,0.0966332
834.016,0.0833805
994.493,0.0993766
1259.9,0.125926
1820.03,0.181572
1559.37,0.155918
2067.75,0.206569
795.217,0.0795195
1700.49,0.16988
1757.02,0.175564
1455.73,0.145436
1071.68,0.107152
7825.49,0.781158
1283.42,0.128288
914.856,0.0913968
776.763,0.0776696
883.848,0.0881748
1539.9,0.153851
1104.3,0.110353
992.305,0.0990891
877.779,0.0877304
1759.87,0.17552
1070.57,0.107048
1569.87,0.156943
2244.36,0.224409
690.719,0.0684281
1760.83,0.175842
913.193,0.0912712
922.689,0.092243
1036.65,0.103173
1405.83,0.140199
1221.41,0.12196
1024.17,0.102328
789.812,0.0789465
1616.54,0.161647
1396.46,0.139568
1278.24,0.127759
1552,0.155172
2349.02,0.234842
917.513,0.0916664
959.051,0.0958805
1213.16,0.121168
25885.6,2.57767
1009.88,0.100952
805.79,0.0805441
1909.5,0.190912
1592.23,0.148926
1157.69,0.115753
1230.35,0.12296
3543.48,0.354319
2015.59,0.201534
539.748,0.0539714
798.279,0.0798119
703.29,0.0703016
4431.09,0.442837
809.544,0.0809511
1329.09,0.132855
1010.02,0.100988
5002.34,0.499359
1247.34,0.124535
1490.61,0.148012
984.164,0.0983514
1544.38,0.154405
4064.54,0.903836
797.264,0.079712
1225.1,0.122492
1666.55,0.166464
2286.4,0.228484
2083.57,0.208349
1417.46,0.141709
1132.52,0.112754
4157.24,0.415258
1571.09,0.157096
1250.32,0.125017
2207.7,0.220458
1244.43,0.124434
1268.99,0.126889
12666.4,1.26333
894.191,0.0890611
1174.24,0.117386
812.996,0.079909
829.425,0.0829312
805.266,0.0805228
528.508,0.0527725
1324.46,0.132429
1052.28,0.105016
1227.08,0.122636
4154.38,0.41452
1774.06,0.176077
1182.06,0.118173
1396.9,0.139597
788.072,0.0787853
650.564,0.0648873
1306.59,0.130461
2241.73,0.224134
1044.9,0.104428
783.83,0.0783812
740.12,0.0740066
1412.46,0.141192
838.625,0.0838595
2035.47,0.203486
2887.05,0.288316
2695.57,0.26913
882.719,0.0882665
1369.12,0.136859
1959.93,0.195885
405.557,0.0405433
1004.03,0.100394
1478.83,0.147789
1784.11,0.178386
894.636,0.0886499
1939.11,0.193874
1165.7,0.116556
1628.82,0.161842
1000.76,0.10007
1261.78,0.126077
1108.61,0.110856
1229.06,0.122894
1459.59,0.141852
826.171,0.082616
1819.86,0.181829
1028.6,0.100506
2381.91,0.238118
894.469,0.0893587
1332.79,0.133177
942.208,0.0942028
2308.58,0.230837
2296.13,0.229572
1095.37,0.109496
1586.92,0.158447
1959.51,0.195882
4046.23,0.403818
2017.73,0.201505
1846.92,0.18456
1270.81,0.127074
984.032,0.0981748
1112.07,0.111123
1307.55,0.130678
4012.9,0.399395
1292.47,0.129176
1298.63,0.129812
984.806,0.0984618
1518.31,0.151753
817.033,0.0816968
1498.33,0.149814
1226.31,0.122593
905.348,0.0905209
786.214,0.0786142
1238.91,0.122979
621.329,0.0621284
1528.69,0.152759
1150.45,0.114988
1134.14,0.113383
990.053,0.098991
1212.51,0.121232
1384.59,0.138425
838.74,0.0838532
1344.56,0.134397
836.51,0.0836204
1490.2,0.149002
1447.79,0.144764
1055.53,0.105455
1102.58,0.110219
1081.31,0.108072
982.817,0.0981394
20208.4,2.01841
1694.9,0.169421
1191.35,0.119105
1865.9,0.186523
938.289,0.0938198
1012.5,0.101106
1780.98,0.176751
1127.66,0.112717
1936.03,0.193323
646.615,0.064656
1684,0.168314
1274.81,0.127453
1312.41,0.130815
1736.97,0.173607
25201.2,2.5061
5890.7,0.587106
3302.19,0.329972
1670.04,0.166886
1149.52,0.114904
2894.48,0.289336
731.147,0.0731038
1728.26,0.172747
894.388,0.0893886
3047.65,0.304606
543.051,0.0543038
820.67,0.0820239
1130.34,0.111371
1248.74,0.124865
5756.09,0.5751
1044.05,0.104374
1351.99,0.135168
1127.87,0.112768
1375.68,0.137456
1158.87,0.115876
2885.7,0.288275
1125.95,0.112587
3321.31,0.332009
968.776,0.0968562
1085.22,0.108404
794.669,0.0794247
1496.76,0.149493
1045.84,0.104563
831.739,0.0831204
2000.2,0.199927
1081.88,0.108169
1597.17,0.15957
811.318,0.0810884
2673.57,0.267088
2151.61,0.214939
720.77,0.0720492
1037.09,0.102981
1019.92,0.101969
927.46,0.0891069
1095.08,0.109245
1204.29,0.120392
1271.14,0.127097
1817.53,0.181505
1822.93,0.181754
889.697,0.0888088
1790.37,0.178993
1061.43,0.106114
1573.49,0.157286
1390.7,0.139024
3095.14,0.309154
2439.18,0.243646
1047.27,0.104695
1475.97,0.147555
1248.77,0.123233
874.473,0.087267
841.604,0.0841472
1571.04,0.157019
1270.39,0.126933
790.004,0.0789056
932.722,0.0932473
684.667,0.0684479
1319.08,0.131903
15398.2,1.53026
1167.83,0.116748
1939.16,0.19382
1331.92,0.133023
6883.26,0.687209
1728.45,0.172752
1397.87,0.139691
849.362,0.0849221
383.17,0.0383106
759.614,0.0759028
1677.16,0.167444
892.412,0.0892317
743.259,0.0743108
1062.78,0.106207
2923.18,0.292162
1158.38,0.115761
2056.15,0.205211
1034.47,0.103424
799.464,0.0799183
1181.65,0.118073
1192.99,0.11929
1591.22,0.159072
1181.68,0.118038
892.735,0.0892126
1394.97,0.13948
1415.12,0.141333
4169.38,0.416724
1743.45,0.174293
1082.38,0.108188
3307.14,0.330519
3231.81,0.322858
2120.89,0.198878
2473.73,0.247268
3893.5,0.388301
715.088,0.0714483
1187.53,0.118734
1736.16,0.173577
1085.64,0.108542
3622.23,0.361683
753.321,0.0753129
826.513,0.0826435
1315.94,0.131504
985.715,0.0985435
510.854,0.0510659
1874.09,0.18727
4157.43,0.415391
892.095,0.0891991
1218.86,0.121838
1263.61,0.126327
1926.85,0.192653
3022.96,0.302097
3472.39,0.347142
1272.78,0.127213
1327.5,0.132651
1844.03,0.184382
2303.5,0.230337
1329.31,0.132921
654.916,0.0654909
566.638,0.056642
9586.88,0.95816
1270.08,0.126948
663.907,0.0663865
1258.72,0.125845
1192.97,0.119196
1344,0.133018
972.381,0.0971961
909.022,0.0908905
1076.06,0.107593
1743.22,0.174222
900.828,0.0894414
1088.2,0.108755
779.686,0.0779567
964.439,0.0962933
1769.94,0.176932
1058.69,0.105843
1325.89,0.132561
1949.81,0.1949
1671.17,0.166981
1217.32,0.121681
1000.47,0.0999157
1246.35,0.124526
711.899,0.0711783
1150.71,0.115043
832.186,0.0832066
1641.18,0.164064
869.15,0.0868977
1173.15,0.11727
1134.2,0.113351
1214.27,0.121261
6504.41,0.649645
879.18,0.0875351
884.625,0.0883613
12378.8,1.23711
3037.98,0.303721
1995.45,0.199487
952.298,0.0952249
4245.1,0.422826
1025.39,0.102481
1263.36,0.126251
767.888,0.076785
6985.55,0.69796
830.909,0.0830358
994.834,0.0990427
957.938,0.0957736
1676.77,0.167663
1065.66,0.106469
1172.9,0.11717
2343.32,0.234049
817.604,0.0817565
1134.05,0.113317
702.544,0.070251
563.486,0.056347
1697.06,0.169659
1365.8,0.13655
1087.64,0.10831
2571.86,0.25699
1496.22,0.149564
1173.68,0.11724
3325.86,0.332229
1251.56,0.125103
1175.41,0.117465
805.113,0.0804838
1232.55,0.123093
686.932,0.068692
1830.14,0.182873
851.953,0.0849743
1085.56,0.10845
1493.88,0.148617
4062.4,0.406024
2833.66,0.283308
1756.63,0.175629
2297.85,0.229612
1937.26,0.193493
3574.12,0.356128
1110.61,0.111024
1854.01,0.185258
1238.31,0.12382
1235.63,0.123553
6309.28,0.629025
1689.94,0.168981
1338.94,0.133785
1097.58,0.109663
1156.89,0.115647
2538.2,0.253422
1343.31,0.134326
963.158,0.0962977
846.104,0.0844982
876.881,0.0876705
739.003,0.0738935
913.5,0.0913285
1897.14,0.189691
819.655,0.081948
902.218,0.0902137
1500.56,0.150035
3529.24,0.352735
1141.02,0.113772
4184.56,0.418047
1527.16,0.15264
2053.33,0.205325
3549.65,0.354539
772.336,0.0790855
944.316,0.0943714
1182.92,0.118289
1018.3,0.10182
936.388,0.0935343
1101.38,0.110132
1295.11,0.129376
1186.03,0.118523
1119.27,0.111923
1502.23,0.15006
1258.23,0.125778
2326.01,0.232413
1058.93,0.105862
899.768,0.0899685
849.868,0.0849824
1099.12,0.109879
3657.29,0.364863
765.141,0.0764278
2684.56,0.268229
581.599,0.0581146
3700.48,0.369485
1074.54,0.107379
1059.55,0.105907
1068.37,0.106784
656.554,0.0656514
1998.27,0.19968
1496.93,0.149674
1161.45,0.116022
1652.15,0.165073
862.704,0.0862645
2084.72,0.20805
1248.27,0.124807
1528.66,0.152399
1745.17,0.174488
3266.6,0.326466
893.606,0.0893298
862.087,0.08614
3206.2,0.320197
1612.41,0.161202
2242.33,0.223149
1792.31,0.1788
1552.04,0.15491
1075.45,0.10753
962.42,0.0962358
807.854,0.0807802
1395.06,0.13948
606.228,0.0605876
1880.33,0.187897
706.279,0.0706249
2651.21,0.264888
738.112,0.0737688
800.201,0.080013
1374.65,0.137443
1240.8,0.124073
811.172,0.0809342
791.273,0.0790795
2438.97,0.243735
1771.39,0.177119
1161.08,0.1161
1076.79,0.107668
904.613,0.0900386
1770.88,0.177041
1586.17,0.158111
5342.4,0.533355
794.751,0.0794556
1054.8,0.105226
1990.9,0.199019
1049.05,0.104854
1998.9,0.199858
977.18,0.0970503
2083.46,0.20824
1803.04,0.180264
1690.87,0.169007
1730.91,0.172999
2039.7,0.203926
853.408,0.085288
1812.49,0.181145
1836.83,0.183615
945.032,0.0944131
2891.62,0.289112
862.578,0.0862218
1425.02,0.142489
1098.28,0.109769
1552.11,0.155084
1596.57,0.159598
1255.86,0.125505
748.873,0.0748095
1257.85,0.125774
1050.26,0.104946
760.809,0.0760751
1052.05,0.105202
1152.92,0.115224
880.081,0.0879903
2157.86,0.21559
2804.75,0.280364
833.437,0.0833341
1743.7,0.174317
1285.02,0.128477
1531.75,0.153156
2691.84,0.2688
794.009,0.0793843
1107.23,0.108519
2744.4,0.274356
1585.73,0.158538
9183.52,0.914951
2142.02,0.214169
1464.47,0.146439
670.372,0.0670322
589.404,0.0589333
1332.85,0.13323
1183.02,0.118252
2126.28,0.212611
810.501,0.0810335
1444.3,0.144371
1191.05,0.119069
5450.31,0.544763
1100.79,0.110073
1176.92,0.117604
1151.74,0.115149
3654.64,0.365138
643.75,0.0631692
1813.79,0.181187
979.995,0.0977624
1002.52,0.100233
1793.59,0.179304
3429.17,0.341243
2230.16,0.222812
984.902,0.0983531
713.582,0.071318
1409.29,0.140855
704.698,0.0704144
1327.61,0.129687
2459.56,0.245556
2163.54,0.216193
617.345,0.0617262
823.32,0.0823081
2524.58,0.251933
2361.25,0.233522
859.1,0.0858706
865.36,0.0865267
1180.63,0.117862
1470.76,0.146986
1241.98,0.124193
1165.22,0.116511
2112.59,0.211231
1219,0.121821
1080,0.107945
2337.21,0.233662
2705.89,0.270458
1471.67,0.147131
2916.35,0.291497
631.878,0.0631446
20518,2.03824
2825.39,0.282353
870.36,0.0869909
1379.99,0.137769
841.818,0.0840022
652.597,0.0652416
1205.74,0.120557
2291.03,0.229077
547.277,0.0546764
970.645,0.097035
12514.5,1.24969
826.011,0.0825919
3203.75,0.320075
640.768,0.0640187
2659.79,0.265845
1043.26,0.104274
1100.72,0.110058
1164.49,0.116384
1452.33,0.145208
623.662,0.0617965
1451.96,0.145159
3261.61,0.325921
2501.34,0.249833
1050.39,0.105029
5236.38,0.521856
1383.64,0.13831
2682.8,0.268157
1866.9,0.186379
996.264,0.0996035
1321.33,0.131138
903.775,0.0903179
2266.16,0.226538
2334.96,0.233462
1336.6,0.133497
1032.99,0.103288
1268.1,0.126713
709.003,0.0708859
2332.62,0.233202
1293.86,0.129367
1927.76,0.191675
1533.84,0.153347
6101.35,0.607919
841.593,0.0841336
1116.48,0.111611
1378.37,0.137798
1581.68,0.157989
1065.52,0.10654
1350.72,0.134648
2568.23,0.255443
928.88,0.0927784
756.715,0.0755869
1796.59,0.179609
1177.04,0.117505
865.395,0.086532
1175.09,0.1175
3928.57,0.391773
6853.45,0.684797
1534.7,0.15341
581.417,0.0581285
1059.65,0.105934
533.417,0.053327
614.508,0.0614043
921.379,0.0920982
1791.68,0.179095
858.806,0.0855301
1334.27,0.133392
3411.48,0.341087
2012.28,0.201208
1909.38,0.190801
1331.24,0.133077
426.597,0.0425903
1216.32,0.121627
963.496,0.0962207
1997.81,0.19976
1182,0.118184
612.168,0.0611876
2165.8,0.216236
2163.77,0.216358
1561.49,0.15606
1470.29,0.146999
4160.5,0.415551
755.185,0.0755148
828.859,0.0828548
2337.7,0.233718
1146.66,0.11463
747.282,0.0747115
1503.48,0.150342
1819.62,0.181802
1612.78,0.161015
2856.4,0.285599
1429.61,0.14295
813.511,0.0813385
2360.68,0.235924
650.721,0.0650113
1488.44,0.148795
1200.05,0.120002
3558.19,0.35573
1067.17,0.106584
1286.92,0.128684
855.579,0.0855458
604.506,0.0604316
773.126,0.0772008
1412.86,0.141077
1381.01,0.137791
1780.37,0.177662
1273.84,0.127338
939.846,0.0938997
3018.91,0.301766
1025.15,0.102486
1181.93,0.118145
2165.03,0.216333
1991.79,0.199168
2709.97,0.270882
1325.59,0.13223
2782.81,0.277784
1425.66,0.142559
4045.03,0.404143
13252.3,1.31656
850.273,0.0850018
1513.98,0.151317
8828.78,0.881934
1062.3,0.1062
1580.22,0.157895
1123.42,0.111879
1547.04,0.154624
1207.36,0.120722
1014.04,0.101394
1468.4,0.146787
1394.34,0.139389
816.224,0.0816052
7500.5,0.749228
1243.55,0.124305
1383.53,0.138263
1094.64,0.109396
1891.25,0.18878
1366.78,0.136594
1264.5,0.126082
893.105,0.0893025
3014.19,0.301155
1098.1,0.109782
1063.34,0.106261
1395.81,0.139425
1553.12,0.155159
1360.33,0.135913
4530.81,0.452394
713.651,0.0713623
8665.24,0.917712
2079.95,0.207896
862.783,0.0862627
2716.07,0.270648
1528.79,0.15285
978.346,0.0978224
1129.54,0.112869
2879.9,0.287211
925.932,0.0925801
1106.14,0.110581
846.55,0.0846423
870.472,0.0869998
2663.79,0.266102
1671.08,0.166994
889.45,0.0889416
1201.27,0.120094
1107.63,0.110711
689.436,0.0689074
1904.82,0.190435
727.303,0.0727107
1316.93,0.131673
1590.17,0.158963
1238.16,0.123747
1392.64,0.139041
2807.18,0.280599
1233.68,0.123348
497.472,0.0497369
1081.86,0.108159
742.54,0.0742286
1410.06,0.140996
971.932,0.097158
1401.91,0.139752
1286.85,0.12865
1879.11,0.187897
760.97,0.0760222
1392.27,0.139032
898.109,0.0897971
1510.91,0.151058
1728.93,0.172864
2555.54,0.255399
2232.65,0.211322
2150.51,0.214979
1636.92,0.163671
429.825,0.0429695
817.16,0.0816775
977.471,0.0976072
1003.04,0.100241
1611.99,0.161176
1821.03,0.182027
972.407,0.0972146
812.592,0.0812321
1770.45,0.176001
1400.11,0.139976
996.537,0.0995324
1842.57,0.184248
6319.35,0.63185
946.853,0.0946738
1100.34,0.109909
1953.97,0.195335
982.206,0.0981929
1355.01,0.135325
814.43,0.0814248
1337.48,0.13371
984.904,0.0984317
2560.61,0.256019
943.148,0.094167
1577.02,0.157651
718.787,0.0714508
1438.51,0.143795
1587.89,0.138107
4098.98,0.201398
30034.4,2.98137
926.93,0.0926907
706.884,0.0706668
1250.13,0.124996
19109.3,1.90293
706.094,0.0706042
1821.02,0.18192
1100.61,0.110036
926.457,0.0926214
8188.74,0.818356
1185,0.118386
682.579,0.0682567
3516.78,0.351636
965.88,0.0964696
2289.11,0.228794
1130.96,0.11305
585.63,0.0585577
1477.95,0.147593
1172.87,0.11728
998.419,0.152129
1412.4,0.141233
1100.97,0.110041
825.185,0.0824944
855.42,0.0854934
1653.67,0.165333
1327.05,0.132685
1022.66,0.102247
10254.4,1.02498
1426.04,0.142555
1620.23,0.161895
16165,1.61405
556.588,0.0556522
1079.03,0.107844
930.641,0.0930422
6805.84,0.680062
470.864,0.0470742
889.641,0.0888203
1309.99,0.130985
1691.07,0.16907
1471.91,0.146972
1391.53,0.139112
1651.11,0.165106
1166.92,0.116644
2000.03,0.199968
1118.66,0.111749
1424.65,0.142454
757.623,0.0757471
2132.04,0.213162
1367.47,0.136661
1757.59,0.175517
2523.87,0.252349
911.468,0.0911089
1579.29,0.157889
786.003,0.0785457
763.639,0.0763316
395.346,0.0395001
856.104,0.0855045
1124.16,0.112407
1972.13,0.197119
1384.87,0.138342
1279.52,0.127941
806.056,0.0805068
1733.48,0.17319
1076.89,0.107683
1974.96,0.197479
1579.41,0.156689
1141.95,0.114135
892.988,0.0892562
4197.12,0.419324
1063.63,0.106266
1664.48,0.166303
789.915,0.0789781
1911.9,0.191102
774.097,0.0774057
2013.88,0.2013
1401.9,0.140181
1614.01,0.161359
1499.52,0.149942
845.638,0.0845475
955.617,0.095558
2665.23,0.266487
756.964,0.0756862
856.805,0.0856696
904.435,0.0903663
1256.37,0.140683
1020.57,0.101969
1200.42,0.120025
1412.27,0.141168
1826.49,0.182508
1140.35,0.113992
1462.69,0.14619
1068.71,0.106837
1044.94,0.104457
1148.04,0.114795
818.508,0.0818263
1030.97,0.103076
1048.61,0.104683
22988.4,2.27139
940.584,0.0940122
1161.56,0.116154
499.243,0.0499102
859.139,0.0858508
1057.38,0.105672
789.57,0.0789098
1230.05,0.122995
1870.26,0.186897
1291.48,0.129132
1137.24,0.111039
1439.24,0.143866
1311.41,0.131099
1440.22,0.143969
1357.31,0.135495
811.997,0.0811555
1003.08,0.100304
1908.61,0.189948
1112.14,0.111207
676.18,0.0675829
886.21,0.0886154
1413.22,0.141299
1219.2,0.121823
488.027,0.0488011
2050.38,0.204976
1063.86,0.10633
2008.66,0.200695
671.265,0.0671245
3420.83,0.341801
650.386,0.0649978
2073.16,0.207256
1055.32,0.105395
1416.66,0.141534
1110.98,0.111043
1033.39,0.103335
3281.99,0.328117
1802.38,0.179727
721.925,0.0703354
4294.52,0.429102
865.349,0.0865157
1421.84,0.142141
2690.52,0.268904
1467.29,0.146523
525.022,0.0524791
1998,0.199762
1003.57,0.100329
1699.36,0.168447
1739.23,0.173838
918.714,0.0918566
801.036,0.0800959
1529.05,0.152828
856.366,0.085492
1586.81,0.158576
964.971,0.0964758
842.076,0.0841654
1225.84,0.122574
8934.81,0.890684
913.638,0.0913593
1321.13,0.131956
947.65,0.094658
643.652,0.0643578
1122,0.11216
2064.67,0.206444
3453.34,0.345235
1590.15,0.158862
4370.09,0.436776
1051.33,0.105129
959.782,0.0959606
1479.22,0.147878
1087.57,0.108744
1142.69,0.114155
2051.02,0.204956
1959.51,0.195904
1980.68,0.197994
2163.01,0.216294
998.501,0.0998407
1002.92,0.100267
817.468,0.0817345
694.7,0.0694355
1076.19,0.107528
1405.37,0.140299
1107.62,0.110758
1526.95,0.152603
3387.47,0.338688
2013.29,0.201079
2859.29,0.285883
1470.68,0.146953
912.551,0.091211
1020.68,0.101809
1282.5,0.128107
3165.67,0.316426
4299.6,0.42897
1653.99,0.165167
676.703,0.0676607
6664.61,0.66523
2660.51,0.2658
1655.64,0.165348
2454.45,0.245295
1527.51,0.152447
1812.73,0.149051
2013.53,0.20115
3642.03,0.3641
2261.07,0.225896
810.77,0.0810625
607.064,0.0607044
922.079,0.0921623
2292.81,0.229159
1117.52,0.111723
1055.13,0.105451
1289.96,0.128954
1152.09,0.115204
1409.72,0.140957
1289.77,0.128848
1172.35,0.116895
1314.48,0.131444
1269.44,0.126901
1171.43,0.11714
2493.43,0.249307
2161.3,0.21609
1514.62,0.151426
12163.1,1.20711
1074.92,0.107309
1703.02,0.170263
653.301,0.0653097
11147.4,1.11293
1586.04,0.158586
1647.89,0.164648
587.812,0.05878
3338.6,0.333516
739.02,0.073805
1412.05,0.141175
448.898,0.0448884
4453.74,0.445045
1702.55,0.170239
10313,1.03095
819.647,0.081919
1560.92,0.156058
1060.01,0.105985
987.788,0.0987342
1038.37,0.103737
1090.95,0.109072
1233.71,0.123192
1154.21,0.115402
1685.72,0.168424
1286.46,0.128387
2347.57,0.234526
1552.97,0.155049
1075.4,0.10726
605.491,0.0605267
1572.27,0.157214
1790.83,0.17907
1466.44,0.146593
1184.56,0.118327
794.408,0.0794106
1793.06,0.179282
1352.58,0.135229
818.826,0.0818676
866.305,0.0843498
1085.09,0.108371
1222.86,0.122257
1076.71,0.107655
825.145,0.0825054
6715.23,2.71777
975.431,0.0975397
1063.8,0.106251
939.93,0.0939667
1218.03,0.121785
3823.28,0.380063
1940.16,0.193941
1040.57,0.104013
1474.79,0.147427
7955.24,0.713598
954.914,0.0954598
1973.11,0.197151
1039.77,0.103963
3282.35,0.327874
4204.57,0.41391
1036.68,0.103456
1976.33,0.197499
804.22,0.0803419
654.654,0.065383
1421.63,0.142031
733.416,0.0733394
754.829,0.0752126
1811.2,0.180772
818.803,0.0818615
849.751,0.0849592
1395.45,0.139538
2049.28,0.20481
494.751,0.0494505
783.654,0.0783463
1252.38,0.125201
3141.27,0.310959
1375.69,0.137322
3284.59,0.328329
634.943,0.063475
2413.86,0.241271
769.713,0.0769548
1180.7,0.118024
2460.18,0.245755
1231.27,0.122694
1318.06,0.131749
1827.48,0.182722
746.999,0.0746893
1163.42,0.116238
870.268,0.0870134
3312.43,0.330929
1193.21,0.118916
1869.69,0.186934
792.199,0.0791595
677.768,0.0677555
2119.93,0.211411
1052.32,0.105223
1260.21,0.125668
2688.36,0.268821
694.506,0.0693924
7602.28,0.759673
2073.06,0.207213
2453.96,0.245129
948.668,0.0948635
732.599,0.0732364
1408.06,0.140796
1268.77,0.126864
2393.21,0.239245
1055.5,0.10548
941.737,0.094153
1622.09,0.162149
1955.62,0.195511
1288.25,0.128768
824.487,0.0824329
2555.47,0.239247
1530.88,0.153013
544.156,0.0544144
1087.2,0.108692
1590.17,0.158854
849.25,0.0849229
1995.24,0.199487
1401.77,0.140088
1209.1,0.120823
1065.06,0.105365
757.328,0.0757087
1462.65,0.146178
1616.81,0.161581
833.072,0.0833057
1010.88,0.101066
1232.5,0.123236
1003.7,0.100315
952.587,0.0946327
1037.08,0.103677
1223.5,0.10904
857.123,0.0856894
719.377,0.0719221
1157.91,0.115633
1977.99,0.197736
1264.71,0.126422
912.676,0.0912642
2360.76,0.235987
1001.87,0.100132
3340.26,0.333859
629.546,0.0629315
1528.49,0.152719
1729.77,0.172768
743.153,0.0743041
2017.52,0.201734
1743.67,0.174316
1003.1,0.100298
1549.23,0.154843
831.529,0.0831193
2196.11,0.219578
1202.11,0.120189
1452.98,0.145165
645.53,0.0643451
2416.11,0.241588
1678.2,0.167779
5499.74,0.548789
906.916,0.0906774
1450.02,0.144926
11762,1.1751
975.318,0.0975172
940.508,0.0940413
1029.67,0.0982297
2342.5,0.23414
7027.71,0.701415
657.601,0.0657364
18548.4,1.849
984.648,0.0984381
3644.27,0.363929
1299.18,0.12925
1477.36,0.14766
678.783,0.0677082
899.109,0.0894012
1331.19,0.132945
821.912,0.0821846
1285.48,0.12852
649.552,0.0649505
1064.73,0.106404
4925.13,0.176018
1630.12,0.162716
1710.72,0.17105
836.162,0.0836054
858.89,0.0858377
1258.73,0.125819
997.047,0.0995305
2289.2,0.228902
736.352,0.0736221
2412.03,0.240714
2189.53,0.218578
1389.86,0.138965
2265.35,0.226506
10480.7,1.04466
840.418,0.0840344
1006.29,0.100441
810.228,0.0809807
1590.51,0.157491
2440.28,0.243572
2045.17,0.204445
1219.6,0.121904
1211.16,0.121005
2175.75,0.217407
1032.41,0.103144
1392.98,0.139277
937.424,0.0936381
1232.39,0.123209
1187.59,0.117583
991.07,0.0987797
2859.33,0.285746
1061.45,0.10603
1110.41,0.111016
1556.34,0.155591
862.592,0.0862434
2188,0.218737
1394.4,0.139411
1839.92,0.18394
655.767,0.0655082
1339,0.133683
1213.04,0.12111
6567.68,0.656605
656.187,0.0655939
1244.09,0.124372
3773.06,0.376904
1091.11,0.108773
5506.21,0.546696
944.413,0.0944351
997.318,0.0997283
1268.98,0.126875
953.114,0.0952937
804.296,0.0803067
5405.77,0.539207
1201.37,0.120117
962.31,0.0961998
894.559,0.0893735
1952.49,0.19521
1564.04,0.156369
832.423,0.0832311
852.359,0.0852021
1177.23,0.117699
821.515,0.0821257
1293.41,0.129334
996.968,0.0996589
1980.01,0.197832
1065.43,0.106492
1133.88,0.113369
1255.15,0.12549
2974.29,0.297367
1897.99,0.189776
774.933,0.0774842
583.9,0.0583873
2214.74,0.221264
1326.34,0.132574
732.51,0.07325
1285.16,0.128453
1606.38,0.160577
951.133,0.0950972
2106.75,0.21066
947.321,0.0947104
1350.88,0.135028
1024.72,0.10246
1166.15,0.115925
661.383,0.0661309
8245.4,4.55423
1437.92,0.143644
1251.35,0.125095
888.703,0.0888596
973.878,0.097383
2609.52,0.260912
1244.12,0.124395
926.656,0.092653
681.336,0.0681308
1511.92,0.151184
1354.69,0.134865
2346.53,0.234645
8619.92,0.859568
932.055,0.0931813
10655.7,1.06426
1264.87,0.12639
1156.72,0.115528
2533.77,0.253234
600.135,0.059988
1992.5,0.199013
1110.16,0.110998
1734.66,0.173407
1608.51,0.160807
1363.41,0.136184
596.217,0.0596079
1659.13,0.165854
1570.64,0.156648
1216.28,0.12161
1950.99,0.194634
979.749,0.0979637
1380.56,0.137947
996.109,0.0996038
1546.05,0.154527
2071.56,0.207022
1120.96,0.11208
2359.72,0.235473
1248.36,0.124797
1040.11,0.103861
5281.71,0.526819
1761.85,0.17615
763.803,0.0762852
1023.45,0.102296
672.765,0.0672668
1164.51,0.116419
940.948,0.0940934
921.578,0.0916117
1659.66,0.165859
4211.46,0.420947
1616.76,0.161474
821.896,0.0821627
2454.67,0.24509
687.959,0.0687942
1120.67,0.112031
702.28,0.0701404
525.235,0.052479
962.334,0.0961236
575.158,0.0574916
2291.16,0.228682
1332.58,0.133239
1482.31,0.148101
638.395,0.945428
2019.11,0.201696
820.19,0.0820056
1357.23,0.135586
1001.91,0.100123
2909.14,0.290484
976.381,0.0976364
744.655,0.0742274
1258.61,0.125834
2639.79,0.26314
1131.47,0.113134
1150.1,0.114961
828.741,0.0828701
1102.7,0.110225
2061.72,0.206087
830.428,0.0830141
1000.05,0.100002
1368.42,0.136639
758.03,0.0757761
613.185,0.0613071
1536.82,0.153549
1522.85,0.152255
1148.61,0.114803
944.549,0.0943693
1484.02,0.148391
1197,0.119673
766.404,0.0765439
3480.18,0.34782
1687.54,0.168728
790.387,0.0790335
1095.32,0.109512
1454.03,0.145332
1260.52,0.125799
884.35,0.088425
875.777,0.087547
1316.7,0.131657
1776.82,0.1775
1256.45,0.125631
1888.19,0.188784
802.039,0.0801811
1492.61,0.149219
1431.18,0.14307
1681.95,0.16812
1682.14,0.168169
1945.1,0.194426
971.989,0.0971967
1082.9,0.108099
969.664,0.0968335
1826.37,0.18257
823.289,0.0817761
996.79,0.0996534
1213.68,0.121337
2066.99,0.206612
1576.37,0.157309
1377.11,0.137686
680.326,0.0679623
1522.91,0.152212
1338.52,0.133735
1496.14,0.149191
2216.56,0.221464
753.929,0.0753269
1652,0.165076
436.975,0.0436662
1157.36,0.115732
2782.22,0.277932
2970.19,0.296696
1000.95,0.100091
1515.41,0.151377
963.644,0.0962929
778.982,0.0778202
790.938,0.0790885
1252.16,0.125176
1646.73,0.164666
6699.95,0.668782
1434.82,0.143411
1711.22,0.170971
2091.5,0.209135
1173.4,0.117331
518.529,0.0518143
11698.6,1.16586
2556.58,0.255634
789.412,0.0788951
824.999,0.0824806
888.843,0.0887984
816.238,0.0816029
901.848,0.0901255
1112.76,0.111255
930.077,0.0930054
933.733,0.0933681
1006.65,0.100656
1994.02,0.199387
3453.92,0.345233
2659.46,0.265885
2052.74,0.205186
713.014,0.0712886
1215.57,0.121482
1154.04,0.115201
927.016,0.0906548
947.384,0.094709
900.883,0.086584
880.645,0.0880522
4342.2,0.43375
768.788,0.0768527
858.948,0.0858778
733.916,0.0733395
1737.96,0.172913
2448.06,0.244782
1671.87,0.167049
1367.63,0.136712
1715.79,0.171531
1202.18,0.120213
894.161,0.0893734
1201.68,0.120138
1719.84,0.171842
2057.52,0.205633
1811.73,0.181157
1093.88,0.109375
1152.33,0.115178
1651.49,0.165105
2547.87,0.254551
1314.91,0.124692
626.031,0.0624573
746.66,0.0746583
2187.11,0.218589
1115.72,0.111294
704.656,0.0704628
2522.93,0.252146
1153.14,0.115266
816.097,0.0815841
1305.6,0.128887
2190.04,0.215955
1127.35,0.112695
1365.95,0.136574
1519.15,0.15178
940.576,0.0940512
791.802,0.0791248
2284.54,0.228357
4648.18,0.463622
1310.16,0.131008
925.184,0.0924911
701.867,0.0701786
1141.55,0.114081
1703.44,0.170204
654.832,0.0654723
1831.26,0.183104
1342.33,0.134222
1346.48,0.134547
1415.6,0.141552
1176.02,0.117545
1291.18,0.129073
1964.57,0.196294
1721.62,0.171933
1178.55,0.111
912.253,0.0908116
1039.23,0.103911
1914.16,0.191017
703.495,0.0702636
1221.67,0.121964
1256.18,0.125391
821.947,0.0821501
1345.29,0.134513
1135.97,0.11352
1025.18,0.102506
6084.22,0.606001
856.214,0.0855056
1214.38,0.121363
3273.34,0.326997
3270.28,0.326424
1223.63,0.12234
1673.73,0.167187
2880.18,0.287575
555.911,0.055539
1599.53,0.159869
1672.59,0.167237
1144.82,0.114308
1038.31,0.103767
784.192,0.0784098
1272.23,0.127089
908.887,0.0908258
1441.82,0.14413
958.333,0.0952907
1787.01,0.178523
1832.99,0.183133
932.611,0.0932019
795.287,0.0795201
983.195,0.0983071
700.836,0.070077
835.026,0.0834991
1680.67,0.168034
3591.37,0.358614
1253.82,0.12519
713.115,0.0712553
1061.1,0.105995
2529.83,0.25268
1363.19,0.135904
633.233,0.0633008
3921.98,0.391821
1532.43,0.153212
3230.8,0.322972
1490.35,0.148882
743.251,0.074259
1348.74,0.134802
961.476,0.0958851
1653.05,0.165289
323.781,0.0323776
1829.38,0.182887
1107.97,0.110692
904.745,0.0904097
1091.37,0.109124
1154.54,0.115443
1557.06,0.15509
699.865,0.0699845
1428.8,0.14285
1969.26,0.196813
775.772,0.0775655
1417.87,0.141769
1404.19,0.140347
3122.04,0.312085
840.745,0.0840386
2081.25,0.201291
1438.12,0.143801
1149.43,0.114912
1850.69,0.184981
2437.24,0.243595
2060.47,0.206024
1348.03,0.134753
949.877,0.0949533
679.587,0.0678699
702.805,0.070149
1967.79,0.196189
881.852,0.0881773
997.704,0.0996754
809.903,0.0809801
2970.26,0.296805
15154.2,1.5133
1238.8,0.12371
817.42,0.0817008
821.015,0.0809572
1268.06,0.126774
1041.56,0.103836
4116.95,0.411543
911.143,0.091076
1152.82,0.115262
1828.56,0.18268
1015.86,0.101572
2037.32,0.2035
1311.2,0.131103
1192.51,0.119232
1345.3,0.134108
899.318,0.0899187
2525.86,0.251881
910.385,0.0909846
5021.74,0.502007
1036.25,0.103617
1353.06,0.135217
1160.6,0.115607
827.889,0.0827764
1403.31,0.140314
1018.86,0.101817
897.919,0.0897605
830.538,0.0828671
2757.48,0.275384
2751.03,0.208579
1459.74,0.145414
3023.47,0.302296
1725.1,0.172429
1622.14,0.162107
3027.99,0.302696
856.76,0.0855507
1987.99,0.198693
1345.32,0.134517
495.291,0.0495087
946.426,0.0946026
4435.26,0.442716
3376.78,0.337417
1930.85,0.19296
1197.99,0.119768
1099.78,0.109965
542.715,0.0542355
1165.06,0.11647
629.519,0.0628879
2368.28,0.236623
1248.19,0.123898
788.02,0.0785715
972.029,0.0969848
714.109,0.071403
1713.68,0.169213
1205.53,0.120492
1100.21,0.109959
983.227,0.0983212
1423.47,0.142302
1684.93,0.168469
1957.64,0.195739
865.638,0.0864917
3236.81,0.322318
3755.61,0.375449
3067.88,0.306523
1685.43,0.168535
3837.2,0.383158
686.82,0.0686686
977.568,0.097741
7494,0.748459
1136.25,0.113607
1526.92,0.152618
1171.36,0.117134
2498.85,0.249376
1375.8,0.137556
2742.75,0.274193
875.833,0.0874617
622.145,0.0622109
969.753,0.0969714
793.012,0.0792808
718.587,0.0718292
2320.15,0.231696
1176.98,0.117592
1777.43,0.177727
613.747,0.0613737
1972.14,0.197186
1271.63,0.127159
996.769,0.0996223
1495.38,0.149435
844.922,0.0844609
3451.5,0.344993
1916.16,0.191002
812.501,0.0812326
1200.98,0.120062
1528.79,0.152867
1565.56,0.156486
884.696,0.0884308
3688.96,0.367542
2628.22,0.238507
788.619,0.07884
1845.91,0.184543
760.947,0.0760792
1330.55,0.133016
795.988,0.0795651
1570.9,0.15678
1344.28,0.134407
2011.05,0.201002
1312.84,0.131174
984.666,0.0984637
580.253,0.0580194
1043.94,0.104373
2674.43,0.267344
1968.36,0.19671
1592.73,0.159183
820.027,0.0819201
1052.1,0.105098
2594.67,0.259125
2120.78,0.212048
852.181,0.0851782
990.125,0.0988537
1562.55,0.156187
693.713,0.0692163
1816.04,0.181578
1059.77,0.105971
1530.32,0.153019
1127.93,0.112734
3791.51,0.378287
623.147,0.0622784
672,0.0671975
2003.01,0.200011
962.557,0.0962323
18878.8,1.87787
1072.18,0.107085
2682,0.26777
1394.78,0.139444
1209.18,0.120794
1371.02,0.136989
2357.13,0.235593
1728.68,0.172825
1537.49,0.15352
1609.92,0.160916
940.635,0.093749
1182.74,0.118263
3973.15,0.397092
819.642,0.081929
919.172,0.0918363
1090.87,0.109069
639.323,0.0639248
1311.07,0.131102
1457.98,0.145718
1162.6,0.116255
698.299,0.0698268
1006.38,0.100629
1588.09,0.158621
893.192,0.0893128
990.958,0.099012
1373.59,0.13664
1884.6,0.188432
2469.58,0.24691
817.598,0.0817488
2052.15,0.20518
1284.32,0.128367
1448.51,0.144671
1262.06,0.126145
928.851,0.0928373
797.078,0.0796974
1211.18,0.121077
1679.03,0.167537
9149.01,0.914439
2815.58,0.281431
680.487,0.0680454
3810.7,0.380598
566.631,0.0566611
797.805,0.0797484
2285.73,0.228521
966.707,0.096638
1073.04,0.107293
1362.83,0.136095
821.948,0.0821886
3077.05,0.307413
826.391,0.0826259
794.898,0.0794213
841.31,0.0840138
793.898,0.0793792
904.439,0.0904202
637.179,0.0637135
1062.98,0.106217
1358.75,0.135847
3115.48,0.310967
1308.57,0.130668
730.016,0.0729806
1296.11,0.129559
1347.69,0.134759
17559.6,1.74027
1311.32,0.130765
1032.17,0.103027
917.03,0.0916816
2783.52,0.278134
1780.99,0.178085
1336.84,0.133605
1126,0.112573
1047.19,0.104593
1024.75,0.102323
7369.09,5.84833
11958.8,1.19383
2329.88,0.232869
745.137,0.0744711
1550.81,0.154591
905.889,0.0905826
612.677,0.0612665
2753.97,0.275043
2042.82,0.203845
1180.96,0.118012
887.05,0.0886432
672.189,0.067211
969.48,0.0969249
691.482,0.0691457
1235.62,0.123498
1379.67,0.137837
931.519,0.093117
750.08,0.0749918
2231.53,0.22296
1483.1,0.148217
1455.75,0.145543
598.934,0.0598866
1961.1,0.195699
5221.01,0.521897
1038.94,0.103855
946.087,0.0943799
3784.16,0.378243
1255.93,0.125437
967.555,0.0967378
819.23,0.0817687
982.84,0.0982501
1026.12,0.102587
1046.51,0.104636
1612.06,0.161197
1228,0.122794
995.386,0.0993773
1136.32,0.113605
1503.37,0.150104
800.91,0.0800637
1105.37,0.110244
1187.58,0.118647
2063.17,0.206258
1400.31,0.139868
2220.66,0.221565
1627.76,0.162768
870.29,0.0870132
922.188,0.0921784
915.269,0.0914602
1967.79,0.196719
1344.37,0.134395
961.505,0.0960834
2616.7,0.261477
1089.65,0.108848
1030.41,0.102932
999.947,0.099901
1286.68,0.128618
1175.61,0.117497
1000.5,0.100036
718.982,0.0718823
1660.85,0.165798
882.613,0.0882398
2332.15,0.233139
1563.08,0.156281
2301.65,0.229802
2490.92,0.248998
1026.23,0.102601
1060.68,0.10606
10049.1,3.62299
1061.26,0.106052
1133.95,0.112852
984.554,0.0982807
1687.31,0.162566
2697.88,0.265469
677.296,0.0677237
2498.86,0.249874
4168.75,0.416829
1712.58,0.17121
905.243,0.0904478
1118.82,0.111865
490.417,0.0490383
1132.36,0.113208
741.11,0.0740878
1120.73,0.11201
877.095,0.0876927
929.39,0.0927166
1385.57,0.138417
1699.38,0.169741
794.324,0.0794257
714.215,0.0704596
894.602,0.0894398
1200.78,0.119811
861.701,0.0861599
1951.93,0.195081
1970.41,0.194067
1084.22,0.108184
772.295,0.0772285
1113.44,0.111325
1207.98,0.120724
908.051,0.0908013
1185.83,0.11854
2103.39,0.209824
1515.18,0.151514
1262.81,0.126127
1568.06,0.156688
576.141,0.0574913
1102.17,0.110148
758.769,0.0758291
1621.37,0.162099
1108.41,0.110836
1141.35,0.114114
1212.71,0.121219
3885.22,0.385192
959.482,0.095876
1869.2,0.186894
924.355,0.0920957
964.532,0.0950364
1608.01,0.160725
1392.58,0.139202
1464.38,0.146419
2572.51,0.257189
1294.73,0.12925
1159.57,0.115945
1258.45,0.125712
903.643,0.0903148
1565.57,0.156383
989.94,0.0988497
1099.45,0.109848
1184.87,0.118474
987.828,0.0987012
1087.23,0.108662
648.057,0.064795
1099.25,0.10992
3490.03,2.238
756.343,0.0756091
872.365,0.0870192
1421.36,0.14209
941.224,0.0940288
1157.92,0.115778
2579.82,0.257705
1751.1,0.175079
786.438,0.0786151
845.655,0.0843515
1154,0.115352
2426.38,0.242553
1485.26,0.148468
1856.06,0.185583
1176.42,0.117616
1961.64,0.196122
961.76,0.0960666
1131.24,0.113102
3819.56,0.381759
694.046,0.0693975
994.831,0.0994587
4220.73,0.421754
1333.04,0.13328
879.205,0.0879184
852.219,0.0852043
960.444,0.0959829
1018.9,0.101873
1275.75,0.127508
2689.35,0.268841
769.974,0.0769925
2001.79,0.199939
2428.57,0.242666
7986.16,0.798029
847.076,0.0846246
4249.38,0.424639
806.504,0.0805531
875.335,0.0875148
1687.64,0.16839
678.922,0.0676344
1551.62,0.155041
2274.43,0.226659
677.04,0.0677011
1144.64,0.114457
1172.08,0.117115
1302.52,0.129864
3768.69,0.376744
1204.46,0.12041
894.524,0.0893653
1115.55,0.110545
925.374,0.0923913
1158.06,0.115753
1865.89,0.186534
674.483,0.0674476
755.641,0.0755604
1493.78,0.14827
1264.55,0.126376
598.515,0.0597142
2730.34,0.544654
1075.08,0.107481
1052.3,0.105222
1496.15,0.149578
1154.62,0.115405
598.801,0.0598705
991.054,0.0990799
1616.92,0.161614
1212.62,0.121203
898.866,0.0898229
3424.06,0.342216
907.424,0.0907318
731.647,0.0731462
865.952,0.0860342
1339.21,0.133871
1714.22,0.171225
1520.87,0.152067
1122.77,0.112221
1318.63,0.131815
1054.31,0.105289
2474.46,0.247099
997.42,0.0997317
833.45,0.083268
1024.85,0.102481
1029.98,0.102933
1777.91,0.177688
749.009,0.0748871
812.726,0.0812153
551.778,0.0550675
1462.6,0.145991
1186.58,0.118568
1271.93,0.126928
1321.45,0.132131
1079.92,0.107965
1066.08,0.106552
608.244,0.0608217
1916.97,0.19169
1506.92,0.150664
1191.18,0.119081
2165.04,0.216075
1336.98,0.133686
691.995,0.0691963
1067.16,0.106617
681.328,0.0681179
798.986,0.0798457
721.443,0.0721326
2623.26,0.262136
1573.62,0.15732
1054.95,0.105387
1163.84,0.116373
1554.64,0.155458
1324.36,0.132417
875.207,0.087514
927.774,0.0927741
799.978,0.0799937
839.247,0.0838837
1029.43,0.102904
433.28,0.0433157
1608.46,0.160388
1422.8,0.142165
1792.45,0.179161
2282.66,0.228033
1525.33,0.152474
1402.57,0.140234
834.856,0.0833996
999.65,0.0999564
3036.39,0.303274
1338.95,0.133796
950.367,0.0950245
892.373,0.0892234
1008.82,0.100848
2045.47,0.202364
630.219,0.0629023
8896.5,0.887801
635.276,0.063522
806.501,0.0806428
6342.57,0.633908
1010.83,0.101079
1108.94,0.110839
1493,0.149253
2746.08,0.274532
727.492,0.0726643
2614.99,0.261292
991.432,0.0987654
1224.38,0.122416
598.811,0.0598759
2345.47,0.233096
841.08,0.0840935
2116.64,0.211556
1015.83,0.101539
2624.52,0.261485
1925.27,0.186285
1483.75,0.148353
1241.77,0.124129
7001.74,0.699543
2849.18,0.28359
447.225,0.0446877
1653.28,0.165073
2230.47,0.223002
916.825,0.0916254
979.439,0.0979083
666.095,0.0665921
2458.87,0.245783
1332.69,0.133225
1524.11,0.152353
803.12,0.0803015
2371.66,0.237117
584.604,0.0584568
474.773,0.0474734
11760.3,1.17357
733.097,0.0732338
6888.78,0.687826
833.437,0.0831027
1086.7,0.108656
858.067,0.0856009
766.986,0.076689
7506.1,0.750458
789.234,0.0789101
2912.65,0.29112
744.328,0.0744072
709.097,0.0709028
1844.6,0.182363
3879.58,0.387793
792.696,0.0785091
800.091,0.0799603
1507.73,0.150755
1871.97,0.187164
1340.71,0.133992
1048.65,0.104856
1275.17,0.127217
3413.09,0.341231
2384.62,0.238176
1551.97,0.155193
1238.4,0.123449
1721.19,0.172028
1004.3,0.100403
1896.81,0.189621
565.327,0.0565191
1879.57,0.187905
1408.45,0.140829
895.093,0.0894905
2388.23,0.238753
1046.86,0.104565
1512.42,0.151202
3571.78,0.356961
857.777,0.0856587
1210.76,0.120998
927.981,0.092784
1138.71,0.113753
867.063,0.0863298
1194.77,0.119378
1659.85,0.165867
1656.19,0.165419
965.321,0.096418
2205.33,0.220509
1503.03,0.150035
1226.74,0.122594
1112.07,0.11112
1213.85,0.121313
1838.63,0.183724
1167.31,0.116638
2161,0.216064
1842.62,0.184104
805.508,0.0805021
955.233,0.0950868
1227.65,0.12265
758.358,0.0758321
1351.18,0.134774
1643.21,0.164313
1085.72,0.108562
1413.72,0.141338
719.871,0.0719809
1503.64,0.150067
810.559,0.0810233
1944.38,0.194417
4419.71,0.44166
1659.41,0.165921
881.869,0.0881588
13263.5,4.76914
1703.67,0.170318
2773.53,0.276989
663.539,0.0662201
930.527,0.0930131
3538.18,0.353664
10373.5,1.02545
5114.86,2.37836
2321.76,0.232152
824.78,0.0824736
547.843,0.0546793
1231.99,0.123156
1550.41,0.155014
1044.96,0.104426
730.316,0.0729453
1135.92,0.113167
1155.2,0.11551
1379.04,0.137881
1248.39,0.124756
9267.01,0.978854
904.07,0.0904026
11479.3,1.75379
514.634,0.0514538
814.412,0.0814348
2632.83,0.263237
738.783,0.0738393
967.608,0.0967505
1014.11,0.101375
4370.5,0.436453
1241.08,0.124031
872.047,0.0871952
1396.01,0.139461
1176.64,0.117638
1024.07,0.102339
1254.39,0.125411
15338.4,1.53194
1213.63,0.121348
1497.21,0.149665
1695.54,0.169466
3257.69,0.325621
1815.66,0.18149
853.757,0.0852528
981.341,0.098018
1115.35,0.111263
1664.36,0.166116
1929.53,0.192864
581.18,0.0581145
1554.75,0.155437
1338.86,0.133851
1153.25,0.115306
941.145,0.094059
1222.2,0.122125
3571.66,0.357088
1212.87,0.121233
2765.91,0.275957
1670.88,0.166953
8199.19,4.60765
911.464,0.0911097
872.668,0.087169
1322.14,0.132155
1447.48,0.144715
1911.17,0.191041
858.553,0.085803
953.478,0.0953394
881.461,0.0881426
1680.13,0.167972
824.776,0.0824621
817.333,0.081458
1184.53,0.118402
1096.17,0.109562
2269.29,0.226885
11038.3,1.10056
2070.59,0.206956
1854.84,0.185293
6729.46,0.672657
982.877,0.0982756
1708.23,0.170733
2497.17,0.249657
912.65,0.0912203
4311.8,0.430131
1019.11,0.101346
834.14,0.0833971
1283.42,0.128307
1489.67,0.14895
1844.25,0.183966
1441.87,0.144088
936.884,0.0936399
2575.25,0.257269
1062.8,0.106261
982.722,0.0973874
1026.65,0.102614
2062.83,0.206195
841.05,0.0840942
1731.34,0.173109
35029.8,3.47437
2064.74,0.206431
1797.39,0.179603
457.719,0.0457635
1715,0.171452
952.403,0.0952298
846.526,0.0846429
981.984,0.0981875
1028.26,0.102649
5566.51,0.555721
8963.37,2.24599
1262.71,0.126226
5132.3,6.55352
944.247,0.0943637
1152.74,0.114735
1404.58,0.14039
830.717,0.0827339
6174.93,0.615381
1386.02,0.137896
981.381,0.0981067
1751.93,0.175175
1282.4,0.128061
1159.18,0.115909
412.733,0.0412247
1460.53,0.145814
1487.3,0.147922
798.147,0.0797619
737.694,0.0737434
786.947,0.0784018
888.966,0.087272
1514.72,0.15097
1460.04,0.145811
1586.01,0.157312
936.753,0.0936358
613.642,0.0613053
957.069,0.0957056
1089.17,0.108901
6240.25,0.623795
705.703,0.0703304
1440.5,0.144018
2986.27,0.298562
505.848,0.0505384
1617.39,0.161525
671.736,0.0671688
3032.59,0.303101
887.585,0.0887485
2777.77,0.277645
946.907,0.0944871
1496.9,0.14965
1248.58,0.124631
2876.59,0.287639
538.53,0.0538318
954.069,0.0947727
643.298,0.0643263
806.351,0.080627
700.285,0.0700232
1042.6,0.104234
1074.68,0.10744
1989.47,0.198776
2119.44,0.211919
580.377,0.0580013
1565.14,0.156493
1171.52,0.117043
1167.47,0.116741
902.013,0.0901801
1535.9,0.1535
3481.99,0.347638
542.782,0.0542606
1108.21,0.110776
1550.95,0.155067
602.068,0.0602044
932.175,0.0932074
2401.73,0.239969
944.305,0.0942208
1093.31,0.0974384
1332.04,0.133136
3314.77,0.331351
1550.59,0.155056
912.156,0.0907843
1110.45,0.11095
1406.75,0.140346
1544.06,0.154319
2366.83,0.236583
1167.06,0.116622
1223.81,0.122308
1427.65,0.142748
1045.44,0.104392
3074.94,0.307272
2024.42,0.202378
3736.51,0.370634
1060.06,0.105962
884.04,0.0883701
913.575,0.0913512
804.157,0.0804016
1443.02,0.144039
1082.05,0.108193
2144.57,0.214377
1019.7,0.101712
1609.72,0.160957
796.66,0.0796625
844.508,0.0844163
1042.97,0.104297
1025.33,0.102458
1846.06,0.182957
2309.81,0.230554
1807.32,0.180715
1294.13,0.129126
878.852,0.0878732
2849.94,0.284965
968.353,0.0968173
1030.36,0.102897
783.434,0.0782755
896.908,0.0890509
1024.73,0.102468
790.273,0.0789145
1307.45,0.130728
749.106,0.0748279
1798.72,0.17982
13056.1,1.30398
927.383,0.0926866
1912.09,0.190901
907.477,0.0907206
2372.82,0.237139
1082.98,0.108294
821.222,0.0821044
829.955,0.0829866
800.222,0.0799149
901.835,0.0901732
1865.5,0.186519
982.819,0.0981964
1544.51,0.154385
1284.64,0.128404
1025.48,0.0933528
967.842,0.0967364
1288.13,0.128231
1988.73,0.197119
1080.3,0.108011
1086.46,0.108602
9318.34,0.930863
1036.05,0.103583
2211.42,0.22107
1834.41,0.18327
1114.51,0.111425
11239.2,1.1224
2559.21,0.255889
1439.9,0.143699
1224.95,0.122459
5172.12,0.515761
1398.69,0.139851
1028.56,0.102611
864.926,0.0864379
1040.03,0.103985
1743.51,0.173636
2310.86,0.231017
1275.04,0.127443
890.542,0.0890194
920.938,0.0920291
2533.94,0.253165
2338.86,0.233635
2662,0.265848
1121.25,0.111949
2331.78,0.233117
491.909,0.0489384
865.604,0.0864751
2386.68,0.238496
1172.51,0.117193
848.53,0.0848385
4908.18,0.490585
1246.33,0.124526
1195.27,0.119513
847.874,0.0846719
1012.35,0.101182
2881.22,0.287802
989.051,0.0987802
11013.2,1.10056
781.074,0.0780856
12022.5,4.42284
1789.11,0.178896
1108.47,0.110746
1052.94,0.105269
1211.69,0.121153
860.303,0.0859048
719.892,0.0719777
1833.4,0.183189
811.984,0.0811659
800.782,0.0795182
1902.55,0.19019
748.068,0.0746922
1236.06,0.12356
1294.19,0.129394
1177.96,0.117745
1814.01,0.180947
1612.66,0.161001
2017.96,0.201769
1298.08,0.129798
2144.95,0.214481
747.9,0.0744925
1145.5,0.114491
1285.14,0.128501
734.887,0.073439
1235.26,0.123507
558.618,0.055853
2494.92,0.244786
2749.5,0.274289
820.229,0.0819267
2779.13,0.277774
1347.94,0.134753
638.444,0.0636238
1138.45,0.113838
659.003,0.0658928
1148.95,0.117224
4842.32,0.484104
713.541,0.0713503
2176.71,0.217513
4590.1,0.458749
2046.2,0.204453
1729.68,0.17295
850.118,0.0849864
1172.82,0.117273
1795.37,0.179247
1017.13,0.101695
988.315,0.0988022
1280.73,0.12806
1319,0.131743
921.011,0.0919402
465.906,0.0462608
1439.01,0.143771
968.321,0.0967614
1671.08,0.167094
2495.48,0.250902
1629.77,0.162868
7332.16,0.731883
535.655,0.0535618
1334.16,0.133343
957.76,0.0957549
1198.76,0.119855
966.945,0.0965911
659.71,0.0658054
3758.98,0.375374
1688.57,0.168797
952.139,0.0952062
2448.79,0.244257
2024.65,0.202325
1246.63,0.124634
1029.93,0.102855
8333.34,0.832033
1176.71,0.11766
1352.14,0.135185
828.539,0.0827614
944.714,0.0943088
2388.19,0.23868
757.499,0.0757476
1828.37,0.182832
1306.15,0.138862
1278.35,0.127827
1610.67,0.160895
1144.88,0.114474
3912.12,0.390904
1783.6,0.178075
1538.09,0.153792
2042.69,0.204257
1886.92,0.188683
907.42,0.0906912
1359.07,0.135586
1584.54,0.158116
13295.7,1.32742
861.604,0.0861269
1445.66,0.144385
741.342,0.0740708
1465.12,0.146463
845.679,0.08455
2204.9,0.22033
1058.01,0.105771
1005.61,0.100249
1430.13,0.142552
1114.7,0.111446
1221.3,0.122101
10935.2,1.08781
2270.26,0.226757
533.025,0.0532935
945.875,0.0940529
1218.78,0.121853
1795.45,0.17872
692.956,0.0692595
3684.86,0.368344
1050.79,0.105053
3610.79,0.360743
2341.1,0.233579
1337.84,0.133779
1177.74,0.11771
879.68,0.0877673
1265.29,0.126487
2532.87,0.252552
1275.01,0.127497
1404.64,0.140451
725.759,0.0725498
1154.1,0.115346
557.419,0.0557306
889.441,0.0889332
2802.42,0.279941
1096.08,0.109536
1393.95,0.139333
980.901,0.0979741
591.888,0.0591526
1212.42,0.120939
2051.32,0.205065
1195.9,0.119582
1171.43,0.116905
3656.2,0.365552
923.137,0.0923069
1399.1,0.139904
831.21,0.0831136
4626.74,0.462298
959.295,0.0958786
895.704,0.0895301
1004.17,0.10026
981.746,0.0981511
906.31,0.0905828
2437.45,0.243109
2202.1,0.220095
5743.79,0.571254
798.507,0.0797959
1125.27,0.112485
2344.16,0.234283
1112.55,0.110728
2486.41,0.248421
657.256,0.0657
1408.07,0.140686
2438.22,0.243711
644.386,0.0643931
1116.69,0.111663
732.212,0.0732007
1688.83,0.162957
779.661,0.0779592
1057.64,0.10539
798.312,0.0798275
1184.59,0.117916
1675.2,0.167365
1056.65,0.105537
1572.2,0.157056
1207.41,0.120714
941.467,0.0939216
1520.75,0.151996
1304.24,0.130375
2014.54,0.201273
13129.1,1.30884
1096.06,0.109584
928.233,0.0928152
778.389,0.0777361
714.207,0.0714083
734.995,0.0734983
1629.06,0.162874
2587.03,0.258539
1310.84,0.13019
3093.68,0.307953
1955.09,0.195407
2705.62,0.270449
1044.16,0.104407
986.145,0.0985985
840.626,0.0840026
906.531,0.0904755
2140.97,0.213947
1872.55,0.187222
810.806,0.080914
584.746,0.0584712
1390.48,0.138992
2184.3,0.218414
657.719,0.0657649
2286.35,0.228571
1196.73,0.119658
758.453,0.0758381
1582.83,0.158236
1550.79,0.155012
5003.33,0.499956
1706.49,0.169779
1702.8,0.169962
938.805,0.0938382
749.751,0.0749569
1116.34,0.111621
1226.63,0.122633
670.195,0.0669975
1231.82,0.123177
1939.08,0.193881
2723.49,0.272022
647.743,0.064758
1060.53,0.105773
8914.11,0.889326
969.935,0.0969867
2717.97,0.27172
1158.82,0.115689
2264.88,0.226101
961.586,0.0961047
1356.67,0.135656
963.475,0.0963225
2029.25,0.202322
1154.59,0.11491
1753.59,0.175274
923.965,0.092393
886.609,0.0885962
1005.54,0.100528
6078.26,0.607126
2715.55,0.271085
586.43,0.0586423
2598.09,0.259639
1495.63,0.14956
2105.59,0.210312
1001.43,0.100138
1308.35,0.130817
1080.9,0.108075
1647.87,0.164761
13998.9,1.39562
1048.91,0.104889
804.385,0.0803388
841.266,0.0840823
2230.57,0.222323
992.009,0.0991929
2232.23,0.222899
920.625,0.0903357
1543.74,0.154306
987.265,0.0986459
627.185,0.0627081
891.426,0.0890543
983.388,0.0982962
1028.58,0.102785
10085.5,1.00737
2174.25,0.217378
1321.48,0.132136
767.811,0.0767655
1925.63,0.192271
2302.33,0.229197
1547.76,0.154761
1391.64,0.139072
910.22,0.0910025
2577.74,0.25751
1813.14,0.180218
1817.21,0.181608
997.321,0.099696
1676.85,0.167656
1143.59,0.114349
554.299,0.0553925
1714.99,0.171085
1634.9,0.163428
1846.49,0.1846
836.804,0.0835121
1288.89,0.128851
565.968,0.056584
1038.76,0.103842
3764.76,0.312266
677.393,0.0674454
948.235,0.0948129
1167.07,0.116704
9275.85,0.926778
766.89,0.0764726
821.88,0.082115
2192.01,0.219183
770.966,0.0770668
1072.86,0.10712
635.165,0.0634505
1903.07,0.190159
1266.72,0.126585
1929.54,0.19242
1537.76,0.153763
1853.42,0.185038
736.272,0.0736251
737.373,0.0736567
1152.19,0.115206
5885.18,0.588243
1423.64,0.142294
1928.21,0.796799
2047.14,0.204632
2641.62,0.26398
573.174,0.0572841
5159.28,0.514677
1123.03,0.112223
1192.12,0.11909
992.19,0.0989296
544.344,0.0544309
2456.8,0.245643
932.478,0.0932436
1551.49,0.155062
1457.52,0.145738
1105.57,0.110325
1388.45,0.138616
1012.09,0.10115
1211.84,0.1208
928.651,0.0928497
1091.26,0.109117
783.716,0.0783697
1115.13,0.111496
1065.96,0.106551
6959.1,0.694966
962.911,0.0962827
1561.93,0.156159
2223.46,0.22226
1395.88,0.139144
1675.14,0.167465
945.389,0.0945065
847.36,0.0847284
2919.6,0.291853
680.064,0.0679979
3606.84,0.360364
1211.84,0.121049
24335.5,2.4108
773.777,0.0773523
2891.45,0.282779
3116.91,0.311411
706.97,0.0706911
1869.54,0.186793
1866.83,0.186574
1052.99,0.10528
1205.61,0.120544
1158.81,0.115834
1082.95,0.108252
707.614,0.0706492
1117.03,0.111658
722.052,0.0722015
2835.75,0.283492
5491.53,0.548677
857.766,0.0857629
8850.19,0.883596
840.736,0.0840244
1244.78,0.124367
1331.96,0.133185
999.783,0.0999475
3546.93,0.354649
677.862,0.0675519
1445.99,0.144284
1272.63,0.127106
3059.11,0.305837
732.108,0.0731795
2562.71,0.256189
1892.95,0.189289
1529.22,0.152889
2335.72,0.233061
2926.81,0.292642
1153.87,0.115347
2230.11,0.222836
4177.8,0.416607
1014.87,0.101373
789.354,0.0788949
710.358,0.0709755
1061.75,0.106166
1495.72,0.149493
443.513,0.0442442
1495.32,0.14937
1173.04,0.117041
1187.95,0.118506
768.444,0.076673
718.886,0.0718815
669.816,0.0669756
1019.01,0.101814
1634.61,0.163403
1130.92,0.113032
1196.45,0.119486
1684.84,0.168472
3099.86,0.309601
1281.65,0.12799
768.379,0.076749
9065.49,4.07989
1743.54,0.174331
1705.58,0.170519
1167.2,0.116437
1278.62,0.127791
2614.61,0.261411
1270.87,0.12605
1351.36,0.135079
6054.88,0.504351
1177.46,0.117726
2359.87,0.23592
1208.89,0.120866
1873.42,0.186625
586.26,0.0586166
1384.35,0.138422
943.624,0.0941019
1092.77,0.10926
1038.13,0.103642
3959.43,0.393989
1937.24,0.193685
1449.32,0.144894
2117.47,0.211726
802.948,0.0801576
1694.81,0.169358
663.693,0.0663467
963.751,0.09623
667.277,0.0667219
1324.52,0.132344
20568.4,3.56135
3575.24,0.357333
969.263,0.0969216
867.984,0.0867296
932.897,0.0932873
1058.63,0.105846
4316.77,0.431425
770.79,0.0768258
1270.3,0.126972
673.202,0.0672972
940.52,0.0939812
3215.28,0.320994
877.121,0.0875208
1532.79,0.153249
1061.16,0.105977
1401.33,0.140049
742.609,0.0742017
1188.13,0.118732
2121.87,0.212125
1126.77,0.112652
3170.15,0.316682
872.468,0.0872054
2359.36,0.235703
2817.25,0.28151
1519.9,0.151971
793.467,0.0793396
1223.78,0.122362
6048.71,0.603374
2169.34,0.216923
2349.68,0.234924
1036.04,0.103597
607.882,0.0607842
698.629,0.0698619
1129.51,0.112939
2337.17,0.233604
849.015,0.0848674
1502.35,0.150035
2019.64,0.201828
1814.28,0.181336
1402.48,0.139985
788.931,0.0788424
1371.03,0.137068
4718.56,0.471197
1482.3,0.148156
2119.11,0.211889
1267.73,0.126741
1129.64,0.11295
1446.1,0.144583
1204.98,0.120457
1171.53,0.117095
1738,0.173718
772.458,0.0772132
2851.12,0.284786
1132.06,0.112762
1215.37,0.121485
1086.98,0.108629
1920.47,0.192041
1708.15,0.170745
640.589,0.0639702
1048.12,0.104709
1769.74,0.176906
1269.86,0.12698
1335.2,0.133451
1102.52,0.110214
1434.13,0.1434
1901.82,0.189877
923.648,0.0923371
1431.21,0.14308
3170.15,0.316866
1547.65,0.15448
777.366,0.0776821
871.071,0.0870967
1024.77,0.101892
879.566,0.0878682
866.417,0.0865479
1336.32,0.133602
2245.02,0.224391
853.324,0.0852591
1512.3,0.151107
1164.2,0.116278
725.038,0.0724923
943.853,0.0943769
1596.08,0.157275
907.343,0.0907123
1303.18,0.130296
856.401,0.0856275
2137.82,0.213698
1032.96,0.10328
1370.85,0.137028
1060.96,0.106064
6185.92,0.617929
917.181,0.0916821
1204.97,0.12044
1171.74,0.117073
2903.3,0.289699
1227.1,0.12248
939.099,0.0937386
809.571,0.0806213
4147.56,0.414208
1178.98,0.11767
748.219,0.0748115
1137.31,0.113688
1741.31,0.174084
2549.18,0.254902
1143.97,0.114352
3418.62,0.341625
742.16,0.0741768
1129.68,0.112958
1007.19,0.100668
1473.16,0.147237
875.863,0.0875796
741.063,0.0740937
1224.9,0.122458
1195.04,0.1194
1765.19,0.176485
789.684,0.0789465
1300.17,0.12966
3162.45,0.315718
1166.66,0.115724
3551,0.354754
942.006,0.0941776
1859.45,0.185872
731.538,0.0720664
1397.76,0.139595
836.293,0.0836159
794.939,0.0794741
1023.49,0.102243
1009.64,0.100957
1610.02,0.154427
1023.16,0.10224
1229.37,0.122925
1042.36,0.104194
787.774,0.0787046
19032.4,1.89671
3804.38,0.380303
1911.33,0.190639
1042.46,0.104208
1463.89,0.146317
1204.39,0.120414
1156.4,0.115613
912.175,0.0912077
1679.83,0.167919
862.814,0.0862792
1572.13,0.157145
1544.86,0.154455
829.685,0.0829647
595.24,0.0595219
675.683,0.0675616
1364.45,0.136318
1330.49,0.13286
1265.1,0.126402
819.03,0.0818998
2402.49,0.240143
1054.04,0.105354
1152.25,0.11486
1355.78,0.135497
1013.06,0.101272
1681.22,0.168084
1055.77,0.105549
1131.23,0.113049
829.521,0.0823493
1009.11,0.100898
486.768,0.048668
1417.7,0.140781
1102.05,0.1102
1566.75,0.156566
872.516,0.0872066
1046.77,0.104646
1450.05,0.144998
1242.58,0.124242
1173.01,0.117279
721.89,0.0721818
2886.63,0.288007
824.384,0.0823724
940.171,0.0938827
863.706,0.0863684
1679.98,0.167881
1021.7,0.102065
1454.49,0.145241
1454.45,0.145433
1182.57,0.118213
914.009,0.091384
1333.41,0.133272
1135.1,0.11345
1364.79,0.136373
1212.61,0.121188
1257.53,0.125749
1332.21,0.132912
2144.52,0.214384
2942.21,0.294096
1057.57,0.10575
1374.62,0.137414
1324.31,0.132378
2072.36,0.207038
2830.01,0.282795
867.641,0.08668
986.978,0.0986504
1148.28,0.114775
11525.3,1.1513
451.936,0.0451779
1314.93,0.131433
1667.93,0.166685
1524.36,0.152382
1147.65,0.114755
2280.89,0.227858
1126.48,0.112612
859.422,0.0859352
3139,0.312835
1155.58,0.115528
1650.65,0.165048
1136.29,0.113579
835.152,0.0829101
905.126,0.0905034
1664.86,0.166466
696.334,0.0696246
921.051,0.0919721
2378.08,0.237445
2510.74,0.250981
904.23,0.090394
914.688,0.0914658
1198.23,0.11979
1859.65,0.185698
618.242,0.061796
564.073,0.0563991
1292.99,0.129271
1425.82,0.14248
1472.25,0.147192
3282.78,0.328154
950.291,0.0949881
2940.04,0.293247
1098.5,0.109801
1411.74,0.141008
818.23,0.0818126
718.192,0.0717968
1084.46,0.108349
1022.32,0.102053
1333.17,0.133312
2236.77,0.223603
915.468,0.0915442
864.691,0.0863884
1037.06,0.101879
1092.01,0.109182
1479.99,0.147605
1181.28,0.118114
1285.42,0.128519
2525.64,0.252346
821.795,0.0821539
2171.58,0.21706
1280.24,0.128008
657.762,0.0657574
1865.95,0.186296
964.182,0.0964072
4628.51,0.462659
1134.81,0.113461
16432.9,1.64065
523.425,0.0522975
743.01,0.0742452
2208.97,0.220843
365.966,0.0365316
2076.14,0.207578
1976.79,0.197601
734.469,0.0732958
1317.44,0.131664
702.633,0.0702491
2227.36,0.2221
645.144,0.0645014
1434.61,0.143435
872.531,0.0872494
994.623,0.099419
869.184,0.0868011
797.968,0.0791877
1016.59,0.101613
1001.75,0.100164
919.829,0.0919733
1296.59,0.129522
1583.7,0.15836
960.62,0.0959932
1020.19,0.10201
1480.6,0.147994
1550.63,0.154735
2691.49,0.268923
1215.1,0.121432
1163.54,0.116309
626.951,0.0626826
1057.71,0.103593
776.803,0.0776486
3241.85,0.324111
853.239,0.0853005
11953.9,1.19209
773.329,0.0770752
1356.52,0.135583
2554.76,0.255344
942.891,0.0941236
2333.82,0.233319
5039.84,6.13192
2193.13,0.219066
1060.45,0.10603
996.059,0.0995886
573.793,0.0572152
1843.97,0.183906
1695.97,0.169524
1357.96,0.135744
833.2,0.0832984
1210.04,0.120999
1301.87,0.130011
6461.39,0.645778
1015.37,0.101517
1001.44,0.100131
1280.98,0.128076
1313.21,0.13131
2067.57,0.206657
1031.09,0.103105
988.91,0.0988879
3651.34,0.364991
1594.39,0.159421
2197.71,0.219752
1507.68,0.150614
1451.15,0.145025
1017.17,0.100941
9776.12,0.976849
1205.13,0.120472
581.878,0.058185
7677.98,0.766897
1112.39,0.111233
2021.3,0.201975
1295.72,0.129434
6268.39,0.626741
1072.94,0.107006
956.752,0.0956731
1572.86,0.157257
1227.46,0.122723
1682.44,0.168185
969.009,0.0968533
1325.1,0.132403
1881.73,0.188104
2563.08,0.255915
603.524,0.060348
866.32,0.0864985
827.298,0.0816945
3891.56,0.389104
2400,0.239929
1437.36,0.143682
741.275,0.0741185
2290.55,0.228921
1228.71,0.122836
983.933,0.0983735
878.67,0.0767669
765.446,0.0764665
1162.31,0.116163
2699.73,0.269404
1761.71,0.176129
996.703,0.099631
1778.8,0.177497
967.969,0.0966764
1023.04,0.102292
876.566,0.0876553
993.632,0.0993603
1101.52,0.110092
1196.41,0.119594
3508,0.350591
2296.35,0.229401
1420.67,0.14202
1207.54,0.120597
1456.54,0.145579
1417.96,0.141778
868.567,0.0865641
990.501,0.0990386
2145.66,0.214168
1623.4,0.16207
1244.19,0.1244
2975,0.297364
792.326,0.0791904
1806.3,0.180557
595.051,0.0594849
1007.09,0.100689
412.756,0.0412723
1025.49,0.102542
2169.29,0.216898
1685.59,0.168546
1731.23,0.173087
1825.29,0.182435
377.999,0.0377974
1031.49,0.10312
1052.47,0.105019
2592.11,0.25917
3660.74,0.365766
858.049,0.0857561
770.761,0.0768801
1033.28,0.103302
1223.06,0.122288
960.512,0.0960016
708.045,0.0707732
1012.07,0.101188
2498.09,0.249747
769.06,0.076707
953.891,0.0952638
1126.03,0.112468
1338.23,0.133803
2297.48,0.229722
1085.87,0.108545
599.066,0.0598909
1258.77,0.125764
1119.48,0.111898
1906.71,0.190633
2969.78,0.296477
692.104,0.0691725
3338.96,0.333299
652.358,0.0652066
1129.68,0.112788
721.593,0.0721543
1589.32,0.158873
13015,1.8638
1588.14,0.158733
2002.65,0.199889
1877.64,0.187513
712.948,0.0712528
1052.29,0.105213
2398.45,0.239755
1191.08,0.119061
2283.41,0.22817
1414.74,0.141458
5378.31,0.537012
849.282,0.0848855
1431.64,0.143067
809.809,0.0809465
731.066,0.0730875
856.71,0.0856521
1139.05,0.113901
612.403,0.0603173
1211.03,0.120872
1373.19,0.137312
974.392,0.0974357
1351.13,0.135048
1522.39,0.152204
753.8,0.0752762
1209.92,0.120939
505.878,0.0505824
791.432,0.0788163
8364.12,0.83559
1123.58,0.112273
799.871,0.0799835
1495.77,0.149534
3841.08,0.374634
1157.54,0.115727
607.624,0.0607195
1137.4,0.113701
756.467,0.0756393
2094.96,0.209397
950.858,0.0950771
1195.66,0.119097
1203.68,0.120355
956.612,0.0956504
537.998,0.0537889
863.671,0.0862817
1237.08,0.123697
569.211,0.0569086
1673.09,0.167256
814.315,0.0813319
847.621,0.0847534
1392.44,0.132411
1403.9,0.140308
678.816,0.0667906
2261.84,0.226113
793.676,0.0793319
766.2,0.0766187
5534.43,0.553141
1902.67,0.189828
1487.11,0.148686
621.048,0.0620235
1086.75,0.108601
937.477,0.0933831
1107.05,0.110257
1170.84,0.117059
855.564,0.085492
1597.53,0.15902
1057.49,0.10561
1954.91,0.195486
951.118,0.0950771
595.885,0.0595834
1895.05,0.189473
844.445,0.0844293
1750.07,0.174886
3925.31,0.391683
1601.4,0.160065
1187.75,0.11875
1260.03,2.49861
868.731,0.0867124
1241.34,0.124115
757.077,0.0756567
948.795,0.0948603
700.506,0.0700437
1334.36,0.133413
3236.26,0.323085
1240.25,0.123965
1094.06,0.109366
878.234,0.0877627
542.383,0.0542347
1651.36,0.165086
2531.02,0.252165
1594.03,0.159291
1980.3,0.197761
4136.18,0.413204
1192.39,0.119216
7019.41,0.644442
964.369,0.0963865
1035.41,0.1035
1132.23,0.113096
1302.96,0.130289
678.947,0.0678538
1252.56,0.12517
917.999,0.0917897
3293.65,0.325198
1450.74,0.14499
836.204,0.0834648
1408.18,0.14076
1947.94,0.194371
938.393,0.0938268
533.017,0.052885
2856.09,0.285163
1088,0.108737
1421.52,0.141678
1559.31,0.155868
1396.95,0.139528
1005.28,0.0998706
1134.62,0.11345
565.637,0.0565566
2098.11,0.20956
1017.72,0.101722
976.797,0.0976183
1213.95,0.121352
5761.69,0.574896
996.16,0.0993314
1251.14,0.125006
1575.95,0.157587
1278.29,0.127785
1271.73,0.127167
483.277,0.0483188
786.554,0.0786369
1155,0.115481
1339.48,0.133916
962.655,0.0962617
1021.63,0.102067
1528.42,0.15261
1133.53,0.113307
980.63,0.0978138
757.024,0.0756989
1279.22,0.12775
1794.23,0.179353
789.708,0.0789084
2727.91,0.272451
1009.02,0.100875
2158.76,0.215787
1193.5,0.119346
929.035,0.0928527
1972.65,0.197085
1011.76,0.101002
1668.9,0.166799
9644.51,3.21809
1592.17,0.159194
1157.89,0.115764
1100.73,0.109672
1064.63,0.106265
2386.51,0.238352
584.563,0.0584257
1818.93,0.181864
906.177,0.0904871
4642.99,0.463534
789.207,0.0789194
1372.46,0.137209
3162.93,0.315706
2394.84,0.225384
993.493,0.0993396
1094.28,0.109307
1481.26,0.148035
944.395,0.0944004
1017.14,0.101442
629.441,0.062941
2504.31,0.250305
1255.66,0.12552
1844.38,0.184208
2122.95,0.212011
1797.28,0.179618
1962.54,0.196059
1444.63,0.144335
701.722,0.0701301
1603.04,0.160161
605.506,0.0603861
1539.6,0.153385
2197.8,0.219668
849.709,0.0849417
829.842,0.0829632
1052.52,0.105245
5894.77,2.1596
2571.22,0.256972
1178.08,0.117788
1463.51,0.146146
5339.24,0.533874
961.647,0.096029
1408.7,0.140852
1643.66,0.136174
536.96,0.0536548
1063.83,0.106339
2918.37,0.291598
2255.17,0.225511
1064.29,0.106381
1729.58,0.172618
857.529,0.0857159
921.358,0.0921113
1044.18,0.104365
712.585,0.0712481
3041.14,0.304003
2176.41,0.217599
1417.74,0.141609
1079.53,0.107937
1704.47,0.170138
1673.24,0.167266
758.025,0.0757148
801.83,0.080161
931.629,0.0931251
809.582,0.0809317
486.743,0.0486709
1102.68,0.110204
758.963,0.0758952
1183.38,0.118203
921.747,0.0921581
1425.19,0.142504
875.287,0.0874748
650.506,0.0650434
844.709,0.084466
940.092,0.093912
854.396,0.085432
876.177,0.0876067
801.328,0.0800697
972.096,0.0970757
752.385,0.0751792
2732.28,0.272937
4234.09,1.11282
1183.79,0.115828
987.866,0.0971893
1589.29,0.158578
1052.38,0.105151
513.393,0.0513381
864.785,0.086309
1143.05,0.114208
1039.47,0.103943
3136.12,0.309471
2794.77,0.279392
5041.45,0.503689
2272.54,0.227225
7026.98,0.702235
994.04,0.0993425
1911.54,0.190197
958.377,0.0958014
7230.83,0.719259
703.127,0.0703001
1863.5,0.18624
839.09,0.0839052
1877.43,0.187309
1335.68,0.133557
922.384,0.09217
776.342,0.0776324
855.15,0.0853116
1242.19,0.124209
1449.36,0.144924
1891.73,0.189134
1193.84,0.119245
1415.81,0.141571
3048.32,0.304742
773.598,0.0773439
1672.7,0.167227
572.304,0.0571999
1100.5,0.110046
2817.02,0.281531
1336.77,0.133597
1004.55,0.100425
2046.43,0.20429
696.062,0.0696051
785.869,0.0785706
1797.25,0.179601
649.718,0.0649463
1621.42,0.161985
1405.1,0.140307
955.184,0.0955152
1049.64,0.104726
1396.25,0.139548
1205.01,0.120481
1663.01,0.166197
832.925,0.0832426
1039.92,0.103984
621.704,0.0621631
507.446,0.0507362
946.092,0.0945537
6936.57,0.692202
3218.63,0.321535
1096.03,0.109588
650.696,0.0649851
914.511,0.091223
1768.58,0.176824
1054.83,0.105441
1136.7,0.113633
852.858,0.0852707
1257.35,0.125714
766.34,0.0766304
762.206,0.0761879
933.089,0.0932347
1167.89,0.116784
895.831,0.0889044
1845.78,0.184511
1016.43,0.101548
981.486,0.0981268
971.633,0.0971402
2996.05,0.299356
1984.92,0.198445
1624,0.16239
1484.12,0.148286
1267.74,0.125402
2249.11,0.224289
1212.32,0.12121
1832.07,0.183138
942.053,0.0941882
3293.48,0.328788
2868.05,0.286718
1061.02,0.106076
1525.36,0.152494
1821.88,0.182136
1044.48,0.10443
810.525,0.0810452
2099.68,0.208765
940.659,0.0938109
789.141,0.0786986
1183.79,0.118119
1370.35,0.137017
738.776,0.0738766
1077.1,0.107584
1349.28,0.13492
673.289,0.0673231
2088.4,0.208569
1647.09,0.164689
1379.9,0.131377
1279.87,0.127981
1033.99,0.103266
1038.39,0.103813
601.115,0.0600224
1097.85,0.109735
526.98,0.0526912
830.268,0.0830122
1007.65,0.100626
2330.64,0.232903
811.243,0.0810488
1043.44,0.104297
3116.76,0.311341
968.056,0.0967899
3268.29,0.326767
911.739,0.0910877
864.284,0.0863273
799.607,0.0799402
878.84,0.0878535
723.381,0.0723224
2036.41,0.20351
830.311,0.083021
4232.52,0.423066
883.359,0.0882969
2509.22,0.250883
1637.03,0.163577
863.991,0.0855885
1476.03,0.147584
1730.38,0.172798
1136.12,0.113247
1340.11,0.133861
1441.74,0.144063
1337.13,0.133591
1008.55,0.10082
1196.76,0.119626
918.91,0.0918045
735.93,0.0733879
2705.4,0.270357
1170.3,0.117004
447.59,0.0447514
6480.41,0.647548
3239.02,0.323729
2119.19,0.211758
975.261,0.0974169
950.385,0.0950284
651.344,0.0650645
1094.04,0.109359
932.57,0.0932131
821.615,0.082155
1073.11,0.107209
1822.96,0.182272
1544.4,0.1544
962.521,0.0962446
703.55,0.0703281
581.245,0.0577976
1143.99,0.114396
1795.85,0.178854
878.652,0.0877817
1036.58,0.103644
1182.16,0.118188
1537.23,0.153708
4168.66,0.416637
954.703,0.0954614
631.171,0.0631104
1044.53,0.104395
1189.33,0.118915
899.585,0.0899521
4382.87,0.437961
929.946,0.0928208
1273.76,0.12733
1563.35,0.156327
1343.14,0.134253
1083.64,0.108309
535.162,0.0535027
1101.17,0.110115
1178.15,0.117763
667.343,0.06673
7766.27,0.775521
700.388,0.0699964
1411.71,0.14114
1927.23,0.192309
1851.95,0.18518
1013.47,0.101342
1124.09,0.112386
1358.34,0.135715
1514.31,0.151389
5264.07,0.526061
1486.61,0.148518
1553.41,0.15525
2380.9,0.238016
984.11,0.0981358
1547.3,0.154693
705.306,0.0703939
33107.1,3.24038
1246.15,0.124597
824.243,0.0824045
1994.76,0.199389
1234,0.107909
1754.2,0.175314
2775.12,0.276597
2158.86,0.2637
4605.19,0.459498
1625.09,0.162308
990.065,0.0989397
1090.71,0.108899
1648.66,0.164725
794.23,0.0794154
904.657,0.0904496
1183.26,0.118108
1726.81,0.172657
1517.68,0.151737
2562.71,0.256146
817.394,0.0817244
1033.04,0.103304
1475.76,0.147571
887.553,0.0887528
3126.22,0.312272
914.18,0.0913624
730.827,0.0730324
1868.81,0.186834
648.779,0.0648244
1122.95,0.112271
683.932,0.0683743
3699.62,0.369894
1698.62,0.169799
1258.67,0.125864
1280.44,0.12798
5168.07,0.516532
964.135,0.0963812
1191.56,0.119062
843.342,0.0840883
1802.4,0.180029
1895.36,0.189435
1024.12,0.10241
1928.9,0.192756
1835.49,0.183497
879.462,0.0879163
1273.74,0.12706
1460.26,0.14576
2484.86,0.247567
1147.86,0.114757
1289.83,0.128969
3097.73,0.309324
914.218,0.0911501
756.578,0.0756422
1659.64,0.165798
749.94,0.0749906
1181.03,0.118058
1017.85,0.101774
1696.28,0.169519
3566.81,0.356467
960.226,0.0960211
810.783,0.0810315
755.394,0.0755158
1223.91,0.12233
1623.52,0.161438
1932.21,0.193128
1093.24,0.10916
1254.43,0.125417
1195.01,0.119449
1188.95,0.118875
827.895,0.0827623
1092.43,0.109219
15314.1,1.52801
1028.27,0.102271
1200.21,0.119894
646.379,0.0645808
2956.5,0.29549
2589.92,0.258894
893.815,0.0893783
487.838,0.0487798
1368.36,0.136819
963.803,0.0963568
976.371,0.0974376
693.136,0.0692312
1127.8,0.112762
1382.69,0.138107
1179.16,0.116348
1736.56,0.173566
1917.34,0.191732
696.253,0.069037
9416.83,0.939329
986.833,0.0984247
720.365,0.0720354
1807.24,0.18071
571.131,0.0571071
1103.59,0.110348
728.322,0.0727624
1370.92,0.13706
873.17,0.0872547
1485.25,0.148438
853.474,0.085111
1221.74,0.122168
1024.31,0.1024
1167.07,0.116696
2080.11,0.20799
1130.65,0.113045
2259.66,0.225786
918.889,0.091787
1608.92,0.160856
895.964,0.0895755
472.515,0.0471762
724.976,0.0723538
1548.74,0.154861
1292.91,0.129287
1422.28,0.142225
1708.23,0.170627
1298.36,0.12971
1003.29,0.100306
7324.25,0.732113
1904.13,0.190188
1724.42,0.172375
1041.36,0.10407
1325.44,0.132473
1590.33,0.158979
1017.82,0.0999235
1283.08,0.128221
1260.18,0.126005
1044.36,0.104423
994.4,0.0994292
960.967,0.0960723
1099.26,0.109861
796.052,0.0795735
2309.32,0.230798
740.974,0.0740866
1032.88,0.103256
1072.65,0.107178
860.307,0.0860131
1113.4,0.111307
1287.3,0.128714
1629.14,0.162891
1676.74,0.167587
662.787,0.0662705
4135.26,0.408937
1477.16,0.147663
699.137,0.0698993
1620.41,0.161964
2077.99,0.207703
2120.39,0.211577
1006.25,0.100599
2480.17,0.247736
1449.98,0.144459
1172.86,0.117282
553.617,0.0553269
1817.06,0.181476
531.561,0.0531218
1816.64,0.181654
1565.19,0.156425
872.352,0.0872097
1981.1,0.19802
2044.44,0.204349
1424.97,0.142432
928.683,0.0928306
1276.8,0.127593
2557.98,0.293635
781.608,0.0779482
2682.76,0.268073
875.535,0.0875224
3266.28,0.324832
1315.94,0.131416
1110.91,0.111076
1094.72,0.109431
1956.64,0.195531
1067.51,0.106507
1475.78,0.147538
931.558,0.0931382
3660.66,0.36592
1652.52,0.165237
966.158,0.0965441
1053.75,0.105331
800.133,0.0800076
1076.23,0.107527
2005.73,0.200477
1158.52,0.115759
1276.55,0.12765
3107.27,0.310223
563.034,0.0562799
1058.78,0.105606
1116.96,0.111446
848.707,0.0839773
1765.53,0.176395
938.085,0.0937819
598.326,0.0598309
2899.36,0.289853
1109.36,0.110832
885.542,0.0885011
1722,0.171997
914.808,0.0909245
685.168,0.0684544
601.386,0.0599285
4181.97,0.416523
1785.47,0.178407
1364.75,0.13642
20441.9,2.02959
2224.5,0.222162
1238.49,0.123816
5923.39,0.591519
1404.86,0.140361
7020.09,0.698511
893.501,0.0893375
1463.55,0.146313
1432.46,0.143154
1501.28,0.149642
2597.43,0.259196
937.338,0.0936875
6326.54,0.632047
1088.66,0.108801
2371.17,0.23644
1041.04,0.103997
922.917,0.0922792
2548.31,0.252911
860.833,0.0860104
4332.12,0.432325
1106.51,0.110627
1387.76,0.138762
628.454,0.0628008
2324.36,0.232284
4834.38,0.483017
1017.23,0.101656
1942,0.194121
615.772,0.0614886
1345.16,0.134466
2416.44,0.24153
1637.2,0.163635
2118.64,0.211806
1301.02,0.130042
1741.54,0.174099
1882.28,0.18816
1006.64,0.100654
1682.77,0.168147
2175.91,0.21756
5102.21,0.509781
2787.91,0.278492
1412.99,0.141217
1365.33,0.136449
2076.99,0.207605
1654.04,0.161984
993.855,0.0993396
616.499,0.0616452
1080.44,0.108038
1469.87,0.146892
754.96,0.0754929
710.925,0.0708883
846.034,0.0845993
36714.4,4.29348
1672.3,0.167107
1868.02,0.186541
674.127,0.0673663
8235.97,0.821081
727.489,0.0725489
1095.09,0.109478
1086.26,0.108599
884.859,0.0884316
3910.3,0.390673
1473.79,0.14694
852.759,0.0852138
860.54,0.0860459
844.059,0.0843702
3410.34,0.340743
1038.1,0.103693
2080.51,0.207817
545.836,0.0545679
3299.49,0.329831
3885.8,0.386458
832.196,0.083163
782.382,0.0781905
794.481,0.0794237
1790.34,0.178995
930.473,0.0928536
1426.1,0.142506
1068.15,0.10678
2102.22,0.210197
848.725,0.0848594
630.361,0.0629604
880.499,0.0862182
951.375,0.0951207
1044.54,0.104444
503.369,0.0503317
981.36,0.0978203
2058.85,0.205803
1396.76,0.139645
11369.5,1.13598
1403.16,0.13979
2184.5,0.218253
830.279,0.0829654
881.819,0.0881102
729.829,0.072981
1092.37,0.109166
1109.29,0.1108
2090.87,0.209077
1065.44,0.10653
2963.4,0.296238
749.532,0.0749333
1752.19,0.175157
1949.98,0.194926
530.643,0.0530631
743.272,0.0742767
1113.16,0.111282
529.396,0.0529317
1250.17,0.124951
20897.9,2.0782
1293.78,0.129361
1434.25,0.143409
1167.69,0.116478
833.65,0.0833541
1264.45,0.126354
1020.11,0.10193
1073.58,0.107336
1534.75,0.153402
1480.56,0.147997
4190.66,0.418866
1487.85,0.148682
1113.09,0.111272
1126.68,0.11259
1071.68,0.107155
716.987,0.0716978
1478.7,0.1477
2545.37,0.254339
1349.53,0.134932
1262.83,0.126216
1687.41,0.16869
944.833,0.0944746
2052.23,0.204811
951.296,0.0949919
15019.3,1.50097
2646.17,0.264485
895.953,0.0895748
944.941,0.0944282
551.541,0.0551182
2532.83,0.253218
1281.31,0.128111
1649.35,0.164894
598.097,0.0597985
693.876,0.0693769
813.325,0.0812895
1403.1,0.140305
1960.32,0.19597
481.135,0.0480973
1104.63,0.110401
1583.54,0.15833
691.93,0.0691912
922.03,0.0922003
2020.69,0.201976
550.645,0.0550546
818.083,0.0817041
988.969,0.0988825
873.145,0.0871226
1315.54,0.131421
1231.41,0.122782
2706.84,0.270613
1332.41,0.133097
1450.8,0.145046
1208.71,0.120855
752.169,0.0751936
2171.26,0.216984
1084.1,0.1084
661.928,0.0661391
1143.82,0.113758
1014.27,0.101344
7453.59,0.744841
8684.21,0.866324
1075.54,0.107534
1090.41,0.107959
1519.45,0.151873
692.386,0.0692211
1112.23,0.111199
1117.49,0.111658
912.033,0.091173
1283.38,0.128183
2320.4,0.231883
1448.15,0.144771
755.044,0.0754928
9919.14,0.9894
1677.6,0.167448
1294.89,0.129466
5033.53,0.503136
1215.35,0.121502
1480.85,0.148079
1455.85,0.145571
2784.7,0.278386
715.379,0.0701708
2476.99,0.247688
1551.28,0.154472
3082.79,0.308015
919.41,0.091919
1591.75,0.150692
1877.47,0.187726
1893.52,0.189328
1059.6,0.105944
1540.75,0.154058
1366.77,0.134285
679.826,0.0677089
1227.94,0.120189
2062.48,0.206172
802.614,0.0802266
1513.5,0.151242
1480.08,0.147957
1108.16,0.1108
969.785,0.0968558
2395.25,0.239335
966.159,0.095605
901.653,0.0901557
3209.75,0.320319
1509.41,0.150847
2534.9,0.252753
712.04,0.0711744
1950.64,0.194986
1760.45,0.176011
2040.45,0.203857
1512.67,0.151192
1213.54,0.121254
681.775,0.068175
1322.38,0.132222
1933.48,0.193311
1509.57,0.150882
1786.44,0.1786
925.642,0.0925357
1193.59,0.119352
808.56,0.0808366
1160.28,0.116001
2076.23,0.20755
692.955,0.069287
2983.84,0.297738
907.617,0.0907301
2422.66,0.242224
2876.35,0.287452
2333.8,0.233229
956.912,0.0956454
1046.41,0.103518
1077.47,0.107733
1895.16,0.181489
1029.61,0.102937
1266.36,0.126607
684.096,0.068407
1911.16,0.191046
1049.82,0.104947
1698.15,0.16952
904.322,0.0904198
1435.67,0.143503
840.677,0.0838785
698.887,0.0698666
787.819,0.0787302
1323.87,0.13238
714.077,0.0713611
899.953,0.0899833
840.349,0.083697
975.752,0.097513
4971.68,0.496761
1854.04,0.185362
987.378,0.0987072
967.51,0.0967499
1163.85,0.116271
661.73,0.0661618
716.653,0.0715989
1235.35,0.1235
619.365,0.06183
779.109,0.0778967
1130.87,0.113077
3188.3,0.318034
1209.43,0.120895
1075.83,0.107442
3310.06,0.33093
547.33,0.054716
737.288,0.0737137
801.395,0.0800586
791.73,0.0791424
876.094,0.087577
1045.83,0.104486
1672.3,0.167122
1412.51,0.141193
8592.6,0.858598
920.139,0.0920064
1574.57,0.157241
1967.83,0.196744
1375.66,0.137532
793.875,0.0793834
2842.4,0.284163
1127.43,0.112669
1389.68,0.138936
919.576,0.0919484
1275.33,0.127479
2181.1,0.21739
10193.8,1.01828
816.68,0.0816626
580.102,0.0579503
3034.39,0.303321
2661.14,0.26609
1465.6,0.146291
1068.96,0.106275
1784.62,0.178436
3481.5,0.346948
3220.11,0.321529
1009.17,0.1009
1451.73,0.145068
3011.63,0.301085
963.533,0.0963299
2110.22,0.210668
6669.38,0.6653
1116.56,0.111649
1320.68,0.13204
1218.48,0.12133
1457.08,0.145641
1645,0.163947
734.381,0.0730217
1237.15,0.122161
1369.37,0.13691
1678.19,0.167701
1455.28,0.145508
1809.39,0.180906
1076.41,0.1068
636.813,0.0636437
1207.32,0.120599
1530.69,0.152926
840.998,0.0840003
1807.01,0.176303
1084.71,0.108438
877.455,0.08774
2240.21,0.223947
2743.15,0.274264
3002.4,0.300145
1127.15,0.112514
4185.95,0.417698
3004.77,0.300069
2439,0.243802
1004.61,0.10024
735.351,0.0735224
1799.85,0.179932
7235.2,0.722783
2855.69,0.28537
1521.22,0.152037
1104.34,0.110414
1282.75,0.127573
2334.35,0.233354
2678.39,0.267645
886.499,0.0886462
2214.82,0.221435
419.112,0.0419076
853.421,0.0853196
812.881,0.0812732
2599.28,4.85504
1487.82,0.148677
1356.27,0.135574
2444.38,0.243726
1245.37,0.124326
1016.27,0.101604
1082.37,0.105145
682.347,0.0682238
1035.18,0.103264
1841.76,0.18413
850.151,0.0848361
969.164,0.0968534
1189.68,0.118789
1273.48,0.127317
1559.7,0.155961
1636.12,0.163601
2265.22,0.224821
1439.22,0.14371
1601.12,0.159924
726.717,0.072656
1921.82,0.192129
2776.32,0.276947
979.009,0.0978662
1422.99,0.142197
2479.34,0.247604
2055.56,0.205433
1203.84,0.120047
1322.44,0.132217
1025.99,0.102466
1210.93,0.120698
1266.07,0.126374
864.661,0.0864584
1091.67,0.109159
760.825,0.0760635
428.051,0.042798
1446.06,0.141607
763.558,0.0763217
1147.03,0.114649
1023.53,0.102321
2479.26,0.247492
812.597,0.0812539
1123.35,0.112216
1602.05,0.160136
1014.72,0.101416
1689.52,0.168899
5333.73,0.533189
2817.87,0.281439
762.063,0.0761737
1395.11,0.139487
1668.94,0.166792
1884.01,0.188192
25747,2.55417
9443.79,0.943105
2252.11,0.225163
1418.43,0.141731
1135.84,0.113563
826.65,0.0826584
1847.51,0.184723
878.17,0.0878143
6353.3,0.633653
2559.62,0.255949
762.013,0.0761633
568.221,0.0565386
1233.37,0.123291
995.712,0.0995631
1519.79,0.151942
1168.66,0.116834
658.901,0.0658607
1529.09,0.152694
1382.06,0.138128
1965.25,0.196511
971.228,0.0971097
2437.79,0.243561
546.188,0.0546041
3133.49,0.313283
1460.38,0.145846
1161.15,0.11609
996.712,0.0996241
1164.41,0.11636
622.719,0.0622693
20109,2.00494
1293.57,0.129329
1122.55,0.11222
2026.93,0.202472
818.688,0.08185
1164.41,0.116421
1044,0.104312
1308.63,0.130818
941.087,0.0940999
1130.38,0.112925
1387.79,0.138692
949.161,0.0946389
1964.8,0.196366
991.5,0.0991351
2601.23,0.260067
833.029,0.0832868
1545.49,0.15444
1552.84,0.155269
908.695,0.0908604
1506.24,0.15058
1119.54,0.111927
778.872,0.0778756
800.917,0.0800862
944.957,0.0944326
2924.03,0.2922
948.971,0.0947303
1608.58,0.16083
793.629,0.0793259
2203.37,0.219906
1251.13,0.125092
811.188,0.0811159
1707.94,0.170717
1212.36,0.121174
1066.18,0.106609
2550.59,0.254522
1037.55,0.103732
3718.18,0.370705
1013.46,0.1013
1505.09,0.150497
1027.95,0.102723
1131.43,0.112824
1175.51,0.117478
1471.42,0.147112
1121.97,0.112186
3523.6,0.352174
1944.62,0.194378
1943.85,0.194282
492.316,0.0492193
1434.39,0.143167
1505.27,0.150338
855.806,0.0855771
551.039,0.0550986
3593.19,0.359183
964.568,0.0964261
2153.31,0.215305
821.779,0.0821706
1957.77,0.195695
1186.33,0.118625
2948.38,0.294093
4638.31,0.463676
732.969,0.0732153
1558.88,0.155802
812.152,0.0812083
1552.89,0.155186
4327.07,0.432123
2037.61,0.203586
1224.71,0.122295
9497.23,5.46495
1125.46,0.112437
513.04,0.051151
1985.31,0.198514
909.558,0.0909394
1513.97,0.151365
864.801,0.0864678
1113.89,0.111379
1689.68,0.16864
1332.23,0.133158
3212.29,0.321088
2495.03,0.249426
2441.32,0.243903
726.176,0.0726106
2036.86,0.203629
1743.78,0.174321
547.188,0.0547162
4958.7,0.495618
4832.37,0.48261
900.305,0.0899958
1689.02,0.168797
1331.33,0.133084
2333.67,0.233296
1118.28,0.111827
2102.02,0.210191
5226.49,0.521755
864.302,0.0864158
979.584,0.0979455
9287.5,0.925558
938.866,0.0938823
647.617,0.0647555
1765.13,0.176451
1177.09,0.117496
867.24,0.0865294
1341.82,0.134131
1496.33,0.149424
1635.3,0.163479
2021.27,0.202014
1392.31,0.139228
1009.34,0.100753
925.23,0.0924271
2360.42,0.235263
803.882,0.0803269
969.897,0.0969835
1115.41,0.111506
2518.09,0.251581
1157.88,0.115751
1226.27,0.122624
1072.55,0.107229
1259.25,0.125922
1145.64,0.114212
1900.4,0.189865
1137.98,0.113743
1417.64,0.140331
825.188,0.0824998
1168.94,0.116864
3167.36,0.315061
1208.52,0.120567
1738.49,0.173724
1489.17,0.134647
1141.42,0.113989
1063.67,0.106353
762.063,0.0761728
3504.49,0.349982
1441.75,0.144132
1001.84,0.100149
968.735,0.0967276
867.205,0.0867086
848.637,0.0847947
2731.24,0.27292
740.55,0.0740012
1368.22,0.136805
578.646,0.0578616
2981.79,0.297923
1609.37,0.160891
1045.8,0.104563
727.96,0.0727921
998.408,0.0998134
1563.11,0.156301
1034.46,0.1033
1205.11,0.120481
1510.03,0.150963
986.519,0.0986181
809.663,0.0809591
1079.96,0.107994
8190.98,0.817476
1272.27,0.127175
4428.02,0.442679
1119.78,0.111969
906.344,0.0905742
2060.86,0.205501
1143.98,0.114391
638.695,0.0637298
1838.33,0.183785
1542.63,0.154096
1784.18,0.178392
796.172,0.0796005
3224.84,0.322392
771.168,0.0770928
865.357,0.0865321
829.798,0.082609
1022.8,0.102161
1128.13,0.112639
929.067,0.0928975
1599.51,0.1599
1239.97,0.123963
856.315,0.0855372
2780.67,0.278015
1368.59,0.136825
817.397,0.0816928
1198.33,0.11979
855.077,0.085502
2414.25,0.241401
1632.21,0.163175
1118.56,0.111838
825.319,0.0825231
1511.98,0.15119
1172.43,0.117208
862.982,0.086295
1756.41,0.175527
844.532,0.0844083
1273.26,0.127104
870.908,0.087086
1544.46,0.154074
4132.77,0.41301
2254.15,0.225272
767.252,0.0766159
2326.58,0.232542
893.266,0.0893205
1038.75,0.103865
1511.86,0.15117
1147.96,0.11475
959.623,0.095939
1212.74,0.12119
829.615,0.0829202
1991.48,0.198899
1167.85,0.116711
1359.61,0.137144
881.542,0.0881072
1254.42,0.125426
1137.65,0.113663
939.014,0.0938853
1341.71,0.134137
6122.26,0.611869
4702.43,0.468988
842.175,0.0842133
1605.37,0.160499
1241.54,0.124148
1076.31,0.107611
873.338,0.0872929
882.886,0.0880109
972.36,0.0972148
1155.03,0.115449
1395.53,0.13948
1503.25,0.150113
1160.22,0.115949
1181.2,0.118035
1814.76,0.181452
2431.4,0.242594
1504.74,0.150424
881.453,0.0880784
1033.93,0.103387
1402,0.140111
1125.41,0.112534
786.738,0.0785973
1141.8,0.11407
2487.79,0.248656
6242.21,0.622788
1378.83,0.137855
1026.68,0.102636
946.177,0.0946074
1169.3,0.116891
1090.99,0.109084
739.303,0.073888
908.446,0.0903339
768.231,0.0768133
1400.76,0.14002
948.563,0.0945991
782.797,0.0717237
4918.77,0.487715
1542.2,0.152916
1396.42,0.13958
714.228,0.0713892
1119.2,0.111881
1017.63,0.101733
1111.33,0.110973
699.921,0.0699673
1415.03,0.141464
587.294,0.0587087
1679.8,0.16796
1007.09,0.0995483
1868.97,0.186293
1320.58,0.130199
803.922,0.0803682
1029.93,0.102922
906.628,0.0906208
840.424,0.084025
5502.18,0.549584
869.119,0.0869023
2014.16,0.201333
1144.54,0.114423
995.888,0.0995716
867.953,0.0867116
1431.83,0.143107
1277.66,0.127574
4868.58,0.486727
943.847,0.0943272
808.393,0.0807783
1699.98,0.16995
18745.9,1.87338
1689.71,0.167902
2245.86,0.222594
1562.49,0.156196
1711.15,0.171084
1264.5,0.12638
1573.84,0.157377
1082.42,0.108219
2135.97,0.212997
1836.44,0.183598
1083.49,0.108313
3351.58,0.334908
1170.43,0.117011
923.267,0.0923097
1692.19,0.169173
1198.54,0.119847
2504.06,0.25028
1578.62,0.157832
2053.3,0.205057
1698.79,0.169817
2681.02,0.26763
771.919,0.0771593
737.385,0.073717
817.31,0.0816795
969.266,0.0965556
1050.06,0.104392
842.3,0.0842048
2451.16,0.211846
1996.95,0.196964
1506.1,0.150578
804.626,0.0804352
1048.2,0.104696
1580.79,0.158058
504.218,0.050384
4352.09,0.429137
2436.27,0.243074
856.865,0.0855512
932.891,0.0927067
1117.43,0.110901
3943.14,0.393527
1365.43,0.136182
1309.81,0.130959
1098.48,0.10962
944.967,0.094482
1689.77,0.168818
1210.23,0.120978
1959.96,0.195959
1391.46,0.13913
864.142,0.0864053
1088.15,0.108796
2736.43,0.273525
3942.34,0.393967
1474.19,0.147407
1957.32,0.195638
1199.85,0.119979
1492.19,0.149041
2181,0.217864
880.859,0.088077
1790.12,0.178998
6747.04,0.674439
956.907,0.0954394
1778.11,0.177768
2021.42,0.201988
1063.1,0.0974977
1917.37,0.19169
1418.22,0.140275
2199.35,0.219915
1930.92,0.967927
1780.05,0.177684
1101.23,0.110018
1783.62,0.178193
589.711,0.0589062
1310.47,0.131026
1382.97,0.138242
1182.29,0.118128
1494.21,0.149338
1309.99,0.130895
1192.9,0.119273
1225.21,0.12205
746.314,0.0746073
1217.39,0.121691
673.496,0.0672998
1491.42,0.14904
1130.78,0.113033
1502.61,0.150252
2466.97,0.246665
1260.71,0.125862
934.918,0.0934677
730.212,0.0730149
1541.97,0.154113
1323.86,0.132367
1456.86,0.145585
1088.37,0.108621
1246.82,0.124568
1463.83,0.146365
1904.44,0.190247
1756.39,0.175395
803.254,0.0802759
1505.51,0.150392
689.049,0.0688846
1045.91,0.104554
1364.68,0.136395
2687.73,0.268671
1644.32,0.16437
1022.99,0.102105
2218.4,0.222976
754.81,0.0751933
2165.11,0.214166
2082.03,0.208076
1127.82,0.112738
618.878,0.0618491
1887.56,0.188737
687.723,0.068691
753.914,0.0752883
1619.38,0.16192
2584.84,0.258114
916.118,0.0915851
3132.54,0.313214
1151.88,0.115147
7831.05,0.782227
1749.24,0.174899
1074.27,0.107414
2009.29,0.200822
1108.57,0.110792
2682.86,0.268057
836.787,0.0836648
961.06,0.0960604
2475.09,0.24737
1555.32,0.155496
1426.26,0.142619
1203.09,0.120305
753.406,0.0753206
1984.32,0.198223
944.616,0.0944226
4655.78,0.46516
943.296,0.0942817
956.523,0.0955356
2852.44,0.285222
740.44,0.0740395
904.68,0.0903329
4317.74,0.430876
1468.41,0.146777
761.578,0.0761562
811.162,0.0811076
2785.57,0.278455
2099.5,0.209729
439.603,0.0438759
1088.59,0.108468
2788.42,0.278718
746.716,0.0744875
1111.57,0.110344
733.065,0.073303
1848.7,0.184301
1724.31,0.172405
1176.38,0.117434
982.25,0.0980889
861.365,0.0861321
846.908,0.0845833
2414.77,0.234837
1521.21,0.152054
874.752,0.0874342
1911.54,0.191132
1185.32,0.118509
1006.74,0.100617
5579.78,0.5575
2147.37,0.214655
1091.6,0.108903
2838.95,0.283618
1884.02,0.188354
911.597,0.0911564
1326.17,0.132596
1766.62,0.176641
795.087,0.0794031
1028.54,0.102838
866.141,0.0864425
1872.85,0.187191
2309.02,0.230843
479.095,0.0478927
1193.95,0.119343
2806,0.280411
991.384,0.0991085
778.132,0.0778116
1417.11,0.141665
2611.41,0.260975
1694.82,0.169458
1109.4,0.110906
785.597,0.0785414
794.674,0.0794251
1098.53,0.109771
1845.7,0.184549
1316.7,0.131654
591.44,0.0591436
994.686,0.0994318
1483.47,0.148316
1883.87,0.188328
1174.02,0.116994
978.706,0.0978512
2363.02,0.235972
910.472,0.0910164
734.52,0.0734489
1143.92,0.114367
1211.95,0.12115
1489.02,0.148817
704.126,0.0704027
1138.79,0.113862
11495,1.14802
871.328,0.0871117
968.424,0.0968321
3597.72,0.359218
1284.15,0.128338
1296.99,0.129569
1251.35,0.12512
1182.69,0.11818
804.445,0.0804329
890.791,0.0890496
1466.74,0.146383
1506.52,0.15064
706.634,0.0706549
2592.67,0.259126
1654.02,0.165355
1133.67,0.113277
1685.21,0.16851
775.866,0.0775803
5061.57,0.503135
1097.22,0.10964
1041.76,0.104155
2749.15,0.274784
2007.1,0.206067
1051.59,0.105144
1052.47,0.105231
1245.32,0.124525
1990.51,0.198993
928.643,0.0928579
1526.52,0.152486
1356.25,0.13559
3329.05,0.324341
1496.8,0.149447
2064.69,0.206286
1424.83,0.142406
959.459,0.095942
2130.73,0.213052
1093.34,0.108836
956.491,0.095625
1175.91,0.117523
969.12,0.0969074
1592.25,0.159136
3505.45,0.349815
718.992,0.0718972
11783.6,1.175
2417.79,0.241767
1314.64,0.131347
932.638,0.0932439
1476.76,0.147496
1173.51,0.116919
1912.95,0.190978
1271.58,0.12705
2107.45,0.210646
649.037,0.0648925
2904.3,0.29037
2553.52,0.255092
1969.29,0.196784
1010.06,0.101005
1799.95,0.179973
803.31,0.0802734
1770.42,0.17689
1272.79,0.127244
988.43,0.098722
895.847,0.0895512
2876.48,0.28748
15022.6,1.49555
909.938,0.0909425
897.615,0.0897501
927.774,0.0927734
1003.88,0.10034
742.612,0.0742549
818.305,0.0817787
3165.29,0.316274
1905.55,0.190362
1363.12,0.136143
1104.33,0.110415
1291.48,0.129015
599.7,0.0599318
902.025,0.090068
1301.91,0.130174
717.372,0.069884
2038.57,0.203796
11742.2,1.17299
1016.28,0.101446
791.113,0.0790232
473.865,0.047361
1830.89,0.183031
2838.46,0.283718
1244.96,0.124471
723.801,0.0723725
1458.67,0.145791
1220.7,0.121992
1965.43,0.196523
7242.4,0.723051
731.559,0.0730426
1089.63,0.108697
1497.47,0.149718
642.918,0.064291
690.399,0.0690291
1115.37,0.111406
1269.94,0.126902
1097.53,0.109706
795.169,0.0794999
1299.13,0.129829
767.826,0.076755
1247.93,0.124782
796.715,0.0795507
946.456,0.0944298
1525.68,0.15182
1681.39,0.168052
1442.6,0.144222
1955.2,0.195445
1141.04,0.114036
2125.46,0.212473
501.008,0.0500877
1154.56,0.115424
1060.07,0.105972
3598.13,0.359776
1623.38,0.162202
1047.04,0.104684
601.449,0.0601345
1991.6,0.188542
1185.87,0.118559
1792.3,0.178919
2724.19,0.272338
667.517,0.0666647
3763.34,0.376157
1254.8,0.125458
8228.99,0.821419
1119.83,0.11195
1116.83,0.111672
3236.78,0.322264
2915.96,0.290727
1171.72,0.117135
522.597,0.0522443
973.5,0.0973181
1612.22,0.161123
1339.98,0.133915
562.979,0.0562972
1215.19,0.121451
1047.97,0.104789
667.08,0.066703
5217.1,0.521032
1050.2,0.105002
1130.59,0.112996
2100.57,0.209894
1040.57,0.104031
801.352,0.0801282
703.466,0.0702771
2663.84,0.266268
1072.87,0.107194
994.298,0.0994194
846.356,0.0845972
938.311,0.0937533
969.442,0.0969203
542.004,0.0541991
757.274,0.075695
2422.59,0.242124
2069.18,0.206825
900.362,0.0900013
1407.71,0.140696
2143.02,0.214056
1162.53,0.116205
1888.48,0.188745
1900.86,0.190016
18311.9,1.81911
688.873,0.0687518
2666.57,0.266442
1862.26,0.186215
1344.72,0.134439
1142.37,0.112607
1556.88,0.155678
1113.22,0.111245
843.924,0.0842434
1368.76,0.136867
1500.34,0.149803
942.914,0.0942204
1453.28,0.145266
960.75,0.0959894
2074.49,0.207432
1520.16,0.151931
1204.14,0.120332
1099.08,0.109898
1447.38,0.144679
1328.29,0.132595
797.081,0.079706
3008.26,0.300349
1820.04,0.181981
2603.28,0.260292
1056.76,0.105601
1190.54,0.119031
1034.12,0.10335
916.3,0.0914213
967.761,0.0967598
648.391,0.0648203
1987.88,0.19867
3446.87,0.344594
1461.66,0.146144
1447.88,0.144566
1820.4,0.18197
1061.59,0.106015
1130.56,0.11301
854.132,0.085228
1158.7,0.115837
2437.15,0.243694
1507.41,0.150672
936.151,0.0935968
3572.55,0.355919
793.065,0.079259
943.292,0.0942322
909.298,0.0909149
2680.55,0.26784
1060.97,0.106086
922.456,0.0922349
443.286,0.0442585
3835.33,0.383288
912.996,0.0911864
1363.86,0.136355
1456.06,0.14555
1773.95,0.177195
779.953,0.0779728
697.744,0.0696374
1235.49,0.123274
1009.61,0.100943
1801.17,0.180034
1049.69,0.104908
3386.32,0.338558
1996.59,0.195796
833.142,0.0833062
954.21,0.0953862
1529.74,0.152917
1385.61,0.138476
1327.03,0.132443
1021.65,0.102121
1239.01,0.123429
3769.75,0.375671
892.799,0.0892727
1668.73,0.166853
1530.19,0.152989
782.769,0.0782403
1168.49,0.116846
1007.31,0.100717
1207.2,0.120662
1869.72,0.186916
1013.24,0.101251
696.135,0.0695639
1137.96,0.113748
2439.21,0.243729
1171.27,0.116929
826.502,0.0825882
2181.34,0.218017
847.515,0.0847294
2130.93,0.212838
963.364,0.0963217
1614.5,0.161378
1008.41,0.100812
840.478,0.0839935
1102.68,0.110226
1436.83,0.143644
1995.38,0.199526
1173.14,0.117189
1221.83,0.121748
1292.2,0.129196
1719.44,0.171897
1522.9,0.152282
961.516,0.0960472
1839.79,0.183872
1068.39,0.106824
787.246,0.0787053
1179.31,0.117905
631.758,0.0631688
2333.72,0.233278
951.938,0.0949581
569.467,0.0569456
2594.17,0.259232
950.537,0.0950146
1054.73,0.105391
722.108,0.071999
1162.38,0.116189
1681.45,0.168087
1563.44,0.156334
1991.1,0.19905
1057.97,0.105737
1080.32,0.107909
1557.73,0.155761
939.777,0.0936731
2022.91,0.202215
1783.23,0.178201
4000.48,0.399644
1826.65,0.182516
1203.24,0.120269
1188.48,0.11883
2114.52,0.21141
1112.69,0.111262
715.645,0.071562
11474.7,1.14378
1272.54,0.126824
1589.5,0.158948
1902.58,0.190063
3563.77,0.35631
840.413,0.0826034
563.25,0.0563199
1240.93,0.12408
615.535,0.06154
2631.89,0.262743
781.824,0.0780166
1624.25,0.161422
1527.5,0.152701
1020.3,0.102011
1449.07,0.14475
1317.12,0.131601
1854.28,0.185302
6161.37,0.615811
1462.92,0.146255
977.013,0.0976758
896.621,0.089655
1206.5,0.12061
1069.91,0.106844
1304.79,0.130436
5715.76,0.571169
1160.42,0.115981
1070.24,0.106711
996.459,0.099638
4560.3,0.455427
2211.08,0.232604
1327.33,0.132656
4875.23,0.487045
1188.45,0.118694
1101.25,0.110083
1288.62,0.128843
780.155,0.07792
1597.02,0.159613
604.111,0.0604091
743.521,0.0742706
938.679,0.0938643
1957.15,0.195654
834.391,0.083365
1445.83,0.144537
1117.9,0.111764
2080.6,0.208005
1903.79,0.190341
840.745,0.083765
1409.98,0.14083
948.034,0.0947473
1466.47,0.14643
1032.38,0.103216
1475.33,0.147355
811.191,0.0811082
1111.24,0.111115
786.882,0.0784883
2798.88,0.279836
3153.43,0.315132
2870.89,0.287022
2034.33,0.203393
3195.71,0.319387
1971.01,0.196551
1094.71,0.109257
623.907,0.0623663
1015.92,0.101584
1653.02,0.165288
2113.62,0.211035
1316.89,0.131604
4649.33,0.464254
907.076,0.0906819
1242.47,0.124238
1264.63,0.126374
2652.74,0.265121
1166.67,0.116621
600.957,0.0600947
905.886,0.0905439
1121.01,0.112023
2152.08,0.215017
1703.99,0.170359
2202.25,0.220175
855.316,0.085506
733.869,0.0733832
1582.52,0.158129
1885.65,0.188393
720.188,0.0719974
372.387,0.0372364
3235.01,0.322996
1128.97,0.11288
1382.66,0.138262
2405.89,0.240517
840.933,0.0840079
646.275,0.0645964
3358.92,0.335769
2510.93,0.25086
740.447,0.0739766
2196.99,0.219636
631.619,0.0631371
1217.72,0.121676
984.923,0.0983585
1611.04,0.161034
1903.52,0.19016
974.086,0.0973624
2404.98,0.240423
2914.99,0.291441
912.106,0.0911922
848.729,0.0848262
751.956,0.0750675
3715.05,0.371127
1928.13,0.146045
1634.93,0.163419
1190.75,0.117249
1052.4,0.104678
1360.36,0.1359
1526.13,0.152548
1659.12,0.165644
583.72,0.0583503
13438.4,1.33131
1244.2,0.124336
1638.15,0.163642
882.219,0.0880692
1311.65,0.131113
557.743,0.0556558
1231,0.123079
1228.22,0.122811
853.851,0.0850938
828.784,0.0827714
880.836,0.0880401
3228.06,0.318333
890.459,0.0889969
1215.5,0.121545
1014.67,0.101273
1182.51,0.11814
1340.79,0.134055
5397.79,0.539545
688.896,0.0688713
1106.08,0.110341
1127.93,0.112345
1227.09,0.122107
4205.33,0.419738
1840.61,0.184051
1502.4,0.150042
1049.26,0.104915
2789.07,0.278627
1043.24,0.104317
1428.4,0.142743
3147.28,0.312564
1944.41,0.193992
1367.69,0.136757
1410.54,0.141017
1418.97,0.141847
581.022,0.0569826
1010.27,0.101023
1954.27,0.195291
903.293,0.0902978
1354.09,0.135356
1079.2,0.107914
1574.76,0.157468
1171.65,0.117132
1549.99,0.146273
1243.46,0.124295
910.292,0.0910187
2290.24,0.228961
2077.71,0.207727
3636.15,0.363564
770.653,0.0770151
1288.86,0.128852
767.356,0.0767256
1900.3,0.18992
754.942,0.0741486
1551.2,0.155076
661.142,0.0661112
692.753,0.0692708
17756.3,1.77294
761.092,0.0760969
899.909,0.0899459
912.417,0.091112
2023.13,0.202213
1595.07,0.159284
1703.81,0.170278
1051.02,0.105087
1219.04,0.121902
1357.02,0.134684
1730.55,0.172885
14587.8,1.45549
3492.49,0.349178
948.671,0.094708
1333.61,0.133286
549.975,0.0549965
1684.07,0.16793
2536.27,0.253594
1341.93,0.12319
994.478,0.0993984
1670.65,0.165944
3714.38,0.371035
500.635,0.0500422
3177.42,0.31742
628.889,0.0628184
990.261,0.0988287
1029.93,0.10299
1411.32,0.141127
1432.44,0.14322
1587.2,0.158675
688.956,0.0688807
2021.33,0.202085
872.184,0.087143
1140.08,0.113749
911.414,0.0911211
1297.17,0.129697
1175.24,0.117507
1093.19,0.10928
1318.31,0.131816
1693.31,0.169319
1619.89,0.161973
1113.33,0.111316
1892.11,0.189094
2134.4,0.213426
1497.09,0.149702
851.525,0.0850812
1164.58,0.116134
1934.41,0.193112
818.051,0.0817868
976.103,0.0974735
807.348,0.080719
2334.5,0.23341
640.996,0.0640736
1709.14,0.170662
917.878,0.0917838
929.793,0.0927848
2931.39,0.292997
800.975,0.0800513
1576.64,0.157368
731.401,0.0699179
832.995,0.0832873
1360.23,0.135895
458.556,0.0457814
2986.52,0.298582
1401.81,0.140069
1926.93,0.192633
1409.52,0.140904
1461.76,0.146131
1151.8,0.115098
5501.71,0.549523
2761.2,0.276065
1214.22,0.121395
1069.22,0.106779
897.628,0.0897616
1283.84,0.128303
1143.27,0.114316
1458.59,0.145822
2341.46,0.234015
2710.78,0.270895
2837.9,0.283653
749.027,0.0748938
973.844,0.0973016
1413.92,0.141202
907.047,0.0906471
1698.39,0.169825
5074.51,0.940186
1603.34,0.16026
1193.37,0.119328
913.491,0.0912956
4860.35,0.484478
1114.47,0.111445
931.566,0.0931351
745.274,0.0745243
3923.85,0.392002
958.89,0.0956919
1545.29,0.153671
1548.52,0.154654
1601.86,0.160134
1243.67,0.124326
1652.39,0.165233
993.036,0.0989466
573.1,0.0572994
1179.91,0.117961
4490.47,0.448188
1646.85,0.164508
938.044,0.0937217
536.419,0.0536003
1209.31,0.120519
1821.59,0.182079
794.751,0.0794638
3719.62,0.3705
1214.69,0.121327
854.031,0.0853954
683.422,0.0683366
598.609,0.0598457
1077.32,0.107719
1415.99,0.141565
3404.91,0.340383
1291.02,0.129087
1116.15,0.111505
2193.21,0.219241
1439.46,0.143904
3095,0.309107
1971.28,0.197059
1485.97,0.148422
1029.96,0.102987
2696.02,0.269503
1674.45,0.16743
966.903,0.0966704
1833.43,0.182485
842.977,0.0842532
8033.69,0.803057
2017.79,0.201651
27819.2,2.76609
1016.84,0.101607
1133.69,0.113219
821.233,0.0820894
1117.83,0.111741
641.904,0.0641772
2761.98,0.275955
1284.94,0.128452
1089.02,0.10876
612.472,0.0612302
2784.37,0.278325
1631.05,0.163026
1067.64,0.106674
2569.77,0.25695
784.213,0.0783406
3812.38,0.380838
1870.94,0.186977
808.568,0.0808275
906.529,0.0905497
1215.86,0.121573
872.543,0.0872501
1354.21,0.135397
2510.31,0.250934
1623.27,0.162297
994.685,0.0994504
698.027,0.0698021
5106.97,0.510285
2087.36,0.208658
965.261,0.0964569
2578.64,0.257636
4809.54,0.480591
2600.11,0.259772
2268.54,0.226818
665.864,0.0665726
2383.84,0.238365
1052.95,0.105285
1217.6,0.121622
1734.11,0.173408
1172.55,0.117179
747.381,0.0747278
1081.26,0.107537
1919.22,0.191914
915.778,0.0915636
1185.59,0.118534
1022.85,0.102141
3108.87,0.309141
1447.94,0.144712
1352.46,0.135235
1170.23,0.116301
1174.96,0.117439
2470.5,0.246982
1370.01,0.136909
869.667,0.0868698
1057.86,0.105738
2707.37,0.270579
736.233,0.0735917
1349.92,0.134932
996.388,0.0996181
686.347,0.0686219
985.683,0.0985439
1605.95,0.160588
1631.04,0.162881
1095.87,0.109564
1000.63,0.100014
2312.21,0.231074
994.121,0.099407
2736.43,0.273541
1339.13,0.133903
1901.95,0.189428
2225.23,0.222431
716.778,0.0716709
1367.78,0.136745
2705.21,0.270504
966.606,0.0966566
1328.35,0.13272
1068.69,0.10677
1520.65,0.152043
1061.2,0.105748
682.479,0.068194
921.128,0.0921052
1019.76,0.101843
857.33,0.0856947
1245.3,0.12451
732.833,0.0732762
2058.81,0.205865
1248.37,0.124793
1190.62,0.118992
1344.17,0.134268
918.041,0.0917949
1847.47,0.18465
928.717,0.0918225
1205.89,0.12058
1603.47,0.16025
1563.16,0.15629
1291.82,0.129161
687.543,0.0687435
759.307,0.0758788
1348.85,0.13483
1137.06,0.113689
677.232,0.0676732
1003.96,0.100386
785.591,0.078539
1121.17,0.112002
1201.15,0.120075
1265.3,0.126515
2737.25,0.273087
1424.8,0.142386
8703.14,0.869805
1125.05,0.112467
760.702,0.076003
632.88,0.0632477
1497.42,0.14972
955.814,0.0955416
2165.52,0.216019
1431.07,0.142948
2352.7,0.235171
1292.21,0.129085
1819.94,0.178344
1512.5,0.151197
2094.24,0.209206
1311.87,0.131095
18214.3,4.25226
977.398,0.0976144
800.371,0.079573
1181.88,0.117512
1444.11,0.144344
7150.77,0.714844
1033.49,0.103106
950.262,0.0950063
1015.72,0.101485
4470.22,0.446965
712.264,0.0712153
1543.72,0.153874
588.093,0.0587896
1414.66,0.141455
9122.11,0.911599
3682.28,0.368145
1750.54,0.175026
1403.54,0.140336
1092.33,0.10779
1085.39,0.108432
2439.19,0.243448
604.836,0.0604729
863.083,0.086243
2475.7,0.247433
738.105,0.0737947
1224.74,0.122388
17197.2,1.71619
6091.55,0.608566
799.72,0.0798759
1317.57,0.13175
2198,0.219622
978.443,0.0978048
1244.68,0.124406
1732.66,0.173238
959.418,0.0959304
1446.14,0.14446
1068.24,0.106606
1540.38,0.152068
1126.09,0.112547
648.302,0.0648193
1133.48,0.113305
1095.7,0.109519
718.456,0.0717831
841.163,0.0838898
2085.21,0.208141
921.094,0.0921038
2150.29,0.215021
2186.3,0.218113
1354.38,0.135428
731.156,0.0729331
994.84,0.099482
1468.59,0.146735
887.585,0.0887266
651.342,0.0651288
943.54,0.094347
1622.7,0.162155
1623.04,0.162282
3124.18,0.312372
1626.27,0.162607
1165.08,0.116476
948.301,0.0948257
843.104,0.0842322
608.546,0.0608367
1197.29,0.119685
1744.92,0.174198
996.997,0.0996126
1545.01,0.15449
1144.65,0.113344
1018.39,0.101753
986.958,0.0986908
2078.41,0.207729
1962.33,0.196176
967.621,0.0967542
782.352,0.0782082
680.209,0.0679088
2198.76,0.219762
636.772,0.0636764
1547.34,0.154695
1217.21,0.121668
923.024,0.0922649
1197.64,0.116785
909.558,0.0909408
1413.67,0.141303
778.82,0.0778313
1078.12,0.107677
836.51,0.0835965
1756.76,0.175575
1316.23,0.131613
2425.39,0.24247
1258.66,0.12582
4009.22,0.399862
623.459,0.0623366
646.525,0.0646155
1677.34,0.167502
671.939,0.0671873
2233.09,0.222627
1351.85,0.134933
777.149,0.0776967
703.955,0.0703703
2428.57,0.242611
1330.68,0.133046
538.609,0.0538553
945.62,0.0944926
953.208,0.0951493
1465.82,0.146571
3048.36,0.304586
1527.1,0.152286
1702.03,0.17006
647.318,0.0647075
731.664,0.0728483
3778.1,0.377461
783.126,0.0783095
2124.68,0.212128
1254.64,0.125424
1567.17,0.156692
1193.68,0.119125
1561.03,0.156062
879.028,0.0878523
903.64,0.0902034
694.712,0.0694479
1858.53,0.185586
3086.68,0.308316
1037.18,0.10202
676.861,0.0676795
1132.45,0.113193
782.423,0.0778742
1220.44,0.122026
929.68,0.0928456
759.43,0.0758378
904.334,0.0904262
2033.16,0.203281
2278.2,0.2278
1078.62,0.107837
1100.17,0.109978
1004.83,0.100446
1812.02,0.181046
695.34,0.0694449
712.902,0.0712659
7423.27,0.742044
1102.12,0.110161
1067.67,0.106688
1204.08,0.120076
2665.21,0.26638
2562.25,0.256144
1107.31,0.110673
1293.34,0.129106
1010.89,0.10078
1887.86,0.188583
871.845,0.0871477
1197.99,0.119707
1186.95,0.118643
834.065,0.0830081
888.158,0.0883912
1084.97,0.108487
1926.95,0.192676
2120.01,0.211832
867.473,0.0867367
1391.39,0.139107
1059.36,0.10589
642.366,0.0642234
949.613,0.0949424
2128.87,0.212448
1263.97,0.126165
599.709,0.0599601
894.055,0.0893878
1177.14,0.117688
1304.3,0.130275
1782.11,0.178174
928.1,0.0927667
1250.51,0.123964
1612.41,0.161095
836.454,0.0835732
1588.78,0.158868
839.43,0.0838944
902.247,0.0902203
1502.53,0.150227
1885.52,0.188341
700.285,0.0700101
821.672,0.0821574
995.047,0.0994992
1668.05,0.165942
2183.19,0.218237
1124.43,0.112431
925.744,0.0925616
1428.94,0.14272
29370.6,2.91302
1890.2,0.18892
861.609,0.0861283
1981.77,0.198085
819.987,0.0819807
829.273,0.0828989
1238.47,0.123819
749.682,0.0749655
1194.13,0.119395
923.016,0.0922971
1365.88,0.13655
728.968,0.0728803
1200.82,0.120079
2215.09,0.221404
1647.08,0.16468
3860.05,0.385492
673.827,0.0673806
924.13,0.092362
922.605,0.0922452
3652.18,0.364706
1285.04,0.128472
1126.13,0.112573
1500.28,0.149962
2632.8,0.263143
1049.88,0.104968
957.825,0.0957118
2460.59,0.240211
778.256,0.0778028
1429.63,0.142958
1137.2,0.113652
856.182,0.0856093
1575.98,0.157497
2584.18,0.257615
1220.79,0.121913
1657.47,0.165651
1473.09,0.14706
1464.28,0.146386
1101.11,0.110099
998.934,0.0997823
4359.39,0.435007
765.184,0.0764362
