EnergyDeposit(eV),LET(keV/um)
1515.49,0.151372
1066.85,0.106662
1275.87,0.127558
2497.93,0.249656
1745.73,0.174534
23500.6,2.34686
1194.58,0.119432
1748.75,0.17484
1819,0.1818
896.8,0.0896412
1077.68,0.107711
2064.39,0.206378
1447.66,0.144416
1078.73,0.107763
1262.26,0.126198
2440.67,0.2438
3370.41,0.33687
1121.38,0.112112
782.751,0.0782309
1092.13,0.109179
1855.69,0.185405
4191.31,0.418974
2074.35,0.207316
1488.64,0.148836
831.892,0.0831758
690.298,0.0690241
1482.23,0.148133
912.828,0.0912645
1224.06,0.122232
872.801,0.0872052
1205.61,0.120511
3438.73,0.343694
665.862,0.0665096
1824.18,0.18227
1645.05,0.164494
1122.51,0.112222
804.03,0.0803492
7106.69,0.710353
955.772,0.0955655
6707.04,0.669149
1032.35,0.103216
878.969,0.0878839
1189.72,0.118918
690.481,0.0690341
1553.78,0.15535
1765.48,0.175997
1099.63,0.109953
3276.4,0.327529
1785.23,0.178513
2261.54,0.225822
972.534,0.0971965
30702.3,3.06314
11834.5,1.17857
4728.18,0.3924
709.571,0.0706101
2754.81,0.266881
1327.93,0.132716
1183.2,0.11823
1231.51,0.123078
1921.93,0.192159
1124.57,0.112416
2658.56,0.223225
1973.43,0.197158
1681.4,0.167941
937.647,0.0937474
2723.42,0.272294
585.468,0.0585433
726.493,0.0726472
565.572,0.0565062
1307.29,0.130525
1224.41,0.122423
627.745,0.06277
894.762,0.0894657
760.53,0.0760185
1317.81,0.131625
1003,0.100287
1173.55,0.117149
914.398,0.0903471
835.14,0.0835013
1512.6,0.151126
3442.54,0.3441
1211.14,0.121043
1029.15,0.102894
1090.37,0.10903
4514.41,0.450796
1883.82,0.188245
906.355,0.0906055
1223.74,0.122349
1327.34,0.13257
1980.51,0.198036
2171.89,0.21715
2653.15,0.264544
892.215,0.0891369
1507.65,0.150614
1622.38,0.162206
1195.48,0.119497
902.774,0.0902453
836.513,0.0836442
2098.73,0.209341
3410.59,0.340598
1923.94,0.190906
1226.03,0.121792
1045.01,0.104413
880.523,0.0879197
6287.18,0.62845
4658.92,0.465787
2236.98,0.223397
1037.1,0.103673
17836.6,3.06204
955.51,0.0954608
751.459,0.0750242
828.203,0.0827567
1277.96,0.127694
1268.59,0.126822
912.167,0.0910661
1075.5,0.107422
776.928,0.0776502
962.78,0.0962229
1288.63,0.128581
2332.41,0.233123
1931.37,0.192699
1675.8,0.167561
1123.69,0.112321
2795.6,0.27953
1546.54,0.154634
1238.11,0.123756
1383.48,0.138306
558.166,0.0558144
1900.08,0.189643
1700.07,0.169968
1053.32,0.105288
432.612,0.0432469
1343.96,0.134361
560.021,0.0559889
3818.12,0.375108
977.722,0.0975432
2252.52,0.225197
2014.29,0.200646
1835.75,0.1835
1266.24,0.126477
543.379,0.0542232
753.008,0.0752797
1093.85,0.108554
2561.3,0.256121
8294.08,0.828629
737.124,0.0736115
3846.82,0.384504
2963.82,0.295988
1168.1,0.116596
1578.05,0.157569
2440.63,0.243998
881.598,0.0881083
949.595,0.094949
1253.98,0.125339
1287.28,0.128714
3365.76,0.336338
1174.42,0.117428
706.255,0.070623
739.876,0.073981
2305.76,0.230414
7650.77,0.764564
738.334,0.0733447
1378.32,0.137715
786.74,0.0785883
2605.88,0.260302
878.018,0.0875895
1488.56,0.148785
460.185,0.0460058
1450.81,0.144981
2347.45,0.234359
611.014,0.0610994
1535.67,0.153487
2194.15,0.21908
2411.49,0.240593
1138.6,0.113793
1368.39,0.136774
927.741,0.0927199
7894.6,0.78892
1560.38,0.156001
4193.53,0.418615
640.295,0.0639976
1614.1,0.161377
365.747,0.0365732
1566.69,0.156616
880.135,0.0880006
928.799,0.0927751
927.849,0.0925998
858.02,0.0857141
3097.39,0.309343
2197.68,0.21972
1272.29,0.127186
769.067,0.0768774
962.407,0.096225
3337.49,0.33316
960.968,0.0960795
1001.4,0.0999628
2180.77,0.218027
1136.58,0.113632
926.393,0.092477
1453.53,0.145293
3079.31,0.307716
1162.93,0.116005
1313.72,0.131353
2648.1,0.264721
2126.21,0.212362
2875.01,0.286752
1241.05,0.123897
1342.59,0.134178
2992.5,0.298993
7724.28,0.77146
1598.09,0.159716
1558.27,0.155669
786.162,0.0786012
1362.3,0.136145
1843.88,0.184285
644.212,0.0644118
1816.5,0.18094
731.652,0.0731469
535.414,0.0535164
857.69,0.0857441
1132.14,0.113184
831.453,0.083142
2823.07,0.282219
2542.19,0.254168
2767.26,0.276649
905.029,0.090478
1648.68,0.164817
2771.4,0.277021
1804.18,0.179862
864.475,0.086438
742.986,0.0740959
2997.68,0.299499
757.783,0.0757722
2028.14,0.202483
666.419,0.0666401
22958.9,2.28382
1223.23,0.122174
1802.12,0.17972
1352.69,0.135194
754.031,0.0752088
1438.07,0.143769
2008.74,0.200774
4133.32,0.41244
1112.61,0.111249
2930.47,0.292927
632.374,0.063234
768.69,0.0768609
1926.85,0.192585
1350.25,0.13485
1111.54,0.111137
1933.84,0.193167
1800.34,0.179878
1072.21,0.107003
867.563,0.0867316
2139.4,0.211607
1634.96,0.16308
1590.22,0.101956
2467.59,0.246676
781.85,0.0772515
5073.79,0.506604
1149.61,0.114926
1022.08,0.102201
894.873,0.0894592
1653.81,0.16531
1048.41,0.10464
1281.71,0.128126
1775.17,0.177474
688.894,0.0688364
1218.83,0.121428
808.81,0.0808019
1501.26,0.15009
3090.64,0.308726
2207.51,0.220323
2143.85,0.213859
951.217,0.0950432
2531.03,0.253083
1177.07,0.11756
1267.28,0.126653
2196.03,0.219546
683.388,0.0683244
1087.55,0.108717
982.048,0.0981875
1002.76,0.100247
1902.18,0.190117
971.246,0.0970697
783.557,0.0782418
718.549,0.0718456
748.686,0.0748482
1615.49,0.161542
1759.07,0.17588
1414.49,0.14135
598.352,0.0598307
1476.11,0.147151
855.815,0.0855588
9878.3,0.985647
2269.83,0.226918
1840,0.183902
1163.8,0.116035
1714.63,0.171426
8559.6,0.855295
750.974,0.0750749
952.452,0.0952121
1215.41,0.116493
1089.98,0.108814
1135.42,0.113534
1068.39,0.106728
1093.21,0.109284
1991.25,0.19895
2943.9,0.294269
1840.14,0.183953
2138.67,0.213833
688.334,0.0687691
2077.04,0.207666
990.284,0.0990267
2648.34,0.26477
1684.17,0.168358
1894.86,0.189469
1981.67,0.198083
3841.96,0.382387
1994.6,0.199393
692.081,0.069206
1105.32,0.110508
1385.55,0.1385
1554.46,0.154998
1884.02,0.188233
2464.67,0.244404
635.443,0.0635281
931.122,0.0929506
1030.91,0.103081
3578.4,0.357523
2258.21,0.225806
3855.54,0.385341
1149.76,0.114939
777.605,0.0777343
599.863,0.0599562
1707.36,0.170285
1066.21,0.106587
1048.95,0.104877
1068.34,0.106712
1115.42,0.111467
1075.77,0.107574
1120.36,0.111974
3569.72,0.356452
2205.23,0.220285
2420.11,0.241266
1933.51,0.19333
2055.48,0.205523
1291.67,0.129143
1899.73,0.189951
790.333,0.0789366
1366.49,0.136531
1213.67,0.121355
753.585,0.0753427
1103.64,0.110344
977.836,0.0977357
758.76,0.0758619
4217.67,0.421518
812.384,0.081229
1224.88,0.122333
1594.5,0.158817
475.662,0.0475439
1349.93,0.134915
750.334,0.0750317
941.632,0.0941536
2235.72,0.223519
766.48,0.0765753
675.376,0.0675325
1150.47,0.114737
2058.39,0.205723
502.39,0.0502248
1395.14,0.139406
1224.21,0.122334
3501.12,0.349788
1961.5,0.195746
740.323,0.0738532
1534.7,0.153194
3619.15,0.361677
886.526,0.0885999
1611.11,0.161063
2573.18,0.257176
1136.33,0.113552
2372.97,0.2372
3607.21,0.360638
1591.36,0.158955
1770.73,0.177013
1572.6,0.157245
1464.38,0.146403
807.841,0.0806093
847.743,0.0847298
959.876,0.0959862
2330.1,0.232509
1087.4,0.108519
1778.49,0.177812
1334.8,0.133401
1002.65,0.100243
733.415,0.0733379
1059.56,0.105946
1368.06,0.136094
1035.54,0.103551
955.156,0.0953331
677.985,0.067589
1977.73,0.196586
1694.13,0.169356
1199.47,0.119929
1062.4,0.106175
2814.66,0.281172
784.825,0.0784715
2063.76,0.206287
2121.58,0.212018
1341.8,0.134164
753.123,0.0752261
1192.62,0.119205
3453.7,0.345064
1479.43,0.147818
782.511,0.0782381
2611.87,0.261124
1118.18,0.111791
679.739,0.0679708
1606.05,0.160546
8222.8,0.82014
684.764,0.0684754
1162.03,0.116181
1043.36,0.103196
3056.91,0.305369
2811.29,0.281037
1067.42,0.106702
991.763,0.0990155
4293.99,0.428743
2013.69,0.201002
2374.18,0.236904
1283.53,0.126738
1029.08,0.102873
1237.49,0.123721
2508.28,0.250765
1079.68,0.107961
1444.26,0.131694
3410.01,0.340917
1220.5,0.122041
824.033,0.0823895
2827.09,0.282565
1350.5,0.134994
8838.57,0.883263
898.907,0.0894918
809.503,0.0809424
960.138,0.0959705
4384.34,0.437835
1199.04,0.119861
1496.39,0.149581
1238.47,0.12382
1572.42,0.157229
10316,1.03074
19824.7,1.97128
1845.6,0.184488
2195.41,0.219522
1839.27,0.183815
1808.21,0.18064
2140.05,0.213952
934.663,0.0934191
1426.2,0.142533
755.594,0.0755063
815.64,0.0813308
1417.68,0.141744
1071.87,0.107175
760.297,0.0760181
905.732,0.0905642
1397.72,0.138742
811.731,0.0809881
3483.94,0.348293
1178.12,0.117776
1415.33,0.141446
1617.85,0.161735
1121.59,0.11214
684.923,0.0684123
758.548,0.0758438
844.592,0.0844308
1070.35,0.107014
1365.21,0.136257
768.83,0.0768198
1574.52,0.157307
1915.76,0.191562
1336.62,0.133642
845.767,0.0845692
1039.39,0.10392
1395.12,0.139484
877.1,0.0876939
945.275,0.0944474
381.508,0.0380913
1331.23,0.133068
805.549,0.0805297
2526.64,0.252589
2227.9,0.222748
875.967,0.0874444
1667.76,0.16676
1061.22,0.105961
807.707,0.0807572
746.055,0.0745899
713.065,0.071303
1398.43,0.139813
1389.42,0.138933
1619.15,0.161676
1199.01,0.119851
934.17,0.0933388
1261.66,0.126078
1531.16,0.153076
2774.36,0.277189
787.986,0.0787737
8587.41,0.856793
2871.96,0.286689
2923.96,0.291906
2854.07,0.28516
686.1,0.0685918
1828.34,0.182813
1418.54,0.141814
4192.69,0.418962
1786.7,0.174524
991.775,0.0990708
1114.5,0.111444
822.85,0.0822673
1060.7,0.106052
1827.99,0.182543
1264.43,0.12642
1004.44,0.100157
647.437,0.0647215
1135.67,0.113543
1251.83,0.118793
1745.15,0.174478
831.718,0.0830168
1111.67,0.111115
1424.77,0.14019
2096.85,0.209613
1153.08,0.115266
1021.48,0.102054
608.74,0.0608057
1099.06,0.1099
1782.42,0.178139
1018.68,0.101862
873.368,0.08729
2481.62,0.24742
1881.76,0.187931
1091.16,0.109055
1559.4,0.155865
1562.96,0.155803
964.525,0.0964346
3154.75,0.315407
1032.71,0.103263
1770.97,0.176657
3111.9,0.310559
1230.99,0.12308
1250.8,0.124609
1886.64,0.188638
903.028,0.090297
1436.81,0.143611
1667.86,0.166328
965.399,0.0964955
1969.04,0.196892
1142.54,0.114241
787.946,0.0787798
710.154,0.070972
1679.42,0.167867
1847.81,0.184742
2222.86,0.22219
1680.91,0.165952
1112.66,0.111214
1380.47,0.137944
2022.57,0.202242
1207.43,0.120736
2983.57,0.298176
503.07,0.0502962
1433.24,0.143308
777.084,0.0776996
1114.07,0.111357
1049.85,0.104925
1608.3,0.160774
699.008,0.069852
1180.56,0.117968
1561.49,0.156108
719.43,0.0719339
655.058,0.0654976
852.866,0.0852733
1262.3,0.125269
1647.36,0.164609
2607.66,0.260466
2387.78,0.238726
1150.42,0.115036
996.162,0.0995335
1739.35,0.173826
903.671,0.0903584
1264.95,0.126462
1260.19,0.126003
823.508,0.0823238
921.042,0.0920409
1048.88,0.104858
2141.59,0.214096
3832.7,0.383191
1532.62,0.153237
1932.1,0.193199
1739.97,0.173573
1387.53,0.138742
1110.45,0.110949
1139.83,0.11391
1864.41,0.186377
922.614,0.0922178
550.821,0.0550162
937.456,0.0936398
949.195,0.0949081
1162.15,0.116079
1265.92,0.126524
1017.36,0.101673
1435.01,0.143475
1966.4,0.196621
1632.16,0.163163
1777.4,0.177721
1021.12,0.102098
3003.17,0.300092
859.499,0.0859145
3328.37,0.332071
596.941,0.0596282
1037.16,0.103584
629.539,0.0629506
746.901,0.0746704
969.296,0.0968421
829.734,0.0829308
856.167,0.0846285
621.49,0.0621442
10350.8,1.03151
979.158,0.0978404
1117.2,0.111639
1095.94,0.109525
2226.94,0.221042
3711.52,0.37007
1651.77,0.165145
1569.09,0.156581
3374.68,0.337409
1786.83,0.178463
1191.07,0.119097
704.284,0.070426
427.251,0.0426813
1025.3,0.102493
1162.02,0.116042
1986.86,0.198437
828.124,0.0827929
979.906,0.0978388
907.279,0.0906936
1111.83,0.111177
928.237,0.0927358
935.547,0.0935145
1116.04,0.111492
1785.69,0.178486
619.115,0.0619033
972.272,0.0972111
1329.64,0.132947
1906.77,0.19038
696.344,0.0695761
3073.62,0.307309
901.259,0.0900635
1496.97,0.149682
859.048,0.0858588
1376.38,0.137301
1159.93,0.115973
1128.99,0.11286
1158.23,0.115817
1041.17,0.103847
1134.87,0.113281
1102.72,0.11016
884.788,0.088458
2361.65,0.236073
1948.01,0.194724
2928.53,0.292619
963.487,0.0962962
800.169,0.079902
714.146,0.0713377
1150.19,0.114961
14919.1,2.77325
1072.89,0.107246
947.012,0.0946374
6762.36,0.674926
1224.7,0.122443
664.565,0.066423
2075.36,0.207453
3356.99,0.335581
1336.78,0.133628
585.837,0.0585785
985.461,0.0985403
1845.3,0.184513
552.581,0.0552501
724.106,0.0723367
1458.33,0.145694
2109.48,0.210684
3168.39,0.316557
14877.2,1.47912
1326.25,0.132615
794.755,0.0794721
681.551,0.0667402
9181.59,0.915792
2903.29,0.290236
1128.08,0.112756
1153.58,0.115337
1238.95,0.123447
5949.3,0.594433
1427.27,0.142712
1117.44,0.111701
945.153,0.0944917
999.183,0.0999158
1450.37,0.144918
638.413,0.0638101
1779.7,0.17793
6540.06,0.652215
824.17,0.0824006
1313.23,0.131245
2355.66,0.231635
1232.2,0.123193
1457.84,0.145754
1677.73,0.168814
847.593,0.0847212
1748.88,0.174855
519.235,0.051919
654.829,0.0654814
1540.64,0.154039
2868.56,0.286426
3293.16,0.328994
2352.69,0.234941
1993.2,0.199294
1489.59,0.148903
498.27,0.0497659
1364.89,0.136484
783.84,0.078365
1277.6,0.12773
719.274,0.071823
1196.03,0.119447
1094.25,0.109386
1598.2,0.159728
1155.05,0.115499
816.936,0.0816901
2128.45,0.212826
2098.97,0.209398
868.817,0.0868014
964.304,0.0963658
1137.23,0.113706
3487.01,0.348597
937.199,0.0932823
1572.36,0.157229
783.648,0.0776986
1092.89,0.109186
1306.3,0.130618
2707.63,0.270459
845.267,0.0844514
1277.89,0.127766
890.534,0.0890488
1157.8,0.115775
1573.28,0.157134
986.954,0.098642
1589.03,0.158861
2565.24,0.256124
893.721,0.0893233
921.797,0.0921189
751.192,0.0751155
1601.74,0.155617
994.46,0.099404
889.249,0.0888978
1162.6,0.11624
1686.54,0.168532
1006.62,0.100111
1082.84,0.106858
1189.65,0.118805
963.163,0.0962844
2479.24,0.247632
902.407,0.0902075
410.302,0.0410176
612.216,0.0611851
581.275,0.0581187
1276.64,0.127594
1977.97,0.195029
4284.19,0.427747
1080.52,0.107551
1339.25,0.133771
4143.9,0.414349
634.431,0.0633793
1178.86,0.117777
822.941,0.0822468
1682.97,0.16826
1889.73,0.188891
2074.92,0.20738
866.31,0.0866173
1176.97,0.117562
937.826,0.0936864
2783.12,0.277707
2267.6,0.226683
1007.51,0.100662
3004.55,0.29966
3291.19,0.328835
1814.89,0.181249
1212.49,0.121214
2140.48,0.21401
1292.14,0.129209
3413.43,0.341204
914.714,0.0914318
1136.14,0.113587
1721.71,0.172127
1352.75,0.135134
1647.18,0.164617
1424.58,0.142341
905.522,0.0905448
917.781,0.0916682
1365.16,0.136509
936.034,0.09348
3058.7,0.305747
1548.1,0.154789
906.93,0.0904988
943.929,0.0943818
915.781,0.0915769
1640.89,0.164085
1401.82,0.139736
2256.7,0.224657
847.099,0.0846771
1136.27,0.113571
1720.43,0.172004
1946.5,0.191182
1030.39,0.103005
1248.02,0.124792
1059.16,0.105799
1518.86,0.151823
1012.35,0.101184
1074.96,0.107003
2054.05,0.20536
4914.33,0.489611
1287.41,0.128641
3417.02,0.341534
1405.58,0.140537
1201.48,0.120127
1687.16,0.168681
1061.69,0.106164
1077.43,0.10597
1767.44,0.175732
1222.38,0.12222
816.587,0.0815843
863.23,0.0862784
974.654,0.0971448
1982.21,0.198088
1484.82,0.148471
3591.21,0.358918
649.506,0.0649391
688.761,0.0688703
1487.97,0.148594
1156.66,0.115616
1108.26,0.110731
1430.93,0.143081
1316.18,0.130108
1016.58,0.101511
2133.5,0.213111
1157.5,0.115706
771.782,0.0771563
1103.09,0.110257
1713.4,0.171316
1550.45,0.154982
1003.53,0.100271
783.722,0.0783657
892.141,0.0891282
1802.22,0.180204
5152.27,0.514937
2047.16,0.204593
1079.02,0.107804
897.827,0.0896954
991.01,0.0990322
633.431,0.0633266
887.094,0.0876914
1100.76,0.109993
1032.92,0.103048
1235.23,0.123445
860.117,0.0859814
2035.84,0.203547
929.158,0.0929061
1433.2,0.121453
1008.01,0.100756
980.032,0.0979802
1790.64,0.179036
2391.12,0.239082
4298.14,0.428724
2640.1,0.263933
747.218,0.0746993
1463.76,0.146369
2151.76,0.214693
1359.7,0.135961
1888.2,0.188607
1005.67,0.100065
840.127,0.0840003
2074.16,0.207334
624.546,0.0623737
3056.23,0.305487
1229.95,0.122898
1346.3,0.134618
1646.7,0.16457
1786.45,0.178603
12095,1.89798
3242.48,0.322581
1726.75,0.172654
814.138,0.0813221
1836.43,0.183419
692.353,0.0692314
996.639,0.0996447
909.026,0.0908843
782.094,0.0782087
987.657,0.0987017
1456.24,0.145517
989.631,0.098929
2223.96,0.551934
1782.59,0.178224
874.123,0.0873817
2261.47,0.226086
819.242,0.0819059
845.8,0.084555
1099.07,0.109715
1066.32,0.106612
878.198,0.0877797
609.914,0.0609681
943.857,0.0943808
534.633,0.0534168
1498.35,0.149756
5343.23,0.534002
1504.82,0.150469
1070.48,0.107038
2022.24,0.201932
2536.91,0.253661
960.882,0.0960744
1378.65,0.137801
4685.57,0.467528
1338.27,0.133666
1317.62,0.131733
989.345,0.0988718
985.85,0.0985725
1675.83,0.167492
1740.44,0.173906
2098.63,0.209757
900.455,0.0899889
661.576,0.0661414
4190.51,0.418929
2283.42,0.228323
940.123,0.0939645
782.656,0.078254
1437.39,0.14347
1393.08,0.139264
1324.23,0.105566
5342.99,0.534067
1102.25,0.110094
1044.94,0.104436
652.564,0.0652424
862.541,0.0862056
762.845,0.0762559
11549.6,1.15077
689.064,0.0688878
729.822,0.0729781
3425.76,0.342078
1316.96,0.13161
1096.29,0.109576
3805.82,0.379745
1083.73,0.108366
6748.38,0.674144
898.045,0.0898029
3426.79,0.34235
763.473,0.0763355
1131.73,0.113153
1170.54,0.116919
2187.86,0.218645
961.957,0.0961888
1772.99,0.177194
767.312,0.0767047
884.263,0.0884189
1624.39,0.162215
1667.11,0.166585
1490.98,0.149014
1173.74,0.117327
1328.5,0.132633
1907.25,0.178252
987.172,0.0987111
850.56,0.0850353
1217.34,0.121669
667.105,0.0666817
1608.2,0.158269
2318.48,0.231616
808.87,0.0808638
1071.01,0.107017
922.594,0.0922067
757.347,0.075719
1084.08,0.108398
2881.22,0.287862
1594.41,0.159378
1282.05,0.12814
2556.17,0.255576
1583.96,0.15834
1037.79,0.102586
622.001,0.0621942
4709.54,0.469512
994.917,0.0934605
825.94,0.0825826
9657.79,4.72917
1931.98,0.193139
1705.23,0.170446
1920.25,0.192014
850.673,0.0850645
3377.86,0.337581
736.065,0.073585
1358.08,0.135558
731.158,0.073063
790.661,0.0790453
1024.62,0.102412
1294.75,0.12946
1736.56,0.173466
1211.57,0.121117
1184.64,0.118394
1496.16,0.149536
849.335,0.0836883
1805.18,0.176418
1559.94,0.155573
1288.1,0.128801
1950.69,0.195046
1378.3,0.137549
1060.02,0.105989
5193.69,0.518119
1898.3,0.189766
749.745,0.0749649
1910.37,0.190928
1401.57,0.140152
901.554,0.0901303
801.912,0.0801787
1168.09,0.116569
942.511,0.0942323
2307.89,0.230703
1483.16,0.148309
2117.89,0.211748
1694.8,0.169385
1222.16,0.121859
4096.88,0.409024
3499.87,0.349587
1475.55,0.147472
2720.59,0.272054
853.605,0.085354
549.281,0.0546815
1248.82,0.124869
894.938,0.0893996
974.31,0.0974259
1250.94,0.125052
350.995,0.0350987
1132.57,0.112989
2802.62,0.277963
1725.01,0.172151
1471.4,0.147101
2450.82,0.244966
1993.92,0.199341
999.014,0.0998912
1296.51,0.129583
894.172,0.0893275
1022.94,0.102262
4656.34,0.465492
1144.18,0.114408
686.223,0.0686088
2862.93,0.286152
2023.1,0.202162
1007.56,0.100754
1172.02,0.117176
8468.96,0.84469
1185.33,0.118479
1424.99,0.142439
1290.36,0.129009
1978.01,0.19779
1834.73,0.183448
1600.58,0.160019
1262.22,0.126185
1610.78,0.161065
1251.84,0.125153
2036.2,0.203605
1363.27,0.136275
1072.53,0.107208
719.195,0.0719121
1299.81,0.129608
1459.34,0.145909
1574.73,0.15741
1544.95,0.154454
636.358,0.063535
946.364,0.094626
1691.53,0.168941
1598.7,0.159505
1175.37,0.117348
775.052,0.0774212
684.259,0.0683951
992.005,0.0991945
1783.97,0.178286
1255.34,0.125363
2048.71,0.204065
700.667,0.0699166
1310.66,0.130861
1708.86,0.170877
1761.69,0.175736
861.424,0.0860386
1277.96,0.127456
676.032,0.0675925
1481.17,0.148078
869.955,0.0869618
657.427,0.0656928
911.528,0.0911516
896.089,0.089544
1964.15,0.196379
2119.07,0.211806
882.835,0.0882429
1409.02,0.140895
1064.8,0.106258
1568.56,0.156437
667.609,0.066675
783.878,0.0783649
1387.51,0.138662
1694.4,0.169411
2355.16,0.235147
647.111,0.0646748
795.13,0.0794934
1458.63,0.145775
1601.48,0.16011
1773.52,0.17723
887.202,0.088703
1138.7,0.11374
1279.35,0.127856
868.161,0.086745
1164.26,0.116337
753.816,0.0753553
1215.98,0.121496
1071.85,0.107098
788.691,0.0787802
1232.35,0.123132
849.435,0.0849322
740.865,0.0740811
4712.34,0.470628
2367.83,0.236729
780.166,0.0780073
2486.05,0.248228
2315.79,0.231341
1179.79,0.116576
721.401,0.0721352
659.624,0.0659537
1074.31,0.106976
1953.94,0.194728
1004.35,0.100414
725.931,0.0725858
5573.31,6.85033
1702.5,0.170237
2007.03,0.200647
4230.74,0.422496
1061.65,0.106079
567.972,0.056789
2460.97,0.245927
509.317,0.0509174
883.05,0.0883015
998.529,0.0998268
933.751,0.0933518
976.434,0.0976347
851.421,0.0851231
3668.36,0.366261
740.899,0.0740469
874.273,0.0873138
1248.31,0.124791
1864.62,0.186243
738.226,0.0738188
1261.79,0.12606
891.584,0.0891505
3882.37,0.387939
634.309,0.063418
930.898,0.0930131
1148.13,0.11474
1259.09,0.125802
663.022,0.0662706
5491.02,0.547759
1085.16,0.108503
938.403,0.0938196
1077.32,0.10772
875.785,0.0874901
1091.15,0.108532
1585.02,0.158397
1380.47,0.138029
859.896,0.0859788
788.776,0.0787106
889.11,0.0888998
784.583,0.0784555
729.323,0.0728905
1837.43,0.183601
604.966,0.0604348
1463.32,0.146249
4136.87,0.412417
1163.38,0.116314
1988.24,0.198747
1718.98,0.171663
1064.66,0.106447
1306.83,0.130332
1033.8,0.103279
1587.47,0.158231
1483.95,0.148329
1151.76,0.115173
2077.66,0.207542
1458.33,0.145794
553.335,0.0552986
2978.53,0.297067
4791.62,0.478516
3694.03,0.369256
1222.35,0.122228
614.338,0.0612101
677.309,0.0677089
1328.28,0.132703
1939.22,0.193897
665.338,0.0665156
1270.33,0.126952
957.609,0.0957344
1037.93,0.103764
2310.49,0.230545
1053.22,0.105315
1020.3,0.101842
1402.75,0.140233
961.066,0.0960653
5928.63,0.591958
751.764,0.0751747
1842.7,0.184162
882.903,0.0881527
3594.87,0.359034
1094.52,0.109444
577.651,0.0577551
1456.54,0.145605
998.409,0.0996428
872.083,0.0871826
1295.49,0.129476
3099.58,0.309683
2151.32,0.215072
1357.2,0.135568
1791.53,0.179144
1041.8,0.104166
1950.77,0.195005
936.487,0.0936387
1209.59,0.120872
808.969,0.0808635
2589.9,0.258889
905.649,0.0905559
13107.9,1.30948
722.72,0.0721799
3429.54,0.342475
7183.26,0.716451
1092.77,0.108894
674.438,0.067427
835.392,0.0834657
1559.14,0.155448
1073.65,0.107345
1616.61,0.161623
1469.36,0.146873
2016.31,0.201537
747.542,0.0746512
921.33,0.0920177
796.971,0.0796901
4539.16,0.453795
1535.52,0.153516
1086.09,0.108548
1214.44,0.120986
3284.84,0.328449
4264.43,0.425601
2012.78,0.201232
2353.93,0.235314
1062.44,0.106015
671.068,0.067087
1113.91,0.111107
1242.36,0.124211
1210.83,0.120926
3820.27,0.381679
2643.09,0.264136
3368.28,0.335629
5961.03,0.588883
2344.44,0.233992
2186.43,0.218546
1607.82,0.160762
588.73,0.0587622
1706.77,0.170568
1425.5,0.142521
2104.65,0.21043
758.968,0.0758955
1669.35,0.166896
1680.83,0.168057
1030.18,0.102919
672.316,0.0672247
679.658,0.067937
1219.29,0.121888
913.29,0.0912853
2502.9,0.249593
1326.55,0.132594
1183.22,0.118316
1001.9,0.100097
1202.46,0.114361
1350.5,0.13503
4122.6,0.411717
783.748,0.0783589
1677.22,0.167704
720.898,0.0720851
738.222,0.0737834
624.912,0.0624715
1511.59,0.150738
1006.63,0.10064
1167.56,0.116744
869.385,0.086904
808.808,0.0808796
1980.98,0.198067
1355.75,0.135531
1434.18,0.143396
741.638,0.074163
1049.91,0.104973
751.037,0.0750975
2448.19,0.244696
1556.19,0.155525
1537.28,0.153687
4776.67,0.477035
724.038,0.0723901
952.614,0.0951468
2494.87,0.249424
1328,0.130983
1856.68,0.185655
949.061,0.0948979
899.729,0.0899521
985.238,0.0985121
1080.94,0.107519
838.845,0.0838621
1423.75,0.142346
2952.52,0.295071
548.141,0.0545814
1267.98,0.126776
1535.7,0.153486
2710.67,0.270972
2397.92,0.239765
1048.5,0.104819
2041.77,0.204107
2787.22,0.278614
923.934,0.0923799
848.393,0.0848241
1790.04,0.178898
662.394,0.0662352
744.542,0.0744395
1189.9,0.11897
4355.65,0.435444
594.168,0.0593744
1194.05,0.119355
1833.48,0.183321
1204.7,0.120466
1669.12,0.166891
1127.35,0.112519
1881.04,0.187916
1275.33,0.127488
902.23,0.0894153
737.167,0.07371
742.357,0.0742098
950.82,0.095036
822.872,0.0822054
955.608,0.0955544
2196.83,0.219649
1050.7,0.104748
1034.07,0.103323
1353.47,0.135129
2878.52,0.287588
1162.63,0.116249
1359.23,0.135913
902.115,0.0902086
1026.83,0.102586
11967.6,1.19515
794.633,0.0794159
2183.69,0.218223
711.013,0.0710173
1302.59,0.130248
1562.38,0.156193
2015.21,0.201489
772.861,0.0772783
5799.74,0.579802
808.668,0.0808514
983.926,0.0983876
1740.5,0.174023
1381.63,0.138101
892.713,0.0878716
3311.75,0.330841
1522.36,0.151891
1516.94,0.151623
1316.27,0.131546
1442.98,0.14375
1891.47,0.189063
2022.04,0.201839
1619.23,0.161689
11897.1,3.47838
748.884,0.0748769
825.496,0.0825302
4477.74,0.447241
905.426,0.0905217
1169.58,0.116237
2622.04,0.262183
928.248,0.0928046
1331.82,0.133042
789.815,0.0789334
2987.8,0.298099
851.805,0.0851551
897.823,0.0897774
1266.39,0.126515
2540.49,0.253832
1265.16,0.126397
1896.14,0.18957
635.745,0.063569
884.258,0.0884116
705.55,0.0705131
810.526,0.0810205
1404.89,0.140353
898.867,0.0898234
1975.45,0.19753
729.181,0.0729028
870.114,0.0870009
2152.55,0.215157
1056.09,0.105571
728.967,0.0728955
979.919,0.0979761
899.845,0.0897166
970.035,0.0969966
2049.53,0.204875
989.482,0.0989261
689.455,0.0689069
871.662,0.0871535
1045.5,0.104504
2275.37,0.227138
2115.14,0.211452
400.041,0.0400002
2476.94,0.247634
1035.54,0.103522
1043.49,0.104161
1069.55,0.106944
1113.65,0.11125
1810.62,0.18097
1165.77,0.11653
2202.58,0.220186
1892.41,0.188816
721.79,0.072068
1927.83,0.19275
3315.56,0.329436
1441.33,0.143991
1837.05,0.183542
1065.56,0.106535
2357.17,0.235648
2469.08,0.246774
1370.2,0.137015
2582.72,0.258064
617.058,0.0617031
832.078,0.0831962
935.057,0.093206
1253.77,0.125337
753.933,0.0753805
9678.7,0.965423
1185.4,0.118444
1354.25,0.134986
1469.46,0.146806
1007.03,0.100693
1362.22,0.135757
957.774,0.0957397
1923.48,0.192334
9260.55,0.915537
1073.54,0.10728
1210.64,0.121056
7275.86,0.726499
3531.34,0.35305
900.21,0.0900102
668.663,0.0668245
1300.29,0.129435
1344.69,0.134465
1043.96,0.104391
894.812,0.089451
1457.09,0.144887
1361.27,0.136115
1022.65,0.102245
462.386,0.0462283
1489.15,0.148847
2545.09,0.253979
1184.63,0.118298
1300.11,0.12964
1346.82,0.134506
2320.5,0.231952
1398.5,0.139758
791.523,0.0791311
888.213,0.0886153
1648.42,0.164831
850.407,0.085038
2064.8,0.16002
810.622,0.0810275
1388.66,0.138855
878.078,0.0875696
2233.74,0.22329
1023.68,0.102312
1665.85,0.166207
954.946,0.0954531
1006.64,0.100584
862.93,0.0862322
1484.92,0.148477
4589.34,0.457789
901.064,0.0900901
1796.06,0.17936
1327.02,0.132652
1006.05,0.100332
953.741,0.0953169
1534.57,0.153407
830.12,0.0830049
735.338,0.0735113
1326.24,0.13254
1344.25,0.134394
945.827,0.0943297
934.452,0.0927859
2138.06,0.213755
1958.11,0.195725
1097.1,0.109634
1657.76,0.165564
2551.54,0.253863
1522.93,0.152208
429.581,0.0429263
1597.52,0.159497
2601.98,0.259939
2412.41,0.241076
1387.44,0.13853
702.479,0.0701505
1033.21,0.103212
1795.68,0.179436
2037.03,0.203644
4705.42,0.46992
1942.88,0.193996
1588.66,0.158705
2160.75,0.216021
2105.6,0.210378
2049.49,0.204897
793.647,0.0793317
1305.45,0.130493
1156.63,0.11516
1333.63,0.13328
2563.49,0.255345
726.877,0.0722696
2955.47,0.295473
1457.09,0.145687
1352.29,0.135131
1976.46,0.197625
3390.26,0.338331
926.106,0.0926015
5735.46,0.573119
1370.76,0.13703
2198.14,0.219501
1144.07,0.11438
823.87,0.0823503
1425.3,0.142489
1516.31,0.151625
951.694,0.0951192
957.66,0.0980025
2289.99,0.228963
1391.31,0.138494
4815.07,0.480802
699.458,0.069933
1378.81,0.13786
1428.95,0.142872
1016.25,0.101603
2082.51,0.208196
1030.84,0.103079
1291.21,0.129066
1614.34,0.161332
1125.17,0.112376
824.707,0.0824509
1132.41,0.113023
880.899,0.0880807
659.96,0.065849
833.05,0.083281
2137.55,0.213679
1381.11,0.138016
701.634,0.0700147
1047.21,0.104705
1105.03,0.109929
1587.11,0.15865
4700.3,0.469407
1014.92,0.101465
1098.03,0.109704
1473.11,0.147221
1006.73,0.100649
1270.18,0.126637
616.101,0.061575
1110.03,0.110904
1270.68,0.122918
1312.22,0.131197
1824.61,0.16731
793.309,0.0793011
1696.37,0.169571
984.604,0.0983305
1234.88,0.122819
575.354,0.057534
794.378,0.0794263
1721.69,0.172054
1200.68,0.120028
3262.78,0.32586
7993.53,0.798582
2597.25,0.258969
989.555,0.0989398
882.18,0.0882018
1847.88,0.184668
2163.28,0.216284
1708.98,0.170854
657.152,0.0656533
999.949,0.099993
1877.92,0.187086
876.254,0.0875719
2360.71,0.236058
1325.81,0.132406
911.665,0.0911218
631.037,0.0643327
1123.75,0.11221
1069.71,0.106856
1844.4,0.183623
979.275,0.0979185
1100.2,0.109435
4543.55,0.4537
1306.23,0.130467
1500.02,0.149913
1790.53,0.179048
548.464,0.0548247
1153.41,0.11511
976.971,0.0974851
938.512,0.0937739
1769.95,0.176164
1500,0.149757
1410.87,0.140963
539.777,0.0539664
792.802,0.0790839
2070.57,0.207024
1643.1,0.164253
772.908,0.0772815
17336.8,1.72031
1165.09,0.116488
2900.65,0.28966
1075.41,0.107444
1635.97,0.163586
1046.61,0.104649
2551.63,0.255127
3005.07,0.300369
762.962,0.0762896
1647.27,0.164594
1812.13,0.181115
784.61,0.0784554
931.892,0.0931842
899.401,0.0899251
1006.47,0.10058
556.511,0.0555573
3686.35,0.368568
809.835,0.0809532
2115.43,0.21095
1181.29,0.118046
2096.1,0.209357
3759.94,0.375364
883.503,0.0882666
1269.13,0.126761
1412.48,0.141214
1750.49,0.174942
1173.99,0.116879
888.792,0.0888279
1048.35,0.104667
1543.52,0.154018
1138.34,0.113771
660.884,0.0660842
3653.87,0.364392
2222.17,0.222084
5495.29,4.7166
772.144,0.0771641
932.797,0.0932386
701.548,0.0701484
1831.24,0.183099
608.379,0.0607991
1513.67,0.151344
1922.27,0.192143
1518.22,0.151772
1053.75,0.105087
915.176,0.0914895
837.691,0.0837545
932.314,0.0932235
16590,2.9181
4343.9,0.43344
908.709,0.0907903
780.634,0.0780151
612.785,0.0612565
677,0.0676615
3912.38,0.391109
747.362,0.0746847
800.289,0.0800267
2008.65,0.200771
802.338,0.0802018
1401.85,0.140147
880.634,0.0880546
1442.58,0.144227
864.223,0.0862989
1056.36,0.105601
1336.4,0.133572
1505.95,0.150391
17722.1,1.76142
756.92,0.0756759
830.596,0.0830044
785.697,0.0785288
1000.5,0.100038
1951.27,0.194981
1104.02,0.110336
1075.07,0.107474
794.896,0.0794801
1213.39,0.121298
836.525,0.0836454
1112.86,0.111282
2087.54,0.208746
1288.13,0.128328
812.986,0.0812684
548.965,0.0548955
1531.92,0.153126
870.983,0.0869363
901.677,0.0897968
1608.93,0.153181
1597.04,0.159676
1533.44,0.153333
2073.33,0.207292
2455.04,0.245089
917.277,0.0917058
901.967,0.0901813
978.983,0.0978606
1379.42,0.137866
598.311,0.0597576
3805.4,0.378685
1275.51,0.12749
717.547,0.0716837
1410.59,0.126147
942.942,0.0942867
1191.06,0.119032
802.212,0.0801914
1223.99,0.122394
898.44,0.0898066
1516.06,0.151367
1195.72,0.119502
2338.87,0.23359
1510.64,0.151044
590.307,0.0588508
703.154,0.0702621
1041.23,0.104116
3184.48,0.318156
793.084,0.0792629
1619.91,0.161168
2457.9,0.245599
659.649,0.0659632
1007.12,0.100707
1078.53,0.107772
2508.91,0.250339
1822.53,0.182194
1440.48,0.144
1552.83,0.155259
1613.63,0.161242
667.161,0.066708
838.651,0.0838387
4101.84,0.409749
902.697,0.0902689
882.191,0.0881436
2018.69,0.201412
1054.87,0.10543
1442.11,0.142915
1522.29,0.152067
2390.42,0.223415
963.516,0.0962804
1609.33,0.160926
620.714,0.0620619
881.662,0.0881645
2652.67,0.264924
952.962,0.0952901
956.483,0.0955607
2514.13,0.251155
506.107,0.0506083
2293.1,0.228997
1039.06,0.103811
1043.98,0.104375
1203.1,0.120242
1103.9,0.110358
2130.23,0.212747
831.124,0.0831082
1274.37,0.127386
1216.15,0.121565
1258.14,0.125768
1479.93,0.147975
1131.62,0.113019
805.527,0.0805516
2101.3,0.209818
1127.78,0.11262
1462.66,0.146133
912.433,0.0912263
1005.13,0.100487
2448.22,0.244643
857.194,0.0856064
1763.02,0.176165
2899.28,0.289804
6132.72,0.612027
2138.68,0.213766
2794.62,0.279258
6501.66,0.649808
834.266,0.0833741
1312.06,0.131136
1102.46,0.110201
1073.18,0.107287
948.748,0.094862
1349.53,0.134851
840.902,0.0839394
3081.82,0.307404
1055.74,0.104901
1165.52,0.114618
3554.42,0.355365
1271.95,0.127142
1446.65,0.144544
1128.73,0.112761
2522.94,0.252124
1990.77,0.199062
1229.51,0.122909
3077.31,0.30732
1497.67,0.149749
712.916,0.0712584
1491.61,0.149004
2851.32,0.285046
661.235,0.0661222
1977.48,0.197699
1675.19,0.167478
894.003,0.0893514
1101.07,0.10599
1285.77,0.128528
939.632,0.09385
571.008,0.0570161
1871.3,0.186934
1179.46,0.11792
764.924,0.0764655
1150.24,0.115015
955.57,0.0955356
1050.92,0.105047
2245.55,0.224538
1221.69,0.12215
706.326,0.0706057
1281.83,0.128164
4023.99,0.40214
1432.2,0.142928
7760.61,0.77528
920.54,0.0896751
1345.8,0.134536
822.213,0.0822064
2159.97,0.214962
1363.92,0.136324
846.742,0.0846327
4215.66,0.42129
1262.23,0.126204
1161.84,0.116115
1034.34,0.103398
5783.06,0.57335
1037.14,0.103662
876.648,0.0876425
665.997,0.0665927
868.03,0.0867995
6836.19,0.682507
1134.09,0.113391
873.642,0.0871546
1067.72,0.106749
685.854,0.0683295
1224.12,0.122404
2151.79,0.214961
1235.92,0.123447
751.846,0.0750686
1110,0.110978
5175.34,0.517292
5209.12,0.520635
1450.3,0.144979
999.705,0.0999377
1273.66,0.127346
744.868,0.0743151
961.226,0.0960211
556.747,0.0556653
2623.91,0.262101
1146.94,0.114667
753.444,0.0753414
3698.24,0.369633
910.149,0.0897726
1552.62,0.155212
4045.76,0.404423
1294.93,0.129262
1318.63,0.131843
1395.66,0.139506
695.357,0.0695312
2527.54,0.252438
2137.54,0.213506
4820.92,0.47953
761.354,0.0761273
1465.73,0.146521
936.464,0.0935316
2405.87,0.240506
885.778,0.088558
1207.38,0.120709
23183.8,2.30805
1841.29,0.18412
1904.3,0.190298
1819.3,0.181786
1055.1,0.105464
1218.47,0.1217
1653.54,0.165347
3358.09,0.335608
1160.27,0.115952
1342.09,0.13405
1268.62,0.126845
1472.61,0.146993
1900.66,0.189979
849.21,0.0849126
937.146,0.0936821
2419.59,0.241927
1585.41,0.157898
966.803,0.0962417
1380.48,0.1378
941.08,0.0940897
2058.23,0.205694
1052.71,0.105262
1576.04,0.157557
930.254,0.0929554
812.655,0.0812131
1263.65,0.126203
458.577,0.045849
1536.71,0.153412
1265.46,0.126533
1055.74,0.105418
1314.82,0.13136
1417.84,0.14072
1081.4,0.108123
3025.7,0.302392
1247.94,0.124789
1940.41,0.194018
1788.28,0.178823
1374.78,0.137425
1283.64,0.128315
2573.37,0.887021
1339.69,0.133928
1440.67,0.143943
806.302,0.0805918
1275.77,0.127481
895.361,0.0895337
1823.23,0.18215
839.921,0.083781
950.402,0.0950193
2210.21,0.22074
750.31,0.075013
806.879,0.0806762
1603.53,0.160301
3857.45,0.385664
447.985,0.0447787
934.586,0.0934175
3163.87,0.31513
1097.11,0.109695
1071.26,0.107094
1009.59,0.100947
792.669,0.0791147
992.329,0.0991444
2571.54,0.25694
939.397,0.0939072
1633.12,0.163227
1680.19,0.167968
4103.9,0.410047
838.893,0.0826971
404.835,0.0404426
1033.96,0.103389
2435.65,0.243504
776.32,0.077604
1070.23,0.107014
910.267,0.0910234
1901.59,0.190139
813.175,0.0812885
1017.46,0.100406
1777.1,0.17758
1154.87,0.115461
657.084,0.0656978
658.067,0.0657993
2231.92,0.223182
2035.92,0.203559
4697.85,0.469702
572.01,0.0571941
991.479,0.0990911
2602.31,0.259966
1647.28,0.16469
794.386,0.079364
853.864,0.0853193
1163.69,0.116312
1792.18,0.178882
1403.1,0.140299
1268.82,0.126731
1441.4,0.144051
2986.17,0.288258
1206.87,0.120642
2428.68,0.242732
702.911,0.0702262
4928,0.660501
2217.17,0.2214
18811.5,1.88032
1992.04,0.19916
1878.04,0.158392
1963.4,0.196282
1365.98,0.135782
1170.63,0.117037
566.355,0.0565671
2014.43,0.201336
3422,0.341882
3239.97,0.323883
743.807,0.0743074
888.68,0.0887856
2401.77,0.240073
1784.5,0.178434
1129.02,0.112877
1169.65,0.116762
2711.79,0.271066
1295.56,0.129249
1787.64,0.178735
1944.87,0.194042
903.65,0.0902109
790.776,0.0790361
4900.91,0.489536
1634.68,0.159615
1145.81,0.114515
1619.57,0.161851
1266.99,0.126653
8420.8,0.838875
610.794,0.0609868
1037.47,0.10374
1323.17,0.132127
2261.71,0.225906
1384.39,0.136192
1551.4,0.155074
2046.57,0.204491
1372.83,0.137241
1587.11,0.158682
4566.97,0.456477
1525.34,0.152444
747.084,0.0747052
1153.69,0.115186
894.256,0.089403
838.486,0.0779339
1850.52,0.184983
1345.55,0.13454
1112.58,0.111119
1338.2,0.1337
1444.65,0.144301
947.17,0.0946539
716.602,0.0716341
984.707,0.0983723
1603.03,0.160265
1410.07,0.140944
1609.41,0.160883
1087.06,0.108505
602.087,0.060191
1416.79,0.141402
658.511,0.0658474
1212.25,0.120928
3401.48,0.339627
1194.4,0.118991
1921.28,0.192113
2164.87,0.216365
2195.94,0.219563
538.804,0.0538722
1970.76,0.196892
533.043,0.0531914
822.803,0.0822568
3161.52,0.315911
640.926,0.0640812
534.796,0.0534651
2096.87,0.209625
1412.38,0.140992
986.723,0.0986324
1113.12,0.111262
17169,1.70697
2101.84,0.210101
1320.98,0.131993
1102.78,0.110274
10480.9,5.0911
704.912,0.070461
1493.95,0.149222
1438.99,0.143876
770.799,0.0770624
971.076,0.0968166
1425.02,0.142275
1553.77,0.155259
737.368,0.0737222
1315.4,0.131523
3287.11,0.328439
1404.87,0.140444
3785.6,0.378205
1738.97,0.173753
3550.49,0.354802
960.639,0.0960041
811.919,0.0811546
1195.58,0.119499
1638.07,0.163706
1810.52,0.174633
524.921,0.0520797
10553.1,1.05481
3392.87,0.338825
1459.91,0.145823
1363.9,0.136302
1739.61,0.173929
3981.06,0.397458
1674.41,0.167381
1173.34,0.11726
2740.97,0.274086
3290.73,0.328804
874.793,0.0874751
827.404,0.0826804
1366.83,0.136608
2390.57,0.238676
2274.1,0.227391
2134.87,0.21327
554.049,0.055386
858.472,0.0858411
929.796,0.0929583
626.794,0.0626257
1168.2,0.11667
950.526,0.0950438
1479.86,0.147955
1180.71,0.118056
1066.86,0.106627
2072.73,0.207176
900.491,0.0900405
1537.21,0.153709
749.143,0.0748339
1785.86,0.178474
596.766,0.0596717
981.448,0.0979642
1448.51,0.144814
2376.67,0.237492
4718.43,0.471717
1017.97,0.10178
2722.11,0.272043
1252.12,0.125189
1527.34,0.15239
1194.62,0.119443
1460.56,0.145957
875.914,0.0875795
889.132,0.0888419
2194.78,0.218522
919.197,0.0918333
1482.42,0.148176
1291.91,0.129138
19782,1.96659
676.537,0.0676463
757.065,0.0756835
960.551,0.0960064
932.28,0.0932087
833.392,0.0833135
1193.67,0.119187
1929.8,0.192911
948.074,0.0947399
938.606,0.0937787
640.659,0.0639902
615.54,0.0615345
2538.59,0.253117
1238.37,0.123747
643.602,0.0633273
826.722,0.0826303
930.98,0.0930759
827.568,0.0827362
1504.38,0.150216
1025.06,0.1025
877.459,0.087742
908.285,0.090803
1887.37,0.188493
720.495,0.0720445
2304.41,0.230344
6414.01,0.639618
563.803,0.0563575
1446.51,0.144457
1833.6,0.182955
1283.93,0.128191
1335.48,0.133382
1117.88,0.111781
2007.69,0.200686
1920.04,0.191939
2223.91,0.222134
996.582,0.0996323
1169.76,0.116938
4642.74,0.463391
1444.53,0.14441
726.821,0.0726589
806.329,0.0805736
937.622,0.0937442
1238.59,0.123479
746.266,0.0746219
1565.49,0.15648
3352.72,0.334833
802.365,0.0799397
1101.06,0.110083
1231.66,0.122859
911.803,0.0911299
1958.73,0.195849
927.819,0.0926416
1556.88,0.155333
1595.45,0.159513
1491.73,0.14895
3166.3,0.316606
1338,0.133457
831.418,0.0831392
2596.85,0.259666
645.503,0.0645007
1024.5,0.102439
2215.98,0.22133
844.285,0.0843909
1236.51,0.123605
1211,0.117406
1279.76,0.12795
714.238,0.0700266
6315.04,0.629159
832.783,0.0832348
854.244,0.0853619
915.124,0.0914938
1157.68,0.115751
2707.26,0.270616
1847.04,0.184625
609.34,0.0609175
628.598,0.0628568
780.626,0.077956
970.876,0.0970788
2526.1,0.252118
821.018,0.0819072
894.222,0.089368
1020.58,0.102047
1771.3,0.177014
23072,3.85804
1113.5,0.111219
722.404,0.0722262
1196.9,0.119673
5678.02,0.567134
979.419,0.0979396
3099.08,0.309654
1107.6,0.110731
1314.38,0.131426
1711.43,0.17108
1179.7,0.11793
2152.21,0.215167
2483.08,0.248269
1613.69,0.161316
2031.69,0.203137
1776.53,0.177608
1841.23,0.184111
990.3,0.0989459
10181.6,1.01193
1339.96,0.133946
2074.91,0.207245
2035.07,0.203439
1302.62,0.130199
1152.16,0.115206
1387.43,0.138685
2105.93,0.210379
2677.04,0.267416
2597.68,0.258821
2121.96,0.211835
946.411,0.0945603
951.305,0.0951154
2039.46,0.203635
1899.41,0.189934
760.565,0.0760532
1284.3,0.128331
1353.34,0.135018
1106.71,0.110666
1055.82,0.105314
1490.23,0.148823
588.824,0.0587949
711.787,0.0711662
2042.66,0.204226
960.511,0.0959691
1144.12,0.114377
31749,3.14256
1509.64,0.150813
1797.43,0.179728
997.973,0.0997807
1770.86,0.176865
939.162,0.0938639
1494.36,0.149413
680.049,0.0679627
1410.59,0.14103
977.741,0.0977621
880.002,0.0877886
867.437,0.0861507
8701.47,0.869178
1315.43,0.131469
892.801,0.0892759
1223.4,0.122296
686.155,0.0685877
2569.51,0.256902
1497.35,0.149714
1912.4,0.191204
2415.03,0.241343
2922.97,0.292106
2363.97,0.236308
907.196,0.0906414
3580.61,0.357886
693.197,0.0693139
872.693,0.0872518
1048.79,0.104805
3408.3,0.340137
28921.4,2.87859
1069.07,0.106821
1195.85,0.119318
802.177,0.0802152
869.989,0.086977
1169.99,0.116927
948.339,0.0948273
1772.68,0.177032
944.751,0.0943457
1233.56,0.123302
1625.76,0.162546
2781.24,0.278056
1442,0.144166
651.108,0.0651033
869.723,0.086933
1149.04,0.114892
1031.01,0.102761
1347.09,0.134618
3970.22,0.395757
1090.24,0.108962
2839.11,0.283874
1412.95,0.141289
2028.05,0.201939
977.565,0.0977365
998.459,0.0998338
1382.56,0.138085
897.772,0.0897447
1206.97,0.12065
1302.43,0.130161
2418.26,0.241747
1273.36,0.127285
1057.33,0.105699
568.79,0.0561571
8257.6,0.825361
9405.52,0.939729
3187.35,0.318595
885.179,0.0884945
1239.86,0.123913
585.037,0.0584977
2713.29,0.270999
1858.79,0.18586
1010.12,0.10101
1183.92,0.118371
1210.61,0.120442
764.495,0.0763667
1393.27,0.139243
1006.18,0.0994113
1311.06,0.131087
943.904,0.094303
1259.15,0.125872
2327.5,0.232575
1007.44,0.100739
792.751,0.079154
1162.8,0.116243
1022.95,0.102264
807.734,0.0807665
2492.47,0.249135
3748.72,0.374647
1098.44,0.109824
895.077,0.0894499
956.984,0.0968024
2477.52,0.247468
1850.81,0.185037
1811.65,0.181036
5798.98,0.578847
1519.97,0.151923
3621.46,0.360994
1179.17,0.117755
947.499,0.0947336
2820.09,0.281074
3753.24,0.375202
729.809,0.0678917
990.555,0.099027
769.256,0.0769196
1315.36,0.131516
1447.25,0.144679
1943.3,0.194258
2834.18,0.282994
978.374,0.0978206
3422.88,0.341958
1035.83,0.103525
1397.35,0.139647
6594.57,0.659082
2065.15,0.206453
1205.85,0.120399
1065.26,0.106423
1061.14,0.106057
1088.08,0.108689
2280.43,0.227891
643.969,0.0643043
1133.27,0.113222
659.589,0.0659307
996.693,0.0996658
1897.25,0.189199
1372.33,0.136668
957.086,0.0956639
1698.17,0.169808
3185.54,0.31826
2331.94,0.23292
1988.65,0.198383
1307.55,0.13074
7744.89,0.772461
1728.29,0.172782
2826.86,0.282551
1484.61,0.148353
4310.59,0.429688
588.044,0.0587298
1753.65,0.117356
809.14,0.0807993
2071.17,0.207103
1272.49,0.127224
2009.18,0.200873
1220.53,0.122019
1085.64,0.108561
513.866,0.0513769
1090.62,0.10906
2672.28,0.266744
759.878,0.0759805
436.653,0.0436636
1789.82,0.178641
4091.64,0.408808
2513.94,0.251348
2027.75,0.202621
607.539,0.0607226
1307.51,0.130361
1205.05,0.12031
2225.02,0.222409
2466.59,0.246461
1538.03,0.153786
821.905,0.0819437
11999.6,1.19557
1028.6,0.102805
729.552,0.0729325
1536.35,0.153508
540.755,0.0540705
1159.09,0.115895
743.529,0.0743259
1064.74,0.106438
863.398,0.0863276
812.058,0.0811884
1256.6,0.123542
1736.77,0.17346
2436.79,0.243227
2536.56,0.253502
2025.74,0.202502
1501.62,0.150123
656.237,0.065525
635.94,0.0635864
2005.41,0.200467
1128.62,0.112838
1378,0.137771
702.641,0.0702328
978.521,0.0977787
2063.44,0.206304
879.931,0.0879415
1374.31,0.137239
1301.79,0.130111
2262.44,0.21372
984.748,0.0984445
932.789,0.0932341
969.816,0.0969628
972.9,0.0972857
823.441,0.0823198
1163.99,0.116343
1005.77,0.100544
688.333,0.0688062
2094.17,0.209378
1758.69,0.175806
789.272,0.0787944
1576.53,0.15753
1512.49,0.151165
1969.86,0.1967
2204.22,0.220367
1100.57,0.110048
961.63,0.096121
1667.66,0.166738
1003.1,0.100235
695.671,0.0695386
1093.26,0.10928
934.663,0.0933956
1731.41,0.173132
1538.26,0.153767
1480.86,0.146285
1387.21,0.138691
10929.9,1.09219
1995.37,0.199491
1012.13,0.101167
844.319,0.0844137
1362.55,0.136111
1395.58,0.139493
891.546,0.0891095
3378.54,0.33758
6756.23,0.674658
3175.17,0.317134
896.588,0.0896097
741.11,0.0740797
1111.67,0.111141
1349.56,0.134935
762.278,0.0761857
1570.9,0.15692
862.6,0.0862474
775.242,0.0774886
1654.33,0.165413
3989.36,0.397994
1174.54,0.117451
1452.57,0.145194
698.429,0.0698288
1051.9,0.105168
1421.13,0.142048
1356.09,0.135546
1201.18,0.11989
1311.85,0.131174
2026.85,0.202374
1198.14,0.119786
2188.4,0.218771
895.075,0.0894725
919.491,0.0919278
1152.24,0.115204
2161.35,0.215843
1058.93,0.105877
1151.12,0.115106
636.918,0.063666
970.987,0.0970729
1432.18,0.143072
2781.74,0.277812
948.512,0.0948459
2396.32,0.239537
921.594,0.0920477
4404.39,0.439848
715.306,0.0714917
933.716,0.0933631
828.618,0.0828484
1241.01,0.124074
1167.9,0.116763
1113.05,0.111274
9171.82,0.913434
1117.77,0.111759
2015.05,0.201338
1237.27,0.123658
546.336,0.054511
1012.68,0.101234
670.439,0.0670256
1145,0.114433
1864.66,0.18622
988.142,0.098799
1701.37,0.170083
874.926,0.0874754
1199.87,0.119036
1611.41,0.161125
1808.99,0.180864
741.21,0.0740594
1020.68,0.102028
898.756,0.0897094
1436.4,0.143576
977.927,0.097755
1187.46,0.118726
861.516,0.086143
672.305,0.0672162
1319.28,0.131919
1783.07,0.178191
1964.05,0.196391
3143.71,0.314282
740.606,0.0740551
1640.03,0.163999
791.772,0.0790687
968.033,0.096764
967.088,0.0966483
5014,0.499146
1929.52,0.192881
1078.03,0.107798
1210.45,0.12053
2079.25,0.207848
693.169,0.0692822
2704.69,0.271665
1223.43,0.12223
1218.55,0.12174
984.681,0.0984276
1582.45,0.158163
1355.08,0.1355
2073,0.207162
4069.61,0.406762
4213.63,0.421062
1306.33,0.130547
615.454,0.0615398
1268.89,0.12666
1807.97,0.180548
726.765,0.072619
1486.83,0.148626
819.228,0.0767102
910.779,0.0910234
1014.75,0.101474
1050.84,0.105029
1193.15,0.119294
2131.99,0.212164
1663.48,0.16625
2405.85,0.240543
1193.38,0.119328
625.717,0.0625303
3178.87,0.317189
4892.15,0.48813
1210.17,0.120931
1301.73,0.129736
1069.44,0.106938
5757.57,0.575529
1734.21,0.173405
6926.12,0.690908
2253.37,0.225317
745.331,0.0745219
656.876,0.0656679
741.713,0.0740454
1053.27,0.105231
1423.88,0.142198
15918.6,1.57749
3561.83,0.355785
731.958,0.0731904
1076.22,0.107589
1613.04,0.161235
1105.23,0.110267
765.371,0.0765312
1000.87,0.100052
875.852,0.0875089
745.727,0.074569
1797.16,0.179676
8534.46,4.16371
1191.24,0.119037
1299.93,0.129937
779.202,0.077915
835.198,0.0835185
1440.74,0.144036
2479.8,0.247907
1474.73,0.147375
887.365,0.0886994
4362.96,0.435992
2046.45,0.204581
1219.75,0.121958
1278.16,0.127783
955.848,0.102097
2330.6,0.232864
1147.73,0.114718
722.515,0.0722384
937.846,0.0937399
1479.01,0.147844
2791.64,0.278842
895.555,0.0895438
6273.42,0.62622
886.417,0.0886021
634.442,0.0634424
1356.71,0.135578
1515.5,0.151517
1171.92,0.117111
817.512,0.0817004
2128.66,0.212842
1267.57,0.126633
983.234,0.0982816
3480.81,0.797741
1219.51,0.121921
1652.63,0.165039
2934.16,0.293338
718.958,0.0718565
1955.46,0.195359
1185.16,0.118337
2862.6,0.28613
976.36,0.0969051
1110.37,0.11099
1304.16,0.130386
1330.65,0.132958
1408.59,0.140854
1323.65,0.132351
4840.38,0.483905
3586.54,0.358529
1067.7,0.106688
2208.28,0.220792
1225.04,0.122369
1424.21,0.141348
1106.29,0.110541
710.613,0.071046
964.217,0.0964133
1111.76,0.111122
1064.28,0.106423
1283.42,0.128307
1514.2,0.148674
2050.25,0.204974
2574.47,0.257177
963.787,0.0963641
839.004,0.0838834
968.004,0.0962681
3164.15,0.31623
4877.32,0.486726
1001.2,0.100073
859.368,0.085919
802.106,0.0801422
1256.49,0.125463
2960.38,0.295498
1280.03,0.127993
1169.59,0.116767
1131.49,0.113061
823.094,0.0822033
980.096,0.0980002
670.635,0.067023
805.673,0.0805633
388.192,0.0388171
2022.94,0.201913
840.922,0.0840043
592.688,0.0592513
869.439,0.0869348
825.332,0.0825082
1315.51,0.125222
1751.57,0.17501
1209.98,0.120973
859.43,0.0857127
1735.2,0.17347
2956.8,0.282323
819.505,0.0819458
865.803,0.0865642
1161.64,0.115981
910.538,0.0910495
1024.62,0.102325
2815.57,0.281382
3986.86,0.398165
4792.23,0.478699
1476.33,0.147465
911.828,0.091129
916.124,0.0914547
718.172,0.0717605
1613.74,0.161341
1353.87,0.135303
1705.43,0.170488
993.56,0.0993457
743.38,0.0743295
3285.78,0.327948
2505.63,0.25008
1860.35,0.185997
2389.13,0.238878
1105.52,0.110517
1832.38,0.18315
2971.6,0.298642
1050.49,0.105034
1057.66,0.105565
1045.48,0.104415
1111.05,0.111089
1284.48,0.128422
1497.03,0.149535
903.467,0.0903358
888.999,0.08886
1136.18,0.11359
679.911,0.0679852
992.633,0.0992289
1324.65,0.132175
989.482,0.0987065
987.869,0.0987746
1413.44,0.141167
840.504,0.0840199
2034.05,0.203365
523.145,0.0523134
1220.11,0.121995
735.774,0.0735688
1364.46,0.136198
1231,0.122979
1114.94,0.111423
1503.71,0.150293
1229.22,0.122916
2053.26,0.205101
987.494,0.0985642
944.411,0.0944255
1128.44,0.112826
1091.21,0.109071
2269.24,0.22675
4581.83,0.457635
925.878,0.0925485
1030.85,0.103042
1125.24,0.112493
589.532,0.0589474
1185.78,0.118512
691.363,0.069126
1983.47,0.198281
922.66,0.0921655
969.666,0.0968821
1524.56,0.152286
1788.9,0.178726
875.282,0.0875207
773.657,0.0773337
762.7,0.0762617
1201.16,0.120084
1546.11,0.154482
7016.93,0.701213
1894.92,0.189471
1158.28,0.115818
1424.74,0.142418
1930.9,0.193064
968.454,0.0960727
724.515,0.0724492
3701.59,0.369809
1720.34,0.171738
1225.19,0.1224
23041.8,2.28964
1090.83,0.109049
1012.28,0.101221
752.486,0.075208
1438.86,0.14381
716.932,0.0716525
616.384,0.0616222
3389.89,0.338523
1230.51,0.122764
1176.6,0.117179
740.737,0.0740682
819.624,0.0818987
871.243,0.0871137
2549.79,0.254832
1202.64,0.120103
1619.28,0.161911
1208.78,0.120873
5711.55,0.570819
1504.12,0.150239
2803.19,0.280152
1312.07,0.131081
1606.14,0.160537
891.197,0.0891059
2038.19,0.203618
946.78,0.0946293
911.638,0.0905069
1508.18,0.150805
1085.86,0.108367
584.132,0.0584126
1283.13,0.128263
1009.39,0.100935
1570.46,0.156986
3797.65,0.378867
982.404,0.0981816
732.42,0.0731658
1139.25,0.113916
656.132,0.0655999
2090.65,0.208861
1353.41,0.135252
2002.12,0.200192
883.213,0.088208
1201.61,0.120126
988.349,0.0988319
1565.26,0.156465
1843.59,0.184317
734.36,0.0733858
824.378,0.0824268
1192.35,0.119225
2235.93,0.223463
767.79,0.0767656
1301.44,0.130137
2325.29,0.232263
1078.56,0.107794
2179.78,0.217906
986.818,0.0986399
1662.74,0.166257
2484.25,0.248314
15008.8,1.49506
1352.91,0.13514
1120.04,0.111848
784.612,0.0782779
531.35,0.0531165
778.867,0.0778806
1966.2,0.196583
1423.71,0.142275
5058.65,0.505553
678.367,0.0677792
520.259,0.0519334
1133.65,0.113331
964.434,0.0963945
1034.18,0.103404
942.68,0.0942649
2808.05,0.280698
1276.82,0.127619
1474.03,0.147246
1374.84,0.137383
2016.23,0.201312
1568.02,0.156765
1192.33,0.119214
1885.13,0.188488
2169.46,0.216938
1115.48,0.113064
2479.57,0.247876
2533.86,0.252905
933.37,0.0932909
1491.75,0.149125
628.645,0.06285
793.273,0.0792395
1326.23,0.132077
546.98,0.0546855
1121.23,0.112089
3851.38,0.384943
1222.67,0.122046
1704.38,0.170377
1282.11,0.128192
1627.59,0.162732
1204.52,0.120421
589.372,0.0589104
699.558,0.0699413
1100.43,0.109958
2191.11,0.219054
1011.28,0.101109
1468.79,0.146818
6865.41,0.686335
808.281,0.0808226
659.968,0.0658091
1294.1,0.12934
5087.19,0.508468
1286.92,0.128668
1090.12,0.10895
1689.89,0.168941
2043.2,0.204173
2013.02,0.20129
867.201,0.0866624
977.389,0.0975065
1422.15,0.142209
1379.3,0.137917
1074.45,0.107441
2236.86,0.22363
960.028,0.0959611
534.731,0.0534155
1318.23,0.131769
1177.68,0.117671
1770.34,0.176951
1791.86,0.179134
1266.91,0.126655
5459.38,0.545784
940.528,0.0940304
1063.99,0.105945
3957.98,0.395671
1712.79,0.171237
1287.99,0.128701
1308.55,0.130765
781.053,0.0778655
1033.67,0.103332
921.163,0.092036
1310.66,0.131051
1725.52,0.172002
1247.09,0.124663
711.43,0.0711024
2639.02,0.263786
962.921,0.0961607
1271.96,0.127171
965.936,0.0965499
891.89,0.0891527
768.113,0.0768042
1334.44,0.133428
2006.59,0.200295
960.041,0.0960032
9897.08,0.986105
1500.04,0.14997
1640.4,0.163914
4146.89,0.414363
1275.32,0.127481
855.75,0.085398
1091.27,0.108713
1713.58,0.170892
1169.07,0.116858
1376.36,0.137608
1180.14,0.117976
1001.71,0.100078
810.781,0.0810417
2999.34,0.299832
1115.42,0.11154
1307.69,0.130756
775.896,0.077578
796.564,0.0796457
857.652,0.0857038
1588.29,0.15871
1497.37,0.149707
968.734,0.0968454
1784.64,0.17843
1726.37,0.172583
17013.7,1.69794
1338.11,0.133805
2709.72,0.270898
788.744,0.07881
883.214,0.0882712
928.031,0.0927907
1644.78,0.164255
815.217,0.0814075
778.019,0.0771222
1413.7,0.141337
1690.8,0.169042
1745.93,0.174217
8876.36,0.887337
3213.06,0.321114
988.278,0.098791
1338.6,0.133832
1357.23,0.135721
1596.26,0.159468
668.82,0.0581458
1539.13,0.153889
3439.51,0.343449
2710.1,0.270737
783.057,0.0783045
1096,0.109538
3689.08,0.368785
1369.02,0.13572
2424.77,0.242227
1224.08,0.122222
1326.51,0.132619
1167.63,0.116736
446.049,0.0445887
1453.46,0.145301
893.845,0.0893615
1828.75,0.182783
2676.45,0.26734
962.679,0.0962221
1254.22,0.12533
1743.75,0.174351
1632.13,0.163202
1781.46,0.178097
1265.05,0.126334
734.291,0.0734125
1073.72,0.107334
842.933,0.0842634
3906.75,0.390513
2586.85,0.258479
834.299,0.0834276
640.724,0.0640631
1814.41,0.181311
1636.99,0.163441
908.313,0.0908108
2472.67,0.247155
1741.32,0.174105
1061.77,0.106162
1244.62,0.124421
824.182,0.0823084
1168.61,0.11685
1546.13,0.154493
1327.52,0.132671
1272.87,0.127268
1511.78,0.151013
792.703,0.0792463
907.69,0.090742
1623.88,0.16234
880.673,0.0880496
916.341,0.0912662
1058.8,0.105851
896.326,0.0896124
810.932,0.0810898
1685.17,0.168501
800.998,0.0800398
611.899,0.0611762
896.519,0.0896455
801.97,0.080174
1346.57,0.134627
701.476,0.070041
1102.33,0.110135
758.416,0.0758198
701.316,0.0701181
1611.51,0.161102
3811.15,0.380724
866.912,0.0866461
832.319,0.0830814
823.666,0.0823032
1028.25,0.102756
765.82,0.0765782
21254.4,2.11936
1176.83,0.117208
1548.72,0.154836
1003.59,0.100344
1158.35,0.115832
1772.83,0.177105
972.094,0.0971958
1104.79,0.110466
1245.47,0.124453
953.69,0.0953536
2062.42,0.206151
955.994,0.0955508
7329.3,0.732092
2500.18,0.249905
2149.23,0.214675
9570.19,0.955746
693.936,0.0693589
610.808,0.0610235
1077.96,0.107727
603.923,0.0603873
824.361,0.0824047
1742.44,0.174186
1185.92,0.118575
1469.16,0.14688
539.157,0.053907
1366.01,0.136572
1589.35,0.158725
922.507,0.0922462
1596.66,0.159537
1385.37,0.13852
797.842,0.0797732
1522.79,0.152243
3421.54,0.341721
777.491,0.0776831
1085.37,0.108522
1107.07,0.110681
759.902,0.075988
5352.43,0.535171
1190.76,0.11907
2280.53,0.228013
2204.28,0.220103
663.495,0.0633474
659.907,0.0659861
1422.74,0.142243
3037.09,0.303376
1480.07,0.147876
1504.13,0.150341
677.072,0.0675984
2064.03,0.206093
1273.86,0.127303
3583.98,0.357274
1009.14,0.100573
1040.42,0.103865
1738.61,0.173812
483.579,0.0482867
6076.08,0.607483
740.605,0.0740598
704.84,0.070362
2071.56,0.207146
762.851,0.0762434
928.215,0.0927684
772.073,0.0771846
914.943,0.0914298
2538.76,0.253637
1018.13,0.1018
1612.64,0.161043
1704.7,0.17041
883.671,0.0883025
1707.59,0.169368
1675.32,0.167369
7999.14,0.795754
1264.75,0.126461
1683.19,0.168289
1738.36,0.173619
2823.84,0.28216
1093.02,0.10928
1629.41,0.162915
1035.33,0.103478
1415.1,0.141455
1343.39,0.134151
766.166,0.0764244
1092.45,0.109225
887.713,0.0887493
959.168,0.0959031
1392.4,0.139173
857.633,0.0857437
1658.22,0.165789
1372.36,0.137214
1007.87,0.100762
1543.53,0.154313
2897.58,0.289663
1760.37,0.176
1831.76,0.179176
592.531,0.0591996
813.419,0.081329
3760.65,0.375927
902.586,0.0902385
1390.57,0.138847
1103.64,0.11031
705.475,0.0704307
2729.43,0.272842
787.592,0.0787409
696.118,0.0696033
3814.13,0.381125
1069.87,0.106811
1301.61,0.130107
1191.02,0.118983
445.677,0.0444823
1916.7,0.19138
3204.38,0.319999
997.882,0.0997831
1186.69,0.118561
777.135,0.0777087
843.718,0.0843278
1093.92,0.109389
1543.63,0.154336
1845.22,0.184504
688.601,0.0688551
1472.93,0.147268
2149.03,0.214822
2165.58,0.216509
973.47,0.0973075
1848.42,0.184812
1662.44,0.165758
742.658,0.0742603
10045.2,4.36872
1588.64,0.158815
890.163,0.0879427
1337.26,0.133696
850.242,0.0850155
776.504,0.0776086
1867.81,0.186631
1045.96,0.104419
24344.1,2.42897
4150.59,0.414108
1303.8,0.130355
12422,1.24124
949.209,0.0949133
1604.7,0.160283
1784.17,0.178317
2135.67,0.213523
606.012,0.0605926
3536.42,0.353436
1339.36,0.133479
1066.27,0.106613
998.605,0.099817
956.809,0.0955811
1330.06,0.132924
761.726,0.0761277
1544.54,0.154428
1686.78,0.16844
1084.02,0.108375
1123.3,0.112272
2132.43,0.213138
913.966,0.0913792
3795.98,0.379131
1557.65,0.155758
1028.75,0.102813
836.222,0.0836
2105.25,0.210478
733.279,0.0733145
1163.96,0.116367
4204.7,0.420389
928.413,0.092829
835.48,0.0834613
1080.15,0.107972
1014.61,0.101395
1309.28,0.130915
3083.45,0.308179
900.483,0.0899715
1133.83,0.113363
2175.23,0.217265
1631.18,0.163063
730.531,0.0729654
1361.4,0.13612
3034.23,0.303196
1076.42,0.107611
4540.8,0.453892
2082.43,0.208226
1484.54,0.148362
1749,0.174802
1403.91,0.140182
1039.3,0.103883
1936.11,0.193593
1655.69,0.165486
1633.9,0.16336
872.408,0.0872386
1168.03,0.116793
908.078,0.0906615
1222.35,0.122119
996.731,0.0996702
758.256,0.0758119
553.993,0.0553838
2035.76,0.203497
758.123,0.0758111
2032.54,0.203034
1207.03,0.120673
1169.87,0.116974
1267.71,0.126742
1106.55,0.110622
2779.74,0.277375
810.109,0.0809904
1204.15,0.1204
1130.53,0.112958
14271.4,1.42088
1500.93,0.149873
1496.29,0.149594
1454.38,0.145427
2684.84,0.268256
968.285,0.0968018
1077.05,0.107699
1317.46,0.131711
957.773,0.0957355
1213.76,0.121367
1096.06,0.109485
988.841,0.0987685
997.243,0.0996356
3050.67,0.304803
819.729,0.0819553
924.814,0.0924762
673.504,0.0673442
2087.98,0.208453
870.715,0.0870693
1282.24,0.12822
1503.48,0.150259
1916.15,0.191354
1080.77,0.108035
1796.8,0.179575
681.916,0.067982
1372.62,0.137253
954.43,0.0954071
657.646,0.0657483
1284.64,0.128449
1359.5,0.135775
1184.24,0.11842
973.816,0.0973367
910.166,0.0910053
1127.99,0.112788
7917.99,0.791145
1768.07,0.176786
3418.26,0.341369
3918.94,0.39161
1202.54,0.120219
1077.89,0.107773
1336.92,0.131338
1389.11,0.138908
865.226,0.08652
969.851,0.0969531
1279.64,0.127945
1643.39,0.164027
3646.38,0.363533
3016.26,0.301014
1351.64,0.134754
933.878,0.0931678
1672.83,0.167208
1398.14,0.139766
1381.16,0.138103
3062.73,0.306198
2074.89,0.207345
2178.67,0.21779
1182.91,0.118275
952.101,0.0951868
1549.94,0.154967
2105.69,0.209797
3364.87,0.33645
1905.97,0.190588
1784.77,0.178457
1847.3,0.184694
1998.21,0.199695
1937,0.19345
1441.99,0.144187
1269.97,0.126961
1030.55,0.102667
1528.75,0.152833
2838.96,0.283862
1516.03,0.151479
1177.84,0.117755
1823.88,0.182204
1041.38,0.104121
988.263,0.0987944
1879.78,0.187823
753.881,0.0751309
1438.6,0.143827
1035.71,0.103487
1078.87,0.107756
1425.69,0.142537
1444.79,0.144381
1042.24,0.104203
1736.29,0.172449
751.514,0.0751266
1101.52,0.110041
869.976,0.0869909
959.49,0.0958279
1520.24,0.151656
2402.63,0.23995
1055.68,0.105475
12526.7,4.24965
735.951,0.0735471
1929.43,0.192748
1134.34,0.113194
919.428,0.0918363
994.415,0.0994195
1666.58,0.166519
1027.9,0.102631
1878.48,0.187714
749.399,0.074646
1408.52,0.138313
1561.31,0.156071
1457.45,0.145517
596.9,0.0595747
1236.46,0.12363
3855.03,0.385366
1079.2,0.107906
1680.5,0.167976
2213.09,0.221188
991.355,0.0990906
750.953,0.0750724
761.301,0.0761229
3170.82,0.316959
2345.96,0.234509
1332.46,0.133232
865.688,0.0865339
1275.69,0.127552
998.044,0.0997985
862.577,0.0862297
1018.82,0.101741
714.269,0.0714073
912.237,0.0911843
1356.19,0.135521
814.113,0.0813878
1064,0.106393
3929.84,0.392803
5014.62,0.500518
1130.38,0.112924
845.395,0.0844647
1154.39,0.115421
4479.04,0.447031
1113.21,0.11006
2041.91,0.204056
1393.86,0.131492
959.801,0.0959533
1950.08,0.1946
871.764,0.0871599
1059.87,0.105859
858.102,0.0857854
986.767,0.0986263
765.42,0.0765371
2011.7,0.200923
797.683,0.07976
1067.35,0.10671
1458.12,0.145768
898.018,0.089781
2034.46,0.203112
2288.67,0.228845
1248.82,0.124802
1202.21,0.1202
1047.17,0.104698
2157.04,0.215423
1002.73,0.100092
813.597,0.0813553
1431.88,0.143055
699.74,0.0699702
1420.91,0.141957
598.749,0.0598024
667.536,0.0664347
794.306,0.0794165
853.71,0.0853503
1113.22,0.111125
1697.06,0.169655
1196.71,0.119633
1354.49,0.135399
3021.7,0.302096
772.106,0.0771927
1428.06,0.142739
2073.88,0.207204
1623.52,0.162225
1420.03,0.141753
2615.39,0.263166
1002.17,0.100129
2090.14,0.208946
952.669,0.0952611
1708.71,0.170714
1156.51,0.115599
1239.28,0.12388
1472.51,0.147151
1451.82,0.14494
1403.11,0.140281
8406.67,0.840062
2825.05,0.281969
1977.72,0.197756
679.264,0.0678557
1808.55,0.180713
914.731,0.0914391
679.392,0.0679359
505.652,0.0505309
833.495,0.0833473
1875.94,0.187528
1829.93,0.182202
3478.3,0.347412
1152.49,0.115224
1177.31,0.117691
1118.49,0.111801
913.511,0.0913404
1310.2,0.130893
1540.29,0.154001
1030.26,0.102995
2119.54,0.211874
1866.22,0.186505
2225.7,0.222508
1449.98,0.144939
2130.61,0.208544
702.735,0.0702635
1215.25,0.121429
1466.03,0.146437
1145,0.114417
1363.47,0.125744
1121.04,0.112083
3132.22,0.313116
1497.83,0.149738
1346.81,0.134167
3331.38,0.523842
749.402,0.0749274
991.942,0.0991164
1070.75,0.107042
3239.66,0.323554
2011.25,0.201111
1255.44,0.125476
1237.34,0.123646
1483.31,0.148306
1129.3,0.110752
3339.01,0.332647
764.629,0.0764563
1099.58,0.109921
2612.88,0.261184
3015.42,0.301101
1221.44,0.121505
3165.82,0.31641
1039.13,0.103854
2423.98,0.238812
11066.8,1.10546
1442.57,0.144103
1064.34,0.106422
802.966,0.0802871
1041.13,0.103511
943.129,0.0942785
1489.77,0.148813
1805.76,0.180408
1006.46,0.100618
2003.32,0.200071
1148.01,0.114796
718.988,0.0718313
691.976,0.0691789
1192.59,0.119213
661.092,0.066073
902.628,0.090252
1141.91,0.114169
1646.27,0.164526
1086.06,0.10859
683.039,0.0682982
2242.49,0.223918
798.65,0.079828
986.871,0.0986574
1106.58,0.110589
958.337,0.0956298
2398.62,0.239825
1311.15,0.131009
1369.2,0.136852
8296.6,0.829306
4359.43,0.435012
670.811,0.0670781
836.715,0.0836422
1003.34,0.0995173
1243.59,0.124202
1199.48,0.11988
3114.24,0.301934
1227.29,0.122623
2622.76,0.262116
1214.53,0.121379
1119.39,0.111882
790.829,0.0790523
1015.79,0.101578
1051.08,0.104942
875.773,0.0875724
1293.82,0.129322
834.42,0.0832936
1800.5,0.179914
2531.1,0.252942
4776.38,0.47744
747.566,0.0746735
770.588,0.0770508
508.997,0.0507807
1146.99,0.114613
1257.06,0.125688
944.943,0.0944265
2740.3,0.273941
1488.66,0.148825
4534.91,0.453361
995.099,0.099477
2033.33,0.203305
1329.27,0.132831
1003.51,0.100318
977.221,0.0977147
698.664,0.0698582
1569.19,0.15685
1148.62,0.114851
1801.93,0.179976
2263.2,0.226266
3241.79,0.324135
767.708,0.0767663
929.377,0.0929361
1296.41,0.129624
6477.26,0.646451
1788.29,0.178793
4184.56,0.41821
806.71,0.0806462
854.334,0.0853854
1486.76,0.148459
676.125,0.0674781
1968.88,0.196826
1637.4,0.16366
5657.86,0.562433
2695.6,0.269214
1047.8,0.104744
2802.7,0.280233
907.292,0.0905733
1206.46,0.120631
2656.92,0.265595
1607.43,0.160605
1173.68,0.107694
1578.83,0.157792
1725.53,0.167669
1239.69,0.123832
873.843,0.0873478
4358.73,6.3208
1706.02,0.170517
1963.34,0.196208
1473.64,0.147342
902.881,0.090264
624.123,0.0623462
1046.12,0.104492
909.872,0.090945
2244.18,0.224155
527.254,0.0527235
1631.09,0.162629
589.599,0.0589584
1091.24,0.108427
1295.16,0.12941
1770.05,0.176237
499.872,0.0499301
7543.59,0.754003
957.241,0.0956445
2515.52,0.251539
2322.68,0.231716
1916.5,0.191631
1128.75,0.112815
2996.62,0.298793
918.964,0.0918848
839.708,0.0839304
1422.09,0.141631
2376.2,0.237513
854.171,0.0854129
1559.62,0.155925
1816.32,0.181552
1119.22,0.111826
782.784,0.0782724
13206.4,1.31956
1525.12,0.152347
1242.25,0.124195
682.026,0.0681753
859.225,0.0855898
638.401,0.0638243
1215.92,0.121514
1112.28,0.111225
862.553,0.086243
1134.48,0.113412
824.034,0.0823538
1022.74,0.102252
2657.33,0.26568
1189.57,0.1185
623.91,0.0623756
973.639,0.0973573
376.262,0.0376177
1236.48,0.123191
1287.72,0.128729
3188.82,0.318606
2082.68,0.208226
1591.36,0.158963
1329.05,0.132883
1488.25,0.148756
777.378,0.0777108
995.005,0.0993134
667.379,0.0666713
1168.98,0.116885
1438.93,0.143774
943.798,0.094239
876.187,0.0875587
1617.66,0.161707
1344.26,0.134384
737.592,0.0737264
911.644,0.0911109
1390.09,0.13891
1066.38,0.106614
1861.57,0.186062
1163.07,0.116258
962.161,0.0961964
1427.98,0.142497
4076.18,0.40717
1303.2,0.130166
1413.53,0.141338
1550.77,0.155011
1616.15,0.16151
12641.3,1.25563
1056.72,0.105388
830.069,0.0829821
1551.36,0.155057
1300.34,0.129417
1161.31,0.11612
1567.25,0.156697
3621.28,0.361872
14117.1,3.91068
1653.66,0.165342
919.866,0.0919388
3537.68,0.353594
1017.54,0.101671
5545.89,0.553247
1327.2,0.132491
881.033,0.0880082
1563.2,0.155851
1547.65,0.154733
1601.5,0.160072
726.263,0.0725352
993.268,0.0992236
26091.1,2.60627
1501.32,0.150054
681.9,0.0668113
1501.55,0.150143
878.505,0.0878246
986.066,0.0986005
1237.68,0.123731
914.815,0.0914604
769.077,0.0768979
1480.96,0.144533
1367.79,0.135488
1171.68,0.117132
1086.89,0.107712
1792.8,0.176765
1423.47,0.14232
1260.82,0.126047
1195.03,0.119497
934.601,0.0934458
1160.26,0.116023
559.544,0.0559437
437.1,0.0435369
939.701,0.0939307
1012.45,0.100995
2774.02,0.277271
1462.45,0.146179
1561.11,0.155912
789.272,0.0786118
746.118,0.0746092
678.759,0.0678583
1209.71,0.120879
1409.03,0.140798
780.055,0.077988
841.485,0.0841365
1018.46,0.101816
681.423,0.0681091
2341.22,0.233877
2125.18,0.212427
1666.77,0.166585
978.26,0.0977239
1266.11,0.126542
2518.37,0.251688
946.653,0.0946115
1599.21,0.15102
2795.77,0.279404
3174.3,0.316167
3328.32,0.761067
9078.62,0.906811
753.276,0.0752845
718.878,0.0718329
1631.62,0.163051
2285.91,0.228347
997.854,0.0997753
1068.26,0.106697
1011.36,0.101129
1417.85,0.14173
1172.26,0.117094
8967.49,4.66346
779.722,0.0777315
12792.7,1.27585
712.751,0.0712217
3721.18,0.371781
1150.22,0.114919
2557.46,0.254054
2304.82,0.230405
2212.14,0.221191
1760.35,0.175878
559.29,0.0558988
795.943,0.0795842
973.891,0.0973464
1106.47,0.110629
9621.53,0.958626
1978.93,0.197862
902.744,0.0902629
2297.22,0.22961
973.573,0.0973048
11294.9,1.12396
1026.86,0.102573
1995.01,0.198364
1619.95,0.16197
1297.6,0.129591
1149.19,0.114914
637.005,0.0636459
1046.34,0.104301
1712.54,0.170648
1288.41,0.128688
761.896,0.0761627
1348.88,0.134879
1139.04,0.113852
7776.36,0.777198
851.428,0.0851102
2394.02,0.239353
1768.94,0.176708
964.546,0.0964008
2239.86,0.223824
1336.74,0.133661
1963.56,0.196241
1459.53,0.145913
1708.68,0.170844
1076.04,0.1076
1070.41,0.107013
1244.47,0.124415
1937.46,0.193633
1117.21,0.111694
936.458,0.0936276
1569.85,0.156969
1484.06,0.148265
724.17,0.0723942
1026.02,0.102591
1247.62,0.124734
931.865,0.0931739
1268.25,0.126745
1318.81,0.131856
1333.36,0.133331
1061.23,0.106108
1299.84,0.129942
1543.99,0.154313
2056.21,0.205441
1532.67,0.153106
1026.22,0.102617
499.737,0.0498833
1858.22,0.185768
948.782,0.0926113
923.354,0.0923119
908.597,0.0907982
771.728,0.0771486
2781.28,0.277886
1249.59,0.12495
626.241,0.0625973
983.106,0.0979192
1127.05,0.112417
1523.26,0.152089
803.675,0.0803419
1206.66,0.12041
996.644,0.0996577
3099.16,0.309823
817.886,0.0817855
1255.98,0.125373
1222.1,0.121671
13493.9,1.34645
1035,0.103456
1377.58,0.1377
1227.33,0.122549
1423.73,0.142366
2267.81,0.226612
2498.08,0.249122
1099.6,0.109955
2722.61,0.272025
1776.92,0.177686
908.527,0.090804
985.525,0.0984591
1109.57,0.110695
1449.9,0.144951
1067.92,0.106732
807.07,0.0806895
767.58,0.076668
981.934,0.0981817
4516.27,0.451303
6650.98,0.664667
4818.94,0.481707
728.063,0.0728022
1905.29,0.190457
1231.18,0.123111
2586.41,0.258516
1261.2,0.125989
1759.71,0.17589
1184.01,0.117942
1589.63,0.158935
857.726,0.0850005
774.499,0.0774397
1039.89,0.103907
1182.62,0.117929
1783.72,0.178269
1156.92,0.115658
752.258,0.0751982
2681.22,0.165927
940.079,0.0939701
1689.57,0.107897
1186.57,0.118629
772.106,0.0770459
1021.69,0.102083
915.602,0.091553
1410.84,0.141078
721.216,0.0720308
1143.37,0.114305
3989.88,0.398892
1365.54,0.136446
1336.55,0.133643
1674.77,0.167345
7423.33,0.741201
328.27,0.0328048
1724.36,0.171682
2050.5,0.204507
2051.02,0.205083
2040.61,0.204048
1748.57,0.174763
1274,0.127219
947.883,0.0947043
1072.57,0.107194
910.996,0.0910926
1036.22,0.10361
656.311,0.0656262
2047.82,0.204715
1422.13,0.142197
531.891,0.053145
18560.1,1.84311
1842.17,0.184003
1040.63,0.104033
1108.21,0.110704
915.042,0.0913818
1188.86,0.118803
854.329,0.0853849
3106.37,0.310468
906.403,0.0906311
1237.26,0.12372
1051.81,0.105148
19187.7,1.91406
810.325,0.0810211
1224.74,0.122389
1490.96,0.148808
800.182,0.0799712
1817.48,0.181701
1289,0.128773
807.279,0.0806043
737.166,0.0736694
951.571,0.0950631
1181.31,0.117635
938.334,0.0938148
1231.22,0.123075
2138.03,0.213752
6570.12,0.655472
1182.37,0.118198
954.37,0.0953924
626.178,0.0626127
744.037,0.0743533
1165.51,0.116543
1900.15,0.189969
1368.19,0.136572
1764.36,0.176425
1217.54,0.121408
1287.85,0.128716
1669.99,0.166912
3009.38,0.300746
649.305,0.0649162
1385.18,0.138474
889.233,0.0886222
1482.57,0.148206
634.632,0.0633502
1007.45,0.100544
1454.68,0.14546
1413.48,0.141325
1408.66,0.140822
1841.1,0.183835
781.185,0.0781166
1843.45,0.184104
1617.7,0.161757
1078.8,0.107291
897.258,0.089713
1254.3,0.125339
1822.32,0.181808
2087.1,0.208653
1024.41,0.102435
2490.66,0.248906
1967.47,0.196455
1770.42,0.17697
1435.58,0.143538
2542.91,0.254196
861.883,0.0861825
494.584,0.0494572
1253.48,0.125263
798.963,0.079848
765.483,0.0765432
1269.27,0.126918
1687.64,0.16844
1940.8,0.193803
984.241,0.098412
5454.24,0.543967
672.087,0.0671571
1277.06,0.127692
635.048,0.0635032
1110.77,0.111064
1117.82,0.111749
546.478,0.0546455
2303.04,0.229369
1658.85,0.165794
1002.89,0.100279
997.04,0.0996811
1275.67,0.127559
1111.11,0.110903
2259.65,0.225873
1266.1,0.126497
1220.18,0.122009
1498.74,0.149479
630.073,0.0629847
1125.38,0.112522
1223.46,0.122314
1913.16,0.19119
956.241,0.0955514
1136.92,0.113682
1290.02,0.128959
1072.04,0.107189
1260.83,0.126031
1541.9,0.154173
6783.35,0.677943
997.417,0.0996949
979.8,0.0976234
1050.88,0.104435
731.157,0.0731149
824.471,0.0822325
983.397,0.0983082
1158.86,0.1068
1153.1,0.115207
1834.81,0.183462
1370.5,0.136637
2518.91,0.251763
1087.76,0.108668
1055.96,0.105579
1920.31,0.191998
761.433,0.0760863
1253.37,0.125234
1677.68,0.167626
1587.92,0.158738
1678.47,0.167824
844.959,0.0843406
2112.96,0.211243
1400.87,0.140028
634.088,0.0634012
1675.97,0.167374
738.369,0.0738359
822.439,0.0821737
1125.33,0.112511
663.924,0.0662655
1469.26,0.146776
1048.65,0.104833
1992.76,0.199257
6983.42,0.697881
711.124,0.0711081
645.799,0.0645745
1019.06,0.101887
1238.05,0.123767
728.182,0.072815
1410.34,0.141023
1679.65,0.167682
814.018,0.081352
2138.32,0.213561
13836.2,3.30344
1024.08,0.102404
1128.72,0.112654
1409.07,0.140858
2018.34,0.201756
1008.4,0.100812
8396.64,0.838992
1232.71,0.123115
1797.1,0.179263
625.685,0.0625629
800.23,0.0800188
1638.58,0.163573
894.169,0.089377
686.263,0.0685993
1423.29,0.142309
2975.27,0.297431
1002.78,0.100263
972.139,0.096959
17161.3,2.78688
1566.25,0.156614
2211.16,0.221023
957.224,0.0956522
541.631,0.0541405
1835.23,0.175028
666.812,0.0666555
1103.32,0.110303
799.912,0.0799727
1145.98,0.114561
1113.31,0.111215
997.487,0.0997064
1283.03,0.128236
1027,0.102698
1854.88,0.185252
1109.81,0.110823
837.021,0.0836167
1538.28,0.153809
1371.64,0.135647
920.312,0.0919962
4100,0.409489
1606.18,0.160543
1025.39,0.102501
2007.14,0.200671
658.307,0.0658087
2400.37,0.239742
484.888,0.0484636
1145.04,0.114475
1104.53,0.110412
1243.01,0.123965
5755.2,0.573944
793.408,0.0793139
1123.08,0.111908
851.467,0.0851452
2516.71,0.251625
1261.76,0.126167
1411.73,0.141096
1400.39,0.140036
1233.1,0.123282
1074.29,0.107421
650.694,0.0650319
1181.87,0.118101
1214.4,0.121382
745.061,0.0744771
2014.24,0.201309
562.13,0.0561842
1140.13,0.113873
769.217,0.0769139
1144.32,0.114367
1522.19,0.152135
1176.75,0.117653
784.434,0.0784131
1151.36,0.115063
2702.89,0.270207
1191.03,0.119093
887.993,0.088794
3619.07,0.361781
914.687,0.0913031
5865.57,0.585796
928.167,0.0940462
1379.39,0.137884
1175.7,0.117449
708.661,0.0708643
584.907,0.0584593
1035.47,0.103375
1479.24,0.142171
1164.78,0.116454
1326.53,0.132648
3556.76,0.355508
6298.46,0.629409
1124.97,0.112473
3575.95,0.357094
1318.08,0.131121
913.113,0.0913024
1003.67,0.100334
3371.55,0.335334
871.991,0.0871916
650.997,0.0650965
1056.72,0.105602
1329.8,0.132852
3179.22,0.317539
3441.31,0.344078
1030.25,0.102997
3266.8,0.326554
2902.82,0.290229
1640.86,0.16405
1637.63,0.163728
995.48,0.0995239
975.417,0.0975278
3049.96,0.304788
1409.92,0.140935
1064.13,0.106401
709.445,0.0708668
1162.04,0.116178
1419.73,0.14163
2321.58,0.231962
1578.08,0.157628
1634.58,0.163451
1872.84,0.187215
895.035,0.0894432
4880.74,0.48784
1521.46,0.152087
1822.81,0.182172
699.289,0.0699126
2113.09,0.211057
1899.34,0.189867
1332.67,0.132815
1279.28,0.127921
1181.11,0.118063
1113.9,0.111294
1046.02,0.10411
772.494,0.077242
742.504,0.0742271
919.769,0.0919227
1708.58,0.170828
1637.41,0.163575
554.954,0.0553488
8404.76,0.840016
1434.28,0.143403
558.973,0.0540662
2684.01,0.264704
3503.56,0.349379
1225.28,0.122517
1233.18,0.1233
1049.45,0.0994094
1620.19,0.161988
987.04,0.0986307
2208.87,0.220639
2278.26,0.227815
3463.6,0.345951
1440.46,0.143859
1486.65,0.148507
731.328,0.0731212
1320.28,0.131851
1419.64,0.141871
1097.26,0.109696
1312.12,0.131196
9213.82,0.919879
1091.4,0.109128
1579.11,0.157871
9949.65,0.9896
1827.48,0.159432
767.003,0.0766419
1331.81,0.133112
840.621,0.0840369
1633.13,0.163263
1134.48,0.11343
1225.6,0.122484
1554.56,0.1553
558.527,0.055844
1033.51,0.103203
750.351,0.0750215
1050.68,0.105018
878.539,0.0877968
1849.21,0.184569
2887.13,0.28859
3243.45,0.323632
725.371,0.0725098
1299.82,0.129908
887.498,0.0886116
1336.54,0.133595
1441.64,0.144068
1058.33,0.105823
1334.69,0.133408
740.783,0.0740591
959.697,0.095949
991.29,0.0987686
961.218,0.0961126
736.08,0.0735328
1263.51,0.126323
17694.9,1.75189
2471.01,0.242658
3303.99,0.320213
1551.32,0.155093
1915.47,0.19152
945.263,0.094499
1009.35,0.100921
927.515,0.0927452
797.876,0.0797784
806.962,0.0806558
1557.92,0.155758
1102.6,0.110253
2158.82,0.215827
1736.19,0.173593
1189.32,0.118929
2484.95,0.248424
993.469,0.0991909
2028.36,0.202805
917.095,0.0916817
1157.47,0.115694
1234.77,0.123421
21763.5,2.15961
4290.28,0.428736
3741.24,0.373347
1821.01,0.182005
1421.38,0.142123
1993.97,0.199139
598.905,0.0598475
1153.74,0.115305
3137.5,0.313659
2323.14,0.232218
1905.05,0.18987
1803.52,0.180172
1944.24,0.19425
1189.63,0.118759
2035.07,0.203437
1093.53,0.109344
1441.37,0.143944
1376.54,0.137546
2225.23,0.222461
1736.02,0.173536
3283.68,0.328176
780.97,0.0780319
1434.05,0.14333
1288.13,0.128643
1113.03,0.111249
1920.83,0.192027
409.955,0.0408571
971.056,0.097075
981.439,0.0981114
1232.38,0.123217
2529.64,0.252512
7592.55,0.757565
1255.92,0.125576
1236.65,0.123629
1351.95,0.135049
1678.3,0.167735
1897.55,0.189661
1233.6,0.123348
523.872,0.0523802
1109.4,0.110928
832.971,0.0831793
1509.73,0.150858
7381.33,0.736372
2996.15,0.299457
888.691,0.0887686
1277.44,0.12772
1112.02,0.111173
1348.52,0.134826
1952.39,0.194772
970.842,0.0969765
1111.76,0.111051
1096.86,0.10965
1747.26,0.174654
892.109,0.0892067
2291.47,0.22905
1023.92,0.102374
1161.16,0.116096
1515.31,0.151436
896.983,0.0896872
833.962,0.0833628
1140.77,0.114006
1052.47,0.10497
727.415,0.0727245
1389.66,0.138793
638.184,0.0638091
1658.02,0.165784
1011.95,0.10119
1675.51,0.16752
1395.35,0.139469
932.566,0.0932535
1095.33,0.109487
762.755,0.0762723
676.216,0.0676044
1007.92,0.100778
1188.25,0.118724
1031.69,0.103031
1117.26,0.111642
560.057,0.0559053
1834.13,0.183179
952.993,0.0952664
9687.49,0.966711
624.689,0.0624671
649.33,0.0648836
2409.83,0.240853
3826.61,0.382605
2725.97,0.272103
1269.07,0.126894
916.141,0.0915633
796.573,0.0796193
2906.55,0.290425
783.125,0.0783005
713.389,0.0712357
1022.15,0.102205
2117.99,0.211687
783.386,0.0783252
1770.64,0.176769
2671.96,0.267151
1088.96,0.108861
1926.59,0.19254
1402.32,0.140223
3046.05,0.304589
1706.24,0.170563
933.088,0.0931796
1280.32,0.128017
1331.92,0.133169
3181.73,0.317987
1139.21,0.113709
788.739,0.0788637
930.787,0.0930581
1559.61,0.155908
1709.97,0.17097
1026.18,0.102608
1027.63,0.10273
891.202,0.0891163
1454.4,0.145418
2208.3,0.219112
915.43,0.0915146
1043.23,0.104259
489.57,0.0489454
688.285,0.0684949
957.17,0.0956137
1036.31,0.103544
890.959,0.089072
1460.15,0.145949
930.216,0.0930021
1708.09,0.170788
1100.91,0.110067
829.615,0.0828797
2608.04,0.260715
4274.75,0.426809
1839.41,0.18388
6130.08,0.606073
2404.73,0.240343
1072.93,0.107179
1906.22,0.190561
1170.67,0.116917
3564.78,0.356204
807.585,0.0807556
1351.67,0.134977
2232.01,0.223064
2679.16,0.267794
879.276,0.0877874
1086.24,0.108553
1629.64,0.16292
894.631,0.0894479
750.306,0.0750094
737.042,0.0736832
1440.96,0.144083
880.259,0.0880186
877.533,0.135901
3085.77,0.308429
919.46,0.0919315
866.994,0.0863438
744.444,0.0744384
1259.65,0.125919
998.673,0.0998153
1174.19,0.116525
1663.1,0.166292
1681.41,0.16811
746.147,0.0745791
1535.34,0.150343
1567.93,0.156715
687.511,0.0686451
975.498,0.0975375
1349.91,0.134881
1533.76,0.153319
1113.6,0.111347
1449.94,0.144791
1342.99,0.134292
1967.95,0.196592
1556.48,0.15559
2088.33,0.208469
1335.07,0.133475
1015.39,0.101523
2348.43,0.234582
1702.11,0.165608
1581.17,0.158115
2285.26,0.228493
981.855,0.0981788
1617.8,0.161586
3879.82,0.387822
2000.42,0.200016
1042.29,0.104197
932.315,0.0931052
4556.35,0.451571
728.54,0.0728228
900.044,0.0898957
1406.36,0.140596
4406.58,0.439976
1070.49,0.107025
921.193,0.0918321
725.896,0.0725585
906.127,0.0906028
1760.3,0.175994
822.815,0.08218
982.167,0.098132
2002.14,0.199904
881.599,0.0881584
2970.08,0.296923
892.244,0.0888177
1034.54,0.103399
792.156,0.0792098
597.681,0.0597568
1087.21,0.108709
2004.13,0.200361
733.843,0.0732555
1051.62,0.105131
1057.52,0.105706
1077.28,0.106987
1607.46,0.160739
1244.47,0.123512
782.42,0.0781696
3649.74,0.364342
827.3,0.0826824
839.605,0.0839494
1114.99,0.111427
1092.04,0.109133
954.782,0.0954706
1681.26,0.167928
937.948,0.0937858
2396.14,0.239333
1240.62,0.123897
1934,0.193215
1421.25,0.142075
1618.73,0.161805
1617.34,0.161439
1087.04,0.108637
1053.45,0.105323
1618.78,0.161841
1070.4,0.106329
1009.83,0.100965
1462.88,0.146249
1067.42,0.106704
1102.45,0.110065
1125.76,0.112568
4780.01,0.477652
1596.58,0.159409
940.094,0.0939972
3178.81,0.317816
601.325,0.0601084
1531.23,0.152871
416.452,0.0415779
1044.75,0.104428
3957.11,0.395576
1176.99,0.116356
1057.45,0.105644
1277.06,0.127633
1413.52,0.14128
1596.66,0.159598
866.883,0.0866729
1396.06,0.139504
1193.84,0.119366
1083.89,0.108226
1843.48,0.183994
892.379,0.0891831
802.597,0.0800472
1094.24,0.109416
1386.69,0.13865
885.655,0.0885429
874.956,0.0874841
1402.12,0.140203
3373.89,0.337289
906.738,0.0906368
6796.28,0.678317
1446.16,0.14457
702.039,0.0701876
673.761,0.0673648
951.669,0.0951476
1444.53,0.144334
1051.71,0.105166
1950.09,0.194899
918.143,0.0916238
1503.51,0.148582
1231.93,0.123129
1207.85,0.120779
1865.22,0.186364
1277.07,0.127327
2114.62,0.211437
1640.92,0.163762
4446.59,0.444032
2312.05,0.230454
1615.97,0.149935
1551.89,0.155152
1489.33,0.1489
1270.69,0.126714
1641.57,0.164073
810.511,0.0810478
11007.4,2.32349
1429.66,0.142854
906.64,0.0906142
1341.58,0.134088
638.023,0.0637147
1143.17,0.114279
1443.65,0.144206
1132.19,0.113142
861.132,0.0860845
1284.99,0.12849
924.603,0.092454
1367.6,0.136612
634.438,0.0634185
5420.29,0.529595
1280.21,0.128008
1048.41,0.104803
9729.64,0.972142
882.911,0.0882591
1327.65,0.132645
668.24,0.0667425
823.026,0.0822888
2132.12,0.213164
896.169,0.0895275
1735.67,0.173533
1109.31,0.110878
1679.81,0.167926
1058.11,0.105724
1536.56,0.153612
1867.02,0.186655
1184.29,0.118418
4671.07,0.466546
2878.57,0.287764
5630.34,0.561698
994.622,0.0994358
665.316,0.0692705
1758.35,0.175373
1764.69,0.17645
1155.65,0.11534
12139.4,1.2097
1898.04,0.189651
1574.56,0.157342
1074.71,0.107429
1860.9,0.186072
1853.06,0.182854
1189.63,0.118959
2213.53,0.221313
1895.3,0.189431
1181.93,0.118119
1268.46,0.126819
752.113,0.0751752
2748.38,0.274667
892.405,0.0892308
7013.89,0.700659
908.725,0.0908335
2078.96,0.207836
2959.47,0.29529
972.911,0.0969872
1530.77,0.152867
697.731,0.0697517
906.142,0.090611
1432.43,0.14318
2091.92,0.209117
1879.7,0.187818
2803.27,0.280296
1812.16,0.180947
753.037,0.0752889
676.521,0.0676423
1763.07,0.176024
504.908,0.0504648
1022.42,0.103375
4733.26,0.473169
1097.59,0.109715
1085.33,0.108419
1138.16,0.113787
2554.82,0.25527
5218.33,0.520506
1105.67,0.110557
3845.62,0.384274
1391.67,0.139146
927.782,0.092643
3855.42,0.385199
1189.08,0.118876
1833.39,0.183264
559.814,0.055957
1578.66,0.157558
1942.99,0.193742
1882.78,0.188215
1065.96,0.106579
6057.51,0.603354
1700.98,0.170054
1318.14,0.131798
2142.31,0.21412
1994.73,0.199442
1102.93,0.110284
729.146,0.072842
1074.71,0.107467
1901.26,0.190101
1060.59,0.106042
1222.13,0.122135
921.576,0.0921546
599.498,0.0598637
885.632,0.0885397
1222.06,0.122189
3347.74,0.33467
1249.53,0.12494
1083.3,0.108322
1178.95,0.117822
1645.48,0.156157
11980.8,1.19612
553.087,0.0552947
887.143,0.0886741
1101.69,0.110051
2035.92,0.203319
1116.5,0.111582
1751.45,0.175078
1565.57,0.156501
841.406,0.0841307
3476.99,0.34754
1216.66,0.121584
1001.68,0.100165
1403.58,0.140221
1232.08,0.123065
2177.47,0.21763
1389.52,0.138846
577.136,0.0576844
994.956,0.0994549
1916.47,0.191599
1573.81,0.157365
1018.8,0.101868
1633.51,0.163282
1054.76,0.105466
1311.43,0.131123
1475.19,0.142743
1078.32,0.10778
765.067,0.0765036
1150.65,0.11504
1174.85,0.11737
1686.42,0.168629
858.301,0.0858114
1778.65,0.177617
1106.08,0.110575
2299.4,0.229677
1381.69,0.138041
505.814,0.05055
1083.2,0.108281
1469.83,0.146847
1026.93,0.102649
2702.49,0.270133
1647.9,0.164759
1162.19,0.115536
1104.46,0.110433
1476.54,0.147643
1394,0.139285
724.628,0.07237
749.895,0.0749841
1774.28,0.177324
693.917,0.0693536
1100.38,0.109976
1350.82,0.135005
2533.32,0.253308
1242.68,0.12408
743.51,0.0743452
782.23,0.0782124
1501.85,0.150157
989.919,0.0989286
2118.59,0.211841
946.879,0.0945888
1404.66,0.140276
913.475,0.0913301
1120.16,0.111982
3312.34,0.330945
1359.8,0.135788
1338.08,0.133736
1201.65,0.120059
4511.85,0.407034
343.363,0.034333
1029.24,0.102901
6023.96,0.602187
572.083,0.0571472
1029.82,0.102969
1261.47,0.126017
1242.85,0.124257
1381.27,0.137816
1235.87,0.123571
1379.51,0.137865
1020.63,0.102057
1667.13,0.166501
1069.9,0.106908
1249.59,0.124951
1123.17,0.112256
3301.68,0.329688
966.883,0.0963585
1660.94,0.166008
3018.52,0.301788
1360.49,0.135847
1635.36,0.163395
1154.27,0.115412
1171.7,0.117089
1007.92,0.0998658
2849.82,0.284692
1018.7,0.101868
1473.37,0.147314
1679.98,0.167823
1647.61,0.164306
2126.84,0.212482
1020.08,0.101801
10396.4,1.03885
1153.82,0.115338
1345.08,0.134414
1348.76,0.133646
2296.43,0.229603
1591.12,0.158807
1971.29,0.196679
1602.61,0.160094
1529.82,0.152866
1635.6,0.163454
1117.99,0.111571
4679.93,0.467555
639.107,0.0635443
949.56,0.0949355
953.451,0.0953125
1628.44,0.162803
955.044,0.0954418
1053.63,0.105303
1169.89,0.11696
1000.65,0.100061
611.813,0.061171
1084.53,0.108269
838.265,0.0838156
1211.64,0.120527
12025.3,1.20079
1075.05,0.107275
2113.95,0.206221
1017.07,0.101653
1013.18,0.101156
848.131,0.0848002
876.502,0.0874743
1145.39,0.114514
688.361,0.0688258
854.924,0.0848764
1478.35,0.147764
28590.8,4.53247
944.781,0.094297
640.988,0.0640937
1829.84,0.182895
1553.33,0.154786
869.747,0.0869272
2923.6,0.292211
1651,0.165047
608.058,0.0607986
533.781,0.0533603
1656.98,0.165216
992.047,0.0991828
1646.8,0.164591
1391.08,0.139083
1606.86,0.160606
1396.11,0.13928
1538.95,0.153819
2138.57,0.213611
2219.35,0.221853
694.936,0.0694864
874.153,0.0874026
1947.5,0.194339
1196.55,0.119433
1793.66,0.179331
3614.49,0.360987
1196.16,0.11959
940.698,0.0939836
1567.94,0.156655
1472.95,0.14725
1027.58,0.102744
4981.59,0.497756
1104.98,0.110492
931.338,0.0930798
5698.5,0.569164
5048.19,0.504301
841.37,0.0841132
1098.16,0.109751
621.356,0.0621206
1059.46,0.105933
1407.38,0.140619
928.841,0.092874
560.924,0.0559436
1086.93,0.108642
1147.87,0.114752
2157.18,0.21559
838.243,0.0837626
965.337,0.0962407
877.259,0.0876959
1239.79,0.123713
1140.85,0.114066
914.218,0.0911978
1036.9,0.10366
2723.96,0.272277
1725.68,0.172509
1099.42,0.109918
990.38,0.0990061
1157.39,0.115676
1689.98,0.168835
1188.8,0.118877
1403.39,0.140181
3034.96,0.30324
685.247,0.0683645
1263.9,0.126351
887.441,0.0885349
715.156,0.0714688
3966.92,0.396664
1708.52,0.170511
948.084,0.0947537
2314.81,0.231285
4894.66,0.488598
1224.6,0.122404
878.93,0.0874724
2788.83,0.278625
2763.12,0.276194
1757.77,0.175652
3360.1,0.335804
1001.77,0.100165
3260.15,0.325888
1853.74,0.18513
986.844,0.0986664
1653.82,0.165336
1226.64,0.122608
985.967,0.0985337
613.768,0.0613616
802.281,0.0802239
2750.55,0.272409
1159.22,0.115482
959.395,0.0958759
988.551,0.098778
876.623,0.0876452
1313.66,0.131272
875.265,0.0875174
5465.26,0.545231
2364.72,0.236362
1093.47,0.109306
2248.21,0.224688
3610.36,0.357375
1390.31,0.139013
2025.61,0.202449
689.352,0.0689135
7703.4,0.768862
2093.04,0.20924
1377.42,0.137399
1786.36,0.17829
1160.04,0.115973
967.973,0.0967295
897.264,0.0897199
857.404,0.0857013
4897.29,0.489112
1435.83,0.141248
1468.48,0.146804
1405.69,0.140541
2680.88,0.268016
789.393,0.07889
2518.06,0.251517
1241.04,0.123902
1065.19,0.106333
1636.81,0.163513
10288.5,1.02397
1665.23,0.166306
1265.5,0.121836
1711.49,0.171088
1843.26,0.184312
651.315,0.0651117
1072.74,0.107187
1240.56,0.123984
1428.4,0.142182
822.524,0.0822281
1581.85,0.158152
940.403,0.093003
1529.37,0.152287
568.025,0.0567999
1117.78,0.110163
803.196,0.080257
1040.38,0.103957
608.948,0.0608875
1094.44,0.109323
1274.53,0.127445
499.16,0.0499142
924.527,0.0924397
941.04,0.0940928
1114.85,0.111464
1524.82,0.151805
1249.8,0.124817
1755.86,0.175498
1052.17,0.105212
1203.45,0.120285
1089.09,0.108664
1737.21,0.173619
1563.76,0.156287
658.023,0.0657847
996.878,0.0996851
2566.72,0.256443
762.802,0.0762501
834.553,0.083422
2302.69,0.230128
2047.89,0.204766
1084.25,0.108401
1342.98,0.134016
1918.46,0.191771
914.141,0.0913362
620.661,0.0620446
1435.65,0.143504
2056.3,0.205495
1256.08,0.12551
2034.04,0.203375
2219.85,0.221751
1013.11,0.101301
2016.05,0.201441
637.768,0.0637734
474.935,0.0474858
1179.07,0.117896
2664.21,0.221961
6980.13,0.457162
1078.87,0.107836
1100.42,0.110038
1654.4,0.165328
1512.69,0.151252
984.084,0.0982523
1341.25,0.134116
865.719,0.0865685
1338.7,0.131163
1464.63,0.146452
636.11,0.0635778
1281.14,0.12807
11485.2,1.1449
2797.76,0.279146
1370.86,0.136884
1167.72,0.116731
1210.25,0.121009
1314.2,0.120583
983.143,0.0982873
1153.77,0.115349
1347.76,0.134732
921.58,0.0921385
973.958,0.0973285
1405.42,0.140531
669.767,0.0669241
1079.14,0.107863
743.537,0.0740776
536.993,0.0536748
996.669,0.0996406
1569.53,0.156633
1223.4,0.122314
1231.97,0.122936
1230.34,0.122841
1195.33,0.119468
1252.91,0.123664
1218.98,0.121885
816.076,0.0815655
1820.08,0.181914
2192.92,0.219205
1904.64,0.19042
1338.1,0.133754
1965.57,0.196503
904.791,0.090452
839.064,0.0838809
2018.43,0.201721
1057.14,0.105662
1684.99,0.168451
3937.53,0.393537
1510.29,0.151009
1656.29,0.165589
926.253,0.0925787
662.137,0.0662105
964.079,0.0963864
2028.09,0.202699
1795.85,0.179572
940.87,0.0939802
1121.14,0.112072
1259.54,0.125904
1250.01,0.124928
974.529,0.0973075
1216.84,0.121656
839.298,0.0838698
856.504,0.0855318
1876.59,0.187637
1069.73,0.106963
1765.71,0.176019
637.56,0.063654
665.772,0.0664529
3197.68,0.316752
909.484,0.0908766
2339.87,0.233954
1574.94,0.157368
1910.43,0.190911
857.645,0.0857465
635.376,0.0635011
7190.9,0.715894
1650.25,0.164957
2716.85,0.271444
1603.28,0.160311
848.088,0.0848073
1434.59,0.143329
873.905,0.087385
761.868,0.0761583
912.761,0.0912357
762.356,0.0762337
710.514,0.0710433
693.576,0.0693567
1732.93,0.17327
1285.99,0.128587
580.358,0.0580004
2322.53,0.232091
1558.54,0.155701
2556.19,0.255406
984.168,0.098401
3343.63,0.333839
691.06,0.069068
731.447,0.0731335
1015.2,0.101463
1603.48,0.159486
944.052,0.0943551
3538.35,0.353766
1167.36,0.116607
1318.67,0.13186
1331.22,0.133103
1144.12,0.114346
786.868,0.0786858
1845.28,0.18158
3841.56,0.38388
711.449,0.0711205
864.285,0.0863766
2277.08,0.227668
1500.63,0.150052
3468.37,0.34649
2256.67,0.225408
579.244,0.0575705
1081.25,0.108114
653.054,0.0652594
1154.4,0.115387
753.347,0.0753128
919.561,0.0919393
1224.26,0.122269
1107.82,0.110735
1216.73,0.121208
1428.09,0.142742
723.549,0.0723466
944.094,0.0943926
1091.56,0.109022
580.485,0.058046
5516.7,0.550746
864.938,0.0864573
1582.23,0.158187
2820.15,0.281628
903.02,0.0902907
936.552,0.0933402
1497.22,0.149688
1940.84,0.193975
710.378,0.0710091
718.57,0.0715686
600.071,0.0599396
899.302,0.0899211
1052.57,0.105022
1619.82,0.161899
738.775,0.0738142
1210.77,0.121066
2460.76,0.245901
1029.19,0.102898
844.748,0.0844577
1249.75,0.124959
642.074,0.0641951
1093.43,0.109342
1766.48,0.176556
1248.95,0.124868
999.849,0.099921
1016.59,0.101594
1588.39,0.158782
959.642,0.0953051
700.475,0.069954
979.033,0.0970238
889.052,0.0887952
936.861,0.0936465
4248.66,0.422902
1025.7,0.102492
1229.06,0.122895
537.944,0.0537573
1907.9,0.185344
770.145,0.0769982
1659.5,0.165779
570.625,0.0570329
5258.08,0.525394
1346.22,0.134516
1293.53,0.129109
1493.06,0.149186
484.795,0.0484197
785.288,0.0785219
975.588,0.0975534
1049.55,0.104897
1521.21,0.152011
962.493,0.0961745
1592.73,0.159184
875.161,0.0874978
3623.41,0.361796
1919.03,0.191722
752.801,0.0752369
603.976,0.0603935
1181.38,0.118074
1746.54,0.174652
1198.18,0.119735
2316.18,0.231182
1270.75,0.127043
1034.67,0.102834
1128.34,0.1127
2790.25,0.278857
2144.05,0.214257
1931.89,0.192852
5648.23,0.562765
1579.19,0.157753
779.87,0.0779225
957.466,0.095666
762.727,0.0762717
593.096,0.05929
800.129,0.0800093
766.111,0.0766025
551.996,0.0551819
849.722,0.0848296
1075.47,0.107533
821.755,0.0821053
2111.72,0.211104
1192.91,0.119252
742.007,0.074073
3032.11,0.303008
3167.22,0.316538
3540.38,0.353822
978.211,0.0978168
1243.7,0.124289
1754.55,0.175436
3972.41,0.397021
1117.82,0.111776
635.75,0.0635554
1505.59,0.150537
1314.65,0.131398
1503.34,0.150285
1101.15,0.110086
1760.1,0.175954
792.642,0.0791715
1711.71,0.170989
1925.39,0.192504
682.535,0.0682318
918.686,0.0918626
2783.93,0.278268
981.014,0.0979773
2043.91,0.204278
2136.26,0.213558
1172.3,0.117222
1092.05,0.109201
5677.14,0.566914
873.753,0.0868889
1060.26,0.105872
909.506,0.0908428
2043.37,0.204303
980.324,0.0974579
2081.89,0.208145
1001,0.100059
779.568,0.0778992
1992.35,0.19916
3021.46,0.301985
1672.37,0.167127
1294.56,0.129432
1121.79,0.111197
1201.73,0.120145
840.698,0.0840654
1757.01,0.175597
1054.68,0.105437
1836.46,0.183345
1698.23,0.169785
1073.58,0.107328
1192.86,0.119264
578.434,0.0578404
1898.67,0.189532
664.288,0.0664134
1065.24,0.106492
933.539,0.0933273
2249.68,0.224935
1202.32,0.120145
1090.69,0.109061
608.912,0.0608156
800.815,0.0800456
1042.26,0.104204
964.923,0.0964876
6300.34,0.629831
9886.26,0.988123
2320.55,0.232004
1316.1,0.130404
799.755,0.0799292
1425.84,0.141788
874.208,0.0873655
1148.38,0.114812
712.22,0.0711079
1034.79,0.103474
11028.2,1.10158
824.977,0.0824611
1171.05,0.117079
1124,0.112376
1062.81,0.106255
926.564,0.0926419
1061.93,0.106177
1270.48,0.127046
1450.56,0.14479
2192.89,0.219188
887.4,0.0887373
1805.6,0.18051
849.569,0.0849503
789.698,0.0789661
987.848,0.0987361
662.281,0.0661543
1103.22,0.110318
905.155,0.0905133
2971.36,0.296997
1011.42,0.101047
1060.44,0.10518
2078.17,0.207768
1928.42,0.192814
1273.42,0.127303
1442.48,0.14196
3160.34,0.315733
1724.39,0.172397
888.708,0.0888591
2900.21,0.289339
723.421,0.0722783
913.142,0.0911885
1541.26,0.153837
997.129,0.099701
1050.73,0.105067
1417.83,0.14175
2358.09,0.235487
863.586,0.0860237
2644.14,0.264071
1330.22,0.132878
939.192,0.0939146
1052.3,0.105166
1126.46,0.112575
1369.89,0.136983
5418.95,0.540988
2836.03,0.283565
1633.86,0.163222
1024.22,0.102391
1321.26,0.132073
3488.54,0.348565
2355.16,0.235422
1643.39,0.164156
1171.84,0.117017
1846.31,0.184269
864.318,0.0863445
731.45,0.0731188
5195.61,0.519339
1490.53,0.14898
1072.57,0.10716
1058.2,0.105787
2742.85,0.274131
858.925,0.0858553
781.439,0.0779842
2080.86,0.208054
6617.4,0.660948
1627.06,0.162566
1133.17,0.113302
1768.28,0.176681
683.338,0.0682029
797.022,0.0796955
2071.35,0.207129
4079.67,0.407903
2099.05,0.209394
814.53,0.0814063
1716.45,0.171618
1737.32,0.171848
1613.1,0.161301
1360.81,0.135916
3587.18,0.358621
846.446,0.0846371
1306.73,0.130599
2591.72,0.259083
1983.73,0.198256
1685.5,0.168506
964.253,0.0962831
2110.62,0.210853
1204.61,0.120388
1425.28,0.142274
832.468,0.0831617
811.965,0.0753262
1292.86,0.129145
1269.36,0.12692
623.411,0.0623353
1559.07,0.155809
840.503,0.0840077
1312.79,0.131175
951.873,0.0951785
11017.4,1.09321
1139.87,0.113771
1848.16,0.18475
899.912,0.0899165
984.636,0.0984414
1047.01,0.104617
7481.78,0.746795
1627.97,0.162531
1046.17,0.10458
871.343,0.0871001
3042.96,0.304054
1701.17,0.170108
1047.28,0.104722
689.756,0.0689628
1417.87,0.141699
591.731,0.0591718
990.283,0.0990037
1049.45,0.104937
695.41,0.0695327
2166.85,0.215932
943.148,0.094306
1842.53,0.184154
1764.74,0.176129
998.476,0.0998232
1257.7,0.125432
1011.79,0.101155
789.727,0.0789585
952.722,0.0952177
773.858,0.0773602
1029.87,0.102893
1017.1,0.101685
1002.81,0.100202
860.459,0.0859675
805.499,0.0805077
812.283,0.0812111
3363.67,0.335871
1142.58,0.114201
1131.49,0.113014
671.64,0.0671377
1136.07,0.113553
1298.16,0.129723
1132.95,0.113227
587.759,0.0586585
1630.4,0.162694
1153.41,0.115312
869.289,0.08684
1743.46,0.173002
1321.29,0.132096
601.734,0.0601677
13236.8,1.30435
936.251,0.0936193
1488.04,0.148767
749.959,0.074967
1494.77,0.149462
1901.74,0.190156
1498.67,0.149811
713.69,0.071365
2285.09,0.228275
890.083,0.0889997
1240.54,0.124003
1259.15,0.125889
32176.9,3.18229
2913.23,1.60818
15814.4,1.57892
1012.54,0.101248
2154.03,0.215304
791.631,0.0791591
2545.55,0.253866
1003.05,0.100277
1475.16,0.147491
566.149,0.0565955
2207.32,0.220678
907.608,0.0906456
1031.68,0.103152
912.574,0.091212
2987.52,0.291447
1070.68,0.107027
815.61,0.0815437
1452.61,0.145247
2442.4,0.244112
1303.05,0.130293
5491.08,0.774578
685.039,0.0684965
3665.51,0.366234
1027.93,0.102782
1033.33,0.103307
1035.5,0.103474
1467.26,0.146639
693.325,0.0693204
1391.1,0.13907
1892.16,0.189103
830.894,0.0830813
1300.56,0.129976
2768.49,0.276789
727.491,0.0727383
1552.55,0.155226
721.661,0.0720596
1244.79,0.124343
2106.66,0.210584
3235.03,0.323402
1886.6,0.188635
744.43,0.0744291
1345.01,0.134491
1443.31,0.144325
1246.96,0.124571
1281.92,0.128048
919.658,0.0919229
1877.17,0.187697
1023.69,0.102353
1423.51,0.139664
1691.65,0.169157
1634.59,0.163415
1398.36,0.139814
1157.39,0.115465
3078.53,0.307061
791.829,0.0790751
1507.31,0.150717
1134.91,0.113471
1984.59,0.198401
1573.62,0.157351
870.375,0.0868663
3217.65,0.321393
1140,0.11396
2145.21,0.21433
1709.27,0.170893
943.703,0.0942642
1227.01,0.122597
29723.1,2.95122
1292.31,0.129202
804.042,0.0803583
2107.48,0.210695
1907.63,0.190366
1211.5,0.121114
1071.47,0.107136
1869.17,0.186864
1666.1,0.166554
1161.38,0.116134
1648.12,0.164774
631.907,0.0631823
2443.71,0.244221
2178.48,0.217662
1022.16,0.102175
938.932,0.0938698
1254,0.125372
1068.37,0.106829
1071.01,0.106988
649.388,0.0648965
1455.66,0.145563
1178.81,0.117876
1139.13,0.113794
1071.67,0.106709
1067.99,0.106757
1864.14,0.186313
1928.72,0.192772
707.819,0.0707051
1038.9,0.103883
608.484,0.060742
3633.29,0.362963
1899.11,0.189861
749.221,0.07489
967.273,0.0966927
567.394,0.0567335
854.091,0.085348
2185.55,0.215217
1101.07,0.109936
6268.57,0.626543
1313.89,0.131249
1255.69,0.125307
1771.45,0.177107
1764.16,0.176173
2021.63,0.201841
980.219,0.0950841
929.11,0.0927924
1351.25,0.1351
1068.51,0.10682
2101.94,0.210068
2498.56,0.249654
1053.12,0.105178
2337.78,0.224627
1472.5,0.146517
1724.77,0.172416
1195.45,0.119523
1847.88,0.184203
1798.81,0.179797
969.086,0.0969059
1482.41,0.14811
1059.51,0.105944
1106.89,0.110624
16206.4,1.61397
1228.84,0.122864
973.84,0.0973433
2594.8,0.259437
3373.82,0.337249
1353.88,0.135326
1202.58,0.120249
1412.71,0.141202
1571.33,0.157062
590.276,0.0589601
709.522,0.0709266
1449.66,0.14496
931.387,0.0931073
941.401,0.0940696
1183.62,0.11832
1054.88,0.105474
1618.72,0.161703
1859.24,0.185459
1158.08,0.115788
1452.76,0.14525
1290.52,0.129031
468.347,0.0468316
980.611,0.0980547
2316.45,0.231529
2058.4,0.20545
1433.94,0.143342
1174.13,0.11739
934.173,0.093366
895.543,0.0895283
851.799,0.0851186
866.791,0.0866577
1787.22,0.17845
11514.7,1.14634
637.502,0.0636778
4255.15,0.423328
1242.8,0.124242
1440.61,0.143922
2633.66,0.262933
784.828,0.0784626
2370.01,0.193982
2109.25,0.210834
2935.82,0.292686
1847.19,0.184702
1057.8,0.105778
744.039,0.0737322
1443.9,0.144366
1481.22,0.148093
1387.8,0.138614
1953.39,0.194981
1019.22,0.101884
1208.34,0.120797
921.929,0.0921755
1482.57,0.148181
840.23,0.0840185
936.239,0.0936174
807.888,0.0805393
3068.71,0.3067
948.796,0.0948694
1909.98,0.186664
756.357,0.0756089
1204.64,0.12038
1151.09,0.115046
1788.26,0.178795
1095.64,0.109536
2991.05,0.29904
1855.8,0.185557
749.83,0.0749794
1045.59,0.104465
2874.33,0.28704
996.313,0.0994192
1649.81,0.164951
1076.99,0.107597
2717.46,0.271279
852.52,0.085204
1218.43,0.118681
829.48,0.0829237
1352.21,0.135193
456.782,0.0456775
1377.72,0.137733
881.18,0.0881033
3190.87,0.318962
1036.13,0.103544
1384.07,0.138318
1765.67,0.176468
1086.99,0.108481
860.922,0.0860276
4333.36,0.432879
8366.74,0.833807
3452.18,0.344914
10060.2,0.996602
1638.18,0.162055
1250.68,0.125049
860.738,0.0860708
2453.85,0.245196
9641.66,0.956196
1526.56,0.152615
1129.54,0.112941
1700.92,0.170055
858.863,0.0858507
1130,0.112839
887.039,0.0886667
1530.11,0.152824
948.186,0.0948128
775.364,0.0775294
674.772,0.0674733
2140.81,0.213855
1457.14,0.145666
634.808,0.0634792
1678.43,0.167769
1514.6,0.15122
1045.92,0.0932861
933.448,0.0933253
1352.44,0.135216
2959.91,0.295635
520.651,0.0520519
1676.65,0.167646
1363.29,0.136266
1087.27,0.108725
1320.85,0.132078
6148.02,0.608122
1292.12,0.129191
972.053,0.0971806
2503.64,0.249867
901.547,0.0900208
905.505,0.0904897
3629.2,0.362863
1135.11,0.113477
1095.31,0.105886
1363.99,0.136334
754.179,0.0748845
2240.05,0.223885
1080.94,0.108038
1048.62,0.104859
1771.79,0.176949
1277.82,0.127689
1994.45,0.199254
1320.76,0.131931
831.97,0.0831685
3822.24,0.381336
1244.45,0.124195
821.607,0.0821482
2238.83,0.223842
1619.24,0.161879
5089.83,0.507555
1120.12,0.112007
2122.16,0.21209
1218.75,0.121506
822.293,0.0822275
4821.4,0.481916
1082.32,0.108214
1322.32,0.132184
717.827,0.0717643
3651.84,0.364837
812.588,0.0812222
702.673,0.0702655
772.14,0.077198
1119.05,0.111894
781.188,0.0781182
1083.18,0.10829
1046.37,0.104557
1408.35,0.140678
1161.16,0.116065
1746.14,0.174407
1870.52,0.186867
791.845,0.0791758
678.092,0.0677558
1264.37,0.126427
711.266,0.0710838
1234.8,0.123402
1225.82,0.122396
9162.41,0.912393
2760.98,0.275815
1520.19,0.15184
1015.53,0.101532
1494.67,0.14945
1569.21,0.156883
1388.26,0.138751
1056.63,0.105537
1241.1,0.124084
1510.02,0.150217
901.564,0.0901376
4189.8,0.418572
963.344,0.0963112
955.998,0.0955332
2833.46,0.283269
1212.28,0.121219
1955.24,0.195515
1086.12,0.108535
709.185,0.0707919
1087.59,0.10869
943.896,0.0943832
1986.06,0.198553
962.707,0.0961763
2138.94,0.213871
1525.75,0.152528
1793.55,0.179217
1683.4,0.168129
808.46,0.0807967
1890,0.188983
1550.4,0.154995
892.259,0.0892183
1268.6,0.126777
720.454,0.0720205
1317.07,0.13168
696.052,0.0695979
1094.46,0.109258
940.06,0.0939838
660.023,0.0658173
1170.36,0.117025
6086.25,0.517854
1010.57,0.101043
1816.25,0.181587
1688.72,0.168845
1965.35,0.196481
530.034,0.0529848
1102.09,0.110159
1183.93,0.118039
901.58,0.0901302
1039.35,0.103922
1510.84,0.151059
653.616,0.0653419
1217.16,0.121701
748.108,0.0747397
2452.45,0.24471
1637.46,0.163722
1476.72,0.14763
3864.88,0.386419
1030.79,0.102908
818.614,0.0818389
744.743,0.0743496
1997.38,0.19972
1592.73,0.159079
2122.97,0.212253
1103.35,0.110264
748.148,0.0748024
934.12,0.093398
1234.16,0.123075
792.029,0.0791978
2782.12,0.277951
2136.69,0.213649
1158.79,0.115779
1178.95,0.117831
554.552,0.0554428
1925.67,0.192552
718.539,0.0718435
966.144,0.0966123
893.837,0.089375
651.624,0.0651184
4392.08,0.438354
1075.51,0.107496
1552.63,0.155214
1073.22,0.107216
1369.82,0.136946
1392.35,0.139124
1924.95,0.192281
3258.8,0.3257
1289.93,0.12879
1948.16,0.194788
2470.53,0.246179
553.543,0.0553506
1461.36,0.14594
846.71,0.0846544
1489.1,0.148772
2027.26,0.20255
530.545,0.053052
1636.61,0.163479
1747.75,0.174681
1156.28,0.115615
20916.5,2.06452
585.393,0.0585178
1792.47,0.179039
2554.29,0.255226
1309.08,0.13082
808.46,0.0808431
827.574,0.0827284
711.439,0.0711309
1382.26,0.138146
1433.5,0.143334
3257.54,0.325685
1290.48,0.129033
1065.2,0.10651
613.913,0.0613669
1397.59,0.139714
3256.82,0.325574
1059.97,0.105957
1351.25,0.135074
1577.04,0.157488
1419.36,0.141366
3025.41,0.302291
3230.62,0.323001
6077.5,0.607071
1581.26,0.158115
962.473,0.0962232
1978.69,0.197823
965.8,0.096427
867.046,0.0866769
1682.91,0.168253
2593.19,0.259253
1665.35,0.16651
1516.91,0.151666
620.374,0.0619712
1171.38,0.117075
883.577,0.0883547
1251.37,0.125092
542.76,0.0541826
3384.5,0.338287
2961.66,0.296006
10506.6,1.04709
1562.75,0.15626
1016.49,0.101602
1611.18,0.161113
1472.17,0.147196
1447.56,0.144719
1224.91,0.122476
740.517,0.0740393
1901.64,0.190104
515.556,0.051517
3110.28,0.31035
1538.81,0.153433
614.753,0.0614684
2699.2,0.26981
676.058,0.0675971
1777.6,0.177501
906.511,0.0906193
729.918,0.0729603
2612.64,0.261061
757.931,0.0757833
1166.5,0.116643
2315.84,0.23142
1909.95,0.190925
1932.68,0.19323
987.921,0.0987731
1054.11,0.105399
1525.97,0.152529
1387.95,0.138569
475.944,0.0475877
1233.46,0.123309
1636.47,0.163608
1486.08,0.148524
1544.07,0.154054
753.708,0.0753682
1173.31,0.116756
1014.33,0.101405
1252.77,0.125268
8159.53,0.815317
827.841,0.0827646
1308.4,0.130817
1262.7,0.126261
1426.61,0.142655
715.534,0.0714904
654.606,0.065414
1733.65,0.173332
848.725,0.084707
726.8,0.0726446
2786.48,0.278611
1435.17,0.1435
2099.25,0.209876
2299.41,0.229471
1159.39,0.115913
757.278,0.0757244
5814.55,0.579255
1001.15,0.100105
826.992,0.0826838
1909.47,0.190696
673.749,0.067301
2012.17,0.201002
1018.29,0.101768
1478.83,0.147805
593.379,0.0592257
1432.26,0.142926
556.288,0.0556181
1717.1,0.171607
1715.19,0.17075
1741.11,0.173997
1500.25,0.150013
729.75,0.0729559
2258.69,0.225789
1012.61,0.101254
1604.64,0.160274
1120.89,0.111993
1739.6,0.17376
2880.69,0.287885
618.465,0.0618252
5540.94,0.553663
1554.44,0.155185
1275.98,0.127541
4054.26,0.404853
2080.28,0.20786
1256.58,0.125601
4115.21,0.407786
844.354,0.084431
1578.56,0.157848
865.266,0.086492
1518.41,0.151596
1341.94,0.134142
967.893,0.0967223
4188.41,0.418336
2680.92,0.267998
3857.29,0.38567
836.243,0.0836186
743.794,0.074344
1058.27,0.105795
1728.42,0.172775
1747.2,0.174705
1367.88,0.136772
1295.06,0.128648
1115.23,0.111512
1203,0.120264
1460,0.145928
1490.09,0.148985
936.631,0.0936535
1698.63,0.169088
941.25,0.0941114
2922.21,0.29194
2608.5,0.260818
788.817,0.0786236
1041.79,0.104157
1621.83,0.162068
1797.55,0.17965
2647.56,0.264696
17652.4,3.01844
1406.92,0.140651
1430.62,0.143057
768.61,0.0766423
1439.83,0.143944
3432.9,0.343016
5318.61,0.531225
1223.9,0.12238
1615.2,0.161494
1889.86,0.188884
1224.87,0.1224
2044.96,0.204134
7057.53,0.702774
2212.84,0.221033
837.178,0.0837056
1166.93,0.116593
1632.3,0.163101
1039.7,0.103852
1134.66,0.113411
1266.76,0.126612
912.11,0.0911381
1018.66,0.10186
958.462,0.0958083
9678.35,0.967278
756.486,0.0756121
812.963,0.0812733
1077.1,0.107514
3609.9,0.360821
1526.48,0.152599
961.375,0.0960487
1042.04,0.104137
6266.09,2.18224
3864.15,0.385774
530.358,0.053005
1127.2,0.112699
771.006,0.0770904
1198.6,0.11978
1085.47,0.108535
1395.44,0.139535
1276.83,0.127611
1230.44,0.123011
900.852,0.0899748
1715.73,0.171458
1874.96,0.187409
1123.16,0.112311
1384.74,0.138399
1294.69,0.128949
660.021,0.0659962
2281.37,0.227951
1111.43,0.111086
1231.55,0.123031
2065.88,0.206409
1250.38,0.12497
819.156,0.0817176
11176.4,4.14003
9350.92,0.932406
983.019,0.0981612
1103.43,0.110302
1341.16,0.13408
1163.43,0.116331
2003.09,0.20015
2369.65,0.236819
831.934,0.0831796
13051.3,1.30397
748.646,0.0748181
753.431,0.0753242
2882.1,0.286052
868.158,0.0867914
769.973,0.0769934
1036.89,0.103657
4256.34,0.425118
1657.81,0.165725
1562.07,0.156183
2050.96,0.205051
2842.92,0.284247
1358.7,0.13568
9282.2,0.925075
3150.07,0.313768
1240.75,0.124051
1347.78,0.134642
1208.26,0.119443
652.578,0.0652487
900.846,0.0900253
1358.52,0.135789
1389.58,0.138686
2066.77,0.206652
1305.53,0.130508
4097.52,0.408756
1759.44,0.17576
1226.94,0.122686
3595.96,0.357734
625.489,0.0622918
2926.07,0.292508
1214.69,0.121436
1218.52,0.12184
2369.47,0.236378
7524.7,0.751353
982.38,0.0982267
1955.27,0.195179
1124.22,0.112371
1044.29,0.104298
1946.46,0.194628
1071.65,0.107153
612.209,0.0610633
2685.16,0.268295
665.401,0.0664984
855.489,0.0867581
2517.66,0.251702
1647.67,0.164639
10893.7,0.548515
792.442,0.0792082
685.316,0.0685118
1675.31,0.167501
1389.48,0.137092
1671.12,0.167105
770.43,0.0769668
1263.61,0.127583
1014.06,0.101395
483.142,0.0483079
1400.95,0.139986
799.126,0.0798981
866.065,0.0865634
761.137,0.0760959
562.453,0.0562449
3378,0.337062
2018.9,0.201182
715.487,0.0715287
838.055,0.0837464
2291.57,0.229136
2637.87,0.263462
973.605,0.0973266
1524.79,0.152449
1793.78,0.179356
711.434,0.0710964
3719.97,0.37192
813.993,0.0813774
863.052,0.0861947
1570.86,0.156959
942.976,0.094235
1191.55,0.119141
822.185,0.0817649
1325.68,0.131646
3840.2,0.383416
1471.32,0.147105
949.472,0.0949423
1159.26,0.115718
1724.95,0.172415
1282.89,0.127877
953.448,0.0947108
1231.6,0.123151
651.107,0.0650881
2714.19,0.27126
930.42,0.0930027
2030.41,0.202983
1363.21,0.13618
1874.45,0.187348
873.578,0.0873161
1352.95,0.135214
787.022,0.0786962
1858.22,0.185817
1235.92,0.123379
856.565,0.08375
3080.54,0.307907
1537.1,0.153696
1848.89,0.184739
2445.23,0.244449
759.906,0.0759512
1225.47,0.121474
1951.87,0.195022
2326.4,0.232495
1833.43,0.183321
2626.53,0.262255
1028.3,0.102801
1345.27,0.134337
906.522,0.0905853
5214.19,0.521116
1515.87,0.151571
961.127,0.0961079
2384.82,0.238123
2692.88,0.269207
1690.46,0.169021
1216.21,0.121552
35155,3.50969
691.933,0.069171
927.618,0.0927197
1070.87,0.106912
1674.41,0.167324
7161.63,0.715363
1693.89,0.16932
2640.02,0.261681
809.137,0.0808792
814.079,0.0814001
732.523,0.0732462
742.598,0.0742354
2154.7,0.215371
3021.05,0.301924
1542.68,0.154255
736.836,0.073621
753.984,0.0753765
1690.5,0.168952
1697.04,0.169688
2067.62,0.206747
2090.88,0.208993
1020.68,0.102041
1168.86,0.116732
1472.4,0.147078
1899.6,0.189566
1464.17,0.146414
826.463,0.0826385
1335.37,0.133467
1154.91,0.115129
1103.7,0.11031
1100.93,0.110064
1138.81,0.113749
1727.66,0.172389
740.845,0.074032
2101.64,0.210112
1387.36,0.13872
1024.32,0.0992886
1345.12,0.134487
10563,1.05381
1230.5,0.122362
628.503,0.0628366
1282.73,0.128181
2409.7,0.240946
600.322,0.0600238
1505.72,0.150473
1061.97,0.106144
1568.54,0.156732
2682.24,0.268126
922.788,0.0922641
703.129,0.0703058
782.449,0.0782423
1110.01,0.110979
1155.13,0.115485
1244.29,0.124244
1194.24,0.117545
2827.14,0.282613
690.67,0.0690585
903.963,0.0903791
1213.03,0.121295
1411.42,0.141061
3934.26,0.39337
668.68,0.0668414
1298.28,0.12974
737.859,0.0737836
1376.87,0.137648
1217.78,0.121652
4472.53,0.447107
701.056,0.0700985
665.793,0.0665703
3864.13,0.386098
1042.61,0.104179
2575.81,0.255815
1257.44,0.12574
849.358,0.0848792
2035.35,0.203492
2467.72,0.246563
2576.85,0.257402
2569.46,0.256924
3091.95,0.308945
985.265,0.0983397
1373.98,0.13736
1304.43,0.130405
1691.66,0.169155
1508.83,0.15083
589.33,0.0589297
1365.98,0.136428
1914.92,0.191393
1451.92,0.144883
672.873,0.0672093
899.595,0.0899452
957.838,0.095692
1678.97,0.167773
791.177,0.0791163
647.744,0.0647517
1002.32,0.100226
1363.56,0.136328
1092.58,0.109255
786.337,0.0786173
1198.48,0.119829
2056.49,0.205623
4030.18,0.402718
828.36,0.0827917
1018.92,0.101783
1067.43,0.105717
1367.48,0.136134
991.688,0.0991417
562.169,0.0562144
1883.79,0.188236
696.789,0.0674993
1274.66,0.12737
1458.17,0.14571
1235.81,0.123517
521.249,0.0521226
615.221,0.0615205
2415.85,0.241559
1142.74,0.114213
1465.45,0.146515
4924.92,0.492008
688.912,0.0688803
1889.41,0.188811
1647.39,0.164508
642.161,0.0637796
1027.72,0.102673
729.252,0.072922
1394,0.139381
1508.81,0.150866
864.803,0.0863708
1696.4,0.169484
836.989,0.0836938
1238.58,0.123806
1156.38,0.115617
2348.88,0.234853
1232.44,0.122971
1507.58,0.150688
916.974,0.0916804
1068.88,0.106879
637.931,0.0637705
875.593,0.0874526
4327.86,0.432651
1431.1,0.143062
1239.19,0.123751
930.599,0.0930497
1600.67,0.159868
763.97,0.076392
1322.38,0.132222
1704.03,0.170093
1255.24,0.125519
1131.89,0.111942
1041.16,0.104107
2001.21,0.199881
3096.84,0.309635
2829.72,0.282794
943.109,0.0942934
2067.28,0.206717
489.804,0.0489763
1045.01,0.104343
1021.66,0.102042
1025.32,0.102406
853.486,0.0851951
4990.09,0.498636
1367.65,0.136726
856.19,0.0856133
521.44,0.0521281
1488.88,0.148874
1150.07,0.11498
1681.65,0.168005
1105.83,0.110497
825.167,0.0825148
803.971,0.0803938
668.353,0.0668143
860.31,0.0860047
811.697,0.0811569
1523.41,0.152058
1976.91,0.197447
762.873,0.0762256
1562.1,0.15614
1496.48,0.145804
1031.61,0.103154
994.441,0.0994263
607.067,0.0607031
1422.15,0.141943
1485.87,0.148557
1973.98,0.197355
1004.65,0.100414
1280.46,0.127746
1438.38,0.143755
2213,0.220993
1219.68,0.121954
1828.96,0.182864
2413.42,0.241132
1102.22,0.110218
1565.88,0.156538
2160.22,0.215887
581.33,0.0581258
1446.99,0.144611
1248.36,0.124828
826.287,0.0826248
2833.32,0.283026
856.074,0.0856001
870.232,0.0869897
3566.56,0.355978
1256.4,0.125614
1243.41,0.124293
1091.15,0.109089
1469.59,0.14682
1077.81,0.107712
1691.15,0.168956
4787.41,0.478454
1789.43,0.178902
653.302,0.0653298
1412.54,0.141007
1291.55,0.129127
1762.9,0.176197
2633.1,0.263125
1586.47,0.15848
647.881,0.0647859
1255.18,0.125508
1873.93,0.187376
559.423,0.0559183
822.329,0.0822031
3745.23,0.374427
1297.81,0.129779
1578.76,0.15785
1095.88,0.109351
921.036,0.0920875
1220.27,0.121943
1391.98,0.139064
687.377,0.0677531
1630.46,0.163036
953.833,0.0953269
876.867,0.0876794
741.818,0.0740933
1139.23,0.11385
1326.88,0.132674
2070.72,0.206894
1639.79,0.163858
2058.84,0.203358
1725.3,0.172461
1090.75,0.109042
728.225,0.0728208
1128.82,0.112711
1613.3,0.160324
1216.49,0.121596
1254.56,0.125364
944.716,0.0944583
976.712,0.0976639
1264.96,0.126493
6453.1,0.644021
929.434,0.0928865
2326.36,0.232579
1043.33,0.104301
1342.45,0.134193
890.296,0.0890007
1738.39,0.173144
563.393,0.0563226
2469.96,0.246811
1337.21,0.133097
1173.33,0.117311
1109.68,0.110943
1632.87,0.163185
922.252,0.0922127
5943.48,0.594218
2218.12,0.221469
2139.41,0.213891
808.606,0.0808496
925.756,0.0925536
1355.9,0.135585
1053,0.105256
1136.9,0.113487
986.421,0.0986375
957.638,0.0952893
1953.07,0.195114
1084.36,0.108126
1221.92,0.121872
1447.28,0.144667
926.869,0.0926794
3441.06,0.343863
2553.63,0.255199
1145.88,0.114583
843.625,0.0843483
1234.29,0.123425
2447.52,0.242627
1456.93,0.145627
684.662,0.0684552
1053.98,0.105347
14326.7,1.4231
1124.62,0.11245
812.503,0.0812362
956.798,0.0956762
816.479,0.0815463
995.958,0.0995767
1169.69,0.116718
23319,3.05864
1441.07,0.143951
1154.18,0.11541
4178.53,0.417671
1084.19,0.108273
1333.6,0.133275
1079.09,0.107898
2005.38,0.200459
958.128,0.0957982
2013.32,0.201297
1753.44,0.175253
1152.93,0.115108
2043.06,0.204285
1107.94,0.110719
2077.33,0.207547
1071.15,0.107107
1011.84,0.101161
2290.37,0.22884
633.704,0.0631584
1282.29,0.127974
4869.04,0.486764
1007.54,0.100737
730.702,0.0729914
1264.05,0.126368
1751.72,0.175068
1358.2,0.135177
864.373,0.086404
1315.7,0.13156
1600.05,0.159774
1767.81,0.176749
6366.03,0.635341
1704.93,0.170207
2029.95,0.202957
1608.71,0.159877
1522.45,0.150857
2110.67,0.210872
1365.15,0.136511
1569.82,0.155153
1094.5,0.109433
4918.9,0.491455
4616.62,0.460931
1425.25,0.14248
2148.38,0.214472
823.759,0.0823565
1124.05,0.112388
957.518,0.0957418
740.414,0.0740232
936.517,0.0936353
2342.92,0.233933
1669.94,0.166974
1003.83,0.100354
841.299,0.0837993
1279.32,0.12787
1500.22,0.149869
1057.82,0.105762
3418.59,0.341494
1673.78,0.167307
4007.25,0.4005
949.634,0.0947409
9998.42,0.997502
2748.32,0.274156
1169.66,0.116962
1042.67,0.104101
926.272,0.0924697
946.535,0.0946305
1191.12,0.119029
9169.99,0.914336
601.637,0.0600649
852.531,0.0852051
880.017,0.0879385
2890.57,0.288734
1568.86,0.156453
1833.11,0.183284
1014.73,0.0997358
708.249,0.0708125
1054.37,0.105394
945.141,0.0944962
1725.86,0.172344
1340.9,0.133553
1025.07,0.102449
761.702,0.076158
999.077,0.0998909
853.999,0.0853764
1136.54,0.113648
3432.2,0.337817
1218.84,0.121789
10217.1,1.01713
2016.77,0.20118
2221.74,0.221874
1149.37,0.114928
830.634,0.0830566
841.525,0.0840794
1823.69,0.181946
1976.06,0.197507
1013.89,0.101274
1882.9,0.188245
3584.43,0.357588
794.691,0.0794637
2613.87,0.261139
1300.94,0.129988
454.093,0.0453569
1454.69,0.145391
5505.6,0.550262
1173.71,0.117248
728.569,0.0725852
882.016,0.0881923
878.075,0.0877898
4522.98,0.452022
1398.39,0.139714
1572.14,0.157124
709.77,0.0709722
1096.17,0.109614
1331.56,0.1331
1047.74,0.104769
781.282,0.0780629
2476.63,0.247636
823.801,0.0823755
1557.51,0.155524
1830.41,0.183024
1753.22,0.175286
979.562,0.097922
15620.3,1.55863
5647.57,0.563759
741.186,0.0741171
1154.42,0.115335
1180.97,0.11807
1879.51,0.187868
4229.77,0.422281
1190.54,0.119008
1099.34,0.109917
1636.35,0.163307
1152.51,0.114924
1113.85,0.111359
844.457,0.0843809
769.023,0.0768971
692.179,0.0692062
1591.97,0.159167
1462.35,0.14594
1073.51,0.106912
728.082,0.0728018
2095.4,0.209461
1233.37,0.123324
1533.1,0.153296
738.979,0.073868
662.639,0.0662607
763.038,0.0762163
3092.31,0.309026
1309.87,0.130944
950.143,0.0948889
1394.1,0.139397
1381.79,0.137933
687.048,0.0686501
1596.52,0.159638
1320.85,0.131907
715.209,0.0715158
1079.04,0.107881
2670.19,0.266955
1100.88,0.11008
1534.28,0.153403
753.853,0.0753654
653.464,0.0652852
4215.1,0.42125
1451.08,0.144982
876.436,0.0876399
2658.19,0.265751
1103.18,0.110301
3702.71,0.369759
786.884,0.0786073
998.414,0.0998099
1745.95,0.174501
2107.03,0.210497
2195.96,0.219488
1881.07,0.188068
5024.79,0.502061
716.206,0.0715671
1128.3,0.112784
1606.92,0.160657
1658.89,0.165842
1050.54,0.105015
1721.89,0.172063
906.525,0.0905921
1174.83,0.117389
1258.05,0.125751
1678.27,0.16773
1653.34,0.165001
1053.49,0.105346
1903.2,0.190226
580.501,0.0578326
1073.12,0.107277
1219.67,0.121964
847.614,0.0846497
2054.26,0.205406
1570.38,0.156959
1275.25,0.127508
658.184,0.065816
2656.74,0.265321
1208.8,0.120874
2656.85,0.265527
929.22,0.0929204
947.104,0.0946777
853.428,0.0852786
1137.5,0.113706
3707.52,0.37039
1688.83,0.168703
1003.7,0.100368
695.994,0.069536
1935.47,0.193423
667.859,0.0665756
1132.21,0.113219
3756.45,0.375079
640.166,0.0640067
2983.39,0.29795
943.699,0.094346
731.758,0.0731684
1726.57,0.172628
1495.32,0.149516
1363.8,0.136362
1628.94,0.16281
1105.22,0.110495
951.795,0.0951582
3440.21,0.342828
1266.97,0.126652
710.564,0.0710531
982.982,0.0982629
851.329,0.0849989
866.469,0.0866312
676.66,0.067661
873.421,0.0869003
9648.93,0.964677
1423.73,0.142236
747.948,0.0747831
882.721,0.0879904
1219.6,0.12185
3297.77,0.329724
3007.65,0.299992
1360.49,0.136028
1011.26,0.101117
1286.52,0.128625
851.45,0.0851432
1156.73,0.115654
983.886,0.0981663
17194.9,1.71647
1240.09,0.123605
1443.18,0.144239
1196.58,0.119377
855.327,0.085523
2011.72,0.201078
4050.24,6.23944
3517.98,0.351144
995.785,0.0994806
2794.88,0.27918
926.297,0.092592
3346.77,0.334285
1792.87,0.179256
1321.49,0.132009
1764.44,0.175828
875.549,0.0875267
1892.23,0.189194
1052.94,0.105207
3671.81,0.367051
1886.2,0.188232
991.361,0.0990964
605.362,0.0604834
1588.83,0.15872
1317.35,0.131689
1471.36,0.147093
813.268,0.0813142
1237.11,0.123671
1246.51,0.124454
8674.6,1.11888
659.168,0.065882
1356.26,0.135617
1351.37,0.134518
1389.02,0.138071
2032.25,0.203045
3422.7,0.342044
921.255,0.0921051
1131.12,0.113019
948.702,0.0948603
476.045,0.0476034
1271.3,0.127043
8899,0.887988
974.645,0.0973498
542.803,0.0542613
1522.36,0.152104
586.848,0.0586842
1059.51,0.10592
733.377,0.0733339
938.524,0.093788
1003.97,0.100143
1204.09,0.120399
1097.72,0.109739
665.349,0.0665189
1808.75,0.180798
1462.15,0.145943
1197.65,0.119678
1539.7,0.153939
1171.65,0.117162
927.928,0.0926778
1692.17,0.169041
919.142,0.091901
1082.1,0.108196
2015.7,0.201343
756.067,0.0755758
4649.94,0.463979
960.826,0.0959802
2109.52,0.210615
3759.17,0.3752
956.075,0.0955856
554.127,0.0553512
1500.8,0.149944
1101.32,0.110016
910.526,0.0910442
1831.76,0.183088
644.399,0.0643761
877.758,0.0877428
989.807,0.0987502
545.718,0.054571
893.083,0.0892992
779.854,0.0779826
971.705,0.0971503
795.412,0.0795253
1380.88,0.138006
775.682,0.0775452
1256.71,0.125639
1008.17,0.100721
1042.35,0.104184
1168.67,0.116858
1037.18,0.103548
1100.01,0.10997
995.186,0.0995111
2281.89,0.22807
1119.49,0.111911
692.105,0.0691665
2465.57,0.24652
6252.74,0.63429
745.159,0.0744813
2154.81,0.215463
1197.6,0.119755
1135.37,0.113526
4838.72,0.483338
1626.28,0.159732
2920.45,0.2919
2165.9,0.216423
1396.88,0.139538
1084,0.108358
1211.22,0.121075
1912.17,0.191167
1118.56,0.111802
652.277,0.065216
518.007,0.0517564
1608.38,0.160813
1225.1,0.122309
715.975,0.0715932
4671.37,0.466917
1520.24,0.152003
4643.9,0.463876
891.369,0.0890955
1049.3,0.104926
1105.22,0.110476
2211.32,0.220788
666.533,0.0666396
572.114,0.0571705
2179.44,0.217839
1075.06,0.107476
768.157,0.0768012
2342.5,0.233906
1513.17,0.151292
1873.92,0.187238
1726.06,0.172403
999.559,0.0996779
1367.34,0.136698
1552.27,0.155155
3645.15,0.364012
1052.94,0.10502
959.7,0.0959284
1740.78,0.173955
1020.98,0.101886
3258.9,0.325855
1632.23,0.163151
956.411,0.0955899
907.653,0.0907571
828.383,0.0828203
1143.61,0.114246
2157.7,0.215713
1194.2,0.119407
1901.16,0.189962
1761.27,0.176121
2305.49,0.230426
3161.54,0.316018
695.205,0.0693818
1249.11,0.124863
827.388,0.0827199
1660.31,0.165966
963.827,0.0962388
1050.69,0.105035
1315.1,0.130705
1732.55,0.173207
1085.6,0.108451
275.862,0.0275528
1534.59,0.153427
3813.96,0.380199
1883.56,0.188205
3369.83,0.336742
849.259,0.0848909
1493.01,0.149286
1722.23,0.172175
1852.9,0.184762
867.79,0.086767
647.703,0.0647443
933.473,0.0933002
2004.28,0.200356
980.833,0.0980091
1241.81,0.124173
1064.68,0.106438
2288.52,0.228813
2168.08,0.21629
530.125,0.0529991
827.905,0.082764
1270.17,0.126947
2003.51,0.200276
1353.15,0.135305
628.338,0.0628151
616.494,0.0616268
1195.62,0.119544
1036.66,0.103559
1160.8,0.116031
865.892,0.0865739
2052.22,0.205189
988.135,0.0984876
1478.84,0.147857
557.726,0.0557384
1013.87,0.101355
1006.91,0.100677
954.238,0.0954173
2007.51,0.200674
1617.12,0.161639
1008.3,0.100795
1195.6,0.119531
1046.72,0.104666
678.872,0.0677418
2132.19,0.213182
10093.9,1.00877
1961.17,0.196099
1452.55,0.145145
3278.93,0.327444
1231.81,0.123096
2245.99,0.224385
1478.06,0.14773
1675.51,0.167545
1981.66,0.197486
1479.82,0.147918
976.532,0.0975846
1589.09,0.158898
1827.01,0.182571
1407.61,0.140722
1212.18,0.121
3024.43,0.302138
3919.48,0.391602
1459.01,0.14579
553.442,0.0553164
1706.77,0.170623
1726.21,0.172329
842.553,0.0842205
970.524,0.0966031
1935.05,0.193442
908.786,0.0908749
1611.31,0.160961
2127.41,0.212643
934.84,0.0934729
1176.06,0.1176
1856.79,0.185641
2047.45,0.204737
1015.03,0.101482
1397.62,0.139726
1080.97,0.108052
2040.1,0.203754
2510.01,0.250813
683.798,0.068366
1020.83,0.102018
944.901,0.0944749
1324.81,0.132465
1500.03,0.149963
1117.2,0.111585
752.577,0.0749029
782.356,0.0781488
1204,0.120237
840.324,0.0839979
3065.07,0.306347
1232.33,0.1231
1181.9,0.118161
1266.39,0.126502
908.329,0.0906578
1186.48,0.118552
4031.33,0.402737
782.232,0.0782219
756.939,0.0756737
1917.34,0.191676
788.797,0.0788159
894.749,0.0894036
734.705,0.0734624
1186.19,0.118396
1209.95,0.120942
1043.5,0.104333
1554.44,0.155425
2069.31,0.20689
1153.35,0.115066
1923.77,0.192297
1342.91,0.13428
846.321,0.0845439
2068.76,0.206207
945.777,0.0945717
586.314,0.0585501
1139.56,0.113812
1745.44,0.174465
1260.38,0.126002
1791.68,0.178345
784.535,0.0784428
657.827,0.0657743
1221.68,0.122052
2223.38,0.222126
8839.48,0.879868
1022.1,0.10212
1370.17,0.136863
2004.9,0.20041
517.674,0.0516599
2683.63,0.268327
1154.17,0.115376
1891.3,0.189068
705.31,0.0702393
1972.03,0.197108
890.942,0.0890863
665.325,0.0664673
803.261,0.0803103
1137.7,0.113736
1229.35,0.122912
1864.74,0.186213
1050.88,0.104898
758.939,0.0758668
770.767,0.0769302
546.992,0.0546915
1595.84,0.15947
785.037,0.0784485
2542.36,0.254197
1948.6,0.145341
5072.26,0.506998
1257.47,0.125677
1302.62,0.130243
2169.23,0.216845
1837.46,0.18334
1178.59,0.117767
3581.58,0.357913
855.392,0.085404
594.222,0.0592945
689.946,0.0689905
774.695,0.0773469
654.601,0.0654443
1241.28,0.124116
962.437,0.0962224
1184.53,0.118384
1906.09,0.190549
764.62,0.0764331
5277.28,0.526914
908.899,0.0908837
2333.81,0.232725
666.832,0.0666595
717.775,0.0717368
1085.43,0.108502
1250.49,0.124981
3236.87,0.322031
2072.43,0.207057
2988.22,0.298643
814.222,0.081418
713.556,0.0713471
1214.95,0.121259
688.166,0.0687851
1523.33,0.15232
838.725,0.0838524
2046.69,0.204592
1186.91,0.118672
1691.62,0.169127
1675.66,0.167323
1275.47,0.127506
1454.51,0.145424
1456.66,0.141811
931.601,0.0931498
705.968,0.0705441
1617.82,0.16174
2421.18,0.242075
600.399,0.0600262
1094.09,0.109404
2545.54,0.254528
664.156,0.0664043
905.578,0.0905499
3913.47,0.391218
1107.3,0.110635
2099.49,0.209911
1182.19,0.118204
666.647,0.0666598
6694.98,0.666357
1614.41,0.1613
1856.45,0.185629
1751.73,0.175073
1335,0.133436
1679.61,0.167743
1035.16,0.103427
1005.38,0.100503
793.269,0.0793175
597.145,0.0597093
1051.1,0.10505
1101.95,0.110166
1776.99,0.176951
1596.51,0.159566
825.234,0.0824986
1065.89,0.106574
4150.91,0.415041
1575.17,0.157416
1642.22,0.164218
1319.48,0.1319
1338.2,0.133798
686.315,0.0685931
682.371,0.0682299
1353.31,0.135294
1177.46,0.117718
559.74,0.0558632
2148.51,0.214586
1258.32,0.125768
806.535,0.0806502
1657.02,0.165549
1702.44,0.169962
1239.55,0.123691
726.095,0.0725984
1022.85,0.102209
2861.95,0.28608
1145.17,0.114466
1264.24,0.126394
3398.29,0.33953
7956.16,0.795247
2117.29,0.21161
2919.78,0.291856
699.432,0.0699357
1697.2,0.169686
2001.5,0.200081
787.71,0.0786471
1077.97,0.107743
2897.66,0.289375
1291.45,0.128968
3691.11,1.20493
4268.14,0.426602
2294.31,0.229385
1274.73,0.127437
759.699,0.075968
3402.12,0.340001
1548.88,0.15487
1454.2,0.145255
1511.99,0.151195
1623.07,0.16197
965.383,0.0964894
1193.78,0.119309
1040.32,0.103965
890.719,0.0890608
812.631,0.081254
1032.43,0.103165
1058.54,0.105824
1765.95,0.176201
1412.69,0.141211
1516.91,0.151662
1682.39,0.168215
1313.39,0.131307
1634.02,0.163314
900.24,0.0899959
563.056,0.0562909
1233.22,0.123117
3082.4,0.307079
1086.02,0.108518
3260.99,0.325909
974.508,0.0971297
8038.15,0.803265
1952.55,0.194986
904.719,0.0903668
1878.24,0.187496
1083.44,0.108324
1007.22,0.100714
1012.87,0.101224
765.697,0.076534
4850.44,0.484431
2489.32,0.248633
1149.08,0.114875
928.221,0.0928144
1634.17,0.163237
1243.14,0.124308
697.325,0.0696864
965.393,0.0965151
1474.56,0.1473
2574.24,0.152415
7297.81,0.729335
974.035,0.0972157
2341.05,0.234037
3178.49,0.317593
1831.61,0.182789
878.859,0.0878477
709.296,0.0709256
595.968,0.0595858
1779.02,0.177836
1347.43,0.13473
1210.57,0.12094
868.928,0.0868907
1254.24,0.125291
1274.64,0.127451
1600.2,0.159503
979.914,0.0979712
867.413,0.0867192
1318.21,0.131777
1115.88,0.11055
1173.2,0.117191
1114.05,0.111222
1403.33,0.140309
591.64,0.0591368
835.078,0.0835036
1024.55,0.102334
1273.48,0.127271
1331.26,0.133114
1023.68,0.102354
1501.63,0.150139
10767.1,1.0726
967.211,0.0966661
1662.96,0.166259
2688.77,0.26779
483.079,0.0483069
1498.88,0.149867
1451.96,0.145121
1054.91,0.105469
1787.73,0.17869
1159.83,0.115926
651.493,0.0651357
1420.74,0.141958
1352.21,0.134826
4136.5,0.413433
1250.75,0.125055
1765.76,0.176534
1931.16,0.193037
1805.88,0.180462
7936.48,0.791656
856.419,0.0855375
5592.03,0.55892
853.714,0.0853684
1620.63,0.16204
1883.38,0.188285
2679.82,0.267936
1107.87,0.110709
985.779,0.098548
1176.84,0.117664
2665.28,0.266467
1502.31,0.149978
1572.78,0.157183
1111.18,0.11107
884.128,0.0884037
952.943,0.0952513
888.866,0.0888756
1453.79,0.145353
697.571,0.0697535
793.309,0.0792973
766.761,0.0766421
972.417,0.0971462
1008.18,0.100754
1107.04,0.110695
1060.82,0.106049
708.301,0.0707588
881.933,0.088027
6921.41,0.690687
2103.97,0.210359
1426.76,0.14261
1022.15,0.101968
1218.99,0.121889
893.383,0.0884033
1441.82,0.144152
2588.97,0.258435
1916.64,0.191555
1437.19,0.143634
2950.03,0.294488
1283.08,0.128277
1029.19,0.102891
881.689,0.088164
1950.79,0.195034
1270.78,0.12706
1193.73,0.119365
1287.91,0.128755
3485.41,0.348073
801.728,0.0801678
14346.3,1.42476
974.411,0.0973872
1111.33,0.111008
1667.63,0.166686
2005.29,0.200407
1022.53,0.10222
1052.65,0.105258
1279.31,0.127851
1163.5,0.116117
1493.7,0.149327
2421.75,0.241813
1946.06,0.194456
779.38,0.0779299
1031.23,0.103119
557.621,0.0557297
2839.22,0.283622
1751.1,0.175089
1471.55,0.146969
2294.44,0.228669
2964.84,0.296428
1143.08,0.114284
806.514,0.0806503
1277.38,0.127681
885.191,0.0884617
813.614,0.081316
1022.61,0.102242
1138.11,0.113802
1057.46,0.105683
3898.71,0.389759
4571.81,0.456337
5531.36,0.551881
1041.31,0.104119
2236.18,0.223068
1517.17,0.151696
735.176,0.0734922
1025.54,0.102538
1279.93,0.127972
1964.74,0.196458
879.286,0.0879126
694.315,0.0693511
789.277,0.078911
903.823,0.0903632
922.111,0.0921217
1277.64,0.127694
2785.31,0.278405
815.207,0.081452
445.958,0.0445893
1159.72,0.11597
880.465,0.0879616
1336.29,0.133494
1327.69,0.132743
1475.98,0.147482
1207.42,0.12058
1052.59,0.105224
921.653,0.0921457
669.988,0.0669956
1019.14,0.101888
2080.54,0.207587
2127.28,0.212416
781.947,0.078051
1186.12,0.118558
2272.11,0.226938
1644.46,0.164371
1233.08,0.123212
1738.19,0.173584
815.364,0.0814541
482.805,0.0482751
964.632,0.0963275
1076.11,0.107513
875.378,0.0867522
1745.63,0.174235
726.392,0.0726286
1243.7,0.124071
2330.56,0.233008
590.512,0.0590359
2091.9,0.208985
1120.23,0.111978
825.469,0.0825201
702.528,0.0702418
9309.9,0.92779
684.237,0.0683515
1832.65,0.182968
1900.86,0.190059
1098.26,0.108476
1495.03,0.149291
1768.93,0.183289
1088.69,0.108858
9553.87,0.954798
967.466,0.096687
1216.84,0.121658
2589.71,0.258893
1052.39,0.105234
638.878,0.0638424
1146.42,0.114534
2101.75,0.209353
731.317,0.0728617
1976.92,0.19762
1340.7,0.134059
10076.8,1.00259
1129.79,0.112965
416.984,0.0416792
897.426,0.0894925
3177.27,0.317692
761.119,0.0761037
1983.2,0.198206
1479.46,0.147703
1788.39,0.178773
1023.31,0.102325
695.509,0.0695497
920.624,0.0919639
2424.87,0.242394
1012.67,0.100695
1213.48,0.121309
815.996,0.0815977
881.529,0.0881466
1086.04,0.108547
10517.5,1.04983
860.943,0.0860684
646.127,0.0646091
1141.02,0.114097
1062.3,0.106207
4391.59,3.82389
934.957,0.0934936
2055.04,0.205435
932.483,0.0932351
1056.92,0.105628
1603.74,0.15873
852.055,0.0851892
871.185,0.0870635
1252.13,0.125162
1148.83,0.112715
683.769,0.0682736
840.792,0.0837742
766.985,0.0766734
761.687,0.0761631
1948.19,0.194637
20220.8,2.0182
1251.02,0.124745
1993.28,0.199282
857.863,0.0857073
1614.92,0.161432
2099.12,0.209641
1581.34,0.157682
2258.23,0.225714
845.998,0.0845558
1297.26,0.129491
840.749,0.0840585
1697.71,0.168941
2795.1,0.279375
474.697,0.0474068
2070.45,0.206975
1507.82,0.15065
1420.06,0.141996
1516.54,0.151554
1307.24,0.129956
1946.83,0.194569
1673.05,0.167131
912.829,0.0908358
886.055,0.0886015
2012.64,0.20115
535.367,0.0535026
1015.5,0.101547
3124.57,0.312425
793.767,0.0793504
1457.73,0.145736
1195.28,0.119489
1454.7,0.14544
1459.38,0.145874
919.148,0.0919059
711.501,0.0711393
683.701,0.0683208
2463.63,0.246345
1100.68,0.109647
1081.11,0.107905
1057.27,0.1057
1658.38,0.165727
658.258,0.0658083
2024.74,0.202299
2017.74,0.201517
792.249,0.0792
643.649,0.0642441
6963.12,0.673444
1100.59,0.110032
2435.46,0.243487
1357.64,0.135697
1034.74,0.103457
2720.78,0.272059
1668.43,0.16681
2233.18,0.223254
1049.49,0.104923
3233.74,0.323118
1228.15,0.122778
1402.08,0.140142
2610.03,0.260923
1183.52,0.118308
743.388,0.0742755
2165.67,0.216383
594.535,0.0594083
928.223,0.0928059
6492.24,0.649098
1052.94,0.105287
1917.71,0.191713
1492.3,0.149177
964.04,0.0960466
2460,0.245849
5965.07,0.594891
1081.97,0.108122
1910.64,0.190952
1152.81,0.115082
3137.82,0.312766
1476.43,0.1476
4375.29,0.436501
1168.03,0.101845
829.967,0.0829679
1041.34,0.104113
1232.55,0.121837
715.736,0.0714907
1091.68,0.109153
801.369,0.0801169
1952.02,0.195192
747.21,0.0746541
819.664,0.081914
1007.9,0.100728
1079.52,0.107908
1314.11,0.131361
756.106,0.0755921
961.493,0.096139
753.343,0.0753227
954.37,0.0954342
1123.96,0.112381
1463.43,0.146319
940.065,0.0939858
1971.06,0.197074
1603.25,0.160298
895.037,0.0894709
1280.73,0.128068
1133.9,0.113341
3380.46,0.337639
986.913,0.0986513
869.911,0.0869817
1286.62,0.128472
826.836,0.0826774
1415.97,0.139603
1270.94,0.126973
1170.3,0.116233
1055.6,0.105552
687.427,0.0687209
1017.74,0.101771
2205.47,0.220221
813.275,0.0812877
1580.47,0.157912
1128.39,0.112809
1851.34,0.185042
1963.27,0.196139
701.201,0.0700914
850.269,0.0849658
1953.78,0.195341
700.98,0.0700254
4276.6,0.426974
944.548,0.0943861
1405.02,0.140486
1069.1,0.10686
2559.33,0.255713
1612.5,0.161223
1011.99,0.101158
1792.78,0.179007
2006.2,0.200607
775.341,0.0774501
2514.96,0.251465
1863.38,0.186269
1022.07,0.102203
2272.68,0.227233
881.344,0.0881221
1231.82,0.122791
627.473,0.0627291
733.632,0.0733604
6917.15,0.667251
1299.32,0.129888
1342.98,0.134266
826.521,0.0826283
1266.27,0.126575
1484.27,0.148376
1737.18,0.173688
886.04,0.0885028
850.62,0.0850263
2133.09,0.213225
2197.49,0.219422
6392.08,4.08438
1331.74,0.133106
2756.16,0.275533
972.779,0.0972539
1985.58,0.19853
1769.44,0.176845
1624.39,0.162365
20102.6,2.49549
1692.28,0.169206
2435.46,0.243311
1778.42,0.177366
2207.97,0.220729
1106.25,0.110561
1816.35,0.181483
1556.74,0.155572
1616.49,0.161597
1190.77,0.118879
1194.19,0.119415
2262.62,0.225722
2021.91,0.201838
1115.14,0.111463
1201.09,0.119991
1247.58,0.124713
779.931,0.0779811
2054.97,0.205465
1748.55,0.17311
1035.33,0.103491
916.235,0.0916062
1321.75,0.132162
1422.37,0.142105
1058.36,0.105798
2601.18,0.258403
1546.45,0.154636
1958.76,0.195816
1032.3,0.103123
1475.17,0.14751
1090.21,0.108957
656.041,0.0655954
959.621,0.0955851
3146.92,0.314323
607.305,0.0607091
1036.38,0.103624
1446.27,0.144614
759.337,0.0758568
775.184,0.0774473
2801.88,0.27988
1328.67,0.132857
1285.3,0.127542
2333.87,0.233356
902.908,0.090238
491.576,0.0490644
11266.8,1.1242
1164.73,0.116429
1853.34,0.185286
554.675,0.0554644
1079.69,0.10772
2432.99,0.243105
4440.33,0.443644
2016.15,0.201483
2521.07,0.251897
1556.77,0.155167
676.554,0.06763
2062.77,0.206251
2764.35,0.27628
655.865,0.0655842
1030.02,0.102996
1878.79,0.187755
858.495,0.0857956
1272.91,0.127261
3487.93,0.348328
1621.97,0.162173
1008.1,0.1008
1909.68,0.190431
1833.26,0.183146
847.216,0.0846507
9002.49,0.895693
1480.81,0.148015
2758.55,0.275647
2628.1,0.262768
406.43,0.0406303
1470.56,0.146837
2680.74,0.267873
1068.48,0.106836
838.484,0.0838398
2025.16,0.202473
1643.28,0.164191
1069.17,0.10688
1081.44,0.108138
881.082,0.0880655
743.27,0.0743156
4076.64,0.407515
1160.09,0.115996
901.18,0.0900882
1669.63,0.166863
2299.67,0.197146
1454,0.145393
974.078,0.097391
1108.39,0.110792
711.645,0.0711279
1361.74,0.136029
848.128,0.0847743
1274.44,0.127417
828.94,0.0828031
1143.77,0.114235
916.796,0.0915534
2798.57,0.279721
2519.08,0.251817
1076.62,0.106795
1076.97,0.10769
1277.16,0.127685
773.75,0.0773379
2780.44,0.278032
576.845,0.0576166
961.872,0.09612
769.85,0.0769805
794.396,0.0793715
1617.34,0.16166
904.54,0.0902636
5978.63,0.597521
1999.87,0.199979
668.227,0.0668143
655.019,0.0654866
1019.64,0.10196
2950.09,0.294888
701.445,0.0701157
4041.87,0.403358
3671,0.366739
1431.94,0.143179
2160.44,0.215498
2494.16,0.249285
1716.67,0.171357
1929.18,0.192878
1256.51,0.125575
1916.14,0.191528
630.675,0.0630182
748.231,0.0747188
804.333,0.0804014
765.534,0.0765385
1026.09,0.102606
4703.54,0.469035
1578.36,0.157726
789.635,0.0788455
1014.74,0.101273
856.947,0.0856854
1238.47,0.122549
2725.7,0.272468
2123.78,0.212161
829.471,0.0829425
892.767,0.0892571
1860.94,0.185828
630.248,0.0628245
1922.89,0.192197
1111.49,0.111097
18400.5,1.83427
673.538,0.0673469
1185.95,0.118559
813.339,0.0812985
2113.53,0.211196
1676.22,0.166823
726.232,0.0726179
961.138,0.0961088
2303.61,0.230048
2646.13,0.26449
1605.09,0.160332
384.933,0.0384916
658.556,0.0658482
3604.95,0.359672
943.317,0.0943098
576.977,0.0576952
718.584,0.0714042
1381.6,0.138089
912.355,0.0912032
1925.6,0.192001
1250.53,0.12476
1176.92,0.11764
1083.81,0.108345
5081.35,0.507932
807.858,0.0807671
864.717,0.0862491
2349.29,0.234786
2848.71,0.283558
2320.27,0.231763
1197.59,0.119735
1399.65,0.139883
844.698,0.0843216
2234.67,0.223334
3292.89,0.328965
691.181,0.0691108
2134.11,0.213102
9529.24,0.946699
686.915,0.0686737
1381.5,0.138043
1416.7,0.141469
1399.89,0.139947
2087.05,0.208493
668.495,0.066831
1636.15,0.166368
1123.56,0.112287
2798.46,0.279518
1366.55,0.136643
1769.67,0.176806
1687.81,0.168741
597.483,0.0595798
5508.8,0.550032
8647.31,0.862544
1549.89,0.154917
6850.34,0.683249
2146.08,0.214327
863.324,0.0863289
1964.53,0.196438
2329.41,0.232691
2035.47,0.203055
998.102,0.0984948
2106.7,0.210646
2351.83,0.235138
864.853,0.0864819
855.334,0.0854144
1138.25,0.113755
4049.83,0.404728
1303.72,0.130357
764.263,0.0764156
1014.94,0.101473
1075.52,0.10753
727.121,0.072563
684.972,0.0684525
1139.25,0.113848
8531.6,0.852432
2393.54,0.239258
968.842,0.0968116
1495.69,0.149344
2327.85,0.232751
1308.32,0.130827
1326.3,0.132628
934.695,0.0934674
2572.45,0.256943
871.002,0.0869888
718.334,0.0718314
775.436,0.0765546
2197.44,0.219681
1097.16,0.109608
1087.75,0.108734
905.107,0.0905064
904.097,0.0919898
4865.14,0.485441
1354.98,0.135419
1366.26,0.136607
2807.44,0.280685
824.152,0.0823978
988.682,0.0987913
748.668,0.0747088
1112.49,0.11121
1219.22,0.12186
1010.4,0.0983718
1019.71,0.101849
775.868,0.0775561
1110.37,0.111008
1516.71,0.151651
1106.19,0.110452
3070.29,0.306793
1104.33,0.110411
928.497,0.0928065
589.651,0.0589464
1595.49,0.15951
1849.94,0.184656
760.553,0.0760051
798.531,0.0798256
1694.52,0.16938
550.9,0.0550413
820.972,0.0820652
1713.47,0.171309
1450.5,0.144993
1694.06,0.169221
2325.47,0.232354
2069.8,0.206928
2965.1,0.296212
3055.72,0.305454
1859.48,0.18578
1056.47,0.105584
1123.21,0.110626
2552.08,0.254903
1107.47,0.110742
3674.03,0.36732
540.267,0.0532752
1398.37,0.139176
720.945,0.0720929
625.238,0.0624998
1419.55,0.141893
699.671,0.0698581
1376.63,0.137605
1383.9,0.138352
952.196,0.0951988
1337.8,0.133745
1892.5,0.189188
1602.89,0.160148
850.375,0.0849579
1883.91,0.18832
761.357,0.0761268
3769.05,0.376679
722.67,0.072238
697.849,0.0697804
1219.52,0.121825
1741.17,0.174041
956.714,0.0955294
2738.08,0.273612
2830.43,0.240099
2620.98,0.261984
678.276,0.0678231
943.175,0.0943058
1297.43,0.129666
2313.87,0.231297
674.742,0.0674312
2518.05,0.2517
813.637,0.081357
1007.12,0.100689
1302.02,0.129709
1036.28,0.103617
2182.11,0.217996
907.104,0.0906811
1077.94,0.107792
1559.36,0.155925
1255.33,0.125223
812.449,0.0811688
937.524,0.0937131
904.573,0.0904534
1312.65,0.13107
1238.97,0.123818
1372.86,0.137272
868.07,0.0868027
817.421,0.0816976
1388.04,0.138496
1525.98,0.152526
1154.82,0.115475
888.055,0.0887695
1619.57,0.161928
324.095,0.0324076
1068.84,0.106818
1284.69,0.128296
626.885,0.0626062
2427.86,0.242584
544.936,0.054419
1798.57,0.17971
6151.69,0.614454
1065.13,0.106052
843.833,0.0843334
691.666,0.0691643
2033.12,0.203268
588.971,0.0588701
1095.83,0.109562
1544.16,0.154405
746.628,0.0745817
403.447,0.0403383
1266.35,0.126596
2127.93,0.212759
1610.34,0.160939
1147.34,0.114718
1068.01,0.106592
748.443,0.0745654
657.076,0.0651483
2651.36,0.264949
1378.5,0.137789
1773.98,0.177347
972.529,0.0971886
1459.01,0.145871
1394.08,0.139372
2072.15,0.207066
2216.51,0.220955
1526.94,0.152661
1042.45,0.104188
1435.86,0.143544
891.994,0.0885433
669.239,0.0669065
736.873,0.073664
740.803,0.0740211
2911.5,0.290735
1808.59,0.180796
1846.93,0.184582
2450.77,0.244561
1192.45,0.119084
1722.39,0.168688
2075.97,0.207042
2456.35,0.245332
1010.73,0.101057
619.476,0.0618546
1638.28,0.16355
3467.21,0.346577
1319.38,0.13191
1359.95,0.13558
417.064,0.0416609
1522.43,0.152221
1642.18,0.16416
1051.17,0.105097
965.179,0.0964598
722.045,0.0722015
1923.12,0.191312
19129.4,1.91108
1022.12,0.101414
523.326,0.052288
1241.26,0.124093
1437.98,0.143788
709.473,0.0709164
750.077,0.075
1104.37,0.110393
1950.84,0.195073
359.296,0.0358568
1404.53,0.140389
3647.4,0.364699
1542.04,0.153683
837.752,0.0837528
554.541,0.0554457
1260.17,0.125984
1797.28,0.179597
2318.35,0.231741
1046.33,0.104595
877.733,0.0871115
803.354,0.0794138
10658.1,1.06447
833.99,0.0833553
1738.85,0.173841
508.271,0.0508012
1078.57,0.107824
909.617,0.0909472
894.792,0.0894255
702.494,0.0702366
879.764,0.0879668
1489.84,0.148718
1572.55,0.1572
980.235,0.0979066
874.65,0.0864709
791.486,0.079133
1036.51,0.103521
1438.41,0.143824
1423.81,0.142373
1959.97,0.19573
1752.61,0.175158
1299.17,0.129902
1341.83,0.133945
1368.7,0.136861
899.731,0.0899707
536.823,0.0536789
898.286,0.0869955
1239.86,0.123638
930.694,0.0929908
1010.6,0.100878
2817.49,0.281698
1165.63,0.11649
1026.53,0.102591
1068.87,0.106823
10572.4,1.05967
2107.6,0.209788
1139.45,0.113637
1667.22,0.1667
1123.36,0.112269
1148.17,0.1148
1050.82,0.105005
1191.58,0.119151
893.717,0.0891807
1151.16,0.115108
2049.1,0.204879
1419.2,0.141916
824.606,0.081481
5700.64,0.56953
2070.61,0.206529
3413.74,0.341273
956.937,0.095682
2274.18,0.226957
2319.88,0.23197
689.413,0.0688767
660.09,0.0659026
2261.3,0.226058
1664.04,0.166193
1169.66,0.116911
1208.78,0.120841
5513.35,0.550467
1578.97,0.157758
1569.41,0.156846
1907.73,0.190627
1304.31,0.130379
1595.46,0.15935
1179.49,0.117879
704.955,0.0702033
760.501,0.0750463
803.388,0.0803307
1004.45,0.100431
751.828,0.0751475
1500.45,0.150028
1212.92,0.120985
1578.32,0.157548
2431.57,0.242958
608.118,0.060803
1122.95,0.112279
3965.6,0.392884
986.288,0.0985477
1816.01,0.181464
527.458,0.0527242
876.399,0.0876221
995.432,0.0995148
1962.43,0.196195
1070,0.106994
1412.13,0.141204
1105.84,0.110577
4189.02,0.418567
1336.08,0.13281
955.299,0.0953659
16065.4,1.60374
1568.98,0.156857
1161.27,0.11608
1298.29,0.129737
674.502,0.0674408
2254.65,0.225205
531.578,0.0531463
4990.55,0.498782
2154.86,0.215349
1181.21,0.118064
1509.7,0.150952
902.97,0.0902926
6027.28,0.60139
1784.72,0.178455
3667.55,0.366616
1458.25,0.145209
1517.12,0.151657
717.904,0.0716789
972.229,0.0972094
2032.68,0.203171
1356.39,0.135384
2086.44,0.20862
1912.17,0.191088
760.642,0.0760617
1120.58,0.111983
1134.79,0.113463
7305.21,0.729145
1486.63,0.148627
1746.26,0.174572
3807.42,0.38026
942.366,0.0941664
2311.37,0.184222
1019.58,0.101888
1010.14,0.100989
615.697,0.0614867
2188.61,0.218801
1155.72,0.115563
1200.22,0.120019
982.257,0.09815
2175.42,0.217099
783.194,0.078298
784.229,0.0784119
2542.45,0.254054
1393.26,0.139267
1169.24,0.116897
1292.65,0.129199
1532.17,0.149478
2078.4,0.207809
1605.68,0.160511
798.115,0.0797743
994.687,0.0993957
16334.2,1.61128
2830.95,0.282927
1545.41,0.154415
724.276,0.0723467
475.401,0.0475066
1571.96,0.157168
764.754,0.0763718
1153.6,0.115357
1602.59,0.160165
1085.56,0.1085
1947.06,0.194644
2678.33,0.267726
2089.52,0.208893
642.609,0.0642396
1002.22,0.0952802
1010.09,0.101001
2772.62,0.276929
2003.28,0.200309
1041.25,0.104093
1609.06,0.160885
998.047,0.0998005
622.856,0.0622683
1134.39,0.113411
1654.87,0.165438
732.603,0.0732543
1890.01,0.188932
751.506,0.0751166
1802.19,0.180107
676.479,0.0676274
16183.7,1.6096
732.673,0.0732533
1506.84,0.150644
1225.32,0.12247
1124.68,0.112457
796.952,0.0795826
3423.06,0.341575
6079.4,0.607479
898.183,0.0897932
471.656,0.0470354
2057.05,0.205592
1034.55,0.103433
945.616,0.0945143
1996.02,0.199324
1010.79,0.10104
4344.14,0.433914
1087.19,0.108657
1005.8,0.100397
1304.37,0.130044
685.75,0.0685679
757.266,0.0756699
701.659,0.0701605
683.071,0.0682981
1931.85,0.192746
3238.13,0.323629
1262.8,0.126258
1281.23,0.126666
771.509,0.077035
1918,0.191692
1496.66,0.149452
1175.08,0.1175
800.409,0.0800325
1294.81,0.129433
1069.81,0.106934
4118.3,2.18979
993.938,0.0990523
997.919,0.0997775
1865.97,0.186499
2310.36,0.230658
1492.85,0.14903
1549.13,0.154823
1077.53,0.107724
1087.52,0.108741
871.786,0.0871753
2300.69,0.230035
860.799,0.0860704
3002.21,0.300074
748.905,0.0748672
737.283,0.0737208
805.1,0.0804847
519.5,0.0519402
830.677,0.0830331
3781.49,0.377945
1097.27,0.109724
1693.64,0.169323
1365.83,0.136511
1806.21,0.180579
768.368,0.0768099
1391.51,0.139066
1033.54,0.103318
440.467,0.0440408
4221.93,0.42176
909.663,0.0909203
1011.9,0.101098
833.081,0.0832737
687.711,0.0687586
2332.41,0.233201
1758.46,0.17565
550.025,0.0548273
1048.96,0.104875
1779.94,0.177951
1642.35,0.164206
2995.87,0.162973
853.377,0.0853314
1847.62,0.18471
21467.4,2.11709
1272.19,0.12717
1041.65,0.104114
855.252,0.0855151
972.022,0.0971039
2976.44,0.297438
999.927,0.0997688
2056.43,0.204787
1357.83,0.135687
2142.48,0.214178
2012.28,0.201192
1089.7,0.108925
2254.18,0.225152
3335.1,0.333332
1282.4,0.128102
1022.25,0.102164
2164.11,0.216407
917.375,0.0916929
710.402,0.0707562
751.214,0.0750786
1521.36,0.152126
1577.17,0.157715
2725.08,0.271967
990.418,0.0989525
799.358,0.079838
2523.14,0.252214
746.066,0.0745845
1892.54,0.188894
2711.85,0.27113
1739.82,0.173955
1752.37,0.175156
3218.51,0.321149
1018.23,0.100856
843.349,0.083103
1189.23,0.118917
1582.35,0.158105
17702.5,2.8505
1541.71,0.154107
896.557,0.0896163
840.4,0.0840383
1474.24,0.146866
1856.29,0.185577
1831.76,0.183103
863.281,0.0862442
1876.5,0.187486
5919.46,0.589556
1621.15,0.161828
2804.91,0.280394
1380.52,0.138031
1174.91,0.117449
1042.49,0.104137
7218.77,0.719938
1396.17,0.139526
862.462,0.0862359
899.414,0.0898344
1164.91,0.112681
1892.52,0.18885
3348.98,0.3345
1501.21,0.150065
1121.86,0.112074
1159.66,0.115929
2372.09,0.237081
797.125,0.0796332
1163.91,0.11637
724.92,0.0724768
703.207,0.0702102
733.25,0.0733099
702.276,0.07018
1785.09,0.178426
1092.54,0.109229
3160.73,0.315944
1001.26,0.0999592
1403.03,0.140245
793.529,0.0793437
1176.13,0.117602
2470.91,0.243651
1171.71,0.11715
3161.54,0.313776
2156.48,0.21555
1516.2,0.151568
502.49,0.0502443
7383.9,0.736505
1113.77,0.11135
729.998,0.0729937
1622.42,0.16195
737.056,0.073695
1040.92,0.10401
1055.86,0.105574
619.322,0.0618486
847.045,0.0846422
963.736,0.096331
2143.27,0.214245
2108,0.21078
963.612,0.0962649
1270.32,0.126912
761.23,0.0755072
924.078,0.0923769
1672.51,0.167245
796.343,0.0796039
6853.77,0.684722
1613.27,0.161302
2761.1,0.275839
808.75,0.0807806
4421.28,0.442037
773.252,0.0772337
1246.62,0.124637
1583.31,0.158281
1132.67,0.113215
2429.07,0.242019
659.382,0.0659307
1132.06,0.11317
849.846,0.0849786
1388.15,0.138609
798.331,0.0797531
614.394,0.0614296
1847.61,0.184524
2912.86,0.29108
851.616,0.0850301
1326.91,0.132539
1130.73,0.113062
3274.98,0.326821
898.394,0.0898086
1432.8,0.141198
3423.45,0.341191
1985.29,0.198404
774.711,0.0774571
1609.41,0.160835
7557.98,0.754667
2619.32,0.261877
1061.71,0.106165
1020.13,0.101987
1093.44,0.109219
1020.48,0.101767
444.435,0.0444323
924.195,0.0923755
902.253,0.0901997
1522.86,0.152074
8627.25,0.861978
2286.81,0.228644
1522.4,0.152187
1854.62,0.185314
1906.7,0.190604
1357.69,0.135189
558.78,0.0558674
904.042,0.0903642
1242.35,0.124126
1829.08,0.182884
1098.07,0.109769
1290.11,0.129005
1118.16,0.111761
1209.86,0.120848
985.963,0.0985753
2077.59,0.207573
628.27,0.0627704
1381.19,0.137571
860.895,0.0848628
493.666,0.0493622
1128.84,0.112803
1011.49,0.10113
1068.45,0.106812
2002.44,0.200114
1991.35,0.198829
1128.92,0.112813
1628.61,0.162428
715.827,0.0715201
641.609,0.0641484
8304.36,0.827774
890.028,0.0889504
1575.45,0.156223
1595.9,0.159561
1800.59,0.179959
1018.65,0.101859
5197.17,0.51678
1866.75,0.186403
800.051,0.0800024
2048.79,0.204783
2519.03,0.251884
1275.83,0.127468
1437.51,0.143538
1025.16,0.102452
883.006,0.0882707
942.766,0.0942154
912.697,0.0912535
17855.1,3.12534
3309.1,0.330802
3067.09,0.306517
1498.81,0.14984
3079.75,0.307797
989.21,0.0987583
2290.26,0.228225
1565.11,0.156507
1527.7,0.152689
1364.3,0.136361
2939.34,0.293505
1535.42,0.15342
1037.11,0.103699
894.276,0.0894033
1258.67,0.125765
1814.51,0.181419
2045.32,0.204456
861.399,0.0861296
536.658,0.0536444
1495.69,0.149483
3330.92,0.332846
1302.37,0.130071
1129.08,0.112897
875.878,0.0875088
1000.89,0.0999692
1818.62,0.179377
911.167,0.0910542
702.381,0.0702254
1167.28,0.116709
878.367,0.087418
1265.65,0.126487
1484.79,0.148413
1503.57,0.150231
2009.6,0.20075
2940.91,0.293595
1359.4,0.135932
1893.28,0.18871
1231.57,0.123152
690.859,0.0690846
1656.8,0.165664
1399.37,0.13982
1013.57,0.101354
990.733,0.0985457
6274.36,0.62642
1612,0.161184
1960.15,0.195913
804.149,0.0804036
693.368,0.069328
1092.2,0.109151
816.063,0.0814839
3404.58,0.338624
1495.11,0.149479
791.695,0.0791524
1432.33,0.143098
680.666,0.0680544
859.399,0.0859148
1719.12,0.16641
1480.05,0.126071
2301.67,0.229872
11556.6,1.15462
1329.01,0.132876
913.138,0.0912413
3586.88,0.358633
1219.09,0.121898
1092.98,0.109266
2573.42,0.257259
2292.69,0.229263
3555.78,0.355417
781.194,0.0780962
1209.1,0.120437
2864.08,0.286168
1011.53,0.10111
1396.37,0.139631
1013.66,0.101324
2158.96,0.215038
1293.27,0.129299
990.104,0.098936
5813.95,0.580943
731.244,0.073093
1307.11,0.130659
1257.4,0.125654
867.167,0.0866857
1054.83,0.10537
5812.72,0.579954
1436.37,0.143446
748.355,0.0747928
772.66,0.0772538
2924.43,0.292227
1280.3,0.128001
1419.81,0.141899
2432.75,0.243168
1364.2,0.136397
754.82,0.0754002
1061.66,0.106146
3435.51,0.212256
899.405,0.0898672
945.841,0.0945761
872.004,0.0833302
2020.69,0.202054
900.087,0.0895804
1718.12,0.171782
744.727,0.0744719
1854.77,0.185346
1561.37,0.156014
1669.47,0.166906
663.477,0.0663352
1043.99,0.104382
689.381,0.068846
1570.7,0.156931
1259.94,0.125929
2558.55,0.255676
1065.29,0.106517
928.045,0.0927429
2044.49,0.204339
902.757,0.0902226
1916.84,0.191618
1241.55,0.124082
1393.02,0.139294
1697.18,0.169438
1498.96,0.149868
1395.25,0.139498
1005.69,0.100483
1115.51,0.111536
726.916,0.0726479
2479.38,0.247865
675.509,0.067472
1220.48,0.122045
6226.21,0.622195
1517.83,0.151761
15857.3,1.58241
3528.56,0.352794
2066.27,0.206586
809.176,0.0809082
977.242,0.0977047
4201.46,0.419797
928.801,0.0928705
1599.11,0.159797
6357.22,0.635463
1063.04,0.106292
1013.04,0.101101
1030.11,0.102991
1400.5,0.14001
4505.84,0.450243
861.269,0.0861179
1120.67,0.112052
814.636,0.0813837
2025.74,0.2022
3248.42,0.323827
1858.81,0.185837
9338.11,0.930293
804.625,0.0804214
2326.35,0.232597
911.699,0.0911463
1052.67,0.105223
1105.36,0.110498
1145.75,0.11457
2918.37,0.291764
1608.89,0.160702
1055.93,0.105586
893.677,0.0893454
1000.2,0.100011
5028.68,0.502559
1168.84,0.116831
3106.86,0.310647
1710.2,0.171005
1027.3,0.10264
779.246,0.0778916
734.197,0.073277
1698.51,0.169685
770.556,0.0770452
1601.6,0.160001
1218.18,0.121745
807.874,0.0807665
766.062,0.0763986
1016.28,0.101613
947.273,0.0946622
700.938,0.0700628
1672.41,0.167229
875.404,0.0875113
1878.9,0.18783
1038.43,0.103805
3251.86,0.324508
664.438,0.0664357
2023.26,0.20229
1089.45,0.108894
1113.55,0.111293
1155.21,0.115503
9800.04,0.979514
1436.45,0.143636
1281.53,0.12812
1706.07,0.170055
2515.25,0.251471
762.29,0.0762232
2273.89,0.227344
1591.79,0.159169
1218.21,0.12181
1763.49,0.175951
1199.3,0.119887
556.481,0.0556318
659.484,0.0659429
482.765,0.0482593
1398.13,0.139758
2580.05,0.257813
988.669,0.0988578
1655.6,0.155279
1587.71,0.158754
1158.35,0.115744
874.8,0.0874599
813.179,0.081235
867.11,0.086607
1604.01,0.160265
679.265,0.0678898
2969.75,0.296963
1618.11,0.161802
1021.15,0.10209
772.992,0.0772599
1594.82,0.159362
4920.06,0.49173
1929.99,0.192971
1493.06,0.149284
833.203,0.0833149
839.979,0.0839584
1319.37,0.131342
2462.64,0.245191
1117.59,0.111731
697.538,0.0689091
937.571,0.093658
1511.48,0.150912
10753.2,1.07453
793.026,0.0792776
892.459,0.0892169
3857.3,0.385513
550.068,0.0550034
1442.22,0.144161
1724.75,0.172075
2735.84,0.27338
1104.34,0.110412
1034.81,0.103462
2026.39,0.202623
1357.8,0.135534
2026.9,0.202453
984.686,0.098457
1356.6,0.135438
1473.51,0.147315
1485.29,0.148525
880.345,0.0880012
1673.29,0.167285
621.842,0.0621762
1023.83,0.102357
1092.6,0.109238
1256.96,0.125207
1428.88,0.142588
869.95,0.0869843
4529.96,0.452438
966.431,0.0965057
1049.58,0.104725
913.391,0.0910729
980.575,0.0980465
1057.23,0.105509
1523.04,0.152247
1433.63,0.143312
1993.24,0.199013
717.4,0.071737
1148.71,0.114619
1388.48,0.138804
1214.86,0.121441
1869.81,0.186935
3217.76,0.321661
1652.36,0.165233
1353.49,0.135002
2628.33,0.262748
1519.81,0.15192
843.793,0.0843651
987.626,0.0986691
1229.39,0.122924
655.288,0.0655272
1250.75,0.124935
927.128,0.0927036
4430.16,0.442566
1092.14,0.109116
936.356,0.0936066
1144.01,0.114363
610.212,0.0609986
1473.79,0.14734
5737.7,0.573162
1251.2,0.125082
1355.71,0.135504
1697.55,0.169741
553.633,0.0553581
882.807,0.0882017
1311.16,0.130817
889.999,0.0889958
3216.52,0.318721
1504.37,0.150296
789.332,0.0788973
672.127,0.0666511
1102.43,0.110202
1544.4,0.154372
1041.33,0.104036
2397.42,0.239519
928.515,0.0927406
466.459,0.0466456
1405.77,0.140541
811.873,0.0810629
9015.35,0.886006
1036.3,0.103623
562.165,0.0561921
2068.08,0.206707
1232.48,0.123
3610.05,0.360762
2435.33,0.243508
923.429,0.0922753
926.744,0.0883237
1321.06,0.132094
4348.36,0.432839
1127.44,0.112733
937.986,0.0937754
1168.27,0.116733
715.564,0.0714399
623.267,0.0622541
1101.1,0.108767
1136.5,0.113628
1362.22,0.136213
2214.21,0.221389
1159.55,0.115942
765.093,0.0765066
823.255,0.0823219
1560.2,0.155638
2115.06,0.211488
1653.61,0.165343
2838.45,0.283538
2705.79,0.270535
845.302,0.0844807
913.58,0.0913327
1885.93,0.188546
824.851,0.0823801
1184.17,0.118207
792.114,0.0791883
2395.56,0.239468
1037.07,0.103586
1356.65,0.135661
2256.7,0.225444
658.661,0.0658434
736.366,0.0735674
630.453,0.0630263
2187.21,0.218604
1830.07,0.18286
449.522,0.0449353
965.991,0.096555
680.306,0.0680096
1771.1,0.176979
1237.24,0.123715
1180.14,0.117877
1644.59,0.164393
796.849,0.0796143
1435.81,0.143342
3006.84,0.300619
1074.74,0.107433
911.525,0.0911361
1435,0.143497
1083.44,0.108157
1116.28,0.111606
789.171,0.0788988
1126.07,0.112571
874.434,0.0874014
1778.75,0.177868
1224.56,0.122444
1073.79,0.107258
2148.03,0.214756
2914.22,0.291372
3366.8,0.336642
1346.78,0.134629
1041.16,0.103908
1204.12,0.120393
15190.4,1.51692
1555.48,0.155529
1265.58,0.126456
2293.73,0.229217
1245.78,0.124566
1405.14,0.140476
1744.24,0.174407
1021.47,0.102113
1352.8,0.134623
1241.76,0.124157
1061.65,0.106117
772.75,0.0770606
1121.63,0.112122
2427.55,0.2425
640.58,0.0640295
4377.69,0.437341
974.453,0.0974366
927.571,0.092702
1260.11,0.125968
704.812,0.0703916
857.609,0.0857519
11143.2,1.11269
772.298,0.0772007
938.384,0.093832
724.047,0.072396
4189.35,0.41721
1903.95,0.190335
2361,0.235949
938.934,0.0938798
1608.09,0.160498
986.662,0.0986582
728.221,0.0727815
2275.57,0.227533
1493.19,0.149294
1253.32,0.125258
1136.79,0.113629
817.856,0.0817219
1384.11,0.138399
2208,0.215135
1797.61,0.179728
979.345,0.0979165
2420.41,0.24189
2193.23,0.219229
1858.65,0.185416
647.167,0.0646729
940.399,0.0940384
4189.46,0.418478
2508.8,0.250716
1150.94,0.114986
896.498,0.0896449
4498.09,0.44852
987.014,0.0980541
1909.41,0.19007
814.529,0.0814423
868.761,0.0868634
4440.93,0.432927
977.683,0.0976937
1166.2,0.116595
1236.77,0.123261
1123.86,0.112371
2213.34,0.221201
828.814,0.0828218
455.341,0.0455239
2234.91,0.225226
1364.93,0.136464
813.292,0.0812991
1545.19,0.154357
1605.1,0.160363
1669.32,0.166749
1615.98,0.161523
1892.12,0.189189
513.648,0.051335
1774.03,0.177267
699.502,0.0699189
1328.14,0.13278
900.434,0.0898133
1415.11,0.141321
1490.22,0.148913
879.988,0.087941
998.548,0.0998389
1871.43,0.186967
3244.58,0.32439
1817.44,0.181167
834.06,0.0833698
1400.35,0.139529
791.701,0.0790405
8028.2,0.801334
1071.84,0.106885
806.153,0.0805866
2120.15,0.211893
1583.76,0.158283
2817.99,0.28174
1042.38,0.104087
1265.74,0.126566
1486.32,0.148503
879,0.0878297
741.252,0.0740524
1140.07,0.113954
946.028,0.0945738
1304.02,0.130357
910.594,0.0909872
1719.56,0.171632
1427.56,0.142623
1594.31,0.15942
1001.22,0.1001
1040.39,0.10378
1070.24,0.107008
850.753,0.0850522
1320.22,0.132
648.365,0.064801
1390.98,0.139034
966.618,0.0966313
922.392,0.0922298
1012.79,0.101232
825.142,0.0825044
1035.51,0.103474
1531.1,0.15298
901.28,0.0901227
1333.99,0.133289
780.593,0.0780557
691.857,0.0691713
1040.78,0.104003
735.192,0.0734447
1124.42,0.112432
1859.95,0.185702
1226.97,0.122661
1210.01,0.120958
785.384,0.0785201
1080.98,0.108091
1617.74,0.161597
2757.48,0.275459
1980.74,0.198037
1443.91,0.144374
1283.98,0.128381
1176.87,0.117479
1669.45,0.166886
1624.69,0.162452
8550.51,0.85304
1131.85,0.113166
2223.25,0.222211
1511.53,0.151124
2155,0.215481
989.191,0.0987465
2279.67,0.225669
1073.99,0.107266
990.57,0.099018
1172.12,0.11719
1667.84,0.164887
1784.17,0.178313
1342.26,0.134144
1436.65,0.143653
1910.13,0.190989
2728.93,0.272591
2162.62,0.216191
1995.46,0.199514
790.849,0.0790578
1051.56,0.105153
1769.89,0.176955
830.881,0.0830052
751.999,0.0751799
1766.37,0.176589
3634.83,0.363243
5914.45,0.591054
1557.04,0.1557
2351.26,0.234977
2481.61,0.247803
1430.17,0.142992
1051.29,0.105117
725.744,0.0725422
822.661,0.0822414
658.91,0.0657932
1249.24,0.124786
2153.43,0.215052
1108.39,0.110817
728.991,0.0728903
893.297,0.0893259
738.666,0.0738627
3196.18,0.318559
1420.88,0.140205
1047.58,0.10455
1715.86,0.171336
786.728,0.078591
1439.25,0.143555
3097.17,0.309558
3589.35,0.358872
937.173,0.0937133
1298.31,0.129774
1323.75,0.132345
1588.13,0.158535
939.262,0.0939008
1899.44,0.189872
1581.06,0.157906
860.917,0.0860639
1644.46,0.164409
2530.35,0.252718
1664.33,0.166399
785.21,0.0784877
3442.29,0.34376
1209.65,0.118988
1189.04,0.118894
7929.31,0.788765
880.715,0.0879644
1431.06,0.143081
7243.79,0.72375
11527.6,1.15077
3729.57,0.372422
1490.99,0.148987
1289.33,0.181184
8153.72,0.811852
2162.03,0.216149
559.734,0.0559455
907.059,0.0906585
818.864,0.0817301
1827.48,0.182345
2215.28,0.221468
1792.16,0.178993
2100.78,0.210037
1931.77,0.192933
2214.8,0.221158
719.972,0.0719801
1522.84,0.152198
1237.95,0.123742
957.196,0.0957072
668.503,0.0668127
1030.79,0.102827
565.913,0.0564916
1415.9,0.141577
700.46,0.0700389
1065.77,0.106368
829.209,0.0829036
711.132,0.0700728
926.57,0.0926237
729.386,0.0729211
576.043,0.0575396
2289.85,0.228949
1571.27,0.157049
611.489,0.0611456
1268.63,0.126835
1400.64,0.139886
927.38,0.0927166
7168.36,0.716709
597.316,0.0597304
961.837,0.0961689
1055.7,0.105567
1650.55,0.164964
1162.24,0.116133
1957.96,0.195723
946.8,0.0946752
557.518,0.0554807
1223.26,0.122284
1862.2,0.186189
1148.51,0.114828
1301.31,0.130109
1347.5,0.134592
1054.89,0.10535
1530.21,0.152732
3187.11,0.318555
2505.75,0.25048
1268.98,0.12673
1059.74,0.105934
786.263,0.078613
812.697,0.081266
3724.55,0.372259
722.371,0.0722198
1397.89,0.139763
1928.29,0.192694
2181.49,0.218132
1122.48,0.112233
1759.9,0.175799
4201.64,0.420002
2534.12,0.253315
1607.69,0.160758
581.866,0.0581304
635.08,0.0634784
732.445,0.0732238
1607.31,0.160631
1092.59,0.109136
1007.9,0.100788
1669.59,0.166852
2448.06,0.24472
622.09,0.0621964
3520.44,0.351941
1370.85,0.137016
1704.52,0.170445
882.188,0.088191
774.453,0.0773762
979.786,0.0979454
2161.52,0.215871
1050.52,0.104816
1135.72,0.113496
1370.6,0.137031
1989.6,0.198827
1534.13,0.153353
716.985,0.0716617
694.112,0.0693482
879.5,0.087948
446.662,0.0446229
2749.04,0.274453
986.895,0.0986078
811.29,0.0810753
1050.27,0.104792
845.834,0.0844693
835.756,0.0835361
2533.24,0.253182
635.111,0.0634913
6861.34,0.684029
1058.82,0.105752
1237.19,0.123518
2049.66,0.20493
1992.71,0.199155
7993.49,0.798024
1594.74,0.159433
1029.85,0.102971
907.403,0.0906894
1133.25,0.113295
1217.15,0.121683
630.086,0.0629867
867.641,0.0867373
948.101,0.0948027
1410.75,0.141056
2069.41,0.206856
344.902,0.0344721
11643.1,1.16328
2527.79,0.252447
1766.05,0.176587
1309.12,0.130906
856.718,0.0856443
815.387,0.0815196
1613.36,0.16106
6530.71,0.65286
684.921,0.0684776
1453.88,0.145366
814.046,0.0813437
1365.98,0.13656
2860.15,0.284204
1168.84,0.116709
1060.23,0.106011
1176.91,0.117669
1268.46,0.126835
2501.16,0.2495
700.623,0.0700523
1530.6,0.152996
870.899,0.0870652
1001.16,0.100062
853.928,0.0853067
4112.37,0.411116
2284.25,0.228366
1989.73,0.198953
3345.77,0.333407
1780.46,0.177873
3500.19,0.349882
1054.2,0.105256
1135.43,0.113508
1167.33,0.113829
993.304,0.0993022
1870.54,0.187038
1295.33,0.129495
1927.92,0.192544
1998.02,0.197891
889.249,0.0888364
1214.59,0.12139
988.575,0.0987678
1343.91,0.134359
1135.64,0.113538
844.129,0.084402
3052.6,0.305189
1186.25,0.118522
777.149,0.0777133
852.162,0.085196
522.314,0.0521943
1335.51,0.133446
2592.12,0.259134
1287.94,0.128622
1094.02,0.109315
2130.06,0.21277
1220.68,0.122057
1272,0.127134
2705.76,0.270535
1097.5,0.109724
1711.49,0.170961
1975.67,0.197506
2024.09,0.202356
2195.26,0.219452
1343.31,0.134289
971.92,0.0971874
1203.19,0.120258
1208.63,0.120845
1596.26,0.159498
3149.25,0.314496
1183.86,0.118233
847.714,0.0847415
7344.93,0.733197
788.371,0.0788046
3199.13,0.318654
965.471,0.0965458
1603.02,0.160223
903.594,0.0903289
801.301,0.0800062
1041.57,0.104149
2445.62,0.244529
750.234,0.0749477
854.438,0.085438
1124.85,0.112456
2766.8,0.276552
809.903,0.0809878
2339.5,0.233737
1014.05,0.101341
1118.43,0.111795
1731.22,0.173073
792.23,0.0791672
1190.92,0.119069
1079.12,0.107817
1073.63,0.107317
793.267,0.0793212
817.203,0.0816749
1234.03,0.122608
1438.66,0.143479
1013.13,0.101258
817.872,0.081722
1019.5,0.101939
812.753,0.0812115
887.948,0.088748
1780.82,0.177922
1247.5,0.124742
1658.29,0.165336
2096.45,0.209583
1492.55,0.149218
1808.06,0.180748
1015.62,0.101528
1286.61,0.128642
4005.34,0.400373
1319.09,0.131728
1263.43,0.126302
5460.31,0.545874
2379.99,0.237879
1231.48,0.123099
548.431,0.0548387
3270.09,0.326856
927.738,0.0927645
799.865,0.0798561
1669.68,0.166931
1481.56,0.14812
14334.6,1.42577
965.49,0.0965247
1145.41,0.114531
2373.59,0.237222
945.83,0.094449
911.964,0.0909634
1073.36,0.10727
1126.72,0.112354
2415.33,0.241428
1978.84,0.19786
1531.64,0.152963
920.652,0.0920426
1814.52,0.181432
661.787,0.0661188
3228.95,0.322839
3432.11,0.343086
806.285,0.0805673
2050.48,0.204997
6313.18,0.630446
2948.42,0.294747
953.349,0.0952974
658.332,0.0658272
1244.07,0.124392
3444.53,5.41778
1820.94,0.181963
1437.02,0.143515
649.312,0.0649265
1472.5,0.147235
3384.81,0.338423
1455.98,0.145506
3560.98,0.355988
1349.09,0.134892
938.085,0.0937913
1007.41,0.100728
546.169,0.0546165
1007.61,0.100735
793.394,0.0793071
1426.76,0.142625
1442.55,0.144193
1478.96,0.147869
765.161,0.076493
2388.4,0.238634
571.624,0.0571543
847.078,0.0846648
869.899,0.0867662
1729.51,0.172772
1223.39,0.122315
655.181,0.0654764
1184.31,0.118378
1260.54,0.126016
2281.44,0.227908
2557.52,0.255665
12623.8,1.25518
4568.69,0.45643
1034.87,0.103483
836.735,0.0836585
925.242,0.0924815
4576.35,5.25884
3708.57,0.370748
1200.45,0.119965
1782.88,0.177725
1528.09,0.152785
4450.8,0.44486
3425.39,0.342404
1082.92,0.108229
881.425,0.0880381
2169.03,0.216729
1044.57,0.104448
1177.2,0.117685
1211.83,0.121096
1530.3,0.153025
1522.59,0.152241
1281.43,0.128091
1647.76,0.164759
1115.71,0.111549
1153.29,0.115313
1149.83,0.114973
1075.38,0.107522
1200.91,0.120085
509.918,0.050989
1032.84,0.103263
890.614,0.0888947
746.329,0.0746207
1051.44,0.105136
452.18,0.0451772
546.081,0.0545765
3270.29,2.14949
883.495,0.0882545
824.055,0.0823441
1564.06,0.156341
3647.45,0.364564
754.88,0.075469
863.3,0.0862604
1060.34,0.105951
859.943,0.0859571
1144.98,0.114471
1491.14,0.149087
943.864,0.0941664
814.352,0.0814163
967.519,0.0966945
1803.71,0.180286
1082.36,0.108221
2513.83,0.251111
1430.61,0.143049
1922.85,0.192091
4273.12,0.426839
1366.03,0.136513
5009.45,0.500757
1635.72,0.163463
1122.18,0.112051
2133.04,0.21304
4437.57,0.440508
2891.98,0.289176
1346.58,0.134616
1535.82,0.153518
1069.22,0.106898
1020.23,0.101852
1121.64,0.112147
1269.1,0.126802
893.978,0.0816738
1326.66,0.132502
1263.88,0.126359
1084.88,0.108456
2476.27,0.247538
1112.15,0.111207
1713.83,0.169883
954.359,0.0953676
5498.11,0.548242
7072.24,0.702829
1211.32,0.121124
754.43,0.075425
4794.12,0.478807
2493.62,0.249238
1209.48,0.120918
5490.71,0.548399
1229.52,0.122917
2583.64,0.238704
1327.55,0.132722
641.42,0.0641267
1066.97,0.106681
1795.14,0.179477
837.932,0.0837758
1081.79,0.108149
2613.14,0.26119
3669.57,0.366808
1677.39,0.167692
921.137,0.0920117
614.951,0.0614926
1557.99,0.155778
1440.54,0.145238
1638.8,0.16387
674.347,0.0673965
2325.42,0.232486
1534.06,0.153088
995.598,0.0994954
3879.22,0.38743
3257.08,0.325624
680.349,0.067998
605.656,0.0605382
1623.6,0.162281
1267.57,0.126006
679.728,0.067955
1481.17,0.14807
1297.16,0.128881
2075.42,0.206949
1184.08,0.118387
1959.25,0.195776
2100.17,0.207323
2769.22,0.276484
1077.49,0.107675
1116.55,0.11164
799.991,0.0798778
1659.42,0.16584
3178.23,0.31774
3035.45,0.303478
893.791,0.0893606
1713.4,0.171227
981.469,0.0981087
1670.49,0.166947
1140.07,0.113931
1375.85,0.137562
821.692,0.0821666
1619.49,0.161895
1255.91,0.12555
1740.06,0.173938
429.155,0.0428483
1395.22,0.139483
5591.98,0.558656
1368.98,0.136842
1911.47,0.191067
1206.23,0.120597
2048.03,0.204618
3534.76,0.353149
1559.74,0.155932
2010.59,0.200718
2041.22,0.204084
1115.17,0.0994487
1108.72,0.110717
1637.02,0.163645
6814.09,0.679566
993.689,0.0993646
1515.1,0.151395
13766.2,1.37285
1223.32,0.122299
1630.27,0.163004
1091.54,0.109138
1205.39,0.12046
7988.57,0.798008
2304.49,0.230406
669.789,0.0669024
1342.55,0.133934
1777.39,0.177714
937.128,0.0937115
1817.17,0.181663
1302.22,0.130209
1195.56,0.119545
1384.09,0.13777
885.14,0.0884872
2250.48,0.225026
4160.04,0.414384
681.332,0.0680628
1539.58,0.153911
1223.71,0.122362
2064.91,0.206437
1103.39,0.110077
1762.75,0.176145
908.353,0.0906137
690.121,0.0690041
2369.84,0.236813
916.489,0.0915263
1146.49,0.114465
1187.92,0.118571
3648.52,0.364748
1282.53,0.128186
2007.23,0.199577
2966.28,0.295874
866.058,0.0865994
643.443,0.0643303
2191.93,0.219117
829.29,0.0829076
1332.25,0.133217
1205.22,0.120511
905.416,0.0905286
1025.75,0.102491
1279.67,0.125433
837.234,0.0836897
816.408,0.0816377
1286.9,0.128679
2328.19,0.23275
1769.51,0.176859
1440.66,0.144039
961.938,0.0961927
1525.28,0.1524
1430.31,0.143008
744.348,0.0743295
1371.71,0.137156
1785.2,0.178512
849.96,0.084937
2201.39,0.220026
650.633,0.0650534
1271.13,0.127054
4016.02,0.401051
946.092,0.0943128
880.684,0.088012
1093.45,0.109267
1339.58,0.133926
2917.02,0.291611
1323.27,0.132251
1334.91,0.133414
3089,0.308792
1452.24,0.145138
725.042,0.0724333
1759.26,0.17583
1124.37,0.112405
1213.83,0.121374
1190.97,0.118907
1059.78,0.105956
1489.1,0.148867
7390.78,0.738164
794.948,0.0793182
1005.27,0.100481
772.255,0.0772044
927.472,0.0927417
1405.56,0.140478
1022.39,0.102212
1502.92,0.149439
2905.95,0.290548
875.965,0.0875864
974.792,0.0972497
698.293,0.0698235
1432.44,0.143153
2044.22,0.204091
1116.72,0.111636
824.774,0.0824447
1805.44,0.180429
1479.57,0.147919
1435.72,0.143548
1503.45,0.150312
14776.3,3.65886
1235.63,0.123397
1442.14,0.143248
1768.7,0.176734
1210.69,0.121021
1645.35,0.164059
1868.24,0.186808
728.201,0.0728162
4731.11,0.468405
2534.12,0.253338
1666.48,0.166624
2468.36,0.24673
1413.19,0.141237
1097.57,0.109724
1215.69,0.121484
1327.45,0.132639
952.542,0.0951304
896.503,0.0885217
1966.13,0.196536
1038.64,0.103829
2076.05,0.20755
1872.54,0.187236
1498.46,0.149791
645.452,0.0645444
662.922,0.066206
815.339,0.0815049
1786.84,0.178497
1193.3,0.119269
2135.13,0.213476
902.533,0.0902477
663.002,0.0662968
822.7,0.0822427
640.969,0.0640945
1640.51,0.163636
1496.94,0.14954
1880.53,0.18795
1200.33,0.119775
1161.8,0.116078
2826.55,0.282559
2440.05,0.243936
729.911,0.0728633
1645.82,0.164556
1017.55,0.101746
1674.79,0.167465
5579.93,0.557867
968.681,0.0968588
2241.85,0.224175
1167.75,0.116767
971.636,0.0971531
825.975,0.0825337
1995.55,0.198866
428.455,0.042838
1717.64,0.171659
680.101,0.0677594
1105.67,0.110355
986.571,0.0986381
1182.26,0.118199
1406.08,0.140603
4248.05,0.42442
1886.89,0.188672
12750.5,1.27384
2191.19,0.218889
1705.3,0.170355
719.906,0.0719742
789.93,0.0789794
2549.51,0.254743
1960.74,0.195826
916.348,0.0916088
819.072,0.0818534
2480.57,0.247993
956.972,0.0956796
1043.88,0.104358
1837.01,0.183616
8872.86,4.42174
10140.7,1.01351
992.111,0.0991142
939.948,0.0939848
962.152,0.0961182
945.25,0.0944812
1180.34,0.117407
2004.05,0.200362
1808.72,0.180731
1275.28,0.127518
922.124,0.0922044
1293.6,0.129307
1325.01,0.1324
2123.75,0.212174
1615.01,0.161497
1151.62,0.115086
1180.06,0.117997
687.755,0.0686826
7857.83,0.784586
3116.23,0.311332
2063.95,0.206291
716.865,0.0716767
1216.65,0.121443
975.704,0.0974578
1356.6,0.135458
705.623,0.0705615
995.978,0.09956
1223.31,0.12232
766.33,0.0766184
1872.98,0.187274
616.74,0.0616729
881.097,0.0879889
1056.87,0.10564
1585.97,0.158318
1580.66,0.157868
807.686,0.0807315
1331.82,0.133168
1699.32,0.169737
2710.89,0.270899
2365.77,0.236386
2156.59,0.215354
2192.1,0.21912
21074.8,2.07947
857.706,0.0857667
956.803,0.0956651
1043.86,0.104277
446.431,0.0446233
2024.4,0.202376
7570.17,0.755625
1156.93,0.115682
932.43,0.0931335
2869.59,0.286918
1067.66,0.106743
1033.04,0.10323
1130.68,0.113054
1109.87,0.110984
3785.69,0.378451
828.983,0.0828853
1349.14,0.134866
2398.6,0.239623
2523.22,0.251238
3793.03,0.378962
1603.71,0.158251
1096.97,0.109683
1327.01,0.132684
2786.9,0.278549
1226.84,0.122656
1384.07,0.138337
869.726,0.08686
1259.65,0.125893
862.827,0.0862755
2231.39,0.22309
1182.87,0.118248
1085.13,0.108505
970.613,0.0970451
649.786,0.0649735
958.615,0.095833
5625.96,0.560633
813.136,0.0812603
1707.78,0.170396
1284.04,0.128333
1133.11,0.113205
4005.32,0.394489
2152.87,0.214973
707.109,0.0706886
898.345,0.0897866
1551.81,0.155121
1449.31,0.144773
390.986,0.0390916
3116.06,0.311426
1089.86,0.108881
1589.27,0.158754
2049.72,0.204261
1456.9,0.136711
904.651,0.0904566
1143.09,0.114292
1684.18,0.168202
673.516,0.0673462
1455.81,0.145535
9317.41,0.929634
1611.76,0.161108
873.021,0.0872978
1700.81,0.169927
1251.68,0.124977
864.664,0.0864522
2257.87,0.225107
2166.81,0.216431
1712.12,0.171161
1170.16,0.116954
681.404,0.0681174
963.1,0.0962827
1604.44,0.160204
802.083,0.0801918
24457.3,2.42779
857.691,0.0856782
1062.97,0.106268
1510.86,0.150978
979.006,0.0978954
1828.96,0.182724
1195.95,0.11959
757.187,0.0756846
1668.73,0.166702
1449.55,0.144879
1004.93,0.100458
2523.49,0.252292
835.728,0.0835189
1077.73,0.107765
1420.01,0.141858
516.162,0.0516086
795.984,0.0795913
813.733,0.0808456
1332.33,0.133216
631.584,0.063154
1457.53,0.145667
525.108,0.052477
794.466,0.0794229
758.965,0.075894
1217.5,0.121693
1481.03,0.148091
813.975,0.0812298
6949.63,0.692448
675.192,0.0675131
879.205,0.0878224
1034.55,0.103435
1870.9,0.187062
1008.86,0.100845
834.456,0.0834384
3831.73,0.382676
1764.73,0.176439
2822.63,0.282151
2411.46,0.241001
474.07,0.0474038
1114.1,0.111371
5533.18,0.552105
3965.73,0.396235
1558.79,0.152144
3218.93,3.26768
1010.08,0.100688
2219.26,0.221867
903.928,0.0903691
790.708,0.0790686
1735.22,0.173375
5349.4,0.53415
21443.3,4.12691
1729.17,0.172455
2003.07,0.200242
1017.44,0.101705
564.352,0.0564081
913.081,0.0912186
794.396,0.0794056
2665.58,0.263139
4098.82,0.408804
1639.97,0.163956
950.539,0.0950517
867.481,0.0865735
1226.93,0.122685
1336.17,0.133608
1622.24,0.162132
1581.34,0.158118
1088.51,0.108789
1091.35,0.10913
1426.6,0.142654
4844.11,0.483762
892.815,0.0889284
871.406,0.0871367
3148.65,0.314816
1446.12,0.144453
2699.2,0.269827
6293.45,0.629225
1100.47,0.110035
834.918,0.0834873
875.949,0.0875056
1401.74,0.140041
1544.65,0.15438
947.235,0.0946954
1183.34,0.118321
860.884,0.0859922
2231.42,0.222897
868.116,0.0866844
1008.17,0.100766
2134.55,0.213303
2180.72,0.217968
6697.34,0.669302
3045.11,0.303698
1404.46,0.139971
2297.8,0.229207
1890.89,0.18876
1093.57,0.109345
878.007,0.0877834
1468.77,0.14682
2567.24,0.25667
1060.28,0.105951
2530.17,0.252976
1037.5,0.103736
1480.13,0.147967
6166.64,0.616162
831.441,0.0831201
1590.66,0.158166
1898.11,0.1898
2140.91,0.214076
2270.14,0.226811
1453.83,0.145351
1058.48,0.105566
746.315,0.0745264
853.057,0.0853
906.353,0.0906188
782.741,0.0781975
2139.55,0.213938
767.654,0.0767156
2508.78,0.25081
1621.78,0.162142
1986.93,0.198576
750.889,0.0750875
1579.45,0.157836
814.738,0.0814685
1367.71,0.136706
1015.35,0.100845
779.64,0.0779581
1046.09,0.104608
3106.49,0.310235
1816.13,0.181567
2580.78,0.257963
1675.7,0.167558
749.018,0.0748984
1531.66,0.153126
2065.95,0.206541
1107.41,0.110683
886.947,0.0885322
1057.03,0.105656
678.769,0.0678675
9449.88,2.51747
9427.55,0.939957
925.412,0.0925317
6350.18,0.633635
2298.29,0.22954
1736.92,0.173581
1274.45,0.127437
523.527,0.0523339
886.493,0.0886418
1151.33,0.114947
1388.81,0.138623
831.169,0.0830877
2530.97,0.253029
1547.85,0.154656
1704.46,0.17032
10113.8,1.00942
703.118,0.0702792
688.208,0.0688008
2477.81,0.247741
1535.26,0.153514
1200.14,0.119697
4316.33,0.430799
817.792,0.0817774
650.363,0.0650292
465.468,0.0465251
1214.23,0.121403
1085.08,0.108468
856.718,0.0852507
1432.85,0.143151
2383.72,0.238237
724.947,0.0724916
1486.53,0.14857
1207.89,0.120685
1365.99,0.136413
2765.92,0.276379
1729.5,0.172938
2050.38,0.203751
1990.89,0.199052
640.947,0.0639987
1029.58,0.102857
937.467,0.0937185
829.349,0.0828632
1200.15,0.119956
797.524,0.0796396
1088.71,0.108766
1911.25,0.191105
665.785,0.0665063
1140.06,0.113964
1203.19,0.120252
913.626,0.091283
2176.74,0.217547
868.135,0.0866638
1728.28,0.172723
839.903,0.0839378
3283.88,0.32823
947.425,0.0947393
1446.75,0.144638
1242.67,0.123137
549.119,0.0548916
2940.55,0.293794
1182.12,0.118102
929.336,0.0929234
2401.62,0.239795
1065.07,0.106488
1599.07,0.159794
2157.48,0.215611
796.338,0.0796085
1189.75,0.118954
1962.12,0.196
1018.87,0.10187
1136.3,0.113608
542.345,0.0542064
1000.85,0.100082
1617.93,0.161759
977.856,0.0977012
852.978,0.0852943
1470.89,0.147034
964.602,0.0964458
1147.95,0.114781
805.924,0.0805685
2544.96,0.254199
1139.34,0.113922
765.004,0.0764609
1302.6,0.130214
3037.33,0.302662
1169.71,0.116962
3951.19,0.394998
867.201,0.0866527
1926.97,0.192303
669.192,0.0668994
2925.39,0.292442
2666.34,0.266554
937.805,0.0924567
997.013,0.0996503
1154.39,0.115436
1367.03,0.136611
731.306,0.0731069
1104.99,0.110476
1145.42,0.11447
1002.83,0.100248
3168.62,0.316446
1042.1,0.104208
3617.91,0.361727
1425.51,0.142515
935.709,0.0933136
1463.5,0.146301
876.294,0.0876158
1089.04,0.108874
651.853,0.0650143
714.316,0.0713718
947.131,0.094675
944.663,0.0944465
916.032,0.0915512
857.713,0.0857448
1340.85,0.134039
4153.28,0.415219
4350.7,0.433827
846.541,0.084643
928.634,0.0928536
780.102,0.0779933
1922.11,0.192089
1306.62,0.130575
3660.84,0.364957
2351,0.23487
1296.19,0.129516
2219.77,0.221922
1176.14,0.117544
1461.94,0.146039
925.226,0.0924188
1100.45,0.109966
1036.36,0.103506
1034.12,0.103366
1255.23,0.125508
1162.41,0.11619
2163.78,0.215959
2378.2,0.237598
1370.07,0.136993
1458.27,0.145747
4884.16,0.486981
1442.9,0.144268
1030.04,0.102986
988.156,0.0987664
5836.91,0.583433
1251.97,0.125163
1418.59,0.141836
1059.39,0.105923
3312.11,0.330988
985.058,0.0984885
1428.92,0.142797
1213.13,0.121309
5190.66,0.518429
9454.35,0.941866
769.02,0.0768837
1422.28,0.142202
1087.35,0.108641
996.651,0.0996553
887.075,0.088675
2079.43,0.207886
1072.22,0.107196
969.853,0.0968827
2403.85,0.240105
1135.16,0.11341
1253.49,0.125344
924.165,0.0922793
1120.92,0.111981
1421.26,0.142116
651.015,0.0650997
1687.84,0.476033
1336.25,0.133603
2769.72,0.27691
934.768,0.0934517
2322.03,0.231875
990.641,0.0990486
733.31,0.0733218
1361.2,0.136007
2070.06,0.206921
1602.93,0.1602
907.541,0.0907379
1285.22,0.128506
997.78,0.099746
1105.86,0.110533
3481.1,0.347714
1315.46,0.131325
2758.52,0.275745
2114.99,0.211436
1344.02,0.134341
905.903,0.0905771
717.279,0.0717243
2446.45,0.24446
746.613,0.0746519
1292.52,0.128818
664.922,0.0664784
822.426,0.082054
970.883,0.0970691
728.234,0.0728033
1148.86,0.114874
1136.5,0.11359
1477.98,0.147756
1003.18,0.100311
876.737,0.0876512
4897.26,0.488936
917.86,0.0917508
1344.73,0.134451
1917.24,0.168499
498.407,0.0498206
1697.21,0.169488
1344.35,0.134427
1051.86,0.105147
1001.77,0.100033
1018.24,0.101817
3539.21,0.353019
682.292,0.0681897
1430.18,0.143014
3994.91,0.39642
1148.81,0.114253
1138.95,0.113849
3080.91,0.307613
619.628,0.0619625
1754.92,0.175437
756.308,0.075551
904.53,0.090161
735.901,0.0733279
1591.65,0.159037
591.456,0.0591448
1613.37,0.161322
1330.25,0.132971
2442.51,0.244082
937.332,0.0937129
535.515,0.0535423
4100.58,0.409855
749.687,0.0749192
1124.87,0.112407
967.612,0.0967212
864.083,0.0863814
1695.54,0.169523
1521.47,0.15212
1556.22,0.155535
1214.73,0.121449
584.631,0.0584378
10697.2,1.06887
1367.2,0.136491
768.572,0.0768468
923.596,0.0923281
1155.97,0.115575
954.478,0.0953123
3443.39,0.344264
832.716,0.0831043
769.811,0.0769351
