EnergyDeposit(eV),LET(keV/um)
833.695,0.0833315
1106.53,0.109776
2439.86,0.24387
1213.56,0.121221
1154.87,0.11544
1221.51,0.122132
501.34,0.049757
967.533,0.0966987
1622.4,0.159902
4026.42,0.402511
1864.62,0.18642
1306.24,0.13048
6192.33,0.618231
1427.46,0.142723
1817.6,0.181739
2904.09,0.290214
1521.07,0.151852
1706.15,0.169459
1785.13,0.178474
1212.43,0.121225
3720.75,0.371995
18566.4,1.85086
1083.84,0.107688
1756.61,0.175536
2378.93,0.237607
1093.68,0.109364
2056.98,0.205485
1859.37,0.185879
1264.43,0.12626
905.397,0.090522
970.721,0.0970128
935.886,0.0932963
1286.17,0.128575
1408.98,0.140836
1733.46,0.17332
845.809,0.0845323
14548.3,1.45046
759.698,0.0759541
1613.2,0.161262
1114.88,0.102971
801.625,0.0801121
1054.24,0.105405
3982.04,0.397798
2078.36,0.207756
875.98,0.0875891
3912.08,0.390741
1275.89,0.12757
2128.09,0.21266
2064.88,0.206361
1773.57,0.173357
898.744,0.0897917
5042.47,0.503833
695.219,0.0695106
6667.54,0.662297
815.757,0.0815638
1746.39,0.174564
1055.69,0.105564
7963.53,0.795531
6467.56,0.643461
6607.48,0.659281
3580.61,0.357974
839.253,0.083575
1216.71,0.121658
1444.74,0.144409
1341.83,0.134167
1690.04,0.167001
659.276,0.0658988
731.645,0.0729923
1134.7,0.113431
1127.33,0.112729
1158.11,0.115608
995.368,0.0995352
4463.33,0.445175
3492,0.348478
1174.84,0.117465
3258.29,0.325405
1441.85,0.144173
811.113,0.0811011
1647.23,0.164683
1237.42,0.123599
2631.4,0.26307
1295.36,0.129485
1648.41,0.164675
2545.14,0.25426
822.891,0.082287
2321.05,0.23201
1866.86,0.186675
816.892,0.0816295
648.066,0.0647913
2730.35,0.272929
11884.6,1.1852
613.299,0.0613238
698.389,0.0695279
1513.18,0.15123
2999.16,0.299798
916.041,0.0912207
1257.55,0.125676
485.842,0.0485834
642.963,0.0642126
3237.56,0.323542
1487.18,0.148711
3049.77,0.304814
1782.16,0.178124
913.512,0.0913359
1862.79,0.186147
2242.1,0.224192
4450.1,0.444801
2253.87,0.122975
1836.83,0.183616
1562.31,0.156028
1731.65,0.173143
1112.08,0.110411
964.849,0.0964572
1376.64,0.137652
1067.01,0.106517
2619.57,0.261803
2702.95,0.269635
783.677,0.078208
4470.41,0.444749
1070.25,0.106935
1139.99,0.112866
926.566,0.0926242
848.606,0.084775
648.153,0.0647717
1805.62,0.180377
2732.2,0.272831
811.438,0.0810956
1208.12,0.120715
1330.83,0.132969
1280.04,0.127978
1300.96,0.130072
1213.28,0.121307
15467,1.53675
769.588,0.0769577
1483.93,0.148302
1548.24,0.15474
1189.8,0.118971
898.911,0.0898374
2335.33,0.233403
2594.86,0.259354
1330.76,0.132838
1504.22,0.150338
893.511,0.0893372
1163.66,0.116362
1790.14,0.178792
904.701,0.0904424
945.578,0.094543
749.385,0.0747796
1131.4,0.112997
1694.41,0.169418
786.029,0.0785565
859.477,0.0859372
1143.76,0.114334
1487.87,0.148729
1052.21,0.105182
2827.59,0.280856
1025.03,0.102387
2467.87,0.246749
1138.04,0.113789
1315.51,0.131537
388.693,0.0388054
966.296,0.0966279
1153.29,0.115208
1309.25,0.130878
2005.6,0.200502
940.566,0.0939324
6557.71,0.654176
1186.45,0.118635
3181.95,0.318009
1153.99,0.115323
1648.96,0.164772
630.403,0.0630331
897.561,0.0897496
1102.34,0.109946
3845.52,0.384249
2187.91,0.218668
779.843,0.0779769
890.506,0.0889039
2764.3,0.276297
900.352,0.0896383
1510.29,0.15097
1958.53,0.195678
928.085,0.0928071
698.376,0.0697689
1331.28,0.13307
5209.19,0.518533
775.116,0.076497
1890.44,0.188986
855.951,0.0855872
2116.79,0.211639
1969.7,0.196596
856.878,0.0856156
1090.42,0.108924
973.268,0.0973236
1254.58,0.125347
1457.84,0.145262
2768.77,0.276706
978.132,0.097786
847.837,0.0847621
2464.01,0.246357
1056.85,0.105631
638.274,0.0638014
812.242,0.0812183
5418.12,0.535745
1535.02,0.153488
1055.9,0.105528
1270.92,0.126833
440.538,0.0440515
966.169,0.096597
1276.98,0.12764
745.923,0.0745619
904.17,0.0903964
537.947,0.0537917
3800.64,0.379917
822.447,0.0822285
810.444,0.0809921
1977.77,0.19767
1091.99,0.109197
2102,0.209972
1446.86,0.144675
1311.64,0.131157
1057.71,0.105758
19693.5,1.96365
2879.53,0.222497
778.029,0.0777593
1415.05,0.141367
1124.7,0.112319
957.437,0.0956949
1425.98,0.142516
844.516,0.0843853
1224.76,0.122374
935.153,0.0934967
13243.4,1.32403
1175.52,0.117329
1202.01,0.120182
1608.62,0.160664
887.022,0.0886963
1026.05,0.102363
1559.76,0.155968
3705.39,0.370304
13922.2,1.38578
535.346,0.0534526
2341.98,0.233839
2066.51,0.206587
766.234,0.0765789
982.257,0.0982202
2026.12,0.202584
684.849,0.0682173
2361.5,0.235911
1031.06,0.103079
1332.13,0.133196
1843.18,0.184308
881.201,0.0881073
1596.55,0.159613
1040.26,0.104016
2348.38,0.234721
1317.35,0.131689
1645.93,0.164479
1351.92,0.135184
895.195,0.0895052
2478.3,0.247635
825.66,0.0823865
1645.02,0.164286
1550.18,0.154889
1651.52,0.165014
1351.08,0.135081
2509.57,0.250911
3533.1,0.35309
1004.21,0.100411
1516.3,0.14908
2081.1,0.208051
1023.23,0.102288
1031.07,0.10304
840.351,0.0840233
1450.99,0.144928
1427.38,0.139846
947.853,0.094652
1057.63,0.105343
1992.11,0.199182
1157.59,0.115754
982.794,0.0982549
1486.77,0.14862
1582.41,0.158049
1120.5,0.112043
2057.09,0.205253
1390.53,0.138967
1068.48,0.106799
922.536,0.0922291
907.718,0.0906936
1805.35,0.180438
1131.01,0.113016
2069.04,0.206891
1933.65,0.193161
3831.76,0.382623
957.253,0.0957022
1154.25,0.11542
1082.09,0.108166
887.352,0.0887314
1083.74,0.108355
1855.64,0.184973
1112.04,0.110479
1186.34,0.11859
4098.52,0.409649
906.494,0.0905665
850.831,0.0850398
1572.31,0.157149
820.032,0.0819941
1274.02,0.127374
880.969,0.088086
970.5,0.097015
1158.45,0.115813
1230.71,0.122849
744.619,0.0733705
1297.84,0.129773
4779.23,0.477398
683.259,0.0683172
2046.7,0.204217
1107.04,0.110646
2450.25,0.244985
1420.74,0.142036
916.061,0.0915941
4975.07,0.497346
2060.55,0.205855
1542.1,0.154123
964.552,0.0964358
778.731,0.0778596
1555.17,0.155474
1346.96,0.134667
1122.13,0.112194
1155.35,0.115495
745.156,0.0744328
1216.69,0.121611
1762.81,0.176223
579.844,0.0579397
1193.53,0.11932
2365.54,0.236493
670.625,0.0670054
1226.35,0.122609
1714.6,0.171415
1307.69,0.130725
2412.39,0.241112
2105.76,0.210458
1272.34,0.127191
1656.8,0.165471
4681.4,0.467513
1701.29,0.170057
1770.95,0.177077
1623.21,0.162255
1909.56,0.190867
2104.85,0.210232
616.968,0.0616176
3188.83,0.318614
1158.18,0.1158
1081.25,0.108115
1567.01,0.156667
2009.93,0.200942
1675.33,0.167319
1558.59,0.143309
971.516,0.0971451
1094.64,0.109445
2239.48,0.223891
1192,0.119175
1751.25,0.175083
1577.19,0.157664
1185.83,0.118571
1501.71,0.150096
1394.95,0.139463
1004.31,0.100415
1188.04,0.118655
1106.88,0.110606
1232.46,0.122917
1377.06,0.137523
1018.15,0.101656
1354.21,0.135292
579.902,0.0579569
884.419,0.0884329
3372.46,0.337152
1230.48,0.123027
855.38,0.0855362
1040.38,0.104024
2319.8,0.231835
3315.67,0.331282
1742.79,0.174201
963.249,0.0962721
1360.05,0.135946
3170.63,0.310615
1256.24,0.125598
839.922,0.0838876
1004.46,0.100389
1553.84,0.155264
712.292,0.0712179
991.731,0.0990458
1041.18,0.103964
1494.12,0.149357
596.662,0.059536
1468.78,0.145572
713.663,0.0713641
702.925,0.0702851
1538.75,0.15374
1157.95,0.115475
1327.16,0.132568
1109.67,0.110936
650.884,0.0649056
967.15,0.0967032
826.905,0.0826481
925.556,0.0925329
1249.51,0.124929
2498.44,0.249678
1271.09,0.12708
842.244,0.0842179
2979.23,0.297905
1607.92,0.160744
870.027,0.0869921
1354.32,0.135372
1264.29,0.12642
1723.41,0.172316
1156.45,0.115607
1277.91,0.127747
1267.94,0.126606
622.2,0.0622014
998.761,0.0998258
3776.75,0.377449
2231.5,0.223096
553.334,0.0553214
1865.52,0.18652
2093.37,0.209049
3364.76,0.335552
1273.61,0.127211
824.198,0.0821167
725.858,0.0725028
1574.82,0.157441
1267.23,0.126707
1025.79,0.102559
1774.86,0.177299
1168.83,0.116793
1675.79,0.167466
1021.63,0.102153
947.616,0.0946709
1317.17,0.13158
3126.35,0.312522
1068.51,0.10683
969.038,0.0968834
847.456,0.0846605
1705.74,0.170501
1377.63,0.137715
1247.54,0.124702
1205.81,0.120517
1758.74,0.175828
1873.28,0.187115
1035.37,0.103516
1022.17,0.102198
4501.32,0.449962
940.836,0.0939848
2050.69,0.205037
1336.82,0.133612
992.301,0.0991782
754.594,0.0754527
2036.54,0.203621
678.791,0.0677359
2238.07,0.223793
1084.41,0.10843
1187.18,0.118704
7193.3,0.717085
1721.89,0.172105
1440.17,0.143758
1911.82,0.191165
881.696,0.0881277
1024.39,0.102409
1832.95,0.183157
1438.51,0.14378
1835.7,0.183431
2085.44,0.208489
597.16,0.0596831
1144.61,0.114446
3317.95,0.331724
1314.19,0.131401
905.939,0.0905371
2200.59,0.220019
1522.08,0.152156
1414.95,0.141155
1711.85,0.171036
798.19,0.0798069
1798.08,0.179708
1174.83,0.117255
2078.38,0.207821
988.24,0.0987953
1114.48,0.111417
953.115,0.0951839
1220.18,0.121872
771.882,0.077184
1167.58,0.116584
3183.35,0.318239
804.821,0.0803285
1797.54,0.179612
1176.8,0.117666
2903.93,0.290324
549.022,0.0548978
1365,0.136388
1353.34,0.135329
661.432,0.0661309
3443.21,0.34425
985.344,0.0985211
1032.73,0.103256
1279.73,0.127908
6689.46,2.0263
1073.09,0.107307
1190.55,0.119052
895.579,0.0895328
567.563,0.0567142
650.869,0.065086
951.662,0.0950943
524.891,0.0524633
1327.61,0.132759
1007.86,0.100775
1102.93,0.110286
3274.05,0.327193
1488.17,0.148768
796.086,0.0795796
1328.82,0.132794
676.5,0.0676485
2101.52,0.210132
1048.18,0.104264
611.316,0.0611288
910.283,0.0909257
745.302,0.0745234
1435.86,0.143506
1225.29,0.122483
1641.98,0.163651
2145.42,0.214474
1759.03,0.175896
1227.05,0.122664
773.062,0.0773018
370.529,0.0370407
11005.3,1.09884
1960.71,0.195828
528.669,0.0528644
952.124,0.0951539
16005.1,1.59471
738.22,0.0737331
1176.73,0.11764
686.77,0.0686503
581.456,0.0580815
727.177,0.0726143
1257.92,0.125558
1805.94,0.180562
1134.35,0.113422
1258.2,0.12571
785.474,0.0785343
743.643,0.0742882
588.064,0.0587772
2859.32,0.285468
1267.78,0.126763
842.34,0.08423
1309.7,0.130957
2092.48,0.209106
1949.37,0.194791
947.68,0.0783182
1000.95,0.100067
1294.99,0.129495
1565.74,0.156553
1211.91,0.121154
1784.84,0.172922
5038.2,0.503249
1531,0.152967
1012.8,0.101221
898.666,0.0898519
963.373,0.0962466
733.699,0.0733123
1192.22,0.119196
2008.33,0.20075
1049.15,0.104904
1082.43,0.108239
840.585,0.083869
1410.05,0.140914
1509.27,0.15058
647.408,0.0645358
1117.83,0.111773
620.789,0.0620753
1801.62,0.180047
1820.4,0.181993
556.857,0.0556282
907.947,0.0907065
841.695,0.0841065
1742.12,0.174123
793.126,0.0793084
2853.57,0.285244
2704,0.269969
815.001,0.0812638
642.206,0.0641123
1092.97,0.10928
1296.58,0.129497
1028.06,0.102684
1063.69,0.105992
1201.73,0.12009
1293.19,0.129001
1155.05,0.115496
926.51,0.0926278
825.13,0.0824984
1211.77,0.121064
1261.13,0.126055
962.637,0.0962412
745.205,0.0744062
1229.27,0.122909
1631.41,0.15945
1099.35,0.109923
4886.62,0.487491
1259.18,0.125836
2695.86,0.269526
878.229,0.0877006
2244.03,0.224191
2312.92,0.231138
754.062,0.0753982
878.362,0.0878247
825.703,0.0825297
1408.06,0.140334
1054.83,0.105466
1309.39,0.130881
1008.26,0.100731
1055.91,0.105515
1492.72,0.149229
900.937,0.0899673
1014.83,0.101466
977.893,0.0975657
1821.71,0.182137
1677.33,0.167497
569.314,0.0569133
16658.5,3.46732
908.126,0.0907853
856.899,0.0856838
1201.03,0.120005
613.979,0.0613426
1779.08,0.177867
4107.88,0.409798
1188.18,0.118777
935.575,0.0935424
882.58,0.0882189
1257.74,0.125768
712.481,0.0711794
1335.04,0.133481
1475.04,0.147449
863.612,0.0863402
1535.67,0.15355
1102.22,0.109946
1445.37,0.144493
966.536,0.0965062
722.65,0.0722427
3751.29,0.374734
870.21,0.0869553
935.742,0.0935555
937.182,0.0933919
887.647,0.0887571
3925.41,0.391791
1455.14,0.145231
1325.01,0.132443
970.069,0.0969032
833.242,0.0832937
1034.73,0.10345
1698.77,0.169661
2825.8,0.282198
995.75,0.0995645
2244.52,0.224174
1237.24,0.123623
1006.08,0.100597
1825.42,0.18252
1416.18,0.141579
1061.77,0.106019
2073.85,0.207295
2511.75,0.250875
1059.85,0.0992741
7724.5,1.97828
1608.74,0.160703
2202.81,0.220091
2050.12,0.204865
986.062,0.0984071
5183.01,0.517715
1268.62,0.124196
1739.94,0.173958
2191.43,0.219012
956.956,0.0956277
1105.34,0.110493
1227.83,0.1225
1225.49,0.122527
942.942,0.0942673
497.807,0.0497522
8527.68,0.850308
2658.63,0.265697
775.621,0.0775157
1162.74,0.116207
902.667,0.0901443
746.02,0.0736236
1358.48,0.135208
1344.08,0.133586
1098.63,0.109734
961.219,0.0961077
1108.73,0.110861
1345.77,0.134555
1207.55,0.120629
515.577,0.0515549
623.636,0.0623451
4101.87,0.41011
914.329,0.0912475
947.596,0.0941855
1820.65,0.182034
17810.5,1.77768
1593.46,0.159314
2343.63,0.234187
1864.37,0.186341
972.134,0.09721
1025.57,0.102537
1396.73,0.13965
1507.19,0.150648
1239.02,0.123843
1045.83,0.104547
2902.06,0.289914
2868.54,0.286757
814.25,0.0809348
1443.75,0.144303
6684.84,0.668189
947.303,0.0928618
1377.39,0.137675
1548.99,0.154567
814.625,0.0814124
1782.89,0.178171
1940.87,0.19397
1777.37,0.177653
579.749,0.057914
2636.17,0.263551
7033.74,0.702339
1622.21,0.162105
964.308,0.0963751
2217.99,0.22084
866.165,0.0865576
12871.4,1.27789
581.176,0.0581139
1967.14,0.196685
2565.66,0.256269
2311.81,0.231133
2098.94,0.209712
1244.17,0.124328
591.147,0.0591125
1733.5,0.173083
2233.47,0.223189
2674.66,0.267156
1184.28,0.118393
2171.26,0.21698
1786.9,0.178594
820.499,0.0819979
1608.74,0.160866
2097.59,0.209737
1014.2,0.101391
5501.43,0.548828
1189.29,0.118913
891.961,0.0891563
1410.04,0.140958
1029.86,0.102971
3512.58,0.351158
694.77,0.0694707
2229.28,0.222787
1498.55,0.149774
1434.01,0.143245
1635.02,0.163382
981.484,0.0981322
1691.14,0.169084
1342.63,0.134218
1945.21,0.194474
1240.08,0.124003
1532.24,0.153176
745.461,0.0744172
1532.54,0.153142
2245.81,0.223913
1928.72,0.192796
1352.22,0.135166
2086.95,0.208489
917.969,0.0917021
2272.9,0.227057
988.572,0.0988046
1370.85,0.137045
943.468,0.094306
1079.03,0.107886
722.49,0.0722435
1159.91,0.115972
1640.34,0.163987
1089.37,0.108802
1605.81,0.160506
957.267,0.0956905
1198.46,0.11232
3078.31,0.307587
657.501,0.0657438
934.81,0.0933674
895.01,0.0894429
1995.37,0.199475
1061.36,0.106115
5030.63,0.502617
969.469,0.0969374
1380.45,0.138036
842.61,0.0841878
986.954,0.0982215
1425.46,0.142326
655.551,0.0651597
1517.43,0.151679
854.836,0.0854762
1112.28,0.111019
1045.09,0.10368
715.766,0.0715507
1585.96,0.158568
502.432,0.0502199
883.71,0.087945
1026.08,0.10242
1796.08,0.179028
1122.59,0.112223
1299.44,0.129907
844.928,0.084472
1649.14,0.164905
1504.96,0.150441
814.303,0.0813923
1160.78,0.115881
1080.98,0.108091
2582.03,0.258047
2633.63,0.263044
533.6,0.0533502
1019.46,0.10149
1095.77,0.108639
855.018,0.0854839
1360.41,0.135989
874.294,0.0874107
855.526,0.0854806
568.764,0.0568444
1193.04,0.119256
1418.24,0.140897
1082.63,0.108236
1333.85,0.133368
3613.03,0.356341
1008.04,0.100525
839.012,0.0838946
1359.09,0.135873
2126.45,0.212607
1051.29,0.104982
1231.24,0.123031
1036.95,0.103679
2150.88,0.215065
1711.64,0.171104
1003.52,0.100344
874.048,0.0873662
908.319,0.0908245
1704.57,0.170301
4571.72,0.456697
838.372,0.0838051
1200.44,0.119893
1341.87,0.134052
1680.67,0.168044
1022.88,0.102065
1189.91,0.118971
8731.22,0.872528
1237.19,0.123697
1252.63,0.125235
775.848,0.0775713
2525.21,0.252253
2810.33,0.280767
960.061,0.0954558
1901.12,0.189594
2300.12,0.229838
1620.99,0.162092
987.942,0.0975154
810.631,0.0810577
2908.68,0.290735
1310.21,0.130983
1740.69,0.173997
1313.4,0.131285
1001.2,0.0999906
2260.31,0.22593
4291.66,0.669598
1338.87,0.133846
1175.48,0.117219
510.573,0.0510542
982.174,0.0981595
1565.1,0.156403
4268.39,0.426451
1623.04,0.162299
672.818,0.0672794
1757.12,0.175465
1869.08,0.186582
1174.82,0.117399
676.19,0.0675967
1318.93,0.131794
857.63,0.0857513
951.977,0.0950978
943.686,0.0941902
826.082,0.0826001
1419.56,0.141804
1009.37,0.100832
1434.81,0.142888
847.165,0.0847017
1708.14,0.17071
1041.61,0.104029
2113.69,0.211346
2085.91,0.208425
1111.37,0.110558
3791.99,0.378813
715.461,0.0715252
1265.98,0.126569
988.031,0.0987626
2445.02,0.244471
3632.94,0.362662
705.823,0.0705276
577.771,0.0577754
785.382,0.0785208
763.923,0.076356
1232.81,0.123266
1147.91,0.114763
1390.13,0.138811
705.065,0.0704816
826.535,0.0826212
916.835,0.0916664
1882.77,0.188159
1343.31,0.134302
969.839,0.0969809
1519.72,0.151899
1826.34,0.182499
3669.29,0.366485
1057.41,0.105672
1073.69,0.106457
1183.11,0.118281
1224.24,0.122117
1174.64,0.117456
1225.3,0.122522
1287.42,0.128735
675.82,0.0675061
2588.36,0.258668
2838.65,0.283266
1243.23,0.124308
865.085,0.0864512
995.285,0.0994567
1064.34,0.10642
1284.48,0.128432
1149.7,0.114922
799.174,0.0798901
2912.97,0.291025
973.005,0.0970969
3230.1,0.322959
1060.54,0.106049
1747.99,0.174589
1196.61,0.119073
1143.2,0.114209
1809.94,0.180978
650.174,0.0649492
2285.84,0.228555
855.212,0.0854837
1394.26,0.139388
1413.41,0.141321
3974.12,0.397274
1905.29,0.190492
1039.5,0.103914
2681.25,0.268016
2389.9,0.238925
1181.68,0.118158
1190.2,0.118892
911.71,0.0911662
1942.2,0.193659
1599.5,0.159808
1443.2,0.144302
1115.72,0.11119
1306.12,0.130586
1032.28,0.10321
1456.47,0.145481
791.876,0.0791766
748.825,0.074862
2977.42,0.297557
2095.64,0.209513
1325.55,0.132511
1528.5,0.152843
2169.57,0.216917
853.198,0.0853093
1130.94,0.112869
1233.78,0.123354
1372.04,0.137011
755.781,0.0755696
1142.26,0.114188
1296.88,0.129647
833.366,0.0833116
895.268,0.0894976
2652.54,0.26517
1220.05,0.121981
1284.54,0.128155
1685.45,0.168095
1287.89,0.128767
928.04,0.0927867
1482.69,0.148262
807.608,0.0807165
1098.3,0.109818
981.435,0.0980898
1186.69,0.118591
1519.31,0.15192
3183.13,0.31819
410.592,0.0410515
2284.73,0.228313
1631.73,0.162755
1151.34,0.115109
1128.95,0.112848
2081.14,0.207984
1108.86,0.110845
2173.14,0.217271
954.078,0.0953857
1389.57,0.13872
1709.99,0.170949
926.59,0.0926227
1043.68,0.104201
1713.88,0.168872
812.861,0.0810594
592.524,0.0592456
1937.38,0.193625
685.806,0.0685747
2568.85,0.25685
1098.42,0.109806
1244.27,0.124401
654.253,0.0654209
902.419,0.0901584
662.461,0.0662255
627.582,0.0627484
602.356,0.060228
1994.22,0.199113
1860.04,0.185905
1075.48,0.107541
870.449,0.0870407
1915.43,0.191419
1503.09,0.150235
3310.41,0.330281
8498.85,0.847232
1771.76,0.176789
1578.63,0.157849
1078.83,0.107752
1150.72,0.115068
1458.61,0.145796
780.383,0.0780305
1199,0.119787
1184.42,0.118402
1298.61,0.129688
842.104,0.0839085
1565.68,0.156222
6756.53,0.674231
1237.26,0.12367
2815.48,0.281516
1830.48,0.18263
998.69,0.0997856
4493.2,0.448606
1737.58,0.173741
6173.1,0.616342
2562.8,0.256098
1002.24,0.100173
824.433,0.0823198
1165.29,0.116493
1090.07,0.10876
1360.95,0.136082
1610,0.160917
1295.46,0.129403
795.215,0.0793778
1163.05,0.116126
1629.88,0.16283
1200.11,0.119222
1029.99,0.102995
835.11,0.0834951
816.833,0.0816576
1654.17,0.165325
1359.59,0.135472
870.686,0.0869993
676.96,0.0676861
1309.2,0.130912
1410.18,0.140987
1670.51,0.166928
2172.54,0.217096
791.79,0.0791764
2061.23,0.20608
995.59,0.0995417
1976.89,0.197412
1328.63,0.132806
807.274,0.080721
1433.8,0.143339
867.165,0.0867112
2114.89,0.211129
2615.41,0.261323
848.937,0.0848804
957.571,0.0957483
1224.9,0.122479
1227.84,0.122589
10090.8,1.00809
658.805,0.0658782
1020.76,0.101341
764.456,0.0763693
1848.88,0.184638
872.812,0.0872489
727.474,0.0727166
1559.72,0.155963
974.383,0.0973628
984.288,0.0984152
980.372,0.0979344
2222.34,0.221973
892.69,0.0892627
1035.39,0.102451
4588.97,0.458718
1418.77,0.141859
542.269,0.0542026
1854.81,0.185446
1488.01,0.148696
14620,1.45537
1556.59,0.155596
869.599,0.0869551
7195.46,0.71904
2107.53,0.210586
915.015,0.0914765
1827.02,0.182633
1103.32,0.109561
2539.34,0.253696
810.689,0.0810576
1592.23,0.158732
1335.03,0.13288
874.941,0.087372
631.271,0.0631062
1649,0.164569
1241.07,0.124032
5902.64,0.588007
1986.61,0.198625
1173.47,0.117188
3759.63,0.375547
1073.6,0.107356
1129.27,0.11289
1196.32,0.11963
2690.94,0.268851
778.868,0.0778329
1714.01,0.171367
981.269,0.0980483
1384.72,0.138451
1067.29,0.106654
907.348,0.09067
1198.5,0.119756
1735.88,0.173482
2973.6,0.296789
1199.78,0.119964
1162.62,0.116082
1006.54,0.100616
1690.46,0.168956
2043.31,0.204165
666.121,0.0665923
820.514,0.0820389
1686.64,0.168407
846.131,0.0846117
1497.17,0.14969
760.395,0.0758506
733.382,0.0728222
1594.43,0.159426
1135.61,0.113527
1434.58,0.143411
1398.11,0.13967
1765.27,0.176304
889.374,0.0889279
3047.4,0.304594
5841.08,0.583792
1015.67,0.10155
732.935,0.0732696
2991.17,0.298892
1437.55,0.143699
866.191,0.0865104
1228.41,0.122778
793.352,0.0753558
1467.8,0.146727
6593.63,0.658629
1262.52,0.126225
982.6,0.0982457
1298.93,0.129861
2236.15,0.22357
1610.23,0.16089
647.819,0.0647793
1031.2,0.10311
662.337,0.0662164
1070.5,0.106826
1706.57,0.170567
1155.04,0.115392
1265.64,0.126494
6365.31,0.636049
1989.52,0.198847
784.729,0.078456
1041.67,0.104161
721.931,0.072187
1502.1,0.150044
1598.65,0.159794
899.772,0.0899703
2849.69,0.282866
934.681,0.0934412
2281.38,0.228035
2443.6,0.244275
2050.38,0.205016
2389.85,0.238884
1095.76,0.109545
884.115,0.088375
1121.68,0.112088
715.863,0.0715794
979.351,0.0978811
986.999,0.0986888
2144.17,0.214371
1993.3,0.19925
1717.7,0.171577
619.153,0.0618682
885.487,0.0884913
932.651,0.0932623
756.16,0.0755968
1725.87,0.172488
570.023,0.0569986
1080.1,0.105757
4612.75,0.460645
17699.9,1.76378
2542.57,0.254089
634.806,0.0634236
1176.61,0.117571
1945.23,0.194432
1265.67,0.126544
1737.5,0.173667
1176.01,0.117521
1607.47,0.160643
973.918,0.0973809
1599.35,0.159759
1955.33,0.195415
1396.76,0.13965
1517.59,0.151589
1518.26,0.151812
935.568,0.0934082
610.882,0.0610657
1468.38,0.146824
1717.62,0.171736
1608.04,0.160719
1076.54,0.107588
1375.19,0.137488
1458.51,0.145795
741.762,0.0741569
1068.87,0.106062
1012.81,0.10125
1241.75,0.124128
3364.08,0.335873
884.728,0.0884339
1051.17,0.105107
1662.18,0.165992
833.918,0.0833181
2100.68,0.210018
1805.66,0.180545
900.958,0.0900604
803.892,0.0802946
1623.35,0.162317
1822.54,0.182183
1213.84,0.121338
1673.27,0.167189
2222.28,0.22217
1137.32,0.113646
2903.66,0.290002
914.68,0.0914057
741.768,0.0738077
1341.97,0.13412
907.695,0.0907065
967.858,0.0967641
922.298,0.0921892
6134.88,0.611995
1748.39,0.174787
1109.49,0.110367
1151.59,0.115152
1109.13,0.1109
1132.28,0.11318
1439.77,0.14391
527.505,0.0527215
1034.57,0.103451
1040,0.103927
607.502,0.0605184
3177.87,0.317638
10222.6,0.963374
1794.27,0.179371
2180.65,0.215441
988.596,0.0988161
980.558,0.0980084
1874.78,0.187264
1154.9,0.115391
2586.91,0.2586
849.592,0.0848274
1374.95,0.137319
1625.74,0.162549
3755.35,0.375351
3580.97,0.357909
1548.8,0.154661
561.788,0.0561642
2280.29,0.22754
1597.68,0.159628
2357.63,0.235704
2809.2,0.280528
755.519,0.0754932
1150.85,0.115058
1070.76,0.106737
847.713,0.0847368
1791.32,0.178626
962.068,0.0961867
934.834,0.0934687
1274.03,0.127351
7628.92,0.762546
1841.48,0.18401
1004.17,0.100195
670.894,0.0670744
793.591,0.0793171
830.736,0.0830684
839.189,0.0837823
4119.66,0.411836
1687.94,0.168616
981.054,0.098076
906.044,0.0905167
1773.85,0.177231
1084.67,0.108308
3421.37,0.3411
1193.48,0.119181
1268.38,0.126684
1033.28,0.103114
1203.26,0.120312
1142.9,0.114273
1199.48,0.119857
1314.23,0.131326
2020.75,0.20191
1656.8,0.16555
1114.21,0.111351
10651.2,1.06294
834.19,0.083323
948.168,0.0947973
1449.93,0.144949
1467.58,0.145645
599.501,0.0599075
2174.68,0.217228
7873.17,0.78701
751.839,0.0749949
888.542,0.0888334
901.647,0.0901486
632.433,0.0632312
7644.23,0.764024
961.516,0.0961408
1055.19,0.0934041
6121.44,0.608426
1317.72,0.131763
1015.06,0.10149
4344.83,0.433945
1084.87,0.108436
988.907,0.0988464
851.452,0.0848769
807.082,0.0806879
1600.67,0.160041
938.226,0.0934622
2331.89,0.232845
1395.89,0.139568
786.947,0.078692
3098.84,0.309568
1570.03,0.15699
2756.87,0.275518
1515.69,0.151454
3847.52,0.384691
7113.61,0.711121
979.826,0.0979608
2800.95,0.280042
3032.08,0.302257
1074.15,0.107376
840.717,0.084051
2022.72,0.20067
1711.41,0.171125
1249.33,0.124897
2291.93,0.229104
925.815,0.0925752
886.599,0.0885721
2816.91,0.281185
839.144,0.0838625
1344.93,0.134487
1066.25,0.106618
1283.45,0.128317
1176.26,0.117621
2848.48,0.284824
670.446,0.0670283
955.422,0.0955137
2640.44,0.264001
7069.13,0.706456
1071.34,0.107105
4657.88,0.465512
2754.13,0.275274
3596.66,0.359415
1309.2,0.13086
1754.96,0.175237
648.869,0.0648631
855.635,0.0855218
1039.16,0.103881
977.925,0.0977869
1843.72,0.184304
646.284,0.0645003
981.298,0.0980756
834.001,0.0833938
7345.22,0.733579
834.557,0.0834269
1024.54,0.102365
871.498,0.0871414
1222.19,0.122165
569.127,0.0568834
2312.71,0.230983
715.082,0.0714658
804.216,0.0802636
2610.4,0.26099
725.399,0.0725341
2325.26,0.232401
773.882,0.0772451
2106.05,0.210426
1058.85,0.103352
2032.84,0.203267
759.819,0.0759179
2525.67,0.252494
1611.27,0.160899
1111.76,0.111171
2464.92,0.246474
1336.46,0.133615
1755.45,0.17548
16225.2,1.61833
1089.71,0.108962
2090.6,0.208964
2772.98,0.277162
1704.54,0.170359
2073.45,0.207312
1015.7,0.0978345
1027.11,0.102701
992.529,0.0992389
2060.93,0.205697
1093.5,0.108957
3103.34,0.31013
1501.68,0.150115
858.434,0.0858399
1892.41,0.188758
935.035,0.0934971
2779.45,0.277708
1839.64,0.183919
2227.06,0.222657
716.91,0.071632
3257.66,0.325666
918.902,0.0918014
810.626,0.081025
1785.58,0.178493
912.84,0.0912563
1619.76,0.161908
828.198,0.0823646
1046.27,0.104509
1330.83,0.133035
997.402,0.0996993
1142.06,0.114148
1366.6,0.136638
2270.35,0.22435
1224.04,0.120291
2510.97,0.250953
12746.7,1.26968
1344.79,0.134293
1959.73,0.195899
914.68,0.0913843
2110.31,0.210591
2322.7,0.232177
779.655,0.0778134
2488.92,0.24881
1263.79,0.126342
6074.88,0.606946
933.284,0.0933065
2702.62,0.26995
2007.92,0.200682
1670.51,0.167001
3563.5,0.356204
1417.04,0.1417
1650.12,4.3889
492.554,0.0492362
1553.21,0.155288
3238.49,0.323709
3003.83,0.30032
701.843,0.0701633
889.824,0.0887886
2862.42,0.286186
3765.77,0.376043
1102.79,0.11027
728.772,0.0728617
657.742,0.0657721
1055.93,0.105544
1517.13,0.151679
2865.53,0.286353
575.545,0.0575358
1182.72,0.118137
2499.35,0.249899
900.279,0.0900208
837.647,0.0837471
1957.9,0.177334
1632.38,0.157915
2563.42,0.256006
1068.39,0.106829
2330.84,0.232955
2235.8,0.223534
1597.51,0.159578
984.875,0.0984323
884.407,0.0881087
900.343,0.0900228
1453.62,0.143494
2048.9,0.204774
786.083,0.0785808
2059.68,0.205942
679.962,0.0679855
1130.53,0.11278
702.823,0.0702756
783.676,0.0780659
505.296,0.050526
6037.21,0.600906
2180.62,0.218005
1365.88,0.136536
953.62,0.0952398
630.809,0.0630515
786.675,0.0786422
853.682,0.0853425
1086.76,0.108648
825.519,0.0824204
958.047,0.0955499
782.099,0.0780984
1078.93,0.107886
796.557,0.0796482
715.385,0.0714662
1137.07,0.1137
857.963,0.0857754
813.132,0.0812717
2274.37,0.227363
1072,0.107093
725.278,0.0725141
16888.9,1.67198
931.814,0.0931566
748.037,0.0747791
957.6,0.0955719
589.977,0.0589773
2359.26,0.2359
1184.73,0.118459
1124.17,0.112415
2064.5,0.206433
730.215,0.0729581
1199.42,0.119939
1182.59,0.118253
1323.17,0.132256
380.074,0.0379956
1461.19,0.146026
912.374,0.091226
701.532,0.0700644
1401.46,0.139839
674.577,0.0667586
1754.54,0.175446
593.834,0.0593685
854.633,0.0853026
1644.7,0.16428
2788.56,0.278793
732.533,0.0732462
1333.52,0.133227
909.121,0.0908863
991.362,0.0991332
1015.69,0.101562
8344.46,0.833408
913.514,0.0913225
1106.1,0.110581
971.788,0.0971607
894.973,0.0894877
1131.36,0.113086
1242.04,0.124146
872.751,0.0872653
1024.07,0.102394
1114.92,0.111385
926.07,0.0925377
706.028,0.0704731
1151.35,0.115123
877.8,0.087775
834.486,0.083444
794.575,0.0794218
1713.9,0.171382
1305.21,0.130497
3638.83,0.363712
1097.9,0.109783
1374.84,0.137333
1702.27,0.170211
17834.6,1.78224
1042.68,0.104255
903.168,0.0903139
1062.86,0.105408
1537.52,0.153716
1672.56,0.167243
1656.04,0.165594
1472.68,0.147261
920.102,0.0919789
4234.72,0.423035
1351.09,0.135028
2562.09,0.255977
1044.86,0.104458
1446.74,0.144653
1487.08,0.148698
1410.59,0.140879
1211.75,0.121138
12705,1.26638
1366.11,0.136581
2992.83,0.298919
995.37,0.0995231
971.353,0.097119
2335.88,0.233276
1241.48,0.124138
971.553,0.0970959
1001.61,0.100149
798.668,0.0798548
1884.47,0.188377
1406.09,0.140549
1019.01,0.101789
1050.36,0.104803
5920.8,0.591636
2322.79,0.232162
517.917,0.0517874
1362.79,0.136259
2014.14,0.201396
720.684,0.0720336
767.943,0.0765938
1427.27,0.142638
3419.81,0.341607
1943.6,0.194189
739.259,0.0739077
1709.75,0.17092
1487.32,0.148701
896.064,0.0895797
1110.38,0.111026
1252.24,0.125184
514.904,0.0513101
532.676,0.0532628
1192.42,0.119151
852.672,0.0852194
2436.8,0.243539
1112.4,0.111212
601.221,0.060121
788.64,0.0788524
529.699,0.0529146
1154.61,0.11545
1012.18,0.101133
1167.35,0.116662
920.127,0.0919582
791.991,0.0791819
1491.35,0.149115
799.852,0.0798312
1123.21,0.112309
1363.07,0.13629
781.758,0.0781419
1927.04,0.192669
3499.8,0.349843
1855.17,0.185456
634.266,0.0634242
1905.34,0.190491
1553.88,0.155266
520.069,0.0519763
868.894,0.0868841
1048.46,0.10464
1234.74,0.123296
1242.48,0.124186
1582.14,0.158181
1732.08,0.17315
8594.85,0.858578
3259.48,0.325737
2064.72,0.206389
723.452,0.0720247
2209.87,0.220816
755.233,0.075517
1483.51,0.148317
1401.14,0.140037
1045.88,0.104555
1095.51,0.109508
756.361,0.0756249
1133.79,0.113333
1622,0.162184
989.513,0.0989178
6082.03,0.60797
855.744,0.085432
964.192,0.0964171
1448.59,0.144825
947.13,0.0947075
1539.4,0.153915
2312.26,0.169132
1075.1,0.107494
1525.63,0.152142
1931.2,0.192372
1073.56,0.107344
1206.98,0.120677
1799.09,0.179868
5042,0.503725
1925.07,0.192478
1563.23,0.15628
921.298,0.0921109
959.27,0.0958669
1727.21,0.172607
21755.3,2.17278
1830.97,0.182716
843.064,0.0843006
1713.03,0.170903
950.352,0.0948089
1002.45,0.100205
663.176,0.0662818
1001.36,0.100129
6425.05,0.642755
1567.73,0.15673
1542.7,0.154262
3249.85,0.324944
1231.68,0.121411
996.515,0.0994249
4512.3,0.451034
1848.11,0.184644
3557.46,0.35517
880.088,0.0879572
1167.58,0.115089
1069.29,0.106881
1080.01,0.107989
5344.72,0.533917
830.663,0.0830528
1197.61,0.119696
8987.81,0.897967
1580.98,0.15804
1403.4,0.140229
1482.5,0.148105
2040.94,0.203953
752.452,0.0752367
967.948,0.0953351
1049.07,0.104905
1197.19,0.119637
805.08,0.0804828
3165.23,0.316397
694.146,0.0694125
1933.33,0.192724
1308.46,0.130821
1219.17,0.121842
823.014,0.0820947
1590.86,0.159071
1274.01,0.127366
894.92,0.0894788
1048.16,0.10477
718.127,0.0718039
773.72,0.0773462
1085.53,0.107922
3284.56,0.328401
1832.21,0.183046
1071.18,0.107106
763.751,0.0763188
1148.59,0.114855
1092.13,0.107086
3192.15,0.319088
863.108,0.086079
1778.9,0.177367
1299.08,0.129885
1334.11,0.133395
763.982,0.0763825
2012.69,0.201167
742.604,0.0726295
1183.2,0.118297
1731.59,0.173072
1428.96,0.142872
1739.48,0.173864
1178.84,0.11788
3044.52,0.303613
3298.5,0.217381
905.245,0.0903709
688.565,0.0688533
1267.04,0.126655
3226.82,0.321701
1672.63,0.167204
1411.66,0.14115
1367.65,0.13673
836.759,0.0836243
1256.43,0.125277
1003.59,0.100341
1467.52,0.146415
698.562,0.0697953
1631.73,0.163134
803.609,0.0802512
981.798,0.0981753
1023.02,0.102185
1322.07,0.131745
1110.91,0.111021
4110.57,0.410739
1021.24,0.102122
972.638,0.0972402
746.541,0.0745969
1265.46,0.12653
1049.4,0.104919
1259.71,0.12591
2654.8,0.265298
1293.47,0.129333
3693.94,0.368954
1968.07,0.196718
42316.8,5.61488
906.645,0.0904186
989.32,0.098874
1360.05,0.135968
865.514,0.0864783
1879.18,0.187849
826.573,0.0826136
15901.2,1.58782
573.94,0.0573913
836.694,0.083614
898.771,0.0898356
991.184,0.0990861
1035.14,0.103496
943.053,0.094288
1357.25,0.135042
1224.94,0.122443
940.881,0.0940302
1308.3,0.130776
973.26,0.0973204
1078.47,0.107843
3828.51,0.382574
2922.46,0.291558
702.631,0.0702623
816.032,0.0815979
4091.93,0.549628
1577.07,0.157599
1198.06,0.11979
2617.87,0.26176
1228.68,0.1228
1754.14,0.17529
3376.89,0.337157
942.668,0.0941566
1898.89,0.189863
1500.41,0.150025
2361.26,0.236057
876.476,0.0872455
3550.79,0.354118
1215.36,0.121503
685.225,0.0684299
977.659,0.0973801
622.617,0.0622571
1158.16,0.115811
783.233,0.0783197
1077.5,0.107702
868.507,0.0866445
1753.32,0.175226
3346.65,0.334311
1058.83,0.0948008
716.654,0.0716577
1288.31,0.128735
1203.14,0.120215
859.493,0.0857357
799.474,0.07993
1067.18,0.10621
1038.23,0.103797
1009.61,0.100952
1532.05,0.153139
675.054,0.0674707
1550.7,0.154902
764.797,0.0764455
1286.38,0.128581
1850.4,0.184976
744.897,0.0744725
1240.97,0.123997
781.022,0.0780906
940.582,0.0940364
1020.86,0.101951
17266.3,1.70282
940.634,0.0940489
4485.55,0.448337
1204.11,0.12039
2714.67,0.270748
1220.72,0.122067
651.098,0.0650537
637.275,0.0636903
6487.26,2.04626
777.753,0.0776535
806.664,0.0806557
14572.7,1.45441
1562.67,0.156255
674.197,0.0673927
1891.28,0.189066
1338.58,0.133836
2158.23,0.214463
2241.08,0.223225
1463.11,0.146302
1457.42,0.145715
1099.81,0.109939
3104.65,0.310156
1020.78,0.102071
2902.35,0.289993
3591.65,0.355816
1522.01,0.152124
997.18,0.0995355
1649.82,0.164887
1581.86,0.158107
11961.6,1.19411
1164.43,0.116426
1417,0.141661
1287.58,0.12873
1062.98,0.106278
1187.35,0.116389
1483.39,0.148266
1004.83,0.100465
2470.64,0.246999
1398.43,0.139745
1168.35,0.116797
865.997,0.0865394
727.352,0.0727031
921.269,0.0921021
988.738,0.0988646
1469.52,0.146677
889.03,0.0888837
933.99,0.0933436
1455.97,0.145453
587.643,0.0575854
1190.76,0.118937
732.027,0.0731867
2073.3,0.20728
754.129,0.0753779
1780.88,0.177727
487.97,0.0487792
2295.6,0.229523
4801.11,0.479315
1684.89,0.168387
2907.11,0.2906
1718.44,0.171784
3846.25,0.384588
2176.02,0.216661
529.087,0.0528974
698.353,0.0698233
2001.53,0.200098
2306.86,0.230357
1340.08,0.133949
2018.51,0.201534
948.389,0.0948188
1080.91,0.108035
1004.55,0.100226
896.576,0.0896529
2243.16,0.223925
917.306,0.0917247
1481.03,0.148031
4314.43,0.431297
1214.08,0.121395
559.857,0.055929
1256.41,0.125455
2974.62,0.297363
1485.43,0.148179
683.528,0.0682735
2153.58,0.215308
2208.43,0.220798
4856.18,0.484757
1232.51,0.123223
995.983,0.0994817
1357.81,0.135764
1093.5,0.109324
2556.07,0.255249
1054.11,0.105057
1138.88,0.113758
1035.49,0.10352
1776.96,0.176942
1722.98,0.172149
1295.04,0.127947
688.928,0.0688868
4692.38,0.468751
1047.59,0.104729
815.991,0.0815906
6411.92,0.635107
354.538,0.0354521
1799.22,0.179663
2685.17,0.268447
2037.06,0.203033
1477.28,0.147008
4993.13,0.498492
949.36,0.0948745
1309.58,0.130923
1362.89,0.136252
1066.59,0.106653
5908.86,0.590529
1001.78,0.0999309
1134.35,0.113398
872.661,0.0870959
1972.67,0.197123
982.194,0.0982147
747.539,0.0747338
2485.95,0.248347
912.03,0.0907888
558.503,0.0558257
953.924,0.0952869
2597.94,0.25941
991.082,0.098278
5963.57,0.582953
736.951,0.0736073
908.474,0.0903797
1733.97,0.172998
1239.69,0.123926
1971.02,0.196701
1734.4,0.17297
2825.9,0.282035
613.011,0.0612938
1392.22,0.139215
622.987,0.0622639
4044.94,0.404358
1339.5,0.133685
1341.21,0.134086
5585.18,0.557646
1072,0.107177
1123.69,0.112368
1390.17,0.138693
962.334,0.0962036
1024.25,0.102423
1782.3,0.178123
710.33,0.0709421
787.628,0.078753
936.303,0.0935722
1639.19,0.163755
1161.32,0.115742
1604.04,0.160156
921.898,0.0921736
1346.49,0.134562
2554.53,0.254641
780.667,0.0780575
2006.91,0.199947
1588.95,0.158781
1964.75,0.196285
2074.96,0.207355
2363.1,0.23524
868.3,0.0868289
3331.88,0.332582
731.46,0.0731443
1127.71,0.112755
719.733,0.0717922
822.194,0.0822149
1328.38,0.132827
746.773,0.0705887
492.825,0.049279
922.562,0.0922309
1860.36,0.185928
1842.32,0.184187
1348.29,0.134826
3263.65,0.326143
1473.42,0.14727
1458.73,0.145866
1195.58,0.119158
755.835,0.0755268
616.992,0.0616964
1149.71,0.114905
1446.34,0.143841
860.458,0.086034
1423.69,0.142301
3678.55,0.367748
869.188,0.0868995
734.932,0.0734742
1024.44,0.102408
966.123,0.0965927
885.942,0.0885913
1797.79,0.179746
1305.1,0.130489
1825.82,0.182498
25921.7,2.56829
1175.54,0.117503
1165.13,0.1165
1270.85,0.127059
1158.58,0.115752
2440.46,0.24381
982.832,0.0981748
1172.97,0.117196
770.988,0.0770739
661.677,0.0661455
878.158,0.0878086
783.338,0.0779125
5382.83,0.537762
1456.12,0.145421
10303.9,1.02878
2458.72,0.245473
1017.48,0.101669
550.284,0.0550086
808.514,0.0808346
2781.55,0.278003
972.381,0.0972157
1121.56,0.11215
705.633,0.0705276
632.094,0.0632009
1180.93,0.118085
2793.15,0.279156
2376.29,0.237288
1528.87,0.152596
1809.04,0.18069
1645.53,0.164516
1442.46,0.144204
1435.64,0.143484
982.598,0.0982555
2322.38,0.232193
780.473,0.0780293
1718.12,0.17163
1183.17,0.166956
1266.1,0.126597
1640.58,0.163954
1167.69,0.116715
1474.04,0.147202
1505.5,0.149919
1266.61,0.126521
1417.89,0.141626
1678.74,0.167813
872.051,0.0871019
1226.87,0.122011
1435.75,0.143499
901.741,0.0899781
1118.46,0.111834
869.327,0.0869223
1256.74,0.125588
1047.52,0.104596
4468.04,0.446459
1447.43,0.144462
1171.63,0.117141
1597.53,0.159531
982.01,0.0981957
2253.1,0.224951
1573.69,0.157235
906.07,0.0906018
4032.5,0.402176
1099.21,0.109867
10969.8,1.09447
1042.35,0.104065
1194.25,0.119397
1977.38,0.197585
1078.14,0.10777
1315.15,0.1314
1276.44,0.126966
1065.18,0.106491
1297.32,0.12971
1812.71,0.18125
2064.74,0.206396
1052.47,0.10519
3429.23,0.342126
3123.79,0.312295
476.737,0.0476708
961.687,0.0961671
1102.67,0.109586
894.814,0.0894736
1167.19,0.116606
881.279,0.0881118
1119.93,0.111985
996.313,0.0996163
14168.2,1.41364
1393.25,0.139232
3101.22,0.309927
914.009,0.0913342
963.293,0.0963248
726.539,0.0726339
508.776,0.050877
1631.52,0.163103
654.744,0.0654672
879.995,0.0879824
1024.61,0.102457
1227.95,0.122782
1207.34,0.120727
2203.08,0.220156
500.91,0.0500707
731.995,0.0731012
553.846,0.055362
1096.88,0.109667
1009.53,0.100864
5431.47,0.54276
1514.2,0.15135
2152.04,0.215173
1337.61,0.133609
941.921,0.0941885
4791.94,0.47811
877.442,0.0877393
1184.71,0.118441
610.031,0.0609997
3271.33,0.3268
770.281,0.075816
973.285,0.0972881
1259.53,0.125862
1969.22,0.196906
1253.71,0.124724
1068.73,0.103659
2536.76,0.253612
1521.61,0.151839
1846.15,0.184151
1870.85,0.187067
1002.73,0.100257
2088.69,0.208296
1483.59,0.148303
2261.93,0.22617
639.315,0.063929
1044.59,0.104458
2359.46,0.235898
2632.68,0.263104
1757.24,0.175582
3780.23,0.377524
888.453,0.088784
1373.51,0.137334
1077.09,0.107171
715.662,0.0715371
2028.12,0.202456
837.075,0.0826484
3369.23,0.336745
2023.08,0.202186
625.67,0.0625577
1887.34,0.188704
1183.96,0.118371
1689.14,0.168781
798.453,0.0798319
904.693,0.0904376
1169.38,0.116445
1529.84,0.152938
1151.33,0.115103
753.707,0.075338
2408.99,0.225551
769.365,0.0769142
3485.15,0.348225
1834.76,0.183428
735.761,0.0734468
1678.48,0.167655
1167.27,0.116686
2963.7,0.296228
788.139,0.0786873
1327.95,0.132736
775.297,0.0775157
1192.02,0.11907
765.942,0.0765872
1016.19,0.101603
1672.08,0.167175
2986.23,0.298521
2734.46,0.273388
1715.95,0.171557
1531.22,0.152587
688.657,0.068852
1841.78,0.183862
1695.04,0.1694
1275.72,0.127518
1266.96,0.126655
894.422,0.089436
1058.26,0.105814
1113.96,0.111333
2980.83,0.297385
1032.12,0.103146
6744,0.673898
932.08,0.0931997
1182.4,0.118237
1494.95,0.149444
1163.98,0.115056
1489.95,0.148918
5360.77,0.535396
1545.44,0.154423
1089.08,0.10859
695.225,0.0694927
1027.41,0.102724
1264.44,0.126392
1336.62,0.133577
950.952,0.0950561
1106.61,0.110598
969.545,0.0967344
1447.12,0.144704
1345.49,0.134382
939.157,0.0938464
1236.36,0.123595
1420.86,0.139931
1214.99,0.121472
1067.4,0.106668
816.252,0.0815967
1017.83,0.101743
3661.11,0.363596
1160.24,0.115813
913.612,0.0912955
1365.4,0.136526
771.368,0.0770531
1780.8,0.177632
3235.56,0.321339
1639.05,0.163877
1009.69,0.100948
871.246,0.0871084
8182.13,0.817206
1228.98,0.122832
920.269,0.0919061
1775.55,0.177268
796.838,0.0795566
760.126,0.0759997
1104.28,0.110347
1255.24,0.125444
655.046,0.0654956
1095.32,0.109412
1262.42,0.126221
998.595,0.0997766
1593.69,0.159141
1398.72,0.139838
841.782,0.0841695
1033.94,0.103383
886.043,0.0885956
881.725,0.088137
1412.42,0.141132
1302.14,0.129431
1159.42,0.115687
877.187,0.0877044
1210.71,0.121048
1232.27,0.1231
5953.16,0.594818
1325,0.132478
938.793,0.0938613
2664.35,0.26637
1289.09,0.12848
1799.55,0.179858
1794.63,0.179453
2413.44,0.240208
6871.4,6.22352
1474.78,0.147454
1441.07,0.143172
1146.46,0.114608
808.468,0.0808094
1251.01,0.125079
1444.54,0.144439
1134.41,0.113388
899.329,0.0898126
1015.42,0.101472
3440.78,0.343722
1805.39,0.179872
1277.34,0.127635
830.041,0.0830021
3711.17,0.371019
799.158,0.0798834
988.734,0.0988694
1112.76,0.111162
980.8,0.0980226
1053.48,0.10527
2040.46,0.203569
1100.61,0.109987
1258.13,0.125661
883.986,0.0882835
5178.79,0.517612
1065.78,0.106534
3861.58,0.386055
1945.4,0.194459
1489.31,0.148927
13252.9,2.26038
1215.83,0.121549
602.945,0.060255
1275.44,0.127536
886.883,0.0886852
3120.57,0.3118
1516.52,0.151648
2341.41,0.234106
930.546,0.0930247
3277.73,0.327755
1431.15,0.142734
793.086,0.0792944
1490.37,0.149015
521.429,0.0520744
1506.4,0.150612
1245.41,0.124538
1886.92,0.188602
1471.39,0.147131
3083.51,0.308151
1040.88,0.104079
988.429,0.0988152
985.635,0.0984732
1175.91,0.117523
2182.64,0.21818
8736.03,0.872527
2477.29,0.247661
1418.13,0.141806
1059.6,0.105923
1285.79,0.128493
956.84,0.095612
3396.8,0.337044
1292.49,0.129234
1345.12,0.134145
1871.94,0.187138
1300.5,0.130034
1300.48,0.130007
1381.22,0.138096
1399.74,0.139761
1516.45,0.151571
1068.16,0.106636
1519.55,0.151896
1098.01,0.109786
1565.26,0.156487
1925.86,0.192497
1459.68,0.145137
1359.68,0.135938
735.454,0.0735307
2123.77,0.212318
1739.89,0.173519
2699.38,0.269721
2165.2,0.214382
3190.72,0.318704
775.064,0.0774725
2744.1,0.27436
892.695,0.0892212
809.465,0.0809062
1196.28,0.119598
2544.32,0.254298
1172.82,0.117218
738.174,0.0737748
1693.35,0.169152
1534.4,0.153406
746.912,0.0746297
1745.6,0.174509
6166.39,0.616328
1658.37,0.165742
1395.35,0.139336
1333.19,0.133004
1298.41,0.129831
502.654,0.0502541
834.802,0.0834645
863.228,0.0862924
1944.31,0.196442
2006.69,0.200536
1652.98,0.165279
736.421,0.0736313
1754.13,0.175175
531.106,0.0531078
1264.6,0.126261
2040.27,0.203986
854.821,0.0853827
826.779,0.0825183
1205.35,0.120427
909.605,0.0909453
1070.23,0.107018
1148.3,0.114544
1115.51,0.111504
2085.19,0.207635
668.866,0.0668817
1007.24,0.100721
1202.89,0.120188
987.09,0.0987057
528.231,0.0528057
580.566,0.0580532
2750.22,0.274786
1057.13,0.105706
1365.48,0.13645
789.486,0.0788923
1452.28,0.145203
3965.72,0.396177
4749.84,0.474643
2235.12,0.223397
1866.86,0.186407
906.13,0.0905594
783.621,0.0783226
1340.41,0.134038
843.399,0.0842088
989.904,0.0987443
1103.24,0.1103
1797.02,0.179605
1139.22,0.113855
1345.63,0.134555
1392.79,0.138872
1130.84,0.113067
1041.6,0.104034
1175.25,0.117516
1409.64,0.140863
832.611,0.0832233
587.571,0.058717
1811.51,0.181041
693.056,0.0692983
1335.39,0.13346
1334.76,0.133325
903.184,0.0903153
1790.07,0.178859
1092.77,0.109265
13312.8,1.33083
3093.85,0.308141
2921.99,0.291948
1271.03,0.127093
601.343,0.0600873
2264.83,0.226451
1901.56,0.190016
646.636,0.0646589
3489.91,0.34872
751.367,0.0751169
695.517,0.0695364
3778.11,0.377418
1567.62,0.156747
1322.86,4.37208
3756.36,0.375255
1456.13,0.143362
415.738,0.0415714
1155.47,0.115196
999.037,0.0997698
700.49,0.0699382
1123.16,0.11226
1221.89,0.122123
1022.98,0.102226
5800.9,0.57464
2829.04,0.282757
979.329,0.0978689
774.798,0.077358
2236.55,0.223435
1226.45,0.122604
1073.3,0.107293
1570.56,0.156907
1290.1,0.128958
1206.87,0.12062
844.365,0.0843677
1503.16,0.150264
1362.76,0.135899
1256.26,0.125327
2088.4,0.208742
870.86,0.0870838
1766.11,0.176521
2031.91,0.203145
1029.97,0.102954
691.994,0.0691985
1499.77,0.149877
933.336,0.0930686
1192.83,0.119244
1364.59,0.136246
820.731,0.0813488
1708.91,0.170882
652.603,0.065244
1129.22,0.112907
1082.44,0.108218
1308.09,0.130793
945.651,0.0945632
1559.71,0.155881
1538.1,0.153441
2058.19,0.205688
1162.13,0.116196
877.539,0.0877461
1051.34,0.104914
799.783,0.0799752
1715.63,0.171408
827.967,0.0827935
852.311,0.085196
1166.61,0.116648
1417.98,0.141712
1892.86,0.189247
1151.68,0.115084
2730.96,0.2728
1845.36,0.184354
1931.57,0.193001
1058.67,0.10584
863.433,0.0863415
1346.29,0.134625
2086.63,0.208366
1117.79,0.111683
1085.08,0.108325
1504.9,0.150466
2164.08,0.216246
8556.61,0.853039
763.974,0.0763779
4885.92,0.487561
3448.03,0.344678
895.007,0.0893282
711.624,0.0711196
986.202,0.0986148
1933.94,0.192866
1137.56,0.11375
3727.81,0.372744
2926.34,0.291816
422.999,0.04229
517.316,0.0517185
1226.58,0.122647
421.207,0.04207
997.008,0.0989065
632.059,0.0632042
1017.75,0.10168
5285.63,0.528249
1432.54,0.143162
2764.61,0.276292
937.937,0.0937719
625.607,0.0625583
1493.12,0.148935
868.795,0.0867593
806.615,0.0806564
2120.53,0.212016
2803.21,0.279854
677.705,0.0677628
991.113,0.0917592
739.496,0.0739439
1605.93,0.160483
1671.09,0.167086
605.276,0.0600985
1097.93,0.109763
1520.78,0.151877
3220.85,0.321766
1591.97,0.158244
917.001,0.0916758
1250.08,0.125
585.957,0.0585637
1009.6,0.100955
1522.9,0.152176
1099.97,0.109861
918.315,0.0917142
1175.72,0.117523
643.217,0.064317
1861.23,0.185767
1844.43,0.184342
947.435,0.0947279
1501.07,0.150067
726.965,0.0726817
999.016,0.099766
1409.62,0.140799
1322.51,0.132156
847.019,0.084697
1148.16,0.114783
1412.39,0.141122
1042.57,0.104075
1155.18,0.115442
713.281,0.0712999
993.924,0.0993849
564.776,0.0564281
3563.78,0.356318
1129.25,0.112868
596.242,0.0595618
1445.77,0.144485
825.514,0.0825397
1370.77,0.137053
828.756,0.0828175
1983.17,0.198199
3088.4,0.308231
1225.01,0.12239
1867.35,0.186708
773.182,0.0772457
787.053,0.0783905
1625.65,0.162406
1332.93,0.133166
746.961,0.0745701
715.281,0.0715059
1913.13,0.191053
2663.55,0.26617
1392.53,0.139105
771.052,0.0770577
1998.18,0.19978
1443.24,0.144278
1059.79,0.105956
899.752,0.0899639
1285.05,0.128468
1141.34,0.114064
1599.25,0.159862
19832,1.97077
3360.23,0.335903
2155.36,0.215414
1545.77,0.154431
785.193,0.0784988
1613.86,0.161133
1495.27,0.149516
731.93,0.0730949
15023.5,1.49633
1224.12,0.122399
1492.55,0.149151
994.462,0.0994239
1039.86,0.103978
2333.38,0.23327
660.674,0.0660525
2122.6,0.212205
1047.43,0.104689
1739.83,0.17348
1687.7,0.16872
2566.95,0.25666
1893.81,0.189104
939.887,0.093977
1075.12,0.107404
1514.22,0.150779
1163.14,0.116137
4326.53,0.43249
1207.35,0.111625
1080.25,0.107983
575.805,0.0575616
1544.2,0.154322
1032.84,0.103192
680.709,0.0680653
1147.62,0.114708
1983.11,0.198296
981.823,0.096078
811.047,0.0810993
2079.31,0.207759
2048.06,0.204624
1628.63,0.162856
1345.64,0.134438
1536.16,0.153561
1152.12,0.115172
1354.79,0.135316
2635.23,0.263412
2512.47,0.251068
1494.19,0.148554
991.867,0.0991826
3459.8,0.345589
1207.23,0.120259
968.626,0.0964229
1270.2,0.127012
905.984,0.0900359
950.789,0.0950611
3153.69,0.315031
2734.15,0.273152
1394.64,0.139398
1873.47,0.187115
1493.51,0.149305
2187.6,0.218735
817.507,0.0816354
2634.94,0.263325
615.94,0.0615779
4409.57,0.423259
1891.95,0.189177
2381.33,0.238096
7842.53,0.783779
842.055,0.0829222
7205.18,0.718909
814.8,0.081404
849.832,0.0849694
1973.81,0.197228
1059.92,0.105947
1203.02,0.120291
853.158,0.0852555
1616.05,0.161455
4423.26,0.442117
954.215,0.0953807
3753.44,0.37461
1038.93,0.103845
1653.84,0.165294
934.796,0.0934608
870.101,0.0869379
1881.04,0.188002
1379.1,0.137831
1208.64,0.12065
2330.39,0.23256
3291.97,0.328969
882.331,0.0881844
1449.85,0.144972
9740.07,0.973312
2417.29,0.241641
924.404,0.0923763
1311.89,0.131086
1006.53,0.100607
809.567,0.0809039
1778.93,0.177779
908.931,0.0908115
686.379,0.0682292
4804.44,0.480291
2461.91,0.24523
1221.99,0.122188
1041.75,0.104161
1021.38,0.102005
964.114,0.0962865
599.458,0.0586085
1250.05,0.124969
1166.2,0.116526
1480.26,0.147958
1208.96,0.12086
1381.97,0.138105
1016.83,0.101493
888.087,0.0887488
534.643,0.0534635
1218.36,0.121778
980.097,0.0979376
2177.17,0.217701
720.43,0.0719122
1464.17,0.146389
1509.79,0.150878
2305.9,0.230467
1079.99,0.107979
1147.49,0.114631
1659.98,0.165987
1881.83,0.188029
962.734,0.0962717
1198.38,0.119778
1277.25,0.127714
1178.23,0.117807
960.552,0.0960493
1435.33,0.143495
5989.34,0.59841
2629.04,0.262834
1296.05,0.129528
1261.57,0.126062
819.739,0.0819147
1246.5,0.124512
1291.52,0.129116
1205.33,0.120512
926.99,0.0926447
960.183,0.0959964
1335.01,0.133471
2485.36,0.248487
2607.37,0.260442
2966.37,0.296175
1875.7,0.187512
2505.15,0.25047
1158.49,0.115824
1466.78,0.14651
21629.1,2.14533
726.512,0.0726217
1608.62,0.160822
1186.29,0.11862
1079.33,0.107821
960.62,0.0959786
2195.17,0.219401
1465.15,0.146486
899.817,0.0894505
1067.66,0.106549
1981.18,0.198067
1705.93,0.170537
2456.16,0.245142
1366.57,0.136544
1407.56,0.140668
888.42,0.0887793
1345.4,0.134515
1438.96,0.143748
870.399,0.0870364
2560.1,0.255453
995.172,0.0993403
1495.54,0.14951
818.199,0.0818121
7622,0.761617
1940.04,0.193869
965.552,0.0965168
1530.88,0.153046
1220.5,0.122035
4779.08,0.476056
1423.76,0.14223
1351.6,0.135109
937.347,0.0936966
1224.59,0.122455
998.613,0.0995754
1708.37,0.170786
1423.32,0.142213
602.566,0.0602546
3398.94,0.339129
843.578,0.0843198
1028.7,0.102859
1041.09,0.103694
1156.33,0.115345
580.738,0.0580436
1063.39,0.106246
1330.37,0.132683
1264,0.126313
980.874,0.0980065
34250.5,3.34855
1258.09,0.125512
951.293,0.0951065
2026.21,0.202565
1107.49,0.110679
2737.35,0.272943
902.759,0.0901373
1096.4,0.109543
1296.7,0.129644
1329.52,0.132937
8069.65,0.806437
1144.54,0.114434
607.241,0.0607194
2342.83,0.234125
2587.98,0.258361
1825.73,0.182511
1385.48,0.138464
1021.98,0.102175
1282.71,0.128233
686.427,0.0685354
1044.13,0.104397
4034.01,0.403298
1531.32,0.152991
1147.59,0.114736
2736.02,0.272921
2628.86,0.262806
2218.91,0.221678
1099.82,0.109963
1009.91,0.100971
639.52,0.0639381
2849.89,0.284958
710.081,0.070993
1105.76,0.110482
1557.4,0.155636
1835.37,0.183405
4085.47,0.408194
11000.5,1.09462
2508.57,0.250643
3727.39,0.372563
1780.31,0.177905
1554,0.15527
9540.09,0.951136
1510.14,0.150978
6532.14,0.653012
1418.1,0.141794
1477.55,0.147556
2192.01,0.218366
720.397,0.0715077
1045.55,0.104523
1731.58,0.173091
4262.11,0.426067
690.836,0.0690641
9567.4,0.955226
1664.71,0.166429
1172.73,0.117266
1542.58,0.154071
1529.65,0.152886
1372.15,0.137195
965.054,0.0964735
2285.48,0.22828
860.234,0.0846896
2548.89,0.254864
926.816,0.0926507
1046.84,0.104677
1848.34,0.184822
4717.11,0.471509
1223.34,0.122057
949.898,0.0940846
830.529,0.0830083
749.459,0.0749408
1357.39,0.135542
689.06,0.068856
1032.16,0.1031
753.916,0.0753748
677.804,0.067778
1744.62,0.174448
813.699,0.0812771
19593.2,1.95596
1964.09,0.196386
1691.65,0.16915
1114.29,0.111406
1193.01,0.119165
1456.05,0.145589
790.338,0.0789846
1217.33,0.121721
1190.8,0.118739
1894.55,0.189278
1808.61,0.180523
5903.88,5.11688
20478.1,2.02691
990.734,0.0990626
872.518,0.0872413
791.561,0.0791069
1578.63,0.157676
1762.89,0.176103
1138.77,0.113453
775.771,0.0775409
997.318,0.0997272
966.265,0.0964179
938.571,0.0935288
732.384,0.0732148
1525.09,0.152481
1584.07,0.158359
657.837,0.0657798
2308.08,0.23069
1397.51,0.139405
750.519,0.0750356
3680.4,0.367871
1352.09,0.135141
2269.9,0.226877
838.409,0.0838362
2557.54,0.255727
926.111,0.0926011
1635.16,0.163416
2319.14,0.231766
766.238,0.0765741
1353.76,0.135331
2071.12,0.206798
1075.13,0.107437
10874.3,1.08379
1326.2,0.132613
2151.5,0.215099
1021.42,0.102135
718.183,0.0717926
2466.12,0.246302
3335.53,0.330611
1731.42,0.17222
872.782,0.0872719
754.192,0.0753557
1298.58,0.129746
1838.86,0.183842
693.9,0.0693531
665.806,0.0665663
2062.76,0.20616
4072.77,0.406754
2338.26,0.233473
1316.86,0.131542
3625.15,0.362445
808.443,0.0807642
2028.64,0.202856
2130.69,0.212895
1019.84,0.101965
1109.5,0.11091
673.545,0.0673492
1009.76,0.100608
861.221,0.0860446
690.541,0.0690069
955.249,0.0951924
1029.69,0.102951
6676.5,0.665935
650.798,0.0650549
5486.46,0.548171
1956.44,0.195355
3091.1,0.308954
4715.73,0.471203
1875.79,0.187535
1817.24,0.181629
1751.33,0.175112
1617.88,0.161764
970.678,0.0970442
1766.85,0.176618
850.694,0.0850256
1129.73,0.112928
1318.27,0.131773
1419.56,0.141949
995.832,0.0995671
12685,1.26345
1270.11,0.127009
1015.11,0.100807
1746.65,0.174654
1863.3,0.186298
2204.14,0.22032
830.582,0.0830367
1396.76,0.138722
1328.99,0.13267
991.454,0.0991385
1281.14,0.128095
976.937,0.0976711
2074.97,0.207311
687.454,0.06869
1528.89,0.152861
802.919,0.0802557
3336.85,0.333302
1634.34,0.163323
1128.78,0.112819
1231.15,0.122706
1122.46,0.112244
2521.67,0.252049
1086.71,0.108645
1960.95,0.19574
726.535,0.0726514
1037.15,0.103622
1178.4,0.11775
722.434,0.0722281
1123.78,0.112372
1265.07,0.126301
1243.26,0.12428
1953.36,0.195132
1151.89,0.114848
921.646,0.0921157
999.754,0.0999686
1225.93,0.122494
1410.62,0.140992
901.477,0.0901067
1023.12,0.102251
1355.26,0.135511
827.207,0.0827145
843.825,0.0843666
810.922,0.0810524
1895.87,0.189356
1562.28,0.156193
3254.68,0.325044
2320.82,0.231512
847.659,0.0843659
1863.08,0.183997
1456.63,0.145417
1121.31,0.112126
1468.79,0.146744
1392,0.13905
1157.72,0.115744
641.236,0.0641119
948.792,0.0948721
662.08,0.0662014
1058.5,0.105826
5596.23,0.559253
1072.24,0.107126
1264.96,0.126471
1553.19,0.155249
2784.53,0.278062
4839.97,0.482518
835.154,0.0834752
3819.16,0.381743
775.615,0.0775361
1404.94,0.140446
1635.87,0.163539
870.018,0.0869973
957.444,0.0957137
1057.12,0.105694
1766.39,0.176392
991.578,0.0988615
826.701,0.0826258
1034.54,0.103282
1211.02,0.121057
910.861,0.0909558
1611.27,0.160752
1341.96,0.134109
1750.53,0.174845
748.671,0.0747198
993.332,0.0992939
865.893,0.0865833
2010.13,0.200591
1278.48,0.127785
8779.4,0.875115
1151.83,0.115162
3363.1,0.336225
582.859,0.0582839
717.111,0.0716911
887.626,0.0887533
2360.54,0.23602
2196.55,0.219626
2194.03,0.219321
767.798,0.0767061
3427.97,0.342642
3499.11,0.349651
655.333,0.0651732
963.058,0.0961662
2107.58,0.210675
2265.9,0.226357
1018.35,0.101826
1359.95,0.135798
1680.89,0.168034
4499.7,0.449464
1536.88,0.153649
992.087,0.0992044
725.948,0.0724703
724.858,0.0724806
3805.03,0.3801
1709.61,0.170937
930.365,0.0929621
1640.32,0.163891
3012.77,0.301211
714.451,0.071414
1970.01,0.196557
1915.77,0.191511
1087.71,0.108688
1187.96,0.118751
1829.45,0.182918
1043.56,0.104335
894.913,0.0894655
2065.38,0.206452
1426.23,0.142516
1307.43,0.130725
824.415,0.0824206
1503.6,0.150344
870.432,0.086943
1195.45,0.119479
1139.97,0.113889
1252.94,0.125264
2066.76,0.206197
542.816,0.0542787
1145.06,0.114459
1560.94,0.156071
4404.75,0.440317
1032.06,0.103189
2448.97,0.23867
1093.25,0.109252
1348.87,0.134872
976.16,0.097599
1076.55,0.107595
1294.57,0.129309
997.862,0.0997809
3955.78,0.395513
953.983,0.0953902
826.059,0.0825941
927.085,0.0926993
1230.68,0.122975
1107.97,0.110749
1101.13,0.110101
1063.46,0.106343
994.419,0.0993936
982.006,0.0976689
1026.16,0.102592
748.745,0.0748469
1004.04,0.100365
861.207,0.0861131
1377.07,0.137542
1209.22,0.120893
1316.18,0.131492
2775.27,0.277452
1889.93,0.188646
2115.61,0.211169
1945.73,0.19451
8806.13,0.880145
716.384,0.0715981
2235.36,0.223488
1298.04,0.129668
875.744,0.0875238
681.266,0.0681154
1785.84,0.178551
2285.5,0.22847
1087.88,0.108739
2455.81,0.24542
1687.68,0.168758
813.514,0.0812964
1710.32,0.170649
872.44,0.0872107
1800.94,0.179816
1136.65,0.113386
1885.03,0.188271
1263.25,0.125792
1342.81,0.134271
3104.08,0.309616
1143.73,0.11429
635.637,0.0635111
1181.89,0.117736
792.823,0.0792345
999.484,0.0998781
1637.23,0.1637
1422.88,0.14222
922.054,0.0921235
1108.26,0.110799
695.363,0.0695134
2034.11,0.20308
767.604,0.0766126
1144.25,0.113592
637.52,0.0637467
2338.07,0.233578
1698.4,0.169733
874.177,0.0873921
1414.46,0.14135
6879.2,0.687368
1820.71,0.181856
1086.77,0.10867
1801.91,0.180174
1221.62,0.122149
856.708,0.0852172
1170.66,0.116937
2597.28,0.25932
1081.89,0.108184
980.28,0.097912
816.912,0.0816633
853.666,0.0852177
2489.51,0.248831
1565.89,0.156485
1115.87,0.111555
717.859,0.0717765
1456.43,0.145636
1037.1,0.103691
1494.86,0.149327
643.791,0.0643563
928.699,0.0928293
1184.21,0.118365
980.633,0.0980503
583.127,0.0582793
634.635,0.0634523
1137.87,0.113775
978.813,0.097876
927.08,0.092696
1266.56,0.126436
3093.55,0.307869
2823.99,0.28198
1289.75,0.128909
1694.43,0.169432
1222.1,0.122132
2952.78,0.295267
872.576,0.0872536
11658.8,1.16525
1186.54,0.118618
615.068,0.0615027
1033.5,0.103097
770.172,0.0770117
2714.6,0.271346
1203.23,0.120305
418.028,0.041785
966.937,0.0966916
5066.04,0.506485
11953.9,1.1931
2080.24,0.207982
1196.43,0.119628
937.214,0.0936963
925.038,0.0924504
2653.98,0.265183
1392.28,0.138953
894.876,0.0894848
707.847,0.0707606
716.898,0.0716485
1159.54,0.115916
1058.8,0.105622
1009.16,0.10076
1265.16,0.126442
1212.81,0.121172
1520.96,0.152013
1606.21,0.160592
846.002,0.0845882
1097.57,0.109534
1929.34,0.191894
2515.42,0.251509
1355.1,0.13546
1379.56,0.137673
7527.88,0.75137
1226.83,0.122076
1504.76,0.150404
491.449,0.0491309
1140.96,0.114075
1398.56,0.139823
2631.16,0.262995
5337.18,0.532273
962.251,0.0962187
768.448,0.0768051
5218.27,0.521682
604.787,0.0602629
1637.34,0.163722
953.816,0.0948861
892.366,0.0890595
1062.05,0.106143
1978.16,0.197756
753.777,0.0753595
1264.75,0.126375
1512.57,0.151203
1725.66,0.172419
880.25,0.0880142
711.123,0.0711102
986.086,0.0985844
919.638,0.0919544
4309.21,0.430897
940.351,0.0940046
1872.55,0.187213
1601.04,0.16001
2073.17,0.207175
1834.38,0.183148
13805.2,1.37121
1395.6,0.139545
4313.98,0.430348
1239.37,0.123799
2411.75,0.241057
953.919,0.0953623
1377.01,0.137273
942.624,0.0942579
600.624,0.0599972
2880.12,0.287711
917.171,0.0916376
808.694,0.0807812
2138.29,0.21372
1503.55,0.150346
1006.55,0.100376
1194.41,0.119406
791.741,0.0791443
896.14,0.0895889
1186.1,0.118588
1807.88,0.18073
1420.15,0.141713
558.853,0.0558693
695.917,0.0695637
2647.49,0.264591
591.566,0.0591326
948.62,0.094852
3341.01,0.333768
793.425,0.0793223
2574.16,0.257193
1414.06,0.141294
2648.51,0.264817
2539.8,0.253504
901.487,0.090087
1107.98,0.110789
648.242,0.0648225
2070.32,0.206645
1865.89,0.18652
1091.79,0.107973
1191.53,0.119133
842.422,0.0842266
3437.52,0.343117
3066.87,0.306571
640.625,0.0639088
1093.91,0.109361
1383.09,0.138213
1161.82,0.11611
1249.91,0.124987
872.563,0.0872442
6162.55,0.614823
2902.55,0.289956
1284.66,0.128104
3439.48,0.341755
1729.21,0.172133
1130.59,0.112866
5059.49,0.505686
1649.48,0.164461
1648.07,0.164781
714.876,0.0714854
1100.41,0.10978
2040.53,0.203514
1091.05,0.109087
2092.46,0.209217
1437.78,0.14371
741.519,0.0741351
868.395,0.0867379
958.917,0.0957653
671.951,0.0671838
961.075,0.0960302
831.235,0.0831195
1294.22,0.129368
1126.89,0.112668
583.508,0.0583352
1029.9,0.102921
779.346,0.0778083
966.946,0.0966557
859.001,0.0858981
823.151,0.0822671
1449.89,0.14462
757.208,0.0756195
467.948,0.0467813
4725.35,0.472198
1267.69,0.126684
1584.71,0.158222
986.238,0.0986067
1323.58,0.132347
585.224,0.0584872
1019.04,0.101893
1566.21,0.156501
1057.95,0.105747
747.245,0.0742089
2015,0.201366
1225.99,0.122531
619.037,0.0618335
2937.61,0.293546
2010.71,0.199595
1381.78,0.138163
544.947,0.0544649
6314.77,0.630022
1671.65,0.16715
1020.85,0.102065
1068.43,0.106771
1805.24,0.180502
895.48,0.0895233
1149.57,0.114871
537.717,0.0537654
929.588,0.0929439
1593.19,0.15926
2243.26,0.224071
757.513,0.0756654
967.871,0.0966108
2333.02,0.233123
752.822,0.0751974
1361.99,0.135763
1420.78,0.141983
751.517,0.0750715
1110.23,0.110938
2783.93,0.278361
597.461,0.0597315
1151.1,0.115089
1828.96,0.182647
3752.64,0.375189
612.061,0.0612039
4424.14,0.442067
858.937,0.0858776
1460.97,0.14568
515.271,0.0515133
2033.64,0.202843
1057.12,0.105704
633.517,0.0633394
810.077,0.0810058
1081.86,0.108016
937.643,0.093763
706.879,0.0706533
699.682,0.0699046
1377.35,0.137701
1805.92,0.180577
1773.62,0.177315
1642.89,0.164262
704.636,0.0704614
1147.75,0.11469
2914.47,0.291344
2059.85,0.205921
2089.17,0.208892
949.674,0.094963
1204.6,0.12042
821.797,0.0821737
1010.76,0.100885
1590.81,0.159054
1465.27,0.146383
1112.16,0.111152
1185.61,0.118486
1607.56,0.160706
5591.13,0.558639
4091.65,0.408609
808.221,0.0807362
1124.14,0.112323
1254.94,0.125488
764.999,0.0764206
2887.2,0.288604
968.724,0.0968659
781.907,0.0781862
1681.2,0.166746
2047.87,0.20472
896.363,0.0895926
1471.9,0.147157
745.367,0.0745226
1386.29,0.138611
1303.83,0.130291
618.275,0.0618255
2079.84,0.207859
1241.39,0.124121
835.503,0.0835285
1143.78,0.114326
3163.2,0.315654
1195.16,0.119382
1669.2,0.166865
777.738,0.0777397
1412.05,0.141194
950.192,0.0949869
1897.7,0.189699
894.883,0.0894033
1329.13,0.132886
2534.25,0.253048
1007.7,0.10073
1606.05,0.160554
960.381,0.0959791
1488.6,0.148819
922.6,0.0922533
1168.46,0.116804
1027.98,0.102498
952.854,0.095265
715.47,0.0715398
2374.25,0.237316
971.428,0.0971188
831.535,0.0831207
818.21,0.0812806
526.602,0.0525733
2381.69,0.238114
3624.17,0.361964
844.818,0.0844246
1372.79,0.137265
1205.93,0.120561
1802.46,0.173521
1104.03,0.110391
1330.16,0.133004
674.229,0.0673665
1304.19,0.130401
972.641,0.0972357
1127.72,0.11277
1207.96,0.120771
1806.52,0.180223
1164.84,0.116474
1383.87,0.138339
509.894,0.0509828
1953.71,0.193526
1459.13,0.145875
1625.97,0.162523
2570.94,0.257036
1357.49,0.135711
2910.69,0.290983
908.32,0.0908066
1284.92,0.128419
2346.05,0.234583
1045.75,0.104569
883.339,0.0867485
1372.52,0.137199
352.233,0.0351684
979.788,0.0979721
1751.43,0.175078
729.609,0.0729472
1936.75,0.19344
1246.86,0.124396
768.358,0.0768313
748.867,0.0748807
835.011,0.0834711
2109.72,0.210954
1299.45,0.129393
1369.12,0.136874
1147.1,0.11468
2730.61,0.272719
2029.87,0.202816
4272.05,0.426886
908.898,0.0908831
1034.72,0.103273
2323.44,0.232136
1077.11,0.107701
728.662,0.0728495
837.836,0.0837474
2722.65,0.269345
2001.4,0.199894
5402.2,0.591297
920.492,0.0919956
1081.14,0.10811
4265.92,0.425805
944.765,0.094396
1003.13,0.100121
757.576,0.0755102
1080.88,0.108083
1631.84,0.163155
1637.34,0.163494
1798.85,0.179739
988.552,0.0986512
829.312,0.0828769
828.866,0.0828647
857.218,0.0857047
1297.11,0.129682
1066.42,0.106635
1847.11,0.1847
647.687,0.0647671
2989.78,0.298024
775.024,0.0774128
2465.19,0.246354
1708.77,0.170507
619.718,0.0619699
2112.95,0.211124
7840.36,0.781305
685.388,0.0684656
1304.72,0.130465
1471.51,0.147127
1378.09,0.137778
873.301,0.0872506
974.17,0.0973508
909.064,0.0908883
1976.27,0.197506
1258.24,0.125815
1957.44,0.195729
783.45,0.0783125
1809.26,0.180634
842.038,0.084198
607.886,0.0607469
1813.53,0.181268
887.924,0.0887156
1339.21,0.133879
1627.25,0.16262
1200.55,0.120042
1195.18,0.119496
1353.01,0.135268
1274.29,0.127368
890.392,0.0890311
732.204,0.0732176
861.212,0.0860575
1055.17,0.105487
1196.03,0.119529
2271.35,0.227052
1488.15,0.148724
635.268,0.0634239
1226.54,0.12265
1140.01,0.113986
3193.78,0.507127
1739.23,0.173819
1472.3,0.147162
1935.81,0.192896
13653.3,1.35959
2189.75,0.218885
877.107,0.0876948
832.529,0.0832203
3313.37,0.331157
626.262,0.0625411
549.268,0.0549016
2109.16,0.210168
838.214,0.0837027
993.873,0.0991543
1596.22,0.159415
990.314,0.0989968
1650.86,0.165055
4074.82,0.406606
1391.6,0.139104
9360.19,0.933293
814.865,0.0814781
863.218,0.086315
1394.41,0.139382
1583.21,0.158313
786.905,0.0786897
1254.17,0.125245
691.284,0.0691152
1080.35,0.107381
1359.46,0.135938
5421.62,0.539214
863.629,0.0863566
2028.16,0.202803
2010.32,0.200829
892.304,0.0889656
3779.86,0.377758
677.145,0.0676966
1012.55,0.101227
811.542,0.0811534
1091.8,0.109155
2396.67,0.23963
986.465,0.098626
1121.39,0.112119
1001.5,0.100122
1197.95,0.119714
1930.61,0.192981
3382.28,0.338099
2159.23,0.215696
4765.91,0.476215
725.56,0.0725446
1694.88,0.169441
1215.66,0.120936
1892.31,0.189055
602.501,0.0602408
1366.4,0.136302
1532.07,0.149449
1121.58,0.112155
1254.59,0.125419
938.349,0.093815
1012.97,0.101268
1109.63,0.110956
5633.28,0.562698
1553.35,0.155264
731.374,0.0731248
1169.59,0.116621
2302.68,0.230206
1400.76,0.139999
870.11,0.0868574
987.132,0.0986772
2144.55,0.214176
2073.33,0.207315
719.678,0.0719613
537.71,0.0537692
1773.58,0.177177
1161.06,0.116067
5837.43,0.582594
1238.43,0.123801
764.892,0.0764831
1746.19,0.174575
1937.98,0.193676
1746.26,0.174519
1912.05,0.190799
1296.58,0.129531
2959.19,0.295577
1562.03,0.15618
884.938,0.0884862
1778.11,0.177609
884.181,0.0883814
1342.22,0.134043
1135.07,0.113485
3143.1,0.313916
1092.69,0.109254
2419.02,0.241523
1580.65,0.158052
1457.66,0.145752
1644.44,0.164253
1360.97,0.136048
873.306,0.0872575
1873.8,0.187352
1942.28,0.194201
1315.69,0.131267
3691.72,0.368889
1168.17,0.116712
1204.77,0.120413
1065.98,0.10659
1008.08,0.100476
855.949,0.0855484
1023.24,0.102231
793.62,0.0793294
1508.36,0.150819
1944.29,0.194399
2145.79,0.214541
1440.24,0.143898
1228.44,0.122827
1045.77,0.104518
1214.96,0.121479
868.825,0.086803
953.233,0.0953139
799.338,0.0799275
1020.18,0.101996
1049.97,0.104825
1724.42,0.17227
1589.87,0.15889
638.407,0.0635015
2304.59,0.230218
905.463,0.0905103
627.167,0.0626494
1091.56,0.108685
1052.9,0.10521
1553.12,0.155297
1544.01,0.154348
678.465,0.067819
5475.54,6.62695
1312.89,0.131266
700.53,0.0700498
1236.27,0.12313
2369.39,0.236894
1052.68,0.105246
827.27,0.0827238
1004.91,0.100395
1495.44,0.1495
803.666,0.0803548
722.861,0.0722317
1467.26,0.146687
1472.12,0.147153
1981.44,0.197913
1179.54,0.117943
897.02,0.0896827
883.06,0.0882577
1294.86,0.129477
1767.06,0.176425
1790.44,0.17811
2240,0.223933
431.033,0.043098
1327.69,0.132749
1424.24,0.142247
1380.67,0.137842
2031.29,0.203036
759.069,0.075525
1284.49,0.128414
1463.37,0.146286
1256.91,0.125594
710.159,0.070927
1523.46,0.152211
1875.44,0.187381
1623.35,0.162296
611.861,0.0611573
1210.63,0.121045
1433.04,0.143296
780.634,0.0780002
1285.06,0.127658
1380.62,0.137911
943.758,0.0943694
2594.46,0.259044
1538.77,0.153746
740.976,0.0740892
2878.8,0.287642
1502.7,0.150217
940.581,0.0940445
2037.96,0.203752
523.864,0.0523219
1379.46,0.137794
1264.35,0.126287
1423.64,0.142157
1174.66,0.117432
2167.67,0.215302
981.509,0.0980958
2752.81,0.2788
1038.22,0.103576
1541.06,0.154067
1571.66,0.157154
1293.49,0.129339
865.465,0.0865326
411.46,0.0411205
424.132,0.0423689
2784.39,0.278178
1089.03,0.108876
1295.5,0.12954
2166.28,0.216363
1994.18,0.199359
938.575,0.0938428
676.025,0.0675667
1226.8,0.122675
1293.81,0.129199
1559.1,0.15585
1142.75,0.113695
1078.48,0.107824
762.32,0.0762302
1301.95,0.130184
536.316,0.053624
786.437,0.0786123
1602.5,0.160236
1174.51,0.117435
7553.26,4.3518
1871.8,0.187107
884.004,0.0882667
1152.55,0.115203
894.1,0.089405
2144.06,0.214331
1040.84,0.104063
1040.26,0.103818
1481.48,0.14683
2001.97,0.200183
877.485,0.0877367
1395.23,0.139441
1383.77,0.138181
1001.01,0.100085
888.541,0.0888108
1097.48,0.109708
1335.72,0.133463
1097.71,0.109713
1801.75,0.179954
857.244,0.0855901
1003.61,0.10035
1554.27,0.15542
1118.17,0.111715
1526.26,0.152609
1098.99,0.109797
18440.6,1.83397
1021.78,0.102093
1369.47,0.136844
1741.96,0.174141
2090.89,0.209042
1067.99,0.106727
3958.36,0.395743
733.71,0.0733612
1807.63,0.180716
841.448,0.0835947
8115.88,0.810877
758.019,0.07574
1424.93,0.142463
1014.78,0.101467
870.241,0.0840863
1192.02,0.119189
564.948,0.0564939
1733.71,0.173171
3565.37,0.350924
1789.23,0.178629
1618.49,0.161806
2580.46,0.257983
768.476,0.0768279
2248.07,0.224722
905.597,0.0904953
1485.57,0.14837
1001.58,0.100142
2050.52,0.204989
1154.69,0.115409
1149.89,0.114982
925.718,0.0925347
1244.57,0.124372
2202.04,0.219954
1170.66,0.117045
1414,0.141366
1238.33,0.123593
2338.47,0.233752
3401.67,0.339963
1107.16,0.110675
1245.95,0.124562
2498.83,0.249666
2540.83,0.254047
1113.22,0.111311
465.063,0.0465016
1393.16,0.138913
995.528,0.0995079
683.461,0.0683454
1366.72,0.136369
1517.04,0.151503
2033.52,0.20292
1921.16,0.192076
591.853,0.0591509
1263.24,0.12631
1610.64,0.161017
1904.58,0.191512
917.335,0.0917281
1568.16,0.156791
822.154,0.0820785
2876.34,0.287235
1494.27,0.149421
760.132,0.0759664
1532.45,0.1532
813.51,0.0813121
2134.46,0.213148
1692.28,0.16912
2478.95,0.247838
525.282,0.0525053
1701.5,0.184924
704.271,0.070398
2111.85,0.211104
1451.24,0.145075
900.061,0.0900007
1110.8,0.111055
1669.93,0.166978
602.908,0.0582253
802.471,0.0802348
932.727,0.0931012
1593.6,0.159256
1094.32,0.1094
734.814,0.0734264
2003.39,0.198725
2552,0.254965
959.497,0.0959235
884.665,0.0884006
1194.98,0.119241
2856.15,0.285429
1273.01,0.127219
1208.85,0.120874
1054.96,0.105476
1016.41,0.101629
1476.92,0.147659
1645.2,0.164307
2020.34,0.201957
1861.66,0.186094
2201.42,1.22466
793.795,0.0793564
1273.18,0.127272
2702.94,0.270226
3095.25,0.309044
1204.72,0.120117
1111.16,0.111087
3387.26,0.338105
732.533,0.0732059
1141,0.114057
924.818,0.0924576
2361.99,0.236022
660.172,0.0660018
1303.81,0.130321
1312.19,0.131084
537.025,0.0536515
1404.8,0.140341
3447.42,0.344472
2579.56,0.257697
1884.27,0.188222
1795.37,0.179519
715.311,0.0715234
1000.15,0.097857
1270.03,0.126954
2052.39,0.205163
996.644,0.0996585
1073.15,0.107284
5432.23,0.542837
1710.09,0.170826
1302,0.130185
1091.72,0.10915
1875.35,0.187493
710.478,0.0709955
970.555,0.0970476
3311.89,0.331075
1589.54,0.158914
1798.96,0.179617
1997.87,0.199573
1173.27,0.117237
2449.83,0.244829
956.814,0.0956758
1326.38,0.132507
1044.96,0.10445
691.786,0.0691007
4501.06,0.449735
2105.14,0.210438
722.107,0.0722003
1593.97,0.159146
1107.21,0.110651
1200.78,0.11988
2236.46,0.223558
758.523,0.0758251
1208.31,0.120777
902.442,0.0902379
684.361,0.0683871
639.672,0.0638024
974.644,0.0974358
1630.07,0.16272
1173.07,0.117221
1088.91,0.108862
1113.28,0.111321
11305.6,1.1293
683.286,0.0683084
666.628,0.0666604
1271.62,0.127102
1869.29,0.186668
638.036,0.0637913
3183.11,0.318126
892.392,0.0892168
1515.8,0.150934
1091.62,0.109095
1359.31,0.135906
1188.76,0.118753
1192.14,0.119133
2943.04,0.293883
1865.24,0.18632
691.33,0.0691105
574.7,0.057414
1357.26,0.135709
657.24,0.065706
593.945,0.0592945
750.595,0.0747915
1015.93,0.101474
1391,0.13878
818.064,0.0817894
698.96,0.069873
1452.54,0.145233
2066.11,0.206475
1160.14,0.115974
631.977,0.0631717
744.726,0.0744695
1378.52,0.137556
1234.3,0.122848
1692.08,0.169176
1836.29,0.18361
1076.22,0.107546
1197.04,0.119465
1624.3,0.162416
5039,0.503282
1638.77,0.163774
1239.22,0.123777
928.361,0.0757088
909.152,0.0908777
815.089,0.0815048
1271.93,0.12697
985.826,0.0985655
716.245,0.0715783
2147.93,0.21408
798.715,0.0795236
728.853,0.0728455
1696.78,0.16966
842.75,0.0842477
1473.57,0.147203
7956.5,0.792361
3139.68,0.313833
397.947,0.0397868
1014.55,0.101446
1541.43,0.154101
2243.72,0.22431
2627.98,0.262633
795.737,0.0795657
834.994,0.0833926
668.52,0.0668356
899.867,0.0896669
1742.28,0.174032
993.362,0.0993078
1282.04,0.128159
1293.33,0.129313
1993.02,0.19928
1539.31,0.153775
943.574,0.0937459
785.063,0.0784193
21382.5,2.13602
937.699,0.0937625
9522.37,0.949693
597.169,0.0597138
740.365,0.0735835
2012.81,0.201253
1122.16,0.11221
2112.14,0.211155
1346.09,0.123494
1018.98,0.101873
1444.31,0.144403
4238.68,0.423695
2392.13,0.239127
698.907,0.0697938
1638.71,0.163819
1016.52,0.101593
1373.53,0.137161
1731.66,0.173137
1684.65,0.168369
984.259,0.0984106
771.293,0.0771214
1588.35,0.157389
784.141,0.0783617
1201.6,0.120151
525.788,0.0525601
9912.61,7.26266
1164.24,0.116413
995.722,0.0995529
1836.75,0.183648
891.096,0.0888091
975.209,0.0974871
962.208,0.0962008
826.35,0.0826246
1601.83,0.160072
1766.37,0.176598
1603.91,0.160332
844.898,0.0844325
977.264,0.0976981
1529.12,0.152892
1289.99,0.128949
1735.78,0.173545
572.382,0.0572264
2058.96,0.205848
471.845,0.0471272
993.703,0.0993577
443.569,0.0443255
1102.17,0.110101
1195.2,0.119514
1939.84,0.193853
756.762,0.0756381
763.6,0.076338
1393.32,0.139246
1212.33,0.121161
757.401,0.0755574
1218.41,0.121806
946.15,0.0945827
3676.3,0.367372
1250.15,0.125003
1262.34,0.126208
716.288,0.0715884
2744.33,0.274315
937.809,0.09366
813.168,0.0812985
615.028,0.0614412
893.274,0.0892082
1361.33,0.136034
1222.7,0.122231
1036.82,0.103675
961.014,0.0960396
1723.06,0.172261
736.388,0.0736321
778.47,0.0778298
2694.79,0.269064
1828.6,0.182821
913.73,0.0912496
1015.36,0.101505
999.435,0.0999232
1810.89,0.181019
973.841,0.0973323
1563.83,0.156227
1025.13,0.102499
996.721,0.0995078
570.914,0.0570023
1435.75,0.143566
2484.23,0.248257
1151.46,0.114997
835.29,0.0835064
1159.64,0.115931
3833.22,0.383055
2920.92,0.291876
1370.37,0.13699
1086.72,0.108608
28083.1,2.78409
510.947,0.0510861
1003.78,0.100329
2600.56,0.2586
663.053,0.0662872
1439.99,0.143829
1002.7,0.100261
952.782,0.0951815
1144.18,0.114264
970.558,0.0969275
1555.68,0.155218
875.811,0.0875655
861.388,0.0861155
917.039,0.0915234
1276.58,0.127655
2629.31,0.262668
1293.3,0.129281
1589.2,0.158908
947.44,0.0947284
1655.53,0.164969
1276.74,0.127666
642.434,0.06424
1111.18,0.111019
784.698,0.0784648
1131.06,0.113082
14636.6,1.45759
773.989,0.0773776
948.284,0.0948238
1977.54,0.197747
1047.43,0.102605
986.88,0.0986217
2041.08,0.20402
1873.6,0.187342
1698.38,0.169756
1589.61,0.158945
845.05,0.0844175
1017.82,0.101768
709.485,0.0708876
844.612,0.084427
1062.63,0.106258
2123.14,0.211841
2714.36,0.271212
1081.35,0.108109
10073.8,1.00485
1179.7,0.117954
990.28,0.0989467
809.692,0.0809424
1235.64,0.123558
620.654,0.0620582
2167.81,0.214241
3312.24,0.330988
934.84,0.093475
1591.39,0.159054
821.544,0.0821472
1392.25,0.139214
2232.58,0.223197
726.279,0.072621
1097.11,0.109691
2263.72,0.226335
880.968,0.0880925
1855.64,0.185552
1241.7,0.124006
987.699,0.0986243
3220.47,0.321613
1562.77,0.156123
1441.03,0.143972
844.647,0.0844325
1954.41,0.195424
1054.58,0.105429
2409.51,0.240823
652.386,0.065144
1310.94,0.131088
1760.7,0.176004
981.691,0.0981075
2473.28,0.247114
612.282,0.0612171
1425.45,0.142515
1705.42,0.17053
1528.09,0.152697
6249.63,0.61173
975.314,0.0975153
4547.19,0.454622
791.921,0.0791699
8031.31,0.801112
1218.11,0.12178
749.988,0.0749063
1710.57,0.170989
1916.7,0.191636
2613.62,0.26132
650.98,0.0650674
1324.95,0.131485
676.426,0.0676072
1231.35,0.123107
1324.37,0.132304
922.253,0.0921536
710.637,0.0709292
1565.83,0.156425
3940.26,0.393459
3441.65,0.343606
980.723,0.0979968
3261.89,0.326091
1168.15,0.116793
1026.77,0.10071
3949.32,0.394019
733.861,0.0733719
2147.76,0.214708
1270.79,0.126965
817.893,0.0817324
1022.94,0.102183
927.365,0.0926462
8768.62,0.876349
1862.09,0.186094
5357.97,0.535473
1009.23,0.0938039
762.734,0.0762605
772.633,0.07725
961.269,0.0961179
1785.99,0.178408
1226.32,0.122435
2366.01,0.236324
1739.73,0.173917
2750.11,0.27472
2790.09,0.278917
1449.32,0.144899
5773.42,0.576783
1432.3,0.143108
3684.65,0.368068
891.166,0.0891095
908.805,0.0898261
1096.02,0.109591
890.865,0.0890508
1572.17,0.157189
4107.92,0.410726
788.63,0.0788553
1588.21,0.158801
935.547,0.0935258
2441.04,0.243867
1128.74,0.11283
1582.48,0.158201
1366.1,0.136058
1499.67,0.14995
710.938,0.0709865
816.432,0.0816412
7108.74,0.710419
1021.1,0.102092
756.407,0.07546
1989.59,0.198916
2071.21,0.206967
1219.44,0.12153
1558.74,0.155838
3762.79,0.37121
833.147,0.0832207
1636.26,0.163433
1622.34,0.16222
1739.27,0.173793
1153.32,0.115318
838.727,0.0837922
2087.37,0.208491
2090.85,0.209029
1218.34,0.121801
688.993,0.0687208
834.153,0.0833928
12498.6,1.24715
1163.45,0.116336
935.96,0.0935496
839.778,0.0839598
1234.05,0.123341
1817.72,0.181364
2602.71,0.260237
1702.75,0.169629
581.919,0.0581616
1147.85,0.11474
2970,0.296871
934.496,0.0930221
1767.53,0.176586
1086.94,0.108612
1043.79,0.104305
671.679,0.0669607
828.446,0.0827641
729.054,0.07285
863.936,0.0863822
595.536,0.0595231
2489.83,0.248738
2046.04,0.204337
948.098,0.0947919
5726.64,0.540145
1814.69,0.181292
1353.03,0.13525
1734.12,0.173364
807.58,0.0807542
6758.05,0.67512
3846.53,0.384434
900.196,0.0899953
775.622,0.0773889
1136.5,0.113555
2432.89,0.242987
2031.48,0.203013
4943.56,0.493911
1594.12,0.158793
837.06,0.083688
1246.25,0.124606
1273.68,0.127353
737.007,0.0736231
1234.17,0.123403
7746.74,0.77308
3577.73,0.357512
1260.63,0.125856
2386.48,0.23844
3084.49,0.308277
7177.17,0.715205
1408.09,0.140762
888.054,0.0887871
9952.55,0.993091
1468.22,0.146811
1724.32,0.172416
1321.32,0.131815
2589.49,0.258657
770.032,0.0769779
1851.31,0.184267
1211.73,0.121117
1532.52,0.15303
825.293,0.0825077
907.592,0.0906212
626.061,0.0625763
669.189,0.0668638
893.837,0.089325
795.177,0.0795072
1498.34,0.149794
1703.39,0.170277
3047.99,0.304663
1614.54,0.161384
1199.21,0.118747
1603.69,0.160237
961.242,0.0960542
1227.22,0.122669
857.793,0.0851593
1916.2,0.191509
2527.87,0.25266
1013.59,0.101197
1543.44,0.154165
1261.84,0.126164
521.812,0.0518475
812.628,0.0810181
3299.67,0.32949
9176.05,0.915029
7946.8,0.793957
1028.09,0.102628
667.512,0.0667216
1111.3,0.1111
1880.28,0.187975
1930.61,0.192963
1105.91,0.11052
1007.02,0.100663
1792.12,0.179185
2667.74,0.266248
1975.02,0.197465
1166.75,0.116553
1354.99,0.135413
773.254,0.0773013
1583.64,0.158267
1451.85,0.143281
1075.5,0.107453
4689.51,0.468733
1610.9,0.160958
2020.96,0.202085
1029.33,0.102898
5806.33,0.579387
747.285,0.0747082
6081.22,0.607121
756.041,0.0755831
1448.62,0.144816
1364.37,0.136409
887.057,0.0886705
1012.14,0.101212
1291.41,0.128287
1482.39,0.148176
1018.9,0.1018
1133.72,0.113294
699.19,0.0699167
2185.06,0.218163
846.989,0.0846875
4747.37,0.473698
1242.83,0.123764
735.829,0.073574
1542.93,0.15429
1207.32,0.120667
1078.92,0.107822
2499.25,0.249914
1456.69,0.145566
3323.23,0.332183
1136.33,0.113587
6185.35,0.617701
870.481,0.0865908
1016.36,0.101621
2315.04,0.231471
1299.36,0.129689
1053.8,0.105301
836.225,0.0835891
1374.45,0.136932
1130.01,0.112912
5810.91,0.580184
802.516,0.080194
1101.8,0.109777
1144.19,0.114186
1013.4,0.101322
711.159,0.0711044
1142.65,0.114233
850.571,0.0850513
980.307,0.0979832
620.581,0.0620167
739.242,0.0739211
908.546,0.0908207
1675.43,0.167412
1199.57,0.11992
1001.4,0.10012
7004.67,0.699542
1231.34,0.123126
1339.95,0.13378
1210.48,0.121009
961.947,0.09601
14354,1.42931
682.257,0.0681559
1010.11,0.100989
722.846,0.0722363
1244.45,0.124432
929.027,0.0927495
866.276,0.0865638
1011.38,0.101099
727.823,0.0726861
1772.62,0.175134
1307.96,0.130548
683.169,0.0683156
1024.76,0.102336
3169.55,0.316927
703.473,0.070301
758.137,0.0757941
1704.63,0.170337
1165.99,0.116578
1240.34,0.124004
2751.11,0.27506
4310.33,0.43066
2689.59,0.268923
1154.19,0.115292
1299.49,0.129874
2244.06,0.224182
2106.68,0.210594
2129.28,0.212672
1624.3,0.162423
18357.1,1.82856
5068.5,0.506514
1559.34,0.155898
1338.9,0.133823
864.012,0.0863779
950.186,0.0949459
1218.5,0.121787
8179.41,0.817638
4390.78,0.436465
1386.83,0.138501
1034.87,0.103437
1363.62,0.136272
1425.66,0.14249
1549.21,0.154888
1082.35,0.10822
1479.74,0.147632
7860.43,0.785218
1341.84,0.13195
1519.6,0.151923
812.208,0.0811117
2124.43,0.212406
569.804,0.0569751
1694.17,0.169402
2932.52,0.293113
1570.26,0.156942
725.275,0.0725233
1269.44,0.126807
2527.81,0.252682
1644.17,0.164335
670.992,0.0670869
1685.1,0.168444
1423.49,0.142274
1655.04,0.1654
7914.63,0.790242
1205.87,0.120523
1088.52,0.108848
1598.96,0.159858
1780.31,0.177861
1451.61,0.145132
1178.2,0.116951
2231.57,0.223065
1623.93,0.162346
949.351,0.0946268
841.771,0.0841586
4563.78,0.455648
2037.74,0.20373
945.504,0.0944648
3760.02,0.375873
728.347,0.0727949
745.341,0.0743627
1908.21,0.190537
878.109,0.0877867
895.412,0.0890441
837.621,0.0837608
1542.5,0.154081
3275.51,0.327297
878.711,0.0872305
2340.86,0.234017
606.956,0.0606691
1708.59,0.170687
545.26,0.0544953
1122.85,0.112202
1428.34,0.142081
1645.43,0.164447
1542.27,0.154211
552.6,0.0552517
934.322,0.0933663
2676.86,0.267541
2065.18,0.206497
1343.97,0.134364
929.597,0.0929358
1145.37,0.114471
1268.83,0.126878
1856.11,0.184458
1535.84,0.153579
2613.39,0.261202
3553.85,0.355099
722.852,0.0722195
1858.91,0.185856
1067.4,0.106702
2079.14,0.207813
1647.91,0.164784
3445.19,0.34415
3856.89,0.385607
2600.75,0.259958
1274.38,0.127424
1324.47,0.13241
2193.47,0.218879
1316.62,0.131641
1416.74,0.141637
1489.89,0.148925
21737.1,2.16886
1292.52,0.129051
3721.22,0.371858
2673.28,0.267265
686.765,0.0686496
994.26,0.0993922
778.317,0.0777824
736.138,0.0734342
20579.9,2.05092
923.913,0.0923882
1261.39,0.126131
768.673,0.0768468
707.586,0.0707091
4112,0.411013
1522.11,0.152056
1594.06,0.159302
858.821,0.0858776
2268.46,0.226755
773.227,0.077314
1021.04,0.102087
555.111,0.05551
2151.47,0.214986
1053.67,0.105348
1645,0.164429
1771.13,0.17703
986.759,0.0986653
3357.74,0.334434
1971.97,0.196167
1306.74,0.130589
663.767,0.066282
1224.71,0.122173
1875.65,0.187514
689.554,0.068936
6420.59,0.641096
1675.25,0.167489
4184.51,0.418281
931.735,0.0930996
1074.73,0.107438
821.928,0.0821839
2299.57,0.229808
6361.81,0.63454
1139.93,0.113982
2237.9,0.223728
1902.53,0.189935
2996.83,0.296224
629.957,0.0628354
1345.94,0.134584
664.867,0.0664652
1099.67,0.10993
1045.99,0.104594
930.465,0.0929986
2121.15,0.212019
1046.06,0.104582
14430.5,1.43931
1002.39,0.100218
3172.73,0.317144
881.692,0.0881425
1132.1,0.113133
11777.6,1.17482
1026.55,0.101456
1635.33,0.163414
649.97,0.0649944
1534.04,0.153389
760.57,0.0758435
1177.91,0.117418
895.071,0.0894213
1846.5,0.184509
1470.6,0.147036
881.176,0.0880601
1421.99,0.142175
1540.66,0.154047
1099.97,0.109975
4475.28,0.445755
1764.92,0.1764
1240.48,0.123873
619.763,0.0619614
1615.98,0.161582
2883.99,0.288317
865.665,0.0865589
1577.32,0.157719
1169.14,0.116909
1016.96,0.101682
2534.72,0.25331
942.339,0.0942306
784.508,0.0784439
1999.89,0.199952
1618.34,0.161758
1147.88,0.11477
3589.81,0.358833
1315.29,0.131514
1487.34,0.148637
860.525,0.0859956
1991.63,0.199017
1015.15,0.101511
1007.24,0.100704
2024.19,0.202389
639.526,0.0639417
1217.3,0.121559
2316.57,0.230333
1804.07,0.179915
920.572,0.0920288
2126.29,0.212561
1721.25,0.172113
2492.98,0.248934
916.121,0.0916104
2055.8,0.205323
1664.93,0.166468
889.624,0.0889421
800.775,0.079984
809.182,0.0808982
2427.27,0.242666
1891.08,0.189065
822.981,0.0821711
864.36,0.0863897
887.149,0.0886668
470.806,0.0470569
2286.68,0.22863
2020.66,0.201863
928.295,0.0928174
1128.85,0.112799
1099.44,0.109809
2059.17,0.205788
888.466,0.088801
844.207,0.0843732
675.578,0.0675312
2842.94,0.283999
811.591,0.0811361
1143.07,0.114254
869.816,0.0867467
1211.64,0.121108
597.427,0.059742
2505.15,0.250458
1418.6,0.141737
1423.98,0.142267
733.593,0.0733506
1833.28,0.178046
949.443,0.0949185
3516.51,0.350699
953.377,0.0951089
657.791,0.0656645
3411.62,0.340828
1855.82,0.185561
1789.64,0.178814
796.126,0.0795955
1023.29,0.102315
804.527,0.0804382
1111.29,0.111102
5088.92,0.508701
665.764,0.0665261
1428.74,0.1428
1182,0.116965
959.066,0.0959007
1091.43,0.109102
963.761,0.0961191
1146.46,0.114635
1057.52,0.105744
852.586,0.0852367
442.275,0.044219
909.369,0.0909317
1216.33,0.121578
900.763,0.0900465
1353.87,0.135363
1292.29,0.12892
2030.95,0.202999
2032.71,0.20315
1507.26,0.150708
1381.47,0.13723
5449.39,0.544295
766.119,0.0766101
1418.31,0.141615
2917.81,0.291737
957.646,0.0956785
513.207,0.0513078
993.642,0.0993549
744.331,0.074261
998.061,0.0996477
1037.6,0.103742
1123.47,0.112275
1020.96,0.102024
1325.93,0.132499
1236.59,0.123651
954.292,0.095404
878.145,0.0874603
663.235,0.0662748
960.607,0.0960225
1735.83,0.173296
794.722,0.0794559
875.558,0.0875305
890.676,0.0889349
1091.08,0.109063
3401.15,0.339738
1349.4,0.1349
1303.22,0.130166
1570.46,0.156905
1496.73,0.149556
651.552,0.0651436
1245.25,0.124459
1600.91,0.160048
1500.85,0.14994
808.815,0.0808754
4052.15,0.404978
1265.84,0.126575
1131.23,0.112949
1585.45,0.158336
717.928,0.0717846
28015.2,2.79579
1332.72,0.13305
1948.78,0.194802
1194.06,0.11938
1704.38,0.17039
1717.98,0.171786
948.806,0.0948624
1832.84,0.18301
1278.41,0.12782
1449.26,0.144791
496.127,0.0496095
1678.98,0.16756
1606.87,0.160603
1234.64,0.123204
1605.68,0.160559
1064.46,0.106293
563.644,0.0563575
1898.72,0.189858
1466.78,0.146658
1237.85,0.123766
2538.82,0.253815
2147.02,0.214433
936.831,0.0936593
940.76,0.0940611
822.211,0.0822167
1916.08,0.191467
960.894,0.0960862
843.709,0.0843522
1264.14,0.12639
967.148,0.0965358
1630.63,0.163054
559.408,0.0557807
1123.42,0.112185
901.763,0.0901412
812.912,0.0810757
1813.42,0.181331
1807.25,0.180627
886.583,0.088476
1008.61,0.10085
1626.43,0.162593
844.634,0.0842177
479.42,0.0479276
1018.55,0.101768
801.526,0.0801434
8850.25,0.883728
1447.8,0.144704
2597.48,0.259709
2551.69,0.254315
1319.72,0.131939
1803.56,0.180084
1284.3,0.128405
2190.79,0.219061
759.651,0.0756768
366.418,0.0366166
755.772,0.0755511
520.472,0.0519945
879.34,0.0878816
1641.6,0.164136
1244.76,0.124469
1569.03,0.156867
673.128,0.0672522
1066.53,0.106607
2101.79,0.210067
684.698,0.0684643
1807.01,0.180324
1590.95,0.159044
1839.15,0.183843
628.43,0.0628331
2166.97,0.216651
1274.08,0.127383
1558.9,0.155864
798.012,0.07979
2280.1,0.227923
2328.37,0.232732
1267.76,0.126738
755.538,0.0754908
1605.8,0.159307
596.218,0.0596181
1456.07,0.145561
2352.45,0.234831
1259.21,0.125917
1090.66,0.109003
883.881,0.0883557
1072.09,0.107069
504.449,0.0504229
613.318,0.0613283
722.646,0.0722138
2668.03,0.266182
862.975,0.0862763
703.042,0.0702936
2471.46,0.247103
6713.87,0.670586
1782.84,0.178242
949.437,0.0931113
2176.97,0.217601
2402.68,0.240128
1755.04,0.175374
1280.61,0.127993
1424.49,0.141885
1834.58,0.183417
864.3,0.0863847
5182.33,0.517877
880.299,0.0873379
907.765,0.0902295
1825.74,0.182564
1387.92,0.138784
798.019,0.0797968
2979.11,0.297594
1120.23,0.112007
2875.52,0.287342
1087.09,0.108672
915.228,0.0914994
1126.45,0.112624
723.16,0.0722493
4087.33,1.92699
1266.43,0.126476
752.641,0.0752346
1940.71,0.194051
827.695,0.0827015
2292.22,0.229121
1366.83,0.13667
7195.12,0.716013
1056.62,0.105588
1243.69,0.124365
872.754,0.0872683
1537.64,0.153717
1419.36,0.139742
716.894,0.0716716
847.909,0.084761
2433.91,0.243285
765.74,0.0765555
1005.96,0.100496
1444.58,0.144428
1562.38,0.156154
962.48,0.0962392
979.548,0.0979255
921.729,0.0921519
1178.52,0.117763
1552.71,0.155246
1772.99,0.17702
1571.78,0.15707
636.803,0.0636702
2842.65,0.284013
3199.77,0.319891
1009.08,0.100848
1849.19,0.184832
10410.8,1.03579
1184.52,0.118301
1769.35,0.176625
908.305,0.0908278
768.747,0.0768655
1389.17,0.138886
702.643,0.0702553
1900.75,0.18988
1215.48,0.115279
1257.37,0.125712
778.852,0.077881
1271.42,0.126988
1686.34,0.168013
934.353,0.0933395
1963.86,0.196313
1781.51,0.178137
692.268,0.0690727
1913.17,0.191272
838.901,0.0838829
2279.82,0.227815
1083.97,0.108395
1619,0.161568
2745.22,0.274101
1184.21,0.11833
1662.72,0.166264
1125.12,0.112488
2338.67,0.233797
613.895,0.0612649
1293.23,0.129258
880.834,0.0880696
1458.94,0.145852
1186.9,0.118676
866.668,0.0865928
685.42,0.0684911
580.985,0.0580937
1327.88,0.132741
677.158,0.0676702
1586.52,0.158545
3713.93,0.328788
961.153,0.0961059
1125.53,0.11252
1612.94,0.161226
1287.71,0.128341
1441.38,0.144114
2892.03,0.289169
1890,0.188672
2636.02,0.263436
978.508,0.0978194
1209.81,0.120961
9102.07,0.908114
1611.13,0.160944
741.936,0.074191
1829.85,0.181277
882.316,0.0882257
635.326,0.063494
1147.18,0.114601
807.626,0.0807374
811.945,0.081087
1197.04,0.119562
1714.39,0.171312
1051.39,0.105057
4547.11,0.45445
2354.4,0.234993
1640.86,0.163747
1079.59,0.107926
3053.73,0.301552
759.838,0.0759282
786.146,0.0784877
1594.93,0.15944
871.442,0.086999
1369.64,0.136873
1775.36,0.177394
1023.13,0.101912
2232.09,0.223053
730.415,0.0730398
909.891,0.0907358
818.707,0.0814807
1076.58,0.107621
1282.46,0.128208
7979.27,0.796105
1263.03,0.126297
1153.43,0.115276
1230.71,0.122945
2533.72,0.253039
1166.46,0.116502
2195.24,0.219107
1009.94,0.100976
3948.82,0.394427
1643.58,0.163926
1014.54,0.101435
697.673,0.0697619
2402.72,0.240102
2310.2,0.230915
1686.09,0.168477
1772.22,0.177211
1518.4,0.151201
591.315,0.0591115
4470.7,0.446182
1469.77,0.146956
1156.57,0.115648
1534.98,0.153416
1219.48,0.121942
712.906,0.0712791
4479.64,0.447175
1285.6,0.128543
1944.69,0.194057
2449.16,0.24149
3090.5,0.30894
699.067,0.0698554
866.733,0.0866176
1053.8,0.105286
848.26,0.0848024
1190.6,0.118958
945.638,0.0945518
1349.37,0.13492
1494.71,0.149461
1015.19,0.101512
931.896,0.0930468
897.428,0.0897402
902.56,0.090213
551.092,0.0551085
1187.87,0.118766
819.477,0.081944
1610.66,0.161028
655.736,0.0655164
1268.42,0.126699
1092.91,0.108927
3772.97,0.376344
1992.36,0.199033
810.129,0.080928
1699.57,0.169936
1400.73,0.140065
1030.89,0.103002
2043.38,0.204085
1118.54,0.111756
1080.26,0.10802
1844.28,0.184312
5961.89,0.595333
1503.96,0.150275
3037.49,0.303722
4286.96,0.428436
1398.5,0.139777
1256.41,0.125607
2273.82,0.227228
1854.27,0.185326
1006.13,0.100497
804.235,0.0803061
567.898,0.056769
2677.72,0.267673
1241.92,0.12403
868.614,0.0867608
870.883,0.0870815
737.713,0.0736804
918.577,0.0918474
1651.3,0.164755
1481.24,0.148106
1429.02,0.142727
691.351,0.0690911
1185.02,0.118271
4045.32,0.403415
2006.07,0.200362
794.721,0.0794497
1693.2,0.169259
866.971,0.0866882
1360.38,0.136033
1688.99,0.168766
1487.78,0.148664
1533.74,0.153355
2105.66,0.210488
836.563,0.0836344
892.96,0.0892933
2609.51,0.2609
378.076,0.0378068
5159.17,0.51561
1424.45,0.142392
2156.82,0.215565
1681.92,0.168151
763.852,0.0763122
2251.62,0.225118
3480.77,0.348005
1460.05,0.145943
2343.91,0.234317
660.141,0.0660068
2647.4,0.26449
1206.33,0.120585
924.908,0.0924394
3619.65,0.361834
2807.92,0.280216
1023.93,0.102366
473.483,0.0473471
1269.22,0.126916
1221.19,0.12077
4208.9,0.420681
911.934,0.0910771
3491.16,0.34895
601.152,0.0600485
1435.93,0.143586
1383.33,0.138235
1246.88,0.124661
821.239,0.0820943
670.966,0.0670914
1513.55,0.151344
1109.46,0.110937
2084.65,0.208153
868.931,0.0868153
1972.3,0.19719
1484.55,0.148256
1114.5,0.111439
1027.93,0.102786
4071.27,0.405521
963.853,0.0963248
5837.98,0.582549
1067.01,0.106671
1081.62,0.108032
1149.5,0.114942
1128.94,0.112857
8176.3,0.817152
939.854,0.0939315
1611.88,0.161045
1004.24,0.100418
1255.71,0.125408
1566.49,0.156566
2667.7,0.266599
1240.5,0.124011
1279.83,0.127698
1245.62,0.124543
1371.51,0.137097
1065.93,0.106457
631.435,0.0631374
1634.25,0.16336
504.722,0.0504253
2270.87,0.226976
1428.48,0.142611
1404.46,0.140425
1093.15,0.109302
895.05,0.0894899
1054.4,0.105349
977.371,0.0977337
1235.73,0.123553
684.571,0.0684473
1004.71,0.0996673
1233.44,0.123324
1149.42,0.114921
716.277,0.0716107
1013.17,0.101174
1656.63,0.165631
1205.67,0.120557
1090.59,0.108998
1112.12,0.11082
902.651,0.0902497
710.307,0.070992
1260.44,0.125962
1146.43,0.114602
1593.01,0.159014
1087.48,0.108477
927.379,0.0925056
1981.52,0.198132
905.779,0.0905742
1828.75,0.182389
1249.38,0.124926
918.909,0.0918693
1381.93,0.138185
1917.02,0.19121
1069.91,0.106352
5442.53,0.54409
1416.43,0.141576
1177.96,0.11626
15438.9,1.53814
1038.71,0.103842
1444.74,0.144405
1513.65,0.15128
1239.95,0.123907
631.821,0.06318
1039.33,0.103907
960.316,0.0959022
1105.87,0.110572
839.618,0.0839404
2235.06,0.223434
828.31,0.0828158
1094.14,0.109271
1183.48,0.118094
659.885,0.065967
872.657,0.0871475
757.5,0.075675
852.187,0.0852156
1219.69,0.121937
1473.7,0.147279
2054.67,0.205321
1407.37,0.140669
2696.75,0.269429
1720.96,0.171899
1337.35,0.133368
1333.54,0.133314
1294.74,0.129451
804.387,0.0804312
706.043,0.0706018
2343.13,0.234184
2722.29,0.271472
1636.58,0.163448
3521.94,0.352117
1273.88,0.12738
1368.27,0.136807
2778.29,0.27771
1068.65,0.106504
803.074,0.080281
1535.21,0.153471
920.294,0.091982
525.787,0.0525742
1582.17,0.158188
1003.27,0.100308
1159.64,0.115937
962.003,0.0958807
793.701,0.079349
1508.55,0.150833
847.347,0.0847149
821.374,0.0821327
1112.87,0.111055
871.673,0.0871344
803.203,0.0802998
623.011,0.0622962
1064.11,0.1064
888.137,0.0887864
2915.75,0.291382
1140.22,0.111773
983.542,0.0983321
1231.36,0.123104
1646.52,0.164634
5282.25,0.526935
1039.87,0.103942
4325.05,0.431851
1137.22,0.113685
1976.8,0.197651
1197.55,0.119435
536.533,0.0536499
1967.61,0.196668
808.843,0.080881
6227.32,0.622462
909.06,0.0908567
1301.62,0.130142
1090.97,0.109018
7924.33,0.791244
1493.77,0.149356
1283.81,0.128242
5897.72,0.589547
2356.59,0.235572
1215.26,0.121269
2384.57,0.238417
939.256,0.0938231
1056.91,0.105595
1586.73,0.158637
1397.76,0.139655
1238.44,0.12384
827.667,0.0827602
1477.2,0.147594
7262.43,0.724018
1101.85,0.110151
2949.3,0.294583
722.41,0.0722353
1928.38,0.192448
990.523,0.0981235
977.539,0.0973378
1730.14,0.172991
14530.4,3.51596
2693.14,0.269225
3150.64,0.314946
1139.9,0.11379
3082.74,0.308225
1937.87,0.193629
2367.59,0.236699
1231.67,0.123159
796.108,0.0795824
1859.74,0.185957
1147.55,0.114681
716.99,0.0716534
977.74,0.0977016
3948.23,0.394646
1412.26,0.141172
1862.75,0.186129
1396.25,0.13946
6895.21,7.18356
871.489,0.0871369
581.434,0.0581415
890.314,0.0890073
840.501,0.0836675
1074.68,0.107434
696.897,0.0696435
1427.66,0.142751
2946.16,0.294381
667.073,0.066656
1608.11,0.160575
1528.32,0.152787
7462.99,0.744778
1043.16,0.104306
1187.11,0.116271
1070.78,0.10707
1063.76,0.106368
1202.04,0.120177
1417.18,0.14168
1297.62,0.129191
1574.05,0.156138
951.249,0.0950921
1931.44,0.193049
2262.38,0.225738
1068.67,0.106858
650.489,0.0649454
887.973,0.0887928
1223.11,0.122263
1417.69,0.141734
1289.44,0.128921
597.551,0.0597231
562.722,0.0562679
1462.31,0.146227
1281.59,0.128122
1584.09,0.158403
967.844,0.0966566
942.456,0.0941919
1906.44,0.190614
3022.29,0.302074
932.53,0.0932471
941.607,0.0941517
1785.49,0.178438
1273.05,0.127167
1184.97,0.118355
852.582,0.0852562
1283.26,0.127704
1184.33,0.118422
1553.28,0.155262
1233.76,0.123355
3793.09,0.338021
1104.32,0.110379
1677.52,0.167742
1347.43,0.134718
1486.19,0.141439
1114.96,0.111363
1748.13,0.174691
683.248,0.0682072
1785.73,0.178504
1808.9,0.180761
2924.05,0.292295
562.65,0.0562549
968.19,0.0967259
1088.56,0.108604
2896.52,0.287853
2376.62,0.23746
1962.38,0.196175
696.136,0.0695993
1266.03,0.126586
1014.59,0.101409
657.43,0.0657237
1036.87,0.103624
1933.7,0.193343
845.63,0.0845556
1422.69,0.142227
1734.9,0.17327
699.503,0.0699222
1028.47,0.10254
1460.2,0.146009
697.969,0.0697773
831.945,0.0831874
987.851,0.0987771
1169.6,0.116851
1017.73,0.101744
1118.5,0.111798
881.761,0.0881654
2323.97,0.231583
833.346,0.0833194
1227.77,0.122756
1135.32,0.113276
966.069,0.096521
1576,0.157555
5621.09,0.561832
1619.05,0.161859
1034.53,0.103438
4807.44,0.480509
1331.84,0.133144
1333.48,0.13325
3246.99,0.324126
644.174,0.0639859
1510.26,0.150672
1128.28,0.112795
1065.77,0.106571
2357.47,0.235531
1537.11,0.153703
1252.97,0.125281
1384.47,0.137553
1319.26,0.131849
11226.1,2.69244
636.061,0.0636025
2250.53,0.224973
1662.68,0.16623
861.534,0.0861499
829.786,0.0828165
1572.61,0.157248
721.982,0.072133
973.353,0.0971204
773.293,0.0773248
816.111,0.0815544
1476.38,0.147504
862.905,0.086261
911.656,0.0907269
1033.81,0.103281
1745.69,0.174517
1101.3,0.110078
972.64,0.0972098
2517.61,0.251667
937.472,0.0937281
5147.02,0.514385
805.782,0.0802956
1620.46,0.161988
977.948,0.0977856
4530.58,0.452312
1080.92,0.107944
2709.17,0.270872
1992.17,0.1992
4071.64,6.48996
1534.24,0.153414
995.408,0.0995217
983.911,0.0983865
1263.39,0.126313
915.292,0.0914826
989.005,0.0988935
861.376,0.0861116
1478.22,0.147797
1164.65,0.116439
2189.58,0.218824
598.184,0.0594803
2304.26,0.229711
396.096,0.03958
1894.2,0.189391
2755.12,0.275491
1039.49,0.103906
2318.46,0.231667
942.129,0.0941896
2239.8,0.223718
1054.17,0.105409
5785.96,0.578326
1478.45,0.147772
1547.26,0.154638
849.879,0.0849782
6135.67,0.613281
928.37,0.0927567
1470.03,0.146979
2062.84,0.206249
774.499,0.0774115
970.078,0.0969737
1338.35,0.133792
1409.36,0.140817
1445.26,0.144465
1036.21,0.103435
751.299,0.0751145
2398.87,0.23969
741.916,0.074152
1015.37,0.101275
1089.52,0.108927
1174.81,0.117463
12352.2,1.23151
24464.6,2.44387
641.405,0.0641216
700.054,0.0699102
1236.87,0.123625
612.945,0.0612843
1327.7,0.132719
1467.54,0.145619
1967.1,0.196286
1127.6,0.112751
2566.71,0.256454
3653.79,0.364963
1981.12,0.198071
1110.26,0.11097
892.052,0.0890573
2674.11,0.266774
1764.85,0.176375
13643,1.35579
726.705,0.0726464
1003.54,0.100316
9996.3,0.993746
1791.32,0.179073
1001.72,0.100034
3116.79,0.311479
1430.52,0.142985
937.522,0.0937064
990.67,0.0989762
4079.77,0.407611
975.095,0.0975046
1819.38,0.181919
1346.93,0.13459
748.558,0.0748342
1527.69,0.15269
4367.58,0.436537
664.545,0.0664393
2087.46,0.20851
413.902,0.0413425
1872.07,0.186873
938.397,0.0911808
1143.5,0.114308
2147.15,0.214573
1499.01,0.149867
2943.79,0.293963
835.818,0.0835452
780.761,0.078068
622.128,0.0621067
827.822,0.0827569
1014.24,0.101333
2224.8,0.222406
839.858,0.0839621
1044.96,0.10449
1962.5,0.175818
571.694,0.0571621
778.504,0.0778487
719.107,0.0718841
797.249,0.0796236
1494,0.149387
1179.87,0.117972
995.26,0.0994979
2258.29,0.225555
983.773,0.0981935
1570.69,0.157018
2343.7,0.234354
568.761,0.0568414
1217.34,0.121706
2058.31,0.20555
1352.26,0.135208
1647.27,0.164567
1117.78,0.111739
2495.43,0.247771
1347.21,0.134609
1230.58,0.123025
1981.38,0.198114
819.244,0.0818538
1606.41,0.160384
2097.44,0.209431
1162.22,0.116191
871.004,0.0870846
2755.61,0.275482
1587.7,0.158722
1331.45,0.133104
909.975,0.090977
888.457,0.0888277
5049.77,0.504674
6535.58,0.652851
2951.12,0.294727
1156.25,0.115406
1024.04,0.102398
1099.4,0.109933
1032.01,0.103122
1136.59,0.113514
3285,0.328217
1920.62,0.19204
1071.07,0.106953
2336.94,0.233615
1837.61,0.183749
5911.12,0.590633
1297.6,0.129739
2166.22,0.216231
2661.65,0.266023
1174.19,0.117403
1016.19,0.101577
1562.2,0.156196
4223.29,0.422097
905.678,0.090443
792.653,0.0791885
985.208,0.0984722
633.176,0.063311
3508.4,0.350675
3705,0.369614
4025.43,0.402031
1712,0.171032
1612.22,0.161054
1157.35,0.115598
1840.22,0.183772
1176.48,0.117393
1365.36,0.136517
899.149,0.0898694
1035.52,0.103549
1746.12,0.174532
905.77,0.0905427
1347.77,0.134771
2138.31,0.213715
1924.89,0.192442
1838.85,0.183806
859.112,0.085898
2156.24,0.215568
5996.15,0.599045
9612.05,0.960655
1246.23,0.124411
1658.98,0.165859
1438.33,0.14381
945.835,0.0945793
1099.36,0.109906
892.145,0.0890838
5907.66,0.589899
1641.05,0.15964
1315.18,0.131493
3440.3,0.343746
1077.32,0.107714
2165.68,0.2162
1419.09,0.141903
1665.54,0.166485
1913.45,0.191227
1123.31,0.11232
984.927,0.0984772
973.01,0.0972509
2355.86,0.235323
929.985,0.0929943
683.991,0.0683844
1296.02,0.129464
1713.29,0.171258
1052.97,0.105261
1138.57,0.113723
925.02,0.0924426
585.036,0.0584987
1494.15,0.149395
1337.49,0.133311
1249.86,0.124907
1035.62,0.103558
1272.47,0.127171
1004.86,0.100477
840.632,0.0840189
1374.98,0.137421
1180.91,0.118062
10444.4,1.04151
1315.24,0.13148
1129.75,0.112972
1094.17,0.109382
4022.67,0.402122
2459.9,0.245464
1463.85,0.146347
782.375,0.0782353
1385.62,0.138413
1133.32,0.113286
2447.19,0.244671
919.342,0.0919115
1074.61,0.107445
1575.07,0.154086
1196.95,0.11969
1986.31,0.198256
1487.37,0.148668
1954.95,0.195381
1440.29,0.143938
949.585,0.0949467
2242.92,0.224045
1766.91,0.175839
747.115,0.0747019
954.52,0.0953795
1210.01,0.120821
904.638,0.0904309
850.001,0.0849838
4432.3,0.443185
921.666,0.0921245
1846.26,0.184548
812.312,0.0811997
1069.23,0.106808
1107.27,0.110716
912.925,0.0912464
1255.48,0.125536
2590.34,0.257763
690.526,0.0690046
1202.58,0.120254
5336.09,0.533475
1074.63,0.10728
1823.7,0.182283
619.66,0.0619654
1743.29,0.17431
1595.7,0.158902
2382.01,0.237564
1099.24,0.109861
3236.78,0.323564
791.717,0.0791671
1217.45,0.121739
1229.26,0.12288
1179.36,0.117885
659.807,0.0659705
775.225,0.0775142
3692.3,0.368429
1107.11,0.110686
1720.84,0.172033
518.441,0.0518423
1783.98,0.178154
732.511,0.0731857
1057.72,0.105768
1217.14,0.121691
1297.19,0.129715
2038.3,0.203756
1512.94,0.15127
1027.34,0.10271
822.557,0.0822072
850.324,0.0850065
1203.59,0.120352
1908.41,0.190769
830.909,0.082947
1271.96,0.127187
2808.6,0.280772
1024.39,0.102426
1932.11,0.193142
1132.15,0.113207
1086.4,0.108621
1721.35,0.172098
1332.79,0.133234
1232.75,0.123269
4617.69,0.460421
930.887,0.0930775
1060.37,0.105936
1203.59,0.120319
952.729,0.0952487
2146.63,0.214607
827.405,0.0827303
723.648,0.0723599
2200.27,0.219503
788.268,0.078409
2470.72,0.247051
970.101,0.096995
5166.21,0.515685
1446.53,0.144517
1917.19,0.191639
875.404,0.0875384
2287.91,0.22869
1082.12,0.108205
723.911,0.0723882
666.597,0.0666587
1294.23,0.129362
1382.96,0.131635
1869.41,0.186851
1974.2,0.197278
872.735,0.0871731
843.095,0.0842165
877.956,0.0877841
1068.68,0.106838
1893.87,0.189344
1082.88,0.108248
1601.92,0.160127
1069.47,0.106944
904.118,0.090342
2439.58,0.243401
1332.64,0.133215
1959.63,0.195504
1643.37,0.164289
648.193,0.0647759
967.129,0.0966755
2842.9,0.284274
638.625,0.0638523
1447.94,0.144769
1200.44,0.120019
4140.48,4.18216
2881.02,0.288051
838.788,0.083864
1273.54,0.127294
1271.34,0.127014
1303.51,0.130328
1175.45,0.112356
1099.81,0.109952
2641.5,0.263872
1565.18,0.154032
1423.81,0.142283
560.414,0.0560318
2873.48,0.287307
1151.2,0.115086
1659.52,0.1659
862.464,0.0812863
2628.94,0.262813
4126.18,0.412482
809.894,0.0809687
3245.71,0.324454
1216.81,0.121606
1021,0.102033
4416.13,0.441093
1971.91,0.197147
724.736,0.072468
4447.16,0.443512
1060.74,0.10574
1532.33,0.1531
1936.81,0.193642
2850.28,0.285022
2061.05,0.20589
15500.1,1.54438
1173.63,0.117344
1356.93,0.135661
2941.14,0.293837
1261.04,0.126048
1272.2,0.1271
1314.21,0.131355
790.271,0.0790083
1467.34,0.146701
990.455,0.0990264
1322.99,0.132281
865.961,0.0865934
1493.04,0.149238
1464.45,0.145872
773.831,0.0773708
1801.37,0.179744
1696.22,0.169574
7395.85,0.73857
1689.58,0.168765
762.104,0.0761816
2559.37,0.255759
3345.64,0.310765
1210.93,0.12107
1242.36,0.124142
1223.79,0.122361
8349,0.830002
2249.48,0.224691
935.375,0.0934855
1625.01,0.162491
1437.92,0.14346
1183.05,0.118221
1568.75,0.156658
781.94,0.07813
964.04,0.0963644
2891.44,0.289076
1297.24,0.12972
1583.15,0.158082
857.909,0.0857795
788.686,0.0787558
4416.41,0.440433
5386.63,0.538528
1184.79,0.118142
1022.69,0.102218
1047.47,0.104742
1261.78,0.125922
1733.93,0.17336
4062.23,0.405191
1783.57,0.178309
785.634,0.0785442
1176.78,0.117633
986.188,0.0985262
1093.26,0.109205
1506.55,0.150625
725.637,0.0725513
1318.96,0.131877
1611.14,0.161043
3504.15,0.349967
2598.9,0.259737
1092.13,0.109172
5070.99,0.506823
1398.71,0.139797
996.709,0.0992179
842.76,0.0842229
1273.52,0.12723
1182.77,0.118175
1351.69,0.135154
938.767,0.0938564
1184.16,0.118363
1237.89,0.123084
1326.24,0.132508
1173.34,0.1171
6041.67,0.601294
883.996,0.0883881
1388.42,0.13999
823.398,0.0821514
513.097,0.0512944
2202.57,0.220213
1406.15,0.140602
1589.36,0.158823
1276.94,0.118772
2513.65,0.2512
943.771,0.0943422
1065.84,0.106573
1469.16,0.146546
3008.16,0.299989
790.433,0.0790254
1374.68,0.13746
821.258,0.0814061
1002.62,0.100002
517.864,0.0517681
730.903,0.073063
6659.8,0.663332
1948.67,0.194824
1593.74,0.159283
1141.35,0.11412
1570.6,0.152336
1516.11,0.151467
1557.59,0.154393
1219.11,0.121879
1367.45,0.13661
1398.62,0.139807
913.565,0.0913455
2859.07,0.285748
2365.83,0.236478
2758.11,0.275611
3258.32,0.325684
1270.95,0.127053
1201.11,0.120099
1515.34,0.151284
879.828,0.0879638
1247.16,0.120938
1582.98,0.158174
2742.05,0.273842
3004.07,0.30012
1355.83,0.135384
493.627,0.049333
1763.5,0.17634
1898.56,0.189795
1126,0.112582
1444.18,0.144354
989.629,0.098819
2524.35,0.252213
2020.35,0.201659
1413.96,0.14138
1080.63,0.108047
1266.47,0.126625
2221.15,0.222049
821.461,0.0819922
1179.32,0.117886
1128.37,0.112821
1098.33,0.109778
1053.98,0.105392
536.151,0.0536083
1734.32,0.173358
1612.92,0.161227
1246.71,0.124659
2762.47,0.276014
1348.44,0.134812
997.862,0.0997729
669.923,0.0636419
2710.62,0.271023
1917.7,0.191432
876.06,0.0874851
1227.48,0.122739
958.27,0.0957436
1261.57,0.126131
3371.49,0.235429
986.804,0.0986606
1204.34,0.120336
2080.54,0.208005
895.599,0.0895214
10607.3,1.05871
1214.14,0.121409
893.929,0.0893626
1017.09,0.101679
2401.3,0.240038
670.766,0.0670748
992.113,0.0991537
1036.81,0.103494
1164.18,0.1164
3479.53,0.347681
1027.83,0.10277
1348.84,0.134747
1031,0.103094
1267.3,0.126634
1142.87,0.114284
1330.08,0.13299
773.436,0.0773143
1657.7,0.165584
991.298,0.0991192
948.81,0.0947783
3226.21,0.322396
1307.09,0.130687
995.796,0.0995685
2109.3,0.210791
1391.96,0.139143
1376.14,0.137486
6655.03,0.664755
719.746,0.0719326
1195.14,0.119509
1369.49,0.136889
1339.99,0.133858
973.907,0.0973771
888.824,0.0888679
1163.35,0.116285
1172.44,0.117218
812.281,0.0812241
5958.28,0.595456
2655.37,0.265345
989.271,0.0989189
1055.3,0.105522
3259.16,0.325306
1266.43,0.126614
791.772,0.0791152
897.739,0.0897598
1364.86,0.136437
1015.29,0.100942
991.995,0.0991399
1927.42,0.192726
1031.43,0.103123
1391.26,0.139004
585.418,0.0585384
1177.43,0.117049
1834.86,0.183171
1368.07,0.136772
1576.44,0.157491
829.939,0.0829735
826.874,0.0826712
1022.38,0.102191
1320.89,0.131878
4823.15,0.478771
1279.28,0.127901
1229.13,0.122903
755.658,0.0755104
710.759,0.0710719
3777.95,0.377132
1062,0.106038
1088.41,0.10881
1434.54,0.143418
3425.62,0.338673
1097.02,0.109557
773.794,0.0773477
558.874,0.0558673
1971.33,0.196898
1024.48,0.102423
8444.56,0.84319
2030.92,0.202935
943.545,0.0943235
1721.22,0.172044
1096.41,0.109624
965.603,0.096555
1242.06,0.124174
852.881,0.0852805
1977.86,0.197759
1013.9,0.101347
1195.21,0.119414
773.345,0.0772822
1342.73,0.134119
1297.24,0.129714
1841.84,0.184155
1078.96,0.107838
962.068,0.0962007
1674.47,0.16621
757.407,0.0757161
1093.91,0.109361
1304.8,0.130272
2603.99,0.260374
780.027,0.0779985
899.297,0.0899077
1205.89,0.120584
4680.06,0.46528
827.909,0.0827004
1320.68,0.132023
1024.59,0.102396
631.266,0.0630114
1815.17,0.181495
1137.12,0.113704
9210.4,0.9194
2634.23,0.263316
1162.11,0.116148
1084.99,0.108488
920.208,0.0920112
2688.2,0.26879
841.368,0.0841346
1208.91,0.120751
681.839,0.0680182
1686.79,0.166052
1496.4,0.149592
1156.83,0.115665
1801.05,0.180075
1216.1,0.121401
3912.97,0.391178
1089.3,0.108927
1464.82,0.14648
596.3,0.0596036
3618.68,0.361389
1104.59,0.110328
1042.07,0.104179
3846.12,0.383604
2621.63,0.262088
2968.45,0.183131
618.768,0.0618645
1138.33,0.113786
1130.98,0.113073
981.78,0.0981672
1280.09,0.127959
1192.25,0.119204
1659.05,0.165843
1716.17,0.171358
593.69,0.0592789
2397.14,0.239656
908.791,0.0908208
1507.6,0.150682
1529.58,0.152625
988.775,0.0953156
2367.51,0.235059
3441.85,0.343957
956.178,0.0955904
946.109,0.0941268
1204.83,0.120469
1672.68,0.167244
1080.91,0.108045
2139.03,0.213391
1029.01,0.102883
1774.75,0.177393
3574.14,0.356503
989.026,0.0988912
596.689,0.0596089
875.284,0.0871186
942.209,0.0941764
936.28,0.0912052
925.461,0.0925428
993.618,0.0991554
2523.12,0.25213
848.184,0.084784
2808.6,0.280812
2757.43,0.269267
1313,0.131181
1491.84,0.149157
1292.33,0.129126
1458.88,0.145863
799.206,0.0799146
1193.82,0.119349
961.434,0.0961397
1093.43,0.109183
1314.4,0.131387
2695.61,0.266958
1592.84,0.159262
2497.2,0.249584
2557.22,0.255504
8130.77,1.76074
1307.82,0.130775
1363.56,0.136331
2817.32,0.281507
816.616,0.0813637
1060.6,0.106049
12493.9,1.24159
1273.19,0.12708
954.334,0.0954266
2322.68,0.231815
2360.5,0.23581
875.572,0.0875488
880.794,0.088073
960.962,0.0960903
1354.23,0.135409
1004.21,0.100401
811.034,0.0811004
1743.15,0.174133
5166.23,0.515958
1071.96,0.106982
961.906,0.0961622
880.635,0.0878966
1196,0.119594
950.181,0.0949852
1417.36,0.141641
768.468,0.076774
1239.64,0.123958
703.344,0.0702701
1769.32,0.176889
1324.37,0.125311
686.488,0.0685391
1442.23,0.14413
2555.84,0.253803
936.865,0.0936811
2142.8,0.214155
1145.01,0.114483
925.787,0.0925425
1757.35,0.175707
1050.25,0.105015
1712.2,0.171187
840.857,0.0840655
575.569,0.0575495
2544.93,0.254379
1145.49,0.114509
1171.63,0.117145
1031.37,0.103133
891.469,0.0891426
1123.45,0.112243
1024.48,0.102362
4068.81,0.40673
20173.6,2.00856
839.124,0.0838897
1035.95,0.103531
1251.86,0.125131
1905.83,0.190534
1165.14,0.116467
989.768,0.098964
1253.88,0.125345
1046.95,0.104671
2890.45,0.28868
1260.02,0.125815
1629.74,0.162944
2163.92,0.216363
1173.15,0.117311
1136.11,0.113562
1484.09,0.14836
820.963,0.0820411
3749.36,0.371547
3037.64,0.303644
2125.49,0.212418
595.706,0.0595545
1398.78,0.139873
1325.26,0.132409
1472.25,0.146874
1094.49,0.109388
1366.86,0.136618
1194.71,0.119375
1209.3,0.120916
1564.16,0.156373
1228.69,0.122488
2114.3,0.211331
1683.43,0.168216
997.567,0.0997545
891.194,0.0891163
1101.48,0.110092
1173.22,0.117281
1701.15,0.170089
940.524,0.0940495
1255.04,0.125475
1125.77,0.112561
1796.8,0.179486
1974.44,0.197382
8598.76,0.857526
1053.25,0.105322
743.765,0.0743617
1016.21,0.101505
651.306,0.0650378
3207.37,0.320662
2702.12,0.270094
1711.89,0.171151
1309.92,0.130955
1549.82,0.154963
1122.45,0.112169
4016.98,4.23857
797.293,0.0797159
1237.31,0.123662
938.277,0.0937528
753.264,0.075149
958.751,0.095867
783.651,0.0783429
541.5,0.0541374
1482.15,0.148172
825.211,0.0824981
1191.19,0.118966
879.704,0.0879394
11040.5,1.1031
1726.71,0.172573
1368.39,0.136796
1272.27,0.126762
908.359,0.0908074
1340.25,0.133989
3553.38,0.354892
6350.66,0.634875
1547.4,0.154575
3115.37,0.311474
838.349,0.0838037
1413.79,0.141312
3296.1,0.329541
669.274,0.0668352
772.048,0.0771996
1166.68,0.116576
662.242,0.0662172
1189.31,0.118914
1363.19,0.136149
1838.76,0.183746
1203.61,0.120341
1683.79,0.168291
1064.31,0.106426
1302.51,0.130223
5280.59,0.526705
1091.67,0.109156
1343.04,0.134241
2034.4,0.203197
882.764,0.0881527
2292.87,0.229155
1016.76,0.101547
1066.97,0.106692
702.782,0.0702772
1648.35,0.164486
745.093,0.0743291
1227.4,0.122718
768.318,0.0768204
1017.14,0.101699
1344.69,0.134431
2240.01,0.223806
1406.72,0.139785
1155.64,0.11552
772.807,0.0772725
721.737,0.0718813
1167.87,0.116528
1055.64,0.105456
643.454,0.064333
1509.43,0.150806
1552.64,0.155151
761.288,0.0761267
2562.84,0.255457
1102.09,0.110206
2884.01,0.287782
6744.63,0.673637
1133.91,0.113309
6677.21,0.665771
1133.78,0.11337
2034.64,0.203412
1088.21,0.108784
6752.14,0.674374
825.403,0.0825201
3485.58,0.348405
827.671,0.082758
1287.28,0.128575
3512.79,0.351026
2193.87,0.218956
954.996,0.0954004
1066.65,0.106567
1354.63,0.135414
1137.39,0.113693
2417.08,0.241634
1011.08,0.101101
1031.75,0.103134
1193.28,0.11931
2088.84,0.208788
1515.16,0.151357
890.205,0.088967
2803.12,0.279756
1172.64,0.117244
1634.57,0.16301
1149.85,0.114757
1087.05,0.10764
2014.6,0.201387
2543.35,0.254101
1366.55,0.136437
986.483,0.098455
947.281,0.0947045
1352.91,0.135187
1943.19,0.194254
2109.68,0.21091
2579.02,0.257826
959.179,0.0959105
1743.9,0.174318
627.907,0.0627771
1344.71,0.134376
1284.06,0.128292
846.407,0.0846218
886.933,0.0886414
2064.92,0.206295
3073.28,0.306975
722.318,0.0722293
662.118,0.0659003
725.113,0.0723235
3713.72,0.371153
1536.18,0.153586
955.442,0.0954579
979.709,0.0978742
903.589,0.0903353
1232.66,0.12259
2227.79,0.222652
1808.17,0.180744
889.375,0.0889117
2036.93,0.20353
2215.49,0.221527
1692.48,0.169236
637.735,0.0637725
1888.41,0.188794
1563.52,0.15629
542.125,0.0541317
1175.65,0.117551
1122.17,0.112144
1133.3,0.113288
1193.29,0.119211
3633.93,0.363178
995.192,0.0995105
1504.11,0.150369
3138.6,0.313578
2222.66,0.222235
1145.2,0.114482
1054.49,0.105372
985.716,0.098548
1160.15,0.115996
7990.08,0.798638
1257.35,0.125671
877.238,0.0876391
1470.63,0.146962
1156.58,0.115596
2390.42,0.239009
3987.71,0.39868
1911.16,0.191044
1141.77,0.113949
740.67,0.0740085
6004.15,0.599486
8928.6,0.890322
462.686,0.0462625
1229.13,0.122775
823.718,0.08234
1706.49,0.16958
1560.03,0.155991
6057.18,0.605105
2228.5,0.222649
1291.55,0.128574
1008.56,0.100817
8871.99,0.885598
511.423,0.0511101
871.051,0.0870537
831.824,0.0830388
1543.46,0.154162
1428.36,0.138411
1145.68,0.114116
1154.24,0.11538
809.015,0.0808499
1711.99,0.171187
1034.46,0.103398
3260.44,0.32489
1070.96,0.10702
5663.4,0.565927
1185.24,0.118238
2105.68,0.21052
2720.67,0.27205
1728.92,0.172779
853.858,0.0838072
1145.04,0.114474
961.28,0.0961125
993.77,0.0993515
1438.08,0.143725
1517.45,0.151687
1287.23,0.128484
867.916,0.08679
1717.8,0.171753
1205.42,0.12047
2107.54,0.210697
2379.8,0.237801
2408.87,0.240632
1610.19,0.160756
817.204,0.081705
1192.29,0.119184
1846.13,0.184461
2017.34,0.201674
1166.43,0.116502
763.619,0.0762055
838.172,0.0836133
823.104,0.0822775
1353.02,0.135184
1076.18,0.107613
792.694,0.0788075
659.52,0.0658577
2532.72,0.252152
943.061,0.0940317
1240.54,0.124029
1845.37,0.185682
1268.81,0.12687
2332.68,0.232724
1996.8,0.199594
2080.86,0.20805
1849.7,0.184961
682.269,0.068197
1339.39,0.133904
4480.44,0.447336
1657.16,0.165658
672.577,0.0672566
1089.59,0.108547
3134.08,0.312655
589.645,0.0589628
1680.11,0.16798
733.147,0.073222
938.696,0.0938613
681.787,0.0681343
2122.25,0.212038
3007.02,0.300203
862.57,0.08622
960.344,0.0959832
1341.17,0.134058
2596.18,0.259409
879.444,0.0879376
1063.26,0.106082
2818.71,0.281429
2786.5,0.278551
1187.97,0.11855
1098.34,0.109782
829.918,0.0829816
1219.3,0.121885
580.56,0.0580529
1720.71,0.171972
1326.39,0.132599
2089.63,0.208823
1451.59,0.145051
1096.87,0.109606
1699.02,0.169873
1327.26,0.132696
488.653,0.0488642
1130.35,0.112873
1205.02,0.120425
1012.87,0.101283
1151.21,0.114218
1104.21,0.110415
1113.69,0.111363
1702.9,0.169636
940.507,0.0940159
1235.31,0.12352
1763.71,0.176254
1603.41,0.16018
799.028,0.0798732
885.608,0.0885572
1755.85,0.17556
863.546,0.0862765
8493.36,0.845679
3340.43,0.333885
2040.04,0.195175
659.023,0.0658854
2403.79,0.240339
3454.97,0.344377
1604.1,0.160163
1027.88,0.102758
1105.47,0.110498
801.778,0.0801716
2617.96,0.261002
801.527,0.0801411
1918.55,0.191575
1119.67,0.11185
1391.19,0.139101
1346.05,0.134508
1838.85,0.183692
2645.79,0.264538
886.392,0.0886265
3929.94,0.392649
1194.94,0.11927
1114.44,0.111381
3554.71,0.354518
1086.63,0.108553
1443.76,0.144291
12885.1,1.28317
1017.42,0.101706
1729.66,0.167351
1081.31,0.107635
1352.14,0.135157
625.027,0.0624653
946.434,0.0946294
946.038,0.0945966
899.611,0.0899376
1775.14,0.177356
1421.62,0.142146
1239.68,0.123707
1865.58,0.186553
1812.45,0.181221
1625.92,0.16239
2058.79,0.205858
2108.42,0.210797
2532.38,0.253029
1093.9,0.109258
968.959,0.0967333
4879.54,0.487621
915.787,0.0911084
1887.47,0.188687
1054.6,0.105337
772.046,0.0771796
3493.65,0.34866
1263.94,0.12631
968.902,0.09688
2692.81,0.269209
1815.19,0.181358
585.38,0.0585367
2425.63,0.242366
897.703,0.0897558
1086.09,0.108574
2590.18,0.258881
2144.52,0.21442
827.401,0.0824665
1265.26,0.126424
1001.92,0.100162
1446.18,0.144565
1705.28,0.169921
2123.97,0.211858
1102.53,0.110225
1225.06,0.122491
3447.44,0.342612
913.332,0.0912465
1236.95,0.123411
3208.34,0.320288
840.937,0.0840732
1048.6,0.104805
3051.24,0.30492
884.392,0.0884339
1347.15,0.134692
1481.11,0.146909
1371.95,0.137151
1122.29,0.112223
1325.52,0.132542
1824.23,0.182307
3326.31,0.33257
870.188,0.087004
2513.58,0.251248
1504.68,0.15026
1643.41,0.164288
1462.71,0.146249
8284.29,0.828162
981.692,0.0981366
909.448,0.0909376
1391.22,0.139093
1217.14,0.121676
1602.52,0.160105
675.174,0.0675007
920.813,0.0920671
708.967,0.0708915
973.659,0.0973501
1730.11,0.172921
2354.35,0.235301
6070.85,0.606085
1241.55,0.124045
891.685,0.0891607
1140.99,0.114062
1223.7,0.122212
901.131,0.089948
1442.01,0.144164
1195.97,0.119576
2101.88,0.210132
986.225,0.0983414
1147.95,0.114731
1404.11,0.14039
923.791,0.0923333
1533.4,0.153259
968.721,0.0968557
1123.08,0.110871
851.863,0.0851588
1710.18,0.170701
2143.38,0.214289
781.072,0.0777187
1306.8,0.130622
1263.95,0.126146
1333.87,0.133363
886.593,0.0886094
2153.82,0.215356
2548.78,0.254531
861.67,0.0861609
5672.28,0.545128
914.473,0.0911263
967.022,0.0966317
781.606,0.0781501
893.995,0.0893982
13918.6,1.37178
1672.73,0.167247
863.359,0.085965
2071.07,0.206757
1080.52,0.108041
1257.95,0.12576
1386.43,0.138606
813.108,0.0813034
5966.69,0.596097
4064.03,0.405996
1150.92,0.115083
2654.35,0.264246
2044.04,0.204332
1313.37,0.131325
2451.33,0.245046
5941.09,0.592984
5362.24,0.535695
5996.7,0.598218
1167.91,0.116778
1247.79,0.124434
2162.4,0.216183
1189.94,0.11898
1346.66,0.134598
1336.86,0.133561
9573.4,0.954556
1404.48,0.140408
3565.76,0.356346
1448.9,0.144855
2771.59,0.277061
1097.34,0.109729
1166.74,0.116095
843.355,0.0842784
872.516,0.0872102
937.728,0.0936935
1060.71,0.10607
1494.32,0.149391
547.807,0.0547639
1486.24,0.148596
1411.37,0.141104
1373.1,0.137288
979.068,0.0978957
933.779,0.093368
1726.26,0.17259
812.942,0.0805706
1506.19,0.150585
1716.92,0.171216
1260.74,0.126071
2372.84,0.237162
1029.78,0.102975
2080.91,0.208032
698.86,0.0698642
1140.88,0.113986
889.52,0.0887965
649.625,0.0649589
924.435,0.0921993
1078.57,0.107808
1832.66,0.183138
1713.67,0.170986
1074.59,0.107406
761.527,0.0761471
937.045,0.0936442
902.603,0.0902594
971.124,0.0971108
865.901,0.0865607
1261.47,0.125756
7094.71,0.707847
5201.32,0.51908
11299.4,1.12685
863.29,0.0863068
814.404,0.0814111
753.694,0.0753375
1325.63,0.132465
2398.25,0.2397
1229.8,0.122944
1501.47,0.15009
4424.25,0.441845
736.882,0.0735814
3011.18,0.30038
586.228,0.0586154
1311.15,0.131097
3171.78,0.316966
1689.28,0.168861
1430.39,0.143019
915.019,0.0914918
1422,0.142092
1542.74,0.15427
988.105,0.0987965
2910.02,0.290911
953.623,0.0953534
703.577,0.0703373
1656.3,0.165596
1375.64,0.137543
1390.96,0.138955
1146.48,0.114641
1078.61,0.107572
3317.21,0.331627
1172.61,0.117249
3207.73,0.32073
2203.62,0.220313
1150.18,0.114965
1303.4,0.130293
932.21,0.0932118
840.612,0.0840287
1548.97,0.154891
1213.83,0.121374
1261.49,0.126057
1466.36,0.146593
1314.54,0.131301
3276.44,0.327566
1994.47,0.19935
739.389,0.0739338
831.094,0.0831041
1460.49,0.145698
969.241,0.0969177
661.843,0.0661571
867.082,0.0867058
1676.53,0.167637
2406.46,0.240599
2393.64,0.233221
1854.57,0.185232
1545.13,0.154464
6938.56,0.693605
931.57,0.0931376
3101.66,0.310056
1027.25,0.10268
1006.14,0.100601
1039.8,0.103775
2282.78,0.227216
1310.79,0.131075
1968.48,0.196806
7147.92,0.71377
1849.11,0.182659
799.758,0.079878
888.259,0.088794
3276.72,0.327594
623.407,0.0623396
1568.54,0.156786
1234.88,0.123482
682.718,0.0682658
618.554,0.0618364
1066.86,0.106665
648.406,0.0648378
6079.66,0.60776
2797.58,0.279611
1204.31,0.120397
501.27,0.0500818
3899.72,0.389466
5418.4,0.541333
1404.55,0.140057
814.788,0.0814458
750.161,0.0749784
1336.47,0.133594
1154.36,0.115374
1045.72,0.104552
646.409,0.0645339
747.433,0.0746468
3046.16,0.304537
1337.28,0.133664
1969.68,0.196943
1383.97,0.138387
573.6,0.0573109
4461.41,0.446048
1305.07,0.130478
1350.36,0.134905
2205.58,0.220495
984.274,0.0983296
2164,0.152288
776.713,0.0776075
1566.03,0.15659
2306.77,0.230625
1884.85,0.188262
812.057,0.0811641
1051.75,0.105103
1803.82,0.180353
1880.15,0.187994
1071.05,0.107052
723.954,0.0723874
616.807,0.0613498
4227.33,0.422391
854.565,0.0854499
1947.75,0.19472
639.7,0.0639664
1315.98,0.131579
6503.36,0.650046
1173.46,0.117329
811.784,0.0811619
2031.8,0.203157
1617.07,0.163353
1314.7,0.131424
2655.06,0.265423
1472.74,0.147217
3210.91,0.320742
790.87,0.0790772
789.765,0.0789212
1618.23,0.161812
1064.61,0.10644
687.749,0.0687587
1415.12,0.141488
844.434,0.0844342
1344,0.134355
675.474,0.0675323
1986.35,0.198564
1047.19,0.104688
863.553,0.0863256
1268.78,0.126598
2018.33,0.201737
12772.1,6.1508
1383.99,0.13824
2309.09,0.230323
1413.48,0.14123
1718.39,0.171821
1087.63,0.108757
566.313,0.0565624
2231.61,0.223073
1467.97,0.146786
806.083,0.0805662
1431.83,0.143172
1190.53,0.119012
1997.28,0.199712
781.382,0.0781299
4508.24,0.45075
1723.81,0.172347
2788.22,0.278713
924.042,0.0923818
1037.84,0.103745
925.709,0.092568
5210.8,0.519836
4702.29,0.470033
1196.42,0.119615
631.006,0.0630409
781.7,0.0780916
1204.08,0.120323
796.336,0.0796314
1463.11,0.145193
782.433,0.0782282
1826.21,0.182578
2444.14,0.244299
1599.54,0.1599
4191.16,0.418605
900.199,0.0900134
1296.93,0.129632
2853.32,0.284666
962.186,0.096188
1061.62,0.106085
1308.2,0.130806
2379.5,0.237278
1389.69,0.138857
1699.11,0.169864
1049.53,0.104672
1038.67,0.103862
2099.73,0.209901
850.577,0.0849392
5481.2,0.546613
2695.45,0.269521
853.451,0.085343
967.355,0.0967245
1509.46,0.15092
1796.57,0.179647
1052.67,0.105263
2397.42,0.239686
2441.23,0.243964
2298.9,0.229756
1387.16,0.13868
2964.43,0.296294
744.822,0.0743196
670.547,0.0670342
1067.8,0.106467
560.393,0.0560099
1328.99,0.132797
1047.13,0.104671
1789.05,0.178755
1095.95,0.109534
1255.9,0.125508
1184.85,0.118484
1135.48,0.113538
402.549,0.0402491
572.56,0.0572476
1344.34,0.134241
1063.12,0.106296
13878.1,3.19578
931.953,0.0931583
699.862,0.069841
891.713,0.0891285
1474.76,0.147463
638.824,0.0638801
861.121,0.0860716
1173.03,0.117277
1361.49,0.136124
1498.63,0.149849
1186.17,0.11848
840.141,0.0759051
907.522,0.0907464
653.859,0.0653674
1573.39,0.157254
1225.07,0.122352
940.381,0.0940329
1059.82,0.105408
1163.15,0.116302
1145.14,0.114468
6076.11,0.606663
1022.13,0.102201
903.364,0.0902873
1170.73,0.11705
1176.65,0.117548
7191.97,1.41802
1487.33,0.14871
1085.59,0.108526
785.801,0.07855
2202.17,0.219815
987.618,0.0987518
654.988,0.0652979
884.624,0.0884053
1616.69,0.161647
3594.97,0.359447
4257.44,0.425686
1424.61,0.142438
1143.81,0.114135
1094.05,0.109328
1286.47,0.12864
991.04,0.0989917
810.354,0.0809471
1191.41,0.118991
1782.55,0.177987
2782.7,0.277828
1918.74,0.191812
1344.08,0.134358
3336.74,0.332896
1162.66,0.116264
637.968,0.0637756
793.123,0.0792939
2401.6,0.240107
2713.57,0.27101
1920.38,0.191909
710.813,0.0710114
2222.76,0.222154
1262.94,0.126211
960.046,0.0959927
992.244,0.0992063
2027.38,0.202632
1185.36,0.118533
971.859,0.0971254
1051.88,0.10516
616.475,0.0613238
1347.91,0.134735
1531.47,0.151981
904.172,0.0904068
2793.86,0.279251
2588.07,0.25875
1244.08,0.124357
1205.02,0.120498
1151.22,0.115078
509.474,0.0509467
830.841,0.0830082
832.212,0.0831375
1329.25,0.132903
1802.72,0.18026
682.437,0.0682158
1721.28,0.171617
1917.9,0.191652
1361.1,0.135984
6741.74,0.672746
1410.47,0.14102
2598.1,0.259668
1734.08,0.173331
616.077,0.0615578
1536.22,0.153472
1453.9,0.145365
794.462,0.0793777
2156.78,0.215445
1144.29,0.114286
3746.6,0.374066
895.971,0.0895858
2264.77,0.226143
1993.21,0.19923
899.135,0.0899105
958.899,0.0957264
1107.28,0.110701
1059.99,0.105956
8848.5,0.883686
4341.95,1.36996
560.6,0.0560167
1568.06,0.156684
1837.3,0.183565
1875.28,0.187115
849.459,0.0849404
812.748,0.0811894
888.532,0.0887933
2368.37,0.236751
944.333,0.093573
4402.9,0.440107
1136.62,0.113655
1006.9,0.100588
983.805,0.0983761
1758.05,0.175508
4420.41,0.44174
887.391,0.0887339
1074.25,0.107386
686.281,0.068598
1737.44,0.173681
983.408,0.0983095
1871.4,0.187105
982.007,0.0981937
861.86,0.0858754
1288.82,0.130314
1456.41,0.145525
1036.66,0.103371
1071.02,0.107053
3428.3,0.185489
1499.8,0.149856
5954.96,0.594986
901.12,0.0899628
1216.46,0.121574
1174.51,0.117413
2631.5,0.263133
962.94,0.0962905
1945.53,0.194518
1216.24,0.119948
2359.39,0.235852
1046.04,0.104513
759.217,0.075917
1341.14,0.133655
1206.61,0.120632
962.775,0.095214
1538.79,0.153754
1265.72,0.126558
1406.49,0.1405
755.331,0.0754623
567.925,0.0567722
1901.12,0.189994
1468.08,0.146671
999.106,0.0998933
959.857,0.0959833
3244.98,0.324396
1512.57,0.151239
1530,0.152852
1021.8,0.102129
3010.17,0.300876
1963.66,0.196354
1088.24,0.108792
1230.12,0.122982
654.959,0.0654853
742.108,0.0741799
1062.93,0.106238
973.507,0.0973231
1512.7,0.151264
931.504,0.0931259
15187.1,1.51701
1104.79,0.110392
742.726,0.0741592
1010.84,0.101077
3763.42,0.375776
1021.92,0.102022
995.291,0.0995011
1436.63,0.143433
642.2,0.0642136
672.611,0.0672435
956.699,0.0956676
1226.5,0.122558
646.386,0.0645547
1690.52,0.168986
1387.34,0.138611
2070.55,0.206874
705.11,0.0703612
857.844,0.085736
1283.71,0.12821
1090.92,0.109038
1178,0.11769
991.929,0.0990751
988.677,0.0988516
1504.69,0.150382
6223.52,0.621598
4109.57,0.410685
1753.06,0.174723
1317.95,0.130227
1232.15,0.122821
2120.54,0.21144
1608.04,0.159184
2458.9,0.245783
710.579,0.0710034
1529.16,0.152865
2289.22,0.228826
1066.12,0.10655
844.761,0.0844703
1088.67,0.108857
2296.31,0.229515
1363.66,0.136297
1629.35,0.162885
1790.58,0.179009
657.161,0.065697
1226.63,0.122261
820.726,0.0820501
2165.49,0.216506
3080.26,0.307918
1187.72,0.118747
952.232,0.0952024
1923.67,0.192292
1047.11,0.104656
916.96,0.0916807
1431.9,0.142864
2129.42,0.212809
1938.65,0.19369
1085.76,0.108556
895.62,0.0895469
2629.38,0.262824
1630.96,0.162829
1511.04,0.151017
1153.12,0.115303
1620.71,0.161857
1007.75,0.10077
1340.05,0.133591
869.65,0.0869567
1372.28,0.137146
550.877,0.0550658
1977.51,0.197658
1621.05,0.162089
1586.2,0.158513
877.086,0.0876908
547.042,0.0546651
1044.37,0.104264
854.21,0.0853509
2015.77,0.201507
1229.79,0.122946
1687.01,0.168671
1365.74,0.136521
717.102,0.0716934
1865.5,0.186381
834.225,0.0834064
1500.2,0.149777
1039.86,0.103889
1705.78,0.170534
2346.38,0.234553
4420.91,0.441857
1699.05,0.169863
1152.04,0.115197
769.042,0.0768593
901.347,0.0900479
1232.84,0.123258
1815.35,0.181005
1065.59,0.106425
2163.64,0.216111
999.856,0.0999728
1187.46,0.118671
2767.77,0.276469
1829.75,0.182504
1188.12,0.11872
1627.93,0.162581
1377.32,0.137617
2449.46,0.244896
1179.68,0.117919
792.677,0.0792444
5511.53,0.550283
821.72,0.0816359
1132.94,0.113248
741.966,0.0740167
1277.3,0.12772
1178.12,0.117799
1709.12,0.170879
1098.74,0.109843
1602.47,0.160223
1317.92,0.131756
1216.78,0.121644
2217.37,0.220614
1359.41,0.135893
1045.41,0.10452
1033.75,0.103269
1806.08,0.180317
1039.19,0.103906
2448.61,0.244784
901.091,0.0900267
1231.33,0.123126
631.327,0.0631161
906.111,0.0903682
1553.62,0.155299
1130.65,0.113001
1190.41,0.119036
948.929,0.0948496
1295.59,0.129532
1097.89,0.109781
599.129,0.0598055
1100.52,0.109969
8039.46,0.801712
1269.38,0.126924
863.742,0.0863313
1045.21,0.104494
1443.3,0.144316
837.238,0.0837197
900.567,0.0899837
627.998,0.0627796
1084.54,0.108183
3118,0.311441
2071.35,0.207096
1149.57,0.114918
848.105,0.0847966
1364.78,0.136407
2930.37,0.292619
874.959,0.0874704
835.133,0.0835063
1227.79,0.122466
1139.79,0.113849
1624.38,0.162208
3945.39,0.394401
959.41,0.0956242
1190.52,0.119049
662.847,0.0662424
2432.2,0.24313
1389.4,0.138885
3271.31,0.327035
1987.82,0.198614
1767.16,0.176621
1063.46,0.10624
884.982,0.0883645
2024.41,0.202202
1928.45,0.192698
1425.15,0.142496
2533.92,0.253329
1347.44,0.134728
940.689,0.0939025
911.972,0.0911945
856.722,0.0856581
1058.31,0.105541
855.423,0.0855183
1150.34,0.11502
1009.8,0.100965
1405.94,0.140383
1131.15,0.113063
803.695,0.0803652
858.789,0.085859
1038.66,0.103851
596.252,0.0596246
993.106,0.0992317
880.94,0.0880738
613.631,0.0612434
1261.7,0.126088
2103.85,0.21035
2124.7,0.212432
2091.95,0.209116
782.625,0.0781708
897.794,0.0897729
969.561,0.0969507
1106.17,0.110607
1263.22,0.126244
1708.67,0.170835
970.113,0.0968335
1242.94,0.12427
1230.61,0.12292
720.037,0.0720006
825.938,0.082454
658.828,0.0658789
1108.38,0.11083
1091.5,0.109126
2820.66,0.282026
2447.22,0.243898
413.547,0.0413381
936.557,0.0934621
1006.26,0.100484
1139.54,0.113881
1526.07,0.152276
947.733,0.0946844
859.777,0.0859699
3023.21,0.301084
460.33,0.0459672
699.789,0.0699641
597.559,0.0597313
1036.51,0.102702
802.057,0.079986
1021.79,0.102095
698.34,0.0698281
894.436,0.0893396
3777.31,0.377457
979.535,0.0979446
2361.86,0.235984
1012.62,0.101242
692.292,0.0692202
1943.85,0.194342
1278.73,0.127868
1929.5,0.192755
741.483,0.0740052
1460.77,0.145997
1661.1,0.166101
2299.09,0.229886
1357.87,0.135775
1803.85,0.18035
1975.81,0.197532
991.696,0.09915
863.569,0.086355
2315.14,0.231401
4032.52,0.402802
1139.84,0.113977
1394.55,0.139425
591.331,0.0590345
2832.44,0.282722
1612.04,0.161195
1175.09,0.117468
792.076,0.0790032
1800.83,0.18006
950.267,0.0949251
1085.88,0.108481
913.047,0.091279
3359.1,0.335839
913.371,0.0912584
1343.04,0.134267
1923.47,0.192246
1147.66,0.114728
1317.05,0.131681
1351.64,0.13513
1349.63,0.134949
1001.47,0.100119
569.097,0.0569023
1151.87,0.115158
1124.7,0.112342
1560.37,0.155802
1777.04,0.177514
897.505,0.0897181
1165.3,0.116424
1161.14,0.115843
2127.01,0.212513
1128.74,0.112863
1778.85,0.177668
2363.02,0.23619
1964.98,0.196362
913.628,0.0913467
1007.54,0.100742
946.629,0.0944797
1089.27,0.108912
706.916,0.0706712
1073.98,0.107333
1132.3,0.113204
813.916,0.0813846
15678.2,1.55341
877.329,0.0866317
2697.89,0.2697
1558.61,0.155695
2889.19,0.288718
1547.33,0.154335
1170.79,0.11706
2172.24,0.187395
887.854,0.0887164
933.46,0.0932885
1685.08,0.168279
1210.78,0.120932
1645.79,0.164552
5406.37,7.27527
1479.53,0.147939
681.233,0.0680811
1103.54,0.110346
1424.92,0.14237
3063.13,0.30594
3617.37,0.361434
1506.17,0.150591
1011.87,0.101034
1782.17,0.178162
2287.84,0.228774
628.076,0.0627489
780.311,0.0780026
2041.58,0.204054
749.574,0.0749409
5347.49,0.534135
913.961,0.0913347
1168.5,0.116739
1257.55,0.125432
1504.86,0.150439
1134.93,0.113446
2437.58,0.243629
2812.82,0.281127
1686.8,0.16826
3069.82,0.306852
2380.61,0.237973
1588.45,0.158825
1033.32,0.103326
845.867,0.0844073
1152.52,0.115214
2416.82,0.241542
2464.22,0.246391
1270.86,0.127009
2365.25,0.235731
752.831,0.0752721
2476.7,0.247473
873.043,0.0872863
1564.48,0.15643
1281.89,0.128175
1697.04,0.16968
942.15,0.0941393
772.261,0.0771749
998.546,0.0998366
1057.91,0.105652
985.946,0.0984414
2740.15,0.273973
1918.27,0.190649
916.274,0.0916103
1057.6,0.105714
2652.73,0.263953
1140.82,0.114065
2415.31,0.241449
1114.66,0.108525
718.819,0.071875
756.354,0.0756252
1413.12,0.141279
1671.99,0.167183
2904.02,0.290201
1100.78,0.110034
1008.75,0.10078
650.471,0.0649927
2276.71,0.227088
1543.93,0.154274
1158.25,0.115813
819.755,0.0819721
994.583,0.0994483
1004.97,0.100481
631.633,0.0631026
1041.77,0.104079
1283.56,0.128192
2623.76,0.262113
727.306,0.0726405
2414.34,0.241143
1494.31,0.149423
566.923,0.0566896
1635.7,0.163435
887.77,0.0887453
1321.78,0.13102
1077.48,0.107673
703.209,0.0703203
908.613,0.0908101
1034.3,0.103278
955.581,0.0953212
999.723,0.0999275
1508.39,0.15072
1715.86,0.171262
1035.05,0.10347
1535.04,0.153442
1548.93,0.154843
1988.17,0.198641
2449.01,0.244794
1206.1,0.120412
1593.15,0.159266
1242.75,0.124241
3000.1,0.299914
1795.39,0.179294
2380.65,0.23797
871.754,0.0870368
2040.88,0.203145
840.387,0.0840288
1180.49,0.117966
11608.1,1.15629
609.981,0.0609906
1408.35,0.140804
1107.86,0.110776
1065.5,0.106531
869.799,0.086928
949.269,0.0948086
2512.82,0.251225
1087.62,0.10874
4411.38,0.440782
897.939,0.0897774
756.828,0.0756721
3788.07,0.37782
1213.79,0.121312
1684.54,0.168222
1060.24,0.106005
1413.84,0.141271
1213,0.121133
1505.34,0.150428
1484.29,0.146122
3335.18,0.333434
1237.79,0.123734
992.139,0.0991576
1011.79,0.100813
651.118,0.0650871
660.854,0.0659293
919.206,0.0919175
1475.52,0.147543
467.075,0.0466927
1071.73,0.107133
2260.46,0.225888
1265.08,0.126504
912.633,0.0912578
1453.74,0.145357
1832.51,0.183213
1006.15,0.100436
1736.07,0.17358
1824.59,0.182447
1580.57,0.157979
2187.26,0.217609
3370.96,0.336525
856.449,0.0856369
2046.02,0.204516
1138.82,0.113862
22058,2.19265
679.475,0.0679394
1115.51,0.111477
678.749,0.0678742
4117.16,0.410615
992.038,0.0991409
874.481,0.0873928
2734.67,0.273462
1930.94,0.193081
1676.72,0.167406
1737.28,0.173697
1990.61,0.198843
1793.07,0.178908
2217.43,0.22158
1166.94,0.116628
1034.57,0.103453
776.853,0.0776501
1465.52,0.146213
2183.62,0.218339
781.15,0.0780802
2055.68,0.20549
2161.09,0.215806
2842.66,0.284135
985.859,0.0984886
726.665,0.0726077
1136.04,0.113589
1660.93,0.166071
2280.58,0.228016
1272.44,0.127175
1191.85,0.118672
1204.2,0.112375
1857.53,0.185654
1956.08,0.195517
1076.57,0.107654
1019.47,0.101843
1928.92,0.192756
1818.16,0.18163
3406.58,0.339983
1142.4,0.114209
1060.4,0.106017
707.887,0.0706798
861.065,0.0860845
1361.54,0.136064
3404.83,0.339878
2374.43,0.237289
1702.12,0.170134
2637.72,0.26351
1147.15,0.11461
504.23,0.0502009
1207.3,0.12072
1023.05,0.102301
1044.43,0.104395
1253.31,0.125273
1648.94,0.164852
1133.23,0.113155
783.773,0.0783764
1627.9,0.162733
845.637,0.0845517
818.68,0.0816899
1386.07,0.138376
671.538,0.0671371
1237.32,0.123625
1055.7,0.105555
1563.61,0.156037
857.062,0.085695
1239.31,0.123919
2329.66,0.232892
1043.24,0.104284
1189.92,0.118951
1040.19,0.103951
902.232,0.0902056
1755.18,0.175482
1252.19,0.125115
783.073,0.0782585
770.781,0.0770754
2291.39,0.229081
864.229,0.0863563
2246.7,0.224609
1335.93,0.133481
1087.8,0.108679
733.046,0.073302
3878.67,0.384263
1863.22,0.186307
1131.6,0.112967
984.894,0.0984436
679.563,0.067725
1100.78,0.110034
711.299,0.0709921
788.565,0.0788054
1060.26,0.105822
1335.77,0.133568
1142.68,0.114211
974.983,0.0974408
1904.08,0.190372
4471.58,0.445921
1214.55,0.116841
1222.19,0.1218
1365.59,0.136535
1441.13,0.144003
2696.97,0.269684
1516.35,0.151465
2075.05,0.207434
17124.2,2.74066
836.344,0.0835455
1099.59,0.109946
3093.66,0.308546
1118.05,0.111752
1670.15,0.166914
960.588,0.0956124
1125.57,0.112511
1392.23,0.132665
791.761,0.0787709
1171.66,0.117149
964.195,0.0964062
878.917,0.0878857
1020.69,0.102036
1452.59,0.145114
1452.39,0.144348
739.448,0.0730735
785.073,0.0784238
1031.32,0.103064
1155.4,0.11549
1070.83,0.107073
851.711,0.0851553
1721.13,0.172008
2463.84,0.246334
2361.23,0.236006
2222.6,0.221942
5124.11,0.511108
2298.33,0.229417
933.172,0.0932096
1029.55,0.0999381
703.751,0.0703621
743.223,0.0743082
789.533,0.0789299
1153.13,0.11509
1117.3,0.111657
899.589,0.0899552
2194.01,0.219028
2048.51,0.204827
2395.7,0.239349
1575.07,0.157448
739.554,0.0739489
1829.16,0.182825
785.39,0.0783126
784.054,0.0782218
1412.18,0.141205
834.074,0.0834026
1545.24,0.154082
1055.54,0.105495
774.344,0.0774292
1166.11,0.116573
1434.22,0.142647
1950.38,0.194973
892.193,0.0892056
1506.09,0.150592
673.898,0.0673512
1305.87,0.130473
1389.99,0.138923
668.142,0.0668083
1048.68,0.104683
1419.46,0.141917
745.539,0.074539
648.241,0.0647721
1259.07,0.125392
1387.89,0.138642
1209.82,0.120962
709.207,0.070889
1318.6,0.131816
1907.29,0.190662
1112.07,0.111205
1102.51,0.1102
3213.78,0.321269
2090.13,0.208742
4306.21,0.429179
13146,1.31371
932.574,0.093228
2456.49,0.245626
1224.86,0.122477
537.378,0.0537297
957.321,0.0957157
2395.1,0.239438
2226.62,0.222639
1143.58,0.114341
2117.73,0.211747
1228.81,0.122685
2596.54,0.259545
1263.85,0.126375
848.392,0.0847767
1978.6,0.197843
1272.7,0.127258
1614.34,0.16134
1132.77,0.113257
1291.02,0.12909
1021.99,0.102187
1409.61,0.140811
1276.71,0.127652
1296.56,0.129646
2007.31,0.200508
1010.84,0.101071
1086.09,0.108603
978.271,0.0978126
2742.59,0.274075
1423.94,0.142366
2119.82,0.211888
1819.95,0.181948
946.284,0.0944869
538.402,0.0538355
3397.04,0.339589
8333.61,0.832937
983.36,0.0982992
2205.72,0.220508
1378.43,0.137694
1406.2,0.140473
782.076,0.0781856
1057.83,0.105695
3224.86,0.322421
820.405,0.0819783
1049.72,0.104943
1292.11,0.129166
2183.22,0.218231
9351.64,0.928688
812.105,0.081195
1294.42,0.129343
1705.02,0.170441
1217.53,0.121703
1274.1,0.127357
785.523,0.0785431
889.63,0.0889415
1176.05,0.11754
913.407,0.091324
10851.1,1.08296
872.158,0.0871772
3194.75,0.319409
1824.36,0.182053
884.564,0.0884253
1007.43,0.100732
1002.96,0.100287
990.953,0.099079
2955.56,0.295431
789.38,0.0789332
2030.56,0.203004
2287.54,0.228562
946.861,0.0946773
1609.33,0.160905
3356.61,0.335517
2072.62,0.206876
1639.83,0.163796
636.367,0.0636274
1242.91,0.123916
769.836,0.0769781
1587.26,0.158659
916.493,0.0915901
1276.08,0.127399
2525.66,0.252491
870.565,0.0870506
1810.66,0.179811
3632.42,0.362564
1691.99,0.169042
3601.61,0.359775
1057.36,0.105702
1575.58,0.156797
1201.13,0.119844
1903.3,0.190274
2413.69,0.24134
708.414,0.070788
746.752,0.0746624
1186.61,0.118586
2400.47,0.239834
1130.01,0.112891
2001.24,0.200105
451.72,0.045132
1716.88,0.171558
981.982,0.098015
1106.71,0.110465
1287.5,0.128707
880.86,0.0880494
1263.7,0.126254
849.782,0.0849701
2099.49,0.205646
980.579,0.098029
2377.92,0.237463
977.733,0.0977645
2177.37,0.21764
989.67,0.0989402
647.782,0.0647039
1125.83,0.112561
985.018,0.0984929
547.821,0.0547693
1061.91,0.106185
1102.05,0.110046
1119.21,0.111916
2494.89,0.24922
1552.83,0.155232
1001.09,0.099915
2152,0.214947
1099.75,0.109836
1958.42,0.195804
975.597,0.097534
2374.31,0.237216
761.228,0.0760269
1035.18,0.10343
4349.88,0.434566
774.944,0.0774931
1580.32,0.157978
732.234,0.0731033
1067.9,0.106544
468.896,0.0468583
1858.68,0.185814
2662.78,0.266218
1196.6,0.11963
1703.85,0.170278
862.238,0.0861961
1123.76,0.112308
766.051,0.0765932
1942.85,0.193825
1430.12,0.142947
993.401,0.099143
670.796,0.0670744
1520.79,0.152027
1316.33,0.129488
768.978,0.0768034
1290.17,0.128994
687.928,0.0686598
1462.64,0.146232
983.336,0.0982815
1179.04,0.117849
781.532,0.0781411
1578.67,0.157808
3226.26,0.322451
1828.21,0.182712
1200.33,0.119995
23951.3,2.38436
969.829,0.0969022
905.805,0.0905791
1238.22,0.122072
896.677,0.0896578
1042.11,0.104135
984.405,0.098409
907.852,0.090751
1742.71,0.174204
2478.3,0.247634
760.089,0.0760063
964.066,0.096402
1621.81,0.16214
2142.03,0.21413
1029.34,0.10293
717.694,0.071685
989.538,0.0988681
2385.26,0.238289
1039.1,0.103894
4859.51,0.484768
796.562,0.0796403
1119.5,0.111945
1131.67,0.112991
1272.92,0.127276
2219.6,0.221857
5599.85,0.558209
4418.47,0.440974
1161.18,0.116101
1224.16,0.122359
1296.44,0.129231
1204.51,0.120423
1021.49,0.101683
1342.44,0.134221
775.669,0.0775221
827.97,0.0827815
642.46,0.0642179
669.08,0.0668796
3074.3,0.305009
940.523,0.093959
1598.12,0.159638
2018.23,0.201733
1245.79,0.124572
672.453,0.0672257
2538.85,0.25373
1083.91,0.108345
1219.32,0.121931
1008.54,0.100788
758.907,0.0758874
1308.92,0.130771
9455.23,6.18649
1611.89,0.161152
1882.16,0.188189
1420.75,0.142015
1016.51,0.101176
1759.02,0.175686
871.285,0.0871048
1158.99,0.115895
817.612,0.0815666
4564.28,0.456079
1999.91,0.199875
1375.55,0.1375
2986,0.298213
1079,0.107852
1127.85,0.112682
1947.44,0.19442
1208.26,0.120804
3698.62,0.369636
1591.92,0.158704
1462.11,0.145853
1861.71,0.186006
1464.45,0.14638
776.934,0.0776798
2176.11,0.217237
1216.79,0.121637
806.209,0.0794204
1456.19,0.145508
1649.7,0.164956
1863.79,0.186325
635.195,0.0634555
4448.05,0.444769
998.647,0.099646
4413.88,0.44131
711.143,0.0711081
2216.71,0.221539
812.696,0.0811955
1155.34,0.115497
1268.05,0.126789
875.514,0.0875045
2191.73,0.219036
1400.42,0.139978
782.828,0.078251
1361.65,0.135827
650.481,0.0650452
930.389,0.0930253
1706.43,0.169205
1865.06,0.186383
623.418,0.0623356
628.875,0.0628798
1719.36,0.171879
1539.22,0.153859
703.573,0.070353
1216.97,0.121561
965.875,0.0965075
1291.67,0.129121
3627.91,0.362439
12496,1.24879
2076.08,0.207528
1416.1,0.141596
705.493,0.0705302
1019.54,0.101853
2834.51,0.283094
1335.6,0.132494
1466.53,0.144429
544.694,0.0544481
1358.09,0.135487
646.649,0.0646547
1139.96,0.113951
2508.04,0.250764
3421.05,0.342014
3728.53,0.372601
3922.55,0.392059
3695.57,0.369346
2166.56,0.216093
904.773,0.0904351
5405.07,0.540082
899.956,0.0897618
28724.3,2.84908
2626.6,0.262469
783.464,0.0782563
1432.61,0.143188
919.293,0.091847
4160.09,0.415703
2316.88,0.231663
1806.76,0.180545
5571.47,0.556964
837.824,0.0835273
1771.46,0.17713
1198.97,0.119461
1841.08,0.184022
5968.81,0.596534
1394.13,0.139297
1709.58,0.170878
821.613,0.0821541
847.883,0.0847831
817.117,0.0815298
1036.46,0.103643
504.457,0.0504287
2123.42,0.212198
968.905,0.0968305
2122.7,0.212186
12483.2,1.24774
817.982,0.0817786
2694.75,0.269301
2682.93,0.268026
1138.96,0.113382
1675.13,0.16669
533.457,0.0533139
1101.46,0.110111
1126.92,0.112665
1364.74,0.135406
1160.06,0.115868
22111.5,3.11979
657.929,0.0656962
1812.76,0.180933
2795.81,0.279532
1518.66,0.15125
1933.48,0.193341
1054.21,0.105412
1408.74,0.140829
847.61,0.0847553
1263.33,0.126245
4029.83,0.402828
934.672,0.0934584
2913.2,0.288939
912.487,0.0907867
3658.77,0.365661
1547.73,0.15474
1682.17,0.16816
1444.53,0.142716
3404.2,0.340165
757.789,0.0757471
1801.54,0.180131
1306.4,0.130623
917.383,0.0917126
1381.09,0.137847
2122.71,0.212201
1604.91,0.160459
2514.31,0.25099
654.376,0.0650203
1150.6,0.114959
1077.34,0.107704
971.263,0.0969131
2249.74,0.224937
850.762,0.084891
2119.91,0.211908
927.355,0.0927198
1371.34,0.137122
2514.79,0.249161
1056.95,0.105685
12613.1,1.25531
825.564,0.0825264
1538.34,0.153823
798.642,0.0798036
1290.17,0.128998
1647.29,0.11155
1500.61,0.149957
944.803,0.094472
1031.64,0.10316
319.214,0.0319058
1223.96,0.122356
784.358,0.0784164
1608.12,0.160745
2183.54,0.218325
1171.98,0.117142
1835.57,0.183391
1109.58,0.110951
3554.18,0.355333
770.557,0.0770463
1435.94,0.143582
907.156,0.0905347
1405.96,0.140594
1396.82,0.139224
3496.51,0.349419
3631.94,0.362288
845.776,0.0845702
582.012,0.0581607
1242.03,0.124112
1181.93,0.118124
753.146,0.075312
1118.65,0.111857
908.175,0.0908104
1938.66,0.193741
1286.74,0.12862
1108.85,0.110874
1267.2,0.126672
2211.98,0.221156
1161.13,0.116052
696.621,0.0696507
4251.82,0.423762
1981.1,0.1981
1533.71,0.15336
1298.36,0.129659
3569.21,0.356299
1542.7,0.154196
696.441,0.0696045
894.74,0.0894712
632.415,0.0632263
2084.03,0.205957
3018.1,0.301327
1591.02,0.159078
1583.09,0.157521
2761.62,0.276024
901.931,0.0901676
1588.23,0.158777
3075.2,0.307358
2585.1,0.258405
795.742,0.0794306
736.373,0.0735976
1021.09,0.102089
1226.87,0.122661
551.108,0.0550744
3777.53,0.377708
986.083,0.0984487
813.176,0.0811902
769.549,0.0769039
1308.79,0.130501
752.716,0.0751927
1834.16,0.183299
852.392,0.0852237
1588.13,0.158787
960.841,0.0960658
1894.98,0.189429
1754.63,0.175445
1172.12,0.117153
758.734,0.0758648
1332.93,0.133122
2047.97,0.20168
816.816,0.0816281
1186.59,0.118541
898.891,0.0898553
656.77,0.0656526
1174,0.115507
6491.68,0.6481
902.754,0.090269
942.914,0.0939249
734.704,0.0733622
1062.83,0.10606
2984.78,0.298371
860.897,0.0860769
858.268,0.085809
843.365,0.084334
1126.67,0.112651
2382.96,0.238247
1349.51,0.134851
2559.52,0.25579
1602.71,0.160084
4586.49,0.45756
755.825,0.0752445
1776.86,0.177588
1845.28,0.184502
729.749,0.0729745
1455.24,0.145462
6959.54,0.698161
2107.27,0.210632
933.929,0.0932734
705.316,0.0705295
1206.31,0.120628
1158.86,0.115866
2347.78,0.23457
980.884,0.0975599
1921.69,0.192069
846.073,0.084595
878.303,0.0877579
1053.27,0.105068
611.373,0.0609677
1817.74,0.181659
635.224,0.063491
1197.22,0.119173
1840.08,0.183866
645.9,0.0645777
1039.2,0.103917
2080.36,0.20756
4163.4,0.416046
2174.29,0.217358
3593.89,0.358911
515.404,0.0515398
1040.14,0.103993
1114.63,0.111441
1428.49,0.142794
14919.4,1.4873
1716.04,0.171338
878.042,0.0877939
762.357,0.0761956
1402.97,0.140292
1094.3,0.109415
2742.3,0.273947
3371.72,0.336961
1261.39,0.126117
1334.7,0.133234
865.163,0.0865032
2258.53,0.22572
929.943,0.0929824
1608.04,0.160776
650.801,0.0650758
1053.26,0.105246
844.358,0.0843374
1588.92,0.158695
1086.65,0.108526
1242.15,0.123948
552.209,0.0552191
1301.73,0.130033
911.501,0.0910059
776.468,0.0776152
1181.88,0.118091
1608.81,0.160794
1154.39,0.115431
2291.3,0.228955
1153.59,0.115176
1919.13,0.191777
1212.12,0.120908
1272.38,0.127178
1609.36,0.160829
3003.19,0.300219
1520.19,0.152004
1618.22,0.161751
1111.24,0.111017
788.652,0.0788029
1285.13,0.128411
1670.64,0.167032
1456.95,0.145677
1131.52,0.113128
1078.88,0.10788
1382.62,0.1381
851.246,0.0851084
1971.5,0.196592
1197.57,0.119698
1380,0.137984
1603.05,0.160264
1321.31,0.132097
1219.8,0.121975
637.714,0.0635825
1340.44,0.134033
1277.12,0.127685
1359.47,0.13593
2420.53,0.241766
1273.77,0.12736
1483.47,0.148306
544.578,0.0544463
815.628,0.0815526
1379.07,0.137857
1639.73,0.163667
1641.09,0.164
1246.86,0.124642
1622.62,0.16151
4506.74,0.450487
595.222,0.0595159
3642.81,0.364151
982.212,0.0982173
992,0.0991785
949.927,0.0949712
1445.32,0.144496
751.763,0.0751605
2048.11,0.2047
12721.1,1.27128
2185.86,0.218552
967.777,0.0967578
1031.66,0.102957
6387.45,0.638264
1346.91,0.134544
842.274,0.0842185
767.349,0.0767216
1088.25,0.108717
2506.13,0.250351
1195.19,0.119518
769.301,0.076886
764.525,0.0764506
766.927,0.0763362
2477.88,0.247568
1089.09,0.108868
1956.53,0.195618
851.501,0.085143
10602.8,1.05412
2299.88,0.229878
858.025,0.0857952
1039.04,0.10389
775.702,0.0775639
979.864,0.0979804
675.888,0.0675703
1057.14,0.101915
1084.11,0.108393
983.927,0.0983195
1292.28,0.129167
1612.47,0.161032
619.158,0.0618489
805.025,0.0804671
1235.3,0.123444
1153.69,0.115362
1056.2,0.105602
1118.94,0.111853
2023.14,0.202299
2047.76,0.20451
1959.75,0.1958
844.157,0.0843898
2648.29,0.264614
1534.57,0.153425
2292.57,0.229241
1525.52,0.152508
1130.63,0.112996
3243.25,0.324092
772.018,0.0750926
716.047,0.0715915
2135.92,0.213463
793.131,0.0792862
2406.38,0.240237
1083.57,0.108238
1709.05,0.170841
876.834,0.0876755
672.754,0.0672561
1828.36,0.182616
1233.09,0.123256
761.582,0.076143
2805.94,0.280405
1364.12,0.134604
4333.67,0.43301
704.571,0.0703836
1021.01,0.102059
929.289,0.0928994
1028.54,0.102836
4448.16,0.444742
552.73,0.0551064
2521.03,0.251969
1222.7,0.121619
2715.12,0.271266
1569.19,0.156871
808.297,0.0808257
1431.49,0.143125
1258.59,0.125692
1220.58,0.122034
2551.93,0.25432
2014.75,0.201368
811.973,0.0811601
1115.13,0.111495
791.951,0.079064
2129.72,0.21286
1014.54,0.101449
777.401,0.0777128
812.228,0.0812006
798.661,0.0798543
1963.09,0.196144
2724.69,0.27238
2162.7,0.216225
682.089,0.0681892
754.473,0.0754315
1528.71,0.152773
5126.37,0.512379
1578.21,0.157616
2796.83,0.279297
1831.32,0.183062
911.292,0.0911124
1341.16,0.134106
8215.89,0.820965
4883.67,3.26232
1300.14,0.130008
3172.68,0.317124
1380,0.137821
1809.77,0.180949
1038.4,0.103819
951.702,0.0950484
2230.65,0.222838
657.074,0.0657035
2205.11,0.220431
1375.59,0.137344
983.116,0.0983011
663.008,0.066227
740.363,0.0740321
1164.02,0.116245
845.665,0.084563
1004.43,0.100377
1466.57,0.14569
3416.75,0.340863
1341.97,0.133755
1337.23,0.133647
2108.91,0.210858
3696.46,0.368216
944.74,0.0944103
1234.56,0.123215
2719.57,0.270732
635.521,0.0634742
1547.32,0.154687
769.133,0.0768642
18174.8,1.81574
1310.24,0.130966
756.827,0.0753907
2004.83,0.199777
1830.97,0.183074
2335.31,0.233516
2361.36,0.236113
2208.58,0.22079
15619.2,1.55659
2565.41,0.256283
1193.54,0.119336
812.134,0.0809996
1011.3,0.101102
792.944,0.0792775
1314.39,0.131337
948.99,0.0948758
1483.95,0.148379
3248.54,0.322864
1237.56,0.123749
1945.82,0.194546
2648.31,0.264703
2954.07,0.295207
709.299,0.0708002
1332.32,0.133167
1855.73,0.185472
1097.42,0.109727
822.978,0.0820711
901.414,0.0901398
2288.88,0.220789
1552.36,0.155228
849.046,0.084862
855.772,0.0855484
951.183,0.0950248
7948.42,0.794399
1423.68,0.142288
793.889,0.0793543
894.493,0.0894202
1664.94,0.16632
811.115,0.0811061
1976.34,0.197509
1502.31,0.150207
6456.71,0.645418
1852.41,0.185204
1078.86,0.107825
2362.03,0.236139
2399.72,0.239928
838.578,0.0837652
1335.45,0.133525
1820.09,0.181826
616.389,0.0616192
677.514,0.0676403
1470.29,0.146971
1228.71,0.122434
1887.92,0.188615
1417.42,0.141629
1229.57,0.122951
1148.65,0.114832
1857.58,0.185588
922.743,0.0922478
707.263,0.0706822
899.361,0.0899161
6662.67,0.665198
1061.27,0.106093
989.864,0.0989819
2075.25,0.207267
2076.16,0.207597
2020.6,0.201481
874.266,0.0874157
435.817,0.0435813
1728.17,0.17265
774.945,0.0774789
1254.35,0.125409
1422.64,0.14214
1022.59,0.101793
829.343,0.0828804
573.545,0.0573137
1861.89,0.186069
628.174,0.0626858
993.809,0.0993567
889.504,0.0888964
943.591,0.0943361
5471.02,0.545022
1104.74,0.110439
926.484,0.0926462
1221.89,0.122102
7572.45,0.755306
977.305,0.0974874
444.834,0.0444655
1102.92,0.110032
625.063,0.0625026
2455.73,0.245544
1044.82,0.10446
1891.93,0.189164
1810.47,0.180991
756.106,0.0753367
1978.74,0.197838
1148.86,0.114799
2021.14,0.201844
1403.63,0.140204
2150.07,0.214734
793.982,0.0793769
665.718,0.0665339
1233.06,0.123232
3621.42,0.36202
5380.48,0.534581
1219.98,0.12198
1179.2,0.117898
2979.89,0.297903
1873.35,0.187311
1026.9,0.102622
1349.09,0.134741
1409.43,0.140764
1433.12,0.143292
718.364,0.0718135
607.591,0.0607543
2238.34,0.29034
1580.67,0.158058
1741.13,0.174089
1112.87,0.111241
1124.77,0.112461
1392.49,0.139077
2258.17,0.225213
2783.25,0.278229
2998.98,0.299711
1223.55,0.122296
1078.48,0.107647
914.023,0.0913581
5749.02,0.573049
1100.74,0.109963
566.234,0.0565882
1735.46,0.173434
990.112,0.0989832
5966.85,0.595895
892.752,0.0892336
1892.99,0.189075
1286.2,0.128607
801.368,0.080029
1001.85,0.100107
1810.9,0.180432
779.88,0.0779519
838.861,0.0838653
1521.15,0.152065
1995.72,0.199516
2238.25,0.221967
1779.65,0.177937
405.46,0.0404747
2219.7,0.221651
2922.97,0.292273
1289.73,0.12876
1426.34,0.142593
1243.56,0.124341
942.038,0.0941217
1653,0.165043
1197.89,0.119785
3307.49,0.330632
1057.11,0.105696
722.211,0.0720855
870.988,0.0870903
694.167,0.0693543
1594.11,0.159369
976.794,0.0976491
923.98,0.092392
870.093,0.086937
2027.59,0.200528
9580.19,0.954982
1668.67,0.166832
1821.91,0.182138
821.781,0.0821327
1266.58,0.126614
1159.71,0.11588
9975.32,0.995297
730.928,0.0730056
1720.62,0.171919
674.905,0.0674762
1323.53,0.132277
1014.73,0.10147
1640.93,0.164024
1757.48,0.174094
1025.97,0.102584
1702.42,0.170209
822.971,0.0822752
967.376,0.096711
1248.23,0.124801
3031.34,0.30297
4183.39,0.414815
1045.69,0.104382
1120.78,0.112053
943.278,0.0942691
1304.07,0.130395
948.527,0.094838
1391.49,0.139103
1360.48,0.135784
836.15,0.083593
776.254,0.0776149
577.928,0.0577904
1230.76,0.123064
1266.1,0.126606
786.616,0.0785073
1238.97,0.123823
601.694,0.0601616
1030.55,0.102928
636.824,0.0636672
1343.16,0.134266
1515.35,0.151517
1266.53,0.126479
1586.92,0.158652
713.09,0.0712848
5659.9,0.564649
5953.35,0.595045
1043.78,0.104304
824.449,0.0824408
799.589,0.0799194
1755.02,0.175469
1118.26,0.111788
6365.94,0.636102
3176.24,0.317564
1044.27,0.104254
1219.44,0.121909
1562.38,0.156127
1215.92,0.121556
733.848,0.0733153
2053.62,0.205283
1308.9,0.13085
1688.37,0.1688
1273.53,0.12727
1612.38,0.161225
612.717,0.0612682
3578.34,0.35774
842.161,0.0841476
1364.89,0.136462
975.076,0.0974724
1082.83,0.108131
635.186,0.0635107
828.402,0.0828345
691.193,0.0690815
563.567,0.056333
813.106,0.0813051
1004.06,0.100268
1939.36,0.193918
3597.46,0.359487
607.3,0.0607224
910.098,0.0909948
1084.86,0.108476
1069.89,0.106962
1070.64,0.106839
1241.94,0.124131
1690.36,0.169026
1016.14,0.101607
974.198,0.0974006
1657.5,0.165648
2263.53,0.226185
2434.8,0.242721
1612.84,0.161268
1433.62,0.143335
994.781,0.099463
1408.48,0.140837
4687.93,0.466466
801.445,0.0801344
1247.41,0.123976
1103.2,0.110316
3006.27,0.300468
2157.36,0.215674
1123.71,0.112345
1546.38,0.154482
2344.42,0.234365
1719.86,0.171815
2488.05,0.248562
736.717,0.073652
851.006,0.0850682
1639.16,0.163876
1580.33,0.158009
868.652,0.0868291
4830.43,0.482778
618.428,0.0617519
925.634,0.0925197
824.883,0.0823063
1012.46,0.101226
1026,0.102585
1637.98,0.163755
1274,0.12727
1120.76,0.11206
2149.18,0.214791
1036.91,0.103686
676.368,0.0676117
590.758,0.0589646
617.3,0.0616455
955.906,0.0955852
1840.94,0.184062
935.535,0.0934849
1273.02,0.127058
1655.91,0.165045
1695.85,0.169314
1219.5,0.121934
914.837,0.091441
3282.7,0.328086
1042.69,0.104245
1855.86,0.185502
1095.03,0.109484
1900.82,0.190034
1062.33,0.10622
20308,2.0152
1025.83,0.10258
5327.24,0.532211
1081.14,0.108094
1520.43,0.15184
2790.31,0.278735
826.061,0.082574
1195.55,0.119448
1127.4,0.112716
666.315,0.0666288
717.056,0.0716992
2686.62,0.268358
7506.51,0.749936
891.234,0.0890912
3169.91,0.316859
642.857,0.0642834
1045.91,0.104563
1077.47,0.107724
3768.8,0.376806
1100.19,0.109992
627.905,0.0627557
726.414,0.0726148
817.8,0.0817196
1125.55,0.112456
502.463,0.050204
700.482,0.070047
966.924,0.0966906
947.841,0.0947509
1228.07,0.122747
1701.83,0.17013
1766.91,0.176661
677.514,0.0677083
2359.44,0.235911
807.326,0.0807137
701.399,0.0700339
1152.86,0.114947
1433.27,0.143278
1035.98,0.103569
1286.7,0.128658
1914.38,0.19131
2369.9,0.236811
650.654,0.0650642
1250.47,0.125032
2022.37,0.202152
4416.7,0.440726
852.895,0.0852756
800.562,0.0800481
1190.54,0.119049
812.717,0.0812023
750.316,0.0750245
1294.75,0.129457
1796.24,0.17948
1162.7,0.116266
5807.84,0.579928
1230.18,0.123012
729.907,0.0729837
1179.83,0.117957
880.3,0.0879923
1346.99,0.134358
1373.4,0.135496
1416.85,0.141389
1520.93,0.152069
908.328,0.0908115
2095.03,0.209134
6865.06,0.680216
1345.85,0.134539
1060.64,0.105966
1597.15,0.159698
1154.55,0.115424
1617,0.161504
1362.11,0.1361
1989.43,0.198921
1420.13,0.141996
4569.36,0.45687
9738.22,0.972672
1280.68,0.128052
918.509,0.0918406
699.439,0.0699179
1373.31,0.137116
1808.14,0.180781
788.951,0.0785593
1447.93,0.144771
1562.85,0.15616
2126.98,0.2125
886.571,0.0886523
1110.35,0.11103
763.427,0.0762636
552.521,0.0552023
1389.09,0.138753
1187.21,0.118567
1211.19,0.121046
814.231,0.0813042
1659.8,0.16591
981.977,0.0981891
1291.73,0.128991
1309.14,0.130797
1343.05,0.134268
716.683,0.0716348
951.39,0.0951256
3614.92,0.361424
1830.18,0.182959
674.778,0.0674628
1192.19,0.118612
1668.46,0.166811
1496.52,0.149252
2361.56,0.23577
804.752,0.0804629
2248.77,0.224849
2314.36,0.231116
2766.64,0.258056
1124.58,0.112425
871.29,0.0871185
1049.46,0.104937
643.259,0.0658179
1119.82,0.111888
2544.72,0.254174
1422.85,0.14225
1485.59,0.148431
1801.42,0.179847
702.574,0.0702512
2913.21,0.29081
1525.06,0.152406
700.634,0.0699982
1503.82,0.150359
1569.6,0.156952
918.856,0.0918536
1763.79,0.176343
2033.98,0.203342
1686.93,0.168634
851.763,0.0851608
1867.26,0.186709
1186.9,0.118591
2241.5,0.224078
3083.32,0.308199
1071.84,0.107172
1950.44,0.195006
10859.6,1.08531
3293.69,0.32932
1204.26,0.120412
2360.4,0.234564
1271.06,0.127034
2438.39,0.243804
1020.03,0.101947
1481.08,0.14807
5678.54,0.567622
4478.83,0.447415
4054.68,0.405415
1505.48,0.150506
1526.76,0.151915
3997.7,0.399263
1547.2,0.154558
2841.25,0.284004
862.426,0.0861929
1203.8,0.120299
1523.9,0.152384
2891.39,0.288844
1058.01,0.105798
868.651,0.0868423
1475.22,0.147517
2276.17,0.227493
1076.15,0.107582
2116.69,0.211516
4565.36,0.456162
1275.64,0.127537
1012.71,0.101173
989.763,0.0989515
1165.44,0.116241
1666.29,0.166574
1286.87,0.128397
893.55,0.0893511
2082.7,0.208216
3946.83,0.394325
1581.91,0.158065
1023.37,0.102293
1367.26,0.136716
703.478,0.0703394
1043.96,0.10427
915.303,0.0913702
1224.58,0.12243
1535.3,0.153478
2125.79,0.212485
976.653,0.097408
1199.7,0.11987
2383,0.237686
603.915,0.0603314
1394.31,0.139104
1231.36,0.123033
1024.11,0.102374
938.656,0.0937918
1310.61,0.130985
946.186,0.0945983
537.135,0.0537099
1183.53,0.11786
1597.18,0.159608
1207.49,0.120736
615.397,0.0615277
1062.6,0.1062
962.852,0.0962391
1390.38,0.138919
937.319,0.093721
871.124,0.0870624
1743.15,0.174275
812.581,0.0812532
1184.57,0.118442
968.937,0.0968714
1130.95,0.112969
1737.17,0.163077
1162.06,0.116199
12213.3,1.21892
2005.55,0.200444
2035.72,0.203552
1247.44,0.124426
1859.08,0.185876
1675.05,0.16653
1230.64,0.122457
1081.23,0.108109
1617.31,0.161665
911.088,0.0910624
1417.37,0.141727
1438.32,0.143483
1889.01,0.188872
1004.1,0.100395
1723.57,0.172246
1227.65,0.122673
770.744,0.076998
578.718,0.0578644
3696.5,0.369527
1281.44,0.128122
1357.52,0.13569
5951.94,2.38298
925.595,0.0925564
1661.8,0.166132
3480.7,0.347964
2280.87,0.228031
1269.12,0.126886
1571.74,0.156826
2220.39,0.217202
1599.02,0.159889
1819.56,0.18192
1610.46,0.161026
2858.13,0.285678
882.597,0.0878874
1704.64,0.170435
885.146,0.0884965
1068.07,0.106748
3849.37,0.384592
844.101,0.0844033
1411.45,0.141114
1591.48,0.15914
1198.43,0.119758
740.305,0.0740201
910.554,0.0909941
1806.34,0.180593
1581.41,0.158112
1139.36,0.113912
777.115,0.0776861
2149.13,0.214797
1115.06,0.111466
1866.07,0.186434
983.437,0.098338
1137.64,0.113108
1321.11,0.132104
1664.45,0.166412
1912.84,0.191192
746.987,0.0746936
1848.58,0.184668
1220.65,0.121988
1324.98,0.132482
1557.84,0.155747
1785.67,0.178552
1007.42,0.100704
938.152,0.0928351
1702.68,0.170178
947.464,0.0944564
2927.49,0.292505
2802.62,0.280203
10401.1,1.03857
964.035,0.0964011
799.563,0.0799335
1030.21,0.102618
4443.92,0.442852
2759.61,0.27586
967.199,0.0967085
1406.92,0.140668
812.709,0.0812202
2454.22,0.24524
881.659,0.0881091
1338.86,0.133846
1236.45,0.123572
958.133,0.0957725
1708.34,0.170733
2094.96,0.209392
494.659,0.049429
4086.45,0.407586
1431.25,0.142785
1136.15,0.113609
1039.99,0.103941
3536.39,0.353315
767.026,0.0765494
856.536,0.0856397
1068.7,0.106852
1066.92,0.105331
1227.34,0.122686
1018.23,0.10181
1130.18,0.112992
1241.29,0.124022
1264.89,0.126375
1013.87,0.101189
855.067,0.0855016
943.621,0.094335
1689.29,0.16891
1451.63,0.144797
1140.95,0.114089
2750.76,0.2749
1180.14,0.117951
850.95,0.0850098
1513.02,0.151156
1364.11,0.136359
1382.43,0.138125
2150.82,0.214667
771.833,0.0771695
1009.45,0.100914
1374.53,0.137424
2391.28,0.239105
1004.12,0.100409
2925.68,0.29219
1016.39,0.101596
977.088,0.0976012
714.557,0.0714215
772.094,0.077187
1192.77,0.119166
625.78,0.0622016
1062.47,0.106224
1194.15,0.119409
2967.31,0.296059
853.179,0.0853041
1128.51,0.112836
1096.41,0.109232
1004.28,0.100294
16627.5,1.65782
627.245,0.0626792
665.45,0.0664866
833.521,0.0832679
1015.44,0.10153
1282.08,0.128108
1918.9,0.191693
814.14,0.0813611
792.624,0.0792106
740.377,0.0738822
1428.2,0.142775
1060.28,0.105984
5705.67,0.570404
749.603,0.0749234
1425.07,0.142376
1247.35,0.124655
1323.87,0.13216
1310.72,0.131049
1233.04,0.123263
2533.34,0.253247
2716.46,0.271506
2052.21,0.20512
1949.86,0.194823
1340.59,0.132851
1938.84,0.193799
2750.23,0.274839
1391.7,0.191453
1905.51,0.190279
9231.74,0.919514
1537.46,0.153669
1436.85,0.143607
954.38,0.0953377
1137.9,0.113779
847.413,0.0847244
1121.5,0.11209
1406.52,0.140501
1982.77,0.197997
1050.91,0.105085
922.668,0.0922321
1101.36,0.110134
1485.45,0.148525
1705.8,0.170479
1457.22,0.145684
872.345,0.0872047
1046.65,0.104657
710.835,0.0710753
1445.58,0.144445
4839.04,0.483158
1715.9,0.171553
1334.51,0.133434
1333.37,0.13318
11842.8,5.23479
1073.58,0.107259
1256.33,0.12556
1533.12,0.153276
2669.07,0.2661
1373.28,0.137287
4787.21,0.478423
1180.05,0.117985
1404.61,0.140329
1144.83,0.114479
1280.66,0.12806
1057.65,0.105758
1947.59,0.193963
989.819,0.0989524
886.796,0.0886514
1245.26,0.124516
2197.64,0.21934
2757.46,0.275538
2372.29,0.237059
767.1,0.0766991
942.004,0.0941775
4279.87,0.427752
1090.7,0.108988
771.316,0.0770589
2079.16,0.207868
1741.29,0.173929
2126.38,0.212601
2358.84,0.235338
894.474,0.0894339
752.408,0.0752339
903.021,0.0902589
1328.35,0.132666
1395.93,0.139493
623.484,0.0623465
1396.32,0.139615
1784.8,0.178186
2187.82,0.218711
778.818,0.0778742
1901.17,0.190038
1777.66,0.177748
1055.28,0.105505
957.614,0.0957377
1014.56,0.10138
1058.3,0.10581
1750.35,0.17497
751.555,0.0741084
3310.9,0.330633
1657.55,0.1657
911.841,0.0911753
1605.33,0.160437
1096.57,0.109613
1805.99,0.180479
1373.15,0.137159
1531.95,0.153056
1741.98,0.173351
2109.26,0.210099
940.234,0.0939605
1493.03,0.149147
2448.07,0.244507
1730.21,0.172546
1107.49,0.110707
1375.03,0.13693
741.5,0.0741397
1591.12,0.159068
2642.32,0.264181
2670.98,0.267026
4364.39,0.435308
693.11,0.0692106
4891.76,0.488614
14094.2,2.49898
739.633,0.0735875
20197,2.01291
967.506,0.0966742
1128.23,0.112766
3779.43,0.377241
1231.91,0.12316
1598.79,0.159707
1100.24,0.109822
1099.73,0.109784
1154.09,0.115391
536.298,0.0536152
698.603,0.0697259
1156.96,0.115664
1040.69,0.10403
1743.63,0.174282
5219.49,0.521557
837.898,0.0837881
1586.32,0.158564
4767,0.47611
1557.71,0.155586
993.77,0.0993482
935.426,0.0934908
1223.93,0.122117
2451.96,0.245071
1380.37,0.13801
2024.9,0.202443
1041.01,0.10408
2778.31,0.277759
751.687,0.0751651
1189.07,0.118789
1110.1,0.110994
1140.7,0.114044
1091.81,0.109175
1450.77,0.145003
696.407,0.0695942
1892.28,0.188941
1335.94,0.133569
3411.64,0.341046
858.47,0.0858159
1230.83,0.122934
1210.43,0.121027
1825.77,0.182571
1352.3,0.13519
891.076,0.0889807
2191.29,0.218657
5103.16,0.510034
1465.49,0.146533
1065.43,0.106536
1454.14,0.145389
713.355,0.0712644
1434.03,0.143293
844.169,0.0843389
1766.19,0.176492
1301.42,0.130083
962.04,0.096191
754.7,0.0744759
1578.39,0.157826
1499.35,0.149909
966.168,0.0965719
888.759,0.0888712
933.232,0.0933093
1207.27,0.120694
1762.6,0.176214
1578.52,0.157681
1347.09,0.134636
795.195,0.0791473
585.485,0.0585459
1049.83,0.104941
746.817,0.0746712
755.881,0.0755417
683.951,0.0676291
1852.68,0.184878
1426.79,0.142563
1106.22,0.110582
1384.08,0.138347
2210.83,0.220939
1285.85,0.128511
795.109,0.0795072
1891.9,0.188793
723.744,0.0722484
724.257,0.0719608
1716.15,0.171173
1279.04,0.1278
419.035,0.0418998
721.011,0.0720753
1149.78,0.114865
919.003,0.0918969
604.321,0.0603896
735.483,0.0735473
1483.96,0.14832
867.209,0.0866836
1766.63,0.176586
2107.09,0.210629
1148.35,0.114806
1195.06,0.119487
812.151,0.0812117
1193.51,0.119295
759.81,0.0758793
2688.81,0.26876
997.696,0.0993413
904.562,0.0904218
1298.35,0.129792
1173.04,0.117297
882.415,0.0882378
929.126,0.0927425
955.837,0.0955723
1187.91,0.118582
915.488,0.0915024
877.155,0.0876804
612.582,0.0610489
2843.74,0.284256
743.608,0.0743292
1523.96,0.152337
1757.08,0.174796
597.252,0.0597233
1707.01,0.170568
1238.97,0.123855
1182.98,0.118283
2693.16,0.269182
854.525,0.0853755
1674.68,0.167404
34750.7,3.45142
1443.27,0.144171
1035.96,0.103591
1123.88,0.112371
947.927,0.0947365
1337.64,0.133737
1059.81,0.105558
2880.68,0.287999
1147.39,0.114723
764.919,0.076487
1546.7,0.154593
1623.94,0.162187
3058,0.305305
929.7,0.0928199
2132.81,0.213114
727.287,0.0727125
2174.92,0.217453
1137.48,0.113742
1896.25,0.189608
1721.88,0.172079
983.666,0.0983514
716.729,0.0716559
1426.8,0.142647
1426.99,0.142674
692.624,0.0692298
789.768,0.0789532
2765.63,0.275964
935.215,0.093503
1097.99,0.109741
9233.07,0.922367
696.351,0.0696308
548.538,0.0548066
996.625,0.0996489
865.441,0.0865372
846.191,0.0846054
1049.01,0.104888
937.857,0.0937617
4843.16,0.483691
1257.42,0.125727
2094.1,0.208738
1075.22,0.107479
1055.32,0.105517
1574.89,0.157382
1242.54,0.124183
1504.36,0.150295
964.77,0.0964614
1998.4,0.199795
3344.91,0.333267
1027.67,0.102735
1449.08,0.144764
868.191,0.0867661
2664.65,0.266354
8736.01,0.867684
1560.42,0.155996
848.851,0.0844916
1463.64,0.146323
854.358,0.0854033
1824.91,0.182365
1817.13,0.181696
1601.26,0.160079
1125.94,0.111542
1540.03,0.153931
5100.04,5.62254
1496.22,0.149604
455.304,0.0455253
1512.17,0.15109
756.425,0.0756319
965.794,0.0964551
882.087,0.0881608
4403.39,0.440226
1588.43,0.158796
1215,0.121381
2355.12,0.235276
1128.15,0.112776
3373.26,0.337004
1193.54,0.113111
1707.61,0.17072
1986.98,0.19867
1122.35,0.112202
3206.19,0.319995
883.167,0.0847028
1088.85,0.108874
1674.38,0.167406
2597.37,0.259677
1568.2,0.156766
1055.46,0.105534
1296.52,0.129577
967.143,0.096683
1587.87,0.158775
12057,1.20357
685.778,0.0684908
12083,1.20541
1258.09,0.125705
1039.31,0.10385
1980.94,0.198058
1995.69,0.199491
1288.74,0.128796
807.865,0.0807439
952.652,0.0952619
2103.12,0.20981
1431.59,0.143101
937.781,0.093764
962.021,0.0961994
936.112,0.0933115
1750.63,0.175029
903.17,0.0903052
2332,0.233158
1108.02,0.110779
1517,0.151693
2141.05,0.213899
882.145,0.0881037
2365.39,0.235288
1403.52,0.140193
1321.98,0.132179
1897.64,0.189752
1086.48,0.10864
1071.39,0.107081
1364.84,0.136438
1064.86,0.106463
1127.79,0.112759
625.819,0.062432
1093.1,0.109194
1364.91,0.136427
1143.19,0.114262
930.011,0.0929897
7344.06,0.733467
585.023,0.058502
1723.28,0.172239
877.522,0.0877454
1254.71,0.125331
792.673,0.0792555
589.296,0.0589077
1005.14,0.100432
2369.39,0.236459
2974.83,0.297389
848.703,0.0848684
899.577,0.0899287
775.102,0.0774501
2034.77,0.203234
957.347,0.0957074
2265.47,0.225709
834.69,0.0834658
2894.4,0.280343
643.042,0.0641836
689.992,0.0689497
926.467,0.0926219
915.638,0.0914888
699.406,0.0699371
1785.6,0.178097
1799.71,0.179843
1395.35,0.139465
1879.13,0.187871
2485.69,0.248188
1297.05,0.129697
915.736,0.0915448
750.983,0.0750541
997.505,0.0997474
1105.06,0.110413
1767.49,0.176622
852.081,0.0851745
950.542,0.0949635
1579.15,0.157844
997.283,0.0997154
749.735,0.0749671
1125.79,0.112356
1151.1,0.115076
993.385,0.0993094
1114.04,0.111382
1516.88,0.151671
1337.54,0.133731
6502.79,0.64998
1874.32,0.18723
1044.01,0.103935
1537.95,0.153764
1896.71,0.189644
2002.8,0.199663
771.836,0.0770586
2492.18,0.249163
855.295,0.0854371
1998.54,0.1998
1069.78,0.106911
1076.8,0.107654
1108.99,0.110339
1023.74,0.102294
2086.02,0.20855
1124.74,0.112421
1081.64,0.108116
1006.45,0.100409
1120.03,0.111972
1075.55,0.107507
4025.43,0.401815
758.771,0.0758377
1186.28,0.118599
2120.66,0.212058
1934.13,0.193317
1840.84,0.183923
1478.39,0.147809
1439.53,0.143842
1917.71,0.191757
3157.89,0.315699
7546.94,0.753783
982.761,0.098251
2164.8,0.216307
3265.24,0.325967
614.863,0.0614692
1487.14,0.148651
731.197,0.0731076
864.008,0.0863723
1123.24,0.11193
849.547,0.0849517
1773.48,0.17727
943.895,0.0940451
1388.77,0.138855
1169.68,0.116949
1008.91,0.100759
741.318,0.0740221
983.43,0.0983179
2062.08,0.205949
1551.6,0.155132
1342.98,0.134264
4194.79,0.419408
3246.41,0.32446
420.677,0.0420317
711.665,0.0710431
735.167,0.0735147
1267.96,0.126789
2854.34,0.28427
886.949,0.0886841
1378.41,0.137803
1754.07,0.175355
4734.77,0.473073
2767.49,0.276202
1512.62,0.151182
1882.23,0.188074
730.218,0.0728683
1030.91,0.103089
1537.28,0.153649
1333.08,0.133251
1321.07,0.132077
1308.82,0.13086
983.602,0.0983431
2159.66,0.215957
1363.62,0.136344
953.189,0.0952505
1247.91,0.124735
739.817,0.0739499
850.421,0.0849704
1055.93,0.105501
1117.43,0.111734
649.059,0.0649017
868.62,0.0868516
858.791,0.085832
1994.77,0.199442
1443.18,0.144105
841.332,0.0840519
3019.56,0.301745
648.287,0.064771
3235.11,0.323177
906.326,0.0906189
2718.53,0.271763
764.178,0.0764086
2088.84,0.208804
1942.36,0.194102
1469.49,0.146938
2273.4,0.227226
864.652,0.0863515
1075.64,0.107509
1361.54,0.135871
1435.58,0.143374
2709.85,0.270822
870.866,0.0869873
1410.01,0.140845
481.024,0.0480971
550.503,0.0549682
783.827,0.0783179
1120.91,0.111916
646.175,0.0646089
1562.22,0.156139
1218.38,0.121822
1407.58,0.140744
202.413,0.0202305
1030.05,0.10217
1640.13,0.163872
1346.2,0.134587
1321.95,0.132085
1804.76,0.180439
1973.93,0.197346
1054.01,0.105394
1018.63,0.101606
1025.68,0.102542
1292.94,0.129201
4115.31,0.411435
2611.12,0.26104
1262.65,0.126255
1367.02,0.136654
936.812,0.0936149
1570.75,0.156702
1621.8,0.162169
1281.77,0.12813
3115.41,0.311364
2589.15,0.258857
826.32,0.0825022
2797.22,0.2796
1250.25,0.124947
1070.48,0.107037
936.969,0.0936711
1308.83,0.130835
1420.97,0.142033
1013.98,0.101393
1877.88,0.187766
3552.14,0.355067
805.224,0.0804962
1156.71,0.115489
827.879,0.0827751
1942.85,0.194108
842.066,0.084127
2338.84,0.233798
1176.52,0.117633
1132.96,0.11316
1077.38,0.107652
2297.36,0.229716
1182.74,0.118224
713.384,0.0713373
519.627,0.0518831
1135.91,0.113532
1645.09,0.164458
843.863,0.0843424
1738.25,0.173277
1200.25,0.11995
1181.67,0.118088
2043.04,0.204261
623.23,0.0622989
1782.77,0.178162
1756.73,0.175526
969.19,0.0969129
930.757,0.0930665
722.334,0.0722322
1876.98,0.187674
1901.71,0.190159
1890.45,0.188543
1968.72,0.196792
787.861,0.0787512
836.591,0.0834871
1124.51,0.112396
1107.01,0.110694
12462.9,1.24497
4209.7,0.420806
3664.54,0.366132
1784.35,0.178188
631.379,0.0631302
2061.58,0.206006
869.263,0.0868664
3180.7,0.31788
1554.24,0.15534
909.349,0.0909087
766.068,0.0765441
2936.27,0.293072
1246.52,0.124608
1416.65,0.141628
810.094,0.0810031
6735.61,0.67328
801.596,0.0801529
1712.23,0.171151
2762.77,0.276186
1729.37,0.17289
750.421,0.075037
1074.61,0.107416
1193.81,0.119369
1867.54,0.186697
1536.02,0.153557
799.748,0.0798359
867.717,0.0867594
1590.6,0.158909
1177.94,0.117747
631.084,0.0631003
1199.25,0.119887
1307.57,0.130703
1069.99,0.10699
699.707,0.0699666
1087.59,0.108713
939.043,0.0938804
1285.07,0.128495
768.065,0.0768022
1694.69,0.169275
1235.17,0.123507
1234.89,0.12348
867.382,0.0867345
1106.33,0.110576
1140.52,0.114011
605.047,0.0604969
2057.45,0.205683
781.711,0.078152
1117.23,0.111664
3645.18,0.363984
2696.98,0.266503
640.052,0.0639085
1352.25,0.135197
1126.16,0.112566
1270.34,0.126954
1039.98,0.103887
646.343,0.0646243
1530.17,0.152988
2264.21,0.226342
936.649,0.0935163
985.736,0.0985621
1536.28,0.153547
967.933,0.096781
10018.2,1.00136
1685.06,0.168433
698.027,0.0697874
1836.86,0.183646
520.058,0.0520002
1677.04,0.167538
1635.7,0.163042
1259.99,0.125876
4407.72,0.440337
10275.4,1.02634
823.127,0.0823056
1087.84,0.10877
12962,1.2945
1716.52,0.171623
1003.27,0.100301
831.846,0.0831735
1034.18,0.103355
961.075,0.0960995
896.033,0.0895925
958.856,0.0958353
2453,0.245258
906.784,0.0906065
1558.16,0.155776
1342.16,0.134152
1185.27,0.118515
1869,0.186797
948.622,0.0946883
4007.88,0.400125
877.721,0.0877443
1141.42,0.114115
1384.78,0.138466
648.993,0.0648625
1532.3,0.152835
1187.32,0.118565
2220.14,0.221942
3031.44,0.302952
1161.73,0.116096
1130.98,0.113085
1057.61,0.10525
1742.67,0.174185
1734.06,0.173285
1134.96,0.113458
1713.11,0.171102
1476.46,0.147598
605.03,0.060496
971.743,0.0970675
2331.43,0.232992
1030.97,0.103072
2421.4,0.240728
1595.22,0.159499
1118.2,0.111667
1032.42,0.103233
1835.73,0.183395
1320.04,0.131983
1487.07,0.148581
2528.69,0.252772
1221.94,0.122178
688.073,0.0687918
2152.65,0.215211
1178.11,0.117725
881.666,0.0881418
1094.1,0.109366
1173.55,0.11725
1347.32,0.134649
1153.19,0.115289
873.86,0.0873413
1401.8,0.140044
878.169,0.0878092
1071.07,0.107081
857.338,0.085547
912.593,0.0912382
3117.45,0.311276
1328.41,0.132507
2206.28,0.220485
1332.28,0.133198
1509.29,0.150527
2304.16,0.230314
684.282,0.0683695
764.259,0.076147
6069.72,0.60597
1144.73,0.114012
2213.94,0.221237
2098.48,0.209615
607.04,0.0606868
1564.17,0.15638
904.91,0.0904429
1073.78,0.107355
2168.82,0.216729
6373.35,0.637206
762.95,0.0762659
759.553,0.075897
1083.48,0.108328
17592.7,1.7527
1106.12,0.110602
1750.22,0.174835
626.122,0.0624786
3003.83,0.300187
4475.47,0.447413
2850.66,0.284823
1144.55,0.114166
1325.82,0.132516
1321.13,0.132089
3914.12,0.390486
1090.63,0.108725
1899.04,0.189702
714.077,0.0713816
1358.81,0.135799
2077.81,0.206281
967.448,0.0966948
4274.75,0.427099
1176.69,0.117663
1310.8,0.130996
1077.48,0.107509
1689.87,0.168933
1103.83,0.110321
1063.45,0.106275
2485.64,0.248363
805.046,0.0803324
1052.11,0.105039
1205.39,0.120257
530.125,0.05301
1093.57,0.109339
1435.67,0.14355
954.659,0.0954582
1510.54,0.150963
954.136,0.0954031
837.02,0.0836411
1740.09,0.173905
1144.93,0.11431
907.876,0.0907332
1061.89,0.105803
1285.44,0.128476
2018.23,0.201316
1866.63,0.186549
1789.58,0.178632
2105.6,0.210521
572.617,0.0572508
804.191,0.080341
848.551,0.0848524
1688.01,0.168488
1025.68,0.103947
1487.1,0.148703
1613.54,0.161318
732.7,0.0732265
1624.14,0.162054
826.452,0.0826258
773.256,0.0773189
732.974,0.0732786
1413.2,0.141311
1126.38,0.112607
1064.52,0.10644
1091.66,0.109153
7350.09,0.733142
2007.44,0.200687
2010.74,0.201031
1063.93,0.106351
2657.41,0.265654
2643.73,0.263872
1835.63,0.183458
986.414,0.0986295
1731.19,0.191624
1961.94,0.195758
1206.18,0.120605
729.198,0.0729134
1332.68,0.13311
1065.26,0.106385
775.398,0.0775367
2174.46,0.217421
890.101,0.0890052
935.102,0.0935043
838.033,0.0837717
813.053,0.0813009
1270.44,0.126979
1485.98,0.148506
719.032,0.0717693
1305.84,0.130434
1286,0.128541
539.324,0.0539081
2484.02,0.248093
1039.67,0.103941
2298.54,0.229797
825.52,0.0825457
977.324,0.097723
947.252,0.0947063
4125.89,0.412128
1613.06,0.161293
1949.03,0.194819
18186.2,1.8147
2930.62,0.293041
1111.97,0.111059
1240.34,0.124029
1032.68,0.103234
1338.62,0.133841
1251.87,0.125035
512.594,0.0512572
1543,0.15418
700.193,0.0700093
608.048,0.0607967
1073.94,0.10734
879.184,0.0878995
1376.84,0.13766
1955.3,0.195454
911.846,0.0911353
1119.74,0.111836
1699.05,0.169784
2772.43,0.27705
1004.14,0.100337
587.484,0.0586362
584.558,0.0584549
1687.09,0.168481
988.455,0.0988064
991.875,0.0991799
734.635,0.0733817
918.247,0.0918202
1170.79,0.117012
1915.14,0.19084
1424.57,0.142449
927.938,0.0927664
1078.38,0.107835
1635.38,0.163476
1170.36,0.116664
685.25,0.0684391
663.517,0.066337
2193.42,0.219264
1306.17,0.130296
1144.64,0.114217
2035.09,0.203451
1595.96,0.159307
3168.9,0.316766
1884.6,0.188335
614.335,0.0614312
963.455,0.0960974
1176.49,0.117601
6592.28,0.655193
767.786,0.0767575
528.033,0.0527984
1172.12,0.117146
12367.1,1.2267
2522.51,0.243611
540.796,0.0540528
3214,0.320363
1825.08,0.182463
1597.63,0.159746
2266.66,0.226614
2204.37,0.220271
1533.47,0.153276
853.184,0.0848961
1015.88,0.101341
914.601,0.0913619
759.284,0.0758861
695.224,0.0695089
1442.07,0.143834
1585.03,0.158445
1132.61,0.113224
751.01,0.0750907
1072.19,0.107202
2147.5,0.2147
825.147,0.0824594
1988.07,0.198284
1624.03,0.162385
1061.33,0.106102
991.93,0.0991722
1238.36,0.123796
1098.71,0.109754
874.05,0.088591
1733.65,0.172901
1163.32,0.115776
1484.59,0.148328
2247.89,0.224623
1065.26,0.106488
767.121,0.0766786
2160.15,0.343035
3239.52,0.323385
1395.98,0.139582
860.406,0.0859865
905.245,0.09051
690.384,0.0689668
1422.37,0.142152
1602.93,0.159905
1208.35,0.119192
1520.59,0.151973
833.6,0.0833445
1531.51,0.152911
1207.62,0.120411
1178.84,0.117826
618.405,0.0617875
18256.5,1.81895
1283.75,0.128283
3217.95,0.321669
1238.31,0.123743
1125.61,0.112553
1286.81,0.128631
1398.67,0.139847
715.62,0.0713983
4545.32,0.454385
1155.9,0.115551
4058.19,0.405053
1048.83,0.104556
1115.03,0.1114
1280.26,0.127958
1143.93,0.114327
1123.8,0.112344
824.47,0.0824123
1079.56,0.10793
841.697,0.084125
7831.74,0.782543
657.725,0.0657204
791.491,0.0791019
1750.83,0.174728
