EnergyDeposit(eV),LET(keV/um)
777.036,0.0777017
1468.71,0.146801
1910.05,0.190803
1246.05,0.124526
797.738,0.0797633
6842.08,0.682615
966.139,0.0965933
823.617,0.0822443
868.749,0.0868722
1175.74,0.116885
694.157,0.0694033
1141.49,0.114121
2730.8,0.272819
1033.28,0.103266
1012.76,0.101245
867.099,0.0867048
606.277,0.060505
1227.66,0.122645
1155.3,0.115451
823.361,0.0823154
1588.47,0.158796
5206.53,0.520358
862.699,0.0862192
1406.06,0.140549
1807.8,0.180735
892.709,0.0891535
1716.98,0.171567
1724.53,0.172203
1504.36,0.15024
1115.06,0.111499
1102.03,0.110191
6318.67,0.631724
1254.68,0.125319
15492.4,1.54797
1735.59,0.173553
834.285,0.0834096
3954.52,0.394853
1755.94,0.17546
803.898,0.0803709
1395.95,0.126825
910.545,0.0910444
2517.87,0.251546
6889.97,0.688765
2404.87,0.240382
1192.93,0.119265
1270.75,0.127051
749.383,0.0748787
842.246,0.0842132
1155.99,0.115591
1257.3,0.125615
1969.49,0.196708
1781.46,0.178005
2911.79,0.290983
1419.96,0.141974
978.709,0.0978377
2113.37,0.211299
759.787,0.0759504
838.102,0.0837852
1054.22,0.102732
799.313,0.0796804
769.576,0.0769493
1303.33,0.130186
1084.93,0.108462
13971,2.53547
787.733,0.078626
4354.35,0.434761
3376.56,0.337466
1292.75,0.129238
2311.69,0.230869
728.332,0.0727685
1778.87,0.177838
1879.5,0.187893
880.499,0.0878578
806.97,0.0806537
1060.52,0.105989
1828.21,0.182621
1157.45,0.115714
1142.68,0.113843
1593.1,0.159282
7181.48,0.717843
1154.79,0.115472
1267.33,0.126521
1094.75,0.109408
1208.86,0.120855
1050.51,0.10504
1555.95,0.14931
838.18,0.0837778
1729.06,0.172103
1231.43,0.123108
4293.32,0.428545
1205.6,0.120523
2083.6,0.208278
1945.14,0.194377
1177.7,0.117762
967.34,0.096684
2126.24,0.212606
615.678,0.0615656
827.161,0.0825213
1380.37,0.126603
2474.81,0.246996
1266.61,0.126379
9279.85,0.921086
1165.48,0.11635
1014.39,0.0993814
779.053,0.0778678
1317.81,0.131733
1309.62,0.130862
1219.15,0.121889
3096.54,0.307776
1072.57,0.107199
1027.65,0.101369
1125.73,0.112546
1155.21,0.115452
1395.58,0.139409
939.727,0.0939658
1864.96,0.186408
1029.98,0.102968
1000.83,0.100064
2536.9,0.253296
2376.95,0.23757
479.08,0.0479
4029.15,0.401706
854.022,0.0853339
1858.82,0.185794
2599.52,0.259561
1302.41,0.13021
1410.27,0.14101
1578.64,0.157821
1371.06,0.137078
776.397,0.0776188
1340.35,0.134005
843.854,0.0843664
2902.75,0.28995
975.561,0.0973826
1169.31,0.11635
523.105,0.05228
654.021,0.0653988
2170.28,0.21692
1328.43,0.132835
1417.22,0.141698
1343.34,0.134279
813.144,0.0812973
1528.61,0.152673
8600.03,0.858431
1207.23,0.120675
1086.17,0.108557
1802.33,0.18019
833.14,0.083255
1390.46,0.139031
971.482,0.0969934
2090.55,0.208961
2151.43,0.215087
883.384,0.0881666
977.088,0.0976948
2064.14,0.205899
2086.43,0.207378
1293.76,0.129364
557.318,0.0557311
2028.2,0.202792
1269.15,0.126898
1620.28,0.161995
2843.76,0.284285
1300.17,0.129541
1503.43,0.150221
1623.2,0.162299
2193.86,0.219126
2202.1,0.219957
874.202,0.0872566
894.805,0.0894572
840.628,0.0840341
2349.3,0.234813
1153.64,0.115355
1055.22,0.105514
681.417,0.0681234
1743.46,0.174246
802.96,0.0802935
1084.72,0.108378
2191.15,0.312228
889.449,0.0884513
1748.19,0.174632
1717.5,0.171602
715.795,0.0714514
782.426,0.0782046
1196.27,0.11962
2028.03,0.203752
17035.7,1.69625
1513.39,0.151223
1241.69,0.124162
2070.07,0.206953
6120.05,0.610897
842.774,0.084261
8596.79,0.858311
1389.46,0.138932
684.827,0.0684167
926.619,0.0926057
1357.54,0.135742
676.599,0.0676529
1875.59,0.187281
1354.65,0.135437
1478.3,0.147757
835.971,0.0835567
1344.35,0.134427
739.731,0.0739714
2470.6,0.246989
3577.72,1.94369
2470.38,0.246877
3508.48,0.350779
491.185,0.0490788
1983.07,0.198272
3060.18,0.30551
1524.5,0.1523
1840.3,0.184015
936.703,0.093551
1268,0.126782
2076.94,0.207652
1288.5,0.128798
1042.06,0.104136
762.455,0.0762447
1441.09,0.143663
600.795,0.0600729
2062.77,0.206238
780.061,0.0779982
2139.72,0.21391
2071.15,0.206939
836.006,0.0835951
760.647,0.0760589
986.938,0.09869
1319.29,0.131876
784.471,0.0782685
1032.72,0.103232
1657.43,0.165717
1885.22,0.188472
1081.96,0.108173
1299.41,0.129909
1818.81,0.181754
698.938,0.0698637
916.325,0.0916051
1800.45,0.179994
394.298,0.0393991
2436.72,0.243652
2455.33,0.245286
1086.47,0.108633
775.341,0.0774539
1072.88,0.107256
1278.89,0.127772
790.604,0.0783757
1007.81,0.100712
4053.86,0.405312
1468.35,0.146825
758.391,0.0757962
1416.37,0.139951
10359.9,1.03135
892.713,0.0891313
1690.48,0.169039
1134.46,0.113366
838.13,0.0837097
1081.52,0.108014
1367.99,0.136668
1488.25,0.148281
804.969,0.0804201
919.153,0.0918854
1084.87,0.108341
3363.31,0.33604
1125.71,0.111431
1204.27,0.120418
1482.69,0.148195
2058.28,0.20559
977.548,0.0977365
1418.93,0.141864
1114.39,0.111422
1203.46,0.120216
966.069,0.0964423
1045.12,0.104429
2666.46,0.26639
1384.31,0.138333
1252.85,0.125242
827.855,0.0827528
1070.34,0.107018
1033.54,0.103059
1414.77,0.141331
2025.43,0.202284
2313.8,0.231276
849.692,0.0848519
4013.72,0.401157
865.626,0.0865409
919.012,0.0917837
3633.74,0.355546
816.432,0.0814269
1594.57,0.159429
1310.03,0.130984
1153.75,0.115361
2742.71,0.274247
3992.77,0.401806
2256.58,0.225383
2688.55,0.268814
1250.18,0.12493
1053.26,0.105242
1237.54,0.123686
3509.81,0.350612
1163.59,0.116125
2314.08,0.231251
865.227,0.0865177
2089.08,0.208897
1423.7,0.14235
2021.41,0.202121
3100.51,0.3099
1030.55,0.101631
1113.14,0.111269
786.139,0.0785958
886.531,0.0886182
730.371,0.0729738
1279.8,0.127687
1428.52,0.141952
795.919,0.0795826
651.589,0.0651518
1911.35,0.191029
876.901,0.0876737
1156.96,0.11521
1331.8,0.133138
2832.43,0.283157
960.062,0.0959984
1431.81,0.139567
1153.49,0.115264
1151.17,0.115007
4043.33,0.4043
1085,0.10843
1153.52,0.115315
1161.72,0.116058
1615.49,0.161526
708.464,0.0707625
1560.57,0.155869
1315.07,0.131479
2443.63,0.244234
882.517,0.0882236
2962.06,0.295806
476.697,0.0476523
1605.68,0.160532
1333.77,0.133225
1120.22,0.111995
659.015,0.0658833
886.701,0.0879242
897.547,0.0896461
981.68,0.0981216
1170.48,0.116982
708.766,0.0708709
1725.07,0.172227
1472.71,0.147117
917.734,0.0917469
2312.29,0.231059
1359.56,0.13594
940.564,0.093951
1041.02,0.104088
2500.91,0.249842
2236.48,0.223525
1417.13,0.141491
1448.69,0.144851
936.067,0.0936018
1215.89,0.121555
1017.35,0.1017
1343.21,0.134304
2123.27,0.212318
922.802,0.0922543
2033.02,0.203284
3064.43,0.306297
911.141,0.0911031
1008.8,0.100785
822.081,0.082146
2423.1,0.241859
1744.82,0.174314
1405.12,0.14049
1087.15,0.108685
877.37,0.0876831
933.824,0.0933192
1561.84,0.155769
1046.48,0.104628
1670.93,0.166963
881.609,0.0881591
2587.98,0.257954
1238.92,0.123833
2958.89,0.295788
3053.9,0.304804
1116.55,0.111646
1594.22,0.159406
1354.56,0.135441
1011.24,0.101003
950.632,0.0949397
2042.01,0.204155
1049.49,0.104882
2500.3,0.249906
447.272,0.0446756
1817.8,0.181646
959.176,0.0958591
435.484,0.043538
1224.24,0.122204
1649.21,0.164812
816.75,0.0816615
2619.87,0.260424
3085.98,0.30847
1116.45,0.111593
1330.43,0.132361
5235.13,0.522808
912.108,0.0910735
1798.06,0.178582
3306.18,0.330119
746.463,0.0746042
851.732,0.0851579
1195.92,0.119522
901.547,0.0885012
828.292,0.0828034
788.405,0.0788337
1912.76,0.191196
1028.74,0.102715
634,0.0633947
1061.61,0.106149
1007.86,0.100734
984.378,0.0984114
985.867,0.0985093
1642.18,0.1642
1355.3,0.135514
942.24,0.0942194
787.502,0.0787386
528.152,0.0527835
1426.7,0.142661
718.351,0.0718131
1197.3,0.11972
1435.7,0.143355
833.203,0.0832927
1009.2,0.100913
2434.28,0.243409
2258.89,0.225858
991.782,0.0991663
1016.96,0.101636
1066.2,0.10642
2032.99,0.203138
1360.22,0.135997
3560.41,0.35556
872.223,0.0872158
895.519,0.089545
2260.2,0.225325
1172.29,0.117034
2339.99,0.233794
1298.53,0.129617
1526.03,0.152593
616.952,0.0616731
4542.29,0.453274
1683.15,0.168065
1202.8,0.119819
5345.32,0.533552
804.417,0.0803433
2355.95,0.235581
2325.36,0.232473
841.949,0.0841906
1907,0.190598
884.813,0.0883957
1632.97,0.162913
1290.07,0.128951
829.891,0.0829636
893.417,0.0893243
908.662,0.0908321
1176.1,0.117579
1349.84,0.134965
897.067,0.0896254
1099.36,0.1099
779.947,0.0779806
1670.15,0.166996
974.72,0.0974367
1878.8,0.187842
1417.47,0.141724
1472.43,0.147197
1018.6,0.101859
1855.25,0.185509
1071.82,0.107158
3354.99,0.335394
1170.09,0.117007
955.574,0.0955528
919.77,0.0918332
3711.78,0.370536
1048.38,0.104778
637.433,0.06371
1971.72,0.19713
1788.03,0.178699
3024.49,0.274636
1460.51,0.145954
846.81,0.0833793
5074.22,0.507145
873.487,0.0873018
848.841,0.0792625
1340.24,0.134016
1254.94,0.125481
889.248,0.0888846
865.085,0.086492
1553.76,0.155362
1258.73,0.125857
1148.97,0.114706
1587.69,0.158731
853.078,0.0852811
1492.57,0.14924
1210.95,0.121027
1046.42,0.104532
1017.74,0.101759
934.904,0.0934767
2814.58,0.280857
2883.48,0.285968
1375.2,0.137474
7124.03,0.711721
661.266,0.0660951
685.652,0.0685625
1093,0.10928
596.981,0.0596965
1107.94,0.110744
948.847,0.0948753
1354.31,0.135371
1281.38,0.128094
1302.9,0.130288
813.601,0.081327
1089.88,0.108978
790.284,0.0790233
814.625,0.0813597
1234.24,0.122778
2049.06,0.204865
1607.97,0.160725
2328.13,0.232658
1271.82,0.12674
883.007,0.0882641
782.94,0.0782634
3102.02,0.309404
1236.33,0.123616
1388.37,0.138804
2014.32,0.200956
1390.15,0.138592
1019.79,0.101954
2521.62,0.170592
2012.67,0.201136
1447.85,0.143677
868.02,0.0867752
1794.78,0.179445
859.663,0.0859362
656.147,0.0656117
1532.45,0.153153
4525.5,0.452131
1306.49,0.130584
1122.59,0.112246
1183.51,0.118313
975.599,0.0975376
997.801,0.0997372
950.888,0.0949859
804.77,0.0804707
599.893,0.0599636
693.113,0.0693
1245.57,0.124466
733.962,0.0733261
778.863,0.07773
1275.53,0.125492
1939.91,0.193953
1220.52,0.121826
969.749,0.0969475
915.34,0.0915261
807.443,0.080725
2054.63,0.205183
832.66,0.0831633
1459.75,0.145951
594.155,0.0594016
2837.12,0.283616
984.01,0.0983168
587.725,0.0587617
1424.92,0.142477
2982.2,0.298131
763.753,0.0763585
822.365,0.0822166
840.758,0.0840665
1010.48,0.101038
1586.28,0.158449
906.058,0.0905487
1219.87,0.121913
4091.64,0.408788
1050.28,0.102717
933.147,0.0933121
981.13,0.0978535
1782.53,0.17819
759.885,0.075899
7084.63,0.706649
1050.94,0.10504
1419.04,0.141844
1027.76,0.102768
3572.64,0.356439
1162.87,0.116278
969.144,0.0967304
2502.12,0.249952
627.659,0.0627253
688.735,0.0688261
1179.95,0.117911
1429.59,0.14294
4674.32,0.467297
888.355,0.0886828
804.763,0.0804418
1089.48,0.108876
869.352,0.0868393
2142.96,0.214245
4498.25,0.449221
4262.66,0.425943
1008.86,0.100395
950.526,0.095024
1441.53,0.14404
1873.06,0.18729
1461.4,0.146132
877.302,0.0876568
637.927,0.063784
1994.55,0.199204
2143.59,0.213293
3229.72,0.322772
1185.76,0.118511
1464.05,0.146241
1027.42,0.102725
1529.34,0.15289
1017.83,0.101443
676.619,0.0675951
1281.84,0.128133
941.203,0.0940506
2387.74,0.238583
1510.43,0.149787
1414.8,0.141413
1752.07,0.17515
1471.79,0.147164
5198.94,0.519217
1764.29,0.176373
6247.71,0.623501
537.543,0.0537533
730.944,0.0730799
1984.23,0.198396
1797.02,0.179675
1349.13,0.134763
2977.53,0.297584
1440.35,0.14199
5336.91,0.533454
1306.42,0.130635
1711.49,0.171048
1206.19,0.120572
2794.03,0.278004
873.504,0.0873458
1379.16,0.137861
688.751,0.0688722
791.931,0.0791896
1806.65,0.180284
3114.39,0.310704
977.435,0.0977156
2005.73,0.200524
1232.79,0.123266
2192.36,0.219141
1797.35,0.179727
1126.45,0.112636
1154.43,0.115303
1030.89,0.103061
1134.46,0.113355
1059.61,0.105717
256.003,0.0255927
584.132,0.0582987
2862.9,0.282869
749.653,0.0749185
2952.24,0.29509
1182.71,0.118257
821.662,0.0821587
1272.47,0.127227
1615.93,0.161576
1080.67,0.10802
776.529,0.0776401
1274.57,0.127434
1208.74,0.120801
770.98,0.0770386
923.92,0.0923906
1364.74,0.136462
2116.5,0.210719
1543.01,0.154296
1262.52,0.126233
4603.71,0.460185
488.815,0.048873
741.276,0.0740767
1270.53,0.127049
1070.74,0.106887
1015.83,0.101543
18332.5,1.82649
1630.04,0.162974
3007.98,0.300777
8176.44,0.817081
914.224,0.0914017
4603.08,0.459349
1480.38,0.147996
1510.18,0.15099
897.65,0.0897637
1093.61,0.109318
1080.97,0.108067
1041.87,0.104154
1069.17,0.106909
1027.05,0.102638
810.878,0.0810242
1179.77,0.117937
1917.81,0.191757
1078.81,0.107872
583.143,0.0583057
779.934,0.0779696
674.276,0.0674167
799.158,0.0798648
1163.7,0.116267
1134.39,0.113423
1482.82,0.148214
1205.62,0.1205
2503.97,0.249451
3879.49,0.387309
660.137,0.0658962
1069.13,0.106873
1571.11,0.157098
28877.2,2.87484
1663.2,0.166278
967.872,0.0967773
765.694,0.0765562
3676.59,0.366484
3591.54,0.358409
1863.43,0.186252
1264.82,0.126181
1406.24,0.140557
732.406,0.0732223
2511.41,0.250952
646.393,0.0646075
2185.22,0.218471
11980.1,1.1975
1425.85,0.142484
944.281,0.0941838
2049.17,0.204636
4623.59,0.460207
1082.54,0.108171
13723.3,1.37034
3376.24,0.337496
1557.02,0.155038
730.404,0.0730241
1085.44,0.108526
1345.8,0.134565
818.661,0.0817889
3182.98,0.318187
1876.62,0.187434
1660.48,0.165924
4828.59,0.481558
1328.76,0.132518
894.399,0.0893961
1337.52,0.133527
3088.91,0.308787
892.162,0.089215
1285.53,0.128535
7404.17,0.739702
4992.51,0.498675
1002.11,0.100204
2974.46,0.297189
1644.92,0.164329
725.608,0.0722514
1224.55,0.122375
1262.66,0.126023
1268.11,0.12671
1433.08,0.143281
1818.65,0.181674
2228.07,0.222699
1226.28,0.122605
1197.72,0.119691
899.16,0.0898498
864.961,0.0864901
1652,0.165177
805.64,0.0805315
986.081,0.0985971
2607.92,0.260673
797.864,0.0774722
1106.26,0.11054
959.313,0.0959215
1501.89,0.149985
1271.05,0.126978
1967.26,0.195998
1261.13,0.126092
1569.53,0.156667
628.773,0.0627929
1093.79,0.109339
1437.72,0.143711
2579.85,0.257851
1487.21,0.148695
1423.55,0.142247
937.46,0.092207
1956.85,0.195652
1572.47,0.157007
1783.25,0.178044
2498.37,0.249755
1225.18,0.122486
2999.26,0.29963
2084.3,0.207855
1284.64,0.128416
1368.31,0.136718
1028.31,0.102821
1008.17,0.100625
995.75,0.0995648
3608.69,0.357096
743.819,0.0743812
836.993,0.0836821
848.962,0.0842326
1901.95,0.190034
1603.98,0.160041
1608.38,0.160824
2620.93,0.261678
2374.91,0.199954
1196.06,0.119549
1884.29,0.188336
1517.08,0.151627
1218.14,0.12181
1865.23,0.186459
1657.33,0.165723
1770.09,0.176911
956.777,0.0956066
725.623,0.0724289
960.904,0.0960846
798.473,0.0798202
1175,0.117391
934.543,0.0934325
3180.63,0.317834
1041.19,0.104114
837.544,0.0837267
722.517,0.0721474
796.105,0.0795485
1180.87,0.118038
774.922,0.0774563
709.901,0.0709393
1191.82,0.119141
821.727,0.0821671
1528.35,0.152793
1680.53,0.16788
2847.58,0.284608
2465.2,0.246447
1246.95,0.124564
2525.12,0.2524
1027.98,0.102786
795.117,0.0794413
1415.66,0.141514
3288.24,0.328587
1657.9,0.165482
1723.34,0.172152
798.291,0.0798268
2048.23,0.204371
5619.45,0.560744
574.848,0.0574835
1813.34,0.181087
1187.91,0.118056
1228.12,0.122551
1684.4,0.16843
1195.77,0.119543
1572.76,0.15716
773.913,0.0773859
1170.15,0.116774
805.664,0.0805148
840.759,0.0840647
1040.87,0.104042
2519.13,0.251815
831.264,0.0831157
670.542,0.0670444
1165.47,0.116496
965.934,0.0965917
1174.88,0.117449
15916.5,1.58918
808.871,0.080852
3716.61,0.371434
1105.31,0.110506
681.596,0.0681228
1927.56,0.192703
513.443,0.0513333
1618.34,0.16181
1052.08,0.105204
1924.32,0.192339
2714.26,0.271011
1749.61,0.174462
3153.12,0.31454
2773.08,0.277078
829.792,0.0829485
953.291,0.0943968
2632.44,0.263137
804.987,0.0804746
1464.22,0.1463
2995.12,0.299327
721.106,0.0721075
2429.1,0.242625
763.98,0.0763534
1208.9,0.120589
979.609,0.0979159
905.997,0.0905972
1291.67,0.129163
4843.83,0.483939
1533.42,0.153298
865.667,0.0865031
1039.4,0.103906
842.674,0.0842421
1084.77,0.108469
1660.64,0.166023
874.827,0.0874741
1988.61,0.19882
1372.2,0.136963
1171.1,0.117105
1354.42,0.13541
1063.77,0.106314
808.726,0.0808554
1272.58,0.127121
1080.88,0.107889
778.955,0.0775894
1168.16,0.116801
1915.62,0.191519
934.746,0.0934703
1570,0.156653
2023.16,0.20213
1056.06,0.105547
2409.5,0.240771
557.02,0.0557015
1625.44,0.162491
1124.95,0.112393
749.844,0.0749837
2511.34,0.250837
706.357,0.0706079
1200.65,0.120056
1770.67,0.177044
620.467,0.0620144
1106.63,0.110642
3369.34,0.336789
815.129,0.0815097
621.664,0.0621582
3143.35,0.314065
1626.58,0.162646
1596.83,0.159663
1102.13,0.11015
1653.81,0.165254
1272.59,0.127119
941.65,0.0941053
12166.5,1.21377
589.06,0.0588377
1743.57,0.174221
4709.8,0.470531
834.603,0.083418
974.639,0.0974004
3303.75,0.330269
876.677,0.0874169
671.077,0.0671054
5180.59,0.517627
1573.26,0.157317
1440.27,0.143949
1039.01,0.103805
931.355,0.0919198
1210.04,0.120977
3675.1,0.367258
1053,0.105022
631.415,0.0631188
1665.79,0.166543
1111.64,0.111049
2504.32,0.250363
1464.25,0.14633
3355.74,0.335338
2901.48,0.289831
742.499,0.0741392
1247.87,0.124688
978.391,0.0976969
1062.88,0.106067
1080.94,0.108083
985.461,0.0985203
1173.09,0.117066
1042.32,0.104222
2746.24,0.274254
907.327,0.0907285
10726.9,1.07103
1086,0.108582
999.767,0.0999711
2503.23,0.250139
1050.97,0.104738
1118.89,0.111828
596.745,0.0596285
965.304,0.0965153
1499.54,0.149918
1742.54,0.174212
1086,0.108553
695.486,0.0695363
637.106,0.0635808
997.144,0.0996916
972.056,0.0971979
749.109,0.0748953
780.454,0.0780142
1621.66,0.164684
1959.26,0.19554
1139.25,0.11391
3153.59,0.314612
1085.87,0.108582
9761.14,0.972951
918.847,0.0918619
1239.38,0.123854
1102.22,0.110212
4663.26,0.465878
1555.14,0.155498
702.388,0.0702368
1740.9,0.173913
2453.37,0.245054
1056.81,0.105606
2415.67,0.241297
1766.56,0.176594
1463.4,0.145603
1646.6,0.164344
906.205,0.090605
1454.38,0.145331
2563.77,0.256163
770.264,0.0770232
1122.44,0.112152
3157.05,0.315539
4285.75,0.428258
1237.78,0.12373
1730.13,0.172924
651.321,0.065095
1558,0.15579
1696.61,0.168926
892.405,0.0892221
3936.58,0.393052
1486.86,0.148584
824.012,0.0823963
5143.31,0.513236
764.064,0.0749474
1655.67,0.165529
1528.61,0.152775
1742.74,0.17424
1097.66,0.108364
945.789,0.0945133
977.544,0.0977465
1343.98,0.134328
1624.55,0.162351
1382.29,0.138213
702.12,0.070201
3464.51,0.346344
1088.8,0.108834
1157.16,0.115695
4648.99,0.463301
1055.78,0.105572
2229.26,0.222895
1046.6,0.104629
916.292,0.09157
20907.9,2.05342
1198.63,0.119812
1409.08,0.140842
1187.58,0.118743
1605.96,0.160578
828.434,0.0827856
3437.17,0.342628
1999.82,0.199773
1600.51,0.160043
1113.71,0.111038
4054.1,0.405279
1442.31,0.144223
1314.87,0.108789
818.557,0.0817143
1546.8,0.154651
737.815,0.0737813
1020.63,0.102054
767.503,0.0767121
1272.2,0.127206
1219.05,0.121875
2601.21,0.258564
2857.99,0.285722
886.305,0.0881924
2350.75,0.235047
894.428,0.0894258
1143.52,0.11392
1581.56,0.158081
3713.82,0.37131
970.492,0.0970315
2137.73,0.213486
2176.22,0.21738
2211.71,0.221077
1335.98,0.133564
1464.14,0.146253
1468.96,0.146516
1104.83,0.110372
2398.94,0.238323
1500.69,0.150031
2711.76,0.271097
1975.32,0.197474
1813.71,0.181325
1050.95,0.105068
1446.43,0.144596
1492.77,0.149247
1677.86,0.167695
1560,0.154903
4118.24,0.411559
1625.17,0.162512
1140.64,0.114047
911.146,0.0911033
1084.55,0.108447
637.504,0.0637362
1495.77,0.14951
1528.08,0.146044
3168.97,0.315759
1059.37,0.105825
2560.05,0.255678
898.537,0.0898008
906.836,0.0906765
1078.58,0.107842
1186.61,0.118648
1434.38,0.143254
994.244,0.0993896
2705.31,0.270298
1641.31,0.163783
1114.25,0.111392
1246.32,0.124443
8600.33,0.859404
2110.15,0.210963
1141.05,0.114099
889.046,0.088891
1150.09,0.114992
1754.97,0.175175
702.886,0.0702395
2541.05,0.253774
848.521,0.0846475
1395.19,0.139213
1375.2,0.137429
1364.44,0.136285
702.125,0.0701696
541.955,0.0536561
1784.55,0.178348
3256.38,0.325463
2235.79,0.223362
5808.45,0.580688
2064.1,0.206275
837.16,0.0837032
653.686,0.0653263
1064.81,0.106452
1883.96,0.188304
794.488,0.0793932
3466.78,0.346549
586.337,0.0586213
1002.56,0.100183
1275.67,0.127496
1360.46,0.135533
2025.15,0.202422
1504.75,0.150416
1333.61,0.132964
928.952,0.0928588
3405.66,0.340504
837.372,0.0837329
982.767,0.0982572
895.987,0.0889493
1063.16,0.106314
985.883,0.0985763
1586.31,0.158599
778.402,0.0777288
1319.97,0.131901
1383.76,0.138356
1496.05,0.149546
1198.35,0.11964
1725.33,0.172302
706.652,0.0706627
956.769,0.0955198
573.565,0.0573457
708.52,0.0708177
556.534,0.0556465
1493.61,0.149315
1760.23,0.175992
968.684,0.0968575
1655.83,0.165569
4297.73,0.429686
1244.69,0.124424
875.516,0.0854028
1180.23,0.118018
7558.38,0.755193
2488.9,0.248777
2019.63,0.201914
1847.16,0.18469
1104.2,0.110377
1341.94,0.13414
3637.21,0.363589
1239.94,0.123889
856.285,0.0855369
2346.72,0.233531
1496.44,0.149616
1058.14,0.105803
800.204,0.0798402
2266.72,0.226536
1412.65,0.141229
801.765,0.0801629
2972.08,0.297061
826.652,0.0826188
961.105,0.0961009
1529.04,0.152766
854.664,0.0854338
1093.82,0.10933
1413.84,0.141274
1294.13,0.129397
2426.76,0.242262
1732.23,0.173164
686.996,0.0686392
897.654,0.0897267
892.195,0.0891613
848.264,0.0847807
2104.58,0.210396
764.725,0.0764465
858.708,0.0857776
1098.09,0.108587
2142.8,0.214192
1487.76,0.148606
1032.82,0.103222
961.309,0.0961044
2036.89,0.203572
859.372,0.0858087
1125.13,0.112505
1212.44,0.121221
1129.62,0.112949
6278.58,0.626177
1304.6,0.130398
1472.28,0.14721
2105.62,0.210423
1873.71,0.187218
775.887,0.0775767
6830.2,0.67448
1613.54,0.161342
2621.39,0.262034
1421.45,0.141877
789.872,0.0789715
1083.97,0.108251
1811.45,0.181131
1171.94,0.116904
1028.52,0.102842
1726.45,0.172444
1152.37,0.114509
4385.84,0.438085
845.435,0.0845159
8800.87,0.877893
1521.15,0.15183
983.419,0.0981479
901.465,0.0881637
1225.14,0.122507
5244.15,0.523928
1227.96,0.122775
2167.1,0.216449
1739.72,0.173887
10404.8,1.03641
2107.27,0.210635
1565.74,0.156421
1040.95,0.104071
974.401,0.0974303
2303.6,0.230056
812.057,0.0812043
1121.15,0.111839
936.017,0.0935827
1668.06,0.166763
721.506,0.0721339
1278,0.127791
1956.2,0.195569
1301.95,0.129954
1858.93,0.185732
922.906,0.0921352
725.909,0.0725197
1585.7,0.158436
1080.38,0.108021
832.977,0.0832405
2359.49,0.235921
1227.27,0.122434
4135.74,0.413221
915.113,0.0914823
791.835,0.079178
1238.57,0.123821
2727.68,0.272509
1056.74,0.105659
1422.04,0.142122
2119.69,0.211222
1281.47,0.128115
873.08,0.0872844
1292.9,0.129206
1053.61,0.105349
1335.71,0.133557
2401.42,0.239766
571.141,0.0570179
979.001,0.0978875
1705.97,0.170486
2758.37,0.27575
1750.51,0.174902
828.502,0.0828438
2555.21,0.255432
748.302,0.0748223
860.656,0.0860001
616.478,0.0616439
1860.46,0.185937
477.073,0.0476851
1016.46,0.101642
11172,1.11439
1156.67,0.115597
3451.31,0.344714
10422.5,1.03782
1654.38,0.165344
478.903,0.047879
1175.61,0.117549
4798.3,0.479375
3221.18,0.321816
1369.52,0.136885
1231.51,0.122997
3289.14,0.328891
586.178,0.0585973
581.531,0.0581192
2390.86,0.23903
891.731,0.0891597
823.046,0.0822944
1332.25,0.133108
1712.89,0.171268
2661.88,0.266157
1360.1,0.135871
747.542,0.0747335
1316.81,0.131639
770.125,0.0769828
592.074,0.0592025
850.563,0.0850364
16379.7,1.63512
784.016,0.078398
2019.07,0.201882
1571.53,0.157086
1162.75,0.116239
1050.34,0.104961
1671.79,0.166855
1022.42,0.102163
1335.41,0.133475
1109.82,0.110917
1535.23,0.15349
2130.93,0.213032
2270.73,0.226866
2752.77,0.274698
1060.5,0.106038
577.862,0.0577786
1100,0.109789
1862.53,0.186241
1323.51,0.132286
5100.52,0.50991
1461.5,0.146099
7001.14,4.82486
979.387,0.0979366
1172.2,0.117187
966.091,0.0964836
2085.05,0.208337
1050.49,0.104511
1039.52,0.103874
6858.04,0.683583
967.975,0.0967293
930.891,0.0930708
1607.01,0.160619
1040.16,0.103902
1219.22,0.121905
1989.64,0.198806
706.529,0.0706443
906.304,0.0905885
645.713,0.0645624
1939.28,0.193867
1192.43,0.117692
2061.58,0.205602
673.424,0.067322
1397.58,0.139732
838.879,0.0838764
1118.17,0.111715
1869.97,0.186628
1487.66,0.148628
1394.17,0.139379
2129.19,0.21269
1060.65,0.106045
1239.56,0.123783
1941.94,0.194147
1327.83,0.13276
1832.25,0.183133
4225.44,0.421704
3501.65,0.349873
1417.81,0.141764
1383.62,0.138326
2007.06,0.200671
867.365,0.0866808
1275.73,0.127562
643.965,0.0642005
907.826,0.0907735
1956.62,0.195631
2355.96,0.235567
779.63,0.0779146
1069.55,0.106863
2780.51,0.27787
705.917,0.0705117
882.357,0.0882187
1790.41,0.178982
1236.09,0.123573
1851.98,0.121406
596.884,0.0596459
2164.98,1.50926
964.863,0.0964807
1235.71,0.123524
1010.76,0.10107
2709.55,0.27078
1511.74,0.151147
2482.08,0.247937
1614.11,0.161365
1465.86,0.146529
2838.3,0.283618
941.215,0.0940776
850.159,0.0850097
1736.42,0.173373
836.111,0.083519
1632.03,0.162954
2547.54,0.254317
1721.59,0.17206
812.049,0.0811973
1181.92,0.11816
901.523,0.0901183
1058.54,0.105845
1978.88,0.197754
1139.79,0.113946
2424.98,0.242263
783.619,0.0783543
1069.78,0.106925
1173.51,0.117343
1275.07,0.127464
1170.58,0.117048
2803.97,0.280072
1972.88,0.196888
977.382,0.0976301
1139.16,0.113908
2063.19,0.206254
1275.77,0.127552
1679.56,0.167935
1688.56,0.168515
998.06,0.0997962
1261.96,0.126145
1094.44,0.109394
1349.27,0.134912
656.462,0.065629
2428.93,0.242802
1836.26,0.183311
720.28,0.0720168
827.259,0.0827165
1487.99,0.148466
1387.08,0.138688
916.773,0.0916678
1446.77,0.144664
2070.63,0.207022
1691.4,0.169077
1418.31,0.141739
929.327,0.0929058
944.821,0.0944216
1330.35,0.133018
1184.34,0.118424
8126.03,0.81182
739.524,0.0739427
791.737,0.0791486
1666.11,0.16632
662.138,0.0661137
1272.32,0.127158
933.924,0.0933665
6473.08,0.645251
3582.21,0.35814
2294.15,0.229339
1330.77,0.133026
853.189,0.0852431
1290.68,0.129016
985.233,0.0984818
1386.6,0.138616
1245.43,0.124345
1982.67,0.197828
1063.8,0.106351
1346.38,0.134624
897.131,0.0897069
23179.2,2.30869
1229.51,0.122935
2499.71,0.249634
2836.52,0.283344
743.877,0.0743254
1325.29,0.132468
1300.08,0.129642
1199.18,0.119893
4646.29,0.464361
2586.04,0.258423
769.488,0.0769368
1101.18,0.110062
1172.92,0.117264
992.367,0.0992182
1122.36,0.112217
2195.19,0.219378
1123.26,0.112246
1006.5,0.100628
882.424,0.0882387
1650.46,0.165004
1995.75,0.198669
1309.41,0.130905
1736.61,0.173654
1766.09,0.17659
1355.59,0.135528
576.514,0.0576288
1149.11,0.114489
738.14,0.0737949
1191.91,0.119183
1346.19,0.134583
1204.98,0.120399
799.981,0.079924
1219.36,0.121887
1699.97,0.169722
1586.33,0.158587
1113.94,0.111375
6022.4,0.599837
934.041,0.0933927
728.928,0.0728893
9137.16,0.913529
1174.96,0.117408
1121.59,0.112141
1379.69,0.137889
1270.33,0.12688
975.031,0.0973429
1199.57,0.119875
679.396,0.0679221
1244.35,0.124422
553.622,0.0553194
2280.75,0.227984
2392.08,0.238982
1300.36,0.12995
882.847,0.0882574
1766.11,0.176552
1039.85,0.103935
1051.69,0.105048
3751.11,0.374842
928.323,0.0921657
876.87,0.087076
1133.32,0.113316
1388.02,0.138553
1591.82,0.15905
841.221,0.0841149
2559.26,0.255701
1028.12,0.102804
1585.65,0.158521
886.38,0.0886292
781.123,0.0780699
1785.48,0.178312
621.332,0.0621258
932.106,0.0931771
1086.53,0.108574
3204.03,0.320042
1194.23,0.119274
3789.81,0.378609
909.005,0.0908435
894.655,0.0894612
1202.31,0.119352
892.2,0.0892147
876.656,0.0876579
1341.8,0.134153
790.917,0.0790594
1213.6,0.121097
903.877,0.090309
1492.34,0.149124
1263.76,0.126312
876.984,0.086013
1662.84,0.166164
724.921,0.0722678
2131.37,0.213121
1346.56,0.134498
9083.16,0.904928
1137.16,0.113704
850.075,0.0849984
2039.09,0.203783
825.533,0.0825326
1133.19,0.11314
748.832,0.0747988
2865.26,0.285592
1032.04,0.103189
884.425,0.0883904
1537.94,0.15375
837.742,0.0837714
1250.95,0.125071
838.629,0.0837372
1445.77,0.144568
6410.8,0.638356
3372.91,0.336984
1605.22,0.160276
6167.66,0.615099
978.187,0.0977311
1004.03,0.100391
541.522,0.0540634
919.108,0.0917833
677.013,0.0676641
814.682,0.0814532
744.864,0.0744498
1205.7,0.120558
874.097,0.0873108
3428.1,0.342243
1733.16,0.173176
18000.1,1.79128
1789.86,0.177168
2222.61,0.222234
1857.96,0.185777
918.376,0.0917475
957.202,0.0943708
1357.88,0.135756
864.593,0.0862092
993.441,0.0992922
26562.6,2.63333
1818.43,0.181806
878.997,0.0878746
2029.44,0.202853
3141.59,0.314074
4997.49,0.498875
1261.88,0.126176
880.871,0.0880831
1207.55,0.12074
971.155,0.0970994
1557.88,0.155688
3103.3,0.309921
2627.38,0.262709
932.356,0.093154
1503.28,0.140282
2022.13,0.20214
810.651,0.0809993
4419.86,0.440651
1354.76,0.135416
1699.57,0.169801
1405.01,0.1391
3018.34,0.301738
1087.8,0.108772
920.892,0.0918769
1123.46,0.112322
1664.67,0.166415
1252.82,0.125267
1073.28,0.107232
792.035,0.0792004
824.958,0.0824525
1552.48,0.155197
2565.03,0.256347
1128.55,0.11278
4110.1,0.410291
1470.69,0.147055
935.217,0.0934751
2919.92,0.291195
1564.64,0.156338
953.264,0.0952624
1919.09,0.191659
1767.46,0.175868
918.058,0.0915843
2004.66,0.200197
1077.14,0.107652
3269.41,0.327822
1047.43,0.104636
1193.56,0.119347
1423.03,0.142264
1072.2,0.106741
1220.12,0.122007
1845.87,0.184502
790.136,0.0788359
1375.93,0.137583
1133.62,0.113331
783.845,0.0783761
793.517,0.0792923
4383,0.438077
946.184,0.094616
1473.51,0.147342
2639.22,0.263525
4473.8,0.44703
977.463,0.0976365
1513.95,0.150971
1809.85,0.180901
1278.3,0.127727
1586.62,0.1586
1946.65,0.194595
5192.71,0.515454
1509.92,0.150718
859.933,0.0859767
1017.7,0.101748
1345.64,0.134517
788.176,0.0787877
973.668,0.0973462
991.577,0.0990533
1431.76,0.143129
645.892,0.0645808
1331.13,0.133101
1785.21,0.178501
1416.08,0.141587
2880.97,0.288057
980.746,0.098059
5509.17,0.549583
893.664,0.0893601
921.316,0.0921228
767.891,0.0767834
4566.26,0.453844
2634.99,0.263085
1125.94,0.112586
1310.02,0.130936
2231.19,0.223079
1292.8,0.129188
1747.77,0.174719
864.26,0.0864213
3290.23,0.328391
1930.94,0.191957
1834.73,0.183145
1919.49,0.1919
2402.86,0.240152
1053.27,0.105094
2856.13,0.285433
1398.23,0.139809
1197.76,0.119749
6543.74,0.654115
835.325,0.0835237
1338.24,0.133794
800.379,0.0800256
1669.74,0.166688
1443.74,0.144167
1557.6,0.155707
687.891,0.0687767
1086.72,0.108314
839.947,0.0839864
1457.13,0.145515
2851.61,0.284889
2063.93,0.20612
819.035,0.081868
1611.8,0.161062
1183.23,0.118296
837.669,0.0837536
2119.48,0.211409
1146.04,0.11396
1691.92,0.169152
783.4,0.0783329
1145.49,0.114531
1728.66,0.172586
1051.81,0.105139
808.618,0.0808511
567.207,0.0566899
907.548,0.0891091
1188.06,0.118691
854.754,0.085437
728.696,0.0728678
1568.14,0.156788
1479.1,0.147865
1049.22,0.10488
5195,0.518351
657.594,0.0657275
582.809,0.0577982
1253.01,0.125286
921.7,0.0919414
2045.84,0.174958
2551.75,0.255129
1476.62,0.147651
1028.06,0.102786
758.051,0.0758009
475.023,0.0474921
2055.43,0.205518
1108.82,0.110877
1693.65,0.169336
2354.52,0.235427
924.224,0.0921139
1487.44,0.148638
994.604,0.0994571
10838.4,1.08146
990.562,0.0990296
5090.91,0.507928
1223.85,0.122133
795.891,0.0795778
611.882,0.0611848
1848.76,0.18484
1306.46,0.130615
1903.8,0.190361
1614.32,0.161236
1038.91,0.10387
1006.98,0.100557
1632.59,0.163248
811.658,0.0811089
1019.26,0.101902
868.025,0.0867598
974.365,0.0974145
1426.82,0.142645
1543.88,0.154349
4192.7,0.418608
2336.1,0.2334
1178.32,0.117806
1837.23,0.183666
828.959,0.0828708
1218.67,0.121809
1537.69,0.153661
1585.93,0.158576
1545.46,0.154451
2351.24,0.235002
790.356,0.0789754
924.495,0.0923781
1426.44,0.142602
697.894,0.069784
1273.16,0.127287
2805.93,0.174114
15278,2.11024
784.684,0.0784526
1288.05,0.128708
1315.29,0.131443
11526.7,1.1497
1223.34,0.122322
2487.62,0.248677
1888.19,0.188795
1519.81,0.151958
1487.61,0.148712
896.107,0.0896004
2651.68,0.26502
692.608,0.0684775
1950.58,0.194954
1485.85,0.148172
1040.06,0.104003
2160.39,0.215937
1396.59,0.139644
1832.74,0.183242
951.321,0.0951266
1872.75,0.187221
1587.68,0.158727
1208.99,0.120754
1149.11,0.113592
805.1,0.0800128
1117.02,0.111552
1875.02,0.187435
1443.61,0.144265
1367.28,0.136665
2324.04,0.232348
877.765,0.0876749
1443.2,0.144175
1269.72,0.126934
1391.98,0.13906
454.818,0.0454378
2846.49,0.284508
1093.15,0.109275
2414.67,0.240768
781.951,0.0781764
985.561,0.0985413
3641.65,0.363962
7827.69,0.780621
1264.62,0.126447
1511.48,0.150975
592.24,0.0591402
1299.54,0.129891
1737.71,0.173697
1166.91,0.116587
468.091,0.0467802
936.51,0.0933951
1241.04,0.124085
1431.12,0.14301
2083.15,0.208261
1685.74,0.168499
498.409,0.0498218
3009.47,0.300768
553.711,0.055227
611.398,0.0611326
1323.48,0.132308
958.058,0.0956542
1042.25,0.104206
1773.09,0.17729
3273.78,0.327193
1037.69,0.103753
927.697,0.0927472
2330.08,0.231302
709.334,0.0709314
1119.86,0.111839
2398.05,0.239723
2052.84,0.205204
1790.95,0.179024
1839.32,0.183849
795.425,0.0795415
1057.22,0.105715
10996.1,1.09596
1018.37,0.10182
878.455,0.0878357
588.451,0.0588445
659.052,0.0658769
856.261,0.0855716
4796.69,0.469307
1335.95,0.133482
999.691,0.0999511
1837.2,0.183685
1402.41,0.140071
847.198,0.084592
1208.43,0.120197
998.184,0.0998097
4547.21,0.454617
1424.61,0.142434
1201.32,0.120019
695.689,0.0693511
1698.93,0.168524
1310.44,0.130935
1689.47,0.168917
589.597,0.058915
1211.83,0.121149
876.63,0.0875905
679.718,0.0679604
2196.51,0.219578
1033.32,0.102659
1664.21,0.166388
1476.26,0.147491
501.426,0.0501352
1034.49,0.103354
5371.14,0.536758
733.756,0.0711352
2282.17,0.228176
777.831,0.0775871
2219.81,0.221872
2004.88,0.200179
1252.33,0.125223
2588.09,0.257589
2362.15,0.236191
996.686,0.0996465
11108.7,1.10591
8554.11,0.851585
1938.82,0.193823
1185.92,0.118518
599.101,0.0598775
767.06,0.076705
1009.05,0.100889
751.704,0.0751244
652.011,0.0651996
4075.41,0.407337
1031.93,0.103092
1787.42,0.178572
2165.21,0.214334
1763.68,0.175717
1431.08,0.142962
2663.58,0.2662
1786.36,0.178591
647.062,0.0658944
1097.5,0.109732
1025.09,0.102489
922.673,0.0922592
830.62,0.0830117
2657.72,0.265719
1672.39,0.167207
802.793,0.0802605
1072.09,0.107139
3970.97,0.39676
1472.93,0.147276
1521.33,0.152077
914.064,0.0913276
808.623,0.0808596
1122.31,0.112207
1878.57,0.187772
1241.71,0.124163
1320.94,0.132054
943.395,0.0943191
1936.75,0.19357
1809.92,0.180921
1657.34,0.165644
3480.97,0.34779
1177.24,0.117707
3291.52,0.328797
1235.95,0.123363
2635.21,0.263492
3306.77,0.330558
1382.25,0.138164
9137.72,0.910847
1676.05,0.167434
934.958,0.0934242
713.23,0.0713207
1313.16,0.131243
1372.41,0.137106
721.524,0.0721201
684.337,0.0684115
1650.18,0.164959
6600.47,0.65952
1174.27,0.117216
834.644,0.0834547
710.576,0.071051
1244.04,0.124403
591.256,0.0591244
1729.66,0.17295
1002.99,0.100295
1514.53,0.151436
777.369,0.0774009
1163.72,0.116331
2257,0.225624
986.155,0.0985663
1599.58,0.159617
3067.68,0.30657
1816.62,0.181566
2088.08,0.208776
1865.89,0.186505
810.603,0.0809646
914.481,0.0914036
808.118,0.0807401
1557.34,0.155701
895.29,0.0894797
944.343,0.0943945
1229.54,0.122926
972.636,0.0971193
758.703,0.0753998
1341.59,0.134133
871.965,0.0871796
768.066,0.0767691
2041.61,0.204124
1727.21,0.172461
5125.45,0.510284
2758.81,0.275824
709.237,0.0707569
5860.86,0.58467
2142.78,0.213807
1633.28,0.163301
1167.25,0.116717
3363.96,0.335993
1083.04,0.108285
1141.56,0.114127
4658.66,0.463772
2202.45,0.220155
1532.08,0.15277
1171.61,0.117129
647.112,0.0646831
2064.2,0.206341
1266,0.126573
810.523,0.08103
1471.57,0.14715
10396,1.03584
1242.51,0.124165
1096.63,0.109653
1460.16,0.145994
1131.87,0.113144
1159.97,0.114661
1015.77,0.101568
1070.85,0.106943
1070.47,0.107037
3281.38,0.328083
967.289,0.0966498
914.692,0.0912202
904.529,0.0904434
2862.35,0.28618
1901.32,0.189376
1053.94,0.105225
1156.34,0.115358
1311.95,0.131161
1511.34,0.151114
816.367,0.0815754
780.68,0.0780576
1171.15,0.116881
1369.11,0.136908
1728,0.172717
1741.36,0.17409
1198.38,0.119829
919.345,0.0919106
1443.03,0.144273
1017.6,0.101755
3646.63,0.364323
13526.1,1.34952
2036.88,0.203652
2415.58,0.241527
2388.1,0.238614
1198.49,0.119722
1307.71,0.130764
1486.1,0.14859
1020.69,0.102009
1055.61,0.105532
894.518,0.0894221
1063.58,0.106323
3590.26,0.358743
11426,1.13919
1254.67,0.125315
1142.83,0.114177
786.419,0.0786341
1330.61,0.132907
1070.61,0.106862
1489.18,0.148892
944.623,0.0944579
982.359,0.0981884
736.484,0.0735449
2210.56,0.220914
1002.22,0.100161
1575.15,0.157406
660.531,0.066036
1762.3,0.176138
1261.31,0.125818
1562.86,0.156278
1410.92,0.141067
888.332,0.0887967
977.213,0.0976711
960.985,0.0960133
914.068,0.0913827
958.73,0.0957767
1102.16,0.109542
6454.93,0.644961
8442.9,0.84374
2386.8,0.238081
954.393,0.0954066
2687.91,0.268559
2590.69,0.258592
3892.78,0.388562
1592.84,0.159234
2428.98,0.242823
1484.92,0.148479
1161.57,0.116146
1084.31,0.108391
1163.57,0.116298
1510.45,0.150898
1190.65,0.119033
1364.22,0.136335
1024.8,0.102455
888.588,0.0888551
1963.51,0.196282
1179.56,0.117813
1167.07,0.116647
2021.73,0.202107
672.113,0.0670875
1815.23,0.181513
2540.34,0.254009
799.599,0.0798818
3558.2,0.355646
1510.58,0.150966
2639.46,0.263909
728.521,0.0728378
966.777,0.0964923
938.302,0.0935821
960.115,0.0959301
581.757,0.0606232
8117.42,0.811075
844.024,0.0842571
1305.82,0.130519
1149.37,0.114779
1243.75,0.124332
2225.68,0.222511
1094.4,0.109435
1983.2,0.198169
1029.29,0.102811
4128.74,0.412785
2327.17,0.232621
1692.74,0.169229
1188.28,0.118805
531.471,0.0531355
1601.14,0.160096
9537.94,0.951413
862.065,0.0861746
2281.68,0.227916
1066.59,0.106645
953.487,0.0952448
767.184,0.0766993
3686.05,0.368495
1048.55,0.104844
650.154,0.0648017
1051.61,0.105157
2151.7,0.215124
1277.85,0.125818
6984.76,0.697833
1803.45,0.180069
941.531,0.0940701
1190.85,0.118583
1705.43,0.170405
1716.18,0.171585
1964.91,0.196274
1027.42,0.10251
1184.51,0.118414
850.341,0.0850243
958.042,0.0956908
1903.98,0.190043
1146.47,0.1146
1124.79,0.112382
1574.56,0.157419
1341.68,0.134123
1774.76,0.177283
1498.62,0.14983
990.886,0.0990556
1395.7,0.139523
1165.86,0.116553
1547.45,0.154705
1425.08,0.142201
16246.7,1.621
940.346,0.0940255
1290.7,0.123863
2572.18,0.256901
969.575,0.0968592
1580.33,0.157936
1685.68,0.168344
775.651,0.0775487
1141.1,0.11404
2439.12,0.243858
1532.86,0.153213
1289.92,0.128866
951.963,0.095138
1112.82,0.111134
4985.1,0.496488
1203.77,0.120354
943.568,0.0942659
2338.57,0.233263
6582.41,0.657668
1192.37,0.119216
1398.51,0.139839
1178.7,0.11783
1330.28,0.132995
1528.43,0.152823
2168.61,0.216698
3702.11,0.369993
1636.35,0.163432
1724.22,0.172307
1025.46,0.102386
645.336,0.0644332
913.428,0.0913152
985.383,0.0984268
1033.17,0.103315
932.067,0.0932028
1179.53,0.11789
2002.21,0.200084
9196.36,0.916564
963.468,0.0960241
2622.13,0.261996
1784,0.178313
1339.5,0.133925
1231.09,0.123094
1477.33,0.147704
1128.38,0.112716
6023.79,0.600579
930.259,0.0929908
1105.49,0.110533
9099.94,0.905586
986.592,0.0986534
1271.39,0.127111
1249.76,0.124631
1348.89,0.134734
1564.21,0.156398
2239.97,0.223719
1272.88,0.127271
1752.31,0.175045
1207.24,0.120698
3635.93,0.363264
11311.1,1.12997
995.684,0.0995538
1163.03,0.116294
1588.97,0.158832
812.638,0.0812614
1819.55,0.181915
790.902,0.0790585
1677.42,0.167491
1207.8,0.120774
1343.15,0.134178
1644.83,0.164416
864.803,0.0864714
1685.33,0.16849
1731.62,0.171699
1656.66,0.165306
1755.99,0.175576
2323.58,0.232335
1014.84,0.101473
914.605,0.0914501
925.129,0.0925086
606.21,0.0436941
681.157,0.0681063
799.053,0.0798806
695.688,0.0695585
1290.27,0.12896
1178.29,0.117506
3704.2,0.369327
1436.66,0.143652
1763.47,0.176109
949.703,0.094963
2018.92,0.201784
3416.87,0.340492
1283.46,0.128291
1292.51,0.129166
629.79,0.0629379
1203.36,0.120319
993.36,0.0993198
3547.21,0.354671
1278.82,0.127867
1022.34,0.102156
847.64,0.0847371
6044.76,0.60417
2662.5,0.266185
940.052,0.0939601
863.543,0.0862402
1660.46,0.16601
1618.05,0.161629
1644.63,0.164294
2180.32,0.217915
667.367,0.0667226
2916.86,0.291583
1188.09,0.118794
11124.5,1.11137
866.535,0.0866281
1038.48,0.103823
1173.39,0.117197
3278.79,0.327194
1228,0.12174
2930.78,0.292363
857.451,0.0857378
1980.4,0.197838
1969.77,0.196769
2014.15,0.200654
3762.76,0.376055
1214.12,0.121386
1067.55,0.106476
1252.38,0.125207
925.721,0.0924213
1096.87,0.109662
1179.25,0.117903
1282.18,0.1282
1643.75,0.164338
6095.13,0.607271
1016.22,0.101609
1030.06,0.102965
3416.4,0.340735
817.43,0.0816908
571.803,0.0571543
2526.6,0.252586
984.868,0.0984678
772.249,0.077205
574.591,0.0573056
672.969,0.0672305
757.908,0.0757823
1255.84,0.125421
1974.68,0.195261
870.778,0.0869574
1815.62,0.181508
949.029,0.0900742
1055.26,0.105449
963.432,0.0961402
2977.32,0.297715
902.095,0.0901927
560.819,0.0560377
2107.59,0.21066
1571.23,0.157078
916.575,0.0916466
835.998,0.0835946
1158.28,0.11581
999.622,0.0998599
971.712,0.0971492
1758.88,0.175793
1153.34,0.115288
3532.56,0.352849
2088.93,0.208888
2622.26,0.262106
892.729,0.0892014
900.816,0.0900664
944.375,0.0944325
707.645,0.0707311
1690.24,0.168932
984.396,0.0981009
1559.66,0.155941
1670.69,0.166946
2388.25,0.238788
9802.13,0.979089
1596.2,0.15954
2416.32,0.241317
2098.57,0.209257
1358.91,0.135885
922.363,0.0921918
1092.98,0.110393
840.624,0.084019
1455.4,0.145423
1225.6,0.122405
2464.72,0.245918
1480.23,0.147341
1163.88,0.11626
897.124,0.0896373
3976.05,0.396688
1499.86,0.149968
6041.69,0.602711
1332.37,0.133216
2618.51,0.261789
854.003,0.0852761
2414.51,0.241046
1031.94,0.102837
743.772,0.0743444
3970.11,0.39672
762.507,0.0761701
7566.41,0.755753
4052.43,0.404941
1353.72,0.135254
2002.79,0.199323
3737.8,0.373433
1007,0.100681
1182.39,0.118163
771.278,0.077123
6036.9,0.60247
3832.89,0.382649
1066.15,0.106606
956.687,0.0955794
1136.93,0.113411
1642.76,0.164231
826.558,0.0826505
5684.06,0.568228
1222.65,0.122258
970.457,0.096954
834.785,0.0834454
732.948,0.0732614
1371.21,0.13695
978.344,0.0991517
895.19,0.0894799
12955.4,1.29304
947.487,0.0945373
807.22,0.0806922
836.654,0.0836519
825.768,0.0825727
1214.74,0.121388
986.28,0.0986222
2002.06,0.1995
1322.29,0.132063
1674.53,0.167361
2579.5,0.25787
1440.63,0.143906
1095.75,0.105487
886.547,0.0886394
1139.5,0.11373
1611.58,0.161152
1455.18,0.145492
886.78,0.08864
4962.7,0.495126
811.021,0.0810916
652.876,0.0652735
1172.09,0.116743
1929.47,0.19283
4875.9,0.485187
894.166,0.0893981
1253.47,0.125329
859.299,0.0859028
1401.5,0.140115
645,0.064467
2308.81,0.230135
830.22,0.0829946
782.177,0.0781803
1954.19,0.195262
1150.3,0.114949
2627.17,0.262442
1506.33,0.150583
1069.35,0.106934
1523.66,0.152321
951.574,0.0951393
2392.83,0.239197
4187.76,0.418503
1030.72,0.103047
1151.78,0.115034
2512.04,0.250647
1099.12,0.109896
1870.11,0.186934
996.091,0.099598
3217.59,0.321544
7493.02,0.746842
6028.87,0.979358
2354.24,0.235116
677.684,0.0677534
1268.86,0.126756
1382.38,0.138169
1428.37,0.142742
1600.15,0.159783
978.186,0.0978099
1161.82,0.11605
2019.8,0.20133
881.856,0.0881559
1463.3,0.146309
1284.07,0.128278
1152.49,0.115214
1069.94,0.10698
1862.7,0.186185
1280.47,0.127939
1053.78,0.105328
1008.05,0.100737
2105.19,0.210404
5504.47,0.549844
908.565,0.0908223
866.006,0.0865966
998.311,0.0997849
1210.34,0.120976
2277.15,0.227667
1738.16,0.173771
1997.96,0.199788
828.433,0.0828315
1100.53,0.110031
948.3,0.094828
2823.39,0.282073
939.105,0.0937209
1027.84,0.102748
1234.72,0.12324
1046.41,0.104632
1382.58,0.138245
975.485,0.0975278
1337.25,0.133708
1147.01,0.114508
2084.01,0.208364
1750.61,0.174996
792.358,0.0792025
1411.91,0.14115
1741.07,0.174065
1755.28,0.175513
2843.46,0.284016
974.248,0.0974065
3478.89,0.346887
742.128,0.0742034
968.759,0.0968587
1438.52,0.143634
3181.77,0.318059
751.104,0.0750725
822.72,0.0822434
1326.25,0.132587
1024.24,0.102258
1398.85,0.139674
762.226,0.0761368
1420.51,0.142019
977.916,0.097784
894.195,0.0894074
12566.9,1.25382
1119.2,0.111898
644.702,0.0644549
2468.83,0.246728
719.511,0.0714879
1321.55,0.132003
713.823,0.071372
2748.46,0.272213
1864.35,0.186415
891.186,0.0891096
2017,0.201507
863.049,0.0862017
386.956,0.0386759
1053.93,0.105372
1710.25,0.170954
1807.09,0.180555
1295.68,0.129419
3134.9,0.311001
1608.21,0.160763
3200.45,0.319927
1480.86,0.14795
1196.44,0.119132
1877.7,0.185963
1085.81,0.10848
797.676,0.0797474
1278.97,0.127861
1047.94,0.104696
1719.42,0.171912
885.403,0.0883066
999.171,0.0999102
2415.01,0.240779
734.166,0.073377
1769.26,0.176717
1506.05,0.150414
2980.12,0.297849
898.168,0.089794
843.366,0.0842732
2602.71,0.259735
1329,0.132884
754.965,0.0754715
2120.81,0.211984
991.032,0.0990844
3663.43,0.366253
1398.47,0.139833
928.326,0.0928312
800.859,0.0800797
580.552,0.0580311
693.762,0.0693559
1291.65,0.129157
1109.32,0.110845
1014.99,0.101354
1261.23,0.125913
1042.12,0.104149
1282.28,0.128139
1020.14,0.100289
1053.95,0.105367
645.606,0.0645449
1962.17,0.196175
663.71,0.0663608
721.377,0.0720956
1012.59,0.101226
1133.95,0.113369
1645.46,0.164512
900.247,0.08999
769.941,0.076924
1929.37,0.192857
1025.44,0.102195
1145.23,0.114486
1597.17,0.159596
985.614,0.0985491
1320.65,0.13198
1788.3,0.178808
1164.48,0.116366
1407.57,0.140733
1413.93,0.141386
1362.36,0.136112
768.363,0.0768269
3397.52,0.339689
721.426,0.0720757
883.774,0.0883706
1514.67,0.151456
1475.16,0.147509
6899.48,0.689158
848.662,0.0848494
907.826,0.0907651
1035.68,0.103415
1771.14,0.176817
941.869,0.0941161
1781.8,0.178163
1543.13,0.154235
827.042,0.0826685
791.493,0.0791411
924.187,0.0924147
1441.96,0.144022
2357.61,0.234658
2942.42,0.294166
1859.12,0.185304
2335.3,0.233473
822.546,0.0822077
1373.34,0.137154
825.713,0.0825662
947.758,0.0947705
1495.3,0.149382
1156,0.11559
3263.03,0.326124
1279.73,0.127934
754.678,0.0754152
1221.27,0.122038
2480.54,0.248007
816.08,0.0815876
1410.2,0.140977
1587.61,0.158756
1406.13,0.140488
887.024,0.0886997
636.75,0.0636668
1261.55,0.126146
2030.08,0.202824
1367.3,0.136694
1023.02,0.102285
8099.93,0.809138
2581.39,0.257802
721.599,0.0721373
1898.81,0.189794
2027.27,0.202674
855.772,0.0855657
1549.9,0.154925
1405.47,0.140523
3785.42,0.378125
929.665,0.0929434
2103.85,0.210344
989.358,0.0989259
1875.94,0.187369
1041.93,0.104128
1331.86,0.133126
976.915,0.0975073
7067.98,3.84982
1147.15,0.114684
954.551,0.0954518
1722.21,0.17217
768.438,0.0767053
1917.28,0.191687
2202.05,0.220179
1360.79,0.136012
3037.34,0.303683
808.998,0.0808764
899.686,0.089965
1780.36,0.178
2244.86,0.224185
2148.3,0.213962
2071.55,0.207118
1766.95,0.176679
2236.51,0.223325
1059.64,0.105946
3082.81,0.307859
1920.19,0.191939
1254.11,0.125408
1291.08,0.129062
1029.47,0.102899
1179.19,0.117861
758.962,0.075878
1276.69,0.127626
1456.34,0.145616
2616.19,0.261456
1575.21,0.157505
2424.08,0.242294
1121.72,0.112151
1173.76,0.117284
1266.59,0.126635
2750.75,0.274645
1168.92,0.116838
2525.01,0.252313
1035.53,0.103536
2711.13,0.270975
743.863,0.0743701
5929.79,0.591525
1039.21,0.103917
1459.53,0.145896
1733.09,0.173207
855.847,0.0855336
2660.71,0.265283
1497.96,0.149721
1491.04,0.149057
649.155,0.0647668
1898.19,0.189731
7546.6,0.753621
947.607,0.094591
1916.56,0.191641
1492.44,0.149204
1217.88,0.121776
887.153,0.0885541
513.625,0.0513542
1595.79,0.159513
1635.59,0.163516
5727.89,0.572465
932.495,0.0931943
896.44,0.0896315
2095.24,0.209112
1367.13,0.135802
2447.44,0.244717
1453.89,0.145347
975.145,0.0974946
781.021,0.0780364
858.83,0.0858611
2758.84,0.275691
1045.15,0.10451
870.054,0.086996
1221.15,0.122012
4113.09,0.410378
646.272,0.0645665
1986.11,0.198547
1479.75,0.147913
1183.92,0.118359
1188.49,0.118835
935.774,0.0935253
1328.32,0.132806
1811.58,0.180636
1290.16,0.129004
1223,0.122279
1383.24,0.13831
1330.46,0.1326
1782.31,0.177987
703.933,0.0703482
1075.45,0.107486
772.83,0.0772204
1175.54,0.117536
1120.94,0.111992
3120.05,0.311949
3281.33,0.327846
463.173,0.0462571
760.168,0.076013
1733.33,0.172971
547.98,0.054789
1137.44,0.113603
2002.51,0.199545
2143.22,0.213919
1269.9,0.126651
1074.04,0.107155
1166.83,0.116624
1357.28,0.135688
3526.53,0.351634
2281.08,0.227682
750.469,0.0749451
8384.47,0.838014
1014.53,0.10144
1081.59,0.107992
1170.61,0.116902
3416.24,0.341105
1069.66,0.106911
973.11,0.0971099
3855.32,0.385453
5860,0.585835
479.77,0.0478961
2211.63,0.221095
1342.56,0.13416
3746.42,0.373933
1140.8,0.114027
1197.47,0.119678
1196.57,0.119621
780.126,0.0778718
1485.52,0.147945
900.522,0.0900354
3915.61,0.391265
2778.38,0.27722
1555.21,0.155448
981.447,0.0981386
1580.86,0.158025
965.075,0.0964888
2052.48,0.204983
821.12,0.0819013
862.961,0.0855406
3971.24,0.396578
1914.36,0.191371
2349.37,0.229116
1206.77,0.120461
2564.35,0.256306
1328.23,0.132762
1433.45,0.143308
765.071,0.0764836
1026.78,0.102659
579.267,0.0579085
2041.72,0.204117
1123.11,0.112072
917.852,0.0917504
2306.96,0.230538
2329.56,0.232764
1100.54,0.110035
4088.25,0.40815
941.582,0.0941334
2058.18,0.2058
876.646,0.0876427
625.339,0.0625324
1328.87,0.132878
1218.95,0.12188
886.523,0.088642
866.578,0.086649
1971.17,0.19696
1131.79,0.113166
1930.51,0.19302
1207.93,0.12076
906.589,0.0906278
3300.72,0.330035
1059.59,0.105815
1038.23,0.103802
1784.64,0.178437
1281.84,0.128123
1401.89,0.140103
2195.6,0.219366
497.115,0.0496834
885.552,0.0885515
1585.52,0.158508
979.559,0.0979435
993.956,0.0993894
2603.3,0.258481
832.842,0.0832517
1115.05,0.11146
2757.56,0.275675
1158.71,0.11582
543.795,0.0542899
1363.2,0.136288
766.735,0.0765535
1457.73,0.145719
760.759,0.0760506
692.725,0.0692351
1815.3,0.181493
905.163,0.090505
1108.9,0.110823
1566.75,0.156515
813.126,0.0812773
857.112,0.0855957
1748.17,0.174254
941.348,0.0941001
2082.02,0.20818
1906.12,0.190518
869.367,0.0869233
923.213,0.0922684
1049.48,0.104927
851.7,0.085087
3032.7,0.303045
1320.62,0.132026
1528.31,0.152609
1863.82,0.18627
1040.08,0.103967
3596.97,0.358965
2160.15,0.215932
3904.43,0.389362
1973.25,0.196955
919.779,0.0919672
773.262,0.0772816
1500.02,0.149872
1406.19,0.140582
1228.79,0.12241
1113.55,0.111294
1436.04,0.143435
2877.3,0.287426
1449.84,0.144928
1898.69,0.189858
1000.01,0.0998419
1755.37,0.175515
911.337,0.091068
966.82,0.0966543
798.648,0.0798532
11389,1.13666
2651.84,0.264815
726.961,0.0726892
944.25,0.0944124
1061.58,0.105899
6072.86,0.606582
1534.36,0.1534
3269.78,0.326803
2912.2,0.291034
924.867,0.0924668
959.541,0.0957117
741.594,0.0741541
1046.62,0.10462
762.945,0.0762576
10065.7,1.00633
791.049,0.0791024
3648.86,0.364571
1532.39,0.153186
880.906,0.0880711
1901.93,0.190165
1114.5,0.111421
981.739,0.0980971
1085.35,0.108398
2004.13,0.200214
1172.2,0.11715
1188.91,0.118876
2460.99,0.245241
883.023,0.0882774
858.156,0.0857794
10289.3,1.02852
783.49,0.0782501
1415.96,0.14155
3269.54,0.323039
2063.94,0.206348
990.404,0.0990026
817.339,0.0817244
1054.91,0.105476
1859.01,0.185534
2730.63,0.269968
1019.7,0.100773
661.453,0.0661323
1251.58,0.125029
1394.72,0.139459
1416.08,0.14155
1758.62,0.175667
1758.21,0.175796
2670.67,0.266875
1051.77,0.10508
1239.64,0.123692
702.084,0.0701998
1658.39,0.165809
802.324,0.0801847
1118.93,0.111888
774.006,0.0773608
844.811,0.0838572
1848.12,0.184681
1001.98,0.100182
1169.05,0.116855
1150.44,0.11495
1522.33,0.152184
4705.15,0.469773
2094.43,0.209091
1373.74,0.137334
1146.52,0.114632
2219.77,0.221781
1896.45,0.189359
939.664,0.0938736
1074.17,0.107292
479.669,0.0479046
2357.65,0.235637
1025.48,0.102436
801.372,0.0801244
830.554,0.0830517
1434.36,0.143378
766.51,0.0760704
971.273,0.0970635
1287.19,0.128609
1011.72,0.101165
1569.08,0.156609
1181.31,0.118123
772.752,0.0771757
1008.13,0.100802
1754.04,0.175279
2181.36,0.21778
1360.16,0.135914
849.213,0.0849177
1041.13,0.10406
744.346,0.0744095
883.832,0.088355
2671.78,0.2671
1105.98,0.110593
7710.9,0.770312
804.819,0.0802995
1031.78,0.103125
1055.53,0.105529
2479.4,0.24754
1080.06,0.107965
1605.61,0.160254
659.108,0.065902
3322.13,0.331742
941.074,0.0941036
2333.7,0.233226
1925.06,0.192459
1281.87,0.128168
833.336,0.0833157
905.79,0.0905673
843.447,0.0843342
714.291,0.0713886
1164.1,0.116401
706.266,0.0705857
1455.62,0.144836
817.043,0.0815351
794.253,0.0794176
767.699,0.0767586
1284.78,0.128435
1666.81,0.166626
777.918,0.0777806
1672.26,0.167141
1195.9,0.118402
1843.87,0.184248
1211.14,0.121097
1252.1,0.125189
948.838,0.0948823
1379.77,0.137939
8565.19,0.854535
1810.2,0.180542
1037.01,0.103692
1387.66,0.138736
1027.03,0.102681
5240.25,0.523412
841.512,0.0841269
1262.75,0.126263
1028.78,0.102873
921.571,0.0919765
951.565,0.0951516
1158.68,0.115716
1142.73,0.114258
1043.6,0.104315
1147.97,0.114269
1297.81,0.129744
3685.75,0.367838
4793.64,0.478655
2506.01,0.250338
1074.87,0.107167
785.778,0.0785365
1457.72,0.145686
2352.74,0.235227
2641.95,0.264017
3228.63,0.32248
2087.01,0.208613
950.105,0.0947904
1864.78,0.18645
1805.67,0.180491
793.392,0.0793221
1612.42,0.161222
2173.81,0.217356
1542.51,0.15324
1698.35,0.169797
2265.35,0.22649
1779.96,0.17774
1047.36,0.104704
1324.55,0.132361
1960.48,0.195851
1190.16,0.119009
1645.9,0.164524
1048.66,0.104846
956.854,0.0956578
1197.39,0.119575
3230.73,0.322815
1910.54,0.190781
864.832,0.08646
2200.8,0.220001
1757.43,0.175357
811.225,0.0811086
2849.25,0.284776
767.594,0.0767317
2503.93,0.250266
665.09,0.0665014
982.739,0.0982684
1698.04,0.169623
5456.9,0.545048
1567.99,0.156792
1175.16,0.11751
2273.79,0.227272
1224.88,0.122428
1095.47,0.109458
1142.32,0.114211
877.849,0.0877812
763.035,0.0762519
1343.19,0.134253
1305.07,0.130375
2193.79,0.219123
1917.72,0.191693
1010.16,0.100947
1876.71,0.187642
1208.27,0.120781
1186.8,0.118027
3800.4,0.379584
1268.49,0.12668
740.296,0.0740148
1641.29,0.164093
803.467,0.0802642
2090.42,0.20683
1025.36,0.102528
2752.81,0.275143
733.244,0.0733124
1144.41,0.11433
1219.58,0.12192
1624.21,0.162361
1121.29,0.112105
2098.06,0.209232
1865.72,0.186336
843.812,0.08437
3497.9,0.349586
1110.24,0.111015
1720.23,0.171901
1120.13,0.111955
968.737,0.0968521
955.431,0.0955362
7357.58,0.732929
1049.42,0.104798
2188.62,0.218753
2349.24,0.234892
2350.13,0.234789
2050.18,0.20499
932.407,0.0932129
953.508,0.0951455
1059.01,0.105882
954.152,0.0954105
609.78,0.0609764
2136.32,0.213477
2084.37,0.208271
1667.27,0.166683
1922.59,0.192137
1146.11,0.11461
703.434,0.0702928
1010.3,0.100946
777.164,0.0776744
868.471,0.0867736
978.757,0.097847
911.018,0.0910647
3097.03,0.309135
1207.71,0.120658
980.284,0.0979402
857.971,0.085794
970.764,0.0970165
1159.07,0.115869
1189.83,0.118977
1464.17,0.146366
987.398,0.0987339
1191.23,0.119005
984.064,0.098402
1107.1,0.11063
1608.45,0.16023
1269.32,0.126918
891.431,0.0891305
901.613,0.0900991
1086.27,0.108605
2658.44,0.265292
5640.96,0.562904
1105.08,0.110503
885.104,0.0884448
1629.4,0.162899
1501.6,0.149804
816.011,0.0815712
919.091,0.0918075
1631.54,0.162954
1040.46,0.104036
680.133,0.0679455
1081.65,0.108161
770.947,0.0770529
2534.34,0.254131
953.425,0.0953081
786.424,0.0786379
21424.2,2.13741
1015.07,0.101468
1504.37,0.150398
2933.84,0.293315
1327.25,0.132633
1696.83,0.169504
1295.53,0.129492
778.877,0.0778327
2274.58,0.227226
2974.59,0.297423
1114.14,0.111403
591.746,0.0591335
1120.1,0.112009
1568.57,0.156681
1179.31,0.117907
558.713,0.055867
1099.14,0.109703
4730.85,0.472828
19896.6,1.98507
1115.6,0.111537
878.823,0.0878395
11114.7,1.10693
6661.66,0.664953
1035.89,0.103505
852.952,0.0852037
2002.48,0.147004
989.078,0.0988378
708.824,0.0708792
2698.16,0.269533
362.854,0.0362704
819.011,0.0818719
834.974,0.0834767
3376.5,0.33762
3010.25,0.300918
4553.33,0.455109
1381.1,0.137987
1246.67,0.124591
666.526,0.0666474
1034.32,0.103348
882.568,0.088105
2615.59,0.0992478
358.672,0.0358632
3887.44,0.388703
2968.71,0.296767
711.275,0.0710943
1818.08,0.181789
619.682,0.0628964
844.858,0.0843276
2456.64,0.244953
1179.3,0.117917
622.073,0.0622035
1923.49,0.191801
1071.74,0.10716
971.084,0.0970762
573.044,0.0573003
1010.5,0.101016
1377.73,0.137753
1017,0.1016
1303.17,0.130196
1812.15,0.180526
1045.35,0.104444
1118.06,0.111793
1140.95,0.113845
1017.79,0.101746
1090.04,0.108919
1028.36,0.102818
922.67,0.0922096
1288.01,0.12871
1666.54,0.166545
1371.04,0.137032
1544.43,0.154391
566.056,0.0565907
682.72,0.0682655
2223.36,0.222251
753.164,0.0753108
4492,0.449005
4546.72,0.454468
1289.2,0.128825
767.132,0.0767044
629.441,0.0629399
845.313,0.0845237
1891.25,0.189073
1123.8,0.112376
1698.21,0.169554
1167.88,0.1157
1309.45,0.130928
1371.12,0.13711
1186.59,0.118604
741.196,0.0740899
4065.22,0.406355
1738.92,0.173863
1204.77,0.12044
1355.15,0.135496
1914.2,0.191372
968.435,0.0966769
2891,0.289
3480.25,0.347836
1348.18,0.134766
3459.61,0.345787
670.229,0.0670153
2262.62,0.2261
1131.34,0.113126
1593.73,0.159335
1584.54,0.158277
946.289,0.0944389
1601.74,0.160164
1896.21,0.189378
1667.72,0.166746
969.154,0.0968461
1153.2,0.115214
2042.77,0.203943
1438.28,0.143805
1342.82,0.134236
856.514,0.0856454
1578.39,0.157601
2620.03,0.261917
1019.96,0.101988
1888.77,0.188783
815.941,0.0814972
1770.43,0.177026
10907.1,1.08592
1819.45,0.181909
707.484,0.0707396
786.431,0.0786212
983.547,0.0983421
1445.65,0.144528
6163.18,0.615614
663.516,0.0663464
949.753,0.0947376
1185.93,0.118561
1084.4,0.108102
780.999,0.0780877
1890.54,0.188964
584.338,0.0584254
4175.24,0.41711
964.996,0.0964912
1336.1,0.133481
1064.72,0.106447
2002.9,0.199844
630.225,0.0629933
1273.92,0.127382
1034.06,0.103402
936.468,0.0936139
1323.71,0.132364
1288.13,0.128678
2379.83,0.237964
1628.24,0.162602
1027.33,0.102397
898.075,0.0897836
564.814,0.0564793
1943.71,0.194291
2099.04,0.209781
1517.05,0.151518
1066.09,0.106603
1874.35,0.187405
1428.66,0.142856
1834.35,0.173
1013.56,0.099586
1134.94,0.0795091
2243.72,0.224308
621.535,0.0621369
868.193,0.0868158
1836.64,0.183631
2248.98,0.224891
1514.8,0.151396
1808.61,0.180834
1119.24,0.111798
1686.8,0.168659
1542.96,0.154234
1411.78,0.141163
1907.37,0.190646
2022.88,0.201848
1656.47,0.165585
1905.91,0.190404
1315.75,0.131549
2159.15,0.215768
898.027,0.0897856
15040.5,1.50114
1787.63,0.178739
1356.85,0.135675
1111.99,0.111124
1597.75,0.159502
1085.82,0.108546
1227.97,0.122606
767.289,0.0766309
1011,0.100653
885.298,0.0884808
2491.08,0.249046
2398.71,0.239773
632.659,0.0632544
867.148,0.0866935
1292.39,0.129194
1545.92,0.154526
2023.57,0.202227
4099.6,0.408519
1047.7,0.104642
1470.34,0.146991
1373.8,0.137305
1126.14,0.112587
994.618,0.0994107
1425.64,0.138465
828.25,0.0825399
937.954,0.0936923
1694.94,0.169163
2067.4,0.206668
1300.72,0.128923
723.558,0.0723526
823.796,0.0823756
1686.86,0.168544
1550.69,0.155028
940.057,0.0939883
833.186,0.0833157
1885.49,0.18852
954.738,0.0953991
1107.25,0.110629
759.72,0.0759665
1452.06,0.145009
4706.48,0.470391
586.292,0.0586142
524.132,0.0523756
13731.6,1.36374
1820.65,0.181929
389.562,0.0389559
1988.65,0.198845
1127.72,0.112702
1648.35,0.164824
1458.41,0.145614
1199.21,0.119818
844.684,0.0844505
1488.46,0.148792
1993.72,0.194915
895.892,0.0895055
832.825,0.0832694
1622.08,0.161928
634.375,0.0634283
922.11,0.0921614
832.274,0.0832108
955.013,0.0954983
616.56,0.0616328
3099.77,0.309585
860.142,0.0860113
2455.37,0.245493
1360.21,0.135952
1111.33,0.111015
1085.62,0.108159
1546.66,0.154596
961.769,0.0960994
1125.13,0.112497
1655.58,0.165468
1665.69,0.166212
941.983,0.094171
2082.16,0.208175
1174.27,0.117392
1134.8,0.113416
1447.51,0.144431
1831.5,0.182956
6180.44,0.617481
606.92,0.06068
1332.82,0.133218
1140.23,0.113975
2864.59,0.286294
960.595,0.0960493
1575.9,0.157335
1002.41,0.100204
1080.57,0.107845
3447.06,0.344415
1185.5,0.118467
776.481,0.0776369
1498.55,0.149806
640.443,0.0640389
2678.25,0.267711
2192.46,0.219167
949.106,0.0948775
16772,1.67155
1014.63,0.101298
1455.36,0.14551
828.628,0.0827356
1066.43,0.106453
658.473,0.0658384
4675.9,0.466655
1193.98,0.119395
1128.71,0.112866
1224.36,0.122119
1397.63,0.139533
1698.82,0.169684
1233.05,0.123237
721.736,0.0721643
2192.45,0.218977
1300.46,0.129971
21411.4,2.12432
1008.73,0.100846
816.077,0.0815938
1498.49,0.149305
990.471,0.0987986
1016.83,0.101643
1209.36,0.120901
1200.01,0.119834
1427.64,0.142695
637.946,0.0631234
1139.89,0.113972
1481.24,0.147803
1023.48,0.102315
1409.97,0.140958
1918.24,0.191784
3341.41,0.33356
3103.57,0.310256
2512.47,0.25121
1223.2,0.122292
1436.47,0.142537
1033.25,0.103316
969.779,0.0969704
1330.73,0.133063
1087.31,0.108649
3057.08,0.305529
1278.44,0.127764
1084.01,0.106638
1964.37,0.19635
735.501,0.0734708
1525.01,0.152216
1691.9,0.169093
2336.24,0.233583
17490,1.74134
955.193,0.0955019
3769.8,0.376698
2792.07,0.278981
702.414,0.0702322
861.391,0.0861345
1409.06,0.140891
4059.77,0.405055
726.499,0.0726226
2176.07,0.217522
863.019,0.0862676
1768,0.17506
1452.53,0.14496
662.468,0.0662222
639.65,0.0639641
6843.07,0.864286
633.2,0.0632547
870.756,0.0868525
946.208,0.0945392
1023.07,0.102304
1249.01,0.124898
1266.71,0.126635
1841.08,0.184038
1352.95,0.135215
3256.33,0.325418
1226.72,0.122633
962.48,0.0960632
1690.35,0.168993
3251.54,0.32501
1101.59,0.110122
695.738,0.0692911
1017.24,0.101675
841.764,0.0841753
1437.67,0.143755
972.132,0.096286
1080.21,0.108018
1523.06,0.152269
1388.52,0.138727
1072.68,0.107176
1322.67,0.132255
1161.26,0.114584
1138.09,0.113734
7383.26,0.737474
987.123,0.0986186
2917.48,0.291505
5339.01,0.529922
1007.79,0.100719
672.471,0.067235
1546.04,0.154563
962.592,0.0962325
741.354,0.0741238
1475.84,0.147525
1561.32,0.155747
645.721,0.0644946
1296.71,0.129421
1452.63,0.133754
1647.06,0.164682
1596.44,0.159449
1109.7,0.110954
866.415,0.0866276
2569.52,0.256691
906.802,0.0906617
2082.42,0.208053
632.042,0.0631595
3100.25,0.309938
2378.64,0.23762
1864.45,0.186244
839.764,0.0839671
1315.07,0.131503
861.446,0.0861036
912.7,0.0911161
10771.7,1.07488
1319.28,0.131802
1238.09,0.123588
946.249,0.0937379
657.367,0.0657124
9134.22,0.912983
862.158,0.0862039
1354.76,0.135462
811.992,0.0810779
1644.32,0.164292
869.793,0.0869578
1272.17,0.127146
2027.26,0.202602
1498.98,0.149831
1694.73,0.169334
865.709,0.0864468
722.777,0.0722659
614.974,0.0614623
1573.43,0.157063
798.476,0.0798166
2459.91,0.245847
2512.22,0.251875
1435.87,0.14331
2412.7,0.241242
1379.59,0.137945
1313.49,0.131334
1743.79,0.173923
729.572,0.0729445
1080.07,0.107999
793.333,0.0793296
1542.64,0.154192
1308.91,0.130883
784.621,0.0784505
886.508,0.0885786
964.168,0.0958194
1091.41,0.109126
605.496,0.0605451
1509.79,0.150817
1933.22,0.193068
1353.79,0.135323
670.208,0.0669742
739.308,0.0735296
839.787,0.0839683
1000.79,0.0999331
1135.83,0.113494
1661.47,0.166105
1145.25,0.114501
791.664,0.0788765
1178.83,0.11784
983.894,0.0983152
11048.3,1.10333
1629.4,0.162865
3069.47,0.30643
719.331,0.0718358
1708.35,0.170748
869.035,0.0868138
1368.89,0.136739
819.792,0.0818346
2057.46,0.205731
801.253,0.0801231
1092.52,0.109137
2323.08,0.232059
911.721,0.0909224
821.879,0.0821483
10752.2,1.07263
813.751,0.0813624
1385.7,0.138515
812.981,0.0812951
902.567,0.090191
902.651,0.0901909
1417.07,0.141475
2195.54,0.217341
12452.3,4.91908
907.374,0.0906995
925.071,0.0925057
1916.74,0.191468
2491.93,0.24898
1304.41,0.130423
3958.48,0.393028
1326.22,0.132599
1339.42,0.13389
16914.7,1.68643
1656.87,0.165451
2193.75,0.219344
1174.67,0.117453
1362.3,0.136095
2309.47,0.230771
1545.55,0.154492
854.694,0.0854657
1619.42,0.161747
974.998,0.0974758
1241.84,0.124136
1322.67,0.13224
2140.29,0.213914
1194.83,0.11946
1961.98,0.196166
913.698,0.0913192
761.272,0.0761255
1425.25,0.142511
780.495,0.0779947
18607.3,1.89745
2583.25,0.258128
862.551,0.0862415
1490.97,0.148931
2166.37,0.216567
1810.87,0.18102
3204.59,0.320386
1301.4,0.129984
2274.14,0.22737
3114.34,0.311337
1391.64,0.138914
721.494,0.0720912
3226.1,0.322495
662.48,0.0662442
1981.56,0.198118
1898.46,0.18976
962.383,0.0962042
2204.62,0.220389
1244.71,0.124402
1480.13,0.147737
1375.62,0.137546
1061.35,0.106112
2036.65,0.203496
9195.48,0.911362
7740.39,0.773894
1548.98,0.154811
856.755,0.0856716
1231.87,0.123036
2627.46,0.262678
1578.68,0.157825
1063.3,0.10632
1107.83,0.110699
1129.81,0.112853
1744.23,0.174415
2592.16,0.259043
553.674,0.0552284
790.9,0.0790818
1099.3,0.109894
894.461,0.0894392
1100.26,0.110767
1269.96,0.126938
1344.3,0.134342
1333.83,0.133339
1179.54,0.117409
3203.5,0.320226
1010.09,0.100992
2023.96,0.202383
1420.47,0.141996
633.772,0.0633626
896.409,0.0895022
2658.57,0.265782
1404.82,0.139354
1572.65,0.157004
1206.33,0.120612
2181.14,0.218027
1388.98,0.13875
1028.78,0.102434
1338.25,0.133792
1215.55,0.121333
696.711,0.069662
1749.54,0.174909
1178.73,0.117847
1165.7,0.116494
1497.95,0.149753
2509.12,0.250891
1260.01,0.125826
884.499,0.0882716
1319.29,0.131842
857.451,0.0857295
1928.4,0.192166
980.24,0.0979244
1200.15,0.119929
1128.16,0.112807
1359.55,0.126887
900.048,0.0900018
1075.9,0.107513
890.257,0.089007
2227.75,0.222299
4330.87,0.432973
1434.26,0.143208
1044.32,0.104389
1659.77,0.165882
907.595,0.0907069
1350.3,0.134924
864.758,0.086457
3208.26,0.320589
659.135,0.0659123
1014.52,0.101441
1390.3,0.138958
1256.11,0.125577
738.575,0.0738549
2011.92,0.20053
1153.54,0.11532
961.729,0.0961458
735.846,0.0735372
682.695,0.0682276
1675.64,0.167516
1350.51,0.134935
3215.64,0.321171
773.528,0.0773523
1238.74,0.123741
1448.85,0.144847
1480.99,0.148075
1272.18,0.126725
1595.14,0.159409
1000.98,0.100051
1252.56,0.12525
704.192,0.0704102
1984.27,0.198409
910.689,0.0890956
1927.77,0.192606
1048.78,0.104851
2867.86,0.286543
1232.34,0.123162
1613.52,0.161319
1823.39,0.182301
1396.53,0.139556
1014.85,0.101332
1239.8,0.123953
4018.95,0.401385
956.633,0.0956599
872.608,0.0871729
1848.68,0.18483
1908.55,0.190775
1948.99,0.194835
1774.86,0.177413
1426.79,0.142652
3058.25,0.30568
735.006,0.0728617
1289.94,0.128973
7758.02,0.774363
854.813,0.0853278
709.764,0.0709717
525.294,0.0525233
1862,0.186114
1055.71,0.105542
606.799,0.0606747
7920.03,0.79117
912.198,0.0911762
1181.43,0.118132
1130.01,0.112967
1505.53,0.1505
10913.8,1.08659
1883.29,0.188313
940.429,0.0939858
1066.77,0.106623
772.012,0.0771848
676.347,0.0676334
3364.92,0.336305
767.173,0.0767088
1159.95,0.11599
634.661,0.0630584
1053.12,0.105298
1264.58,0.126439
2151.91,0.212069
1460.2,0.146013
10756.8,2.76414
1754.08,0.175171
1246,0.124582
3590.07,0.353901
1160.89,0.113674
1175.67,0.117547
1003.31,0.100311
3423.29,0.342269
974.128,0.0972522
1857.49,0.121751
782.476,0.0782451
3469.44,0.346857
1565.73,0.126384
3164.35,0.316097
3196.43,0.319325
770.038,0.0769948
969.027,0.0968688
1415.82,0.141565
8397.96,0.839599
1606.79,0.160642
1029.31,0.102903
1597.37,0.159576
726.9,0.0726649
734.1,0.0734075
1499.92,0.149639
1105.2,0.110515
757.606,0.0757429
759.138,0.0758158
712.333,0.0711698
1141.16,0.113566
1220.53,0.122023
1172.4,0.117106
3026.38,0.301497
1952.18,0.195104
1072.9,0.107242
3664.73,0.366356
1772.99,0.177272
1392.76,0.139184
778.156,0.0777834
1891.96,0.189027
3750.22,0.374965
735.132,0.0734724
1125.68,0.112552
1347.41,0.134541
1994.27,0.199356
909.758,0.0909336
1029.93,0.102879
1017.01,0.101323
1369.72,0.136783
3181.05,0.317933
1297.41,0.129697
2278.93,0.227794
734.709,0.0734687
29971.7,2.98455
2476.27,0.247404
811.898,0.0811841
1557.69,0.155722
1282.02,0.127968
1474.08,0.147205
1128.4,0.112821
3116.62,0.3112
619.188,0.0619006
2472.01,0.247105
704.935,0.0704487
1094.92,0.109464
745.655,0.0745437
1416.79,0.141642
5546.87,0.553552
1245.07,0.124469
688.862,0.068793
893.44,0.089307
5041.21,0.503652
953.104,0.0953019
2526.82,0.252602
1173.73,0.117332
2165.16,0.216473
1048.62,0.104844
778.156,0.0777985
1301.68,0.130153
1687,0.168669
1108.65,0.110786
1364.01,0.136349
716.128,0.0716119
3430.3,0.757184
917.389,0.0916799
1017.24,0.101675
1073.01,0.107296
1514.3,0.151385
1169.56,0.116951
4829.53,0.481829
1655.56,0.165408
2146.93,0.214553
1024.1,0.102377
778.109,0.0777609
1657.07,0.165508
2216.24,0.221575
827.53,0.0827397
966.801,0.0965648
3470.84,0.346726
902.596,0.0901811
867.49,0.0866965
1366.08,0.136601
668.466,0.0668196
863.127,0.0862815
772.219,0.0772192
1833.74,0.18303
1284,0.128394
623.588,0.0623536
1803.46,0.180271
3717.64,0.371512
2772.02,0.277144
1010.05,0.101003
1858.19,0.18577
609.214,0.0609076
953.212,0.0961822
733.476,0.073345
1557.49,0.155722
1143.68,0.114362
982.036,0.0981927
1123.03,0.112282
1212.02,0.121023
1828.21,0.182804
1158.29,0.115549
548.111,0.0548031
640.325,0.0639966
1905.81,0.190541
987.964,0.098764
958.836,0.0958075
901.019,0.0900254
610.364,0.0609835
793.074,0.079256
1026.25,0.102541
2262.2,0.226105
402.639,0.0402556
843.229,0.0843164
1304.98,0.130385
927.877,0.0902439
876.397,0.0876362
549.189,0.0546645
537.122,0.0537105
1477.72,0.14771
1223.82,0.122317
985.417,0.0984515
3365.77,0.336511
1760.64,0.175979
1074.09,0.107311
857.469,0.0857328
1492.09,0.148927
2110.15,0.210963
1678.44,0.167836
2365.56,0.236469
1668.29,0.166776
859.051,0.0858514
4158.22,0.414998
2022.35,0.202092
2205.92,0.220257
991.654,0.0991481
1219.63,0.121933
1452.95,0.145277
1488.14,0.148794
1121.1,0.112078
1080.45,0.107971
2281.74,0.22792
3467.46,0.34632
1494.6,0.149342
1049.24,0.104872
1075.75,0.107515
2196.78,0.219615
2170.62,0.216956
2080.18,0.207694
1623.02,0.162012
1082.51,0.108138
1328.4,0.132822
1323.28,0.132292
655.439,0.0655217
769.012,0.0768854
963.161,0.0962864
774.902,0.0774793
1581.35,0.156924
948.619,0.0948069
6706.87,0.669967
694.668,0.0694629
1036.83,0.103661
3650.31,0.364615
1426.58,0.142609
1025.16,0.102431
1734.76,0.169088
1501.72,0.150062
972.261,0.0971983
1210.63,0.121037
1335.28,0.13343
2316.17,0.231484
750.535,0.0750487
995.273,0.0994391
1994.37,0.198858
910.478,0.0910384
992.414,0.0991777
411.699,0.0411681
2091.92,0.208736
552.433,0.0552313
806.169,0.0804911
919.714,0.0919621
1531.17,0.152905
12405.1,1.23597
2371.66,0.236957
1143.21,0.114291
709.303,0.0709281
1687.01,0.168624
1285.5,0.128543
757.259,0.0757128
1153.01,0.11517
5804.72,0.579272
2326.84,0.232632
804.003,0.0803931
1278.88,0.127844
15570.3,1.55365
758.678,0.075851
1011.85,0.101057
1186.2,0.118519
1397.57,0.139657
975.142,0.0974471
742.903,0.0742852
5250.62,0.525037
739.944,0.0739929
846.909,0.084678
3073.5,0.307129
1088.33,0.1084
2586.81,0.258599
1190.9,0.119014
821.579,0.08214
801.166,0.0798912
1771.86,0.177052
979.25,0.0978992
2353.69,0.235304
634.591,0.0634495
1068.43,0.106768
2398.82,0.239778
651.257,0.0648231
1289.44,0.128896
1144.58,0.114394
730.273,0.073019
1247.23,0.122907
1057.44,0.10572
1741.84,0.174138
686.573,0.0686302
1203.4,0.119972
1225.66,0.12256
3693.65,0.369247
1444.68,0.144378
1489.12,0.148693
1034.86,0.103472
763.101,0.0762823
5568.03,0.555892
1353.95,0.135366
1392.03,0.139186
875.781,0.087502
743.2,0.0743083
1171.63,0.117115
894.683,0.0894387
1079.72,0.107944
3252.59,0.324876
1439.69,0.143897
4777.42,0.47759
2613.15,0.261002
3828.22,0.378781
615.383,0.0615053
772.378,0.077136
1260.89,0.126043
1680.46,0.167805
1383.77,0.137169
806.996,0.0806424
968.767,0.0968613
793.986,0.0793794
942.363,0.0942267
966.496,0.0965606
1369.18,0.136653
1231.81,0.123171
1871.23,0.18709
2119.32,0.211816
646.278,0.0646225
821.56,0.0821462
780.323,0.0780235
1340.53,0.134015
1233.07,0.123227
1480.01,0.147891
2706.38,0.270251
1124.66,0.112347
775.298,0.0774787
2441.28,0.243978
1049.17,0.10468
1018.49,0.101831
2725.19,0.272439
1845.26,0.18446
1469.6,0.146915
1327.37,0.132586
1067.24,0.106584
1107.22,0.110552
1034.58,0.10263
1692.01,0.169173
955.957,0.095593
848.416,0.0848376
2615.78,0.261203
3288.96,0.328574
988.099,0.0987991
1063.73,0.106341
1008.62,0.10054
689.896,0.0689326
1561.53,0.156117
878.667,0.0878472
1233.26,0.1233
906.905,0.0905378
1257.32,0.12568
1192.93,0.119229
1158.07,0.1158
2005.62,0.200173
2966.23,0.296479
2669.91,0.26695
1418.38,0.141832
1880.41,0.187964
744.855,0.0744416
1422.08,0.142189
1209.11,0.120637
2380.6,0.237209
1310.85,0.130856
1367.94,0.136759
1399.64,0.770832
1728.22,0.172817
1747.98,0.174737
2055.9,0.20498
784.556,0.0779228
713.484,0.0712779
2827.84,0.282765
1101.8,0.110158
1173.42,0.117301
1810.93,0.180994
1190.57,0.119033
1058.91,0.105841
733.674,0.0732573
2297.39,0.152292
897.701,0.0897598
703.265,0.0703208
1261.29,0.126102
1499.24,0.149901
789.012,0.0788981
1286.45,0.128619
1457.73,0.14574
2313.51,0.231304
1450.23,0.144987
1201.45,0.120042
937.123,0.0936863
596.059,0.0595624
1034.12,0.103403
1275.18,0.127393
959.042,0.0956074
1378.1,0.137279
1086.08,0.108502
2244.3,0.224406
1180.02,0.117951
1652.18,0.142189
777.22,0.0776748
2196.41,0.218522
1926.82,0.192488
6188.16,0.607275
944.357,0.0944175
1125.48,0.112502
869.909,0.0869738
1226.4,0.122625
1013.74,0.101343
1177.4,0.117263
1482.03,0.148186
1067.56,0.10666
900.161,0.0899979
1069.86,0.106935
1081.61,0.108137
1215.79,0.121544
1019.69,0.101839
2029.61,0.202906
8134.24,4.14543
4546.15,0.454464
3852.58,0.38497
710.191,0.0709377
956.331,0.095615
1293.48,0.12929
1133.48,0.113193
1112.5,0.11118
1373.25,0.137127
984.833,0.0983413
2204.21,0.220376
1162.06,0.116182
1467.93,0.146684
1457.03,0.145678
2103.4,0.210154
1221.7,0.121997
1264.47,0.126323
980.689,0.0980044
1109.31,0.110702
849.505,0.0849139
900.908,0.0900876
1616.98,0.161622
1064.13,0.1064
1211.52,0.121127
1849.47,0.184849
891.023,0.0890895
1639.45,0.163904
5591.49,0.558811
1217.32,0.121573
2180.51,0.217064
2247.66,0.22464
972.48,0.0971977
667.519,0.0666673
1290.19,0.128941
1062.22,0.106172
1917.14,0.19167
1927.03,0.192652
875.062,0.0872493
1781.31,0.177695
898.117,0.0896049
4065.29,0.406295
1327.88,0.132702
4125.12,0.411164
934.833,0.0934612
994.935,0.0994145
3648.33,0.364664
1453.44,0.145083
1156.86,0.115673
3854.39,0.38538
1345.59,0.134304
1003.67,0.100306
808.419,0.0807905
1368.53,0.136751
1870.63,0.187045
6170.83,0.616086
818.964,0.0818292
690.018,0.0689655
1678.13,0.167643
1316.52,0.131643
2655.56,0.265186
2630.46,0.262785
13894.9,1.38572
1066.8,0.105069
5670.01,0.566486
1343.49,0.134259
897.224,0.0896911
1281.12,0.128066
890.063,0.0889173
625.576,0.0625534
1392.97,0.13927
1699.21,0.169759
2110.52,0.210888
1655.08,0.165432
1785.4,0.178249
5312.92,0.528992
4004.05,0.399957
663.512,0.066344
2032.69,0.203202
1008.81,0.100755
1112.18,0.110393
2031.34,0.203028
1172.49,0.117235
1114.5,0.111428
2135.63,0.21349
992.535,0.099208
909.164,0.0908962
788.864,0.0788388
3815.96,0.381501
936.731,0.0936646
885.426,0.0885395
2284.89,0.228456
2779.1,0.277125
583.902,0.0582632
2957.39,0.29547
1442.41,0.143764
2089.67,0.208949
4108.04,0.410599
1997.85,0.199737
1942.82,0.194175
2903.93,0.29012
1830.43,0.183006
1451.41,0.144396
871.333,0.0871218
1230.45,0.122996
989.528,0.0988598
1497.03,0.149695
3848.24,0.384167
1864.31,0.186379
1225.93,0.122434
841.751,0.0841737
618.713,0.0617707
5351.37,0.534957
959.094,0.0958974
1394.54,0.139436
2295.9,0.229443
3481.87,0.34812
808.497,0.0808321
4780.21,0.472954
2439.38,0.243751
1093.72,0.109335
1064.16,0.106302
2990.24,0.298934
596.308,0.0595936
754.427,0.0754278
942.961,0.0942882
921.546,0.0921262
2550.81,0.254662
1413.5,0.141325
799.277,0.0798084
551.098,0.0551019
956.119,0.094959
1066.79,0.106667
671.705,0.0671329
2825.41,0.282359
889.943,0.0889666
1277.92,0.127382
577.87,0.0577807
1142.7,0.113044
1034.51,0.103442
1242.45,0.123913
1192.26,0.119193
1255.37,0.125534
1271.62,0.126666
1972.87,0.196831
1362.83,0.136166
1385.79,0.138545
1149.61,0.114847
681.952,0.0680884
751.506,0.0751294
918.259,0.0917952
821.243,0.0821177
1033.32,0.103305
1206.72,0.120661
3276.2,0.327515
4295.58,0.424834
987.906,0.0987087
16551.2,1.65307
3037.59,0.303533
1814.86,0.181139
13968,1.39043
1357.07,0.135595
1999.9,0.199971
908.681,0.0908582
1751.28,0.174721
1129.93,0.11297
3899.82,0.389434
1332.85,0.132916
1129.46,0.11271
847.176,0.0846764
1377.1,0.134836
1642.79,0.164209
4731.24,0.472991
2649.01,0.264855
1160.56,0.115897
847.045,0.084657
1169.38,0.11693
938.576,0.0938246
1227.28,0.122318
956.083,0.095557
934.211,0.0932852
1848.01,0.184434
1081.45,0.108064
1201.24,0.120055
1203.16,0.120299
801.433,0.0801226
797.163,0.0797051
1375.99,0.137572
2407.84,0.240553
804.599,0.0803937
997.404,0.0997347
703.977,0.070395
678.602,0.0678568
1518.12,0.151747
1188.8,0.118803
1001.62,0.10015
863.433,0.0863367
3390.89,0.33903
1009.9,0.100516
1397.71,0.139467
1231.31,0.123125
1401.63,0.140153
1432.27,0.143177
5550.37,0.554897
1468.27,0.146427
1415.28,0.140878
1885.39,0.188521
1108.94,0.110891
404.336,0.0404069
1353.24,0.135305
2674.58,0.267389
1391.27,0.13837
1369.69,0.136714
1113.95,0.111358
711.796,0.0711599
2264.62,0.226238
1116.86,0.111662
1044.91,0.104453
989.148,0.0989087
1163.05,0.116293
1531.22,0.153107
1340.85,0.134078
4148.09,0.414072
1011.83,0.101147
1676.99,0.167606
670.237,0.0670169
11735.7,1.15056
1622.73,0.162258
2718.33,0.271736
1352.21,0.135162
1601.97,0.160189
5832.2,0.582962
967.692,0.0966115
846.977,0.0846828
762.002,0.076174
919.72,0.0919349
710.897,0.0710825
11223.8,1.11617
793.573,0.0793409
1005.6,0.100469
3848.41,0.384603
760.298,0.0760222
566.454,0.0566449
970.995,0.0970359
947.725,0.0947597
2211.96,0.221134
2869.52,0.286889
1421.73,0.142165
4403.12,0.440043
1034.72,0.103183
602.788,0.0602402
498.026,0.0497865
1040.75,0.104064
1252.4,0.125155
1053.94,0.105347
1439.65,0.143899
2713.36,0.265153
1062.24,0.106143
787.316,0.0785376
942.319,0.0941726
953.964,0.0952636
1227.85,0.122768
3174.13,0.316909
855.199,0.0855002
905.026,0.0903664
1374.18,0.137391
8222.08,0.821813
929.641,0.0929556
1268.42,0.126792
2569.43,0.25663
800.666,0.0800443
996.231,0.0994876
643.523,0.0643061
766.734,0.0766485
1218.31,0.121787
901.605,0.0901401
1413.62,0.141323
997.909,0.099739
1798.07,0.17964
1534.01,0.15339
4107.58,0.41045
1251.89,0.125176
1742.54,0.174222
693.974,0.069393
1600.01,0.159904
747.311,0.0747037
1324.83,0.132319
1491.59,0.149138
1477.85,0.147718
577.609,0.0577362
2690.03,0.258909
1041.91,0.104162
871.584,0.0870941
823.601,0.0823583
2363.6,0.235762
684.225,0.0682937
2217.64,0.221687
6336.61,0.632619
664.082,0.0663906
1159.78,0.115442
1412.38,0.141217
3841.78,0.383404
524.615,0.0524591
616.326,0.0611557
844.39,0.0838751
747.761,0.0747454
1573.62,0.158179
2187.21,0.21777
685.291,0.068527
715.342,0.0715307
967.226,0.0967201
901.472,0.0901223
951.978,0.0951888
1750.27,0.174793
5950.96,0.594125
1351.36,0.135117
1174.94,0.117323
1500.2,0.149771
1743.68,0.165293
2039.33,0.203824
988.21,0.0987469
863.296,0.0863237
1039.38,0.103929
4320.57,0.43179
5902.07,0.589333
1065.24,0.10651
952.415,0.0951633
1785.3,0.178419
1076.79,0.107388
1556.72,0.155662
2025.26,0.202307
1870.24,0.186827
1537.98,0.153755
1074.35,0.107362
912.345,0.0912243
1072.16,0.107186
1666.17,0.166585
767.017,0.0766956
1740.74,0.173908
1239.01,0.123861
937.669,0.0936462
875.869,0.087499
3834.63,0.383279
822.48,0.0821978
1584.96,0.158489
2347.79,0.234652
1517.89,0.151769
1003.21,0.100299
1729.12,0.172801
1579.53,0.157894
825.32,0.0824782
2197.48,0.219714
806.383,0.0806287
1759.96,0.175967
3436.67,0.343312
1089.36,0.10891
1576.95,0.15757
1380.12,0.137809
3651.77,0.364122
990.352,0.0989124
967.124,0.0966861
790.096,0.0789885
1461.86,0.146101
5519.02,0.551324
650.653,0.0650648
22899.5,5.21872
3727.97,0.3725
1728.99,0.172875
870.736,0.0870647
3411.96,0.728144
732.568,0.0731628
2156.36,0.215542
5705.25,0.569688
1638.19,0.163786
932.349,0.0932228
1450.16,0.144857
3630.35,0.362978
2523.41,0.252061
1133.43,0.113289
744.391,0.0739434
1331.15,0.133104
1885.11,0.188323
866.414,0.086598
1935.33,0.193481
1316.88,0.131668
947.969,0.0947649
2314.12,0.231274
2287.22,0.228442
465.113,0.0465084
993.728,0.0993275
1136.13,0.113569
3128.6,0.309851
3345.23,0.334126
1069.98,0.106961
2027.71,0.202474
1262.28,0.12602
1532.58,0.153158
2789.32,0.278774
1211.64,0.121074
2218.17,0.22178
1140.34,0.113697
2350.43,0.234946
1428.3,0.142714
1834.7,0.183382
921.775,0.0921648
726.531,0.0726145
681.379,0.068132
3317.84,0.331402
1091.77,0.109162
1089.6,0.108917
1033.47,0.103209
1458.02,0.145205
1330.86,0.132451
816.762,0.0816291
2862.9,0.286139
1307.66,0.130593
868.204,0.0867588
758.882,0.0758726
898.873,0.0898126
7561.52,0.754766
945.963,0.0945917
1414.15,0.139401
1614.46,0.161266
1741.54,0.174112
2161.07,0.216063
2040.23,0.203973
3765.44,0.376355
1337.79,0.131138
1892.77,0.188684
696.255,0.0694777
1203.4,0.1197
989.207,0.0988992
1212.49,0.121224
2052.91,0.205186
816.596,0.0816488
1321.37,0.132099
2483,0.24826
1377.43,0.137726
1346.96,0.134682
1876.93,0.188573
1961.87,0.195816
862.922,0.0862797
1208.37,0.120652
4167.57,0.416508
1517.27,0.15167
915.974,0.0915596
1261.6,0.12613
1414.31,0.141389
1642.46,0.164228
903.718,0.0902545
1184.01,0.118396
1817.14,0.181471
7285.66,0.727726
628.673,0.0628571
1611.38,0.161088
1151.26,0.115047
792.356,0.079055
6051.51,0.604355
1777.02,0.177472
835.074,0.0832837
1769.94,0.176661
923.971,0.0923711
1066.83,0.106647
721.327,0.0721309
870.478,0.0866969
711.123,0.0710649
2387.72,0.238625
3026.73,0.302533
1592.75,0.159214
1181,0.118076
1394.64,0.138411
1033.68,0.103358
1087.63,0.108632
2205.98,0.220461
1769.98,0.176975
973.15,0.0973109
617.37,0.0616276
2578.07,0.257292
933.57,0.0933339
1994.07,0.199284
837.512,0.0836838
1485.34,0.147909
1357.46,0.135681
827.78,0.0826835
1014.56,0.101371
28963.1,2.88289
855.269,0.085489
1451.39,0.143116
1092.26,0.109205
3372.6,0.336992
1837.65,0.183215
3200.09,0.319895
1619.02,0.16187
3674.56,0.367295
2188.27,0.218651
3817.3,0.381215
1535.7,0.153384
1283.63,0.128326
1782.61,0.178231
1217.01,0.121673
1150.29,0.115
923.362,0.0923336
642.097,0.0640367
940.366,0.0940139
3347.28,0.334597
938.457,0.0938349
3572.98,0.357185
1284.83,0.128415
2169.27,0.209721
810.182,0.0807403
1199.3,0.119876
3322.15,0.331941
1030.26,0.102999
1205,0.12047
521.511,0.0521488
1042.45,0.104234
837.844,0.0837607
2100.78,0.209085
882.788,0.0882767
1148.23,0.114809
1006.11,0.10059
1011.93,0.101192
499.415,0.0499104
1141.42,0.114126
1411.61,0.141089
803.56,0.0803459
1645.01,0.164378
1321.04,0.130968
1002.97,0.100286
876.072,0.0871476
684.175,0.0683925
887.003,0.0886922
615.717,0.0615602
1174.05,0.1173
801.036,0.080091
2068.61,0.206737
1260.61,0.126016
1178.78,0.117837
6831.79,0.682964
2274.36,0.226518
1627.82,0.16273
4820.08,0.47088
965.507,0.0965107
973.364,0.0972823
1296.48,0.129638
894.769,0.0894462
965.175,0.0965051
939.162,0.0938849
1328.58,0.132782
4104.1,0.409887
1211.65,0.121143
659.03,0.0658907
3276.63,0.327404
1147.56,0.114549
905.906,0.0905749
888.97,0.0888942
788.891,0.0788035
1038.59,0.103857
767.892,0.0764682
937.887,0.0931493
795.12,0.0794357
1580.19,0.158004
1237.15,0.123587
818.215,0.0817984
902.877,0.0899045
3135.3,0.312056
1205.11,0.120498
952.739,0.0950539
1579.6,0.157912
3227.93,0.322464
1024.59,0.102434
937.966,0.0937869
1311.86,0.131126
652.548,0.065254
2014.24,0.253705
941.339,0.0940847
856.272,0.0856218
1925.63,0.192086
860.796,0.0859201
1259.09,0.125732
2072.25,0.206664
3517.62,0.347604
1137.82,0.11375
784.438,0.0784339
1042.64,0.104161
1070.88,0.107082
3423.65,0.342039
1120.85,0.112071
3544.85,0.354051
1232.33,0.123229
1871.59,0.186915
976.141,0.0975135
1076.24,0.107564
555.407,0.0555384
2174.49,0.217381
801.95,0.0799752
1361.68,0.13585
1275.89,0.127454
1813.15,0.181195
580.888,0.0580427
1016.85,0.101559
1350.5,0.135011
1941.7,0.194076
1151,0.115094
1277,0.12764
1825.41,0.182476
2418.49,0.241019
1358.99,0.135003
726.339,0.0725972
5522.1,0.552072
867.061,0.0866966
871.228,0.0870665
836.946,0.0836655
1811.13,0.181042
805.039,0.080492
840.012,0.0839939
1377.45,0.137689
1147.9,0.114725
1166.82,0.116395
843.106,0.0843023
2438.53,0.243647
2105.63,0.964424
688.689,0.0688574
1895.36,0.189196
1818.76,0.181566
906.878,0.0906722
1169.22,0.116853
1160.21,0.16539
2109.71,0.210885
822.969,0.0821877
1325.98,0.132467
1739.3,0.173904
1090.07,0.108811
797.699,0.0793876
1009.45,0.100901
1554.68,0.155463
2250.5,0.224964
1070.37,0.106955
716.997,0.0716377
1053.78,0.105359
749.898,0.0749733
1553.23,0.155229
950.922,0.0930843
913.098,0.0912966
1725.5,0.172514
1725.36,0.172389
943.129,0.0942596
1109.43,0.110816
972.637,0.0972332
1868.94,0.18687
1229.66,0.122767
901.255,0.0901138
944.037,0.0943939
1817.05,0.181552
1602.68,0.160252
918.221,0.0918011
1691.32,0.168972
1599.32,0.159722
4304.81,0.430414
1123.44,0.112195
1448.29,0.144686
2339.88,0.233926
1364.54,0.136347
1699.79,0.169872
9110.6,0.908382
1146.63,0.114638
1361.69,0.13585
1040.54,0.104044
5065.41,0.507464
1266.47,0.12662
1188.89,0.118855
1328.61,0.132798
893.106,0.0892875
1708.38,0.17079
741.431,0.0741148
1272.81,0.127267
2306.95,0.230368
985.463,0.0985159
1128.78,0.112846
951.661,0.0951514
1102.35,0.110202
2720.42,0.271999
1026.49,0.10261
1028.98,0.102886
1139.03,0.113709
1398.09,0.139759
1622.25,0.162126
970.878,0.0970826
1606.15,0.160422
1136.8,0.113656
1158.79,0.115733
1178.39,0.117775
727.38,0.0727199
1197.05,0.11961
2731.09,0.273069
779.77,0.0779494
411.3,0.0410964
1871.77,0.187143
1109.98,0.110783
1445.94,0.144493
888.34,0.0887446
1189.75,0.118961
1055.17,0.105483
1002.74,0.100255
744.308,0.0743737
1495.21,0.149444
545.782,0.0544324
960.698,0.0960673
860.179,0.0859582
699.142,0.0698541
1986.16,0.19857
3956.54,0.395528
689.526,0.0686011
715.961,0.0714994
1092.75,0.109258
1168.94,0.116845
868.233,0.0867414
960.309,0.096017
1528.72,0.15277
959.74,0.0959429
2364.55,0.236359
779.242,0.0776944
1437.33,0.142905
1198.11,0.119209
1407.94,0.140664
2170.59,0.216689
7843.93,0.78235
3133.72,0.313081
877.728,0.0877434
2124.72,0.212133
1189.37,0.118789
1459,0.145651
1907.4,0.188179
1063.56,0.104537
4188.21,0.418426
1755.25,0.175462
995.034,0.0994957
627.098,0.0626529
579.193,0.0578652
586.003,0.0582148
1262.94,0.126223
8196.92,0.818421
1059.94,0.105951
1467.85,0.146761
1071.21,0.106954
912.906,0.0912627
570.748,0.0570679
1239.37,0.12384
2032.03,0.203187
4368.19,0.43657
880.237,0.0880093
907.58,0.090664
2350.5,0.234366
1625.07,0.154541
1981.38,0.198104
1775.12,0.177461
803.267,0.0803214
5678.63,0.567198
1571.21,0.157047
4191.44,0.418614
1216.93,0.121673
2294.32,0.229391
744.623,0.074436
6000.22,0.595072
783.707,0.0617875
1559.87,0.155966
1402.3,0.140147
1029.62,0.102749
1492.75,0.149123
633.956,0.0633938
2059.76,0.205878
866.239,0.0866151
1795.63,0.179083
996.795,0.0996706
846.114,0.084404
1655.43,0.165101
1161.6,0.1161
737.03,0.0736672
1247.23,0.124657
1860.38,0.185732
802.755,0.080266
12134.1,1.21253
1820.79,0.181995
946.567,0.0946491
1445.21,0.144491
1396.29,0.139618
1223.22,0.122231
810.397,0.0810356
1521.95,0.152057
964.946,0.0964738
1070.8,0.106967
618.635,0.0618335
2126.96,0.21264
1168.13,0.116708
1367.85,0.136651
3379,0.337807
2223.33,0.22232
1301.51,0.130135
594.518,0.0593458
811.464,0.0811305
1145.26,0.114478
2336.39,0.233438
704.134,0.0703789
1006.64,0.100484
2200.02,0.219625
729.554,0.0729489
2879.61,0.287908
1736.49,0.173633
1953.51,0.195113
1478.42,0.147761
872.169,0.0872006
671.974,0.0671436
3216.45,0.321617
2413.23,0.241173
1564.5,0.156248
3706.15,0.370233
1106.93,0.110653
3135.15,0.312512
797.275,0.0796713
1738.46,0.173785
851.531,0.0851424
1006.17,0.100519
607.415,0.060722
2286.24,0.228513
1146.55,0.114613
776.55,0.0776077
950.949,0.0950413
1288.25,0.128274
2000.33,0.199944
4885.69,0.488269
1798.11,0.179508
497.107,0.0497028
1346.64,0.134595
969.791,0.0969296
1294.02,0.129395
784.484,0.0784328
2350.93,0.234801
1544.85,0.154363
1424.13,0.142376
1397.39,0.139726
3711.89,0.370513
1709.25,0.170918
1054.16,0.105414
1243.32,0.124316
1078.92,0.107865
798.896,0.0798696
1067.64,0.106742
1557.16,0.155678
737.204,0.0734896
730.431,0.0729576
1110.16,0.111003
3743.73,0.37431
764.845,0.0763942
1106.45,0.110578
1444.13,0.144334
588.2,0.0588057
872.672,0.0872064
3599.95,0.358559
1485.18,0.200794
3420.89,0.341986
1153.99,0.115329
1256.47,0.125637
2202.2,0.219532
1433.57,0.143347
1518.26,0.151735
1132.68,0.113244
2101.45,0.209898
847.565,0.0847511
1130.05,0.112981
1453.53,0.145226
3028.17,0.302742
826.551,0.0825677
974.816,0.0974701
844.712,0.0844538
3611.97,0.361008
954.856,0.0954599
1555.14,0.155493
1226.46,0.122624
1815.13,0.181453
2055.81,0.205521
1136.22,0.113593
849.671,0.0849432
745.57,0.0745522
985.942,0.0982098
1186.02,0.118582
1059.17,0.105915
1626.68,0.162635
647.113,0.0646896
944.794,0.0941843
2250.02,0.224914
4514.86,0.451114
1167.65,0.116671
2045.31,0.203952
2539.49,0.253855
2779.12,0.277894
946.929,0.0946427
1369.71,0.136775
1202.77,0.120262
1769.18,0.176716
790.326,0.0790119
659.429,0.0659035
1557.65,0.154699
858.067,0.0858051
841.48,0.0841259
1166.65,0.11653
1340.71,0.13405
906.941,0.090492
4414.51,0.440513
1457.82,0.145468
1689.16,0.168885
31257,3.10499
1297.1,0.12959
1503.42,0.150242
2448.77,0.244696
1554.26,0.155338
1029.59,0.102825
952.008,0.0951345
642.112,0.0641891
2348.88,0.234818
1172.14,0.117061
1295.74,0.129483
863.371,0.0863241
1127.37,0.112603
1093.61,0.109346
615.157,0.0614438
653.349,0.0651419
1871.37,0.186532
1844.39,0.18442
1334.42,0.133432
1299.89,0.129882
2001.64,0.199725
741.732,0.0741042
2497.85,0.249605
805.703,0.0805657
2121.35,0.211461
869.195,0.0868931
2594.24,0.259349
2918.75,0.290994
1648.87,0.164858
1478.7,0.147833
693.485,0.0693355
931.688,0.0931559
2100.7,0.209972
1207.83,0.12033
1008.83,0.100881
783.866,0.0783847
853.174,0.0853022
1294.01,0.129373
6130.95,0.612912
1185.75,0.11837
1788.97,0.178712
1482.05,0.143577
1696.57,0.169626
917.467,0.0916953
1181.6,0.118114
971.36,0.097126
1037.23,0.103579
1887.29,0.188716
17098.5,1.70777
643.154,0.0640696
2905.68,0.290531
1023.63,0.102355
2340.89,0.23402
1064.58,0.106438
1237.31,0.123668
1009.68,0.100956
10103.1,1.00937
890.471,0.0890169
1031.66,0.103079
2247.86,0.224619
1809.74,0.180768
4892.89,0.489048
2094.22,0.209199
635.88,0.0635791
2119.44,0.211548
1370.13,0.136862
3507.44,0.350377
906.745,0.0906547
1730.93,0.173056
1119.65,0.108057
2690.58,0.268259
869.235,0.0868939
4616.75,0.460795
1133.82,0.113379
1357.11,0.135668
9355.42,0.934278
487.483,0.0487172
887.951,0.0887187
961.537,0.0961138
1045.34,0.104508
1200.95,0.119817
1224.18,0.121961
1648.18,0.164716
1127.53,0.112746
1967.61,0.196722
707.06,0.0706786
2897.15,0.289046
3160.68,0.315954
1257.76,0.12574
1206.91,0.120482
1669.75,0.166594
2622.49,0.261996
18409.1,1.83765
1005.25,0.100446
768.587,0.0767824
1038.88,0.103846
2429.76,0.242946
1023.97,0.102389
1719.22,0.171865
852.87,0.0852708
921.717,0.092017
1167.28,0.116709
894.283,0.0893835
995.366,0.0994253
938.7,0.0936765
953.27,0.0953045
2527.95,0.252672
576.35,0.0576302
2786.54,0.278535
3276.91,0.327312
1560.98,0.15595
583.035,0.0582958
801.623,0.0801099
1052.71,0.105264
1130.74,0.113052
677.533,0.0677457
1376.12,0.13756
2001.33,0.200053
1076.94,0.10743
827.276,0.0827259
1054.65,0.105412
1015.57,0.101529
1234.53,0.123423
1657.51,0.165594
598.878,0.0598232
1491.23,0.149108
1127.33,0.112713
1418.69,0.1406
2151.7,0.215095
1612.81,0.161048
888.834,0.0886167
703.244,0.0703167
519.512,0.0518973
1080.38,0.107856
1101.22,0.110102
553.656,0.0553504
750.948,0.0750118
1885.89,0.188546
1893.13,0.189265
901.823,0.0901753
3273.36,0.327252
1330.25,0.133004
1082.13,0.108132
5776.64,0.576191
1905.57,0.190312
543.063,0.0543058
889.218,0.0888507
1511.17,0.151042
2218.01,0.221693
761.21,0.07611
1062.03,0.106201
3747.79,0.374746
4188.84,0.417671
1064.17,0.106372
662.081,0.0661711
1379.22,0.137908
1149.18,0.114905
1001.26,0.100109
751.77,0.0749743
663.778,0.0663205
752.739,0.0752536
2364.32,0.236302
2552.6,0.255079
2118.84,0.211696
1630.32,0.163004
1509.32,0.150806
1144.21,0.114274
1620.96,0.161963
1052.31,0.105172
3442.08,0.691168
909.64,0.090754
1198.97,0.11989
1279.49,0.127771
785.239,0.0784351
980.025,0.0979277
5947.89,0.594215
1200.74,0.12007
1384.45,0.13833
2405.18,0.24042
919.915,0.0919519
1043.78,0.104217
1274.98,0.127443
1039.32,0.103905
852.934,0.0852907
1369.01,0.136864
942.747,0.0941907
2818.93,0.281727
949.978,0.0949739
896.035,0.0895959
1941.81,0.194098
1249.34,0.124854
1959.43,0.195875
1314.87,0.131344
3223.66,0.322289
1330.53,0.131713
1503.33,0.150317
1031.52,0.103117
2268,0.226703
1155.83,0.11553
2137.58,0.213533
607.87,0.0607759
717.571,0.0717311
2004.55,0.200211
718.668,0.0718352
1927.3,0.192661
1021.5,0.102087
3724.63,0.371925
836.734,0.0836697
989.141,0.0988885
1086.57,0.108639
631.106,0.0630869
1122.17,0.112185
1675.86,0.163477
1876.03,0.185813
1025.46,0.102537
653.088,0.0652898
1422.13,0.142187
624.554,0.0624054
771.454,0.0771266
1168.29,0.116811
569.363,0.0568997
1057.37,0.105727
3055.94,0.305033
4680.21,0.46612
1413.33,0.141284
1955.1,0.195346
857.463,0.0857396
1196.59,0.119618
1719.55,0.171846
1457.56,0.145725
1083.53,0.108285
1815.63,0.181486
1271.55,0.127146
1704.26,0.170366
1320.16,0.13199
1075.03,0.10742
1729.92,0.172678
1120.31,0.111951
1101.03,0.110068
1495.03,0.149447
719.894,0.0719552
1223.76,0.122177
1430.21,0.143005
14061.8,1.39505
1933.29,0.193221
699.274,0.0699006
1035.46,0.10343
1398.16,0.139771
748.997,0.0748918
1483.77,0.148372
1479.67,0.147887
4094.5,0.409399
2448.79,0.244823
1045.36,0.104185
966.969,0.0966377
1186.96,0.118672
2302.94,0.230263
2100.39,0.209888
963.219,0.0962176
816.384,0.0814035
919.973,0.091921
964.486,0.0964181
3807.62,0.38057
2107.91,0.210747
1473.92,0.147373
860.238,0.0859481
1929.61,0.192864
1040.38,0.103909
721.587,0.0721579
1656.44,0.165474
1089.78,0.108968
858.315,0.0857779
1044.83,0.104462
1130.31,0.112992
690.914,0.0690908
1341.97,0.13417
912.612,0.0905625
1363.66,0.13635
1131.2,0.113114
1331.97,0.133186
1087.48,0.10977
930.92,0.0929438
1456.34,0.145625
6181.87,0.616939
1065.2,0.106315
5146.27,5.66653
827.216,0.0826718
2417.74,0.240807
732.011,0.0731147
2261.07,0.225163
1036.84,0.103511
1239.38,0.123899
894.808,0.0894528
939.035,0.0932602
1191.88,0.1188
976.04,0.0975855
1065.29,0.106393
705.793,0.0705697
712.338,0.0712148
2653.02,0.263912
1766.48,0.176634
1122.11,0.111913
915.63,0.0915402
1321.07,0.132024
1915.16,0.191503
672.096,0.0672056
735.79,0.0735493
2069.69,0.206898
1243.83,0.124354
819.798,0.0819774
3391.1,0.334127
1105.55,0.110468
2840.3,0.283873
2882.15,0.287635
1733.27,0.173304
839.311,0.083927
2681.17,0.268096
1859.93,0.18596
646.705,0.0646646
5015.25,0.500898
1550.84,0.154961
977.917,0.0975982
2123.79,0.212321
1947.06,0.194689
1994.37,0.199393
2958.55,0.295827
1233.95,0.123231
2994.57,0.299391
2035.59,0.203429
2034.21,0.203281
2804.39,0.280116
1828.8,0.182608
3131.25,0.312906
764.436,0.0696226
1801.22,0.179738
751.365,0.0751172
2393.37,0.239254
1085.21,0.1085
2279.18,0.227789
1542.62,0.154258
1003.62,0.100335
6764.92,0.675178
3710.23,0.369767
613.612,0.0613572
869.669,0.0869589
2836.03,0.283459
1737.83,0.173739
4397.05,0.438392
1161.52,0.116063
1443.08,0.144092
796.528,0.0796162
3256.7,0.325139
19090.5,1.90878
1770.94,0.177073
1026.19,0.102552
1500.55,0.149456
1917.5,0.19156
2207.08,0.220669
824.876,0.0822867
2857.1,0.28553
1622.43,0.162181
1036.36,0.10362
1202.83,0.120268
824.909,0.0823727
1135.55,0.113531
2531.78,0.253046
630.305,0.0630285
1134.31,0.113404
1235.61,0.123543
2292.4,0.229215
707.623,0.0707025
1112.4,0.111226
575.585,0.0573393
982.156,0.09812
14388.9,3.17826
2231.04,0.223083
1266.23,0.126589
1442.11,0.138572
826.699,0.0826532
1279.13,0.127639
3664.29,0.366244
888.68,0.0887762
468.093,0.046617
1127.16,0.112686
999.169,0.0998172
2077.73,0.206437
666.561,0.0666268
939.44,0.0939061
1059.74,0.105948
1724.9,0.172472
551.971,0.0551487
1388.68,0.138807
6998.75,0.695555
2111.51,0.211078
868.416,0.0855954
920.961,0.0920703
1192.87,0.119238
2844.9,0.284354
914.613,0.0913918
1382.68,0.138115
2853.61,0.28406
1230.25,0.122997
2802.66,0.279932
981.281,0.0981198
1266.52,0.126509
1208.73,0.120851
841.321,0.0841069
2910.89,0.290975
1010.37,0.101019
2216.5,0.219533
1152.43,0.114122
3362.78,0.493064
1208.87,0.120613
1022.88,0.102285
1198.29,0.119479
1176,0.117586
1730.65,0.173013
1001.07,0.0999419
1241.02,0.124072
3187.57,0.318682
1365.02,0.136443
2883.18,0.287944
2465.79,0.246512
1644.96,0.164207
3761.13,0.375608
981.285,0.098105
1222.53,0.122232
1201.54,0.120124
5060.65,0.505297
2897.56,0.289365
733.889,0.0733866
1258.12,0.125783
986.233,0.0986153
1034.07,0.103383
438.607,0.0438605
654.086,0.0653458
1161.57,0.115442
1848.67,0.184856
1813.16,0.181172
2148.58,0.21469
1295.64,0.129391
1480.01,0.145366
1322.92,0.132254
1128.75,0.11287
1256.09,0.125601
749.77,0.0749737
889.393,0.0889227
3098.19,0.309449
1999.19,0.199858
1195.81,0.119524
1561.64,0.156002
2446.08,0.244316
2288.52,0.228728
2172.25,0.217192
1452.56,0.145221
875.183,0.0874558
2591.49,0.259087
1353,0.135244
2170.12,0.21696
1009.19,0.0825029
814.437,0.0813767
1129.94,0.112989
1200.77,0.120016
2367.74,0.236758
6283.91,0.627794
1273.79,0.13378
1036.43,0.103634
1934.01,0.19336
1089.52,0.10893
1031.74,0.103065
810.498,0.0810442
2051.14,0.205037
1216.97,0.121643
922.078,0.0921882
2557.44,0.255258
2587.8,0.258666
1190.69,0.119008
3521.18,0.351985
1464.43,0.146391
1238.32,0.123828
1224.49,0.122441
1811.49,0.181062
708.47,0.0708007
2064.13,0.206397
847.748,0.0847492
3391.37,0.338854
577.461,0.0577318
2558.87,0.255434
1943.38,0.192704
739.327,0.0739112
1360.27,0.135766
673.545,0.0672813
1703.6,0.170352
3273.84,0.327075
1281.98,0.128166
586.948,0.0586911
4498.57,0.449716
1289.39,0.128888
2268.41,0.22681
1318.16,0.131658
930.063,0.092986
2076.31,0.207581
1142.92,0.11426
1474.07,0.147307
1018.88,0.101882
2682.13,0.268181
859.35,0.0858453
2105.73,0.210526
1394.2,0.13932
1321.33,0.132115
614.751,0.0614648
1770.35,0.176781
570.015,0.0569359
954.68,0.0953367
810.408,0.0809918
874.689,0.0860403
1484.73,0.148456
3037.09,0.303691
1341.09,0.134041
1695.92,0.169117
938.163,0.0938096
1496.12,0.149371
643.463,0.0641995
1505.68,0.150551
13745.5,1.37356
1291.37,0.129011
1071.23,0.107106
1191.66,0.119119
2759.92,0.275845
897.412,0.0896836
1149.81,0.114854
4190.46,0.418917
1384.85,0.138475
1794.28,0.179405
1191.69,0.119153
2065.42,0.195292
1842.83,0.184161
1135.86,0.113569
934.784,0.0934185
831.542,0.0831184
1749.09,0.174281
2512.7,0.251188
2047.07,0.204669
1042.35,0.104204
1403.33,0.140225
889.664,0.0889357
1951.82,0.195166
1852.21,0.18387
2644.03,0.264388
1364.63,0.136428
1017.26,0.10171
1031.9,0.103165
672.077,0.0671846
1312.42,0.131151
666.798,0.0666772
1258.27,0.125806
6100.19,0.608695
4255.31,0.424883
1399.68,0.139491
1246.57,0.124639
828.228,0.0828134
1182.38,0.118216
2238.87,0.223519
5075.48,0.50737
1302.62,0.130234
1619.8,0.161959
1207.91,0.120724
699.753,0.0699557
1724.08,0.172318
2216.3,0.221444
1006.99,0.100647
1479.66,0.147836
1519.67,0.151946
859.448,0.085905
1814.71,0.181187
3453.1,0.344678
1256.82,0.125564
1572.89,0.157064
695.175,0.0695167
2394.07,0.23916
969.258,0.0969218
1113.55,0.111057
4337.69,0.433293
1023.43,0.102254
858.477,0.0856107
1459.84,0.145868
842.137,0.0841407
2528.81,0.252577
2112.55,0.211135
1607.61,0.160609
687.976,0.0687831
1502.04,0.150191
2473.95,0.247313
2289.25,0.228875
4284.17,0.428292
1735.38,0.17309
1702.13,0.157395
2223.3,0.222304
1350.62,0.13489
793.055,0.0793004
3061.25,0.306033
1615.13,0.161503
1828.5,0.182474
1870.4,0.186619
1031.3,0.10308
2964.75,0.2962
1094.02,0.109394
939.105,0.0939052
2383.13,0.238129
832.225,0.082859
1750.43,0.174985
1073.16,0.107269
1227.87,0.122699
1254.57,0.125442
872.528,0.0872331
1469.38,0.146901
2555.91,0.25535
953.564,0.0953512
1092.33,0.1092
1415.06,0.14095
10762.6,1.0752
2742.71,0.271403
1004.97,0.100403
1189.51,0.118921
2168.08,0.216699
1023.9,0.10207
958.336,0.095826
13581.2,7.32627
1428.31,0.14278
2759.7,0.275553
4834.86,0.482794
2377.85,0.237641
847.906,0.0847875
806.359,0.0805966
1029.33,0.102925
1705.32,0.170487
697.973,0.0697367
3127.34,0.312596
872.761,0.0872212
759.808,0.0759438
1286.7,0.128664
1385.08,0.138503
616.543,0.0616454
857.744,0.0857367
1309.83,0.130839
1141.58,0.114066
735.641,0.0735277
2399.59,0.23993
1258.98,0.125872
1396.33,0.139466
1104.35,0.110431
974.996,0.0972812
1418.49,0.141796
900.013,0.0899484
1140.8,0.114044
1530.02,0.15293
708.048,0.0707766
1039.52,0.103902
969.286,0.0969203
1266.2,0.126557
1415.55,0.141485
1309.97,0.130967
1387.01,0.138687
1227.27,0.122471
950.189,0.0950049
1088.35,0.108635
2439.5,0.243746
1600.02,0.159939
678.862,0.0678281
963.629,0.0962919
688.075,0.0687678
1260.83,0.126051
1061.6,0.106156
1189.16,0.118861
860.972,0.0859001
1578.66,0.157707
2012.04,0.312224
3049.09,0.304656
1216.5,0.121612
1383.08,0.138085
1873.47,0.187281
1935.7,0.193534
1643.22,0.164156
2129.24,0.212808
3468.91,0.34668
1574.94,0.157365
1103.06,0.110228
1003.34,0.100262
983.85,0.0983726
760.078,0.07577
1214.73,0.1214
1026.27,0.102622
1001.47,0.100115
603.551,0.0603504
1767.13,0.176406
693.419,0.0692949
2054.37,0.205159
1537.32,0.15371
1110.12,0.110984
761.771,0.0760606
3186.28,0.318525
1628.84,0.162699
2506.46,0.250532
2090.6,0.208826
1099.47,0.10988
613.889,0.0613735
957.352,0.0957219
1373.86,0.137213
578.972,0.0578917
1645.79,0.164265
2443.83,0.244246
1595.43,0.159455
1139.67,0.113926
886.585,0.0886416
2191.74,0.218935
1504.72,0.15046
961.219,0.0961061
657.583,0.0657372
1114.61,0.111396
1821.55,0.182108
1575.4,0.157443
1082.29,0.108211
1227.63,0.122582
1651.54,0.165137
1279.33,0.127923
1648.41,0.164769
918.716,0.0918138
2119.41,0.211865
2415.09,0.236157
724.429,0.0724366
2545.6,0.254253
2746.34,0.274274
1059.32,0.10592
1269.79,0.126971
1276.73,0.127648
3802.09,0.37953
1417.18,0.141675
1560.75,0.155998
880.19,0.0880122
1049.19,0.104913
966.788,0.0965858
849.509,0.0849167
1022.34,0.102218
785.424,0.0784726
2262.81,0.225807
2766.87,0.276526
1544.22,0.154222
1402.24,0.140219
1029.26,0.102849
1435.58,0.143477
1745.7,0.174485
1479.94,0.147983
1569.58,0.156952
13587.2,1.35274
1468.21,0.146793
2364.93,0.236342
575.592,0.057557
803.868,0.0803207
1536.83,0.153574
2183.91,0.218195
1163.56,0.116257
1182.16,0.118187
2272.86,0.227258
1187.11,0.118636
1196.61,0.119618
1422.97,0.142213
816.503,0.0816309
1421.47,0.140669
2405.05,0.240475
1223.09,0.12228
1602.02,0.160134
1470.66,0.146993
571.457,0.0571202
778.057,0.0777959
3626.43,0.362299
1102.23,0.11021
1931.54,0.192248
1012.99,0.101119
1287.39,0.12872
1928.29,0.192767
936.645,0.0935384
2238.13,0.22377
1322.87,0.132228
900.774,0.0900289
451.689,0.045153
3096.41,0.30947
1051.8,0.105161
788.402,0.0788059
793.324,0.0793194
1190.78,0.118924
809.121,0.0805257
1740.42,0.173642
1722.5,0.17219
1427.72,0.142766
521.927,0.052177
990.375,0.09901
1164.82,0.116263
683.69,0.0683524
680.876,0.0680783
897.168,0.0897122
1402.47,0.140215
1182.97,0.118233
864.616,0.0864518
807.927,0.0807107
3599.6,0.358811
2481.85,0.247674
1333.19,0.133249
797.814,0.0797751
1463.64,0.146274
750.931,0.0750821
1048.18,0.104816
654.578,0.0654557
1097.35,0.109725
1584.98,0.158348
610.828,0.0609861
1766.52,0.176641
1590.06,0.159
1439.8,0.143963
1065.84,0.106136
3848.79,0.384238
854.815,0.0853603
1833.24,0.18322
1637.65,0.162946
529.041,0.0528979
1119.55,0.111886
3084.59,0.308191
911.33,0.0907356
1398.94,0.139867
1261.89,0.12611
1655.73,0.165401
1431.63,0.14311
853.213,0.0848368
1289.47,0.128931
1641.87,0.164043
4515.82,0.450641
5506.58,0.550111
812.748,0.081221
1809.94,0.180886
1426.28,0.142585
876.519,0.0875322
1581.13,0.158071
1749.35,0.174871
2957.26,0.29546
725.045,0.0724915
2811.84,0.281082
3720.18,0.371684
832.447,0.0832324
1342.55,0.134217
1864.46,0.186357
958.965,0.0958815
1165.23,0.116475
830.51,0.083048
1089.16,0.108868
1336.59,0.133591
2681.36,0.2681
2317.94,0.228277
1438.56,0.143842
1064.73,0.106361
1270.01,0.126921
2311.14,0.231086
1358.6,0.135858
1044.32,0.103999
793.315,0.0793262
1248.59,0.124654
962.998,0.0962727
8830.49,6.10472
940.226,0.0940197
1218.27,0.119724
1490.72,0.147726
1365.96,0.136404
842.464,0.0840467
1007.87,0.100693
1012.23,0.101145
1006.25,0.100559
5236.67,0.522458
1004.27,0.100403
980.947,0.0980441
1058.78,0.105525
1628.61,0.162848
3074.19,0.307403
3174.34,0.317039
1529.27,0.152791
1337.73,0.133706
1652.5,0.164961
1167.64,0.116609
1529.96,0.152834
2422.9,0.242268
1773.64,0.17717
834.943,0.0834507
1595.02,0.159316
2013.56,0.201269
1360.91,0.136068
960.273,0.0960107
969.355,0.0969119
2017.16,0.201256
3542.11,0.353526
1420.04,0.141996
665.994,0.0665114
1000.1,0.0999964
855.586,0.0855487
9757.26,0.973992
691.653,0.069026
2635.88,0.263572
920.074,0.0918961
1131.09,0.104962
1078.15,0.107764
4517.7,0.450953
551.886,0.0551655
1108.73,0.110854
2063.69,0.205986
1170.61,0.117017
1744.31,0.174365
1008.23,0.100758
726.845,0.072679
953.272,0.0952393
4920.28,0.491082
12167.3,1.21376
1368.36,0.136555
1909.91,0.190722
902.495,0.0901931
909.076,0.0908781
1738.34,0.173726
627.554,0.0627363
1200.76,0.119917
930.488,0.0929891
1456.86,0.145672
2285.39,0.227877
2190.12,0.21891
982.791,0.0982555
940.267,0.0939542
2666.26,0.265514
2973.67,0.296827
1704.22,0.170327
1101.74,0.110143
937.926,0.0937299
1584.17,0.158358
14460.2,1.44142
1232.6,0.123253
8595.62,0.857177
1576.21,0.157574
3517.96,0.351555
2002.3,0.200209
1528.4,0.15278
3124.09,0.312108
1564.53,0.156413
1016.15,0.101147
3217.39,0.320696
1732.78,0.173141
1111.23,0.1111
1198,0.119795
1735.39,0.173491
1145.78,0.114156
1494.94,0.149012
715.622,0.0715548
1434.25,0.143406
2613.93,0.261125
1358.69,0.135825
1360.69,0.136058
1800.6,0.179887
3721.12,0.371762
966.821,0.096659
534.449,0.053395
1043.74,0.104366
1004.04,0.100315
1371.42,0.136964
734.484,0.0733988
1653.58,0.16532
805.331,0.080516
899.283,0.0899208
1588.05,0.158729
830.602,0.083057
3599.81,0.359888
1069.55,0.106746
2258.61,0.225831
2249.76,0.22388
1262.81,0.12626
807.795,0.0807763
1120.6,0.111753
2603.79,0.260207
1156.25,0.115251
2261.9,0.225649
2811.66,0.280973
754.95,0.0749414
1946.63,0.194628
1467.94,0.146729
824.176,0.0824101
1154.16,0.115411
1093.6,0.109055
2077.24,0.207509
1327.66,0.132587
770.326,0.0769804
714.511,0.0714475
908.789,0.0907728
934.161,0.0933313
970.181,0.0969487
939.666,0.0939613
1015.5,0.101531
1150.04,0.115
1692.75,0.168904
1350.1,0.134914
744.086,0.0743831
3413.39,0.340941
2111.22,0.211065
3519.5,0.351654
2449.17,0.244866
784.699,0.078449
5473.74,0.546779
5047.76,0.503553
1676.14,0.167524
1097,0.109106
671.23,0.0671209
1643.11,0.164175
1030.86,0.102665
7936.05,0.792045
1037.15,0.103369
848.176,0.0847888
983.134,0.097963
1162.61,0.116249
1721.22,0.172073
3066.4,0.306436
866.351,0.0865889
2230.36,0.222864
930.01,0.0928929
1308.43,0.130781
899.283,0.0897161
2643.79,0.264323
1249.35,0.124897
5762.64,0.576026
791.02,0.0790972
1527.23,0.152618
692.671,0.0689939
1355.54,0.135506
1960.6,0.196039
2157.07,0.215267
7746.76,0.774282
689.605,0.068938
1704.23,0.170369
1652.95,0.165016
956.929,0.0956702
990.276,0.0989793
975.734,0.0975035
1665.04,0.165741
1809.49,0.180932
456.207,0.0456178
1066.33,0.106571
1208.52,0.12083
1109.2,0.11083
2078.45,0.207709
2102.51,0.210071
13248.9,1.32347
1844.09,0.184388
1665.49,0.166538
835.236,0.0835206
660.463,0.0660234
1470.87,0.146365
1622.24,0.161832
1067.81,0.10677
2268.14,0.226333
1709.34,0.170842
6911.36,0.690703
763.999,0.0763837
907.653,0.0907275
544.081,0.0543623
8085.15,3.68133
1120.21,0.111957
1152.8,0.115014
1349.67,0.134337
1491.96,0.149122
1100.79,0.110051
2307.46,0.23063
1048.75,0.104873
1462.11,0.146176
2159.26,0.215899
1641.04,0.164087
2395.03,0.239275
3460.99,0.346038
1846.35,0.184473
3167.47,0.316483
1326.41,0.131684
658.566,0.0658552
1292.15,0.129147
1073.58,0.10735
918.484,0.0918331
432.724,0.0432323
3098.53,0.309168
2607.66,0.260735
1848.14,0.184731
909.101,0.0909006
2083.86,0.208168
1667.15,0.166674
1343.98,0.134155
1016.48,0.101641
1112.24,0.111123
597.212,0.0596927
1348.19,0.134815
906.574,0.0905874
1041.74,0.104162
3194.15,0.319191
734.372,0.0734107
979.397,0.0979378
683.016,0.0682988
1650.96,0.165068
641.771,0.0641259
4786.47,0.478548
1183.79,0.118296
1241.19,0.124101
1255.89,0.125427
1724.46,0.172028
2460.01,0.245967
761.975,0.0761833
1415.02,0.141414
643.749,0.0643615
2057.66,0.205354
2215.23,0.221293
1605.62,0.160439
1522.15,0.152156
643.362,0.0643328
671.801,0.0671669
622.489,0.0621217
687.813,0.068778
1255.46,0.125532
1196.46,0.119642
968.209,0.0967117
622.066,0.0621849
4055.6,0.405301
1081.94,0.10819
1862.67,0.180129
2276.68,0.227461
4309.63,0.430563
699.299,0.0699268
1178.01,0.117783
5233.05,0.522965
1409.28,0.139866
1950.13,0.194877
1764.53,0.176405
2804.56,0.270473
2353.08,0.235235
1604.36,0.160428
905.176,0.0905136
1035.67,0.103554
932.507,0.0932407
803.123,0.0802866
1381.49,0.138115
2062.66,0.206162
911.586,0.0909958
1502.3,0.150173
14362.6,1.43293
570.446,0.0570348
2511.12,0.251065
1863.01,0.186214
832.212,0.0831834
781.351,0.0781238
998.297,0.0998036
1276.94,0.127677
1038.65,0.103846
1898.28,0.189807
1083.73,0.108319
1399.69,0.139937
4291.07,0.428201
1287.12,0.128563
1526.32,0.152566
491.06,0.0491039
893.306,0.089321
878.665,0.0878062
2204.07,0.220286
1577.94,0.149861
1160.68,0.115381
966.457,0.0966328
1097.54,0.109737
2671.89,0.267157
867.447,0.0867425
815.682,0.0815623
840.81,0.0838958
1239.42,0.123909
8544.27,0.853697
563.989,0.0563902
1815.5,0.181499
1268.04,0.12636
1279.87,0.127983
1563.54,0.156263
4132.47,0.413069
1188.64,0.118791
1327.06,0.13269
3598.67,0.359825
1388.23,0.138808
1269.07,0.126882
2383.42,0.238269
1260.35,0.126024
1110.55,0.111035
9682.35,3.44818
840.276,0.0840119
2250.12,0.224878
1693.23,0.169035
523.287,0.0523271
1683.82,0.168226
1401.09,2.04545
2892.92,0.288583
7173.24,6.9428
908.764,0.0908675
1048.68,0.104832
1908.37,0.190738
3367,0.336519
2763.09,0.276178
4671.97,0.466523
980.401,0.0979938
733.64,0.0733539
1997.59,0.199715
1234.68,0.123462
945.55,0.0943986
3207.61,0.320227
1318.45,0.13178
963.527,0.0962975
6428.45,0.641131
773.656,0.0773436
977.558,0.0976884
2027.37,0.202675
8671.28,0.865158
1003.14,0.100281
884.8,0.0884149
1443.56,0.144272
721.554,0.0721512
1422.75,0.14134
1642.93,0.164232
1008.75,0.100853
1225.81,0.122495
5095.89,0.509071
1090.63,0.109001
2054.24,0.204566
2041.73,0.204052
880.181,0.087883
1188.65,0.118859
896.081,0.0895717
984.974,0.0984904
859.389,0.0858861
1420.96,0.141918
1027.76,0.102739
1320.45,0.132017
2389.5,0.238871
1184.43,0.118414
8168.73,3.78004
1586.12,0.158481
3309.45,0.331508
5762.66,0.574267
791.366,0.0791209
1226.68,0.122065
958.178,0.0958081
2236.69,0.223502
1076.86,0.107609
622.575,0.0622396
905,0.0904651
1871.42,0.187111
861.909,0.0861741
1435.64,0.143503
1976.54,0.197361
976.598,0.0975731
1305.05,0.130159
7221.84,0.721456
640.722,0.0640551
2215.73,0.22069
1017.19,0.101531
1219.4,0.121916
1002.58,0.100161
950.611,0.0950063
1332.51,0.133188
742.024,0.0741926
2436.14,0.243559
1053.02,0.105214
570.133,0.0569201
827.58,0.0827399
1357.21,0.13571
1134.61,0.113435
1281.26,0.128101
609.328,0.0608561
926.872,0.0926045
1800.76,0.179133
1587.79,0.158706
1306.51,0.1306
1116.34,0.111589
1771.02,0.177092
867.627,0.0867575
1163.76,0.116317
597.256,0.0596924
944.231,0.0944124
1513.62,0.151095
13634.6,1.36081
1178.52,0.117527
877.145,0.0877092
4057.56,0.405542
1470.88,0.146831
1526.61,0.151122
602.049,0.0601956
1340.33,0.13394
984.692,0.0984389
4262.04,0.426119
2293.21,0.229111
1148.28,0.114667
3769.08,0.376736
1314.18,0.131355
870.066,0.0869891
2614.37,0.261313
1056.98,0.105614
3037.05,0.303578
2154.75,0.215109
745.294,0.0740534
2183.41,0.216457
745.742,0.0745663
2679.83,0.26763
949.73,0.0949121
1126.62,0.11265
777.383,0.0776772
844.026,0.0843613
1550.51,0.15494
1078.09,0.1078
914.045,0.091402
1302.23,0.130212
775.79,0.0775667
886.69,0.0886595
829.499,0.0828162
1023.21,0.10229
1842.64,0.168784
702.821,0.0702566
972.037,0.0971285
726.752,0.0726435
1681.11,0.167661
682.893,0.0682225
5583.03,0.557804
989.953,0.0989121
1035.84,0.102572
1063.83,0.106336
963.602,0.0963493
987.477,0.0985965
1132.44,0.113128
8730.67,0.866224
1418.46,0.14178
1869.19,0.186909
1327.5,0.132732
1420.27,0.142005
3094.71,0.309166
2336.02,0.23348
2598.47,0.259625
1699.93,0.169939
22103.1,2.2053
2647.59,0.264597
1209.25,0.120889
1255.28,0.125508
1060.67,0.106057
632.838,0.063269
1137.93,0.113772
2011.73,0.201169
1044.17,0.104395
791.376,0.0791332
981.078,0.098101
596.535,0.0595766
1974.52,0.19688
947.898,0.0947641
1034.87,0.103471
1489.73,0.148838
1836.8,0.183658
1062.19,0.106128
2803.03,0.279953
2130.96,0.213051
938.069,0.0937803
1473.11,0.147252
1890.1,0.187627
1903.27,0.189913
1008.34,0.10075
975.213,0.0975189
5930.38,0.592588
1525.01,0.152414
3268.96,0.32674
2072.9,0.207118
596.051,0.0595972
1149.38,0.114783
1254.56,0.125422
1070.22,0.106971
951.672,0.0949854
4154.86,0.414539
2145.45,0.214457
757.83,0.0752517
2833.89,0.283314
840.193,0.0839687
650.299,0.065011
2059.98,0.205894
1885.89,0.1885
1272.04,0.127161
4352.53,0.432437
881.176,0.0880704
1680.26,0.167993
816.183,0.0816137
821.472,0.0820885
651.399,0.0651145
1721.57,0.17208
2900.57,0.289834
800.849,0.0800594
674.066,0.0674051
1029.99,0.102968
2239.31,0.223902
1089.04,0.108868
1561.95,0.156134
18890.3,4.73119
1208.2,0.120773
1333.66,0.133284
549.49,0.0549201
597.52,0.0596953
998.838,0.0970501
923.666,0.0923498
1825.97,0.182587
937.532,0.0937156
1118.69,0.111866
788.409,0.078392
943.759,0.0943443
1396.8,0.139651
1756.81,0.175619
1164.19,0.116375
1721.1,0.171822
1490.51,0.149026
780.225,0.0779778
1177.27,0.117585
755.345,0.0753863
1166.71,0.116638
493.154,0.0492558
1525.88,0.152559
1131.08,0.113049
2159.75,0.215787
672.263,0.0672227
556.248,0.0556223
1002.58,0.100237
1041.51,0.104105
1298.09,0.12977
1448.91,0.14488
15430,4.45183
1118.05,0.111787
1514.3,0.151352
1948.78,0.19476
942.148,0.0942117
1278.4,0.127824
883.163,0.0893651
994.992,0.0994839
791.84,0.0791681
822.244,0.0820983
1543.56,0.154324
700.711,0.0700669
2206.11,0.220595
721.949,0.0721912
931.64,0.0931295
4524.6,0.45174
1570.16,0.156863
1439.6,0.143941
1302.56,0.130188
10040.9,1.00137
555.172,0.0555156
1519.59,0.151776
816.919,0.081687
1234.16,0.123394
1154.37,0.115427
1723.16,0.171927
2137.51,0.213484
3522.77,0.351932
1728.09,0.172729
3715.02,0.371169
4749.93,0.474326
1341.58,0.134077
869.957,0.0868954
589.659,0.0589022
1542.98,0.154259
3146.69,0.31446
2713.71,0.271225
566.575,0.0565739
1262.14,0.125921
1760.76,0.175989
1783.44,0.178295
781.411,0.0781223
2790.74,0.278863
1537.24,0.153554
847.288,0.084723
498.884,0.0498825
1516.32,0.151489
1106.27,0.110563
751.399,0.0751244
1002.69,0.0998577
1590.1,0.152338
2194.03,0.219386
5099.95,0.508622
1017.78,0.101774
2364.46,0.236393
976.802,0.09661
3466.29,0.346578
836.135,0.0836082
1114.8,0.111391
1582.54,0.158162
968.008,0.096732
2656.6,0.265615
1094.31,0.10937
698.36,0.0697663
2317.33,0.231405
2049.31,0.204921
678.154,0.0676365
1457.93,0.145743
462.827,0.0462813
1071.16,0.107089
1697.67,0.169648
1362.11,0.136202
1952.3,0.195104
470.559,0.0470429
1763.97,0.176316
600.732,0.0598254
1607.44,0.160702
802.21,0.080145
1352.76,0.135265
2056.73,0.205314
4306.9,0.430343
2437.6,0.243747
1511.97,0.151192
732.087,0.073184
1100.67,0.110064
2256.08,0.225424
1008.06,0.100661
2131.46,0.213018
1528.9,0.152838
1243.08,0.124281
966.087,0.0964649
716.019,0.0715866
1025.07,0.102485
1085.26,0.108519
666.782,0.0666576
601.496,0.0601291
876.286,0.0859426
3239.51,0.323432
968.266,0.0964135
2176.84,0.217574
1568.2,0.156555
1131.44,0.113137
1340.03,0.133997
1075.57,0.107519
1137.29,0.113007
1206.15,0.120525
2831.17,0.282903
871.15,0.087082
1362.62,0.136158
1148.19,0.114754
1275.25,0.127466
794.648,0.0794136
2082.42,0.208201
2117.7,0.211181
1993.96,0.195935
892.934,0.0892671
1347.18,0.134711
2364.77,0.236443
879.756,0.0879561
826.728,0.0826697
678.645,0.0678252
1350.78,0.135034
1310.29,0.130898
1808.49,0.180813
1370.72,0.136482
8426.68,0.841194
3681.74,0.367421
5624.23,0.561265
891.588,0.0891518
1149.05,0.11468
1580.67,0.158034
1348.35,0.134687
1369.28,0.136846
1686.92,0.165027
2071.84,0.207071
673.035,0.0672871
676.913,0.0676215
774.979,0.0774584
4571.89,0.456624
680.088,0.0678464
779.94,0.0779642
1125.19,0.112513
974.832,0.0970337
1818.51,0.181785
867.038,0.0866352
1028.62,0.102817
2492.8,0.248702
1827.87,0.182125
1221.62,0.122126
596.877,0.059645
912.033,0.0911911
1490.34,0.148948
9158.49,0.91103
1933.89,0.193357
2980.38,0.297941
1020.98,0.102087
1816.71,0.181612
4426.23,0.44239
1407.73,0.140766
5527.97,0.552352
1477.49,0.147698
638.688,0.0637825
978.338,0.0978193
453.568,0.045355
1743.41,0.174204
1099.18,0.109881
2811.46,0.281023
779.309,0.0779078
2896.52,0.289166
939.8,0.0939352
3899.72,0.389774
897.851,0.0885542
1111.78,0.11114
894.875,0.0894029
1018.13,0.101652
582.283,0.0581812
1354.8,0.135416
668.211,0.0667877
991.819,0.099177
1298.14,0.129656
1263.86,0.126349
1248.09,0.124403
2205.72,0.220407
1402.54,0.140222
1375.79,0.137516
1416.27,0.128563
885.745,0.0885709
1151.52,0.115143
1438.59,0.143385
1183.73,0.118324
954.92,0.0954857
1744.1,0.174395
1590.75,0.158863
1232.13,0.123016
8529.59,0.85241
2021.11,0.20196
1177.36,0.117713
1542.89,0.154169
1504.41,0.149724
796.193,0.0795999
2029.09,0.202851
2594.26,0.258916
988.174,0.0987798
1257.5,0.125732
1808.07,0.180685
1211.98,0.1211
1260.08,0.125985
1352.26,0.134964
1587.27,0.158684
1101.62,0.109987
2043.54,0.204204
14770.8,1.47279
977.098,0.0976575
2171.66,0.217123
2007.91,0.200778
1358.75,0.135852
1635.28,0.163382
8195.85,0.81549
1410.27,0.140985
1302.53,0.130161
2634.72,0.263179
3084.9,0.308248
1565.88,0.156383
1098.4,0.109794
680.642,0.0680603
652.845,0.0652778
2014.91,0.201215
1139,0.113775
1057.34,0.105687
1612.28,0.161167
1426.25,0.142604
1302.93,0.130255
2006.65,0.200258
1170.65,0.11701
851.75,0.0851654
1204.3,0.120402
967.957,0.096793
1341.41,0.133556
987.783,0.0987543
696.905,0.0696169
1047.24,0.104692
3308.13,0.330619
1297.96,0.12951
637.22,0.063705
632.278,0.0643564
1860.1,0.185995
3370.03,0.336811
2135.44,0.213503
766.673,0.0764275
1093.06,0.109298
806.658,0.0806531
1085.83,0.10712
3589.18,0.358757
588.297,0.0588104
1332.48,0.133218
3936.66,0.393556
1571.13,0.157058
6570.37,1.65058
955.576,0.0955489
1075.2,0.107507
734.853,0.0734482
970.911,0.0970151
1346.62,0.134522
1839.99,0.183779
950.23,0.0949835
1087.28,0.108722
1769.78,0.176916
1498.7,0.149842
3168.8,0.315758
899.19,0.0898921
1585.44,0.158251
1085.39,0.108442
889.098,0.0888587
5720.97,0.570196
1598.49,0.159763
1360.27,0.136006
1529.26,0.15285
928.999,0.0928374
937.045,0.0936152
13080,1.30587
1787.55,0.178735
3259.99,0.325829
747.203,0.0747125
2882.02,0.287719
2848.2,0.284426
1631.05,0.163034
679.005,0.0678977
670.99,0.0670926
1714.53,0.171083
747.174,0.0746707
1967.95,0.195618
2455.44,0.245389
2821.92,0.281995
1320.12,0.132005
563.509,0.0563445
5960.67,0.59525
1138.33,0.113752
6797.43,0.679209
1101.2,0.110054
1338.21,0.133611
1853.77,0.185227
987.353,0.0987258
855.141,0.0853898
927.399,0.0925798
1683.72,0.16826
1560.65,0.155502
1071.05,0.107014
2688.84,0.268817
1763.86,0.176178
1537.18,0.15368
2137.23,0.213647
999.535,0.0999493
1893.53,0.189259
1617.95,0.161723
2312.4,0.230323
1444.64,0.144456
771.463,0.0771302
1095.78,0.109522
701.939,0.0701847
1049.97,0.10498
798.191,0.0797777
828.839,0.0828605
1760.97,0.176017
1765.79,0.174121
1316.2,0.131541
1645.35,0.164478
1912.3,0.190674
1178.1,0.116898
973.974,0.0973302
1442.49,0.142458
1627.49,0.162727
1097.63,0.109699
1215.84,0.121572
14235.4,1.41992
1536.66,0.153662
1860.6,0.186035
1188.16,0.118792
1017.98,0.101761
622.708,0.0622599
1453.08,0.145225
1055.76,0.105571
1754.41,0.175379
1093.18,0.109258
3000.9,0.299971
1117.31,0.111627
1076.77,0.107458
1285.19,0.128461
1446.22,0.144593
860.076,0.0859579
487.48,0.0487473
2001.87,0.200135
1639.18,0.163547
1143.34,0.114178
1471.21,0.146874
1357.09,0.135503
774.265,0.0773599
1667.69,0.166732
906.668,0.0906558
1102.31,0.109267
2280.54,0.228029
981.354,0.0978115
1315.81,0.131564
1329.34,0.132852
828.082,0.0827816
3341.16,0.33394
839.592,0.0839462
2065.73,0.206434
1584.95,0.157533
773.709,0.0773597
1094.05,0.109228
684.131,0.0684077
1991.78,0.198925
1015.66,0.101399
1148.49,0.114844
2133.41,0.213277
1567.17,0.156244
2580.51,0.257892
799.519,0.0798977
1011.53,0.101114
1571.73,0.15683
1152.1,0.115199
837.365,0.0836802
1214.18,0.121319
997.238,0.0995248
1547.66,0.154745
3761.47,0.375801
1289.89,0.128966
1057.32,0.105715
1158.69,0.11579
976.078,0.0971636
1159.97,0.115992
1882.66,0.188181
1342.13,0.134187
1653.98,0.165365
1129.36,0.112845
2284.77,0.228144
658.526,0.0658328
2032.38,0.201887
977.304,0.0974895
1205.82,0.120071
994.14,0.0993082
990.675,0.0990595
3346.9,0.334584
1785.75,0.178479
1520.34,0.151963
1826.51,0.182645
1695.39,0.169523
1956.72,0.195208
653.099,0.0652098
1873.31,0.18646
1145,0.111859
653.394,0.0653318
355.784,0.0355176
1229.79,0.122887
904.156,0.0900955
1076.29,0.107606
1854.53,0.184732
3900.33,0.38898
1839.96,0.183863
1773.5,0.177331
1806.45,0.180615
3470.14,0.346798
3129.93,0.312432
1174.21,0.117384
5269.62,0.526542
2334.16,0.233314
847.039,0.0845492
983.828,0.0982861
1403.68,0.14035
3168.03,0.316761
711.922,0.0711561
863.544,0.0861143
2813.04,0.281233
16429.6,1.63956
2094.06,0.207997
876.837,0.0876536
1218.88,0.12186
1270.06,0.126903
1214.95,0.121474
3566.74,0.353445
1715.92,0.171526
361.093,0.0360773
1436.12,0.143483
5671.97,0.566983
1587.33,0.158701
1084.56,0.108344
1743.4,0.174255
1988.81,0.198697
1297.69,0.129742
1157.05,0.115694
1819.72,0.181789
1114.01,0.111345
1920.67,0.19204
4613.48,0.46103
870.7,0.0870686
1253.77,0.125337
761.877,0.07618
980.864,0.0980597
1017.5,0.10166
4285.92,0.428301
1314.17,0.131283
1346.68,0.134592
1045.67,0.104502
1254.66,0.125379
1100.74,0.109966
925.17,0.0925037
930.643,0.0929921
1040.73,0.104055
639.57,0.0639475
636.217,0.0635766
1800.21,0.17991
1455.4,0.145516
1372.28,0.137219
1165.76,0.116514
2480.88,0.24771
1805,0.180307
713.334,0.0713168
904.539,0.090415
2707.34,0.270671
1567.85,0.15766
1277.99,0.127791
1432.35,0.143228
1926.33,0.18584
1533.51,0.153225
1617.82,0.161774
1617.89,0.161772
834.343,0.0832349
716.664,0.0716554
1004.86,0.100468
1093.43,0.109283
5600.85,0.559842
1823.94,0.182305
468.611,0.0468507
7186.89,0.717794
1593.66,0.159137
7311.99,0.730437
855.595,0.0855584
1090.72,0.108678
1100.97,0.110069
1018.16,0.101594
1167.11,0.116702
1790.16,0.178973
838.924,0.083755
959.03,0.0958774
905.645,0.0904549
880.645,0.0880551
935.114,0.0935105
1382.35,0.138224
829.418,0.0829391
2111.72,0.211062
959.483,0.0959208
1632.96,0.162875
2575.74,0.256966
2550.69,0.254597
1567.16,0.156677
984.764,0.0982798
2588.79,0.258648
3030.59,0.302866
879.726,0.0879622
1345.91,0.134504
894.66,0.0894445
1271.83,0.127089
1164.02,0.116389
921.825,0.092098
662.508,0.066224
478.748,0.0478713
4225.19,0.419774
1198.97,0.119872
778.602,0.077856
1641.51,0.164141
887.716,0.0887531
4200.18,0.419287
1113.68,0.111343
1799.63,0.17995
2497.81,0.24957
2567.17,0.256618
569.621,0.0568766
1078.69,0.107864
763.07,0.0763051
1608.2,0.160768
1896.45,0.189085
2274.07,0.227146
1097.58,0.109742
1019.44,0.10185
2359.35,0.235862
23789.4,2.37223
19742.9,1.97114
1061.67,0.106088
3989.29,0.39869
1193.16,0.119281
1145.47,0.114533
1966.17,0.196587
1780.78,0.178067
876.443,0.0876413
1289.69,0.128945
710.365,0.0709863
755.832,0.0755789
1066.53,0.106559
1155.27,0.115413
869.386,0.0867606
982.066,0.0981779
965.097,0.0964933
622.087,0.0619964
707.239,0.0706833
957.377,0.0956876
661.207,0.0660626
1011.76,0.101168
858.098,0.0851067
1367.32,0.136648
980.768,0.098059
2210.57,0.220963
1508.6,0.150695
1693.01,0.169292
943.155,0.0940318
736.382,0.0736364
1292.01,0.129081
865.617,0.0860609
2428.06,0.242705
1543.03,0.153918
997.4,0.099676
594.873,0.0594649
716.869,0.0716772
886.545,0.0879447
3614.69,0.361349
877.377,0.087723
954.263,0.0954159
1449.09,0.14488
1553.82,0.155352
1577.16,0.157643
522.642,0.0522089
899.412,0.0899255
2141.98,0.213882
1024.71,0.102452
1058.65,0.105606
1043.93,0.104337
1172.53,0.115889
1171.51,0.117134
848.432,0.0848117
644.02,0.0642632
1114.59,0.111441
1497.9,0.149401
788.029,0.0787085
1660.86,0.166074
994.548,0.0994497
1515.52,0.151515
1898.44,0.171965
1709.25,0.170876
1272.2,0.127197
1088.03,0.108773
1147.85,0.11477
1114.89,0.11148
1599.6,0.15987
3206.61,0.320306
1417.15,0.141449
7238.64,0.723298
1537.52,0.15314
1028.35,0.102812
987.513,0.0987229
2556.59,0.25523
1467.49,0.146734
2093.66,0.209331
1139.91,0.113778
841.053,0.0840911
664.018,0.0663943
683.16,0.0682694
1348.95,0.13485
1209.92,0.120977
924.986,0.0924686
1166.84,0.116664
993.148,0.0992783
709.262,0.0709251
946.471,0.0946034
1114.04,0.111348
734.57,0.073355
1935.67,0.193529
2156.3,0.21556
985.879,0.0985591
3949.53,0.394216
1056.44,0.105638
1440.78,0.144035
799.711,0.0799489
2163.27,0.216317
1292.36,0.12921
959.758,0.0954918
1015.41,0.100988
2403.91,0.239898
1540.53,0.153943
1021.22,0.102086
1369.38,0.136832
1493.81,0.149117
4619.14,0.461597
1929.97,0.192939
1257.51,0.125668
869.844,0.0869648
1002.09,0.100206
460.173,0.0460169
1486.4,0.148637
649.386,0.0649343
896.601,0.0896424
1514.15,0.15139
4058.23,0.405428
1169.06,0.116865
1065.58,0.106509
1087.12,0.108687
820.387,0.081941
1771.68,0.177093
1126.99,0.112669
701.451,0.0700989
2227.78,0.222612
830.314,0.0829213
757.993,0.0757609
697.79,0.0696942
5370.1,0.534943
958.355,0.0957947
2242.91,0.223862
1421.38,0.138989
1907.6,0.190645
1318.03,0.131736
2312.67,0.231141
3107.25,0.310695
1004.4,0.100293
885.107,0.0883484
1324.33,0.132359
1364.82,0.136474
1030.65,0.10294
1227.59,0.122741
920.319,0.0920195
9065.3,0.902825
1581.73,0.158137
881.239,0.0880732
2160,0.215949
1263.07,0.126301
1718.7,0.171735
1066.14,0.106463
1053.74,0.105365
1485.69,0.148522
1067.59,0.106747
1601.84,0.160045
1049.86,0.104954
2264.2,0.226358
1407.04,0.1407
1406.43,0.140546
906.869,0.0906717
1441.15,0.144103
1547.04,0.154694
1160.65,0.116024
2076.01,0.207451
807.498,0.0807251
2205.67,0.220487
4642.71,0.463293
2926.98,0.292563
1505.28,0.150388
878.597,0.0877973
1413.04,0.141198
1386.52,0.138621
1321.94,0.132111
1259.33,0.125881
1404.56,0.140453
2116.29,0.212535
902.079,0.0901858
1255.62,0.125542
1974.76,0.197342
1737.82,0.173743
1072.11,0.107194
1471.98,0.13982
5197.34,0.517186
1694.31,0.169399
721.238,0.0718806
1198.25,0.119802
1869.17,0.186854
935.672,0.0935543
1610.72,0.16104
2669.66,0.265378
1469.34,0.146916
1573.57,0.15733
5115.55,0.511232
3486.86,0.348609
1761.28,0.176092
1275.67,0.127506
2100.22,0.209774
880.541,0.08805
1213.8,0.121332
2640.3,0.263837
1058.49,0.105841
1274.99,0.127339
970.617,0.0970425
883.634,0.0883577
585.295,0.05851
1206.92,0.120294
2032.49,0.20233
1630.9,0.162814
1225.13,0.122419
898.438,0.0898406
1182.85,0.118279
930.97,0.0930313
955.191,0.0954974
2234.56,0.223169
1279.54,0.127891
1145.82,0.11447
2054.46,0.204646
1034.3,0.103428
844.287,0.0843682
1965.83,0.196325
823.586,0.0823508
578.588,0.0578528
661.549,0.0660489
651.021,0.0649643
816.756,0.0816695
911.534,0.0911391
968.468,0.0968248
2474.89,0.247424
935.452,0.0926794
796.884,0.0796638
1272.38,0.127087
2326.61,0.232545
1917.89,0.191437
1058.79,0.105758
849.066,0.0848842
957.979,0.0957937
2271.89,0.22697
4080.59,0.407756
1191.22,0.119073
2443.9,0.244304
1187.31,0.11972
957.152,0.0956969
1350.75,0.135058
2675.11,0.266792
758.849,0.0757827
1845.39,0.184529
1059.72,0.105815
2388.6,0.238364
718.957,0.0718845
1527.49,0.152738
794.049,0.079399
1478.61,0.147391
1173.72,0.117363
724.881,0.0724121
1503.81,0.150178
1990.13,0.198827
1665.27,0.16638
2130.38,0.212983
1430.43,0.143018
596.054,0.0595904
980.072,0.0979807
1209.28,0.120906
2491.72,0.248986
2326.96,0.2326
840.076,0.0840013
798.827,0.0797395
1433.55,0.143177
1165.82,0.116554
1260.18,0.125829
1201.19,0.120074
4540.87,0.453811
2642.19,0.263922
1113.5,0.111324
1632.23,0.163127
1206.85,0.120639
1949.44,0.194711
812.162,0.0811271
661.656,0.0661649
1554.79,0.155395
914.995,0.0913983
1092.34,0.109187
1753.39,0.175231
1497.81,0.149746
933.388,0.0933301
660.236,0.0659993
2603.36,0.2603
870.998,0.0870398
506.743,0.0506602
1031.25,0.103101
631.301,0.0630727
2711.19,0.323141
2653.37,0.26471
761.737,0.0761298
952.311,0.0949252
3233.61,0.323147
606.785,0.0606505
1060.46,0.106031
968.947,0.0968911
2234.62,0.22333
750.427,0.0750419
827.063,0.0826963
1033.75,0.103325
4259.36,0.425736
1410.9,0.140862
1456.7,0.145591
1514.91,0.151365
2679.34,0.267809
2433.46,0.243213
1499.45,0.149926
1673.72,0.167307
736.385,0.0735756
1194.9,0.119402
1928.02,0.192786
1326.17,0.132588
984.345,0.0980058
622.651,0.0594059
817.412,0.0817177
940.961,0.0940388
946.937,0.0946701
1136.51,0.113646
991.731,0.0991247
2158.14,0.215505
2466.47,0.24639
1276.48,0.127604
8864.9,0.884526
2123.42,0.211867
797.077,0.0796933
1348.21,0.134791
673.169,0.0673132
2474.89,0.247131
4035.54,0.4028
9238.59,0.923368
1908.9,0.190151
858.731,0.0858297
1039.27,0.103856
7234.63,0.722167
1866.79,0.186578
2706.04,0.27046
962.957,0.096097
16559.9,1.65188
6647.2,0.662706
1812.48,0.181226
1210.41,0.121034
946.606,0.0945872
1232.58,0.12324
1182.22,0.118133
893.175,0.0890824
681.493,0.0681275
941.4,0.0941178
655.383,0.0655071
752.802,0.0752675
11129.7,1.10836
1295.37,0.129014
1430.61,0.143036
3771.1,0.376832
770.087,0.0763813
1874.59,0.184534
1497.55,0.149706
1105.82,0.103912
734.703,0.0734657
1508.91,0.15084
6400.36,0.639477
1150.99,0.115094
3032.1,0.303163
1365.72,0.136549
1342.24,0.133935
962.404,0.096205
790.783,0.0790621
651.37,0.0651204
950.508,0.0950042
1121.85,0.112087
693.688,0.0693408
807.302,0.0807247
1811.55,0.181129
2918.45,0.291753
2458.08,0.245731
1269.09,0.126864
3010.61,0.300649
3661.63,0.366077
2517.27,0.251566
1072.4,0.107162
655.542,0.0655322
853.358,0.0851615
1487.72,0.148749
1425.86,0.142466
2612.71,0.261246
21024.4,2.09525
1691.2,0.168799
1334.84,0.133472
1513.34,0.151329
1563.1,0.156292
1538.23,0.153782
725.446,0.0725264
2157.41,0.21555
939.091,0.093903
1301.23,0.130029
1058.59,0.105851
1204.01,0.120291
2404.86,0.240387
767.206,0.0767179
5356.32,0.53545
4031.97,0.402886
1243.14,0.124202
2248.56,0.223905
767.145,0.0767005
885.308,0.088482
979.073,0.0978448
1256.84,0.125635
752.439,0.0745487
826.722,0.0825862
3456.81,0.345479
904.936,0.0904553
1658.22,0.165774
1721.34,0.171894
782.483,0.0781972
1349.36,0.134889
934.584,0.0934402
1032.9,0.103212
983.336,0.0982762
750.032,0.0749081
2223.01,0.222274
979.396,0.0979314
2960.95,0.295672
1928.69,0.19273
2300.14,0.229655
660.296,0.0660232
1380.41,0.138019
963.639,0.0963482
714.524,0.0712289
1201.42,0.120122
1009.65,0.100934
565.572,0.0565364
1048.5,0.104846
3015.67,0.301506
1224.55,0.122303
768.502,0.0768452
1088.24,0.108791
2586.82,0.258488
791.636,0.07909
478.52,0.0478431
7570.36,0.756032
1899.76,0.189902
667.817,0.0666776
3038.04,0.303684
12207.7,1.1646
1703.98,0.170324
913.933,0.0913287
1020.39,0.101796
1227.08,0.122657
1755.06,0.175385
1738.93,0.173789
1004.69,0.100463
1093.29,0.109304
1102.93,0.110281
697.756,0.0697494
4934.87,0.475282
888.061,0.0887305
1147.32,0.114722
1308.72,0.130592
1614.75,0.16135
1068.6,0.106847
536.635,0.053655
906.041,0.0905963
2557.51,0.255614
892.948,0.0891761
1215.16,0.121512
1250.5,0.125034
1297.17,0.129636
1776.73,0.177568
986.816,0.098664
1332.71,0.133233
618.598,0.0618509
1736.08,0.173592
1461.66,0.146097
953.012,0.0952578
1086.63,0.108509
749.953,0.0749438
595.907,0.0595886
889.82,0.0880926
1085.22,0.108516
789.841,0.0789725
10104.6,1.00778
1214.79,0.121353
668.697,0.0668637
1641.73,0.1637
1192.4,0.118963
1258.02,0.125567
1469.13,0.146868
1522.86,0.152156
803.479,0.0803193
1167.35,0.116717
855.98,0.0855618
1890.7,0.182102
1173.88,0.117377
1288.08,0.128799
892.631,0.089219
1256.78,0.125656
943.33,0.0941928
1533.24,0.153248
745.773,0.0745748
1455.32,0.145449
1384.55,0.138389
1169.62,0.116937
981.062,0.0980983
1346.29,0.134451
3554.41,0.354304
1145.14,0.114474
1018.1,0.101774
1351.88,0.135174
1343.65,0.134151
1190.76,0.11901
1022.08,0.102194
2405.57,0.240063
1580.39,0.158007
909.367,0.0909324
559.479,0.055942
887.426,0.0887174
2012.17,0.200778
890.582,0.0890266
1259.8,0.125963
2718.02,0.270649
2008.75,0.200681
905.614,0.0903204
1916.42,0.191606
1186.56,0.118639
1889.47,0.18891
681.001,0.0680919
1324.29,0.132386
965.018,0.0964959
930.952,0.0930822
508.792,0.050868
677.498,0.0677118
974.41,0.0974189
1799.14,0.179815
829.081,0.0828438
1196.19,0.119599
1100.27,0.10992
2003.52,0.20023
825.477,0.0825343
2035.23,0.20346
1534.64,0.153264
1804.06,0.180185
2715.64,0.271491
1659.92,0.16591
966.915,0.0966832
1758.54,0.174978
1159.4,0.115837
805.579,0.0804894
2051.44,0.204942
1570.23,0.156968
1260.89,0.126066
2491.97,0.249011
2579.7,0.257916
740.079,0.074002
1242.89,0.124278
8759.75,0.875713
602.721,0.0602046
752.512,0.0751028
798.618,0.0797501
1284.99,0.128391
1444.8,0.144341
1050.16,0.104926
624.453,0.062437
1350.59,0.13501
2999.25,0.299825
1229.34,0.12289
961.272,0.0960647
627.96,0.0627685
1499.93,0.149945
1026.36,0.101783
718.097,0.0718069
1030.1,0.10299
873.195,0.0872893
943.335,0.0943288
1712.89,0.171161
1347.51,0.134192
1248.66,0.124744
4522.19,0.450959
5139.2,0.512959
932.631,0.0932563
1536.69,0.153504
912.829,0.0912552
16607.5,1.65849
1925.53,0.192331
2545.8,0.319348
606.311,0.060603
2396.23,0.239468
1197.8,0.119728
1006.54,0.10013
950.341,0.0949445
718.401,0.0718379
770.158,0.0767802
626.895,0.0626872
727.732,0.0727692
1133.24,0.113305
1513.92,0.151364
708.07,0.0707666
825.176,0.0824675
813.946,0.0811562
686.591,0.0686276
2718.46,0.271806
1024.75,0.102453
5330.89,0.518574
892.312,0.0892137
1087.76,0.108773
1059.01,0.105816
1330.34,0.130096
1121.34,0.112002
826.28,0.0826026
1292.37,0.129225
2001.68,0.200152
969.744,0.0969716
1255.67,0.125497
1639.85,0.16389
1778.86,0.177862
3056.52,0.304026
1739.57,0.173927
1494.88,0.149394
1861.76,0.186105
1199.82,0.119962
1027.89,0.102761
1219.1,0.121813
2092.9,0.209253
1672.28,0.167215
1505.57,0.150533
1208.69,0.120858
763.711,0.076359
1498.76,0.149701
24842,2.45523
503.112,0.0502882
928.797,0.0928761
1943.57,0.194347
542.638,0.0537967
435.233,0.0435065
908.214,0.0907142
973.053,0.0972436
1579.9,0.157899
992.756,0.0990962
918.33,0.0916157
1633.56,0.163338
1145.55,0.114531
672.785,0.0672454
2121.78,0.212081
11322.6,1.12947
800.65,0.0799894
1276.19,0.127536
820.059,0.081937
2488.49,0.248772
1676.33,0.167601
2981.04,0.297424
2330.87,0.232996
808.77,0.0807528
1951.1,0.195066
1111.98,0.110939
2012.43,0.201178
1990.75,0.198832
2864.17,0.28307
560.92,0.0560656
1834.18,0.18339
1027.36,0.102706
1709.6,0.170809
1629.85,0.162973
1179.81,0.11792
1941.4,0.190109
1365.53,0.13651
1176.34,0.117563
5449.62,0.544498
1717.28,0.17169
903.469,0.0903361
2459.9,0.245938
1172.15,0.117159
1106.11,0.110498
1073.16,0.107253
4680.32,0.467008
1764.54,0.176332
773.223,0.077296
1900.44,0.190014
1491.51,0.149014
1223.48,0.122296
811.233,0.0810158
3240.17,0.323906
666.327,0.0666286
864.914,0.0864437
1254.3,0.125399
1139.79,0.113968
2290.12,0.228939
1749.37,0.174917
938.686,0.093855
1133.78,0.113329
2114.64,0.211085
422.341,0.0421658
1147.49,0.114658
1041.21,0.104066
1701.87,0.17008
2448.62,0.244542
2664.42,0.26635
718.19,0.0718002
910.144,0.091004
1566.65,0.156625
1630.27,0.162667
1140.15,0.113979
698.568,0.0698344
884.559,0.0884542
12071.6,3.81672
1133.2,0.113196
1427.82,0.142417
1358.32,0.13581
1821.91,0.18215
3197.29,0.319445
1138.71,0.113125
1489.59,0.148928
575.021,0.0574345
1189.27,0.118899
374.32,0.0374169
2296.98,0.229267
855.104,0.085487
1067.76,0.106759
800.021,0.0798949
764.989,0.0764905
1562.34,0.156213
1088.98,0.108785
1082.78,0.10817
1322.78,0.132228
2637.55,0.263647
2965.74,0.296517
6685.61,0.665731
1206.25,0.120598
2602.1,0.2601
1551.02,0.154144
2280.88,0.228039
3287.63,0.328676
1697.01,0.169664
2259.96,0.225657
1176.86,0.117514
903.915,0.0903564
645.745,0.0645586
1710.16,0.170541
1561.07,0.15606
737.991,0.0737912
1232.82,0.123268
4978.08,0.494975
2348.88,0.234773
899.716,0.0899119
2582.19,0.258064
5223.48,0.522043
630.746,0.0630665
698.149,0.0697471
863.899,0.0863728
1523.32,0.152113
845.411,0.0845084
994.592,0.0994451
735.923,0.073481
1465.07,0.146349
2819.93,0.281894
862.444,0.0862171
1057.76,0.105771
1945.46,0.194449
1525.78,0.152502
896.74,0.0895043
1523.8,0.15211
1444.71,0.144142
1235.47,0.123348
1176.52,0.117611
1349.48,0.134883
2364.61,0.236226
1122.4,0.112215
745.921,0.0745866
1377.96,0.137778
7309.35,0.730522
821.332,0.0816969
2241.77,0.223864
1026.9,0.102665
1319,0.127235
1076.96,0.107685
1027.16,0.102559
1516.08,0.151574
1232.97,0.123269
694.987,0.0694892
1332.83,0.133141
1160.02,0.115941
1053.56,0.105347
1030.51,0.103026
1461.96,0.146167
799.236,0.0799212
1123.63,0.112325
2068.86,0.20686
2037.89,0.203546
2218.8,0.221653
1715.74,0.171521
1076.04,0.107584
2069.12,0.20669
904.396,0.0903464
1186.05,0.11859
1515.03,0.151201
1241.87,0.124166
944.146,0.094396
614.084,0.0613968
705.146,0.0704742
1745.76,0.17439
4131.93,0.412801
1549.89,0.154979
2108.86,0.210819
1599.48,0.159928
3456.31,0.345069
690.723,0.0690608
1676.47,0.167516
617.409,0.0617258
701.681,0.0701569
4521.23,0.450705
1048.68,0.10485
728.27,0.0727995
839.733,0.0839625
1826.15,0.182514
1400.07,0.139946
5800.26,0.57842
1689.68,0.168927
4872.87,0.486122
1370.24,0.136937
751.503,0.0751447
1099.19,0.109895
961.03,0.096093
1084.48,0.108436
1394.59,0.139384
1885.6,0.188508
606.909,0.0606479
1245.89,0.124484
720.236,0.0720159
875.505,0.0873435
1117.51,0.111505
634.758,0.0634236
689.258,0.0689167
1769.13,0.1769
1013.77,0.101364
7904.41,0.789204
3080.87,0.30737
1631.27,0.163105
793.843,0.0793328
1689.08,0.168896
823.211,0.0822705
1345.46,0.134447
1333.9,0.133312
976.049,0.0975931
903.239,0.0902857
1959.96,0.195868
881.609,0.0881039
955.878,0.0955771
1305.57,0.13047
1234.92,0.123448
1199.61,0.119906
2961.51,0.289405
2896.08,0.289475
1336.11,0.133603
1283.36,0.128272
2405.88,0.240521
701.572,0.0700538
2006.02,0.200479
1102.21,0.110162
1083.41,0.108325
975.028,0.0974457
1027.31,0.102725
850.871,0.0850727
1052.17,0.105012
4371.82,0.4365
1111.78,0.111156
1256.82,0.12545
1279.01,0.127861
1255.72,0.12536
1242.29,0.124182
1022.16,0.102195
1850.06,0.184954
907.296,0.0907091
837.264,0.0836896
1141.06,0.114077
2642.8,0.262831
3166.35,0.31647
1625.15,0.162493
2508.13,0.250765
914.488,0.0914464
703.034,0.0702634
2242.66,0.220124
790.407,0.0790236
1227.15,0.12269
1123.62,0.112212
970.048,0.0969396
1243.22,0.124289
804.391,0.0804115
12454.3,3.60627
1445.09,0.144469
4512.68,0.451022
1653.14,0.165307
1200.28,0.119977
1076.49,0.107625
1071.29,0.107079
1146.7,0.114612
2548.89,0.254611
1150.8,0.114689
992.526,0.0992185
675.805,0.0675507
1494.46,0.149282
2237.62,0.223746
1223.39,0.122316
994.892,0.0994465
402.595,0.040257
760.134,0.0758998
757.109,0.0755997
1358.45,0.135439
3069,0.306521
1332.72,0.132765
1846.37,0.184499
4401.14,0.439756
606.262,0.0606244
761.774,0.0760981
1005.09,0.10047
2037.67,0.203585
938.01,0.0937325
975.632,0.0974042
1390.36,0.138571
909.781,0.0909353
2058.07,0.205699
1119.32,0.111915
1261.46,0.125763
2020.29,0.201888
1314.26,0.131423
1371.13,0.137078
3489.85,0.348417
906.187,0.090581
2464.12,0.246239
929.909,0.0927075
1871,0.18698
1378.7,0.137678
782.207,0.0781682
860.015,0.0858676
613.768,0.0613741
1359.71,0.135926
1615.63,0.161528
1525.43,0.152491
2180.9,0.218048
837.076,0.0836935
4301.88,0.429813
1016.45,0.101543
1220.79,0.12206
740.026,0.073963
660.66,0.0660632
867.149,0.0867096
916.632,0.0916597
929.81,0.0929745
972.638,0.0972311
1227.22,0.122536
1512.3,0.151014
351.89,0.0351704
2714.08,0.271262
858.002,0.0856945
1789.32,0.178808
5419.24,0.540606
1317.86,0.131767
1333.21,0.133207
1502.04,0.15019
1074.5,0.107131
1993.77,0.199223
1388.07,0.138701
4693,0.46907
711.851,0.0711682
1291.58,0.129141
2954.35,0.295399
2281.95,0.228162
650.809,0.0649199
884.133,0.0883535
1056.05,0.105594
475.433,0.0475069
953.849,0.0953444
1116.82,0.111673
1632.5,0.163244
572.698,0.0572343
6291.73,0.625909
1506.71,0.150644
1028.08,0.102789
844.394,0.0844055
19876.7,1.92606
2440.32,0.244002
1693.03,0.169284
2139.22,0.213734
1080.85,0.10804
1267.22,0.126703
1594.07,0.159349
2446.63,0.244614
894.867,0.0889305
763.819,0.0763391
813.48,0.0813443
1400.97,0.140054
848.798,0.0848245
1206.51,0.120649
897.627,0.0897498
808.166,0.0806924
3176.48,0.317539
1160.01,0.115961
5402.03,0.539289
1021.27,0.102121
2015.92,0.201576
790.028,0.0789795
845.274,0.0844528
1984.36,0.198326
764.12,0.0762163
1141.49,0.11409
3613.37,0.361296
1114.06,0.111143
505.304,0.0504571
1426.85,0.142635
1488.14,0.148769
752.814,0.0752289
4364.44,0.435413
1502.55,0.150234
1214.54,0.121417
606.35,0.0605811
876.841,0.0875356
1292.13,0.129183
788.649,0.0787915
840.312,0.0839618
1292.38,0.129235
1569.73,0.156922
1029.11,0.102831
2441.59,0.24413
734.528,0.0734474
1083.68,0.107931
1864.1,0.186233
499.299,0.0499259
15569.8,1.53093
1563.91,0.156185
1216.2,0.121188
3368,0.336771
856.281,0.0855775
1232.74,0.122887
4297.41,0.42898
3072.14,0.307146
827.775,0.0827045
964.549,0.096336
1807,0.18061
764.551,0.0764474
4419.17,0.441024
1058.39,0.105502
992.517,0.0992085
845.586,0.0845081
1404.76,0.140429
901.92,0.0901737
1580.42,0.157951
2420.41,0.241705
1848.1,0.184672
752.461,0.0751582
1317.46,0.131713
2049.99,0.204324
885.582,0.0884522
1302.6,0.130174
1692.78,0.169209
948.491,0.0947589
2614.39,0.261378
5508.43,0.549954
1344.41,0.134413
987.89,0.0987764
1213.2,0.121075
974.258,0.0974233
609.002,0.0607726
970.411,0.096826
1660.64,0.166044
1805.76,0.180307
838.297,0.0838049
1288.73,0.128796
575.065,0.0574822
1080.21,0.107975
1144.96,0.114336
3644.61,0.364012
967.964,0.0967842
1035.84,0.10355
1498.62,0.149825
1137.72,0.113759
1180.87,0.117735
1272.05,0.127105
2014.51,0.201264
833.041,0.0832992
1000.42,0.0999034
2326.08,0.232302
2531.58,0.252876
2002.04,0.199301
1158.04,0.11578
1345.63,0.134431
1006.38,0.0998962
919.287,0.0918954
920.966,0.0920319
1180.37,0.118016
798.185,0.079344
750.554,0.0750439
1677.42,0.16769
2921.89,0.292101
912.158,0.0911557
25716.9,2.55091
1361.27,0.136102
1719.03,0.171812
776.409,0.0775631
1602.66,0.160246
722.487,0.0722452
824.243,0.0824213
1409.81,0.140944
618.676,0.0618633
883.22,0.0881913
1917.53,0.191739
943.958,0.0943735
683.92,0.0683828
820.303,0.0820228
1136.82,0.113653
1234.51,0.123395
882.561,0.0882247
1130.64,0.11305
1022.39,0.102227
10030.9,3.93827
4385.8,0.434901
2887.57,0.288442
1470.86,0.146928
2370.34,0.236977
687.153,0.0687116
1224.4,0.122423
3875.12,0.386702
957.237,0.0957143
1080.66,0.10806
956.659,0.0956634
5251.25,0.524483
634.924,0.0634769
1275.14,0.127426
2089.5,0.2089
3239.3,0.323448
1106.19,0.110583
1503.05,0.1497
839.929,0.0839668
1402.63,0.140213
1614.05,0.160643
1230.74,0.123024
1471.27,0.147078
851.296,0.0850872
2309.24,0.229813
1052.49,0.105236
1629.94,0.162678
1429.64,0.142944
1221.24,0.122103
1060.03,0.105977
2121.11,0.211993
1045.13,0.104489
2676.02,0.267207
771.338,0.0771318
1383.12,0.138268
781.726,0.0781658
1330.4,0.13298
1499.85,0.149738
751.929,0.0750986
873.342,0.0872839
819.877,0.0819316
1145.42,0.102321
2657.59,0.265395
1412.78,0.141245
1347.45,0.134556
2053.68,0.205165
587.144,0.0587066
1457.25,0.145684
1616.34,0.1616
1043.56,0.104122
1497.89,0.149553
1351.22,0.135027
1165.34,0.116526
1134.65,0.109248
2729.32,0.272613
1430.71,0.142961
1867.18,0.185831
601.517,0.0600654
1237.72,0.123755
802.04,0.0801727
1514.97,0.151346
1218.48,0.121507
1677.69,0.167609
662.301,0.0662291
1755.17,0.175451
3667.51,0.366609
961.351,0.0961218
755.251,0.0765637
1979.43,0.197798
810.683,0.0809157
1186.92,0.118604
1960.22,0.195941
939.776,0.0936277
1336.46,0.133632
2203.05,0.220241
2128.24,0.212653
1500.91,0.150063
1520.77,0.152032
1149.56,0.114914
1578.43,0.157668
1039.3,0.103863
1221.42,0.122125
1496.87,0.149604
1559.78,0.155946
1579.35,0.157856
1613.64,0.161216
2502.23,0.250091
1237.65,0.123552
1158.46,0.11579
1383.69,0.138334
922.51,0.0921331
608.156,0.0607872
959.205,0.0958765
2448.81,0.244848
1028.82,0.102858
566.334,0.056632
687.979,0.0686998
1327.99,0.132727
1135.3,0.113438
941.165,0.0941126
1564.31,0.15638
3023.88,0.302311
1307.11,0.130676
1501.09,0.150094
3363.99,0.335953
1485.32,0.148208
697.839,0.069778
1056.24,0.105542
780.163,0.0778309
3542.33,0.354186
786.581,0.078646
2110.61,0.210943
1262.99,0.126277
3016.32,0.301561
2500.85,0.25007
1105.46,0.11051
1364.09,0.136365
2509.31,0.250696
1122.56,0.112212
735.594,0.0735435
4529.52,0.452728
939.49,0.0936446
901.8,0.0901736
1815.16,0.181451
1305.73,0.13056
857.041,0.0856976
1787.34,0.178713
1137.67,0.113676
1751.35,0.175053
779.065,0.0778675
2698.43,0.269573
863.744,0.086106
511.699,0.0511692
895.842,0.089579
1680.59,0.168046
1350.66,0.135017
1649.15,0.164839
708.929,0.0708871
1653.83,0.165355
1610.06,0.160809
1031.87,0.102222
979.134,0.0978269
762.683,0.0762538
1938.36,0.193355
540.863,0.0540711
875.771,0.0875459
1917.92,0.191361
999.161,0.0999073
1661.23,0.166087
986.19,0.0985961
390.858,0.0390827
814.191,0.0813457
1153.89,0.115384
867.522,0.0867424
1364.09,0.136361
569.602,0.0569459
1435.02,0.143433
2223.25,0.222039
826.21,0.0825898
2907.54,0.289757
2051.9,0.205088
1670.04,0.166055
1148.57,0.11483
566.407,0.056637
2078.23,0.207758
1503.24,0.149733
2518.71,0.251802
986.296,0.0986142
452.064,0.0451871
1832.41,0.634348
866.992,0.0866722
957.048,0.0956356
1233.98,0.12336
866.144,0.0865928
1034.72,0.103452
1232.7,0.123206
1385.65,0.13851
964.093,0.0963872
1475.5,0.147446
839.586,0.0838786
1259.95,0.125961
2857.21,0.285673
1388.49,0.138762
2265.97,0.226447
1436.55,0.143609
1401.96,0.140185
8806.91,0.879343
5472.72,0.546506
659.367,0.0659172
1288.55,0.128749
2232.53,0.222946
831.665,0.0827616
2378.95,0.290107
1317.53,0.131399
1579.75,0.157906
2762.94,0.276184
1651.09,0.165003
1776.63,0.177498
981.589,0.0981534
1390.73,0.139038
1582.68,0.158085
1230.55,0.122706
828.817,0.0828688
2407.47,0.240659
1368.11,0.136795
917.361,0.0917335
2211.06,0.220966
959.975,0.0959893
1018.95,0.10174
1221.55,0.122083
1491.68,0.148799
3604.05,0.360194
569.438,0.0569297
2355.13,0.235457
1599.53,0.159939
1110.7,0.11106
1424.93,0.142464
1203.62,0.12005
3026.5,0.302449
1123.35,0.112307
2657.15,0.265447
2129.76,0.212913
1118.4,0.111791
1005.38,0.100514
2222.91,0.222281
1384.65,0.138442
1047.77,0.104736
1527.06,0.152608
1168.64,0.116752
3417.47,0.341607
1304.96,0.13049
968.021,0.0967867
1189.01,0.118813
1465.62,0.146554
4463.91,0.445874
770.592,0.0769147
3133.38,0.313295
2067.31,0.206716
1706.47,0.170622
5182.49,0.503718
1718.36,0.171685
792.312,0.0792069
1874.73,0.187449
1025.39,0.102495
1074.29,0.107334
1046.07,0.104562
2026.53,0.202511
1351.69,0.135145
1824.6,0.182358
2775.79,0.277517
1051,0.105088
1051.28,0.105075
1561.96,0.155824
3979.88,0.397536
1432.58,0.143226
5703.73,0.56952
1600.31,0.159949
786.681,0.0785641
796.423,0.0796034
3021.49,0.301332
1570.36,0.157028
1481.78,0.148067
431.729,0.04317
645.844,0.064534
1043.26,0.104299
1752.74,0.174237
752.922,0.0745298
901.52,0.0901471
969.828,0.0969131
1954.69,0.195293
1082.03,0.108144
1444.71,0.144452
1415.75,0.141554
1160.87,0.115997
745.251,0.0745203
930.268,0.0929708
992.259,0.0990757
2912.65,0.291183
752.668,0.0752458
2702.26,0.270204
3404.31,0.340145
972.422,0.0972321
899.723,0.0899455
1335.6,0.13355
2333.51,0.233281
1280.9,0.128014
1038.79,0.103782
1233.82,0.123197
2337.15,0.232922
3825.61,0.382138
675.965,0.0675298
1522.29,0.152221
1392.42,0.139224
833.134,0.0832494
1255.48,0.125543
1003.85,0.100243
625.311,0.0641268
1233.81,0.123364
853.284,0.0853018
1854.01,0.185366
1544.26,0.154418
1306.52,0.129981
1229.75,0.122945
3524.7,0.351675
739.813,0.0738983
1505.94,0.150364
3994.48,0.399227
1729.01,0.172864
1666.49,0.166596
1489.64,0.148704
610.184,0.0609907
971.064,0.0970827
1227.26,0.122717
718.732,0.0718441
528.449,0.0528431
1746.07,0.174596
706.03,0.0705677
1783.68,0.178324
1344.69,0.134445
1992.36,0.199155
2125.31,0.212497
733.314,0.0732898
1984.86,0.198422
1065.3,0.106512
4853.09,0.484367
2113.56,0.211097
747.931,0.0746812
777.407,0.0777363
768.543,0.0768433
953.073,0.0951882
802.899,0.0801763
1961.43,0.195932
2209.5,0.220867
1747.66,0.174527
1769.11,0.17598
1276.75,0.127668
4067.04,0.406489
1418.6,0.141851
1306.6,0.130479
1338.84,0.133873
1628.94,0.162807
1854.15,0.185234
820.801,0.0820655
1087.61,0.108403
2446.51,0.244612
2658.2,0.265672
940.059,0.0933955
5029.18,0.502751
1112.14,0.111134
1503.92,0.15032
1412.81,0.140555
723.198,0.0722925
1588.04,0.15879
1494.89,0.149301
658.478,0.0658376
715.346,0.0714936
2754.31,0.274519
1869.66,0.187095
811.308,0.0811223
1037.76,0.103611
2587.94,0.258727
971.543,0.0970085
1449.93,0.144952
2184.36,0.218392
1822.79,0.181996
3380.6,0.337979
715.938,0.0715675
1227.95,0.122503
1682.06,0.168195
904.182,0.0904131
2619.66,0.261106
1462.91,0.146255
1523.89,0.152352
942.653,0.0941457
1231.63,0.123113
1992.82,0.199161
881.798,0.0881708
1505.51,0.150482
720.798,0.0720372
898.888,0.0898418
1540.28,0.153904
3310.38,0.330954
1347.18,0.133707
1790.03,0.178858
8630.02,0.861844
1203.82,0.12028
1447.41,0.144684
1836.5,0.18349
1146.21,0.114577
1121.85,0.11198
2063.4,0.206314
912.467,0.0910644
1167.53,0.116541
2179.41,0.217899
4372.95,0.437227
810.897,0.0810758
1196.99,0.119605
1390.57,0.138889
1720.43,0.171946
963.705,0.0963635
1480.48,0.147866
871.501,0.0871174
2212.76,0.221227
2103.09,0.210264
670.373,0.0669659
543.382,0.0543266
966.425,0.0965665
1448.13,0.144703
1081.34,0.10808
2813.45,0.281173
435.364,0.0434217
1119.98,0.111982
371.081,0.0370694
680.147,0.0679939
3291.41,0.328855
945.924,0.0945282
1741.18,0.174051
2371.94,0.236829
1087.52,0.108722
1207.06,0.120336
2153.77,0.215113
9578.34,0.955316
1919.17,0.191876
1873.1,0.187204
973.474,0.0973386
901.288,0.090102
2561.99,0.256093
1232.56,0.123204
1616.19,0.161558
825.466,0.0825393
893.76,0.0893034
1193.56,0.119337
889.596,0.0889365
1335.44,0.133389
1660.28,0.165948
880.883,0.0880698
777.987,0.0769684
1020.81,0.102058
1751.27,0.175097
738.354,0.0737487
1028.44,0.102739
6795.52,0.252027
848.621,0.0848061
5607.57,0.56009
1872.9,0.187211
1244.54,0.124423
785.494,0.0784787
1661.55,0.165693
1062.46,0.106206
1723.13,0.172203
1105.48,0.110546
1128.66,0.1128
2474.27,0.247134
1193.85,0.119267
2898.21,0.28954
1439.24,0.143765
1359.86,0.135934
1067.33,0.106701
700.401,0.070008
616.349,0.0615927
1048.33,0.104815
1668.9,0.166688
1043.3,0.104245
2154.92,0.215259
1433.75,0.143347
1837.54,0.183729
1809.55,0.180892
1200.49,0.119805
2061.69,0.20611
1893.16,0.189291
1310.44,0.131012
773.449,0.0773311
12589.2,1.25731
795.669,0.0795415
1576.35,0.157616
1558.57,0.155818
1232.86,0.123273
2822.89,0.281922
1154.91,0.115486
1119.71,0.111958
1889.67,0.18892
810.254,0.0810249
1399.82,0.13995
2154.55,0.215316
1394.77,0.139456
2056.84,0.205607
1877.71,0.187545
760.504,0.0760415
713.514,0.0713258
1316.81,0.13167
764.34,0.0764318
673.129,0.0672853
1164.47,0.116383
2208.35,0.219545
3015.77,0.301278
2815.71,0.281413
4615.47,0.460895
849.313,0.0849211
1014.32,0.101226
2416.3,0.241532
1194.38,0.119354
829.096,0.0828954
1295.81,0.129563
824.657,0.0824039
2009.97,0.200965
2697.57,0.269247
1292.05,0.129155
2349.09,0.23481
1117.57,0.11172
689.051,0.0688866
5996.87,0.59898
4685.25,0.468454
1716.41,0.171604
1225.69,0.122556
1134.23,0.113372
2157.73,0.215653
741.169,0.0741131
1245.65,0.124352
948.424,0.0948269
2609.68,0.243791
1494.96,0.149475
1336.57,0.133361
1861.48,0.186079
4939.92,0.493077
669.417,0.066863
995.862,0.0995733
1015.03,0.101499
932.038,0.0931122
1136.9,0.113682
1698.56,0.169839
2010.67,0.200537
1014.28,0.101409
1357.42,0.135579
11006.3,3.17736
1260.39,0.126019
928.74,0.092867
1264.29,0.12642
1937.36,0.193678
831.719,0.0823073
1341.19,0.134086
22366.2,2.21183
644.737,0.0644571
634.978,0.0634866
974.696,0.0974404
883.576,0.0882887
674.487,0.0674463
1062.22,0.106096
759.392,0.0759374
625.039,0.062394
720.651,0.0720598
881,0.0880387
1232.18,0.123174
997.463,0.0997278
768.239,0.0768133
1191.54,0.119116
2855.74,0.285483
1117.36,0.111716
1378.8,0.137591
1024.11,0.102405
845.587,0.084503
1073.01,0.107288
2083.35,0.208243
1158.19,0.115527
1476.1,0.147598
1033.31,0.102987
527.081,0.052661
1102.3,0.110143
1547.47,0.153831
868.007,0.0867989
1799.78,0.179936
839.851,0.0839522
839.24,0.083902
644.534,0.0644193
2629.05,0.262642
1240.44,0.123985
3577.46,0.357114
645.969,0.0645571
941.521,0.0941459
1151.03,0.115099
1365.26,0.13635
617.917,0.0617711
2181.07,0.218034
934.773,0.093443
786.446,0.0786422
588.059,0.0587503
1157.59,0.115721
1583.92,0.158335
1306.7,0.130505
778.807,0.0778787
1618.39,0.16182
1455.91,0.145266
613.58,0.0613065
1305.98,0.130459
966.239,0.0965308
1034.96,0.103454
4912.29,0.49041
954.554,0.0953794
2063.28,0.206203
3337.92,0.331751
752.047,0.0750695
1329.66,0.132956
2512.46,0.251227
666.617,0.0666423
1363.58,0.136295
1269.56,0.126892
558.971,0.0558893
3947.79,0.39194
693.135,0.0692792
2226.14,0.222604
743.18,0.0743159
673.473,0.0673392
895.307,0.0893849
716.74,0.0716348
1223.87,0.117933
1484.4,0.148433
1107.22,0.110689
1067.28,0.106694
1795.97,0.179571
1706.44,0.170631
2046.22,0.204529
1051.72,0.105058
1717.03,0.171666
1187.99,0.118729
765.518,0.0762705
849.757,0.0849635
860.586,0.0856025
1628.86,0.162821
3322.01,0.331872
5667.81,0.56531
1616.78,0.161629
762.925,0.0762692
766.373,0.076633
848.534,0.0848167
1323.09,0.132286
1355.22,0.135512
5209.28,0.519938
912.279,0.0911466
1047.65,0.104611
530.006,0.0528607
1415.86,0.141568
1223.44,0.122251
1501.92,0.150172
3503.33,0.350091
786.034,0.0785806
1080.43,0.108024
1549.76,0.154961
1842.73,0.184153
1512.5,0.150649
1521.07,0.151994
1119.38,0.111811
1673.69,0.16724
1086.73,0.108668
948.913,0.0947183
1035.07,0.103129
904.328,0.0902857
618.124,0.0617141
1105.62,0.110505
3403,0.340142
2457.36,0.245677
886.224,0.0886167
1555.11,0.155481
2690.18,0.268984
1196.48,0.119598
1240.24,0.123958
986.978,0.0985735
1012.66,0.101261
761.613,0.0761581
2493,0.24923
575.059,0.0574918
775.116,0.0775004
733.362,0.0732866
721.421,0.0720592
2227.51,0.222676
9988.69,4.37469
1962.27,0.196131
1777.65,0.177683
2200.12,0.219903
9517.52,0.923534
2082.79,0.208188
1098.34,0.109783
957.77,0.095763
714.192,0.0713394
695.65,0.0692805
889.189,0.0889138
824.686,0.0824365
1505.74,0.150492
1439.65,0.14359
1388.75,0.138869
1125.58,0.112493
624.049,0.0623854
2748.37,0.274204
9563.48,0.947928
7773.2,0.776772
1552.61,0.155084
3328.21,0.332011
1168,0.116763
1017.13,0.101636
827.322,0.0827191
514.73,0.0514442
1316.91,0.131525
1039.66,0.103756
724.954,0.0724757
822.523,0.0822263
3058.03,0.305181
960.938,0.0960331
1966.5,0.19625
834.347,0.0834277
588.691,0.0587923
558.767,0.0558727
1488.28,0.148817
999.449,0.0998942
1035.24,0.103508
650.39,0.0650321
743.7,0.074359
1039.63,0.103951
2293.98,0.22937
952.496,0.0952161
1684.8,0.167143
1243.19,0.124175
803.241,0.0802975
1093.62,0.109255
505.197,0.0504655
711.265,0.0711143
1367,0.136618
1725.27,0.172242
13209.4,1.31875
999.147,0.0997963
30013.5,2.96075
911.101,0.0911028
2037.18,0.203177
1626.24,0.162559
1423.65,0.142355
1161.09,0.11601
947.156,0.0945338
1682.35,0.16809
3525.1,0.352464
1242.89,0.124269
1517.41,0.151548
2126.99,0.177269
2127.54,0.212681
504.823,0.0504819
779.503,0.0778597
2016.59,0.201631
2803.39,0.280292
2332.81,0.233114
633.525,0.0633153
1351.82,0.134886
969.229,0.096628
3457.87,0.344207
1457.75,0.113192
845.823,0.0841959
1796.83,0.179501
891.861,0.0891278
1382.64,0.138195
778.436,0.0778311
1669.83,0.166933
843.411,0.0836229
1208.52,0.120815
1978.04,0.197733
1531.88,0.153099
1734.57,0.173403
789.016,0.0788316
1556.46,0.154009
790.108,0.078965
2092.29,0.209086
2401.13,0.23952
655.088,0.0655014
700.333,0.0700242
1676,0.167549
1468.57,0.14674
1101.99,0.109078
933.481,0.0932718
13171.9,1.31433
11656.8,1.16295
717.431,0.0717262
4493.79,0.448902
1910.56,0.189882
1869.77,0.186917
987.378,0.0986993
763.822,0.0763814
1858.86,0.185863
764.184,0.0762899
1710.45,0.171033
1672.4,0.166933
2009.79,0.20094
5379.03,0.537103
1119.98,0.111927
1793.87,0.179366
1349.34,0.13489
1055.41,0.105513
1688.48,0.168614
1443.32,0.144283
1117.33,0.111724
1190.54,0.118992
2173.74,0.217032
1326.54,0.132625
1231.59,0.123131
963.753,0.0963656
592.885,0.0592329
779.276,0.0778467
1779.71,0.177964
9737.97,0.971254
1344.46,0.134424
9304.65,0.928979
3313.11,0.330905
1480.31,0.1479
1058.69,0.10579
1153.62,0.115278
716.329,0.0715964
875.821,0.0875494
2072.08,0.20687
664.51,0.0664459
1832.65,0.183185
1170.2,0.11698
1399.4,0.1397
1784.27,0.178345
776.693,0.0776633
1094.03,0.109389
609.337,0.0609307
1295.07,0.129504
923.003,0.0922954
715.294,0.0715033
1068.49,0.106806
1643.4,0.164292
867.437,0.0866586
2246.97,0.22422
2220.64,0.221926
1088.06,0.108779
1989.07,0.198428
837.492,0.0837301
646.855,0.0646731
1074.34,0.104403
1996.46,0.199506
993.796,0.0993575
2132.32,0.21269
1067.59,0.106519
618.415,0.061839
987.881,0.0986851
3743.44,0.37334
1346.47,0.134541
697.784,0.0697569
1169.42,0.11636
1408.57,0.140821
2440.11,0.243846
925.27,0.0925178
989.443,0.0989349
787.324,0.078567
1024.05,0.102395
947.773,0.094675
954.833,0.0954141
898.52,0.0897057
1844.54,0.184374
1029.04,0.102871
1641.41,0.164069
962.161,0.0962126
1852.87,0.185186
1394.21,0.139017
926.397,0.0926191
1085.61,0.10849
1538.53,0.153848
1094.79,0.109326
2440.61,0.24398
1060.15,0.105945
679.507,0.0678992
1301.58,0.130132
5530.52,0.552209
5228.95,0.522604
1496.25,0.149584
1789.92,0.178574
412.172,0.0410817
876.783,0.0874268
1620.67,0.115876
1377.92,0.137773
759.531,0.0759493
1597.93,0.159776
863.417,0.0863271
858.066,0.0857895
1125.92,0.112577
2538.32,0.253513
790.472,0.0789623
1611.64,0.161128
2050.72,0.205018
4094.97,0.408998
1332.03,0.133168
1087.36,0.108508
11648.1,1.16173
1172.2,0.117192
1434.34,0.143387
836.771,0.0836714
1124.3,0.112365
2109.41,0.210892
1215.59,0.121465
837.606,0.0834429
12196.2,1.2101
895.152,0.0895131
1134.25,0.113375
812.529,0.0811724
1011.5,0.100556
1109.59,0.110825
1167.81,0.116764
927.575,0.0927522
1167.97,0.116602
1058.87,0.105853
1209.14,0.120783
1661.42,0.16441
767.176,0.0766993
702.133,0.0701352
1036.8,0.103637
618.834,0.0618642
1406.38,0.140624
1226.6,0.122649
489.117,0.048748
3556.5,0.355118
14648.9,1.45354
471.669,0.0471657
1520.41,0.152012
3697.81,0.369679
907.325,0.0906916
1079.1,0.107905
1939.48,0.193675
711.716,0.0706542
1783.55,0.178342
3060.6,0.305782
937.788,0.0937472
1728.74,0.172644
2411.43,0.240759
832.208,0.0832112
1293.53,0.129308
1988.75,0.198659
695.851,0.0691962
1183.73,0.118257
1227.84,0.122693
5533.1,0.553133
986.126,0.0985513
1383.44,0.138328
6370.02,0.636272
593.187,0.0592331
1314.03,0.131387
2211.01,0.221088
793.328,0.0793228
1154.01,0.115389
2150.96,0.215004
1056.43,0.105478
855.368,0.0855346
1251.61,0.125151
1440.59,0.144033
785.031,0.0784665
3868.07,0.386044
5033.37,0.503051
1834.79,0.183007
1414.27,0.141312
1257.4,0.12561
2365.79,0.237109
913.118,0.0913045
915.876,0.0915281
1711.34,0.170958
1093.32,0.10922
812.133,0.0811816
646.155,0.0644887
623.221,0.0622989
846.453,0.0846373
1613.53,0.161346
1049.86,0.104956
1689.76,0.168842
1079.81,0.107877
1379.17,0.137899
1614.81,0.161465
758.535,0.0757572
1014.07,0.101399
997.109,0.099684
1588.47,0.158611
678.791,0.0677966
876.838,0.0876185
1012.6,0.101228
1349.91,0.134973
1733.59,0.173214
643.637,0.0643153
952.055,0.095189
1074.83,0.107471
1084.08,0.108269
1647,0.1645
859.618,0.0857334
1451.63,0.145123
1098.95,0.109872
1185.31,0.118525
773.73,0.0773683
1933.41,0.193308
1805.34,0.180234
1323.49,0.132283
990.343,0.0990186
2110.96,0.210982
852.13,0.0851974
777.77,0.0777468
1531.28,0.153119
1351.79,0.134824
7025.64,0.701801
1853.57,0.184627
20513.5,2.04465
880.955,0.0880336
1287.44,0.128694
2241.3,0.224049
1891.08,0.189079
2224.47,0.22211
1822.47,0.182152
864.408,0.0864365
2157.97,0.21554
2098.27,0.209702
1918.57,0.191833
3412.01,0.341014
1348.68,0.134799
1471.93,0.14714
1421.1,0.142098
7931.97,0.788254
3692.2,0.368833
1972.23,0.196998
916.57,0.0916331
1311.77,0.130788
785.237,0.0785112
2039.83,0.203335
1118.8,0.111852
1668.22,0.166771
1646.4,0.164597
884.565,0.0882891
1406.81,0.140677
1642.92,0.162854
1278.65,0.127827
849.417,0.0849282
695.781,0.0693776
1115.63,0.111556
1404.26,0.140405
815.018,0.0812845
1246.61,0.124596
1391.83,0.139101
695.582,0.0694539
866.27,0.0864686
868.952,0.0868322
1425,0.142399
1266.57,0.12663
701.977,0.0701962
1172.18,0.116334
1306.92,0.130665
1344.06,0.133672
2695.9,0.269492
889.139,0.0889024
625.423,0.0624333
1485.27,0.148501
1173.83,0.117375
982.562,0.0978236
1790.57,0.178978
7638.7,0.753798
1182.97,0.118285
1365.71,0.136477
940.734,0.0937801
1031.72,0.103117
1038.93,0.103836
1264.8,0.126199
740.801,0.0740595
723.693,0.0722697
1844.29,0.184303
1055.89,0.105554
1384.43,0.138242
2181.43,0.218119
1032.72,0.103249
1413.93,0.14138
1381.62,0.13812
951.727,0.0949901
1055.91,0.105481
1506.4,0.150594
3384.1,0.338295
1046.13,0.104607
1000.14,0.0999667
1035.1,0.103483
2902.13,0.290127
725.049,0.0722887
12600.9,2.19362
3480.63,0.34803
1024.08,0.102368
929.287,0.092863
1333.45,0.133339
1211.91,0.121161
907.651,0.0907154
790.181,0.0788608
2124.8,0.212237
2097.66,0.209593
737.973,0.0737821
1065.52,0.106413
1691.04,0.168047
878.962,0.0878534
600.415,0.0600244
829,0.0828858
908.976,0.0908706
908.792,0.0907888
1132.56,0.113106
1302.78,0.130037
1151.74,0.115147
1151.31,0.115116
2365.97,0.236188
806.361,0.0806294
2234.9,0.223435
2471.82,0.247116
2933.07,0.293234
814.269,0.0814085
1177.8,0.117561
1546.7,0.154419
1133.75,0.113143
1188.22,0.11872
866.829,0.0876013
2949.44,0.294932
821.968,0.0821324
1131.21,0.113047
738.072,0.0733038
2656.59,0.265373
1631.26,0.163084
874.941,0.0874508
1137.42,0.11366
680.934,0.0680796
1463.15,0.146211
2111.19,0.210274
1513.86,0.151231
1446.69,0.144541
969.577,0.0967968
854.813,0.0854658
941.33,0.0941177
1071.86,0.107164
1030.92,0.103086
978.747,0.0978172
1887.12,0.188542
1792.02,0.179176
756.39,0.0756332
1175.19,0.117511
1213.48,0.121316
888.83,0.0888276
2991.34,0.299036
771.71,0.0771207
772.919,0.0772637
728.13,0.0728007
1049.47,0.104919
3099.12,0.309443
1207.78,0.12074
1731.62,0.1726
1454.69,0.14495
743.796,0.0743732
848.404,0.084827
1270.1,0.126912
1320.68,0.132056
1457.91,0.145098
1422.89,0.142241
745.076,0.0745045
1509.82,0.150951
1735.24,0.176422
2182.91,0.253112
5801.83,0.579867
772.152,0.0770997
1456.34,0.144856
868.897,0.0868707
2184.4,0.218347
1687.65,0.168715
1229.29,0.122785
1291.29,0.12911
992.892,0.099279
1025.66,0.102558
1416.71,0.141659
1291.56,0.129085
1499.68,0.149953
1222.92,0.12223
6962.43,0.694899
1326.76,0.132636
1988.73,0.198811
995.443,0.0995322
3988.09,0.397601
1249.92,0.12494
773.839,0.0773562
544.406,0.054427
836.456,0.0830841
818.668,0.0818411
996.326,0.099623
958.164,0.0957783
1035.83,0.103577
1240.13,0.123988
1697.28,0.169611
2678.65,0.267785
1106.62,0.110619
1483.14,0.147791
1982.92,0.198225
864.04,0.0863379
834.025,0.0833101
1467.99,0.146726
10606.6,3.52971
2048.21,0.20462
665.835,0.0665757
1089.66,0.108947
2021.76,0.202112
1194.75,0.119454
2046.28,0.20458
2316.42,0.231583
882.558,0.088162
1018.42,0.101833
1656.16,0.165449
1007.84,0.100701
1271.37,0.127135
1703.25,0.169995
1250.39,0.125006
1361.47,0.136139
7805.51,0.769944
917.401,0.0917155
2343.66,0.233697
2916.27,0.2911
4402.96,0.440143
1503.1,0.150178
1501.79,0.14974
1086.36,0.108629
1223.63,0.122307
1094.98,0.109489
1362.11,0.136106
15900,2.77736
1907.91,0.190694
726.056,0.0725753
1667.94,0.166775
919.307,0.0919117
562.569,0.0562538
1603.94,0.159343
884.68,0.08844
737.47,0.073729
1741.55,0.173429
1523.76,0.151982
918.558,0.0918289
917.36,0.0915946
885.18,0.0883879
909.823,0.090953
1601.24,0.160115
1064.49,0.106445
7057.13,0.705263
1132.86,0.113188
1633.45,0.163101
993.928,0.0993865
1915.97,0.191379
3193.87,0.319244
1189.12,0.118502
1230.06,0.122452
723.746,0.0723547
2454.36,0.245357
10371.1,1.03565
1720.21,0.171917
1146.09,0.114603
974.351,0.0974201
5002.1,0.49643
878.311,0.0878231
4276.31,0.424727
1131.35,0.113133
1185.69,0.118468
482.094,0.0481946
959.959,0.0958251
1801.44,0.18012
1421.7,0.142056
1145.74,0.114511
2907.38,0.290517
1405.66,0.140546
1139.22,0.113787
1948,0.194751
1571.36,0.156926
978.204,0.0977962
570.872,0.0570793
14597.5,1.05625
1174.2,0.117408
5770.44,0.573198
1056.48,0.105604
999.238,0.0998904
1389.23,0.138651
1461.62,0.146127
1278.42,0.127824
638.396,0.063833
682.588,0.0682574
1235.13,0.123497
3184.08,0.318337
1757.62,0.174473
1104.15,0.110247
1979.06,0.197769
467.561,0.0467312
9503.56,0.949992
772.285,0.0771771
1533.39,0.153282
1702.51,0.170246
3120.48,0.312003
510.894,0.0505641
1343.18,0.134271
1466.61,0.146243
789.098,0.0789013
1488.86,0.148836
1275.91,0.127535
861.188,0.0860568
1292.44,0.129224
1044.64,0.104298
1356.2,0.135562
1550.89,0.15506
983.288,0.0983135
659.698,0.0658899
1479.95,0.147984
1396.54,0.139196
1102.17,0.110147
1204.33,0.120403
359.528,0.0359357
958.044,0.0957881
801.698,0.0801632
2529.12,0.252694
1675.91,0.167272
2722.7,0.270815
791.933,0.0791883
1741.36,0.174128
1259.7,0.125841
2427.13,0.242585
1321.02,0.132077
545.628,0.0545621
1526.04,0.152516
1202.28,0.120192
1124.2,0.112416
1892.14,0.189163
1411.87,0.141182
1164.44,0.116422
810.001,0.0809916
1269.2,0.126895
853.413,0.0853385
1647.94,0.164734
1539.56,0.153784
971.597,0.0971528
543.636,0.0542403
3482.84,0.348144
3653.13,0.364924
2311.53,0.228482
1605.18,0.160284
810.435,0.0810241
1201.72,0.120163
1416.26,0.141528
1159.86,0.115954
1920.47,0.191697
1299.63,0.12994
2127.35,0.212691
2984.64,0.29822
1021.01,0.102015
2942.41,0.294164
6890.74,0.686771
831.441,0.0831173
998.731,0.0998624
573.742,0.0573478
2288.49,0.228759
1337.93,0.133791
4605.12,0.459006
1560.09,0.155872
1401.65,0.140063
786.003,0.0784868
2683.54,0.268196
13345.7,1.33202
925.157,0.092428
1159.91,0.115955
2019.43,0.201928
864.247,0.0863353
928.973,0.0928693
1124.57,0.112412
1462.18,0.145946
1464.02,0.14637
1493.86,0.149346
5866.92,0.58631
1227.58,0.122462
810.132,0.0808746
1189.05,0.118853
1265,0.126434
791.95,0.0791745
786.148,0.0786108
3027.4,0.302461
2931.96,0.293033
1350.69,0.134973
1150.16,0.115011
14815.9,1.47919
1351.9,0.13514
768.434,0.076831
705.508,0.0705297
947.331,0.0946446
1122.91,0.112119
2341.3,0.234056
874.981,0.0874459
922.284,0.0921429
979.211,0.0978157
2026.87,0.202628
839.051,0.0838642
814.375,0.0814218
4217.48,0.421534
1361.09,0.136082
1927.52,0.192698
1518.45,0.151628
1555.55,0.155539
1186.8,0.118625
10275.2,1.02432
787.852,0.0787754
2581.72,0.262728
776.884,0.0776669
600.853,0.0600634
2289.97,0.22887
1289.84,0.128928
1192.32,0.119212
805.226,0.0805216
810.277,0.0809468
1805,0.177075
1428.01,0.142534
2715.56,0.271307
944.32,0.0943854
626.812,0.0626383
1284.33,0.128387
2171.69,0.217111
908.237,0.09077
726.589,0.0725855
1092.95,0.108795
3011.21,0.370085
646.367,0.0646338
1955.94,0.195539
831.489,0.0831357
587.186,0.0586845
2338.24,0.233799
1371.19,0.137024
871.06,0.0870964
965.695,0.0964879
1774.47,0.176623
1130.74,0.112658
1539.11,0.153857
1103.48,0.110329
1410.63,0.141039
1243.16,0.124293
1572.93,0.157202
7472.46,0.745792
763.895,0.0763509
1166.32,0.116554
699.202,0.069912
1371.91,0.137131
801.615,0.0800676
1422.49,0.141846
1208.61,0.120765
660.067,0.0659754
650.11,0.0649977
3203.52,0.319829
976.336,0.0975906
1665.11,0.166238
1594.73,0.159296
1500.02,0.149891
3116.74,0.311528
1031.38,0.103084
1140.71,0.113919
810.489,0.0809965
911.056,0.0910276
847.284,0.084726
780.396,0.077161
1169.53,0.116946
941.043,0.102936
1093.24,0.109244
986.403,0.0986223
1672.96,0.16728
1014.9,0.101459
7126.87,0.712206
995.599,0.0995558
2060.54,0.205458
706.843,0.070679
967.275,0.0967125
2121.93,0.211559
1291.04,0.129075
1159.31,0.115741
1362.51,0.136227
2153.45,0.209122
1388.09,0.138803
1749.83,0.174966
896.513,0.0894077
1229.59,0.122788
3964.2,0.396012
1339.39,0.133341
863.376,0.0862616
872.235,0.08722
2753,0.275183
701.037,0.0700632
1676.87,0.167651
932.592,0.0932511
1211.15,0.121027
1266.74,0.126609
892.872,0.08927
1093.46,0.109334
1704.36,0.169833
6167.19,5.89563
1524.62,0.152439
1231.54,0.123109
1440.2,0.144004
563.376,0.0563252
744.403,0.0755475
12460.8,1.24521
726.555,0.072564
2009.74,0.200909
771.974,0.0771926
3333.42,0.332697
1592.02,0.159107
1786.18,0.178567
3067.29,0.306309
1395.29,0.139491
952.808,0.0952131
973.981,0.0973791
1612.83,0.160979
5278.2,0.52696
1241.3,0.124089
1094.49,0.109405
962.009,0.096113
884.485,0.0884447
2457.07,0.245649
1122.77,0.112156
822.477,0.082203
1178.08,0.117781
593.197,0.059271
2302.4,0.229905
1277.83,0.127644
897.874,0.0897818
18735.3,1.87319
2583.1,0.257815
756.013,0.0755824
860.702,0.0848203
1210.73,0.121066
1837.29,0.183719
2557.67,0.255725
1042.7,0.104258
997.852,0.099685
619.329,0.0619312
2225.11,0.222403
3753.49,0.375157
1684.47,0.168292
1633.1,0.163091
3026.38,0.302616
849.87,0.0848666
354.771,0.035466
1648.34,0.164619
1048.98,0.104893
1202.18,0.120081
976.476,0.0976253
1234.66,0.123294
1166.61,0.116657
832.943,0.083268
1501.08,0.150094
3279.63,0.32793
4224.86,0.42241
2169.02,0.216718
4568.66,0.456251
650.791,0.0649967
2971.78,0.297008
1034.2,0.101016
1758.43,0.175708
991.524,0.0990634
1219.61,0.121946
1707.77,0.170601
1338.79,0.133861
1212.9,0.12109
1337.14,0.132973
1587.34,0.158552
6437.38,0.642586
2886.94,0.288564
968.043,0.0967805
915.631,0.09145
1730.69,0.173004
748.402,0.0747472
1094.32,0.10941
875.752,0.0875586
844.728,0.0844371
1555.88,0.155506
1107.96,0.110791
1903.44,0.189948
7938.66,2.13407
1768.5,0.176808
942.323,0.0940738
2335.14,0.233419
1626.09,0.162419
428.959,0.0428356
1565.97,0.156559
1098.6,0.10984
2161.26,0.216115
1904.23,0.190229
7685.34,0.764771
1813.02,0.181227
863.375,0.086159
736.035,0.0735969
527.102,0.0527073
1151.63,0.11497
1248.91,0.124875
509.755,0.0509721
1770.18,0.176902
2418.81,0.241849
730.484,0.0729539
1181.67,0.118164
785.76,0.0784799
1024.81,0.102475
1085.96,0.108524
610.415,0.0609965
2397.65,0.239457
867.741,0.0866891
1733.36,0.173015
2566.36,0.256019
1431.13,0.143039
935.779,0.0935485
4897.96,0.489157
701.28,0.070121
754.283,0.0754262
1178.24,0.117654
1048.26,0.104735
1162.08,0.116108
1397.34,0.139087
1052.45,0.105239
916.403,0.0916205
1454.79,0.145332
1119.22,0.111902
1499.42,0.14982
1259.29,0.125901
598.891,0.0598716
2524.15,0.252093
1315.06,0.13145
1468,0.146746
4444.3,0.443882
1683.2,0.168126
1303.53,0.130315
846.417,0.0845366
829.554,0.0829503
1062.16,0.106106
1909.79,0.190927
969.129,0.096896
1222.12,0.122127
2307.84,0.230563
913.249,0.091292
536.629,0.0536236
4924.95,0.486782
987.935,0.0987829
1108.59,0.110794
2318.87,0.231669
1731.28,0.173112
1286.45,0.128477
1392.04,0.139037
578.27,0.0577969
2199.91,0.219649
1933.74,0.192921
1744,0.174007
872.975,0.0865974
1302.37,0.1299
708.152,0.0707798
1558.33,0.15559
858.748,0.0857734
3164.94,0.316438
3242.65,0.324159
1533.41,0.153185
817.578,0.0816898
709.729,0.0709516
516.431,0.0516396
1312.32,0.130831
5185.79,0.518398
1661.57,0.166104
595.025,0.0594938
34115.1,3.36811
708.633,0.070356
3311.93,0.329764
1629.52,0.162934
1215.75,0.121522
1147.86,0.113123
3193.37,0.319272
2102.76,0.209878
2681.84,0.268125
1615.6,0.161235
5144.38,0.51266
19901.1,1.96426
935.93,0.0935518
1143.16,0.114006
1710.75,0.17105
1052.46,0.105138
1729.68,0.172915
3141.43,0.313975
2685.46,0.266712
976.298,0.0976255
781.466,0.0781206
2067.71,0.206497
1905.53,0.190432
4026.25,0.402568
900.315,0.0896368
3250.52,0.324703
657.096,0.0656525
1256.02,0.125582
11099,1.10611
1110.63,0.111026
1325.38,0.132408
1162.93,0.116286
1412.2,0.141187
2098.49,0.209797
1113.76,0.111361
751.968,0.0751845
1478.68,0.147728
704.756,0.0704138
2388.68,0.238771
1375.41,0.137464
4382.28,0.43734
662.355,0.0659313
858.784,0.0858233
2278.81,0.227664
1052.54,0.105232
1570.05,0.156658
772.369,0.077219
634.582,0.0631951
1839.25,0.183893
727.174,0.0726909
886.671,0.0883882
935.265,0.0935132
1856.51,0.185622
1138.15,0.113722
1302.8,0.130202
1761.77,0.176109
1195.47,0.119291
748.676,0.0748513
1416.19,0.141565
678.845,0.0678585
1268.57,0.12679
916.495,0.0916439
1082.56,0.108238
1466.76,0.146577
873.959,0.0873709
1735.01,0.173415
2428.05,0.242769
829.921,0.0829891
867.879,0.0863931
1731.07,0.173067
789.518,0.0789069
13487.2,1.34526
1111.76,0.111158
1567.04,0.15667
914.334,0.0914164
963.679,0.0963596
3621.09,0.362015
1940.88,0.193905
14600.8,1.44934
1164.54,0.116236
1466.52,0.146614
2225.63,0.222533
715.815,0.0715579
1232.52,0.123171
839.125,0.0839105
983.94,0.0983339
1331.23,0.133023
1672.9,0.167272
597.245,0.0597213
1559.34,0.155161
1281.41,0.128122
1103.44,0.110313
2133.9,0.213331
3065.06,0.303701
1035.29,0.10351
1473.75,0.147199
993.564,0.0993552
1154.24,0.115372
1209.35,0.120888
594.786,0.0594742
908.739,0.0908492
1239.16,0.123872
1161.77,0.115939
1517.48,0.151711
988.444,0.0987311
786.813,0.0786633
3556.17,0.355399
1050.37,0.105023
954.578,0.0954285
1357.65,0.135744
878.104,0.0878043
1244.09,0.124316
6985.06,0.697904
909.299,0.0909159
802.481,0.0802128
384.321,0.0384231
798.787,0.0798724
1808.16,0.180776
1379.15,0.137851
963.244,0.0963099
1246.09,0.124561
2307.29,0.230501
1171.79,0.117174
2325.27,0.23244
1699.75,0.169678
1298.55,0.129694
1614.9,0.160587
1531.85,0.153159
831.34,0.0829544
1799.53,0.179879
918.084,0.0917992
4301.6,0.429833
1361.32,0.136117
947.649,0.0942945
1032.56,0.103214
10419.8,1.0396
1000.2,0.100009
753.518,0.0753474
713.985,0.0713793
602.769,0.0602748
3241.63,0.322885
1380.99,0.138083
805.136,0.0805025
945.535,0.0945302
4353.39,0.434513
1250.15,0.124903
1065.34,0.106498
5355.24,0.533312
11734.9,1.17034
792.705,0.0792605
13571.8,1.35094
746.247,0.07462
584.912,0.0584888
1152.84,0.115263
880.068,0.0871755
1401.52,0.140109
765.135,0.0764965
2352.42,0.235226
15259.6,2.56014
3501.41,0.242348
755.766,0.0755163
6782.01,0.677835
2665.28,0.266498
2071.27,0.207066
1404.48,0.140056
2374.49,0.234002
10485.3,1.04665
1801.03,0.18002
2151.4,0.215041
1000.28,0.100014
1262.23,0.12618
1353.86,0.135327
2174.48,0.217169
1771.18,0.176802
2617.59,0.261633
1637.56,0.163522
1278.99,0.127848
1212.95,0.121292
823.563,0.0820685
1104.33,0.110402
965.738,0.0964972
1138.98,0.113889
2896.68,0.289628
818.528,0.0817694
3729.66,0.358384
1473.02,0.147174
1607.19,0.160656
1215.93,0.12156
1791.86,0.179158
5862.88,0.585463
1781.32,0.178072
2836.42,0.283284
1317.6,0.13167
1506.87,0.150628
1028.47,0.10279
1694.55,0.169412
1623.56,0.162173
933.373,0.0933268
1042.83,0.104278
930.681,0.0930525
992.614,0.0991182
718.908,0.0718426
1975.93,0.197468
552.327,0.0552192
2062.35,0.205973
