EnergyDeposit(eV),LET(keV/um)
1068.81,0.106794
1822.38,0.182171
834.003,0.0831835
1360.23,0.135831
1403.49,0.140242
930.742,0.0930619
2628.31,0.262775
1952.52,0.195172
913.714,0.0913263
994.641,0.0993763
2663.82,0.266289
818.737,0.0817863
1590.52,0.158986
2031.89,0.203163
682.421,0.0681414
749.112,0.0748845
804.467,0.0804126
975.354,0.0975108
803.029,0.0802351
1600.19,0.159863
1365.89,0.136502
1935.63,0.193297
1520.78,0.151995
2117.67,0.211739
1656.42,0.165571
1371.76,0.137074
1278.05,0.127759
2848.31,0.284682
623.572,0.0623511
920.858,0.0917576
1332.96,0.133287
5354.18,0.534465
1845.35,0.184419
9865.5,0.983413
1297.89,0.12968
1016.78,0.101675
923.383,0.0923095
946.811,0.0945846
1119.11,0.111899
5180.65,0.516903
1835.85,0.183554
1153.79,0.115202
943.987,0.0943842
1330.98,0.133088
1382.05,0.13818
6394.65,0.638932
1273.59,0.127085
2755.48,0.273923
2238.71,0.223472
689.824,0.0687926
897.91,0.0897895
1380.76,0.137977
3646.48,0.36437
1378.29,0.137629
842.78,0.0841776
2676.43,0.267633
1992.4,0.199142
2840.33,0.283324
801.95,0.080166
1144.61,0.114254
1994.57,0.199377
2003.81,0.200333
789.434,0.078918
1696.24,0.16958
1809.69,0.180861
870.507,0.0870079
1639.41,0.163866
703.946,0.070392
776.047,0.0775945
2738.9,0.27337
1432.39,0.14313
680.31,0.0680083
2310.94,0.230991
837.916,0.0837354
660.605,0.0657939
1271.94,0.127075
928.343,0.0928274
1679.3,0.167917
1108.68,0.110862
1284.6,0.12845
1133.14,0.113301
737.635,0.0737575
2600.32,0.259968
1161.22,0.115973
2126.2,0.212492
2469.35,0.246662
817.971,0.0817912
920.679,0.0920425
752.315,0.075216
2490.39,0.24899
651.338,0.0651213
1093.53,0.109329
523.53,0.0523441
897.749,0.0897321
914.604,0.0914041
2021.93,0.202184
947.701,0.0947217
2453.68,0.245305
1740.69,0.174065
658.852,0.0658726
1379.75,0.137914
1533.55,0.153335
3213.56,0.321292
5235.31,0.522657
972.928,0.097013
1371.34,0.137114
1258.21,0.125803
1060.39,0.106017
616.499,0.0613387
1304.05,0.130372
639.491,0.0639419
489.407,0.0489211
1657.22,0.165688
1856.26,0.185576
3348.18,0.334548
16227.5,1.62052
1680.62,0.167515
1028.46,0.101009
861.353,0.0861279
1182.22,0.118164
1336.19,0.133576
1589.73,0.158772
1325.5,0.132314
2426.73,0.242585
1149.43,0.114937
759.75,0.0758013
1291.3,0.129084
1049.19,0.104717
2101.69,0.210003
1249.41,0.124902
1303.06,0.130292
1880.76,0.188027
8034.51,0.801784
655.606,0.0654698
709.67,0.0709648
6298.96,0.62882
2022.44,0.20205
1722.48,0.172208
1935.03,0.193464
1437.94,0.143767
1149.54,0.114861
842.841,0.0842389
1099.92,0.109983
2410.72,0.240923
1707.04,0.170677
719.575,0.0719486
1607.3,0.160414
2327.89,0.232588
750.566,0.075039
1309,0.130862
2075.78,0.207497
1068.92,0.106742
1910.3,0.24329
1294.08,0.129255
1734.71,0.173424
4652.87,0.465124
1076.29,0.10749
1834.85,0.179069
1116.42,0.111551
862.836,0.0862689
817.518,0.0815984
2269.53,0.226837
892.115,0.089205
7333.92,0.733054
837.993,0.0837755
1155.83,0.115561
889.008,0.0888443
880.627,0.0880288
909.447,0.0909313
16267.9,1.62137
906.088,0.0905821
884.82,0.0884613
971.996,0.0971637
1271.44,0.127129
1189.41,0.118892
396.238,0.0395822
2265.12,0.226289
1431.44,0.143097
1716.94,0.171649
979.787,0.0979665
2639.07,0.263765
1172.32,0.117228
537.457,0.0537324
1057.75,0.105741
1465.16,0.146506
871.209,0.0868134
1024.87,0.102445
12920.7,1.28519
1143.78,0.114352
1468.44,0.145971
770.536,0.0770253
992.436,0.099235
1734.62,0.17342
1980.42,0.197912
1270.11,0.1263
698.133,0.069584
2383.55,0.238302
10397.5,1.03892
1256.54,0.125398
1760.7,0.175966
1762.06,0.176199
4554.89,0.454799
1155.99,0.115523
1042.52,0.104146
1810.17,0.180035
1590.69,0.159008
2098.33,0.209818
1375.97,0.137448
1236.09,0.123592
1001.02,0.100052
3770.5,0.3762
1282.73,0.128254
4404.6,0.439591
801.293,0.079843
991.383,0.0991337
813.656,0.081307
1576.84,0.157588
1527.55,0.152467
920.527,0.0919064
2490.7,0.249039
1165.66,0.116543
1711.51,0.171109
889.115,0.0886818
2352.23,0.23502
1156.39,0.115607
1253.04,0.125281
1119.06,0.11186
647.932,0.0647924
1485.93,0.148541
856.937,0.0856462
2155.51,0.215169
862.079,0.0861935
579.744,0.0578083
4144.67,0.413825
2079.2,0.207829
843.938,0.0827748
1053.97,0.105371
963.149,0.0962689
1300.06,0.129917
1705.78,0.17055
935.056,0.0934664
816.462,0.0810159
1380.19,0.13798
1270.1,0.12696
777.989,0.0777795
2742.7,0.274185
526.291,0.0526261
469.552,0.0469294
753.448,0.0752421
1762.92,0.17616
1147.46,0.114673
3086.79,0.308548
3028.31,0.302685
2564.05,0.256286
612.748,0.0612227
12359.1,5.15118
1910.53,0.190995
1166.54,0.116546
2019.01,0.201847
1506.72,0.150646
1129.28,0.112782
1634.61,0.163425
1434.29,0.143413
2504.51,0.250411
958.728,0.0958259
1146.73,0.114644
781.648,0.0772566
653.585,0.0651481
2073.41,0.206905
1287.92,0.128728
1967.11,0.19664
1958.42,0.195469
828.845,0.0827688
765.138,0.0763863
2962.88,0.295978
1505.86,0.150333
2156.65,0.215515
1786.45,0.178572
1263.95,0.126372
1426.79,0.142545
860.031,0.0859488
1427.85,0.142763
695.952,0.0695431
1886.47,0.187855
691.277,0.0691217
1547.95,0.154715
1419.82,0.141972
757.666,0.0757294
1398.04,0.139791
3871.56,0.387084
934.372,0.0934167
1008.57,0.100838
1217.24,0.12167
874.762,0.0874164
695.146,0.0694462
894.62,0.0894558
1419.95,0.141895
573.231,0.0573196
2281.22,0.228046
1746.89,0.174648
937.806,0.0937525
1572.65,0.157205
804.201,0.0804044
926.175,0.092603
825.265,0.0824923
1064.68,0.106447
1056.19,0.105557
1226.2,0.122612
1299.21,0.130809
1063.05,0.106253
479.459,0.0479311
41610.1,4.08749
793.846,0.0793246
2679.98,0.267981
2181.17,0.218059
1650.41,0.165014
4941.46,0.493575
1207.07,0.120688
995.562,0.0995284
2207.67,0.2205
1022.41,0.102231
2680.66,0.267806
1153.46,0.115245
1148.97,0.114755
9194.29,0.918625
1387.56,0.138719
998.398,0.0997757
6444.84,0.644262
2104.42,0.210171
1323.65,0.132361
1271.29,0.127106
873.337,0.0869851
1149.79,0.114851
917.03,0.0914884
979.102,0.0978953
1684.48,0.168341
1391.5,0.139138
20106.2,1.97708
691.923,0.0691884
853.311,0.0853238
1536.77,0.153622
2028.8,0.202817
4616.4,0.461516
1167.34,0.116711
752.884,0.0752814
2718.06,0.271713
1752.85,0.175236
754.542,0.0751401
1005.39,0.100533
2003.27,0.199893
1687.09,0.168428
2210.81,0.220261
1949.09,0.194846
1481.19,0.148112
1265.01,0.126475
909.522,0.0909063
663.594,0.0663055
690.404,0.0690224
15383.4,1.53467
651.722,0.0651705
1309.69,0.130937
930.188,0.092975
966.16,0.0966064
1598.79,0.159837
939.335,0.0938595
1018.44,0.101818
1041.87,0.104157
1064.86,0.106472
2251.85,0.225101
1182.23,0.11811
1572.74,0.157262
1615.01,0.160504
3049.61,0.304739
1067.82,0.106715
877.929,0.0877725
1174.13,0.117309
1076.35,0.10763
2361.53,0.235819
684.545,0.068446
1407.35,0.140726
1221.25,0.122102
3252,0.954566
1735.38,0.173517
737.887,0.0737689
1557.58,0.155688
2549.75,0.254862
650.309,0.0650055
1216.39,0.121613
1071.29,0.107112
1677.27,0.166872
2407.76,0.2407
2039.68,0.203891
1071.94,0.107124
766.489,0.0766261
781.924,0.0779467
2240.66,0.223754
1810.27,0.180992
2294.05,0.229153
1459.24,0.145716
678.256,0.0677787
701.829,0.070177
986.583,0.0986419
1081.41,0.108137
2343.28,0.234228
878.328,0.0877954
893.83,0.0893164
1181.27,0.118087
1004.81,0.100261
1810.75,0.181038
937.729,0.0937417
996.384,0.0995824
1153.35,0.115302
1830.71,0.180364
1411.52,0.141134
1211.91,0.121162
693.369,0.0692989
1029.06,0.102785
2211.61,0.221016
449.756,0.0449646
4426.69,0.441472
1202.62,0.12026
767.063,0.0766421
919.822,0.0919617
1143.36,0.114315
6241.65,0.622759
1028,0.102776
1103.86,0.110361
3490.5,0.348369
4473.55,0.447142
734.749,0.0733686
1129.82,0.112931
1251.68,0.128584
924.097,0.0919402
1371.49,0.137102
2664.43,0.266328
1530.98,0.153083
2240.31,0.223942
4521.85,0.451885
2668.44,0.266827
8591.19,3.41755
867.492,0.0867458
1029.42,0.102898
2048.17,0.204547
1309.64,0.130848
1433.98,0.143327
1450.22,0.144991
5300.28,0.529759
2088.8,0.208786
489.415,0.048865
2752.99,0.275209
985.225,0.0984708
1543.74,0.154024
703.204,0.070319
1380.93,0.137925
1038.52,0.103838
962.935,0.0962894
1162.41,0.116166
1794.42,0.179411
1160.73,0.115883
6836.6,0.683465
1719.98,0.171963
1458.78,0.145755
1008.17,0.10073
1147.74,0.114749
20082.2,2.00173
1274.13,0.127385
989.61,0.0989395
2123.12,0.211906
7011.57,6.93845
999.536,0.0999442
1378.24,0.137818
1119.08,0.111852
2296.4,0.229621
1358.28,0.135688
1112.41,0.111208
3002.88,0.297507
2613.79,0.260917
1225.6,0.122556
785.474,0.0785354
698.064,0.0697769
1446.14,0.144536
1363.42,0.13633
1392.24,0.139173
1625.41,0.16253
636.322,0.0636065
1484.69,0.148389
1125.86,0.112465
1223.88,0.122374
1037.3,0.103708
978.828,0.0978601
1039.54,0.10389
1480.69,0.148021
723.48,0.0723449
1033.49,0.103312
1084.7,0.108353
743.891,0.0743336
1118.91,0.111852
1189.23,0.118895
1518.42,0.15173
1091.15,0.109103
673.155,0.0672962
2079.68,0.207417
1017.47,0.101737
697.488,0.0697421
1049.93,0.104823
2613.24,0.261162
1316.17,0.1316
946.786,0.0946613
2270.14,0.226703
1133.95,0.11331
1338,0.133743
2586.56,0.258317
951.171,0.0950423
2074.21,0.207365
1157.24,0.115713
892.99,0.0892659
1430.13,0.143002
1732.49,0.17316
694.514,0.0694117
805.043,0.0804851
881.686,0.0897116
1592.19,0.15915
1130.47,0.113036
981.263,0.0981248
1172.77,0.117244
805.696,0.0805241
1900.61,0.187936
1057.05,0.105663
1498.91,0.149872
1259.32,0.125783
1316,0.131577
3557.22,0.355391
1238.92,0.123116
1151.83,0.115074
1010.01,0.100981
3239.18,0.323206
2360.81,0.235987
935.118,0.0935045
1280.82,0.128063
1031.09,0.103088
1296.64,0.129623
1096.06,0.109572
1447.06,0.14465
1410.9,0.141055
1194.94,0.119432
1429.59,0.142912
1716.8,0.17165
1738.65,0.173116
1052.37,0.105105
3727.92,0.372236
1032.08,0.103188
959.245,0.0959196
1857.32,0.185512
1170.02,0.116915
1126.93,0.112587
2371.57,0.237053
1256.61,0.125621
634.393,0.0634344
861.581,0.0861075
2416.68,0.241651
1020.85,0.101985
827.39,0.082726
1036.26,0.102848
11622.7,1.15982
920.523,0.0919803
1030.61,0.103049
938.351,0.093813
1650.81,0.165019
680.13,0.0680106
1790.27,0.178608
1520.95,0.152067
2845.42,0.284499
1450.55,0.145021
3399.14,0.339627
968.104,0.0953205
759.385,0.0759134
1199.57,0.119934
1158.51,0.115832
793.838,0.0793577
2099.56,0.209818
10313.2,1.0294
1948.19,0.194786
1216.91,0.121606
1504.32,0.150274
583.265,0.0582795
960.8,0.0960124
1141.5,0.114091
566.9,0.0565811
1709.13,0.170763
2274.88,0.22738
892.191,0.089121
1183,0.11807
1441.13,0.144055
4881.98,0.487953
1237.77,0.123675
1116.36,0.111614
1412.72,0.141236
2044.05,0.204302
5278.85,0.527219
1282.74,0.128237
898.568,0.0898276
759.19,0.0756665
2895.02,0.289438
3095.77,0.309278
8494.65,0.848497
1321.79,0.132153
2382.49,0.238139
1953.7,0.195142
8493.43,0.848146
1093.09,0.109307
715.12,0.0713322
903.17,0.0903156
927.352,0.09271
1220.86,0.122056
1123.73,0.111935
2936.06,0.292213
1396.34,0.139626
1100.17,0.109962
1077.48,0.107737
3017.13,0.286143
1709.55,0.170932
2815.3,0.281373
19151.6,1.91008
5169.52,0.5159
1536.45,0.153605
1429.73,0.142947
988.893,0.0988235
1137.34,0.113706
838.064,0.0838014
1117.81,0.111529
1358.72,0.135813
3629.49,0.362723
1337.65,0.133762
981.833,0.0981615
674.222,0.0674056
4778.47,0.477601
1155.3,0.115508
2140.29,0.214014
1545.61,0.154549
835.16,0.0834272
1641.45,0.164134
5211.81,0.520595
1106.86,0.110623
904.514,0.0904033
925.8,0.092511
1426.73,0.141818
9204.51,0.919728
2585.51,0.255574
2190.63,0.218301
2263.49,0.22629
1537.06,0.153665
1916.82,0.191626
1285.43,0.128522
2239.11,0.223797
968.513,0.0968369
1227.9,0.122766
743.783,0.0743449
1249.03,0.12487
1909.08,0.19088
1907.37,0.190702
1658.07,0.165727
1000.08,0.0999714
1857.3,0.185613
1459.07,0.145818
1777.88,0.177778
1550.53,0.154971
1062.29,0.106094
1967.16,0.196633
798.761,0.0798582
1053.96,0.105339
607.557,0.0604259
1094,0.109389
924.355,0.0924137
18397.6,1.83801
10762.4,1.07564
2191.04,0.21907
2192.88,0.219158
1443.48,0.14418
918.362,0.0917972
848.828,0.0848036
2942.16,0.294185
1284.4,0.128218
2379.46,0.23791
1138.36,0.11373
1027.9,0.102756
706.206,0.0705164
3368.06,0.336719
1324.42,0.132391
1109.33,0.110915
982.171,0.0981855
1486.62,0.148596
1236.2,0.123599
2236.95,0.223563
1270.14,0.127005
935.774,0.0935373
2260.15,0.225991
505.307,0.0504836
1531.5,0.153104
1327.53,0.132446
1125.88,0.112569
1120.17,0.111981
1635.88,0.163447
1382.52,0.138236
1488.01,0.148756
1002.23,0.100208
1333.92,0.133344
6274.96,0.626808
6991.71,0.698481
1129.91,0.112878
2933.65,0.291931
1006.81,0.100648
1596.22,0.159546
1912.87,0.191219
1972.8,0.197224
1014.05,0.101359
2004.71,0.200096
946.917,0.094523
1167.69,0.116697
562.602,0.0562514
1532.88,0.153128
1408.39,0.140805
5445.08,0.543885
2020.16,0.201922
1129.73,0.112968
1013.59,0.101268
1380.05,0.127304
1307,0.130652
889.56,0.0889458
802.124,0.0801554
1849.06,0.184751
1506.79,0.150667
961.574,0.0961076
2377.3,0.237701
2855.41,0.285374
1925.17,0.192255
2401.85,0.23997
867.479,0.08672
1751.05,0.175019
995.05,0.0994938
1013.57,0.100844
891.302,0.0891016
1032.33,0.103132
2250.69,0.224922
2047.16,0.204476
9472.19,0.944645
1571.18,0.157078
949.172,0.0949094
844.392,0.0844276
1111.57,0.111139
1407.48,0.140728
2272.16,0.227157
2121.18,0.211994
1186.97,0.118675
1546.85,0.154556
1295.48,0.129424
1138.93,0.113886
895.93,0.0895518
991.488,0.0991351
1206.4,0.120586
1134.15,0.115919
1282.82,0.128274
1187.78,0.118539
923.598,0.0923581
2646.57,0.264528
3245.07,0.324473
1073.41,0.107274
1927.46,0.602703
987.218,0.0986874
1109.71,0.106781
12885.7,5.12766
782.48,0.0782095
1605.19,0.160287
1399.12,0.139617
1450.79,0.144896
500.875,0.0497616
1982.73,0.198137
1144.63,0.113537
1343.76,0.134363
1564.63,0.156342
916.022,0.0915851
640.992,0.0640913
980.104,0.0978776
985.899,0.0985859
1094.49,0.109418
820.841,0.0819727
1429.57,0.142858
920.002,0.0919716
1916.27,0.191323
990.841,0.0990302
1682.27,0.168142
1539.8,0.15379
2299.69,0.229715
1267.46,0.126331
2240.68,0.224006
10581.1,1.05502
1064.23,0.10633
949.338,0.0948789
1083.33,0.108234
1669.77,0.16617
727.34,0.0726417
1049.11,0.104826
1303.53,0.130346
643.999,0.06439
517.822,0.0517772
1729.2,0.172911
3017.95,0.301487
992.072,0.0991966
1289.94,0.128668
947.826,0.0909626
3065.93,0.306563
1210.55,0.121018
987.814,0.0987296
1134.99,0.11348
1414.12,0.141398
2543.18,0.254236
1854.47,0.185393
941.038,0.0940662
1032.5,0.103145
778.941,0.0778928
1557.44,0.155669
11720.8,1.16835
2080.25,0.207976
627.823,0.0627813
1519.16,0.150515
924.29,0.0924032
884.435,0.0884315
1349.91,0.134887
1351.44,0.13484
11445.9,4.88915
1718.15,0.171489
2516.35,0.251286
2061.63,0.206105
796.455,0.0796404
1154.77,0.115456
1947.5,0.194653
750.709,0.0750569
818.769,0.0818636
2235.8,0.204828
852.398,0.0852339
1252.44,0.125227
1514.67,0.151457
1212.69,0.121217
717.861,0.071655
2005.18,0.200474
1053.84,0.105278
1901.01,0.189992
832.69,0.0832545
972.026,0.0971287
1076.73,0.107625
826.98,0.0826784
950.691,0.0950469
1444.35,0.1443
641.257,0.0641045
1570.73,0.156883
1343.61,0.134153
429.574,0.0429505
1851.12,0.185071
1999.72,0.199629
1348.07,0.134789
3909.5,0.389365
1487.94,0.148296
915.418,0.0914928
641.708,0.0640448
992.291,0.0991836
940.836,0.0940033
519.645,0.0519633
1788.23,0.178818
1000.89,0.100081
1876.52,0.187602
864.082,0.0863308
1624.51,0.162359
1567.07,0.156152
1659.82,0.165949
2400.28,0.239951
2921.33,0.290961
696.889,0.0696711
1137.43,0.113711
4173.06,0.416107
2982.86,0.298099
951.786,0.0949946
869.074,0.0867545
1479.38,0.147907
955.808,0.0955605
1463.86,0.146335
1274.66,0.127448
864.167,0.0863987
3060.46,0.305814
1768.5,0.176796
568.942,0.0568928
1960.84,0.195924
1177.25,0.117659
1130.54,0.108031
1193.29,0.11395
2968.06,0.295997
1478.6,0.14779
2937.51,0.293562
917.158,0.0917026
977.51,0.0976373
994.928,0.0994244
1142.51,0.114213
3154.6,0.315142
1054.27,0.105358
1441.54,0.144114
1055.08,0.105498
1711.07,0.170896
1119.62,0.111957
687.026,0.0686865
999.43,0.0988638
3022.72,0.302186
1462.42,0.146154
1442.27,0.144063
834.963,0.0833879
855.246,0.0853798
1955.84,0.195541
1153.29,0.115293
1435.84,0.14358
1357.35,0.135702
666.859,0.0665384
2121.57,0.211906
864.647,0.0864556
849.608,0.0848833
11991.2,1.19437
2955.05,0.295422
1336.28,0.133605
2419.6,0.241853
1894.56,0.18914
1391.79,0.139125
754.666,0.0747786
1678.07,0.166669
1040.51,0.103981
2299.8,0.229113
1971.63,0.196674
871.761,0.0871426
1053.5,0.105339
884.771,0.0884691
2032.26,0.203139
851.929,0.0851813
839.868,0.0837792
902.041,0.0901925
905.439,0.0904828
1660.72,0.165972
1571.48,0.157102
603.134,0.0603089
7135.9,0.712766
2769.74,0.27671
3293.9,0.329297
1205.08,0.12049
1052.58,0.103591
1215.02,0.121483
2000.11,0.199971
1351.17,0.134319
3313.57,0.331097
1329.51,0.13294
1727.47,0.172579
826.703,0.082664
1414.22,0.141395
1336.99,0.13366
4419.41,0.437116
1388.91,0.138859
582.365,0.0581775
1243.03,0.121257
618.568,0.0618264
896.598,0.0895692
1034.51,0.103431
2025.53,0.202471
2643.81,0.264038
1680.36,0.167844
810.593,0.0810329
1257.55,0.125164
1121.85,0.11194
1641.82,0.164117
6160.16,0.616346
1279.94,0.127977
1204.06,0.120267
711.662,0.0711253
1679.52,0.167644
2355.75,0.235459
1372.31,0.137223
2673.7,0.266909
1006.64,0.10065
837.454,0.0837247
1395.03,0.139461
477.296,0.0477206
2353.12,0.235252
1518.96,0.151859
2173.14,0.217263
4012.07,0.401119
4141.87,0.414023
657.113,0.065673
1570.21,0.15695
959.341,0.0948157
2199.17,0.21981
1410.79,0.141068
1699.83,0.169222
1217.22,0.121694
2264.22,0.226278
3492.33,0.349178
509.675,0.0509467
1550.37,0.155017
2782.53,0.277977
763.088,0.0762595
1887.82,0.188742
3864.36,0.386204
548.709,0.0548692
1370.36,0.136881
1613.74,0.161365
1006.29,0.100599
853.665,0.0853393
936.975,0.0936828
793.979,0.0793549
1260.75,0.126042
2603.86,0.260042
3045.98,0.304372
2481.89,0.248088
727.747,0.0727735
706.597,0.0706565
1503.16,0.150238
1594.5,0.159405
841.106,0.0840633
884.318,0.088427
3302.05,0.330124
1094.83,0.109479
1052,0.105136
1341.41,0.134121
1708.97,0.170177
1306.41,0.13035
1101.26,0.11003
1959.67,0.195925
6971.53,0.696086
2536.91,0.253629
576.946,0.0576652
1011.13,0.101044
1528.61,0.152846
2059.95,0.205882
621.824,0.0621469
821.677,0.0820542
610.417,0.0610269
956,0.0955832
1197.5,0.119739
1826.42,0.182519
683.369,0.0665136
872.523,0.0870705
7791.67,0.775616
6048.93,0.60452
2425.68,0.242496
786.183,0.0786142
1392.97,0.139289
1067.1,0.106666
1100.59,0.110043
1404.15,0.140232
1192.25,0.120574
1111.76,0.111151
1149.23,0.114708
1188.48,0.118747
910.076,0.0909789
979.255,0.0979194
2296.77,0.22965
2084.78,0.208419
1033.13,0.103273
1242.98,0.124273
1196.4,0.119627
862.289,0.0862191
1049.9,0.104954
811.181,0.0810143
1131.85,0.113181
3427.01,0.342291
3215.25,0.321205
1886.59,0.188625
716.201,0.0715171
956.994,0.0956476
1215.39,0.121521
1172.86,0.117177
1314.95,0.131426
1377.87,0.137676
880.927,0.0879509
919.76,0.0919552
936.707,0.0935745
1306.94,0.130666
946.825,0.0946683
1438.1,0.143521
520.93,0.0520918
842.671,0.0842598
1082.57,0.108207
747.839,0.0746206
1078.86,0.107878
895.959,0.0895816
722.095,0.0721689
1254.6,0.125412
1733.1,0.173052
2134.31,0.213099
991.589,0.0990384
808.941,0.080454
1562.24,0.155765
1386.07,0.138581
1706.12,0.170413
837.458,0.0837406
1005.92,0.0966897
1309.67,0.130939
1867.96,0.186391
852.342,0.0852048
768.861,0.0768292
910.682,0.0909635
1496.59,0.149539
776.132,0.0776104
13140.9,3.44535
1144.47,0.114413
1038.56,0.103844
2887.09,0.288546
1251.21,0.125093
990.466,0.0990283
1378.16,0.137742
664.532,0.0664434
7881.7,0.786888
1280.68,0.128046
1883.99,0.187391
845.042,0.0841549
1286.63,0.128571
1757.93,0.175701
3147.92,0.587505
3707.87,0.370515
1362.55,0.136
2312.11,0.23063
813.007,0.0812784
765.61,0.0765189
1684.53,0.16841
1081.05,0.108086
1256,0.125591
1005.51,0.100502
3680.51,0.367665
1428.71,0.142807
824.449,0.0823726
1497.56,0.149696
1508.41,0.150562
2531.83,0.25307
1778.9,0.177833
1050.3,0.105023
782.334,0.0762714
929.368,0.0928833
1379.27,0.137911
749.554,0.0749544
2053.37,0.205301
1514.47,0.151436
1281.75,0.128109
728.256,0.072806
1081.04,0.10808
2936.26,0.2934
2061.27,0.205985
941.339,0.0937924
1220.27,0.122022
1516.06,0.151539
795.942,0.0795892
3093.2,0.309156
1102.62,0.110215
1096.17,0.109563
3793.54,0.379114
1668.2,0.166804
819.573,0.0819347
1063.08,0.106251
1571.74,0.157146
953.033,0.0952927
22226.6,2.20296
1037.04,0.103655
1189.02,0.118889
1382.67,0.138241
1047.04,0.104664
651.03,0.0650528
2062.55,0.204091
2663.09,0.266134
418.405,0.0417479
961.83,0.0960094
2109.09,0.210897
1559.13,0.155847
1143.19,0.114306
7045.52,0.703624
1286.06,0.128586
2371.61,0.236903
1209.91,0.120941
875.939,0.0875628
3740.56,0.373946
1455.89,0.145507
1603.25,0.16007
1261.13,0.12598
1373.72,0.136301
876.916,0.0873818
1443.4,0.144324
853.266,0.0852948
1862.05,0.185991
3350.56,0.33488
1085.26,0.10806
1009.42,0.100932
1812.42,0.181182
1225.83,0.122554
1423.1,0.142275
1002.69,0.100268
579.716,0.0574481
872.463,0.0872438
1230.44,0.123009
1532.32,0.15309
1399.9,0.139952
1999.29,0.198752
546.459,0.054635
1600.36,0.159935
11719.9,1.16721
1942.89,0.194241
1201.43,0.120052
1685.77,0.168396
1028.45,0.102841
1330.36,0.13303
1040.68,0.103859
1541.55,0.153965
1144.76,0.114375
982.844,0.0982676
739.601,0.0739135
4936.29,0.493575
2881.68,0.287842
1339.56,0.133925
1126.54,0.112282
2226.32,0.222329
1754.95,0.17544
800.52,0.0799866
1245.19,0.124489
1843.4,0.183901
965.634,0.0965252
1260.13,0.125844
1009.16,0.100913
980.123,0.0979552
3006.28,0.300522
5675.53,0.567213
1198.64,0.11957
6268.14,0.626208
910.176,0.0910155
870.6,0.0870551
775.994,0.077587
732.513,0.0731983
1031.88,0.103161
1676.41,0.167541
1443.57,0.144325
753.424,0.0753355
731.653,0.0731151
3565.58,0.356244
1891.74,0.18897
13792.5,1.94779
1128.89,0.112623
2292.85,0.229243
1509.07,0.150867
19804.4,1.96848
1297.02,0.129424
2799.76,0.279256
2176.5,0.21623
2473.6,0.246689
1295.8,0.129523
1190.83,0.118943
2126.27,0.212547
2110.73,0.211039
1110.86,0.111059
4359.41,0.435234
722.79,0.0722172
1070,0.106978
1092.05,0.108984
12815,1.27536
1007.93,0.100112
1933.56,0.193313
769.636,0.0769173
1576.67,0.157004
1872.99,0.187251
850.844,0.0850767
1012.55,0.101249
799.131,0.0769867
1185.67,0.118261
1769.25,0.172714
949.624,0.0948203
1242.12,0.12405
1329.3,0.132923
883.241,0.0883167
1578.8,0.15784
428.766,0.0428752
1400.15,0.139987
2198.77,0.219814
723.2,0.0722312
1005.22,0.100502
681.824,0.0679326
3261.26,0.3259
1206.6,0.120537
844.931,0.0844789
822.505,0.0822125
603.532,0.0603466
978.717,0.0978461
838.294,0.0837924
1298.12,0.129802
2337.93,0.233605
1038.08,0.103709
992.314,0.0992136
821.168,0.081932
674.388,0.067427
3972.31,0.396917
835.076,0.0834744
1132.2,0.113132
1724.52,0.172408
879.197,0.0876254
2545.36,0.254454
1273.42,0.12724
746.535,0.0746356
551.698,0.0550962
703.091,0.0702662
868.677,0.0868586
2133.42,0.213321
747.082,0.0747013
3806.65,0.379676
517.537,0.0516915
1469.9,0.14697
707.248,0.0707024
2341.34,0.233818
829.02,0.082893
1113.8,0.111254
952.951,0.0952905
1592.42,0.159166
2004.27,0.200154
2293.94,0.228733
1368.86,0.136833
2861.8,0.285563
6685.95,0.667736
2023.65,0.202256
1236.99,0.123635
1525.9,0.152559
1735.87,0.17356
4216.91,0.761124
1517.93,0.151723
648.69,0.0648517
1516.69,0.151647
380.353,0.03802
845.604,0.0845497
979.536,0.0978985
810.481,0.0810322
1206.04,0.12059
3910.58,0.389856
946.715,0.0941254
7403.89,0.7376
1637.9,0.163729
626.694,0.0625708
3763.51,0.375845
2304.92,0.230364
1069.98,0.106985
839.52,0.0839302
1411.52,0.140998
1539.87,0.153969
6224.75,2.39459
1983.82,0.198061
1196.92,0.119649
721.86,0.0721671
902.402,0.0901298
1152.7,0.115177
803.012,0.0802618
1077.98,0.106731
2358.63,0.235836
1676.91,0.167538
905.5,0.0904084
1232.31,0.123102
925.039,0.0922138
2631.88,0.263076
940.333,0.0939998
818.686,0.0816827
676.836,0.0675709
1393.85,0.139355
1294.14,0.129316
1388.76,0.138855
1799.08,0.179902
930.421,0.0930358
1731.56,0.173074
1466.88,0.146674
1124.95,0.112483
1376.12,0.13756
1610.65,0.160931
862.029,0.0861925
962.361,0.0961048
997.171,0.0961873
2515.5,0.251499
7946.77,0.793993
1367.36,0.136567
706.268,0.0706129
925.092,0.0925045
1537.17,0.153698
952.356,0.0951914
1678.72,0.167859
3076.23,0.307201
2099.46,0.209595
2285.7,0.228506
892.437,0.0892416
1624.8,0.162453
2676.78,0.267637
795.644,0.0794845
2459.68,0.245767
14882.5,1.47485
784.785,0.0784753
1006.14,0.10061
2228.88,0.222692
560.294,0.0559952
1260.38,0.125975
965.505,0.0965374
1955.64,0.195503
1118.36,0.111816
1625.42,0.162458
925.118,0.0924563
1282.87,0.12827
1741.51,0.17411
1677.35,0.167694
857.267,0.0856975
1316.31,0.131615
1612.23,0.160941
949.407,0.0948614
3265.07,0.325864
1057.77,0.105768
847.802,0.0846834
2736.37,0.2734
2738.62,0.273649
1096.39,0.109612
916.398,0.0915804
975.001,0.0973368
1053.15,0.105297
3553.82,0.354894
2584.92,0.258233
913.318,0.0912725
698.638,0.0697954
3502,0.349476
828.074,0.0795516
1046.26,0.104604
873.971,0.0870769
1411.61,0.141122
2040.27,0.203947
1032.6,0.102922
1129.84,0.112972
1376.4,0.137562
1737.39,0.173711
6983.62,0.697008
2063.74,0.206165
889.56,0.0889188
2550.19,0.254951
949.572,0.0949234
695.586,0.0694905
979.56,0.0979348
508.231,0.0508068
1148.56,0.114692
657.53,0.0657493
1597.98,0.159754
605.069,0.0605031
1857.7,0.185716
1732.75,0.173198
1020.64,0.10201
1590.08,0.158944
1242.48,0.124193
1416.84,0.141681
1049.61,0.104883
1571.4,0.157126
915.741,0.0915612
1710.81,0.1709
974.446,0.0973636
806.684,0.0805701
665.817,0.0665658
2167.63,0.216662
931.068,0.0929022
896.431,0.0895626
761.856,0.0761344
2465.58,0.246265
1142.54,0.114192
1398.12,0.139788
660.513,0.0660183
1850.27,0.184939
981.44,0.098117
1441.56,0.144131
1197.61,0.119731
1197.96,0.11883
1241.58,0.124034
888.696,0.0888458
1414.62,0.141365
1333.69,0.133275
900.18,0.0899979
843.321,0.0843226
751.104,0.0749267
1104,0.104889
1126.63,0.112596
815.508,0.0812897
1215.26,0.121505
818.833,0.0818304
854.316,0.0854018
875.455,0.087539
674.533,0.0674235
1293.35,0.129294
776.286,0.0775952
9554.98,0.950899
1198.96,0.119824
2167.1,0.210105
1956.98,0.19565
4986.33,0.498555
737.648,0.0737287
5455.84,0.544911
1603.52,0.160255
1225.59,0.122539
1625.61,0.162524
1282.47,0.128233
735.644,0.0735401
953.903,0.0953845
1146.95,0.114683
906.79,0.0906687
1074.88,0.107317
1841.21,0.184105
3151.25,0.314964
1633.76,0.163257
1069.27,0.106769
5228.32,0.522352
1678.31,0.167825
1280.99,0.128071
1157.64,0.115652
500.278,0.0500272
1055.27,0.10546
936.634,0.0936527
1576.38,0.157597
1467.45,0.146734
20590.2,2.33195
618.267,0.0618055
601,0.0600942
957.871,0.0957114
3626.57,0.362096
864.61,0.0864549
2731.96,0.135995
1505.14,0.150119
780.282,0.0779327
1692.75,0.169251
2165.57,0.216544
1018.81,0.101859
1369.23,0.136911
2280.28,0.227934
643.733,0.0643119
1026.29,0.102601
1444.36,0.144392
713.467,0.0707409
1497.57,0.149605
1104.51,0.10973
828.758,0.0828729
876.544,0.0876283
981.367,0.0980903
2754.13,0.275376
1833.37,0.183303
1606.56,0.16063
811.852,0.0811165
1296.61,0.12965
726.269,0.0726195
989.524,0.0986675
946.442,0.094097
2049.43,0.204885
743.469,0.0743384
1389.14,0.138859
520.062,0.0519933
1059.82,0.105939
1091.89,0.109079
924.205,0.0924142
1047.61,0.104632
2018.97,0.201819
4707.26,0.470063
1347.13,0.134653
1619.14,0.161846
425.136,0.0424957
1146.28,0.114619
960.59,0.0960564
1994.69,0.199379
1762.31,0.17596
5489.46,0.54868
1719.56,0.171894
840.17,0.0838666
1039.49,0.103941
2170.26,0.216732
1638.42,0.163735
954.846,0.095429
1027.18,0.10262
1011.61,0.101141
1187.02,0.118574
1566.67,0.156562
1451.77,0.145088
2445.55,0.244127
671.979,0.0671491
5506.43,1.49893
1803.53,0.179577
769.454,0.076935
1442.31,0.144058
1141.28,0.11409
9956.95,0.994626
1023.41,0.102301
728.854,0.0728725
732.779,0.0732413
1082.21,0.108102
1129.34,0.112922
723.199,0.0721329
1098.97,0.109786
1134.07,0.113366
1288.47,0.128804
856.589,0.0855965
2341.4,0.234024
2170.37,0.216956
2006.4,0.200594
1721.51,0.172129
604.373,0.0604181
4935.03,0.493206
1252.19,0.124951
1003.32,0.0999938
759.82,0.0759239
1003.8,0.100375
2383.6,0.238249
2619.57,0.261716
618.149,0.0618081
3502.07,0.344864
818.701,0.0817441
995.924,0.0995626
1020.96,0.102088
1134.52,0.113432
1698.36,0.169716
1706.34,0.170616
1131.65,0.113151
1200.25,0.120013
1345.39,0.133725
2144.45,0.214346
2503.33,0.250066
1569.12,0.156884
3644.51,0.364216
2010.23,0.200989
1998.48,0.199842
1007.09,0.100699
1207.14,0.120655
669.904,0.066876
3261.9,0.325956
1577.15,0.157671
865.047,0.111009
13285.5,1.32569
2721.33,0.272043
1040.63,0.103952
738.632,0.0738472
2318.19,0.231696
1046.58,0.104645
888.91,0.0888848
1049.57,0.104779
894.925,0.0894415
1173.71,0.117363
1436.52,0.14347
676.261,0.0675971
880.92,0.0880478
621.819,0.0621451
1220.21,0.121993
1489.13,0.1489
3911.61,0.390967
1263.9,0.126363
1257.74,0.125681
904.778,0.0904494
794.948,0.0793921
576.567,0.0570551
1338.72,0.133859
931.187,0.0931005
1375.99,0.137372
1342.47,0.134184
675.282,0.0675133
1239.67,0.123954
1163.45,0.11633
932.917,0.09324
4468.27,0.445909
985.77,0.0985307
2713.94,0.271314
827.113,0.0824733
1065.33,0.106503
1370.97,0.13704
1453.75,0.145305
3099.05,0.309582
1320.42,0.131991
1608.34,0.160637
11702.9,1.16779
988.344,0.098713
1988.68,0.19884
2318.08,0.231486
1856.09,0.185385
482.548,0.0482402
827.396,0.0827321
1084.97,0.108481
830.664,0.0830535
3675.62,0.367227
1075.08,0.10749
1188.46,0.118532
1355.77,0.135532
1303.86,0.130206
903.557,0.0903115
2079.9,0.207954
2034.61,0.203093
1240.24,0.123949
795.521,0.079305
1668.38,0.15999
1075.69,0.10753
2014.55,0.201419
1218.71,0.121813
2911.28,0.290858
591.549,0.0590922
1490.43,0.149021
885.529,0.0885267
749.845,0.074977
828.855,0.0828775
899.072,0.0897908
1341.85,0.133978
1291.15,0.127053
2045.49,0.204457
1652.6,0.16524
1731.39,0.173045
3317.04,0.331546
1922.72,0.188611
1563.81,0.156369
903.709,0.090347
6687.2,0.66757
1445.84,0.144438
1804.95,0.180035
737.241,0.0737206
1998.94,0.199772
2372.17,0.237153
1632.86,0.163212
1252.14,0.124685
1930.44,0.192985
1203.47,0.12033
1028.97,0.102851
1593.64,0.15934
741.504,0.074125
964.002,0.0963976
6987.25,0.698316
1945.25,0.194462
909.99,0.0909868
1041.61,0.104145
1011.7,0.101096
711.668,0.065414
500.867,0.0500752
1327.66,0.132346
1671.95,0.166991
1581.94,0.158141
1627.09,0.162673
753.464,0.0753172
2330.42,0.232826
1014.76,0.10111
761.557,0.0761294
860.561,0.0860466
1676.12,0.167562
1316.58,0.131623
1361.48,0.136081
1075.92,0.107585
1650.04,0.164938
740.816,0.0740302
1132.41,0.113239
2573.94,0.257337
847.137,0.0846721
983.434,0.0982853
2821.83,0.281513
2398.46,0.238492
2201.46,0.220074
1529.23,0.152892
2075.69,0.207406
830.211,0.0829811
660.797,0.0660647
1332.64,0.133121
7117.87,0.709593
1182.68,0.118258
878.44,0.0877997
832.598,0.0831289
2164.9,0.2163
1593.28,0.159255
1008.85,0.100852
1028.87,0.10268
1471.04,0.147076
819.437,0.0818866
806.966,0.0806955
1320.73,0.13202
886.244,0.0885118
945.741,0.0944738
422.243,0.0421759
802.826,0.0802502
1314.49,0.131432
828.085,0.0827847
1163.22,0.116318
829.978,0.0829881
2096.07,0.209538
1246.4,0.12463
1199.4,0.119907
2300.57,0.226835
889.807,0.0888328
993.822,0.0993187
1050.1,0.104955
3249.05,0.324661
616.889,0.061665
1990.34,0.198954
869.363,0.0869125
1569.97,0.156875
678.076,0.0677999
1978.15,0.197732
2806.84,0.280546
474.428,0.0474406
1599.12,0.159887
1614.09,0.1609
3278.9,0.327635
3859.73,0.3856
1158.06,0.115733
1116.57,0.111637
1062.94,0.106288
6922.32,0.689606
904.208,0.0904177
2166.47,0.21659
691.878,0.0690728
1172.03,0.117517
1850.44,0.184899
1484.3,0.148367
2102.15,0.262325
2706.14,0.269928
2801.97,0.279923
1481.03,0.148086
1223.71,0.122316
615.988,0.0615939
1276.63,0.127592
910.584,0.0910241
2036.58,0.203425
1221.75,0.12214
615.027,0.0614384
931.472,0.0929621
1100.43,0.110023
759.119,0.0758411
1588.3,0.158721
10435.4,1.04003
1886.61,0.188639
1779.36,0.17768
1996.86,0.199079
658.461,0.0656633
908.804,0.0908316
823.948,0.0823828
926.066,0.092574
1146.52,0.114624
1209.96,0.1209
1119.25,0.111863
843.924,0.0843141
1267.18,0.126674
1444.19,0.144341
2082.4,0.207963
1325.87,0.132383
1378.63,0.137729
1483.76,0.148292
2546.54,0.25456
501.959,0.0501496
2133.43,0.213036
1396.67,0.139569
2841.47,0.284001
657.136,0.0657097
3182.14,0.318065
1032,0.103185
1050.88,0.104733
1107.05,0.110155
1649.38,0.164905
1328.52,0.132825
668.328,0.0667733
4875.9,0.487459
1301.68,0.130138
1277.16,0.127691
1332.21,0.133203
897.272,0.0897193
731.213,0.072704
885.753,0.0885622
1455.08,0.145484
2222.26,0.222212
2356.61,0.235597
1663.85,0.166338
965.115,0.096318
1786.37,0.178598
2723.92,0.270614
1151.3,0.115085
1102.92,0.110244
15587.1,1.55267
1627.94,0.162068
1044.78,0.104467
789.59,0.0789426
894.375,0.0893934
24152.8,2.40155
1602.22,0.160165
1822.98,0.182171
1434.73,0.143227
2369.7,0.236806
888.989,0.0888805
2205.67,0.220284
1352.06,0.135192
2124.9,0.212451
5225.81,0.522323
727.929,0.0727238
937.558,0.0937359
1477.55,0.147456
1104.61,0.110458
1494.72,0.149434
2115.66,0.211344
1999.42,0.199678
2353.67,0.235231
611.448,0.0610449
935.859,0.0935545
1090.78,0.109024
1433,0.143133
4012.41,0.400757
2531.26,0.25301
670.732,0.0670673
1513.31,0.146692
1432.49,0.143169
1233.41,0.123154
1546.27,0.154591
2519.44,0.251775
1447.28,0.144671
1523.85,0.152209
1268.88,0.126872
1786.27,0.178617
1161.55,0.116145
855.782,0.0855526
635.2,0.063481
1282.77,0.128257
783.67,0.0783537
717.618,0.0717196
1366.06,0.136526
1396.42,0.139617
1822.77,0.182222
628.14,0.0627699
849.518,0.0849457
2283.17,0.228165
1972.01,0.196988
714.022,0.071397
3883.89,0.388261
683.763,0.0683446
1350.33,0.134947
2169.46,0.215813
767.047,0.0766675
1121.29,0.112113
2340.14,0.233684
1753.95,0.17534
1999.33,0.199858
1616.54,0.161634
798.246,0.0798046
4007.84,0.40039
1064.31,0.106398
992.284,0.0989349
1996.82,0.199186
5939.49,0.592945
1095.85,0.109527
704.585,0.0703726
1887.09,0.188684
1275.5,0.127202
995.989,0.0995955
1580.65,0.157954
987.839,0.0987424
546.843,0.0546373
1841.91,0.184133
1883.61,0.187961
1345.75,0.134166
1559.56,0.1559
1954.77,0.195345
1188.28,0.118684
1172.42,0.117224
1042.71,0.10425
1208.47,0.117518
1701.38,0.170121
2334.84,0.233008
1448.33,0.14481
850.934,0.08509
2785.45,0.277252
1340.29,0.133841
1614.54,0.161353
3118.96,0.311594
1834.5,0.183447
873.317,0.0872911
1830.87,0.18299
569.067,0.0566101
1996.73,0.199653
1798.5,0.179737
895.686,0.0895628
1179.08,0.117897
951.098,0.0950446
1806.26,0.18061
1478.17,0.147702
1029.07,0.102826
916.523,0.0916153
1048.3,0.10482
1018.63,0.101853
1141.64,0.114143
1225.7,0.122549
1385.75,0.138374
1004.75,0.100469
1263.21,0.125973
3411.07,0.340451
1034.9,0.103483
378.362,0.0378218
2295.42,0.229495
872.307,0.0870123
4233.08,0.423008
976.494,0.0976233
2306.75,0.230337
1773.38,0.176749
4472.55,0.444174
1212.11,0.121031
1171.54,0.117131
1132.8,0.113219
452.308,0.0452301
1157.52,0.115738
1111.16,0.111077
784.513,0.0784269
2737.76,0.273249
1403.74,0.140296
1392.54,0.1392
1288.62,0.128804
6462.92,0.645687
1858.08,0.185783
1940.06,0.193857
928.137,0.0927746
486.32,0.0486055
1712.43,0.171229
869.489,0.0869139
2550.54,0.254906
758.734,0.0755312
2388.61,0.238589
1540.26,0.153994
1752.84,0.175151
1159.89,0.115962
2190.97,0.218979
3088.88,0.308814
1089.37,0.108488
962.35,0.096189
3058.55,0.305732
1396.36,0.139618
3533.4,0.353078
1779.84,0.177958
1033.64,0.103357
1177.25,0.116412
944.915,0.0944837
2441.75,0.244101
2894.34,0.289308
1054.88,0.105435
894.769,0.0894709
1960.55,0.19601
1361.79,0.136044
4735.71,1.57736
1341.06,0.134054
1444.1,0.143775
1925.92,0.192472
1576.14,0.157605
1248.92,0.124868
612.514,0.0612456
2000.27,0.199964
1994.82,0.199371
2328.94,0.232678
3356.78,0.335261
1020.57,0.102038
2541.82,0.253893
1718.34,0.17173
870.557,0.0869766
1884.62,0.188421
10305.4,1.02954
1768.82,0.176806
11583.2,1.15675
1866.74,0.186601
2049.32,0.204901
641.668,0.0641485
446.851,0.044222
935.018,0.0933139
1384.96,0.138434
781.096,0.0779394
1272.62,0.127234
738.679,0.0738486
881.779,0.0879129
2004.34,0.200414
1757.42,0.175464
1669.91,0.166901
10988,1.09502
1801.56,0.178835
3877.63,0.387574
896.611,0.0896373
1517.09,0.0864118
3506.11,0.35043
1636.59,0.163552
7057.66,0.703662
1255.48,0.122688
1235.74,0.12348
8014.58,0.800122
570.533,0.0570303
1564.02,0.156352
727.49,0.0727306
1745.25,0.174513
1472.46,0.147237
2309.9,0.223238
1312.37,0.131023
918.324,0.0918283
1379.55,0.137935
1080.79,0.108035
1523.99,0.151874
636.631,0.0635626
860.489,0.0860372
1884.08,0.188369
763.711,0.0763612
843.105,0.0842147
774.255,0.0772785
1593.47,0.159291
503.155,0.0502531
852.483,0.0839602
1303.32,0.130314
1604.11,0.160358
1102.67,0.109972
951.041,0.0949318
952.171,0.0951898
3105.67,0.309717
2007.98,0.200585
799.393,0.0799071
636.525,0.0635893
2004.76,0.200435
1568.32,0.156813
1756.39,0.175581
500.957,0.0496786
1765.54,0.176214
529.255,0.0528952
1934.74,0.193273
3270.44,0.326871
1618.71,0.161861
3066.57,0.306045
1042.99,0.104169
2145.55,0.214399
619.282,0.0619142
1553.54,0.155261
1492.56,0.149229
1146.53,0.114636
1018.73,0.10152
1093.13,0.109284
5641.14,0.563303
1955.44,0.192575
2021.47,0.2021
884.259,0.0883243
710.91,0.0710569
914.443,0.0914337
1139.5,0.113888
1003.22,0.100291
1220.78,0.122043
1282.8,0.128224
1206.41,0.120617
1200.88,0.119792
1436.89,0.143662
1565.78,0.156418
2063.11,0.206213
2225.38,0.222373
1200.29,0.119949
862.137,0.0861629
833.313,0.0833209
1548.41,0.154823
558.933,0.0558244
1109.12,0.110887
849.184,0.0849145
2133.64,0.21294
2082.24,0.208129
651.745,0.0651507
1052.21,0.105145
2030.99,0.202858
6310.44,0.628055
2349.87,0.234777
615.969,0.0615231
1191.4,0.119005
639.194,0.0639121
904.154,0.0901135
1066.52,0.106607
738.842,0.0738505
2538.82,0.252857
1518.25,0.151813
2290.18,0.228986
732.583,0.0732317
1068.29,0.106755
1658.5,0.165601
1126.2,0.112606
838.362,0.0837975
1255.01,0.125477
1604.34,0.160266
1060.72,0.106008
874.431,0.0844112
2018.84,0.201756
1531.2,0.153045
758.098,0.0757031
1123.64,0.112306
1158.5,0.115824
635.436,0.0635412
2381.13,0.237969
1971.68,0.197152
413.482,0.0412851
565.833,0.0563292
1081.17,0.108084
869.459,0.0868759
1039.23,0.103888
818.931,0.0818808
1873.47,0.187186
1960.09,0.195955
3007.71,0.300682
3002.83,0.300211
1678.73,0.167697
2612.47,0.261205
739.27,0.0738959
812.225,0.0810775
837.684,0.0836938
1111.43,0.111133
946.673,0.0946286
838.114,0.0837865
2026.91,0.202661
838.836,0.0831699
923.32,0.0923254
996.419,0.0995934
830.897,0.0830761
1171.58,0.11714
646.956,0.0646416
1119.69,0.111639
844.581,0.0844524
689.686,0.0689594
1361.16,0.136065
950.929,0.0950531
3877.16,0.386409
801.811,0.0800667
2795.12,0.279489
1394.92,0.139373
887.023,0.0886417
879.902,0.0879206
1302.45,0.117158
1476.93,0.146472
747.593,0.0746573
1985.37,0.197879
2081.77,0.208141
1301.31,0.130072
2070.68,0.186904
657.105,0.0656575
862.545,0.0860855
6186.49,0.616947
595.68,0.059553
659.943,0.0659936
1255.12,0.12548
3745.02,0.374144
1422.49,0.135673
1263.78,0.126326
1225.69,0.122541
2437.07,0.243423
2014.5,0.201333
1656.34,0.165526
939.096,0.0936787
2004.32,0.200383
852.422,0.0852034
3410.89,0.340748
726.139,0.0726046
1343.18,0.134227
862.471,0.0862122
1350.8,0.135065
1518.98,0.15187
1954.97,0.195385
826.332,0.0826029
1389.93,0.138901
797.103,0.079586
2981.36,0.297745
1021.12,0.102092
3100.82,0.310045
1652.46,0.165187
826.357,0.0825335
2555.92,0.25541
785.195,0.0785103
1181.74,0.118139
782.076,0.0781764
1954.63,0.195244
1069.35,0.106923
1150.3,0.114975
2470.3,0.246877
911.894,0.0911798
862.706,0.0862488
699.377,0.0699347
1450.33,0.144972
1175.64,0.117539
701.186,0.0701161
1297.95,0.129646
974.652,0.097461
939.336,0.0937956
1265.72,0.126513
921.768,0.0921106
1213.33,0.121271
847.359,0.0846681
612.663,0.0610983
875.59,0.0874575
2914.8,0.291439
1017.25,0.10171
1371.67,0.137089
761.749,0.0761379
796.014,0.0795681
705.611,0.0705342
2075.7,0.207346
1767.5,0.176083
1082.08,0.108186
1665.81,0.166517
1502.44,0.150144
1595.93,0.159518
936.644,0.0935868
2499.77,0.249858
2162.37,0.215774
2637.75,0.263464
3222.86,0.322107
701.348,0.0700775
987.476,0.0987448
636.811,0.0636445
1021.52,0.10215
1113.46,0.111322
4055.98,0.405539
618.738,0.0618605
1828.83,0.182855
1194.72,0.119437
2329.23,0.232905
1401.59,0.140133
1256.65,0.125493
818.821,0.0818686
1682.6,0.168234
1492.9,0.14921
2620.03,0.261913
6465.5,0.64606
900.009,0.0899986
981.25,0.0981162
711.32,0.0711098
739.387,0.0739019
637.433,0.0635766
2102.56,0.210236
1075.96,0.107588
947.705,0.0947447
947.273,0.0943769
2176.78,0.217622
1189.56,0.11842
1061.79,0.105434
4883.92,0.487206
1733.46,0.173159
2630.87,0.26302
860.249,0.0860206
1974.67,0.197241
1057.82,0.105768
1679.67,0.16783
1195.2,0.119463
1216.13,0.121336
1748.95,0.174646
1027.03,0.102665
1452.46,0.145225
1144.13,0.114292
836.369,0.0836258
1136.98,0.113669
679.027,0.0678669
871.755,0.0871702
3308.52,0.330754
1108.1,0.110719
626.422,0.0626285
1225.66,0.122556
1731.04,0.172754
940.128,0.0939925
1184.38,0.118405
1452.91,0.145117
1255.33,0.125459
1163,0.116237
1021.55,0.102119
806.688,0.0805863
1880.67,0.187962
547.405,0.0546894
1244.81,0.124447
1044.25,0.104397
1710.66,0.171019
1563.35,0.156245
1628.09,0.16263
3180.15,0.317635
827.042,0.0824659
1350.01,0.134214
1171.68,0.117062
1484.75,0.148435
1204.74,0.120388
1402.54,0.140216
896.505,0.0896312
690.002,0.0689473
929.582,0.0929551
716.001,0.0715927
1421.53,0.141782
1264.75,0.126411
732.794,0.0732566
1436.42,0.143619
712.835,0.0712537
1156.39,0.11558
1646.51,0.16427
2255.54,0.206305
840.034,0.0839653
1388.1,0.138777
1054.2,0.105404
1002.06,0.100172
902.403,0.0902366
1337.08,0.133118
1401.74,0.140042
1339.82,0.133797
1328.68,0.132853
1565.06,0.156429
1153.07,0.115291
758.352,0.0757903
1157.63,0.115738
4175.95,0.280571
1077.85,0.107236
1180.13,0.117985
903.425,0.0903067
1149.63,0.114899
2265.92,0.226357
1559.49,0.15587
1599.14,0.159806
2292.09,0.228997
874.547,0.0874483
849.776,0.0848819
1168.03,0.118034
6436.39,0.64318
1427.98,0.142784
664.755,0.0663208
697.571,0.0697207
1467.35,0.146721
1037.45,0.103723
971.677,0.0954696
2105.23,0.210512
1641,0.163949
1997,0.199441
573.977,0.0573639
823.363,0.0823198
549.477,0.0549431
1290.13,0.128424
1480.52,0.147685
1099.19,0.109903
1705.27,0.170516
7126.55,0.711701
809.626,0.0805597
1174.84,0.117444
1539.24,0.15389
6114.92,0.611071
1172.55,0.117243
1301.16,0.130075
2015.85,0.201445
2164.95,0.21645
2407.01,0.240308
2402.34,0.240042
1767.05,0.176607
613.6,0.0613251
2367.85,0.23676
625.689,0.062557
842.6,0.0842358
1024.85,0.102473
3518.53,0.351605
3559.58,0.355649
1716.7,0.171522
922.61,0.0922233
871.497,0.0870845
1229.4,0.122888
949.195,0.0947076
1359.14,0.13579
1100.74,0.110019
703.794,0.0703768
867.998,0.0867385
779.593,0.0779517
1170.92,0.11675
4505.39,0.449584
1131.27,0.113085
1112.06,0.111167
825.664,0.0825363
880.575,0.0880427
1063.59,0.106326
1977.02,0.197618
1455.59,0.145457
1108.74,0.110855
1654.17,0.165147
982.135,0.098201
1995.6,0.198182
949.426,0.0948863
1673.31,0.167281
1046.28,0.104455
2937.09,0.293184
845.665,0.0845455
1336.12,0.1335
3244.58,0.32426
815.175,0.081423
4010.95,0.400976
1252.6,0.125168
1653.08,0.165277
678.204,0.0677876
867.05,0.0866581
1347.54,0.134714
2945.48,0.29452
1385.81,0.138569
560.914,0.0560341
1115.4,0.111483
911.772,0.0910025
1344.26,0.134412
1191.27,0.119092
2520.85,0.251803
2210.55,0.220968
1816.1,0.181577
1599.35,0.159921
1045.8,0.104427
973.977,0.0973856
1663.9,0.166365
949.116,0.0938636
900.97,0.0900931
1264.25,0.1264
659.354,0.0656421
674.339,0.0674117
1990.75,0.199056
1014.1,0.101002
1196.71,0.119618
1814.21,0.18134
1158.77,0.115863
1467.08,0.146665
818.404,0.0818382
1532.11,0.15216
940.411,0.0940304
1517.46,0.151689
1146.31,0.114627
760.735,0.0760696
985.634,0.098547
756.746,0.0754823
1428.24,0.142802
1477.94,0.14778
2025.41,0.201504
1392.56,0.138967
771.465,0.0766393
1013.19,0.101287
1693.57,0.169128
1160.46,0.115771
1355.97,0.135502
2172.89,0.217099
1564.74,0.156129
834.224,0.0834007
802.799,0.0802311
1209.51,0.120944
1186.39,0.118192
1214.69,0.121461
1024.89,0.102478
3964.31,0.396066
1156.67,0.115626
2619.53,0.260845
4028.82,0.402658
883.511,0.088313
1313.32,0.130909
3528.67,0.352821
1004.72,0.100351
1122.44,0.11216
2273.43,0.226859
2160.05,0.215951
1002.86,0.100262
892.144,0.0891755
1297.35,0.129711
13631.8,1.35795
14572.9,1.45405
870.535,0.0870388
1331.14,0.133097
573.94,0.0573904
1013.08,0.10127
1013.94,0.101387
2503.83,0.250347
1413.76,0.141513
1189.1,0.118902
915.923,0.0915904
1323.5,0.132293
18546.4,1.85236
2084.31,0.208407
947.357,0.0946698
1604.67,0.160392
1315.72,0.131559
574.238,0.0569929
1033.16,0.103315
850.844,0.084942
936.934,0.0936855
1923.96,0.192351
1036.16,0.103513
835.091,0.0835076
825.67,0.0825507
1984.08,0.198305
5065.45,0.505432
855.403,0.0855059
880.575,0.0880484
1701.71,0.170089
2127.28,0.212611
1010.93,0.101079
1377.72,0.137746
1096.68,0.109168
1157.61,0.115718
1244.22,0.124347
1451.84,0.145023
1022.99,0.102269
1394.83,0.139426
20999.4,2.09775
1826.06,0.182534
5159.8,0.515709
1539,0.152557
1064.7,0.10646
5048.43,0.504027
1036.86,0.103646
1274.37,0.127398
1215.28,0.12151
1345.07,0.134475
1733.42,0.172996
1065.91,0.106552
1050.49,0.10503
1748.9,0.174822
1598.52,0.159634
2937.54,0.293369
1144.43,0.114417
1409.4,0.140725
1473.74,0.147346
1323.16,0.132247
981.402,0.0981322
942.561,0.0942511
1646.84,0.164359
884.979,0.0884895
968.13,0.0967789
1314.42,0.131349
14232.7,1.42057
1500.93,0.150006
598.161,0.0598012
3243.02,0.324177
683.688,0.0683556
2005.55,0.200509
1453.76,0.145322
1472.52,0.147211
3610.53,0.36078
1945.16,0.193978
1365.36,0.136485
1231.31,0.123121
1460.74,0.145966
1268.63,0.12666
808.934,0.0808078
1561.17,0.156091
588.194,0.0587768
2570.4,0.256773
644.492,0.0644218
1112.25,0.111186
903.517,0.0902727
1162.67,0.116228
1278.75,0.127853
3404.18,0.339808
391.492,0.0390967
1260.1,0.125868
856.49,0.0852418
1844.74,0.184436
816.814,0.0816393
760.307,0.0760033
633.7,0.0633645
954.587,0.0954515
927.84,0.092605
1321.51,0.132149
612.111,0.0612072
913.998,0.0913939
673.451,0.0673394
1241.16,0.124019
622.646,0.0621921
1432.55,0.143207
889.848,0.0889741
1827.68,0.182454
874.862,0.0874619
1797.8,0.179419
1946.8,0.194006
1475.25,0.147455
917.697,0.091729
748.95,0.0748867
1866.9,0.186525
690.649,0.0689896
1029.68,0.102881
700.834,0.0700496
798.111,0.0797577
1963.54,0.195987
934.992,0.0934652
14928.9,2.76142
1393.67,0.13873
818.978,0.0818099
787.846,0.0787629
1564.28,0.156181
2497.45,0.249439
831.881,0.0831809
2394.15,0.239239
1730.75,0.172628
947.379,0.0947146
9194.57,0.918156
771.728,0.0771407
1615.13,0.161425
9172.57,0.913444
4540.97,0.453837
2013.49,0.201302
1397.42,0.139705
5883.38,0.587275
627.597,0.0627428
1756.28,0.175473
1081.95,0.10816
1423.7,0.142078
2816.46,0.281557
931.22,0.0930586
1045.31,0.104486
1238.73,0.12378
1090.17,0.10898
1484.54,0.148418
2497.91,0.24945
2430.08,0.242984
1706.24,0.170584
1799.94,0.179913
2531.62,0.253107
1311.82,0.130794
1070.72,0.107045
1168.74,0.116809
1395.32,0.139498
1263.86,0.12637
1149.5,0.114896
3449.56,0.341079
1633.09,0.163289
1896.21,0.189495
2184.43,0.218383
1024.32,0.102419
1186.44,0.118613
1432.03,0.143169
2556.69,0.255446
6236.88,0.623089
1203.47,0.120255
1018.06,0.101319
460.96,0.0460908
648.572,0.0648544
1315.01,0.131464
1187.08,0.118578
1682.59,0.168218
745.635,0.0745601
1791.69,0.179155
1413.53,0.141338
993.883,0.0993499
4148.33,0.414135
750.02,0.0749742
1023.5,0.102089
811.33,0.0807798
906.206,0.0902174
2386.71,0.23861
2231.87,0.223003
11179.9,1.11638
1053.97,0.105365
3025.88,0.302554
1016.07,0.101391
3268.59,0.326702
1184.5,0.118422
11406.2,1.13783
14919.8,1.48484
763.432,0.0763327
1284.23,0.128359
1125.39,0.112464
1064.08,0.106152
1094.22,0.109418
3884.98,0.388278
1319.88,0.131176
4030.95,0.401301
1848.02,0.18467
847.962,0.084795
853.397,0.0853374
941.431,0.0941363
1488.05,0.148787
1728.56,0.172773
2739.91,0.27355
1132.91,0.112784
1152.06,0.115116
3813.94,0.381162
3083.33,0.307742
1015.92,0.101574
5893.38,0.586713
1369.94,0.136978
1144.67,0.113192
868.785,0.0868485
1175.03,0.117144
3298.15,0.329405
1731.88,0.173049
26552.1,2.63621
757.692,0.0757223
2722.67,0.271976
650.133,0.06493
4546.25,0.454023
1538.42,0.15382
1227.92,0.122786
542.496,0.054203
725.741,0.0725463
952.979,0.0952569
728.741,0.0727551
932.718,0.0932281
1024.94,0.102423
1318.95,0.131787
1076.94,0.107376
1478.92,0.147878
1055.94,0.10559
946.122,0.0906703
1156.21,0.115583
5936.52,0.593179
3124.75,0.312355
1571.14,0.156842
1782.72,0.178234
871.138,0.0870962
850.075,0.08494
1066.74,0.106658
1545.59,0.154392
744.695,0.0744535
896.046,0.0895863
3027.96,0.302457
2718.96,0.271732
1236.54,0.123623
1038.89,0.106255
2654.39,0.265388
1032.32,0.10322
798.271,0.0798254
3157.94,0.315755
683.34,0.0683148
754.671,0.0754463
521.786,0.0520958
2267.6,0.226697
773.958,0.0773692
1228.4,0.122832
1520.77,0.152065
2564.42,0.256258
866.336,0.0866197
1785.56,0.178018
1002.53,0.100236
806.012,0.0804837
1472.63,0.147246
789.124,0.0787606
1571.32,0.157086
912.018,0.0911597
1134.34,0.113429
1717.23,0.171693
962.557,0.0962132
771.033,0.076298
979.333,0.0979121
5537.41,0.553154
1133.87,0.113303
889.906,0.088901
1494.79,0.149446
1638.03,0.1637
1131.95,0.113187
2528.02,0.252658
881.81,0.0881639
921.844,0.0921248
1300.57,0.129607
1079.05,0.107877
806.551,0.0804461
891.241,0.0891223
3722.2,0.372051
1009.18,0.100902
2049.43,0.204907
1062.75,0.10627
1046.5,0.104572
655.769,0.0608631
2188.6,0.218398
1013.93,0.100651
1076.5,0.107642
1035.14,0.103391
1842.98,0.184156
2019.41,0.201886
2352.46,0.23511
944.768,0.0938322
478.118,0.0477959
902.027,0.0901962
2657.11,0.265386
1000.06,0.0999891
2834.78,0.283076
1082.12,0.108112
1490.33,0.148928
1686.95,0.168645
1806.16,0.180564
1039.02,0.103876
1101.78,0.11016
937.53,0.0937079
957.238,0.0957066
747.615,0.0743359
874.157,0.0871178
1987.7,0.198538
419.628,0.0419434
2014.38,0.2014
1135.35,0.113438
897.671,0.0897651
705.921,0.0705737
1424.24,0.142312
923.621,0.0920394
1585.15,0.158494
929.361,0.0929012
1950.9,0.195044
612.36,0.0612353
953.925,0.0952954
1342.25,0.13384
964.664,0.0964417
614.993,0.0614572
3662.27,0.366042
3594.57,0.359296
894.886,0.0894577
1548.31,0.153982
728.137,0.0728076
1300.77,0.130061
1423.58,0.141983
6877.92,0.68709
948.433,0.0948291
1193.59,0.118832
995.347,0.0978895
769.216,0.0768481
833.422,0.0832722
856.869,0.0856156
831.613,0.0831598
1236.32,0.123527
3126.37,0.312477
1348.47,0.134751
6899.53,0.68698
1306.31,0.129964
1538.39,0.153802
1128.7,0.112861
1089.46,0.108879
1406.02,0.140573
909.141,0.0907315
1124.45,0.112397
16204.4,1.61299
1482.18,0.148143
3148.57,0.314676
3996.61,0.399458
910.846,0.0910166
560.105,0.0560044
1196.09,0.11938
1514.39,0.151394
1448.64,0.14458
1443.61,0.144345
4029.35,0.401768
892.463,0.089092
2765.07,0.276192
2184.91,0.21761
1549,0.154199
2706.92,0.269647
1071.81,0.10717
1062.84,0.10628
1106.11,0.110596
883.365,0.0882942
2261.47,0.226101
875.833,0.0875461
1314.1,0.131382
1572.77,0.157057
1189.85,0.118967
813.761,0.0812662
893.119,0.089298
2334.31,0.233107
881.475,0.0881028
12232.7,1.2221
904.877,0.0904287
1359.76,0.135939
772.79,0.0772731
5238.42,0.522043
917.227,0.0917177
2122.69,0.212239
1322.43,0.132193
2109.36,0.210609
804.542,0.0804464
1530.71,0.153059
969.759,0.0969315
1663.07,0.166285
1343.44,0.134317
1265.6,0.126534
1886.43,0.188574
2417.68,0.241567
561.392,0.056108
10615.6,1.05241
909.309,0.0908787
14584.4,1.45731
1283.47,0.128321
1898.6,0.189688
1572.18,0.157215
5113.81,0.511103
1907.45,0.19071
1402.49,0.14009
3663.6,0.366222
974.62,0.0973277
1160.63,0.115975
1958.02,0.194213
1527.48,0.152676
1026.57,0.102614
3429.7,0.339856
1225.92,0.122574
1607.92,0.160761
812.625,0.0811828
1229.36,0.122897
1514.48,0.143986
1899.4,0.189875
1852.14,0.184946
1378.41,0.137786
1467.73,0.146716
504.74,0.0504582
3062.78,0.30615
1101.88,0.110177
2016.01,0.201562
551.316,0.0551285
4528.78,0.452285
1067.1,0.106633
9515.36,0.950341
1210.6,0.121042
758.564,0.07567
1341.13,0.133931
1171.11,0.117051
1053.33,0.105305
2178.06,0.217501
1026.73,0.102665
681.949,0.0681641
2273.76,0.227308
1260.1,0.125883
1526.6,0.152547
666.511,0.066643
1127.8,0.112684
2384.21,0.238198
1281.83,0.12486
4176.05,0.417466
2288.48,0.228839
680.815,0.0680698
3080.62,0.307025
1317.48,0.131678
1139.51,0.113914
8062.31,0.805771
2329.71,0.232788
1102.44,0.110228
862.8,0.0855822
2375.75,0.23757
3164.95,0.31637
2002.84,0.200269
1163.33,0.116237
1341.19,0.133757
941.015,0.0940738
1859.43,0.185853
4284.26,0.428286
889.339,0.0889198
2451.46,0.24511
854.373,0.0853928
3991.18,0.398728
1006.15,0.100505
1460.26,0.145985
904.58,0.0903868
816.583,0.0816418
863.8,0.0863688
1121.4,0.111948
2691.23,0.268382
801.474,0.0801154
1068.95,0.106833
2610.52,0.260917
801.882,0.0801305
1040.61,0.104049
509.983,0.0509868
1130.29,0.112798
1331.53,0.132987
865.876,0.0863004
2573.84,0.25722
1109.04,0.110228
911.692,0.089656
1163.11,0.11624
2031.06,0.202898
1301.79,0.130166
1395.18,0.139456
1562.22,0.156065
3772.04,0.376931
1167.43,0.116621
731.619,0.0731547
1735.75,0.173536
2223.13,0.222197
2323.42,0.23225
741.72,0.0741709
989.321,0.0988473
1367.8,0.135741
3473.51,0.347212
1641.79,0.164088
631.556,0.0631468
2376.69,0.237645
1486.84,0.148628
6046.73,0.604488
585.644,0.0585477
2239.22,0.223866
763.068,0.0759931
2065.7,0.206536
752.073,0.0751937
1307.15,0.130698
3039,0.303295
1765.36,0.175775
2655.44,0.264367
719.846,0.0719402
967.706,0.0967297
3078.56,0.307651
1067.18,0.106171
2133.4,0.213002
1101.34,0.110098
1489.48,0.147803
1979.92,0.197746
782.049,0.077815
854.756,0.0853947
2191.59,0.219008
1181.77,0.118132
11580.1,1.20446
948.461,0.0939088
2333.42,0.233168
1065.55,0.106544
5185.55,0.517175
799.668,0.0799222
671.236,0.0670992
2083.29,0.208138
693.767,0.0693578
2244.49,0.224275
1356.86,0.135642
860.759,0.0860634
1072.47,0.107246
1866.59,0.186448
2441.12,0.243384
2295.91,0.228251
1289.53,0.128924
1517.73,0.151724
3101.06,0.310072
1322.79,0.132243
1884.1,0.188227
1158.35,0.115794
3689.7,0.368674
884.065,0.0882041
5738.92,0.573697
21114.1,2.08906
475.803,0.0475642
1032.88,0.103255
1899.84,0.18992
2980.87,0.297891
1400,0.139982
1439.51,0.143861
1925.38,0.192462
2157.77,0.215755
767.854,0.07674
1782.62,0.178123
1030.29,0.103018
1570.95,0.156714
1735.56,0.173486
2243.83,0.223966
1209.71,0.120957
1066.69,0.106643
1085.5,0.108541
1438.53,0.143722
690.995,0.0689984
1226.33,0.122543
1664.06,0.166204
774.28,0.0773958
879.179,0.0878231
1148.51,0.111171
2587.18,0.258706
947.328,0.0947291
3267.05,0.326367
891.326,0.0889234
1652.04,0.165155
992.427,0.0992044
3266.48,0.32639
1951.06,0.195085
1043.12,0.104166
860.074,0.0859631
1764.86,0.176321
1075.92,0.10737
1148.94,0.114877
1380.98,0.13802
661.095,0.0659517
2079.42,0.207709
1097.74,0.109758
1839.39,0.181757
946.84,0.0946648
1145.06,0.114503
823.184,0.0822883
914.732,0.0914325
1135.04,0.112824
975.127,0.097498
2083.45,0.208257
1917.67,0.191691
897.882,0.0897854
1126.29,0.112605
1876.91,0.187407
3876.44,0.387445
1013.35,0.101332
1280.74,0.12804
801.722,0.080164
1947.46,0.194444
1720.57,0.171912
998.293,0.0995145
1209.47,0.120896
1734.16,0.173312
624.544,0.0622926
534.396,0.053346
2486.37,0.248505
1747.69,0.174687
1136.83,0.11361
1099.89,0.109983
1392.37,0.139223
2256.16,0.225049
1770.25,0.176864
10749,2.88648
1201.68,0.120134
868.519,0.0868219
1372.49,0.13645
1020.59,0.102006
774.593,0.077297
851.575,0.0851529
1080.5,0.107873
2011.61,0.200948
2784.03,0.278353
866.342,0.0864558
2455.01,0.245265
1104.96,0.110401
1363.79,0.136352
1369.12,0.136677
1370.81,0.13708
1318.73,0.131844
11167.3,1.11579
2291.66,0.229048
751.989,0.0751636
1364.9,0.136476
1311.89,0.131135
1458.98,0.1457
1119.54,0.111944
1085.11,0.108491
619.218,0.0618984
1192.21,0.119212
921.249,0.0920735
852.937,0.0852774
639.029,0.0638689
793.047,0.079204
2353.45,0.235318
1562.21,0.156178
720.644,0.0720581
1556.31,0.155595
2271.58,0.226915
1508.54,0.150838
2872.54,0.286839
1172.25,0.117207
2912.03,0.291151
989.449,0.0988639
1406.23,0.140036
956.784,0.0956719
4015.23,0.345444
966.843,0.0966275
2343.73,0.2343
1457.03,0.145666
1787.54,0.178744
957.685,0.0957256
1251.69,0.125146
1658.29,0.16577
1670.29,0.166854
916.399,0.0916257
1054.75,0.10544
1690,0.168988
1733.49,0.173242
11008.7,1.09593
2076.15,0.2076
1792.47,0.178796
1400.8,0.140061
1574.25,0.157236
1892.66,0.189018
1387.23,0.138698
1019.64,0.101867
2288.3,0.228738
934.775,0.0934221
1205.22,0.120498
1867.5,0.186739
1594.52,0.159316
1539.75,0.153753
739.914,0.0739572
2024.43,0.201901
442.98,0.0442925
4358,0.435656
1023.73,0.102355
1254.5,0.125435
867.887,0.0866979
2786.95,0.278645
1655.81,0.165396
1136.43,0.113491
938.793,0.0938263
2514.72,0.251405
3535.54,0.353022
3596.85,0.359576
1409.09,0.140873
1780.16,0.178004
13151.1,1.31086
1531.53,0.15276
995.598,0.0995383
1337.48,0.131557
1262,0.125926
752.026,0.0751989
1060.75,0.105989
1040.74,0.10406
674.323,0.0674284
1115.82,0.111576
1910.08,0.190936
1640.98,0.164016
839.215,0.0838977
1287.34,0.12871
1541.09,0.154064
621.116,0.0619253
1034.16,0.103325
888.923,0.0888236
1054.99,0.105348
816.068,0.0815873
2874.53,0.287129
903.582,0.0903205
1503.76,0.150364
4150.5,0.414908
1440.63,0.144014
2574.73,0.257446
1722.16,0.172166
1050.85,0.104945
721.336,0.0721011
2162.13,0.216141
964.376,0.0964104
1841.27,0.184101
900.25,0.089984
1050.54,0.105049
811.499,0.0811216
3729.4,0.370718
1319.68,0.131959
986.832,0.0985745
1500.84,0.149948
803.134,0.0802481
950.696,0.0950526
1657.71,0.165749
757.509,0.0757217
1764.07,0.176323
1097.55,0.109699
920.046,0.091919
6089.29,0.607724
1963.69,0.19628
919.068,0.0916784
1056.63,0.105627
1250.89,0.124803
952.462,0.0951905
1072.96,0.107234
3192.9,0.31913
2529.43,0.252489
1223.78,0.122375
356.983,0.0356961
1142.64,0.11423
1083.96,0.10812
3215.99,0.321203
1112.4,0.111161
1546.65,0.15451
1734.66,0.173107
813.281,0.0813189
1198.51,0.119636
5618.34,0.551416
696.71,0.0696646
2802.91,0.280168
974.343,0.0973916
536.654,0.0536015
805.312,0.0805095
843.799,0.0838541
1279.87,0.127922
935.395,0.0934942
1039.67,0.103914
720.552,0.0720276
1644.58,0.164427
3180.8,0.316833
1033.88,0.103345
993.914,0.0993122
1534.17,0.153346
634.926,0.063472
2722.02,0.272094
733.634,0.0733462
24720.2,2.45016
2140.97,0.214036
2190.49,0.218844
586.109,0.0585776
1395.75,0.139541
1323.02,0.132278
787.716,0.0786347
944.071,0.0943846
773.364,0.0772973
2734.43,0.272225
1518.47,0.151824
1248.74,0.124826
779.268,0.0778877
1311.56,0.131122
6148.47,0.613073
1842.53,0.184203
956.002,0.0955643
2010.88,0.201048
1202.88,0.120285
1219.82,0.121955
2987.67,0.298512
1501.72,0.15016
2914.38,0.290857
685.563,0.0685544
1544.84,0.154119
1623.84,0.161267
755.969,0.075592
943.649,0.0943365
917.473,0.0917392
6247.25,0.623541
602.867,0.0602648
1250.22,0.124925
667.683,0.0667495
1237.57,0.123686
1281.28,0.128106
2089.28,0.20876
1725.99,0.17169
1075.37,0.107489
3011.74,0.301126
764.588,0.0764499
2797.66,0.279739
7713.06,0.770717
2421.37,0.241893
1903.78,0.189289
1547.76,0.147401
4174.24,0.417272
2076.35,0.20751
1168.69,0.116833
1326.26,0.132585
695.072,0.0695004
1709.98,0.170907
2350.83,0.234883
764.625,0.0764578
1225.67,0.122526
1323.22,0.132113
2825.25,0.281005
1095.08,0.109496
17060.1,1.69807
4561.88,0.455789
1073.94,0.107374
1482.08,0.14816
1376.69,0.137542
752.025,0.0752007
1301.2,0.13003
929.24,0.0928801
1213.43,0.121261
3174.7,0.317105
2381.19,0.238012
1411.18,0.141095
1627.76,0.162511
1152.62,0.115138
1094.76,0.109428
802.641,0.0802152
2435.65,0.241983
1520.49,0.151913
1006.85,0.100618
859.547,0.0858632
818.364,0.0818336
2343.53,0.233537
1290,0.128926
811.597,0.0810644
7706.86,0.769454
730.514,0.0729938
3599.34,0.359818
1581.3,0.15809
812.046,0.0811899
1688.71,0.168776
1458.24,0.145763
1447.69,0.144756
2462.78,0.246055
818.985,0.0818819
1245.95,0.124559
1190.26,0.119013
901.114,0.0900619
4186.53,0.41757
955.624,0.0955186
3269.35,0.326786
675.054,0.0675033
1923.32,0.192211
632.713,0.0632068
1617.99,0.161725
860.444,0.0860089
642.095,0.0641981
1238.81,0.123864
865.464,0.0865347
889.433,0.0888297
2694.59,0.264078
1789.82,0.178952
507.644,0.0507594
936.576,0.0935938
1090.74,0.109064
3042.9,0.30414
1194.34,0.119409
1850.99,0.185071
908.84,0.09079
1492.62,0.149199
1791.74,0.179084
11700.9,1.16794
595.984,0.059428
550.768,0.0550585
2313.17,0.2308
834.443,0.0834295
1182.78,0.118275
1917.31,0.191277
1265.52,0.126437
1103.03,0.11025
1446.66,0.14464
965.624,0.096498
1155.27,0.115503
410.219,0.0410174
1880.52,0.187908
684.653,0.0684222
1241.73,0.124142
6931.21,0.692561
772.316,0.0772289
2406.18,0.24044
1625.94,0.161672
4450.47,0.444641
906.933,0.0906669
1211.3,0.120976
628.714,0.0628525
692.131,0.0692019
706.487,0.0706472
1228.52,0.122819
1406.31,0.140571
1435.93,0.143557
5603.23,0.559789
1022.08,0.102008
1508.17,0.150801
1501.86,0.121463
875.442,0.0875179
2279.38,0.227796
4544.8,0.454079
1575.96,0.157554
1111.73,0.11112
2116.66,0.211566
7508.02,1.64614
899.042,0.0898665
781.068,0.0778733
914.928,0.0914409
1226.49,0.12263
1320.46,0.131992
5318.73,0.531173
2689.19,0.268869
1745.59,0.174526
976.942,0.0976813
1979.11,0.197877
7839.55,0.781577
798.322,0.0798313
1101.66,0.109622
2863.52,0.286213
926.609,0.0925797
1198.4,0.119836
1835.17,0.182854
978.251,0.0974925
15227.9,1.47588
685.699,0.0685461
927.16,0.0926974
693.034,0.0692908
602.506,0.0602457
1453.89,0.145356
1179.35,0.117923
1572.42,0.157199
1846.32,0.184492
825.049,0.0824801
1262.79,0.126123
5024.68,0.501555
868.773,0.0868502
464.644,0.0464613
869.45,0.0866379
971.156,0.0970577
1643.72,0.162169
1252.33,0.125145
1396.18,0.13959
1114.68,0.111374
824.11,0.08241
2279.48,0.227877
601.348,0.0601226
798.066,0.0797419
1250.74,0.124682
472.119,0.0472095
970.231,0.0969664
2042.88,0.204086
668.345,0.0668147
2479.67,0.247935
1843.78,0.184298
1025.14,0.102502
733.339,0.0732783
1921.75,0.192134
1608.9,0.160416
847.605,0.0811838
1609.89,0.160887
757.244,0.0757063
6006.35,0.599234
1186.8,0.118675
998.892,0.0994381
3354.14,0.335036
1307.63,0.130726
1069.13,0.106885
853.667,0.0853287
1278.25,0.127757
720.92,0.0720742
982.49,0.098204
1718.45,0.171809
3026.31,0.302561
1537.34,0.153654
1459.53,0.145929
1372.15,0.137135
738.19,0.0737601
1869.84,0.186916
2491.9,0.249117
1404.35,0.140113
1151.93,0.115186
9032.06,0.902934
1398.69,0.139813
985.238,0.0973567
779.55,0.0779538
5199.03,0.419298
961.691,0.0960613
930.915,0.0930825
938.779,0.0938127
815.001,0.0814907
2141.38,0.213836
960.007,0.0959292
1334.85,0.132601
1339.66,0.133953
1589.55,0.158792
1025.82,0.102554
1528.41,0.152745
638.99,0.0638897
3248.69,0.324832
2009.46,0.200502
948.242,0.0947666
1371.67,0.137067
1716.96,0.171658
1477.51,0.147561
843.67,0.0832536
832.32,0.0832153
2362.51,0.2361
1895.64,0.189515
907.886,0.0907732
1111.66,0.111151
933.976,0.0933951
1519.79,0.151852
1581.46,0.1563
2110.38,0.210956
5515.27,0.55
1508.48,0.150688
1806.9,0.180472
1951.37,0.195009
1553.57,0.15528
722.546,0.0722086
838.423,0.0837482
1538.69,0.153804
1917.88,0.191217
1233.74,0.123349
1073.87,0.103777
1064.1,0.106396
1657.44,0.165642
1590.25,0.158793
998.851,0.0998511
3262.35,0.32565
1102.5,0.110195
1339.76,0.133895
2140.77,0.209952
828.312,0.0828183
1545.49,0.154464
882.84,0.0882815
911.976,0.0911927
1220.51,0.12201
2048.87,0.204825
1340.07,0.13395
747.016,0.0746886
2341.17,0.234013
1520.32,0.152009
946.722,0.0946552
1282.6,0.128205
1452.37,0.145198
1038.13,0.103693
1135.03,0.113465
606.682,0.0606634
2716,0.271368
2714.74,0.27139
2480.23,0.247924
1018.47,0.101504
3063.16,0.306222
6010.92,0.600741
1759.12,0.175745
748.957,0.0748626
10391.9,1.03679
586.838,0.0582534
1710.33,0.170977
1175.17,0.117507
1951.37,0.195104
833.118,0.0832631
3171.75,0.205476
920.957,0.0920429
1345.71,0.134469
1049.3,0.104915
1187.28,0.118659
785.227,0.0784957
873.968,0.0872912
1116.61,0.111613
665.37,0.0665332
1927.46,0.192724
1135,0.113469
884.058,0.0883875
1898.63,0.187502
1220.4,0.122005
1228.87,0.122868
1156.19,0.115541
2645.15,0.26418
716.36,0.0716287
1336.87,0.133602
1526.29,0.152449
1246.93,0.124676
1495.39,0.149316
1612.33,0.160651
591.459,0.0590919
14703,1.46432
2300.66,0.229681
853.22,0.0852396
3248.71,0.324031
1537.27,0.153665
844.427,0.0844176
2168.39,0.21677
540.86,0.0540429
1314.26,0.131364
856.311,0.0856243
1061.08,0.105543
1091.1,0.109091
1182.35,0.1182
987.356,0.0987252
1433.11,0.143297
4511.31,0.449812
1741.33,0.173742
1956.11,0.19558
844.497,0.0842063
1297.1,0.129513
2181.59,0.217952
829.212,0.0828833
650.268,0.0649282
1154.57,0.115017
927.717,0.0927493
2825.62,0.282302
1510.4,0.151008
765.786,0.0765639
853.175,0.0848963
782.512,0.0782433
926.26,0.0925794
609.512,0.0609505
845.252,0.0842829
697.373,0.0697346
1128.43,0.112797
1382.3,0.138201
879.753,0.0877836
879.216,0.0878255
1020.7,0.102056
1408.76,0.140814
2188.03,0.218788
1167.54,0.11611
1501.85,0.150177
1446.31,0.144576
1702.23,0.169757
815.363,0.0815256
3589.94,0.358816
4402.69,0.439306
994.451,0.0992895
793.358,0.0793176
6490.98,0.648859
652.307,0.0651302
1038.93,0.10389
1944.27,0.194405
1353.71,0.135278
728.896,0.0728355
722.393,0.0722354
1251.11,0.125099
1019.38,0.101936
1101.9,0.110165
1079.02,0.107868
1052.78,0.105216
913.016,0.0912402
2486.01,0.247752
2147.97,0.214668
657.95,0.0656455
1205.75,0.120532
918.157,0.091757
576.297,0.0576099
1844.09,0.184242
1605.78,0.160529
977.265,0.0977161
13329.2,1.32977
2032.25,0.203205
13870.6,1.38267
2237.57,0.223666
817.267,0.0815152
580.404,0.0580339
801.343,0.0800865
859.285,0.0858453
903.435,0.0902442
1914.93,0.191437
1346.88,0.134638
3604.37,0.958721
1633.1,0.162983
6613.03,0.660159
2232.3,0.22307
1411.1,0.141046
1816.86,0.181655
2193.53,0.219231
472.856,0.0472573
1066.46,0.106499
1044.42,0.104405
2829.1,0.28283
11315.8,2.55083
1198.81,0.119862
1051.45,0.104982
758.396,0.0758369
3528.34,0.352757
2442.36,0.241823
745.885,0.0745798
1311.25,0.131043
1931.29,0.192894
2685.37,0.268201
2036.59,0.203603
1353.86,0.135314
1013.71,0.101342
1164.51,0.116343
893.037,0.0892105
3191.87,0.319002
912.284,0.0911163
992.055,0.0991546
1110.34,0.11103
2943.15,0.293576
1191.95,0.119161
935.447,0.0934763
556.251,0.0551981
1170.81,0.117052
901.941,0.0900101
1677.27,0.167643
1052,0.105194
986.929,0.0986238
467.436,0.0467339
3019.58,0.301443
681.235,0.0681224
950.063,0.0949992
1392.37,0.138903
1149.62,0.114924
2251.93,0.224937
1282.71,0.128149
2080.22,0.207816
959.243,0.095922
1695.23,0.169514
888.714,0.0887332
2002.05,0.200088
1497.08,0.149675
1570.12,0.156967
861.637,0.0857457
910.548,0.0909499
978.013,0.0977647
15545.2,2.95312
1190.34,0.118994
1141.26,0.114113
1457.74,0.145636
1180.78,0.118061
1460.52,0.145847
2035.5,0.203341
2358.86,0.235868
980.017,0.0953602
1978.76,0.197831
1989.55,0.198911
620.616,0.0620413
1922.18,0.192152
3623.68,0.361834
906.23,0.090558
906.258,0.09058
743.002,0.0741961
886.735,0.0886705
1211.57,0.121101
575.649,0.0575498
2020.48,0.201926
1673.91,0.16731
1269.82,0.126671
2542.18,0.254072
983.547,0.0983385
1195.2,0.119488
1181.93,0.118186
862.031,0.0861617
1165.23,0.117902
2166.1,0.216142
1105.65,0.110484
989.989,0.0989734
6685.38,0.667641
874.667,0.0872687
886.396,0.088468
1221.89,0.122152
1098.27,0.109795
1572.89,0.156831
1261.44,0.12607
1377.5,0.136331
788.493,0.0788476
10067.7,1.00379
1040.06,0.10399
3011.73,0.301106
1485.63,0.148417
606.042,0.0605828
1496.41,0.149594
947.856,0.0947149
988.689,0.0988417
587.567,0.0587521
1426.88,0.142664
1696.83,0.169542
1077.51,0.107717
912.605,0.0912476
1239.44,0.123857
1219.62,0.121949
1161.04,0.115932
1333.35,0.133314
992.61,0.0991531
1864.03,0.186358
1096.01,0.109553
2137.32,0.213648
1431.96,0.14307
871.993,0.0871167
633.652,0.0633158
1192.28,0.11915
1190.08,0.118986
1140.06,0.11395
1155.52,0.115533
1331.21,0.133065
944.938,0.0944784
1425.57,0.142485
3408.19,0.340759
659.961,0.0658284
895.917,0.0886858
642.914,0.0642793
940.825,0.0938855
1691.46,0.169034
1465.66,0.14653
1381.12,0.138073
1682.61,0.168234
800.372,0.0800064
1057.59,0.105741
1602.76,0.160005
1745.63,0.174521
683.184,0.0680628
1270.73,0.127048
4610.93,0.460872
1284.22,0.128291
454.472,0.0452748
1157.72,0.115731
1551.68,0.15512
1322.02,0.132125
2443.99,0.244348
1186.08,0.118581
896.053,0.0894237
1188.3,0.118781
1037.19,0.103673
3377.74,0.337022
1603.58,0.160213
2236.79,0.223279
1750.83,0.174982
1219.21,0.121874
1520.12,0.151852
2180.57,0.218018
2051.11,0.205048
1736.79,0.173588
746.248,0.0745205
1685.46,0.168322
662.163,0.0662045
1647.52,0.164627
2017.3,0.20153
1485.73,0.146784
1223.21,0.122234
3259.12,0.32571
1115.32,0.111522
1344.61,0.134165
1279.11,0.127855
842.958,0.0842833
1850.25,0.183874
1228.04,0.122786
1127.05,0.112618
895.25,0.0894515
1065.1,0.106489
829.697,0.0829488
1450.1,0.144995
994.408,0.0992314
982.87,0.0982282
731.193,0.0731072
1076.8,0.107605
1122.08,0.112144
17443,1.73003
1880.97,0.18791
2399.75,0.239837
899.313,0.0894106
1284.85,0.128369
1037.14,0.10371
609.661,0.0609616
2754.38,0.275272
2408.87,0.240742
1007.22,0.100697
2010.48,0.200835
3388.21,0.338586
1395.86,0.139547
2401.59,0.240055
978.065,0.0978025
850.057,0.0849906
4364.12,0.436182
1093.07,0.109276
554.193,0.0554095
1651.8,0.165098
488.79,0.0488781
1508.4,0.150513
1532.55,0.153211
409.295,0.0409053
903.027,0.0902283
683.152,0.0681719
809.871,0.0809626
1022.36,0.102216
780.381,0.0780234
790.058,0.0789135
1838.69,0.183849
861.194,0.0861017
913.797,0.091341
843.168,0.0842888
1290.38,0.128946
2206.21,0.220532
1413.59,0.141332
12554,1.25478
949.795,0.0948584
1073.26,0.107314
1725.39,0.172521
1467.46,0.146628
1595.2,0.159485
3253.5,0.323944
1328.74,0.132854
850.06,0.0849142
4456.9,0.445549
17081.3,1.70661
2633.61,0.263283
1427.85,0.142737
905.216,0.0905151
1552.82,0.15507
1007.53,0.100413
3121.16,0.311904
926.077,0.0925189
1653.35,0.164887
1245.72,0.124538
2321.44,0.232074
978.46,0.0978258
1190.63,0.119049
2176.76,0.217613
935.462,0.0934292
1467.41,0.146483
1616.63,0.161555
13667.8,2.65526
936.8,0.093674
785.726,0.0785564
983.57,0.0983204
1591.09,0.158842
905.248,0.0901739
1293.62,0.129267
914.921,0.091455
2117.75,0.211578
1150.68,0.115013
2041.28,0.203896
3338.77,0.333534
1468.61,0.14685
2005.69,0.197355
3338.51,0.333121
907.004,0.0906374
1881.29,0.188082
794.353,0.079421
1129.4,0.112927
1180.93,0.118003
1316.57,0.131556
1283,0.12652
2072.16,0.207199
1248.33,0.12477
1318.31,0.131796
874.32,0.0823443
1364.54,0.136269
1914.64,0.191439
441.114,0.0441062
3370.4,0.336634
849.031,0.0848721
863.408,0.0862856
3011.72,0.301124
931.794,0.0931541
970.144,0.0969915
1245.57,0.124536
4589.71,0.458582
771.361,0.0770617
745.897,0.0743644
530.854,0.0530791
1129.98,0.112961
1399.8,0.139928
1376.16,0.137609
1012.47,0.101223
1279.27,0.127898
1964.46,0.196354
1547.89,0.154693
831.614,0.0831365
2599.82,0.259193
889.154,0.088831
1160.61,0.116051
958.198,0.0957236
14134.5,1.40845
1242.83,0.124259
846.274,0.0841789
2102.16,0.209891
1061.62,0.106081
873.207,0.0873086
1977.65,0.197753
998.22,0.0997607
1297.6,0.129724
3353.65,0.335296
1396.37,0.139618
1467.17,0.146648
546.057,0.0546018
838.043,0.0837147
2192.66,0.219229
911.497,0.0911325
1219.67,0.121636
1208.36,0.120798
897.29,0.0897106
1789.08,0.178062
2000.4,0.200017
679.585,0.0679506
693.145,0.0693122
1823.06,0.182232
960.319,0.0959356
1470.02,0.146936
1125.24,0.11249
2097.15,0.209329
805.647,0.0805249
782.137,0.0781836
3716.37,0.371463
878.042,0.0875573
1072.59,0.107066
2238.45,0.223721
1020.46,0.102001
1749.6,0.174698
2000.92,0.199991
1879.56,0.18784
573.703,0.0573629
1150.09,0.114985
1898.69,0.189818
1498.78,0.149856
1352.22,0.135123
1007.65,0.10076
832.136,0.0832052
608.868,0.0608855
2661.04,0.265699
901.266,0.0900925
1665.17,0.16648
901.586,0.0901048
1459.55,0.145924
1125.07,0.112495
2603.5,0.249299
3047.92,0.30467
2769.55,0.275695
989.045,0.0977607
1649.86,0.164816
12205.3,1.21691
966.357,0.0965281
925.775,0.092532
924.683,0.0920499
2767.54,0.276646
953.244,0.0951726
836.377,0.0836362
793.249,0.0786453
1431.8,0.142948
1498.92,0.14938
1122.38,0.107772
1485.4,0.148529
1074.35,0.107211
646.978,0.0646536
1399.13,0.139898
673.133,0.0672566
913.275,0.0912217
598.18,0.0594764
1072.54,0.107182
2562.91,0.256053
1723.77,0.172357
1485.1,0.148484
2614.71,0.261106
1362.35,0.136145
1548.84,0.154759
2124.76,0.212198
2672.61,0.267108
1074.35,0.107209
1614.12,0.161376
1248.82,0.124867
1666.8,0.166296
670.661,0.0670625
1048.61,0.104835
4319.54,3.92529
897.379,0.0897343
1163.5,0.116329
1287.28,0.128664
2276.29,0.227022
1246.79,0.124661
2849.85,0.284806
3280.16,0.325915
929.897,0.0929721
1090.24,0.109
7344.97,0.734106
1908.46,0.190712
937.936,0.0937876
1110.14,0.110945
781.103,0.0780843
844.211,0.0844094
3806.84,0.379646
1763.82,0.176237
678.229,0.0678161
2221.12,0.221597
664.383,0.0664296
1616.64,0.161439
2076.38,0.207613
1356.56,0.135635
1627.03,0.16261
956.387,0.0956333
2065.48,0.206375
2156.81,0.213437
1443.05,0.144276
1995.77,0.19937
1277.14,0.127687
952.064,0.0951983
707.513,0.0707483
2115.38,0.211467
1307.01,0.130621
1062.36,0.106188
948.235,0.0948063
18371.2,1.81776
617.826,0.061695
891.26,0.0891213
720.364,0.0720196
808.705,0.080824
921.451,0.0913509
677.491,0.0677302
1396.57,0.139548
817.09,0.0816573
1001.14,0.100099
1359.15,0.135903
1541.33,0.154112
3182.51,0.318195
642.825,0.0642809
1206.72,0.120646
2379.7,0.237647
873.304,0.0873262
683.022,0.068273
796.778,0.0796283
1756.92,0.175651
1286.06,0.128595
1350.05,0.134954
1341.78,0.134091
4116.89,0.411076
6899.41,0.688737
1086.47,0.108585
1756.41,0.17537
864.923,0.0864262
913.591,0.0913487
945.302,0.094527
2497.02,0.249629
1103.09,0.109957
831.892,0.0830925
1885.66,0.188439
3766.78,0.376411
1328.87,0.132257
6029.37,6.29842
8867.59,4.3055
1309.67,0.130947
2556.62,0.255302
1986.56,0.198319
849.435,0.0849324
663.906,0.0663792
1031,0.103063
1326.79,0.13264
650.461,0.0650409
856.556,0.0856325
1086.65,0.10846
1940.82,0.194058
4213.27,0.420965
787.565,0.0787548
3500.51,0.349924
740.733,0.0740598
1417,0.140167
3103.62,0.310093
851.795,0.0836661
3773.87,0.373484
869.79,0.0869331
2004.2,0.200369
1348.35,0.134747
775.488,0.07754
2420.19,0.24089
2570.26,0.256792
1495.84,0.149386
3222.79,0.321995
9714.63,0.966051
855.106,0.0855025
1696.02,0.16955
1324.65,0.132422
1042.57,0.104164
938.725,0.0936177
3968.32,0.39664
3589.72,0.358805
1801.73,0.180072
1889.53,0.188668
2735.06,0.269866
1802.75,0.180075
1175.73,0.117568
830.051,0.0828406
831.294,0.0831051
879.775,0.0879627
1884.75,0.188452
705.995,0.0705814
929.154,0.0929138
836.506,0.083538
1777.41,0.1776
1441.02,0.144047
1703.08,0.17012
881.836,0.0877959
1374.86,0.137262
1311.04,0.130736
2127.28,0.212702
1078.68,0.107863
4050.53,0.404663
2076.35,0.207582
2380.34,0.237882
1042.07,0.104136
1209.81,0.12092
1661.65,0.166089
1296.87,0.129677
3262.44,0.325899
6217.79,0.620892
663.801,0.0663459
1107.61,0.110724
1187.71,0.118722
1299.98,0.129939
1316.63,0.131371
1531.19,0.15308
1109.34,0.110917
948.98,0.094887
1077.03,0.107571
2462.74,0.246128
806.117,0.0805023
1409.74,0.140913
2424.44,0.241988
1228.06,0.122783
1359.29,0.135918
1107.64,0.110727
605.758,0.0605594
914.685,0.0914039
1101.96,0.108131
1772.65,0.177125
993.105,0.0993084
1193.33,0.119264
2411.06,0.239823
1703.21,0.170172
1772.82,0.177239
3925.38,0.392401
2940.15,0.293961
537.876,0.0537727
953.119,0.0953004
853.239,0.0850947
671.236,0.0671177
1213.43,0.121318
1119.19,0.111856
2322.74,0.232239
1157.72,0.115758
1182.51,0.118082
798.814,0.0798305
1633.18,0.163251
1711.34,0.171029
1400.66,0.140008
1221.51,0.122136
860.291,0.0859788
5619.04,0.560557
794.017,0.079348
1204.2,0.120385
1190.39,0.118955
3436.82,0.343303
1066.29,0.106608
2808.34,0.280758
1506.95,0.150677
891.294,0.089089
568.786,0.0568776
1657.04,0.165681
2534.24,0.253351
909.181,0.090911
1631.43,0.163061
865.595,0.0865241
962.646,0.0962622
1185.11,0.118411
1992.77,0.199238
1152.36,0.115206
1851.46,0.184869
885.071,0.0883253
2205.66,0.220518
2927.64,0.292686
2265.88,0.226372
6394.59,0.638853
851.912,0.0851016
946.211,0.0945342
1127.55,0.112389
2726.22,0.272554
1322.06,0.132194
2031.79,0.203132
761.895,0.0761739
2102.9,0.210216
1850.23,0.184974
1201.87,0.120167
921.944,0.0921895
1958.75,0.195746
1244.94,0.124192
1752.02,0.169962
922.944,0.0922774
1088.7,0.108852
1695.74,0.16932
1068.12,0.10674
1136.72,0.113635
1235.89,0.123375
2306.27,0.230537
1726.8,0.17243
942.246,0.0941264
819.671,0.0819308
1942.72,0.194244
479.324,0.0479111
591.073,0.0590525
842.32,0.0842296
1789.18,0.178791
1657.37,0.165604
528.158,0.0528118
1838.13,0.178656
1380.45,0.138043
1086.55,0.108444
1383.03,0.138247
1053.29,0.102909
5645.29,0.563792
1507.76,0.15066
1173.25,0.117288
839.062,0.0838966
1206.62,0.120424
1901.29,0.190066
1298.69,0.129632
881.716,0.0881625
2738.28,0.273657
1418.96,0.141779
1002.57,0.100211
1363.9,0.136167
1541.14,0.154099
2702.86,0.270077
996.353,0.0995702
913.777,0.0913595
882.605,0.0882152
1810.32,0.181018
1058.33,0.105802
748.494,0.0747641
1714.14,0.171126
3426.83,0.34246
1487.16,0.147461
1358.78,0.135841
2793.26,0.279122
1536.31,0.153547
1722.66,0.17225
889.551,0.0889404
1805.64,0.180509
387.358,0.0387221
1129.55,0.112812
919.273,0.0918962
790.662,0.0790633
2994.04,0.299326
868.439,0.0867786
1338.36,0.133711
952.47,0.0951969
1074.25,0.107391
1441.11,0.143955
1087.6,0.108693
2252.35,0.225168
2672.87,0.267209
1279.63,0.12783
1369.28,0.136847
753.095,0.0751658
959.916,0.0959876
1515.71,0.151287
1867.19,0.186656
1675.08,0.167178
1494.72,0.149375
1447.29,0.144654
1717.74,0.17167
901.694,0.0901345
1769.6,0.176911
2055.56,0.205546
1026.73,0.102621
997.411,0.0996995
954.061,0.0953549
9296.89,0.924266
3233.67,0.323147
1033.17,0.103265
1240.41,0.123824
840.784,0.0840019
1296.72,0.12956
741.858,0.0741728
1145.24,0.114514
1592.3,0.159113
1409.03,0.140863
4897.9,0.489274
1251.12,0.125086
3802.68,0.380138
795.485,0.0785173
730.45,0.0730005
3577.27,0.357498
3843.48,0.384209
2533.44,0.253331
787.295,0.0786934
824.582,0.0823876
2263.92,0.226296
365.963,0.0365838
827.988,0.0827422
1048.64,0.104798
1377.91,0.137681
1054.08,0.104743
2141.43,0.214103
1358,0.135676
3077.29,0.307517
2164.79,0.216334
1597.99,0.159762
3417.04,5.56254
830.736,0.0830598
1483.47,0.148092
2331.39,0.233055
543.653,0.054344
2590.52,0.258933
3179.22,0.317815
807.664,0.0807106
891.403,0.0891386
2072.06,0.207152
1411.63,0.141083
854.342,0.08529
1186.63,0.118655
1237.16,0.12362
988.358,0.0988073
2419.11,0.241844
977.983,0.0976736
624.276,0.0624141
957.807,0.0957412
1176.44,0.117569
2621.7,0.262022
774.899,0.0774307
2781.23,0.277983
2033.63,0.203305
932.559,0.0931719
2769.84,0.276826
1915.72,0.19156
1900.96,0.190011
773.922,0.0773874
1762.57,0.175643
1267.58,0.126702
3904.02,0.389937
852.292,0.0852168
969.683,0.096943
649.641,0.064927
1521.43,0.152115
1648.34,0.164786
1817.79,0.181763
960.767,0.0960269
999.914,0.0998771
672.792,0.0672694
1095.22,0.109509
1447.51,0.144727
1221.16,0.122008
1801.46,0.179219
1674.98,0.167437
1235.95,0.123552
1116.79,0.111664
3091.74,0.309035
722.853,0.0722272
1763.91,0.176047
3153.08,0.314356
1657.45,0.165708
771.194,0.0770758
1180.81,0.11804
2029.48,0.202564
1004.58,0.099556
1046.82,0.104641
1415.13,0.141485
905.573,0.090534
16199.2,1.60972
791.163,0.0790967
906.934,0.0906791
668.924,0.0659016
1367.46,0.13654
713.989,0.0713803
899.17,0.089857
2095.6,0.209368
1724.16,0.172405
6778.21,0.676769
949.091,0.094903
2585.39,0.258504
1078.35,0.107741
17078.6,1.70022
921.812,0.0920064
1652.88,0.165064
1123.63,0.112337
1517.11,0.151679
1049.41,0.104936
871.209,0.0868544
745.578,0.0744756
1863.55,0.186287
2197.46,0.219614
733.781,0.0733601
767.48,0.0767384
1116.09,0.111531
975.378,0.0975185
1865.89,0.18561
676.038,0.0675967
1557.55,0.155732
3196.16,0.319534
1822.07,0.181884
770.731,0.0770518
690.418,0.0690121
3635.51,0.363408
1271.52,0.127131
4147.95,0.414397
1053.29,0.105201
1524.37,0.152058
3015.92,0.301399
985.244,0.098439
15305.4,1.52405
878.195,0.0877586
2334.29,0.232372
3441.27,0.344017
2013.2,0.201217
1106.59,0.110607
1083.55,0.108121
1689.34,0.168817
1062.41,0.106153
909.748,0.0908672
1134.64,0.112991
1043.26,0.104316
1385.89,0.138516
1261.37,0.125975
2235.32,0.223335
487.274,0.0486939
876.855,0.0876767
657.807,0.0657251
978.126,0.0977584
893.346,0.0892711
2905.01,0.289949
6313.32,0.63069
2564.93,0.25634
572.788,0.0572661
1934.16,0.193318
3273.54,0.326811
1598.72,0.159628
1311.99,0.131162
901.727,0.0900926
964.28,0.0963604
3185.92,0.318475
3791.75,0.379074
923.122,0.0923086
1237.76,0.123768
1533.71,0.153314
1014.08,0.101369
1208.68,0.120853
1873.03,0.187259
875.533,0.0875177
3761.19,0.376002
1360.73,0.136063
15813.6,1.57484
1124.58,0.112426
1749.1,0.17484
1333.34,0.128136
562.125,0.0562074
1573.72,0.157327
938.251,0.0938043
596.862,0.0596835
1030.53,0.10298
1376.44,0.137347
1560.24,0.15576
907.267,0.0907081
1644.96,0.164206
1714.76,0.171446
741.765,0.0741724
844.456,0.0844325
1403.66,0.140128
1387.94,0.138389
846.281,0.08459
793.397,0.0792053
2071.04,0.206997
8583.64,0.857442
874.75,0.0874555
1142.65,0.114127
1805.99,0.180509
2402.03,0.239598
952.397,0.0949724
2754.97,0.275268
890.657,0.0890466
967.509,0.0965376
944.892,0.0944749
1004.74,0.100461
1353.13,0.135257
911.283,0.0904736
726.464,0.0726416
1079.11,0.107863
1161.78,0.116165
1795.72,0.179548
825.044,0.0822539
2535.86,0.252934
564.017,0.0563866
1168.79,0.116835
1379.31,0.137879
1733.01,0.173206
5405.71,0.540189
1373.2,0.137284
752.207,0.0752089
1081.26,0.108049
1331.08,0.133096
1062.84,0.10627
1717.36,0.171677
1353.57,0.135342
1032.38,0.103203
3693.5,0.36817
1231.45,0.123132
636.065,0.0636
1629.94,0.162934
941.722,0.0941697
871.15,0.087107
1406.54,0.14064
587.872,0.0587746
1294.89,0.129484
1502.45,0.150202
1288.61,0.128751
588.234,0.0588221
2951.65,0.295073
2214.94,0.220637
3938.72,0.360683
683.243,0.0683148
988.962,0.0988695
2166.74,0.216594
1532.26,0.153207
410.876,0.0410873
4976.31,0.496648
1053.81,0.105341
2161.33,0.216075
777.522,0.0777509
1931.42,0.194184
793.3,0.0793207
458.28,0.045809
1384.3,0.138382
3294.67,0.329293
1165.04,0.116464
469.761,0.0469752
1138.54,0.11376
1712.28,0.171157
1247.3,0.124665
1005.36,0.100477
1359.67,0.135895
1043.44,0.099748
1064.81,0.106375
1616.81,0.15872
3913.55,0.391198
1394.99,0.139282
918.525,0.0917182
1169.17,0.116898
1210.24,0.119992
1401.8,0.139696
801.989,0.0801791
1296.81,0.129617
1331.16,0.13304
2055.78,0.205448
1348.6,0.134809
1313.7,0.131361
1811.04,0.180937
1835,0.18344
1093.97,0.109395
1789.5,0.178867
1037.94,0.103779
713.203,0.0713128
810.962,0.0809145
912.71,0.0912026
1073.55,0.107039
638.466,0.0638354
1369.81,0.136911
897.754,0.089585
7793.56,0.778838
2135.22,0.213513
1069.85,0.106967
814.465,0.0814318
1171.13,0.117086
673.383,0.067186
1505.36,0.150521
1340.99,0.13374
940.774,0.0940081
1207.69,0.12073
930.806,0.0930014
549.63,0.0549566
1794.14,0.179304
1465.95,0.146565
1168.57,0.1168
1312.17,0.131175
3008,0.300469
2062.94,0.20625
748.077,0.0748018
688.644,0.0688239
1582.61,0.158024
1137.52,0.113642
1391.45,0.139127
1889.5,0.18872
1064.68,0.106452
5399.39,0.53931
901.898,0.0901344
967.338,0.096724
6887.79,0.687542
1410.48,0.141025
2481.77,0.248037
778.121,0.0777713
1035.31,0.102246
1324.79,0.131334
968.318,0.0967844
913.908,0.0907356
644.936,0.0643817
2017.03,0.201607
1719.93,0.171845
1173.88,0.117356
10552.6,1.05132
801.285,0.0795614
1102.48,0.110027
2437.67,0.24332
1174.35,0.117339
977.561,0.0976792
1644.81,0.164228
876.957,0.0876607
7095.13,0.708113
1242.78,0.124186
1318.86,0.131753
1439.19,0.143732
1138.65,0.113832
686.282,0.0686187
1966.73,0.196403
1998.21,0.199642
1767.37,0.17646
915.219,0.0915098
2642.65,0.263942
994.713,0.0994536
619.337,0.0619099
1094.56,0.109413
1169.82,0.116979
1273.79,0.127192
2151.57,0.215142
3577.14,0.357472
1008.64,0.100778
1024.89,0.102455
1601.61,0.16015
1959.68,0.195827
1610.03,0.160972
980.438,0.0980356
1265.04,0.12646
1232.62,0.123046
1644.45,0.16433
1104.54,0.110326
1948.79,0.194716
955.162,0.0954232
1892.66,0.189213
1437.42,0.143731
1123.02,0.112223
1330.73,0.132944
1023.86,0.102372
972.386,0.0972224
1295.9,0.129271
1289.12,0.128901
1667.65,0.166692
2209.98,0.220745
1329.93,0.132811
648.374,0.0648294
1004.97,0.100439
788.616,0.0788055
996.791,0.0996674
2152.91,0.211977
819.179,0.081864
883.744,0.0883082
4069.83,0.406254
2504.7,0.250358
749.259,0.0744875
1032.64,0.103223
2061.71,0.206088
1937.37,0.19367
1647.73,0.164727
837.189,0.0835813
2066.86,0.206548
1303.7,0.13034
1071.76,0.10717
2116.75,0.211452
956.74,0.0956426
1716.45,0.171578
780.6,0.0780544
1092.71,0.109263
1134.93,0.113476
1896.99,0.189231
1887.84,0.1886
493.127,0.0493017
1229.97,0.122988
1092.21,0.109197
1721.74,0.172024
777.601,0.0777584
1207.17,0.120642
834.133,0.083362
1244.8,0.124445
1554.35,0.155351
833.721,0.0832983
2012.27,0.20113
1118.19,0.111817
1100.16,0.10914
1247.35,0.12466
2260.89,0.226003
1753.36,0.174435
2009.78,0.200922
830.079,0.0829792
2920.56,0.291845
1288.87,0.100877
1508.91,0.150833
2200.08,0.219957
2698.67,0.269801
746.906,0.0746839
682.558,0.0682515
1907.36,0.190481
1192.21,0.118627
948.691,0.0948547
632.625,0.0632219
790.982,0.0790436
1464.34,0.146411
833.648,0.0833477
1096.36,0.109593
12293.1,1.21702
3305.5,0.330521
1089.23,0.108919
674.58,0.0673956
2055.48,0.206384
826.948,0.0826849
860.57,0.0859325
1096.63,0.109653
1446.14,0.144582
851.168,0.0850834
1790.8,0.179034
817.5,0.0817407
645.663,0.0645466
694.987,0.0694981
633.877,0.0633859
1691.51,0.168973
1704.84,0.17044
1516.98,0.151656
2087.25,0.208191
2641.88,0.264129
869.457,0.086927
1410.67,0.14081
2324.6,0.232249
3718.74,0.371639
1272.58,0.127157
832.63,0.0831321
1033.44,0.102737
1106.8,0.110667
1641.9,0.163984
547.787,0.0547438
1171.84,0.11703
839.296,0.0839274
2296.91,0.229461
1319.26,0.131563
978.944,0.0978927
1848.47,0.184834
1201.06,0.120086
3804.99,0.379911
2142.29,0.214133
931.957,0.0931721
1482.13,0.148165
7860.09,0.780607
1640.5,0.164038
2349.42,0.234812
3645.73,0.363431
1193.09,0.119294
1196.95,0.119624
938.634,0.0938499
1497.37,0.149685
979.866,0.0979728
4000.46,0.398248
717.556,0.0717396
801.924,0.0801522
6125.98,0.611151
693.274,0.0692757
735.058,0.0734862
1762.13,0.176029
1638,0.163748
1454.32,0.145404
2312.34,0.231203
895.246,0.0894972
675.389,0.0675366
1351.11,0.135074
1083.54,0.108336
1038.59,0.103842
1060.02,0.105903
858.087,0.0857608
1716.84,0.171668
1308.41,0.130596
1551.26,0.155112
622.287,0.0621746
5723.59,4.64431
438.416,0.043806
2100,0.209777
1382.16,0.138143
1884.5,0.188435
1588.14,0.158734
1055.09,0.104817
1503.92,0.150234
2384.24,0.238255
1789.98,0.178894
803.127,0.0802407
879.617,0.087934
1422.58,0.14207
1568.94,0.156647
2615.76,0.261431
938.852,0.093788
783.373,0.0783284
2438.77,0.243824
780.07,0.0779871
719.931,0.071915
4129.59,0.228587
869.874,0.0869639
2272.14,0.227183
1097.89,0.109779
2010.2,0.200887
1118.07,0.111794
2948.45,0.29456
1463.39,0.146281
4245.54,0.423687
1629.43,0.162228
2128.1,0.21238
1513.87,0.15137
1702.43,0.170167
1463.01,0.146269
1966.52,0.196596
769.831,0.0769606
1960.01,0.195925
2324.58,0.232427
3684.85,0.367743
1497.45,0.14969
5345.73,0.534402
764.659,0.0764412
783.922,0.0783765
875.529,0.0874771
527.361,0.0527247
1664.94,0.166335
846.902,0.0846197
3527.17,0.352347
1353.74,0.135054
1027.89,0.102714
1402.74,0.140261
1544.05,0.154383
1226.24,0.122542
926.998,0.0926524
1235.56,0.123408
1421.25,0.142105
2237.66,0.223525
878.05,0.0871477
1320.03,0.131608
1250.09,0.124789
1420.36,0.142027
738.919,0.0738433
1275.89,0.127574
1193.53,0.119344
1108.89,0.110596
1295.49,0.129251
1462.78,0.146185
1520.96,0.151555
1903.11,0.189889
1339.94,0.133959
738.713,0.0738379
972.574,0.0972514
985.566,0.0985376
2231.51,0.222706
919.085,0.0919064
1176.8,0.117632
1214.38,0.120378
990.552,0.0989953
1780.57,0.177922
2776.23,0.277376
1763.57,0.176305
2770.15,0.276879
1326.37,0.132573
618.346,0.0618174
741.397,0.0737897
900.998,0.0900923
1897.26,0.18969
834.609,0.0834306
1622.76,0.162255
1025.92,0.102571
15363.9,2.25492
1277.05,0.127644
3927.89,0.392575
705.527,0.0705243
594.851,0.0594815
1860.99,0.18609
1312.89,0.131266
790.258,0.0790209
1050.23,0.104966
937.466,0.0937275
4043.66,0.403955
3867.13,0.38655
679.898,0.0679853
2765.63,0.276384
1237.4,0.123682
2017.63,0.201696
1991.39,0.199067
1069.26,0.10679
3553.14,0.354722
931.697,0.0931451
1665.42,0.166466
1383.4,0.138214
2635.44,0.263522
1105.16,0.110402
1441.78,0.144126
1566.05,0.15646
933.711,0.0933411
796.755,0.0795399
1080.15,0.107887
1927.88,0.192767
1632.72,0.16325
13131.5,1.31104
1287.1,0.128633
1367.92,0.136778
2072.61,0.207228
1159.49,0.115862
2122.36,0.212012
1770.69,0.177059
692.815,0.0692724
1842.54,0.184173
2506.31,0.248879
1274.32,0.127406
1269.88,0.126871
1025.47,0.102541
1182.29,0.11634
918.516,0.0916772
2051.88,0.205055
1728.2,0.172776
1958.72,0.195838
1306.89,0.130607
1839.02,0.183845
1125.49,0.112543
672.934,0.0671702
3196.86,0.319583
684.703,0.0684429
2490.36,0.248886
1958.5,0.195839
3068,0.306419
2632.83,0.263229
967.286,0.0966959
1029.41,0.102931
1595.27,0.159415
756.423,0.0756084
4815.26,0.481333
928.238,0.0928026
1503.51,0.149018
1279.35,0.127861
898.972,0.0898443
1947.41,0.194046
1690.46,0.168802
781.444,0.0781405
1091.07,0.108908
729.87,0.0729832
3975.87,0.39752
1009.6,0.100951
729.922,0.0729775
2045.41,0.204427
889.255,0.0888551
1195.45,0.119539
1076.86,0.107635
1715.49,0.171238
1601.02,0.160098
2287.02,0.228638
2620.47,0.261576
826.03,0.082594
1600.22,0.159799
1198.79,0.11984
1714.32,0.171396
14786.9,1.46553
1589.36,0.158909
729.432,0.0729344
826.549,0.0825964
1126.97,0.113473
2127.03,0.212678
1074.19,0.107413
1466.44,0.146621
952.554,0.0952204
1313.04,0.131297
2207.16,0.220686
6343.74,0.633537
500.85,0.0500384
1608.9,0.160838
1344.66,0.134418
2674.2,0.267097
1125.37,0.112505
2863.71,0.286287
1296.45,0.129513
2884.89,0.28834
914.204,0.0914135
879.925,0.0879424
1241.96,0.124182
838.276,0.0838145
887.217,0.0886639
1254.41,0.125319
918.723,0.0916096
1876.93,0.187632
1188.6,0.1188
1720.6,0.172021
780.377,0.0777
1413.11,0.141308
1665.58,0.166535
542.906,0.0542384
1307.43,0.130665
707.547,0.0706735
2129.29,0.21292
1016.88,0.101624
1025.19,0.102506
985.024,0.0983957
1553.93,0.154643
1192.99,0.119281
2126.61,0.212593
1880.79,0.186788
1084.98,0.108436
2521.2,0.251928
962.869,0.0962826
1281.98,0.128068
1164.3,0.116386
813.06,0.0812845
630.941,0.0630782
1493.83,0.14901
2473.9,0.247351
1269.02,0.126881
1197.11,0.119691
929.729,0.0929305
857.958,0.0857835
1238.36,0.123785
677.516,0.0677478
1591.09,0.158985
749.032,0.0748534
880.537,0.0880488
942.131,0.0941261
1591.83,0.159114
840.65,0.0840121
542.755,0.0542474
980.809,0.0979726
2078.18,0.207564
5629.66,0.562738
2109.64,0.210874
692.991,0.0691472
2090.32,0.209007
1444.71,0.144388
1249.3,0.124678
983.1,0.0983016
6512.1,0.649291
650.845,0.0649908
1562.84,0.15614
618.616,0.0617349
4640.2,5.69778
1371.82,0.13715
1224.9,0.12248
2323.33,0.287701
799.178,0.0798875
1183.25,0.11815
2610.98,0.260821
2140.95,0.214011
487.007,0.0486999
2161.94,0.216153
861.807,0.0861622
721.697,0.0721485
590.091,0.0588541
1306.82,0.130438
3482.41,0.348024
1307.11,0.130706
1567.4,0.156585
3233.06,0.248271
935.525,0.0934546
1057.35,0.10569
3902.58,0.389677
1601.35,0.160119
1398.54,0.139763
1639.21,0.163902
824.825,0.0808907
1290.96,0.129073
1313.36,0.131324
826.022,0.0825943
19822.4,1.97555
2346.43,0.234531
815.464,0.0815261
2586.73,0.25863
852.578,0.0852413
934.695,0.0934493
1846.41,0.184587
1440.27,0.143971
3187.95,0.316576
999.164,0.0998611
1384,0.138196
1431.3,0.143066
1504.65,0.150401
829.045,0.0828956
1023.23,0.102246
1720.34,0.172027
1145.03,0.114467
1190.24,0.118562
1209.28,0.120897
1710.57,0.171047
997.432,0.0997177
1269.94,0.126933
1211.96,0.121148
1233.47,0.123278
1933.56,0.193347
2214.17,0.221308
757.943,0.0757905
3183.21,0.31824
955.089,0.0955002
2301.07,0.229777
1080.36,0.108022
1260.39,0.125931
2024.91,0.202479
791.634,0.0776804
1073.86,0.107308
1401.7,0.140077
975.345,0.0974878
2910.31,0.290995
1655.6,0.164334
881.043,0.0880182
962.106,0.0961694
1112.66,0.11121
1743.92,0.174344
1606.51,0.160492
2019.31,0.201555
1448.85,0.144791
1747.89,0.174718
1477.05,0.147692
2240,0.223928
1481.35,0.14811
1134.73,0.11347
716.052,0.0715744
2007.8,0.200675
2086.44,0.208529
1441.16,0.144083
765.014,0.0763855
1230.83,0.123041
1142.41,0.114175
894.369,0.0894068
1104.01,0.110319
760.691,0.0759669
968.123,0.0967973
1155.76,0.115542
3493.19,0.349204
3272.61,0.327234
1131.03,0.112921
1688.97,0.168837
1809.8,0.180785
1149.68,0.114965
948.611,0.0948508
4979.69,0.497694
682.026,0.0679396
925.38,0.0925323
1259.73,0.125921
12421.4,1.24032
893.582,0.0893552
1505.62,0.150543
1156.62,0.115589
707.785,0.0707661
614.332,0.0614143
2335.38,0.233519
6283.38,0.627699
1165.97,0.116574
979.046,0.0978818
2930.61,0.292857
707.962,0.0707778
1200.48,0.119963
1644.05,0.164292
510.019,0.0509582
1130.81,0.113062
3053.78,0.305178
666.593,0.0666204
4113.98,1.96424
1286.34,0.128614
1331.56,0.133093
3208.99,0.320674
1255.59,0.125528
1359.01,0.135802
11918,1.18882
851.248,0.0850908
2067.2,0.206653
652.462,0.0652192
1460.85,0.145881
2326.67,0.231998
1460.78,0.146043
1058.05,0.105743
1530.7,0.152959
1590.04,0.158955
1377.86,0.137768
1352.67,0.134938
772.377,0.0772083
791.4,0.0787425
2126.5,0.21223
792.637,0.0792474
815.797,0.0815362
1591.52,0.15914
1744.77,0.174455
836.977,0.0835228
1669.91,0.166881
770.571,0.0770503
3164.52,0.3163
775.211,0.0774704
1819.28,0.181915
1175.41,0.117526
1857.65,0.185636
1087.7,0.10876
1637.29,0.163687
1591.19,0.159082
828.553,0.0828013
4240.57,0.423831
1588.07,0.158445
9612.2,0.957667
835.837,0.0835491
960.526,0.096048
2222.34,0.222027
2201.21,0.220095
1417.97,0.14179
1094.1,0.109409
1315.04,0.13148
5946.8,0.593932
2498.98,0.249655
1573.61,0.15663
1134.05,0.113224
759.688,0.0759381
585.455,0.0585333
1038.75,0.103852
2202.27,0.22018
4349.22,0.434853
1284.75,0.128467
889.532,0.0889501
1278.81,0.127709
678.688,0.0678625
650.072,0.0649506
1785.5,0.17852
1113.57,0.111346
1132.02,0.113159
889.227,0.0887747
686.704,0.0686689
794.886,0.0794868
2911.84,0.291095
1213.17,0.121307
873.678,0.0873217
905.984,0.0905432
974.823,0.0974679
2343.67,0.234248
866.956,0.0866705
1602.08,0.160134
1781.31,0.178004
839.045,0.083235
1608.49,0.160829
3159.06,0.315734
1088.18,0.108797
3457.03,0.345596
1055.3,0.10545
3622.43,0.361958
1260,0.125909
864.911,0.0864651
1212.67,0.121067
6969.06,3.87623
2279.53,0.227793
1532.18,0.154033
1124.93,0.112482
2203.87,0.220263
884.539,0.08844
862.003,0.0861751
899.636,0.0899508
4361.24,0.435515
1034.19,0.103399
2947.55,0.293527
1092.58,0.109241
897.199,0.0895813
1472.77,0.147219
5286.3,0.527888
717.258,0.0715849
1235.96,0.123521
728.862,0.0728583
1416.9,0.141661
2077.33,0.207683
2327.13,0.232685
3044.24,0.30315
1274.93,0.127462
936.478,0.0936067
2028.5,0.202728
1247.87,0.124703
794.087,0.0793756
1070.97,0.106845
813.923,0.081375
724.13,0.0723125
887.826,0.0886912
1991.57,0.198842
1837.28,0.183665
1286.13,0.128582
2016.8,0.201558
1377.83,0.137746
639.878,0.0638843
2103.94,0.210288
1213.81,0.120913
1771.8,0.177175
987.425,0.0986497
716.595,0.0715747
736.541,0.073651
3116.05,0.31045
1915.94,0.191565
1275.99,0.12756
770.012,0.07698
1392.64,0.139042
552.814,0.0552694
2858.98,0.28585
2371.75,0.237135
1047.45,0.104737
1739.8,0.1738
2601.12,0.259963
962.497,0.0961936
6548.93,0.653401
1299.85,0.129823
525.257,0.0525084
731.124,0.073108
1918.9,0.191135
1842.51,0.18389
1284.19,0.128067
1083.57,0.108325
805.422,0.0804499
2400.87,0.240008
755.824,0.0755703
1462.98,0.146268
1173.42,0.117334
9530.04,0.951784
1264.22,0.126025
911.613,0.0911008
1036.97,0.102954
2221.06,0.221528
699.682,0.0699612
1624.83,0.162462
779.2,0.0778593
866.798,0.0866565
1104.46,0.110188
962.179,0.0961936
695.24,0.0692408
1285.6,0.128454
623.499,0.0622528
1286.46,0.128625
1812.94,0.180946
4984.17,0.498362
957.451,0.0957301
713.267,0.0713055
1237.53,0.123742
479.294,0.0473255
1356.94,0.135669
4106.36,0.410337
1171.78,0.117082
1291.58,0.129153
1013.63,0.101233
761.905,0.0761032
1276.95,0.127328
1327.11,0.132673
1427.28,0.142199
966.921,0.0966362
1164.66,0.116062
1061.68,0.106102
2289.87,0.22887
869.419,0.0868197
1745.08,0.174411
629.899,0.0629399
1102.46,0.110189
1162.76,0.116244
785.119,0.0784304
1427.66,0.142474
1480.39,0.147762
1991.7,0.197385
754.843,0.0754283
1096.19,0.109523
701.028,0.0700851
1023.27,0.0997232
856.097,0.0855835
1763.15,0.176272
1544.47,0.154442
838.754,0.0838686
1434.79,0.143382
830.285,0.0830053
752.228,0.0752101
1901.69,0.190151
1377.91,0.13778
540.144,0.0537024
616.055,0.0615683
1691.29,0.169119
2612.22,0.261191
1044.4,0.104432
694.815,0.0694759
1496.2,0.149415
1778.7,0.177846
862.76,0.0861775
16683.1,1.66048
881.356,0.0881165
987.975,0.0987334
1016.59,0.101619
3290.6,0.328636
709.309,0.0709158
1274.49,0.12744
1157.59,0.115591
1806.69,0.180375
1198.33,0.119818
714.693,0.0714616
1006.05,0.100579
1736.49,0.173482
1000.59,0.100045
1019.38,0.101909
896.809,0.0896705
2211.51,0.220736
2119.51,0.21177
3437.55,0.343678
931.763,0.0928762
2747.72,0.274468
5400.87,0.539687
1239.13,0.123891
945.065,0.0944894
1162.76,0.116226
838.464,0.0837212
1373.89,0.137307
1177.71,0.117695
1081.9,0.108182
2165.2,0.216478
951.369,0.0950474
657.952,0.0657707
2054.65,0.205391
1300.68,0.129951
785.395,0.0785241
1055.74,0.105454
5356.19,4.28541
1025.5,0.102485
1280.71,0.12785
987.694,0.0987502
1008.6,0.10078
2297.56,0.229639
1001.93,0.100163
15648.2,1.56197
1468.82,0.146817
947.133,0.0946939
3019.09,0.290071
564.435,0.0564365
718.741,0.0718648
703.306,0.0702967
933.276,0.0932757
1727.23,0.172525
727.432,0.0724965
880.535,0.0879589
1181.98,0.118152
1085.3,0.108409
704.571,0.0704507
1380.07,0.137922
1284.65,0.128413
1537.93,0.153785
881.428,0.0881236
17663.6,1.7569
953.827,0.0951903
3365.07,0.336436
836.092,0.0835821
1662.98,0.166238
1065.76,0.106565
972.008,0.0996693
526.179,0.0525925
2545.89,0.254303
913.773,0.0913514
2896.42,0.28906
1386.53,0.13832
1009.75,0.100946
3427.53,0.342518
1447.24,0.144659
781.004,0.0780433
2107.64,0.210542
1865.08,0.186389
971.692,0.0970812
791.935,0.0791847
1601.23,0.160006
786.626,0.078658
2144.99,0.214388
1656.67,0.165635
1494.21,0.149277
912.469,0.0912102
1331.82,0.133173
1183.08,0.118247
1112.23,0.111066
2416.62,0.241602
1060.49,0.105866
3038.19,0.303746
803.891,0.0803726
2856.53,0.285556
1276.24,0.127259
965.298,0.0964708
2455.45,0.245006
1338.48,0.133819
1288.19,0.128772
2351.05,0.235042
3025.28,0.302505
2129.41,0.2129
1083.04,0.108206
1288.49,0.128815
1038.55,0.103845
940.704,0.0939461
1068.59,0.106727
802.588,0.0802227
1348.57,0.134839
3787.13,0.378668
6632.42,0.662344
1009.33,0.100818
2588.32,0.258811
2042.77,0.204184
2814.68,0.280949
1754.04,0.175382
2275.2,0.227501
1076.08,0.107552
1945.38,0.194265
886.352,0.0886282
3578.62,0.357307
34311.5,3.42138
981.564,0.0981227
2867.34,0.286185
957.425,0.0957011
1046.96,0.104574
1393.18,0.13913
1146.73,0.114657
1523.39,0.152325
2582.93,0.258105
890.845,0.0890533
15955.6,3.19389
1431.35,0.142988
2989.95,0.298873
1941.05,0.19409
853.216,0.08532
881.924,0.0880999
2228.73,0.222854
819.332,0.0819262
848.626,0.0848455
958.595,0.0958557
1085.12,0.10826
2640.98,0.263866
3151.17,0.315082
1996.54,0.198066
1350.46,0.135039
766.633,0.0766623
763.112,0.0762619
1122.15,0.112205
2761.51,0.275788
1074.76,0.107448
825.708,0.0825675
2261.05,0.225721
1264.91,0.126343
16264.3,1.61923
1303.9,0.129449
1034.93,0.103489
1317.94,0.131792
736.967,0.0736866
1056.44,0.105454
960.915,0.0960337
852.651,0.0852484
1149.38,0.114849
1811.89,0.180954
1739.79,0.173962
860.746,0.0860281
1593.75,0.159364
973.661,0.0972479
1254.86,0.125232
730.271,0.0730252
1109.39,0.110929
1364.84,0.136017
1413.56,0.141303
1060.81,0.106072
1033.58,0.103354
2373.42,0.237242
1712.19,0.171159
860.392,0.0860269
1078.57,0.107823
1037.67,0.10301
1149.35,0.114829
2026.9,0.20261
1170.72,0.117057
2928.68,0.292751
1378.82,0.137837
1593.53,0.159281
1077.33,0.107676
1609.58,0.160872
21691.3,2.16155
1389.19,0.138701
876.76,0.087564
1106.18,0.110609
1016.84,0.101673
1183.74,0.118249
1423.18,0.142302
1004.26,0.100247
2100.68,0.210004
1042.39,0.104226
668.295,0.0667873
6695.35,0.669102
1197.26,0.119709
1506.71,0.150523
709.931,0.0709316
831.595,0.083105
1341.31,0.134119
998.417,0.0998111
858.629,0.0858011
1481.87,0.148184
832.775,0.0832604
1416.76,0.14155
1192.91,0.11925
845.319,0.0845189
3453.78,0.345236
898.204,0.0897889
609.441,0.0609271
787.164,0.0787105
5141.91,0.513504
2188.4,0.218473
1053.83,0.10537
27027.1,2.69528
651.122,0.0651098
1188.68,0.118851
1538.22,0.1538
771.171,0.0771017
3068.82,0.306108
1069.9,0.106972
1550.11,0.154906
2289.79,0.228836
875.783,0.0874411
5775.88,0.577191
951.601,0.0951422
1053.1,0.105279
958.375,0.0958099
872.288,0.0871634
1115.21,0.111508
1615.36,0.161471
2495.25,0.249355
1671.96,0.167144
2615.92,0.261157
3509.65,0.350852
1107.69,0.110524
504.839,0.0501142
1941.83,0.194139
1389.87,0.137753
1382.9,0.138254
1095.78,0.109561
12780.7,1.27333
951.419,0.0951091
1844.04,0.184371
1671.27,0.16711
1515.91,0.151523
648.487,0.0648463
915.14,0.0914718
1417.73,0.141677
6941.36,0.693388
921.463,0.092133
1763.93,0.175803
2641.07,0.26368
692.425,0.0691838
828.747,0.0828526
721.413,0.0721057
2926.48,0.292554
3627.63,1.75108
868.801,0.0868634
1044.02,0.104391
920.516,0.0920458
1575.75,0.157461
1592.41,0.159234
1481.92,0.148104
961.765,0.0961348
870.862,0.0866721
1613.82,0.161364
882.103,0.0881591
2250.08,0.224927
1428.28,0.142784
1086.52,0.108398
4256.98,0.425364
1575.5,0.157019
2017.13,0.201686
1210.65,0.12088
1007.67,0.100724
1716.11,0.171552
560.909,0.0559635
957.224,0.0957151
1175.9,0.117523
1095.73,0.109537
1426.51,0.141482
3149.81,0.314622
2145.73,0.21432
502.142,0.0501984
972.585,0.0968132
877.77,0.0877671
1674.83,0.167039
1050.9,0.104971
2294.77,0.229293
830.214,0.0830192
2125.51,0.212494
2545.01,0.25445
9815.1,0.979993
753.108,0.0751959
1533.06,0.153303
1584.37,0.158407
875.82,0.0874467
1092.47,0.108951
2194.2,0.219063
751.602,0.0751305
841.077,0.0840623
1053.68,0.104991
858.107,0.0858066
1849.42,0.184906
1841.02,0.18378
1045.37,0.104457
1911.96,0.191139
23677.6,2.35741
1481.89,0.147857
2380.33,0.237487
1677.04,0.167685
2454.83,0.244095
1492.57,0.149101
852.345,0.0852272
1473.04,0.147202
13352.2,1.33198
6451.49,0.644196
2159.25,0.215108
4067.07,0.406077
1512.49,0.150824
1664.67,0.166354
2591.28,0.258978
1532.2,0.153168
877.523,0.0877444
1338.91,0.133849
1325.13,0.13244
1527.66,0.15268
1487.51,0.148743
1593.95,0.159274
1510.56,0.151032
940.08,0.0940021
727.198,0.0727177
827.572,0.082618
1447.5,0.14474
2305.41,0.230432
1320.98,0.132004
1190.56,0.11901
1986.06,0.19833
1773.51,0.177344
1368.76,0.136781
1233.81,0.123374
1426.5,0.142522
1433.47,0.143123
1184.78,0.117952
2581.82,0.258163
882.344,0.0882318
1791.04,0.178983
775.296,0.0775258
4092.46,0.408927
1709.79,0.170792
832.195,0.083138
849.643,0.0849144
2017.78,0.201328
1455.79,0.145549
1379.91,0.137949
1744.3,0.17441
1254.41,0.125421
2278.49,0.227224
1485.86,0.14857
791.073,0.0790502
1524.58,0.152349
1630.21,0.163011
2057.91,0.205521
985.923,0.0984522
901.797,0.0901626
1149.88,0.114951
1030.52,0.102953
875.931,0.0875235
2768.34,0.276783
2266.33,0.226531
997.124,0.099703
1247.09,0.124531
716.946,0.0716869
2856.68,0.285632
1595.61,0.15941
1773.88,0.177196
957.201,0.0956444
1677,0.167397
1431.64,0.14316
1096.64,0.10966
1027.58,0.101882
2767.19,0.276621
2134.99,0.213453
1080.64,0.10806
1109.43,0.110623
927.426,0.0926859
961.03,0.096042
864.865,0.0864704
1241.39,0.124006
1194.35,0.118841
857.487,0.0857114
1300.29,0.130004
979.775,0.0979702
1472.71,0.146742
1828.48,0.182793
649.432,0.0649185
4103.15,0.407684
1488.85,0.148755
1334.99,0.133493
2805.43,0.280314
2957.41,0.295686
1794.91,0.179428
721.632,0.0721335
1155.93,0.115586
1299.66,0.129907
1764.19,0.175941
1649.03,0.164864
965.284,0.0963474
2511.25,0.251068
2525.81,0.252442
911.187,0.0909959
1691.46,0.169104
1936.3,0.193617
720.6,0.072011
2170.67,0.216981
689.382,0.0688898
772.265,0.0772141
971.861,0.0971404
2242.38,0.224188
1073.32,0.107314
681.458,0.0681264
2099.17,0.209887
659.977,0.0659885
2616.97,0.261537
717.21,0.0717067
3292.46,0.329225
1355.5,0.135489
2978.69,0.297307
946.975,0.0946689
773.816,0.0773487
1901.34,0.190112
781.573,0.0781545
583.64,0.0582937
808.454,0.080689
1006.93,0.100682
907.352,0.0906529
915.605,0.0915029
2129.56,0.212796
2025.09,0.202469
854.673,0.0852684
1019.37,0.101888
1507.57,0.150554
1256.05,0.125241
1368.32,0.136803
722.767,0.0722545
1329.5,0.13292
740.998,0.0739417
3799.72,0.379654
745.51,0.0744711
2333.28,0.233282
1492.45,0.149221
818.169,0.0817776
659.34,0.0654938
1914.61,0.191378
822.152,0.0822085
1515.03,0.151461
1532.34,0.15317
2820.16,0.281718
948.269,0.0948199
2774.58,0.277131
1544.8,0.154034
1405.52,0.140494
680.599,0.0680575
20678.1,3.46651
1044.53,0.104438
807.907,0.0807709
1669.61,0.166945
932.343,0.0931032
1708.02,0.170754
1132.52,0.1132
1016.14,0.101545
3223.68,0.322194
1017.32,0.101729
869.722,0.0869586
7096.5,0.707371
634.376,0.0634278
2516.03,0.251483
784.697,0.0784652
991.283,0.0990976
1203.75,0.1202
750.442,0.0750125
1048.65,0.104851
909.796,0.0909265
1551.95,0.154644
822.305,0.0822001
1269.59,0.126908
2944.58,0.293417
1129.84,0.112964
1362.67,0.136253
1898.44,0.189819
816.052,0.0815962
783.773,0.0783105
2527.87,0.25264
3909.61,0.390632
1285.35,0.128425
1326.57,0.132534
974.843,0.096649
841.555,0.0841531
6489.25,0.64737
682.671,0.0682474
1282.05,0.128178
2199.74,0.219632
1836.67,0.1836
1140.68,0.114036
1178.9,0.117679
1754.93,0.175133
2552.84,0.255214
1226.15,0.122579
1429.84,0.14296
812.574,0.0811326
843.918,0.0843798
1586.25,0.158597
999.395,0.0997276
827.775,0.0827703
1562.6,0.156249
1304.47,0.130407
1015.15,0.101422
1743.19,0.174282
505.593,0.0504952
1950.7,0.19499
4372.04,0.437131
764.499,0.076446
2573.34,0.257111
1171.85,0.117173
1993.29,0.199239
859.447,0.0858343
1224.31,0.122365
1048.54,0.104796
2360.6,0.235781
1665.43,0.166503
1277.18,0.12746
680.711,0.0680635
1261.26,0.12611
1161.94,0.116177
2225.24,0.222463
955.687,0.0955616
1103.66,0.110361
832.096,0.0829917
2060.69,0.205309
3248.33,0.324713
1307.96,0.130737
1120.4,0.111758
1712.37,0.171177
1256.29,0.125622
831.635,0.0831511
855.823,0.0854227
3286.04,0.328306
774.32,0.077426
1344.74,0.134458
841.033,0.0840043
693.199,0.0693082
3367,0.336626
1050.62,0.10502
3013.82,0.301118
1378.03,0.137729
867.177,0.0866978
2199.43,0.219526
768.701,0.076819
2077.04,0.207624
1074.29,0.10681
769.34,0.0769308
1119.5,0.111838
1275.17,0.12747
952.851,0.095262
828.089,0.0827691
717.71,0.0715875
1632.34,0.162949
1620.12,0.161659
8100.74,0.807982
2120.25,0.212003
1904.57,0.190386
2415.36,0.241467
932.132,0.0932101
2618.71,0.261808
848.343,0.0848206
1055.66,0.105558
895.874,0.0895632
871.213,0.0871072
1092.3,0.109175
975.86,0.0972868
675.102,0.0674972
910.239,0.0910163
4795.8,0.478967
2439.41,0.243913
1134.36,0.113377
646.426,0.064633
1328.62,0.132801
1221.33,0.121985
444.153,0.0443887
862.097,0.0861833
1501.36,0.15009
1502.87,0.150243
891.211,0.0891144
1342.19,0.134134
1116.66,0.111638
1086.48,0.108589
1711.92,0.170993
1302.95,0.129678
1426.39,0.142605
1686.92,0.168484
1888.45,0.188585
989.587,0.0998599
1777.23,0.177447
896.582,0.0896016
836.973,0.083681
900.384,0.0899901
2033.66,0.20325
1923.45,0.192318
1835.82,0.183524
1784.24,0.178381
1835.58,0.18336
1132.3,0.113064
4662.83,0.462313
2065.28,0.206474
6169.02,0.616382
2154.28,0.215024
810.327,0.0809232
994.441,0.0993214
877.697,0.0876856
1633.39,0.163082
717.034,0.0716399
1556.25,0.154983
1416.65,0.141597
8326.81,0.831133
956.307,0.0955967
769.278,0.0769148
4065.58,0.405863
1268.06,0.126779
1542.5,0.154201
1331.96,0.131386
924.514,0.0924255
1234.3,0.123422
1013.19,0.101085
1844.95,0.184422
1199.87,0.119964
1466.87,0.146471
1051.23,0.105115
1056.19,0.105607
2031.16,0.203002
793.139,0.0793115
1415.31,0.141526
1635.28,0.163453
978.813,0.0978253
1076.13,0.107578
803.982,0.0801919
1227.98,0.122661
3501.01,0.320237
833.474,0.0833436
816.682,0.0815986
822.83,0.0820184
1521.9,0.151793
1468.89,0.146864
3195.34,0.31947
2008.11,0.200469
1131.6,0.113127
855.536,0.0855358
1627.18,0.162606
1165.33,0.116453
983.023,0.0982686
1065.48,0.10647
874.516,0.0874506
1533.66,0.153077
873.323,0.08731
4446.32,0.444529
940.383,0.0940241
1155.39,0.115338
1081.25,0.108049
2987.02,0.298515
1067.5,0.106697
3155.26,0.315483
961.862,0.0961217
2191.23,0.217877
16121,1.60584
4884.84,0.488036
1415.73,0.141544
933.222,0.0932855
2070.94,0.207067
1130.81,0.112173
1037.74,0.103748
1560.94,0.156076
1779.36,0.177916
823.347,0.0822888
2019.58,0.201918
1616.19,0.161601
714.878,0.0714803
799.503,0.0799225
1490.83,0.149064
9852.28,0.98372
1058.09,0.105733
610.448,0.0610436
2769.52,0.275609
1099,0.109747
2292.99,0.229248
1949.22,0.194623
1213.2,0.121232
1253.57,0.125267
2495.65,0.249476
2335.79,0.233534
845.651,0.0845488
628.334,0.062807
3815.37,0.381261
478.188,0.0476923
1129.35,0.112469
3651.74,0.364919
1399.22,0.139676
1902.79,0.190179
1152.23,0.115215
2168.08,0.216572
1016.85,0.10166
985.861,0.098564
640.387,0.0640247
2631.5,0.261893
1226.36,0.122491
2780.68,0.277986
2262.18,0.226139
2703.69,0.270189
1396,0.139309
2688.14,0.268746
861.107,0.0860405
1786.74,0.17861
784.795,0.0784744
1662.2,0.165674
1588.06,0.158723
1450.18,0.144267
4436.74,0.443282
6334.82,0.631768
789.807,0.0789184
1648.56,0.164793
990.972,0.0990806
767.453,0.0766942
1490.1,0.148905
1741.99,0.174165
1759.62,0.175869
1483.57,0.148337
1443.17,0.143644
871.834,0.087172
2418.86,0.241489
1018.26,0.101775
1134.86,0.113434
1323.32,0.132312
566.094,0.0565337
2498.9,0.249708
506.803,0.0506483
927.178,0.0925611
2321.35,0.232008
1192.08,0.119198
1543.59,0.154338
3091.77,0.308872
1303.46,0.130134
822.176,0.0821997
1083.49,0.10832
1245.36,0.124509
816.577,0.0816376
1915.73,0.191496
970.393,0.0970211
1427.74,0.142714
1244.87,0.124421
795.235,0.0794116
1022.08,0.102164
1537.33,0.153674
3328.76,0.332778
803.816,0.0803411
867.01,0.0865558
4426.3,0.442571
980.792,0.097969
1349.71,0.134332
1213.73,0.121335
1506.2,0.150545
4444.76,0.444087
942.358,0.0939259
1598.74,0.159623
1854.26,0.185385
768.623,0.0768549
863.272,0.086324
973.6,0.0973467
1137.46,0.113726
839.099,0.0839085
916.327,0.0913566
766.496,0.0765904
1034.86,0.103463
1051.64,0.105156
2216.92,0.221671
1081.38,0.107979
2867.08,0.286625
1425.06,0.142497
857.755,0.085563
403.855,0.0403841
857.201,0.0854118
982.944,0.0982751
670.097,0.0669666
954.894,0.0954836
1005.37,0.100434
2000.06,0.199607
5030.25,0.502402
20677.4,2.06645
1082.27,0.107937
1741.27,0.17399
943.072,0.0942304
1232.76,0.123181
8277.19,0.825697
4261.14,0.425702
2609.7,0.260546
1146.84,0.114653
1362.09,0.136169
3933.2,0.391639
1411.13,0.141092
1128.98,0.112878
1466.13,0.146226
1309.13,0.130799
1142.29,0.11415
5921.79,0.591491
1903.67,0.19035
1078.91,0.107866
782.076,0.0781331
1418.8,0.141824
1246.21,0.124589
1004.27,0.10018
1305.35,0.130499
1918.37,0.191517
446.919,0.0446817
884.302,0.0884218
1230.84,0.122949
1013.64,0.101109
1189,0.118866
710.041,0.0709701
2294.77,0.228902
2830.24,0.282896
1817.85,0.180028
2615.78,0.252485
3084.9,0.308211
7543.55,0.753066
1408.03,0.140726
3142.77,0.313737
1225.31,0.122478
932.321,0.0931696
856.541,0.0856496
785.43,0.078516
1089.52,0.108944
647.303,0.0647183
858.488,0.0858436
1206.44,0.120628
1577.76,0.15772
1128.7,0.112825
6145.98,0.612984
844.531,0.0839637
737.355,0.0737274
922.946,0.0922898
2086.82,0.208408
2612.74,0.260995
963.321,0.0962925
1207.15,0.120622
1027.55,0.10275
1613.36,0.161227
1283.65,0.12836
1184.11,0.118381
1213.74,0.121371
615.779,0.0615186
1276.55,0.127558
1516.2,0.151591
1056.17,0.105502
487.209,0.0486984
862.287,0.0862086
923.207,0.0923162
2149.22,0.214876
982.84,0.0982529
2475.38,0.247397
1090.27,0.109001
1785.55,0.178069
1247.97,0.124577
1607.85,0.16062
1178.86,0.11787
1655.28,0.16549
484.243,0.0484159
1077.57,0.107661
915.868,0.0915786
1890.17,0.188918
1252.27,0.125142
978.465,0.0978401
2323.57,0.232316
693.004,0.0691333
1468.23,0.14682
988.016,0.0964569
1904.94,0.190277
810.414,0.0810016
965.197,0.0964465
834.032,0.0832175
803.929,0.0803665
14358.3,3.49082
721.06,0.0720347
1165.92,0.113107
1428.36,0.142794
877.736,0.0877124
1607.54,0.16073
701.406,0.0701087
10712.3,1.06558
1200.83,0.119868
1456.92,0.14557
1197.22,0.119707
1903.54,0.190129
1213.99,0.12134
846.758,0.0846104
1587.9,0.158779
1387.9,0.13878
1830.6,0.183005
20767.3,2.06665
619.212,0.0619073
1087.38,0.108691
3723.68,0.3722
1822.01,0.181691
1271.19,0.127093
4122.28,0.412135
2089.78,0.208901
1168.36,0.116762
1033.27,0.103317
4325.55,0.432356
966.19,0.0966072
915.575,0.0915388
475.268,0.0475045
3572.19,0.356879
2315.01,0.23146
1249.92,0.124842
870.086,0.0868804
1474.24,0.14727
886.493,0.0886366
2062.1,0.206004
1259.41,0.125548
997.924,0.0997492
1575.18,0.157495
922.538,0.0921853
536.818,0.0532826
1701.06,0.17006
934.033,0.0933669
1848.17,0.184812
925.849,0.0925376
976.968,0.0976958
886.015,0.0885726
821.121,0.0820808
988.634,0.0988396
592.091,0.059204
884.604,0.0883306
1032.87,0.10305
779.206,0.0778954
1268.3,0.126785
774.318,0.0773739
2179.68,0.21773
1372.73,0.13725
1967.3,0.196575
772.164,0.0771652
3188.41,0.318623
1058.81,0.105866
1602.62,0.160118
2418.48,0.241801
1278.19,0.127784
1265.98,0.126594
1064.12,0.106305
1270.71,0.126937
591.238,0.0591178
1284.51,0.128181
882.051,0.0881677
878.93,0.0878669
765.479,0.0765371
1361.41,0.136038
788.162,0.0785891
2820.01,0.281515
1095.45,0.109534
961.577,0.0956575
1136.83,0.113548
1011.46,0.101035
2859.33,0.285615
1669.22,0.166588
2613.86,0.261374
1152.15,0.115097
985.273,0.0984924
3590.65,0.35902
2125.23,0.212334
1048.39,0.104824
938.633,0.0926958
2483.8,0.248277
1187.07,0.118645
1529.87,0.152952
590.252,0.0590061
879.517,0.0876848
2980.02,0.297456
1545.9,0.154073
1272.44,0.127219
1394.4,0.139289
1335.36,0.133455
932.22,0.093219
1268.47,0.126837
834.533,0.0834517
1464.57,0.146256
968.426,0.096752
2103.77,0.210342
2047.34,0.203797
999.393,0.0998994
1347.51,0.134719
1556.69,0.15562
954.026,0.0953088
5681.09,0.56771
7335.63,0.733258
1231.57,0.123136
2057.75,0.205566
1029.61,0.102871
4268.27,0.427738
930.973,0.0930865
1589.03,0.15888
5614.86,0.560375
952.329,0.0951809
1189.3,0.118814
3083.67,0.307969
2216.92,0.221458
1514.32,0.1514
759.322,0.0759141
930.661,0.0930546
687.233,0.0687213
3237.71,0.323388
1062.75,0.106196
2826.61,0.282565
2612.93,0.26118
1030.93,0.102663
1292.15,0.129189
764.145,0.0764071
959.108,0.0958977
1746.85,0.174666
1081.06,0.108083
1547.65,0.154744
787.692,0.0787418
941.498,0.0941147
1049.41,0.104905
5785.47,0.578032
9523.64,0.95175
3657.31,0.36567
722.742,0.0722621
1075.23,0.107503
622.229,0.0621698
1340.84,0.134072
2484.56,0.248425
716.579,0.0716295
1384.49,0.138419
1403.82,0.140347
966.622,0.0966119
908.698,0.090787
2649.34,0.264832
942.096,0.0941425
2453.26,0.245266
619.554,0.0618898
890.24,0.0889386
1251.3,0.125026
650.746,0.0650431
1947.01,0.194559
2058.39,0.205799
2117.62,0.211502
1145.77,0.114525
846.999,0.0839054
1051.05,0.105083
1070.48,0.107025
798.759,0.0798747
745.143,0.0739409
612.837,0.061271
8170.91,0.814605
690.747,0.0690468
2106.69,0.210572
1899.89,0.189965
582.264,0.0582226
1332.1,0.132972
678.148,0.0677486
1682,0.168149
1098.97,0.109881
621.894,0.0621599
944.726,0.0944702
1861.69,0.186058
957.222,0.0956873
1391.35,0.139114
1707.81,0.170715
1123.03,0.112231
874.923,0.087478
1987.45,0.198427
3879.25,0.387517
1213.35,0.121325
1449.98,0.144985
999.545,0.0998729
1992.7,0.199244
1736.38,0.173356
18552.1,1.84856
1520.76,0.151971
5091.47,0.508534
1080.58,0.108052
1068.31,0.106765
1908.61,0.190833
4517.51,0.45159
1809.19,0.18088
1393.7,0.139345
776.997,0.0776068
1388.11,0.138786
1959.89,0.195927
1137.01,0.113688
913.05,0.0912952
1098.18,0.10981
1011.61,0.101126
1117.78,0.11154
883.99,0.088392
728.618,0.072822
1023.74,0.102331
946.814,0.0946587
973.187,0.0972759
1319.45,0.131929
1765.48,0.176324
1675.55,0.167472
1048.98,0.104843
799.662,0.0799637
872.073,0.0869869
1134.45,0.11342
787.235,0.0787121
858.509,0.0857567
949.229,0.0948756
1116.55,0.111653
1656.8,0.165629
1583.6,0.157075
1377.92,0.137647
1289.15,0.128824
822.224,0.0821991
1615.85,0.161391
1301.43,0.129049
1196.55,0.119577
2183.8,0.218197
692.447,0.0691209
1519.85,0.151917
2300.06,0.229967
973,0.0970912
4692.68,0.471667
2022.09,0.201994
2217.37,0.221543
677.693,0.0677207
1372.26,0.137193
731.178,0.0730637
1090.98,0.109065
796.539,0.0796487
2862.79,0.285847
865.024,0.0864779
1790.63,0.178722
1333.32,0.133326
1316.51,0.131643
1236.86,0.123631
1511.96,0.151167
876.299,0.0876028
1357.6,0.135578
1792.03,0.17905
2779.84,0.276829
1732.32,0.173093
817.844,0.0816943
796.552,0.079645
860.277,0.0859704
878.64,0.087853
2136.48,0.213493
11624.3,1.15973
979.216,0.0978947
1322.46,0.132235
3792.01,0.379069
661.576,0.0661509
1900.8,0.110448
1723.85,0.172224
1810.59,0.180574
957.765,0.0957349
5753.61,0.574639
5214.68,0.520636
1057.68,0.105602
1055.76,0.105385
6019.51,0.6017
2042.12,0.204151
1169.88,0.116801
1229.12,0.122896
4067.61,0.40065
1613.46,0.16127
1807.22,0.18068
1207.05,0.12064
779.728,0.0779559
3820.79,0.381957
5428.16,0.540169
1111.13,0.111083
934.066,0.0933882
2197.62,0.219689
6109.75,0.610635
1539.2,0.153895
1269.68,0.126874
743.875,0.0742842
1345.23,0.134367
3212.64,0.320577
811.529,0.081142
1447.26,0.144704
967.975,0.0966626
1150.89,0.115054
1236.36,0.123631
1453.34,0.14519
1009.2,0.100917
1549.69,0.154781
694.092,0.0693975
3454.15,0.345238
1619.48,0.159325
1198.18,0.119813
10734.8,1.07213
1303.28,0.130252
1867.53,0.186735
709.489,0.0709444
937.326,0.0937102
1157.33,0.11569
1714.3,0.171024
1550.7,0.154971
909.798,0.0908833
2297.42,0.229645
1805.97,0.180582
1733.95,0.172975
1180.63,0.118024
1413.44,0.140961
1378.5,0.137806
775.75,0.0775477
1002.53,0.100199
4527.42,0.452295
910.792,0.0910722
1374.06,0.137306
1622.77,0.162243
859.39,0.0859247
1238.01,0.123557
1287.22,0.128701
2000.97,0.200083
1391.6,0.1391
1001.74,0.0999687
852.033,0.0851269
1794.01,0.17927
793.491,0.0793396
1228.77,0.122871
2942.18,0.294017
789.223,0.0789111
2233.71,0.223219
2336.94,0.233652
1538.27,0.153009
1263.63,0.126254
1683.42,0.16824
1197.74,0.119744
1411.11,0.141068
1018.24,0.100705
857.786,0.0857574
3106.86,0.310643
1073.09,0.10695
2059.97,0.205933
1789.61,0.17894
573.721,0.0573535
2492.78,0.249242
1050.11,0.105002
1197.49,0.119726
1041.52,0.104143
596.191,0.0596003
971.272,0.0971052
1281.79,0.128078
832.18,0.0831509
916.244,0.0916172
1374.59,0.137422
1600.63,0.160041
1720.29,0.171999
662.752,0.0662012
2787.39,0.278457
4183.09,0.418011
1147.32,0.114704
3179.91,0.317761
738.414,0.0735874
9231.98,0.922453
1479.31,0.147896
859.206,0.0859163
1546.49,0.154627
8005.75,0.798917
1083.97,0.108382
1020.56,0.102029
1542.78,0.154225
1260.34,0.12586
1415.87,0.141561
2493.68,0.249122
8282.41,0.827758
1130.5,0.112905
885.069,0.0884566
3350.95,0.335069
1618.05,0.161794
473.932,0.0473664
887.448,0.0884827
1673.97,0.167366
1310.1,0.130994
8070.36,0.804734
2049.25,0.204565
998.041,0.0996986
1214.7,0.121366
1539.84,0.153907
1203.02,0.119849
1770.7,0.176914
1208.73,0.120843
1357.03,0.135621
1453.47,0.145345
822.617,0.082133
815.405,0.0828323
941.685,0.0940809
1116.92,0.111625
650.806,0.0650396
1437.23,0.143656
11493.1,1.14824
1509.81,0.150943
939.575,0.0939532
910.869,0.0910772
1553.45,0.154953
1066.3,0.10659
1110.13,0.110898
629.757,0.0629615
1811.02,0.177817
902.981,0.0902839
877.129,0.0876934
2942.44,0.294106
1110.94,0.111065
5917.59,0.590678
1044.16,0.104373
1132.48,0.113245
1772.09,0.177121
1669.94,0.166911
929.103,0.0929061
1275.66,0.127449
1267,0.126663
1881.61,0.187342
1509.95,0.150979
662.112,0.0660605
1428.84,0.142772
1427.54,0.142736
861.347,0.0861161
889.667,0.088963
3647.35,0.364503
1224.04,0.122317
939.746,0.0939689
1372.89,0.137266
1736.49,0.173593
1518.36,0.151744
315.438,0.031536
2672.88,0.266859
1955.35,0.195424
533.161,0.0530269
1141.36,0.114082
1031.71,0.102903
481.316,0.0479949
606.834,0.0606767
1729.47,0.172645
1625.07,0.162321
1055.5,0.105464
2600.1,0.25957
781.066,0.0780869
2965.18,0.29625
1442.12,0.144165
683.291,0.0682603
867.198,0.086677
992.848,0.0992815
1374.25,0.137414
2184.37,0.218169
1210.08,0.120988
1879.51,0.187886
1142.19,0.114214
938.68,0.0938131
1086.15,0.108509
4189.36,0.418495
2409.87,0.240949
4100.94,0.409751
1505.78,0.146896
543.783,0.054377
650.316,0.0650044
905.819,0.0905561
815.289,0.0814615
1742.52,0.17424
1716.16,0.171142
2133.07,0.213281
2070.64,0.206982
1721.45,0.172132
1011.82,0.101173
1195.86,0.119577
873.204,0.08729
946.757,0.0941925
1113.01,0.111249
899.216,0.089881
898.077,0.0897889
724.078,0.0723996
1081.77,0.108154
1087.16,0.108705
994.561,0.09925
850.01,0.0849844
940.911,0.0940082
1032.85,0.103251
2300.93,0.229916
530.972,0.0530698
2094.68,0.192853
1674.62,0.167427
1001.73,0.100063
565.419,0.0564377
5628.19,0.562539
2709.44,0.270544
1162.95,0.115799
858.159,0.0857562
678.112,0.0678087
895.442,0.0895324
1212.1,0.12118
1779.68,0.177914
974.367,0.0974045
1226.85,0.122604
1172.55,0.11715
1044.13,0.10439
1155.31,0.115369
1791.46,0.179136
1717.26,0.171668
873.558,0.0872388
1060.97,0.106042
5651.71,0.564746
4056.71,0.404295
601.909,0.0601739
1342.79,0.134178
2137.94,0.213746
4084.12,0.406939
8972.29,0.896028
1765.22,0.176431
2559.98,0.255978
1058.9,0.105851
1225.56,0.12086
1753.54,0.175199
828.154,0.0825006
832.128,0.0832031
834.244,0.0833818
1428.1,0.142769
1944.61,0.194342
721.102,0.0721032
3098.1,0.309752
611.442,0.0611359
1117.34,0.1117
1248.2,0.123344
541.662,0.0541619
6569.02,0.656307
1285.62,0.128521
3207.37,0.320718
1012.08,0.101202
1764.85,0.176427
888.487,0.088839
1766.6,0.17664
1427.27,0.142527
1244.76,0.124423
915.36,0.0852435
6062.72,0.606103
831.285,0.0831174
882.648,0.0882491
931.826,0.0931603
661.151,0.0661102
1013.76,0.101366
9394.35,0.938534
1055.22,0.105495
3820.28,0.381772
1961.03,0.196084
2420.5,0.241219
1025.61,0.102441
736.738,0.0736672
1201.84,0.119162
1615.13,0.161488
1074.61,0.107125
800.409,0.0800219
992.528,0.0992279
1283.54,0.128297
1071.78,0.106965
1137.35,0.113707
1926.87,0.192567
1323.51,0.132305
1901.67,0.190091
3005,0.300436
3768.8,0.376061
1299.84,0.129973
1028.44,0.102842
3210.43,0.320977
3065.06,0.306266
2675.83,0.263021
720.391,0.0720245
1008.99,0.100863
940.464,0.0940328
1074.96,0.107128
2751.9,0.275099
883.98,0.0883827
877.357,0.0877319
1791.58,0.179147
1368.3,0.136657
1012.71,0.101205
894.914,0.0894897
2955.65,0.295441
876.953,0.087657
1979.1,0.197825
880.881,0.088051
2475.34,0.24748
1650.64,0.164969
1507.7,0.150632
516.097,0.0515773
1406.18,0.140414
1163.35,0.116324
900.784,0.0900476
1261.73,0.126168
843.414,0.084333
1906.46,0.190613
2159.61,0.215693
855.79,0.085554
2270.23,0.227001
1242.67,0.124261
1537.03,0.153694
2295.69,0.229553
1290.93,0.129075
874.067,0.0871476
830.92,0.0830503
1176.43,0.116204
812.697,0.0812456
1024.93,0.102421
972.885,0.0972131
1951.02,0.194319
867.467,0.086707
1328.25,0.132764
793.357,0.0792947
16223.6,1.62116
2320.92,0.232015
753.99,0.0753928
1063.77,0.106202
1070.92,0.107079
1316.41,0.130794
2117.14,0.211624
683.206,0.0682641
1006.42,0.100522
705.926,0.0704655
1721.82,0.172172
3927.31,0.392456
1404.32,0.140271
1138.36,0.113831
2204.53,0.220427
1226.14,0.122504
665.301,0.0665281
1319.45,0.131926
819.259,0.0818997
1190.12,0.11884
2394.01,0.23927
1326.66,0.132486
2156.92,0.215611
2516.47,0.251497
1623.54,0.162263
1258.32,0.125802
2601.02,0.259616
1827.78,0.182744
1226.43,0.122617
1323.75,0.132257
2777.12,0.27758
534.182,0.0533948
2478.72,0.247785
722.071,0.0721919
1596.47,0.159369
1977.84,0.197478
1828.4,0.182791
827.842,0.0827507
1308.62,0.130324
1067.92,0.106743
870.963,0.087084
2036.31,0.203596
1014.9,0.101483
3666.97,0.360924
2009.13,0.200892
2415.3,0.241296
1264.27,0.126351
1031.85,0.102869
709.166,0.0707889
877.072,0.087702
1210.3,0.121017
694.597,0.0694548
1170.24,0.117019
1543.03,0.154254
3689.33,0.368392
1528.08,0.152613
596.892,0.0596684
833.938,0.0829967
1648.35,0.164813
3621.05,0.361959
1156.79,0.115633
1016.76,0.101614
2346,0.23455
809.807,0.0809638
1375.61,0.137091
1221.13,0.122108
1570.36,0.156763
1684.12,0.168309
1051.74,0.104862
1392.88,0.139227
720.923,0.0720564
1208.08,0.120787
676.962,0.0675405
1057.96,0.105261
7454.24,0.744887
867.508,0.0867241
1472.37,0.145904
947.36,0.0935997
1094.56,0.109443
1084.89,0.108453
3436.25,0.343373
1562.21,0.156147
831.252,0.0830838
708.917,0.0708467
1967.32,0.195867
2169.04,0.216654
1187.15,0.118691
1798.44,0.179822
1831.69,0.182456
742.13,0.0741908
756.588,0.0756506
2141.62,0.214099
654.969,0.0654624
1889.28,0.188911
902.042,0.0907095
933.105,0.0931579
1079.95,0.107994
1168.51,0.116751
1145.48,0.114375
1027.99,0.102793
2300.19,0.229783
1083.46,0.108175
628.077,0.062785
2122.31,0.211848
1630.75,0.163056
1025.3,0.10247
1292.9,0.129
1007.24,0.100678
2725.25,0.272394
983.507,0.098289
1073.94,0.107326
1133.65,0.113181
993.471,0.0990341
11643.6,1.15932
949.061,0.0944336
1006.84,0.100546
1601.71,0.160059
1104.31,0.11042
1254.57,0.125447
1635.14,0.163488
994.803,0.0994571
1808.78,0.180721
1459.58,0.145661
1796.8,0.179524
1835.22,0.181808
793.603,0.0793487
4007.65,0.40046
1899.06,0.189832
1063.5,0.106338
2018.79,0.201833
2057.61,0.20572
3209.36,0.32037
2101.89,0.209813
1547.71,0.154746
1724.44,0.171801
12578.5,1.25607
1800.22,0.177815
1860.8,0.186032
1798.03,0.179637
1693.48,0.169172
925.937,0.0925568
585.419,0.0584924
875.114,0.0874896
1845.93,0.184534
1079.9,0.101974
1025.79,0.102571
2678.09,0.267523
1138.51,0.113756
772.042,0.0771982
1694.11,0.169288
1060.32,0.106002
1646.95,0.164618
1068.02,0.106795
1102.14,0.110189
2876.23,0.287443
1020.14,0.101977
845.642,0.0844924
1047.97,0.104786
808.634,0.0808544
6401.87,0.63927
1133.17,0.113291
1063.35,0.106316
1779.09,0.177771
2921.03,0.291859
1383.75,0.138121
1190.54,0.119043
1142.66,0.114075
1701.72,0.170128
820.558,0.0820434
736.162,0.0736117
626.095,0.0625749
1252.68,0.125214
674.579,0.0674194
828.827,0.0828218
1613.99,0.161349
876.096,0.0875804
710.168,0.0709992
1645.48,0.164536
767.872,0.0767666
1477.03,0.147636
993.427,0.0991059
1828.18,0.182756
906,0.0905748
4674.76,0.46683
948.024,0.0947351
1607.94,0.160767
1015.56,0.101546
1554.33,0.155365
808.14,0.0807397
988.089,0.0987414
1027.1,0.102663
832.079,0.0831904
1122.71,0.112179
1132.43,0.113199
773.343,0.0773296
1990.03,0.198711
6001.86,0.597107
863.355,0.086192
1702.36,0.170212
779.192,0.0779149
1295.31,0.129498
4244.12,0.424183
887.235,0.0887147
1041.88,0.104145
1427,0.142596
1154.61,0.115394
2266.77,0.226373
744.043,0.0743272
1022.02,0.102069
1296.6,0.129632
1005.1,0.100354
1187.24,0.118669
2873.85,0.287274
1299.5,0.129925
1052.69,0.105258
897.183,0.0897026
1412.53,0.141168
948.235,0.0946272
871.329,0.0870669
929.935,0.0929895
1045.46,0.104512
778.941,0.0778416
852.027,0.0852008
1177.72,0.117699
1029.41,0.102908
988.87,0.0987294
997.014,0.0996362
1443.77,0.144297
3764.79,0.375225
2041.19,0.204106
2694.38,0.269341
2072.8,0.207247
1448.61,0.144542
1019.73,0.101904
2593.63,0.258886
777.448,0.0777327
1257.15,0.125674
1946.88,0.194643
922.095,0.0921994
1087.7,0.108756
1199.12,0.119909
504.049,0.0503938
1017.88,0.101734
1051.59,0.105152
1134.74,0.113257
676.851,0.0675769
1272.22,0.127214
1032.57,0.103119
7974.67,0.795786
2621.7,0.262089
1725,0.172138
3597.88,0.359608
3727.59,0.372708
663.74,0.0663219
1166.43,0.11652
682.409,0.0681496
1471.05,0.147038
1050.1,0.105002
1204.69,0.120363
2042.53,0.203728
953.431,0.0950909
754.579,0.075433
479.595,0.047943
631.932,0.0631668
1097.61,0.109749
883.514,0.0882533
1441.86,0.144115
470.524,0.0470327
1091.21,0.109504
2966.83,0.292964
1343.96,0.134353
1243.09,0.123724
922.966,0.0922614
2728.54,0.272795
1018,0.101642
1395.14,0.139504
733.193,0.0732862
3042.56,0.303886
940.68,0.0940504
1197.66,0.119765
1589.82,0.15895
1055.74,0.105496
1764.71,0.17633
1228.81,0.1226
1306.48,0.130626
1005.85,0.10051
1026.97,0.102617
9780.12,0.975662
1069.63,0.106916
920.037,0.0919848
1003.2,0.100287
1019.46,0.101926
2111.85,0.211167
1496.71,0.149395
1071.02,0.107098
1233.7,0.123362
1932.1,0.19315
1883.96,0.189143
2385.46,0.238504
973.206,0.0973161
972.513,0.0972162
6518.29,0.651433
1315.32,0.131462
1794.38,0.179311
2645.51,0.264466
3978.14,0.393768
1071.57,0.107108
1772.24,0.177198
1279.46,0.127883
743.357,0.0743036
480.54,0.0480494
1027.29,0.102416
669.025,0.066824
730.315,0.0730176
1171.27,0.11708
899.508,0.0898925
2073.12,0.207249
1188.6,0.118662
1178.2,0.117356
1197.77,0.119741
1031.92,0.103185
1655.2,0.165235
867.754,0.0866669
2722.35,0.272155
434.66,0.0434639
886.005,0.0885954
1161.25,0.116075
837.584,0.0837408
4749.37,0.474779
1979.51,0.197894
1681.65,0.168152
758.721,0.0758494
760.795,0.0760605
1127.82,0.11257
1329.25,0.132903
1222.41,0.122164
496.876,0.0496078
1264.95,0.126386
1230.1,0.123001
1472.73,0.147257
1852.52,0.185064
1202.49,0.120205
1364.71,0.136407
806.984,0.0806896
1412.18,0.141181
3646.84,0.363916
2865.16,0.286327
1904.4,0.190406
1394.36,0.139424
910.555,0.0910251
979.347,0.0979243
1281.65,0.128138
2486.33,0.248
2536.27,0.253483
603.032,0.0600887
1760.13,0.175841
508.882,0.0508418
10472,1.04586
1818.34,0.181794
1033.21,0.103261
946.77,0.0946756
1001.63,0.100154
1393.27,0.140298
2546.99,0.25462
1522.97,0.152292
1475.01,0.147418
4117.02,0.411053
2171.19,0.216874
914.82,0.091461
1157.68,0.115712
920.716,0.0920619
1903.15,0.190224
2253.48,0.225308
764.686,0.076435
1602.72,0.160209
1582.86,0.158218
1493.24,0.149319
845.337,0.0844066
897.329,0.0896368
1742.98,0.173839
1474.55,0.147396
3637.38,0.36363
12098.8,1.20615
1012.87,0.10076
520.603,0.0520403
1201.29,0.120075
11698.9,1.16764
1480.89,0.148035
1503.36,0.150243
1005.62,0.10055
1055.1,0.105474
662.463,0.0661972
772.976,0.0772792
1172.72,0.118069
662.13,0.0662103
1314.67,0.131425
742.736,0.0739906
1090.9,0.10893
1090.64,0.10903
749.559,0.0749374
694.585,0.0693018
1514.22,0.151405
1238.92,0.12386
1679.42,0.167647
2657.13,0.265661
1197.65,0.119458
3229.23,0.322828
922.735,0.092192
3557.37,0.355626
3513.46,0.350983
1371.89,0.137172
5834.31,0.582734
565.706,0.0564636
1098.86,0.109817
1772.84,0.176945
1089.82,0.108978
874.549,0.0874272
748.708,0.0747536
1833.04,0.183172
1824.21,0.182219
1086.84,0.108661
1665.15,0.166504
3412.44,0.341074
690.171,0.0689528
1077.9,0.107766
948.408,0.0944529
960.619,0.0960166
2874.75,0.284983
1015.56,0.10151
680.891,0.0680262
501.387,0.050136
1221.41,0.122116
1316.75,0.131625
1006.06,0.100596
947.102,0.0946956
1254.13,0.125309
8276.48,0.825714
898.207,0.0898024
1547.67,0.154666
3667.3,0.366512
18776.8,1.87171
896.222,0.0896193
4267.91,0.426546
909.679,0.0907916
1046.1,0.102964
766.308,0.0764254
1253.74,0.125333
1574,0.157325
1001.23,0.100116
2166.19,0.216446
1027.09,0.102693
1327.2,0.132684
11175.5,1.11647
4857.94,3.67334
1381.9,0.138181
840.995,0.0840416
1101.7,0.11005
848.101,0.084769
918.103,0.0917959
1015.57,0.10149
1926.48,0.192489
1820.33,0.181802
983.645,0.0983413
1901.12,0.189944
1022.3,0.102223
1002.85,0.100268
1559.17,0.155636
1225.75,0.122554
1076.1,0.104183
1687.59,0.168659
1303.86,0.130353
1387.03,0.138666
1401.84,0.140086
3399.45,0.33915
841.541,0.0841504
2470.79,0.246935
1514.94,0.150562
3707.82,0.358182
1915.46,0.191516
2665.96,0.266496
568.175,0.0567802
1488.68,0.148863
991.764,0.0991472
2466.57,0.245652
1472.44,0.147203
1786.52,0.178302
627.61,0.050745
748.95,0.0748789
2715.15,0.27139
2651.4,0.264649
1021.24,0.102087
1531.01,0.152565
1788.29,0.178821
2481.64,0.246786
1848.83,0.184393
847.834,0.0847736
934.92,0.0928205
3675.92,0.36739
3510.3,0.349433
1593.68,0.159352
719,0.071862
900.851,0.089936
7572.72,0.756011
1235.61,0.123552
3639.03,0.363386
843.083,0.0843024
709.939,0.0709154
1447.87,0.14461
1004.05,0.100318
1233.58,0.123343
1149.11,0.11489
1271.83,0.127175
1397.88,0.13944
898.957,0.0898812
2072.52,0.207239
2187.16,0.218684
3590.73,0.358731
1214.83,0.121446
3243.46,0.324251
3665.94,0.366432
4394.71,0.43933
2016.72,0.201554
1242.28,0.124205
816.665,0.0816472
2788.54,0.278712
25515.3,2.53611
845.637,0.0834709
992.303,0.0992108
642.785,0.0642584
3102.85,0.309708
1119.64,0.11196
2896.17,0.289563
2946.48,0.294511
1073.96,0.107381
1236.46,0.123626
3147.89,0.314603
1254.37,0.125392
1474.14,0.147398
1287.18,0.128647
1000.6,0.10005
2123.42,0.212295
958.653,0.0958347
756.396,0.075605
2468.64,0.246826
2323.17,0.232263
1617.46,0.161646
949.933,0.0949841
1598.84,0.159624
1706.48,0.17059
1002.61,0.100242
2258.55,0.225817
2505.39,0.250504
1888.29,0.18869
1984.14,0.198294
5055.16,0.504909
1450.66,0.145028
2009.29,0.200684
1008.74,0.100865
2130.24,0.246734
937.163,0.0936723
1586.56,0.158636
4032.8,0.403054
789.34,0.078893
791.732,0.0791691
1032.1,0.103171
1016.19,0.101598
1484.15,0.148322
964.672,0.0963233
909.235,0.0908675
701.234,0.0701099
631.462,0.0631286
1355.05,0.135467
2819.05,0.281758
1022.87,0.102241
442.048,0.0441948
1432.67,0.143115
1400.68,0.140017
2079.1,0.207639
1527.41,0.152488
1166.21,0.116614
848.318,0.0848129
1360.19,0.122051
7793.62,0.776903
1312.71,0.13121
1740.55,0.173942
1605.17,0.160457
11039.5,1.10304
936.805,0.0936611
868.218,0.0868114
1140.59,0.11402
1437.6,0.143659
784.369,0.0783558
1623.58,0.16223
1481.29,0.148088
4755.45,0.474867
2737.6,0.27354
1280.15,0.128009
958.101,0.0954425
1558.66,0.155847
1732.87,0.154662
391.175,0.039116
908.08,0.0907952
1076.65,0.107642
862.997,0.0862881
1242.73,0.124188
1184.81,0.118452
2276.49,0.227635
772.129,0.0771999
837.535,0.0837313
1135.07,0.113417
1745.09,0.174187
1422.58,0.142168
1193.27,0.119316
804.991,0.0804287
7058.99,0.70579
1402.38,0.14021
1799.17,0.179754
1002.99,0.100278
1030.53,0.102978
1441.71,0.144022
2452.84,0.244994
1207.9,0.120776
619.519,0.0615122
3121.66,0.311938
1361.41,0.136111
781.914,0.0780681
890.26,0.0890035
898.768,0.0897968
6657.67,0.664181
5075.17,0.506253
865.562,0.0865531
1394.21,0.139286
1795.91,0.179572
1560.6,0.155947
7743.46,0.772718
1767.16,0.176615
1401.25,0.14011
2081.04,0.208011
1583.38,0.158332
1130.74,0.112974
2049.71,0.204884
809.271,0.0809249
819.806,0.0818594
1460.2,0.145996
2419.55,0.241319
1361.22,0.136105
1003,0.100289
2015.88,0.201265
1510.42,0.156228
1428.74,0.142841
1886.75,0.188513
1044.13,0.104317
894.285,0.0893693
1329.64,0.132915
1102.85,0.110256
1345.77,0.134367
1768.11,0.176773
1635.87,0.163529
1694.54,0.169384
637.307,0.063687
1670.32,0.166476
2649.82,0.264911
1884.23,0.188372
4775.07,0.476199
1064.27,0.105587
1471.99,0.147091
1306.57,0.1306
880.281,0.0880142
510.705,0.0510038
731.607,0.0731503
1048.57,0.104844
2103.96,0.210017
1253.05,0.124548
1285.35,0.128482
2419.29,0.241696
834.784,0.0834621
1334.07,0.133363
960.391,0.0960253
1695.44,0.169402
1029.87,0.102975
1320.39,0.131911
950.908,0.0950868
702.897,0.0702396
1140.25,0.113776
852.831,0.0851092
864.716,0.0864299
1306.16,0.130608
2347.62,0.234716
623.909,0.0623819
3281.3,0.327986
1128.35,0.112618
943.894,0.0943578
2150.35,0.214961
2206.41,0.220528
1274.01,0.127381
679.372,0.0678694
657.765,0.065746
1230.54,0.123023
1293.57,0.12927
1591.79,0.159058
1312.81,0.13127
664.223,0.0663618
1043.23,0.1043
1034.12,0.103392
1579.96,0.157952
1395.09,0.139456
1082.54,0.108211
2129.61,0.212886
1415.51,0.141496
3620.05,0.35814
2328.12,0.232756
988.776,0.0988473
1372.43,0.137208
2296.25,0.229073
1619.7,0.161885
2498.53,0.249715
1678.9,0.167767
1130.02,0.112994
1297.04,0.129689
1004.02,0.100367
1481.49,0.148048
979.798,0.0979439
833.552,0.0833201
1644.27,0.164352
814.224,0.0812477
975.443,0.0975391
875.052,0.0874456
2178.86,0.217545
1655.66,0.165291
876.496,0.0876263
945.799,0.0945752
918.328,0.0918283
2375.11,0.237298
3304.34,0.330247
1139.82,0.113965
1677.59,0.167516
1598.25,0.159778
859.228,0.0858826
1381.08,0.13801
4070.72,0.406835
6019.45,0.601331
1058.98,0.105638
2263.18,0.226292
2297.08,0.229646
616.547,0.0616468
1793.38,0.1789
682.654,0.0682631
3796.53,0.379399
969.032,0.0969016
3360.37,0.335661
4297.43,0.429628
980.729,0.0980214
997.017,0.0995963
1033.56,0.103346
926.934,0.0926259
979.956,0.0976396
826.863,0.0826787
2777.67,0.277405
1205.39,0.120383
1822.81,0.182251
871.545,0.0871344
916.464,0.0915566
1481.59,0.14922
1218.3,0.121642
3560.49,0.35578
765.841,0.0765633
730.636,0.0730369
858.011,0.0857689
1951.32,0.194525
1183.67,0.118357
911.347,0.0909004
2077.45,0.207269
792.655,0.0791536
11113.5,1.10221
1836.37,0.182896
1920.04,0.191877
1115.1,0.111502
645.771,0.0645599
10985.1,1.09251
552.376,0.0552373
2638.54,0.263737
4211.26,0.421638
2262.91,0.226214
717.074,0.0716681
1064.81,0.106404
1807.35,0.180661
705.007,0.070491
831.409,0.0831389
1931.73,0.19296
1168.08,0.116767
409.771,0.0409508
772.629,0.0769734
817.679,0.081727
1101.9,0.110105
1390.52,0.139
3890.01,0.387834
1961.64,0.196031
989.318,0.0988768
1486.22,0.148573
1556.74,0.155663
855.656,0.0855573
1388.31,0.138772
3034.22,0.303009
979.929,0.0977118
2512.54,0.251105
1426.65,0.14265
2529.6,0.252903
947.56,0.0947185
999.593,0.0999529
796.616,0.0796556
1463.45,0.144755
1247.82,0.124659
898.79,0.0895302
791.334,0.0791129
722.212,0.0722032
1098.37,0.109835
1929.44,0.192931
2572.96,0.257003
1731.18,0.173103
2604.3,0.258267
1772.12,0.176883
1727.89,0.172777
1048.45,0.104841
1424.38,0.142423
1269.89,0.126981
1420.62,0.141993
1535.11,0.153165
2442.31,0.244119
884.733,0.0884009
1572.21,0.157159
2122.11,0.212076
1670.83,0.166998
1223.79,0.122279
1074.48,0.10738
1092.56,0.109169
1798.02,0.179751
886.683,0.0886135
1006.3,0.100604
1495.74,0.149554
1191.4,0.119106
784.497,0.0784491
1165.72,0.116558
782.339,0.0782315
2061.69,0.206155
1106.44,0.11059
1237.87,0.123731
1438.21,0.143793
1179.36,0.117933
2498.72,0.249695
986.407,0.0985447
1028.8,0.10151
769.92,0.0769412
1610.88,0.16102
762.861,0.0762332
1964.86,0.196267
1655.9,0.165565
4950.31,0.494902
1639.78,0.163814
3787.07,0.37844
1303.12,0.130239
1230.28,0.122746
1514.39,0.151415
3692.86,0.36909
1268.29,0.126283
994.494,0.0991432
1201.86,0.120173
826.806,0.0823477
565.372,0.0565005
3680.27,0.36777
746.34,0.0746162
1017.2,0.101703
1223.02,0.122277
511.485,0.0511406
3008.99,0.300084
1351.06,0.134965
825.994,0.0825934
1214.91,0.121336
1045.52,0.104346
936.094,0.0935581
1059.59,0.105885
786.284,0.0786046
677.243,0.067692
2478.76,0.24782
1075.85,0.107575
775.443,0.0774852
1180.59,0.117936
1290.57,0.129032
1085.68,0.10856
689.932,0.068965
1504.01,0.150376
1351.8,0.135091
1378.3,0.137721
861.967,0.0861672
2925.56,0.292483
1074.37,0.107421
1061.71,0.106117
1487.34,0.148694
1332.87,0.133265
551.527,0.0551395
1516.36,0.151499
1713.76,0.171334
647.593,0.0647503
1341.59,0.134055
1073.88,0.107338
4116.55,0.41141
1797.83,0.094382
4016.07,0.401253
947.954,0.0946964
950.242,0.094828
609.972,0.0609964
723.447,0.0721354
742.229,0.0742199
595.422,0.0595349
2512.35,0.251223
910.514,0.0907798
1700.89,0.170063
1103.18,0.110306
738.175,0.0738111
1273.18,0.127271
1138.18,0.113813
606.391,0.0606368
919.535,0.0919442
7995.55,0.799198
1254.31,0.125353
811.346,0.0811274
1076.41,0.104196
747.891,0.0747564
1101.44,0.110135
1628.05,0.162576
596.636,0.0596512
1692.3,0.169033
1871.47,0.187098
1573.02,0.157211
2169.96,0.216932
672.382,0.067223
667.463,0.0666765
596.944,0.0596934
1822.49,0.180048
1852.93,0.184648
1356.75,0.135641
1500.51,0.149958
6050.29,0.603447
1408.06,0.140775
1830.79,0.183055
8646.17,0.862006
2389.62,0.238904
1602.69,0.16023
2472.39,0.247132
1026.37,0.102606
2086.92,0.208563
1116.28,0.11104
800.4,0.0798037
1507.59,0.150669
3731.2,0.372137
1363.35,0.135265
1129.95,0.112981
2084.52,0.207847
1422.12,0.14187
1736.11,0.173589
540.616,0.0540385
1985.16,0.197683
720.417,0.0720287
1135.79,0.113563
1913.77,0.191347
1462.35,0.145082
1516.13,0.151601
2009.71,0.200731
1790.44,0.179002
4267.76,0.426499
1236.53,0.125695
2024.54,0.202248
1313.43,0.131115
1217.21,0.121632
1111.26,0.11086
1702.94,0.160241
1909.05,0.19087
914.336,0.0913793
1041.88,0.104182
1747.25,0.174719
815.557,0.0814923
747.716,0.0746125
469.602,0.0469587
1266.42,0.12662
2423.67,0.242126
916.958,0.0916889
1382.38,0.137982
3104.94,0.309525
889.457,0.0889139
717.923,0.0717767
26008.7,2.59284
4784.99,0.477819
996.5,0.0995792
726.349,0.0724839
1145.58,0.114436
898.641,0.089821
1215.35,0.121307
1384.94,0.138414
2178.04,0.217126
2666.63,0.266497
655.974,0.0655686
1732.29,0.173213
1352.96,0.135284
1423.47,0.141176
1642.93,0.164274
1746.84,0.174573
1493.37,0.149123
1830.35,0.183021
753.307,0.0753081
1130.59,0.112794
2188.4,0.218781
5484.5,0.532396
669.668,0.0669
775.652,0.0774838
950.885,0.0950168
671.98,0.0671537
1536.14,0.153501
1233.68,0.12335
1368.19,0.13679
1186.44,0.118517
1638.83,0.16381
1727.73,0.172648
1691.37,0.169005
1224.2,0.122415
1182.78,0.118193
1258.33,0.125804
721.935,0.0721665
1583.74,0.158312
576.549,0.0576531
586.264,0.0586099
1884.63,0.188286
468.417,0.0467111
3243.85,0.323716
886.072,0.0875203
2965.22,0.296397
1216.67,0.121647
674.574,0.0673973
2526.93,0.252591
2611.3,0.260619
1637.99,0.163708
1054.1,0.104973
1081.52,0.107775
591.926,0.058903
898.105,0.0896448
814.249,0.081409
1580.6,0.158046
1754.13,0.175245
808.846,0.0808207
2227.97,0.222566
953.446,0.0953413
3087.83,0.308718
807.026,0.080689
3563.99,0.355829
631.008,0.0630809
1544.57,0.155473
4001.65,0.399692
5204.21,0.519938
706.449,0.0706242
3133.31,0.313112
1689.84,0.168962
1863.87,0.186367
926.076,0.0926002
1279.93,0.127592
1065.87,0.106446
1483.23,0.148313
1222.27,0.122186
1579.91,0.157974
2504.34,0.250142
1145.21,0.114405
1177.9,0.117766
1059.52,0.105945
1614.5,0.161429
3227.58,0.322519
4607.57,0.46031
1076.76,0.107662
752.941,0.0752904
1298.53,0.129842
6385.89,0.636853
1017.5,3.3162
1387.27,0.138608
5284.37,0.528064
908.018,0.0907874
963.749,0.0962416
968.165,0.0968147
888.943,0.0888188
2889.79,0.288811
1126.18,0.112592
1203.68,0.120354
2360.23,0.234931
1231.12,0.123084
1725.25,0.17248
1206.26,0.120615
982.942,0.0982823
1667.98,0.166746
1593.25,0.15919
606.199,0.0603902
1181.46,0.117981
915.18,0.0915022
940.989,0.0940779
647.27,0.0646863
905.644,0.0904788
1039.22,0.103913
2932.77,0.293204
872.918,0.0872112
941.722,0.0939665
1669.82,0.166474
2535.15,0.253388
722.709,0.0722648
721.79,0.0721575
834.589,0.0831299
1036.19,0.103503
1713.53,0.171323
3163,0.316011
1302.93,0.130284
2601.03,0.260039
782.801,0.0782745
1428.93,0.142852
1881.89,0.188082
885.808,0.0885568
2744.52,0.274189
1011.2,0.101116
920.321,0.0919878
982.865,0.0982787
1963.92,0.195534
1037.36,0.103668
916.124,0.0915756
2383.31,0.23796
2108.91,0.210215
1309.99,0.130964
1035.89,0.103585
1162.23,0.115975
2033.34,0.203267
850.85,0.0850764
1755.61,0.175553
1445.98,0.144561
1911.33,0.191074
2974.1,0.297189
854.652,0.0853083
1238.58,0.123771
1807.22,0.180681
714.11,0.0713259
545.82,0.054581
1068.69,0.106679
416.926,0.0416913
1354.3,0.135401
1006.88,0.100649
1422.94,0.142263
1219.25,0.119427
734.409,0.073436
2339.49,0.23387
2469.16,0.246513
1355.79,0.135575
2313.61,0.231301
578.4,0.0578322
1208.7,0.120787
2015.84,0.201202
985.1,0.0983886
1430.64,0.14305
6870.43,0.685538
1490.63,0.14905
850.621,0.0850495
2143.4,0.21372
4175.62,0.41641
3370.11,0.336629
718.784,0.071281
3558.83,0.607705
918.674,0.0918652
422.063,0.0421901
1241.13,0.124091
829.294,0.082916
1186.87,0.118642
2670.67,0.266914
1303.92,0.130369
947.13,0.0946345
1156.59,0.115641
1177.48,0.11421
1444.45,0.14413
1459.82,0.145769
1681.45,0.168138
623.206,0.0587301
1400.19,0.139799
772.188,0.0771903
1080.43,0.107502
2132.29,0.213146
3969.03,0.396614
1291.19,0.129098
1020.44,0.101994
2098.6,0.209299
1500.34,0.149988
1306.65,0.13064
986.429,0.0986044
952.332,0.0950727
1156.23,0.115597
1159.73,0.115969
1821.04,0.182051
2636.42,0.263242
1069.48,0.106455
922.611,0.0920071
3629.83,0.362478
1216.74,0.121562
2252.63,0.225187
2230.66,0.222896
768.893,0.0768638
1475.33,0.147512
3538.42,0.353496
1024.76,0.102407
2717.83,0.271484
1289.16,0.128882
2278.15,0.227717
2318.26,0.231746
1107.87,0.110648
2994.79,0.298955
1685.2,0.167022
1999.49,0.19991
1441.23,0.144114
983.123,0.0982891
2232.16,0.223065
450.427,0.0450123
861.074,0.0860604
923.78,0.0922753
13927.3,1.38802
1222.31,0.122205
760.855,0.0760779
1420.16,0.141963
2456.33,0.245547
979.114,0.09785
692.125,0.0691142
4145,0.412682
806.813,0.0806246
736.671,0.0735404
1607.37,0.160647
2382.75,0.238019
922.358,0.0922324
1127.04,0.112698
1545.92,0.15441
1024.39,0.102399
759.699,0.0759676
881.486,0.0881318
1582.79,0.158068
623.743,0.0622985
1686.79,0.168622
955.339,0.0955276
1021.93,0.102164
910.483,0.0910387
1035.21,0.103385
932.262,0.0932118
1390.05,0.138988
854.186,0.0854135
1244.73,0.124407
1419.33,0.141898
4596.16,0.45631
2640.42,0.264012
1263.44,0.126333
2122.89,0.212121
2871.58,0.287109
1026.99,0.102631
1333.03,0.132731
997.547,0.0996716
2057.13,0.205666
1670.98,0.166989
792.672,0.0792596
1393.41,0.139268
3047.84,0.304701
1068.03,0.10678
2011.47,0.201112
1119.75,0.111916
1374.82,0.137444
2622.99,0.261807
960.288,0.0960207
883.222,0.0882916
2411.64,0.24111
645.635,0.0645565
900.068,0.0898658
1697.9,0.169678
1957.83,0.195659
1482.36,0.148184
1749.29,0.174865
1403.68,0.140313
992.122,0.0991931
603.302,0.0603109
1011.33,0.101123
1052.67,0.105261
1164.98,0.116386
1431.47,0.143143
2701.18,0.269377
1331.39,0.133114
1899.93,0.189847
1085.38,0.108507
586.45,0.0586401
893.803,0.0893695
585.023,0.0584984
859.847,0.0859784
2149,0.214883
940.526,0.0940408
1091.15,0.109019
1075.74,0.107392
931.043,0.0930934
931.344,0.0930534
1117.01,0.111682
765.612,0.0765606
1182.65,0.118251
1205.16,0.120487
650.813,0.065025
1850.64,0.185021
1936.06,0.192336
1032.27,0.103064
2301.45,0.230135
1427.52,0.142742
2315.81,0.231504
4291.25,0.427846
1202.67,0.120255
1065.85,0.10648
1042.59,0.104051
2140.57,0.214036
1263.85,0.126182
1302.04,0.130191
2266.59,0.223898
1320.34,0.131805
395.532,0.0395356
905.772,0.0905593
5226.75,0.522453
1797.96,0.179721
2321.09,0.231845
1231.77,0.123157
807.344,0.0807019
609.993,0.0609975
1494.76,0.149345
1226.4,0.122604
1428.1,0.142753
1125.16,0.112346
1043.5,0.1043
1435.26,0.143469
1225,0.122487
1405.82,0.140508
1408.68,0.140854
1638.72,0.163729
1108.86,0.108299
746.43,0.074609
799.028,0.0798493
823.251,0.0822861
1711.95,0.171133
1499.95,0.149971
833.26,0.0832161
600.374,0.0600337
3927.78,0.392167
4444.16,0.443403
1836.75,0.183639
1371.51,0.137057
1075.53,0.107464
772.14,0.0768939
834.851,0.0834682
948.229,0.0948135
2605.67,0.260458
802.753,0.0802444
1036.57,0.103359
684.389,0.0684032
1003.06,0.100257
3343.52,0.333782
700.814,0.0700312
901.081,0.0901066
1283.92,0.128385
961.894,0.0961539
11435.7,3.13022
1963.26,0.196279
696.1,0.0696035
772.789,0.0772717
1159.06,0.115868
2192.58,0.21906
3823.12,0.381191
1270.81,0.126986
2584.69,0.258337
1129.18,0.112907
1292.95,0.129221
5731.08,3.20147
998.823,0.0998699
1401.17,0.139652
860.104,0.0859876
1355.17,0.135483
1815.31,0.181459
3223.44,0.314793
1199.05,0.119879
707.51,0.0707408
1200.48,0.119997
1197.82,0.119739
1005.76,0.100503
1213.93,0.121325
1105.94,0.110587
1355.76,0.135566
1120.57,0.112012
849.276,0.084893
1616.55,0.16156
3800.38,0.379838
3740.52,0.3734
1249.01,0.124859
1200.38,0.119855
1005.48,0.100531
934.451,0.0932776
2431.88,0.243104
2107.04,0.210634
903.578,0.0903522
1419.9,0.141802
1685.57,0.168353
2549.29,0.254734
1503.12,0.15027
1687.73,0.168759
691.438,0.0689193
1599.86,0.159888
2433.77,0.243271
1274.22,0.127302
1682.34,0.168172
1210.89,0.120853
816.621,0.0816431
21687.2,2.14804
1315.87,0.131531
1081.96,0.108191
2313.54,0.230503
2914.98,0.291439
1764.07,0.176315
1291.23,0.129081
756.588,0.0754346
1312.2,0.131184
1228.42,0.122768
895.865,0.0895527
840.91,0.0840711
1067.42,0.106735
1493.09,0.148545
2165.87,0.216422
1631.73,0.16313
2863.27,0.285985
973.738,0.0973219
1245.63,0.124286
1643.39,0.164315
1853.16,0.185239
790.06,0.0790027
874.936,0.0873425
712.419,0.0712375
2537.02,0.253625
1117.05,0.111656
1452.86,0.145255
1641.88,0.164141
1749.5,0.174907
1123.78,0.112366
2162.57,0.216166
763.465,0.0763128
1350.77,0.135023
735.037,0.0734847
1036.35,0.103345
1161.74,0.116118
616.028,0.0615145
955.221,0.0949152
940.241,0.0940156
780.813,0.078074
571.216,0.0569837
2253.47,0.225181
953.096,0.0952233
1638.8,0.163871
2394.22,0.239398
1709.14,0.170901
8622.68,2.01573
1204.97,0.120417
1646.92,0.164632
1497.38,0.149341
1173.06,0.117282
1885.92,0.188523
906.846,0.0906804
7658.98,0.76382
1752.04,0.175016
1056.14,0.105524
1283.83,0.128352
663.314,0.0662949
1912.28,0.191082
1514.56,0.151238
998.953,0.0998442
1939.64,0.193914
1484.08,0.148098
1118.75,0.111761
899.802,0.0899703
1171.47,0.11714
2111.25,0.211111
1740.99,0.173957
11897.8,3.32697
2836.32,0.283533
1579.2,0.157642
1710.42,0.171012
1625.71,0.162546
955.691,0.0955488
2529.79,0.252798
1518.42,0.136875
1556.56,0.155593
1028.67,0.102856
1413.29,0.141218
863.378,0.086297
946.579,0.0946417
573.833,0.0573386
2202.61,0.219708
892.149,0.0891827
1121.86,0.111976
547.485,0.0546932
1107.28,0.110701
1011.54,0.101151
579.356,0.0579328
942.203,0.0942095
1817.69,0.18174
6237.14,0.622968
1375.09,0.137205
1107.78,0.110736
7739.5,0.931892
2142.17,0.214078
708.368,0.0707904
1763.16,0.176213
3663.96,0.366223
1397.57,0.139733
881.218,0.0879334
1099.97,0.109947
1728.11,0.172737
1396.28,0.139604
1108.88,0.110848
2189.4,0.21839
3749.14,0.374734
2136.08,0.213539
597.832,0.0597752
1258.16,0.125781
2366.8,0.236387
1662.97,0.166221
2331.19,0.23307
4223.88,0.422116
1133.99,0.113118
2119.53,0.211895
1953.01,0.195249
504.151,0.0503494
821.07,0.0820794
1467.04,0.146632
984.262,0.0984118
3258.77,0.325795
1557.72,0.155613
1100.8,0.110062
2183.23,0.218218
914.072,0.0914047
458.412,0.0458377
1789.8,0.178881
1687.8,0.168738
816.8,0.0816118
753.484,0.0753307
955.191,0.095514
601.091,0.0600714
1012.23,0.101174
1118.55,0.11184
2746.52,0.274577
1590.63,0.158793
778.587,0.0778461
1292.17,0.12917
811.501,0.0804172
1132.63,0.113157
878.994,0.0878574
732.129,0.073128
2805.66,0.28049
2292.96,0.229164
1935.81,0.193554
729.531,0.0728983
1979.46,0.19785
574.793,0.0574649
2172.9,0.217266
3938.11,0.392951
992.484,0.0991363
1347.41,0.134173
882.163,0.0881495
1177.78,0.117764
1069.55,0.106938
843.745,0.0843723
3037.1,0.301498
3439.51,0.340768
705.869,0.070558
1642.77,0.164216
1384.06,0.13832
1231.67,0.123021
2368.27,0.236755
714.185,0.0714146
821.193,0.0819818
1946.07,0.194246
1304.99,0.130465
865.011,0.0864984
524.517,0.0524347
1298.5,0.129814
1317.6,0.131729
1491.9,0.149157
2421.23,0.241727
1224.24,0.12241
1268.63,0.12683
808.472,0.0808418
1664.3,0.166378
1346.83,0.134602
1659.09,0.165548
1078.27,0.107696
1109.51,0.110905
2292.15,0.228159
912.514,0.0912233
1567.73,0.156401
917.11,0.0916174
1484.72,0.148382
21822.5,2.15417
4423.1,0.441474
750.585,0.075024
1314.81,0.131388
1033.2,0.103271
1386.44,0.138584
782.678,0.0782656
2674.2,0.267289
1042.6,0.104172
1229.09,0.122898
1131.91,0.112847
488.625,0.0488203
1110.66,0.110645
990.759,0.0990665
1621.16,0.162099
1500.48,0.150038
1074.5,0.107438
4182.4,0.417878
2008.2,0.200588
2009.12,0.200496
633.961,0.0633448
16361.7,1.63321
1199.95,0.119881
1136.33,0.113594
964.615,0.0964474
744.665,0.0744462
873.585,0.087306
1674.44,0.167427
1052.95,0.105263
852.46,0.0851981
1482.17,0.147599
1123.85,0.112349
1987.38,0.198703
1132.05,0.113178
1269.66,0.126892
1584.92,0.158408
1324.71,0.132409
686.726,0.0686705
1172.7,0.117249
1005.28,0.100371
817.936,0.0817812
730.284,0.0729816
686.03,0.0685987
492.78,0.049276
1235.94,0.123541
1021.01,0.102076
1630.06,0.163001
1577.73,0.157764
958.513,0.0958443
2579.12,0.257739
2509.97,0.250979
2618.06,0.261013
1247.95,0.124449
1028.99,0.102789
3883.68,0.388067
830.42,0.0830122
589.678,0.0588912
968.251,0.0967694
1069.97,0.106949
1004.64,0.10039
2440.75,0.243832
1106.43,0.110617
1486.35,0.149043
544.818,0.0544662
884.285,0.0884112
16779.6,1.6704
1773.02,0.177283
930.034,0.0929006
1994.61,0.199403
692.838,0.0692317
1182.84,0.118265
967.247,0.0966971
1688.09,0.168675
1061.14,0.106078
1057.59,0.105754
927.325,0.092716
1300.02,0.129946
1359.3,0.135906
1161.66,0.116064
1542.42,0.154237
753.81,0.0753377
1341.3,0.134122
2597.07,0.259666
2609.3,0.260412
696.707,0.0695186
3434.62,0.343191
6987.78,0.698592
2571.83,0.256958
1295.16,0.129279
744.133,0.0742632
1094.88,0.109478
1314.45,0.131271
903.928,0.0903782
1250.9,0.125076
768.8,0.0768572
904.313,0.0903783
670.306,0.0670162
944.83,0.0944392
2053.38,0.205275
1097.89,0.109775
1013.97,0.101241
5438.34,0.543067
986.661,0.0986337
1728.12,0.172806
3135.23,0.313442
1572.98,0.157229
1763.16,0.1763
2529.75,1.10199
1340.9,0.1338
1773.52,0.177009
1135.21,0.113487
1493.86,0.149369
595.552,0.05955
1282.35,0.128207
1426.01,0.142423
946.783,0.0946763
743.197,0.0743122
725.844,0.0725391
2330.89,0.232936
964.149,0.0964018
1115.37,0.111491
641.019,0.0640377
2831.81,0.283085
1224.93,0.122485
911.345,0.0911253
785.003,0.0755956
668.695,0.066867
2293.27,0.229207
1839.12,0.183826
1088.02,0.108781
721.632,0.0721574
1478.41,0.147483
959.457,0.0958343
1343.08,0.134238
1770.5,0.176952
2406.23,0.240307
999.809,0.0999073
1749.96,0.174953
1403.32,0.140226
2927.21,0.292554
924.739,0.0924546
1721.34,0.172074
1950.25,0.193588
929.36,0.0929236
3103.87,0.309926
2817.02,0.281573
1051.37,0.105033
2352.18,0.235173
13361.9,1.33275
953.76,0.0953582
1142.02,0.114187
1699.71,0.169401
716.051,0.0715772
1179.81,0.117963
8262.9,3.70283
681.01,0.0680796
920.741,0.0920558
1579.68,0.157925
1210.21,0.120983
2276.91,0.22758
1392.67,0.139218
876.671,0.087606
1015.07,0.101485
827.828,0.0827677
1039.95,0.103934
1019.87,0.101929
6954.1,0.694655
1037.52,0.10369
966.394,0.0966111
783.584,0.0783484
1245.01,0.124487
1375.41,0.137505
1436.72,0.143595
1162.05,0.116132
913.993,0.0913896
1426.71,0.142589
934.538,0.0934345
1282.46,0.12824
4852.29,0.484603
893.621,0.0830238
1426.6,0.142298
2232.24,0.22313
1033.6,0.103313
1578.84,0.157841
2353.1,0.235222
1057.88,0.105752
2120.13,0.211888
13019.8,1.29772
676.409,0.0676315
823.829,0.0823522
1675.58,0.167555
534.923,0.0534889
1713.55,0.171331
1325.56,0.132496
1204.73,0.12037
1376.42,0.137529
1385.99,0.138469
696.934,0.0696926
1232.28,0.123216
703.294,0.0702518
1501.61,0.150041
1596.12,0.159557
2060.34,0.20594
2021.59,0.20213
1682.81,0.169355
949.483,0.0948951
1254.29,0.125353
547.86,0.0547543
2108.31,0.210801
1698.25,0.169775
1115.49,0.111288
562.235,0.0561676
1627.99,0.162792
2918.51,0.289788
844.056,0.084362
894.264,0.0891369
1013.66,0.101342
2880.75,0.28752
727.934,0.0727865
934.701,0.0934
1126.11,0.112483
868.454,0.0880883
1056.82,0.10566
2223.22,0.222224
915.663,0.0904789
1071.55,0.107119
1393.6,0.139287
866.427,0.0866074
1236.21,0.123589
691.779,0.0691681
1715.32,0.171393
1109.03,0.110883
577.034,0.0576899
1232.04,0.123199
1053.92,0.105371
1373.26,0.137302
797.044,0.0796731
2200.42,0.206879
758.274,0.0757992
1448.25,0.144804
1437.99,0.143754
3283.19,0.327782
818.271,0.0816912
887.547,0.0887407
693.17,0.0693103
767.89,0.0766413
2789.9,0.278909
740.969,0.0740795
7618.87,0.758653
7092.49,0.709058
2156.66,0.215481
1236.41,0.12362
1579.05,0.157901
2304.61,0.230356
820.403,0.0819625
1158.47,0.115761
768.792,0.0768576
844.097,0.0839873
831.695,0.0831519
963.819,0.09636
2850.18,0.284528
1017.67,0.101745
1455.07,0.145504
902.97,0.0902771
642.453,0.0640574
590.873,0.0590372
1415.57,0.141349
2234.88,0.223482
784.515,0.0783727
445.698,0.0445152
1201.26,0.120099
628.59,0.0628381
3342.09,0.331745
590.896,0.0590182
603.861,0.0603761
868.907,0.086886
1196.02,0.119503
1050.75,0.10502
1944.15,0.194343
1392.76,0.139259
685.944,0.0684818
3487.19,0.348401
1190.72,0.119023
986.368,0.0986161
2268.11,0.226021
767.149,0.0766697
1216.46,0.121444
1036.3,0.103595
1802.02,0.180134
1192.92,0.119286
3233.88,0.323107
836.974,0.0836934
2436.37,0.243457
738.08,0.0737757
951.521,0.095049
1217.07,0.121685
964.641,0.0964582
13540,1.33794
1358.58,0.135848
847.033,0.0846732
1866.48,0.186609
526.226,0.0526219
6910.45,0.690388
1677.42,0.167384
1779.38,0.177781
1320.75,0.132057
1640.53,0.164014
1615.46,0.16154
2139.06,0.213791
1958.7,0.195582
1612.49,0.161108
6585.03,0.654104
991.302,0.0991267
1601.44,0.160069
3083.78,0.308217
2616.65,0.261594
1555.52,0.155471
1540.29,0.154012
1190.04,0.118989
1583.13,0.158177
2115.35,0.211386
1441.19,0.144095
966.676,0.096377
9930.08,0.99032
2495.24,0.248989
1406.02,0.140385
1185.23,0.118436
935.401,0.0935173
2194.91,0.219445
943.396,0.0943079
871.862,0.0871783
5250.35,0.523851
1136.98,0.113679
895.555,0.0894996
1299.73,0.12971
15079.3,4.37424
1035.98,0.102898
728.08,0.0728029
1939.24,0.193869
1852.23,0.185188
850.378,0.0850367
1417.84,0.141772
961.202,0.0960488
2016.76,0.20133
1084.5,0.108443
893.913,0.0893438
938.727,0.0938703
1909.05,0.190863
1004.45,0.10024
1829.64,0.184081
1252.44,0.125166
770.032,0.0769724
485.335,0.0484991
1494.69,0.149452
740.177,0.0739314
10135,1.00822
879.538,0.0877075
1117.48,0.111724
1385.5,0.136944
1135.31,0.113498
864.855,0.0864654
1980.73,0.197957
1613.79,0.161291
1147.66,0.114731
945.211,0.0944886
3060.2,0.3058
1087.45,0.108724
2458.55,0.245644
978.149,0.0976707
1418.94,0.141849
1352.11,0.135176
2974.39,0.29708
1363.6,0.136213
823.388,0.0823335
1397.04,0.139469
510.482,0.051044
591.69,0.05914
569.037,0.0568609
669.3,0.0667894
1401.87,0.14012
686.069,0.068581
1334.48,0.133435
1360.53,0.135939
1052.84,0.105215
1240.97,0.124022
1781.89,0.178181
1941.86,0.194163
625.857,0.0625799
1038.69,0.103843
706.065,0.0705971
891.322,0.0890767
785.281,0.0785063
1436.66,0.143658
2925.26,0.292439
1675.35,0.166214
1163.17,0.116276
1216.11,0.11555
998.519,0.0998444
1492.4,0.149215
2326.9,0.232354
976.901,0.0976732
1321.28,0.133059
4926.13,0.492166
1589.93,0.158962
1154.43,0.114943
1731.61,0.173143
736.935,0.073647
1179.56,0.117949
725.365,0.0724759
834.658,0.0834524
1141.51,0.114137
1724.37,0.147958
3341.5,0.333987
777.76,0.0777623
2325.31,0.232476
941.424,0.0939035
1504.14,0.150323
579.697,0.0579621
2347.5,0.234638
840.975,0.0840239
1377.57,0.137711
1785.7,0.17833
705.284,0.070496
946.036,0.0945306
1049.92,0.104984
1402.82,0.140167
1867.14,0.186532
641.641,0.0641467
1009.99,0.100903
1326.76,0.132629
1981.15,0.198083
967.78,0.0930587
4757.49,0.475266
820.991,0.0820314
1106.2,0.110562
1731.66,0.172922
538.226,0.053806
1555.77,0.155493
659.263,0.0659247
1433.6,0.143262
1966.62,0.196529
1004.13,0.100331
4470.4,0.446432
7995.35,0.799059
1220.14,0.121638
8957.06,0.890272
1046.89,0.10465
1244.99,0.124488
806.983,0.0806256
791.303,0.0791095
4048.84,0.404689
2863.25,0.286181
414.852,0.0414729
2141.02,0.214007
1150.85,0.114874
563.35,0.0563251
1364.53,0.136386
1962.04,0.196191
1108.26,0.108214
1595.68,0.159439
773.053,0.0772945
1354.22,0.135386
7441.45,0.743922
1342.47,0.134119
950.655,0.0950236
716.595,0.0716423
1085.1,0.108488
739.55,0.0737669
1127.68,0.112759
962.274,0.0962239
1075.71,0.10465
871.704,0.0868514
1503.22,0.150292
1563.08,0.156248
1282.12,0.128157
863.205,0.0862942
3353.37,0.335031
756.792,0.075336
1501.97,0.150001
2166.81,0.216503
2523.16,0.252263
1021.37,0.101997
1326.37,0.127188
2319.38,0.231886
2494.37,0.24924
1098.32,0.109826
2934.77,0.293398
821.07,0.0820547
1517.48,0.151414
3519.47,0.351794
3084.51,0.308067
6408.71,0.63904
696,0.0695948
1175.35,0.117462
1494.53,0.149442
1121.5,0.11102
1253.03,0.125227
1380.88,0.137987
1081.14,0.108104
818.082,0.0818055
1147.78,0.11469
1562.89,0.156225
1503.71,0.150305
1464.17,0.145311
3911.5,0.390709
15238.9,1.5177
707.853,0.0665598
2249.21,0.224641
555.794,0.0555688
2609.68,0.260853
1517.48,0.151684
3003.1,0.300258
679.88,0.0679597
7130.48,0.712777
1308.78,0.13085
1652.02,0.165134
2259.39,0.225535
3052.84,0.305156
1513.14,0.151282
1443.14,0.144303
2477.77,0.247108
1165.32,0.116474
2262.87,0.226186
1168.81,0.116863
1914.38,0.190312
1468.58,0.146839
1301.91,0.130169
841.365,0.0841265
881.124,0.0880877
1539.01,0.153852
1058.2,0.105775
1162.27,0.116192
1763.22,0.176296
856.972,0.0856439
1220.78,0.122003
820.584,0.0819131
1620.2,0.161994
1125.84,0.112461
1946.16,0.19414
678.446,0.0677258
780.305,0.0780222
2107.99,0.210774
644.14,0.0643431
1729.17,0.172833
8468.97,0.84436
2697.38,0.269275
2040.38,0.20391
756.046,0.0755794
7933.16,0.790525
1006.87,0.100549
1829.79,0.182563
1890.24,0.188702
1434.93,0.143427
840.241,0.0840169
8168.41,0.815418
1106.26,0.110577
1039.53,0.103937
1209.3,0.120889
2009.31,0.200793
2739.02,0.273808
2440.15,0.243267
1049.96,0.104963
814.816,0.0814014
1173.53,0.117286
1355.64,0.135452
1115.99,0.111364
1227.26,0.122595
1886.72,0.188306
2313.37,0.231077
1559.39,0.155863
1388.48,0.138753
1364.71,0.13631
4708.37,0.470603
923.438,0.0922194
1305.46,0.130527
1461.47,0.146109
1086.43,0.108589
7355.74,0.735023
1402.08,0.139544
2658.33,0.26561
1208.71,0.120843
1178.59,0.117852
2007.62,0.200625
1705.25,0.170461
896.718,0.0896621
1597.12,0.159675
4610.11,0.460495
1183.77,0.118341
1059.98,0.105782
1043.17,0.104287
1627.98,0.162771
3995.15,0.399013
1286.24,0.12838
1514.24,0.151326
1449.26,0.14492
2425.78,0.242346
1265.95,0.126538
935.293,0.0934922
1569.14,0.156768
1220.62,0.122009
2061.71,0.206158
1728.84,0.17278
925.593,0.0925268
1386.68,0.13865
1943.1,0.194046
1099.57,0.109748
3024.85,0.302327
1042.42,0.104185
1416.46,0.141595
3661.51,0.365911
1558.11,0.155747
1917.85,0.191737
1081.98,0.108186
756.543,0.0756496
2081.41,0.208097
1274.3,0.127352
1525.53,0.15253
1131.57,0.113147
2399.26,0.239663
1050.29,0.104696
1509.73,0.150799
1613.17,0.161235
734.468,0.0734302
743.614,0.0743595
892.134,0.0891393
1644.65,0.164418
986.492,0.0985914
2888.95,0.288743
8186.25,0.817046
1507.11,0.150696
1118.16,0.111803
1756.56,0.175566
2206.13,0.220524
3068.85,0.306654
1212.24,0.120866
1056.42,0.105626
1657.45,0.165281
1069.99,0.106989
762.747,0.0762308
845.287,0.0844916
1773.4,0.177214
3112.98,0.311176
1036.77,0.103665
1366.54,0.136647
1337.46,0.133713
5133.41,0.51269
844.582,0.0843722
7162.28,0.715355
1100.91,0.110075
3663.36,0.366276
1350.82,0.134898
853.793,0.085335
1459.09,0.14587
2898.57,0.289706
1751.54,0.17501
1639.24,0.164505
638,0.0637936
3284.97,0.328253
2716.32,0.271328
1405.85,0.140559
2098.26,0.209735
1584.04,0.158392
881.716,0.0881528
1940.75,0.191482
907.218,0.0906708
5683.5,0.567395
860.076,0.0860058
1714.57,0.167214
982.242,0.0981649
1487.22,0.148716
1695.83,0.169384
1557.78,0.155276
1917.4,0.1916
834.212,0.0833709
1078.46,0.107792
1346.87,0.134584
3007.73,0.300741
691.922,0.0691832
1378.11,0.137782
646.725,0.0646559
1016.52,0.101639
1077.96,0.107768
2410.05,0.240973
1754.53,0.175433
1274.43,0.127378
965.541,0.0965124
673.614,0.0673072
2269.77,0.226642
1289.07,0.128899
1851.46,0.185066
943.684,0.0943634
658.403,0.0658366
2029.3,0.202897
4691.26,0.463013
3764.23,0.376096
508.745,0.0507559
9523.34,2.07053
1398.61,0.139529
3253.43,0.324892
1245.7,0.124349
1183.9,0.118295
645.478,0.0645387
1246.94,0.124668
1847.74,0.184731
1306.3,0.130581
656.536,0.0656451
1365.97,0.136521
1282.58,0.128242
1610.26,0.161002
884.189,0.0881
1170.31,0.116983
3977.49,0.397356
833.373,0.0833098
1236.66,0.123656
1586.66,0.158414
572.042,0.0572036
1171.64,0.117124
9089.11,0.90423
1678.06,0.167749
826.018,0.0825967
1560.68,0.156008
682.696,0.068268
5944.48,0.573869
1031.18,0.103073
810.679,0.0810658
1071.4,0.106922
1607.62,0.160723
1364.77,0.136409
3291.56,0.328669
818.694,0.081862
844.683,0.0844641
952.538,0.0950946
2730.77,0.272765
2308.01,0.23078
1203.1,0.120244
1807.82,0.172763
2371.49,0.237123
598.733,0.0598651
883.381,0.0883283
1993.93,0.199361
838.17,0.0838133
1337.77,0.133762
2349.15,0.234811
926.852,0.0926646
1555.57,0.155548
1354.03,0.135389
912.536,0.0911568
2082,0.207897
1161.03,0.116087
2288.33,0.228673
1798.55,0.179714
1468.54,0.14684
1055.2,0.105515
1759.79,0.175854
5832.8,0.582967
928.323,0.0928246
1434.21,0.142691
1483.75,0.148362
542.02,0.0541992
987.675,0.098572
2234.98,0.223477
5057.27,0.505597
1070.36,0.106904
3136.71,0.313118
6642.58,0.995593
931.839,0.0931384
1181.18,0.118014
1691.43,0.169082
1424.79,0.142441
505.718,0.0505469
2137.27,0.213662
1955.69,0.195399
728.204,0.0728051
1033.86,0.103225
1111.58,0.111045
1465.96,0.145849
4385.04,0.437361
2324.78,0.231493
1036.38,0.103589
1184.43,0.118429
766.625,0.076641
1011.48,0.101028
2405.95,0.240341
1201.35,0.12013
780.42,0.078027
1313.45,0.131079
844.462,0.0844071
2861.58,0.28587
687.176,0.0687005
1010.94,0.101025
2872.63,0.287199
5218.29,0.520708
1164.79,0.116458
3144.55,0.314262
849.216,0.0849056
1232.07,0.122936
1092.39,0.108619
716.219,0.0716075
1695.42,0.16934
1271.93,0.126972
1047.9,0.104775
1642.04,0.164145
2187.8,0.217994
937.811,0.0936712
993.225,0.0992301
2615.01,0.261327
1610.41,0.160986
1620.84,0.162058
1711.99,0.171155
1039.18,0.103915
3415.91,0.341365
1313.36,0.131314
923.936,0.0923658
966.892,0.0965699
1890.59,0.189054
3541.55,0.353819
579.886,0.057953
1791.82,0.178313
1925.45,0.1925
828.183,0.0827931
1530.19,0.152359
9756.89,0.974383
1651.91,0.165011
964.736,0.0950743
1004.06,0.100157
2495.59,0.249234
4884.18,0.488038
2887.8,0.288548
2364.64,0.236448
1521.71,0.151807
662.731,0.0661408
2302.05,0.230019
1069.42,0.106884
950.772,0.0950478
1141.86,0.114134
1496.44,0.149483
2220.53,0.22192
3121.84,0.311944
1116.7,0.111661
876.036,0.0875193
1966.6,0.190029
2163.39,3.52588
1408.25,0.140693
1353.3,0.135017
2297.5,0.22967
2914.45,0.291302
2857.9,0.285567
1405.84,0.14054
3199.75,0.319292
825.827,0.0825383
1597.04,0.159602
4481.91,0.447917
1366.71,0.136659
686.084,0.0686014
2104.33,0.210382
1174.94,0.117468
1163.27,0.116319
991.642,0.0991529
944.905,0.14679
1916.66,0.191402
1403.69,0.139473
26383.6,2.61953
2328.94,0.231897
1267.08,0.126705
1353.1,0.134846
825.231,0.082485
1011.17,0.101089
1617.92,0.161762
4219.92,0.421836
1111.09,0.111102
1308.7,0.130774
1115.06,0.111437
1903.36,0.190128
1042.25,0.104179
1284.5,0.128448
1691.64,0.169138
1636.51,0.163506
845.045,0.0844949
1445.07,0.144456
689.345,0.0689304
1143.08,0.114274
1361.85,0.136136
1274.99,0.127477
1088.29,0.108819
1490.64,0.149058
1768.06,0.176776
994.319,0.0994032
2562.88,0.25622
1522.42,0.15209
1103.7,0.110227
908.903,0.0908824
1097.4,0.109711
2628.11,0.262769
1773.85,0.176284
850.754,0.0850432
682.796,0.0682751
494.771,0.0494526
1108.75,0.110823
1252.88,0.125254
3707.56,0.36998
3674.25,0.367141
1060.25,0.105996
1461.56,0.14613
5376.92,0.536346
646.919,0.0646567
961.691,0.0961521
474.858,0.0472696
1175,0.117442
988.331,0.0987644
1452.46,0.0925386
1230.8,0.12254
1714.52,0.171415
1409.63,0.140791
837.741,0.0837356
995.061,0.0994894
3101.17,0.309272
3279.94,0.327778
955.871,0.0955737
1012.43,0.101241
3095.36,0.309428
1382.74,0.138255
6969.72,0.694464
1273.72,0.127161
2773.36,0.277228
987.319,0.0987198
917.032,0.0916393
1490.18,0.14898
917.045,0.0916592
1743.88,0.174344
499.386,0.0480353
1693.85,0.16926
912.97,0.0912665
1167.31,0.116553
2266.74,0.226626
1315.78,0.131571
2716.99,0.271217
15748.3,2.82535
719.878,0.0719635
867.966,0.0865484
2029.25,0.202858
683.028,0.0682946
922.7,0.0922129
1060.71,0.106043
1998.09,0.199663
1079.86,0.107932
971.982,0.0971826
2077.1,0.206959
1519.29,0.151248
1904.11,0.190229
1279.73,0.127937
1402.83,0.140251
2346.5,0.23299
1996.17,0.199453
957.089,0.0956884
1678.93,0.167815
3269.25,0.326779
1664.1,0.166367
2457.11,0.245612
1164.26,0.116382
1144.25,0.11439
2539.27,0.253764
925.233,0.0924433
1095.07,0.10949
1773.47,0.169643
644.536,0.0644521
942.583,0.0942556
1011.93,0.101186
781.534,0.0781119
1051.52,0.105053
1462.94,0.14627
1015.46,0.101496
1416.03,0.141547
1483.17,0.147855
1592.53,0.159192
1781.62,0.178049
1201.15,0.120098
1463.3,0.146244
2197.03,0.219683
1305.17,0.130509
1381.34,0.138117
654.905,0.0654752
1019.33,0.101833
898.35,0.0872642
741.746,0.0741596
806.336,0.0805748
3853.76,0.385306
1381.77,0.13788
884.905,0.0884659
902.234,0.0901907
618.065,0.0617918
870.194,0.0869949
1911.69,0.191145
1480.9,0.148068
1141.25,0.11411
880.408,0.0879854
1724.61,0.172403
1035.98,0.103568
1578.42,0.157817
1505.88,0.150577
924.977,0.0924919
3831.99,0.382628
777.878,0.0775919
510.033,0.051002
1706.91,0.170606
716.935,0.0716814
3412.4,0.340992
1188.18,0.118806
1221.37,0.122066
980.838,0.0980783
1679.55,0.167923
484.504,0.0483993
872.955,0.0872921
1797.2,0.179503
993.396,0.0993378
655.457,0.0654821
1173.79,0.117213
1086.54,0.108572
1057.98,0.105714
1044.46,0.104439
1215.53,0.121188
842.924,0.084242
917.567,0.0917279
1483.5,0.148254
1973.6,0.197185
1778.7,0.177657
508.594,0.0508472
1742.37,0.174102
1901.77,0.190164
968.51,0.0968258
876.563,0.0876283
1104.91,0.110307
3152.4,0.314909
1028.16,0.102802
436.706,0.0435516
603.371,0.0603335
776.916,0.0776797
2605.09,0.260457
2169.52,0.21632
1216.07,0.121435
1016.43,0.101065
794.729,0.0793845
787.618,0.0787309
1347.51,0.134721
1786.09,0.178375
1055.03,0.105498
639.935,0.0639155
694.537,0.0693953
912.874,0.0912722
1508.31,0.150799
1570.36,0.15699
1001.51,0.10014
1001.6,0.100038
2210.81,0.220891
613.137,0.0613082
771.774,0.0771634
1319.41,0.131835
1062.76,0.106194
2774.75,0.277181
2689.11,0.268603
1292.21,0.129139
1962.47,0.196048
1466.09,0.146535
1337.25,0.133686
12523.4,1.25128
1130.15,0.112998
824.671,0.0822304
5605.64,0.559389
1033.52,0.103303
1031.66,0.102983
1124.52,0.112268
955.624,0.0954952
1439.09,0.143874
1352.49,0.135072
558.589,0.0558574
971.842,0.0971464
1700.02,0.169655
2907.77,0.170993
1135.18,0.113508
1201.21,0.120054
801.56,0.0801242
705.918,0.0705238
1104.7,0.110427
2049.04,0.204752
13701,3.2766
1018.68,0.101816
784.769,0.0784585
785.541,0.0785278
1274.72,0.127453
937.547,0.0937521
757.24,0.0756852
852.057,0.0851769
1250.64,0.125037
944.567,0.0944537
1047.11,0.104477
987.62,0.0987022
984.653,0.0984605
5198.95,0.518907
1362.84,0.136177
1283.76,0.128362
1353.63,0.135235
914.768,0.0913508
2276.03,0.22744
683.132,0.0683111
2921.62,0.291858
3339.95,0.333858
985.778,0.0985401
555.481,0.0555294
1756.81,0.175312
1285.91,0.128559
719.169,0.0719014
1131.65,0.113134
1988.75,0.198513
1090.61,0.109049
999.558,0.0999487
1047.99,0.104743
1236.27,0.123619
2845.32,0.275541
812.788,0.0812733
1157.6,0.115686
2628.5,0.262762
1530.73,0.15298
2437.05,0.243389
2690.92,0.269054
985.062,0.0984004
1408.04,0.140737
2034.31,0.203312
1411.16,0.141076
708.458,0.0708158
1270.63,0.126368
10260.2,1.02262
2264.02,0.226375
952.806,0.0949735
1710.81,0.171005
1067.75,0.10675
2315.14,0.231169
489.645,0.0489547
642.601,0.0642192
1256.89,0.125393
1067.33,0.106696
1133.33,0.113279
1551.84,0.154944
1006.77,0.100672
1852.49,0.184624
1477.57,0.14773
877.715,0.0877137
1052.11,0.105199
1147.5,0.113078
1065.4,0.106537
718.592,0.0718422
2039.3,0.203879
904.603,0.0904225
1253.32,0.125198
1487.82,0.148731
1720.36,0.172027
1278.2,0.127809
1248.74,0.12486
1742.38,0.174097
903.469,0.0902979
745.819,0.0742078
1259.97,0.12599
1213.06,0.120567
1614.84,0.161246
730.728,0.0729693
1180,0.117929
752.019,0.0751965
4047.34,0.49779
941.42,0.0940958
2352.33,0.23521
819.456,0.0819244
1130.97,0.113021
1430.7,0.143017
2064.34,0.206288
1225.77,0.122549
1017.16,0.101613
951.23,0.095122
1442.08,0.143988
887.682,0.0887634
824.173,0.0824094
791.431,0.0790554
3759.5,0.375336
884.226,0.0884139
1252.48,0.125186
894.38,0.0893936
854.601,0.0854136
2078.46,0.207803
1835.05,0.182807
853.821,0.0853371
956.177,0.0955242
1149.19,0.114891
1421.91,0.142146
634.722,0.0633822
933.145,0.0932809
3070.77,0.30695
1301.09,0.130086
1000.49,0.0998789
2163.69,0.216101
649.967,0.0649886
1448.72,0.144853
1643.96,0.164362
1174.63,0.117424
815.825,0.0814936
2000.93,0.199968
1082.2,0.108199
1510.63,0.151028
1690.88,0.169021
917.453,0.091713
1095.01,0.109473
1714.43,0.171367
1553.6,0.155273
523.628,0.0523511
7883.48,0.788044
981.198,0.097983
1202.79,0.12024
1840.34,0.183691
910.1,0.0909886
662.94,0.0662927
1087.52,0.108688
687.794,0.0687705
1456.99,0.145572
600.534,0.0600454
3715.59,0.371128
1331.42,0.133125
1830.85,0.182758
936.895,0.0936663
1367.18,0.136679
1637.46,0.163725
4406.83,0.440407
1127.72,0.112743
2019.25,0.201802
2232.37,0.223122
1830.11,0.182968
1403.24,0.140108
2754.93,0.275079
3051.14,0.304797
1057.76,0.105763
893.152,0.0890132
967.332,0.0965601
1229.37,0.122922
1463.89,0.146363
2790.33,0.278942
2295.72,0.229417
2061.77,0.206108
968.617,0.0968047
1170.44,0.117024
8678.39,0.864715
1294.76,0.129466
1624.61,0.162354
2056.53,0.205481
1336.84,0.133672
4959.79,0.495016
774.494,0.0773547
1074.25,0.107203
849.161,0.0849057
1069.89,0.106866
1660.19,0.165936
2041.88,0.204026
3145.21,0.314265
1389.98,0.135911
1363.41,0.136307
893.435,0.0892924
795.473,0.0795441
1350.02,0.134897
3652.83,0.365146
2011.01,0.201041
1294.34,0.129274
2523.24,0.25223
1090.03,0.10899
730.874,0.073073
1224.15,0.122395
790.678,0.0789968
875.958,0.0873939
1081.47,0.108136
2250.28,0.224257
801.923,0.0801636
905.771,0.0904782
1572.45,0.157128
2164.74,0.21645
1192.62,0.119202
613.142,0.0611668
2044.35,0.204302
1721.27,0.171643
1395.4,0.139479
1421.97,0.142181
785.906,0.078494
1037.21,0.103677
10614.6,1.05712
1104.89,0.110446
1465.59,0.146452
855.25,0.085433
1335.31,0.133447
1524.64,0.152455
1011.76,0.101116
874.281,0.0874259
1507.82,0.15071
1628.25,0.162797
1277.03,0.127576
1454.73,0.145297
671.672,0.0671125
870.058,0.0869905
1277.11,0.127301
1795.12,0.179293
896.492,0.089578
2606.85,0.260618
1554.74,0.155341
2746.71,0.274242
