EnergyDeposit(eV),LET(keV/um)
1414.17,0.141342
1049.07,0.104887
828.074,0.0827708
633.348,0.0633071
1147.02,0.114624
1130.64,0.112899
7980.53,0.797873
677.45,0.0677243
734.156,0.0733573
1357.02,0.135677
3099.06,0.307006
1844.39,0.184316
13642.7,1.36347
627.906,0.062762
5760.51,0.57566
14099.6,2.00483
1033.95,0.10336
1117.88,0.111687
1538.97,0.153869
1587.22,0.158641
1032.74,0.103247
1553.6,0.15511
959.597,0.095916
2083.83,0.208278
2558.05,0.254824
1044.2,0.104377
642.796,0.0642667
2393.14,0.239251
1329.92,0.13294
948.661,0.0947668
909.008,0.0908255
1799.01,0.17984
1577.35,0.157667
1335.99,0.13359
3600.98,0.360012
1423.54,0.142322
738.698,0.0738114
1726.04,0.172522
1217.81,0.121697
2776.22,0.27751
2407.33,0.240596
1059.08,0.105888
685.386,0.0685372
1117.19,0.11171
1492.85,0.149241
1359.26,0.135888
1282.93,0.128254
1514.59,0.151407
1042.95,0.104291
2098.47,0.209797
2801.69,0.280028
931.961,0.0931516
1543.91,0.153839
2099.74,0.209759
1038.9,0.103622
1425.91,0.142438
1773.26,0.17729
1149.91,0.114972
1534.51,0.153445
1392.77,0.138852
2028.56,0.202807
5435.23,0.542358
2184.5,0.218395
1295.27,0.129498
1527.66,0.152746
1968.59,0.196515
910.856,0.0909605
2037.35,0.20052
2100.89,0.165561
1917.87,0.191708
1223.21,0.122296
742.715,0.0742346
3676.23,0.367525
1101.82,0.110168
598.173,0.0596666
804.924,0.0803411
1009.09,0.100876
1527.07,0.152479
2420.21,0.241973
1378.07,0.137731
5240.94,0.523504
2534.24,0.25337
1780.93,0.17791
2203.63,0.220322
1502.38,0.150196
1002.99,0.100291
1071.55,0.10712
3789.43,0.378488
1075.21,0.107481
20877.3,2.04947
966.782,0.0966019
1505.07,0.150489
932.392,0.0932107
1204.26,0.12016
1067.95,0.106773
1420.25,0.141779
1941.4,0.194033
1723.98,0.172279
1303.28,0.130202
1242.2,0.12419
1237.43,0.123721
857.963,0.0857948
937.658,0.0937459
953.929,0.0953023
668.614,0.0668457
2740.06,0.273429
997.831,0.0997694
848.022,0.0847804
6606.13,0.659747
961.873,0.0960548
852.784,0.0852552
1013.88,0.101378
1326.69,0.132603
4205.67,0.39098
1164.12,0.116396
1028.14,0.102708
3596.03,0.358352
1701.68,0.169966
664.61,0.0664044
2679.46,0.267883
675.025,0.0674885
1181.94,0.118185
762.402,0.0761311
1003.71,0.100102
1942.12,0.193436
828.553,0.082688
822.014,0.0821922
3937.53,0.393264
1494.39,0.149399
1278.05,0.119317
850.528,0.0850358
2019.18,0.201772
759.833,0.0759718
972.689,0.0971075
3635.24,0.363455
1075.95,0.107544
1336.2,0.133612
873.04,0.0872776
962.429,0.0962117
666.161,0.0659941
1103.07,0.110266
848.627,0.0848578
1416.7,0.141572
1322.55,0.132095
994.706,0.0993721
835.309,0.0835163
1392.85,0.139163
569.658,0.0569308
2339.53,0.233639
1535.6,0.153524
994.253,0.0993857
1097.27,0.109614
1053.48,0.105178
2836.15,0.283231
1443.05,0.144295
2118.46,0.211565
1522.43,0.15209
882.71,0.0881999
1507.42,0.150521
3032.31,0.302868
986.795,0.0986605
1017.38,0.101713
1180.39,0.117932
2734.02,0.273254
1176.12,0.117604
1193.95,0.119337
1667.1,0.166681
581.596,0.0580426
1165.56,0.116432
1793.13,0.179269
1796.32,0.179308
1089.47,0.108922
1038.11,0.103316
1184.69,0.118378
2140.28,0.213872
1197.52,0.119531
619.352,0.0619348
1490.36,0.148967
1310.1,0.130855
1039.53,0.103949
1283.48,0.128277
869.034,0.0868835
1324.67,0.132409
1028.35,0.102778
1005.51,0.100424
968.401,0.0968318
3008.81,0.300851
2992.2,0.299057
808.686,0.0779041
2315.33,0.231339
900.773,0.0895121
973.133,0.0971615
987.108,0.0986529
7797.42,0.779067
1650.05,0.16499
524.736,0.0524712
2078.45,0.207819
1738.32,0.173815
831.474,0.0831197
819.662,0.0812251
835.826,0.083574
1333.51,0.133135
950.665,0.0950394
1234.46,0.123443
1481.09,0.148086
896.853,0.0895455
1131.79,0.113125
1071.75,0.107125
2074.29,0.207058
1790.04,0.177745
2685.98,0.26817
1014.23,0.101359
1377.96,0.13777
3415.06,0.340935
1569.75,0.156879
1450.7,0.144855
1168.22,0.116695
2181.03,0.21804
3688.78,0.368246
1231.8,0.123143
1147.18,0.114668
1822.68,0.182208
695.76,0.0695732
831.846,0.0831252
640.105,0.0640055
1114.6,0.111421
1657.71,0.165754
963.774,0.0963179
8565.07,0.855796
1193.02,0.119283
3757.21,0.375269
1839.68,0.183816
1959.7,0.195828
1900.35,0.189792
1317.26,0.130651
1124.37,0.11239
1343.16,0.134116
1538.47,0.153311
4029.35,0.402054
1706.09,0.170577
793.138,0.07931
1707.76,0.170753
805.87,0.0804916
2260.89,0.225919
1094.8,0.109263
1207.85,0.120723
999.996,0.0999945
761.882,0.076187
1131.22,0.113108
1243.58,0.124055
1715.45,0.171463
1234.65,0.123419
773.904,0.0773678
2016.27,0.201228
994.461,0.0993686
1954.22,0.19524
903.369,0.0902864
998.329,0.0997448
1357.35,0.135717
2112.29,0.211157
877.308,0.0877259
2132.92,0.213156
713.124,0.0712811
5746.01,0.574168
1360.2,0.135748
1076.87,0.107481
935.358,0.0935283
2214.41,0.221072
820.333,0.0817309
2542.69,0.254143
5480.24,0.547551
1166.74,0.116662
786.604,0.0786335
1330.7,0.132812
910.976,0.0910928
2142.95,1.63822
1243.47,0.12432
1172.34,0.117207
1228.94,0.122888
1057.73,0.105704
806.6,0.080649
1063.31,0.104948
913.578,0.0912729
895.727,0.0895567
8856.13,0.884715
1090.38,0.108867
1160.15,0.115958
3766.35,0.376432
863.164,0.0862179
936.729,0.093605
895.817,0.0895445
1229.95,0.122955
2758.86,0.275704
2183.07,0.218278
1249.8,0.124885
2149.64,0.21493
2502.56,0.250184
1232.23,0.123052
834.578,0.0833716
671.942,0.067192
1121.36,0.112095
774.361,0.0773728
888.464,0.0885597
1497.68,0.14864
740.754,0.0740701
836.779,0.0836682
889.908,0.0889873
1057.8,0.105716
828.499,0.0828262
1757.05,0.175664
2214.83,0.22123
799.857,0.0799769
665.948,0.0665489
934.907,0.0934287
1183.24,0.118315
2031.01,0.203065
840.678,0.083999
1849.01,0.184829
2871.83,0.286932
1662.22,0.165864
1265.11,0.126492
517.811,0.0517391
2048.53,0.204839
1325.26,0.132508
759.469,0.0759389
1097.9,0.109744
4455.92,0.445371
6426.37,0.642445
2860.54,0.285912
864.717,0.085869
2614.05,0.261123
2362.82,0.236222
2181.21,0.21806
1284.64,0.128429
1715.4,0.171482
677.919,0.0677364
3734.8,0.373217
1260.86,0.126016
1225.78,0.122531
3375.06,0.337303
1332.42,0.133191
887.726,0.0887598
1586.39,0.158621
2282.63,0.228151
1915.32,0.189487
1487.23,0.148633
965.92,0.0965555
1012.07,0.100689
1799.46,0.179797
4231.13,0.422787
1144.22,0.114381
2705.63,0.270533
1504.47,0.150361
1759.14,0.175886
1910.09,0.186846
1016.14,0.100826
852.441,0.0852397
911.94,0.0911242
535.8,0.053577
851.014,0.0864724
1237.95,0.123781
5542.38,0.552473
691.659,0.0691615
2552.58,0.255213
453.513,0.045299
858.574,0.0858468
2452.61,0.244945
2256.2,0.225332
1255.41,0.125537
963.999,0.0963169
1519.74,0.151959
2924.82,0.292449
2173.65,0.217028
1370.82,0.13704
2019.28,0.201872
900.64,0.0900533
5227.58,0.522531
1604.04,0.160345
953.837,0.0953356
782.286,0.0781998
874.496,0.087404
1080.19,0.108006
3464.22,0.346366
7740.05,0.773123
1021.33,0.102113
1102.93,0.110224
5923.51,0.592051
1082.27,0.108211
700.147,0.0700098
1386.92,0.138127
6828.24,0.682439
1650.68,0.164701
2309.61,0.230558
1758.76,0.175855
998.812,0.0998772
1629.09,0.162736
1299.67,0.129835
1377.2,0.137694
991.557,0.0987406
1430,0.14294
2733.34,0.272719
2213.89,0.221219
1195.33,0.119491
615.426,0.061506
1058.06,0.10578
874.949,0.0874768
780.764,0.0780741
7975.88,0.794261
1958.89,0.195771
1951.38,0.194436
1243.37,0.124072
952.097,0.0951938
1395.68,0.139544
678.497,0.0678086
1376.17,0.137492
1401.49,0.140127
629.512,0.0629272
690.245,0.0689891
1743.1,0.174303
3087.29,0.308449
1279.56,0.127913
749.354,0.0748894
823.092,0.0822681
1310.22,0.130916
1098.06,0.10944
1370.55,0.136965
6893.99,0.686442
940.433,0.0939705
1301.43,0.129958
2562.32,0.254915
2539.71,0.253771
766.404,0.0765922
1318.5,0.131842
1283.01,0.128225
1323.48,0.131067
1585.37,0.158516
1766.57,0.176651
1801.86,0.18017
831.575,0.083118
1286.29,0.128393
1106.6,0.110564
1112.8,0.111262
2091.17,0.208884
931.394,0.0930234
1586.59,0.158644
779.491,0.0779409
1062.75,0.106274
1649.85,0.164977
1212.52,0.121232
883.478,0.0883081
2079.72,0.207558
2093.92,0.209296
609.061,0.0608293
945.836,0.0945699
1720.43,0.171865
2279.7,0.227929
1675.22,0.167322
2754.09,0.275368
1401.24,0.140065
769.385,0.0769173
3640.96,0.363428
930.349,0.0930188
2661.26,0.265183
3650.38,0.364783
744.978,0.074353
888.564,0.0888524
1279.16,0.127443
2819.97,0.281921
1191.11,0.118894
1446.63,0.144305
890.768,0.0890075
997.151,0.0996614
1407.93,0.140759
904.583,0.0904036
1122.03,0.112178
1198.73,0.119839
1858.03,0.18551
1121.09,0.111976
2826.14,0.282454
1023.18,0.10226
1371.66,0.137003
727.692,0.0727476
2179.4,0.217917
1109.11,0.110861
999.183,0.0998839
1039.73,0.103901
776.87,0.0776522
802.174,0.0802113
674.659,0.0674614
702.06,0.0701641
1262.16,0.126108
1125.68,0.112556
1187.29,0.118649
1081.1,0.108031
1590.26,0.158906
748.035,0.0747975
1000.4,0.100011
1265,0.126479
755.068,0.0754517
871.437,0.087142
1801.63,0.180073
1557.67,0.155574
17700,1.7558
932.8,0.0932627
1817.66,0.181465
2607.37,0.260103
1456.14,0.145424
1204.46,0.120401
1939.2,0.193909
1353.22,0.135284
5559.34,0.555643
1160.2,0.116004
3795.57,0.378769
2951.84,0.295155
1188.37,0.118812
1774.76,0.179456
2050.03,0.204985
1011.73,0.101163
1361.16,0.135993
951.184,0.0950809
1010.64,0.100976
1958.61,0.195785
1032.36,0.103208
1566.65,0.156638
962.964,0.0961569
1924.46,0.192398
4171.52,0.415847
1573.64,0.157327
756.429,0.0756296
678.986,0.0668183
853.07,0.0852818
1345.26,0.133878
2321.63,0.232014
2324.57,0.23221
1001.85,0.100179
2600.96,0.260042
1022.55,0.102181
815.107,0.0814976
1319.68,0.131943
1709.91,0.170963
1990.03,0.198989
1295.41,0.129454
856.31,0.0855663
1439.79,0.143887
825.994,0.0825653
1655.87,0.16558
1453.77,0.145319
617.139,0.0615416
1190.4,0.119028
1498.21,0.149644
1724.12,0.172359
965.32,0.09651
1477.23,0.147503
376.471,0.0376455
2164.78,0.216209
833.479,0.083254
1523.15,0.152166
1228.63,0.12284
844.993,0.0844981
2086.28,0.208285
934.599,0.0933855
1071.81,0.106937
4333.14,0.433006
1065.95,0.106518
902.849,0.090226
1702.37,0.170202
861.577,0.0861372
1249.5,0.124082
1994.07,0.199302
973.568,0.0973284
1269.68,0.126872
408.365,0.0408323
2350.62,0.235036
808.487,0.0808408
3193.52,0.147936
2623.89,0.262196
2056.98,0.205679
1428.83,0.142862
2517.03,0.251567
657.344,0.0657259
709.299,0.0709177
3248.62,0.324794
1955.19,0.195486
2133,0.213221
1434.17,0.143218
867.452,0.0866139
951.608,0.0951446
1290.29,0.1288
1857.14,0.185692
1453.18,0.145248
1818.62,0.180896
835.392,0.083471
3723.91,0.372248
820.968,0.0820675
1816.19,0.181563
1111.63,0.111111
935.5,0.0935395
900.041,0.0897317
992.638,0.0992417
1612.11,0.161196
853.336,0.0853134
950.453,0.0949965
1600.1,0.159892
592.308,0.0591801
735.789,0.0734054
954.203,0.0953469
1291.45,0.12909
913.467,0.0913348
1445.22,0.144444
2066.21,0.205269
2197.1,0.219495
1278.53,0.127835
1858.29,0.185453
2539.47,0.253802
1471.49,0.147086
1733.88,0.173015
1142.14,0.114173
1376.43,0.137594
1166.41,0.116528
1380.18,0.137655
1017.98,0.101726
4293.82,0.42911
1091.41,0.108853
941.276,0.0941145
849.633,0.0849367
5859.76,0.479034
859.237,0.0857791
1851.03,0.185024
1840.03,0.182067
883.932,0.084599
2160.06,0.21597
7744.24,0.77292
1044.6,0.102468
840.054,0.0839234
1442.8,0.14424
796.184,0.079605
1490.35,0.148039
5243.92,0.524156
1307.25,0.130705
1178.46,0.117822
1181.13,0.11808
1246.53,0.124411
791.453,0.0789471
1116.3,0.111603
1622.88,0.162159
1197.49,0.119701
641.019,0.0640331
556.072,0.0554902
2154.43,0.215268
862.557,0.0862299
1762.48,0.175389
995.531,0.0994974
3612,0.360767
1122.71,0.112261
1675.59,0.167486
1607.07,0.16067
886.549,0.0883535
787.275,0.0787083
18776.7,1.86638
1651.58,0.165097
1027.88,0.102738
1625.11,0.163678
1112.95,0.111264
666.737,0.0666634
586.548,0.0586204
1315.77,0.131532
1524.34,0.152352
1524.66,0.152442
762.833,0.0762455
2126.29,0.212563
1805.26,0.180468
1573.72,0.157184
886.593,0.088609
869.398,0.0869023
387.505,0.0385327
645.773,0.0645597
2080.43,0.206913
5936.4,0.592812
2467.41,0.246683
1714.17,0.171314
847.408,0.0845761
819.626,0.0819252
727.15,0.0726959
962.755,0.0958082
1844.71,0.184286
1018.12,0.101793
1020.88,0.10206
4534.85,0.453296
1097.12,0.109559
1120.07,0.111956
2433.89,0.242071
2535.95,0.253471
893.368,0.0893271
2029.68,0.202843
1430.06,0.142819
907.756,0.0907462
1275.98,0.127575
5142.21,0.513553
1778.66,0.177848
936.702,0.0936555
701.033,0.069899
1783.94,0.17823
2140.87,0.213981
531.048,0.0531042
1956.63,0.19556
1748.66,0.174261
1091.51,0.109015
1341.89,0.134146
1881.32,0.18768
1011.19,0.101004
2082.83,0.208255
909.066,0.0909021
2910.75,0.290336
2968.77,0.296581
1382.98,0.138184
1555.53,0.155494
642.083,0.0641928
1505.7,0.1505
1123.42,0.112332
1892.92,0.189254
1366.39,0.136244
1521.88,0.152164
1029.56,0.102955
1315.71,0.13146
1176.72,0.117597
1532.3,0.153213
1755.54,0.175547
1827.6,0.182744
5360.9,0.535144
2791.17,0.279026
3229.76,0.322469
2597.31,0.259513
2015.3,0.201204
1254.38,0.125399
838.888,0.083879
1449.16,0.144888
741.791,0.0741189
1767.95,0.176531
974.619,0.0971408
1521.88,0.152016
1743.94,0.174366
1052.23,0.10521
1178.01,0.117782
689.876,0.0689867
1056.97,0.105673
1459.77,0.144324
1548.39,0.15482
648.434,0.0647846
909.984,0.0909848
895.89,0.0895577
1231.3,0.122999
988.304,0.0988134
2736.21,0.273552
1756.3,0.175285
2500.83,0.250059
1945.62,0.194452
726.414,0.0726337
1264.85,0.125795
1205.23,0.12046
569.388,0.0569226
1211.66,0.121011
927.811,0.092592
1697.5,0.169485
3272.2,0.326487
2204.5,0.220131
934.717,0.0934221
2571.28,0.256599
1359.21,0.135879
4744.73,0.474356
1274.96,0.127435
1271.81,0.127017
2477.23,0.24766
1431.59,0.143125
1420.86,0.142017
862.697,0.0862501
1151.43,0.114913
1939.92,0.193925
2112.56,0.211188
2509.89,0.249097
940.459,0.0940274
1030.38,0.102713
692.711,0.069266
984.757,0.0984537
1335.11,0.133344
4920.19,0.487929
6780.1,0.677208
2471.86,0.246804
2306.37,0.229884
2226.22,0.222527
1169.36,0.116906
827.606,0.0827572
1118.59,0.111416
9329.62,0.931159
438.751,0.0437954
955.954,0.0955435
797.296,0.0796851
1053.75,0.105162
948.303,0.0948175
1005.44,0.100431
1955.11,0.195495
2390.83,0.238998
712.712,0.0712196
752.406,0.0752368
1029.21,0.102667
2705.03,0.270216
1815.93,0.181117
1343.71,0.134309
653.803,0.0653734
1182.23,0.118052
875.579,0.0875399
1217.36,0.121725
909.692,0.0909572
1295.77,0.129474
602.35,0.060233
1886.25,0.188561
925.367,0.0924893
745.775,0.0745514
2186.55,0.218591
2015.64,0.201347
1260.14,0.125996
11303.5,1.12899
1911.63,0.191087
577.392,0.0577382
3046.18,0.304484
900.071,0.0899495
1786.39,0.178253
874.659,0.0874321
1283.65,0.128358
1695.18,0.169355
895.652,0.0895537
1169.85,0.116951
1559.13,0.155897
1955.39,0.195478
2046.57,0.199031
964.707,0.0964654
882.011,0.0881979
742.239,0.0739002
711.038,0.0719443
944.137,0.0944001
1860.48,0.186009
4469.47,0.446695
793.35,0.0792275
1176.1,0.1176
762.309,0.0753332
1978.93,0.197211
1551.39,0.155118
730.324,0.0729995
1221.67,0.121986
706.628,0.070434
925.673,0.0924226
1002.18,0.10016
945.061,0.0939976
788.472,0.0787665
1960.42,0.195827
792.19,0.078129
1461.27,0.145843
1157.31,0.115613
923.193,0.0923008
974.995,0.0974226
1290.15,0.128779
616.892,0.0616854
984.815,0.0984073
3291.11,0.328748
1971.14,0.197082
1375.02,0.137254
924.208,0.0923852
1034.86,0.103431
875.437,0.0875353
564.14,0.0563827
1613.57,0.161113
1263.47,0.126301
1210.16,0.12085
1464.35,0.145094
880.683,0.0879992
1045.35,0.10421
1109.79,0.110963
842.063,0.0836361
3292.56,0.329056
4407.73,0.439607
1270.14,0.126995
1690.24,0.129495
5066.54,0.506163
1214.18,0.121239
1001.77,0.10017
1928.77,0.192844
1346.07,0.134576
1038.65,0.103811
3477.52,0.347498
1221.48,0.122133
2214.74,0.221333
5178.22,0.517399
905.328,0.0905264
1068.12,0.106635
1029.45,0.102841
954.108,0.0947981
583.115,0.0583109
885.532,0.0885413
1146.07,0.114543
1526.31,0.152609
2794.84,0.278261
823.966,0.0822336
2391.08,0.239002
4850.35,0.483787
888.385,0.0888245
1114.66,0.111381
905.634,0.0905203
1255.95,0.125562
665.344,0.0682621
1016.43,0.101637
2357.49,0.235306
2083.84,0.208355
1135.58,0.113551
972.251,0.0971387
1061.12,0.106104
3590.63,0.358206
2698.8,0.268359
3094.12,0.309231
1078.29,0.107778
2894.73,0.289429
1087.7,0.108267
885.599,0.0884373
845.958,0.084586
681.751,0.068166
1380.92,0.138081
827.619,0.0827204
1925.62,0.192504
756.261,0.0755612
2064.02,0.206221
2536.53,0.253232
2675.6,0.267456
920.447,0.0920302
1698.17,0.169622
1610.52,0.161032
3429.03,0.34282
744.308,0.0744269
1360.76,0.136042
895.24,0.0895023
1277.22,0.127705
1327.32,0.13266
1108.09,0.110781
1140.47,0.114033
1582.32,0.158205
988.04,0.097794
22304.8,2.22496
748.132,0.0747899
884.818,0.0884518
19268.8,1.91345
2666.18,0.266228
3394.78,0.24475
1140.36,0.113799
2102.48,0.210169
813.209,0.0813119
1158.46,0.115723
1001.74,0.100151
958.102,0.0957841
1483.62,0.148268
948.801,0.0948145
2259.92,0.225926
1907.26,0.190589
1880.89,0.187977
1396.51,0.139614
1044.56,0.104435
4244.32,0.423762
904.4,0.090432
1989.31,0.198692
3768.68,0.376327
1102.75,0.110264
3508.81,0.350748
597.102,0.0597025
1104.83,0.11045
1588.38,0.158807
1014.85,0.101476
3273.51,0.327227
1085.75,0.108523
674.714,0.0674565
1945.05,0.194437
836.74,0.0836306
2380.8,0.237879
1859.14,0.18578
3069.33,0.306659
2337.88,0.233758
1340.74,0.133936
923.267,0.0922869
1473.02,0.147191
1155.8,0.115504
2211.27,0.220782
517.939,0.0517242
1165.19,0.11648
3375.35,0.337303
1550.85,0.154977
1405.91,0.140562
619.655,0.0619601
788.037,0.0787989
988.26,0.0988074
1234,0.123352
2940.01,0.293806
1044.65,0.104448
1473.89,0.147262
675.039,0.0674456
1665.3,0.166427
1533.54,0.153299
780.819,0.0780729
877.398,0.0876798
781.236,0.0780949
2241.76,0.224132
553.222,0.0553203
1437.38,0.143062
1464.23,0.146397
1842.02,0.184139
968.28,0.096821
1227.95,0.122785
902.098,0.0900527
13828.2,1.38067
783.097,0.0782452
1319.3,0.13189
1018.51,0.101813
1236.14,0.123556
1367.89,0.136785
4164.93,0.41629
12888.9,3.07902
1951.64,0.195054
1101.04,0.110099
1043.47,0.10434
834.95,0.0834899
1610.12,0.161004
1047.74,0.10465
3130.47,0.312835
1118.19,0.111791
1097.02,0.109667
516.853,0.0516774
827.673,0.0827201
1036.15,0.103603
1178.99,0.117893
872.411,0.0872276
1984.58,0.198431
991.117,0.0990229
1239.12,0.123849
1369.84,0.145546
803.497,0.0803463
4028.08,0.402426
1329.81,0.132979
1417.17,0.141655
1301.99,0.13016
537.13,0.0537105
671.441,0.0671348
2369.89,0.236966
1603.01,0.159564
1239.01,0.123887
744.584,0.0737067
1578.55,0.157745
1865.41,0.186241
871.608,0.0871106
1042.96,0.104195
697.551,0.0697178
1878.48,0.187598
6381.17,0.636272
1544.32,0.154407
1130.83,0.112847
634.967,0.0632892
950.619,0.0949979
6067.83,0.606105
1086.69,0.108577
1610.14,0.160695
2209.05,0.22083
1201.8,0.1201
3171.83,0.317118
8110.3,0.81036
1142.5,0.114225
1141.18,0.114103
986.745,0.0986516
2863.5,0.286225
2053.24,0.205262
1462.86,0.146183
1220.11,0.122004
900.196,0.0900089
1159.32,0.115754
1504.93,0.150469
684.94,0.068419
1203.14,0.120287
1109.42,0.110852
1100.87,0.110068
1546.09,0.154597
834.676,0.0833693
1238.82,0.123762
1645.64,0.164539
1500.42,0.149957
1299.7,0.129904
1644.24,0.164384
1089.57,0.108928
1108.02,0.110769
1046.33,0.10459
781.15,0.0779268
2667.84,0.266557
763.257,0.0762965
1284.96,0.128486
946.596,0.0946442
3638.62,0.363548
901.893,0.0901757
1069.51,0.106941
1805.77,0.180504
1296.92,0.129679
1666.72,0.166606
606.6,0.0606423
1757.91,0.175753
1578.89,0.157841
868.878,0.0868225
1948.13,0.194624
872.766,0.0872723
566.631,0.0566468
1547.13,0.154645
1006.5,0.100641
988.354,0.098792
1772.15,0.17711
2019.87,0.201734
1399.5,0.138447
1146.95,0.112919
678.456,0.0676207
1473.6,0.147319
1772.25,0.177205
1236.49,0.123559
948.167,0.0948001
1082.67,0.108148
1341.5,0.133841
923.778,0.0923219
1498.27,0.149774
1441.33,0.143917
639.942,0.0639381
1010.26,0.100909
767.295,0.0767206
2799.75,0.279958
948.549,0.0948379
655.897,0.0648168
1053.7,0.10535
1432.58,0.143145
1198.34,0.119807
828.922,0.08289
955.452,0.0955428
607.958,0.0607533
1941.81,0.193997
1143.11,0.114176
968.539,0.0967862
1134.97,0.11347
808.744,0.0805707
1030.7,0.102936
1184.39,0.118402
1589.57,0.158947
1190.64,0.117916
1128.17,0.112739
2057.67,0.205554
903.804,0.0902932
3427.76,0.342744
2685.13,0.268185
1225.99,0.122593
2179.93,0.217937
1100.23,0.110016
2067.84,0.20648
1302.4,0.0976948
2551.83,0.255054
1068.68,0.106379
970.566,0.0969716
1560.43,0.156016
891.438,0.0891425
1178.5,0.114496
1458.02,0.145777
936.574,0.0936314
3844.53,0.384021
1737.27,0.173711
1088.91,0.108843
1031.78,0.103103
1422.03,0.142163
779.993,0.077965
1079.46,0.107935
687.876,0.0687227
2043.53,0.204329
1238.62,0.123752
1452.15,0.145159
1627.66,0.162688
687.735,0.0687484
1248.93,0.111386
683.272,0.0682723
843.738,0.0843395
969.292,0.0969222
1015.35,0.10153
701.721,0.0699738
797.033,0.0796953
1165.54,0.116511
1114.13,0.1114
1445.51,0.144523
2764.91,0.273839
1385.24,0.138437
1224.96,0.122335
2550.25,0.254789
1488.7,0.148752
1152.09,0.115104
7227.85,0.721595
830.638,0.0829816
2461.66,0.246086
1380.06,0.137927
909.729,0.0909129
749.567,0.0749275
1337.49,0.133682
2526.91,0.252597
1165.2,0.116441
742.108,0.0741194
1311.31,0.131083
1158.65,0.115839
1555.06,0.155441
1393.16,0.13927
704.799,0.0704684
3031.99,0.303003
804.432,0.0804414
1217.51,0.121697
879.278,0.0879153
2019.8,0.201735
2247.23,0.22472
412.348,0.0412195
1625.59,0.162505
679.578,0.0679056
1837.56,0.183489
1757.81,0.175577
1547.39,0.154631
902.768,0.0901976
1207.51,0.120444
2194.74,0.219451
892.603,0.0889769
6136.62,0.61345
2328.98,0.232827
2359,0.233085
694.259,0.0694066
837.246,0.0836539
4887.61,0.488532
1119.78,0.111938
5123.36,0.511863
3752.15,0.375057
1253.55,0.125006
1268.24,0.126814
836.639,0.0836442
677.613,0.0677444
1585.57,0.158414
1943.58,0.194289
1084.74,0.108431
1996.65,0.199632
3704.02,0.370028
3259.65,0.325892
1277.16,0.127696
757.122,0.0749056
589.62,0.0589244
1051.51,0.104938
927.79,0.0925472
1251.83,0.125171
3147.72,0.314494
777.839,0.0777609
1013.9,0.101351
1215.72,0.121162
833.486,0.0833071
677.948,0.0677796
1769.36,0.176826
765.003,0.0764672
978.861,0.0978511
1991.84,0.199125
7690.18,0.767771
2030.77,0.203007
1527.2,0.152713
1905.62,0.161545
1951.59,0.195094
839.877,0.083916
919.365,0.091924
1124.16,0.112378
710.979,0.071084
2164.84,0.216272
2569.68,0.256799
969.53,0.0969351
1645.82,0.164431
1876.54,0.187628
1522.99,0.152175
7401.03,0.739414
2432.52,0.243225
1456.46,0.145631
835.426,0.0834732
3312.64,0.330608
1528.32,0.152736
1922.72,0.192067
943.439,0.0942724
1370.58,0.136998
1126.37,0.112566
2425.73,0.242453
1257.62,0.125624
581.681,0.0581226
2405.91,0.240422
619.608,0.0619041
1842.78,0.18426
1443.12,0.144083
2727.7,0.272601
647.707,0.0647699
804.344,0.0804308
1494.11,0.149386
1749.11,0.174754
1197.5,0.119622
6472.05,0.645409
1318.38,0.131189
1194.77,0.119377
1931.24,0.193098
1232.68,0.123251
1009.22,0.100913
1093.03,0.109245
3388.81,0.338709
891.291,0.089111
4328.28,0.432742
1037.67,0.103722
1913.01,0.191276
723.481,0.0723025
1480.62,0.14795
1606.98,0.160443
3440.68,0.34374
883.383,0.0882774
1215.93,0.121581
1737.75,0.173613
1187.81,0.118346
839.032,0.0838895
3967.71,0.396355
2602.15,0.26016
814.912,0.0823813
1440.48,0.144004
755.951,0.0754913
881.502,0.0881259
1351.14,0.135089
5391,0.535794
680.286,0.0680269
1751.75,0.174985
1070.72,0.106996
3590.1,0.358662
1253.05,0.125246
991.566,0.0991434
7249.67,0.723832
758.158,0.0758125
4019.16,0.400363
977.572,0.0977277
862.435,0.0862377
1122.19,0.112177
891.499,0.0891281
603.786,0.0601762
1117.36,0.103352
783.516,0.0783318
3044.13,0.304113
2790.13,0.278937
1267.66,0.126744
3416.99,0.341551
6192.24,0.619116
1984.85,0.198275
1080.1,0.107882
678.899,0.0678771
1246.37,0.124635
5888.47,0.586812
10975,1.0901
1277.42,0.127631
1554.28,0.155222
1834.09,0.183311
717.358,0.071731
3173.78,0.317107
1885.01,0.188485
1505.02,0.150196
2430.79,0.242999
1105.53,0.110527
756.909,0.0756884
2099.62,0.209945
2236.12,0.223563
1253.35,0.125306
1125.57,0.112409
2088.4,0.208226
1010.5,0.101023
949.567,0.0949275
1337.3,0.133698
1981.93,0.196817
1388.03,0.13877
2305.37,0.230415
836.969,0.0835519
1891.03,0.189089
1269.97,0.126989
1257.3,0.125358
1222.07,0.122134
1447.78,0.144667
2426.51,0.242442
762.916,0.076273
1693.54,0.169195
1895.79,0.189542
1498.13,0.149185
675.003,0.0673291
1328.37,0.132399
2132.79,0.213254
1097.29,0.107668
571.984,0.0565301
1105.98,0.110547
14724.1,1.46835
1012,0.10116
958.885,0.0958762
1418.11,0.141764
1086.66,0.108619
996.157,0.0995998
965.681,0.0965538
1755.83,0.17554
1918.04,0.191731
752.741,0.0767246
1167.78,0.116777
1513.91,0.151379
938.854,0.0938808
926.45,0.0925286
1450.27,0.144927
847.285,0.0841228
4575.97,0.456885
1039.84,0.103958
1284.14,0.128283
2693.67,0.269348
1803.41,0.180088
1622.54,0.162197
1261.97,0.126088
1324.22,0.132408
5333.74,0.533226
730.144,0.0730128
2710.29,0.270941
884.373,0.088396
729.868,0.0729534
3932.04,0.392319
1022.65,0.102254
851.873,0.0851584
2008.47,0.200786
2727.47,0.272531
6429.98,0.642542
6690.82,0.667847
572.359,0.0572127
985.8,0.0985737
1310.07,0.130964
1281.81,0.127935
1162.15,0.115486
563.565,0.0563542
1110.23,0.111016
1117.56,0.111689
1577.91,0.15772
1032.72,0.101839
949.252,0.0948791
913.143,0.0913091
721.755,0.0721521
894.136,0.0894018
1037.81,0.10376
2209.03,0.220815
1379.4,0.137919
1383.92,0.138291
1281.47,0.12813
907.948,0.0907727
1217.38,0.121728
1442.36,0.144174
1606.31,0.160484
1086.32,0.108554
1164.14,0.116378
2067.97,0.206641
1328.6,0.13264
1038.22,0.103648
1106.88,0.110571
4640.14,0.463605
934.28,0.0933635
945.715,0.0945233
1258.08,0.125727
875.289,0.0874788
1222.93,0.122272
1177.47,0.117735
1274.71,0.127412
910.458,0.0910082
1567.36,0.156709
1142.73,0.114265
2595.79,0.259346
1167.75,0.116735
1337.38,0.133475
998.241,0.0998034
3034.18,0.3033
1686.22,0.168286
1601.42,0.160134
1283.93,0.128388
571.203,0.0571189
895.54,0.08954
1997.76,0.199631
1558.54,0.155199
1519.48,0.151548
1176.84,0.117647
994.47,0.0993888
1057.73,0.105759
2116.96,0.2106
1239.8,0.123903
1031.36,0.103126
1087.36,0.108703
1348.14,0.134788
2137.34,0.213646
797.485,0.0792254
1035.93,0.103558
2465.79,0.250395
1056.93,0.10565
1218.62,0.121832
1308.14,0.130806
1164.67,0.116445
771.61,0.0771597
741.249,0.0741103
763.612,0.0763592
1159.77,0.115876
1571.74,0.156735
1050.8,0.105036
3749.39,0.374641
3651,0.364978
667.312,0.06673
2422.31,0.24215
940.655,0.0939771
960.177,0.0959852
4096.15,0.409163
9434.86,0.938963
882.629,0.0882548
7292.32,0.728166
1025.05,0.102445
1339.55,0.133876
22443.6,2.22062
903.475,0.0902553
1408.14,0.140783
816.296,0.0816253
1345.27,0.134496
3218.46,0.321509
1381.8,0.137986
1341.95,0.133904
1556.38,0.155628
2000.29,0.199921
795.295,0.0793589
724.683,0.0724442
1144.1,0.114382
459.597,0.0459491
12737.8,1.27265
813.419,0.081334
1138.96,0.11383
2733.86,0.273226
1524.9,0.152056
2447.37,0.244659
1194.71,0.119222
2045.49,0.204523
1025.49,0.101147
579.106,0.0579015
941.841,0.0941434
2330.32,0.232894
1330.91,0.133083
1227.2,0.122707
1136.14,0.113425
623.663,0.0623614
849.193,0.084912
1044.93,0.104108
1343.09,0.134223
768.298,0.0767751
691.735,0.0691091
3139.99,0.313903
901.94,0.0901904
3515.27,0.351199
792.516,0.0792428
1064.69,0.106464
14775.9,4.53878
997.593,0.0997412
22127.4,2.19397
1115.43,0.111521
2278.57,0.227615
1426.82,0.142666
2798.63,0.279381
3523.72,0.352084
1936.8,0.193584
814.673,0.0814581
705.852,0.0705626
577.738,0.0577506
712.219,0.071202
28320.5,2.82385
1447.56,0.143494
1488.06,0.148781
697.506,0.0696869
1647.45,0.164465
1486.37,0.148466
1354.86,0.135424
812.364,0.0811542
2391.33,0.239097
2605.45,0.260496
855.37,0.0855276
1025.23,0.102493
1030.9,0.103068
869.116,0.0868564
2135.61,0.213506
634.15,0.0632537
887.003,0.0886827
1163.16,0.116307
1461.52,0.146127
1028.53,0.102783
1178.12,0.117787
1897.45,0.189585
2636.12,0.263436
958.815,0.0958708
942.111,0.0941774
1682.35,0.168123
2014.52,0.201409
1608.4,0.160464
1179.25,0.11767
906.007,0.0905774
1544.46,0.154425
1430.64,0.142498
1041.13,0.104112
1900.24,0.18984
800.518,0.0800137
822.255,0.080684
902.2,0.0902095
1096.61,0.109645
1113.46,0.111232
1079.35,0.107928
2126.3,0.212626
449.359,0.0449187
1683.6,0.168343
2120.92,0.212068
691.217,0.0690647
612.413,0.061228
740.607,0.0740264
856.96,0.085636
684.27,0.0684211
883.62,0.0881683
1465.92,0.146368
1161.21,0.116069
1051.02,0.105099
1582.76,0.158253
1543.93,0.154319
3638.93,0.363782
970.961,0.0966877
1151.51,0.115132
931.842,0.0931247
1749.55,0.174863
850.836,0.0850812
1472.57,0.147245
848.387,0.0845066
5632.93,0.560551
2101.02,0.210057
721.045,0.0720871
909.578,0.0908135
1189.72,0.118921
1605.75,0.160156
1049.44,0.104199
2119.27,0.210504
1674.05,0.167389
1539.75,0.153904
1094.43,0.109437
1946.05,0.194236
3125.49,0.301481
765.828,0.0765381
1301.31,0.128869
868.626,0.0867724
1488.3,0.148807
979.256,0.0978635
1541.2,0.153931
660.1,0.0660032
593.806,0.059348
863.436,0.0863285
978.629,0.0978589
796.614,0.0796438
1193.55,0.119317
8011.82,0.799773
1267.77,0.126756
1080.68,0.10794
1078.32,0.107815
2678.38,0.267658
958.441,0.094402
1140.78,0.113779
6762.41,0.673512
1520.7,0.152047
1174.12,0.117343
931.834,0.093137
988.305,0.0988037
1008.49,0.100718
1154.22,0.115389
901.494,0.0901337
4552.04,0.453626
1032.74,0.103268
916.666,0.0916594
1499.02,0.149832
1957.04,0.195575
813.875,0.0813824
1154.88,0.11545
2674.85,0.267429
749.745,0.0749652
1255.13,0.125492
1341.66,0.134158
1340.2,0.133994
2398.57,0.239668
2781.3,0.278103
761.596,0.0761543
784.97,0.0784125
916.157,0.0916104
2242.93,0.224027
906.169,0.0905912
1009.34,0.100926
870.521,0.087048
888.227,0.0887946
989.44,0.0988961
756.136,0.0755918
1323.74,0.132366
3056.75,0.305512
1275.93,0.127538
912.282,0.091134
1210.33,0.121017
1628.97,0.162492
1695.74,0.169388
1324.74,0.132452
3454.8,0.345108
2180.58,0.21799
2276.55,0.22748
1263.32,0.126326
2171.55,0.216865
2540.48,0.254019
740.492,0.073997
1424.15,0.142393
3293.82,0.329334
1057.19,0.105712
1510.52,0.150902
1487.01,0.148597
6693.94,0.66926
2086.99,0.208305
2376.2,0.237514
885.8,0.0885716
1632.25,0.163087
1904.71,0.1902
2204.73,0.220455
5976.2,0.596193
1027.83,0.102368
1156.8,0.115606
1198.23,0.119793
2282.82,0.228111
1526.18,0.152609
2539.58,0.253891
932.697,0.093237
1967.87,0.196675
2735.5,0.273413
1269.35,0.12682
1031.58,0.103037
1159.76,0.115789
847.354,0.0847128
1374.85,0.1374
1203.62,0.120335
1262.14,0.126176
1211.97,0.12118
1130.84,0.113065
1057.67,0.105759
1313.52,0.131329
617.937,0.0630073
1162.28,0.116216
4863.97,0.483754
918.174,0.0918131
1128.58,0.112822
19510.7,1.93046
757.577,0.0757415
3886.17,0.385935
4038.09,0.403629
2136.93,0.21282
1345.37,0.134486
2438.73,0.243842
1024.39,0.102416
997.135,0.0994977
1833.63,0.183327
737.978,0.0737925
1010.95,0.101036
609.585,0.0607319
1526.93,0.152593
3169.18,0.31668
824.53,0.0824359
907.388,0.0907294
7571.83,0.748727
1863.64,0.186357
1477.15,0.147696
1299.01,0.128317
1059.84,0.105978
655.47,0.06554
895.481,0.089501
1017.68,0.10169
1004.95,0.100473
2265.86,0.226534
962.734,0.0962506
9482.17,0.947389
1141.33,0.11408
1860.91,0.186037
1184.1,0.118337
1092.29,0.109193
799.698,0.0799465
668.276,0.0667413
1048.09,0.10473
1190.53,0.118784
653.042,0.0653033
2139.95,0.213967
773.45,0.0773057
2902.98,0.290006
1629.79,0.162958
1696.77,0.169655
2290.82,0.228996
1002.28,0.100174
849.136,0.0844072
1776.28,0.176912
700.156,0.0700009
1327.59,0.132584
1427.8,0.142686
1525.98,0.152527
2431.66,0.243139
743.665,0.0743639
1028.64,0.102785
1099.32,0.109715
1347.53,0.13472
655.818,0.0655792
806.7,0.0806491
1879.05,0.186027
1285.44,0.128187
819.196,0.0819117
670.925,0.0669973
2874.07,0.286858
1050.31,0.104958
1574.33,0.157336
2328.99,0.232735
1171.87,0.117177
1090.17,0.108921
1073.72,0.107277
954.201,0.0954004
783.007,0.0782887
2037.77,0.203478
1679.95,0.167824
1086.19,0.108605
749.68,0.0748658
1506.15,0.150469
1607.18,0.160712
924.781,0.0924499
901.519,0.0901428
4716.04,0.471424
1361.31,0.136054
783.998,0.0783688
1513.72,0.150008
1782.08,0.177605
1267.1,0.126638
668.278,0.0667936
545.95,0.0542721
3434.22,0.343288
1555.1,0.15546
1956.32,0.195622
678.693,0.0676598
2750.39,0.274957
2069.65,0.206831
1883.03,0.188197
671.82,0.0671676
29273.9,2.89688
1015.4,0.101441
7668.96,0.752469
1025.8,0.10249
1076.96,0.107684
1007.71,0.100749
1085.41,0.108527
1542.48,0.154149
2216.3,0.22142
1649.11,0.164804
1019.69,0.10195
1944.77,0.194465
13241.1,1.31885
905.388,0.0905253
723.521,0.0721942
986.311,0.0986152
1615.92,0.161307
1391.06,0.139045
946.577,0.0945514
1694.88,0.169413
1161.78,0.116062
1047.38,0.104701
1426.32,0.142628
1493.99,0.149375
963.75,0.0961483
1429.88,0.142773
898.867,0.0898762
3106.18,0.31047
1148.87,0.114858
666.694,0.0666682
928.196,0.0927839
1165.39,0.116391
1259.32,0.125803
1919.23,0.19191
3026.84,0.302665
1358.07,0.135719
2228.93,0.222862
4872.93,0.486938
1131.96,0.113124
1072.54,0.107054
1090.98,0.109031
854.673,0.085406
1182.23,0.118174
3165.41,0.314571
1185.22,0.118441
820.31,0.0820068
987.885,0.0987442
2086.73,0.20832
1445.05,0.145946
1732.79,0.173162
772.371,0.0772297
674.557,0.0671265
1038.17,0.103789
2033.3,0.203257
1321.29,0.13203
1567.29,0.156438
1128.66,0.112828
980.066,0.0979993
1185.74,0.118515
1596.67,0.159553
952.741,0.0949692
1645.25,0.164468
895.089,0.0894499
752.629,0.0752368
669.222,0.0668509
2792.28,0.279086
1947.09,0.194612
797.067,0.0796923
2237.09,0.223599
1966.73,0.196592
2212.77,0.221187
910.964,0.091076
887.404,0.0887365
2084.05,0.208311
1264.13,0.126377
2434.29,0.243024
832.548,0.0831661
1387.58,0.138426
3531.08,0.352837
1459.52,0.14593
1530.18,0.152999
1984.3,0.19825
642.923,0.0642748
1473.12,0.14723
4975.14,0.496359
1123.4,0.112267
2536.33,0.253444
891.284,0.0890999
2379.45,0.237877
1167.67,0.116742
2693.68,0.269328
1881.76,0.188018
1509.05,0.15082
1201.45,0.118172
912.745,0.0912293
972.395,0.0972141
840.454,0.0840125
6118.09,0.608833
1416.04,0.141463
3578.44,0.356966
1426.48,0.111114
1006.97,0.100695
18766.9,1.86117
909.74,0.0909169
1050.93,0.105046
1497.07,0.149563
1193.03,0.118923
1296.6,1.54874
1260.16,0.125986
969.072,0.0969007
1301.62,0.130141
1604.39,0.16042
1207.79,0.12075
2308.02,0.230657
1638.75,0.16383
1493.83,0.149301
2209.06,0.220828
2064.42,0.206358
1879.24,0.187867
641.704,0.0641645
1360.97,0.136089
1017.6,0.101753
820.443,0.0820274
1301.02,0.129959
1240.03,0.123746
1190.76,0.119043
1597.91,0.158134
1214.78,0.12146
2204.48,0.218833
955.376,0.0953798
1436.1,0.143402
999.673,0.0999504
1280.72,0.128037
5161.19,0.516029
423.696,0.0423457
3567.36,0.356664
1011.95,0.101187
874.306,0.0874281
1089.18,0.108895
732.175,0.0729945
981.62,0.0981443
1250.75,0.124999
1506.22,0.150355
1199.05,0.119803
1297.29,0.12971
639.392,0.0639081
608.927,0.0608827
1275.41,0.127315
1214.11,0.121381
1110.41,0.111025
595.452,0.0594963
805.515,0.0805468
1276.22,0.127579
674.703,0.0674682
1210.74,0.121054
1423.97,0.141989
3310.67,0.330831
1779.21,0.177789
972.143,0.0972048
1036.99,0.103537
1362.92,0.136119
15640.2,2.82569
1028.21,0.102818
1578.53,0.157763
2216.35,0.2215
1547.56,0.154643
1975.03,0.197457
1561.84,0.156118
752.47,0.0752193
1126.18,0.112536
649.197,0.0646839
2521.2,0.251849
874.526,0.0874234
1561.4,0.156131
2672.22,0.267059
1134.89,0.113361
897.526,0.0897177
3995.96,0.399347
1560.69,0.155736
895.65,0.0894719
1098.21,0.109749
1367.25,0.136696
1304.46,0.130311
8220.43,0.818467
1481.41,0.148102
2822.44,0.28219
1213.17,0.121264
1080.07,0.107584
939.883,0.0939854
1431.78,0.143123
876.74,0.0876544
1488.46,0.148827
1548.32,0.154217
2252.85,0.225254
1119.96,0.111977
1779.25,0.177645
1681.18,0.167506
728.56,0.0728477
1339.47,0.133942
556.193,0.055607
2766.71,0.276391
835.396,0.0835092
1116.36,0.11159
1157.74,0.115752
3077.1,0.306051
557.722,0.0557661
2561.1,0.255965
4665.85,0.465855
1695.78,0.169427
1040,0.10394
911.635,0.0911392
942.124,0.0942106
686.998,0.0686911
3011.15,1.54553
1455.47,0.145425
609.737,0.0609509
2495.72,0.248887
2087.02,0.208557
912.036,0.0911847
5366.08,1.06927
722.764,0.0722316
1305.81,0.130536
1145.95,0.114315
872.744,0.0872418
17271.1,3.1534
1635.67,0.163562
2707.08,0.27065
830.462,0.0830034
1204.93,0.120437
699.609,0.0699519
960.998,0.096083
1608.04,0.16075
1013.56,0.101345
1022.14,0.102106
2711.83,0.270997
2710.26,0.270587
1528.27,0.152735
1421.61,0.142128
760.965,0.0760781
1055.4,0.105514
850.901,0.0850647
3028.29,0.30265
1744.94,0.174468
816.995,0.0816807
879.022,0.0878817
5796.13,0.578982
1248.19,0.124442
680.969,0.0680913
1605.47,0.160494
2546.89,0.254636
1044.95,0.104483
1448.67,0.14464
2359.52,0.235899
1054.08,0.105005
1987.89,0.198644
1639.46,0.16393
680.619,0.0678413
973.168,0.097259
1284.05,0.128389
2484.04,0.24834
729.101,0.0729088
690.747,0.0687839
1125.67,0.11255
1468.87,0.146663
1424.49,0.14189
927.834,0.0927313
629.021,0.0628886
1185.16,0.118449
2360.73,0.236022
3562.76,0.35596
1255.38,0.125504
2376.59,0.237008
6500.16,0.648374
1711.74,0.171126
10035.4,0.9961
2501.96,0.248969
2184.61,0.218447
1056.6,0.105653
1697.22,0.169689
1067.35,0.10652
1493.88,0.149015
10308.4,1.02755
1000.84,0.0999474
1178.29,0.117697
804.259,0.080408
1161.39,0.116091
1347.28,0.134653
1094.79,0.109347
906.806,0.0906713
655.179,0.0655155
1242.53,0.124217
837.558,0.0834856
647.694,0.0647649
1195.19,0.119513
1780.06,0.177858
979.851,0.0978842
1105.89,0.1105
865.022,0.0864967
1616.94,0.161621
3134.08,0.313206
778.242,0.0777817
1783.67,0.178343
624.398,0.0623477
491.943,0.0491772
947.693,0.0946701
1083.25,0.108318
1027.98,0.102763
2133.24,0.21331
2164.33,0.216268
2147.39,0.214536
995.156,0.0995117
1898.06,0.189406
1315.89,0.131543
992.436,0.0992273
1395.81,0.13914
1632.28,0.16322
828.139,0.0828125
1558.86,0.155847
762.633,0.076111
768.866,0.076872
1547.9,0.154746
1310.13,0.130999
806.212,0.08061
1039.92,0.103919
1231.85,0.123146
1551.18,0.155055
2853.38,0.28527
3803.23,0.378383
1127.6,0.112748
1046.94,0.10462
2081.47,0.208102
1261.99,0.126145
1266.04,0.126581
1001.31,0.100104
1246.88,0.124678
926.572,0.0926406
1812.22,0.181104
1808.82,0.180727
972.709,0.0972601
1435.47,0.143523
790.178,0.0787588
625.513,0.0623841
1138.51,0.113731
1536.05,0.153559
1511.58,0.151079
1624.13,0.162346
1636.83,0.163476
1352.1,0.135162
1923.62,0.192174
708.065,0.0707983
1030.89,0.10307
653.546,0.0651116
2675.94,0.267349
1397.36,0.139632
1099.81,0.109978
3810.12,0.379865
1279.21,0.127759
3335.84,0.333244
1171.44,0.117116
1657.91,0.165682
1158.46,0.115706
1019.98,0.101978
1192.02,0.119091
933.514,0.0687628
1381.17,0.138068
2153.55,0.215342
1229.3,0.122904
998.629,0.0998291
1080.23,0.107999
1232.22,0.123207
1296.58,0.12946
1027.32,0.102707
2101.92,0.210109
2583.85,0.258228
1012.07,0.101176
1143.61,0.114322
1113.02,0.111022
1041.27,0.104102
748.727,0.0748592
790.353,0.0790185
1838.51,0.183821
1163.54,0.116304
1033.37,0.103206
24741.5,2.45369
3524.87,0.352289
1064.91,0.106449
1260.48,0.125884
1202.07,0.120183
1310.86,0.131042
1016.72,0.101661
890.538,0.0890203
1348.15,0.134813
2334.45,0.233258
799.382,0.0798875
1070.66,0.106205
1884.1,0.188301
1275.24,0.127442
1905.97,0.190474
1103.76,0.11034
13206.9,1.31497
2431.24,0.24293
722.469,0.0722329
1211.31,0.121113
351.401,0.0351392
554.949,0.055225
841.374,0.0840528
3682.22,0.368092
1509.65,0.150931
1220.69,0.121463
2209.62,0.220336
1693.74,0.16928
1109.56,0.110945
4352.07,0.434999
1534.97,0.153454
6356.34,0.635506
983.493,0.0983395
1018.76,0.1018
3183.02,0.318246
996.438,0.0996266
5573.05,0.556906
1001.34,0.0999933
558.999,0.055825
1843.01,0.18419
6276.72,0.627378
9576.02,0.939307
981.477,0.0962081
1004.86,0.100477
1763.86,0.175409
1103.89,0.11034
2605.9,0.260482
1639.17,0.163893
885.407,0.0884629
875.173,0.0874668
1156.45,0.115631
4196.36,0.416476
2124.31,0.211717
748.943,0.0748764
768.304,0.0768223
791.779,0.079109
2468.22,0.246598
2928.2,0.292763
1157.59,0.115418
3868.89,0.386082
1044.12,0.104379
843.873,0.0842669
1422.5,0.142172
1286.75,0.128637
1961.29,0.196105
1111.87,0.111184
1288.2,0.128509
1699.31,0.169459
647.431,0.0646708
1792.61,0.179147
1278.32,0.127812
1144.09,0.114016
1708.59,0.170844
998.895,0.099887
1203.94,0.120359
1921.85,0.191893
754.569,0.0752736
1178.43,0.117661
699.427,0.0699366
657.115,0.0655976
549.018,0.0548874
1776.74,0.177629
2421.57,0.242107
854.196,0.0853864
913.62,0.0912928
904.271,0.0904213
4752.49,0.472964
1169.3,0.1169
1150.89,0.115083
951.883,0.0951632
906.15,0.0905958
1349.79,0.134939
1990.25,0.198989
1200.93,0.119648
1062.96,0.106291
2233.35,0.223306
1177.14,0.117699
1226.15,0.122534
1243.42,0.124063
1413.09,0.141239
2141.38,0.214015
1925.97,0.19205
654.673,0.0654633
1012.48,0.101091
1508.66,0.150838
1005.2,0.100486
1135.62,0.113383
966.629,0.096486
601.822,0.0601789
2121.02,0.211994
704.592,0.0704455
939.694,0.0938544
1133.06,0.113039
802.042,0.0801742
755.662,0.075542
621.92,0.0619399
889.958,0.0889836
768.288,0.076746
2372.89,0.237229
1343.03,0.134273
682.803,0.0682217
1491.3,0.148983
2045.49,0.20438
1083.57,0.108352
1017.4,0.101733
904.303,0.090416
3811.92,0.380874
3322.32,0.331929
2538.01,0.253372
1598.78,0.159815
2656.74,0.26509
747.731,0.0746986
937.312,0.0937132
1147.18,0.114632
737.775,0.0759205
719.565,0.0719334
1025.05,0.102473
800.678,0.0800095
935.879,0.0935855
2959.01,0.295863
1224.29,0.122398
1956.87,0.195563
2322.27,0.232173
1376.45,0.137618
969.044,0.0967506
502.054,0.0501941
847.671,0.0847627
1684.02,0.168386
1149.85,0.114878
2104.66,0.210321
1029.17,0.10291
1037.35,0.103716
2517.69,0.2516
885.933,0.0885859
1944.44,0.190691
1433.41,0.143239
2094.05,0.209394
845.248,0.0844847
895.781,0.0892965
1336.84,0.133623
13748.2,1.37388
1099.25,0.10967
787.805,0.0787365
997.415,0.0997043
940.344,0.0938598
914.444,0.0914339
1351.53,0.133929
3721.63,0.372052
821.699,0.0821618
1984.53,0.197892
953.471,0.0952677
1951.75,0.19515
960.39,0.0960059
872.518,0.0871909
981.203,0.098101
2292.12,0.229166
1320.34,0.131995
720.971,0.0720932
767.072,0.0765516
1654.5,0.165343
1018.13,0.101795
998.882,0.0998571
2142.52,0.213942
2847.22,0.284614
10713.3,3.51836
803.826,0.0802193
889.658,0.088946
938.848,0.0938641
770.785,0.0769168
3641.38,0.363863
1654.16,0.165311
2725.06,0.272457
2494.74,0.249218
1107.17,0.110538
1197.85,0.119744
916.545,0.091639
1485.37,0.148399
1112.81,0.110984
858.98,0.0858923
6639.66,0.663383
656.893,0.0656415
723.983,0.0723698
880.146,0.0879969
1324.29,0.132322
1361.48,0.136144
901.066,0.0900798
817.597,0.0817281
1907.19,0.190598
785.823,0.0785251
2232.26,0.223124
941.781,0.0941732
965.463,0.0964946
924.755,0.0918685
1908.2,0.190731
1052.61,0.105158
758.935,0.0758389
543.628,0.0543611
11792.5,1.17591
2380.98,0.236937
1219.24,0.121882
3283.78,0.169597
599.817,0.0599568
1531.29,0.152872
1594.09,0.159173
609.403,0.0609257
842.973,0.084151
1942.99,0.194272
611.941,0.061178
860.381,0.0860162
1983.03,0.19825
1193.35,0.119287
1784.43,0.178419
2223.59,0.222313
2067.88,0.206648
3424.04,0.34237
1816.37,0.181616
1468.06,0.146654
6321.25,0.631943
935.855,0.0935683
1653.19,0.1653
2617.71,0.260585
2161.77,0.216051
1092.22,0.109194
1576.05,0.157366
815.698,0.081406
969.671,0.0968726
1514.44,0.151419
464.521,0.04637
864.701,0.0864296
751.732,0.0750505
765.986,0.0761609
1072.14,0.107166
1706.71,0.170627
869.536,0.0869487
2604.22,0.260321
1682.76,0.163595
1067.72,0.106697
2159.02,0.215831
1384.81,0.138405
1062.65,0.106262
790.83,0.0790423
989.764,0.0989296
2943.63,0.294348
1224.77,0.122445
1287.36,0.128706
2254.97,0.225302
1672.55,0.167237
1863.66,0.18629
1305.16,0.130449
892.15,0.089202
897.304,0.0897174
2092.75,0.209178
3329.19,0.332796
31386.5,3.10227
1493.03,0.149273
1148.51,0.114724
1556.23,0.155588
1521.32,0.151209
1954.81,0.195465
668.775,0.0668587
2294.96,0.167278
2451,0.244959
1864.86,0.186433
2088,0.20865
654.263,0.0654201
1844.54,0.182256
3444.67,0.344349
828.914,0.0828848
970.577,0.097028
1059.61,0.10593
1174.08,0.117386
1101.22,0.110121
1642.03,0.164146
1053.99,0.105361
1357.19,0.135714
722.895,0.0722562
480.417,0.0480253
776.486,0.0775972
1018.39,0.101808
1708.91,0.170869
1442.05,0.144168
1235.17,0.12348
646.477,0.0646391
1687.84,0.168754
1027.63,0.10276
3778.78,0.377801
2511.17,0.250878
1764.59,0.176413
1593.88,0.15932
1848.58,0.184704
1140.44,0.114023
1148.65,0.114806
1440.35,0.143962
481.702,0.0481686
3427.78,0.342636
923.049,0.0922945
1223.9,0.122286
752.758,0.0751468
1090.13,0.108976
1387.53,0.13871
5027.09,0.501971
931.224,0.0930717
2111.79,0.210863
1498,0.14976
1076.13,0.107571
1839.52,0.183865
2653.23,0.265166
1770.24,0.17694
1564.8,0.156453
1465.38,0.146519
759.852,0.0759763
1295.25,0.129482
9975.75,0.996303
765.588,0.0765571
793.985,0.0811117
648.02,0.064799
3665.04,0.366376
1416.85,0.14155
1216.3,0.121401
4662.06,0.465946
1420.09,0.141982
1399.45,0.139902
4062.13,0.406098
2850.31,0.284496
1416.18,0.141429
1480.93,0.147605
1872.87,0.187145
956.283,0.0955342
1137.29,0.113715
996.261,0.0996029
1796.6,0.179617
2404.46,0.241569
4150.78,0.414345
5494.28,0.549241
1396.64,0.139557
895.302,0.0895129
1022.8,0.102279
985.043,0.0984888
1271.09,0.124765
463.242,0.0463131
1928.01,0.192556
1950.57,0.194951
2213.51,0.221295
1804.01,0.180213
798.881,0.0798735
675.856,0.0675575
950.139,0.0949829
1177,0.1176
1022.76,0.102241
5586.83,0.558334
1028.58,0.10272
2226.38,0.222566
994.811,0.0994783
6577.99,0.653478
1626.21,0.16252
8153.36,0.813754
1278.52,0.127802
1852.25,0.1852
1837.02,0.183611
750.138,0.0749108
1578.5,0.157839
1792.81,0.179193
3994.28,0.399034
1324.12,0.132374
1998.08,0.1995
612.536,0.061242
647.106,0.0647042
752.684,0.0752634
931.836,0.0931725
1035.95,0.103324
1526.56,0.152331
7936.76,0.79174
390.494,0.0390316
661.941,0.0661883
2473.09,0.247115
894.743,0.0894702
6774.79,0.676633
1127.86,0.11277
1767.15,0.176579
1347.3,0.134721
932.759,0.0931475
941.486,0.0941452
1512.67,0.150866
1611.01,0.160863
1108.22,0.110756
2388.67,0.238845
2550.26,0.254911
2216.9,0.221508
951.184,0.0950664
923.208,0.0921984
682.984,0.0682607
757.799,0.07574
3010.38,0.300689
1047.65,0.104655
1325.62,0.132539
4190.39,0.4188
1437.95,0.143731
1980.08,0.197774
1058.6,0.105753
1026.26,0.102598
1404.54,0.140256
1373.77,0.136997
1161.23,0.11604
12999.4,1.29715
1959.91,0.19586
1279.38,0.127887
2549.44,0.25457
611.225,0.0611187
706.261,0.0706097
952.266,0.0951923
1196.2,0.119617
1511.64,0.150935
1634.8,0.163136
1402.23,0.140117
1003.96,0.0986078
930.385,0.0929702
3331.95,0.332924
1023.84,0.102355
698.917,0.0698802
947.194,0.0946546
1134.85,0.113425
1537.43,0.153735
1081.45,0.107916
973.494,0.0972911
824.868,0.0824292
880.949,0.0880706
976.563,0.0976329
1664.5,0.166391
1618.98,0.161629
1055.37,0.105465
899.955,0.0899766
1685.82,0.168525
1314.76,0.131386
9693.27,0.965738
2601.1,0.259955
1662.46,0.166236
736.404,0.0736343
677.963,0.0677782
2440.64,0.243945
1251.42,0.125118
1155.1,0.11546
354.974,0.0354938
3678.66,1.34326
917.195,0.0916471
5089.2,0.508599
796.355,0.0796177
921.04,0.0916653
777.423,0.0777195
3013.95,0.301045
2047.79,0.204567
1105.86,0.110426
1165.02,0.116484
1408.76,0.140837
1004.53,0.10041
799.005,0.0798503
761.586,0.0759839
2069.21,0.206065
987.02,0.0986639
1695.26,0.169486
615.645,0.0611372
1330.13,0.132944
1007.13,0.10069
1701.58,0.170118
1626.47,0.162362
499.575,0.049939
2011.52,0.201122
925.708,0.0925611
1271.02,0.126349
1045.07,0.104224
2556.37,0.255525
705.646,0.0705286
534.335,0.0534026
3395.71,0.338928
722.911,0.0722596
1035.16,0.103374
1047.27,0.104684
1554.72,0.155271
3431.26,0.342893
954.338,0.0934494
1388.56,0.138793
1149.41,0.11491
1395.83,0.139498
1199.31,0.119796
1064.14,0.106341
7223.48,0.721703
1648.36,0.164781
1358.07,0.13562
1315.03,0.131288
2521.69,0.251983
981.478,0.0980662
1945.24,0.194312
901.351,0.0901223
1163,0.115764
2964.68,0.296358
757.407,0.0757166
1097.29,0.109615
1240.78,0.124057
1272.96,0.127185
756.619,0.075095
942.568,0.0941619
1985.01,0.198481
1002.92,0.100126
800.337,0.0799896
864.221,0.08641
1828.33,0.182813
1690.56,0.16884
1810.89,0.180933
2504.05,0.249789
1360.58,0.135575
849.565,0.0848881
1367.74,0.136476
1540.44,0.153924
746.299,0.074622
1165.47,0.116442
690.243,0.0690165
1871.15,0.187041
954.454,0.0954055
2399.28,0.239828
1754.96,0.175209
962.712,0.0962519
1175.72,0.117556
865.082,0.0864995
1473.46,0.147295
1077.1,0.107647
1010,0.100961
642.373,0.0641918
577.17,0.0576918
1099.78,0.109868
1799.73,0.17958
1352.59,0.135246
1026.48,0.10259
1248.45,0.12482
862.822,0.0862612
2484.01,0.248353
908.221,0.0907983
683.392,0.0682436
1236.14,0.123579
787.972,0.0787358
672.979,0.0672264
874.112,0.087394
624.433,0.0624218
805.568,0.0805478
1371.07,0.137084
941.514,0.0941041
1763.3,0.176139
1153.57,0.115346
671.607,0.0671344
1983.16,0.198233
1273.5,0.127341
1321.46,0.132114
1754.65,0.175439
565.837,0.0565794
12823.7,1.27808
1053.78,0.105277
1237.75,0.123753
928.8,0.0928756
888.899,0.0874853
8111.19,0.81062
1294.85,0.129446
1121.25,0.11172
1587.11,0.158683
6061.47,0.601504
3413.99,0.340714
772.924,0.0772387
1006.68,0.100661
1831.22,0.182932
619.506,0.0619428
920.266,0.0919157
1497.31,0.148866
3544.29,0.354174
1569.54,0.156938
2388.51,0.238697
5663.23,0.56623
2285.7,0.228186
1552.26,0.155021
2465.5,0.24639
962.379,0.0962069
1895.79,0.189532
1782.91,0.178129
2146.93,0.213483
1784.76,0.178395
1151.64,0.11513
692.853,0.0692827
1289.89,0.128961
1273.6,0.12734
1049.34,0.10493
916.104,0.0915724
1303.34,0.130255
1660.51,0.166042
1666.43,0.166607
1165.98,0.116582
1058.41,0.105836
2346.56,0.234542
1063.58,0.106355
5532.59,0.550591
1751.63,0.174705
967.297,0.0967121
644.308,0.0644012
1016.44,0.101603
964.25,0.0963323
1319.53,0.131846
1729.33,0.172777
2011.21,0.201097
546.726,0.0546113
1016.45,0.101629
1269.19,0.126504
1071.26,0.107075
3198.58,0.318959
739.47,0.0735874
1006.11,0.100578
1652.2,0.165212
913.593,0.0912956
923.252,0.092272
1461.42,0.146096
887.465,0.0887262
789.927,0.0788871
1273.28,0.127209
8018.56,0.799612
9701.97,0.969588
1284.28,0.128414
2837.21,0.283464
977.8,0.0976783
1766.94,0.176532
1194.68,0.11863
1533.2,0.153311
1450.16,0.144842
942.936,0.0940872
1565.25,0.156521
882.755,0.0882553
1293.06,0.129268
884.363,0.0884271
2354.42,0.235261
692.414,0.0690028
2651.57,0.265138
1268.83,0.126829
1268.02,0.126785
1908.25,0.190791
979.442,0.0978304
662.466,0.0662236
1519.16,0.151098
1137.73,0.113705
888.755,0.0888393
2066.24,0.206603
1268.82,0.126865
2404.41,0.240321
1840.44,0.184021
2399.57,0.239901
1194.55,0.119447
2196.22,0.219594
3385.54,0.338317
965.856,0.0965356
1102.39,0.110052
973.963,0.097314
1465.38,0.146411
880.296,0.0880267
940.966,0.0940544
1063.17,0.106262
1564.98,0.156319
3670.21,0.365608
2723.72,0.272318
571.083,0.0568486
1128.35,0.112776
1318.38,0.131498
1364.23,0.136201
2399.8,0.239963
6046.65,0.604469
2660.42,0.264122
805.151,0.0804978
1009.23,0.100706
1094.48,0.109414
2887.65,0.288137
773.501,0.077307
5382.87,0.537577
1937,0.193612
346.11,0.0346105
3454.81,0.345188
1979.48,0.197889
1789.78,0.178956
801.883,0.0801212
1513.51,0.151261
1185.93,0.118585
1664.31,0.165961
1531.04,0.153006
1571.05,0.157074
813.38,0.0813212
1021.62,0.102152
5128.69,0.511841
690.857,0.0690803
1093.98,0.109343
1734.64,0.173444
1190.32,0.118977
1619.06,0.161388
638.701,0.0638524
5181.01,0.517525
558.178,0.0557904
1138.54,0.113689
847.308,0.0847189
1389.78,0.138409
977.045,0.0976387
1090.69,0.109062
1202.45,0.120192
2464.49,0.246412
885.793,0.088519
1101.94,0.110189
3296.93,0.329043
1085.91,0.108505
2446.11,0.244553
613.344,0.061324
941.117,0.0940513
575.529,0.0575513
740.287,0.0740145
1581.8,0.155865
1483.39,0.148005
3763.31,0.376323
836.104,0.0835359
2349.06,0.234427
1202.55,0.12006
2198.29,0.219779
931.593,0.0931219
1601.41,0.159697
1068.45,0.10684
1932.1,0.193197
3277.66,0.327647
662.765,0.0660996
1699.12,0.169794
864.58,0.0864491
879.011,0.0878239
674.803,0.0674472
1630.75,0.162966
1105.42,0.110528
1208.92,0.120731
1851.62,0.184983
2089.73,0.208938
2309.4,0.230569
1380.29,0.137965
1263.85,0.125456
1487.67,0.148723
801.42,0.0801278
1363.83,0.136355
754.11,0.0753381
1707.2,0.170709
730.973,0.0730859
875.52,0.0875207
890.642,0.0889964
3805.5,0.380457
1956.04,0.195506
1182.3,0.118208
631.646,0.0631432
1300.59,0.129938
2751.47,0.274898
921.061,0.0920647
789.331,0.0789122
1945.74,0.194496
1126.38,0.112581
3511.99,0.336976
5664.56,0.56541
1388.95,0.137806
1196.27,0.119285
1064.77,0.106411
1483.82,0.148111
2588.53,0.258415
1112.81,0.111275
1030.15,0.102842
1113.83,0.111368
2401.52,0.239879
1093.93,0.10934
3204.71,0.320352
1677.18,0.167708
911.975,0.091164
873.58,0.087184
1729.36,0.17236
2203.52,0.22022
982.893,0.0982614
1142.39,0.114179
2468.15,0.24599
655.505,0.0655131
2865.36,0.286472
1863.68,0.183098
1201.83,0.120146
1251.22,0.125064
1092.59,0.109184
931.863,0.0930919
1027,0.102651
1285.06,0.128493
1150.77,0.11505
8903.75,0.88983
926.912,0.092683
1585.02,0.158448
1319.23,0.131874
2089.91,0.208809
953.597,0.0953051
1303.9,0.130368
4113,0.41091
877.526,0.087723
1348.5,0.134507
1394.59,0.139393
2135.35,0.213348
857.772,0.0857757
615.896,0.0615872
1318.53,0.131747
1206.33,0.120427
1470.61,0.14702
658.165,0.0658072
1327.03,0.131597
962.551,0.0961067
1343.77,0.134316
2895.69,0.289248
688.328,0.0687466
1591.03,0.159006
5112.53,0.509502
9950.36,0.994181
1312.09,0.131188
584.708,0.058422
1432,0.143019
5209.69,0.520418
5349.48,0.534383
1205.12,0.120487
1264.34,0.126286
1423.67,0.142157
922.929,0.0922809
12383.2,1.23071
1980.26,0.198004
1993.7,0.199282
1134.95,0.113361
1015.95,0.101546
1446.55,0.144626
2815,0.281408
1584.39,0.158241
1476.62,0.14757
1152.29,0.115111
314.9,0.0314779
1689.33,0.168072
524.397,0.0524272
4383.51,0.435963
1636.8,0.163633
1070.21,0.106893
2572.88,0.257122
873.477,0.0873307
1281.25,0.128023
1154.31,0.115422
1503.81,0.150293
925.336,0.0925256
1705.07,0.170468
854.814,0.085472
870.579,0.0870394
1161.43,0.116068
2016.63,0.201616
1089.04,0.108807
1017.99,0.101779
1520.92,0.15204
1376.61,0.137573
1424.14,0.142395
3016.75,0.294321
982.345,0.0981535
1081.95,0.108155
661.957,0.0661912
1202.12,0.120191
700.073,0.0699963
950.981,0.0949972
2767.25,0.2754
1675.24,0.167389
1126.17,0.112573
690.009,0.0689644
1526.45,0.152626
553.828,0.055374
1130.2,0.112997
2010.99,0.200896
508.76,0.0508624
1112.44,0.11116
962.031,0.096175
1722.12,0.172121
850.762,0.084998
887.516,0.0886843
777.883,0.0777789
619.533,0.0618027
1148.78,0.114822
2649.1,0.264762
1288.55,0.128804
850.12,0.0848617
1434.13,0.976631
3758.95,0.375463
1100.7,0.109806
1783.9,0.178367
1009.55,0.100889
1256.01,0.12551
1487.39,0.148704
1032.5,0.103209
975.295,0.0975107
557.746,0.0557704
4869.34,0.486675
1109.82,0.11097
1345.52,0.134517
2358.98,0.235857
1911.12,0.191031
1725.81,0.172478
1148.43,0.114841
1847.17,0.184561
657.549,0.0652289
2081.01,0.207921
1696.34,0.169611
1346.49,0.134595
1901.26,0.190096
1288.72,0.128703
1055.75,0.105558
1511.77,0.15109
1681.79,0.168007
1215.33,0.121328
963.672,0.0963516
1751.15,0.17507
1458.81,0.142616
1009.32,0.100926
1215.18,0.12141
1055.71,0.105484
922.61,0.0921983
1130.01,0.112775
737.401,0.073704
1236.52,0.123611
2176.44,0.217599
6022.09,0.60172
1120.63,0.111998
550.4,0.0550393
1286.57,0.128636
747.075,0.0747031
2080.61,0.207858
607.585,0.0606218
1136.93,0.113589
2019.36,0.20191
2324.71,0.231864
922.679,0.0922131
2022.06,0.202
1367.49,0.136732
2281.9,0.228142
1568.49,0.156766
741.475,0.0741461
807.974,0.080791
897.629,0.0897434
1610.73,0.160936
1217.79,0.12173
892.874,0.0892849
1312.26,0.131162
5726.13,0.57195
966.175,0.0965932
2983.47,0.297847
810.605,0.0809709
1356.72,0.135656
630.614,0.0628491
1184.25,0.118072
659.662,0.0658593
984.641,0.0984418
3670.82,0.366736
1095.38,0.109511
866.786,0.0866664
4282.22,0.427896
5662.9,0.566235
2055.43,0.205401
2509.96,0.250581
1652.22,0.165043
1094.81,0.109468
1109.12,0.110892
1359.84,0.135965
934.25,0.0934005
1772.75,0.176431
934.029,0.0933859
908.863,0.090871
1216.52,0.121562
1617.71,0.161629
859.422,0.085894
4766.92,0.476273
1292.38,0.129179
832.071,0.0831757
487.218,0.0486651
961.791,0.0961544
2019.78,0.165971
1319.55,0.131845
2660.48,0.261715
937.856,0.0936809
955.476,0.0955387
2001.26,0.200052
2779.01,0.277722
644.007,0.0643592
1291.13,0.12895
3308.79,0.32954
1754.87,0.175099
905.212,0.0905036
1224.44,0.122393
1524.72,0.151979
1082.03,0.107994
2873.1,0.287267
2396.44,0.23961
1992.12,0.195694
4057.36,0.40521
1443.43,0.144229
1086.8,0.10811
1226.47,0.122421
1085.48,0.108503
906.186,0.0905404
622.196,0.0621579
1161.99,0.116005
840.41,0.0840172
703.338,0.0703309
2935.26,0.293178
3613.31,0.360813
1450.23,0.144874
1730.56,0.172764
1721.06,0.172096
740.574,0.074046
1221.52,0.122038
1262.54,0.126199
1317.87,0.131735
1268.35,0.126817
1050.98,0.104898
1178.84,0.117878
889.43,0.0889293
3616.32,0.361209
1458.44,0.145651
1300.67,0.128966
781.709,0.0781607
1036.62,0.103524
713.082,0.0711866
1428.89,0.142843
2511.05,0.251067
888.158,0.0887888
651.976,0.065103
6581.04,0.657232
1875.66,0.187177
1444.37,0.144356
858.573,0.0857624
1134.41,0.113425
1651.62,0.165146
5485.51,0.548028
552.968,0.0552789
2238.81,0.223725
2062.68,0.206161
1224.57,0.122414
1244.91,0.123959
23005.2,2.28263
822.5,0.0822379
877.231,0.0877132
3177.42,0.317422
595.111,0.0594389
1772.57,0.177213
1711.27,0.171024
994.27,0.0994236
529.952,0.0529479
942.662,0.0941304
1439.82,0.143853
4568.2,0.456482
663.785,0.066368
1372.75,0.137198
1364.59,0.136391
1379.1,0.137839
3099.29,0.309757
826.487,0.082635
982.536,0.0982352
1852.5,0.185113
1386.76,0.138647
1637.9,0.163774
2731.01,0.272648
1912.87,0.19127
2272.56,0.227189
1427.62,0.142047
1537.6,0.153333
1860.19,0.185934
980.822,0.0980265
690.131,0.0689883
1228.38,0.122819
19315.8,1.92416
2713.65,0.270955
1211.63,0.121025
1945.3,0.194173
1532.81,0.151897
1406.65,0.140488
606.292,0.060602
1448.4,0.144827
1311.45,0.131099
2408.19,0.240038
2224.47,0.222351
1910.13,0.190955
3970.43,0.396676
1867.16,0.186647
882.519,0.08822
1268.49,0.126741
1257.77,0.125552
1203.31,0.120319
1822.65,0.182223
882.46,0.0882313
1052.35,0.10523
1030.99,0.103054
1216.39,0.121584
961.435,0.096119
1950.88,0.193891
780.189,0.077991
1777.54,0.177747
799.248,0.0798151
539.879,0.053985
817.3,0.0816684
745.062,0.0743992
1280.9,0.128065
2076.3,0.207425
1992.64,0.19918
8018.15,0.800993
1592.84,0.159213
2109.14,0.2109
1615.58,0.161522
1065.93,0.106586
2876.95,0.287592
961.913,0.0961648
1062.34,0.106229
1445.27,0.144077
1615.58,0.161521
2864.9,0.286403
995.354,0.099514
639.139,0.0639097
696.718,0.0684959
1538.05,0.153716
1279.58,0.127775
4467.44,0.446322
1551.27,0.155064
1234.39,0.123432
1106.38,0.110554
1024.83,0.102385
2649.85,0.264436
1792.53,0.179182
936.654,0.0936495
1932.95,0.193091
3025,0.302235
7283.71,0.72703
1793.32,0.179168
1092.07,0.109192
1059.47,0.105858
867.343,0.0867247
714.463,0.0714181
755.264,0.0755191
11623,1.15748
3560.78,0.35594
991.445,0.0988872
702.846,0.070119
1054.12,0.10539
868.615,0.0867575
3505.16,0.350376
880.252,0.08802
2242.58,0.223913
1087.56,0.108494
1198.08,0.11968
937.643,0.0937616
1648.76,0.164699
1951.39,0.194956
1474.05,0.147368
1854.29,0.185376
659.843,0.0653335
1487.91,0.146118
1557.87,0.155435
1050.56,0.105052
888.948,0.0874947
2504.74,0.250427
1252.09,0.125158
1321.92,0.132167
2218.84,0.221571
1242.66,0.124182
2311.66,0.231105
10619.6,1.06008
742.592,0.0742517
1105.48,0.110528
1520.74,0.152024
1277.42,0.127721
616.236,0.0616152
1417.67,0.141496
903.678,0.0903583
2497.02,0.2494
602.224,0.0602124
4957.89,0.495558
1568.15,0.156807
841.672,0.084157
732.665,0.0732526
860.384,0.0860286
786.693,0.0786673
1171.98,0.117194
1363.96,0.136372
988.88,0.0988815
2263.64,0.226253
1225.03,0.12247
1344.26,0.13433
1330.88,0.133025
6376.08,0.637186
887.948,0.088733
1102.34,0.110087
573.603,0.0573576
1086.76,0.107671
892.868,0.0891854
980.304,0.0980151
7018.14,0.701002
856.323,0.0855733
827.417,0.0825432
1681.31,0.168091
1694.02,0.169138
5529.56,0.552129
1898.38,0.189758
2335.25,0.233493
1441.75,0.143735
1193.41,0.119336
2054.59,0.205332
978.11,0.0978017
2416.38,0.241541
1204.64,0.120447
1607.78,0.160496
3027.49,0.302566
1203.48,0.119268
1766.73,0.17666
1929.67,0.192945
1100.61,0.110019
496.146,0.0495833
1346.89,0.134643
1431.09,0.14309
1076.17,0.107426
981.359,0.0980352
1623.39,0.162267
2718.08,0.271579
1008.18,0.100621
931.529,0.0931378
2938.84,0.293839
9942.97,2.98539
1206.06,0.120577
2394.29,0.237802
881.078,0.0881041
850.213,0.0850147
2876.28,0.287517
940.194,0.0939926
4137.57,0.41305
2737.7,0.273669
1575.4,0.157396
867.601,0.0867561
2159.35,0.21586
702.939,0.0702603
1191.12,0.119087
2244.36,0.224291
841.169,0.0841114
1727.64,0.172484
800.947,0.0800893
1635.29,0.163501
786.301,0.0785658
8380.72,0.828469
1174.43,0.117434
998.502,0.0998259
3383.36,0.336995
777.627,0.0777321
1812.02,0.181191
1250.58,0.124971
2441.14,0.243859
2557.67,0.255685
1157.27,0.115724
5710.77,0.569896
516.415,0.0516378
804.122,0.0804091
719.326,0.071904
1006.99,0.100585
1923.4,0.192266
1383.89,0.138064
1868.46,0.186682
14333.6,1.43115
1510.95,0.150958
942.291,0.0941668
2660.26,0.265983
349.414,0.0349117
15246.9,4.81172
1484.89,0.148465
1230.85,0.123057
987.494,0.0986444
1614.36,0.161346
1774.15,0.178496
1015.04,0.101488
1020.89,0.102062
1857.32,0.185636
659.067,0.0658901
2927.14,0.292573
1058.54,0.105779
1043.39,0.104293
865.932,0.0865896
1629.12,0.162683
747.862,0.0747736
1292.53,0.129235
1133.67,0.113221
1715.44,0.171535
633.767,0.0633594
789.573,0.0789098
1065.12,0.106336
2242.02,0.224178
1152.54,0.115166
847.293,0.0846745
1817.35,0.181673
904.854,0.0904581
2373.43,0.237259
1577.2,0.157568
839.279,0.083926
715.761,0.0715659
716.97,0.0716956
2400.26,0.239971
691.075,0.0691058
4016.02,5.22662
4769.55,0.476559
3897.77,0.389071
1628.06,0.162752
730.725,0.0730372
1008.86,0.100877
1841.02,0.184098
1027.75,0.102757
12184.8,1.21267
1280.12,0.127837
1341.92,0.134099
1025.43,0.101497
765.262,0.0764897
930.315,0.0930087
857.876,0.0857767
1580.8,0.158056
865.16,0.0864761
2562.87,0.255961
1358.74,0.135511
941.011,0.0940968
1567.77,0.156764
1168.28,0.116772
2471.92,0.247084
873.064,0.0872755
737.667,0.07376
1036.47,0.103629
2896.09,0.289161
976.259,0.0976089
1819.96,0.179342
5051.59,0.504201
1935.16,0.1934
882.841,0.0882661
2395.14,0.238967
1137.25,0.113668
1133.68,0.113344
1196.86,0.119602
1042.93,0.104127
925.594,0.0924912
1709.95,0.170925
937.22,0.0934929
980.14,0.0973812
1384.39,0.138434
724.008,0.0723749
1060.57,0.105972
961.367,0.0958602
2193.13,0.219258
1459.23,0.145419
1692.68,0.169227
2621.27,0.262087
1698.1,0.169715
2551.2,0.25468
1316.17,0.131583
1031.76,0.103151
1102.84,0.110248
1774.21,0.177414
898.964,0.0894539
783.111,0.0782913
896.495,0.0896334
1741.11,0.174072
6383.97,0.637574
1412.24,0.141211
831.237,0.0827099
1857.02,0.185668
839.834,0.0839532
1084.84,0.108467
1884.36,0.187953
2858.08,0.285448
1265.65,0.126525
959.633,0.0959441
805.458,0.0805225
843.952,0.084382
1394.25,0.13939
979.714,0.0978681
3637.95,0.363607
1006.97,0.10069
1090.79,0.109065
852.307,0.0852074
749.128,0.0748361
5570.37,0.5562
863.347,0.0863225
1465.41,0.146492
794.008,0.0793933
1334.81,0.133444
1285.59,0.128545
2339.31,0.233518
1216.19,0.12161
954.518,0.0953888
965.049,0.0964852
2287.4,0.228176
927.152,0.0926996
1236.68,0.123626
3323.61,0.331807
2771.29,0.275357
1620.59,0.162045
1097.61,0.109745
1803.4,0.180293
3843.81,0.38412
1105.3,0.110109
971.392,0.0971271
5218.78,0.520935
1532.17,0.153085
2358,0.235778
1184.03,0.118293
1092.19,0.109048
1944.53,0.194303
750.928,0.0750574
1465.01,0.146446
3113.8,0.310895
5746.24,0.573766
783.661,0.0783063
2204.25,0.220295
1585.68,0.158515
854.047,0.085306
775.181,0.0775118
770.035,0.0767746
978.905,0.0978861
1679.52,0.167943
914.36,0.0913835
928.318,0.0928202
1335.95,0.133527
2159.65,0.215918
1509.56,0.150641
1280.51,0.127981
1035.59,0.103544
1301.73,0.130148
1937.9,0.193582
1053.64,0.105214
1029.65,0.101229
984.714,0.0984667
1481.45,0.147772
1332.48,0.13323
2182.77,0.218244
1611.47,0.160834
1878.8,0.187778
1816.38,0.181495
1635.89,0.166284
1841.65,0.184066
1709.09,0.170874
809.54,0.0808982
1199.56,0.119373
1669.25,0.166884
3500.96,0.349879
998.04,0.0997934
5317.53,0.531162
1783.28,0.178269
1411.03,0.140937
1372.86,0.137265
1217.5,0.121446
6296.02,0.629437
763.014,0.0762691
2012.34,0.20121
1036.24,0.103596
1404.59,0.14042
688.536,0.0688121
1158.59,0.115798
317.099,0.0317088
957.845,0.0957037
1019,0.101846
2485.83,1.08678
814.011,0.0813481
1074.55,0.107397
1785.14,0.178438
541.136,0.0541056
881.77,0.0881541
3466.99,0.346592
2077.35,0.207686
1286.58,0.128635
1066.52,0.10665
667.018,0.066642
1259.02,0.125884
1124.65,0.112444
1258.04,0.12565
565.649,0.0565234
981.243,0.098014
1253.74,0.125368
1563.37,0.156329
790.953,0.0790901
1534.5,0.153307
815.349,0.0815114
1177.03,0.117677
2046.77,0.204559
1162.32,0.116198
1125.19,0.112515
1341.63,0.134092
1136.97,0.113375
1931.49,0.193055
1228.94,0.122864
833.139,0.0831808
1195.64,0.119542
758.521,0.0758291
493.013,0.0491074
861.518,0.0860976
1101.55,0.11012
1349.41,0.134833
1626.29,0.162548
733.277,0.0732738
602.995,0.0602138
1231.99,0.123154
1264.93,0.126473
2203.91,0.219897
1002.62,0.100239
1267.23,0.126704
1608.06,0.160023
3067.86,0.306617
2227.18,0.222306
769.516,0.0768923
865.62,0.0865433
544.622,0.0544406
792.913,0.0792889
1326.97,0.132536
1043.88,0.104325
953.544,0.0953063
1188.29,0.118791
1218.4,0.121774
1079.03,0.107856
1105.08,0.110222
859.031,0.0858978
1670.34,0.166655
1958.49,0.195796
755.997,0.0755134
2420.41,0.242006
1462.82,0.146237
1850.96,0.184326
3347.88,0.334619
4891.01,0.488955
3368.76,0.336574
2288.21,0.228777
772.128,0.0771792
850.345,0.0849571
1234.19,0.122702
622.236,0.0622159
1310.07,0.130955
1147,0.114679
2020.2,0.201941
1160.82,0.11607
751.445,0.0751344
477.61,0.0477403
1913.9,0.191318
1231.42,0.123133
1442.39,0.143975
1000.97,0.100087
964.94,0.0865956
3600.44,0.359865
1028.59,0.102853
2674.98,0.267393
1517.28,0.151712
837.949,0.0837536
772.63,0.0771951
900.976,0.0900862
1699.4,0.16188
1443.94,0.144384
2103.39,0.210281
1256.28,0.125606
3474.48,0.347066
1687.2,0.168699
2140.1,0.21397
1062.62,0.1059
1132.06,0.113192
1259.31,0.12586
1013.09,0.101262
1069.19,0.106918
721.921,0.0721914
853.157,0.085302
1083.55,0.108299
657.027,0.0657009
2086.95,0.208447
2344.08,0.234314
1328.8,0.132868
1680.29,0.167982
1059.03,0.105848
3122.24,0.312096
1375.26,0.137504
2121.15,0.212019
683.633,0.0682476
837.23,0.0836765
871.286,0.0871043
1298.03,0.129657
1412.84,0.141201
2582.91,0.257837
1203.27,0.120254
10175.7,1.0143
955.13,0.0952465
2812.39,0.280109
1061.37,0.106127
1088.1,0.108737
1646.33,0.164599
1218.32,0.121813
878.17,0.0877967
1197.29,0.119712
1659.44,0.165924
989.649,0.0989136
1743.03,0.174232
1834.51,0.183363
2463.76,0.246314
1734.57,0.173038
7134.58,0.713029
1016.57,0.101392
1420.01,0.141982
837.711,0.0837302
1386.16,0.138426
1128.77,0.112286
1409.45,0.140921
796.524,0.0769686
691.084,0.068939
1325.83,0.132573
1023.32,0.102309
1489.51,0.148485
1152.17,0.115192
891.523,0.0891275
2185.54,0.218495
1108.34,0.110783
1850.91,0.184964
1585.32,0.158498
813.078,0.0812933
20073.7,1.99712
1515.23,0.151335
844.717,0.0844486
1077.92,0.107765
1231.28,0.12279
1824.06,0.182351
966.988,0.0966622
5902.62,0.590013
3205.14,0.320481
1001.62,0.100133
921.906,0.0920796
10320.3,1.03133
1005.62,0.10043
2253.76,0.225319
20473.8,2.0717
1674.68,0.167352
1079.95,0.107973
1008.41,0.100649
1964.03,0.196293
1159.67,0.115737
2337.41,0.233601
13439.6,1.34284
1084.69,0.108451
2361.7,0.235312
1458.21,0.145807
1540.42,0.153993
2488.31,0.248681
2139.66,0.213926
709.049,0.0709044
1398.91,0.139811
2241.17,0.223514
822.744,0.0822702
1894.68,0.189097
1403.38,0.14031
882.738,0.0882106
941.11,0.0940735
1301.44,0.130123
774.683,0.0774427
773.81,0.0773541
1509.07,0.150888
808.627,0.0808392
617.352,0.0617076
3118.59,0.311733
790.047,0.0789991
1059.61,0.105911
665.047,0.0664889
624.518,0.0624445
1196.94,0.119633
815.276,0.0814909
8766.73,0.876303
1187.25,0.118345
1890.03,0.188915
1610.03,0.160542
3029.86,0.302845
922.027,0.0911079
595.865,0.0595587
8776.12,0.8754
842.013,0.0841532
2300.27,0.229969
1204.54,0.120432
1352.76,0.135084
1875.73,0.187294
1266.5,0.126633
845.754,0.0843113
1526.31,0.152577
1882.28,0.188192
1368.29,0.136651
4073.12,0.405753
2421.29,0.241722
1577.82,0.15766
1013.33,0.101255
3592.52,0.359026
818.049,0.0817924
2016.37,0.201488
891.923,0.0891886
1074.77,0.107121
2005.73,0.200008
692.249,0.069129
24760.8,2.47151
2208,0.220567
1260.37,0.125982
1084.88,0.108438
2729.93,0.272913
1433.43,0.143218
954.892,0.0954309
1680.98,0.167831
770.241,0.0770061
2891.25,0.289107
1182.65,0.118234
761.715,0.0760374
1528.11,0.152719
1298.57,0.129852
1852.75,0.18524
1235.84,0.123522
1921.98,0.192164
937.618,0.093503
1337.96,0.133779
1387.86,0.138737
700.901,0.0700784
1078.86,0.107866
3293.31,0.329231
1043.49,0.104129
2303.77,0.230291
1371.16,0.137106
625.287,0.0625273
1195.44,0.119502
912.186,0.0908387
1402.92,0.14027
1506.37,0.150563
683.019,0.0683012
1479.17,0.147888
1481.92,0.148073
955.696,0.0953796
773.024,0.077283
2003.44,0.200202
899.134,0.089877
2652.76,0.265218
3067.47,0.306165
1211.43,0.121118
6015.12,0.601216
920.322,0.0918182
2241.76,0.224106
1786.11,0.178562
3803.78,0.380074
1388.35,0.138822
2691.92,0.269077
1428.88,0.142816
611.336,0.0611302
3308,0.330748
1124.98,0.111746
890.729,0.0890698
2864.76,0.285566
1766.56,0.176464
540.817,0.0540761
572.818,0.0572751
3608.09,0.215894
782.629,0.0782054
1114.5,0.111424
760.604,0.0759499
679.534,0.0679175
2012.42,0.201178
958.39,0.095838
1732.66,0.173206
1086.64,0.108653
844.85,0.0844699
1152.04,0.115191
1795.5,0.17952
2635.35,0.263435
899.55,0.0898785
586.136,0.0585451
979.159,0.0978688
1110.4,0.110532
3072.75,0.30692
5133.14,0.512626
1107.64,0.11071
6519.39,0.651466
1303.48,0.130307
2782.42,0.278031
2685.16,0.268239
1170.23,0.116981
1316.84,0.131665
9174.71,0.916432
1242.19,0.124202
1001.14,0.100107
8529.27,0.852388
1085.68,0.10854
917.468,0.0917157
1214.21,0.121214
3846.57,0.383828
695.734,0.0695493
6212.92,0.62058
2318.46,0.231826
1206.7,0.120663
8471.57,0.846748
1199.26,0.119921
1347.7,0.134751
1011.42,0.101129
2974.79,0.297361
995.611,0.0995399
807.64,0.0807611
5717.05,0.570664
1381.67,0.138102
977.007,0.0976103
1050.93,0.10506
862.995,0.0862395
6512.44,0.650659
5524.04,0.552238
1779.41,0.177882
851.222,0.0850837
5949.69,0.593931
1103.53,0.110285
1087.02,0.108649
1125.47,0.112528
1348.23,0.134673
1543.46,0.154337
1661.68,0.165874
1062.11,0.106208
862.751,0.0862123
1705.13,0.170406
1252.32,0.125161
1648.28,0.164808
2395.4,0.239136
1178.44,0.117782
23091.1,2.28471
1248.87,0.124844
951.018,0.0950695
1914.12,0.191386
1068.84,0.106851
1076.67,0.107662
1040.99,0.10396
3023.49,0.302219
1591.93,0.159146
428.408,0.0428341
1408.13,0.142323
867.967,0.0866928
960.067,0.0959742
870.84,0.0870475
2798.2,0.279725
1792.85,0.179172
870.166,0.0868797
676.767,0.0656164
1150.39,0.114983
1362.3,0.136135
1377.31,0.137706
1711.21,0.171029
3618.56,0.361744
2457.96,0.244742
1143.19,0.114306
1202.8,0.118858
3485.51,0.347154
1071.42,0.107107
718.574,0.0718419
1345.24,0.135188
861.643,0.086136
1193.03,0.119279
846.417,0.0845717
789.44,0.0789349
3741.22,0.373992
744.639,0.0744613
1259.57,0.125897
849.363,0.0848971
5169.13,0.513938
925.682,0.0925639
1291.37,0.129075
611.487,0.0611464
872.712,0.0872577
1715.45,0.171531
965.111,0.0965052
1873.85,0.187101
1183.38,0.11828
628.6,0.0628215
1235.93,0.123543
1130.05,0.112993
840.931,0.0840865
2365.98,0.236573
1278.17,0.127808
1038.81,0.103792
1721.58,0.172064
926.58,0.0926511
976.032,0.0975726
1310.74,0.13106
785.367,0.0785332
1266.15,0.12654
4670.44,0.466917
1443.08,0.14424
5776.93,0.577172
1046.9,0.104624
1021.18,0.102102
888.731,0.0886886
1275.27,0.127505
742.205,0.0741908
1767.28,0.176711
1922.17,0.192185
1426.2,0.142506
722.596,0.0722579
2408.98,0.24088
1354.11,0.135376
1030.93,0.102792
8706.09,0.868131
1395.93,0.129633
1251.37,0.125117
753.03,0.0752951
4394.08,0.438901
1918.96,0.191873
577.116,0.057707
1776.23,0.177541
667.636,0.0667582
435.884,0.0435831
509.537,0.0508712
2113.44,0.21129
950.244,0.0950124
2798.93,0.27983
818.712,0.0817571
1449.13,0.144878
918.227,0.0918078
1020.45,0.102038
713.465,0.071322
737.464,0.0736804
3826.9,0.38249
866.367,0.086629
1386.26,0.138448
1196.08,0.11951
1351.07,0.135037
1742.06,0.173902
683.743,0.0683727
1350.57,0.134995
2061.42,0.206125
908.76,0.0908608
1815.45,0.180837
2720.9,0.272011
798.113,0.0798032
2095.66,0.209544
1373.29,0.137317
793.423,0.0791962
1474.59,0.147405
1461.47,0.146087
779.898,0.0779528
873.345,0.0873234
847.109,0.0847032
895.978,0.0895622
859.014,0.0858632
1485.26,0.142973
2754.56,0.275039
2740.64,0.273944
1623.01,0.162233
967.66,0.0967506
2130.43,0.212913
1025.91,0.102581
1872.43,0.187059
1488.73,0.148846
3779.62,0.37754
1195.33,0.119457
649.885,0.0620385
2801.53,0.280024
2088.26,0.208683
1158.74,0.115837
1558.7,0.15487
1529.15,0.152796
1365.67,0.136384
1256.65,0.125646
682.919,0.0682798
1399.77,0.139834
4874.01,0.486559
4514.7,0.451317
2568.11,0.256716
1604.26,0.160292
887.65,0.0887444
1118.26,0.11179
1138.68,0.113691
2519.57,0.373536
2525.37,0.252466
1243.53,0.124329
726.116,0.0725498
1057.13,0.1057
3680.32,0.367748
913.118,0.0912993
1114.65,0.111448
1163.04,0.1163
2818.39,0.281602
564.657,0.0562976
3100.13,0.309694
690.755,0.0690628
1032.42,0.10322
1105.27,0.110519
990.34,0.0989601
1129.75,0.112966
1294.57,0.129432
575.879,0.0575852
778.23,0.0777848
1569.3,0.156787
1774.34,0.17743
1330.81,0.133069
555.286,0.0554416
1169.71,0.114018
2911.94,0.290971
5050.24,0.504862
1179.54,0.117806
1568.4,0.156807
1100.09,0.109782
1020.47,0.102036
757.246,0.0756485
2974.19,0.296695
1687.92,0.16868
1030.95,0.103078
615.947,0.0615754
773.42,0.0773377
1662.44,0.166168
5152.91,0.514569
799.76,0.079941
859.268,0.0859206
965.291,0.0964971
1836.37,0.183517
1024.13,0.102346
1800.14,0.179006
578.95,0.0578498
1062.62,0.106214
1201.02,0.120054
638.984,0.0638653
1626.56,0.162574
2947.31,0.294275
743.351,0.0743228
1997.04,0.199633
2168.46,0.216786
1266.35,0.126589
1909.8,0.190923
590.404,0.0590323
775.19,0.0775037
3084.06,0.307754
614.317,0.0614084
1353.69,0.135316
1682.89,0.168101
870.585,0.0870433
1502.6,0.150061
1029.95,0.102853
980.287,0.0979957
1225.88,0.122517
2206.07,0.22057
862.697,0.0862554
1602.93,0.160218
1910.07,0.190985
1285.18,0.128407
1739.63,0.173823
6020.17,0.601849
877.835,0.0877712
1012.98,0.101178
2811.66,0.280931
1585.65,0.158537
1328.97,0.132404
923.63,0.0923167
1132.92,0.113257
849.173,0.0849121
891.6,0.089151
1044.06,0.104352
2282.68,0.228158
534.709,0.0534606
792.238,0.0791242
3178.7,0.317729
1112.58,0.111168
1191.24,0.119101
961.903,0.0961823
658.976,0.0657612
1133.43,0.113309
1899.17,0.189773
1292.85,0.129283
1102.62,0.110196
1798.7,0.179786
2145.61,0.214551
757.841,0.0757813
1881.17,0.188033
1011.39,0.10113
927.275,0.0926656
961.976,0.0961227
9738.76,0.973381
1530.59,0.153036
1351.84,0.135177
3677.08,0.367403
537.164,0.0537043
831.558,0.0831292
781.98,0.0781737
2074.68,0.207431
857.205,0.0857025
1069.41,0.106938
1107.11,0.110702
788.515,0.0783208
4058.9,0.405701
2085.39,0.208449
2159.59,0.215877
1368.86,0.136819
4272.45,0.426631
1164.56,0.116426
1684.1,0.168246
739.455,0.0738924
1674.1,0.167353
944.757,0.094447
1436.84,0.143522
2107.18,0.210673
5139.5,0.513239
1449.33,0.144638
1829.8,0.182874
2056.46,0.205607
2448.33,0.24475
845.119,0.0845101
1002.34,0.100222
3301.98,0.330178
1454.67,0.145453
1535.13,0.153481
1071.7,0.107148
1693.82,0.169333
893.558,0.0887807
1927.59,0.192725
651.284,0.0651279
943.477,0.0943343
2180.36,0.217963
1082.7,0.10816
1116.53,0.111597
4583.05,0.457477
862.015,0.0861961
1128.76,0.112858
1161.35,0.116077
1059.51,0.10592
983.484,0.0982451
809.235,0.0808537
3834.36,0.383097
716.304,0.0715119
1132,0.113085
939.421,0.0935789
8308.41,0.829354
1266.18,0.126527
1130.32,0.112989
826.875,0.0826521
1149.66,0.114934
1128.35,0.112831
1423.78,0.142091
1648.47,0.164824
808.984,0.0808934
1221.35,0.121748
1150.69,0.114831
3403.42,0.340273
2041.29,0.204057
2164.7,0.216148
897.338,0.0896985
1695.11,0.169383
1142.56,0.114215
1538.93,0.153707
1364.1,0.136331
4062.72,0.405749
1118.36,0.111738
2603.1,0.259965
1620.98,0.16207
844.598,0.0844537
1648.44,0.164827
913.125,0.0912577
821.291,0.0820223
3165.65,0.31638
1813.82,0.181377
1048.51,0.104845
2689.26,0.268716
563.543,0.0563097
1163.04,0.116196
2338.36,0.233539
798.211,0.0796413
843.631,0.0843604
1591.36,0.158901
1247.63,0.12476
739.089,0.0739055
715.385,0.0714361
701.145,0.0700903
1021.77,0.102091
1034.99,0.103473
771.437,0.0771366
1294.21,0.12892
1218.68,0.121844
1101.44,0.110089
2197.91,0.219727
1319.95,0.131953
1158.12,0.115769
867.667,0.086746
1896.31,0.189548
1591.69,0.159137
1436.09,0.143589
769.365,0.0769095
403.672,0.0403663
1450.09,0.144975
1003.03,0.0997367
1281.15,0.128102
569.445,0.0569328
1472.39,0.147081
820.621,0.082058
1450.56,0.144865
1966.53,0.196514
1008.34,0.100737
1727.86,0.172515
985.014,0.0984845
1261.03,0.12595
919.354,0.0910309
1503.38,0.150261
1483.93,0.148238
1647.53,0.164714
631.323,0.0631266
1122.43,0.112226
1292.92,0.128862
1909.61,0.190659
693.421,0.0692194
1716.8,0.171601
1542.14,0.154159
1324.7,0.132429
962.88,0.0962015
1669.97,0.166987
6558.44,0.653512
1249.18,0.124825
880.935,0.0880741
909.339,0.0909143
849.363,0.0849296
2061.01,0.20591
1289.64,0.128933
2615.55,0.261294
656.333,0.0654839
1605.66,0.160513
1889.36,0.188856
1519.32,0.151656
1187.14,0.118628
809.159,0.0809079
1133.08,0.113186
2513.87,0.250818
1145.98,0.114566
4629.31,0.462429
977.461,0.0977282
2045.92,0.204529
1455.37,0.145522
3524.41,0.35186
1066.97,0.106571
1037.38,0.102304
1162.13,0.116206
1056.14,0.105592
1917.99,0.19147
1093.83,0.109262
2400.35,0.240018
822.651,0.0822246
1104.89,0.110349
1855.01,0.18544
1749.05,0.174832
4800.56,0.47918
1754.13,0.175287
1044.94,0.104452
13679.2,1.36367
1931.74,0.19261
838.672,0.0838565
1747.41,0.174695
1876.15,0.187548
1185.39,0.11851
943.032,0.0942233
690.097,0.0688332
1480.78,0.148054
1478.34,0.147773
2189.55,0.218839
1078.49,0.107741
1819.51,0.181885
1431.92,0.143047
1325.88,0.132581
1216.96,0.121682
1606.94,0.160468
2485.31,0.248352
2655.39,0.265357
3205.44,0.320341
1485.95,0.148575
1583.91,0.158319
1201.32,0.120097
692.905,0.0692594
1558.84,0.155841
1280.15,0.127999
1962.02,0.196103
1326.56,0.132552
2996.64,0.299592
1141.83,0.114177
1380.43,0.137969
803.241,0.0803097
895.728,0.0895566
899.868,0.0898525
717.166,0.0716934
2250.94,0.224931
1600.88,0.15999
1291.01,0.129036
1390.53,0.138382
4326.76,0.432511
3569.77,0.356251
1743.65,0.174329
838.877,0.0838858
1319.73,0.131968
1730.82,0.173006
1225.2,0.122488
938.448,0.09365
558.783,0.055874
18228.4,1.81655
1257.73,0.125717
1392.19,0.139194
2112.98,0.211238
737.115,0.0736638
1065.38,0.106395
1609.48,0.160935
1149.55,0.114923
1896.52,0.18963
3727.44,0.372604
1379.09,0.137713
1401.34,0.140066
1693.54,0.167241
1356.92,0.135687
860.967,0.0860876
1475.06,0.1474
1536.19,0.153581
949.867,0.0948871
1223.82,0.122371
1181.61,0.118139
1164.94,0.116448
508.648,0.0508562
654.623,0.0653189
528.031,0.0527947
800.009,0.0799994
8221.39,0.820964
1241.5,0.124
874.958,0.0874648
1190.77,0.11905
652.892,0.0652462
997.125,0.0997041
1796.04,0.179435
739.262,0.0739159
1066.49,0.106605
1170.64,0.116994
5474.5,0.54494
953.392,0.0953241
3898.57,0.389453
1451.75,0.14513
2123.35,0.21104
949.585,0.0949561
915.348,0.0915263
3152.14,0.315106
910.898,0.0910736
1708.86,0.17078
2580.92,0.258959
1400.11,0.139904
621.019,0.0620972
3209.36,0.320815
1277.42,0.127669
3717.62,0.371072
1272.56,0.127197
826.776,0.0825089
1534.23,0.15321
3656.8,0.365487
940.636,0.0940561
1040.96,0.103945
1827.27,0.182691
1041.9,0.104178
1096.52,0.109547
1316.65,0.131651
3822.32,0.382039
942.977,0.0942335
840.441,0.0840348
1002.96,0.100222
972.507,0.0972235
1936.86,0.193556
828.253,0.0828126
2752.97,0.275118
1985.23,0.198477
2595.07,0.259144
660.422,0.065975
958.015,0.0957035
607.949,0.0606974
1993.45,0.19909
600.753,0.0599674
1880.15,0.187909
2084.95,0.208456
1796.12,0.179477
1004.23,0.100336
927.254,0.0926895
1357.48,0.135411
949.544,0.0948997
2287.92,0.228553
1227.09,0.122684
1753.89,0.175277
808.924,0.0808735
915.513,0.0915343
1089.42,0.108899
1684.14,0.168406
923.445,0.0922699
1254.86,0.125415
976.969,0.0976758
1332.12,0.133022
2231.29,0.223089
1072.93,0.107099
2057.32,0.205536
1465.62,0.146542
822.797,0.0819274
1111.8,0.111171
4626.03,0.462188
14310.6,1.42688
1542.02,0.154146
1397.47,0.139701
1154.48,0.115288
968.668,0.0968123
722.412,0.0722264
2992.79,0.297982
2220.22,0.22199
1523.08,0.152291
2131.43,0.213093
2069.94,0.20679
852.061,0.0850718
8703.87,4.90424
1544.98,0.154472
2706.04,0.270233
2703.47,0.270064
4091.35,0.409018
2732.49,0.268703
868.58,0.0868421
1555.29,0.155501
762.065,0.0761943
1086.7,0.107626
1018.1,0.101758
1583.24,0.210417
1126.08,0.107964
730.207,0.0729938
3634.45,0.363183
1850.25,0.184984
1883.31,0.188239
464.167,0.0464081
1050.86,0.105002
772.733,0.0772661
2025.42,0.202519
837.908,0.0836661
2774.65,0.277317
844.2,0.0841922
2051.29,0.204822
1356.14,0.135458
1026.72,0.102646
597.044,0.0596736
907.823,0.0907515
925.133,0.0925099
928.675,0.0928055
2298.11,0.228906
823.716,0.0823079
1334.89,0.133264
1140.1,0.113901
1140.1,0.113936
1049.29,0.104809
1412.3,0.141175
1201.3,0.120121
12311.3,1.22931
869.263,0.0869167
1167.43,0.116716
1230.83,0.123062
1563.64,0.156275
1263.2,0.126277
1897.99,0.18913
11317.2,1.12958
884.067,0.0883842
458.347,0.0458277
810.191,0.081006
1331.63,0.133133
1243.47,0.124119
748.649,0.0748587
1285.47,0.128448
889.966,0.0889894
2146.04,0.21441
1785.32,0.178487
783.293,0.0782575
1345.85,0.134564
1246.83,0.124636
1721.7,0.172133
2340.21,0.234012
726.333,0.0726108
2628.93,0.262749
1368.71,0.136824
1009.31,0.100714
1492.99,0.147163
1638.4,0.163786
3937.14,0.393553
1519.18,0.15189
588.17,0.0588135
803.608,0.0803576
1237.23,0.12362
1290.86,0.129027
941.104,0.0940733
1271.08,0.127056
2248.83,0.224752
852.016,0.0851866
2315.4,0.231415
1001.32,0.100106
1507.01,0.150489
1052.75,0.105256
3175.01,0.305904
1022.74,0.102258
1196.93,0.119616
815.617,0.0815534
1271.85,0.127169
1701.56,0.169753
862.755,0.0859049
479.421,0.0479398
5667.15,0.565433
505.712,0.0492719
615.988,0.0615802
951.405,0.0951321
987.766,0.0985858
1035.97,0.103451
1581.55,0.158098
905.955,0.0905867
1254.91,0.125383
895.247,0.0895117
971.397,0.0970491
2309.61,0.230851
1469.77,0.146916
1240.1,0.123982
1515.77,0.151519
2482.82,0.248225
2093.2,0.209293
1730.18,0.172959
3044.18,0.304007
797.469,0.0797353
883.386,0.0882711
3560.05,0.35843
1110.53,0.111023
956.544,0.0956381
620.83,0.0620812
1507.31,0.150698
3585.82,0.358398
3905.71,0.390316
1988.69,0.198624
1362.45,0.136182
1119.35,0.111797
1778.27,0.177742
1655.32,0.165396
855.112,0.0854949
3540.05,0.353883
1225.69,0.122331
958.527,0.0957963
912.184,0.0907661
1149.11,0.114883
969.729,0.0969549
1059.83,0.105982
1992.27,0.199057
1044.63,0.104259
1368.32,0.13681
1864.42,0.186049
1863.35,0.186271
1001.29,0.100117
1018.38,0.101825
2325.57,0.232315
863.076,0.0862581
4707.82,0.469809
1165.8,0.116517
1141.09,0.0957994
1097.99,0.109794
2337.54,0.233453
823.286,0.0822257
837.408,0.0837224
1027.65,0.102765
1257.37,0.125671
1079.49,0.107926
2444.34,0.244355
563.353,0.0563313
1652.52,0.165232
2088.56,0.208476
646.22,0.0645583
642.572,0.0642499
2094.15,0.209373
873.016,0.0872855
2191.49,0.219906
875.193,0.0873737
1296.88,0.129671
1739.42,0.17386
1432.17,0.14268
3727.06,0.372309
1644.73,0.164464
850.026,0.0849593
856.397,0.0856248
2102.4,0.210116
894.712,0.089462
2774.54,0.277356
1343.63,0.134262
2116.21,0.211572
1001.78,0.100113
1629.85,0.162631
482.293,0.0482261
8482.52,0.841662
807.014,0.08069
1084.04,0.108318
1817.5,0.181612
957.772,0.0957557
1467.77,0.146524
2595.21,0.259316
421.518,0.0420262
6940.51,0.693521
639.053,0.0638706
1782.82,0.178072
1119.44,0.111783
1048.68,0.104853
1973.41,0.197039
1252.81,0.125272
4263.57,0.426129
32234.2,3.20655
1919.25,0.191855
1438.02,0.143675
949.566,0.0949035
1276.94,0.127588
1109.01,0.110876
631.907,0.0630674
1188.28,0.118737
966.514,0.0966485
784.366,0.0784027
1633.97,0.163331
1564.5,0.156443
1432.59,0.14321
1217.46,0.121632
1114.18,0.111364
1469.17,0.146573
4979.5,0.795618
1038.3,0.103818
1130.83,0.112705
908.181,0.0906896
1983.39,0.198161
679.931,0.0679526
1907.66,0.190754
1712.22,0.171163
661.681,0.0661015
762.829,0.0762685
1700.97,0.169837
770.266,0.0769612
1143.59,0.114351
883.205,0.0883192
1007.19,0.100704
6407.92,0.639468
890.411,0.0890363
498.814,0.049862
1837.51,0.18371
1501.04,0.150099
1396.71,0.139646
816.722,0.0816704
1802.98,0.180062
1390.32,0.138765
1201.99,0.120155
8603.85,0.856025
2107.51,0.210703
868.278,0.086825
774.413,0.0773864
913.857,0.0913774
1928.26,0.192672
1371.83,0.137129
2543.19,0.25429
680.1,0.0680027
1679.77,0.16797
1390.46,0.138562
1203.09,0.120303
2183.65,0.218343
683.539,0.0683358
1023.27,0.102322
3309.92,0.330916
1628.42,0.162816
1264.35,0.125936
1619.92,0.161889
1031.66,0.102664
1548.26,0.154671
2654.38,0.265407
1307.92,0.130783
1022.75,0.102217
1092.5,0.10923
852.303,0.0851941
1025.37,0.102489
835.49,0.083539
1799.53,0.179928
1577.39,0.157681
766.342,0.0765409
789.026,0.0788866
1127.47,0.112743
1523.06,0.152189
1075.24,0.10751
808.501,0.0807552
2004.33,0.200411
897.267,0.0896964
1859.2,0.183525
4004.48,0.399933
1142.35,0.114222
2280.21,0.227932
887.236,0.0886689
2297.4,0.229634
17504.3,1.74399
2228.39,0.222321
1396,0.139405
2609.52,0.260639
1178.72,0.116684
1932.94,0.193213
1598.55,0.159713
3416.11,0.341528
1549.47,0.154927
769.667,0.0769525
1694.45,0.169421
615.178,0.0587096
648.751,0.064754
947.885,0.0945981
1625.18,0.162459
1126.3,0.112623
1852.39,0.185199
1182.93,0.118253
1059.3,0.105585
1841.46,0.184125
775.569,0.0774334
1047.05,0.104693
620.915,0.0620797
815.085,0.0814933
1081.22,0.108021
994.486,0.0994402
1359.87,0.135802
1426.88,0.142594
4759.42,0.475572
2046.68,0.204279
519.428,0.0519422
749.149,0.074808
756.535,0.0753602
1139.29,0.113845
1196.34,0.119517
751.521,0.0751369
2769.34,0.276856
1321.54,0.131947
1664.18,0.16554
1883.27,0.188243
1228.32,0.122774
2275.43,0.227167
1449.65,0.144679
785.517,0.0785341
1415.99,0.141591
2550.1,0.25499
1267.47,0.12669
7550.38,0.753504
1370.84,0.137036
1162.82,0.116238
864.307,0.0863101
1477.63,0.147758
1559.13,0.155846
757.399,0.0756357
1596.12,0.159536
2081.63,0.208024
704.951,0.0703913
2193.85,0.219044
947.593,0.0947239
811.91,0.0811896
4878.23,0.487298
656.716,0.0656701
763.232,0.0762865
904.626,0.0904568
10760.7,0.672026
627.033,0.0626651
718.714,0.0717616
3116.18,0.311234
1535.08,0.153412
3196.72,0.319497
4857.8,0.485401
1050.33,0.105005
1450.04,0.144248
1801.94,0.169387
1969.68,0.196448
2750.89,0.274731
790.919,0.0790862
3860.09,0.385888
1423.01,0.14226
717.628,0.0717495
936.666,0.0935646
1417.35,0.14173
2743.67,0.274213
1037.87,0.103754
1915.58,0.191084
743.384,0.0721523
1517.46,0.151707
1121.98,0.112194
722.991,0.0722884
686.972,0.0686837
1162.31,0.116143
3163.27,0.315213
742.526,0.0741887
1169.79,0.116952
6843.11,0.682839
1992.25,0.199178
4469.29,0.446849
894.324,0.0893996
1570.04,0.156985
4374.87,0.43783
2034.25,0.203331
1222.09,0.122187
1919.74,0.191879
1912.78,0.191182
942.693,0.0942467
2284.83,0.228281
3092.47,0.308607
2995.99,0.299556
14728.5,1.46861
1321.97,0.13215
8270.52,0.824145
1212.39,0.121225
965.075,0.0965056
588.027,0.0587708
1879.52,0.187928
3071.36,0.307058
743.464,0.0742834
1238.03,0.122741
2173.62,0.217309
732.651,0.0732579
1457.12,0.145692
1043.8,0.104354
1431.15,0.143084
824.968,0.0824071
936.039,0.0935911
1034.99,0.103432
1598.78,0.15981
1342.7,0.134157
1804.68,0.180463
1489.41,0.148832
3536.41,0.35292
1432.58,0.143213
3085.68,0.308325
1364.15,0.136392
1135.82,0.113569
1206.44,0.120405
1123.37,0.112206
860.645,0.0860325
1134.48,0.113294
1622.93,0.162256
985.359,0.0984011
1503.85,0.1502
1322.6,0.132053
1307.59,0.130727
1008.47,0.100794
1890.13,0.188931
1321.53,0.132136
4970.02,0.49603
1639.11,0.163898
2267.96,0.226685
2243.63,0.224321
1697,0.169688
1220.59,0.121852
1489.4,0.148931
943.54,0.0943364
3052.93,0.305181
1084.34,0.108427
1109.75,0.110955
1078.82,0.107878
3238.52,0.32361
2069.33,0.20686
958.829,0.0958749
1065.21,0.106516
887.923,0.088748
2588.01,0.258748
1531.24,0.153067
1029.96,0.102987
1719.06,0.171812
622.872,0.0622673
2247.81,0.224651
1208.36,0.120791
667.281,0.0666892
1097.56,0.109733
3897.21,0.389639
983.429,0.0980982
1407.08,0.140669
983.993,0.0983946
18251.8,1.82174
1183.45,0.118343
1259.04,0.125878
2208.23,0.220738
1777.65,0.177619
1010.6,0.101047
1003.16,0.0996081
481.949,0.0480521
1489.87,0.148887
876.868,0.0876796
659.063,0.0658972
1387.83,0.138755
1208.82,0.120873
817.679,0.0817603
5643.23,1.08108
579.426,0.0578934
2010.36,0.20067
794.867,0.0775952
1999.39,0.199904
1895.64,0.189538
959.151,0.0958987
2088.29,0.208684
1447.79,0.144774
1104.27,0.110412
1320.18,0.13198
1808.85,0.180664
661.952,0.0661715
1904.73,0.173587
1403.74,0.140331
850.942,0.0850778
944.068,0.0943562
731.193,0.0731071
1351.67,0.135107
1903.42,0.190321
2123.19,0.212289
821.244,0.0821095
6118.13,0.611543
642.157,0.0641727
645.367,0.0645062
1909.83,0.190945
1421.65,0.142105
1819.97,0.181442
884.349,0.0882744
1123.55,0.112345
1147.75,0.114752
611.667,0.0611638
998.028,0.0996718
1074.68,0.107446
2548.73,0.254483
1454.2,0.145288
1618.11,0.161781
3338.04,0.333759
600.031,0.0599586
1210.05,0.120954
1484.35,0.148375
1125.26,0.112505
1229.38,0.122889
5730.67,0.572754
702.703,0.070195
769.307,0.0768985
859.572,0.0859478
1572.08,0.157166
1556.68,0.154094
14402.9,1.43596
939.04,0.0934056
1887.38,0.188649
1320.85,0.132037
1062.02,0.105314
710.78,0.0710568
1705.92,0.170549
591.496,0.0590866
974.279,0.0973868
1490.7,0.148889
1145.73,0.114545
1001.99,0.100174
3934.65,0.393033
2029.27,0.202916
1498.2,0.149797
916.149,0.0915428
693.311,0.0693302
3411.36,0.340915
1271.62,0.127144
1658.31,0.165516
556.072,0.0556058
25349.8,2.51576
1169.37,0.116921
3146.9,0.312321
642.042,0.0641766
1487.04,0.148448
1090.18,0.108932
1288.31,0.128385
1519.04,0.151776
828.477,0.08278
659.877,0.0659413
1039.07,0.103898
1710.96,0.170596
1008.3,0.100819
1612.97,0.161096
938.968,0.0938719
585.971,0.0585623
2184.31,0.218412
2761.43,0.275953
990.45,0.0988306
3293.72,0.329291
1223.41,0.12217
1334.51,0.133414
1525.79,0.152554
870.709,0.0870374
1010.22,0.100977
1095.55,0.109544
700.033,0.0699581
1052.68,0.103664
848.762,0.0848248
843.169,0.0843025
1172.59,0.117221
3059.59,0.305931
1003.77,0.100369
956.158,0.0955962
1190.56,0.119047
941.731,0.0941171
539.738,0.0539714
1443.73,0.144337
1693.51,0.169307
645.755,0.0645643
854.466,0.0854312
1061.43,0.106138
1701.57,0.169687
2178.23,0.217743
376.106,0.0376099
850.849,0.0850816
976.166,0.0975315
729.605,0.072953
1554.69,0.155458
865.032,0.0864759
1291.31,0.129098
1221.61,0.12213
1391.45,0.13906
904.022,0.0903946
696.991,0.0696607
2425.31,0.242361
1888.1,0.188797
827.795,0.0827686
1819.15,0.181811
934.293,0.0933859
733.575,0.0732574
1523.12,0.152282
1890.02,0.188958
917.338,0.0915412
4644.46,0.463715
1202.04,0.120195
1105.87,0.110487
963.957,0.0963869
1871.53,0.187152
1345.51,0.133624
1075.4,0.107527
1373.29,0.1372
1663.67,0.166252
758.041,0.0757975
1768.78,0.176871
832.151,0.0832122
680.293,0.0680208
900.034,0.0899952
2315.04,0.231451
1471.72,0.147065
902.431,0.0902411
1814.35,0.181353
7890.92,2.70171
1004.9,0.100471
922.136,0.0920862
2027.96,0.202733
1462.45,0.146154
458.131,0.0458012
1321.57,0.132152
1494.6,0.149323
1858.27,0.185787
1003.09,0.100255
2135.76,0.213546
965.632,0.0965272
1500.33,0.150013
990.865,0.0990369
1375.05,0.137486
1638.27,0.163726
624.076,0.0622757
635.093,0.0634683
987.289,0.0986745
815.329,0.0815305
1128.82,0.112859
2242.12,0.207259
2492.35,0.249127
658.541,0.0657932
4588.59,0.458515
993.964,0.0992195
815.306,0.0814977
1028.19,0.102801
1507.13,0.150618
2722.9,0.271891
1437.86,0.143603
807.19,0.0807151
3097.49,0.309623
1196.78,0.119618
2427.88,0.242732
1268.32,0.126788
858.71,0.0858582
787.727,0.0787651
720.34,0.0719778
1581.1,0.15808
1040.09,0.103993
1848.94,0.184272
2796.33,0.279389
1945.89,0.194499
1125.05,0.112484
687.342,0.0687298
1450.13,0.144994
2611.95,0.261175
1306.21,0.130604
3939.96,0.392475
1785.12,0.178346
1152.39,0.115232
2608.61,0.260238
1507.38,0.149636
1712.53,0.171216
1835.38,0.183437
1594.28,0.159401
2121.59,0.211972
1261.92,0.12618
2385.98,0.238526
3542.11,0.353785
1212.32,0.121075
1391.56,0.139042
1543.22,0.154204
658.957,0.065779
2235.36,0.221437
2082.79,0.208141
694.202,0.0693942
685.882,0.068311
1056.78,0.105618
780.729,0.077963
1139.67,0.113908
3006.98,0.30046
1913.05,0.191268
900.532,0.0899088
1471.31,0.14705
6523.69,0.649965
723.86,0.0723835
1094.28,0.109397
1217.5,0.121668
1199.66,0.119946
6212.43,0.620908
700.017,0.0699425
1392.59,0.139247
846.408,0.0845168
1453,0.145293
1131.12,0.112828
873.221,0.0871103
3166.37,0.315568
1408.62,0.140839
949.762,0.0862355
987.322,0.0987118
1151.17,0.114755
2921.42,0.291288
1668.9,0.166768
1519.01,0.15156
1013.21,0.101293
710.447,0.0710418
5621.82,0.561629
2043.17,0.204263
754.41,0.0754392
1538.93,0.153814
642.993,0.0642101
796.151,0.078858
836.655,0.0836481
1120.07,0.111999
844.13,0.0843833
1336.78,0.133662
1005.89,0.100545
652.589,0.0652355
1989.53,0.198767
1919.1,0.191885
1904.46,0.190394
770.063,0.0770023
769.836,0.0761894
1516.31,0.151456
1461.96,0.146114
1171.86,0.113748
2808.04,0.280349
1433.7,0.143071
1839.59,0.183856
2665.76,0.266504
1181.32,0.118102
1504.5,0.150431
2403.08,0.240201
1090.51,0.105474
1845.36,2.51801
1176.55,0.117639
736.611,0.0736241
2164.67,0.216363
1118.04,0.111702
1726.29,0.172193
1822.28,0.18219
833.063,0.0832611
874.105,0.0873962
2293.19,0.229094
2525.61,0.252496
1243.08,0.124101
1028.09,0.102761
2380.15,0.237937
1454.7,0.137369
1218.88,0.121635
952.1,0.0952058
2394.82,0.23894
1475.13,0.0934531
1152.69,0.115218
2356.47,0.235265
1524.7,0.15232
978.042,0.0977941
1237.6,0.123731
1103.42,0.110165
1158.96,0.115855
1035.55,0.103529
3372.88,0.337185
2825.58,0.282436
1119.48,0.111934
462.802,0.0462409
1605.32,0.160528
729.711,0.0728372
2511.96,0.250922
866.557,0.0862873
1607.69,0.160565
773.085,0.0772991
830.313,0.0829618
1029.97,0.102941
900.071,0.0898979
3562.22,0.354824
761.318,0.0760942
895.068,0.0893527
946.4,0.0945652
1038.66,0.103832
613.899,0.0613708
3312.01,0.331159
811.243,0.0811074
1390.34,0.138922
745.435,0.0745122
1835.81,0.179478
751.374,0.0751273
1987.38,0.198728
1780.1,0.178
2538.39,0.25365
1217.05,0.121662
1074.8,0.107456
1517.73,0.151493
957.738,0.0956946
1010.87,0.101075
837.04,0.0836504
1081.78,0.107845
2286.63,0.228253
466.769,0.0466651
2230.93,0.222875
1859.48,0.185736
1078.92,0.107671
1322.63,0.132217
1108.48,0.110829
1028.91,0.102882
1011.74,0.101026
4579.21,0.457853
1881.56,0.18811
1201.67,0.119429
1684.28,0.168393
1265.97,0.126576
1040.14,0.103732
1527.67,0.152705
1199.25,0.119759
2013.99,0.201297
1069.73,0.106947
1269.22,0.126863
1356.37,0.135558
1694.02,0.169376
850.459,0.0850215
1502.9,0.150264
779.893,0.0779756
2418.55,0.241735
1022.14,0.102198
3700.03,0.369616
1356.57,0.135479
487.367,0.0486929
660.773,0.0660703
620.371,0.0619738
904.687,0.0904618
1837.5,0.183717
712.732,0.0712684
1384.55,0.137738
2210.84,0.220911
822.893,0.0818058
1231.75,0.123169
1444.46,0.144439
1711.07,0.171033
2873.55,0.28682
784.965,0.0784732
781.875,0.0777991
3288.68,0.328449
807.52,0.0807448
1648.99,0.154379
897.836,0.0897159
1704.14,0.170304
919.453,0.0919105
1153.27,0.115113
1653.5,0.165319
1478.87,0.147787
4401.87,0.439962
626.258,0.0626078
950.951,0.0950875
1330.4,0.130423
1654.18,0.165365
871.982,0.0871823
921.238,0.0919641
1064.55,0.106374
1219.53,0.121929
982.017,0.0981884
1281.78,0.127975
2864.38,0.286178
768.299,0.0767362
930.293,0.0899911
2166.19,0.216483
761.056,0.0760728
1126.74,0.112652
1778.44,0.17781
711.265,0.0710536
1180.42,0.118035
2171.35,0.216971
4653.21,0.465045
1225.15,0.1224
774.455,0.0774383
1237.77,0.123733
866.477,0.0866304
1861.35,0.186093
1619.55,0.161834
1365.82,0.136147
1005.35,0.10053
2935.39,0.292831
1186.67,0.118656
734.138,0.0733751
2988.65,0.298537
28360.3,2.82192
857.533,0.0857267
612.272,0.061216
603.199,0.0603152
1127.38,0.112515
618.513,0.0617071
665.992,0.066592
934.27,0.0934205
546.762,0.0546569
2276.62,0.227393
7462.65,0.7455
943.707,0.0942019
1088.17,0.108757
1593.11,0.159232
908.609,0.090853
840.079,0.0840021
940.976,0.094089
3193.53,0.318828
886.119,0.0885458
1651.54,0.16509
957.744,0.0957078
1851.57,0.185138
1125.44,0.112439
1134.78,0.113364
1259.92,0.125888
7315.62,0.730309
1584.15,0.158383
1183.54,0.118276
879.259,0.0877773
867.595,0.086747
1072.58,0.107249
1931.53,0.192818
1247.77,0.12477
2215.32,0.221303
1337.84,0.133743
2689.42,0.268836
1237.96,0.123608
1881.78,0.187719
2191.13,0.218254
1741.67,0.174101
855.85,0.085543
1630.46,0.16303
1277.12,0.127559
795.833,0.0795532
2449.8,0.244506
1742.92,0.174136
996.412,0.0996368
5125.29,0.512023
778.358,0.0777711
4904.86,0.490026
1205.25,0.120493
1331.58,0.13311
782.758,0.0782743
930.868,0.0930782
2084.89,0.207925
1143.88,0.11437
4541.13,0.453988
1635.83,0.163477
1451.23,0.14509
1074.85,0.107179
4802.13,0.478798
1865.69,0.186494
4547.67,0.454426
1115.68,0.111559
452.784,0.0452777
1153.24,0.115306
1162.95,0.11591
1253.89,0.125364
995.8,0.0994492
757.151,0.0757078
2956.58,0.262711
9594.86,0.958382
730.763,0.0730144
708.079,0.0707136
1443.83,0.143122
808.326,0.0807402
1151.86,0.115099
1590.8,0.159022
598.234,0.0598167
2240.99,0.223893
1299.88,0.129953
614.612,0.0614581
4125.88,0.412475
1524.63,0.150681
4025.8,0.401105
1567.83,0.1567
498.577,0.0497824
1088.45,0.108393
2844.24,0.284126
2858.73,0.285513
2691.37,0.268689
784.027,0.0783783
1225.19,0.122055
1930.22,0.192228
1254.25,0.125392
995.594,0.0995536
1716.15,0.171582
2339.4,0.232505
2938.26,0.293387
2562.78,0.256171
788.222,0.0787684
1779.68,0.17779
863.522,0.0862939
2888.75,0.288344
1083.54,0.10831
1906.75,0.190598
3404.07,0.340313
760.822,0.0760791
1577.78,0.157763
707.884,0.0707802
1395.1,0.139444
844.715,0.0844309
1242.82,0.124214
1050.82,0.105078
2327.61,0.232639
1699.19,0.168561
2253.29,0.22527
1074.98,0.10701
1115.06,0.111329
1961.22,0.195947
2398.59,0.23974
866.891,0.0866747
1124.11,0.112388
889.744,0.0888883
1342.54,0.134225
1282.15,0.128208
750.666,0.0750631
2003.89,0.200371
2286.1,0.228581
1057.13,0.105647
2152.29,0.214954
1034.96,0.103468
813.874,0.0813492
1523.96,0.151951
1876.14,0.187312
993.759,0.0993386
1790.6,0.178939
812.104,0.0811897
893.847,0.0893494
1253,0.125279
950.509,0.0950404
1120.85,0.111877
986.692,0.0986627
3015.74,0.301549
830.902,0.0830797
2061,0.206047
1189.99,0.118913
10769,1.07397
4150.07,0.414465
1718.77,0.171444
1828.66,0.182673
1118.36,0.111774
773.699,0.077349
1131.97,0.113122
1112.21,0.11105
2440.53,0.243977
14667.9,2.79711
798.18,0.0798015
1424.85,0.142459
986.819,0.0986266
2305.92,0.230546
1214.94,0.121247
2403.35,0.240299
2698.34,0.269767
1416.9,0.141676
1797.5,0.17968
1696.73,0.169517
1462.69,0.146252
1811.59,0.181114
668.249,0.0668132
1972.75,0.197203
1366.46,0.136639
1267.94,0.126726
1550.21,0.15491
1458.09,0.145697
1015.07,0.101501
709.891,0.0709618
1710.26,0.166735
1104.44,0.11044
711.299,0.0711285
3369.23,0.335803
1250.38,0.124981
763.412,0.0762978
758.933,0.0758904
2839.67,0.283712
626.787,0.0626767
1194.52,0.119432
783.717,0.0779081
13317.4,1.32863
4560.49,0.455689
1417.66,0.141737
1155.93,0.115428
869.261,0.0869013
1180.59,0.118039
1059.95,0.105977
21498.8,2.14246
1066.25,0.106607
1228.2,0.122783
585.014,0.0584455
1665.85,0.166576
1676.11,0.167567
4327.68,0.432654
735.667,0.0735632
1001.2,0.100074
1167.73,0.116747
1472.8,0.14713
1288.67,0.128861
3277.65,0.327146
3063.08,0.306148
732.008,0.0731897
1054.19,0.105399
1502.01,0.150043
1119.72,0.111967
1619.95,0.161889
1687.89,0.168716
925.872,0.0925799
750.499,0.0750294
1482.63,0.14825
1195.2,0.119462
2185.2,0.217716
2062.81,0.170278
1427.92,0.142692
4413.31,0.441128
599.487,0.0599075
4218.42,0.421253
1908.3,0.190182
3209,0.320582
1301.84,0.129751
1145.53,0.113749
2098.74,0.209749
815.915,0.0815449
1231,0.123094
1286.8,0.12865
1172.1,0.116811
1195.28,0.119439
731.771,0.0731554
1305.13,0.130501
966.68,0.0965579
1705.56,0.170526
714.581,0.0714573
2109.7,0.210952
1410.18,0.140977
4736.57,0.473487
2050.95,0.204897
653.872,0.0651601
1068.62,0.106844
1194.97,0.119457
1589.07,0.15879
1510.87,0.151072
1618.98,0.161883
1274.16,0.127384
1556.21,0.15559
825.912,0.0825618
918.995,0.091854
1116.37,0.111622
920.601,0.0919367
821.747,0.0821303
856.053,0.0854791
1191.64,0.119075
4679.96,0.467657
882.228,0.088217
798.014,0.079047
3503.05,0.350033
1044.5,0.104385
1357.57,0.135715
861.886,0.0861063
1514.93,0.151455
1387.88,0.137517
738.758,0.0738638
1085.68,0.108508
3072.4,0.306857
4441.96,0.443847
951.595,0.0951492
4456.72,0.445234
717.308,0.0716683
1240.65,0.123933
1244.79,0.124293
811.367,0.0810861
694.936,0.0694352
1223.78,0.122369
1378.05,0.137797
747.358,0.0747209
627.222,0.0626995
1125.04,0.112452
2035.43,0.203459
708.895,0.0708402
962.783,0.0961777
1174.19,0.117371
698.946,0.0698531
1590.78,0.158921
2460.64,0.246017
1906,0.19033
1708.59,0.17083
959.392,0.0959233
1143.55,0.114236
1292.15,0.129195
1115.22,0.111505
1281.7,0.128128
4487.24,0.447674
1084.8,0.108251
1691.84,0.169072
1911.79,0.190994
1158.07,0.11576
1521.34,0.151985
853.714,0.0853594
1226.2,0.122487
1178.54,0.11777
1342.85,0.134266
1172.96,0.117244
1740.3,0.173969
1711.72,0.171077
1773.69,0.177032
898.154,0.0898059
1092.95,0.10929
1263.27,0.126318
1713.2,0.171055
3790.43,0.378831
1722.05,0.172186
735.831,0.0735784
987.069,0.0987052
975.482,0.0975437
1092.7,0.109252
940.786,0.0940499
1227.01,0.122654
916.633,0.0916587
1327.5,0.13272
1185.27,0.30047
1776.9,0.0979076
2073.04,0.207092
2049.3,0.233999
814.653,0.0812488
1170.74,0.117063
4142.31,0.413885
3259.83,0.325928
1347.41,0.134607
1417.08,0.141591
1129.67,0.112924
1138.74,0.113763
680.16,0.068015
1874.17,0.187349
1260.57,0.125986
1329.97,0.132959
973.173,0.0972447
586.29,0.0586043
1882.12,0.188023
1523.36,0.1523
899.208,0.0897926
3768.95,0.312156
3032.89,0.303182
768.396,0.0768328
17566.7,1.75529
749.681,0.0749555
1893.09,0.189133
1494.88,0.149457
851.731,0.0851196
1103.81,0.110347
611.376,0.0611371
1435.36,0.143526
1343.22,0.134312
3602.71,0.35838
710.89,0.0710815
2188.12,0.218068
2423.14,0.241835
964.544,0.0963754
4004.56,0.399868
1177.77,0.117727
916.236,0.0916208
5776.25,0.576847
2087.25,0.207813
3155.27,0.315284
1349.91,0.134895
823.447,0.0822358
11223.2,1.1185
2668.12,0.266757
3644.35,0.364255
2389.2,0.238788
954.566,0.0954466
1128.17,0.112727
817.578,0.0817559
949.016,0.0948687
2222.18,0.222127
970.302,0.09697
1229.71,0.122571
3197.42,0.31935
2993.65,0.299234
745.462,0.0742061
757.43,0.0755894
880.517,0.0880058
1534.13,0.153368
1494.41,0.149236
1301.18,0.130057
642.562,0.0642318
1472.52,0.147227
816.594,0.0816525
2067.33,0.206706
770.557,0.0767229
773.248,0.0770171
1316.59,0.131646
1170.65,0.116934
842.66,0.0842306
1735.72,0.169237
1824.95,0.18249
1346.62,0.133585
525.933,0.0525662
2739.56,0.273889
1268.78,0.126559
714.807,0.0714576
853.563,0.0852591
6111.84,0.609439
2473.65,0.24566
1480.92,0.147994
2159.94,0.215943
661.807,0.0661719
980.394,0.0980324
717.951,0.0717793
3610.47,0.360676
2054.77,0.205299
1007.13,0.100389
3674.82,0.367335
3395.31,0.339318
2691.44,0.268409
587.907,0.0587694
1010.62,0.101058
3265.78,0.309296
3333.35,0.332904
1181.56,0.118073
1411.77,0.141069
1914.63,0.191204
1411.28,0.140912
1861.06,0.185937
2133.65,0.21331
2187.28,0.218546
1945.98,0.194523
998.984,0.0997999
4420.45,0.438596
1042.17,0.104162
1399.94,0.139747
1009.8,0.100949
7307.86,0.729779
662.908,0.0662571
975.022,0.0974949
714.031,0.0711765
804.036,0.080373
850.736,0.0850667
860.848,0.085969
979.895,0.097969
1133.56,0.113343
2963.16,0.296059
2128.23,0.210222
1950.13,0.194738
665.003,0.0664226
1593.37,0.159066
3755.59,0.375248
2158.35,0.215754
999.988,0.0999924
1032.08,0.102763
3411.37,0.3411
900.338,0.0900282
1080.08,0.107938
5867.39,0.584774
1133.51,0.113344
1045.94,0.104504
1195.05,0.119494
13252.7,1.32183
5275.58,1.26243
966.577,0.096616
797.401,0.0796903
2031.08,0.202872
451.776,0.0451756
894.255,0.0894073
1526.85,0.152676
694.777,0.0694618
1068.57,0.106803
541.046,0.0540655
975.916,0.0975403
868.73,0.0868465
962.758,0.0962414
9971.24,4.15329
729.374,0.0729352
476.927,0.0476898
1041.72,0.104135
1140.17,0.113942
1348.53,0.134707
627.745,0.0627715
954.82,0.0954396
1456.7,0.145662
1551.3,0.155063
1812.64,0.181167
1710.23,0.17083
1350.67,0.134938
1128.04,0.112757
778.037,0.0777644
1176.4,0.117625
2220.59,0.221872
1032.89,0.103258
3193.29,0.311322
1418.34,0.141667
2393.66,0.2392
2301.57,0.229911
1758.57,0.175775
736.693,0.0736609
994.467,0.0994363
731.043,0.0730818
1329.96,0.132963
1016.2,0.101613
1307.14,0.12209
867.479,0.0867103
1716.4,0.171601
818.162,0.0814884
1542.05,0.154129
11699.8,1.16724
1011.37,0.10108
502.436,0.0502054
1284.76,0.127841
851.527,0.0851165
2277.34,0.227639
1199.76,0.119878
3756.03,0.374944
2162.61,0.216153
908.353,0.0907493
864.827,0.0864737
2112.79,0.211194
573.569,0.0573482
805.077,0.0804603
3756.68,0.375466
1724.8,0.17144
980.212,0.0980165
1826.69,0.182608
1396.75,0.139391
1213.32,0.121268
1359.98,0.135976
7495.51,0.748506
3268.13,0.324176
1109.77,0.110826
1004.37,0.100374
1270.3,0.126827
967.2,0.0966692
1272.14,0.127138
713.597,0.0713212
1269.79,0.126877
985.89,0.0985533
1106.59,0.110648
1187.63,0.118744
2142.98,0.214241
690.908,0.0690797
18578.5,4.48658
793.483,0.0792932
1610.77,0.279552
3256.61,0.325499
610.835,0.0610699
906.88,0.0906354
2937.18,0.293553
1163.78,0.116342
1038.57,0.10383
1453.46,0.141959
853.811,0.0853519
3089.82,0.308797
763.359,0.0763259
1537.57,0.153719
1225.88,0.122563
1013.26,0.101188
618.383,0.0617868
1040.57,0.104002
2070.02,0.206835
1924.49,0.191923
2301.06,0.230056
957.436,0.0957136
3597.54,0.359532
1410.33,0.141024
614.023,0.0613504
1566.68,0.156618
1068.64,0.106837
606.197,0.0606167
1136.68,0.11365
2438.02,0.24377
1470.23,0.14678
873.872,0.0873369
722.059,0.0722042
2791.02,0.279012
1089.77,0.10891
1107.39,0.110713
1070.63,0.10704
910.915,0.0910103
718.397,0.0717519
2441.88,0.244035
1810.97,0.181054
1824.79,0.181355
803.95,0.0801254
1009.61,0.100933
2266.37,0.226588
892.084,0.089142
1095.79,0.10957
4064.27,0.406324
4680.36,0.467718
3047.43,0.304118
685.165,0.0682291
6738.37,0.673632
3948.97,0.394792
1379.97,0.137192
1217.34,0.121675
885.485,0.0883356
7633.85,0.763066
1050.54,0.104774
1401.67,0.140059
1094.43,0.106756
2982.52,0.297908
693.078,0.0692983
1013.36,0.10125
1683.29,0.168305
1414.12,0.141281
1169.31,0.116806
2583.26,0.258243
1245.41,0.124267
1106.01,0.110554
1643.32,0.164217
5943.97,0.594251
1159.8,0.115944
849.876,0.0849814
1467.75,0.146764
708.243,0.0708108
2055.53,0.204549
614.319,0.0613792
3549.09,0.351483
1989.05,0.198872
1389.5,0.138922
1311.19,0.131034
2285.42,0.228405
3022.07,0.301679
929.037,0.0927997
2199.55,0.219759
1888.91,0.188807
1355.44,0.135462
8510.71,0.850694
1025.47,0.102489
1576.12,0.157558
586.321,0.058565
1044.53,0.104446
1433.48,0.143341
2223.62,0.222285
2253.99,0.225306
1164.1,0.116239
716.61,0.0715708
1084.52,0.108438
1161.72,0.116137
1088.75,0.108761
920.848,0.0920706
1304.96,0.130361
1405.76,0.140533
1248.62,0.124627
2757.66,0.275624
9767.07,0.97442
808.013,0.0807657
1578.49,0.157635
2567.87,0.25665
1192.49,0.119178
627.148,0.062682
2352.93,0.234987
3272.11,0.32714
2291.12,0.229005
848.541,0.0847008
1164.79,0.115239
725.145,0.0725129
1183.85,0.117941
1763.72,0.176265
3149.12,0.314866
1131.62,0.1131
1256.34,0.125626
2433.55,0.243268
455.38,0.0455367
1209.52,0.120833
808.16,0.0808131
1110.49,0.110805
605.692,0.060564
2998.27,0.299812
7184.11,0.717116
1406.5,0.140558
842.542,0.0841632
1220.1,0.121047
1877.78,0.187675
740.135,0.0739675
1223.85,0.122156
821.638,0.0821232
2754.6,0.275287
1201.61,0.120132
1676.95,0.167652
1540.46,0.154019
2115.67,0.211349
1409.45,0.140805
1631.73,0.161499
3440.69,0.343997
1059.09,0.10574
1431.68,0.143082
1631.91,0.163123
1405.08,0.140498
859.788,0.0859352
1507.7,0.150663
913.948,0.0913537
681.04,0.0680191
899.283,0.0899151
1127.94,0.112683
14281.8,1.42201
858.572,0.0858248
5738.73,0.797384
917.137,0.0916911
1624.89,0.162434
3950.58,0.394799
1821.79,0.182128
3362.01,0.335777
810.697,0.0810183
2601.25,0.260056
720.919,0.0720903
918.182,0.0913438
979.424,0.0978973
1385.92,0.13855
2108.89,0.210505
2154.26,0.215248
809.554,0.080858
1469.18,0.146887
1432.78,0.143257
1115,0.111475
628.291,0.0628256
782.458,0.0782408
876.687,0.0875835
1532.66,0.153149
1575.02,0.157299
3381.03,0.33786
837.261,0.0836989
1277.98,0.127777
2294.9,0.22937
1045.44,0.104367
1171.4,0.117123
1021.13,0.102022
365.352,0.0365342
1081.27,0.107861
1538.72,0.15385
2855.13,0.280845
1442.73,0.144154
755.87,0.0755314
1168.99,0.116801
2860.14,0.285781
1084.47,0.108342
1656.04,0.165547
4670.42,0.466414
872.622,0.0871937
1099.7,0.109966
1020.8,0.102067
1079.95,0.107972
1326.82,0.132458
930.786,0.0930496
1221.98,0.12214
1732.98,0.173204
1191.41,0.119107
1376.8,0.137612
990.764,0.0990746
1686.48,0.168547
1926.71,0.192594
977.382,0.0975272
1651.27,0.164994
1621.59,0.162097
1758.64,0.17582
2454.78,0.245404
741.583,0.0741253
863.922,0.0859487
1457.67,0.145493
838.181,0.083786
1051.5,0.105144
1807.69,0.180705
1838.99,0.183851
748.836,0.0748733
855.198,0.0854871
1273.45,0.127336
1282.63,0.128245
803.4,0.0803379
1506.67,0.150495
1533.95,0.152793
1478.77,0.147564
899.61,0.089918
869.947,0.0869804
1950.44,0.19401
2737.83,0.273602
1010.09,0.101006
1008.55,0.100801
959.134,0.095903
841.945,0.0841511
1369.1,0.136865
918.978,0.0918577
1447.09,0.144651
908.779,0.0908056
1048.07,0.104731
1268.07,0.126767
10791.5,2.61778
1042.7,0.104265
626.583,0.0626479
853.48,0.0852171
1349.05,0.134819
835.277,0.0834913
875.34,0.0874379
1028.01,0.102772
1050.72,0.104549
5168.07,0.516596
847.281,0.0846346
668.854,0.0668193
1615.09,0.160438
2122.37,0.212046
771.37,0.0770869
1544.27,0.153057
1354.21,0.135292
769.466,0.0769454
1371.88,0.137136
1211.49,0.121125
594.76,0.0594753
1025.47,0.102494
779.934,0.0774382
2212.67,0.221249
1223.81,0.122353
904.084,0.0903488
2057.1,0.205488
755.069,0.0754649
962.36,0.0961945
2115,0.211459
975.939,0.097423
666.479,0.0666397
1439.03,0.143881
2762.33,0.276195
913.521,0.0913167
6843.57,0.682842
1385.3,0.138456
1040.93,0.103623
986.421,0.0997497
496.757,0.0494701
2639.89,0.263694
1790.35,0.178957
745.478,0.0745454
979.138,0.0978972
1802.16,0.180204
1200.16,0.119953
2090.2,0.208952
711.102,0.0707516
887.929,0.0887731
969.404,0.0969155
705.453,0.0705277
1224.3,0.122314
2762.13,0.276126
1412.74,0.14093
2269.52,0.226888
4923.25,0.491926
935.531,0.093459
819.957,0.081945
2422.95,0.242231
1165.51,0.116532
864.305,0.0862377
1481.86,0.147855
2791.36,0.27908
1130.94,0.113091
1041.53,0.104139
6500.53,0.648923
712.638,0.0712571
1670.82,0.166266
994.599,0.0993553
1036.62,0.103588
1158.24,0.115768
1024.2,0.102406
683.127,0.0683096
1047.21,0.104682
15199.6,3.77822
730.644,0.0730318
1130.97,0.113036
914.577,0.0914308
872.307,0.0871621
825.283,0.0825029
1324.4,0.132369
605.17,0.0605059
4423.97,0.442109
890.238,0.0886852
1586.11,0.158531
1142.95,0.114224
24328.7,2.41691
1874.29,0.187382
1703.51,0.170284
840.208,0.0839872
1299.07,0.129866
1496.11,0.149309
748.703,0.0748492
1752.8,0.175088
1674.04,0.16737
938.865,0.0938722
3576.14,0.357406
1344.8,0.134384
1570.4,0.157005
995.634,0.0994878
1985.52,0.197263
725.912,0.0725482
3066.87,0.3057
2134.53,0.213422
4107.3,0.409052
959.508,0.0959216
1707.74,0.170756
2116.14,0.211571
1715.51,0.171199
660.166,0.0659957
1041.7,0.10416
963.443,0.0963259
783.474,0.0783128
1185.27,0.118415
2618.65,0.261649
1080.91,0.108009
1562.16,0.156133
1691.71,0.169146
1397.79,0.139766
997.64,0.0997578
1549.5,0.154841
1811.78,0.181053
3703.49,0.369267
4407.28,0.439087
1414.27,0.141417
1496.84,0.149627
650.014,0.0649702
419.258,0.0419249
3228.8,0.322574
692.376,0.0692256
1050.89,0.105071
536.79,0.0536778
732.809,0.0732805
2055.94,0.203599
940.413,0.0940113
1691.85,0.168958
1135.29,0.113479
777.581,0.0776494
1537.37,0.153622
1417.37,0.141706
2072.11,0.207195
1398.46,0.139677
1243.62,0.124356
1405.46,0.140501
6638.21,0.662753
1538.4,0.15379
1050.71,0.102211
2206.45,0.220541
1191.21,0.119098
1090.34,0.109011
1940.38,0.193917
557.675,0.0557657
727.515,0.0727493
840.329,0.0840312
2523.12,0.252188
1626.56,0.162201
435.834,0.0435798
5316.55,0.530449
2835.3,0.283201
699.587,0.0699272
1050.07,0.104924
635.858,0.0635804
3395.84,0.339475
1146.71,0.114662
1072.02,0.104423
910.312,0.0909256
808.633,0.0808515
1011.7,0.101126
1258.76,0.125805
908.822,0.0908689
1435.87,0.143568
1702.24,0.170179
848.328,0.0848119
19102.2,1.90758
946.559,0.0945802
1723.72,0.172215
1177.96,0.117628
779.845,0.077909
2235.89,0.223527
1426.79,0.142675
1785.25,0.178341
995.284,0.0994442
1075.7,0.107563
1734.03,0.173238
1458.82,0.145815
1036.33,0.103522
1134.89,0.113486
4190.16,0.418932
949.173,0.0948776
1395.76,0.139526
2672.57,0.267174
1078.58,0.107847
808.994,0.0808353
1689.72,0.168955
1220.4,0.12198
1720.16,0.171994
1308.5,0.130828
826.75,0.0826007
3953.21,0.395202
3021.26,0.301459
2262.13,0.226086
893.325,0.088876
968.169,0.0957331
3869.47,0.386275
1263.16,0.126293
2603.44,0.260195
8534,4.50554
2001.49,0.199884
2087.53,0.208302
1111.51,0.110956
3092.83,0.308864
1115.61,0.111449
992.391,0.0992296
1369.11,0.136824
1142.96,0.114276
726.677,0.07266
1164.61,0.116111
1389.72,0.138955
821.221,0.0821081
1373.38,0.13732
1772.14,0.17706
2210.22,0.221014
1119.5,0.111862
1769.07,0.176894
1068.2,0.106701
1385.17,0.138477
1506.84,0.150662
1687.78,0.168152
1710.41,0.170866
969.043,0.0968914
1298.11,0.129764
755.187,0.0755176
1491.96,0.148993
1485.82,0.148562
830.33,0.0830299
1661.77,0.166129
1155.04,0.115468
4537.81,0.453517
1033.61,0.103289
1000.73,0.100046
1122,0.11219
752.874,0.0752824
587.245,0.0586621
720.459,0.0719396
1074.39,0.107312
829.648,0.0829613
1737.65,0.173732
426.815,0.0426801
1433.77,0.143359
2983.65,0.293674
2428.74,0.242803
852.149,0.0852029
7652.69,0.764153
10379.8,1.03584
1266.67,0.126622
1102.58,0.110232
706.555,0.0706254
1367.51,0.136677
846.656,0.084651
855.596,0.0855424
1272.63,0.126541
1490.37,0.149016
1287.4,0.128718
1240.64,0.123935
1233.7,0.123356
2798.77,0.279345
1477.68,0.147478
1078.61,0.107834
589.785,0.0589525
1029.82,0.102934
1458.22,0.145765
2118.59,0.208951
1213.95,0.121315
1522.84,0.152208
1238.18,0.123796
848.618,0.0847988
1003.54,0.100331
2863.42,0.286289
1342.74,0.134018
1845.42,0.18449
1022.94,0.102254
816.98,0.0815493
1683.83,0.168356
799.152,0.0799118
1346.11,0.134595
882.904,0.0882849
1487.13,0.148706
1009.29,0.100903
1017.76,0.10173
710.597,0.0710146
1523.17,0.152253
1175.23,0.117144
1113.8,0.111296
2187,0.218351
1177.31,0.11771
988.524,0.0988479
839.036,0.0838855
2240.17,0.223997
1048.56,0.104836
1004.47,0.100439
1123.42,0.111993
967.459,0.0962533
664.857,0.0664113
3441.52,0.343972
4361.34,0.435943
1147.13,0.114651
3453.7,0.345031
989.595,0.0988432
1601.43,0.160102
2087.44,0.208625
1174.19,0.117387
3763.39,0.372856
1193.09,0.119274
1906.86,0.190598
1315.57,0.13142
1949.33,0.194871
607.723,0.0607149
1554.99,0.155457
1128.28,0.11279
1434.71,0.143419
6798.93,0.678824
1101.73,0.110119
1028.68,0.102815
944.53,0.0944411
1119.66,0.111953
1623.27,0.162157
1258.75,0.125838
2374.13,0.237396
1125.03,0.112493
2218.63,0.221746
635.294,0.063497
1637.28,0.163544
986.583,0.098621
1699.79,0.169856
1090.99,0.10907
1600.19,0.159837
1602.11,0.160157
4312.29,0.431144
969.578,0.0963821
1139.49,0.113936
1108.32,0.110791
1101.48,0.110124
743.063,0.074255
2507.86,0.250098
2302.41,0.230232
871.078,0.0871025
1524.07,0.152301
809.101,0.0808602
2251.76,0.225058
537.874,0.0537867
1679.41,0.167852
919.508,0.0917812
1567.37,0.156731
1282.76,0.12821
1934.31,0.189896
881.34,0.0880983
1787.84,0.178427
1656.98,0.165665
2079.9,0.207849
1356.71,0.135664
1927.65,0.192688
1324.97,0.132456
634.656,0.063459
1013.21,0.1013
1089.97,0.108967
1110.6,0.111
1246,0.124584
1449.37,0.1449
1619.11,0.161869
1126.18,0.112596
764.984,0.0764911
1202.74,0.120103
899.88,0.0899183
930.448,0.0929716
1272.84,0.127166
1030.51,0.103018
950.068,0.0943877
1467.84,0.146697
963.28,0.0962759
581.721,0.0581503
1467.1,0.14667
782.621,0.0782484
1619.58,0.161938
739.835,0.0738804
901.554,0.0901403
2139.73,0.213962
1237.98,0.123725
584.128,0.0583782
2777.95,0.277226
750.7,0.0738059
1170.23,0.116509
1007.35,0.0996981
23828.9,2.35489
4481.94,0.447981
956.718,0.0956386
658.126,0.0657621
696.171,0.0695953
532.983,0.0532922
6370.76,5.73213
1156.05,0.115597
846.167,0.0827706
4658.2,0.465294
1301.68,0.130096
1085.48,0.108199
1047.82,0.104755
2039.5,0.203805
4292.89,0.429064
529.033,0.0528833
2865.02,0.286388
1360.72,0.13579
965.523,0.09655
692.849,0.0691556
2511.67,0.25113
2940.18,0.293613
1574.82,0.157456
1283.22,0.128235
1730.8,0.172857
4201.1,0.419913
976.929,0.0976777
1558.71,0.155847
1294.03,0.129334
925.669,0.0925354
1815.92,0.181559
5415.53,0.538837
751.013,0.0750944
846.085,0.0845829
837.614,0.0836575
878.398,0.0878179
2877.86,0.286443
1824.92,0.18228
1430.45,0.142981
1173.03,0.117268
1294.16,0.129344
1029.39,0.102934
972.272,0.0972145
2091.09,0.209076
2112.6,0.211194
4602.45,0.459858
974.442,0.0974318
1487.92,0.148673
2441.45,0.243881
1602.62,0.160126
1433.39,0.143326
942.746,0.0942023
1521.13,0.152029
1853.95,0.185382
1651.12,0.16496
2679.99,0.267787
1248.1,0.124777
2872.32,0.287084
693.031,0.0692972
471.34,0.0471142
1293.41,0.129275
3970.51,0.396356
1013.57,0.101233
999.252,0.0999182
5540.81,0.553668
1072.66,0.107223
10084.3,1.00778
1268.05,0.126741
798.434,0.0798259
2532.2,0.253114
932.976,0.0932083
1340.67,0.133897
1422.79,0.141835
2688,0.268725
1290.64,0.129007
864.048,0.0862906
624.794,0.0624528
811.59,0.0811516
1643.88,0.164341
516.951,0.0514113
1535.43,0.153
1992.81,0.199245
757.622,0.0757123
1128.69,0.112721
3218.92,0.321746
985.389,0.0983486
874.586,0.0874458
1282.96,0.123221
2411.28,0.241061
944.71,0.0944492
1481.53,0.148146
5806.76,0.580318
1168.39,0.116831
861.768,0.086166
1457.67,0.145707
1654.12,0.165218
1168.09,0.11651
1170.76,0.117056
1496.36,0.149587
989.866,0.0989734
812.867,0.0812849
759.294,0.0759274
956.854,0.0956119
2421.63,0.241901
1188.77,0.118785
699.367,0.0698974
5901.16,0.589491
957.142,0.0956751
1198.12,0.119501
1816.19,0.181409
988.78,0.0987721
2027.68,0.202732
727.397,0.0727355
884.284,0.0884102
788.475,0.078655
914.692,0.0914316
1031.77,0.103152
2288.46,0.228814
1117.76,0.111729
5303.89,0.530257
1806.92,0.180683
1810.5,0.181029
510.201,0.0510149
5745.8,0.574402
869.157,0.0868616
1770.46,0.176921
1816.74,0.181477
1929.37,0.19286
991.746,0.0987394
1204.17,0.120402
1540.19,0.15387
1490.49,0.149044
671.393,0.0671348
897.369,0.0896943
1271.19,0.126929
996.442,0.0996204
788.542,0.0788395
4064.41,0.405957
1361.23,0.136109
1043.97,0.104345
1528.48,0.152772
467.934,0.046772
1375.82,0.137572
1175.73,0.117547
1144.24,0.114352
925.501,0.0922451
6856.87,0.685038
946.383,0.0945072
1053.84,0.10538
1666.9,0.166628
1020.35,0.101948
2435.31,0.243221
612.53,0.0612514
1472.11,0.147149
1686.79,0.168476
1302.77,0.130266
1745,0.174246
701.463,0.0700869
845.481,0.0845032
4294.72,0.42901
1189.17,0.118769
1059.27,0.105792
2101.83,0.210107
779.289,0.0778394
2001.29,0.199992
1092.87,0.109277
1119.34,0.111919
662.288,0.0662034
1748.2,0.174813
948.987,0.093086
800.239,0.080016
1316.74,0.131662
1049.64,0.104935
995.125,0.0984013
675.857,0.0675584
732.967,0.0732699
1340.95,0.134041
1252.17,0.125198
1016.04,0.101601
884.542,0.0882595
1119.3,0.111916
754.038,0.0753981
1026.59,0.102635
2540.52,0.24952
751.334,0.0750336
1264.84,0.126444
1003.15,0.100311
7069.42,0.706525
1038.75,0.103864
3835.02,0.382544
1290.52,0.128879
612.553,0.0612483
1467.83,0.146778
865.221,0.0864751
893.346,0.0893273
1587.19,0.158467
2048.85,0.200376
14815.3,1.47991
876.132,0.0875106
1885.04,0.188486
1136.67,0.113621
767.27,0.0765351
1830.01,0.182966
933.247,0.0933083
18016.3,1.79957
1442.8,0.144249
1776.77,0.177328
6032.36,0.601861
543.234,0.0542887
5494.23,0.548155
1816.32,0.181595
4788.46,3.63833
605.711,0.0605466
23230.4,2.3118
1305.54,0.13049
594.342,0.0593919
782.942,0.0782776
808.502,0.0805749
1699,0.169881
793.376,0.0786607
1310.45,0.130966
930.456,0.0928864
1056.2,0.105564
559.266,0.0558985
1831.42,0.182997
996.636,0.0996135
1236.57,0.123639
1029.39,0.102839
2870.89,0.287043
1957.1,0.195677
2791.8,0.278709
1334.57,0.132973
731.992,0.0731458
1336.25,0.133556
2953.99,0.295346
2175.8,0.217533
3020.01,0.301548
1240.24,0.123987
2541.62,0.254142
517.132,0.0516204
1257.84,0.125764
2275.62,0.22744
2497.95,0.249751
1068.02,0.106799
1102.39,0.109963
1669.03,0.166882
1515.55,0.151535
1788.27,0.176488
1313.55,0.131351
1429.68,0.142903
1014.76,0.101389
1587.58,0.158739
1933.66,0.193319
2001.11,0.200033
445.046,0.0445027
1908.55,0.190757
1263.67,0.126346
1416.53,0.141617
1149.74,0.114845
1500.52,0.150028
890.488,0.0890308
1191.65,0.119128
3702.28,0.3699
892.334,0.089169
1482.26,0.148217
1161.98,0.116191
947.302,0.0946819
860.804,0.086012
1727.2,0.172697
1288.16,0.12875
1165.04,0.116421
3879.08,0.387741
1343.05,0.134202
1477.86,0.147735
1359.27,0.1359
1273.56,0.127338
1314.55,0.131216
756.424,0.075595
2933.24,0.292985
913.33,0.0913115
727.743,0.0727226
1044.96,0.104457
1049.81,0.10497
1267.08,0.126704
1843.55,0.18418
707.663,0.0707509
861.647,0.0861446
1458,0.143933
930.251,0.0929089
2405.21,0.240471
994.729,0.0994597
1338.78,0.13379
3049.8,0.304676
1651.67,0.165134
1328,0.132745
2361.78,0.236031
1245.56,0.124477
1293.17,0.129191
2065.98,0.206474
1093.22,0.109252
1852.89,0.185227
2264.13,0.226255
992.783,0.0991564
1727.23,0.17251
11041.8,1.10177
1465.2,0.146449
1191.3,0.11907
1260.41,0.126019
1113.18,0.111253
1005.06,0.100377
3543.88,0.353987
892.754,0.0892734
1536.38,0.153302
1439.39,0.143904
1311.41,0.13074
2607.2,0.260568
913.591,0.0912797
1084.07,0.108401
2191.56,0.219035
1118.99,0.111755
832.946,0.0832525
3524.29,0.240602
1067.66,0.106553
872.723,0.087249
1417.19,0.141624
6176.65,0.612772
1554.33,0.15533
1158.06,0.115726
3403.24,0.340244
738.733,0.0738564
799.866,0.0799633
1064.07,0.106364
778.843,0.077823
1469.7,0.146952
2260.48,0.22564
1478.76,0.147832
596.042,0.059597
1052.97,0.105103
1821,0.18192
854.233,0.0854054
1679.21,0.167805
2546.7,0.254484
1844.14,0.184064
683.646,0.068348
1190.13,0.118991
888.129,0.0888117
1214.04,0.121324
1995.16,0.199473
1778.63,0.177643
811.148,0.0811119
1461.35,0.146042
1508.21,0.150793
4510.69,0.450728
1166.71,0.116485
848.756,0.0848439
1080.84,0.108066
9756.61,0.974121
2626.97,0.262327
28220.9,2.80136
1108.59,0.110827
2247.09,0.224663
836.836,0.083672
1793.1,0.179279
1427.99,0.142569
1750.26,0.174689
572.87,0.0571199
1577.6,0.157112
1645.04,0.164448
1139.51,0.113939
1733.36,0.173315
2814.34,0.281207
1397.61,0.139736
1989.87,0.198809
988.522,0.0987766
2199.11,0.219759
2250.89,0.221805
1483.62,0.148291
1331.2,0.133104
990.388,0.0988569
977.138,0.0976882
4757.95,0.474963
1129.75,0.112752
569.12,0.0564567
860.356,0.0860051
962.911,0.0962795
896.142,0.0896054
3409.63,0.340734
1378.79,0.137802
2313.46,0.231252
1208.65,0.120851
1051.51,0.10514
641.465,0.0641388
982.655,0.0982579
1097.28,0.109631
974.582,0.0972539
2570.28,0.256948
1185.56,0.118513
1396.57,0.139639
549.128,0.0549
916.855,0.0916793
7916.44,0.789479
1747.94,0.174706
765.483,0.0765389
1118.18,0.111782
1144.24,0.114404
979.756,0.0978409
1287.01,0.128683
1192.67,0.119212
2409.94,0.240528
3988.09,0.285063
1036.72,0.103667
743.755,0.0743643
1461.34,0.145793
1079.19,0.107862
1010.57,0.100717
806.799,0.0806725
790.804,0.079029
860.488,0.0860226
1009.48,0.100671
1048.78,0.104799
5181.58,0.517625
1607.98,0.160738
936.853,0.0936603
1496.16,0.149607
1315.32,0.131461
818.412,0.0815696
604.013,0.0603992
1009.36,0.100914
882.859,0.0882255
1136.21,0.113484
1315.15,0.1315
1647.2,0.164683
725.284,0.0725244
1717.49,0.145261
880.663,0.0880599
853.428,0.0853203
1429.24,0.142899
2402.56,0.240017
1305.42,0.130469
2071.77,0.206567
1922.59,0.192244
2400.27,0.239703
2185.55,0.218338
3824.55,0.382275
1122.71,0.112245
640.337,0.0640289
714.657,0.071424
1260.52,0.126039
1884.15,0.188353
1059.34,0.105796
1096.25,0.109622
614.845,0.0614648
2509.22,0.250817
808.459,0.0808376
917.635,0.0917468
2804.12,0.279902
1218.44,0.121766
625.652,0.0625321
779.451,0.077929
1485.85,0.148558
1374.91,0.137482
574.497,0.0574296
1695.62,0.16952
971.284,0.0971244
1806.69,0.18065
1028.06,0.102804
707.01,0.0713776
1014.86,0.101349
1166.02,0.116557
690.423,0.0690095
686.848,0.0686746
861.455,0.0860993
1385.36,0.138527
1654.41,0.165207
649.659,0.0647601
6777.48,0.677354
957.759,0.095652
1134.28,0.113383
1518.77,0.151751
757.6,0.0750254
2040.14,0.20385
689.566,0.0689369
963.058,0.0961674
943.966,0.094393
1320.09,0.132
989.463,0.0988096
635.207,0.0634494
631.839,0.0630111
566.616,0.0566523
1207.01,0.120585
929.971,0.0925528
1143.96,0.114198
1735.75,0.12885
1166.95,0.116673
2818.93,0.281283
1274.73,0.127358
2143.29,0.214056
5900.77,0.589668
987.118,0.0987083
1487.13,0.148658
2104.8,0.210277
1936.86,0.19349
2202.52,0.22019
1297.39,0.129709
2175.63,0.217551
1247.52,0.124625
739.343,0.0738021
713.359,0.071254
1494.82,0.149448
898.111,0.0897455
1054.2,0.105333
2429.3,0.243837
1717.04,0.171689
705.792,0.070463
1118.7,0.111758
1136.78,0.113334
978.803,0.0978736
1617.72,0.16169
2349.16,0.191674
1195.87,0.119467
5852.04,0.584508
1774.72,0.177281
4422.72,0.441318
2828.44,0.28274
913.213,0.0913164
1362.76,0.136233
4282.24,0.426726
2029.56,0.202851
1525.88,0.152569
626.657,0.0626617
1416.65,0.141655
811.869,0.0811846
2730.67,0.273008
1457.39,0.145724
1116.21,0.111615
2439.67,0.243793
1207.09,0.120704
1085.68,0.0955281
1093.14,0.109142
961.631,0.0961279
727.906,0.0727702
1042.22,0.104067
1051.66,0.10464
1363.53,0.136308
15768.4,1.57133
834.167,0.0834116
1094.8,0.109402
1093.3,0.109324
1072.75,0.107253
1379.8,0.13793
1869.15,0.186678
487.51,0.0487374
1170.41,0.117005
1410.06,0.140937
3642.77,0.363731
1054.55,0.105182
1674.94,0.167414
740.72,0.0740526
3476.48,0.347237
1345.64,0.13426
599.806,0.0599565
857.237,0.0856758
869.558,0.0869423
810.972,0.0810647
1742.63,0.174214
1004.83,0.100423
949.852,0.0944035
1049.63,0.104771
1155.56,0.11552
912.828,0.0912706
1407.91,0.140401
1333.71,0.133278
1251.29,0.12512
734.995,0.0734213
971.031,0.0970649
2101.17,0.209941
2739.57,0.273828
1396.25,0.139498
1005.96,0.100591
861.379,0.086127
1692.01,0.169133
1104.95,0.122011
956.217,0.0955872
1457.21,0.145704
1229.56,0.122908
683.531,0.0683347
4535.76,0.452898
892.047,0.0891962
1440.9,0.144033
1561.47,0.156093
1611.18,0.161036
1611.9,0.161042
3634.35,0.3634
2775.22,0.277467
754.408,0.0752546
1536.14,0.153492
1215.32,0.12153
730.641,0.0727509
868.305,0.0868177
1110.57,0.100727
1866.9,0.18665
1152.01,0.115141
1573.07,0.157292
2034.84,0.203409
772.812,0.0772714
1707.62,0.170462
2026.31,0.202442
1815.24,0.181341
1477.29,0.147685
904.368,0.0903949
974.814,0.097412
5363.64,0.535968
1361.85,0.136125
844.918,0.0844683
4702,0.470151
1130.52,0.112202
1098.37,0.109788
1047.96,0.104761
3756.08,0.375452
2111.28,0.210969
911.329,0.0911201
3839.55,0.383381
868.479,0.0868365
659.669,0.065955
4267.88,0.425963
497.835,0.0497816
708.899,0.0708714
2165.68,0.216285
976.423,0.0967553
1743.81,0.174195
2126.21,0.212506
993.843,0.0979244
1335.14,0.133503
981.697,0.0981212
1076.29,0.107614
3158.7,0.315269
991.703,0.0991654
587.486,0.0587412
3121.2,0.311653
718.173,0.0716515
783.944,0.0783807
4497.88,0.448919
933.604,0.0933454
2068.65,0.206811
7317.41,0.729535
1687.82,0.168703
683.479,0.0683439
1077.91,0.107782
821.889,0.082184
2490.1,0.248625
986.743,0.0985454
2476.44,0.247233
1794.39,0.179382
1196.22,0.119496
891.326,0.0890487
1365.88,0.136458
1530.62,0.152745
2102.06,0.210087
735.65,0.073558
3408.24,0.34076
1430.03,0.142898
1063.48,0.105529
4506.62,0.450302
904.525,0.0904183
3128.87,0.312689
1206.54,0.120636
1209.88,0.120907
1365.59,0.136393
802.633,0.0802563
829.395,0.0828907
970.71,0.097042
908.1,0.0906924
887.71,0.0886799
3434.88,0.343364
1731.91,0.173117
911.43,0.0910675
1354.68,0.135302
774.864,0.0774548
2208.71,0.220692
1162.2,0.116085
973.742,0.0973316
3686.76,0.368328
1184.79,0.118316
1413.08,0.141299
1208.01,0.120746
2564.4,0.256252
653.201,0.0652933
2209.37,0.21358
1403.44,0.1403
988.45,0.0988343
1610.38,0.160501
1680.66,0.167258
1137.12,0.113689
1314.4,0.131434
638.309,0.0638292
520.855,0.0520404
1499.29,0.149903
1653.42,0.164945
1120.45,0.111851
1409,0.14087
1544.86,0.154421
1360.24,0.135861
980.839,0.0980354
1790.8,0.179075
832.701,0.0831318
2973.1,0.29705
880.712,0.0880549
687.192,0.0686233
950.295,0.0950033
777.792,0.0777759
959.521,0.095922
712.893,0.0712859
1090.54,0.109024
1253.23,0.125309
1558.78,0.155797
1171.69,0.117053
872.946,0.0871808
1034.15,0.103378
2045.5,0.204395
1657.73,0.165612
538.083,0.0537604
1377.33,0.137668
21047.1,2.10117
878.457,0.087817
3017.58,0.301536
1740.98,0.1739
4507.13,0.450515
2253.67,0.225239
878.264,0.0878209
2085.05,0.208111
1042.75,0.104253
19958.2,1.98875
1369.32,0.136915
1164.63,0.116455
932.964,0.093172
963.54,0.096308
2378.19,0.237473
991.666,0.0990998
1831.74,0.183151
1980.58,0.197996
742.302,0.0742283
827.919,0.0827801
2042.55,0.203907
932.987,0.0932628
1256.95,0.125653
1068.56,0.10684
709.54,0.0709527
537.557,0.0537465
2054.41,0.205343
719.737,0.07197
1547.47,0.154707
1729.94,0.172923
1803.81,0.180283
1104.17,0.110321
1337.97,0.133743
1936.38,0.193471
1187.87,0.118715
1164.93,0.11648
892.667,0.0892468
1488.73,0.14882
2141.56,0.214111
740.916,0.0739745
763.209,0.0763071
1550.69,0.155038
2283.04,0.228209
2277.3,0.22715
2068.42,0.206783
6347.14,0.633872
1421.89,0.142117
10994.3,1.09833
1152.5,0.115062
2085.43,0.208471
1134.95,0.114255
3179.18,0.317608
1086.05,0.108602
1464.83,0.146173
4501.44,0.449938
745.247,0.074486
1264.76,0.125992
1119.49,0.111909
680.73,0.0680056
3793.75,0.379296
5048.8,0.50464
5257.04,0.525602
1418.32,0.129791
943.449,0.0943053
1640.93,0.163987
3183.7,0.3182
1326.23,0.132588
1064.96,0.106473
1491.58,0.148832
1607.46,0.160662
1341.04,0.133896
1132.16,0.113193
2444.02,0.244352
908.41,0.0907502
1332.79,0.133178
1838.98,0.183568
1290.43,0.128979
2022.08,0.201925
2233.33,0.222907
1193.66,0.117659
814.629,0.08145
705.813,0.0705783
714.052,0.0712632
2656.17,0.265435
1054.32,0.105391
756.81,0.0756783
1855.99,0.184106
2212.85,0.221015
911.51,0.0909703
2013.59,0.201188
1351.69,0.134904
1580.36,0.157583
781.592,0.0781551
760.625,0.0758387
1222.34,0.122201
644.584,0.0644549
1029.16,0.102904
3565.96,0.356529
981.311,0.0980915
1246.43,0.124585
720.608,0.0720601
1641.52,0.16407
1253.85,0.122082
669.703,0.0669553
1556.23,0.155533
1217.28,0.120891
1003.32,0.100293
986.213,0.0986085
1300.15,0.130002
761.85,0.0761678
1792.83,0.17914
1036.74,0.103631
1111.37,0.11107
1336.46,0.127687
731.435,0.0731342
1564.45,0.156418
3108.59,0.31075
790.393,0.0790037
747.344,0.0746703
712.746,0.0711771
921.408,0.0921349
2131.15,0.212853
1318.97,0.131763
3378.35,0.337713
458.337,0.0458227
1139.75,0.113966
1151.06,0.115081
958.39,0.0955539
1315.93,0.131019
785.598,0.0785535
1846.78,0.184531
2063.74,0.206199
1671,0.166947
1030.76,0.103053
660.506,0.0658751
6570.63,0.655502
1819.2,0.181754
1192.54,0.119225
1505.76,0.150114
1237.3,0.123698
1049.83,0.10495
888.984,0.0888652
1538.73,0.153791
1303.22,0.130299
902.739,0.0902668
625.592,0.062416
588.791,0.0588613
3336.11,0.333531
924.388,0.0923462
1057.6,0.105671
5800.87,5.27817
2386.16,0.200027
2125.1,0.212461
2746.12,0.274465
1093.11,0.109256
794.041,0.0793969
888.86,0.0888798
1112.69,0.111235
2213.03,0.221231
976.759,0.0960885
978.761,0.0978373
2195.51,0.219436
1773.57,0.178407
1821.6,0.182137
1522.62,0.152197
1451.95,0.145187
2546.78,0.254578
1365.51,0.136516
835.794,0.0835705
1244.21,0.124392
939.665,0.0939635
1755.12,0.175455
1369.79,0.136963
1060.25,0.105959
1597.04,0.158521
736.26,0.0736166
2042,0.204045
1955.25,0.195069
1515.9,0.151336
1651.27,0.165112
1193.89,0.119306
1705.48,0.170485
1004.35,0.10022
769.317,0.076921
1041.17,0.104072
2401.1,0.239998
1298.28,0.129821
19821.1,1.97878
1194.73,0.119452
1183.47,0.118239
3525.2,0.351961
1270.81,0.127013
868.021,0.0867971
975.16,0.0975042
13677.6,3.34727
3526.4,0.352531
382.285,0.038194
998.36,0.0998121
2740.23,0.273808
775.913,0.0775898
1324.39,0.132192
938.097,0.0937493
2545.87,0.25437
668.318,0.0668014
1027.75,0.102678
3693.65,0.369081
664.43,0.0664081
1878.8,0.187809
644.125,0.0644093
1385.75,0.13852
921.278,0.0919527
1573.11,0.15722
1657.73,0.165747
605.288,0.0605143
1239.97,0.123964
757.642,0.0757067
1498.92,0.149879
655.134,0.065251
940.488,0.0940385
1191.29,0.119122
850.997,0.085095
1559.91,0.155004
793.666,0.079364
860.623,0.0860375
971.648,0.097112
808.707,0.080865
1621.27,0.161921
567.49,0.0567395
797.806,0.0797434
6118.44,0.610962
633.706,0.0631604
1236.99,0.123246
1507.86,0.150751
637.503,0.0637314
1491.58,0.148823
5277.89,0.526314
1088.43,0.108828
1519.36,0.151866
3141.71,0.314033
5229.89,0.258085
735.402,0.0734942
1533.17,0.153272
653.81,0.0653777
959.119,0.0958597
745.943,0.0745907
5392.08,0.538634
1555.46,0.155544
792.542,0.0792237
1519.72,0.151947
5028,0.501759
2304.8,0.230451
3759.53,0.375449
1232.52,0.123172
3458.85,0.344974
2061.78,0.206039
2492.78,0.249214
2024.4,0.202239
1068.83,0.106805
1007.16,0.100604
2094.78,0.20943
1400.24,0.139906
1766.01,0.176316
850.562,0.0849394
997.86,0.0993723
845.706,0.0845381
1237.19,0.123679
944.738,0.0944645
2711.89,0.268417
609.144,0.060899
822.133,0.0820721
1409.06,0.140874
797.476,0.0797367
970.96,0.0969017
1491.72,0.146835
1067.29,0.106596
1550.53,0.154751
1116.67,0.111664
818.144,0.0817496
455.364,0.0455335
1136.73,0.11365
649.115,0.0648891
1646.84,0.164332
1107.71,0.110752
824.697,0.0824365
1535.22,0.153497
916.813,0.0916431
765.902,0.076537
797.311,0.0793755
1463.05,0.146218
1399.01,0.139855
620.994,0.0620947
2891.24,0.288737
1482.64,0.148254
1777.23,0.177695
1246.56,0.12454
1375.32,0.137501
1021.62,0.102154
1174.29,0.117262
1234.74,0.123426
780.233,0.0779839
1318.01,0.131786
1149.51,0.114894
674.826,0.067481
4520.15,0.451132
1597.89,0.159763
11585.2,1.15744
2142.18,0.214015
1912.4,0.191093
2264.37,0.226305
1994.86,0.199462
1082.52,0.107906
1030.92,0.103058
1730.06,0.172955
651.864,0.065176
1104.55,0.109608
1400.82,0.14005
1440.2,0.143149
1297.58,0.129379
1122.57,0.112235
898.645,0.0898249
575.22,0.0575202
802.579,0.0795091
1352.07,0.134942
1370.24,0.136657
1003.7,0.100345
1819.86,0.181972
2887.32,0.288388
1213.35,0.120757
1006.32,0.100532
1258.18,0.125788
854.251,0.0854194
1746.55,0.174444
1180.9,0.118029
3550.09,0.354539
1266.96,0.126575
1859.68,0.185924
1872.08,0.187192
2806.28,0.280437
1005.88,0.100558
1370.65,0.136918
1026.38,0.102451
975.691,0.0975591
910.516,0.091015
2144.85,0.214448
693.178,0.0692991
746.545,0.0746487
992.388,0.0992193
778.595,0.0778107
5117.03,0.510935
1583.12,0.158093
817.004,0.0816969
706.827,0.0706793
869.034,0.0868708
836.735,0.0836648
1430.81,0.143063
1853.79,0.185282
7590.53,0.758441
1543.97,0.154366
1290.74,0.126753
683.831,0.0683803
806.922,0.0806682
1182.75,0.118118
1605.95,0.160539
928.944,0.0926097
1223.99,0.122312
1540.57,0.153953
1128.15,0.112589
1097.39,0.109504
2341.96,0.23381
8885.36,0.886645
1713.15,0.171191
996.035,0.0995507
3424.27,0.342137
1528.76,0.152647
1000.43,0.0999281
969.53,0.0969418
1794.01,0.179328
1347.03,0.134547
2253.93,0.224095
1479.45,0.147838
1019.81,0.101955
1244.57,0.124432
865.097,0.0864893
942.689,0.0940515
1092.68,0.109239
699.539,0.0699201
1807.26,0.180616
920.569,0.0920331
1077.59,0.10766
1127.3,0.112636
1324.36,0.132259
806.906,0.0806329
539.726,0.0538922
863.887,0.0863478
1131.49,0.113064
1350.43,0.135017
1570.22,0.156983
1511.8,0.151027
2129.34,0.212843
686.633,0.0686131
1088.94,0.108751
1306.79,0.130544
1202.05,0.119715
929.296,0.0928445
1203.58,0.120217
1852.9,0.185101
1254.07,0.125332
1180.52,0.118029
1316.01,0.131597
1294.45,0.129398
1525.65,0.152444
1965.71,0.196464
1075.92,0.107579
5801.69,0.580024
1320.38,0.132022
684.273,0.0684118
611.125,0.0610422
1553.99,0.155369
950.862,0.0949516
1588.08,0.158749
2612.7,0.260852
1109.19,0.11091
1181.68,0.118149
678.373,0.0676873
518.725,0.0518465
1119.55,0.111893
900.823,0.0900572
2136.37,0.213577
975.418,0.0975388
8156.04,0.813771
3293.55,0.329256
1505.28,0.150513
671.726,0.0671223
947.878,0.0947531
1275.11,0.127491
1268.29,0.126471
1174.5,0.11743
1389.71,0.138967
14504.4,3.27867
1584.99,0.158452
1569.57,0.156915
611.063,0.0610979
770.345,0.0770157
1813.27,0.181242
817.582,0.0817021
686.922,0.0686894
940.377,0.0940365
1130.47,0.113009
916.387,0.0916197
3246.11,0.324333
879.8,0.0879514
925.191,0.0917226
1814.25,0.181386
1719.07,0.171815
1156.1,0.115557
1741.51,0.174124
1045.49,0.104537
2090.68,0.20905
9981.16,2.95913
2070.74,0.207062
1540.34,0.153819
1042.2,0.104026
1021.13,0.101949
2223.13,0.222077
1186.37,0.118229
963.459,0.0962598
967.708,0.0967603
1905.61,0.190344
1191.98,0.119178
2105.43,0.209928
988.999,0.0988396
1723.16,0.172103
909.087,0.0906536
1209.66,0.120942
960.533,0.0960505
3206.02,0.320258
2910.93,0.29103
1592.3,0.159139
2739.64,0.273917
1726.07,0.172415
1107.99,0.110775
1245.97,0.124577
1807.82,0.1805
1582.31,0.158217
1555.36,0.155531
2944.49,0.293149
1397.68,0.139309
1368.17,0.136655
1220.22,0.121747
1965.73,0.196257
1099.06,0.109836
1147.52,0.114697
901.671,0.0901062
909.6,0.0909571
1703.78,0.170364
2495.32,0.249484
786.62,0.0786033
1080.04,0.107982
1268.5,0.126803
3434.67,0.343251
2177.77,0.217717
1051.08,0.105089
1069.68,0.106392
1375.38,0.137505
750.836,0.0750375
1786.44,0.178622
569.515,0.0569389
1764.32,0.176416
4199.99,0.419744
1544.9,0.154434
953.747,0.0952288
2738.16,0.273611
1658.65,0.165731
563.985,0.0563872
827.234,0.0827117
1078.88,0.107877
2372.6,0.237135
3432.99,0.341245
755.346,0.0755311
737.901,0.0737548
629.912,0.0627931
1895.23,0.189288
1158.48,0.115458
3717.91,0.371627
2395.96,0.239092
826.989,0.082675
775.838,0.0775163
13044.8,1.30208
5261.97,0.525985
745.493,0.0745093
704.976,0.0704959
7523.12,0.751766
870.486,0.0868602
675.706,0.067536
5861.72,0.584619
1450.8,0.144803
1529.52,0.152739
1105.74,0.110565
3094.87,0.30906
1938.58,0.193829
8063.15,0.802995
1595.94,0.159558
1059.21,0.105892
1397.83,0.139569
1090.79,0.109065
1656.41,0.165619
870.377,0.0869755
2034.63,0.203237
1069.31,0.106329
16778.1,1.66943
1081.51,0.108117
1832.44,0.179121
1271.88,0.127179
516.243,0.0516124
1164.36,0.116263
880.173,0.0879868
1629.96,0.162927
1050.86,0.105083
14049,1.40216
1713.93,0.171148
1175.16,0.117507
1120.81,0.111341
1296.6,0.129641
1643.11,0.164263
2167.01,0.216547
894.299,0.0894031
1328.54,0.132752
1516.48,0.151625
539.823,0.0539706
1098.11,0.109779
1354.79,0.135399
4761.39,0.475731
1455.4,0.145375
1220.67,0.122046
1042.39,0.104212
10409.4,1.04029
2032.27,0.203187
994.427,0.099353
1300.27,0.129949
5150.79,0.514733
2362.04,0.236049
825.441,0.0825327
2491.23,0.24903
1166.03,0.116428
1508.36,0.150727
2046.75,0.204662
4013.43,0.40028
1793.78,0.179253
785.804,0.0784859
637.595,0.0637086
973.551,0.0984887
1153.76,0.115362
1202.69,0.120203
1366.93,0.13664
819.906,0.0819829
647.672,0.0647367
1100.48,0.110017
2412.72,0.241216
1288.38,0.128746
2429.2,0.242671
1369.66,0.136899
977.252,0.0976117
2066.85,0.206605
1061.98,0.106183
1065.97,0.106585
857.687,0.0857674
1634.46,0.163438
982.492,0.0980887
880.069,0.0879924
1046.19,0.104559
2303.92,0.230235
2174.46,0.217289
1332.52,0.133184
1348.41,0.13478
1456.81,0.145532
3287.16,0.32861
1652.33,0.165173
856.454,0.0856188
671.695,0.0671477
872.515,0.0871829
830.547,0.0830287
1565.88,0.156572
2144.34,0.21434
5334.04,0.532123
6573.69,0.373321
1026.77,0.102634
1262.21,0.126138
1156.71,0.115614
1225.46,0.122518
1220.52,0.122044
2866.77,0.286604
1804.35,0.180368
3120.05,0.311962
783.14,0.0782628
776.102,0.0776078
1931.96,0.193186
887.551,0.0887056
936.605,0.0936581
13055.9,1.30121
1344.63,0.134426
989.369,0.0988827
782.05,0.0781793
865.625,0.0865411
1802.62,0.180204
2287.29,0.227246
1050.45,0.105018
1270.51,0.126978
1316.03,0.131547
1903.97,0.190146
1028.15,0.10281
1341.91,0.134161
580.657,0.0579669
1288.8,0.128547
1625.57,0.16255
1741.65,0.174031
733.93,0.0732947
1013.73,0.101149
3037.58,0.303611
1548.48,0.154825
1017.45,0.101733
2502.98,0.25028
1505.49,0.150521
727.753,0.0725557
1221.13,0.122006
1350.05,0.134903
1440.01,0.143965
1161.71,0.116038
1994.2,0.199408
668.126,0.0667867
1687.38,0.168678
889.418,0.0888278
891.742,0.0891414
4825.93,1.451
2382.96,0.237853
914.46,0.0914179
3298.09,0.329497
1274.11,0.12739
1508.07,0.150757
774.214,0.0732044
1539.65,0.153898
2205.68,0.220474
2314.3,0.231256
4942.67,0.493508
1121.42,0.112074
1122.78,0.112276
585.478,0.0585387
1364.52,0.136412
1294.6,0.129449
1222.19,0.122203
748.307,0.07483
1164.68,0.116423
1491.86,0.149113
1183.95,0.118373
2840.88,0.283905
1252.31,0.125205
1262.68,0.12622
959.506,0.0959393
1112.44,0.111226
740.613,0.0740007
363.08,0.036285
3046.19,0.30455
1021.1,0.102106
1080.51,0.108033
5019.59,0.499299
808.721,0.0808493
1297.21,0.1297
641.053,0.0639761
1499.62,0.149932
1037.47,0.10371
673.767,0.0673693
1341.63,0.134099
1235.05,0.123474
988.33,0.0980962
1456.14,0.145598
1244.68,0.124461
8781.54,0.877864
1288.17,0.12847
666.773,0.0666727
623.721,0.0623446
831.544,0.0830496
876.807,0.0876601
1581.25,0.158107
1278.15,0.127732
1109.79,0.110927
758.588,0.0758078
1330.7,0.133025
1617.36,0.161696
1223.33,0.122092
834.953,0.0834321
812.741,0.0812619
1160.71,0.116025
583.576,0.0583182
985.318,0.0985204
830.028,0.0829763
1392.6,0.139223
1144.78,0.114372
773.229,0.0771772
1572.89,0.157228
848.347,0.0848192
687.625,0.0682673
2218.37,0.221737
792.889,0.0792642
2350.62,0.235053
1673.24,0.167313
988.832,0.0988805
1959.7,0.195925
1114.67,0.111226
945.546,0.0945406
947.251,0.0946669
1089.78,0.108918
978.358,0.0978203
924.242,0.092419
1479.2,0.147806
1273.38,0.127307
1908.4,0.190805
1828.61,0.182809
646.56,0.0646484
2880.01,0.287865
3331.59,0.325863
1723.98,0.172265
782.136,0.0781826
1123.1,0.112291
1291.74,0.129136
1464.51,0.146306
1183.96,0.118263
1568.15,0.155646
756.555,0.0756524
1549.94,0.154973
1251.95,0.125173
657.901,0.0657833
848.293,0.0847362
1446.78,0.144491
3000.73,0.299812
1722.99,0.172257
1627.51,0.162719
2395.26,0.239102
1665.84,0.165954
1738.68,0.173801
2034.19,0.20341
2115.18,0.2115
1170.53,0.117015
2531.61,0.252875
758.757,0.0758653
1084,0.108215
1814.58,0.181431
1299.28,0.129867
1624.47,0.162391
1116.25,0.111595
1087.97,0.108487
1772.04,0.177064
2472.36,0.247112
858.134,0.0858124
1428.64,0.142773
2954.08,0.294818
1345.68,0.134501
755.529,0.0755326
2288.68,0.228767
2597.31,0.258126
974.11,0.0973536
1210,0.120965
1347.23,0.134401
908.607,0.0906276
1024.32,0.101979
1155.55,0.114721
1507.32,0.15071
1346.99,0.134513
888.557,0.0887943
753.846,0.0753011
753.822,0.0753383
719.027,0.0718171
1387.06,0.138672
1110.36,0.111026
930.74,0.0928761
1690.08,0.168984
4306.27,0.430021
1081.79,0.108148
1573.54,0.157286
851.825,0.085149
2172.86,0.217111
1214.28,0.120929
1539.91,0.153901
1497.79,0.149756
1321.86,0.13197
1259.5,0.1259
1388.25,0.138782
2429.61,0.242934
1333.6,0.133358
1151.46,0.115134
704.692,0.0704454
672.748,0.0671674
1859.42,0.185808
852.544,0.0852348
703.487,0.0703382
836.761,0.0836622
1453.41,0.145218
739.708,0.073954
922.352,0.092175
607.466,0.0607311
1296.61,0.129657
1001.86,0.10006
2323.86,0.232199
1112.56,0.111173
1355.45,0.135516
844.457,0.0844171
1518.66,0.15179
2473.95,0.247082
1693.18,0.16904
1255.93,0.12558
1731.43,0.172351
2668.15,0.265446
847.239,0.0845781
1057.87,0.105597
13907.2,1.3897
2498.15,0.249723
1067.41,0.106731
1007.5,0.100717
1040.64,0.103735
3777.48,0.377638
1034.4,0.10332
3318.93,0.328932
1612.37,0.161161
3528.61,0.352668
1500.61,0.149186
1935.79,0.193556
1506.26,0.150608
2754.52,0.275286
1501.68,0.14947
1124.35,0.112421
1639.52,0.164687
697.836,0.0697814
840.114,0.084009
1252.51,0.125169
2645.94,0.264471
1907.18,0.190632
1443.55,0.142927
2889.74,0.288901
682.602,0.0682544
1584.69,0.158226
10518.3,1.04874
1156.05,0.115486
10877.1,1.08667
801.87,0.0801501
923.68,0.0902688
3495.83,0.348731
1303.99,0.13012
946.928,0.0946775
954.01,0.0953988
2422.11,0.242156
991.872,0.0991564
3135.13,0.313112
2506.63,0.250635
1054.98,0.105462
1167.46,0.116696
1035.3,0.103387
1008.4,0.100765
1411.06,0.141086
1711.4,0.17112
2178.45,0.214141
1624.4,0.162391
972.552,0.0972071
543.548,0.0543521
1049.03,0.104868
1281.27,0.128082
829.294,0.0828653
3600.79,0.359511
928.524,0.0882504
1657.36,0.16569
834.867,0.083476
968.545,0.0968126
966.889,0.0966714
2370.87,0.237013
1001.34,0.100129
549.126,0.054911
496.157,0.0496119
1162.58,0.116238
1405.83,0.140551
2145.31,0.214514
6380.21,0.637212
963.362,0.0962591
1279.21,0.127861
3712.01,0.371024
1090.75,0.109046
3239.95,0.323454
1577.01,0.157587
945.395,0.094524
437.508,0.043744
926.536,0.0924399
2817,0.27971
1112.91,0.111163
877.984,0.0877842
684.286,0.0683953
1518.79,0.150998
2313.68,0.231319
1082.77,0.108261
1191.5,0.119112
849.797,0.0849284
728.877,0.0727148
868.556,0.0868342
5087.36,0.507593
1157.72,0.115396
1164.72,0.116386
1669.64,0.166666
1866.39,0.186601
833.366,0.0832812
3339.68,0.333935
1115.05,0.11144
2414.36,0.241374
2823.92,0.28211
1228.92,0.122715
1005.44,0.100507
4046.27,0.404279
1425.77,0.14256
970.074,0.096971
1041.45,0.104106
1736.93,0.173292
1760.64,0.175682
1603.14,0.156596
2320.31,0.231877
1061.04,0.106097
1430.45,0.138949
1577.32,0.157712
1098.96,0.109791
735.045,0.0734994
637.723,0.0636369
615.975,0.0615929
1218.04,0.121791
714.964,0.0714784
787.534,0.0784965
2258.11,0.225703
1355.05,0.135421
932.609,0.0932579
754.81,0.0754592
2602.78,0.259906
1539.71,0.153793
1543.91,0.153896
1050.62,0.104827
1505.73,0.150324
1178.03,0.117794
4380.51,0.437806
1182.43,0.118192
762.403,0.0759109
1858.74,0.1858
1181.88,0.11814
1546.99,0.154645
916.202,0.0915504
1274.54,0.126789
939.425,0.0939116
1967.2,0.196576
1336.91,0.133616
1155.4,0.115534
1679.79,0.167801
570.76,0.0568662
833.066,0.0833007
2422.21,0.242011
1136.72,0.110518
1040.61,0.104047
3125.19,0.311889
1103.62,0.110341
1278.05,0.127762
1035.77,0.103572
844.15,0.0844099
783.271,0.078311
1483.33,0.148295
3165.6,0.316249
1141.86,0.114095
599.297,0.0599148
5330.14,0.532626
1007.43,0.100619
2574.35,0.25711
848.808,0.0847597
1552.16,0.1552
1034.08,0.103379
1051.71,0.105103
883.414,0.0882959
6414.87,0.637044
2280.7,0.227825
621.211,0.061955
891.856,0.08917
1498.64,0.149849
1114.75,0.111363
967.898,0.0967561
2083.72,0.208342
1174.16,0.116957
1587.85,0.158747
927.861,0.0927707
1202.64,0.120223
1617.8,0.161731
2672.6,0.267019
2050.29,0.204917
1126.31,0.112386
1203.25,0.120271
10526.6,1.05092
1629.81,0.162944
2502.63,0.250066
1424.57,0.142327
1954.77,0.195085
1607.22,0.160622
1242.11,0.124174
2757.69,0.274972
1952.31,0.19521
592.859,0.0592478
1903.6,0.190293
719.633,0.0719391
1111.14,0.111043
850.497,0.137331
1837.34,0.183694
1102.02,0.109946
824.598,0.0824114
935.035,0.093376
998.606,0.0997026
1285.45,0.128541
1688.2,0.16872
604.414,0.0603723
1248.81,0.12486
2370.5,0.236842
834.525,0.0833726
915.456,0.0913237
881.533,0.0881363
1010.97,0.101012
949.401,0.0949276
1065.9,0.106506
1102.07,0.109937
3674.15,0.367166
716.824,0.0712853
704.54,0.0704468
1058.08,0.105413
1548.89,0.154772
3139.43,0.313601
1282.83,0.12824
2235.72,0.223541
3347.21,0.334491
1503.01,0.149872
12581.6,1.25684
2174.22,0.217242
1952.26,0.194926
501.505,0.0501371
1985.35,0.198476
3618.61,0.361582
4822.98,0.481943
1107.3,0.110501
3550.47,0.354537
866.582,0.0864257
2095.17,0.209481
1364.68,0.136388
1125.47,0.112362
1709.97,0.170963
626.815,0.0625645
2609.77,0.260951
4065.59,0.405644
1132.29,0.113227
1101.21,0.110016
782.394,0.0782371
1189.38,0.11887
1528.17,0.152742
1864.97,0.186465
5706.39,0.57047
817.808,0.0817705
2430.32,0.243012
1365.67,0.1365
1039.87,0.103974
1199.84,0.119784
1539.41,0.153819
1697.53,0.169625
3228.89,0.305574
739.076,0.0738895
1161.74,0.116137
1250.43,0.123958
2230.34,0.222581
1122.62,0.112252
1704.64,0.170446
939.503,0.0938669
2833.25,0.283277
713.623,0.0713603
775.577,0.0775483
739.83,0.0739044
869.974,0.0869943
1474.71,0.147376
1084.74,0.108424
1913.85,0.191365
3153.53,0.315226
1286.89,0.128097
1372.99,0.137208
794.444,0.0793807
479.56,0.0478401
962.517,0.0961638
1308.7,0.130845
1092.9,0.108819
724.984,0.0719303
816.129,0.0815197
2636.31,0.263573
766.274,0.0766035
1030.98,0.103026
715.311,0.0715281
3735.2,0.373392
1358.51,0.135847
1122.12,0.112176
1514.39,0.151243
1272.87,0.127233
916.811,0.0916672
1255.05,0.125455
2592.3,0.259169
1385.49,0.138531
1285.2,0.1285
3163.94,0.315643
664.12,0.0662686
2628.57,0.259493
1758.96,0.148167
2293.19,0.229292
1293.74,0.129364
1239.32,0.123902
818.105,0.0817578
676.428,0.0676359
1258.1,0.125664
3150.24,0.314096
2682.37,0.268203
581.684,0.0578649
691.475,0.0691457
919.715,0.0919415
1025.16,0.102496
517.577,0.0517555
917.408,0.0916993
1289.59,0.128713
925.562,0.0925526
1448.56,0.144776
649.303,0.0649089
1503.47,0.15029
510.437,0.0510083
2244.68,0.224414
1573.18,0.15729
1035.63,0.103547
1276.55,0.127615
989.411,0.098903
1228.44,0.122828
2545.35,0.254292
591.679,0.0591635
1599.58,0.159854
1191.25,0.119025
1134,0.113377
714.25,0.0713761
1013.8,0.101362
769.62,0.0769208
1246.5,0.12459
1363.47,0.136295
1103.26,0.110295
977.199,0.097487
1513.08,0.15125
6346.67,0.632097
806.281,0.0806046
1315.01,0.126487
1455.37,0.145522
1080.88,0.10626
1136.01,0.113589
816.393,0.0815963
1250.47,0.124472
1683.24,0.168169
2927.92,0.292659
770.277,0.0770193
1180.1,0.117983
1302.04,0.130192
873.056,0.0872914
812.662,0.0812472
1119.59,0.111903
1363.19,0.136182
636.3,0.0636267
1020.05,0.102001
1976.78,0.197421
1135.42,0.113519
2624.18,0.26233
3002.13,0.300183
364.284,0.0364236
649.807,0.0648414
1444.35,0.144343
1516.54,0.151619
1054.6,0.105414
1219.78,0.121946
1640.64,0.164007
1228.53,0.122807
875.524,0.0873165
1142.3,0.113947
1170.71,0.117065
3535.32,0.352608
1044.36,0.104369
1322.75,0.132178
1508.51,0.150841
599.782,0.0599645
2567.53,0.256327
1024.09,0.102293
1228.47,0.122826
945.494,0.0945372
1476.07,0.147484
2818.57,0.28178
930.232,0.0929511
738.277,0.0738249
942.511,0.094169
1071.51,0.107099
1431.46,0.1431
1262.87,0.126149
1213.61,0.121302
1339.85,0.133692
1251.45,0.125108
1180.55,0.11798
726.736,0.0726076
1973.17,0.19718
2632.3,0.262869
859.293,0.0858503
713.263,0.0713035
1304.54,0.130437
818.031,0.0816884
2127.26,0.212626
1445.36,0.144437
8521.57,0.85004
2147.31,0.214681
1282.03,0.128169
1819.93,0.181828
1623.51,0.162168
1080.76,0.10807
1797.11,0.178612
1741.57,0.174003
1339.05,0.133894
1272.63,0.12782
2416.37,0.241602
1863.87,0.186383
892.444,0.0891899
1530.55,0.153019
559.069,0.0558848
8559.16,0.853991
849.72,0.0849556
892.968,0.0892753
870.015,0.0869953
588.441,0.0588127
1052.07,0.105178
1077.85,0.106135
1242.71,0.124252
5471.11,0.853083
754.644,0.0753987
2995.25,0.299428
3306.81,0.33022
772.472,0.077226
1342.09,0.134162
1188.53,0.118796
5116.56,0.511068
606.008,0.060572
1058.92,0.105878
2365.85,0.236442
768.558,0.0768539
826.03,0.0825802
1685.17,0.16838
1437.89,0.143778
1249.97,0.124955
2120.72,0.212019
5471.88,0.547062
782.277,0.0782004
974.972,0.0974858
627.094,0.062676
1481.71,0.148133
943.022,0.0942879
1013.75,0.101329
623.666,0.0623322
1204.37,0.12035
846.063,0.0845859
1109.93,0.110976
1269.89,0.126984
4340.38,0.433658
912.952,0.0912935
2098.88,0.209791
896.377,0.0896291
2748.89,0.274642
5753.14,0.574808
4360.01,0.434977
513.704,0.0513661
2076.41,0.207366
891.48,0.0883285
4548.38,0.452379
1637.21,0.16368
1548,0.15477
1858.46,0.185805
1036.97,0.10365
4254.37,0.420891
1426.64,0.142303
943.993,0.0943869
1639.94,0.163982
742.135,0.0741843
985.92,0.098572
1213.59,0.121253
1586.21,0.158575
789.665,0.0783226
1002.35,0.100153
1788.59,0.178776
1140.63,0.114052
1400.82,0.140047
1364.08,0.188404
759.008,0.0758602
1861.59,0.185865
2276.71,0.227406
665.575,0.0665533
1241.35,0.123954
1179.99,0.117982
1046.54,0.10454
1063.65,0.106252
1241.49,0.123918
2175.58,0.217336
3581.3,0.357833
1000.18,0.0998565
1209.33,0.120866
1358.91,0.135472
1059.83,0.105857
833.157,0.083312
1099.93,0.109967
2660.66,0.265941
866.077,0.0865219
1767.44,0.176667
706.86,0.0706567
1194.04,0.119385
1018.73,0.101861
34577.6,3.40457
1637.7,0.163734
2030.37,0.202782
2654.76,0.265293
1185.39,0.11847
1681.73,0.168099
1345.36,0.134306
1246.25,0.124505
1226.81,0.122649
2504.97,0.250415
1928.43,0.192802
3973.29,0.397091
658.095,0.0638509
1092.87,0.109237
853.047,0.0852595
637.946,0.0637216
907.433,0.090738
2345.55,0.234347
1590.98,0.158816
1289.79,0.128924
1336.53,0.133633
1026.3,0.102553
1081.37,0.107923
1028.42,0.102839
1069.36,0.106896
818.122,0.0817745
1394.23,0.139194
1278.15,0.127382
1196.46,0.119556
1401.28,0.139941
787.931,0.0787829
2475.35,0.247493
2611.49,0.261013
704.275,0.0703392
2448.93,0.244802
867.324,0.0867087
966.649,0.0965014
1530.92,0.153052
9760.58,0.970045
2157,0.215406
3498.18,0.349545
2256.86,0.22565
631.814,0.0631544
1203.79,0.120362
936.658,0.0936608
1089.71,0.108699
687.324,0.0686312
1105.25,0.110511
700.26,0.0700217
2578.14,0.257713
1010.57,0.101036
622.482,0.0621944
1077.6,0.107755
1222.72,0.122265
1890.38,0.189017
1347.22,0.134691
727.212,0.0727001
2483.02,0.247971
2123.59,0.212183
2916.23,0.291155
1209.64,0.120856
1473.07,0.147264
1328.71,0.132727
1223.88,0.122137
1309.43,0.130932
5432.43,0.542364
1545.05,0.154398
2332.62,0.233044
1854.26,0.185382
645.64,0.0645259
1395.66,0.13955
1448.93,0.144281
5728.57,0.57211
851.223,0.0850838
1837.72,0.183744
2534.9,0.253287
1315.86,0.131567
1344.65,0.134429
2322.15,0.232054
990.809,0.0990416
997.435,0.0997283
939.686,0.0939427
1646.64,0.164551
8015.05,0.800703
1623.83,0.162351
922.378,0.0921549
1126.42,0.112637
1191.97,0.119137
822.395,0.0821841
2192.77,0.219227
765.691,0.076517
686.664,0.0686586
2926.26,0.292552
738.247,0.0738153
795.411,0.0794484
1981.8,0.19812
961.822,0.0961591
995.201,0.0994641
835.379,0.0834979
1831.15,0.183067
969.175,0.0968101
655.314,0.0655229
2039.31,0.203785
1814.48,0.18137
1740.54,0.173824
591.27,0.0590746
762.745,0.0762603
857.807,0.0857215
1683.69,0.168218
788.868,0.0788539
1660.37,0.16589
838.652,0.0838502
947.811,0.0947673
721.748,0.0721259
1048.36,0.104796
1250.48,0.125025
1265.34,0.126341
1868.56,0.186791
647.23,0.0647028
1098.97,0.109889
1478.73,0.14763
6892.57,0.687311
2433.88,0.243187
1415.45,0.141164
1873.77,0.187275
861.902,0.0861461
1605.11,0.160178
3018.97,0.301752
1151.05,0.115016
1655,0.165485
1335.51,0.133513
857.195,0.0857131
7225.59,0.722335
7727.28,0.76997
3040.65,0.303473
1560.05,0.15591
682.938,0.0682921
1331.21,0.133112
1382.44,0.138208
1905.27,0.19051
1067.05,0.106617
1507.17,0.150379
1780.87,0.178068
2715.98,0.271551
1317.6,0.13175
2504.7,0.250242
1991.99,0.199013
2135.54,0.213453
1102.87,0.10994
1755.7,0.175563
1718.96,0.17182
1849.98,0.184918
1155.98,0.115459
1928.37,0.192249
1334.01,0.133389
785.534,0.0785214
1347.38,0.134723
1030.3,0.102974
1305.43,0.130209
1070.75,0.106994
614.045,0.0613775
1204.98,0.120476
983.752,0.0983642
2412.9,0.24108
1814.04,0.181347
835.107,0.0833883
1731.59,0.173131
3064.6,0.306032
1604.22,0.160363
1126.19,0.112612
706.645,0.0706558
1893.89,0.189271
1147.24,0.114698
713.634,0.071204
2241.62,0.223659
1736.26,0.173599
1243.7,0.124355
858.524,0.0858192
1255.19,0.125393
1104.58,0.110436
1677.74,0.167684
744.995,0.0744812
2233.45,0.223324
1288.18,0.1288
2383.75,0.237945
4713.42,0.471285
557.203,0.0557184
723.966,0.072382
1260.71,0.125922
724.029,0.0723802
1563.13,0.156248
925.272,0.0924917
1681.09,0.167975
1733.24,0.173294
886.707,0.0886578
869.808,0.0869734
844.736,0.0844696
1541.83,0.153998
716.689,0.0716644
3497.22,0.34963
2223.35,0.222296
1278.67,0.127814
1397.62,0.139724
1806.59,0.180587
1682.2,0.168158
521.872,0.0521709
707.071,0.0706028
6379.55,6.2386
854.277,0.0854056
1114.22,0.111315
767.517,0.0767445
943.169,0.0952714
717.922,0.0717893
1033.75,0.102785
1641.35,0.16409
2569.46,0.256769
1029.69,0.102918
1263.04,0.126271
1892.7,0.188798
1490.84,0.149017
1524.48,0.152423
989.95,0.0989347
847.954,0.0847906
1178.89,0.117779
5168.65,0.516535
591.521,0.0591515
1013,0.101278
818.779,0.0818559
1366.18,0.134752
1696.11,0.169516
1230.71,0.123069
1001.33,0.0998707
1649.21,0.164687
1750.61,0.174735
934.392,0.0933391
830.897,0.0830401
925.898,0.0925413
1888.99,0.188859
1242.34,0.124051
1641.2,0.164112
1699.18,0.169882
930.685,0.0930133
4405.35,0.440182
478.528,0.0478469
1204.18,0.120294
1367.06,0.136625
797.95,0.0797776
2707.14,0.270658
1143.64,0.114341
674.882,0.0674761
1284.02,0.128399
1522.44,0.152128
3308.42,0.330659
1203.25,0.119823
1133.21,0.1133
1459.71,0.145848
984.466,0.0984417
1123.53,0.112329
4062.51,0.405247
1090.62,0.109043
1582.41,0.158221
5230.92,1.41052
2475.27,0.247409
1429.76,0.142678
539.997,0.0538781
2509.07,0.250834
1394.46,0.138806
1883.1,0.188042
3350.74,0.334838
652.351,0.0651165
1004.18,0.100386
8220.12,0.69625
1592.36,0.159133
860.027,0.0859865
1476.64,0.147121
3287.53,0.328335
703.707,0.070363
613.412,0.0613409
1076.23,0.107602
1351.79,0.135023
2006.5,0.200478
881.884,0.0880682
2529.34,0.25289
14385,1.43712
881.893,0.0881607
1376.85,0.137637
1512.84,0.151252
16231.5,1.6177
1992.52,0.199116
1238.92,0.123864
2594.97,0.259362
2184.19,0.218234
2163.39,0.216184
1733.63,0.173316
967.148,0.0966164
904.789,0.0904746
1006.1,0.100591
1720.3,0.171891
1586.91,0.158621
1803.43,0.180155
1190.15,0.11892
977.272,0.0977142
1044.45,0.104353
1045.68,0.104567
2788.74,0.27877
1164.5,0.116349
886.272,0.0885442
617.655,0.0617642
891.539,0.0890753
1738.07,0.173763
1416.84,0.141608
1262.45,0.12603
991.477,0.0990567
1617.23,0.160391
1340.9,0.134013
1253.12,0.12529
1474.81,0.14726
1402.27,0.140154
1304.86,0.129942
637.25,0.0637008
854.36,0.0851995
1050.06,0.104983
2610.13,0.260767
941.918,0.0941661
1226.9,0.122592
714.911,0.0714864
1601.05,0.160037
1479.1,0.147883
2209.01,0.220332
924.962,0.0923793
1223.41,0.122296
1474.26,0.147411
1881.08,0.188073
1010.36,0.100997
1519.94,0.149509
1259.37,0.125801
1168.47,0.116825
1877.84,0.183966
1542.93,0.154147
985.044,0.0984963
629.887,0.0628832
1244.39,0.124434
934.978,0.093099
1673.54,0.167329
1449.52,0.144913
1597.4,0.159684
1351.28,0.135023
679.966,0.0679936
1049.39,0.104915
2581.51,0.257901
882.052,0.0880376
2982.23,0.297967
1014.4,0.10126
787.991,0.134707
849.137,0.0849061
2097.24,0.209659
1079.89,0.10721
575.503,0.0575234
1437.2,0.143646
1402.21,0.140084
1113.3,0.111306
1487.34,0.148674
1199.2,0.119866
812.721,0.0812374
1676.83,0.167651
710.263,0.0710212
1635.04,0.163418
1091.22,0.109083
1817.39,0.181649
5237.19,0.522897
665.744,0.066565
4624.08,0.461138
3971.95,0.396843
1716.14,0.171497
946.373,0.0946111
1287.42,0.128691
1142.6,0.114214
994.052,0.0992745
877.986,0.0877001
1284.06,0.128383
804.964,0.080483
1664.87,0.166458
1138.02,0.113677
1520.78,0.151963
754.991,0.0754483
766.618,0.0766539
1250.59,0.12497
3293.01,0.329267
1472.35,0.147077
786.234,0.0786029
1012.34,0.101112
979.563,0.0979478
3603.72,0.360255
965.715,0.0965187
578.676,0.0578577
1566.39,0.156573
986.97,0.0986412
975.035,0.0974861
1496.94,0.14927
2513.39,0.250797
414.755,0.041402
1300.8,0.129642
870.288,0.0869385
751.379,0.0748003
833.094,0.0832976
8405.12,0.839962
719.186,0.0719147
1169.64,0.116941
2122.63,0.212219
888.445,0.0888385
2287.86,0.227806
2324.96,0.232436
957.171,0.0956843
1075.55,0.107354
1223.99,0.122394
721.942,0.0721724
854.869,0.085409
874.944,0.0874249
783.421,0.0782969
907.745,0.0907515
1690.73,0.169047
866.403,0.0866353
1469.78,0.146936
1266.92,0.126196
1307.32,0.13069
1496.95,0.149688
512.434,0.0512222
939.407,0.0939308
1670.93,0.167027
1324.43,0.132416
1629.63,0.162944
915.127,0.0915
719.84,0.0719088
1025.35,0.102296
1473.52,0.147332
775.341,0.0774687
12741.9,1.26954
4415.85,0.441273
1258.17,0.125783
1263.77,0.126327
695.095,0.0694917
1509.68,0.150961
690.445,0.0690386
1847.66,0.184685
2122.43,0.212074
2922.8,0.292068
2696.76,0.269528
1885.67,0.188164
1683.46,0.168157
2070.49,0.207016
2370.06,0.236983
925.347,0.0925311
3438.16,0.34338
4858.66,0.484606
1118.25,0.111814
1398.16,0.139793
2870.1,0.286023
1197.62,0.119311
544.519,0.054405
731.725,0.0731507
774.119,0.0773891
1111.93,0.111156
2938.4,0.293686
1451.61,0.145145
1289.6,0.128907
2068.54,0.206825
1471.45,0.147035
4991.34,0.498096
887.004,0.0886967
1734.08,0.170602
1682.91,0.168049
1395.93,0.139528
751.205,0.0750989
1220.29,0.121995
4786.38,0.478399
961.654,0.0961516
4689.87,0.468177
954.643,0.0954297
1148.04,0.114754
551.263,0.0548929
998.44,0.0998405
1157.39,0.115735
1714.82,0.171421
820.148,0.0814855
843.065,0.0842378
2312.82,0.231181
1855.05,0.185488
10370.5,1.0348
1955.91,0.195568
4406,0.440258
840.816,0.0838632
1587.09,0.158612
805.135,0.0805084
663.765,0.0658541
686.491,0.0686005
706.378,0.0706093
561.388,0.0561083
713.369,0.0712948
907.965,0.0907567
982.18,0.0979401
1400.42,0.140013
1047.84,0.104775
2565.89,0.256182
1059.11,0.105737
1785.7,0.17852
586.246,0.0585112
2515.94,0.250307
1780.67,0.177807
1040.57,0.104047
911.517,0.0909527
2546.47,0.25456
1706.01,0.170584
1584.96,0.158242
1278.53,0.127682
863.982,0.0863885
706.643,0.0705656
2904.31,0.290363
627.624,0.0627552
896.174,0.0895267
1759.73,0.175946
1378.49,0.137816
911.144,0.0910693
890.163,0.0889453
1226.62,0.122651
1249.2,0.124874
729.347,0.0729016
714.377,0.0714286
1788.03,0.178635
732.394,0.0732326
11436.1,1.13905
957.817,0.0957693
2877.76,0.287683
936.033,0.093491
1317.92,0.132857
1744.2,0.17439
1278.1,0.127792
1046.7,0.101044
1781.49,0.177931
784.503,0.0784135
1685.57,0.168521
1271.72,0.127023
2081.24,0.207991
1376.14,0.137576
3316.61,0.331606
756.918,0.0756844
785.943,0.0785831
1593.32,0.158911
1521.52,0.151951
1208.85,0.120805
1348.97,0.134885
898.321,0.0896407
921.841,0.0921094
1594.29,0.159308
1065.22,0.106491
2106.52,0.210489
2377.8,0.237422
611.474,0.0602329
1294.18,0.129394
2902.86,0.290066
876.755,0.0876205
1282.78,0.12826
2707.53,0.270711
970.738,0.0970537
1550.49,0.155024
1106.99,0.110686
917.852,0.0917449
1446.01,0.144584
4163.13,0.415144
1590.54,0.158868
1027.75,0.10277
1226.56,0.122634
667.788,0.0667296
3343.73,0.334258
1312.23,0.131211
1286.63,0.128591
1794.34,0.179351
1053.71,0.105351
2436.78,0.243389
931.9,0.0930675
2610.17,0.260831
963.305,0.096095
1384.08,0.138355
982.966,0.0982712
879.17,0.0879062
947.752,0.0947123
1415.44,0.141428
749.707,0.0748893
879.341,0.0879258
875.549,0.0875386
2580.82,0.257766
1504.47,0.150418
1315.3,0.131484
1001.42,0.0999598
3527.66,0.352634
1324.36,0.13242
645.863,0.0645558
2893.74,0.289312
1011.02,0.101101
980.949,0.098035
881.987,0.0881588
1658.94,0.165869
2355.9,0.23556
7603.98,0.759022
1249.21,0.124883
697.097,0.0697032
1237.85,0.123683
890.174,0.0889851
706.995,0.0706982
2055.42,0.205488
859.026,0.0858766
1396.18,0.139592
684.395,0.0639147
1074.11,0.107401
1372.45,0.137235
960.721,0.0959453
1050.02,0.104993
1101.4,0.110053
2163.5,0.216314
2168.02,0.216731
1467.89,0.146756
894.393,0.0891355
899.396,0.0899249
1117.41,0.111683
801.33,0.0800506
1384.83,0.138297
1163.28,0.115168
736.187,0.0735394
7824.86,0.781752
1373.03,0.137173
811.496,0.0811163
1356.15,0.135611
1785.65,0.178492
1707.39,0.170708
1261.21,0.126051
1029.73,0.102932
2381.23,0.237381
989.626,0.0989416
869.455,0.0869029
592.521,0.0592419
919.871,0.0918885
1052.02,0.105106
1788.11,0.178715
832.311,0.0832285
681.283,0.0681156
654.832,0.0654817
5961.54,0.595621
1393.78,0.139319
713.035,0.071236
1146.09,0.114607
870.092,0.0869998
2628.96,0.262711
457.659,0.0457301
2268.7,0.226843
1584.01,0.15834
4602.34,0.460202
1144.28,0.114401
2039.4,0.20388
2564.52,0.256355
1059.57,0.102642
1093.25,0.10932
765.979,0.0765287
1596.76,0.159053
929.029,0.092874
5856.67,0.359165
9649.41,0.962548
745.296,0.0745046
625.582,0.0625391
1357.5,0.135728
1096.37,0.109604
1125.66,0.112562
766.596,0.0766582
1248.98,0.124873
2201.34,0.219886
851.185,0.0850661
2208.13,0.220733
1189.97,0.118913
1842.43,0.184097
972.508,0.0972403
560.519,0.0559941
1108.96,0.110884
1471.81,0.147171
1006.18,0.100383
1691.75,0.169159
2524.25,0.252008
802.931,0.0802494
669.442,0.0669397
2543.49,0.254288
2144.59,0.214041
1495.53,0.149452
1020.22,0.101999
6113.2,0.610196
1786.76,0.178669
931.557,0.0931448
6439.06,0.643651
4211.72,0.414325
1020.12,0.101842
1007.32,0.100598
1050.2,0.105016
1513.45,0.151327
966.247,0.0941418
1107.84,0.110768
1039.8,0.103916
954.449,0.0954193
609.341,0.0609112
1158.88,0.115879
1387.88,0.138696
905.471,0.0905287
971.715,0.0971198
6965.68,0.695136
1077.48,0.107101
1001.81,0.100135
794.612,0.0794597
1957.24,0.1957
610.943,0.0610739
2638.44,0.263418
1040.18,0.103915
790.918,0.0790687
915.441,0.0914971
2844.79,0.284306
3558.34,0.355689
975.641,0.0975332
2291.62,0.228521
1828.25,0.182775
805.219,0.0802614
1499.86,0.149813
1240.05,0.123977
1378.73,0.137853
2564.79,0.256393
1195.15,0.11947
1347.31,0.134658
4573.16,0.456821
825.628,0.0824395
1109.41,0.109731
1382.19,0.138154
1305.08,0.130424
1719.8,0.171938
2689.41,0.268886
800.032,0.079993
1016.31,0.101449
1011.01,0.100991
756.061,0.0755758
2283.55,0.228324
1173,0.117234
2527.16,0.252668
1265.55,0.126522
4411.77,0.438967
1596.47,0.159458
1289.12,0.128863
1917.89,0.191681
1981.89,0.183584
1294.67,0.129342
1784.17,0.178375
1860.91,0.186033
960.384,0.0960347
942.877,0.0940805
810.83,0.0810763
6054.15,0.605025
951.902,0.0951386
1141.81,0.114134
983.825,0.0983596
1942.17,0.19412
1207.63,0.120746
942.6,0.094258
1063.32,0.10632
777.682,0.0777489
18088.9,3.07959
1228.2,0.122709
1106.25,0.109917
1035.75,0.10331
1002.51,0.10024
1317.86,0.131722
1322.55,0.132172
1094.39,0.109433
1788.17,0.178812
4960.55,0.495692
2460.53,0.246004
1625.9,0.162507
1537.54,0.153729
2034.09,0.203261
1099.63,0.109915
2264.48,0.226291
6340.08,0.631949
2064.85,0.206408
1986.72,0.196573
840.203,0.0840011
661.92,0.0661692
1638.21,0.163588
832.422,0.0832408
876.299,0.087605
851.883,0.0849634
2217.5,0.221648
1308.39,0.130806
8774.39,0.876288
990.492,0.0989872
894.469,0.0894249
1984.83,0.198273
3023.05,0.301585
875.309,0.08753
5327.14,0.532109
994.162,0.0994031
5730.08,0.571841
1071.84,0.107171
2061.26,0.20607
2152.25,0.214942
881.043,0.0880881
1104.98,0.11039
916.692,0.0914095
825.488,0.0825439
1051.26,0.105112
3811.4,0.380432
542.432,0.0542355
861.804,0.0861614
779.907,0.077917
912.064,0.0912001
2257.34,0.225401
1083.06,0.108241
1586.12,0.157737
1548.97,0.154482
1232.82,0.123241
821.925,0.0821669
967.318,0.0966941
4135.01,0.413374
1210.1,0.120989
1186.43,0.118619
1720.14,0.171914
776.155,0.0776086
1597.5,0.159709
1712.65,0.171245
1340.01,0.13353
1720.96,0.173007
1831.68,0.182937
1178.53,0.117717
614.643,0.0614546
927.128,0.0927035
1012.96,0.101037
782.51,0.0782393
685.286,0.068501
1015.76,0.101543
3270.93,0.32681
1106.06,0.110568
1627.32,0.16253
1129.96,0.112934
639.763,0.0639653
1883.5,0.188317
779.206,0.0779074
3363.37,0.334659
902.87,0.0902676
1569.97,0.156804
2679.39,0.267808
829.391,0.0824622
767.867,0.0767776
2928.65,0.292797
833.944,0.0833704
791.718,0.0791702
751.222,0.0750882
960.603,0.0960141
1250.08,0.116654
699.739,0.069739
1981.51,0.198119
1787.92,0.177827
1239.38,0.123933
2146.49,0.213195
1007.81,0.100654
2464.62,0.246313
1854,0.185361
1546.77,0.154577
724.396,0.0724302
2802.49,0.280075
1761.5,0.176125
1130,0.112977
1243.77,0.123778
1528.97,0.152841
2288.68,0.228745
1067.85,0.10677
2074.16,0.20734
2730.77,0.272759
1192.12,0.119205
4532.83,0.45229
701.335,0.069387
1078.63,0.107753
4144,0.351076
880.744,0.0879958
903.262,0.0902266
1414.68,0.141138
788.331,0.0788263
1582.35,0.157652
1162.96,0.11626
849.419,0.0847193
952.779,0.0952569
1181.41,0.118128
1419.73,0.141199
836.562,0.0836433
1982.47,0.198213
784.798,0.0784747
790.228,0.0789805
497.492,0.0497291
4298.99,0.429727
965.078,0.0964644
742.932,0.0742878
1720.65,0.171528
855.187,0.0854931
1011.11,0.101077
1502.41,0.150207
940.486,0.094028
1352.86,0.135272
1926.98,0.192578
1316.54,0.131622
2238.98,0.223647
4954.75,0.495272
745.755,0.0744493
1231.22,0.123074
1380.82,0.137831
594.893,0.0593804
1065.8,0.106549
3363.29,0.33597
1022.17,0.101943
3429.01,0.342589
1377.46,0.1377
467.839,0.046783
847.638,0.084471
2019.06,0.201841
1440.22,0.143952
974.623,0.0973848
794.651,0.0794562
2738.9,0.27359
649.039,0.0648785
963.144,0.0961408
1327.94,0.132789
540.419,0.0540204
1870.87,0.186693
651.806,0.065175
909.762,0.0908915
1926.11,0.192552
1039.43,0.103865
933.178,0.0933069
1513.48,0.151332
1483.35,0.148234
1174.71,0.117437
951.984,0.0951796
11659.3,2.8861
1725.82,0.172258
1454.31,0.145361
1657.33,0.165663
791.736,0.0791645
1898.45,0.189299
1930.97,0.192928
1622.87,0.162273
1051.36,0.105079
657.619,0.0657266
2123.18,0.212279
993.957,0.0990827
5763.72,0.575799
1770.58,0.177051
882.047,0.0881398
1068.4,0.106822
753.007,0.0752414
908.884,0.0908673
2224.34,0.222191
2124.35,0.212174
2024.52,0.202383
759.579,0.0759431
1146.22,0.114587
1176.25,0.117539
1902.31,0.189985
1820.42,0.181679
1497.02,0.149689
7608.74,0.758768
2677.45,0.267672
1389.76,0.138939
2280.52,0.227897
1026.76,0.10265
1409.77,0.140716
933.288,0.0932155
2298.24,0.229623
729.577,0.0729504
725.236,0.07249
2031.55,0.203053
15365.1,1.53234
932.798,0.0932324
1130.84,0.113067
1093.87,0.109286
4981.29,0.497832
790.997,0.079096
1792.93,0.179168
1274,0.127386
1794,0.179397
1287.48,0.128734
1213.2,0.121301
1384.31,0.138339
662.931,0.0662753
654.614,0.0648633
554.702,0.0554698
936.012,0.0935695
597.875,0.0597743
2124.77,0.212209
1439.22,0.143911
1510.74,0.151063
911.949,0.0910612
1042.93,0.104271
1230.83,0.123064
622.215,0.0621834
1061.48,0.106135
1419.99,0.141595
5676.17,0.566912
1077.7,0.107757
1714.2,0.171256
3747.92,0.374645
1454.45,0.14543
1532.7,0.152782
794.875,0.0794818
968.78,0.0968749
431.879,0.043171
1742.51,0.174078
904.361,0.0903712
920.038,0.091872
2028.88,0.202505
1000.84,0.100077
1545.25,0.154494
1410.85,0.141039
1842.99,0.184156
859.809,0.0858418
3922.55,0.391786
6988.73,0.698519
628.551,0.0627234
931.537,0.0930513
729.74,0.072961
550.551,0.0550172
3582.41,0.358162
1157.8,0.115745
997.01,0.0996986
1324.74,0.132461
918.108,0.0918028
910.07,0.0909322
1550.4,0.156145
1587.84,0.158741
1460.74,0.145431
2168.94,0.216733
518.734,0.0518632
1110.35,0.111013
521.787,0.0520456
1236.41,0.123582
1068.5,0.106817
1161.24,0.116114
6162.34,0.61551
1079.84,0.107902
838.079,0.0838003
1893.2,0.189207
1441.84,0.143949
1698.4,0.169748
1725.55,0.172201
996.422,0.099631
2362.16,0.235647
1435.33,0.143489
762.613,0.0761766
9255.77,0.922828
1551.43,0.155113
7024.53,6.17825
1083.38,0.108293
2396.34,0.239331
562.976,0.0562849
864.915,0.0864844
1170.89,0.117073
4685.99,0.461842
1010.68,0.101049
1613.61,0.161353
1251.62,0.124785
1778.24,0.177668
827.088,0.0827033
1323.39,0.132173
827.837,0.0827491
931.533,0.0931039
875.4,0.0874854
1709.66,0.170948
1059.85,0.105927
983.705,0.0983531
1305.4,0.123884
2214.91,0.221439
2497.33,0.249529
782.051,0.0781049
842.631,0.0841511
761.891,0.075837
3652.82,0.36521
12746.6,1.26998
1483.11,0.148261
747.256,0.0747014
1240.36,0.12386
1318.91,0.131877
5250.66,0.523442
959.226,0.0958998
1522.22,0.152189
1597.93,0.159688
558.371,0.0558346
1682.07,0.167841
1241.04,0.124065
1982.83,0.198238
828.115,0.0828049
649.002,0.0648249
1233.56,0.12325
1457.88,0.145735
551.614,0.0551237
2461.76,0.246103
984.963,0.0984781
848.724,0.0847922
1493,0.149231
637.886,0.0637617
2979.58,0.297867
935.997,0.093568
1367.38,0.135649
1930.82,0.193053
1043.3,0.104302
1008.43,0.100803
855.256,0.085453
790.259,0.0790044
1355.18,0.135307
1321.84,0.131795
783.635,0.0783594
1616.38,0.161594
6137.4,0.613084
1556.05,0.155593
1033.65,0.103342
894.423,0.0894094
580.82,0.0580677
1014.93,0.101413
1451.35,0.145083
2230.48,0.222807
664.119,0.0663002
1121.25,0.112098
1592.8,0.159052
820.136,0.0819246
834.918,0.0833996
1133.42,0.113336
1064.9,0.106486
705.426,0.0705267
738.05,0.0734789
3052.49,0.30514
3052.27,0.305175
906.705,0.0906543
1156.87,0.115493
1914.66,0.191379
1249.84,0.1249
1375.04,0.137459
1183.79,0.118344
1093.91,0.10886
665.271,0.0663801
2829.86,0.282823
1121.29,0.111977
5163.68,0.515675
3443.51,0.344289
1939.44,0.19393
1075.96,0.107592
3760.35,0.375899
931.512,0.0931469
733.011,0.0732988
3640.11,0.363683
2486.7,0.248465
1871.24,0.186924
1046.44,0.104527
1728.05,0.172744
2069.78,0.206878
1604.5,0.160429
806.784,0.080638
1228.28,0.12281
492.351,0.0492331
628.273,0.0627861
1500.06,0.149912
1521.85,0.152117
19630.2,1.96035
1082.22,0.108218
2441.45,0.244063
2007.35,0.20061
3041.1,0.303849
1932.15,0.193149
1151.49,0.115063
1648.2,0.164745
3303.48,0.330207
1389.42,0.138912
980.712,0.0980409
1704.18,0.170244
1464.11,0.146273
1219.61,0.121881
2022.1,0.201345
1508.1,0.151783
2903.3,0.290203
1220.03,0.121755
1419.41,0.141413
1169.37,0.116905
2491.79,0.249014
5871.09,0.586212
704.593,0.0704465
625.864,0.062525
816.268,0.0816176
5580.15,0.557142
716.499,0.0716075
1431.1,0.14307
693.229,0.0693171
