EnergyDeposit(eV),LET(keV/um)
967.243,0.0967216
1869.57,0.186923
979.141,0.0978847
1060.87,0.105878
2667.33,0.265519
958.574,0.0958277
1796.49,0.179579
3238.21,0.323673
1000.4,0.100032
1190.72,0.118984
1073.44,0.107267
758.152,0.0757512
1003.92,0.100343
997.158,0.099628
1289.73,0.128929
1301.62,0.130157
1099.59,0.109897
1833.78,0.183335
1265.41,0.12649
1576.31,0.15709
2207.17,0.220664
6637.3,0.66076
784.446,0.0779687
1748.35,0.174816
1013.01,0.10122
925.005,0.0924551
978.891,0.0976714
1367.13,0.13668
1837.3,0.183442
2800.08,0.279938
2358.92,0.235855
1510.26,0.150755
575.837,0.0575807
755.463,0.0754982
2002.47,0.200213
1460.92,0.146051
778.847,0.0778685
1804.78,0.180451
988.313,0.0988277
984.283,0.0982291
1457.03,0.145593
905.566,0.0905554
1913.51,0.19109
594.511,0.0593801
1276.48,0.127604
1265.42,0.126478
1205.89,0.120229
1465.29,0.146478
850.898,0.0850314
5564.71,0.554704
920.934,0.092019
1295.01,0.129475
2829.23,0.282817
1015.93,0.101583
1867.61,0.186725
1635.74,0.163547
5100.96,0.509762
7193.07,0.716663
2588.87,0.258489
918.688,0.0918421
2033.55,0.203283
1776.07,0.177572
3529.8,0.352822
1020.69,0.102053
934.707,0.0934271
2176.85,0.217263
1048.77,0.104822
847.919,0.0847675
3097.67,0.309189
1551.24,0.155039
845.772,0.0845713
3904.84,0.389776
784.035,0.0780091
1004.45,0.100428
1796.85,0.179614
1651.5,0.165132
787.997,0.0787776
883.66,0.0883257
1477.28,0.147662
1288.95,0.121057
1568.32,0.156688
1224.25,0.122367
1773.58,0.177336
1671.71,0.167161
1879.62,0.187875
2251.32,0.225108
1125.03,0.112159
1400.26,0.139948
1265.09,0.126415
2244.33,0.224321
849.832,0.0849684
3559.92,0.355891
749.206,0.0748502
3178.12,0.316561
2905.91,0.290202
3125.58,0.312434
1172.74,0.117077
1069.04,0.106844
1141.86,0.11382
993.396,0.0991773
2733.53,0.27316
2028.74,0.202792
750.205,0.0747647
1651.13,0.164837
1120.9,0.112016
1421.02,0.14207
1825.11,0.182166
10183.8,1.01438
24869.4,2.46089
1754.88,0.175386
1555.41,0.155469
2402.27,0.239877
1422.64,0.142168
1098.34,0.109819
1642.57,0.163951
1105.98,0.110569
2764.6,0.276322
1382.76,0.138212
1159.15,0.115903
1785.57,0.178478
664.058,0.0663839
874.667,0.0874456
1796.67,0.179635
1333.22,0.133272
1430.46,0.143032
2319.59,0.231703
926.454,0.0926219
2750.87,0.274947
1740.44,0.173929
3342.17,0.334174
1172.79,0.117272
973.531,0.0973207
1386.73,0.13863
680.354,0.0679538
2049.86,0.204916
2863.09,0.285592
878.079,0.0848632
1187.71,0.118549
1126.57,0.112593
750.911,0.0750751
2322.32,0.232216
1334.63,0.133166
1846.17,0.184567
1150.15,0.114998
2132.3,0.21294
1011.98,0.101169
1132.36,0.113219
2719.25,0.271585
909.315,0.0909051
1410.23,0.140929
613.002,0.0612878
776.433,0.0775839
1668.29,0.166813
1141.95,0.114185
1577.26,0.157615
14920.7,3.13979
933.633,0.093315
1518.68,0.151829
1508.06,0.150535
1437.28,0.143658
483.495,0.0483424
1424.63,0.142386
1399.02,0.139898
1065.92,0.106583
913.703,0.0913636
1164,0.116113
1542.42,0.151318
1012.41,0.101055
1773.51,0.177313
458.541,0.0458493
2630.42,0.262856
646.217,0.0645991
1463.23,0.146219
1430.18,0.142986
949.375,0.094916
986.002,0.0985491
950.876,0.0950567
2046.92,0.204599
1674.02,0.167263
8397.11,0.837839
2800.35,0.279952
1211.26,0.121078
1135.41,0.113456
1840.61,0.183607
898.233,0.0898043
538.288,0.0538152
1289.36,0.128915
1433.12,0.143301
2033.59,0.203335
2018.33,0.201694
1452.33,0.145219
634.393,0.0634344
818.746,0.0817673
2703.5,0.269655
949.935,0.0949916
1150.53,0.114908
1566.83,0.156605
1000.26,0.100016
1102.08,0.110145
5728.92,0.571584
1745.27,0.17451
891.486,0.0891351
1709.55,0.170647
4635.25,0.463307
784.192,0.0784075
5728.4,0.572626
1302.03,0.130081
1238.56,0.123782
1300.13,0.129986
950.504,0.0949738
2301.26,0.23006
743.295,0.0743217
802.77,0.0802464
1400.94,0.139393
1070.94,0.107042
3819.73,0.381711
1436.05,0.143507
1753.9,0.17532
878.205,0.0877678
2459.97,0.245811
1216.73,0.121651
1550.34,0.154985
1043.68,0.104343
1417.89,0.141737
2358.34,0.235546
2546.4,0.254592
2910.83,0.290869
1287.04,0.128505
1339.24,0.133658
1235.89,0.12303
3051.17,0.305074
578.423,0.0578407
1240.68,0.124031
1588.94,0.15883
700.231,0.0700176
2380.81,0.237755
1407.2,0.140612
1188.48,0.118784
975.307,0.0974961
1676.38,0.167527
1225.33,0.122471
1188.04,0.118677
1027.39,0.102685
1292.35,0.129217
751.801,0.0742524
3470.66,0.34685
2321.6,0.232137
10429,1.04211
4420.6,0.441913
768.391,0.0766298
1891.25,0.188914
1019.58,0.101924
1153.21,0.11523
1105.94,0.110292
863.278,0.0862858
1822.35,0.182201
1608.28,0.160663
1299.02,0.129874
647.465,0.0645851
627.93,0.0627555
11101.1,1.10674
3698.32,0.369718
1734.87,0.173473
1660.71,0.165995
1657.13,0.165326
1362.9,0.136212
7027.55,0.695589
1443.95,0.143618
1024.72,0.102464
1006.4,0.10062
813.454,0.0808222
1141.01,0.114061
1514.79,0.150955
1455.95,0.145488
5179.81,0.517304
816.064,0.0814761
1392.26,0.138648
1903.63,0.189276
721.594,0.0721515
2440.67,0.244002
2851.64,0.284994
1430.88,0.142912
604.181,0.0603882
518.197,0.0518189
1020.99,0.10207
1681.72,0.168135
850.471,0.0849778
1349.04,0.134894
924.917,0.0924613
1230.62,0.122839
914.813,0.0912709
874.065,0.0873151
1031.22,0.103105
1200.13,0.119847
1719.29,0.171695
1351.56,0.135145
1395.74,0.13939
1525.8,0.152557
999.965,0.0999476
2566.59,0.256529
1314.88,0.131461
1388.47,0.138795
1004.01,0.0998634
1076.91,0.107623
1099.89,0.10998
515.316,0.0515295
978.668,0.0977104
1191.37,0.122367
1139.46,0.113931
1528.52,0.152665
1062.64,0.106253
1817.55,0.18162
2713.34,0.270997
796.636,0.0796617
1245.66,0.124545
1524.81,0.15247
706.855,0.0706685
800.348,0.0800213
748.316,0.074826
1362.86,0.136185
4976.98,0.49747
1287.91,0.128759
1068.49,0.106771
2172.04,0.217003
1116.97,0.11154
5784.6,1.4117
1472.87,0.147126
1657.87,0.165697
2640.9,0.259671
1054.43,0.1054
1135.09,0.113143
3599.8,0.359832
1090.52,0.108992
2136.09,0.213535
1200.04,0.119819
1567.58,0.15665
1426.04,0.141825
759.641,0.0758376
1158.8,0.115827
893.57,0.0893383
860.511,0.0860437
793.866,0.0793843
2401.25,0.2399
1250.75,0.124983
1072.63,0.107247
2482.62,0.247929
1024.41,0.102431
852.931,0.0852828
1109.95,0.110911
1218.84,0.121862
1142.34,0.114038
1739.45,0.173898
816.258,0.08152
866.1,0.086547
957.192,0.095683
746.223,0.0742594
1135.61,0.113507
843.421,0.0843341
4657.34,0.465666
10496.2,1.17481
514.527,0.0514417
1232.53,0.123232
1017.82,0.101633
947.763,0.0945249
4539.59,0.453739
1671.85,0.167095
959.809,0.0959179
2730.24,0.272833
3090.71,0.308852
2368.85,0.236733
1569.81,0.156948
2085.82,0.208347
752.258,0.0752241
1611,0.161021
1305.93,0.13058
919.224,0.0919187
1009.23,0.100884
957.717,0.095732
4478.99,0.447489
2318.87,0.231813
1171.69,0.117083
3051.21,0.304947
1192.16,0.118763
1143.66,0.114363
741.737,0.0741598
982.309,0.0980673
970.051,0.0969398
442.715,0.0442544
1343.57,0.134342
1271.06,0.127082
9792.46,0.978342
2224.35,0.222226
831.175,0.0830874
973.357,0.0973075
755.006,0.0754625
982.334,0.0982098
1752.97,0.175233
1226.75,0.122628
2898.03,0.289328
1029.37,0.102903
546.363,0.0545748
2791.27,0.279055
966.618,0.0966229
1483.25,0.148304
826.823,0.0826783
1553.08,0.155114
964.314,0.0963862
725.391,0.0719624
1043.78,0.10437
1578.42,0.157811
917.014,0.0916901
1067.98,0.106758
717.16,0.071432
1383.27,0.138271
819.378,0.081923
3901.12,0.390039
1471.43,0.147024
6773.87,0.677079
1886.63,0.188654
1915,0.191474
1189.39,0.118869
8621.82,0.860114
4246.74,0.424336
6408.96,0.640802
918.286,0.0918038
1318.31,0.131818
524.741,0.0524487
1391.01,0.13892
1054.94,0.105339
2793.24,0.279239
2078.92,0.207851
1346.67,0.134569
1106,0.110462
778.639,0.0778603
1131.25,0.113119
2557.13,0.255698
733.623,0.0733439
5467.49,0.546345
1770.95,0.176679
1659.18,0.165695
1180.68,0.117983
2998.74,0.299827
1009.85,0.100627
845.746,0.0843593
749.325,0.0749204
1656.21,0.165062
1511.94,0.151153
933.432,0.0932682
1151.23,0.114867
1445.77,0.144526
513.656,0.0513531
826.978,0.0823573
1874.67,0.18727
2662.19,0.26603
1219.21,0.121902
1211.43,0.121093
869.157,0.0869028
682.813,0.0682264
2446.31,0.244492
916.486,0.0916407
536.002,0.0535769
518.597,0.0517879
611.975,0.0611802
4453.05,0.444823
871.608,0.0871492
4877.62,0.487422
1287.15,0.127988
662.868,0.066267
1668.29,0.166818
1271.91,0.127177
988.44,0.0987333
3734.34,0.373006
10493.5,1.04291
874.852,0.0874541
1211.2,0.121098
3956.24,0.395582
1078.91,0.107507
777.79,0.077774
734.293,0.0733555
1171.09,0.116948
1637.5,0.16372
1094.55,0.109433
767.048,0.0766921
1531.7,0.153153
2302.59,0.230182
962.359,0.0962273
1243.3,0.124257
940.186,0.0938351
477.472,0.04774
4501.55,0.447845
1032.31,0.102474
4715.41,0.471079
2292.63,0.229147
735.682,0.073556
1487.1,0.148657
951.809,0.0951758
621.88,0.0621763
1270.2,0.126995
908.394,0.0907938
1193.49,0.119205
2627.5,0.262516
1168.01,0.116629
1201.48,0.120069
1479.83,0.147789
1335.46,0.133539
1397.99,0.139742
1361.41,0.136113
1242.88,0.124244
1132.67,0.11322
4808.42,0.479944
964.598,0.0964241
780.405,0.0780219
989.833,0.0989397
1447.04,0.144658
8020.28,0.801556
703.933,0.0703415
2565.67,0.254741
717.127,0.0716929
696.392,0.0696248
1355.34,0.1355
1415.17,0.141347
1338.26,0.133723
1105.3,0.110371
671.283,0.0669509
2079.21,0.207635
876.687,0.0876137
1132.81,0.112933
547.947,0.0547804
2351.67,0.235138
1546.05,0.154541
810.914,0.0810854
1244.15,0.124406
875.851,0.0870512
804.488,0.0804424
850.776,0.0849893
700.163,0.0699004
11167.4,1.11445
957.431,0.0957416
1868.33,0.186789
2553.26,0.255022
1003.4,0.100284
1154.43,0.115242
1321.49,0.132098
2191.48,0.219099
3840.83,0.38403
2966.36,0.296565
3045.09,0.304292
5294.96,0.529374
6605.26,0.659362
1969.79,0.196864
3449.4,0.34491
1058.81,0.105868
982.644,0.0982074
723.475,0.07208
1240.67,0.123922
1753.7,0.175178
3385.75,0.338303
2101.73,0.210164
1557.85,0.155773
1911.65,0.191139
762.124,0.0761898
559.23,0.0557524
1091.55,0.10914
1757,0.175619
809.975,0.0809814
1617.43,0.149869
935.902,0.0935763
2987.48,0.298688
1580.35,0.157972
1213.49,0.121317
1638.24,0.163762
640.01,0.0639928
762.193,0.0762073
1389.25,0.138874
995.869,0.0995759
1475.66,0.147547
1066.86,0.106611
903.417,0.0903384
1198.62,0.119784
1181.44,0.117662
1016.22,0.101617
3734.85,0.372825
971.543,0.0971491
1405.07,0.140284
997.859,0.0995439
1076.32,0.107619
2193.21,0.219243
988.238,0.0987348
1453.6,0.145252
2429.69,0.24284
862.429,0.0862166
825.051,0.0823686
821.404,0.0820812
1361.23,0.135932
1030.23,0.102933
1474.33,0.147332
948.481,0.0948218
904.387,0.0900685
1663.38,0.166221
1146.98,0.114656
918.792,0.0918606
910.225,0.0910126
754.601,0.075452
2355.23,0.235249
4242.46,0.423634
900.885,0.0900836
2742.77,0.27418
834.94,0.0834159
739.082,0.0738776
1448.7,0.144762
1628.82,0.162851
835.222,0.0834157
2040.2,0.203774
2146.75,0.214415
2019.91,0.201672
3913.42,0.390988
1138.83,0.113494
1345.91,0.134564
3249.19,0.324636
856.5,0.0856455
4415.21,0.441208
1222.21,0.122164
832.948,0.0832804
1615.38,0.161434
888.717,0.088849
1949.17,0.194878
2480.75,0.24802
1186.04,0.118536
1002.71,0.100267
1090.88,0.109003
665.358,0.0665238
1120.29,0.112004
585.221,0.0584037
1537.37,0.153638
3379.69,0.337876
1143.72,0.114321
4534.07,0.453194
982.908,0.0982836
884.246,0.0883666
1000.79,0.100072
1604.63,0.160321
1370.84,0.137057
1088.43,0.108784
994.996,0.0994076
943.439,0.0943318
1207.59,0.120736
1473.78,0.147332
891.66,0.0891479
1038.09,0.103422
1115.14,0.111501
4296,0.429048
737.63,0.0737592
1184.23,0.118419
1657.74,0.165103
793.422,0.0793173
1428.11,0.142722
1127.08,0.112637
1084.98,0.108345
659.663,0.0658762
1381.22,0.138067
955.355,0.0953586
781.62,0.0779662
980.276,0.0977017
7865.81,0.784996
1360.88,0.13606
4044.72,0.404347
447.684,0.0447302
992.929,0.0992874
1292.95,0.129219
1562.23,0.156019
888.104,0.0887142
1238.2,0.123686
1616.11,0.161471
1300.61,0.130006
3229.99,0.322369
1127.77,0.11257
852.831,0.0852552
1394.78,0.139434
722.294,0.072135
1311.59,0.131154
2485.08,0.248315
1818.5,0.181729
945.253,0.0944667
1217.52,0.121734
1430.09,0.143003
1706.98,0.170621
697.693,0.0696449
1329.44,0.132915
1535.31,0.153495
1242.62,0.124074
1531.11,0.152905
3261.31,0.325997
706.068,0.0705915
935.893,0.0935548
553.056,0.0552148
1209,0.120817
1565.27,0.156441
760.489,0.0759474
2013.95,0.201279
3997.42,0.39927
908.335,0.0908117
12184.4,4.54955
1466.05,0.146514
1260.63,0.126044
689.468,0.0688411
1790.16,0.178954
1522.99,0.152277
963.059,0.0962689
4730.98,0.472514
1249.33,0.124915
1364.98,0.136476
990.287,0.0989911
1183.7,0.118316
1355.11,0.135491
2405.07,0.240013
2094.15,0.209352
880.183,0.0879738
2757.6,0.275588
727.047,0.0726951
967.002,0.0965903
2295.09,0.229483
1065.81,0.106508
1420.06,0.141816
1476.19,0.147572
6050.28,0.604674
1384.72,0.13837
2011.68,0.197475
992.628,0.0992393
861.417,0.0860599
2482.34,0.248166
1352.58,0.13497
726.52,0.072592
943.573,0.0943381
1322.53,0.132148
755.16,0.0755101
1485.46,0.148492
4252.36,0.425167
1002.08,0.100186
892.402,0.0888346
1437.28,0.143662
1075.19,0.107452
898.823,0.0897833
886.454,0.0886339
760.766,0.0760606
1299.51,0.129936
762.039,0.0761787
1391.92,0.13913
2574.65,0.257124
954.298,0.0954089
1362.25,0.136146
3341.31,0.333971
1235.03,0.123498
1516.63,0.151632
1461.38,0.146055
1165.79,0.1164
1100.33,0.109985
1272.8,0.127254
803.484,0.0803225
8652.26,0.859139
1495.98,0.14944
887.596,0.0887574
1243.22,0.124202
880.919,0.0879778
2196.05,0.219597
2484.28,0.248301
1887.55,0.188581
1528.76,0.152504
922.318,0.0921965
655.76,0.065551
1341.81,0.134158
1237.3,0.123685
1956.2,0.195541
835.754,0.0833312
1636.9,0.163165
1604.91,0.157843
1894.77,0.189464
1040.73,0.1038
1067.95,0.106769
847.504,0.0847469
785.09,0.0785009
1498.83,0.149865
1429.94,0.142855
1237.38,0.123694
2986.2,0.298429
903.063,0.0902358
879.978,0.0879847
1118.49,0.111829
2658.3,0.265716
2596.45,0.259213
803.256,0.0800783
1132.76,0.113232
1971.38,0.197106
609.952,0.0609743
1962.7,0.196256
1388.85,0.138853
1055.27,0.105462
1264.22,0.126394
843.195,0.0842632
1483.9,0.148347
1130.43,0.113013
721.451,0.0721414
860.26,0.0860137
1172.89,0.117223
1270.06,0.126981
1783.98,0.1783
979.53,0.0979224
1046.52,0.104633
2579.05,0.257801
979.731,0.0979684
2985,0.298422
2746.85,0.326816
1220.54,0.121823
1133.37,0.113318
1760.28,0.175965
1191.62,0.119142
1151.78,0.115145
9188.24,0.918267
2939.88,0.293962
1173,0.117273
1042.08,0.104204
960.033,0.0951734
1255.6,0.125462
10166.2,1.01365
1945.24,0.194491
2502.9,0.25021
2692.36,0.26907
3156.1,0.315452
3402.81,0.340156
914.819,0.0914533
993.821,0.099357
911.213,0.0911075
836.542,0.083651
1420,0.141775
944.869,0.0944325
758.561,0.0732395
14382.6,1.43057
1065.02,0.106493
1141.02,0.114088
1367.59,0.136688
1592.52,0.159175
1520.97,0.152092
829.03,0.0828925
1669.5,0.16676
772.439,0.0771441
990.613,0.0986112
987.899,0.0987131
1750.41,0.175
1370.92,0.13707
1591.99,0.159096
1341.38,0.134109
1468.99,0.146799
1178.98,0.117861
828.763,0.0827815
3006.43,0.299507
649.436,0.0642423
2680.68,0.26785
9157.94,0.913411
1136.69,0.11366
12195,1.2183
1227.77,0.122747
893.841,0.0893145
782.035,0.0781983
4365.53,0.436349
894.582,0.0891633
960.518,0.0960249
733.972,0.0733956
766.333,0.0766192
1133.61,0.11334
1704.31,0.169934
928.817,0.0928416
1036.19,0.103105
987.591,0.098716
1498.03,0.14969
1690.18,0.168955
677.939,0.0677634
1044.2,0.104341
1375.74,0.137501
2033.3,0.203303
880.984,0.0880217
1814.47,0.181428
1399.64,0.13338
699.898,0.069961
1080.81,0.108027
534.98,0.0534721
1956.62,0.195545
1066.17,0.10661
2014.93,0.20119
2121.39,0.211735
1061.45,0.10614
846.251,0.0845339
2527.18,0.252626
1777.42,0.158144
605.214,0.0604875
1257.59,0.12574
7376.45,0.736468
3114.52,0.310216
2799.7,0.279828
2215.97,0.22126
1270.68,0.127043
2013.16,0.201245
1346.9,0.134624
956.796,0.0956692
1162.78,0.115804
1496.59,0.149621
2318.71,0.23145
1800.48,0.179993
1887.47,0.188661
562.215,0.0562046
2921.63,0.291814
771.137,0.0770804
1032.35,0.103178
811.991,0.0811953
3573.75,0.357104
2176.79,0.217657
780.026,0.0779978
910.341,0.0910189
745.379,0.0744298
1646.52,0.164562
696.776,0.0696654
1229.91,0.122929
1717.96,0.171721
1287.03,0.128479
1853.77,0.185146
1229.17,0.122872
1011.11,0.100953
1005.5,0.100426
946.771,0.0946365
1118.92,0.111791
1680.2,0.16792
679.687,0.0679257
1464.63,0.146272
1968.6,0.196853
9281.24,0.925204
8934.55,0.883515
880.363,0.088029
960.693,0.0959317
1158.08,0.111991
1891.3,0.189099
3101.85,0.310063
1046.44,0.101499
1957.56,0.195657
916.907,0.0916732
926.126,0.0925631
1359.01,0.135837
672.043,0.067016
1703.27,0.170238
764.165,0.0762318
2193.64,0.218636
1072.59,0.107238
1048.68,0.104857
1420.49,0.141999
1960.08,0.195973
1354.92,0.135426
898.297,0.0897612
1301.62,0.130088
1220.03,0.121912
1011.21,0.101112
1379.34,0.137816
838.407,0.0838141
916.466,0.0916305
1225.14,0.12251
1282.29,0.128152
1520.94,0.151933
1085.11,0.108408
1149.54,0.114945
2451.1,0.24496
824.4,0.0824272
898.472,0.0897976
805.4,0.0804532
1437.91,0.143778
12037.2,1.20112
1435.43,0.142876
4115.38,0.411286
756.014,0.0755105
2125.51,0.212252
1529.72,0.152965
1002.58,0.100227
1276.88,0.127511
977.008,0.0974311
1098.86,0.109884
3916.96,0.391626
609.756,0.06095
1842.36,0.184199
1551.25,0.154699
3470,0.346237
1212.23,0.121126
2795.43,0.279074
809.035,0.0809005
3532.58,0.35303
1729.3,0.172921
1279.97,0.127978
2090.3,0.208963
4229.17,0.42239
873.834,0.0873776
814.606,0.0814279
676.208,0.06762
1710.68,0.170508
1289.3,0.128786
1388.09,0.13871
1152.33,0.115217
2686.9,0.268286
1235.58,0.113732
1402.63,0.104989
2292.48,0.229169
1327.27,0.132679
1330.69,0.132956
1146.57,0.114539
1433.38,0.143304
1286.3,0.128527
923.629,0.0923245
1169.91,0.116976
799.039,0.079877
1140.52,0.110983
1253.74,0.125246
2554.96,0.254917
707.978,0.0707845
1230.89,0.12302
924.247,0.092411
1105.13,0.110421
1008.02,0.100754
1544.81,0.154432
1923.67,0.192317
977.246,0.0977177
1230.17,0.116395
3737.8,0.373478
3536.74,0.353143
625.525,0.0624198
4048.78,0.404506
1333.04,0.132891
1113.78,0.110238
928.278,0.0928111
1096.73,0.109664
2377.31,0.2377
1141.24,0.114012
2309.84,0.230655
1051.78,0.105149
539.737,0.0539722
962.654,0.0962321
1105.84,0.110571
1953.69,0.195271
790.609,0.0790595
761.061,0.0760649
1233.69,0.123074
1715.68,0.171299
1353.79,0.135373
5116.58,0.511082
964.096,0.0963928
1217.33,0.121704
980.009,0.0979151
1511.67,0.151115
1574.3,0.1574
1779.39,0.177906
895.401,0.0895391
1060.76,0.106071
1511.69,0.150693
1113.23,0.111265
1224.1,0.122405
1477.67,0.147484
1324.88,0.132413
1021.09,0.101919
1623.83,0.162181
1080.4,0.107827
977.456,0.0977276
1266.93,0.126618
1556.26,0.15559
1543.35,0.154324
823.411,0.0823332
1328.6,0.131627
707.357,0.0707317
1615.9,0.161558
1296.54,0.129467
587.43,0.0586765
1616.58,0.16158
1324.38,0.132147
1246.11,0.124515
1279.3,0.127592
2951.59,0.294759
933.038,0.0932677
1118.82,0.111868
1613.16,0.161207
1430.95,0.143057
2390.72,0.238756
660.694,0.065937
2490.49,0.248655
1010.05,0.100983
945.479,0.0944469
879.003,0.0878811
869.192,0.0868842
787.752,0.0787215
1422.04,0.142052
2195.6,0.219503
1356.84,0.135636
1130.6,0.112873
1449.04,0.144896
776.634,0.0776265
1060.15,0.105972
1916.53,0.191586
1283.29,0.128312
721.309,0.0721226
2254.01,0.225263
2073.75,0.121784
992.449,0.0992384
1469.03,0.146837
1216.59,0.121628
1069.36,0.106824
1378.35,0.137826
1303.19,0.129565
1101.27,0.110056
1143.03,0.114214
963.176,0.0962164
1264.62,0.12541
886.661,0.088642
968,0.0967432
2594.47,0.25939
1030.7,0.102964
1012.12,0.101207
751.359,0.0750213
983.726,0.0983632
1164.02,0.116327
1620.26,0.161994
298.898,0.0296316
3605.98,0.360399
740.549,0.0740262
1299.96,0.129976
1134.51,0.113448
965.349,0.0965208
1590.93,0.158845
2795.66,0.279119
605.984,0.0605241
1485.18,0.148026
1450.68,0.145043
703.081,0.0702747
1898.54,0.18972
1581.11,0.158061
2448.59,0.244741
877.698,0.087744
1999.21,0.199781
7739.07,0.773304
1920.45,0.191879
901.299,0.0900832
1042.39,0.104152
7506.26,0.749595
1498.99,0.149855
1944.69,0.194279
2104.33,0.210268
866.464,0.0865907
797.764,0.07976
3618.62,0.361082
2619.56,0.26159
815.134,0.0814915
764.973,0.0764958
1165.85,0.116569
1794.14,0.179355
1674.55,0.167439
2543.5,0.254266
2044.5,0.204249
4319.05,0.42956
3868.99,0.386552
888.329,0.0888123
927.309,0.0927284
1212.65,0.121248
753.621,0.0753311
959.898,0.0958582
1021.74,0.102144
709.936,0.0709913
973.581,0.0973537
793.804,0.0793221
1068.18,0.106771
515.943,0.0515908
787.074,0.0785528
1197.8,0.119761
1614.7,0.161368
1343.01,0.134259
1371.44,0.136981
1844.84,0.184468
1152.88,0.115176
2883.19,0.288296
1126.17,0.11241
1325.59,0.132543
1456.3,0.145609
3184.78,0.316623
967.724,0.0967685
1973.15,0.197086
2783.89,0.278272
1578.79,0.157673
986.295,0.0985485
2205.81,0.22023
1326.78,0.13266
1286.55,0.128619
2356.03,0.235543
685.458,0.068489
1379.28,0.137897
944.954,0.0944878
6067.24,0.6041
3388.29,0.338207
2599.72,0.259887
1254.55,0.125276
983.392,0.0983069
1866.34,0.186588
1202.11,0.119999
817.435,0.0815612
1597.04,0.15968
4666.07,0.466146
1900.12,0.189885
1418.91,0.141874
942.493,0.0942071
2497.82,0.249635
968.392,0.0960374
1348.95,0.134793
1850.98,0.185013
989.243,0.0989057
903.737,0.0901841
2531.47,0.25296
607.388,0.0607335
1027.71,0.102711
1685.33,0.168517
2809.74,0.280796
790.614,0.0790089
749.857,0.0749566
4188.75,0.418448
612.534,0.0612302
610.889,0.0609986
1648.67,0.164834
1581.72,0.157993
5210.41,0.51949
1097.14,0.109708
966.021,0.0965784
1036.42,0.103625
1987.75,0.198685
850.931,0.0850354
1682.51,0.167967
1140.52,0.113989
1772.57,0.177126
746.161,0.0745843
565.357,0.056498
1005.68,0.100511
3058.66,0.305522
3632.9,0.363027
1086.25,0.10862
1036.28,0.103399
1345.83,0.134485
1866.49,0.186635
893.044,0.0887292
1064.15,0.106412
2139.78,0.213945
1128.71,0.112652
1755.88,0.175258
984.519,0.0984171
908.15,0.0904087
1086.2,0.108595
1357.88,0.13566
1135.45,0.113445
894.588,0.0894502
1010.72,0.101046
627.647,0.0627446
1068.77,0.10684
1231.73,0.123118
931.667,0.0931225
3767.46,0.376449
1772.98,0.177275
1046.84,0.104681
818.923,0.0818591
2492.08,0.249116
973.1,0.097266
1377.42,0.137713
1582.17,0.15776
1081.26,0.108073
1118.51,0.111844
1046.24,0.098181
5062.1,0.506055
1998.18,0.199654
624.807,0.0624776
4332.43,0.432954
1598.86,0.159855
2379.48,0.237638
959.368,0.0958072
885.651,0.0885504
1037.33,0.103561
2341.03,0.234052
1898.9,0.189412
1424.6,0.142288
956.462,0.0952232
1855.43,0.185483
986.675,0.0985608
3467.61,0.346651
883.47,0.0883429
944.116,0.0943621
3188.42,0.318732
2003.8,0.200342
1063.9,0.106382
1540.66,0.154046
1342.6,0.134224
1929.36,0.192881
854.072,0.0853582
1503.74,0.150333
3185.8,0.318189
3358.21,0.335464
527.185,0.0526167
1355.27,0.134158
1917.93,0.191435
691.49,0.06881
867.9,0.0866969
1150.58,0.114978
2561.03,0.256047
1846.02,0.184568
2177.36,0.217708
1848.12,0.184688
1283.77,0.128352
1422.64,0.142178
2010.15,0.200823
1125.9,0.111702
1184.54,0.116508
804.39,0.0804253
1376.11,0.137533
1094.29,0.109418
1296.51,0.129618
1094.8,0.109477
950.387,0.0950246
1432.78,0.143219
1558.37,0.155813
790.228,0.0790196
871.982,0.0870843
943.653,0.0943445
2497.58,0.249605
562.585,0.0562568
3711.22,0.36833
1115.37,0.111494
846.664,0.0846129
2131.79,0.212514
1361.58,0.136054
784.484,0.0784299
1471.68,0.146961
1946.4,0.194612
943.509,0.0943305
1063.85,0.106312
1188.19,0.11881
2172.21,0.217193
1490.73,0.149017
1004.66,0.100416
2349.93,0.23438
1631.24,0.16285
911.073,0.0910814
722.777,0.0721391
1051.98,0.105158
750.036,0.0749724
1225.65,0.12253
986.103,0.0986033
1284.21,0.128396
1201.46,0.119715
969.576,0.0968755
1094.71,0.109457
922.812,0.0921401
875.932,0.0875556
976.873,0.0975438
1943.58,0.194128
1867.04,0.186627
1443.66,0.144327
474.097,0.0473082
738.344,0.0738048
716.32,0.0716218
1165.79,0.116091
875.025,0.087499
1043.78,0.104355
962.966,0.0962858
1321.73,0.132166
931.738,0.0931008
1111.85,0.111166
1039.33,0.103517
709.352,0.0721477
759.575,0.0759485
2279.85,0.227903
1238.58,0.123447
1083.55,0.102696
3265.01,0.326457
1132.65,0.113192
1103.67,0.110263
1525.89,0.152546
1323,0.132247
1012.5,0.101198
936.334,0.0933476
1035.92,0.10352
1570.08,0.156953
1618.17,0.161775
1093.38,0.109189
1245.96,0.124576
2336.93,0.233661
405.214,0.0405203
1060.58,0.105956
2408.03,0.240631
901.054,0.0900173
811.254,0.0811004
2168.21,0.216753
5434.94,0.543372
571.218,0.0570965
1457.55,0.145704
1254.39,0.125428
849.366,0.0849297
1047.78,0.104773
1244.12,0.124403
573.745,0.0573581
793.382,0.0793127
1418.48,0.141829
478.16,0.0477819
1913.95,0.19107
1213.36,0.120904
1325.12,0.132457
823.425,0.0823162
1385.83,0.138495
1801.59,0.180136
1264.57,0.1264
573.908,0.0573552
7211.9,0.715924
772.342,0.0772081
868.211,0.0868138
1362.5,0.136141
1415.98,0.141504
418.774,0.0418772
1898.96,0.189871
1269.08,0.126904
3247.46,0.324699
2674.44,0.267383
6001.57,0.599535
1097.98,0.109709
2298.44,0.22973
2097.68,0.209596
642.198,0.0642138
1802.17,0.180195
1728.13,0.172751
590.574,0.0588505
1243.78,0.124364
1412.32,0.141218
1390.82,0.139047
3173.75,0.317354
1099.64,0.109904
913.244,0.0908747
1003.57,0.100337
3143.06,0.313911
3963.22,0.396243
816.577,0.0816203
761.818,0.0761625
783.23,0.0783192
805.663,0.0805655
981.616,0.0981133
1390.69,0.139021
8875.29,0.886978
1788.33,0.178769
1953.94,0.195322
1713.58,0.171298
1041.14,0.104098
9432.32,0.938078
1679.61,0.167915
589.346,0.0589321
1228.19,0.122794
994.984,0.0992375
1091.36,0.109091
1669.73,0.166937
880.681,0.0880547
590.61,0.059054
1799.5,0.179561
1161.26,0.116094
880.292,0.0880139
1851.76,0.185146
1095.98,0.109504
1303.95,0.130373
786.668,0.0786029
971.236,0.0971075
835.433,0.0835078
1105.12,0.110408
1914.65,0.191239
1004.13,0.10037
7244.58,3.46492
1197.84,0.11895
2997.03,0.299224
968.605,0.0966441
1087.61,0.108723
9034.92,0.902115
711.733,0.0711559
1579.47,0.157925
597.926,0.0597577
678.304,0.0678234
2464.84,0.246297
1620.68,0.162016
1630.62,0.163017
1596.46,0.159616
1076.7,0.107647
782.862,0.0781529
1735.8,0.172971
2176.6,0.217561
1303.03,0.130286
6030.59,0.60276
1297,0.129548
3685.89,0.368151
1795.51,0.179396
1661.71,0.166079
1360.63,0.135634
1418.33,0.141792
722.64,0.072244
664.136,0.0663966
678.206,0.0678159
864.332,0.0855847
1393.59,0.139325
635.144,0.0635035
1098.53,0.109788
1085.01,0.10841
4110.15,0.41086
1105.16,0.110207
2060.8,0.206049
1646.2,0.164545
1414.63,0.141373
3457.67,0.345542
1025.52,0.102459
998.138,0.0997891
1237.54,0.123662
1215.64,0.121418
1138.96,0.113878
1550.14,0.155003
591.166,0.0590865
709.058,0.0708783
1299.48,0.129815
1094.29,0.109311
835.109,0.0834939
1870.24,0.186966
1311.3,0.131038
2756.36,0.275505
1291.75,0.129054
863.225,0.0863086
786.4,0.0786343
1820.01,0.18122
1003.38,0.100309
2718.31,0.271318
1182,0.118137
1743.67,0.17431
2335.61,0.233476
1161.75,0.115923
5998.57,0.599656
1123.28,0.112289
1601.03,0.160072
1613.9,0.161342
878.601,0.0878163
1451.67,0.145124
3443.43,0.343744
794.899,0.0794768
909.009,0.0908957
1094.71,0.10937
1519.34,0.151893
1163.85,0.116375
949.674,0.0947653
854.498,0.0854092
1017.22,0.101557
1226.91,0.122553
1455.32,0.145503
1856.41,0.18554
1138.52,0.11377
1948.18,0.194536
2929.14,0.292211
1372.86,0.13713
966.025,0.0965939
565.403,0.0562949
971.591,0.0971413
2525.01,0.252446
1864.65,0.186179
973.391,0.0972222
787.507,0.0787363
1053.81,0.105358
625.908,0.0625783
454.496,0.0453929
1798.52,0.17576
1205.76,0.120537
1567.28,0.156703
689.77,0.0689489
2017.23,0.201464
1603.01,0.160127
752.359,0.0752335
878.578,0.0877941
1256.42,0.12562
1800.62,0.179994
1486.17,0.148589
1166.07,0.116551
917.074,0.0916774
8732.04,0.871286
885.134,0.0884999
1423.59,0.142114
2410.8,0.237261
1340,0.133939
1871.92,0.186847
1174.67,0.114305
947.04,0.0946998
2679.41,0.267848
1611.87,0.161006
1103.01,0.110258
1631.53,0.163115
780.021,0.077997
1403.21,0.140248
3270.09,0.3269
1742.28,0.174155
1039.48,0.103941
1979.88,0.19797
864.874,0.0864375
877.231,0.0877144
2326.59,0.232369
1801.82,0.180046
967.275,0.0966586
967.952,0.0966942
6181.14,1.36
1368.56,0.136655
1346.22,0.13452
1859.53,0.185898
754.445,0.0753902
803.55,0.0802976
1403.97,0.14007
1826.42,0.182588
1099.19,0.109909
2106.92,0.210647
908.66,0.0908637
902.773,0.0902427
790.669,0.0790409
5943.92,0.593704
1390.66,0.138901
626.921,0.0626557
1106.98,0.11069
1739.8,0.173895
1010.63,0.101014
1262.75,0.126219
604.503,0.0604353
643.841,0.0642667
5765.25,0.576031
1448.01,0.14478
3604.96,0.360347
1011.92,0.101087
2208.29,0.220782
1129.96,0.112306
939.938,0.0939816
849.019,0.0848814
1717.59,0.170864
1582.36,0.158047
2498.5,0.24922
1110.15,0.110973
3149.02,0.314684
1679.97,0.16797
846.834,0.0846757
1044.95,0.10446
1019.83,0.101953
1212.91,0.121229
2273.39,0.227299
607.718,0.0606622
721.208,0.0719371
876.035,0.0875917
781.495,0.0781401
1462.49,0.146209
1143.12,0.114256
1577.2,0.15771
4090.38,0.407963
2112.16,0.211149
1276.29,0.134077
724.985,0.0724955
958.75,0.095817
961.005,0.0960557
1541.64,0.153953
1119.47,0.111695
1452.32,0.145216
1052.08,0.105194
2321.92,0.231732
759.638,0.0758251
1910.97,0.190878
1054.44,0.105437
776.041,0.0775295
2840.37,0.283979
1260.96,0.121242
2132.21,0.213197
1153.47,0.115256
1027.32,0.10266
1305.84,0.130558
708.715,0.0705875
1046.38,0.104627
792.087,0.0790929
1790.17,0.178996
1868.97,0.18682
929.036,0.0928741
1430.65,0.143058
1208.26,0.120747
1339.73,0.133533
2790.16,0.278425
2502.68,0.249517
1707.34,0.170498
928.802,0.0928476
939.052,0.0938958
983.124,0.0979423
710.279,0.0710222
681.139,0.068072
844.285,0.0841512
926.846,0.0914877
1176.19,0.117592
2171.74,0.216996
1393.73,0.139332
804.374,0.0804198
3837.04,0.383497
1289.94,0.128969
4753.38,0.474179
6594.19,0.65799
1128.54,0.11285
657.029,0.0656944
1099.62,0.109948
1091.43,0.109048
2257.45,0.224896
973.288,0.0973235
932.3,0.0931301
3379.41,0.337561
1488.16,0.147576
842.019,0.084198
2271.06,0.226797
4547,0.453887
1188.2,0.118779
799.84,0.0799337
629.923,0.0622513
2097.36,0.209716
984.483,0.0983645
1635.33,0.163482
2105.94,0.210459
888.995,0.0888939
553.447,0.0553188
1860.6,0.185978
1476.1,0.147443
1122.01,0.113485
1094.47,0.109384
503.325,0.050325
900.966,0.0900797
1152.85,0.115281
937.124,0.0937078
3300.78,0.329658
740.094,0.073881
1810.23,0.180969
1579.85,0.157744
1239.57,0.123879
1636.51,0.163432
1198.78,0.119735
1403.13,0.140183
921.059,0.0920944
974.634,0.0973775
2890.34,0.288969
960.946,0.0956797
2620.02,0.261729
935.783,0.0933893
2158.95,0.215074
747.969,0.0747015
1005.79,0.100568
3390.31,0.338638
1170.04,0.116986
1475.18,0.147435
976.409,0.0975881
2287.82,0.228644
838.434,0.0837991
902.982,0.090295
1201.09,0.120076
1677.71,0.167414
980.713,0.0980344
2053.06,0.205252
1384.15,0.13833
1335.95,0.133447
939.068,0.0928515
928.858,0.0927535
2807.65,0.280463
1219.03,0.121359
1599.03,0.159866
1226.67,0.122649
2266.3,0.226563
1455.68,0.14551
1813.15,0.181172
1113.05,0.111287
1269.91,0.12698
1399.98,0.139665
2001.21,0.200091
846.25,0.0846166
5290.38,0.528677
777.516,0.0776802
1815.28,0.180819
1454.17,0.145129
922.575,0.0922303
1506.57,0.150619
956.543,0.0956243
1271.13,0.125584
1086.27,0.108619
1346.49,0.134565
980.111,0.0979048
1104.79,0.110386
2283.59,0.228316
1250.54,0.123795
1082.68,0.108214
1545.51,0.154328
703.022,0.0702834
1984.23,0.198402
8590.09,0.857184
1532.66,0.15324
2136.37,0.213588
1852.65,0.185212
1036.4,0.103633
3816.06,0.380786
2098.65,0.209658
672.129,0.0672097
1642.18,0.163778
720.117,0.0719686
2647.41,0.264435
1162.9,0.116149
874.709,0.08745
3141.62,0.313769
877.652,0.0859866
656.699,0.0656607
1313.14,0.131195
2622.36,0.262203
1741.56,0.174117
1087.9,0.108705
3569.13,0.354546
1028.91,0.102802
2089.17,0.208862
1518.41,0.15169
769.137,0.0769104
844.53,0.0844511
1777.89,0.177764
2031.77,0.203062
3354.33,0.335065
828.185,0.0828085
1564.16,0.156349
856.764,0.0856507
774.566,0.0774227
978.921,0.0978585
1129,0.112892
769.839,0.0769635
1126.72,0.112659
821.004,0.0820779
1498.38,0.149688
2018.85,0.201736
1076.84,0.107676
820.845,0.0820322
1472.27,0.147193
1101.79,0.110155
793.883,0.0793791
622.757,0.0622736
543.586,0.0542771
822.31,0.0821074
1174.85,0.117439
1073.8,0.10641
2068.16,0.206774
8885.05,0.888342
952.601,0.0952521
1627.67,0.162597
2099.01,0.2098
602.364,0.060195
1213.69,0.121131
2863.15,0.285905
1044.32,0.104414
1420.44,0.141987
836.995,0.0836239
1560.77,0.155989
1760.22,0.175851
1475.74,0.147453
9804.92,0.976428
1612.75,0.16125
1764.7,0.176383
2556.17,0.255448
1367.63,0.136714
2652.1,0.264894
1560.43,0.155948
1215,0.121386
2957.48,0.295714
1489.67,0.148001
797.539,0.0797472
2211.7,0.220545
1259.9,0.125912
3814.08,0.381068
1297.08,0.129053
2709.64,0.270811
849.141,0.0848918
2640.88,0.264044
1692.93,0.169194
2943.15,0.294268
2814.06,0.281037
1555.42,0.155516
842.122,0.0824402
2473.04,0.247295
1426.53,0.142553
2387.55,0.238608
1075.12,0.107498
1381.04,0.138033
4011.75,0.280692
948.095,0.0947583
652.111,0.0652101
1797.62,0.179741
667.66,0.0667403
1058.33,0.105762
1441.26,0.144045
1256.36,0.125611
1173.51,0.117275
1138.15,0.113709
1707.12,0.170666
978.5,0.0977527
1043.67,0.104352
1010.64,0.101029
1874.29,0.187418
1141.56,0.114102
6703,0.669732
1229.61,0.122561
1266.73,0.126531
972.037,0.0971817
778.34,0.0777992
1053.21,0.105302
783.339,0.0783203
1327.99,0.132597
1372.3,0.137122
624.455,0.0624444
872.52,0.0872116
1120.35,0.112023
1558.06,0.155762
787.222,0.0786867
1892.49,0.189236
1923.34,0.192275
1645.58,0.164483
1875.24,0.187285
1780.62,0.178041
1667.38,0.166458
1335.41,0.133471
1414.93,0.141345
926.191,0.092614
628.44,0.0628324
856.178,0.0856008
2959.82,0.295859
1096.45,0.109413
4626.51,0.462282
1358.35,0.135786
2196.67,0.219421
2055,0.205413
676.981,0.0676514
2001.76,0.199169
974.636,0.0974512
1187.62,0.118758
1118.28,0.111808
732.91,0.0730748
3096.88,0.307045
895.495,0.0895189
1420.3,0.14198
2320.61,0.23203
1862.49,0.186228
1940.2,0.193763
2374.66,0.237229
989.233,0.0988331
9429.01,0.934769
1989.72,0.198731
853.104,0.0852958
569.848,0.0569843
2358.44,0.235711
931.325,0.0930521
1359.87,0.135914
5024.92,0.50169
2801.89,0.280079
632.907,0.0630548
1377.09,0.137621
3247.04,0.324597
748.668,0.0748534
775.386,0.0775284
1165.22,0.116491
7115.05,0.711148
871.049,0.0870913
986.412,0.0982738
841.997,0.0839569
863.201,0.0862686
3470.33,0.346654
838.632,0.0838518
959.973,0.0959722
1500.24,0.149889
2469.66,0.246943
542.987,0.0542917
2215.05,0.221456
875.99,0.0875856
1572.99,0.157108
1511.21,0.151097
945.146,0.0945031
1289.8,0.128818
714.028,0.0713989
827.185,0.0827151
1795.76,0.177273
3131.59,0.313121
1105.24,0.110471
1621.99,0.162152
2795.56,0.279484
814.956,0.0809938
1539.79,0.153962
1830.49,0.182764
1065.13,0.106452
3690.56,0.368994
1380.52,0.138026
2014.75,0.201231
1972.88,0.196671
1431.47,0.143023
6815.16,0.680079
2635.34,0.262764
1007.61,0.100726
1172.45,0.117237
8046.57,0.803041
1088.28,0.108769
2240.42,0.223928
2191.9,0.219107
814.262,0.0813917
1937.72,0.193486
731.797,0.0731181
5666.19,0.561084
2125.85,0.212489
1148.53,0.114804
4518,0.450052
1032.57,0.103215
2536.08,0.253394
4373.65,0.437243
1652.09,0.164898
774.661,0.0774338
509.817,0.0509762
1191.21,0.119114
1155.1,0.115374
1340.64,0.134026
812.751,0.0806934
917.056,0.0916843
1234.21,0.123384
1516.77,0.151649
798.373,0.0797424
607.926,0.0605903
1290.07,0.128674
1173.17,0.11731
1059.03,0.105846
744.188,0.0743313
1021.48,0.102076
3492.09,0.348639
1019.1,0.101859
1383.18,0.138163
1732.8,0.173256
2897.82,0.289711
1356.67,0.135621
1544.09,0.154331
2238.36,0.223675
1182.92,0.11826
755.762,0.0754404
4092.25,0.409029
1146.15,0.114593
2138.05,0.213701
1638.7,0.163472
921.027,0.0920779
938.73,0.0938463
1285.87,0.128517
1183.86,0.118224
2416.18,0.241496
1817.38,0.181682
582.662,0.0582506
1830.15,0.182998
1067.39,0.106479
1043.39,0.104335
1019.72,0.101919
944.025,0.0943546
1578.25,0.157807
1209.1,0.120864
1213.4,0.12129
1419.27,0.14187
874.829,0.0873909
2027.95,0.202753
1341.12,0.134011
1123.6,0.112334
3098.18,0.30979
1785.42,0.178518
1210.03,0.120942
3788.26,0.378259
810.665,0.0809832
5186.09,0.516434
1308.15,0.130708
995.477,0.0993926
2233.03,0.223275
1260.93,0.125926
1863.34,0.186309
1187.42,0.118732
1173.02,0.117291
1881.67,0.188103
1385.75,0.138543
1046.65,0.104635
1507.99,0.150744
1343.44,0.134305
1213.51,0.121234
891.197,0.0891137
6183.03,0.615882
1085.96,0.108571
793.637,0.0793166
2663.67,0.266169
1041.7,0.104025
398.37,0.0398307
1648.8,0.164836
1570.63,0.156989
1028.51,0.102327
1212.33,0.121208
1930.23,0.1928
577.242,0.057719
1498.79,0.149837
2244.04,0.224102
1553.06,0.15517
998.184,0.0996982
1729.51,0.172711
784.732,0.0784282
940.441,0.0940356
5414.91,0.541328
1189.83,0.118575
1369.75,0.136953
961.07,0.0960857
905.108,0.0904655
1097.03,0.109427
1187.72,0.118614
1177.31,0.117684
1886.24,0.188572
5342.33,0.534063
1584.75,0.158457
1291.64,0.12914
952.438,0.095174
1307.77,0.130753
830.874,0.0830661
2926.37,0.292484
591.461,0.0590878
1713.82,0.171371
1700.97,0.169732
1275.76,0.127411
1503.34,0.150189
1787.99,0.178796
1136.06,0.113582
642.48,0.0642416
885.254,0.0885138
2327.2,0.232622
1442.3,0.144131
2073.25,0.207301
749.432,0.0749138
1698.47,0.169821
611.41,0.0611158
6029.86,0.599935
833.971,0.0833744
619.303,0.0619281
865.206,0.0865114
3321.67,0.331988
1514.86,0.151424
1506.53,0.150599
1208.71,0.120746
1232.49,0.123051
1791.12,0.179063
550.124,0.0549887
931.811,0.0929668
2179.88,0.217651
3015.89,0.299568
1369.64,0.136923
1477.17,0.14759
1010.32,0.100162
918.079,0.0917541
2239.72,0.223543
815.242,0.0812852
1412.16,0.141189
1219.78,0.121795
1196.19,0.119546
783.06,0.0783027
1956.18,0.19555
750.946,0.0750803
986.636,0.0986132
2085.4,0.2084
704.547,0.0704505
1388.86,0.138364
886.633,0.0885586
1343.54,0.134328
1486.06,0.148119
1049.38,0.104923
1310.49,0.130758
1106.68,0.110657
958.115,0.0956543
1562.51,0.156124
1095.37,0.109505
516.117,0.0516059
913.192,0.0913089
795.007,0.0794853
1169.41,0.116785
15379.8,1.534
1135.01,0.113468
2801.3,0.279832
2345.75,0.234546
1410.26,0.14102
2619.12,0.261883
1298.91,0.12982
1499.51,0.149812
1029.32,0.102905
1322.3,0.132204
1198.46,0.119772
2037.87,0.203574
1585.87,0.158043
2224.62,0.222315
661.731,0.0661622
1250.53,0.124998
980.749,0.09807
1539.31,0.15388
7053.95,0.703238
2509.33,0.250918
640.408,0.0640118
2124.13,0.2123
869.179,0.0868731
1738.57,0.173556
2939.27,0.293918
2790.04,0.278975
1664.06,0.166064
4022.07,0.401184
14038.8,1.40321
5401.18,0.539695
1363.41,0.136315
1277.99,0.127777
1448.01,0.14439
1181.75,0.118149
1004.63,0.100381
1680.34,0.167818
1112.72,0.110341
2567.45,0.256652
1195,0.11927
923.261,0.0922999
1520.29,0.151939
716.818,0.0716574
856.773,0.0856644
984.228,0.0983554
715.1,0.0714741
1280.86,0.128047
1344.08,0.134341
808.841,0.0808792
2738.99,0.273055
1181.31,0.118088
773.857,0.0773762
1176.68,0.117645
2142.58,0.21406
1006.52,0.0996498
1510.44,0.151017
2448.49,0.24376
2169.4,0.216878
4184.73,0.416575
465.41,0.046469
1420.62,0.138425
1055.97,0.105593
1070.9,0.107071
1189.51,0.118871
2148.69,0.214813
935.785,0.0935744
1747.09,0.174681
2912.5,0.291118
1190.82,0.119063
980.441,0.0978931
1973.79,0.197262
718.606,0.0718259
904.475,0.0904183
1066.85,0.106595
1201.52,0.12011
1892.42,0.189079
3640.21,0.363975
997.391,0.0997159
2680.49,0.265786
1412,0.141135
1149.2,0.11491
1063.8,0.106372
823.27,0.082274
2098.85,0.209863
13510.8,1.34489
895.636,0.0895568
1425.18,0.142471
1145.03,0.114488
750.028,0.0749993
5046.01,0.504066
1812.93,0.166907
485.012,0.0484534
854.5,0.0853515
1106.57,0.110634
1194.17,0.119408
1610.44,0.160941
1186.82,0.1185
1364.75,0.136436
1086.68,0.108634
1158.33,0.115736
3009.36,0.299763
1026.88,0.102683
982.028,0.0981907
1297.31,0.129719
1460.76,0.145916
1198.5,0.119584
386.692,0.0386582
1126.96,0.1125
1135.64,0.11356
1792.91,0.0913955
4869.67,0.485474
1550.13,0.154822
727.017,0.0726957
2510.34,0.250857
952.915,0.0952786
2050.38,0.20495
1944.67,0.192063
611.247,0.0611156
1451.18,0.145001
575.607,0.057517
855.61,0.0855583
1911.75,0.191008
1362.71,0.136254
986.763,0.098602
2653.21,0.265191
519.996,0.0519971
2397.56,0.239165
3367.89,0.336774
997.57,0.0997504
1028.44,0.102841
872.713,0.0872577
2283.05,0.228246
2123.64,0.212317
1066.66,0.106641
6277.13,0.624023
1170.99,0.117048
896.102,0.0895966
877.307,0.0875435
937.07,0.0936877
1699.09,0.169448
2716.04,0.271549
1228.07,0.122765
4151.29,0.414651
722.195,0.0721731
2542.88,0.253916
727.971,0.0727532
1747.29,0.174694
1142.52,0.111003
1259.32,0.125583
1236.3,0.123565
1887.32,0.188301
710.201,0.0709837
871.367,0.0871347
1048.46,0.104814
1645.08,0.164323
1194.53,0.119192
2017.47,0.20169
800.953,0.0800914
841.976,0.0841861
6811.77,0.681051
1332.59,0.133205
1444.97,0.144211
1027.39,0.102727
1106.03,0.110599
1157.78,0.115463
924.945,0.0924669
1287.85,0.128761
2224.68,0.222356
1736.6,0.173646
631.49,0.0631203
1679.6,0.167938
1025.83,0.102489
5446.99,0.544453
1188.47,0.118837
1438.45,0.14375
1585.35,0.15851
2314.7,0.225094
1870.43,0.186851
2692.07,0.269106
1311.75,0.131053
2688.53,0.268822
939.573,0.0939323
1133.48,0.113339
929.962,0.0928719
1067.88,0.106307
1377.53,0.137705
1156.41,0.115624
1296.71,0.129635
1100.14,0.109112
1650.11,0.164819
4446.71,0.444218
926.325,0.0918513
734.67,0.0734341
729.47,0.0729205
2079.5,0.207834
2299.09,0.229855
1046.62,0.104625
930.896,0.0920792
682.231,0.0679751
1560.72,0.155608
919.654,0.0918675
1452.37,0.145191
1268.24,0.126696
1608.24,0.160762
1317.47,0.131604
1296.22,0.12956
659.235,0.0658207
3682.59,0.367795
2079.87,0.207371
871.623,0.0870962
1778.56,0.177841
1113.07,0.111267
925.052,0.0925015
2994.73,0.298902
1180.42,0.117924
2120.89,0.212049
864.007,0.0863257
1290.34,0.129014
1240.08,0.123985
1677.38,0.167731
1688.7,0.168832
1340.19,0.133981
933.849,0.0933179
3728.14,0.372499
3431.67,0.342799
642.681,0.0642622
1423.9,0.142176
1777,0.177401
1023.88,0.102376
2640.45,0.263855
753.491,0.0753272
693.199,0.0693121
2311.62,0.230595
1118.92,0.111835
969.889,0.096896
5176.72,0.516629
784.6,0.0784545
3642.64,0.362913
570.71,0.0570608
965.003,0.0964659
1029.46,0.102885
1185.18,0.118459
921.62,0.0921289
3998.74,0.399525
941.386,0.094121
1084.76,0.108459
740.439,0.0739703
1223.02,0.122276
976.08,0.0973978
1491.49,0.149133
1063.24,0.10631
816.33,0.0815756
2252.52,0.224893
2254.86,0.224416
1765.21,0.176459
764.454,0.076246
1310.6,0.130927
1735.46,0.173534
2983.64,0.298281
901.14,0.0900679
694.088,0.0693887
2703.08,0.270124
1260.09,0.125796
3270.66,0.32671
2633.83,0.263268
1267.74,0.12651
924.539,0.092445
823.514,0.0823399
1170.82,0.116329
1039.88,0.103831
915.101,0.0914941
804.829,0.0800233
6652.48,0.66477
2714.27,0.271378
631.734,0.0631529
3065.46,0.306434
1620.31,0.161937
1012.06,0.101019
1306.27,0.130622
856.761,0.0856566
987.57,0.0986745
4509.97,0.45047
1804.62,0.180364
657.968,0.0657685
1848.82,0.184867
2443.8,0.243944
1038.39,0.103814
1827.46,0.181986
1072.47,0.107206
944.114,0.0944069
3374.87,0.336851
2205.12,0.220493
1063.62,0.106355
1379.44,0.136923
1425.07,0.142389
1454.85,0.145473
1112.36,0.111207
757.824,0.0757769
751.336,0.0751162
973.422,0.0973398
1467.01,0.14655
1120.66,0.111991
1576,0.157325
873.809,0.0873753
824.489,0.0824214
1327.08,0.13249
2963.73,0.296226
864.377,0.0864324
1501.68,0.15009
1797.09,0.179577
1028.35,0.102832
2822.03,0.282019
973.395,0.0973084
544.628,0.0544445
1475.46,0.147533
2876.65,0.287523
806.156,0.0806084
1136.47,0.113627
1963.5,0.196328
730.144,0.0730128
1083.57,0.108319
1075.59,0.107498
960.514,0.0957355
2299.28,0.229896
921.729,0.092083
1561.57,0.156118
627.448,0.0627377
2607.25,0.26063
1883.89,0.188101
1271.24,0.127026
2157.37,0.215236
755.322,0.075511
989.494,0.0988907
1345.04,0.134466
2250.6,0.225049
687.496,0.0676481
1302.17,0.130213
2012.84,0.201189
570.883,0.0568847
1420.82,0.142041
737.129,0.0736562
2486.02,0.248522
1174.62,0.117138
2198.46,0.219783
1457.87,0.145777
966.615,0.0966499
954.985,0.0954954
2756.36,0.275397
854.425,0.0852894
924.302,0.0922613
834.186,0.0834081
835.216,0.0834975
1212.51,0.121216
1882.68,0.188248
723.974,0.0719855
2554.72,0.255419
2349.74,0.234936
2053.26,0.205155
664.568,0.066373
3869.31,0.386637
1233.98,0.123357
1084.97,0.108488
1188.53,0.118648
571.279,0.0570758
424.601,0.0424546
1407.27,0.140691
940.369,0.0940215
850.053,0.0849886
1708,0.170755
1801.56,0.179857
726.777,0.0726658
1579.13,0.157881
1277.7,0.12775
958.475,0.0957769
1367.62,0.136681
1388.35,0.138814
2615.81,0.261083
1044.39,0.101268
1091.08,0.108802
1572.41,0.157211
1290.22,0.12797
1640.2,0.163912
585.239,0.0585099
7927.03,0.772232
701.596,0.0701027
949.229,0.0948881
773.987,0.0773973
1320.62,0.132041
1977.04,0.197638
1135.25,0.113425
3196.49,0.319312
528.35,0.0510946
941.485,0.0940874
4787.07,0.477936
1015.94,0.101586
891.29,0.0891186
815.173,0.0815013
1079.31,0.105005
1213.84,0.121341
1041.62,0.104021
1408.53,0.140821
1092.45,0.10914
765.901,0.0765888
932.467,0.0931992
2468.34,0.266045
2702.73,0.270219
347.684,0.0347459
4123.27,0.405621
855.776,0.085569
1047.48,0.104737
487.101,0.0486701
987.673,0.0987651
2771.66,0.277064
1951.29,0.194632
2757.37,0.275566
910.956,0.0907927
805.746,0.0805565
609.218,0.0609195
967.791,0.096554
3832.28,0.383108
516.458,0.0516289
1565.08,0.155599
1139.77,0.113955
1209.17,0.120909
2310.11,0.230695
675.261,0.0674658
2753.31,0.275274
7171.17,0.715443
1217.3,0.121263
1095.3,0.109205
1559.72,0.155885
1587.17,0.158507
2035.44,0.203305
1147.83,0.114774
1897.83,0.189482
8317.95,1.66012
2320.68,0.231864
1712.77,0.171187
1043.12,0.104299
960.415,0.0960352
7825.1,0.781852
1265.01,0.126479
905.378,0.0904167
1080.21,0.107868
1375.08,0.137491
1248.16,0.124577
1340.34,0.133362
1232.16,0.12316
1180.69,0.118
1470.25,0.147018
1614.43,0.161406
885.31,0.0885118
987.741,0.0987293
1169.68,0.116777
975.362,0.0975234
1673.96,0.166131
1438.03,0.120554
1765.95,0.17638
761.254,0.0761066
1471.14,0.146728
1916.06,0.191581
1116.84,0.111602
1904.09,0.190355
2757.97,0.275385
2763.73,0.275833
2206.85,0.220663
918.891,0.0915792
1695.95,0.169583
987.479,0.0986236
1376.26,0.137596
724.469,0.0724041
3290.96,0.328556
761.578,0.0761454
977.72,0.0977253
1394.48,0.139324
1056.83,0.105653
1660.81,0.165997
862.385,0.0862259
1663.37,0.166329
1029.17,0.102754
952.114,0.0951966
1509.91,0.149928
2224.29,0.222317
736.264,0.0735665
2092.73,0.208873
1028.06,0.102799
1183.44,0.118086
2320.7,0.232019
722.68,0.0722318
5378.88,0.537529
1951.31,0.195092
1184.23,0.11822
768.367,0.0768339
1032.45,0.103242
1258.2,0.125611
944.973,0.0944688
1311.32,0.131019
2572.77,0.257113
1309.2,0.130873
613.338,0.0612979
746.987,0.0743352
1087.21,0.108669
1672.08,0.166928
2033.02,0.203286
3320.03,0.331856
1818.04,0.181568
2659.16,0.265846
1655.84,0.165551
1033.37,0.103283
1426.98,0.142427
1175.48,0.117377
2216.46,0.22162
858.466,0.0858107
697.441,0.0697007
727.506,0.0727493
1297.65,0.129629
1135.88,0.113479
983.897,0.0983814
1155.58,0.115543
943.952,0.0942354
1532.17,0.153044
1111.89,0.111169
1600.4,0.159975
928.324,0.0928289
1613.54,0.161309
984.381,0.0984196
1029.98,0.102939
979.182,0.0978985
1279.98,0.127834
1587.63,0.158664
988.258,0.0986463
2026.64,0.202423
1452.24,0.1452
1150.1,0.114992
1163.48,0.116344
1912.25,0.191195
2147.21,0.214692
1323.82,0.132368
3196.15,0.319551
927.154,0.0926723
1618.04,0.161748
1010.97,0.101086
2428.35,0.242675
1035.68,0.103546
1328.36,0.132581
1577.95,0.157627
1050.26,0.104813
1061.05,0.106085
4245.85,0.424509
2304.06,0.230341
992.299,0.0990604
1331.56,0.133136
1268.3,0.126806
1753.14,0.175159
2980.97,0.297766
1418.44,0.141833
1000.82,0.100047
1163.18,0.116267
925.653,0.0925413
1958.38,0.195823
1980.86,0.197849
1462.76,0.146199
481.993,0.0481625
1185.9,0.116449
16336.2,1.62209
1043.63,0.10432
1931.83,0.193147
958.94,0.0958411
680.317,0.0680033
1151.65,0.11493
1217.72,0.121321
895.01,0.089493
752.056,0.0751146
1578.63,0.157826
2021.95,0.202163
1438.7,0.143861
786.325,0.0785961
984.928,0.0984579
1522.31,0.1514
1095.71,0.109548
308.81,0.0308712
1657.26,0.165695
1146.24,0.114523
1271.65,0.127136
1296.33,0.129581
1050.1,0.104252
1696.73,0.169613
5787.78,0.577024
1639.04,0.16367
5882.1,0.587989
1133.27,0.11332
840.251,0.0840041
3022.77,0.302152
1086.8,0.108612
2007.63,0.200748
2107.7,0.210695
696.973,0.0686667
901.247,0.0900727
897.319,0.0896721
883.476,0.0881273
523.512,0.0523428
1832.83,0.182925
881.109,0.0880779
6227.06,0.621963
1171.82,0.117168
740.217,0.0739724
7928.83,0.791423
995.457,0.0995286
1528.21,0.152779
2288.29,0.22837
3146.68,0.314576
834.347,0.0833607
1737.78,0.173751
2167.25,0.216338
1731.03,0.173091
7858.47,0.784046
2457.83,0.245745
867.042,0.0867026
1188.17,0.118807
1910.42,0.190975
1064.09,0.106386
1242.61,0.124112
663.979,0.0663869
861.192,0.0860734
1577.18,0.157674
2448.46,0.244715
1326.89,0.132679
1287.24,0.128707
938.476,0.0938303
3040.25,0.30392
1102.54,0.110178
1054.54,0.105429
1627.49,0.162718
1234.69,0.123429
1460.75,0.145999
17796.2,1.77875
1904.03,0.190289
1313.72,0.13135
1704,0.16776
3356.75,0.335588
1088.47,0.108744
7580.25,0.756567
761.36,0.0761301
2491.53,0.24902
1054.06,0.105335
3500.78,0.349636
832.441,0.0832298
1444.13,0.144374
1292.96,0.128975
1663.23,0.166319
887.025,0.0883106
856.916,0.0856618
8130.45,0.812011
1261.27,0.125998
2512.25,0.251039
2035.55,0.203512
1148.46,0.114673
1461.34,0.146116
2058.48,0.205817
916.664,0.0915788
1265.83,0.126554
746.667,0.0746546
1270.27,0.126985
939.942,0.0939884
1299.91,0.129977
2137.44,0.213672
903.775,0.0899366
676.476,0.0671398
1747.88,0.174702
838.744,0.0838639
1569.83,0.156961
2232.39,0.223185
939.08,0.0939026
1929.64,0.19264
1154.2,0.115398
3756.35,0.37548
1249.16,0.124897
3817.09,0.381521
1138.86,0.113872
1006.78,0.100651
1710.36,0.170903
1839.31,0.183902
1142.29,0.114165
1256.38,0.1253
830.105,0.0829653
919.744,0.0919423
1761.66,0.176105
1165.02,0.116349
697.945,0.0697877
477.451,0.0477411
1671.36,0.167127
1073.28,0.107311
1797.82,0.179727
1383.3,0.138235
988.693,0.0988582
2170.88,0.216703
919.473,0.0918882
1146.49,0.114637
1015.94,0.100596
1562.84,0.15627
1061.32,0.103833
1420.93,0.141879
1563.76,0.156306
1590.89,0.158884
839.588,0.083938
943.44,0.0942532
1461.64,0.146145
1042.9,0.104229
1086.18,0.108588
1744.14,0.174358
1721.01,0.172057
1616.5,0.161584
1025.7,0.102537
646.752,0.0646693
869.149,0.0869046
1098.51,0.109846
1460.54,0.145416
814.744,0.0814711
1105.01,0.110447
975.471,0.097546
663.726,0.066348
994.764,0.0992852
324.62,0.0324612
1024.42,0.102433
3362.72,0.335479
6542.09,0.652737
1305.98,0.130564
1832.46,0.183227
2401.54,0.239835
1125.39,0.11198
2098.18,0.209708
891.82,0.0891051
767.718,0.0764683
1124.35,0.112423
969.953,0.0965285
1978.46,0.19706
1068.57,0.106833
1385.62,0.138552
1795.35,0.179411
940.662,0.0940274
1327.47,0.132632
1029.92,0.102977
929.206,0.0928653
1136.51,0.113632
2223.84,0.222332
1692.68,0.169202
1097.37,0.109358
950.091,0.0949561
1045.15,0.104457
1159.63,0.115813
1222.87,0.122279
1742.76,0.17425
2912.82,0.291202
657.407,0.0657159
2236.83,0.223635
1215.21,0.121512
1008.75,0.100808
1260.2,0.125983
1094.25,0.109278
1347.73,0.134637
1984.4,0.195867
1119.08,0.111847
1330.8,0.133053
610.638,0.0607828
1117.43,0.111722
1222.82,0.122275
1155.14,0.115507
797.805,0.0797707
1032.18,0.1031
1055.59,0.105545
2116.36,0.211579
2021.42,0.201865
1384.73,0.138448
919.631,0.0918795
878.548,0.0877936
1640.07,0.163898
812.388,0.0812373
829.858,0.0829744
894.22,0.08939
1932.02,0.19271
2067.85,0.206703
2845.19,0.284413
730.283,0.0730063
1521.85,0.152061
1747.11,0.174511
1166.8,0.116629
1987.99,0.198655
910.39,0.091014
3004.43,0.300304
1974.28,0.196571
1957.78,0.195691
1010.28,0.101025
510.44,0.0494268
1029.6,0.102934
1271.27,0.127088
1818.37,0.181831
766.022,0.0765897
993.402,0.0990993
836.721,0.0836628
2829.92,0.28292
1194.17,0.119236
757.045,0.0756682
1134.34,0.113403
658.851,0.0658809
931.677,0.0931542
2295.98,0.229497
1800.24,0.17988
896.61,0.0895701
985.07,0.0984679
870.78,0.0866779
1136.17,0.113578
661.876,0.0660443
1197.96,0.119696
568.043,0.056763
1003.97,0.100317
1048.81,0.104772
1075.12,0.107457
869.948,0.086979
1251.28,0.12444
1059.72,0.105941
1276.57,0.127545
899.496,0.0899247
1617.11,0.161216
1679.19,0.167881
965.413,0.096536
2846.49,0.284446
772.758,0.0772734
3214.88,0.320733
1005.89,0.100525
1126.04,0.112578
1029.62,0.102959
1022.65,0.102136
2261.69,0.226107
1999.25,0.198414
1275.83,0.127466
837.315,0.0836726
1586.8,0.158621
928.605,0.0927977
1178.54,0.117836
534.913,0.053489
559.805,0.0558958
1063.71,0.106363
2418.39,0.217629
9478.94,3.7962
1114.15,0.111344
773.367,0.0773237
1478.74,0.147821
1883.59,0.188205
5839.21,0.583596
773.87,0.0773516
4282.57,0.427385
882.958,0.0882918
1339.31,0.133838
3351.05,0.334961
1519.48,0.151913
1663.41,0.166276
926.174,0.0926154
1948.82,0.194692
556.224,0.055618
728.77,0.0728654
847.183,0.0845458
996.262,0.0996185
692.334,0.0692095
2667.6,0.2667
3410.95,0.340688
1903.77,0.190267
1118.28,0.111784
1764.43,0.176367
717.448,0.0716207
3973.01,0.395992
1535.82,0.153554
949.525,0.0949475
955.268,0.0954537
2492.23,0.24887
1506.77,0.150547
1030.4,0.103031
970.934,0.0970238
575.786,0.0575768
1219.3,0.121892
3056.18,0.305447
722.004,0.0721586
931.204,0.0930979
1450.09,0.144908
596.603,0.059166
1704.48,0.170382
968.12,0.0967184
1162.71,0.116183
841.696,0.0841642
4971.53,0.496899
939.573,0.0934883
2762.06,0.275899
1928.89,0.192765
1500.51,0.149918
2620.74,0.261925
15491.5,1.54834
2089.87,0.208922
882.228,0.0878404
2111.16,0.207897
1872.83,0.187244
1906.54,0.189953
1770.74,0.175106
991.443,0.0991211
3026.12,0.302425
1768.37,0.176804
615.864,0.0615733
1176.78,0.117656
1295.05,0.129307
1184.48,0.118361
765.458,0.0765417
1074.11,0.107323
1588.15,0.158699
1164.71,0.116391
2949.11,0.294594
991.872,0.0991713
2916,0.29157
1330.05,0.132944
1022.11,0.102192
3057.24,0.305666
764.636,0.0764232
1207.15,0.120646
1120.34,0.112009
1593.94,0.155009
626.462,0.0626381
815.244,0.0813535
1937.85,0.1932
795.114,0.0795073
862.404,0.0862352
1568.32,0.156786
987.194,0.0986999
1649.92,0.164902
3872.5,0.386694
844.442,0.0844083
634.633,0.0634049
924.841,0.092479
718.913,0.07189
715.413,0.0715347
1789.93,0.178979
1279.83,0.127833
1246.77,0.12465
1933.72,0.193351
849.093,0.0848922
1277.88,0.127699
1151.47,0.11514
4183.69,0.418165
1256.71,0.125583
879.041,0.0878559
1164.16,0.116388
689.04,0.068874
1625.69,0.162503
1042.45,0.104239
883.595,0.0883224
6919.69,0.691394
1294.74,0.12941
1104.32,0.110362
1632.1,0.163141
1282.26,0.128169
1657.84,0.165763
1124.52,0.112436
1045.67,0.104561
691.717,0.069032
2147.35,0.214601
4497.43,0.449246
1064.95,0.106463
2094.34,0.20793
892.302,0.0892286
1161.4,0.11471
569.653,0.0569605
1428.73,0.142798
1098.33,0.109765
1434.08,0.143259
3183.25,0.318234
1248.11,0.124803
1300.17,0.129745
1004.2,0.100416
1824.14,0.182178
3601.98,0.359734
853.028,0.0852953
3106.14,0.310547
1075.64,0.107548
2634.6,0.263384
1598.74,0.159856
952.667,0.0952356
1931.19,0.192855
1097.97,0.10977
860.196,0.0859734
1869.27,0.186627
1560.86,0.15606
749.622,0.0748908
1899.79,0.189967
996.125,0.0991826
1922.38,0.192171
959.865,0.0958088
846.214,0.0846002
609.1,0.0609036
871.949,0.0871885
1496.73,0.14917
1726.15,0.172555
779.465,0.0779259
1285.35,0.12853
3630.53,0.363013
2272.17,0.227147
2997.81,7.17751
696.413,0.0691856
1860.65,0.186002
1580.58,0.157997
3152.59,0.315199
936.818,0.0936034
2374,0.235634
3566.48,0.356248
1679.21,0.167673
2802.51,0.278505
1095.69,0.109566
1795.7,0.179502
1020.72,0.102062
5745.26,0.573751
12219.9,1.22097
3886.22,0.387832
2536.16,0.253472
918.607,0.0914003
635.446,0.063473
1402.73,0.140193
1371.64,0.137097
1506.08,0.150512
825.562,0.0825501
1164.99,0.116359
2599.8,0.259893
988.963,0.0988429
990.349,0.0989903
1393.64,0.139331
885.812,0.0885783
1046.84,0.104559
1644.47,0.164386
1354.98,0.135328
1380.14,0.137962
538.956,0.0538946
2842.69,0.284212
918.915,0.0916938
1532.09,0.153144
1652.88,0.16511
3989.06,0.397221
1001.32,0.100098
4217.12,0.421313
1090.41,0.10902
933.346,0.0932183
6101.08,0.609212
591.07,0.0591055
1691.18,0.168983
976.191,0.0975579
830.628,0.0830073
863.902,0.0863597
1006.52,0.100617
1075.44,0.107417
1037.72,0.103691
732.817,0.0732645
810.461,0.0810404
682.205,0.0682107
1240.2,0.123922
1406.36,0.140495
2438.75,0.243409
545.046,0.054442
579.166,0.0579157
1734.26,0.173367
958.844,0.0958453
3031.12,0.302713
772.472,0.0772411
939.567,0.0937812
802.478,0.0802341
1540.17,0.153993
672.166,0.0672061
822.044,0.0820717
1023.87,0.102027
1809.82,0.180718
462.55,0.0462319
940.484,0.0935359
832.156,0.0832101
1990.3,0.198473
1450.47,0.145029
802.431,0.0802421
619.122,0.0618853
637.514,0.0637152
614.682,0.0614678
1311.43,0.13094
2040.97,0.204046
1067.41,0.106602
1074.17,0.107348
973.898,0.097381
1523.4,0.152322
1576.19,0.157438
1159.41,0.115411
915.734,0.091446
789.12,0.0785975
1825.44,0.182163
1242.57,0.12425
1111.68,0.111154
1430.78,0.143031
2398.71,0.239792
995.482,0.0995456
1322.78,0.132158
984.722,0.0984375
1055.41,0.105532
1082.32,0.108195
1123.99,0.112321
955.918,0.0955501
1836.76,0.183274
5387.48,0.382606
907.024,0.0906713
1776.93,0.17757
976.086,0.0976038
556.18,0.0556176
698.06,0.0697901
934.711,0.0933384
1178.07,0.117682
786.285,0.0785704
1363.12,0.136285
1300.47,0.130002
1165.04,0.116489
496.548,0.0496398
5062.91,0.505502
1746.21,0.174578
707.618,0.0707584
1748.02,0.174761
2690.5,0.268896
1420.3,0.142014
986.54,0.0986504
1928.09,0.192553
1181.29,0.118096
1465.38,0.146096
473.518,0.0473468
1515.39,0.151465
927.611,0.0927435
1436.01,0.143516
858.774,0.0858404
939.068,0.0937679
730.461,0.0730318
778.063,0.0778058
2419.3,0.241825
875.814,0.0875487
834.854,0.0834824
928.164,0.0928061
871.841,0.0869929
649.83,0.064933
1663.01,0.166245
792.314,0.0792278
1301.66,0.130147
626.405,0.0624865
1542.52,0.15343
987.312,0.0986376
1031.1,0.102448
978.726,0.0977818
3207.79,0.316027
2226.17,0.221
1566.45,0.15664
1960.69,0.195859
1012.76,0.10122
1157.46,0.115512
1020.66,0.102046
6356.71,0.635353
1168.62,0.116851
1721.01,0.172038
1030.01,0.10297
1590.42,0.159015
1041.05,0.104097
1857.81,0.185681
1271.79,0.127124
1922.28,0.191526
3410.63,0.340783
6231.17,0.623023
844.962,0.0844578
1009.39,0.100901
3085.68,0.308485
2305.17,0.230488
1107.27,0.110705
779.495,0.0779325
1364.29,0.136379
1094.21,0.10941
2076.14,0.207376
1101.16,0.110084
1377.44,0.137295
1518.48,0.151759
1674.91,0.167433
963.433,0.0958027
1057.12,0.105282
1500.08,0.149882
614.739,0.0614465
782.027,0.077885
3623.57,0.361974
857.29,0.0852029
754.283,0.0753634
539.001,0.0538987
7752.47,0.774355
5015.8,0.501437
1117.71,0.111736
1142.99,0.114294
4430.55,1.19218
695.579,0.0695359
852.596,0.0852197
848.43,0.0848211
518.032,0.05168
988.15,0.0988028
2569.38,0.256296
1237.64,0.121533
873.241,0.0872778
1076.33,0.108299
600.299,0.059741
944.057,0.0942298
3777.97,0.377761
1134.44,0.113381
882.534,0.088238
1930.63,0.192856
621.338,0.0621187
2749.89,0.274916
1627.7,0.162731
2555.98,0.255499
4719.03,0.471801
1688.15,0.168805
2534.47,0.253282
2306.81,0.230622
1214.63,0.121427
1230.12,0.123
1456.21,0.145607
2732.34,0.273069
886.288,0.0886247
1119.47,0.111862
2748.27,0.274789
1711.04,0.171079
611.961,0.0611873
646.923,0.0646523
2617.25,0.261699
656.738,0.065658
1425.5,0.132821
2556.39,0.255275
4184.02,0.417957
1578.52,0.157813
1018.99,0.101318
1819.89,0.181958
1123.66,0.112348
1159.45,0.11594
958.401,0.0958375
1596.21,0.159583
8011.53,0.8007
1078.28,0.107755
1143.67,0.112058
434.482,0.0434274
1144.05,0.112826
1108.22,0.110274
2489.42,0.248713
1679.15,0.167334
921.309,0.0920958
923.411,0.0923375
979.365,0.0979194
1282.5,0.128197
762.66,0.0762413
1782.03,0.178141
1972.46,0.194868
1560.5,0.156024
1165.74,0.116537
1251.98,0.12519
1411.71,0.141123
1959.71,0.195904
929.224,0.0928811
1648.32,0.164648
890.399,0.0890146
2858.24,0.285634
1206.85,0.120672
675.443,0.0675355
2102.04,0.210094
2268.45,0.226776
759.828,0.0759779
1613.89,0.161323
2151.28,0.214888
1217.74,0.12177
2802.93,0.280087
1157.8,0.115585
1004.68,0.100466
2520.73,0.25189
2046.15,0.204569
3384.52,0.338397
2867.97,0.286731
1564.14,0.156156
974.583,0.097446
1077.22,0.1077
906.223,0.0905262
1569.02,0.156769
792.736,0.0792342
3959.62,0.395699
1238.39,0.123675
1569.86,0.156629
1597.17,0.159678
2442.34,0.244034
1876.44,0.187524
1902.61,0.18993
1973.72,0.197356
1279.81,0.127971
357.912,0.0357839
1410.31,0.140957
2792.81,0.278727
827.278,0.082484
1220.04,0.121976
1723.29,0.172308
771.171,0.0771135
2675.37,0.267329
684.384,0.0684148
997.543,0.0996808
715.589,0.0715203
1116.47,0.111567
1324.58,0.125564
873.72,0.0873657
1185.78,0.11851
1126.67,0.112605
1305.98,0.130237
1204.2,0.119654
1174.49,0.117401
1620.95,0.162078
1201.14,0.119934
1259.1,0.125141
1734.38,0.173355
1155.02,0.115377
1210.96,0.121014
1221.6,0.122108
1436.51,0.143156
1691.2,0.168908
1165.52,0.116538
494.08,0.0493849
4233.24,0.41503
925.591,0.0925184
818.812,0.0818737
1745.67,0.174549
581.578,0.0581506
799.134,0.0798703
900.605,0.1017
2351.36,0.234937
2872.26,0.28719
1656.32,0.165553
1671.11,0.167076
633.57,0.0633489
2518.78,0.251661
808.905,0.0807303
1232.02,0.123192
2975.76,0.297504
1108.19,0.110772
1226.63,0.122533
3374.66,0.337097
4833.42,0.482827
1029.48,0.102897
653.529,0.06534
1074.65,0.107289
798.901,0.0798078
1105.79,0.110153
1946.89,0.193823
1568.57,0.156844
1717.65,0.171584
1175.14,0.117506
1437.64,0.143722
1083.47,0.107304
1382.15,0.137822
612.381,0.0611863
792.084,0.0792057
1222.88,0.122174
699.491,0.069826
1551.98,0.15511
923.722,0.0923199
647.517,0.0647482
785.485,0.0785353
1591.31,0.158741
1254.18,0.125358
1020.5,0.101703
659.375,0.0657679
2182.63,0.217955
781.435,0.0780579
1269.65,0.126879
799.272,0.079839
591.878,0.0591777
1244.51,0.124443
813.15,0.0813076
1517.27,0.151457
913.532,0.0912981
2174.7,0.217405
1766.19,0.176581
897.198,0.0896934
658.056,0.0657803
743.499,0.0743418
581.676,0.0581645
1011.08,0.101094
922.147,0.0922081
2009.66,0.20088
885.807,0.0885617
1861.37,0.186094
2770.84,0.276808
1921.98,0.191498
1416.4,0.141613
2318.38,0.231484
1515.75,0.151369
841.292,0.0840803
1371.48,0.137052
2040.97,0.203354
1092.32,0.109069
1521.8,0.152162
1197.75,0.119712
1247.43,0.124714
2382.4,0.23804
934.208,0.0932238
869.372,0.086907
986.346,0.0984885
1131.69,0.113155
1078.32,0.107659
628.148,0.0627721
1097.23,0.109698
1251.35,0.125107
804.953,0.0804266
876.441,0.0876214
2986.33,0.297283
773.911,0.0773042
829.193,0.0829099
1882.78,0.188243
2568.73,0.256708
1099.05,0.109875
1890.69,0.188709
1076.09,0.107594
1117.5,0.111734
1146.1,0.114601
1894.61,0.189391
6468.04,0.646478
1209.55,0.120796
2335.69,0.233536
1165.13,0.116456
928.924,0.0928795
377.465,0.0377217
1350.71,0.135047
3803.81,0.380308
1213.82,0.121356
942.477,0.0939001
909.215,0.0908908
1542.93,0.154241
735.57,0.073544
1279.05,0.127863
2057.36,0.205677
1046.07,0.104565
6929.52,0.691658
866.829,0.086596
563.746,0.0563519
981.425,0.0981101
2153,0.215265
2424.57,0.242322
757.034,0.0756331
755.779,0.0755488
1318.96,0.131786
1248.17,0.124617
1247.76,0.124667
1132.43,0.11317
1022.92,0.101926
1324,0.132186
932.622,0.0932382
1243.76,0.124349
1008.61,0.10079
2090.17,0.208889
1575.87,0.157568
1433.44,0.143272
2044.86,0.20445
1807.03,0.180684
2531.78,0.252999
955.339,0.0954598
1120.36,0.111963
864.829,0.0859196
938.965,0.0938838
1472.11,0.146623
1081.32,0.108095
1337.18,0.133687
1413.89,0.141368
1635.84,0.163426
3966.47,0.396407
1013.41,0.101329
1250.86,0.124886
587.101,0.0587077
1112.6,0.111197
1144.2,0.114272
1853.84,0.185001
1487.02,0.148665
632.322,0.0630251
1258.61,0.125029
693.482,0.0693432
1603.37,0.160279
890.718,0.08896
640.449,0.0639465
1942.73,0.194195
750.032,0.074978
1349.52,0.134883
671.139,0.0671079
1439.56,0.143836
1311.84,0.131141
916.158,0.0915894
1552.44,0.155178
773.816,0.0773403
951.94,0.095161
2030.1,0.200191
1172.84,0.117273
849.147,0.0848332
908.325,0.0906482
515.934,0.0515861
1101.65,0.108674
1340.71,0.134012
1112.9,0.11121
2708.01,0.270705
896.398,0.0895793
1166.7,0.116446
1156.72,0.115535
870.38,0.0868878
726.81,0.0726468
7450.17,0.74272
2253.61,0.22516
1479.51,0.147701
1441.07,0.144046
1520.28,0.152005
1461.5,0.146105
1253.08,0.125277
1659.32,0.165833
10705.3,1.06557
1123.65,0.112294
946.593,0.0946397
1240.27,0.123979
1600.74,0.15999
7590.63,5.20027
1660.14,0.16586
1977.68,0.197707
1320.57,0.131726
3181.98,0.317667
901.935,0.0901718
825.661,0.0820377
1747.79,0.174464
1599.4,0.159869
1062.27,0.106206
2907.85,0.290727
757.521,0.0757353
5082.16,0.50801
1348.07,0.134641
3864.7,0.385403
994.244,0.0993357
2058.42,0.205672
1884.15,0.188172
1130.41,0.113035
1190.96,0.119081
1230.29,0.122842
1901.18,0.189675
1036.96,0.10369
1636.29,0.163531
1885.24,0.188411
926.228,0.0926001
2172.96,0.217216
1035.49,0.103541
3259.96,0.325597
861.218,0.0861162
1817.09,0.181677
1716.02,0.171521
967.559,0.0967282
4037.52,0.40353
1181.97,0.118186
1132.94,0.113272
875.47,0.0874797
2174.74,0.217227
2108.85,0.210646
854.516,0.0853157
448.854,0.0448744
930.706,0.0929603
1529.07,0.152751
1191.71,0.11897
1204.83,0.120473
958.863,0.0957985
1092.44,0.109238
638.312,0.0638194
1937.07,0.193088
9420.53,0.941421
1532.81,0.153213
1869.41,0.186304
3704.69,0.369665
3984.82,0.398262
497.746,0.049734
1535.12,0.153469
1416.18,0.141544
1234.55,0.1234
5433.74,0.541993
760.025,0.0758419
766.249,0.0765304
1566.44,0.156478
1461.76,0.146113
875.409,0.0875055
460.319,0.046031
1231.67,0.120472
1653.26,0.1653
3859.33,0.385861
1114.42,0.111358
1082.02,0.108125
2974.9,0.297078
1028.65,0.102638
885.067,0.0884865
682.25,0.068136
2220.07,0.221747
2947.54,0.294367
1248.42,0.124795
6167.49,0.615082
923.413,0.0923017
1574.03,0.157234
1666.21,0.166604
875.898,0.0875069
1115.82,0.111569
1515.1,0.15149
2563.51,0.256324
696.29,0.0696262
651.333,0.0651174
1325.38,0.132482
1331.06,0.133094
1532.84,0.153208
1055.16,0.105489
2339.05,0.233889
1051.25,0.105052
4874.17,0.48693
1111.5,0.111115
1680.41,0.168008
1433.52,0.143251
3466.27,0.345714
1085.69,0.108449
1600.02,0.159947
1320.01,0.131991
1101.4,0.110133
697.66,0.0697478
1291.26,0.128946
1004.46,0.0989547
883.683,0.0883359
1276.15,0.127546
1002.03,0.100179
1051.01,0.105098
8221.01,0.820386
1217.05,0.121671
1461.41,0.146037
989.516,0.0988041
1419.86,0.141879
1058.97,0.105213
1491.62,0.149156
848.012,0.0847931
2566.92,0.256537
2259.36,0.225821
1024.4,0.102303
956.89,0.0956813
1346.11,0.134539
4012.21,0.400365
1143.32,0.114127
883.896,0.0883596
1649.5,0.164887
3439.77,0.343813
1674.57,0.167431
1853.26,0.185288
9656.93,4.49179
1771.06,0.17707
1105.29,0.110518
997.765,0.099692
1187.22,0.118676
1241.53,0.124122
1468.68,0.146861
1510.99,0.151079
2615.79,0.261489
1001.09,0.100089
702.842,0.0701953
894.439,0.0894052
1076.1,0.107585
2785.14,0.278343
3481.09,0.346881
2063.44,0.206235
830.737,0.0828796
2161.62,0.21602
2552.16,0.255149
4347.57,0.433479
873.93,0.0873913
1039.07,0.103833
2365.28,0.236274
1269.47,0.124631
1019.81,0.10194
715.807,0.0714192
1438.58,0.143804
1667.75,0.166207
1164.61,0.11637
6513.51,0.650832
2069.06,0.206882
2866.96,0.286236
908.267,0.0906751
1478.43,0.147822
1425.06,0.140995
773.65,0.0773417
2439.4,0.243736
1214.91,0.121371
1764.62,0.175708
902.335,0.0902304
1162.81,0.113545
695.127,0.0695108
2073.97,0.207351
1749.72,0.174957
1623.85,0.162362
837.841,0.0836187
925.662,0.0925636
2376.16,0.237084
723.159,0.0722033
1026.05,0.10255
765.924,0.0765467
1516.16,0.151563
941.372,0.0941149
1763.87,0.176165
777.566,0.07774
1414.17,0.141227
1087.29,0.108375
5154.93,0.51539
1706.55,0.170645
1815.79,0.181553
683.564,0.068348
1401.15,0.140097
3703.89,0.369805
547.414,0.0546852
1103.32,0.110291
849.443,0.0849054
1671.05,0.166947
2096.73,0.209629
628.477,0.0628308
1180.57,0.117986
1625.82,0.162523
570.505,0.0570286
1770.81,0.177005
999.072,0.0998493
871.042,0.0870888
1167,0.116663
32441.5,3.21973
916.397,0.0915172
1035.15,0.103493
2195.85,0.219505
800.491,0.0800165
884.123,0.0883753
1859.36,0.185858
2121.66,0.21212
3286.03,0.328022
1839.33,0.183911
605.996,0.0605712
1008,0.100766
3265.56,0.326137
929.216,0.0928242
3379.47,0.337723
3030.22,0.302961
1822.03,0.180413
1520.26,0.151942
949.168,0.094902
1444.35,0.144194
1307.49,0.130741
1430.12,0.142674
937.922,0.0937833
2116.93,0.211509
901.958,0.0888408
4700.26,0.469686
1111.76,0.111115
551.797,0.0546152
1065.5,0.10649
600.522,0.06004
1753.77,0.175023
1105.15,0.110487
1674.9,0.167408
933.922,0.0930781
3827.81,0.382493
1762.75,0.176121
1307.58,0.130736
979.203,0.0979055
939.925,0.0939767
992.942,0.0992836
878.796,0.0877665
1489.65,0.141943
754.341,0.0753505
885.367,0.0884761
744.906,0.0744879
1483.38,0.148196
2387.73,0.238258
761.285,0.0760602
971.011,0.0970901
1535.52,0.153522
2202.08,0.219233
530.157,0.053009
1450.34,0.144966
2119.87,0.211761
525.629,0.0525574
847.635,0.0847386
1658.07,0.165747
885.524,0.0885443
917.041,0.0916579
861.055,0.0860878
3596.83,0.359206
1151.95,0.115159
1259.44,0.125914
1151.41,0.115104
1068.83,0.106845
720.237,0.0719858
2643.5,0.264216
957.251,0.095625
948.39,0.0948318
1234.56,0.12341
967.553,0.0967424
1232.73,0.123249
1637.49,0.163732
2875.65,0.287229
1286.24,0.128592
5724.45,0.571817
1373.07,0.137157
908.372,0.090827
918.306,0.0917631
2475.23,0.247453
1698.98,0.169881
1754.52,0.17518
4056.73,0.405561
1255.86,0.125543
1538.57,0.15382
1196.04,0.119584
2012.56,0.201165
1502.19,0.150178
604.937,0.0604757
1125.06,0.112376
934.886,0.0934008
2109.15,0.210852
961.908,0.0961679
1743.11,0.174214
1796.08,0.1795
1756.37,0.17562
1973.45,0.19727
4645.98,0.464183
1648.17,0.164735
2305.25,0.228122
1242.81,0.12419
1102.04,0.110198
1443.07,0.144234
1397.43,0.139698
967.695,0.0967515
1151.6,0.115054
13822.3,1.37964
1365.01,0.136428
890.174,0.0890035
746.436,0.0745138
1035.1,0.101951
2387.29,0.238682
1073,0.107272
1741.41,0.17375
2788.2,0.278665
1939.3,0.193771
1601.22,0.159782
2848.5,0.284438
1272.76,0.127245
1943.22,0.194233
862.035,0.0861216
1231.4,0.123042
867.881,0.0867416
1222.72,0.122262
7417.08,0.738558
1162.9,0.116245
1213.14,0.12115
4664.14,0.466358
1438.33,0.143708
890.96,0.0890546
1005.89,0.10051
1472.28,0.147091
3705.22,0.36767
1074.13,0.107398
7493.82,0.749146
2640.66,0.263876
865.557,0.0865129
467.976,0.04676
883.55,0.08835
1629.96,0.162909
1059.92,0.105839
1223.61,0.122224
2106.33,0.210498
1169.47,0.116946
1408.79,0.140772
897.325,0.0895791
876.544,0.0876105
2584.97,0.258254
915.795,0.0915763
1087.8,0.108738
3140.99,0.313967
1923.25,0.192318
1398.65,0.139533
698.215,0.0698086
991.168,0.0990975
1082.1,0.108168
1106.68,0.110645
2116.44,0.211402
845.808,0.0845451
851.208,0.0850423
714.222,0.071406
2198.88,0.219843
1390.74,0.139022
747.092,0.0746339
2358.73,0.235852
874.202,0.0873872
4370.2,0.436807
2703.73,0.270219
2182.21,0.218102
942.473,0.0940641
1163.01,0.116154
876.423,0.0874903
1271.81,0.12715
919.279,0.0919059
868.51,0.0867679
2550.16,0.254987
951.992,0.0951745
3520.53,0.351957
1380.11,0.138
820.497,0.0820239
2033.47,0.202859
962.786,0.0961905
3833.26,0.382932
665.143,0.0662629
6290.22,0.628376
1441.89,0.144146
666.362,0.0666085
1629.97,0.162763
999.401,0.0999168
2518.35,0.251329
2137.64,0.21366
2423.78,0.242277
1789.67,0.177451
1167.41,0.11672
972.401,0.0972005
860.977,0.0859598
2988.01,0.298544
1133.01,0.113254
1254.65,0.125427
993.375,0.0983618
1251.38,0.12509
1091.29,0.10911
1359.21,0.135912
1471.82,0.147028
1309.25,0.130753
2595.46,0.259209
688.217,0.0688202
1496.75,0.149673
950.204,0.0949884
1530.69,0.152898
15275.4,1.52433
1716.58,0.171308
806.545,0.0805727
1239,0.110228
826.97,0.0826943
1082.91,0.108287
909.048,0.0908855
1280.32,0.12793
1013.49,0.101333
997.812,0.0996387
2086.3,0.208565
838.441,0.0837628
734.769,0.0734278
613.073,0.0611868
1516.45,0.151561
1358.74,0.135855
1669.06,0.166392
1042.5,0.104242
987.811,0.0987568
756.848,0.0755376
775.913,0.0775086
1021.4,0.102105
3233.97,0.323271
1228.69,0.122792
641.237,0.0641045
792.875,0.079269
987.003,0.0986814
874.068,0.0874046
1170.91,0.117017
1241.24,0.124048
881.761,0.0881292
2607.4,0.260707
959.896,0.0959597
1664.68,0.166337
2454.79,0.245389
2513.08,0.250803
1087.94,0.108781
2012.02,0.200948
833.602,0.0833562
993.489,0.0993306
1248.51,0.124818
3277.6,0.327637
1188.4,0.118795
7726.82,0.770296
498.017,0.0497997
1057.97,0.105789
754.115,0.0752998
1097.1,0.109694
1269.22,0.126657
717.725,0.0717488
694.354,0.0692951
2959.09,0.294719
726.972,0.0717036
1232.45,0.123045
1414.94,0.141351
1125.96,0.112544
1028.42,0.102778
960.745,0.0958908
789.824,0.0789379
1972.43,0.197173
812.922,0.0812053
1137.91,0.11378
1130.7,0.11306
2532.75,0.252511
787.5,0.0786207
593.804,0.0593772
1024.61,0.102419
1384.87,0.138459
1300.93,0.129994
1516.48,0.151606
1708.43,0.170835
1103.4,0.109856
1049.28,0.104921
1182.06,0.118162
1727.3,0.172649
2339.78,0.233785
936.541,0.0935387
887.953,0.0887867
768.968,0.0768835
929.153,0.092902
2412.12,0.240879
1381.86,0.138134
981.69,0.0980213
1014.9,0.101446
817.005,0.081674
1733.75,0.173234
1446.05,0.144397
1112.96,0.111106
1000.29,0.100003
1007.58,0.100755
1097.02,0.109602
3123.21,0.312146
977.126,0.0976296
775.415,0.0775162
8645.37,0.755493
2237.31,0.223642
1285.11,0.128414
1976.18,0.171243
707.532,0.0707441
2066.99,0.206574
585.285,0.0585213
904.897,0.0904818
1005.25,0.10045
1601.95,0.16012
1763.78,0.176367
3547.37,0.35465
1514.43,0.151332
2020.15,0.201904
1509.57,0.150476
1989.73,0.198926
1640.68,0.164055
2333.66,0.233054
4033.73,0.402942
1994.5,0.199412
839.571,0.0839074
969.521,0.0969335
603.096,0.0603024
1172.53,0.116888
4295.8,0.428704
1111.42,0.111137
1505.19,0.150415
1144.13,0.114358
668.419,0.0668173
1137.42,0.112802
1253.39,0.125282
2117.11,0.211606
2430.33,0.242364
913.739,0.0909497
1010.5,0.101036
996.762,0.0996498
1793.89,0.179349
7779.75,0.77693
907.228,0.0906973
2480.17,0.247946
938.064,0.0937624
1537.32,0.153487
738.772,0.0738753
1241.03,0.124043
1393.68,0.139258
2696.55,0.269623
1054.93,0.105475
1345.4,0.133593
3998.29,0.399345
1538.69,0.153767
1433.81,0.141995
1296.15,0.129512
1460.18,0.143709
2234.46,0.223234
1078.75,0.107861
1143.22,0.114317
2192.2,0.219175
1157.26,0.115713
645.544,0.0645307
800.858,0.0800404
768.916,0.0763922
1768.93,0.176847
1892.24,0.188869
1019.09,0.101893
1135.68,0.113488
2166.07,0.216241
1023.94,0.102391
1143.35,0.113603
1154.68,0.115458
1509.63,0.150785
1174.35,0.117429
1689.46,0.168712
687.112,0.0686803
1379.89,0.137987
1236.7,0.123568
1705.71,0.170364
926.194,0.0925769
2256.8,0.225276
25233.2,2.50527
2034.89,0.203458
881.029,0.0880663
1415.08,0.141434
754.732,0.0754584
1004.94,0.100435
1030.57,0.103055
1436.1,0.143347
2355.78,0.235534
3229.14,0.322822
867.707,0.0867432
1563.25,0.156152
1457.32,0.145697
961.657,0.0961548
989.993,0.0989865
2283.23,0.228266
1161.42,0.116103
1536.37,0.153611
1558.65,0.155836
1415.05,0.141298
1058.86,0.105878
1147.69,0.114748
1472.65,0.147252
1997.77,0.136038
2133.79,0.213129
1572.21,0.157153
2222.64,0.222117
971.47,0.0971385
2253.23,0.222737
7247.76,0.724006
1509.38,0.150903
1131.29,0.112981
2691.55,0.268899
2379.18,0.237808
797.267,0.0797191
1116.89,0.111674
934.351,0.0934101
540.446,0.0540049
1339.13,0.133781
979.169,0.0979058
2288.05,0.228568
1102.29,0.110074
1204.04,0.120378
1614.44,0.161222
1070.19,0.106996
1520.04,0.151806
619.393,0.0619052
1241.19,0.124096
669.439,0.0669146
814.41,0.0814307
703.879,0.0703755
863.284,0.0862026
1377.24,0.137717
1330.32,0.132839
1986.37,0.198399
1308.99,0.129969
1055.28,0.105523
3050.34,0.304932
1386.31,0.133818
1417.86,0.141669
2017.93,0.201579
2613.12,0.222077
2629.45,0.250195
912.339,0.0912289
995.752,0.099545
1227.44,0.122596
3291.98,0.328725
1073.72,0.107245
1065.54,0.106536
583.224,0.0583178
1734.4,0.17326
1369.86,0.136909
868.586,0.0868543
1602.21,0.159347
1705.72,0.17043
1009.44,0.100922
1838.57,0.183825
1408.47,0.140808
2128.79,0.212813
823.187,0.0822857
1467.09,0.146435
1753.53,0.174546
1043.09,0.104158
687.038,0.0686987
1270.41,0.127029
2499.27,0.248485
1837.99,0.183784
1138.54,0.113816
1106.5,0.110579
2639.83,0.263703
1210.55,0.121022
994.226,0.0994008
2230.43,0.22278
1413.85,0.14121
3227.94,0.318521
1417.17,0.141671
3717.73,0.371271
995.755,0.0994974
1072.42,0.107207
2429.24,0.242875
953.331,0.0953074
2052.67,0.205021
2690.55,0.268681
431.992,0.0431979
665.503,0.0665286
1214.83,0.121441
4085.32,0.408265
739.962,0.0737485
1114.95,0.111371
1141.14,0.114069
1881.61,0.188035
1415.9,0.141567
910.162,0.0909239
2692.49,0.269192
2822.47,0.281598
532.875,0.0531363
1560.36,0.155997
1128.78,0.11274
1071.31,0.107099
693.662,0.0693593
2784.07,0.278234
1249.34,0.124854
1970.25,0.196937
1440.18,0.14399
1586.68,0.158647
1668.8,0.166854
1032.89,0.103259
951.99,0.0951725
646.696,0.0645684
760.894,0.0758061
830.626,0.0830163
2391.38,0.238974
3168.4,0.316666
3353.71,0.334712
1114.29,0.111413
1107.82,0.110745
1132.45,0.113145
1064.91,0.106474
1488.7,0.148828
1956.71,0.195649
883.621,0.0883305
5816.65,0.58076
1252.49,0.125087
952.59,0.0952015
1206.34,0.120506
698.081,0.0697762
1840.93,0.184011
1053.54,0.105338
2009.17,0.2009
956.114,0.0952206
33135.5,3.30612
1295.52,0.129509
727.725,0.0727322
729.233,0.0729119
876.656,0.087657
714.065,0.0713911
1511.61,0.151106
1802.93,0.179926
1224.93,0.122382
4857.33,0.485097
2597.68,0.259596
1147.13,0.114702
1470.06,0.146359
1024.01,0.102357
1335,0.133476
1408.49,0.140794
942.094,0.0935571
904.25,0.0903789
919.325,0.0918955
3692.29,0.36887
1055.53,0.105519
785.831,0.0785494
1336.37,0.133588
1252.11,0.125197
772.283,0.0772005
736.959,0.0736934
1080.57,0.108006
886.937,0.0886612
1544.34,0.154384
1631.57,0.163081
2376.93,0.237557
1392.35,0.139197
1834.57,0.183421
1218.84,0.121659
757.627,0.0756485
822.583,0.0822429
1083.3,0.108161
1507.12,0.150654
668.373,0.0667563
4023.54,0.4022
896.239,0.0896081
1009.53,0.100946
1780.12,0.177823
2722.3,0.272099
638.137,0.063811
729.012,0.0728963
1252.65,0.12485
1218.98,0.121834
725.635,0.072393
944.719,0.0944413
1100.06,0.109953
1500.23,0.14996
1719.39,0.171891
898.193,0.0898176
1130.44,0.112975
908.716,0.0908335
1072.11,0.107149
2124.25,0.212258
1176.2,0.117401
17224,3.29442
1344.03,0.134383
2386.82,0.238648
1009.96,0.100896
806.214,0.0806197
1138.02,0.113775
1289.32,0.128866
1063.5,0.10622
935.881,0.0935759
1221.16,0.121941
1384.27,0.138388
1709.72,0.170883
2112.65,0.211193
775.325,0.0775229
2985.71,0.298503
899.204,0.0898665
2699.28,0.269841
1489.24,0.148904
1599.76,0.15937
1115.72,0.111566
1122.44,0.112094
1214.57,0.121308
2131.58,0.212918
847.661,0.0847637
1183.57,0.118328
5065.99,0.506446
1773.22,0.177213
2357.69,0.235688
857.819,0.0857509
22951.7,2.28982
1739.95,0.173975
2553.78,0.255334
1371.89,0.137161
1619.43,0.161756
909.481,0.0909339
1060.51,0.105941
1795.15,0.179493
1630.19,0.162962
710.099,0.0710059
1581.18,0.1581
1747.64,0.174745
1290.24,0.128822
778.898,0.0778848
1311.04,0.1309
2604.3,0.260381
1809.05,0.180874
1133.73,0.113359
1002.07,0.0998755
2077.57,0.207664
1466.79,0.146665
1221.2,0.121269
983.029,0.0983021
814.884,0.0814129
1239.59,0.123794
850.487,0.0849493
1682.47,0.168181
556.258,0.055564
1504.98,0.148598
1117.31,0.111708
831.315,0.0828605
1279.37,0.127908
1305.14,0.130465
910.094,0.0909839
1264.4,0.12642
1021.78,0.102122
1916.95,0.191564
1061.32,0.106069
1237.41,0.123704
885.025,0.0884715
1055.48,0.10478
822.094,0.0821706
1194.63,0.119363
744.463,0.0744351
1533.65,0.15324
4587.62,0.458578
1270.26,0.126816
3152.79,0.315129
781.604,0.0781023
2257.99,0.225668
1120.18,0.111941
966.417,0.0966326
1285.96,0.128489
1720.53,0.172027
1630.27,0.162921
5953.69,0.594945
2239.59,0.223906
1132.35,0.1132
1694.44,0.168896
1715.47,0.171524
808.404,0.0808018
753.24,0.0751941
1206.22,0.120581
472.049,0.0470365
732.912,0.0732732
2213.49,0.221236
1287.05,0.128645
1038.67,0.103778
1441.97,0.143774
888.348,0.0887938
2302.68,0.230086
2270.43,0.226984
860.973,0.0860945
777.085,0.077697
745.6,0.074512
1461.77,0.146143
692.081,0.0692068
1870.73,0.186933
1077.49,0.107735
1669.32,0.166497
1029.03,0.10289
3127.88,0.312556
2133.68,0.213337
1387.61,0.138703
1492.53,0.14916
1968.65,0.196819
902.538,0.0902215
1110.82,0.110996
1691.32,0.169066
1994.28,0.199352
987.735,0.0987606
2291.77,0.229136
1553.82,0.155345
2200.03,0.219877
1677.79,0.167731
1859.12,0.185827
3312.72,0.331081
810.043,0.080976
613.946,0.0613664
862.914,0.0849105
1161.3,0.11612
770.643,0.0770544
23844.4,2.36892
1037.54,0.103604
1764.21,0.176365
674.449,0.0674115
2290.83,0.229036
1884.39,0.188363
2126.69,0.212537
1131.16,0.113064
1074.66,0.107457
1329.48,0.132913
1075.21,0.107499
938.252,0.093797
2020,0.20199
856.387,0.0856058
1291.17,0.12839
1058.36,0.105812
1172.07,0.117118
1234.43,0.123432
700.744,0.0700635
2200.95,0.219844
7422.73,0.741349
1557.86,0.155484
985.906,0.0985736
908.377,0.0907956
1772.59,0.177032
2169.2,0.216898
1320.65,0.132007
1385.48,0.138529
926.315,0.0926054
1375.53,0.137526
22720.1,2.26094
823.135,0.0822937
1086.6,0.108611
1125.83,0.112497
1520.29,0.152023
1215.4,0.121185
1331.38,0.133123
457.614,0.0457549
816.857,0.0816748
2028.37,0.202766
1167.9,0.116755
2282.02,0.228183
1048.67,0.10486
1352.76,0.135234
952.929,0.0951558
995.703,0.0993568
1309.13,0.130707
1557.76,0.155757
753.004,0.0752953
925.412,0.0925391
1758.33,0.175729
753.324,0.07533
847.3,0.0847224
920.619,0.0919419
1227.24,0.122456
1470.95,0.147062
3579.35,0.357661
3056.39,0.305064
884.243,0.0883878
886.305,0.088584
1141.97,0.114162
875.411,0.087539
1142.76,0.114219
1082.8,0.108258
1965.38,0.194757
2472.06,0.246909
639.724,0.0639531
1226.62,0.122523
837.16,0.0837003
1341.01,0.134003
3444.94,0.343612
2245.85,0.224424
1337.55,0.133649
1021.17,0.101906
1002.79,0.100208
814.722,0.0813083
2202.61,0.220246
890.289,0.0890137
1109.15,0.110895
1320.76,0.132038
863.013,0.0862691
881.51,0.0881222
1052.49,0.105155
1116.81,0.111666
2269.4,0.226572
838.002,0.0837345
1206.8,0.120664
4386.77,0.437421
997.542,0.0997214
1701.27,0.170044
704.982,0.0704419
505.034,0.0503711
1259.11,0.125723
929.391,0.0929282
8243.47,0.822832
1611.04,0.161038
879.773,0.0879739
1613.68,0.161297
1407.8,0.14071
1181.47,0.117981
1870.47,0.186968
3426.84,0.341761
1423.39,0.142335
1308.46,0.13067
1066.54,0.106612
1074.88,0.107341
752.118,0.0751931
1550.9,0.155057
1615.93,0.161336
892.041,0.0891953
2187.63,0.218665
1491.72,0.149114
1062.08,0.106201
2454.24,0.245056
1256.31,0.125618
829.657,0.0829574
1404.16,0.140387
1161.91,0.116089
1441.9,0.144182
1638.38,0.163657
1989.82,0.197135
995.757,0.0995668
1069.46,0.106865
729.778,0.0729739
1220.28,0.121995
984.182,0.0983528
1008.51,0.100821
1665.65,0.166555
2156.7,0.215617
1127.62,0.112744
1261.26,0.126087
793.479,0.0793334
1431.02,0.143078
1146.02,0.114582
1605.45,0.160505
1299.27,0.12984
2807.76,0.280438
2662.25,0.265886
1454.98,0.145379
2010.15,0.200977
737.206,0.0737108
1159.97,0.115767
872.601,0.0872368
1364.09,0.136377
1115.21,0.11148
825.633,0.0825146
1341.95,0.134164
937.998,0.0937912
1754.73,0.175353
1898.42,0.18979
1686.92,0.168534
580.813,0.0580766
1047.79,0.104362
968.36,0.0966677
797.584,0.0797472
999.551,0.0999411
1186.44,0.118621
1629.21,0.162729
1293.69,0.129336
1049.08,0.104901
1719.07,0.171776
988.976,0.0988759
1387.47,0.138723
1092.81,0.10926
1020.58,0.101994
877.528,0.087742
1039.86,0.103976
1919.34,0.191356
811.472,0.0811153
922.117,0.0921524
2080.82,0.207884
1444.35,0.144201
1370.68,0.136969
1804,0.180339
831.615,0.0830907
996.533,0.0993912
1667.41,0.166721
1356.58,0.135315
3355.46,0.33528
1359.75,0.135888
1682.79,0.168209
885.89,0.0885713
831.218,0.0828179
1679.14,0.166944
1467.51,0.146628
1465.64,0.146442
1070.17,0.106685
882.848,0.0880909
1306.93,0.130642
7564.36,0.754504
1490.7,0.149041
1931.88,0.193172
1194.3,0.119416
6226.91,0.62171
974.789,0.0974745
1358.39,0.135746
720.998,0.0720705
1093.21,0.10919
853.642,0.0852064
1224.88,0.12246
3233.48,0.32307
2466.65,0.246552
1578.59,0.157836
690.375,0.0690234
1277.91,0.127778
1236.32,0.123567
757.252,0.0757217
1417.06,0.141699
946.403,0.0946208
1701.19,0.170088
983.225,0.0983044
1276.2,0.127609
1150.45,0.114932
4702.05,0.453217
1172.19,0.117177
733.571,0.0733546
1252,0.125103
9197.32,0.918581
1181.5,0.118146
1007.51,0.100687
1052.73,0.104692
1515.27,0.151509
716.574,0.0715974
1409.08,0.140634
862.096,0.0861949
1355.28,0.13531
1505.49,0.150492
875.26,0.0871559
2452.86,0.245176
708.42,0.0707448
1399.39,0.139914
676.413,0.0676135
1716.84,0.171589
1008.28,0.100644
1490.69,0.148651
1861.16,0.186088
1156,0.115503
1119.37,0.11188
2184.46,0.218333
1161.79,0.116033
1552.98,0.155201
829.212,0.0823609
1007.06,0.100673
876.799,0.0876239
1838.05,0.183718
5499.87,0.549587
1981.22,0.198015
2321.34,0.231065
1254.7,0.125355
1823.6,0.182317
1530.33,0.152932
2015.87,0.19991
1177.38,0.117733
4201.14,0.419824
4677.5,0.467503
1743.74,0.174155
742.361,0.0741627
639.766,0.0639283
1245.33,0.124344
2540.68,0.25379
2054.07,0.204991
1298.4,0.129813
773.345,0.0772863
1150.57,0.114663
1452.75,0.145238
1610.01,0.160917
1485.65,0.148555
1272.74,0.122973
1190.08,0.118889
1738.64,0.173521
1075.12,0.107457
1209.96,0.120983
1074.38,0.107369
1748.33,0.174616
863.69,0.0863166
1763.98,0.176328
1511.53,0.151136
4244.58,0.424143
1831.92,0.183126
1009.11,0.10074
899.771,0.0899486
1080.09,0.107965
3745.56,0.37415
1956.23,0.195488
3309.25,0.330809
4501.17,0.422948
2384.31,0.238228
1602.68,0.160237
945.866,0.0945759
1970.3,0.196922
1980.33,0.197779
1516.39,0.151569
2721.28,0.271876
1394.2,0.139401
1151.94,0.115037
1283.38,0.128267
1810.03,0.180797
3224.99,0.322299
706.174,0.070599
1226.94,0.122671
1592.62,0.159121
1471.02,0.147068
746.653,0.0746617
2061.32,0.20612
1092.88,0.109196
1702.72,0.169919
706.104,0.0705798
1508.09,0.15073
1070.25,0.106846
1045.44,0.104491
1387.45,0.13871
876.217,0.086412
820.242,0.0820147
4644.99,0.464022
1042.08,0.09929
5010.95,0.499593
2035.19,0.203333
1415.48,0.141435
950.574,0.0949746
1411.89,0.141146
824.414,0.0823904
1243.96,0.124308
1788.55,0.178842
5638.27,0.562259
1109.03,0.110871
882.083,0.0881894
1104.28,0.110405
873.445,0.0869652
1277.91,0.127661
948.851,0.0945514
4414.93,0.44129
702.045,0.069559
6391.61,0.635154
1292.87,0.129201
1453.77,0.145371
1849.23,0.184754
1767.93,0.176524
1259.71,0.125953
1363.89,0.135224
689.983,0.0689479
2132.2,0.213103
1364.73,0.136436
2045.37,0.204099
1370.7,0.137013
1340.97,0.13401
1067.43,0.10658
640.764,0.0640471
1307.49,0.130715
725.046,0.0723413
1222.71,0.122234
1112.48,0.111244
2068.38,0.206762
783.837,0.0783728
3425.4,0.341456
1285.04,0.128454
1414.89,0.141425
707.139,0.0707108
622.961,0.0622905
1922.55,0.192179
1856.47,0.185541
1376.22,0.137564
840.372,0.0835447
1664.96,0.166475
841.945,0.0841033
3596.22,0.359273
1509.2,0.150909
3290.75,0.3287
751.586,0.0751176
1123.42,0.112255
748.895,0.0748183
938.324,0.0936833
1251.72,0.125085
1086.48,0.10862
1667.06,0.166643
1894.04,0.189376
858.279,0.085816
1932.36,0.193229
2136.24,0.2135
1144.48,0.114388
1529.83,0.152757
1118.12,0.101977
688.673,0.0688645
1250.92,0.124909
1830.42,0.182824
2700.42,0.269507
829.964,0.0829916
9745.79,0.973964
1023.69,0.102341
952.629,0.0952561
654.464,0.0653817
695.722,0.0690243
875.345,0.0875095
1106.12,0.110461
897.775,0.0897235
819.406,0.0819366
1549.39,0.154566
2054.44,0.205433
1086.85,0.10816
2789.09,0.278869
719.875,0.0719212
868.45,0.0868397
963.43,0.0962936
1147.78,0.114693
1312.82,0.131265
1032.4,0.103188
4634.84,0.463225
1986.73,0.198653
1085.43,0.108508
998.717,0.0998636
994.982,0.0993993
1063.34,0.106328
1503,0.150204
764.016,0.0763885
1677.43,0.167737
2924.12,0.29187
1535.86,0.153565
1256.96,0.125594
805.091,0.0804811
6358.31,0.635303
1174.67,0.117451
1208.16,0.120704
6590.12,0.658242
13101.2,1.29491
1383.93,0.13835
632.616,0.0632549
864.793,0.086051
2537.7,0.25345
3438.66,0.343701
891.496,0.0890634
676.375,0.0675866
1210.12,0.12101
1412.41,0.141157
1155.49,0.115411
1219.71,0.121895
725.056,0.0724366
1525.92,0.152568
1251.57,0.125148
486.742,0.0486497
1169.29,0.116628
1115.7,0.111556
1539.37,0.153915
1708.76,0.170814
1000.56,0.100047
1480.72,0.147742
2501.06,0.249713
539.91,0.0539626
694.504,0.0694136
1891.09,0.188706
1096.37,0.109596
1274.44,0.127401
1704.41,0.170295
663.341,0.0663326
2711.61,0.27109
798.101,0.0797935
787.848,0.0785149
897.771,0.0896287
1255.99,0.124721
775.163,0.0774935
1864.63,0.186412
1941.01,0.194002
1370.05,0.136943
803.901,0.0802823
895.531,0.0893607
1033.54,0.103298
1448.81,0.144836
1206.57,0.120601
923.711,0.0923674
924.119,0.092385
1058.15,0.105715
1097.63,0.109452
805.515,0.0805226
1073.84,0.107377
1201.04,0.120098
919.887,0.0916819
1662.38,0.165621
1789.07,0.178838
1159,0.115796
2667.94,0.266745
766.098,0.0765962
955.308,0.0944712
715.087,0.07015
771.55,0.0771503
1075.51,0.107207
1015.75,0.101353
1492.88,0.14923
2209.17,0.220874
1113.06,0.111295
5951.39,0.594962
1128.56,0.11276
770.008,0.0769499
2495.37,0.249499
884.232,0.088384
1154.51,0.115407
918.32,0.0918177
979.847,0.0977887
1531.44,0.153042
506.849,0.0506846
3419.99,0.341545
1511.06,0.151041
3185.49,0.318453
1047.36,0.1047
3888.11,0.387615
704.661,0.0704652
1011.35,0.1011
4022.22,0.401306
1200.76,0.11991
1645.78,0.164541
767.318,0.0767194
725.331,0.072527
2142.65,0.213748
664.338,0.0664068
1053.52,0.105207
1622.57,0.162182
2678.25,0.267685
739.376,0.0739204
1276.78,0.127627
1500.47,0.150037
938.886,0.0938713
1627.84,0.162758
835.435,0.0835335
1304.86,0.13042
1411.96,0.138591
799.505,0.0799473
814.474,0.0814429
1199,0.119851
926.298,0.0925955
892.216,0.0892157
917.443,0.0916929
27675.6,2.72552
948.551,0.0947349
15239.7,1.52123
1670.65,0.167025
996.664,0.0996609
926.225,0.0924548
808.551,0.0808187
1365.2,0.136495
1419.54,0.141891
1151.64,0.115156
1900.28,0.189952
1425.96,0.142567
1189.47,0.118942
966.052,0.0965392
2952.74,0.295189
1490.55,0.148857
1659.15,0.165889
721.425,0.0720662
5421.23,0.541097
1856.26,0.185578
1942.43,0.194162
2377.99,0.237229
867.965,0.0866463
686.766,0.0686669
1260.17,0.125929
3196.7,0.319652
1147.48,0.114685
1622.96,0.162239
1125.18,0.112484
666.862,0.066667
844.974,0.0844965
1897.53,0.189742
1591.16,0.158988
1949.16,0.19464
2525.68,0.252388
1451.95,0.145109
1201.12,0.120096
1214.09,0.121213
892.994,0.0892894
743.271,0.0741965
1419.85,0.141941
1641.86,0.164155
7863.06,0.785258
1050.16,0.105013
1767.99,0.176687
1048.17,0.104757
2111.56,0.210507
1478.83,0.147859
996.361,0.0996132
3122.53,0.311027
483.712,0.0483638
1536.54,0.15344
1232.36,0.123199
1037.63,0.103545
1407.3,0.140712
1282.17,0.128199
1376.97,0.137675
1045.84,0.10456
814.614,0.0814558
886.681,0.0886659
997.462,0.0997438
8967.9,0.89452
1029.34,0.102903
705.059,0.070495
9198.25,0.918786
917.03,0.0916765
1115.27,0.111501
1117.56,0.11169
1645.22,0.164512
1107.68,0.11069
2713.67,0.270895
1181.84,0.118163
2072.35,0.207216
3399.74,0.339555
885.139,0.0884879
1557.34,0.155718
326.033,0.0325985
868.048,0.0867038
966.59,0.0965811
852.031,0.0851625
1996.62,0.199433
2245.5,0.224269
1880,0.186871
919.393,0.0919309
2749.62,0.274499
1323.85,0.132274
1170.44,0.117018
823.814,0.0823706
1625.75,0.162432
5932.72,0.59191
1144.48,0.114424
1300.32,0.129988
3705.43,0.369725
806.685,0.0806444
714.617,0.0714406
2058.42,0.205609
1084.2,0.108403
580.479,0.0580344
872.323,0.0871167
660.687,0.0659108
1722.54,0.172097
1142.93,0.114282
1787.82,0.178756
746.544,0.0745815
894.136,0.0893601
1290.48,0.129015
2182.56,0.218119
1495.23,0.149493
3079.46,0.307581
1381.09,0.138079
392.135,0.0391275
1652.63,0.16521
722.487,0.0722403
1225.97,0.122524
991.439,0.0991394
1114.33,0.111358
2247.07,0.224685
3337.74,0.333603
3010.52,0.300751
668.364,0.0668158
728.039,0.0727962
2688.57,0.723141
1224.39,0.122378
2609.29,0.26077
5752.76,0.57497
2162.88,0.216203
2933.11,0.293064
1232.4,0.123109
888.765,0.088824
1243.7,0.12428
2530.05,0.252952
1396.41,0.139538
1160.01,0.115951
6128.96,0.612572
1958.45,0.195691
888.423,0.0886964
603.346,0.0603324
1043.77,0.104364
876.247,0.0876169
624.451,0.0624039
1673.74,0.167195
1001.88,0.100143
2012.19,0.201189
1451.68,0.145106
1197,0.119696
2639.57,0.26384
931.413,0.093077
1101.98,0.110126
3019.7,0.301716
864.037,0.0863436
1566.45,0.156531
1151.86,0.115139
2185.74,0.218519
628.274,0.0628143
778.187,0.0778039
1221.82,0.121957
3287.59,0.328004
902.257,0.0902246
831.427,0.083052
1189.56,0.118851
1449.05,0.144897
1086.16,0.108614
891.765,0.0891745
2637.47,0.263039
1801.48,0.180093
1210.76,0.121017
999.223,0.0998677
2482.04,0.248042
4458.72,0.44577
1223.63,0.122351
1003.55,0.100327
1905.59,0.19009
434.328,0.043391
640.76,0.0639666
1049.35,0.104396
1914.5,0.19136
904.339,0.090431
744.664,0.0744334
1208.2,0.120788
1187.61,0.118741
440.748,0.0440613
1048.18,0.104802
1626.49,0.162552
1020.74,0.102033
1165.25,0.116356
1073.24,0.107321
1042.17,0.103925
1113.76,0.111348
919.751,0.0918403
906.73,0.0903671
684.755,0.0684156
554.655,0.0554409
912.33,0.0904773
1110.96,0.111094
742.752,0.0742572
856.956,0.0856577
2015.27,0.200956
924.778,0.0924422
811.271,0.081107
4535.87,0.453399
3263.5,0.326179
954.711,0.0954117
1671.96,0.166951
1139.26,0.11392
830.43,0.083017
1274.17,0.127392
5959.66,0.594442
1812.7,0.181085
909.555,0.0909209
2398.05,0.239261
1037.76,0.103743
1391.91,0.138789
391.23,0.0391219
2170.89,0.217003
1106.29,0.110613
1217.74,0.121746
1373.56,0.137319
1808.75,0.180719
1455.11,0.145478
861.975,0.0860985
708.864,0.0708731
1127.16,0.112684
1471.89,0.147125
1463.36,0.146187
1625.9,0.162461
1057.77,0.105708
1208.32,0.120793
725.742,0.0725331
1475.43,0.147518
4415.6,0.440904
961.29,0.0960477
2664.83,0.265864
1351.22,0.134628
29102.7,2.89585
2060.92,0.204792
1542.28,0.15409
656.727,0.0656441
1385.6,0.138547
579.876,0.0579718
3704.61,0.368889
1822.49,0.186745
930.696,0.0928172
2031.6,0.203079
918.482,0.0917348
4274.53,0.427318
918.209,0.0917845
3447.86,0.34466
1530.97,0.153079
2015.93,0.201523
677.936,0.0676885
1015.78,0.10155
15708.5,3.77492
1037.12,0.102978
981.902,0.0980713
1415.63,0.14156
2983,0.298143
946.286,0.0945605
1057.93,0.105782
648.621,0.0647626
661.707,0.0661403
7213.45,0.718554
6579.91,0.657718
744.362,0.0744344
1525.59,0.152487
680.389,0.0680198
2583.27,0.258098
1026.63,0.10253
679.426,0.0678796
815.097,0.0813613
1198.74,0.119845
965.366,0.0965064
868.36,0.0868242
513.28,0.0513183
754,0.0753485
2324.31,0.232219
1017.64,0.101751
1043.57,0.103166
2766.09,0.276464
796.442,0.0796266
1667.74,0.166737
609.869,0.0609493
1635.75,0.163483
1548.47,0.154838
1581.19,0.157967
1306.62,0.130583
1281.34,0.128102
2053.87,0.205287
1038.23,0.10374
13667,5.97913
875.692,0.0871924
2350.1,0.234771
826.699,0.0826183
1909.16,0.190757
625.133,0.062489
729.399,0.0729049
3302.78,0.330206
2465.43,0.246263
716.982,0.0716838
1353.98,0.135353
1445.73,0.144509
1311.97,0.131092
823.7,0.0823062
2109.65,0.21058
1058.4,0.10579
1301.61,0.130137
933.51,0.0932593
1245.52,0.124491
1195,0.119495
777.104,0.0776936
3225.14,0.322473
1261.12,0.12606
1199.75,0.119944
1675.12,0.167473
1688.58,0.16878
2958.44,0.295738
922.35,0.0920988
1956.24,0.195534
1206.83,0.120576
1571.51,0.157052
1166.05,0.116585
1458.25,0.145782
982.434,0.0982005
541.755,0.0541524
872.183,0.0871967
1874.67,0.187459
1861.45,0.185979
1442.39,0.144153
1247.91,0.10611
701.677,0.070133
578.319,0.0576237
1845.99,0.184452
725.321,0.072461
2030.79,0.203029
498.36,0.0498117
2077.46,0.207681
766.497,0.076606
1774.07,0.177398
1388.2,0.138684
741.36,0.0741077
1532.9,0.152419
1522.49,0.152079
937.227,0.0937147
1282.7,0.128154
1127.47,0.112703
602.288,0.0602276
984.489,0.0984457
2829.32,0.281839
2955.7,0.295408
1161.33,0.116112
1313.58,0.131277
1038.91,0.10382
900.374,0.0900317
896.092,0.0895794
587.236,0.0587122
1052.05,0.105147
1295.97,0.129563
942.606,0.0942534
12364.9,4.45823
1242.38,0.124223
18606.5,1.85437
3068.81,0.306834
1998.12,0.199786
1080.8,0.10804
723.587,0.0723241
488.815,0.048825
2321.06,0.232019
743.795,0.0743747
1337.33,0.133655
1202.86,0.120253
979.091,0.0978256
2359.58,0.235929
1145.41,0.114443
875.21,0.0874994
4717.64,0.471643
1179.68,0.117953
582.781,0.0582065
1039.13,0.103824
2016.95,0.201485
1537.78,0.153757
1301.5,0.130079
835.458,0.0835133
1132.25,0.113189
485.391,0.0484185
953.439,0.0953157
1137.17,0.113695
949.422,0.100546
655.836,0.0654964
712.492,0.0712311
1389.67,0.138954
696.706,0.069657
1025.89,0.102443
1176.88,0.117594
2132.56,0.213031
852.435,0.0850801
2353.52,0.233524
5221.27,0.42726
591.875,0.0590845
3803.68,0.380248
5384.67,0.537766
1263.88,0.126275
2629.41,0.262736
669.179,0.0668647
1172.76,0.117259
597.252,0.059584
594.573,0.0594561
1287.66,0.128735
1178.2,0.115965
1881.81,0.188171
886.176,0.0885544
2487.28,0.248554
1603.61,0.160255
1028.02,0.102758
706.579,0.0705367
1234.51,0.123422
1088.18,0.108766
912.203,0.091155
1134.17,0.113415
1456.59,0.145577
1147.37,0.114677
2219.41,0.221811
733.794,0.0733447
586.54,0.0586056
853.898,0.0853724
708.95,0.0708288
2613.75,0.261188
599.798,0.0599546
969.518,0.0967967
890.466,0.0890153
1526.27,0.152516
1122.17,0.112212
935.587,0.0932155
1015,0.101419
1437.61,0.143733
953.407,0.0953301
588.236,0.0588031
2284.73,0.228433
3251.41,0.324896
2337.9,0.233639
1098.36,0.109685
1497.38,0.149259
1286.02,0.128548
1421.08,0.142091
735.365,0.0734841
2619.13,0.261337
587.11,0.0586661
675.959,0.0675664
1255.91,0.125567
1053.2,0.105303
1590,0.15889
1120.95,0.111916
1825.17,0.181995
1045.62,0.104405
1237.88,0.115416
2986.89,0.298613
3097.28,0.309632
1605.01,0.160434
931.407,0.093062
659.939,0.0659805
995.176,0.0994951
1723.2,0.172246
1042.81,0.104125
766.258,0.0766247
833.649,0.0833546
1236.67,0.123584
1440.68,0.14396
1064.92,0.106449
1354.94,0.135141
3177.08,0.31752
1296.78,0.129463
735.562,0.0734971
1545.75,0.154463
644.431,0.0644382
950.824,0.0950244
878.788,0.0877939
582.89,0.0582764
1242.27,0.124218
1306.39,0.130625
1688.67,0.168787
1475.51,0.147529
2093.54,0.209315
1412.66,0.141238
1157.9,0.115736
1118.66,0.111789
1656.41,0.165608
881.743,0.0881
1182.24,0.118134
534.027,0.0533976
2492,0.249072
948.659,0.0948613
2648.83,0.264761
965.377,0.0964916
664.14,0.0662918
3243.36,0.324206
810.176,0.0809207
480.082,0.0479423
927.092,0.0927026
2079.36,0.207883
1017.86,0.101233
1585.24,0.158466
1607.25,0.160681
1450.87,0.145002
691.872,0.0690474
2487.35,0.248637
990.367,0.0989602
1491.21,0.1491
1511.95,0.151183
1391.86,0.139079
949.653,0.0948946
906.585,0.0906194
707.63,0.0707582
1620.9,0.161882
1921.19,0.191997
1238.06,0.123776
1807.46,0.180734
961.746,0.0961716
848.078,0.0848059
1004.93,0.100479
1375.61,0.137359
461.046,0.0460356
1114.2,0.111396
987.711,0.098734
1337.89,0.13378
737.604,0.0737523
1131.48,0.113122
1135.95,0.113476
1240.97,0.124086
1724.49,0.172154
622.256,0.06222
880.983,0.0880932
823.882,0.0823822
2348.01,0.234654
993.226,0.0993138
873.751,0.0872514
996.734,0.0996295
2237.2,0.222225
3106.3,0.309988
1094.15,0.109268
563.548,0.0563477
1061.15,0.106018
946.152,0.0946042
2710.99,0.271004
1004.91,0.100462
1071.6,0.107085
2964.38,0.296126
1106.04,0.110561
3169.07,0.31669
908.939,0.0908592
1237.64,0.123742
10537.3,1.05237
1081.02,0.108099
2284.99,0.228191
1240.18,0.123896
871.775,0.0871625
3720.88,0.371828
1372.94,0.137252
1372.83,0.137221
5116.18,0.510647
1286.62,0.128628
557.995,0.0557946
1714.42,0.171393
1518.66,0.151766
318.673,0.0318649
688.878,0.0688863
2815.24,0.281391
876.829,0.0875147
1644.28,0.164167
6829.13,0.681108
981.476,0.0981416
649.033,0.0646248
1419.03,0.141899
1105.36,0.110493
1423.97,0.142373
3002.78,0.2999
1291,0.129076
1801.81,0.180024
751.107,0.0749512
2464.69,0.245574
1107.41,0.110692
1363.56,0.136277
3766.73,0.376586
2149.61,0.21491
1120.77,0.112074
1732.13,0.172884
1735.41,0.173257
1050.83,0.103804
1047.7,0.104747
1316.79,0.131657
738.861,0.0738781
975.415,0.0973927
2990.91,0.298988
2158.51,0.215634
2920.74,0.289827
25593.3,4.20032
3789.47,0.378557
1275.36,0.127522
535.698,0.0535635
777.103,0.0776171
1650.99,0.164841
1622.49,0.162242
1224.78,0.12244
1221.14,0.121794
914.299,0.0911391
970.812,0.0970567
993.46,0.0993365
1175.84,0.117556
1225.31,0.122505
1230.86,0.123059
862.208,0.0861898
1836.51,0.183508
1006.56,0.100555
4919.42,0.491324
2887.17,0.288606
871.675,0.0871216
3029.66,0.302915
815.485,0.0814691
970.849,0.0970558
1022.37,0.102232
5982.95,0.597662
1463.03,0.146275
657.335,0.0657258
933.319,0.0933232
1824.53,0.182296
563.923,0.0563823
2703.97,0.270091
986.166,0.0986088
770.919,0.0770882
779.277,0.0779073
1990.1,0.198615
916.386,0.0916118
1176.67,0.117646
1205.98,0.120472
931.954,0.0931269
1090.27,0.108982
1203.07,0.120303
929.747,0.0929606
955.778,0.0954932
380.744,0.0380564
756.282,0.0755778
1639.67,0.16386
1400.65,0.139966
1032.06,0.10314
6746.12,0.673639
1128.15,0.11266
2280.98,0.227974
3128.18,0.312191
609.646,0.0609557
2313.42,0.231161
984.043,0.0983924
1349.12,0.134902
4450.73,0.444711
884.898,0.0884759
867.653,0.0867528
1574.99,0.157463
836.914,0.0836527
2543.55,0.254243
2721.13,0.27199
801.587,0.0801502
938.655,0.0938316
741.708,0.0741612
975.006,0.0974943
1508.61,0.150179
979.609,0.0977115
1933.86,0.193297
654.346,0.0654329
2767.11,0.27667
1057.96,0.105779
1308.92,0.13086
2416.2,0.241495
429.059,0.0429043
825.062,0.0823359
1349.82,0.13495
4376.53,0.384605
801.676,0.0801152
1122.4,0.112227
2059.68,0.205956
1253.69,0.125077
1618.96,0.161792
2316.21,0.231535
2184.22,0.218362
869.838,0.0869254
491.983,0.0491428
894.588,0.0894378
1327.53,0.132716
4521.19,0.451767
1439.37,0.14389
843.291,0.0842931
1111.59,0.111108
1932.24,0.192904
557.401,0.0556897
8154.29,0.813664
2010.37,0.20096
2904.86,0.29038
1040.49,0.103904
1025.54,0.10238
791.835,0.0791099
1172.23,0.117208
840.435,0.0840024
1886.21,0.188518
2037.21,0.203588
2135.12,0.213484
988.962,0.0988078
2021.49,0.202128
469.368,0.0468957
1637.15,0.163635
1064.32,0.106421
1988.55,0.198704
1288.47,0.128788
1315.92,0.131563
693.602,0.069356
2085.06,0.208392
969.353,0.0969249
956.71,0.0956437
1114.47,0.111444
976.694,0.097509
1066.54,0.106329
1997.68,0.199733
862.497,0.086205
889.656,0.0885085
650.284,0.065013
866.171,0.0865356
3149.73,0.314517
2233.98,0.223313
2933.21,0.2932
2947.64,0.294581
664.305,0.0663912
685.249,0.0684997
1120.18,0.111997
1565.38,0.156325
637.094,0.063436
1228.67,0.122822
1134.83,0.113456
811.361,0.0810991
1235.1,0.123381
786.343,0.0786207
1406.02,0.140576
1917.92,0.191449
2143.87,0.214199
4034.8,0.403401
13474.5,1.33749
1169.2,0.116918
1487.15,0.148623
973.097,0.0972677
1127.1,0.112698
1865.03,0.186433
5246.51,0.524157
2000,0.199957
1481.94,0.148158
5998.59,0.598759
1844.61,0.18444
887.367,0.0887331
810.084,0.0809897
2014.26,0.201392
695.487,0.0694772
1128.46,0.112731
2508.64,0.25044
1218.45,0.12181
696.198,0.0696107
1786.46,0.178563
2850.73,0.279425
1013.44,0.101135
1253.8,0.124812
1155.62,0.115555
1706.99,0.170662
1409.25,0.140888
909.361,0.0909233
1139.48,0.113758
1531.87,0.153155
4144.43,0.414108
1253.84,0.125376
2033.11,0.203133
2450.39,0.244647
1497.57,0.149748
1821.29,0.182083
901.215,0.0901032
2973.01,0.297129
7659.16,0.765241
1311.38,0.130507
2036.16,0.203531
2720.97,0.27203
1131.27,0.11285
1201.98,0.120115
750.282,0.0750254
1211.34,0.121051
788.72,0.0788381
1103.73,0.110305
1890.33,0.188789
2455.96,0.245583
2512.28,0.251168
1222.22,0.122215
1511.13,0.151094
1416.8,0.141639
1408.69,0.140697
1378.26,0.137772
1169.81,0.116904
1632.07,0.163187
1630.26,0.162994
1435.36,0.143511
2408.29,0.240444
732.187,0.0729833
1248.21,0.124804
907.845,0.0907455
1415.78,0.141492
1417.83,0.141729
2502.49,0.250062
1502.67,0.14987
2274.74,0.227438
969.944,0.0969799
948.162,0.0947303
1177.87,0.117783
1797.3,0.179571
890.8,0.089054
1416.84,0.141666
1063.63,0.106303
1020.96,0.102061
2502.99,0.249787
754.381,0.0754301
1824.24,0.182358
1231.97,0.123173
1699.75,0.167696
796.406,0.0786575
853.758,0.0853694
1273.7,0.127265
1126.67,0.112383
2458,0.244669
1635.86,0.163573
788.898,0.0788524
1728.33,0.172797
2654.41,0.265023
1768.24,0.176808
875.255,0.0873316
1309.51,0.130919
980.984,0.0979876
1262.68,0.126242
1337.23,0.133649
3736.65,0.37359
792.989,0.0792857
1759.97,0.175981
495.671,0.0495588
1240.88,0.124075
1454.68,0.145466
1000.79,0.100032
1188.95,0.118719
2556.23,0.255365
2010.38,0.200856
677.016,0.0676963
998.573,0.0997791
853.319,0.0853013
883.036,0.0882899
1277.89,0.127713
1711.14,0.171029
1859.88,0.185922
1056.85,0.10563
15244.4,1.50463
762.682,0.0762637
713.132,0.0713069
932.681,0.0932242
1221.8,0.122167
7605.07,0.759797
996.56,0.0995845
1516.07,0.15156
1585.72,0.158549
1749.4,0.172837
607.324,0.0607183
942.93,0.0942755
1174.13,0.117399
1649.48,0.164627
2423.22,0.242124
1189.62,0.118924
1239.15,0.123846
707.749,0.0705739
1157.3,0.115716
1484.02,0.148374
1104.32,0.110395
7892.16,0.788451
948.19,0.0947723
7191.92,0.718234
707.411,0.0707174
1397.74,0.139759
3479.49,0.347866
1006.32,0.0998266
1447.78,0.144645
1733.45,0.523562
1468.38,0.146808
657.493,0.0657419
1046.63,0.104573
861.688,0.0861628
1437.33,0.143691
2096.92,0.209594
1369.61,0.136937
747.694,0.0746898
329.926,0.0329217
1096.48,0.109642
1019.03,0.101727
1385.23,0.138511
891.829,0.0890786
980.004,0.097971
789.686,0.0789638
685.726,0.0685285
1440.51,0.143235
1041.03,0.103645
1439.68,0.143962
1080.31,0.10794
2209.55,0.220874
1037.29,0.103694
6510.15,0.648204
922.215,0.0922122
1146.41,0.11463
1553.14,0.154939
1273.95,0.125789
1117.09,0.111661
1944.14,0.194337
1203.51,0.120328
1224.64,0.122404
2903.82,0.289825
1401.65,0.140052
1055.11,0.105457
1413.96,0.141367
1004.94,0.100482
879.157,0.0878952
2845.12,0.284389
1655.88,0.165393
1190.14,0.11901
819.651,0.0819545
797.719,0.0797558
1349.83,0.134842
2095.38,0.209488
1201.3,0.120078
2259.67,0.225669
1089.22,0.108911
840.429,0.0840111
1358.92,0.135875
784.451,0.0781389
2784.59,0.278341
880.033,0.0879779
1073.08,0.107294
3074.77,0.306954
1207.27,0.120717
1596.2,0.158666
1134.32,0.113363
1069.69,0.106933
903.458,0.0903291
1269.33,0.126898
1355.9,0.135549
1148.3,0.114811
6512.36,0.650796
4124.18,0.411699
988.387,0.0988043
1202.41,0.120216
1122.85,0.112251
882.015,0.0880718
1227.85,0.12262
980.81,0.098071
2284.58,0.22834
1040.55,0.104052
2458.92,0.245497
982.263,0.0981657
898.855,0.0898788
1622.54,0.162207
2431.26,0.243064
4255.66,0.425435
1122.43,0.112062
763.948,0.0763764
1714.07,0.171399
2086.4,0.208599
876.108,0.0874901
1320.09,0.131947
1001.73,0.100128
896.137,0.089575
1208.9,0.120831
895.19,0.089452
1103.02,0.110283
1734.08,0.172702
5569.96,0.555061
1343.39,0.134286
892.337,0.0891481
1099.61,0.109892
1689.33,0.168346
835.684,0.0835196
1027.54,0.102722
972.085,0.0971494
2697.32,0.269619
7600.14,0.75804
859.85,0.0859816
1349.83,0.129382
1552.56,0.155237
618.697,0.0606204
1962.91,0.195613
1501.31,0.150094
1066.36,0.106583
1574.9,0.156982
541.197,0.0541167
1040.42,0.10403
948.745,0.0947289
1380.61,0.137868
1623.62,0.162188
937.766,0.0930875
954.011,0.0953929
1325.8,0.13257
854.743,0.0854436
480.082,0.0479911
777.944,0.0777243
6725.51,0.670512
1410.23,0.141016
2071.41,0.207039
2291.44,0.229056
1080.95,0.108052
1823.4,0.182198
1460.84,0.145848
2630.57,0.26303
1498.11,0.149569
2579.58,0.257938
2402.01,0.240186
12304.6,5.61835
1347.63,0.134745
1472.5,0.147179
1558.99,0.15578
3599.9,0.359918
840.361,0.0840336
4764.93,0.4763
1022.91,0.102277
1080.36,0.108014
3070.29,0.306778
2046.17,0.204604
1132.68,0.113017
649.226,0.0649105
885.098,0.0884191
1220.66,0.122058
1019.31,0.101917
886.113,0.0886092
6713.33,0.670849
1202.59,0.120246
1024.93,0.102336
4627.75,0.462684
1555.09,0.15546
2669.91,0.266943
845.45,0.0845405
972.019,0.0971587
4079.29,0.407196
801.583,0.0800685
8868.47,0.881879
2065.2,0.206324
1813.1,0.18128
1467.86,0.146699
909.738,0.0909538
1115.26,0.111522
1388.27,0.138692
745.702,0.0745555
1158.06,0.115793
1164.19,0.116316
348.006,0.0348005
1001.5,0.100138
1165,0.116494
4713.29,0.471069
2631.98,0.261926
990.506,0.0990277
918.119,0.0916841
1355.05,0.135213
1438.33,0.143646
772.852,0.0772802
2062.56,0.186216
4693.18,0.467059
1195.35,0.119508
906.499,0.0906442
892.59,0.0892401
1364.18,0.136406
837.85,0.0837703
991.636,0.0991575
4285.37,0.427987
3315.26,4.09859
6228.4,0.616175
900.698,0.0900517
991.466,0.09913
10547.8,1.05272
984.431,0.0983123
2939.5,0.293833
1225.02,0.122418
764.216,0.0764115
854.137,0.0854043
1249.14,0.124866
889.591,0.0889018
1027.92,0.102746
776.202,0.0776057
848.876,0.0848749
1252.49,0.125162
2757.59,0.275733
668.055,0.0668007
623.667,0.0622941
1109.58,0.110836
1301.8,0.129604
1077.75,0.107765
1085.87,0.108463
1550.37,0.154952
2278.65,0.227785
3174.69,0.31742
4093.7,0.409058
1141.28,0.11412
969.91,0.0969729
3613.75,0.361162
789.325,0.078877
670.074,0.0669904
2330.5,0.232968
5361.34,0.533848
826.346,0.0826209
1752.37,0.175222
5980.71,0.596963
1133.8,0.113217
909.633,0.0909083
1734.03,0.173337
642.745,0.0642713
654.907,0.0654866
696.47,0.0696379
1364.26,0.136074
1287.96,0.126119
1376.82,0.137676
1262.46,0.126118
1348.45,0.134787
1237.85,0.12377
2818.32,0.281793
1446.64,0.14441
1927.89,0.192772
1766.96,0.176639
1001.03,0.100028
2524.68,0.252397
2415.79,0.241448
748.864,0.0748752
2932.57,0.293077
667.406,0.0667163
1911.45,0.19088
1733.09,0.173232
1528.54,0.152831
1119.9,0.111939
1750.31,0.174978
1178.92,0.117839
1206.76,0.12062
1225.23,0.122502
1553.66,0.155289
990.911,0.0990228
2329.25,0.232653
1563.16,0.156241
1051.14,0.105094
928.689,0.0928655
1146.77,0.114642
756.124,0.0753252
1025.61,0.102537
1015.7,0.101459
1428.11,0.142644
838.235,0.0837456
1229.55,0.12295
1210.83,0.121026
10814,6.24961
1725.69,0.172422
598.97,0.0598808
1158.46,0.115834
3293.05,0.328985
1810.8,0.180879
1837.69,0.183681
716.694,0.0716649
816.783,0.0816556
824.121,0.0822047
1633.11,0.163281
1863,0.186195
13174.6,1.31665
888.868,0.0888623
1883.63,0.188316
1067.07,0.106674
6188.25,0.617786
1619.02,0.161882
835.056,0.0834241
538.042,0.0537582
2067.5,0.206478
1783.58,0.178167
2545.08,0.254477
3967.82,0.395731
2443.33,0.24429
9256.43,0.924529
1518.06,0.151626
2099.41,0.209911
1091.6,0.109112
796.455,0.0796093
2203.52,0.220193
897.294,0.0896962
2448.31,0.244553
748.079,0.0748046
1919.14,0.191552
865.654,0.0865122
1075.78,0.107497
1574.34,0.15742
699.896,0.0699248
751.879,0.0751823
1122.53,0.112201
1013.6,0.101337
1532.75,0.153189
818.008,0.0817957
1266.77,0.126634
2740.61,0.273711
913.538,0.091337
2535.94,0.2533
1997.23,0.199618
1064.86,0.106483
1051.15,0.105108
1097.72,0.109718
2006.36,0.200211
946.289,0.0944806
4916.07,0.491351
1020.54,0.102002
1727.59,0.172708
1049.72,0.104966
1841.17,0.183167
829.159,0.0829031
1228.6,0.122809
985.874,0.0983881
1185.9,0.11857
2960.18,0.295938
1048.04,0.104796
2125.05,0.212326
1860.82,0.186006
2040.88,0.204046
2916.93,0.291672
2531.57,0.253094
3400.46,0.340016
1129.42,0.112939
790.043,0.0789699
4065.06,0.40595
702.953,0.0702855
1769.18,0.176903
867.707,0.0867369
1231.86,0.123179
1468.4,0.146284
778.575,0.0778538
3999.1,0.399757
1303.84,0.130346
869.622,0.0869051
1081.46,0.108141
1320.66,0.131959
901.461,0.0900866
4520.34,2.00084
695.848,0.069577
696.015,0.0695656
1003.13,0.100234
703.389,0.0703252
2382.59,6.94526
1374.7,0.137312
1496.32,0.149608
1265.98,0.126531
879.718,0.0879263
4125.96,0.411938
1220.27,0.121994
1242.88,0.124252
2270.61,0.226891
1414.01,0.141295
1360.32,0.135846
772.635,0.0772391
1452.28,0.145163
1418.27,0.141797
3099.65,0.309669
1485.21,0.148479
983.438,0.0983143
2882.12,0.288087
1000.72,0.100059
1478.09,0.147728
1388.19,0.138804
1368.58,0.136839
1508.54,0.150775
1428.11,0.142701
1274.38,0.127423
1563.53,0.156024
1006.95,0.100691
2484.83,0.248125
723.144,0.0722221
972.868,0.0972722
713.537,0.0713365
884.459,0.0858208
2869.53,0.28647
1062.04,0.10617
1092.86,0.109278
6233.9,0.622646
1712.07,0.171023
945.249,0.0945194
2266.8,0.226472
1131.23,0.113083
783.527,0.0640009
695.591,0.0694636
2704.54,0.270267
1142.14,0.114207
730.897,0.0703669
731.2,0.0731117
2893.64,0.288466
710.718,0.0710347
1679.92,0.167876
4447.18,0.444347
705.821,0.0705495
1219.47,0.128259
1655.14,0.165475
755.194,0.0755033
6183.42,0.617576
1089.09,0.108874
808.625,0.0808571
1000.05,0.099916
2009.95,0.200651
634.735,0.0634685
888.141,0.0888056
1219.42,0.121933
720.518,0.0720463
1248.44,0.124834
1492.32,0.149166
1840.5,0.183927
824.651,0.0824583
2331.4,0.233081
1262.62,0.126253
966.185,0.096606
8630.81,0.857975
1030.95,0.10305
1385.02,0.138475
1446.49,0.144628
1597.88,0.159769
2709.27,0.269978
627.222,0.062717
1173.04,0.117296
620.415,0.0620267
1393.51,0.139308
1814.71,0.180653
694.6,0.0692265
2420.62,0.240422
1476.51,0.147626
996.018,0.099315
1447.03,0.144663
2215.48,0.221527
1283.7,0.128279
1347.21,0.134482
1530.97,0.153057
1127.61,0.109349
667.67,0.0667606
1167.71,0.116618
698.338,0.0698166
2065.02,0.206357
981.436,0.0981111
903.725,0.0902886
895.294,0.0894747
912.065,0.0911709
3107.62,0.310492
859.658,0.0858904
1716.99,0.171601
863.461,0.086343
1000.3,0.0998871
1820.21,0.181963
1328.24,0.132777
1898.95,0.189397
2676.31,0.267541
679.61,0.0678862
753.536,0.0753437
1910.35,0.190484
3552.14,0.355104
1411.37,0.14105
1543.65,0.1541
1268.09,0.126584
975.547,0.0974629
846.194,0.0846149
794.3,0.0794234
1532.65,0.153251
912.566,0.0912453
1520.32,0.15197
993.465,0.0993376
822.999,0.0822889
961.226,0.0960643
1074.19,0.107405
895.119,0.0895081
907.812,0.0907328
1669.23,0.16678
1008.49,0.100838
929.089,0.0929045
1291.02,0.12907
725.65,0.0725298
2188.53,0.218652
1079.62,0.107288
1566.1,0.156557
1483.61,0.148249
2043.72,0.204341
13941.2,1.39222
1061.62,0.106136
1489.67,0.14895
728.358,0.0727822
1069.27,0.106914
1366.64,0.136593
1791.88,0.179117
1437.51,0.141986
1257.53,0.125605
1494.91,0.149089
3927.48,0.392376
1021.95,0.102082
1071.19,0.106962
1260.71,0.126003
1934.35,0.193244
2416.88,0.240767
1088.82,0.108871
9452.59,0.942628
1035.62,0.103471
2667.52,0.266645
1239.86,0.12386
1591.3,0.154505
16296.2,1.62453
949.11,0.0948961
1134.74,0.113435
10393,1.03408
786.134,0.0784654
1175.24,0.117406
1114.66,0.111452
1979.22,0.197905
1376.99,0.137602
3439.59,0.343472
2986.74,0.298286
1441.36,0.144116
654.194,0.0653076
1386.83,0.138615
970.777,0.0970648
1140.03,0.113976
2285.95,0.228532
953.746,0.0953473
897.896,0.0897711
1725.33,0.17252
1097.91,0.1097
1286.27,0.128499
1676.51,0.166263
1309.21,0.130857
1077.74,0.107736
1046.95,0.104686
1491.97,0.149152
2242.98,0.223847
1419.98,0.139662
1153.54,0.113995
1184.73,0.118406
539.105,0.0538623
3051.31,0.303676
842.354,0.0830291
1238.25,0.123801
1860.71,0.185837
2005.91,0.200415
603.502,0.0602669
2669.17,0.265682
880.439,0.0879711
1271.02,0.12707
1135.49,0.113515
594.958,0.0594224
743.874,0.0742894
1149.94,0.114436
2173.42,0.217147
964.258,0.0963939
868.948,0.0867861
1022.47,0.102214
5296.13,0.529387
848.748,0.0848353
1570.62,0.157031
2250.51,0.22469
1538.95,0.153313
1697.37,0.16965
1641.33,0.16401
623.68,0.0622683
746.601,0.0746559
835.916,0.0835697
2138.8,0.213705
821.991,0.0821066
873.658,0.0873484
741.632,0.0741411
1314.58,0.131361
756.101,0.0755705
1268.31,0.126642
1945.14,0.192676
947.412,0.0942204
1030.38,0.103036
801.487,0.0800862
734.604,0.0732738
1962.92,0.196285
1573.08,0.157084
1349.86,0.134523
3801.3,0.380107
937.784,0.0937673
888.212,0.0888199
911.192,0.0910279
1441.13,0.144087
1422.25,0.142155
5108.25,0.51028
2851.01,0.28488
3976.35,0.397517
2056.71,0.204036
1310.84,0.130948
1904.36,0.190383
1660.92,0.165704
804.848,0.0804455
901.12,0.0899806
1497.55,0.14943
1401.41,0.139808
2437.81,0.24369
3615.62,0.36121
1022.75,0.102252
1186.68,0.118657
1041.31,0.103726
1787.35,0.17866
1405.76,0.140532
1052.26,0.0977168
1674.38,0.167388
768.544,0.0766839
1476.94,0.147662
873.312,0.0873254
793.305,0.0781848
1073.93,0.107373
896.632,0.0896588
1554.8,0.155185
4755.07,0.474814
1424.86,0.142457
969.524,0.096391
999.242,0.0999172
1375.53,0.137496
1260.26,0.125615
8569.84,0.853641
764.931,0.0764912
1815.85,0.181558
1606.1,0.158252
768.094,0.0767128
1543.49,0.154341
850.934,0.0850318
1376.03,0.137417
1392.88,0.139173
1822.28,0.182164
2014,0.201289
803.951,0.0803694
679.37,0.0679328
1864.45,0.186423
1159.79,0.115737
666.695,0.066625
1660.57,0.166003
1163.58,0.116338
1658.55,0.165825
1538.66,0.153744
1392.87,0.138931
795.449,0.0794841
2318.74,0.231782
1845.15,0.184374
1192.85,0.119167
1739.24,0.173432
1081.59,0.108132
2333.92,0.233325
940.541,0.0939475
661.536,0.0661509
2301.02,0.230034
2747.34,0.274596
1174.48,0.117284
1167.57,0.116433
1773.81,0.176842
4600.37,0.459867
1079.57,0.107929
864.395,0.0863688
1174.6,0.117365
1034.41,0.103418
4376.23,0.436686
17510.3,1.74402
1099.89,0.109914
1390.38,0.138939
4810.88,0.480881
801.897,0.0801369
631.105,0.0631102
3261.73,0.325666
689.481,0.0689188
1329.31,0.132897
735.271,0.0734975
4268.28,0.426352
541.07,0.0540775
1051.38,0.105105
1285.23,0.12843
873.967,0.0873954
706.677,0.0706651
1800.98,0.18006
674.142,0.067331
1875.61,0.187484
714.712,0.0713885
2161.26,0.216104
1575.39,0.157497
859.768,0.085961
1244.07,0.1244
1277.95,0.127681
1228.23,0.122777
1601.49,0.160109
1094.04,0.109368
1257.63,0.125723
958.805,0.095815
1432.83,0.143256
1150.94,0.115041
1150.04,0.114972
784.756,0.0784237
1682.63,0.167696
3462.77,0.346235
1159.53,0.115517
1009.83,0.100264
1001.06,0.100094
1062.98,0.106287
1518.27,0.151797
1258.04,0.125794
2944.46,0.294405
1814.03,0.181087
1175.89,0.11756
932.736,0.0932685
1068.41,0.106798
1379.73,0.137801
600.842,0.0600729
1533.91,0.153346
1147.5,0.11474
1166.36,0.116249
717.823,0.0716065
964.123,0.0963909
1203.6,0.120348
922.416,0.0921966
1105.42,0.11053
1537.31,0.153666
676.285,0.0676101
1651.25,0.165088
2562.99,0.256173
1371.1,0.137094
1058.4,0.105772
1133.17,0.113289
754.023,0.075361
1828.1,0.182782
1711.93,0.171137
2070.3,0.206775
804.511,0.0801053
1708.97,0.170369
9455.22,0.944576
628.299,0.0627646
1166.75,0.11658
1039.46,0.103932
1001.04,0.100094
1723.84,0.1722
1284.97,0.128399
1192.55,0.118391
1150.54,0.11492
1079.19,0.107878
1176.98,0.117587
683.575,0.0683352
1713.82,0.171287
1381.78,0.138033
1591.61,0.159123
935.051,0.0934726
1065.22,0.106487
886.647,0.0886544
549.342,0.054933
899.728,0.0899474
1207.36,0.120723
633.665,0.0632849
929.112,0.0927648
902.192,0.0902168
3589.6,0.358845
4301.68,0.430056
2932.69,0.291903
2028.36,0.201413
2231.24,0.223095
916.444,0.0916372
1383.16,0.138264
784.68,0.0784436
2483.4,0.248199
1769.78,0.176753
835.703,0.083546
1037.54,0.103726
1667.12,0.166651
1279.31,0.127307
1455.9,0.145563
1630.51,0.162901
926.298,0.0926126
2514.99,0.251128
1386.56,0.138613
521.89,0.0521766
1861.37,0.185867
1257.51,0.125722
657.939,0.0657755
1460.81,0.145959
3599.33,0.359719
2994.39,0.298681
4898.03,0.488587
1717.77,0.171718
1124.6,0.112297
1903.65,0.190232
1318.26,0.131404
3229.17,0.322813
2157.88,0.215745
1088.32,0.108571
1443.8,0.144317
2048.9,0.204842
797.019,0.0794833
1052.22,0.105176
1507.8,0.150736
2149.38,0.214919
1050.21,0.110343
1959.34,0.195852
1254.41,0.125389
1158.59,0.115803
1360.6,0.136013
928.036,0.0928014
1754.04,0.175368
714.928,0.0714234
705.785,0.0705646
806.275,0.080599
565.878,0.0565827
4819.49,0.481582
1716.94,0.171633
647.017,0.0639558
1946.72,0.194602
743.874,0.0743719
1018.69,0.101801
954.85,0.0954807
951.573,0.0950908
1893.87,0.189094
2123.75,0.212215
2904.17,0.290371
1166.67,0.11666
1444.95,0.144457
5851.8,0.584694
1053.22,0.105317
4393.26,0.437435
1855.49,0.18551
3989.2,0.398761
1098.63,0.109842
1443.67,0.144257
2040.58,0.204042
1208.36,0.120817
2440.33,0.243819
1340,0.133944
1388.09,0.138799
711.605,0.0710398
1190.22,0.118843
1884.75,0.188253
745.371,0.0745256
1596.77,0.159655
916.845,0.0916347
1151.11,0.114971
3283.58,0.327635
2084.36,0.208401
2998.36,0.299297
1729.76,0.172813
2192.52,0.219147
889.254,0.0888672
1782.58,0.178102
1324.52,0.132378
1431.13,0.143096
1378.28,0.137452
558.067,0.0557654
767.453,0.0767212
2000.01,0.199955
1208.58,0.120847
1130.9,0.113015
1452.52,0.145237
926.042,0.0925114
2153.18,0.204681
1218.49,0.121772
894.09,0.0893739
624.81,0.0624768
812.203,0.0811728
795.384,0.0794596
874.587,0.087453
904.793,0.090393
13850.1,1.38383
1355.04,0.135441
5778.42,0.577628
3227.36,0.322316
572.881,0.0572355
1668.76,0.166836
990.372,0.0990091
1261.67,0.125972
767.994,0.0765142
684.106,0.0684058
7115.62,5.0791
745.562,0.0745515
1079.02,0.107822
1454.64,0.145135
967.886,0.0967804
838.928,0.0838647
2213.15,0.221297
6628.73,0.660957
1092.17,0.109197
1525.34,0.152526
447.017,0.0446929
2306.21,0.2306
696.463,0.0696294
3736.94,0.372655
1268.06,0.126728
3262.57,0.326202
9760.17,0.973673
1162.02,0.116169
1556.13,0.155498
1869.49,0.186926
4198.23,0.419527
1275.18,0.127492
1806.36,0.180584
2413.26,0.241228
2919.8,0.291949
3547.85,0.35362
1011.29,0.101123
1083.78,0.108334
1983.5,0.198101
660.513,0.066046
3807.87,0.380704
1182.49,0.11804
1026.56,0.102321
1089.41,0.10892
1660.33,0.165724
614.789,0.0614633
1129.56,0.112849
1911.37,0.190899
1115.12,0.111498
833.737,0.0833562
1323.95,0.132252
2637.45,0.263727
1899.13,0.189858
648.739,0.0646042
1322.59,0.132187
1543.57,0.15418
906.899,0.0906815
3481.37,0.348023
1957.76,0.195768
1899.62,0.189725
2844.82,0.282632
716.52,0.0716313
887.401,0.0887251
7866.87,0.785277
812.803,0.0812404
1423.37,0.142323
1281.31,0.128127
2152.89,0.215146
1427.9,0.142771
913.209,0.0913019
2746.67,0.274021
956.91,0.0950832
3166.29,0.316548
972.92,0.0972735
1225.46,0.122435
3172.69,0.317074
862.946,0.0862771
1164.7,0.116439
1139.53,0.113935
1517.49,0.14496
3182.56,0.318197
2220.1,0.22154
1984.94,0.198338
1097.45,0.109699
605.888,0.0605825
902.57,0.0902346
1883.33,0.188288
903.189,0.0900674
1356.83,0.135599
820.568,0.0801896
1848.38,0.184818
720.988,0.0720836
790.541,0.0790406
784.507,0.0783873
1537.73,0.153612
2106.75,0.210606
955.101,0.0953823
1162.09,0.116197
963.033,0.0962971
2026.98,0.202481
2883.08,0.288172
1300.54,0.130008
938.319,0.0937741
4465.66,0.446098
648.163,0.0648121
754.006,0.0753595
1040.81,0.104054
2127.14,0.212553
3161.22,0.316023
1023.08,0.102299
1099.37,0.109871
1192.7,0.118764
1105.7,0.110562
813.158,0.0812701
2161.91,0.216115
1747.33,0.174396
728.586,0.0728485
2302.2,0.228808
1131.48,0.11313
2443.59,0.243931
1674.02,0.167159
808.77,0.0808663
536.324,0.0536258
1428.44,0.142782
515.841,0.0515776
6998.81,0.699525
784.942,0.0784258
1455.45,0.145413
1024.29,0.102418
1369.7,0.136907
1072.5,0.107216
951.125,0.0950789
1611.01,0.16102
1117.11,0.111652
876.176,0.0876027
1025.01,0.102445
1158.75,0.115826
727.211,0.0727199
263.021,0.0262908
2379.64,0.237939
1301.22,0.130011
2504.04,0.250179
996.963,0.0996331
1594.55,0.159268
840.241,0.0839236
1249.02,0.124834
1281.12,0.128094
1977.61,0.197736
1365.11,0.136467
769.463,0.0769321
1508.34,0.150808
973.141,0.0972116
1358.45,0.13583
1041.78,0.104068
1346.64,0.134614
1145.81,0.114398
1679.91,0.167581
1199.61,0.119941
1188.96,0.11883
2972.47,0.297185
1181.85,0.118175
1035.72,0.103468
2858.02,0.285655
3062.42,0.305976
1236.8,0.123455
1112.09,0.111197
1024.92,0.102065
1384.67,0.138455
1088.48,0.108789
22161.8,2.21048
1657.03,0.165636
1182.24,0.118014
9203.28,0.918062
8526.15,0.851615
1187.57,0.118728
620.608,0.0619928
895.825,0.0893737
1167.41,0.116732
831.199,0.0830146
1039.41,0.103929
2553.46,0.255301
758.027,0.075799
767.977,0.0767468
1106.55,0.110613
1118.88,0.11185
1210.14,0.120774
1240.17,0.123992
1165.46,0.116524
1950.11,0.19497
1563.03,0.156075
1607.81,0.160704
946.989,0.0946741
1216.27,0.121581
1165.58,0.116548
914.282,0.0913746
2041.37,0.20413
797.445,0.0797367
1520.13,0.151982
1198.04,0.119795
2810.35,0.280517
1178.03,0.117792
1254.53,0.125312
813.243,0.0813105
873.901,0.0873855
1211.37,0.12107
1743.07,0.17427
734.176,0.0733902
876.994,0.0876736
919.362,0.0919193
1989.28,0.188138
2106.41,0.210458
820.495,0.0820229
1737.02,0.173593
1839.04,0.18332
1624.41,0.158283
1904.21,0.190172
2427.82,0.242689
2388.33,0.238724
1298.94,0.129667
1236.55,0.123635
1107.95,0.110777
1701.38,0.170079
774.31,0.0773783
8911.76,0.889118
3475.22,1.19679
589.877,0.0589729
802.556,0.0802483
1643.66,0.164337
1972.46,0.197123
3254.32,0.324218
1297.57,0.129714
2140.06,0.21386
2781.35,0.278082
1467.63,0.146713
2101.32,0.210075
927.743,0.0927084
1369.77,0.136946
854.829,0.0854767
3727,0.37163
917.461,0.091653
651.992,0.0651716
1490.32,0.148889
1778.45,0.177816
1523.64,0.151843
1893.14,0.187855
2102.79,0.210202
1156.91,0.115595
1241.83,0.124173
1521.07,0.15204
2195.94,0.21499
1475.93,0.14758
1987.14,0.197741
1469.14,0.146808
1471.62,0.147022
1803.28,0.180283
1923.61,0.192326
1273.71,0.127286
1620.6,0.161909
1111.58,0.111153
1068.48,0.106773
1517.89,0.151766
839.313,0.0839272
1265.22,0.126273
2656.89,0.265618
1008.5,0.100716
4725.65,0.471668
1801.03,0.180085
896.443,0.0896289
3303.3,0.329335
885.887,0.088575
1137.9,0.113749
1006.85,0.100547
1003.59,0.100338
3416.88,0.341544
1270.29,0.126966
704.814,0.0704747
1878.53,0.18782
1298.57,0.129602
1100.58,0.110003
2188,0.218325
3388.93,0.338696
1029.32,0.102926
865.695,0.0865404
1589.43,0.158929
1088.51,0.108814
5540.6,0.552971
1178.39,0.117724
2340.72,0.23391
1004.46,0.100421
1689.83,0.168729
1523.77,0.152318
1303.32,0.13031
807.073,0.0807003
1425.15,0.14236
851.216,0.0848245
992.885,0.0992256
702.327,0.0700414
735.83,0.0735531
1091.87,0.109183
2309.17,0.230483
1759.38,0.17591
1206.5,0.12063
1883.22,0.188309
799.573,0.0798859
3944.59,0.393545
1615.41,0.161452
1512.82,0.150787
2122.33,0.212225
1320.7,0.131925
1552.84,0.154754
919.222,0.0918336
2169.49,0.216918
919.737,0.0916635
2454.63,0.245302
1052.54,0.105215
894.768,0.0894586
4862.9,0.485403
1831.95,0.183154
1753.41,0.175327
2494.74,0.248338
1849.7,0.184874
1024.6,0.102279
1658.36,0.165645
875.519,0.0875471
2435.22,0.242575
1663.11,0.1663
906.326,0.0906072
1078.16,0.107154
790.194,0.0790074
611.128,0.0611113
1146.33,0.114618
1813.59,0.18084
827.353,0.0827022
1305.72,0.130504
1811.21,0.168375
3287.44,0.328563
838.502,0.0838201
1522.2,0.152202
1018.09,0.101745
3112.87,0.311247
2002.62,0.20017
875.2,0.087467
1010.98,0.10104
6755.33,0.675129
1491.49,0.148984
1369.29,0.136839
955.966,0.0955527
1699.43,0.169801
1165.44,0.116532
1455.51,0.145359
753.589,0.0753178
2542.53,0.254175
793.984,0.0793949
786.502,0.0786422
1363.76,0.136371
1848.04,0.184761
1147.43,0.114491
4583.97,0.457528
900.213,0.0899685
762.629,0.0762591
935.875,0.0935834
1824.66,0.181608
3827.41,0.382645
1206.75,0.120638
1305.58,0.130395
1782.34,0.178192
960.016,0.0953401
742.458,0.0742427
4198.91,0.419063
765.351,0.07653
1509.95,0.150918
1032.7,0.103262
624.086,0.0623165
1514.4,0.151264
658.488,0.0657876
1128.32,0.112807
1440.94,0.144069
715.394,0.0715017
2452.17,0.245143
1863.26,0.185761
3034.05,0.303355
4078.47,0.407126
979.924,0.0979726
500.282,0.05001
2348.41,0.234774
816.01,0.081597
2095.51,0.209478
912.743,0.0911856
929.177,0.0929125
1641.11,0.164071
1028.1,0.102289
1164.72,0.116455
1375.39,0.137308
2452.19,0.296184
1289.19,0.128904
2092.04,0.209183
1363.61,0.13634
1631.29,0.163003
4412.43,0.439711
711.908,0.0711864
1993.18,0.199268
1547.76,0.154766
1347.52,0.134723
1213.82,0.12133
1074.01,0.107374
1410.57,0.14099
1570.78,0.156962
5293.74,0.528606
673.841,0.0673778
1212.36,0.121151
1606.65,0.160659
1789.53,0.178751
1397.19,0.1397
830.22,0.0829982
483.622,0.0483403
1589.4,0.158888
1612.99,0.161272
1606.53,0.160545
6589.02,0.658502
1672.22,0.167214
718.426,0.0718361
11074.8,1.10067
1258.44,0.125735
1414.71,0.141438
1036.38,0.102967
1907.09,0.190674
2763.44,0.275318
1902.01,0.190107
2256.11,0.225523
789.948,0.0789782
662.327,0.0661923
1177.88,0.117774
1241.95,0.123938
889.901,0.0889746
1514.33,0.15088
1033.32,0.103316
1454.61,0.145443
564.899,0.0563073
967.867,0.0967617
673.036,0.0673013
929.727,0.0929527
648.897,0.0648607
899.024,0.0898663
1156.69,0.115611
3490.93,0.348785
1257.05,0.125532
638.392,0.0636705
986.176,0.097452
954.22,0.0951527
923.643,0.0922044
1543.81,0.15425
2150.72,0.214873
610.305,0.0609076
4583.45,0.458174
1129.35,0.112822
1104.45,0.110405
1781.85,0.178102
674.371,0.0674334
1523.87,0.152099
763.362,0.0763333
1132.52,0.113248
1146.41,0.11451
852.614,0.085176
911.115,0.0910671
761.608,0.0761389
1221.96,0.119966
1695.29,0.169501
3849.84,0.384171
953.42,0.0951607
1001.26,0.0997455
3058.16,0.305744
2038.9,0.203729
1176.48,0.117602
928.896,0.0928432
733.682,0.0733382
1677.43,0.167651
2588.9,0.258682
632.255,0.0631988
1343.85,0.134225
2263.86,0.226343
1612.45,0.161051
1680.94,0.168064
982.594,0.0981995
1214.41,0.121411
965.404,0.0965187
1260.88,0.126001
2021.45,0.202068
2503.23,0.244969
1747.61,0.17458
729.351,0.0729094
1547.39,0.154722
682.68,0.0682669
721.868,0.0721806
2777.98,0.277771
1747.33,0.174175
1857.55,0.185553
1087.07,0.108697
2559.65,0.25591
968.611,0.0967824
1024.85,0.102155
2065.27,0.206436
4061.17,0.405681
919.395,0.0917256
2121.96,0.212
2895.66,0.289511
1573.43,0.15712
1309.18,0.130803
1218.29,0.121813
708.62,0.0708454
1498.15,0.1498
4421.84,0.441807
1994.8,0.199447
2109.8,0.21094
21553.8,2.13503
455.588,0.0437273
1292.4,0.12886
910.668,0.0907761
1249.26,0.124915
632.894,0.0632879
782.209,0.0781399
1156.41,0.115621
1730.92,0.172952
716.151,0.0716072
1942.99,0.194281
833.473,0.0833247
4681.97,0.468118
1272.98,0.127291
1132.78,0.113238
847.676,0.0847004
2630.95,0.263
1717.97,0.171781
1486.55,0.148625
1052.64,0.105157
1637.1,0.163693
780.137,0.0776817
2353.41,0.235209
1055.15,0.105503
770.416,0.0769557
785.564,0.0785444
1189.81,0.118959
733.118,0.0733048
2135.64,0.21274
837.081,0.0837043
968.632,0.0968305
1407.79,0.140611
2843.97,0.282636
1361.17,0.136112
2246.34,0.224617
2083.57,0.208291
1969.56,0.196904
1038,0.103664
845.845,0.0845685
1764.34,0.176355
1519.11,0.151744
1116.25,0.111339
871.446,0.0871086
3228.45,0.322443
528.758,0.052859
1381.6,0.138137
908.73,0.0908359
1487.41,0.148715
1125.87,0.11256
2941.8,0.294068
1278.94,0.127664
998.55,0.099788
824.189,0.0824142
1436.49,0.14357
844.443,0.0805374
1317.81,0.131752
1481.7,0.147864
1096.01,0.109587
1320.54,0.132019
1020.37,0.10203
1459.86,0.145943
3201.8,0.320096
5820.55,0.58174
818.812,0.081866
1872.05,0.187161
1219.8,0.121721
1886.86,0.188663
1228.25,0.120915
873.905,0.0873787
783.71,0.078346
534.716,0.0534648
1595.43,0.159534
654.455,0.0653615
3870.87,0.386995
1711.4,0.17102
2869.53,0.286883
1007.97,0.100751
908.79,0.0907539
604.659,0.0604555
2246.3,0.22428
1725.05,0.172435
1870.84,0.186077
697.313,0.0696894
7095.55,0.708928
6038.49,0.603311
2310.4,0.230867
919.343,0.0918633
1271.24,0.12704
1443.19,0.144285
814.52,0.0814417
20388.5,2.03289
1245.59,0.124523
2150.38,0.215008
1094.76,0.109427
989.458,0.0989345
3848,0.38471
570.192,0.0570022
3251.58,0.324695
1734.41,0.169585
775.939,0.0775917
1003.82,0.100339
1554.15,0.155396
1264.22,0.126407
1020.09,0.101952
1246.13,0.124589
1510.02,0.150775
1378.89,0.137797
2071.85,0.207059
1346.39,0.134562
840.891,0.0840181
3441.38,0.343989
735.325,0.073527
3269.23,0.326278
1501.52,0.148528
691.546,0.0691171
1067.68,0.10675
1495.13,0.149399
1866.28,0.186531
1292.16,0.12921
879.277,0.08788
850.788,0.0849312
1458.77,0.145783
1665.7,0.166541
835.001,0.0834941
2436.38,0.243591
1002.14,0.100165
925.281,0.0925199
3814.38,0.381303
1111.22,0.111087
1038.84,0.10385
1569.27,0.15678
1115.22,0.111379
1605.9,0.160561
2435.17,0.242615
1655.55,0.165322
2057.89,0.205738
1697.15,0.169647
1263.47,0.12625
985.428,0.0983932
4390.51,0.438293
659.78,0.0659744
1008.71,0.100795
2503.13,0.250193
982.792,0.0982679
7491.07,0.745268
697.608,0.069758
5996.49,0.598725
933.02,0.0933001
948.415,0.0948211
1105.26,0.110369
3221.6,0.321927
714.559,0.0714083
802.907,0.0802546
1231.28,0.123085
565.865,0.0565825
714.92,0.0714828
640.793,0.0640105
764.138,0.0763601
915.859,0.0914514
1329.81,0.132931
1847.85,0.184678
2982.36,0.298222
3053.6,0.305098
7410.6,0.640745
699.264,0.0699243
868.432,0.0867932
1449.32,0.144521
2144.25,0.214067
1977.59,0.197708
1127.06,0.112694
768.625,0.07684
1686.01,0.168499
1730.56,0.173005
2538.28,0.252517
1260.66,0.126058
2182.97,0.218085
386.679,0.0386663
1357.06,0.135651
874.377,0.087131
683.721,0.0683077
902.295,0.090211
1738.43,0.173621
918.788,0.0918736
1075.77,0.107538
852.996,0.0852878
1042.15,0.104162
1067.14,0.106702
1342.13,0.134203
2351.16,0.234819
2622.88,0.262096
1043.75,0.104366
801.823,0.0801278
1137.91,0.113745
17712.5,1.76947
1378.4,0.137835
972.257,0.0972096
924.253,0.0923813
1859.89,0.185858
1334.89,0.133377
871.257,0.0870317
881.665,0.0880335
2630.96,0.262912
8361.37,0.832598
860.594,0.0860529
1685.87,0.168533
2392.97,0.239247
1208.87,0.120779
867.318,0.086624
1702.09,0.170137
4004.65,0.400441
1358.87,0.135837
947.053,0.094662
1894.89,0.189283
840.619,0.0840153
889.878,0.0889412
5333.31,0.532724
794.62,0.0794376
1922.36,0.191862
885.916,0.0885795
1597.57,0.159707
1060.2,0.106016
748.556,0.074757
969.098,0.096903
1029.65,0.102952
575.251,0.0574746
1064.08,0.10228
653.663,0.0651934
1130.05,0.112993
903.398,0.0903304
1124.58,0.112432
1941.48,0.193862
1347.72,0.134726
1134.43,0.111804
654.865,0.0652754
2570.16,0.25699
1054.91,0.105471
639.706,0.0639666
1595.24,0.159484
2329.17,0.23287
9260.27,0.924192
2982.71,0.297941
914.094,0.0913123
832.745,0.083244
1596.92,0.159541
1466.1,0.146593
1192.07,0.119172
1938.83,0.193842
957.007,0.0956875
656.397,0.0656203
2321.78,0.232162
836.686,0.0836444
1654.76,0.165425
843.91,0.084386
1502.27,0.150192
874.021,0.0873934
4445.53,0.444363
799.854,0.0799632
1921.75,0.19216
801.735,0.0795505
2012.44,0.200783
1710.72,0.170968
1207.41,0.120711
2141.05,0.214038
1465.43,0.146209
2330.16,0.232319
950.213,0.0949326
1330.8,0.133059
1762.09,0.176101
533.505,0.053349
908.063,0.0907806
3568.35,0.35666
937.912,0.0937482
881.453,0.088117
786.721,0.0786034
1782.6,0.178206
12121.8,1.20921
2383.81,0.238275
778.901,0.0778576
1219.9,0.121956
1145.23,0.114449
578.55,0.0578543
1579.47,0.157912
974.877,0.0974831
608.662,0.0608553
907.82,0.090775
2145.92,0.214573
656.12,0.0655847
898.674,0.0898627
3998.06,0.396996
771.802,0.0771562
1006.38,0.100628
2206.45,0.22032
515.351,0.051533
1651.54,0.16504
1505.62,0.15052
2640.36,0.263518
920.109,0.0919947
1434.31,0.143398
816.004,0.0815965
1295.79,0.129559
1362.28,0.136124
800.43,0.0800317
746.569,0.0742059
1291.81,0.129174
1087.4,0.108731
1894.11,0.189343
3414.95,0.341256
1681.01,0.168064
2710.88,0.27106
1427.82,0.142649
446.561,0.044583
1530.62,0.152964
1190.68,0.119038
471.009,0.0470962
1670.32,0.16675
620.6,0.0620472
1204.31,0.120364
1200.75,0.119923
928.388,0.0928146
1808.16,0.180723
814.803,0.0814224
1626.48,0.162642
2313.17,0.230979
1194.98,0.119463
9897.4,0.989387
1679.18,0.09438
691.365,0.0691247
500.84,0.0500614
692.936,0.069194
1452.02,0.14504
1370.82,0.137074
698.866,0.0698457
1301.4,0.129158
914.643,0.0914386
1256.61,0.125651
2018.8,0.201863
908.807,0.0908758
782.584,0.0782545
881.577,0.0881456
11773.2,1.17498
955.013,0.095416
2515.53,0.251463
2361.83,0.23608
6527.91,0.649092
30314.4,2.97006
1378.89,0.137872
2048.92,0.204865
3306.06,0.330539
1508.19,0.150611
1512.1,0.15104
975.125,0.0974969
1561.51,0.156034
1019.77,0.101943
2117.72,0.211651
3004.5,0.300369
734.856,0.0734488
958.593,0.0958243
1106.95,0.110669
1275.28,0.127469
1008.14,0.10071
1314.38,0.131377
973.549,0.0973385
1075.11,0.107383
1693.97,0.169307
1311.7,0.131018
1429.96,0.142755
457.491,0.0457264
897.996,0.0895454
1180.27,0.117921
1108.33,0.110717
818.004,0.080986
566.376,0.0566254
1278.62,0.127849
4177.59,0.417655
1217.12,0.121678
3730,0.372656
1364.85,0.136455
1528.54,0.152705
1297.27,0.129698
1042.77,0.104255
2359.46,0.235772
1039.99,0.103948
1334.82,0.133383
1358.89,0.135331
875.218,0.0875116
1269.34,0.126801
1206.7,0.120639
1449.08,0.144821
836.014,0.083533
1267.82,0.126767
1434.5,0.143408
1735.85,0.173541
1390.09,0.138888
4571.99,0.456003
935.695,0.0935598
2311.55,0.23109
1352.93,0.135284
914.869,0.091459
786.278,0.0786075
1354.84,0.135175
1571.13,0.156965
1543.4,0.154335
1077.04,0.107674
1113.49,0.111094
1532.96,0.153265
1098.41,0.109832
919.117,0.0918638
1410.63,0.140704
2557.82,0.255164
857.134,0.0856245
2762.94,0.276198
838.467,0.0838389
1342.09,0.134116
1143.93,0.114289
1614.67,0.161401
1253.82,0.125268
3826.93,0.382158
1852.14,0.18516
14265.8,1.42085
1741.07,0.174001
1260.36,0.125893
1317.86,0.131636
1838.9,0.183883
1410.05,0.140936
1406.12,0.140468
1084.81,0.10839
1157.88,0.115756
410.202,0.0410091
2108.79,0.210725
1991.99,0.199153
1057.33,0.105727
1132.21,0.111218
804.294,0.0804055
1199.64,0.119793
1535.45,0.153508
2204.95,0.220403
2083.97,0.208243
821.878,0.082147
1218.88,0.12167
11942.7,1.18877
4501.38,0.449849
5944.58,0.592832
993.192,0.0992805
728.651,0.0728508
4938.3,0.493038
867.846,0.0867146
429.428,0.0429174
1787.98,0.178736
976.682,0.0969096
3218.22,0.321737
697.031,0.0696487
1638.81,0.163875
992.646,0.0912782
1176.97,0.117329
952.924,0.0951852
991.584,0.0991474
1852.56,0.185182
1078.54,0.107809
643.893,0.0643817
3514.32,0.266659
918.472,0.0918113
750.563,0.0750284
1535.85,0.153496
2137.71,0.213235
1095.89,0.109549
1336.01,0.133568
929.602,0.0928951
697.133,0.0696883
1216.57,0.12157
1876.05,0.187539
1257.34,0.125725
905.734,0.0905534
2381.68,0.238026
1323.18,0.132225
1641.76,0.164155
845.721,0.0844267
5457.51,0.545604
2498.1,0.249482
999.9,0.099971
1118.36,0.111686
2596.14,0.259503
1723.56,0.172221
1320.51,0.132036
4090.38,0.408257
955.89,0.0955519
773.091,0.0772919
1067.77,0.106739
1960.16,0.195859
2013.96,0.201329
2205.82,0.220566
2290.71,0.228947
1818.34,0.181356
1010.95,0.101054
2351.5,0.234966
1357.72,0.116719
1879.43,0.187924
1825.54,0.182452
890.662,0.141372
1156.56,0.115448
2623.44,0.262206
1636.8,0.163635
2302.49,0.23003
1443.41,0.144164
4456.58,0.445544
1731,0.172862
1627.92,0.162772
2627.4,0.262449
1287.81,0.128716
2229.17,0.222619
1508.86,0.150857
1002.11,0.100206
1488.89,0.148882
2732.34,0.273013
784.321,0.0783396
1107.96,0.110699
1039.74,0.103946
1385.96,0.138579
2703.2,0.270007
682.182,0.0681391
722.066,0.0721026
735.045,0.07349
682.986,0.0682779
686.407,0.0685634
13405.3,1.30086
985.358,0.0985209
1889.08,0.188434
1114.4,0.111262
562.074,0.0561928
2288.6,0.228493
2230.83,0.222846
984.597,0.098455
953.154,0.0952684
690.726,0.0690588
1755.92,0.175541
406.713,0.040671
841.505,0.0841339
681.423,0.0681163
922.172,0.0918258
2392.22,0.239183
1207.65,0.120675
7683.27,0.764191
874.901,0.0874737
1433.83,0.14313
1302.45,0.13024
424.527,0.0424525
5963.14,0.596105
573.164,0.0573057
1320.66,0.132045
2027.34,0.202682
741.982,0.074182
1781.91,0.17816
2655.16,0.261017
2546.98,0.254683
917.539,0.0917324
1259.88,0.125911
1352.48,0.135191
7082.66,0.707592
1422.44,0.142168
3228.04,0.322718
1810.88,0.181071
5263.37,0.525963
8307.94,0.829613
1523.01,0.152246
1533.57,0.153218
1377.06,0.137683
877.051,0.0875383
912.413,0.0907454
855.784,0.0855624
945.041,0.093525
792.764,0.0791984
824.291,0.0824263
1578.54,0.156615
854.773,0.0854597
975.086,0.0974917
3493.91,0.348929
1210.43,0.120897
1272.15,0.127208
711.5,0.0710756
6610.23,0.659368
1135.71,0.113525
3950.12,0.394776
2048.61,0.204843
2501.9,0.249919
1896.9,0.189532
1013.33,0.101327
822.026,0.0821743
920.141,0.0920091
858.64,0.0858549
877.852,0.0877624
1337.92,0.133627
796.839,0.0796463
2038.98,0.203631
1925.61,0.192497
918.55,0.091849
2512.7,0.250899
1625.7,0.162493
1656.41,0.16548
856.886,0.084717
970.009,0.0969678
1206.51,0.120642
1106.51,0.110625
1697.49,0.169587
1226.59,0.122637
1568.45,0.156814
2435.05,0.243426
1546.88,0.154558
2993.69,0.298998
1948.08,0.194689
1941.86,0.193816
1017.35,0.101721
912.706,0.0912374
939.621,0.0938713
4717.75,0.471382
1231.87,0.122781
1038.21,0.103647
1341.32,0.134114
1213.36,0.121298
1103.19,0.110278
746.997,0.074691
713.939,0.07139
1168.42,0.116533
947.085,0.0946524
6395.9,0.639351
949.84,0.0949297
3288.89,0.322253
1006.65,0.100653
2454.5,0.245343
419.119,0.0418911
899.113,0.0898614
885.817,0.0885459
3688.56,0.368783
1809.21,0.180858
2099.02,0.209812
918.66,0.0918597
895.698,0.0895636
1213.44,0.121318
10287.8,3.20383
971.691,0.0971281
651.168,0.0650651
2442.04,0.24414
3913.22,0.38985
961.632,0.0959854
1619.55,0.161941
693.924,0.0693887
853.656,0.0852196
681.02,0.0680203
1301.99,0.130184
1357.79,0.135753
826.883,0.0826588
2764.78,0.266132
1151.08,0.115094
1195.22,0.119445
1485.79,0.148557
1763.25,0.176176
2240.5,0.223924
2410.09,0.240255
1789.33,0.178889
974.041,0.0973566
1299.31,0.129859
12564.7,2.72461
1414.62,0.141414
1693.7,0.169285
868.201,0.0868021
836.478,0.0835523
2379.5,0.237696
1793.14,0.179238
1706.89,0.170647
755.454,0.0755419
844.867,0.0844409
609.667,0.0609518
1210.72,0.121063
1270.49,0.126875
778.65,0.0773743
783.631,0.0782295
1538.09,0.15376
838.539,0.0838052
1174.28,0.117375
969.397,0.0968772
795.949,0.0795623
2075.04,0.207434
2075.45,0.207311
704.367,0.0704152
2818.29,0.281756
950.673,0.0950454
795.082,0.0793859
582.392,0.0582383
1013.83,0.101346
1296.89,0.129165
2538.66,0.253667
3319.79,0.331725
1180.53,0.118036
1139.37,0.113883
2331.85,0.232965
842.093,0.0841979
1764.27,0.176227
1499.98,0.149915
991.277,0.0990497
1651.99,0.164934
838.121,0.083781
1279.6,0.127947
948.62,0.0948434
1066.4,0.106633
652.53,0.065209
1518.19,0.1517
1049.76,0.104946
696.409,0.0696362
939.934,0.0939675
1267.83,0.126778
1330.32,0.132773
681.895,0.0678987
1596.5,0.159514
1093.66,0.109344
2806.06,0.28035
1283.42,0.128337
901.744,0.0901707
2437.09,0.243626
1090.66,0.109057
1099.7,0.109194
581.975,0.0572606
1416.71,0.141662
656.159,0.0655552
944.243,0.0944117
1521.59,0.152135
1618.44,0.161426
694.875,0.0694345
1035.98,0.103553
3830.94,0.382727
1038.52,0.103422
1317.45,0.131697
825.659,0.0825385
1253.13,0.125207
1841.72,0.184116
1971.37,0.1971
1089.94,0.108981
2477.18,0.2472
3153.42,0.315138
1914.86,0.191439
3715.05,0.370287
1041.43,0.104065
587.929,0.0587816
636.82,0.063602
818.836,0.0818086
1228.78,0.122289
549.515,0.0549251
616.03,0.061602
1335.46,0.133507
1077.97,0.107783
1174.75,0.116794
674.619,0.0674433
828.825,0.0828338
3133.52,0.313227
1085.54,0.108491
1344.53,0.134439
1048.09,0.104763
785.435,0.0785046
929.089,0.0922066
704.569,0.0701786
3783.85,0.378131
1538.08,0.153666
794.334,0.0792725
1304.21,0.130385
1264.63,0.12645
996.166,0.0995574
517.106,0.0517023
2686.9,0.268646
1090.54,0.109048
1367.62,0.136702
1044.08,0.104234
1075.67,0.107239
1487.23,0.148581
2205.44,0.219986
1034.35,0.10333
1749.5,0.174802
1677.1,0.167354
1267.29,0.12645
953.883,0.0952595
1079.03,0.107855
3726.81,0.372238
1001.78,0.100074
15667.8,1.56039
591.129,0.0590782
1019.04,0.101839
1497.9,0.149761
1156.28,0.115069
1116.54,0.111619
1705.3,0.170142
2097,0.209679
670.061,0.0669528
550.79,0.0550246
816.701,0.081666
2766.38,0.275026
1804.12,0.180335
1399.57,0.139936
968.497,0.0967779
1677.45,0.167434
683.223,0.0683188
1185.13,0.118503
965.6,0.0965409
801.9,0.0801414
4570.3,0.456226
2252.17,0.225106
3826.75,0.38235
819.251,0.0818159
2451.37,0.244919
1722.3,0.172159
1011.06,0.101092
5089.66,0.508253
2475.19,0.247389
1789.61,0.178937
2530.52,0.252654
592.677,0.0591939
821.912,0.082152
921.304,0.0921281
2090.28,0.20899
873.74,0.087222
1415.51,0.141533
974.996,0.0974879
808.263,0.0806908
3372.66,0.337083
871.815,0.0871541
908.568,0.0907063
2144.4,0.214382
1539.66,0.153846
1914.11,0.191047
1119.31,0.111894
1599.71,0.159937
7225.36,0.721171
7376.74,0.735496
1325.49,0.132542
726.035,0.0725557
1046.91,0.104669
1075.75,0.107559
942.187,0.0941683
8173.26,0.816599
1114.56,0.111392
779.589,0.0778965
4944.75,0.494088
1207.13,0.122228
1630.22,0.162947
3419.64,1.37022
637.432,0.0637337
1899.12,0.189669
2348.92,0.234757
817.796,0.0817103
1783.16,0.178304
1779.68,0.17796
3111.12,0.310957
880.309,0.087983
570.245,0.0569695
1047.11,0.104538
2351.24,0.234602
2444.15,0.244325
1337.44,0.133664
941.28,0.0940535
963.335,0.0962853
1146.84,0.114638
2048.79,0.204459
1051.88,0.105162
1133.86,0.11302
909.752,0.090942
1032.18,0.103166
3253.38,0.324659
745.272,0.0744897
1423.68,0.14224
1767.44,0.176718
1819.87,0.181974
1956.48,0.194629
2835.57,0.283384
2625.87,0.262355
1283.12,0.128273
1384.17,0.138352
901.286,0.0901249
803.526,0.0802504
678.667,0.0678327
628.641,0.0627975
1299.87,0.129944
569.276,0.0569266
2605.09,0.260484
1170.17,0.116979
1658.93,0.169994
968.649,0.0968588
966.933,0.0966444
1201.14,0.120085
850.622,0.0850494
2625.12,0.262363
1887.41,0.188718
537.074,0.0536845
1010.82,0.101052
2911.01,0.291026
1575.71,0.156721
1948.06,0.194784
714.055,0.071388
2274.86,0.227412
1000.81,0.100075
674.528,0.0674456
1573.18,0.157309
1860.17,0.185854
916.501,0.0915436
1004.82,0.100445
870.679,0.0869691
1047.64,0.104746
1677.89,0.167583
2434.74,0.243261
799.984,0.07998
1217.38,0.121714
2063.84,0.206333
2577.53,3.3562
1661.16,0.16608
17994.8,1.79643
1369.23,0.136778
1742.29,0.174103
948.103,0.0947925
1515.89,0.151569
1014.65,0.101458
1199.71,0.119827
2210.78,0.221071
1745.03,0.174486
5783.7,0.578074
979.812,0.097908
1536.75,0.153579
3577.21,0.357036
2260.94,0.225728
1134.82,0.113424
1027.31,0.102714
1112.86,0.111195
1419.28,0.141903
1118.28,0.111404
903.445,0.090248
783.471,0.0783423
1382.3,0.138209
2212.83,0.22117
2459.5,0.245769
1127.43,0.112706
979.027,0.0975026
1814.05,0.18137
966.445,0.0965964
2249.46,0.224886
905.181,0.0904525
3370.97,0.337028
777.085,0.0776632
2636.85,0.263626
1575.68,0.157542
2441.71,0.243261
914.01,0.0913865
3492.51,0.348982
2748.39,0.274639
1680.6,0.167993
1272.02,0.127151
1467.91,0.146775
935.984,0.0935857
38240.5,4.59867
1101.69,0.110165
888.999,0.088879
1249.96,0.124946
862.045,0.0859217
3427.66,0.340904
1219.58,0.121947
879.55,0.0876423
1840.25,0.184009
678.172,0.0677528
862.273,0.0858054
907.492,0.0906945
993.199,0.0991599
2039.31,0.203828
564.003,0.0563912
1365.82,0.136574
778.291,0.077722
1223.11,0.12221
1174.67,0.117318
695.529,0.0693601
1238.04,0.123531
1810.18,0.181002
839.247,0.0838617
1179.4,0.117914
1848.68,0.184853
790.41,0.0790182
1501.27,0.149902
847.88,0.0847453
1295.5,0.129513
657.671,0.0657662
1150.66,0.115003
722.329,0.0722125
2135.54,0.21342
737.501,0.0736545
2165.91,0.216325
1281.06,0.128098
1138.89,0.113853
1367.04,0.136645
1479.48,0.147911
2257.31,0.22476
1218.61,0.121723
746.113,0.0745998
1078.53,0.107824
543.176,0.0543086
1020.92,0.102012
1172.68,0.117167
3445.6,0.344421
3292.39,0.32903
2551.74,0.255124
1191.45,0.1175
3189.29,0.313952
1498.9,0.149715
966.457,0.0966272
997.308,0.0997163
1340.05,0.134001
3480.43,0.346321
1252.46,0.125241
1597.6,0.159667
5748.3,0.573077
1715.57,0.171545
4178.04,0.417633
1199.71,0.119573
483.045,0.0483022
10922.6,1.0916
3971.1,0.396886
1413.82,0.141368
3629.61,0.36274
1818.94,0.18175
2190.55,0.218488
1545.91,0.15437
911.476,0.0911427
733.923,0.07312
850.338,0.0850016
655.003,0.0653881
764.231,0.0764146
1223.21,0.122251
663.442,0.0663263
1836.12,0.181482
926.851,0.0926776
1912.43,0.19113
6302.57,0.629855
2214.9,0.221402
2123.06,0.211129
400.439,0.0400001
1504.61,0.150428
2163.53,0.216139
805.044,0.0804395
1630.94,0.162694
761.133,0.0761083
1056.14,0.105264
907.532,0.0907105
880.607,0.0880495
881.028,0.0880308
1174.01,0.117381
813.581,0.081328
2150.46,0.214933
3596.98,0.359618
1999.87,0.199947
1184.46,0.11827
956.165,0.0948838
1340.28,0.133986
1197.59,0.119618
1044.22,0.104346
1549.63,0.154894
894.858,0.0894616
1557.71,0.155731
1326.9,0.132409
5891.94,1.1579
1062.64,0.106197
1090.73,0.109049
800.798,0.0799251
1219.83,0.121849
1233.15,0.123289
1317.01,0.131649
1493.97,1.9711
3017.18,0.301696
1436.67,0.141038
1898.26,0.189704
1279.87,0.127977
1205.86,0.120523
1283.8,0.127278
352.993,0.0352502
872.915,0.0870123
1159.27,0.115591
1386.66,0.138631
1314.08,0.131392
1903.96,0.162615
10075,1.00649
932.567,0.0932396
741.415,0.0741353
1904.64,0.190375
925.753,0.0925587
1205.55,0.12053
956.754,0.0955515
543.447,0.0543304
901.094,0.0900994
462.8,0.0462513
771.258,0.0770452
983.427,0.0982999
874.085,0.087401
1724.04,0.172396
2553.6,0.255265
1564.76,0.156458
833.991,0.083388
1515.28,0.151466
1242.55,0.124012
711.051,0.070996
1556.93,0.15567
770.352,0.0770314
1057.79,0.105757
1452.7,0.145186
1117.58,0.111725
1665.92,0.16657
973.398,0.0973187
1602.61,0.160137
2348.57,0.234725
686.108,0.0685668
2172.39,0.217173
1208.48,0.120818
2414.26,0.241131
1781.75,0.178157
1718.79,0.170259
2404.61,0.240304
847.329,0.0847265
593.491,0.0592976
1872.12,0.187128
1508.96,0.150842
1536.42,0.153622
3648.86,0.364725
1038.41,0.103749
1124.59,0.111029
2051.77,0.204972
1032.51,0.103202
1732.09,0.172781
2338.2,0.23369
913.362,0.0913303
842.248,0.0842044
758.88,0.0756848
1165.25,0.116416
1304.66,0.107753
1216.1,0.121578
905.858,0.0904652
1087.65,0.108221
1146.05,0.114442
4460.07,0.445312
708.805,0.0708688
2195.63,0.220528
3150.61,0.31473
867.161,0.0866897
917.846,0.0917762
957.831,0.0957567
1321.27,0.132107
8001.01,0.799248
1937.47,0.193352
1716.55,0.171503
1607.29,0.160184
1116.31,0.10901
1342.03,0.133561
1201.85,0.119997
1005.19,0.100508
1123.16,0.110641
4243.32,0.424219
1201.81,0.12001
4169.82,0.413425
1885.48,0.188511
9335.19,0.932071
13797,1.37831
1198.66,0.119821
956.312,0.0956219
856.51,0.0855546
1488.83,0.148867
2035.61,0.203479
1360.73,0.136061
1794.28,0.179305
4015.51,0.401468
2166.53,0.216618
2407.69,0.240736
1827.96,0.182772
1815.98,0.181571
807.195,0.0806983
846.293,0.0845148
1646.46,0.164618
982.03,0.0981843
851.348,0.0851218
620.189,0.0620112
930.57,0.093037
627.007,0.0625349
2041.24,0.203796
2321.9,0.231867
2329.49,0.232922
1373.73,0.137344
2354.17,0.235386
805.384,0.0805305
1635.3,0.163358
1608.23,0.160739
2129.31,0.212799
1065.05,0.106425
11560.1,1.15515
867.205,0.0863461
1217.38,0.121426
858.893,0.0858737
3031.89,0.303059
772.011,0.0771388
1122.2,0.112204
992.841,0.0991733
762.868,0.0761866
6142.06,0.611574
1095.64,0.109526
1341.7,0.134039
839.179,0.0838514
3269.76,0.326799
1365.32,0.13648
705.986,0.070541
940.281,0.0940141
4280.13,0.950485
667.38,0.0666407
932.284,0.0932216
1758.81,0.175856
3003.13,0.300272
2036.47,0.203406
1813.91,0.174796
1749,0.174596
1297.63,0.129715
1683.86,0.168366
1219.88,0.12192
978.366,0.0978218
1402.3,0.140219
1279.96,0.127951
1852.37,0.185197
1592.55,0.159004
638.312,0.0638277
1485.69,0.148445
3014.97,0.301205
1115.2,0.111285
785.691,0.0785245
1011.44,0.10112
2007.36,0.200577
988.234,0.0985822
977.204,0.0977039
786.841,0.0780551
1788.35,0.178808
4265.09,0.426262
1732.49,0.172805
1026.55,0.102406
739.411,0.0734195
467.512,0.0465769
863.929,0.0863838
1514.02,0.151149
769.033,0.0768396
1370.44,0.136854
1050.22,0.104882
938.302,0.093787
700.888,0.0700827
609.104,0.0609
1248.5,0.124818
906.964,0.0906668
1741.61,0.174133
2308.85,0.230791
1085.28,0.108505
1457.66,0.145731
1247.73,0.124744
1198.79,0.119769
1307.9,0.130719
1416.07,0.141593
1104.79,0.110421
1774.06,0.177395
3147.05,0.314117
1200.69,0.119983
1889.25,0.188913
1816.95,0.18158
750.404,0.0749704
1040.42,0.104004
1987.68,0.198704
1912.75,0.191255
1442.46,0.144215
1432.67,0.14236
1107.86,0.11075
803.545,0.0803256
1033.98,0.103343
1063.16,0.106305
1478.37,0.147813
2423.41,0.242125
1391.34,0.138782
1492.74,0.149248
1096.89,0.109667
2052.2,0.205021
1600.66,0.160031
1202.1,0.120175
940.956,0.0940754
863.174,0.0863098
3614.02,0.360825
1730.17,0.172912
1246.72,0.124201
1767.63,0.175448
1075.44,0.107488
1093.74,0.109322
783.413,0.078331
640.742,0.0640401
4490.34,0.44877
794.937,0.079311
698.013,0.0696229
13451.9,1.33952
1933.81,0.193314
5606.04,0.559767
1303.33,0.130302
1385.8,0.138287
1824.33,0.18242
1259.74,0.125391
1651.79,0.165131
1148.6,0.114846
1764.18,0.175694
868.192,0.0866861
2445,0.24429
743.886,0.0743474
1462.11,0.146064
822.951,0.0820121
1525.3,0.152504
690.054,0.068989
1575.06,0.157482
762.403,0.0762113
2524.58,0.252175
1617.34,0.161586
5853.58,0.584282
1163.33,0.116287
981.148,0.0979094
1254.33,0.125415
886.247,0.0885078
2007.18,0.200605
4125.2,0.41234
1207.23,0.120448
7482.14,0.747694
2519.26,0.251756
1241.2,0.124096
1671.69,0.167017
1049.91,0.104932
560.26,0.0559853
616.709,0.0616489
1083.96,0.1083
837.907,0.0837495
6425.24,0.642367
869.135,0.0868445
1380.52,0.138036
1782.53,0.178212
636.77,0.0636589
998.359,0.0997404
2556.53,0.255608
873.643,0.0873328
815.294,0.0815247
833.841,0.0832717
693.497,0.0674495
955.494,0.0955214
3172.08,0.31685
789.589,0.078956
2042.13,0.204065
1261.21,0.126078
1398.48,0.139738
915.725,0.0915342
881.863,0.0881064
904.068,0.0903895
1252.08,0.125138
623.125,0.0622958
837.155,0.0836861
969.347,0.0968187
1008.37,0.100489
1269.05,0.126878
790.586,0.0722644
2306.97,0.23068
1475.87,0.147428
706.971,0.0706392
571.31,0.0570109
1322.29,0.132163
1581.96,0.157953
681.366,0.0680376
925.096,0.0924596
1372.2,0.137162
1313.07,0.131284
1578.6,0.157854
1203.55,0.120241
1010.78,0.101067
1400.53,0.140005
1302.61,0.130205
3519.4,0.351781
1108.79,0.110867
1038.24,0.103605
1602.24,0.159993
976.677,0.0975776
691.262,0.0691152
1250.17,0.125008
4369.18,0.436841
9355.14,0.933101
1400.03,0.14
804.653,0.0804619
1264.77,0.126417
865.404,0.0865331
747.862,0.0747684
1553.47,0.155294
1421.46,0.141949
544.17,0.0544048
1208.93,0.120888
1023.15,0.102236
1889.5,0.188854
1290.96,0.129052
1166.69,0.116656
1401.78,0.140124
959.778,0.0959556
977.758,0.0977547
715.351,0.0714834
1171.24,0.116942
2357.85,0.235706
2056.32,0.205438
750.192,0.0750138
858.138,0.0850862
694.834,0.0694444
1195.76,0.119543
2477.38,0.247471
2180.06,0.217309
3549.79,0.354796
1392.08,0.139196
1298.24,0.129808
6872.73,0.686993
1073.64,0.107057
859.203,0.0858974
766.664,0.0766399
830.518,0.0830219
1375.5,0.137487
1122.93,0.112106
1989.83,0.198886
485.038,0.0481839
6780.48,0.677753
617.762,0.0617649
574.798,0.0574521
772.349,0.0771994
932.09,0.0931702
2016.19,0.201583
2637.42,0.263662
1610.3,0.161024
6630.39,0.662756
939.395,0.0939326
1810.68,0.180891
1074.32,0.107432
1632.82,0.163087
588.751,0.0588687
1284.84,0.131779
860.508,0.0860254
943.991,0.094376
865.064,0.0864917
893.066,0.0893028
654.587,0.0654343
1159.87,0.115969
663.567,0.0663244
1871.48,0.187136
1112.63,0.11126
1073.71,0.107355
1263.39,0.126304
1225.82,0.122347
658.371,0.0657286
784.908,0.0784015
4494.09,0.449097
1695.75,0.169544
579.885,0.0579724
2072.36,0.207199
749.073,0.0748965
980.23,0.0979071
647.062,0.064695
840.939,0.0840192
2004.49,0.183251
1008.63,0.100827
2482.58,0.248049
1079.75,0.10789
717.517,0.0717345
1627.78,0.162709
2128.48,0.212462
1850.52,0.184947
2851.66,0.284954
1320.23,0.131936
1379.19,0.137531
2009.17,0.200743
893.639,0.0891939
1319.62,0.131839
1913.46,0.191199
771.858,0.0771564
1957.59,0.195696
1602.91,0.160259
621.176,0.062116
1346.63,0.134612
1097.58,0.109718
1498.9,0.149872
2608.68,0.260723
1361.94,0.136189
1737.95,0.173787
3529.24,0.352709
3435.49,0.342979
931.123,0.0930979
1731.76,0.17306
817.463,0.0817241
1252.63,0.125243
2478.16,0.247738
1441.45,0.144016
1863.59,0.186262
1360.81,0.135968
853.425,0.0853161
923.841,0.092371
1639.48,0.163826
1539.62,0.153845
1092.35,0.109163
3387.24,5.65267
700.34,0.070027
1068.67,0.10685
1227.14,0.122703
26709.9,2.63684
706.568,0.0706415
1127.57,0.112735
2407.59,0.240603
1116.13,0.111388
1247.33,0.124669
661.408,0.0661388
719.369,0.0719314
7328.8,0.7318
1520.77,0.152059
865.62,0.0865268
7335.52,0.733125
1077.58,0.107715
817.082,0.0815505
654.975,0.0654949
713.749,0.0713232
806.458,0.0806361
1089,0.108877
1101.71,0.110091
1399.11,0.137186
1257.65,0.125755
1365.54,0.136517
707.224,0.0707202
1666.48,0.166597
1048.26,0.104745
1622.46,0.1622
1408.36,0.140811
764.106,0.0763398
3675.44,0.367144
1334.95,0.133485
1462.06,0.14582
1899.43,0.189891
1051.01,0.105063
815.63,0.0815581
1637.45,0.163688
809.807,0.0809578
286.767,0.0286638
624.307,0.0624154
1497.88,0.149365
996.102,0.0995041
4891.5,0.488683
1839.86,0.183872
1529.36,0.152774
1932.97,0.193056
639.077,0.0638689
1010.79,0.101009
911.267,0.0910734
2238.31,0.223724
1239.1,0.12385
1526.03,0.152544
766.255,0.0764725
1932.12,0.193169
1364.2,0.136406
1070.16,0.107012
1880.19,0.187845
11368.3,3.87413
862.018,0.0861793
881.724,0.0881686
2664.39,0.266065
966.984,0.0966776
1620.37,0.161763
1317.92,0.131678
1902.47,0.19007
980.372,0.0980257
1006.08,0.10057
834.164,0.0833811
658.438,0.065832
1901.53,0.190101
1828,0.182754
1255.62,0.125546
950.478,0.0950396
715.641,0.0715544
788.667,0.0787502
1024.93,0.102389
2977.89,0.297273
3191.5,0.318965
2052.02,0.204973
707.747,0.0707511
3986.75,0.398067
726.129,0.0726097
1050.1,0.105004
765.759,0.0765254
1760.09,0.175927
1856.6,0.185502
732.955,0.0732545
722.33,0.072186
3084,0.308166
1306.18,0.129862
783.645,0.0783383
1244.84,0.124474
932.758,0.0931795
2134.94,0.213296
995.927,0.0995636
937.603,0.0937531
980.221,0.0973501
2650.17,0.264755
1166.67,0.116649
5787.99,0.572835
809.683,0.0806598
1634.25,0.162681
957.127,0.095685
1356.41,0.13562
2152.98,0.215283
2604.88,0.260322
1193.7,0.119343
666.7,0.0665983
1992.86,0.199248
837.337,0.0836632
740.987,0.0740891
1468.46,0.146766
6710.29,0.670258
981.243,0.098094
2333.05,0.233091
541.757,0.0541655
4231.23,0.422189
1311.5,0.131113
1659.52,0.165863
917.442,0.0917311
1510.49,0.151014
966.475,0.0966331
1050.27,0.0885328
1279.62,0.127934
1763.16,0.176278
1052.54,0.105091
1865.43,0.186305
835.283,0.0835242
1015.78,0.101426
655.28,0.0655208
1427.08,0.14263
1133.58,0.113352
1635.41,0.163489
2038.7,0.203308
2369.88,0.23688
1478.33,0.147741
1761.28,0.176109
1211.5,0.121086
1420.69,0.141855
1849.26,0.184857
592.37,0.0592127
1163.64,0.116311
2772.03,0.276681
1435.57,0.143517
2768.28,0.27667
2534.84,0.253374
2001.77,0.20009
1042.51,0.104231
885.918,0.0885824
1170.29,0.117014
3777.26,0.376082
8487.25,0.847123
4287.74,0.428651
1447.72,0.144715
822.512,0.0821513
1443.19,0.144246
886.267,0.0885505
1013.7,0.101361
632.302,0.0632185
632.912,0.0632774
1528.76,0.152807
24589,2.44662
1413.59,0.14133
1054.95,0.10548
1680.98,0.168036
931.385,0.093125
887.356,0.088726
552.32,0.055218
1396.49,0.139615
1163.15,0.116201
847.467,0.0847101
815.554,0.0812086
1391.65,0.138911
3464.42,0.345725
1766.68,0.176535
487.838,0.0487765
1313.07,0.131269
703.993,0.070396
2633.97,0.263278
1369.97,0.136911
1814.65,0.181375
1661.76,0.165928
1875.98,0.186864
887.946,0.0887883
3360.11,0.332466
3310.14,0.330855
5182.43,0.51701
856.575,0.0856464
1448.34,0.144639
882.953,0.0880486
1460.15,0.145953
1479.3,0.147783
839.954,0.0838503
2076.55,0.207577
6169.34,0.615806
1432.34,0.14312
760.513,0.0755461
1261.19,0.126051
2600.85,0.259843
1445.36,0.144498
1272.59,0.127242
1068.04,0.106738
1867.76,0.186697
1438.91,0.143232
793.305,0.0792517
1577.57,0.157628
3080.31,0.307802
1044.56,0.104332
2064.29,0.206332
2593.66,0.259323
1196.07,0.119533
818.359,0.0818073
682.855,0.0682636
1063.16,0.106304
40373.9,4.01254
1282.8,0.127828
757.152,0.0757116
1634.63,0.163401
933.591,0.093334
1649.38,0.164469
1070.37,0.107031
985.518,0.0985469
4562.96,0.455805
3167.2,0.315057
1379.46,0.137924
1209.92,0.120966
1063.22,0.106226
1861.44,0.185945
2190.55,0.218765
1995.88,0.199485
1023.3,0.102031
904.412,0.0904137
1266.8,0.126674
1583.29,0.158079
1401.92,0.140186
1047.76,0.104351
624.066,0.062404
1755.3,0.175493
791.583,0.0791544
1522.08,0.152141
1177.94,0.117653
590.196,0.0590042
1218.12,0.121808
2255.3,0.225428
7029.62,0.702003
1009.02,0.100895
660.879,0.0660307
993.523,0.0991802
2368.53,0.236501
1234.27,0.122582
1009.88,0.100896
626.555,0.0626407
2472.97,0.246228
959.238,0.0959079
1233.91,0.123387
1444.59,0.144217
756.912,0.0756872
1190.54,0.119037
1363.14,0.136279
1898.47,0.18967
1150.39,0.114981
575.689,0.0575621
1680.24,0.167107
705.297,0.0705179
818.064,0.0817688
3201.74,0.320116
2283.45,0.228295
1234.44,0.123411
793.072,0.0792984
3559.8,0.355289
4739.35,0.473751
2059.05,0.205872
21537.3,2.14358
10639.5,1.05701
1083.38,0.107963
1244.76,0.124462
1165.04,0.116464
974.691,0.0974567
943.789,0.0943761
1156.08,0.115392
1628.48,0.162843
4182.43,0.41719
1006.17,0.100585
1610.98,0.161043
1431.19,0.143048
934.743,0.0933199
1883.07,0.188165
1559.07,0.1559
969.786,0.0969727
733.913,0.0733823
979.831,0.0979668
2129.85,0.21284
1055.65,0.0906095
1003.58,0.100329
982.74,0.0982531
1506.84,0.15059
9795.31,0.96907
618.615,0.0618153
964.096,0.0963611
661.399,0.0660092
2488.85,0.248762
840.802,0.0840777
1120.98,0.112082
1262.61,0.126065
2697.63,0.269717
1345.69,0.134537
1013.24,0.101308
1803.1,0.179897
1343.66,0.134184
9137.62,0.911478
680.339,0.0680048
1157.26,0.115684
919.396,0.0918612
1246.96,0.124674
1501.52,0.150142
1906.51,0.190462
2425.13,0.242417
6350.25,0.634639
1741.83,0.174166
1826.81,0.182616
814.547,0.0814505
1796.07,0.179483
825.931,0.0825842
579.142,0.0579036
3130.95,0.31244
1235.05,0.123486
1471,0.146856
1003.59,0.100313
1100.9,0.110085
7138.83,0.713672
1040.32,0.103766
2598.43,0.259716
926.161,0.0925859
1919.23,0.191836
1221.8,0.12212
1634.54,0.162223
676.109,0.0676086
1910.47,0.190999
1313.84,0.131153
1973.59,0.197134
600.849,0.0600754
604.511,0.0604416
1419.53,0.141935
1329.16,0.132775
1554.86,0.15533
1727.19,0.172348
4178.53,0.417746
1609.31,0.160866
1898.23,0.189783
2979.42,0.297829
975.466,0.0971292
1067.52,0.106671
2710.02,0.269844
1190.23,0.118888
1514.77,0.151435
1121.36,0.11204
1875.97,0.186356
1208.89,0.120818
1559.51,0.155722
624.281,0.0624205
1408.38,0.140804
900.327,0.090014
561.175,0.0561114
730.881,0.0730571
1561.54,0.155817
852.011,0.0851652
1077.1,0.107592
1086.96,0.108666
1655.9,0.165546
2213.99,0.221383
1016,0.101591
1578.51,0.157817
754.923,0.0754245
1300.14,0.129971
878.658,0.0878589
1386.36,0.138599
733.866,0.0733391
1386.47,0.138504
1784.87,0.178424
955.063,0.0954828
2003.89,0.200249
912.244,0.0912007
832.229,0.0832077
604.885,0.0604787
642.101,0.0641891
2371.11,0.236975
1163.13,0.116206
942.341,0.0941916
2085.22,0.208389
1756.78,0.175608
2835.69,0.283535
1102.98,0.110211
2114.47,0.211125
1238.37,0.122817
1218.48,0.121839
2011.68,0.201035
1530.38,0.153011
1438.23,0.143748
866.688,0.0865625
1737.14,0.173648
891.185,0.0888872
891.569,0.0891039
7673.52,0.766635
1070.39,0.107029
1602.04,0.15919
2143.24,0.214215
849.813,0.0849689
881.137,0.0880971
1223.69,0.122335
2379.97,0.237366
2776.25,0.277572
498.35,0.0498096
1137.71,0.113762
909.402,0.0895716
884.167,0.0884136
1014.07,0.100522
1299.24,0.129732
2205.95,0.220382
1965.26,0.193458
1183.19,0.118214
602.017,0.0601028
6100.01,0.608943
7770.46,0.776846
1317.43,0.131721
1433.87,0.143314
1831.97,0.182731
1486.09,0.148581
1310.5,0.130993
715.757,0.0715011
840.505,0.0838933
2427.97,0.242732
770.448,0.0770413
3681.56,0.36807
2757.86,0.27554
644.477,0.0643902
2435.64,0.243525
1176.85,0.117442
1703.86,0.170173
1200.24,0.120004
1310.5,0.131009
1483.46,0.148217
597.654,0.0597168
2084.71,0.207912
6798.75,0.679363
1805.26,0.180466
1634.29,0.163422
876.507,0.0876238
2169.33,0.216919
631.505,0.0631401
1004.92,0.100388
1049.51,0.104906
2841.62,0.284085
863.201,0.0863163
1251.11,0.123135
969.44,0.0969364
1031.18,0.103104
669.929,0.0669751
1163.36,0.116203
912.246,0.091203
520.92,0.0520644
1083.13,0.108291
1473.84,0.147376
1377.7,0.137764
1335.74,0.133562
964.499,0.0964331
799.35,0.0798805
2117.86,0.211514
1092.3,0.109207
1178.5,0.117729
1314.11,0.13137
709.089,0.070905
8398.27,0.838729
864.008,0.0863651
634.103,0.0633952
898.204,0.0898038
970.882,0.0970627
876.775,0.0876751
1176.75,0.117648
707.861,0.0706257
1054.18,0.105381
1186.12,0.118599
1159.16,0.115706
1038.4,0.103827
2696.94,0.26931
865.372,0.0865226
965.509,0.0963972
709.793,0.0709263
960.941,0.0960915
1239.86,0.12391
7743.43,0.774152
2864.13,0.286171
2425.6,0.242405
809.096,0.0809068
2055.24,0.205486
2076.33,0.207602
1355.35,0.135528
1683.26,0.168255
2741.7,0.27403
2381.7,0.23815
1697,0.16969
1022.14,0.102147
1108.71,0.11085
711.188,0.0711176
1382.99,0.137616
898.449,0.0898065
1345.14,0.134428
936.807,0.0936117
1136.95,0.113643
793.241,0.0793022
1078.83,0.107838
1825.22,0.182423
1996.74,0.199353
2146.19,0.214156
4247.77,0.424519
1656.22,0.165433
835.937,0.0835552
11229.6,1.12126
1366.84,0.136664
793.143,0.0792929
1790.29,0.178957
1093.34,0.10933
1196.92,0.119407
968.906,0.096882
953.811,0.0953018
2023.47,0.202253
1016.29,0.101621
854.953,0.0854918
1343.49,0.134321
530.981,0.0530905
1386.6,0.138604
1023.68,0.10184
857.667,0.0857624
3729.89,0.372922
1915.39,0.191496
735.778,0.073567
865.004,0.0864531
1525.28,0.152418
1008.13,0.100812
1025.67,0.102543
652.824,0.0652648
951.744,0.095031
467.057,0.0465983
853.474,0.0853456
1158.47,0.115831
810.872,0.0810805
1051,0.105094
811.552,0.0811306
1124.16,0.112373
418.878,0.0418431
1477.92,0.14717
965.899,0.096566
1863.63,0.186223
799.362,0.0799169
1544.13,0.154387
2856.1,0.285335
1240.44,0.124007
737.054,0.0737039
8256.79,0.824177
1816.88,2.96624
669.565,0.0668414
1873.32,0.187283
927.549,0.0927379
919.234,0.091902
1164.61,0.116419
761.352,0.0761289
1073.29,0.107293
1852.89,0.185184
535.945,0.053586
2423.62,0.242306
526.114,0.0525609
858.154,0.0858034
764.177,0.0763835
9122.53,0.910975
1071.25,0.106353
1014.55,0.101411
888.64,0.0888449
3920.63,0.391077
1037.42,0.103726
1050.97,0.105068
1928.18,0.192765
2020.2,0.201959
1023.58,0.102339
3397.3,0.33921
2466.04,0.246488
839.977,0.0839779
1038.78,0.103876
914.629,0.0914313
1418.7,0.141812
631.359,0.0631292
1660.27,0.165951
1075.39,0.107154
765.095,0.0764903
8451.08,3.87864
1150.09,0.114997
3793.97,0.379191
1489.21,0.148899
1830.72,0.182974
856.98,0.0856808
1250.67,0.125021
2303.89,0.230333
772.822,0.0772591
1089.32,0.108852
2427.66,0.242673
1166.23,0.116581
932.238,0.0932185
3023.85,0.301914
988.221,0.0988148
904.098,0.090369
756.837,0.0754401
1978.76,0.197788
805.429,0.0803313
443.439,0.0443414
1031.57,0.103131
1294.94,0.129083
2272.64,0.227249
1035.47,0.103529
745.949,0.0744531
709.337,0.0708847
1258.29,0.125822
962.277,0.0962177
1758.54,0.175806
11800.4,1.08484
1913.34,0.191226
867.942,0.0864964
781.119,0.0780908
1061.2,0.106003
823.855,0.0822983
1565.48,0.156525
762.352,0.0762332
1840.44,0.183935
960.049,0.0959169
1115.72,0.111548
660.452,0.0660262
710.505,0.0708546
1250.86,0.124878
2401.5,0.239931
1980.05,0.197802
1196.3,0.119608
484.878,0.0484038
1446,0.144436
1021.41,0.102053
4278.31,0.426841
3092.24,0.308595
890.716,0.0890117
1236.7,0.123665
1233.08,0.123283
1064.79,0.106341
1283.46,0.128254
832.022,0.0832003
3138.37,0.313744
627.878,0.0626738
1046.02,0.104567
1366.37,0.136552
1616.92,0.161602
1010.5,0.0999646
701.661,0.0701371
1320.72,0.132062
2125,0.212466
1031.65,0.103134
1410.7,0.14106
778.479,0.0775557
1983.02,0.198255
943.877,0.0943693
2366.73,0.237854
1071.51,0.107023
990.171,0.0985346
1199.42,0.119918
659.756,0.0658913
1457.67,0.145641
1397.2,0.139712
1415.91,0.141549
1008.05,0.100688
1070.35,0.106992
1261.54,0.126132
696.022,0.0695344
1400.18,0.139989
976.115,0.0976072
913.252,0.0913177
1015.69,0.101451
3863.98,0.386178
2062.93,0.205837
1131.69,0.113113
959.245,0.0958385
753.967,0.0748644
1509.09,0.150808
863.618,0.0861312
4209.51,0.420616
1970.32,0.196877
592.667,0.0592568
3820.3,0.381412
867.632,0.0866884
741.211,0.0741105
2190.27,0.218973
4016.62,0.401141
1316.34,0.131478
756.062,0.0755186
995.024,0.0993881
3650.05,0.364947
1724.95,0.172446
648.4,0.0648394
631.122,0.0630193
762.956,0.0760456
1273.15,0.127256
1322.44,0.132218
1038.24,0.103793
948.539,0.0948262
3984.05,0.398134
1333.46,0.133303
1075.67,0.107545
1371.96,0.137048
1999.08,0.199741
1246.76,0.124667
1160.59,0.116004
515.549,0.0515307
883.603,0.0883591
1041.07,0.104023
1388,0.138135
2626.04,0.262501
718.736,0.0717735
1621.85,0.16179
1000.54,0.100031
1251.14,0.124993
1322.26,0.132192
1121.06,0.112072
1377.52,0.137659
3688.98,0.368634
4144.7,1.74591
1263.48,0.126227
724.843,0.0724635
1525.79,0.152497
2395.72,0.239555
1907.95,0.190779
973.636,0.097333
959.425,0.0959389
829.788,0.0829773
759.748,0.0759697
832.436,0.0831503
2360.78,0.235998
994.218,0.0992444
2162.31,0.216137
2938.71,0.29365
2618,0.261766
3165.81,0.316162
2552.46,0.249216
997.597,0.0997445
1206.19,0.12048
2422.33,0.242148
1902.29,0.189984
3090.47,0.308069
1384.16,0.138406
911.194,0.090711
1291.76,0.129097
952.612,0.0952415
1229.93,0.122934
356.603,0.0356445
1751.73,0.175097
1086.29,0.108625
1035.43,0.101861
982.211,0.0981334
1360.06,0.135982
653.779,0.0653716
1146.87,0.11468
29868.7,2.96657
1071.8,0.107174
1736.5,0.17364
1176.96,0.117658
957.152,0.0956119
1564.63,0.156414
1007.67,0.100765
1462.2,0.146205
1085.2,0.108472
923.373,0.0923013
2106.21,0.210539
972.279,0.097198
10524.5,1.04995
2370.33,0.237912
1075.96,0.107518
1516.54,0.151372
1629.03,0.162774
940.062,0.0940031
1115.09,0.111425
864.221,0.0858186
1011.2,0.101091
2306.09,0.229964
986.295,0.0986253
5838.84,0.583054
1367.73,0.136416
1436.43,0.143536
2940.48,0.293497
1615.77,0.161058
620.959,0.0620422
814.719,0.0814264
1320.89,0.132077
3392.61,0.339071
1563,0.156282
1530.78,0.153066
631.442,0.0631125
6319.91,0.63135
2026.28,0.202607
970.983,0.096972
777.875,0.0777202
820.036,0.0819745
987.285,0.098683
1750.97,0.174974
1106.64,0.110653
2689.34,0.268605
999.638,0.0998784
1671.25,0.167018
853.766,0.0852773
2186.34,0.218411
870.663,0.0870242
1061.44,0.106061
1450.3,0.144886
897.542,0.089486
1629.33,0.162842
1542,0.153925
1393.1,0.139234
2561.9,0.253938
1945.75,0.194432
529.192,0.0529182
607.391,0.0607111
1725.32,0.172376
470.286,0.0470249
1375.45,0.13745
690.883,0.0690465
1601.55,0.160041
1283.37,0.152634
1918.25,0.191752
1439.47,0.143021
763.529,0.0763456
6209.78,0.617389
2171.59,0.217033
1178.41,0.117835
2450.04,0.24488
2723.68,0.272288
1077.45,0.107694
1593.59,0.159171
920.52,0.0920091
669.124,0.0668937
1226.87,0.12267
1040.28,0.103995
1712.72,0.17125
3257.72,0.325523
2524.86,0.252182
912.113,0.0912012
3269.56,0.326876
1213.46,0.121284
1078.02,0.107748
697.2,0.0697135
1849.21,0.184873
6448.68,0.642712
2496.82,0.249603
1553.52,0.155323
1293.73,0.129361
1058.05,0.105797
3152.58,0.315215
2079.41,0.20781
1660.54,0.165975
2302.7,0.230152
1057.74,0.105752
1854.03,0.185293
11903.1,2.88929
3806.5,0.38048
1512.13,0.151187
1489.56,0.148878
1041.53,0.104063
835.345,0.0832216
2862.18,0.286114
762.657,0.0762628
1039.17,0.103881
2592.63,0.259221
913.836,0.0913792
1570.55,0.156999
1286.5,0.128596
1033.85,0.103381
1119.12,0.111842
1886.64,0.188572
1010.33,0.101031
743.775,0.074307
1794.86,0.179463
1740.05,0.173998
760.523,0.075997
2174.4,0.217422
10665.7,1.0646
3753.17,0.375099
1270.4,0.126999
1292.1,0.129179
9053.96,0.901544
1783.76,0.178171
906.034,0.0905978
932.472,0.0932356
1358.64,0.135771
1344.97,0.134442
1409.47,0.139364
791.03,0.0789572
1180.11,0.117843
1145.85,0.10312
872.153,0.0871922
3240.27,0.32386
654.066,0.0653928
1898.19,0.189149
869.756,0.0869134
719.789,0.0719221
4273.76,0.426184
1297.56,0.129748
1424.69,0.142458
1084.05,0.108307
775.138,0.0775115
949.754,0.0948701
1018.38,0.101833
917.739,0.0917465
1524.89,0.152426
1317.95,0.131786
986.519,0.0979044
4232.29,0.423004
827.593,0.0826683
9658.85,3.77079
2897.68,0.289683
1595.24,0.159461
1342.08,0.134172
735.846,0.0735385
1550.46,0.155025
1119.23,0.111648
1257.5,0.125722
831.798,0.0831542
2535.22,0.253315
2682.57,0.268006
755.548,0.0755092
2073.64,0.207292
1098.49,0.109754
1164.51,0.116402
2304.76,0.230133
951.244,0.0951204
1876.48,0.187617
2230.76,0.223056
1202.67,0.120188
1275.11,0.126958
1572.65,0.157196
1252.29,0.125106
2309.72,0.230719
1007.05,0.100623
872.221,0.0872103
1279.02,0.127786
1731.2,0.173026
1292.14,0.129144
1078.14,0.107782
1373.36,0.137265
1166.07,0.116549
1225.33,0.122524
3089.47,0.308858
2454.9,0.245472
799.682,0.079958
3067.94,0.306714
1012.24,0.101221
1116.27,0.111414
759.019,0.0750482
1685.23,0.168496
2028.41,0.202824
1223.08,0.121688
811.1,0.0810622
477.655,0.0477647
1569.29,0.156889
1308.75,0.13083
3135.63,0.313434
1647.64,0.164676
1363.53,0.136154
999.567,0.0999107
1058.44,0.105843
1703.51,0.170085
2929.16,0.292867
889.338,0.0889298
3008.8,0.300819
1055.89,0.105564
2514.24,0.251381
1349.78,0.134941
1612.64,0.161045
1223.32,0.122097
2319.86,0.231934
1376.41,0.137627
1204.93,0.12048
1524.22,0.152403
723.721,0.0722578
825.184,0.0824661
644.559,0.0644107
1775.93,0.177558
1004.39,0.100418
1310.03,0.130942
1092.04,0.109077
2442.69,0.24252
1554.8,0.155458
763.344,0.0763207
4796.69,0.478831
1379.43,0.137866
1731.64,0.173106
1005.37,0.100468
863.345,0.0861593
1788.64,0.178856
1807.26,0.180578
4144.33,0.414352
845.714,0.0845266
1058.37,0.105768
1018.01,0.101434
4003.04,0.399538
932.427,0.0932214
1022.71,0.102156
709.138,0.0709054
981.821,0.0979753
983.252,0.0982986
2666.17,0.26654
985.278,0.0984817
924.911,0.0924884
887.177,0.0879646
1176.37,0.117515
1187.61,0.118597
7440.02,0.743176
669.609,0.066956
1411.26,0.141081
523.502,0.0522802
1572.24,0.157011
1654.28,0.165373
1525.84,0.152523
2355.71,0.235394
819.018,0.0818958
12431.7,1.24164
1284.6,0.12842
2436.51,0.243603
1692.59,0.169219
846.893,0.0845865
495.926,0.0495847
1133.62,0.113354
1538,0.153662
1348.85,0.134778
2409.75,0.240942
1102.93,0.11027
873.663,0.0872675
1199.06,0.119877
1225.16,0.122478
2234.4,0.223337
2227.14,0.219834
4144.36,0.412695
1293.91,0.129354
674.712,0.0674027
1361.67,0.135749
2075.5,0.20729
2795.77,0.279117
923.788,0.0923356
1207.22,0.12068
2074.19,0.207238
981.699,0.0981555
2673.89,0.267008
2170.96,0.217011
1114.02,0.111357
1614.11,0.161403
1229.83,0.122975
4421.38,0.441907
1022.14,0.10198
872.402,0.0872202
740.863,0.0740737
807.192,0.0806909
1003.41,0.100329
700.387,0.0699174
9653.97,0.962063
2334.58,0.232778
1733.29,0.173267
1950.68,0.19503
1220.61,0.121988
1216.25,0.121608
916.424,0.0916383
1205.05,0.120463
574.454,0.0574233
1628.76,0.162843
1263.62,0.126258
1190.15,0.118846
3482.29,0.346245
627.625,0.062759
