EnergyDeposit(eV),LET(keV/um)
1302.2,0.1302
1163.61,0.116344
1016.39,0.10158
848.589,0.0848364
635.353,0.063523
2417.43,0.241369
1177.38,0.11767
936.063,0.0935471
1570.34,0.156886
3939.79,0.392897
940.52,0.0940448
1343.79,0.134369
659.566,0.0658982
1987.36,0.198718
800.42,0.080026
2803.3,0.279982
5886.49,0.587744
1646.23,0.164508
922.288,0.0922231
1542.73,0.154049
25580.7,2.54754
726.181,0.0726111
1584.38,0.158343
1230.82,0.123045
1708.91,0.170661
2189.17,0.218721
633.366,0.0633343
2611.99,0.260022
1043.16,0.10399
1281.95,0.128188
1589.77,0.158941
2858.95,0.285639
660.793,0.0659651
1209.6,0.120919
1698.88,0.169613
5735.23,0.572508
2122.94,0.212238
1524.93,0.152445
1227.21,0.122419
2431.06,0.242359
1127.49,0.112703
2160.05,0.215967
2900.49,0.289955
2344.84,0.234459
857.361,0.0857238
939.825,0.0939408
22026.4,2.19444
598.872,0.0598636
1244.29,0.124389
5445.8,0.544052
1517.01,0.151115
3206.2,0.320528
681.883,0.0680869
585.399,0.0585132
737.863,0.0737266
596.458,0.0596374
812.604,0.0812392
895.204,0.0894648
1917.42,0.191534
1207.07,0.120632
1244.51,0.124304
1586.61,0.158474
1390.97,0.139088
1489.5,0.148911
5048.44,0.502952
1463.68,0.146333
2043.47,0.204238
1974.82,0.197357
1448.32,0.14481
1500.84,0.150026
1041.5,0.104132
7537.67,0.752198
987.112,0.0986831
1669.8,0.166951
2481.26,0.247893
891.019,0.0889752
3199.06,0.319531
1846.67,0.184641
1354.5,0.135254
1033.33,0.103326
563.94,0.0563885
944.41,0.0944294
529.296,0.0529266
1460.93,0.146076
1465.99,0.146543
1250.16,0.124831
732.851,0.0732687
885.568,0.088447
1909.81,0.190906
1606.89,0.160614
587.098,0.059249
3727.25,0.37212
891.88,0.089171
1100.84,0.109986
1047.43,0.104709
866.98,0.0866932
6178.67,0.617318
1096.64,0.109629
1091.11,0.108516
804.259,0.0803656
1876.17,0.18758
1240.34,0.113026
798.52,0.0798315
903.75,0.0903701
474.3,0.0474059
1457.77,0.145685
1903.75,0.190326
1096.08,0.109594
1510.58,0.150972
1429.46,0.142833
809.667,0.080953
1671.36,0.16685
1047.73,0.104588
1002.06,0.100185
3027.18,0.302379
1219.74,0.12197
584.757,0.0584608
658.129,0.0658073
14313.6,1.97912
1018.85,0.101855
1663.95,0.166353
729.748,0.0728688
1024.73,0.102449
1046.6,0.104609
511.404,0.0510999
1014.46,0.101426
985.763,0.0985272
1298.83,0.129867
1390.3,0.138926
2301.22,0.230062
7111.18,0.710875
998.688,0.0998261
1220.26,0.121991
932.542,0.0932313
821.415,0.0820526
1035.35,0.103389
1858.25,0.185779
956.113,0.0955554
1329.4,0.13141
2176.37,0.217544
1630.54,0.16302
1223.76,0.122353
915.912,0.0915724
1540.7,0.154048
1166.52,0.116585
1014.92,0.101476
3339.35,0.333713
1000.53,0.102087
2090.7,0.208921
934.879,0.0934688
620.065,0.0619985
1754.38,0.175421
672.435,0.0671832
6607.95,0.66015
1312.83,0.131179
1095.95,0.109044
706.185,0.0706047
816.183,0.0816074
1229.05,0.122901
1066.07,0.106575
1604.59,0.160367
8951.54,0.890147
637.215,0.0637132
2146.34,0.214568
916.371,0.0915967
954.54,0.0954117
1870.95,0.187027
962.894,0.096274
8383.46,0.835893
842.465,0.0842226
1067.97,0.106786
1261.45,0.126116
1102.43,0.110156
1593.49,0.158756
6603.27,1.26824
1239.74,0.123345
1166.15,0.116567
3115.7,0.311439
1172.2,0.111505
3072.29,0.307165
944.719,0.0944156
3626.86,0.362608
1938.81,0.193857
864.897,0.0864476
973.44,0.0972293
2021.45,0.201943
1606.51,0.160469
2345.91,0.234494
2205.36,0.220462
1706.58,0.170588
967.271,0.0967061
1727.95,0.172773
3026.1,0.302376
940.578,0.0940153
3800.74,0.379731
977.29,0.0976892
955.282,0.0955017
1494.81,0.149367
862.988,0.0862824
1396.79,0.139012
673.885,0.067385
914.043,0.0913179
854.349,0.0853957
938.715,0.0938447
2618.24,0.261525
1146.08,0.114545
1713.5,0.171309
814.712,0.0814614
1680.31,0.16756
2359.68,0.235223
1538.14,0.153795
2207.66,0.220744
657.967,0.0657892
1949.45,0.194841
1289.39,0.128923
1197.11,0.119664
878.283,0.0876769
1076.21,0.107544
1170.62,0.117056
1234.02,0.123359
795.109,0.0794657
9978.1,0.990526
1211.47,0.121015
3481.6,0.347821
858.005,0.0857891
605.217,0.0605132
1373.42,0.13714
778.705,0.077854
1005.82,0.100383
1011.74,0.101097
947.805,0.0947386
1670.32,0.167006
1283.47,0.128306
633.574,0.0631903
1956.06,0.195573
1170.96,0.116908
1294.09,0.129384
1587.12,0.158681
1105.67,0.110249
1059.2,0.105876
1209.75,0.12094
1859.57,0.185907
1986.92,0.198414
707.113,0.0706969
937.534,0.0936772
950.267,0.0948687
1350.58,0.135011
1331.82,0.13308
1350.83,0.135055
1045,0.104489
1308.75,0.13079
723.603,0.0723331
861.172,0.0860919
1377.14,0.137665
2507.57,0.250585
711.111,0.0710998
1004.89,0.100349
2051.34,0.204958
1449.62,0.144947
1001.86,0.100164
3057.88,0.305098
1459.62,0.145922
2684.3,0.268385
1080.76,0.108035
899.424,0.0898644
1080.88,0.108056
582.451,0.058173
1325.71,0.132562
753.146,0.0751454
2470.37,0.246939
1010.06,0.100905
2581.55,0.310397
1027.91,0.102694
950.599,0.0950418
818.505,0.0818324
964.478,0.0964113
1094.49,0.109428
1784.33,0.178357
680.092,0.0680017
1214.88,0.120867
1249.64,0.124954
5881.62,0.587638
3116.63,0.31151
9895.9,6.34693
1366.96,0.136634
1055.89,0.105571
2247.38,0.2246
1177.44,0.117725
904.188,0.0904006
2557.22,0.255421
591.923,0.0591892
1392.72,0.139258
2393.1,0.23927
1684.69,0.168432
1575.9,0.157505
1533.34,0.153114
562.56,0.0562486
1017.99,0.101751
1155.02,0.115486
601.441,0.0601352
1882.58,0.188192
1966.31,0.196599
1034.62,0.103445
2764.37,0.276128
1987.49,0.198719
1382.85,0.138183
3060.46,0.306023
986.525,0.0985791
5922.3,0.591552
1306.58,0.130629
1916.97,0.191646
1941.51,0.194105
773.561,0.0773355
1572.71,0.157237
4552.67,0.455014
1722.56,0.172229
1889.47,0.188832
833.149,0.0833043
1029.6,0.102956
2637.79,0.263568
2353.63,0.235295
5031.84,0.50286
559.783,0.0559444
897.188,0.0896841
1319.11,0.131902
2830.37,0.282728
1415.14,0.14006
1312.03,0.131193
925.297,0.0924519
873.833,0.0873557
1031.63,0.102975
1385,0.138496
709.435,0.0709243
1055.51,0.105515
961.81,0.0961561
588.031,0.058797
1492.84,0.149089
1495.08,0.144289
1586.3,0.158554
6346.63,0.6343
1408.11,0.140653
1068.6,0.106825
1342.32,0.134075
770.102,0.0770054
1034,0.103392
1123.31,0.112313
3217.89,6.19203
1390.32,0.139005
940.563,0.0940367
685.175,0.0685089
833.525,0.0833382
1948.85,0.194847
2932.72,0.292955
1926.19,0.192504
14186.5,1.41307
2262.41,0.22618
1082.06,0.108166
1645.03,0.164351
1612.81,0.161145
1299.39,0.129912
1462.13,0.145995
1621.21,0.16206
2553.41,0.253299
1237.5,0.123671
999.639,0.0999409
842.223,0.0841075
1037.61,0.10372
828.658,0.0828163
1325.2,0.13247
1734.88,0.173477
2712.56,0.269717
20397,2.02984
1263.72,0.126324
490.346,0.0490187
650.827,0.0650801
751.513,0.0751394
2132.67,0.213235
1450.43,0.145009
1072.18,0.106871
1091.3,0.109111
1932.78,0.193016
1982.51,0.198139
1047.16,0.104614
1385.81,0.137762
1385.71,0.138552
734.959,0.0734881
836.055,0.083603
886.162,0.0885859
1181.66,0.11808
951.269,0.0950908
803.463,0.0803203
2028.13,0.202521
1496.17,0.149574
1561.52,0.156011
4401.14,0.439876
2482.56,0.248056
1908.93,0.190794
1319.5,0.131876
5320.45,0.53183
1708.89,0.170696
2284.09,0.227896
837.124,0.0837037
1095.88,0.109487
2331.78,0.233083
1585.63,0.158524
1785.66,0.178379
2063.03,0.20614
1927.52,0.192725
1041.2,0.103933
844.131,0.0843641
891.917,0.0891754
1942.4,0.194171
686.947,0.0686899
1206.52,0.120333
4659.88,0.461163
1104.21,0.110335
1188.4,0.118818
1703.38,0.170026
838.859,0.0838801
802.943,0.0802791
885.271,0.0885158
8746.74,0.871425
2084.25,0.207604
1736.42,0.173574
1095.92,0.109504
740.926,0.0740288
1070.05,0.106988
1169.03,0.116885
813.396,0.0811934
988.096,0.0987291
1808.14,0.180724
3212.07,0.321081
4403.61,3.39593
925.129,0.0924677
1065.92,0.106583
2364.02,0.236338
907.506,0.0906927
842.756,0.0842609
1028.72,0.102854
1560.44,0.155979
835.604,0.0835295
1107.34,0.110718
902.672,0.0902516
965.969,0.0964328
1084.02,0.108325
873.436,0.087323
1192.67,0.119069
1350.53,0.135013
3184.02,0.318028
1341.77,0.13407
1089.87,0.108921
1297.51,0.129337
1735.24,0.173471
1085.36,0.107894
678.551,0.0678369
4206.76,0.420194
1661.44,0.166119
1810.34,0.18099
1605.87,0.160415
1037.01,0.103622
954.258,0.0954117
2293.81,0.229286
24317.6,2.42612
1790,0.17897
4529.18,0.452815
942.782,0.0942558
1161.31,0.115993
1614.85,0.161286
737.099,0.0737033
958.669,0.0957799
938.615,0.0937903
939.936,0.0939699
1316.29,0.131619
1395.53,0.139328
798.623,0.07986
1360.11,0.135977
1816.21,0.18075
1804.85,0.180354
1024.06,0.102346
973.864,0.0973573
717.108,0.0716972
1606.54,0.160621
1247.29,0.124688
988.329,0.098799
2144.08,0.21436
1089.59,0.108879
842.768,0.0841381
997.986,0.0997781
650.708,0.0650618
1862.92,0.186145
934.015,0.0931289
1491.13,0.148964
3060.92,0.305823
1757.31,0.175717
1372.36,0.137224
1283.55,0.12816
1975.04,0.197492
1047.1,0.104671
2332.33,0.233064
1639.04,0.163762
1888.67,0.188831
995.049,0.0993802
1098.3,0.109746
1111.05,0.111062
1662.59,0.166195
1200,0.114501
557.561,0.055743
1325.73,0.132537
2033.63,0.203258
1568.7,0.156839
1039.1,0.103616
757.338,0.0756836
1840.89,0.183833
2357.8,0.235763
903.29,0.0903186
916.945,0.0916815
1726.31,0.172144
768.423,0.0767857
1574.87,0.157461
1451.44,0.145087
1866.26,0.18658
1125.82,0.11257
988.044,0.098517
2277.7,0.227702
1064.36,0.1064
1134.9,0.113455
3319.01,0.331742
1057.26,0.105644
1392.48,0.139041
821.306,0.0819454
2055.59,0.20447
594.285,0.0594249
526.237,0.052602
746.563,0.0746498
1449.29,0.144837
1144.35,0.114427
985.391,0.0984555
727.85,0.0727337
1455.55,0.145517
736.182,0.0735833
1152.6,0.114908
1186.66,0.118566
965.704,0.0965528
1064.13,0.106367
1219.46,0.121934
1033.73,0.103186
931.38,5.76068
2303.25,0.2303
1051.2,0.10507
998.063,0.099799
1289.7,0.128941
1202.03,0.120165
1106.92,0.110684
961.979,0.0961947
1158.49,0.115838
1069.34,0.106893
538.086,0.0537801
2061.55,0.206006
1403.49,0.140338
663.768,0.0661388
1440.99,0.14409
810.865,0.0810473
1342.73,0.134228
1416.86,0.141673
1361.33,0.13609
1274.11,0.127378
736.106,0.0734768
1032.17,0.103214
1657.24,0.165687
733.643,0.073349
1766.46,0.17634
854.079,0.0853859
1991.89,0.198861
969.942,0.0967468
1093.61,0.109327
6849.48,0.682746
1115.83,0.111476
1169.86,0.116894
985.898,0.0985517
737.094,0.0736549
1063.15,0.106274
915.764,0.0915512
2040.54,0.204043
1100.5,0.109387
2711.04,0.270984
1212.93,0.121195
1489.2,0.148874
1099.58,0.10972
1177.05,0.117597
3654.53,0.365294
871.001,0.0870694
892.592,0.0892384
1506.7,0.150648
915.65,0.0911819
1417,0.14169
1354.81,0.135442
1095.33,0.10945
981.745,0.0980996
884.343,0.0884218
913.068,0.091289
1081.83,0.108173
1856.21,0.185559
972.62,0.0972451
959.091,0.0947376
3268.61,0.326339
459.675,0.0459022
1342.21,0.134175
2346.93,0.234408
661.158,0.0660904
1166.98,0.116625
1654.98,0.165432
1212.92,0.121237
800.022,0.0799614
997.168,0.0996521
1562.71,0.156239
3076.78,0.307622
3045.2,0.304177
1661.73,0.166169
3413.13,0.340589
1561.81,0.156155
832.867,0.0831595
964.698,0.0962905
1037.61,0.103713
930.01,0.0929985
1027.76,0.102753
1646.48,0.164601
685.508,0.0685469
1062.14,0.106075
726.224,0.0726166
1277.82,0.127485
767.264,0.0766984
1120.56,0.111849
1232.85,0.123275
1557.3,0.155703
12818.2,1.27873
649.298,0.0649258
1001.53,0.100136
645.839,0.064573
1202.44,0.119646
717.465,0.0717323
1491.9,0.14918
812.71,0.0812617
887.979,0.0887621
2173.24,0.217087
1999.37,0.199842
1137.26,0.113632
2461.98,0.246124
1425.4,0.142436
1090.07,0.108994
2014.44,0.201414
911.419,0.0910675
588.201,0.0588148
2127.13,0.212633
724.587,0.0724284
1043.37,0.104329
2037.32,0.203451
1293.09,0.129293
1386.69,0.138582
1218.69,0.121807
980.833,0.0980544
686.765,0.0686203
1036.87,0.103656
2554.37,0.255363
1703.33,0.169992
628.824,0.0628772
1109.45,0.11084
1104.34,0.110421
1104.26,0.110405
2410.78,0.240808
1809.17,0.180672
908.598,0.0908488
4328.52,0.43272
1461.02,0.145967
940.653,0.0940296
743.417,0.0742784
921.658,0.0921153
621.527,0.0621461
709.138,0.0708383
886.297,0.088609
1483.25,0.148294
908.097,0.0907912
1982.36,0.198179
1065.36,0.106393
1431.53,0.142896
1174.59,0.117202
1992.68,0.199169
881.3,0.0881216
1117.25,0.111707
1004.89,0.10045
1121.61,0.112138
907.868,0.0907746
4012.19,0.400668
2104.73,0.209236
832.553,0.083193
1648.39,0.164736
1089.91,0.108938
1051.62,0.105141
2107.99,0.209827
2208.68,0.220704
929.132,0.0928235
897.832,0.0897369
4845.86,0.483964
1106.83,0.110649
634.24,0.0633322
1326.88,0.132475
1452.91,0.145065
1128.03,0.112752
728.969,0.0721428
2137.56,0.213725
2514.14,0.251053
994.338,0.0993896
1382.9,0.138281
742.833,0.0742376
1290.36,0.129011
6154.68,0.614758
1117.94,0.111772
1897,0.189535
2038.32,0.203729
1760.21,0.175937
13493.5,1.34795
720.326,0.0717778
1571.3,0.157071
1132.57,0.11324
2339.92,0.233923
731.3,0.0731101
847.428,0.0847115
1396.19,0.139576
985.274,0.0985167
3248.91,0.324602
1421.35,0.14208
1288.51,0.128835
2979.69,0.297699
2203.08,0.220053
2256.15,0.225507
881.159,0.0881013
1242.48,0.124242
2909.41,0.2907
1316.9,0.131661
1073.39,0.107304
1156.75,0.11564
863.942,0.086379
1017.05,0.101702
1147.92,0.114762
1609.64,0.160793
1582.13,0.158089
1792.25,0.179202
3491.6,0.34881
1579.8,0.157811
2205.51,0.220408
2034.06,0.203325
1498.98,0.149881
1985.62,0.198276
887.405,0.0882662
1184.6,0.118431
839.454,0.0839353
1104.82,0.109821
1775.64,0.177551
1735.72,0.173544
2520.86,0.251786
1506.66,0.150525
903.46,0.0903384
867.684,0.0865396
1268.4,0.126719
974.407,0.0974378
1125.75,0.112533
1946.81,0.194243
987.679,0.0987227
666.306,0.0666272
849,0.084859
726.618,0.0725857
3323.87,0.332184
1576.26,0.157369
2223.13,0.22207
3442.22,0.344111
1143.63,0.114187
1072.18,0.107211
1184.34,0.118408
1823.62,0.182255
3463.57,0.346158
10668.4,3.24979
1442.81,0.144246
889.272,0.0888749
1460.04,0.145695
2774.38,0.277204
1469.14,0.146839
1273.39,0.127329
849.757,0.0849516
1020.07,0.10135
791.766,0.0791743
1130.71,0.113018
895.7,0.089545
925.104,0.0924972
1338.46,0.133811
1540.82,0.153615
6865.82,0.686226
1680.52,0.167993
2069.31,0.20687
1924.16,0.192347
795.763,0.0795609
2670.02,0.266254
1656.02,0.165569
2163.98,0.2161
860.765,0.0860572
1280.57,0.127998
2464.46,0.246189
3518.91,0.3516
2127.93,0.212721
999.195,0.0998906
1179.21,0.117076
989.205,0.0988653
987.001,0.0985436
1690.56,0.168937
1032.77,0.103225
3789.34,0.378779
1541.23,0.153878
896.869,0.0896689
3068.37,0.30676
1340.32,0.133897
3640.73,0.362914
526.445,0.0525505
3218.08,0.321744
949.481,0.0948995
1252.87,0.125266
631.877,0.0631614
1006.3,0.100609
785.445,0.0785196
1627.15,0.162375
1603.71,0.160345
861.331,0.0861219
3058.85,0.305752
762.191,0.0762019
809.868,0.0806498
939.222,0.0938948
1572.28,0.157109
1825.06,0.182484
1983.27,0.198283
947.006,0.0946351
977.301,0.0976788
1607.55,0.160663
1790.58,0.178945
922.41,0.0922139
5531.51,0.552687
686.074,0.0685887
1559.92,0.155788
1438.2,0.143787
1028.72,0.102869
958.127,0.0958059
794.434,0.0794132
688.298,0.0688134
6237.81,0.623533
2421.12,0.242015
1164.2,0.116257
1489.6,0.148858
851.511,0.0851407
778.698,0.0777634
1981.78,0.198092
13007.5,1.29427
2007.41,0.200735
1345.48,0.134526
1306.23,0.130551
793.736,0.0793211
2067.75,0.206279
857.2,0.0857134
5344.34,0.534011
3199.54,0.319863
2032.32,0.20322
1259.3,0.125867
727.543,0.0727412
1334.99,0.133467
3202.17,0.319174
1483.02,0.148271
664.985,0.0664539
1185.28,0.118507
1137.83,0.11377
1162.83,0.116275
806.265,0.080417
6126.58,4.73936
1043.95,0.104287
1648.94,0.164838
1147.54,0.114669
1549.05,0.154631
984.556,0.0982316
1769.63,0.176915
1696.32,0.169427
2539.49,0.253768
798.572,0.0797758
15150.8,1.50411
2095.92,0.209373
729.538,0.0729437
668.685,0.0668605
2134.53,0.213427
1939.44,0.193846
1802.6,0.180071
1697.52,0.169434
939.554,0.093939
889.88,0.0889645
874.809,0.087469
3223.46,0.322256
1437.74,0.143701
2939.78,0.293705
1068.37,0.106812
1375.09,0.137336
1430.17,0.142971
2376.27,0.23757
1038.02,0.103674
2253.12,0.225279
1784.14,0.178346
2544.4,0.25426
1416.34,0.141617
829.458,0.0828437
734.3,0.0734116
971.712,0.0971057
1288.57,0.128853
1408.43,0.138569
1546.04,0.154533
2132.95,0.213226
611.728,0.061166
782.468,0.0782288
1601.75,0.160104
1324.18,0.1324
1119.64,0.111752
3306.56,0.330162
489.89,0.0489307
1044.95,0.104464
797.154,0.0796959
637.695,0.0613919
668.561,0.0668364
2649.31,0.264772
1914.1,0.191304
699.929,0.0699753
1692.23,0.169204
1933.27,0.193277
876.352,0.0875486
21048.3,2.09954
2124.09,0.212323
1132.13,0.113197
1547.1,0.154426
2724.91,0.271154
2619.27,0.261804
1631.3,0.162728
1412.31,0.141107
978.599,0.097698
947.107,0.0946404
5137.02,0.513526
1114.01,0.111315
1059.18,0.105898
1848.52,0.174425
791.112,0.0791026
1092.68,0.102376
1675.11,0.167291
1909.86,0.190854
1182.48,0.118164
740.392,0.0739777
3490.02,0.348666
669.791,0.0669555
1176.39,0.117603
1845.28,0.184482
867.33,0.0867263
2505.07,0.250412
1588.11,0.158671
1537.37,0.153525
791.64,0.0791352
1669,0.165986
884.466,0.0884284
811.385,0.0827182
1114.75,0.111329
1054.92,0.105207
2261.06,0.225956
2092.25,0.209171
2394.29,0.237787
673.407,0.0673349
923.504,0.0923256
830.901,0.0830739
841.41,0.0841322
1734.33,0.173425
900.559,0.0900419
2596.94,0.259388
751.882,0.0751766
1826.82,0.182597
545.67,0.0545487
4623.77,0.461885
2630.58,0.262786
1139.56,0.113928
1020.01,0.10192
1318.94,0.131856
2979.43,0.297665
1778.15,0.177205
1874.68,0.187454
904.631,0.0904323
928.145,0.0927864
851.963,0.0851612
862.969,0.08628
790.623,0.0790329
985.874,0.0985398
1346.03,0.134441
920.196,0.0919426
3473.89,0.344345
3054.98,0.305319
2064.97,0.206373
1136.42,0.113545
708.598,0.0708496
1866.35,0.186603
845.408,0.0845193
987.221,0.0986183
1924.77,0.192283
732.086,0.0731927
929.538,0.0928889
828.089,0.0827836
1948.53,0.194789
1348.48,0.134763
1077.46,0.107662
1280.61,0.128054
788.905,0.0788734
1182.28,0.118213
1061.66,0.106113
961.369,0.0959257
1779.11,0.177893
852.199,0.0852127
1358.05,0.13576
18081.5,1.80069
3663.82,1.04947
4895.73,0.489285
822.473,0.0820549
1592.19,0.159118
901.552,0.0900577
1088.89,0.108774
1658.36,0.165795
555.025,0.055331
986.605,0.0986432
2277.54,0.221498
840.944,0.0840654
1215.39,0.121521
1436.69,0.143642
708.683,0.0708392
2077.11,0.207462
1124.96,0.11214
1481.96,0.148169
2410.96,0.24103
2592.83,0.259112
5517.18,0.551436
690.082,0.0689891
1044.03,0.10428
1336.14,0.1335
789.649,0.0789568
791.748,0.079135
1869.41,0.186777
1886.8,0.188622
4883.06,0.48772
1855.78,0.185447
1796.84,0.17946
1125.28,0.112447
776.582,0.0776426
1286.83,0.128645
936.258,0.0936222
1486.93,0.148533
898.553,0.0898211
1546.35,0.154558
1073.66,0.107337
1025.9,0.102552
767.112,0.0765035
932.982,0.0931537
2161.11,0.216082
960.618,0.0932995
1326.1,0.132598
1763.46,0.176049
1030.27,0.103015
1245.86,0.124476
5604.24,0.559941
6599.5,0.652326
1153.04,0.11473
953.413,0.0953121
801.456,0.0800538
974.226,0.0973933
989.846,0.0989554
1962.53,0.196238
647.019,0.064689
1057.33,0.105706
2541.04,0.254003
986.44,0.0986321
2107.74,0.210609
1037.19,0.102828
1789.67,0.17894
1264.13,0.126383
2488.99,0.248861
929.271,0.0928662
744.948,0.0744314
10070.1,1.62236
1277.52,0.12768
1115.67,0.111561
1045.21,0.10445
1212.48,0.120849
930.675,0.0930566
1506.78,0.150593
1311.39,0.131125
932.322,0.093124
1870.42,0.186725
1793.09,0.17922
1016.03,0.101586
878.099,0.0877318
2664.31,0.266374
5491.03,0.54798
1153.63,0.115339
839.274,0.0839157
1853.9,0.185356
2054.68,0.206461
774.391,0.0774267
1182.48,0.118085
923.052,0.0922834
1993.39,0.199284
1118.19,0.111808
949.226,0.0948541
1519.57,0.151923
908.155,0.0908098
1202.53,0.120217
1511.51,0.151123
1560.77,0.155977
4335.12,0.433105
1819.87,0.181897
3460.04,0.345428
1850.04,0.184916
1176.31,0.117561
1457.72,0.145735
657.545,0.0657492
692.814,0.0692252
1729.35,0.172774
854.396,0.0854305
1634.99,0.163438
10822,1.08105
765.043,0.0764794
1999.99,0.199964
1233.77,0.123306
1219.73,0.121965
1071.09,0.106951
2622.52,0.262215
927.753,0.0927292
2257.76,0.225726
1514.41,0.151357
1324.65,0.132373
849.35,0.0849059
1015.14,0.101483
997.144,0.0996479
1334.87,0.133425
1184.34,0.118413
1125.55,0.11254
1054.02,0.105398
2475.82,0.247528
1624.6,0.162428
632.497,0.0632184
1074.29,0.107076
2453.34,0.245272
1186.44,0.118598
1419.21,0.141891
706.968,0.070568
1170.74,0.11697
1952.3,0.194968
1246.23,0.124073
1741.86,0.174103
1027.81,0.102408
6634.3,0.663169
566.589,0.056531
1323.43,0.132308
1341.54,0.134115
1323.13,0.132234
1377.27,0.137646
971.768,0.0971597
1309,0.132586
1233.57,0.123311
1750.2,0.174932
980.286,0.0976364
996.807,0.0996674
896.885,0.0896368
847.291,0.0842418
4331.95,0.432172
975.55,0.0974765
6927.72,0.691472
1248.45,0.124834
1002.36,0.100204
5831.58,0.581808
1437.28,0.143685
1966.13,0.196498
1627.98,0.162733
1908.97,0.190802
1216.82,0.12158
1072.73,0.107213
1358.23,0.135677
2045.06,0.203745
780.851,0.0780672
741.652,0.0741488
1780.56,0.178043
2571.54,0.257064
1760.63,0.175953
1383.76,0.138281
4162.42,0.415982
1725.13,0.172301
1202.79,0.120124
720.116,0.0719926
2145.24,0.214501
1658.73,0.165484
1178.87,0.117814
1006.09,0.100589
820.875,0.0820275
1866.34,0.186366
2305.22,0.230459
958.104,0.0957336
1740.43,0.174016
1010.91,0.101059
2547.36,0.254512
1175.68,0.117464
1597.4,0.159618
790.411,0.0790238
1688.14,0.168703
1446.1,0.143525
1568.93,0.156668
1490.18,0.148923
1194.61,0.119414
1131.69,0.113087
2172.79,0.217045
1407.49,0.140699
520.593,0.0520424
1306.82,0.130665
1083.02,0.108297
508.273,0.0507319
1191.42,0.119128
834.741,0.0834453
653.4,0.0652469
1221.6,0.122157
861.332,0.086074
1504.8,0.15014
3610.83,0.361034
1553.29,0.224222
1402.03,0.140162
1016.82,0.101624
1726.82,0.172621
916.546,0.0916367
701.808,0.0697497
2606.66,0.260556
1383.05,0.138299
737.843,0.0737348
1248.51,0.124824
2888.22,0.288639
941.079,0.0941015
1085.32,0.108506
1162.87,0.116232
962.445,0.0962167
1280.42,0.128005
2097.63,0.209042
1271.33,0.127115
9674.12,0.967013
678.43,0.0678225
1416.19,0.14153
2901.51,0.289915
976.182,0.0975861
2894.85,0.289431
879.623,0.0875551
1029.76,0.10293
4189.61,0.418715
1569.52,0.156918
1928.85,0.192847
1032.95,0.103278
2240.77,0.223946
1175.16,0.117488
1298.86,0.129862
900.046,0.0873933
872.082,0.0872037
638.834,0.0638689
15574.5,1.55373
2705.38,0.270473
1664.05,0.166326
1011.88,0.10113
1018.46,0.101766
1015,0.101473
920.926,0.0920632
780.797,0.0779377
8365.16,0.835977
929.676,0.0929518
546.729,0.054667
1960.35,0.195775
607.608,0.0607548
895.682,0.0894522
792.811,0.0792521
728.304,0.0728257
864.013,0.0863673
20542.2,2.04431
1923.33,0.19219
801.473,0.0801344
1368.35,0.13681
8917.04,0.891003
1224,0.122376
1065.4,0.106513
595.541,0.0595469
1578.06,0.157515
1501.71,0.150126
1646.68,0.164524
787.402,0.0785284
2688.48,0.268611
1293.68,0.129331
3243.7,0.324279
976.843,0.0976741
2129.16,0.212771
868.437,0.0868134
1068.16,0.106793
1096.28,0.109543
716.939,0.0716886
1125.8,0.112481
779.703,0.0779587
2345.81,0.234168
1039.87,0.103926
1626.37,0.162632
1576.52,0.157603
2110.37,0.210641
4830.43,0.482634
797.744,0.079758
2302.9,0.230256
1049.42,0.104858
728.996,0.0728849
948.98,0.0945192
1386.76,0.138621
613.109,0.0611664
1996,0.199023
1199.01,0.119831
873.829,0.0873378
2291.2,2.07483
3020.89,0.302029
865.673,0.0865587
1230.45,0.123033
684.559,0.0683287
1362.09,0.136141
3857.49,0.385113
1032.71,0.103243
4605.5,0.457539
1214.96,0.12145
1188.01,0.118785
2019.99,0.201632
1657.35,0.165525
1174.57,0.117336
659.944,0.0659906
1374.62,0.137422
2230.75,0.223027
1521.99,0.152138
1039.65,0.103874
659.754,0.0656429
3546.08,0.354508
957.063,0.0956359
1204.04,0.120297
887.671,0.0887558
1184.74,0.118457
1613.51,0.161068
4479.31,0.447889
759.963,0.0759919
1859.36,0.185832
718.853,0.071857
1474.82,0.147452
1879.77,0.187829
1611.59,0.161043
1046.12,0.104574
1648.7,0.164681
1381.84,0.138085
741.904,0.0741828
1060.31,0.106017
4472.19,0.44704
913.765,0.0913676
1075.15,0.10741
1135.48,0.11352
1619.16,0.161909
2458.78,0.244919
1080.84,0.108042
1807.47,0.180684
986.052,0.0985967
1200.04,0.119992
1194.56,0.119451
2584.12,0.258069
1079.24,0.107838
2690.56,0.268635
1045.25,0.104492
761.314,0.076127
713.091,0.0712414
1331.31,0.133056
1818.83,0.18181
593.295,0.0593234
1217.97,0.121726
1482.09,0.147925
2655.89,0.265473
1106.96,0.110585
2632.64,0.262504
871.141,0.0869697
557.59,0.0557499
672.984,0.0672926
1436.46,0.143641
1822.14,0.18209
1752.12,0.174947
991.582,0.0988802
2079.4,0.207726
1358.9,0.135839
3707.11,0.370324
5074.04,0.507126
3750.79,0.373721
5205.98,0.520417
2073.38,0.20731
1089.06,0.108551
1462.89,0.146262
750.252,0.0749964
1643.42,0.164139
1870.5,0.186833
590.331,0.0590323
970.829,0.0970333
949.912,0.0949526
3403.78,0.339807
1341.79,0.134076
849.864,0.0849854
1496.12,0.149512
1566.42,0.156624
1086.87,0.108647
773.823,0.0773478
1955.45,0.195478
1190.71,0.119069
15261.5,1.51799
1542.83,0.154235
1972.31,0.197122
1366.31,0.136491
1377.99,0.137775
795.171,0.0795125
2072.62,0.207131
1865.42,0.186473
1046.78,0.104643
5314,0.530694
1711.02,0.170992
2502.54,0.250214
716.535,0.0716475
1448.16,0.144778
1095.03,0.109473
1161.4,0.116109
1123.65,0.112342
1300.73,0.130025
929.676,0.0929569
1357.05,0.135684
1354.21,0.135354
826.344,0.0825651
1468.68,0.146743
3347.02,0.334489
649.184,0.0649069
1352.96,0.135239
630.136,0.0629964
13995.6,1.39207
919.84,0.091131
1253.95,0.125337
1427.3,0.142715
839.203,0.0839106
2458.37,0.245802
917.208,0.0917068
1170.69,0.117056
1883.87,0.188257
1333.99,0.133334
937.212,0.0936931
1031.76,0.103163
1005.9,0.100583
694.361,0.069423
1268.91,0.126807
887.538,0.0886296
2039.48,0.203777
662.593,0.0662546
1602.52,0.160149
1940.66,0.193931
685.547,0.068473
2072.08,0.207018
1513.43,0.151276
1489.96,0.148874
784.16,0.0783177
2859.91,0.285645
859.827,0.0859046
1197.79,0.119707
2233.83,0.22337
1074.92,0.107416
1259.05,0.125829
2691.74,0.268439
770.525,0.0770496
2044.64,0.204287
824.539,0.0822967
942.629,0.0942245
1154.53,0.115439
387.457,0.0386319
1062.62,0.106098
1588.23,0.15868
3351.99,0.335063
1206.07,0.120585
6254.27,0.624495
1400.7,0.140035
671.739,0.0665613
726.185,0.0725676
1409.51,0.140913
1955.52,0.195338
921.425,0.0921315
2256.48,0.225572
1334.86,0.133453
719.278,0.0718428
684.981,0.068492
1234.51,0.12331
901.122,0.0900941
986.425,0.098562
1133,0.113217
2043.2,0.204299
3683.9,0.36814
1802.52,0.180197
1756.98,0.175592
1102.15,0.109951
851.939,0.0851767
1155.01,0.115354
1061.52,0.106121
1160.38,0.115957
3952.01,0.395018
1377.42,0.137156
1646.89,0.164626
1281.63,0.127984
1139.77,0.113943
2989.91,0.298827
4020.38,0.401446
2363.66,0.236088
531.294,0.0531159
1340.53,0.134023
1087.77,0.108712
1424.35,0.142374
908.129,0.0908041
613.172,0.0612854
1039.03,0.10386
1005.12,0.0997564
904.962,0.0904927
2205.53,0.220336
2246.75,0.224636
9788.58,0.974851
799.666,0.0798429
797.794,0.0796774
1035.59,0.103373
1194.89,0.119436
732.865,0.0732723
1178.42,0.117799
1201.16,0.120084
1276.23,0.127614
1024.24,0.102396
883.807,0.0879501
1707.11,0.17062
3562.18,0.355877
1164.6,0.116406
763.893,0.0751433
2121.4,0.212132
520.232,0.0520126
1211.32,0.121114
789.6,0.0787444
2698.89,0.269758
1008.24,0.10082
19184.6,1.90986
6956.06,4.9479
914.212,0.0902933
1368.48,0.136806
649.369,0.0649292
1004.9,0.10038
1005.1,0.100447
4958.14,0.494946
1214.2,0.121405
1082.66,0.108259
6856.97,0.684744
921.06,0.0920917
761.974,0.0761211
996.231,0.0995441
1195.27,0.119512
1612.91,0.161263
1108.29,0.110816
1107.79,0.110578
1429.21,0.142861
1543.84,0.154362
1012.52,0.101211
4498.74,0.449394
2455.43,0.24551
1597.63,0.159665
908.593,0.090841
9975.22,3.31304
2120.06,0.211974
1084.12,0.108245
1999.7,0.19989
5761.62,0.575557
1863.48,0.186269
954.869,0.0954692
810.056,0.0809462
1544.6,0.154355
965.741,0.09657
1235.96,0.123522
911.239,0.091086
1658.83,0.165868
5379.79,0.537653
763.91,0.0763263
1630.83,0.163012
34807.6,3.44299
988.497,0.0987674
1119.78,0.111944
2859.47,0.285884
1383.2,0.138253
1346.24,0.134277
2213.95,0.221313
1791.52,0.17914
1264.05,0.126379
1774.28,0.17687
1573.43,0.157321
642.042,0.0641745
1107.62,0.110744
2006.02,0.200246
2364.69,0.236199
2241.49,0.223859
799.036,0.0799015
1174.41,0.11742
1041.08,0.10406
2230.86,0.222946
1638.38,0.163765
1283.31,0.127995
1003.11,0.100308
33940.4,3.36801
1271.07,0.127065
791.67,0.0791275
2092.71,0.209236
1283.77,0.128359
1669.5,0.166866
2777.32,0.277604
1015.22,0.101493
3135.31,0.308843
1324.77,0.132406
1824.9,0.18247
1759.32,0.175821
989.747,0.0989432
2251.85,0.224963
1057.39,0.105733
2757.66,0.275444
2231.58,0.223054
946.407,0.0946242
1835.1,0.183394
1240.29,0.123972
915.1,0.0914836
666.532,0.0666448
2022.59,0.20171
920.314,0.0919994
1409.58,0.140766
1202.98,0.120283
1435.67,0.143521
767.419,0.0767358
813.596,0.0813194
4050.07,0.404612
695.997,0.0695751
2422.59,0.242118
1059.31,0.105922
1856.87,0.185663
1091.43,0.109117
1306.45,0.130631
2644.62,0.255185
1002.26,0.100207
3715.39,0.371179
1189.08,0.118874
2007.83,0.200576
1204.39,0.120093
693.998,0.0693776
4054.99,0.405251
787.547,0.078744
745.195,0.0744345
1246.03,0.124584
6130.89,0.612723
1305.48,0.1305
2103.74,0.21016
963.643,0.0963323
2259.94,0.225511
1181.45,0.118109
849.025,0.0848935
1168.39,0.169117
1929.35,0.192229
1715.07,0.171451
4407.38,0.4373
1256.1,0.125599
1296.45,0.129509
2285.7,0.228382
1283.47,0.126307
1368.37,0.136732
1720.61,0.171785
678.468,0.0677738
1113.29,0.111224
1190.11,0.118878
910.471,0.0909903
762.908,0.0761611
903.067,0.0902838
1445.28,0.144082
2089.88,0.208936
1034.64,0.103452
2263.77,0.226338
1971.91,0.19717
1157.81,0.115655
1000.32,0.10001
789.169,0.0789114
1138.54,0.113848
1094.23,0.109409
781.677,0.0779088
794.957,0.0794771
3991.39,0.398993
2524.17,0.252365
954.006,0.0953814
1385.8,0.138565
1102.25,0.110064
1109.22,0.110854
2030.42,0.202663
693.818,0.069355
1012.02,0.101135
746.131,0.0745917
3937.18,0.39335
3341.84,0.334008
1188.48,0.11883
1601.64,0.160088
1389.75,0.138226
8960.62,0.895897
2191.87,0.219065
562.911,0.0562712
1231.57,0.123134
828.271,0.0827823
1404.21,0.1401
910.008,0.0909788
2290.98,0.228865
1090.07,0.108873
2398.32,0.239764
1329.38,0.132783
455.124,0.0454456
1604.92,0.160468
1878.42,0.187761
467.6,0.0467279
887.474,0.0887292
1759.11,0.175816
1897.84,0.189677
959.691,0.0959637
3717.17,0.370763
2258.41,0.225745
629.538,0.062944
1052.66,0.105253
1182.5,0.118208
1204.98,0.120437
698.029,0.0697975
881.403,0.0880946
825.912,0.0825808
985.924,0.0985808
830.317,0.0830201
867.361,0.0866941
1011.39,0.101014
926.439,0.0925377
784.218,0.07827
982.843,0.0982615
2740.21,0.27396
1059.01,0.10589
1422.5,0.142206
828.233,0.0826905
1345.73,0.134362
2982.51,0.298155
1612.49,0.161146
1190.71,0.119019
2113.91,0.211157
920.628,0.0919173
1152.77,0.115145
911.551,0.0910474
474.078,0.047379
902.646,0.0902375
1342.36,0.133809
1888.62,0.188765
1747.16,0.174681
1194.17,0.119343
2278.04,0.227683
1762.4,0.17616
1064.57,0.10644
1625.62,0.162516
1536.85,0.153507
1689.45,0.168924
1769.07,0.176714
3257.39,0.325575
976.159,0.097597
2098.47,0.209638
5360.38,0.535302
1938.18,0.193493
1142.13,0.114209
3586.87,0.358432
1132.97,0.11328
978.318,0.0976336
1647.13,0.164615
1635.48,0.163499
1438.58,0.143835
1763.33,0.176114
823.463,0.0823327
697.543,0.0696895
898.355,0.0897865
4861.33,0.482194
1930.17,0.192934
989.651,0.0988007
1631.32,0.163092
942.325,0.0941678
818.54,0.0818237
938.729,0.0938672
843.617,0.0843561
1138.95,0.11383
883.849,0.088347
6549.75,2.14065
4127.95,0.411871
1126.34,0.112627
870.465,0.0870407
752.617,0.0751886
3183.63,0.318028
1318.47,0.131812
2388.09,0.238536
2224.4,0.222309
1066.85,0.106477
1235.39,0.119062
1725.26,0.172363
1791.45,0.179072
819.895,0.0819874
1149.23,0.114878
857.87,0.0857737
2620.21,0.261938
627.518,0.0627244
1881.11,0.187599
1771.65,0.177147
891.016,0.0890818
3814.2,0.38136
625.027,0.0624942
1149.67,0.114879
2199.2,0.219885
956.652,0.0956386
1030.04,0.102852
2004.96,0.200385
2525.02,0.252465
1605.33,0.160459
1891.62,0.18912
908.74,0.0907483
956.936,0.09568
1013.23,0.101298
1570.21,0.156966
661.67,0.0661334
1020.89,0.101986
1247.66,0.124688
714.959,0.0714537
1945.25,0.194335
3513.87,0.351332
847.579,0.0847065
1424.63,0.14241
839.407,0.0838824
1186.9,0.118672
508.117,0.0501409
1157.49,0.115738
1347.74,0.134756
1459.4,0.14588
1572.74,0.157147
5048.25,0.504461
1958.52,0.195798
1054.18,0.105386
8504.66,0.848989
1626.16,0.162556
4400.83,0.439217
912.234,0.0902907
1107.09,0.110655
1251.69,0.125154
840.419,0.0840056
1087.89,0.108735
4678.58,0.467813
2392.7,0.239196
1165.88,0.116561
1077.63,0.107736
802.889,0.080267
957.877,0.0957734
1280.34,0.127868
1159.04,0.115849
3500.08,0.349891
1148.94,0.114832
1012.97,0.101274
1056.93,0.105652
2073.65,0.207337
886.037,0.0885977
723.345,0.0723263
1334.26,0.133407
1114.42,0.111385
1091.64,0.109132
1348.1,0.134785
1297.52,0.129742
1164.4,0.11642
1618.01,0.16179
1644.58,0.164439
1449.65,0.144935
1564.12,0.156334
1191.96,0.119165
17244.7,1.72109
1640.59,0.163674
1872.65,0.187186
1409.73,0.14093
1284.82,0.128426
1078.82,0.107836
1053.19,0.105268
795.168,0.0795102
3101.73,0.309926
1333.88,0.133377
1702.16,0.170189
1548.5,0.154837
843.862,0.0843618
764.936,0.0764877
1184.03,0.11809
981.569,0.0981122
1038.69,0.103858
1192.4,0.119191
1069.96,0.106985
1261.35,0.12594
2373.55,0.237182
3474.18,0.347199
1795.88,0.179556
1534.21,0.153355
1372.26,0.137175
1158.36,0.115812
884.328,0.0884297
948.331,0.0948188
661.236,0.0661128
1223.04,0.122103
9292.85,0.928467
964.108,0.0963687
1279.92,0.127928
2733.02,0.27325
1357.5,0.135709
927.479,0.0927168
1814.86,0.181472
1640.37,0.163973
710.726,0.0710629
837.25,0.0837157
2149.18,0.214742
1424.15,0.142198
3301.66,0.328839
1391.04,0.139077
1001.2,0.10011
4250.73,0.421729
1184.06,0.118356
703.463,0.0703357
1520.63,0.152013
3233.31,0.3232
434.699,0.0434428
1499.75,0.149939
1146.15,0.114607
595.723,0.0594957
737.653,0.073754
1296.84,0.129419
2262.65,0.226159
661.908,0.0661594
1028.3,0.102722
1109.26,0.110914
1194.48,0.119386
9719.05,2.43938
1053.32,0.105319
945.899,0.0945784
821.742,0.0821072
1008.8,0.100808
736.052,0.0735952
992.77,0.0992257
511.345,0.0511102
1904.48,0.190088
686.879,0.0685772
1414.04,0.141368
850.74,0.0850691
1059.8,0.105889
865.698,0.086558
1809.37,0.180867
857.772,0.0857685
1314.43,0.131427
1054.99,0.105456
849.93,0.0849726
1573.64,0.157277
2393.06,0.238766
2032.36,0.203162
1205.24,0.120177
1218.43,0.121616
1713.54,0.168045
1540.18,0.153844
1266.76,0.126621
4589.65,0.458836
3980.8,0.39782
1007.14,0.100671
1199.88,0.119769
722.814,0.0722629
905.047,0.0904833
1457.69,0.14573
692.261,0.0692233
2005.3,0.200487
2126.81,0.212494
926.18,0.0925905
519.287,0.051916
1597.43,0.159735
1250.08,0.124677
1328.82,0.132527
1336.92,0.133668
7947.58,0.794217
863.257,0.0863147
2732.55,0.272874
1018.08,0.101746
896.362,0.0896149
1520.24,0.152009
934.267,0.0933769
811.494,0.0811225
633.243,0.0632668
698.348,0.0697446
885.871,0.0885291
1133.14,0.113286
1025.6,0.102384
925.666,0.0924002
1599.06,0.159881
2530.02,0.252567
1856.82,0.185617
1645.89,0.164568
2783.4,0.278308
1025.14,0.102479
776.535,0.077615
2410.34,0.24098
1692.64,0.169227
7753.24,0.774574
1188.11,0.118795
3010.85,0.30104
738.576,0.0738412
605.522,0.0604962
2070.98,0.207047
1145.03,0.114469
1924.14,0.192337
1456.55,0.145604
2428.99,0.242812
1213.83,0.121078
1049.82,0.104909
1861.34,0.186075
1176.44,0.117628
1118.32,0.111652
1228.82,0.122868
4390.39,0.438899
1473.09,0.146944
1976.76,0.197605
1589.64,0.158918
1342.07,0.134186
983.297,0.0982672
1719.14,0.171891
998.315,0.0997998
2712.38,0.271021
1612.76,0.161023
2144.27,0.214344
1680.54,0.167817
1667.24,0.166684
577.167,0.0577076
1022.45,0.102225
740.514,0.0739461
1841.3,0.183915
816.295,0.0815708
1033.7,0.1046
1605.21,0.160139
829.048,0.082903
898.492,0.0898334
3386.51,0.338483
3422.69,0.341915
865.857,0.0864277
986.618,0.0986573
985.454,0.0984882
1520.68,0.151876
1122.39,0.112184
848.944,0.0848913
882.608,0.0882356
3890.74,0.388633
1193.06,0.119273
756.794,0.0756625
2783.38,0.278296
2049.29,0.204865
1003.82,0.100338
811.914,0.0811691
1500.32,0.150016
1585.45,0.157926
8740.14,0.873444
8465.22,0.843397
1170.28,0.116653
2185.44,0.218394
710.908,0.0710558
739.068,0.0738996
19394.5,2.08228
1263.61,0.126308
2600.34,0.259941
1100.68,0.109871
941.482,0.0940916
1615.2,0.161248
742.674,0.0742205
915.027,0.0914996
1680.9,0.168048
1139.39,0.113929
2925.24,0.292464
956.127,0.0955925
1091.85,0.10899
1698.47,0.16977
1284.35,0.128403
1324.72,0.132358
1716.64,0.171632
1749.21,0.174854
1990.29,0.197987
1113.68,0.111352
1569.4,0.156901
3591.74,0.358861
753.361,0.075286
888.426,0.0888232
2231.77,0.223075
994.349,0.0994326
1733.94,0.17334
1986.11,0.198002
811.554,0.0811153
793.012,0.0792927
1146.57,0.11463
759.127,0.0757505
1278.86,0.127692
1036.4,0.103623
1954.5,0.195329
1133.2,0.113296
3092.74,0.309206
3363.21,0.33628
825.597,0.0825312
7955.89,0.794043
1477.25,0.147671
1010.17,0.100978
920.263,0.0919708
3770.68,0.376955
888.121,0.0885418
1192.08,0.119017
1210.54,0.120906
1082.21,0.108106
2941.29,0.293995
888.943,0.0888862
1231.41,0.12312
1353,0.135088
1810.16,0.180963
1198.14,0.119671
1086.42,0.10862
1276.63,0.127644
2063.52,0.20631
1019.4,0.101883
3927.44,0.390871
2684.24,0.26837
27219,2.70256
617.24,0.0617134
1799.34,0.179643
1059.47,0.105934
1481.26,0.148118
1134.37,0.113371
1613.75,0.161328
1117.53,0.1117
1063.75,0.106311
703.599,0.0703379
1852.77,0.185262
2160.54,0.216024
1045.06,0.104499
1035.47,0.103475
1813.96,0.181372
1146.3,0.114575
554.25,0.0553111
803.925,0.0803848
1169.3,0.116902
890.646,0.0890222
741.567,0.0741517
743.408,0.0741027
3474.21,7.11055
733.827,0.0733551
1601.53,0.159966
978.153,0.0970516
1215.81,0.121549
2592.53,0.258437
1262.95,0.126249
1232.41,0.122963
743.577,0.073973
1215.88,0.121583
1365.94,0.136536
1727.69,0.172758
1390.49,0.13892
1200.81,0.12006
1461.8,0.146124
1179.67,0.117927
3550.54,0.353875
922.238,0.0921674
1553.24,0.154873
424.542,0.0424485
716.134,0.0715763
1674.66,0.167434
847.092,0.0846735
1699,0.169861
1037.38,0.103683
487.801,0.048773
23345.1,2.33095
1187,0.118601
1085.94,0.108449
1145.83,0.114498
1808.07,0.180736
1281.29,0.128011
998.185,0.0997641
1479.51,0.147928
557.206,0.0557164
1073.79,0.107355
849.691,0.0849033
861.023,0.086078
1157.28,0.115525
898.625,0.0897677
930.023,0.0929987
1035.07,0.103064
1332.49,0.13323
1134.54,0.113423
730.974,0.0725929
918.634,0.0917967
825.704,0.082472
1269.1,0.126905
1866.21,0.186518
1266.1,0.1266
1897.67,0.189496
1995,0.199218
670.124,0.065816
902.361,0.0900654
12626.7,6.15943
1338.22,0.132941
1718.03,0.171773
742.222,0.0741021
788.643,0.0782369
1610.77,0.160864
27425.1,2.73155
1237.53,0.123734
729.698,0.0729659
1220.68,0.122041
875.975,0.0875736
1152.61,0.11494
923.452,0.0922526
985.88,0.0985338
932.386,0.0932102
1092.57,0.109207
1895.39,0.18953
1117.36,0.111728
3657.33,0.365222
5288.5,0.52852
1773.52,0.176848
5901.74,0.588969
846.966,0.0846844
997.4,0.0997285
3531.35,0.351847
2845.5,0.284393
1214.19,0.121254
975.056,0.0972585
2273.82,0.227179
1087.65,0.108743
2585.92,0.258559
776.082,0.0774958
3076.5,0.307609
1460.02,0.14598
1092.83,0.109241
1487.83,0.148769
1289.85,0.128945
1085.17,0.108486
1395.38,0.139507
1293.74,0.129338
2065.22,0.206383
926.75,0.0926478
1471.02,0.14704
2296.68,0.229158
999.921,0.0999018
1048.21,0.104685
1810.14,0.180961
2571.43,0.257112
1264.09,0.125934
4960.21,0.495227
1574.73,0.157194
928.089,0.092803
1595.15,0.159158
850.106,0.084983
1306.92,0.130642
776.191,0.0775893
1598.12,0.15978
1221.33,0.122097
2104.68,0.210398
1278.56,0.127801
858.166,0.0856248
1200.98,0.120033
2037.21,0.203702
742.47,0.0742419
768.691,0.0766357
1374.61,0.137242
1042.84,0.104183
1303.53,0.130304
2366.22,0.236128
3088.36,0.308711
754.316,0.0754229
825.43,0.0824709
2788.47,0.278313
1040.89,0.103966
3241.46,0.323995
1353.98,0.135359
2072.26,0.207188
1131.37,0.113108
1463.76,0.146132
862.226,0.086191
5662.88,0.56436
5286.86,0.528487
1819.89,0.181912
943.443,0.0943198
4746.15,0.474395
951.051,0.0950683
1468.78,0.146866
923.486,0.0923268
782.784,0.0782596
1088.85,0.108861
1374.08,0.137399
937.656,0.0934986
1063.12,0.106229
760.48,0.0759408
687.581,0.0686992
1117.17,0.11167
1479.28,0.147877
6161.14,0.615364
655.081,0.0654617
698.751,0.0698255
1601.54,0.159751
1546.03,0.154582
1110.48,0.110952
1012.57,0.101243
1120.86,0.112077
1710.9,0.17083
1117.03,0.111364
3936.41,0.392836
694.882,0.0694616
642.3,0.0641562
1207.62,0.120756
667.506,0.0667459
831.865,0.0831796
1442.56,0.144236
1903.3,0.190259
907.227,0.0907026
751.148,0.0750905
1140.06,0.113999
954.24,0.0953772
608.237,0.0605417
2647.02,0.26465
889.676,0.0889588
1567,0.155813
901.285,0.0900368
16164.4,1.58429
2102.58,0.21013
1479.62,0.147856
1015.65,0.10154
947.468,0.0946838
2118.82,0.211675
2037.7,0.203721
1732.84,0.173067
6090.16,0.608535
1008.16,0.100676
1114.63,0.111457
1263.24,0.126301
1179.01,0.117853
853.531,0.0852562
1027.5,0.102694
793.265,0.0793206
587.224,0.0586958
2316.42,0.231528
856.946,0.0856827
14814.6,1.47715
996.167,0.0995596
1805.23,0.178488
1029.31,0.102887
2926.25,0.292267
973.42,0.0973051
1224.57,0.122451
930.593,0.0920382
1009.58,0.100883
1094.75,0.109392
898.077,0.0897919
831.863,0.0831495
1444.38,0.144374
768.013,0.0767933
1966.16,0.196288
1122.9,0.112238
1213.89,0.121371
816.761,0.0816565
968.118,0.0967876
995.814,0.0995556
979.063,0.0978756
4546.72,0.454472
1481.65,0.148113
11780.1,1.1761
1197.17,0.119664
988.595,0.0988101
881.879,0.0881811
718.864,0.0718672
1748.53,0.174828
2851.2,0.28506
986.867,0.0986548
1276.2,0.127555
1415.77,0.141538
1934.44,0.19342
943.414,0.0943337
509.739,0.050965
1488.07,0.148704
1241.98,0.12413
1059.82,0.105445
2069.81,0.206595
1759.89,0.175978
2360.63,0.235968
2944.42,0.294345
1393.62,0.139338
1619.55,0.161914
2457.4,0.245657
1134.49,0.113407
3735.84,0.373515
1017.64,0.101749
1380.35,0.137958
2863.31,0.283866
1416.76,0.141665
715.956,0.0715386
941.741,0.0941434
1702.48,0.170004
1753.5,0.175274
1058.99,0.105855
1368.01,0.136629
1563.32,0.156284
1099.94,0.109882
747.235,0.0747025
1593.08,0.159237
743.966,0.0743882
1165.67,0.116528
1154.17,0.115368
2077.02,0.207583
1121.35,0.111938
2399.72,0.239916
1351.62,0.135028
2289.18,0.228803
853.007,0.0852786
1213.95,0.121378
859.063,0.0858967
1439.35,0.143904
1490.19,0.148801
998.357,0.0997919
2364.59,0.235299
3472.28,0.347145
577.849,0.057734
3340.13,0.33395
1361.81,0.136102
1028.11,0.102781
1322.44,0.132215
739.654,0.0731942
1201.25,0.120014
1484.76,0.148456
1840.92,0.184085
1551.17,0.155069
808.641,0.0808528
1021.53,0.102112
894.918,0.0894855
907.111,0.090685
681.203,0.0681161
1034.11,0.103367
1267.5,0.126713
2295.15,0.22907
1893.7,0.189312
722.773,0.0722716
666.323,0.0666099
2105.17,0.210491
1435.33,0.143436
1322,0.132131
6705.11,6.5318
4904.1,0.488713
1330.68,0.13296
1004.84,0.100461
855.368,0.0855146
1234.63,0.123367
2050.22,0.204996
464.937,0.0464869
977.77,0.0977358
1647.57,0.164704
2608.81,0.260663
1763.48,0.175358
850.181,0.0850147
2108.09,0.210745
1959.45,0.195845
968.522,0.0968397
1149.42,0.114866
1267.94,0.126447
1246.88,0.12465
789.376,0.0787613
947.731,0.0947321
1247.04,0.124647
1168.97,0.116855
928.811,0.0927126
1546.11,0.154591
1501.95,0.150104
2102.93,0.210197
3503.43,0.349802
1823.6,0.182258
4248.19,0.424421
1046.82,0.104616
1889.42,0.188638
878.495,0.087836
552.461,0.0552449
5501.04,0.544867
788.548,0.0788473
1644.18,0.164359
713.964,0.0713902
1002.9,0.100268
1105.71,0.110553
1123.1,0.11225
760.876,0.0759013
2172.74,0.217177
325.484,0.0325306
1032.32,0.103201
11923,1.19123
705.777,0.0705659
6481.09,0.646143
1194.15,0.119337
1468.91,0.146762
1095.11,0.109501
1025.39,0.102525
1013.03,0.101269
1176.94,0.117682
1267.63,0.126717
911.248,0.0910706
5240.67,0.523076
2401.25,0.239861
3235.59,0.323511
2267.08,0.226541
3067.27,0.306487
1093.57,0.109338
1212.63,0.121238
2310.46,0.229283
1049.78,0.10497
1234.89,0.123413
1164.21,0.115959
909.622,0.0909463
2558.87,0.255578
1722.01,0.172164
1124.33,0.112048
2453.52,0.245278
975.3,0.097523
1513.38,0.151203
1876.34,0.187557
2666.61,0.266629
2119.06,0.211603
1224.95,0.122443
1179.85,0.117906
1356.91,0.13556
1179.13,0.117768
1393.65,0.139072
1167.18,0.116684
915.354,0.0915009
1153.04,0.115233
841.12,0.0840955
1871.52,0.18712
1126.62,0.112624
1614.48,0.16134
719.459,0.0719307
1367.74,0.136737
2005.92,0.200453
960.618,0.0960335
1223.73,0.122348
962.908,0.0962271
869.504,0.086933
715.216,0.0715058
1531.72,0.153137
1161.8,0.116174
1718.82,0.171354
609.101,0.0608865
1108.43,0.110824
1033.36,0.103322
4448.28,0.444553
1999.68,0.198727
6833.37,0.683166
2115.14,0.211485
3288.45,0.327956
748.185,0.0748163
1088.38,0.108767
1603.61,0.160328
1827.82,0.182711
946.917,0.0946531
1274.95,0.127274
700.22,0.070014
1085.35,0.108464
4867.22,0.484885
3436.16,0.343407
1252.67,0.125243
2075.43,0.207513
872.112,0.0872057
1059.51,0.105943
1990.91,0.198733
957.641,0.0957482
3575.97,0.357246
5777.07,0.57751
1319.85,0.131523
1312.1,0.131131
641.957,0.064099
881.979,0.0879675
1010.76,0.101055
2327.8,0.232751
1723.23,0.172292
1580.94,0.158039
1013.42,0.101324
2187.6,0.218735
2725.03,0.27233
1363.92,0.136364
2635.12,0.263247
1024.95,0.102178
3304.92,0.32915
3318.87,0.331711
1304.33,0.130383
665.764,0.0665741
1846.29,0.184553
853.565,0.0853438
780.965,0.0780768
1361.13,0.136053
1022.76,0.102259
737.658,0.0737417
1415.84,0.14129
907.75,0.0907511
1298.62,0.129813
802.839,0.0802662
2162.86,0.216217
530.514,0.0530102
1669.8,0.166839
941.814,0.094018
1562.65,0.156248
1051.35,0.105114
1590.26,0.158942
1024.31,0.102353
1179.87,0.11793
721.667,0.0721344
948.076,0.0947673
706.714,0.0706642
1113.13,0.111253
690.085,0.0688456
874.729,0.0870208
6162.95,0.615987
2535.66,0.253489
1240.78,0.124067
1213.13,0.121235
1065.39,0.106367
1024.69,0.101429
1014.85,0.101476
1037.86,0.103742
1353.79,0.135357
3109.67,0.49005
1488.28,0.148819
1321.56,0.132112
1482.62,0.148173
1611.55,0.160981
823.866,0.0813904
564.448,0.0563912
1249.26,0.124899
2436.2,0.24358
1549.45,0.153974
1885.07,0.187943
753.334,0.0752927
1213.11,0.121224
1041.92,0.104185
851.448,0.0848755
873.75,0.0873488
1138.1,0.11378
547.842,0.0547737
2099.52,0.2098
1454.22,0.145403
499.99,0.0499737
2037.12,0.203632
926.405,0.0926311
943.488,0.0942679
1252.17,0.125141
1008.34,0.100789
1736.75,0.17291
2873.78,0.287226
510.134,0.0510015
1502.62,0.150228
2021.41,0.201932
1959.07,0.195529
2063.22,0.206184
2106.5,0.210597
1120.62,0.111993
1213.22,0.121306
1085.86,0.108551
1653.33,0.165059
2112.09,0.211155
2003.98,0.20028
815.469,0.0813904
1566.5,0.156584
2852.86,0.285054
902.546,0.082199
2483.34,0.248029
591.934,0.0591862
1932.99,0.193203
1640.27,0.163972
770.409,0.0769817
1419.75,0.141947
1677.7,0.167713
846.643,0.0846206
1139.81,0.113833
906.941,0.0906429
1218.49,0.121638
5878.53,0.58739
629.933,0.0629823
1497.7,0.149677
1895.71,0.189494
2457.75,0.245525
1838.11,0.183797
1004.36,0.100228
1357.94,0.135731
1366.2,0.136597
1042.01,0.10416
3114.43,0.31086
2778.25,0.277319
2081.29,0.208061
1070.13,0.106993
1264.93,0.12627
1483.6,0.148204
819.053,0.0817912
1735.34,0.173412
2868.77,0.286482
1087.12,0.108693
1901.85,0.19017
1629.59,0.162532
1480.63,0.148009
820.582,0.0819718
2762.19,0.275683
874.068,0.0873626
2403.55,0.240069
2034.82,0.203431
968.511,0.0968364
2227.55,0.22255
602.2,0.0602047
694.474,0.0694125
892.499,0.0891765
270.917,0.0270904
2756.9,0.275594
2175.61,0.217504
880.834,0.0880532
1169.76,0.116824
878.995,0.0878909
462.869,0.0462712
752.686,0.0752499
738.278,0.0738226
2140.21,0.213911
1455.16,0.145474
846.833,0.0846513
1371.39,0.137109
994.572,0.0994462
1684.99,0.16837
1200.96,0.119989
847.012,0.0846875
1293.44,0.129196
3147.41,0.314687
1060.94,0.106042
1218.97,0.121864
1053.22,0.105254
2078.48,0.207614
6050.65,0.603444
822.819,0.0822679
1063.19,0.106266
1266.34,0.126514
829.834,0.0829813
1157.71,0.115754
996.616,0.0996474
1935.11,0.193273
631.054,0.0630815
1807.05,0.180587
1865.8,0.185479
1911.07,0.191086
1453.67,0.145232
1730.86,0.172391
6501.46,0.646952
912.683,0.0858814
1125.06,0.112493
954.572,0.0954394
1109.82,0.11096
747.938,0.0746901
1283.97,0.12838
981.486,0.0981018
1348.52,0.134704
1307.8,0.130256
1197.17,0.119635
1227.45,0.1226
814.227,0.081399
664.418,0.0663831
1535.52,0.153512
1678.66,0.167841
1860.89,0.185918
878.455,0.0878114
485.376,0.0485352
910.846,0.0910189
1123.34,0.111522
1517.46,0.151734
2323.76,0.232248
1145.92,0.114591
801.887,0.0801652
9465.77,0.946204
863.873,0.0863606
1155.67,0.115444
1121.01,0.112029
1559.25,0.155864
944.724,0.0944525
2730.75,0.272916
1720.97,0.172089
1385.81,0.138573
3283.67,0.328201
2323.31,0.232209
1419.4,0.141705
774.622,0.073954
1307.03,0.130579
961.06,0.0960956
2317.99,0.23174
1837.74,0.183559
1316.37,0.131582
849.337,0.0849214
1395.56,0.139288
5914.31,0.590462
1319.89,0.131957
5850.19,0.583869
1467.96,0.146769
1173.69,0.117352
2395.79,0.239338
795.778,0.0795694
2008.7,0.20082
1107.94,0.110523
1600.04,0.159807
1115.14,0.111496
1467.76,0.145997
1250.53,0.124963
1969.86,0.19632
1677.56,0.166209
1558.5,0.154652
1243.98,0.124274
1134.1,0.113403
1644.23,0.164212
2086.75,0.208551
1813.37,0.181308
660.841,0.0660431
1010.92,0.100967
927.73,0.0927446
1021.34,0.102127
489.861,0.0489603
2989.15,0.2988
1349.44,0.134879
1860.51,0.185973
870.647,0.0868584
420.759,0.04206
2024.49,0.202306
1446.47,0.144606
1167.37,0.116729
879.738,0.0879718
2042.33,0.204216
4237.6,0.386292
1090.49,0.108975
1009.8,0.100972
796.656,0.0796567
1877.77,0.187666
6087.96,0.608578
1774.5,0.177411
2738.37,0.273822
916.146,0.0916086
10554.7,1.04906
1237.33,0.123612
1215.04,0.121455
1764.56,0.176447
748.533,0.0748076
1190.86,0.119007
1085.32,0.108492
789.439,0.0788987
1169.07,0.116625
594.56,0.059436
1722.24,0.172166
982.184,0.0981852
633.175,0.0633025
719.141,0.0714072
3181.41,0.317238
1348.22,0.134612
3478.54,0.347732
2004.25,0.200352
2656.87,0.265679
1289.37,0.128834
2755.43,0.275456
1030.56,0.102932
1723.48,0.172339
1583.89,0.15831
3317.25,0.331324
2412,0.241151
1711.6,0.171006
747.21,0.0746942
1723.27,0.172119
879.48,0.0879409
913.054,0.0912549
803.076,0.0788897
1254.22,0.125387
1111.93,0.111182
1862.83,0.18613
1917.68,0.191507
724.975,0.0724902
3301.08,0.330042
932.751,0.0930673
1463.01,0.146139
22160.6,2.21115
1597.22,0.159603
1205.08,0.120458
1411.01,0.141049
855.203,0.0854383
2010.8,0.201049
1303.5,0.130332
2534.51,0.253209
894.789,0.0894673
862.238,0.0860719
1294.19,0.129395
2016.83,0.192247
1516.6,0.151643
1099.33,0.10984
788.177,0.078753
1213.87,0.121356
1200.78,0.120058
2186.02,0.218555
2281.84,0.228081
4289.96,0.427428
983.728,0.0982803
2401,0.240032
1964.89,0.196069
857.581,0.0857523
2131.84,0.21308
1842.38,0.184183
593.955,0.0593483
750.526,0.0749781
626.671,0.0626632
1097.71,0.109758
2776.61,0.277392
1183.87,0.118277
1361.63,0.136147
1746.59,0.174317
3521.31,0.351987
862.645,0.0862073
1352.26,0.134875
2515.84,0.251524
2577.8,0.257751
1082.16,0.108094
1125.88,0.11246
11099.5,1.10672
2640.87,0.263968
1810.86,0.180921
1233.41,0.123327
1068.97,0.106792
1775.57,0.17729
1715.79,0.171536
1217.37,0.121622
1397.02,0.139666
896.444,0.089636
744.269,0.0739526
1287.39,0.12871
1442.51,0.143464
4630.21,0.462235
1851.6,0.185099
1032.56,0.103111
994.781,0.0994623
1597.23,0.159522
1870.02,0.186856
1278.68,0.127842
1064.17,0.106409
596.154,0.0596142
1144.34,0.114419
2016.69,0.201599
1056.55,0.105529
1176.92,0.117522
1738.23,0.173774
1540.25,0.153895
941.478,0.0941309
734.506,0.0732823
1541.53,0.154056
2433.29,0.243224
953.011,0.0952844
960.601,0.0960414
1519.33,0.151875
937.496,0.0934996
901.51,0.0901424
1785.96,0.178397
909.147,0.0908015
1887.21,0.188644
1409.93,0.140974
1569.02,0.156868
1230.85,0.122983
1355.42,0.135493
810.308,0.0806123
3078.02,0.307353
1006.84,0.100636
1417.63,0.141715
849.753,0.0849383
1298.61,0.129631
802.985,0.0802267
996.343,0.0996215
1164,0.116387
998.707,0.0998608
947.064,0.0946979
955.687,0.0955644
1120.27,0.111706
1651.41,0.164903
1307.26,0.130639
949.585,0.0949447
2021.88,0.202091
2732,0.273037
1023.16,0.102199
1536.46,0.153585
2524.13,0.252324
950.73,0.0860868
494.986,0.0494838
2454.37,0.245353
2379.83,0.237771
729.375,0.0728892
1922.7,0.192196
2231.15,0.221038
1503.91,0.150251
617.668,0.061721
530.799,0.0530529
1509.44,0.150895
3076.89,0.30738
1297.13,0.129707
1012.33,0.10117
4811.87,0.480291
791.986,0.0791802
2255.47,0.22548
1640.38,0.164028
593.211,0.0592998
1304.21,0.130386
953.799,0.0952793
729.663,0.0728762
878.216,0.0878199
953.755,0.0953641
1003.02,0.100297
1650.48,0.164946
2132.36,0.213193
1208.84,0.120875
2606.65,0.260576
1050.03,0.10498
1175.87,0.117573
1739.11,0.173775
1912.56,0.191142
2010.98,0.200653
844.236,0.0840733
942.823,0.0942608
1546.69,0.154282
11743.7,1.17182
1001.96,0.100018
3182.66,0.317725
2012.8,0.201186
695.804,0.0695365
954.292,0.0954238
1518.19,0.151772
17124,1.70982
1158.27,0.11578
1422.88,0.14222
1268.1,0.12675
1264.39,0.126399
987.055,0.0986975
955.121,0.0954128
1050.36,0.104973
2449.08,0.244756
785.79,0.0785434
1545.19,0.154513
1244.7,0.124272
1120.77,0.112042
634.672,0.0634337
740.509,0.073978
773.438,0.0773192
898.281,0.0898125
710.768,0.0710166
614.49,0.0614266
895.457,0.0895369
2062.49,0.206179
1070.76,0.106991
1075.87,0.107576
1054.98,0.10542
756.653,0.0756501
1613.22,0.161303
1024.56,0.102435
1296.62,0.129645
1184.35,0.118409
1099.19,0.109908
1964.89,0.196429
767.753,0.0767335
1493.91,0.149334
1972.29,0.197189
16408.3,1.63145
527.252,0.0527198
1069.5,0.106504
671.355,0.0671266
1526.84,0.152598
1360.38,0.13603
3679.25,0.367747
843.07,0.0842325
825.97,0.0825853
1580.86,0.158055
2283.23,0.228044
864.426,0.0863966
1294.39,0.129371
1055.44,0.104049
583.855,0.0583595
1916.4,0.1916
1051.85,0.105124
1721.6,0.172001
823.023,0.082271
1093.38,0.109291
2743.98,0.274095
2011.87,0.201097
3075.64,0.307494
1070.03,0.106944
924.172,0.0923821
1086.25,0.10862
3935.01,0.39299
1118.42,0.111831
861.53,0.0860839
1415.91,0.141515
3582.79,0.356916
1625.01,0.162373
1894.32,0.189111
3742.8,0.373742
1601.06,0.159781
1092.62,0.109257
3295.33,0.329036
1745.35,0.174448
2565.07,0.256333
1303.15,0.130283
1268.83,0.126871
1071.38,0.10704
1063.61,0.106243
964.68,0.0940872
1552.41,0.15503
1274.26,0.12741
644.242,0.0643143
2293.2,0.229292
740.981,0.0740868
1295.19,0.129477
1122.69,0.112221
744.264,0.0744063
5351.43,0.534142
2508.6,0.250786
1454.36,0.145337
1434.9,0.142396
2196.83,0.219671
781.269,0.0781073
1323.6,0.132324
1146.16,0.114491
2276.38,0.226497
1137.32,0.113712
7782.11,0.777437
1214.35,0.121285
1618.11,0.16113
2863.82,0.28582
1979.84,0.197828
1353.93,0.135377
893.09,0.0892962
1246.5,0.124622
1135.69,0.110783
1881.57,0.187928
4284.74,0.428075
1316.6,0.131633
1173.78,0.117354
1180.5,0.118032
1522.64,0.152227
567.456,0.0566904
1242.3,0.124213
1141.53,0.11413
1625.31,0.162423
1218.54,0.12154
1113.74,0.111366
1528.23,0.152798
808.836,0.0808778
1039.43,0.103918
1739.51,0.173928
3089.79,0.308878
1150.62,0.115033
1451.16,0.143887
1075.29,0.107504
2062.21,0.205978
1387.7,0.13864
1859.06,0.185875
724.787,0.0724433
608.046,0.0607232
1430.66,0.142991
1045.35,0.104525
1072.41,0.107208
679.436,0.0679309
1760.63,0.175673
1217.75,0.12176
1283.96,0.128388
411.359,0.0411326
2724.08,0.266429
1003.13,0.100217
1921.36,0.191867
1024.86,0.10244
1773.69,0.177313
1800.96,0.180034
714.158,0.0714026
1358.07,0.135653
1262.25,0.126126
1276.07,0.127549
1878.23,0.187653
621.152,0.0621008
504.061,0.0500813
1004.78,0.100465
1986.33,0.198601
2105.98,0.210489
1334.47,0.13341
1743.86,0.174265
679.383,0.0679188
1195.93,0.119553
7642.78,0.763281
5129.31,0.512832
1607.71,0.16024
1062.17,0.106101
1603.31,0.159835
654.97,0.0654607
2230.87,0.223021
731.654,0.0730802
1140.92,0.11404
486.438,0.0486319
2179.84,0.217891
2748.8,0.274764
1586.66,0.158243
1155.07,0.11541
1798.19,0.179778
1508.55,0.150799
938.495,0.0937818
1164.65,0.116435
24239.7,2.40558
1082.26,0.108219
969.37,0.0961882
1261.64,0.126008
2065.92,0.206583
718.515,0.0718479
1344.73,0.134394
826.516,0.0826385
946.499,0.0946393
27242.3,2.70718
664.805,0.0664752
1609.02,0.160821
1057.59,0.105724
931.573,0.0931482
832.274,0.0832238
1070.88,0.106902
835.846,0.0835441
1087.57,0.108748
2138.28,0.213647
1459.26,0.145897
1273.7,0.127341
1950.59,0.19491
953.012,0.0951619
2143.92,0.214251
1298.23,0.129777
2012.93,0.201066
15151.8,1.50767
663.822,0.0663476
857.158,0.0856945
1954.25,0.195391
1634.59,0.163099
946.746,0.094597
6400.7,0.633652
886.801,0.0886346
1893.63,0.187099
1249.05,0.124882
595.879,0.0595828
1470.49,0.146961
1198.95,0.119862
1075.2,0.107235
4522.57,0.446508
958.166,0.0957832
1169.87,0.116915
1455.72,0.145533
1491.35,0.148886
1872.81,0.187264
1124.49,0.112215
913.06,0.0912173
2072.16,0.207028
1037.35,0.103714
3046.12,0.304494
873.279,0.0873218
1447.53,0.144735
3370.33,0.336724
1808.2,0.180713
639.038,0.0638559
400.503,0.0399974
1133.64,0.113273
1185.33,0.118414
1519.87,0.151952
8720.7,3.24929
1123.21,0.112304
1370.83,0.136881
2407.32,0.240528
1106.07,0.110569
1559.66,0.155832
1614.54,0.161415
1030.86,0.103067
1720.09,0.171975
1343,0.134062
1051.54,0.105094
2047.77,0.204709
1062.15,0.106135
1019.67,0.101955
7622.26,0.761053
906.134,0.0905914
1213.2,0.121252
1798.12,0.179651
3704.04,0.370067
1098.3,0.109808
1483.72,0.148283
835.756,0.0835502
1198.5,0.119827
927.954,0.0927831
2342.93,0.234265
2186.51,0.218505
1399.7,0.139938
1951.74,0.194939
973,0.0972532
1403.05,0.140257
802.955,0.0797806
385.104,0.037816
1121.35,0.112118
1142.2,0.114036
2651.68,0.264112
818.862,0.0818641
1230.57,0.123051
586.64,0.0585581
1572.42,0.157174
1410.1,0.140954
1357.95,0.135762
1758.6,0.175805
2091.1,0.209051
2875.51,0.287353
1587.98,0.158694
3298.84,0.329726
1828.61,0.182802
2526.06,0.25227
1274.44,0.127317
1126.13,0.112488
828.785,0.0828545
1604.62,0.160436
1681.89,0.168145
1112.67,0.111251
802.569,0.0802385
1176.32,0.117604
754.446,0.0754312
792.19,0.0791045
1457.01,0.145504
1382.05,0.138183
1941.71,0.194002
2292.49,0.22908
1310.95,0.130118
951.331,0.0951161
534.825,0.053481
1270,0.126994
1680.59,0.16788
1163.4,0.116232
3693.06,0.369267
1948.58,0.194826
761.701,0.0761433
1399.8,0.13994
1254.51,0.125436
1000.21,0.0998493
4271,0.426936
2191.8,0.218921
3019.79,0.301935
1835.59,0.182683
758.709,0.0758286
689.028,0.0687923
2033.28,0.202992
665.869,0.0665836
1240.37,0.124027
1299.81,0.129788
742.674,0.0742271
1856.37,0.185515
1184.19,0.11841
6584.38,0.65645
1602.18,0.160125
1328.34,0.132789
1146.68,0.114636
1450.45,0.145027
1017.35,0.101702
1419.96,0.141933
959.34,0.0958371
1268.61,0.12672
2160.18,0.215943
1308.42,0.130135
1664.48,0.166191
1639.01,0.163813
15897.1,1.57898
2773.3,0.277219
1652.75,0.165246
1882.91,0.188185
771.009,0.0770619
552.25,0.0552147
1494.14,0.149395
1170.03,0.116824
1574.57,0.157127
1367.51,0.13671
866.292,0.086619
1718.56,0.171788
1948.28,0.194793
1077.86,0.107573
1275.56,0.127538
1013.63,0.101356
1966.93,0.196595
840.523,0.0840392
1300.04,0.129954
815.245,0.0814982
971.768,0.0968396
2061.12,0.206062
2956.95,0.292853
2998.95,0.299533
1032.17,0.103041
1087.71,0.108601
1131.57,0.11314
1718.22,0.171314
939.693,0.0938744
2407.55,0.240723
9515.23,3.00915
1080.43,0.108019
1817.27,0.181596
1015.62,0.101528
1297.48,0.129727
1520.14,0.151992
3340.38,0.333874
3442.93,0.344171
1226.14,0.122575
2023.21,0.202202
2117.5,0.211447
1842.08,0.184143
2552.05,0.255066
695.077,0.0693766
3288.1,0.328516
774.024,0.077381
1781.53,0.177677
1194.56,0.119407
1652.17,0.165202
1856.51,0.18546
1484.98,0.148488
1401.88,0.139957
1100.18,0.109992
2291.67,0.229032
3148.11,0.314735
1198.66,0.119825
904.25,0.156456
976.556,0.0976085
3341.36,0.331721
963.991,0.0963802
1896.44,0.189494
3317.28,0.329179
652.667,0.0652575
1092.77,0.10922
973.373,0.0973301
1320.68,0.13205
1470.32,0.146812
733.739,0.0733575
1061.41,0.10609
991.313,0.0990738
1467.6,0.145814
688.999,0.0688941
1303.34,0.13024
665.262,0.0665094
929.59,0.0929492
963.664,0.0962236
957.313,0.0944193
1163.7,0.11574
761.866,0.0761681
992.559,0.0992439
961.175,0.0960226
3214.53,0.321345
1550.4,0.15501
757.263,0.0757161
954.469,0.0954248
924.93,0.0924899
1094.76,0.109438
2374.13,0.237216
997.097,0.0996764
950.554,0.0949965
723.975,0.0723599
923.523,0.0920597
1717.18,0.169808
1881.46,0.188053
3197.78,0.319257
1173.95,0.117385
1537.77,0.153563
782.818,0.0782673
631.432,0.0631394
1803.25,0.179978
1033.65,0.102873
10189.7,1.01773
1953.88,0.195248
1841.06,0.183906
940.067,0.0939714
1401.71,0.140146
879.131,0.0878996
1480.83,0.148003
1725.9,0.17256
1074.84,0.107247
1902.9,0.190198
2923.63,0.292262
1117.03,0.111603
1304.12,0.130239
1318.05,0.131793
1039.95,0.103953
899.467,0.0899288
1157.83,0.115663
1320.5,0.132017
1483.4,0.148287
1182.05,0.118193
2429.75,0.242719
2288.89,0.227546
2336.04,0.233569
716.516,0.0715824
2155.31,0.215496
825.941,0.0825555
1462.99,0.14622
815.001,0.08115
1049.66,0.10495
1334.59,0.133423
944.447,0.0944241
1164.85,0.116469
1228.87,0.122829
2460.12,0.245882
864.884,0.0864461
1599.04,0.159828
1564.94,0.156423
802.969,0.0802874
1357.62,0.135591
881.599,0.0881559
803.726,0.0801604
5489.29,0.548705
788.012,0.0787922
1355.46,0.135501
1345.1,0.13446
1533.23,0.153296
978.525,0.0978037
2337.92,0.232462
1531.33,0.152445
894.15,0.0893238
2047.43,0.204564
4705.49,0.470295
2327.72,0.232724
790.985,0.07907
916.953,0.0915702
525.259,0.0524995
1181.9,0.118146
1149.71,0.114911
1711.05,0.171053
1622.83,0.162186
1673.17,0.167275
2191.42,0.218929
1958.38,0.195764
1055.77,0.105534
1742.15,0.174176
1616.77,0.161413
922.619,0.0921513
646.352,0.0646234
681.873,0.0681491
994.471,0.0994418
2558.15,0.255755
1636.48,0.163358
1202.84,0.120261
1333.37,0.133221
925.894,0.0925546
995.699,0.0995173
1673.16,0.167289
614.56,0.0614473
887.48,0.0887442
729.895,0.0729631
1105.01,0.110422
1503.65,0.150316
3877.72,0.387727
804.591,0.0804145
693.556,0.0692763
1656.54,0.165595
3603.25,0.360198
750.955,0.0750867
859.867,0.0859597
4266.84,0.426443
961.5,0.0961396
19752.3,1.97251
2270.49,0.225713
751.729,0.0751646
2251.91,0.225157
7514.72,0.749078
4083.71,0.407898
1139.52,0.1138
8291.94,0.828528
1006.47,0.100596
820.183,0.0819993
1254.68,0.125441
1050.25,0.104964
740.704,0.0740658
949.011,0.0948414
1459.86,0.145841
2359.18,0.235858
983.324,0.0983261
1059,0.105848
1134.71,0.113285
982.416,0.0982277
965.535,0.0965294
1896.44,0.189316
1480.17,0.147884
1183.29,0.118292
1150.36,0.11498
2643.34,0.264267
1328.5,0.132834
1367.97,0.13609
1155.62,0.115543
1076.24,0.107612
920.864,0.0920725
1122.78,0.112244
1643.94,0.164333
907.318,0.0907207
1840.91,0.183858
1225.25,0.12248
2357.3,0.235653
795.924,0.0795792
924.412,0.0924308
1531.77,0.153174
3605.42,0.360503
841.793,0.0841755
1824.95,0.182265
926.08,0.0925967
1221.04,0.122089
1454.46,0.145382
2670.73,0.266694
989.636,0.0989005
2659.25,0.265523
2005.38,0.200188
4808.25,0.479794
1531.46,0.153074
823.21,0.0822905
1885.51,0.188527
2332.02,0.233024
927.565,0.09255
1868.56,0.186735
763.12,0.0763089
1327.57,0.132503
2178.74,0.217558
2095.56,0.209468
1054.06,0.105338
1138.61,0.113831
17250.8,1.71751
1104.28,0.110405
577.685,0.0577577
671.401,0.0666798
1468.38,0.146781
944.375,0.0944297
1647.64,0.164557
1216.32,0.121608
1803.18,0.180136
938.638,0.0938232
728.453,0.072838
1302.94,0.130219
716.53,0.0716168
736.014,0.0735928
465.181,0.0464495
1993.87,0.199361
1390.23,0.13896
1000.02,0.0957351
2018.32,0.201161
1302.92,0.130278
1131.41,0.111947
869.913,0.0869792
960.374,0.096028
960.421,0.0959854
717.513,0.0717245
1115.62,0.111147
984.718,0.0984235
650.62,0.0650539
1091.8,0.109117
1988.56,0.198775
2444.55,0.244446
1084.59,0.108452
730.529,0.0730352
1183.93,0.118266
3237.95,0.323615
7027.02,0.701134
575.326,0.0575269
1074.6,0.107444
1046.6,0.104646
854.924,0.0854747
1364.94,0.136347
796.588,0.0795723
804.583,0.0804011
559.484,0.0559412
4270.52,0.425977
1015.63,0.101489
698.422,0.0697488
1077.4,0.10773
1258.07,0.125788
2102.2,0.210181
2181.26,0.218047
810.228,0.0810153
1371.84,0.137152
812.76,0.0812249
827.101,0.0825485
2005.17,0.200328
1307.74,0.130637
1078.16,0.107807
1114.58,0.111442
1461.87,0.145541
2074.04,0.207193
690.068,0.0689841
2854,0.285171
836.696,0.0836431
800.849,0.0800367
553.051,0.0552781
760.371,0.0760306
5259.29,0.525324
1220.65,0.122037
1227.98,0.122693
1882.9,0.188172
5641.6,0.562772
3730.67,0.372717
761.201,0.0760864
1777.59,0.17754
1047.14,0.10469
1136.55,0.113566
1355.99,0.135562
1546.36,0.154532
1606.96,0.160607
2291.04,0.228962
1013.71,0.101353
1740.66,0.174044
733.908,0.0733774
736.759,0.0736716
11437.3,3.43751
1142.3,0.114221
1712.74,0.17126
1701.01,0.169999
712.982,0.071139
1228.55,0.122707
1155.34,0.115485
1592.31,0.158878
966.997,0.0966899
840.927,0.0840787
1327.64,0.132682
4288.39,0.428601
1147.6,0.114698
1507.44,0.149279
910.572,0.0902761
1472.73,0.147026
1399.77,0.139794
880.041,0.0879509
1200.69,0.120031
1303,0.130137
1120.42,0.111997
927.326,0.0927041
1345.48,0.134485
1594.83,0.159452
979.144,0.0978482
1832.1,0.183151
1407.12,0.140599
1661.69,0.16597
6652.29,0.664546
1186.46,0.118628
1719.8,0.170593
1488.46,0.148831
2321.37,0.231675
1723.17,0.172007
763.515,0.0762558
1035.98,0.103545
6209.66,0.619693
542.186,0.0542075
1301.09,0.130052
1939.06,0.193768
842.749,0.0842211
1458.6,0.145825
1023.15,0.102295
640.97,0.0640899
1431.98,0.14072
1388.77,0.138551
2143.4,0.214282
716.461,0.0716315
675.077,0.0674991
2231.44,0.223059
760.188,0.0759997
3268.71,0.323683
6200.67,0.618607
637.939,0.063719
1211.15,0.121038
7986.72,0.797523
1856.4,0.185622
502.93,0.0502751
2107.64,0.210379
1536.6,0.153578
1572.08,0.157046
2364.61,0.236285
992.282,0.0991586
5074.45,0.507365
2228.84,0.222813
1094.89,0.109332
933.174,0.0933064
1401.61,0.140033
1200.69,0.120058
1094.64,0.109415
1637.96,0.163759
1136.36,0.113584
1147.43,0.114313
632.184,0.0632022
795.718,0.0795692
1693.58,0.168049
561.192,0.0561107
1787.13,0.178628
651.627,0.0650146
925.75,0.0925725
875.335,0.0871092
3286.12,0.328414
1499.02,0.149834
2121.85,0.212084
858.668,0.0858264
982.356,0.0981983
1341.59,0.134114
473.671,0.0473264
862.214,0.0862124
1158.88,0.115846
1314.87,0.131134
1673.95,0.167175
2008.38,0.200465
789.398,0.0788647
1149.5,0.114885
637.042,0.0636489
1020.53,0.102045
873.326,0.0873214
2436.17,0.243554
2173.85,0.217319
8793.9,0.877725
1025.59,0.10255
694.786,0.0693983
1179.84,0.117972
975.509,0.0974855
1595.35,0.159474
1223.63,0.122349
762.683,0.0762393
2108.35,0.208764
1033.36,0.103295
2398.93,0.239846
1554.18,0.155333
1529.01,0.152805
1446.47,0.144597
1257.8,0.125771
991.362,0.0991245
739.436,0.073874
1015.69,0.10154
1065.62,0.106422
2476.34,0.24756
1489.82,0.148955
1319.66,0.13184
870.242,0.0870204
925.68,0.0925267
1134.13,0.113093
1569.91,0.156981
1104.45,0.110416
1210.34,0.120922
2696.15,0.269554
3217,0.321328
970.775,0.0970695
817.556,0.0817284
1584.91,0.157777
910.703,0.0909081
1007.93,0.100779
1096.07,0.109558
658.192,0.065812
872.482,0.0872184
1371.36,0.13712
1387.8,0.138715
1068.71,0.106804
1421.77,0.142148
686.554,0.0686527
987.416,0.0986716
1016.29,0.101622
2419.39,0.241891
3074.18,0.307296
3162.54,0.316049
734.929,0.073484
1480.24,0.147979
7200.93,0.718776
1795.64,0.179365
812.855,0.0812451
1067.31,0.106696
1749.25,0.174454
5923.22,0.591924
1036.22,0.103526
759.419,0.0759345
854.503,0.0854399
1689,0.168875
1359.39,0.135737
1398.16,0.139676
1031.68,0.103161
9117.21,0.910537
1035.34,0.103528
1115.87,0.11153
5617.99,0.560994
858.563,0.0850576
687.834,0.0687799
708.793,0.0708296
1188.61,0.118831
913.683,0.0913636
818.615,0.0818358
1442.67,0.144025
1161.64,0.116158
805.955,0.0805803
893.413,0.0893296
994.233,0.0993198
1775.8,0.177504
1964.63,0.196354
2118.84,0.21181
1938.64,0.193716
805.353,0.0804903
867.744,0.0867611
1133.8,0.11322
1016.43,0.101571
3469.61,0.346853
4741.19,0.473539
1122.99,0.112271
1719.47,0.171558
1153.84,0.115351
1068.71,0.106862
1081.32,0.108108
763.059,0.0762711
3017.93,0.301536
780.436,0.0780168
940.132,0.0939949
1287.57,0.128729
3579.82,0.357747
737.38,0.0737279
561.309,0.0561062
1126.33,0.112526
1902.01,0.190089
1216.22,0.121506
2947.18,0.293744
499.57,0.0498687
886.995,0.0886525
905.947,0.0905581
750.9,0.0750737
1870.98,0.187018
1362.38,0.136225
1558.49,0.155835
1134.2,0.113366
1754.1,0.175302
1036.81,0.103624
2244.9,0.224038
1495.6,0.149525
862.472,0.0862339
594.401,0.0593733
1237.01,0.123616
2405.33,0.240147
2157.26,0.215696
1394.32,0.139366
645.693,0.0645579
836.068,0.0835121
647.012,0.0646944
577.24,0.05768
1294.79,0.129467
1183.01,0.118289
974.739,0.097469
1083.06,0.108277
2088.14,0.208656
516.833,0.0515985
2106.05,0.210565
2448.97,0.24454
1087.29,0.108711
1023.29,0.10232
1158.65,0.115784
2694.87,0.2692
1350.81,0.134973
1167.02,0.116582
946.205,0.0946071
6661.19,0.665724
1803.74,0.180275
1363.13,0.136241
3155.65,0.314097
1054.79,0.105456
2926.49,0.29142
1165.28,0.116417
1104.18,0.110384
5276.38,0.526347
4067.25,0.405921
1828.34,0.182802
1779.73,0.177717
656.957,0.065689
932.609,0.0932375
1744.86,0.174399
1019.94,0.10195
8575.15,6.93608
741.837,0.0741063
841.042,0.0840376
1489.43,0.148863
3104.54,0.310271
3786.74,0.37854
2051.87,0.204559
838.226,0.0837389
943.666,0.0942561
2077.61,0.207704
1324.79,0.13247
966.522,0.0966419
2955.54,0.294903
1066.54,0.106618
1576.67,0.157065
810.923,0.0805307
1113.27,0.111298
1096.61,0.109608
1488.27,0.148794
2230.79,0.222843
1091.59,0.109091
1833.41,0.183129
1501.92,0.149983
961.235,0.0959952
7497.64,0.746715
1748.89,0.174869
2538.94,0.253656
1148.32,0.114819
644.451,0.0644385
2727.23,0.272683
1099.2,0.109836
966.75,0.0961892
770.106,0.0769832
1407.68,0.140655
20031.8,1.98292
867.836,0.0865947
1163.27,0.104318
1823.34,0.181862
556.974,0.0556007
791.409,0.0790977
925.909,0.0925509
847.816,0.0847573
1305.74,0.13048
1323.96,0.132364
839.258,0.0838896
621.32,0.0621185
2304.64,0.230396
1059.1,0.105903
922.678,0.0922582
747.046,0.0746926
3246.33,0.324437
774.985,0.0774889
1017.8,0.101733
2087.15,0.208591
641.063,0.0640811
1116.31,0.111541
3740.46,0.373881
860.565,0.0860399
1373.92,0.137293
2147.28,0.214629
1055.01,0.105446
937.856,0.0937758
1548.2,0.154734
1358.67,0.135461
1955.79,0.1954
2209.69,0.220812
772.947,0.0771764
1043.69,0.104182
1046.5,0.104614
872.286,0.0872232
1484.9,0.148293
1087.09,0.108694
1457.93,0.145778
985.906,0.0985866
3673.45,0.366978
1511.59,0.15115
966.133,0.0965916
1044.8,0.104144
2919.76,0.291929
2387.6,0.238529
1346.94,0.133621
2007.16,0.20071
2282.75,0.228231
1383.78,0.13834
1424.75,0.142404
1140.14,0.114001
974.294,0.097314
933.884,0.0933323
857.277,0.0856956
827.743,0.0826538
841.809,0.0841506
800.534,0.0799417
897.162,0.0893762
1092.76,0.109249
1708.82,0.170824
638.434,0.0638414
1394.81,0.140679
697.551,0.0696767
1735.6,0.173454
2029.8,0.202896
820.083,0.0819359
1061.22,0.10606
860.007,0.0859657
941.405,0.0941317
1801.49,0.180006
764.803,0.0764459
3073.74,0.307279
1076.12,0.107585
2057.02,0.205596
1486.09,0.148572
1641.48,0.164118
454.294,0.0454157
859.179,0.0858984
1881.89,0.1816
888.067,0.0886974
1362.06,0.136195
3300.68,0.329802
5731.08,0.571066
3690.97,0.367936
758.98,0.0758755
1253.82,0.125337
1957.52,0.195643
668.093,0.066623
2100.86,0.209634
725.109,0.0724601
1286.18,0.12859
1048.66,0.104826
1245.6,0.124507
894.356,0.0894233
1352.53,0.13524
5200.67,0.51973
2964.69,0.296084
848.855,0.0848784
4504.58,0.450018
597.907,0.0595274
1819.82,0.181872
13107.9,1.3084
1781.95,0.178167
1222.39,0.122221
650.129,0.0649775
5045.31,0.50427
1204.75,0.12011
5030.92,0.502903
1059.44,0.105336
1423.21,0.142222
1894.19,0.189342
602.97,0.0602748
1100.7,0.109989
1265.18,0.126488
813.763,0.081357
1105.91,0.110572
1021.85,0.102114
1876.14,0.187506
1763.87,0.176342
1259.34,0.125884
1445.53,0.144504
894.195,0.0894064
2740.37,0.277795
559.854,0.0559786
633.22,0.0632913
947.293,0.094697
1314.48,0.131431
1693.47,0.169302
983.133,0.098246
1700.97,0.16963
951.556,0.0951343
8465.02,0.846014
1501.2,0.15011
1703.16,0.170007
1148.23,0.114792
1360.47,0.13599
1305.61,0.13048
532.456,0.0532288
667.885,0.0667811
789.626,0.0789559
1295.08,0.129456
694.425,0.069433
768.054,0.0767899
1135.86,0.113498
1038.93,0.103662
1573.33,0.157195
741.946,0.0741429
1423.81,0.142362
890.246,0.0890139
5424.55,0.541874
767.473,0.076499
1496.34,0.149616
522.619,0.0522215
951.689,0.095166
1471.12,0.147097
692.114,0.0690547
878.423,0.0878265
4476.64,0.447523
1210.99,0.121046
871.335,0.0870044
1475.67,0.147536
1424.33,0.142364
1109.29,0.110925
667.183,0.0667139
884.432,0.0884341
2590.91,0.258939
491.862,0.0491516
1137,0.113298
831.572,0.0831463
2205.69,0.220511
1512.51,0.151225
1548.3,0.154696
894.081,0.0894037
949.349,0.0949265
2958.75,0.295748
1015.11,0.101443
1592.66,0.159201
2280.41,0.227936
1086.73,0.108569
1086.93,0.10853
1228.22,0.122712
832.75,0.0832578
970.93,0.096997
1247.03,0.124688
1120.31,0.11201
3546.1,0.354548
1210.18,0.121004
719.811,0.0719782
1153.84,0.115265
1296.72,0.129097
1433.75,0.14323
890.412,0.0889828
490.29,0.0490253
1506.05,0.150586
1714.02,0.171311
1262.45,0.126154
646.648,0.0646276
3959.05,0.395727
1100.91,0.11001
1173.89,0.117209
724.498,0.0723832
2343.84,0.234309
949.62,0.0948954
4188.59,0.403722
20742.7,2.06021
1091.35,0.109104
806.864,0.0806833
1288.47,0.128806
1087.1,0.108548
2630.45,0.262984
993.232,0.0992062
695.657,0.0695306
1199.67,0.119951
1297.78,0.12977
973.156,0.0972403
1355.31,0.13538
952.321,0.0951614
1784.65,0.178362
970.235,0.0970084
568.121,0.0566709
1144.82,0.114443
954.733,0.0954625
3442.87,0.344155
835.662,0.0835529
923.94,0.0923688
853.715,0.0853288
4687.36,0.4684
1184.08,0.118313
982.044,0.0981701
910.751,0.0910528
1424.04,0.142333
717.964,0.0717792
955.703,0.0951959
981.205,0.0981117
829.517,0.0829475
1054.41,0.105423
4962.58,0.496146
799.427,0.0799363
1241.33,0.124117
841.742,0.0841616
1449.01,0.144841
1366.89,0.136631
614.165,0.0614089
3452.23,0.344838
1378.19,0.137797
2518.32,0.251438
1663.86,0.166245
1257.76,0.12573
969.579,0.0968675
754.371,0.0754276
832.688,0.0831991
1511.37,0.151023
4117.44,0.410831
5760.89,0.575809
715.248,0.071521
1510.78,0.151059
3286.5,0.328313
1154.25,0.115404
1536.04,0.15352
1061.12,0.106083
1022.45,0.102067
2305.65,0.230376
1203.31,0.120296
1604.39,0.160397
1273.94,0.127364
1656.2,0.165489
1285.24,0.128338
761.859,0.0761332
831.217,0.0830992
1485.65,0.148315
1745.59,0.174506
1481.11,0.148028
1167.43,0.116736
1868.46,0.184421
1693.96,0.169351
2320.66,0.231802
1334.35,0.133327
829.338,0.0829045
825.804,0.0825537
988.366,0.0988302
891.492,0.0891375
5678.8,0.566507
1887.4,0.18872
942.996,0.0942452
1033.12,0.103214
909.451,0.090881
3503.07,0.349759
2441.65,0.244055
832.952,0.0832396
12546,1.2518
1091.62,0.109019
629.722,0.0629148
1900.26,0.189996
2940.54,0.293749
1433.1,0.143218
936.306,0.0936021
1004.47,0.100409
1775.85,0.177551
975.891,0.097571
1400.78,0.140069
771.421,0.0771274
1103.8,0.110346
1134.96,0.113466
361.205,0.0361076
1754.1,0.175368
558.977,0.0558775
1016.95,0.101672
1370.98,0.137006
1782.26,0.176834
743.518,0.0742534
1049.45,0.104882
1084.68,0.10843
534.954,0.0534355
1446.6,0.144642
1094.69,0.109387
1111.37,0.110935
1817.28,0.181692
888.888,0.0888778
3852.97,0.385056
744.431,0.0744367
1934.67,0.193147
2720.13,0.271616
1452.69,0.145192
1422.1,0.142162
1094.7,0.109456
730.107,0.0730087
1105.72,0.110503
1121.99,0.112181
1171.84,0.117122
1575.76,0.157532
1059.84,0.105855
847.52,0.0846188
2708.7,0.270727
2751.27,0.275104
807.16,0.0805947
957.242,0.0949304
900.145,0.0898799
1054.11,0.105331
1479.83,0.147967
1239.56,0.123927
1657.81,0.165749
1423.71,0.142337
2173.06,0.217212
1230,0.122956
1756.03,0.175133
2624.18,0.261565
1098.93,0.10987
735.919,0.0735892
1022.59,0.102223
1100.87,0.110057
1755.12,0.175489
1080.66,0.108059
651.44,0.0651088
3972.56,0.396865
4299.54,0.384205
854.272,0.0853868
2388.55,0.238744
1073.56,0.107248
982.25,0.098216
3377.73,0.337707
955.891,0.0955731
1252.87,0.125227
673.362,0.0672276
865.615,0.0865463
1132.72,0.113246
853.751,0.0853672
1246.88,0.124663
932.791,0.093269
2230.24,0.223011
1425.79,0.142551
779.317,0.0779098
2070.87,0.206961
817.668,0.0817508
2083.62,0.207517
2755.99,0.27519
1155.81,0.115422
1223.6,0.122261
1239.97,0.123922
1742.12,0.174148
1353.67,0.135337
1277.45,0.127599
1479.6,0.147913
1051.78,0.105124
1984.19,0.198179
1103.66,0.110314
746.258,0.0745955
928.808,0.0927304
1309.53,0.130938
838.811,0.0838494
1682.49,0.168194
1265.07,0.126468
914.369,0.0913887
904.378,0.0870815
1854.36,0.185373
1736.81,0.173604
749.982,0.0749463
1278.58,0.127753
2621.9,0.262101
1153.51,0.115328
902.703,0.0902334
1444.11,0.144377
907.313,0.0906722
768.184,0.076816
1008.38,0.100785
1401.11,0.140074
1196.8,0.119657
1442.52,0.144224
3531.89,0.352996
2681.84,0.267683
1088.24,0.108763
765.022,0.076499
1034.64,0.103427
1008.04,0.10067
1272.88,0.127247
3399.9,0.338142
1225.2,0.122384
1609.53,0.16085
956.813,0.0956614
2641.81,0.263944
1138.14,0.113698
1402.52,0.14022
1260.86,0.125849
3367.52,0.336539
1465.3,0.146456
853.186,0.0851416
1072.1,0.107133
12890.3,1.28283
742.362,0.0740073
860.79,0.0858631
1430.21,0.142855
1359.85,0.135868
1591.06,0.159081
3387.66,0.338144
1440.15,0.143799
1109.16,0.11065
1489.69,0.148825
1214.5,0.121384
702.881,0.0702737
943.667,0.0943575
843.693,0.0843648
1640.54,0.16383
748.413,0.0748354
1274.18,0.127406
927.772,0.0927612
1390.31,0.139007
1398.34,0.139805
796.882,0.0796661
1770.63,0.176369
996.297,0.099611
1285.66,0.128136
1004.08,0.100398
1010.81,0.100934
2053.44,0.205276
888.512,0.0888195
1363.33,0.136306
3674.32,0.367185
1122.09,0.112198
756.838,0.0756467
2156.07,0.215453
1854.87,0.185473
824.249,0.0824114
594.752,0.0594551
2357.67,0.235741
2742.93,0.274133
5244.54,0.524174
957.971,0.0957483
943.595,0.0943501
1042.7,0.104254
5110.43,0.510352
1161.56,0.116063
557.991,0.0557012
769.1,0.0767604
2024.87,0.202475
1046.29,0.104329
1611.5,0.161108
3404.99,0.340185
655.988,0.0655943
1121.57,0.112081
1351.27,0.135099
1110.52,0.111033
1118.44,0.111785
607.858,0.0607843
5076.52,0.507287
1502.21,0.149684
3189.34,0.318691
912.021,0.0908833
705.149,0.0705094
801.096,0.080104
1877.89,0.187637
4518.48,0.451707
564.25,0.0564234
969.924,0.0969903
1172.81,0.1172
1584.23,0.158332
1287.44,0.127639
2651.93,0.26516
1501.42,0.150069
1744.27,0.17585
1292.46,0.129138
1840.99,0.184024
1564.89,0.156473
1189.56,0.118931
1295.54,0.129442
866.488,0.0866138
1458.9,0.145802
892.942,0.0892796
1230.9,0.122182
2164.33,0.216311
963.855,0.0961642
849.341,0.0849049
2394.73,0.239391
1909.08,0.190608
959.868,0.0959561
2429.54,0.242867
2033.99,0.203367
1033.17,0.102939
1251.88,0.125102
1843.11,0.183424
793.097,0.079292
1123.9,0.112342
1556,0.155541
6072.16,0.606762
1449.35,0.144884
1029.97,0.102979
987.327,0.0985749
799.121,0.0798845
2937.02,0.293615
1366.74,0.136406
1439.31,0.143874
1809.94,0.180905
1578.11,0.157667
1454.51,0.145438
892.61,0.0891468
1047.23,0.104678
5007.26,0.500487
2595.17,0.258953
1111.66,0.111143
1026.25,0.102592
1083.55,0.108343
1722.81,0.172131
1557.41,0.155704
1215.32,0.121515
2865.16,0.286393
938.548,0.0937371
1128.27,0.112813
927.16,0.0926945
633.94,0.0633675
1339.79,0.133953
597.597,0.0597493
1345.9,0.13456
872.954,0.087233
8192.12,1.08301
591.54,0.0591376
2395.65,0.239492
782.261,0.0781705
689,0.0688627
645.851,0.0645792
1284.19,0.1284
2165.55,0.216456
2131.55,0.21296
1377.15,0.137685
1243.41,0.124313
721.5,0.0721433
2154.67,0.215404
1100.5,0.109986
1873.78,0.186999
1944.17,0.194398
802.934,0.0802733
699.14,0.0697771
1240.98,0.123971
1979.69,0.197893
1105.74,0.110557
1355.11,0.135406
1113.73,0.11136
756.164,0.0756072
1179.3,0.117601
1554.4,0.155282
1097.31,0.109667
1639.49,0.163777
1815.49,0.181187
2330.05,0.232948
1841.21,0.182327
729.023,0.0728584
942.644,0.0942131
1843.01,0.18381
414.16,0.0413918
1654.28,0.165397
1230.03,0.122967
1081.83,0.108175
811.112,0.0811081
1253.05,0.12525
1144.09,0.114304
783.059,0.0782326
877.356,0.0877287
484.648,0.048463
1389.32,0.138902
938.127,0.0938066
960.553,0.0960361
843.072,0.0842994
1623.41,0.162312
722.78,0.072273
1067.03,0.106694
697.781,0.0697115
1549.98,0.154868
1486.35,0.14861
1872.39,0.187191
1075.48,0.107242
1980.4,0.197988
991.126,0.099106
1157.76,0.11575
981.218,0.0981125
2702.54,0.27017
2017.09,4.24976
724.204,0.0723925
1833.46,0.183275
1630.13,0.162964
1929.68,0.192557
3881.44,0.388036
2479.46,0.247808
890.852,0.0890313
2065.2,0.206451
915.481,0.0915427
1347.64,0.134736
1118.18,0.111752
887.494,0.0885869
2323.49,0.232185
1230.52,0.123039
1759.66,0.175866
555.85,0.0554836
1143.54,0.114257
2493.34,0.249293
976.45,0.0976375
674.981,0.0674875
809.921,0.0809833
1009.47,0.100906
915.071,0.0915006
1876.03,0.187589
1076.67,0.107645
1674.5,0.167279
815.126,0.0814655
1697.48,0.169699
778.888,0.0778719
784.055,0.0783892
1022.6,0.102231
873.095,0.0873003
663.812,0.0663707
3249.96,0.324696
3664.42,0.366182
1109.56,0.110894
2281.35,0.227623
909.638,0.0909124
3042.77,0.304127
4511.18,4.32619
630.877,0.0630865
1270.54,0.126979
1034.48,0.103414
1055.07,0.105478
2070.05,0.206955
1175.43,0.117527
681.309,0.068084
1446.84,0.144647
675.866,0.0675249
11327.5,1.12959
731.559,0.0731374
1430.71,0.142995
1351.99,0.135039
1257.79,0.125722
1244.93,0.12438
2712.13,0.271004
1001.86,0.100155
857.609,0.0857558
1024.04,0.102336
818.234,0.0818153
1145.99,0.114506
1552.4,0.154537
1466.72,0.143733
1943.04,0.19428
1314.69,0.131396
813.302,0.08128
2056.7,0.205623
3924.07,0.391987
6478.33,0.647438
1154.58,0.11545
977.742,0.0977581
1710.08,0.170891
1022.15,0.102168
1748.88,0.174809
1139.01,0.11385
1804.75,0.180404
1964.11,0.19621
1374.68,0.137445
2364.3,0.236225
937.798,0.0936685
593.287,0.0593181
2242.52,0.22407
1023.84,0.102375
1762.02,0.176089
1629.81,0.162883
1514.49,0.151284
2417.74,0.241696
936.62,0.0936527
2379.29,0.237668
1229.35,0.122904
1494.01,0.149385
1031.37,0.103126
1053.84,0.105348
2421.92,0.242162
1323.56,0.132284
2154.35,0.210943
1094.69,0.109423
4254.12,0.424554
1085.55,0.108271
1881.42,0.188086
2574.35,0.25698
2083.11,0.208282
537.692,0.0537488
844.324,0.0839043
1017.2,0.10149
2050.45,0.204976
1513.46,0.151304
5105.52,0.509724
2055.17,0.205477
5566,0.555762
1099.11,0.109861
1021.44,0.102087
786.634,0.0786368
922.16,0.0921897
730.27,0.0730233
1117.37,0.111666
1038.7,0.103629
1313.39,0.131306
4540.72,0.453634
818.256,0.0818042
728.821,0.0728577
775.071,0.0774949
447.705,0.044765
732.661,0.073228
643.136,0.0643092
894.664,0.0894269
1058.91,0.105037
2080.67,0.207965
1877.97,0.187786
14086.9,1.40006
3989.02,0.396907
1607.92,0.160787
2506.88,0.250619
1122.2,0.111756
651.317,0.0651231
610.583,0.0610164
1361.78,0.136135
507.289,0.05071
1730.33,0.172942
1793.71,0.179339
1529.71,0.15288
899.417,0.0899081
531.161,0.0530862
3796.03,0.37867
1254.46,0.125415
694.594,0.0694546
1976.56,0.197588
541.388,0.054121
1656.76,0.16565
2167.27,0.216706
1050.92,0.105066
1334.87,0.133474
997.508,0.0997003
897.922,0.0896333
3916.26,0.391295
1217.63,0.121747
1349.66,0.1349
1581.01,0.155958
1686.56,0.168627
2044.75,0.204452
953.467,0.0952227
1456.05,0.145583
1284.24,0.12831
2720.22,0.271954
774.358,0.0774061
1110.97,0.111027
1330.7,0.132893
2185.88,0.218421
878.169,0.0877987
689.588,0.0688864
601.981,0.0601912
1084.62,0.1084
3126.37,0.312387
1043.98,0.104382
1259,0.125868
1557.97,0.155737
1025.87,0.102581
435.275,0.0435017
4877.73,0.487036
6346.06,0.634151
1819.02,0.18175
5940.98,0.593337
5696.09,0.56937
1331.91,0.132901
1239.75,0.12382
1331.49,0.133106
873.828,0.087379
845.143,0.0844963
1024.94,0.102483
1063.75,0.10633
391.193,0.0391145
1206.52,0.120388
701.086,0.0700518
933.864,0.09333
1154.71,0.115381
3427.64,0.342649
461.84,0.0461767
959.415,0.095892
1738.45,0.173803
693.587,0.0692024
1138.91,0.113873
766.39,0.0766313
4309.46,0.430845
711.477,0.0711313
3548.4,0.354519
974.204,0.0973504
1986.7,0.19839
1623.64,0.16234
2671.24,0.26707
1363.93,0.136291
1829.3,0.182795
1279.79,0.127864
1982.54,0.198125
3897.96,0.389517
796.493,0.0794958
1297.85,0.129756
948.536,0.0948206
987.969,0.0987337
858.525,0.0857724
1687.34,0.168613
916.055,0.0914521
3044.57,0.304149
1136.78,0.113432
736.459,0.0736402
955.095,0.0954569
881.762,0.0881495
6288.73,0.638414
1229.27,0.122855
684.943,0.0684317
1734.9,0.173458
1222.39,0.12216
1010,0.100932
600.935,0.0600582
1196.59,0.119647
959.499,0.0956456
1747.65,0.174743
1099.23,0.109878
3125.14,0.312399
1042.09,0.104158
1960.17,0.195901
1609.01,0.160881
1179.86,0.117975
1943.26,0.194249
835.573,0.0835236
1556.53,0.155627
921.501,0.0921222
776.471,0.0776056
1572.41,0.157205
3170.31,0.316495
2997.81,0.299743
1059.04,0.105891
1016.71,0.101648
963.601,0.0962772
3511.77,0.351024
1218.67,0.121855
968.194,0.0968132
743.432,0.0743285
986.347,0.098628
1248.4,0.124805
1794.26,0.179294
543.033,0.0542995
2372.9,0.233703
1186.01,0.118568
747.65,0.0747024
1197.58,0.119714
2207.68,0.220608
972.296,0.0971956
1120.51,0.112044
708.686,0.0708621
1654.16,0.165392
2297.69,0.229494
1100.7,0.11006
1773.33,0.177276
2882.69,0.288049
1194.09,0.119255
9041.64,5.2308
606.129,0.0606115
2667.51,0.26659
1102.13,0.11019
2088.19,0.208758
644.169,0.0643292
1120.65,0.111944
1755.49,0.175469
1790.25,0.178813
5571.53,0.556443
1560.73,0.156037
2554.3,0.255245
680.423,0.0679552
2134.62,0.213445
1763.97,0.176318
1351.99,0.135186
2868.53,0.286279
626.06,0.0626032
855.625,0.0855198
1365.28,0.135307
2523.22,0.251744
1312.21,0.1312
1523.03,0.152269
1180.77,0.11788
1009.89,0.100937
1168.79,0.116403
1294.87,0.129438
1418.9,0.141792
1294.56,0.129443
4516.14,0.45067
1961.04,0.196092
2911.57,0.290985
1449.39,0.144689
2564.19,0.255834
2216.33,0.221592
780.213,0.0779679
1010.75,0.100998
965.321,0.0965208
923.108,0.0922681
1016.96,0.101692
1010.63,0.101029
1971.1,0.196983
1876.22,0.187483
970.461,0.097039
1310.83,0.131017
1080.77,0.108057
990.964,0.0990854
1205.24,0.120515
1288.61,0.128845
1689.32,0.168872
1517.67,0.149558
1810.51,0.180952
1405.88,0.140418
1433.11,0.143156
2189.63,0.218912
702.939,0.0702701
1413.73,0.141286
1180.3,0.117765
1817.91,0.181747
2673.53,0.266631
4043.99,0.403761
805.917,0.08044
774.582,0.0774566
3179.69,0.317907
792.805,0.0791738
1213.19,0.12131
961.831,0.0961156
1059.47,0.10586
1291.65,0.129144
1294.65,0.129388
1090.55,0.108992
1943.03,0.19421
1735.74,0.173562
1150.13,0.114999
1689.7,0.166961
2229.32,0.222563
1004.45,0.10037
911.163,0.0911124
1051.42,0.105131
2544.16,0.253856
893.102,0.0892802
740.661,0.0740405
1443.87,0.144368
1688.8,0.168734
1767.49,0.176606
1717.22,0.171673
1264.1,0.126383
634.391,0.0634057
835.474,0.0835183
767.267,0.0766826
4017.94,0.401702
699.509,0.0698784
1988.39,0.198746
1001.28,0.100126
1430.69,0.143061
938.887,0.093764
741.348,0.0741036
1254.56,0.125397
1289.85,0.128978
747.826,0.0746315
1226.06,0.122577
3344.35,0.334163
1319.76,0.131961
1192.67,0.119047
3697.64,0.369654
1691.65,0.169115
3365.42,0.336369
1668.19,0.166781
1064.84,0.106451
3136.18,0.313211
1820.25,0.0859575
1506.04,0.150564
1056.18,0.105054
1128.7,0.112863
1205.71,0.120464
1109.79,0.110916
1842.22,0.184172
3120.69,0.31202
1135.24,0.117305
9012.58,0.899833
1673.56,0.166338
1175.04,0.117482
901.99,0.0901967
822.563,0.0822368
1371.94,0.131547
966.056,0.0965841
1061.65,0.105866
2024.13,0.202383
938.687,0.0937426
1106.74,0.11063
1050.64,0.105043
1137.93,0.113681
1081.71,0.108147
1096.18,0.109575
2559.02,0.255829
4596.35,0.459359
1198.23,0.119749
820.213,0.0820128
1272.29,0.127215
829.312,0.0829184
1600.41,0.159985
566.841,0.0566556
508.163,0.050792
1632.27,0.163193
626.386,0.0625254
1189.15,0.118879
2913.27,0.291167
683.167,0.0683126
2305.16,0.230453
5189.04,0.5186
793.661,0.0793326
1043.31,0.104293
1180.78,0.117852
905.272,0.0905159
1983.05,0.198246
2479.71,0.247856
1318.49,0.131843
1998.9,0.198999
1285.31,0.128396
2222.73,0.221928
792.559,0.0792455
1052.18,0.105198
6522.67,0.651526
1158.58,0.115797
752.322,0.0752145
949.429,0.0948975
813.879,0.0813724
583.683,0.0583522
720.505,0.0720105
1029.96,0.102824
4638.07,0.463463
1051.58,0.105118
1305.9,0.130579
1528.4,0.152096
1424.04,0.142375
1731.84,0.17315
4624.25,0.462192
1532.56,0.153217
1386.23,0.138597
2755.34,0.275353
1185.37,0.11853
1037.6,0.103737
2593.99,0.259342
767.607,0.0767558
1055.06,0.105498
2155.59,0.215378
1821.83,0.181846
990.293,0.0989428
725.885,0.0725793
3760.31,0.370242
1290.78,0.128995
1261.62,0.126138
342.237,0.0342146
2394.66,0.23943
881.769,0.0881719
2056.93,0.205666
1833.75,0.172772
966.401,0.0966177
2245.4,0.224502
773.195,0.0773098
1520.76,0.152
519.36,0.0519144
2944.74,0.294319
734.251,0.0734222
1097.03,0.109679
501.199,0.0498889
977.749,0.0977513
870.824,0.0870087
2918.89,0.291763
614.841,0.0614453
1295.67,0.129215
5603.38,0.560196
2846.41,0.284554
930.823,0.0930752
722.623,0.0722019
1465.32,0.146483
1467.38,0.146661
1716.73,0.171583
1204.16,0.120387
713.508,0.0713359
951.944,0.0951205
952.255,0.0951683
1216.26,0.121609
2092.1,0.209148
2245.46,0.224504
1070.08,0.106996
3088.25,0.30846
1327.1,0.132649
945.122,0.094483
1849.89,0.184914
973.715,0.097311
774.446,0.0773615
1137.87,0.113374
1255.16,0.125436
933.589,0.0933486
8520.48,0.851452
780.214,0.077942
1103.76,0.110279
756.464,0.0756306
2001.66,0.199992
3593.46,0.359197
829.663,0.0828389
883.112,0.0882293
1835.48,0.183418
943.778,0.094371
7113.02,0.710798
991.878,0.0991684
1608.17,0.160807
1252.94,0.125246
1402.47,0.140158
932.514,0.0931785
850.999,0.0850597
1417.08,0.141702
1156.77,0.11562
1539.21,0.153893
1456.45,0.145546
504.013,0.0503883
2858.26,0.285758
554.295,0.0553859
1168.36,0.116803
1086.11,0.108557
1262.33,0.126019
943.866,0.0943752
16049,1.59674
718.757,0.0718491
1110.26,0.111019
974.324,0.0973199
2963.42,0.296244
1080.07,0.107689
1129.59,0.112955
723.78,0.0723587
898.447,0.089757
1647.92,0.164702
1333.66,0.133323
1104.94,0.110484
2121.27,0.212104
2682.77,0.268196
934.714,0.092957
844.409,0.0843489
1636.85,0.163621
1821.23,0.182091
760.901,0.0760669
1161.48,0.116136
1753.14,0.175177
1399.48,0.139887
1626.88,0.162673
865.7,0.0865378
2822.1,0.282129
2878.33,0.287736
1320.6,0.13204
2034.84,0.203388
1921.2,0.192084
1827.6,0.182687
1543.33,0.154246
1358.69,0.135834
934.021,0.0933973
1192.43,0.119212
1088.12,0.108785
1005.58,0.0975276
1873.96,0.185255
851.034,0.0850319
1437.84,0.14105
4913.44,0.491064
882.559,0.088243
794.291,0.0793717
1013.55,0.10132
1247.72,0.124758
1473.27,0.147195
2248.62,0.223343
982.442,0.0982307
2569.45,0.256794
9103.71,0.907802
1778.69,0.17778
4514.27,0.451245
1495.62,0.149285
798.813,0.0797683
736.467,0.0736448
1456.64,0.145616
1149.67,0.114962
628.377,0.0628351
1023.8,0.102323
1441.25,0.144108
1528.86,0.152875
950.865,0.094632
2473.97,0.247313
1290.82,0.12896
1620.97,0.162031
1790.96,0.547845
849.519,0.0849366
849.678,0.0848923
1850.8,0.184742
1820.42,0.181913
807.133,0.0806501
1240.05,0.123996
853.893,0.0853775
1169.45,0.116936
906.929,0.0906675
1444.45,0.1444
1578.23,0.157698
1101.18,0.110083
885.428,0.0883025
1425.57,0.142533
1003.46,0.100209
2683.65,0.268336
1188.6,0.118829
3126.68,0.312436
1366.62,0.13661
559.083,0.0558581
1088.59,0.108608
960.32,0.0960108
1210.21,0.120947
892.603,0.0891969
884.893,0.0884609
2314.56,0.231228
1182.49,0.118241
1392.13,0.139156
1449.08,0.144886
1430.04,0.142977
1546.56,0.154402
856.554,0.0851948
1194.96,0.119493
1212.91,0.121228
1019.9,0.101964
960.768,0.0960687
1410.54,0.140464
1446.41,0.142219
1560.9,0.155797
900.22,0.0899843
948.127,0.0943744
681.803,0.0681157
2199.64,0.219891
796.807,0.0796416
941.225,0.0941182
6422.65,0.641203
970.877,0.0970728
1703.35,0.170286
1182.52,0.117802
2083.63,0.208187
1099.94,0.109964
1098.99,0.109825
2245.01,0.223427
1329.87,0.132804
2869.78,0.286957
2008.06,0.200775
1007.57,0.100693
934.608,0.093433
1658.9,0.165698
1314.53,0.132537
1848.99,0.184763
1949.9,0.19487
696.407,0.0696216
884.93,0.0884843
1892.1,0.189099
1236.04,0.123371
1072.94,0.107153
649.155,0.0649056
2112.68,0.211255
1742.03,0.174123
1086.09,0.108566
1220.19,0.121998
1372.04,0.137151
930.578,0.0929505
1068.67,0.10686
1389.26,0.138896
1205.12,0.120498
765.23,0.0764607
1733.73,0.173238
2035.05,0.203378
549.19,0.054857
1991.59,0.199115
982.975,0.0982842
775.96,0.0775883
1772.26,0.176815
1292.62,0.12892
892.05,0.088998
780.637,0.0778116
994.558,0.0994503
717.336,0.0716946
2445.83,0.244484
1255.5,0.125519
1014.1,0.101381
996.119,0.0995066
2548.24,0.254781
886.647,0.088646
2515.23,0.25097
1810.8,0.18101
1329.17,0.130776
1404.88,0.140372
1110.06,0.110632
1836.69,0.183578
1131.02,0.113046
1740.83,0.134344
2271.53,0.226996
781.706,0.078165
3420.94,0.33681
923.428,0.0922661
1826.17,0.18185
1891.49,0.189111
1163.88,0.116334
1016.73,0.102812
1264.01,0.126357
2291.89,0.229174
1776.32,0.177024
1974.52,0.196695
1438.13,0.143753
1042.6,0.104122
1146.87,0.114676
1028.29,0.102703
2858.38,0.284843
13912,4.14081
1114.9,0.111424
1498.03,0.149786
942.103,0.0941983
1071.79,0.106996
909.023,0.090841
2323.72,0.232269
1126.04,0.1126
1014.42,0.101414
1305.25,0.13051
1335.76,0.133417
1546.72,0.154653
1665.55,0.16654
1225.92,0.122512
1091,0.109061
1347.6,0.134629
1700.37,0.168968
998.818,0.0988747
2222.76,0.222013
1867.5,0.186734
1445.45,0.144515
885.301,0.0885261
682.435,0.068216
2016.53,0.201604
1788.41,0.178814
1973.01,0.197039
1184.93,0.118486
2114.08,0.211355
1029.75,0.102909
1175.9,0.117376
978.905,0.097851
1424.39,0.142362
1231.81,0.123133
935.316,0.0934962
1379.26,0.190181
790.304,0.078748
1119.45,0.11191
3187.55,0.318644
1114.94,0.111486
1068.77,0.106872
1147.15,0.114644
946.956,0.0946438
1290.65,0.128973
1098.96,0.10989
732.226,0.0731385
2499.22,0.249651
1057.13,0.105606
728.706,0.0728527
801.526,0.0801425
1788.32,0.178772
1767.73,0.17672
762.756,0.0762684
2941.6,0.294031
1046.59,0.104604
2921.47,0.29195
570.857,0.0570587
1663.04,0.166036
770.593,0.0770499
721.385,0.0721298
965.803,0.0965469
648.503,0.0648396
1786.28,0.178337
1226.61,0.122643
1084.48,0.10841
1951.09,0.195004
1242.26,0.124157
4701.75,0.469982
1741.35,0.174095
921.914,0.0921875
1473.74,0.147288
2185.29,0.2185
1053.77,0.105369
839.585,0.0839012
1039.43,0.103872
593.884,0.0593753
1271.65,0.127043
1676.58,0.167539
1514.95,0.151339
1096.4,0.109621
635.852,0.063581
1501.34,0.150093
1433.24,0.14314
1306.7,0.130663
1206.57,0.120597
1745.83,0.174336
1352.7,0.135227
655.736,0.0655079
1362.59,0.136183
1158.94,0.115886
3715.65,0.369403
1319.98,0.130652
1852.77,0.185247
852.941,0.0852521
2116.75,0.211641
1276.08,0.12758
1699.59,0.169913
2387.86,0.238659
801.556,0.080141
3712.85,0.371216
2154.78,0.215354
1563.67,0.156296
900.381,0.0900256
1261.81,0.126095
764.146,0.0764049
2335.34,0.233318
1149.93,0.114776
757.401,0.0757113
1818.66,0.181778
2417.46,0.241667
2143.09,0.214253
1912.72,0.191252
469.645,0.0469518
950.461,0.0950323
2659.71,0.265871
547.939,0.0547187
2288.09,0.228673
1468.81,0.146873
1617.7,0.161726
3370.17,0.336857
1065.37,0.106505
758.436,0.0758093
788.375,0.0788347
986.773,0.0986519
1431.65,0.143146
1435.08,0.142526
2021.62,0.202113
987.752,0.0981698
846.228,0.0846013
985.436,0.0985302
2415.35,0.241159
1299.4,0.129845
902.712,0.0902623
605.059,0.0604831
2408.93,0.240839
990.765,0.0990715
799.113,0.0798837
1288,0.128674
839.454,0.0839409
765.135,0.0765021
1181.83,0.117985
631.319,0.0631267
1090.97,0.10897
1049.95,0.104967
534.779,0.053409
922.576,0.092207
835.524,0.0835404
2300.31,0.229951
1523.28,0.152289
1128.05,0.112582
1259.5,0.12586
888.164,0.0888149
1065.38,0.106293
1061.87,0.10617
1145.86,0.114522
1441.61,0.14402
1395.33,0.139474
1353.06,0.135292
1143.84,0.114367
2824.77,0.281905
2176.81,0.217609
1753.11,0.175283
1093.52,0.106357
1348.87,0.134877
1000.71,0.0999731
835.471,0.0835323
1311.89,0.13106
1237.12,0.123333
594.876,0.0594505
1223.42,0.122246
643.671,0.0643525
2028.76,0.202787
1505.29,0.150514
972.756,0.0972159
1210.07,0.120958
1056.02,0.105554
863.606,0.0863392
1319.33,0.131801
1837.39,0.183614
842.25,0.0841698
688.407,0.0685302
954.95,0.0954916
4557.36,0.455001
2037.37,0.203601
4712.82,0.470124
1130.35,0.113012
1204.05,0.120395
5804.67,0.580391
1387.86,0.138728
951.196,0.095028
1325.82,0.132359
1127.95,0.112786
1001.4,0.100122
2549.63,0.254826
1050.23,0.104992
2119.97,0.211957
2660.34,0.265988
1241.45,0.124138
955.385,0.0955228
6159.23,0.61334
1317.48,0.131719
814.983,0.0814865
628.273,0.0628125
1333.96,0.133346
967.503,0.0966893
1136.18,0.113574
2954.8,0.295157
908.178,0.0908067
704.677,0.0698332
1609.03,0.158209
915.423,0.0915228
1585.15,0.15839
1754.24,0.175382
757.074,0.0757021
1148.81,0.114847
999.173,0.099629
1615.15,0.161495
1354.59,0.135445
4419.07,0.441503
1594.21,0.159285
3373.14,0.336823
3072.03,0.306995
1219.1,0.1219
6989.7,0.698089
878.276,0.0877982
1518.54,0.151756
5126.46,0.511782
1389.93,0.138967
1660.16,0.165912
850.333,0.0850091
582.328,0.0582236
972.408,0.0972117
426.819,0.042659
1590.66,0.158989
2280.51,0.227949
784.304,0.0784125
879.304,0.0878742
1451.8,0.145057
750.362,0.0750335
727.039,0.0726854
1730.34,0.172979
1800.03,0.17986
405.655,0.0405252
1329.63,0.132843
6498.98,0.648529
698.383,0.0698307
788.572,0.0788503
1012.01,0.100733
1911.27,0.191061
878.224,0.0878014
704.081,0.0703803
1608.03,0.160662
5062.52,0.506068
1295.26,0.129463
2493.26,0.249297
751.173,0.0751058
1121.7,0.112141
1571.75,0.156279
1376.57,0.137639
2099.89,0.209408
1039.91,0.10394
2243.27,0.224217
1672.25,0.167214
1247.52,0.12428
992.166,0.099169
1509.15,0.150829
4023.24,0.401655
1426.76,0.142644
804.414,0.0804141
1232.97,0.123207
885.457,0.0883862
2949.42,0.29472
3006.69,0.296361
873.689,0.0873509
932.37,0.0932292
2813.64,0.280808
628.84,0.062877
1760.86,0.176035
1339.21,0.133906
1472.88,0.147266
1238.18,0.123713
1086.52,0.108643
15817.3,1.57537
1585.51,0.158247
390.172,0.0390074
1062.79,0.106152
2068.59,0.206836
1246.7,0.124588
901.641,0.0901441
996.297,0.0996107
1496.08,0.149584
1020.11,0.10177
959.728,0.0959413
1435.36,0.143273
825.641,0.0825473
1029.54,0.102943
1310.36,0.131007
1501.07,0.150038
1625.17,0.162464
628.717,0.0628606
2345.95,0.23443
1198.84,0.119863
6915.91,0.691339
841.068,0.0840921
1349.09,0.134884
981.098,0.0980677
663.821,0.0661857
971.065,0.0970559
769.254,0.076908
941.978,0.0941582
796.563,0.0796545
1749,0.174769
7541.05,0.752628
1256.05,0.125444
927.116,0.0926077
10649,1.06048
1809.04,0.180768
1903.12,0.190261
1344.35,0.134406
1979.43,0.197737
862.239,0.0862184
1024.72,0.10233
1203.64,0.120348
866.742,0.0865145
1444.71,0.144362
1055.98,0.105588
3151.52,0.314949
1081.95,0.108172
2909.84,0.290826
3602.75,0.360221
1197.03,0.119697
2989.88,0.298715
944.94,0.0943209
1149.25,0.114865
1391.91,0.139062
1308.78,0.130806
967.327,0.0967152
973.214,0.0973187
1337.62,0.133465
1046.7,0.104659
815.617,0.0815363
774.176,0.0773986
3416.59,0.341595
2503.76,0.249979
1304.52,0.130404
1455.23,0.145456
1103.13,0.110305
2899.88,0.289878
663.386,0.0663192
1434.71,0.143448
742.967,0.0740939
1811.2,0.181017
1319.47,0.131882
860.804,0.0894225
1044.73,0.104466
833.938,0.0833813
417.615,0.0417389
2085.19,0.207649
750.523,0.0749697
691.647,0.0690827
3113.19,0.311281
1169.53,0.116947
1341.68,0.13415
801.174,0.0799822
1432.93,0.143284
2009.98,0.2009
2951.54,0.294731
1341.71,0.134056
802.254,0.0802206
1480.25,0.147969
1587.37,0.155082
1316.52,0.131629
1421.67,0.142146
2579.75,0.257749
1245.69,0.124208
797.988,0.0797861
787.035,0.0785884
660.739,0.0660292
1035.96,0.103408
588.078,0.0587883
1412.81,0.141208
2111.87,0.211057
2735.97,0.273534
1439.38,0.143629
885.253,0.0883726
2006.77,0.200634
3921.1,0.391821
1142.17,0.114152
765.884,0.0765479
439.876,0.0439785
800.1,0.0800013
840.696,0.084041
1869.34,0.186868
1140.8,0.113974
1077.32,0.107718
1636.37,0.163502
1437.39,0.143732
1824.64,0.182401
1099.56,0.109939
800.693,0.079621
1445.62,0.144465
1168.14,0.116806
2657.6,0.265682
884.755,0.0884593
1301.91,0.130073
790.798,0.0790043
697.085,0.0697
2843.03,0.282216
1013.09,0.101102
1837.26,0.183648
831.639,0.0830495
808.677,0.0808104
1100.07,0.109995
967.853,0.0967196
2869.74,0.286832
933.457,0.0933369
706.488,0.0706273
976.319,0.0975528
1637.45,0.163637
1913.67,0.191317
1686.02,0.168055
1560.82,0.155917
1008.4,0.100712
1665.44,0.166507
944.841,0.0944466
499.585,0.0499338
3727.69,0.371802
1010.35,0.101018
7883.13,0.787369
1502.58,0.150229
775.338,0.0775085
914.648,0.0914471
1961.85,0.195845
1795.99,0.179463
756.237,0.0756142
558.245,0.0558125
785.956,0.0785942
901.34,0.0901168
3326.84,0.332659
2656.64,0.265632
1429.35,0.142859
633.324,0.0630885
1409.42,0.140918
1134.94,0.11342
1167.96,0.116772
970.846,0.0970734
4408.07,0.440337
741.211,0.0740986
1240.59,0.123957
1157.23,0.115659
1965.37,0.196483
776.242,0.077583
854.431,0.0854311
1205.81,0.120563
1090.54,0.108912
2132.45,0.213184
1461.71,0.146101
1363.12,0.135807
1793.93,0.179374
2101.72,0.210153
1458.55,0.145802
1639,0.161602
1605.18,0.160459
1399.54,0.13943
402.475,0.0401505
968.502,0.0968291
920.527,0.0919662
1605.48,0.160259
1968.47,0.196804
1702.19,0.170145
674.65,0.0674233
1263.87,0.126272
1893.93,0.18923
1659.02,0.165377
1403.07,0.140092
1744.58,0.174361
1295.11,0.129386
1056.58,0.105638
1061.76,0.106164
1535.94,0.153558
897.222,0.0895897
926.209,0.0926002
1339.31,0.133146
1032.52,0.103175
1119.66,0.111942
14313.6,1.42891
1035.5,0.103472
1059,0.105862
896.475,0.089588
1455.69,0.14554
1078.28,0.10782
1543.24,0.154299
1536.66,0.153656
1068.76,0.106863
1774.29,0.176921
1952.4,0.195112
1941.49,0.19411
945.763,0.094498
853.6,0.0852224
2221.56,0.221997
764.345,0.0764277
1053.55,0.105344
1783.91,0.178344
2052.51,0.20523
727.75,0.0727642
7408.98,0.740312
1750.7,0.175061
1774.46,0.177363
1332.86,0.133255
1179.62,0.117882
2788.99,0.278813
4820.84,0.481732
841.431,0.0841262
699.797,0.0699357
851.48,0.0850806
1534.01,0.153372
2037.5,0.203602
1120.95,0.112074
1438.68,0.14386
4015.13,0.401315
1590.03,0.158741
3709.37,0.370786
1515.87,0.151542
1038.23,0.103808
1427.11,0.142597
835.06,0.0834119
1653.27,0.165254
1981.63,0.198118
1129.06,0.11258
1427.11,0.142638
1757.62,0.175702
846.721,0.0846613
841.44,0.0841407
892.317,0.0892239
899.18,0.0898599
2212.25,0.220701
3237.22,0.322904
2565.03,0.256322
708.403,0.0708146
981.714,0.0980333
771.599,0.0771273
840.333,0.0840291
5721.08,0.571819
1275.82,0.12757
629.908,0.062976
1293.3,0.12928
968.972,0.0968739
1568.98,0.156771
1355.67,0.135494
590.191,0.058976
1877.31,0.1877
4129.56,0.412522
2641.38,0.264038
1225.84,0.122569
1199.27,0.119894
757.204,0.0757109
1284.6,0.12844
1461.55,0.146114
2624.81,0.261061
1805.62,0.180286
1123.62,0.112228
753.893,0.0753505
858.65,0.0858475
1170.69,0.117042
2435.08,0.243146
2014.54,0.201372
1099.56,0.10994
1173.16,0.117044
978.844,0.0978602
1749.52,0.174729
1484.84,0.148462
940.705,0.0938181
721.863,0.0721747
3136.56,0.31331
793.761,0.0793334
3334.69,0.333194
1612.98,0.161222
806.824,0.0806637
996.213,0.0995562
779.194,0.0779168
1061.34,0.106124
2234.81,0.223455
874.042,0.087384
1016.57,0.101585
1274.72,0.127382
2729.06,0.271935
1571.51,0.157125
865.662,0.0865275
1073.92,0.107369
866.308,0.0866273
2613.21,0.261092
958.872,0.0955083
1850.55,0.185045
1259.77,0.125901
4164.17,0.416285
947.829,0.0947738
1839.65,0.183602
1554.17,0.155382
2928.18,0.29256
2334.66,0.231307
3501.53,0.349978
5518.53,0.551384
733.98,0.0733959
714.479,0.0714162
907.067,0.0906906
1043.27,0.104277
1642.34,0.164101
2377.17,0.237301
1456.11,0.145537
1248.71,0.124849
1210.37,0.121017
1352.79,0.135237
4907.26,0.490357
1355.65,0.135496
1210.04,0.120987
1986.54,0.198632
1841.07,0.183978
935.364,0.0935302
651.227,0.0651099
654.027,0.0653638
648.753,0.0648584
2433.83,0.243356
576.86,0.0576799
1174.33,0.117387
1007.55,0.100719
680.599,0.0679789
1504.27,0.150023
817.624,0.0817116
967.887,0.0964881
943.508,0.094319
860.239,0.086004
1502.84,0.150181
6098.89,0.60936
852.67,0.0851372
814.097,0.0813879
945.343,0.0945161
1232.9,0.122233
1699.79,0.169873
3129.34,0.312816
1689.47,0.168893
1042.04,0.104192
946.041,0.0943669
1669.54,0.166852
2033.54,0.203306
1205.39,0.120488
833.543,0.0833377
2078.59,0.207765
3609.54,0.360855
1946.22,0.19453
2077.16,0.207683
1948.5,0.194678
1516.87,0.15144
1512.64,0.151247
1008.44,0.100818
3858.92,0.385651
716.211,0.0715811
9254.41,0.923168
934.142,0.0933997
605.502,0.0604619
1127.6,0.11191
878.963,0.0878369
1275.6,0.127487
2609.06,0.260791
947.334,0.0947202
1487.57,0.14869
1558.47,0.155761
13292.9,1.32682
754.528,0.0754284
930.226,0.092919
938.009,0.0937806
959.432,0.0950777
944.976,0.0944302
1077.34,0.109433
1363.32,0.136312
2086.68,0.208514
1089.17,0.108901
1253.65,0.125349
4534.3,0.451849
758.094,0.0757791
982.895,0.0982041
3091.67,0.308989
2786.89,0.278045
3582.97,0.35809
690.093,0.0689975
4119.29,0.411486
890.878,0.0890684
2520.17,0.251981
770.642,0.0769706
604.666,0.0604618
3045.85,0.3045
1087.58,0.108637
978.344,0.0978189
997.718,0.0996082
3344.85,0.334229
938.873,0.0938697
1965.57,0.196527
533.105,0.0532051
1628.69,0.162618
822.448,0.0822398
1506.21,0.150547
1204.46,0.120385
1836.13,0.183554
1018.41,0.101827
591.849,0.059178
757.854,0.0757115
1144.01,0.11439
1733.45,0.17327
867.01,0.0866164
10315.4,1.03005
703.823,0.070368
1058.03,0.105729
3675.76,0.366736
2240.58,0.224008
2515.89,0.251502
1136.52,0.113641
1392.66,0.139142
964.13,0.0964069
11515.8,1.14677
1773.48,0.177162
564.668,0.0563833
1279.85,0.127796
1190.87,0.119025
955.761,0.0955583
1650.76,0.164435
1610.99,0.161007
841.038,0.083797
2564.44,0.256264
4316.34,0.431297
927.636,0.0926883
1224.8,0.122459
883.716,0.0883456
2140.75,0.214036
1372.21,0.137203
749.752,0.074947
1909.67,0.190926
1210.98,0.121051
1743.19,0.174165
763.431,0.0763271
784.872,0.0784353
1020.31,0.101897
856.253,0.0855804
1203.31,0.120305
1116.97,0.111689
1439.13,0.143871
990.39,0.0989776
1140.33,0.113811
759.944,0.0759902
1556.92,0.155578
1239.52,0.123927
866.978,0.0865983
1965.97,0.196507
4198.31,0.419789
885.58,0.0883865
783.595,0.0783512
707.682,0.0707583
4361.6,0.435672
2414.33,0.241399
1265.87,0.126562
630.826,0.0630332
1252.2,0.124985
1086.01,0.108421
1072.42,0.107188
959.58,0.0959348
1548.58,0.154829
3053.99,0.305283
1515.45,0.151528
9787.59,0.976723
1155.78,0.115518
1249.63,0.124516
1685.27,0.168497
18177.2,1.80825
913.455,0.091236
703.601,0.0701207
686.58,0.0686517
1998.06,0.19979
1062.57,0.106222
3557.71,0.355143
887.074,0.0885444
1350.54,0.135041
1370.47,0.137032
1603.63,0.160285
2262.88,0.226254
1177.64,0.117573
6884.71,0.687153
801.476,0.0800783
746.839,0.0746371
761.36,0.0761108
783.216,0.0782367
1215.51,0.121515
1565.84,0.15654
1535.77,0.153544
2315.56,0.231074
5721.45,0.56816
10654.1,1.06167
13135.3,4.98587
737.719,0.073756
1279.38,0.127903
2750.54,0.273894
2822.55,0.282155
747.954,0.0747823
807.448,0.0807184
1465.94,0.140701
1291.16,0.129024
2236.56,0.223574
1282.3,0.128004
898.641,0.086786
1094.55,0.109297
872.562,0.0872345
824.653,0.0824338
1457.1,0.145694
1383.45,0.138242
1159.57,0.115917
1639.44,0.163928
815.534,0.081242
1088.64,0.108851
1843.69,0.184303
3041.36,0.303864
1404.15,0.140365
1137.71,0.113744
1546.06,0.154517
1512.44,0.15109
867.079,0.0866632
584.898,0.0584876
1645.87,0.164559
1041.1,0.104051
1029.75,0.102969
1119.56,0.111926
1312.71,0.131246
9228.77,0.918941
2807.62,0.280577
802.974,0.0802255
7894.81,0.78937
1519.32,0.151903
8953.31,0.894293
1166.48,0.116597
3050.61,0.304873
897.143,0.089686
1389.91,0.138771
1070.87,0.107075
2002.25,0.200189
4655.61,0.465119
968.055,0.0967416
645.102,0.0657713
1365.44,0.136509
1113.35,0.111153
1601.14,0.160098
1442.12,0.143892
1919.61,0.191923
1291.31,0.129106
940.281,0.0940122
8586.77,0.857972
1300.59,0.129985
838.302,0.0838234
1525.96,0.152513
25235.1,2.51394
1105.04,0.110446
1309.73,0.130781
17092.2,1.70075
1684.86,0.168467
3450.26,0.344964
2550.21,0.254908
688.465,0.0688283
1648.8,0.164831
3615.61,0.360805
1438.44,0.143781
687.763,0.0686286
1401.93,0.140089
937.95,0.0937709
2260.68,0.225449
2264.67,0.226447
1486.97,0.148568
3571.06,0.356699
703.937,0.0699439
2771.61,0.276852
2432.31,0.243079
3109.9,0.310868
1937.17,0.193688
723.524,0.0722138
722.973,0.0722894
1514.26,0.151392
1843.38,0.184133
2217.12,0.221634
1296.01,0.129572
1162.6,0.116247
1230.29,0.122772
1265.64,0.126551
1035.87,0.103523
712.639,0.0712529
743.764,0.0743418
1010.96,0.0974001
1817.27,0.181608
1077.93,0.107775
1306.68,0.130656
1146.07,0.114594
2130.63,0.213045
1617.06,0.161039
2733.77,0.273114
1803.58,0.180286
3016.5,0.301321
967.042,0.0966833
1247.43,0.124698
1688.11,0.168787
1723.33,0.172192
1256.27,0.125547
880.982,0.0875901
1709.52,0.170938
1159.59,0.115943
1011.96,0.100939
783.803,0.0783433
2644.52,0.26437
1761.14,0.175976
931.994,0.0931857
1561.35,0.155861
849.595,0.0849151
1399.19,0.139666
784.056,0.0782422
1154.64,0.11531
917.098,0.0916623
917.243,0.0917054
1470.51,0.146684
1252.16,0.125205
2005.92,0.200465
1204.44,0.118429
1448.91,1.528
1306.63,0.130656
1494.71,0.148986
1171.94,0.117131
1246.3,0.124586
1060.37,0.10596
1132.31,0.113181
960.821,0.0933259
1284.36,0.128226
1880.65,0.187971
1489.87,0.148954
774.663,0.0774593
1550.15,0.154868
1546.59,0.154537
1131.45,0.113068
883.337,0.0882934
1115.52,0.111497
969.854,0.0968446
1793.18,0.179298
1032.48,0.103192
850.119,0.0850048
1069.82,0.106952
1054.49,0.105242
2948.93,0.29482
840.812,0.0840621
1006.97,0.10054
1510.59,0.150993
1274.22,0.127402
827.243,0.0827067
1516.78,0.15163
1029.49,0.102877
1839.08,0.183761
1678.7,0.167357
610.364,0.0610238
1627,0.162682
1486.37,0.148401
1219.49,0.121937
1135.93,0.113574
907.166,0.0907028
3411.79,0.340415
1844.58,0.184445
578.877,0.0578496
874.379,0.087416
760.984,0.0760924
820.545,0.0820466
1605.49,0.160531
1078.9,0.107683
6827.19,0.68219
1377.68,0.137591
1012.53,0.101006
1504.31,0.150418
7614.7,0.760016
1051.42,0.105099
1068.08,0.106768
3654.17,0.365325
800.505,0.0800305
678.428,0.067812
735.335,0.0734159
728.863,0.0728463
5702.13,0.569528
1043.38,0.104294
1128.02,0.112746
1459.36,0.145835
1229.99,0.122961
1875.18,0.187435
2524.44,0.252265
1384.77,0.138323
1102.8,0.110203
1282.69,0.128217
696.322,0.0687723
810.165,0.0809998
917.882,0.0917844
1549.11,0.15483
4001.11,0.399646
1024.56,0.102437
770.288,0.0766383
980.555,0.0978241
2104.57,0.208927
4947.04,0.494561
1783.57,0.178344
1087.79,0.108687
1406.81,0.14065
2679.04,0.267525
1916.83,0.191645
919.376,0.0919321
2161.83,0.216137
2370.47,0.237028
650.19,0.0649959
2532.45,0.253226
891.705,0.0891681
1276.29,0.127615
1081.07,0.108078
1658.76,0.165855
1098.63,0.109833
7631.69,0.762108
1909.66,0.190948
1563.7,0.156089
924.257,0.0923552
1306.85,0.130569
670.985,0.0670729
814.919,0.0814655
734.799,0.0734644
684.388,0.0684239
1141.06,0.114015
2625.36,0.262335
1072.59,0.10725
1745.41,0.174503
2146.74,0.214629
1058.08,0.105712
2733.57,0.273308
1041.13,0.104103
527.982,0.0527429
1087.18,0.108685
778.37,0.0771473
1037.51,0.103738
875.869,0.0874506
1250.35,0.124989
955.553,0.0953868
1266.4,0.126506
877.156,0.0874031
1151.13,0.115032
680.89,0.0680645
851.946,0.0844554
960.799,0.0960305
1126.92,0.112657
1684.61,0.168418
1601.27,0.160118
835.858,0.0835543
1036.64,0.103299
1651.26,0.165109
1124.54,0.112432
2206.21,0.220558
891.591,0.0890685
1813.01,0.181248
983.973,0.0982593
432.417,0.0430789
802.287,0.0801099
1122.73,0.080518
897.765,0.0897516
1726.57,0.172628
2631.38,0.262901
871.392,0.087108
988.851,0.0988282
613.236,0.0612826
1700.29,0.16993
1328.91,0.132839
5232.52,0.521771
955.042,0.0954663
745.135,0.0745095
5768.52,0.576242
1889.12,0.188838
3355.22,0.335439
1538.97,0.153811
678.119,0.0677304
1759.1,0.175867
544.959,0.0544841
1365.13,0.1365
1335.69,0.133502
4420.33,0.441828
1137.01,0.113678
2582.76,0.258213
1067.46,0.106676
1598.54,0.159828
680.833,0.0680219
817.666,0.0817417
1883.23,0.188262
904.662,0.0904474
1891.12,0.189092
1082.04,0.107769
927.509,0.0926903
958.738,0.0956395
5502.34,0.549784
2045.89,0.204565
1814.09,0.181368
1010.33,0.101007
718.159,0.071805
1361.03,0.136037
1322.97,0.132282
914.503,0.0914325
826.242,0.0825902
2410.12,0.24075
618.445,0.0618406
967.472,0.0967411
725.184,0.0725071
4962.39,0.495226
783.908,0.0783862
1078.13,0.107692
583.481,0.058323
1108.99,0.110799
2075.81,0.207438
947.097,0.0946519
1330.2,0.132993
1028.17,0.102783
1216.53,0.121629
1437.84,0.143764
1747.33,0.174669
4448.48,0.444147
10534.1,1.0506
1572.91,0.157198
1455.72,0.145507
1061.24,0.105894
1591.32,0.159013
2120.38,0.21184
1505.82,0.150547
1516.99,0.151452
818.001,0.0817055
2976.06,0.297504
11308.1,1.12866
1294.6,0.129433
842.257,0.0842159
1983.88,0.198221
1034.18,0.103321
1042.22,0.104206
2695.72,0.269459
1205.94,0.12057
1736.22,0.173141
687.405,0.0687361
1176.93,0.117634
6302.53,0.6295
1829.4,0.182929
1826.21,0.182504
1040.03,0.103994
913.219,0.0913151
681.443,0.0681323
934.952,0.0934306
1175.02,0.117489
762.084,0.0761588
1652.64,0.165212
1007.12,0.100696
1058.92,0.105863
1166.81,0.116668
2764.77,0.276283
1847.86,0.184668
1371.97,0.137029
991.061,0.0990419
1010.55,0.100874
864.912,0.0864862
1667.54,0.166723
745.785,0.0745073
1989.65,0.19888
1187.6,0.11873
1986.47,0.198572
1114.02,0.111366
3277.14,0.327601
921.837,0.0921688
12826.6,1.28078
1630.26,0.162986
2667.86,0.266681
1219.97,0.121829
1686.53,0.168152
884.166,0.0883775
1214.98,0.121475
1685.18,0.168336
1708.8,0.170866
3214.08,0.320796
1072.55,0.107071
2306.62,0.229786
1190.4,0.118981
740.701,0.0740426
1295.2,0.129503
1006.63,0.100447
993.614,0.0993141
1879.95,0.187404
915.106,0.0915071
1053.79,0.105166
6377.49,0.636715
2294.83,0.229055
2327.95,0.232759
1003.3,0.100326
1296.14,0.129612
2132.44,0.212938
2040.97,0.203674
1000.67,0.100041
1205.28,0.120488
1087.48,0.108695
855.038,0.0854997
1126.4,0.112575
924.238,0.0923627
1812.28,0.181193
1359.49,0.135916
1077.03,0.107426
2005.42,0.200328
1071.48,0.106593
1011.53,0.101096
752.807,0.0752538
890.665,0.0889349
2432.97,0.242935
772.088,0.0771756
1355.83,0.135557
818.305,0.081707
877.583,0.0877418
501.865,0.050155
2037.95,0.203734
20464.3,2.03815
837.943,0.0837273
3208.97,0.32083
5133.06,0.527174
703.43,0.0703345
731.173,0.0730955
908.217,0.0906759
2507.13,0.250444
1118.96,0.11172
1288.38,0.128805
2727.34,0.272641
1777.55,0.177718
3009.87,0.300763
1523.55,0.152286
913.643,0.0909406
2352.44,0.235188
3387.13,0.338635
729.981,0.0728376
4035.31,0.403169
875.702,0.0872308
737.005,0.0736313
1197.31,0.119707
1396.75,0.139649
8040.71,0.803049
617.54,0.0615432
1139.9,0.113972
2759.51,0.275895
1261.44,0.126051
1661.77,0.166092
1229.67,0.122635
1417.61,0.141736
1033.18,0.103264
2072.34,0.2071
1936.1,0.193533
4113.57,0.410891
886.994,0.0886584
1102.02,0.110091
1175.75,0.117563
1229.1,0.12265
1088.44,0.108802
1569.84,0.156795
1183.27,0.118282
4661.29,0.465923
1245.97,0.124585
1675.86,0.167485
1501.41,0.150076
2480.97,0.248049
1814.92,0.181383
726.29,0.0723932
1090.88,0.109081
3222.1,0.283932
933.806,0.093322
1286.28,0.128593
766.12,0.0764883
730.315,0.0729892
592.22,0.0592125
1133.97,0.112717
990.48,0.0990255
1896.41,0.189068
783.111,0.0781158
1490.2,0.148765
1969.81,0.196964
655.233,0.0651523
757.821,0.0757779
835.13,0.0834667
1844.55,0.18441
1221.08,0.12206
2241.78,0.224076
605.087,0.0604944
1851.88,0.185149
724.401,0.0724206
1012.86,0.101281
705.575,0.0705433
1643.41,0.164099
6817.09,0.681385
1871.76,0.187155
1031.92,0.103125
1715.38,0.171494
1619.61,0.161948
3203.38,0.684779
907.501,0.0907321
962.838,0.0961648
1679.59,0.167709
3451.32,0.343027
5762.06,0.574526
876.544,0.0868778
1523.97,0.152366
1910.35,0.190859
3139.11,0.313694
1038.06,0.103795
1733.62,0.17332
1280.09,0.127989
1350.15,0.13499
1134.38,0.113384
1331.03,0.133068
1259.09,0.125871
1340.01,0.133873
1732.85,0.173268
1121.05,0.112069
1895.65,0.189414
919.164,0.091827
1335.37,0.133513
2833.9,0.282436
1750.6,0.17493
960.3,0.0959934
1087.73,0.108735
808.006,0.0806405
761.543,0.0761477
1137.97,0.113773
4117.65,0.411367
1633.52,0.163212
935.84,0.093511
2315.81,0.231387
1276.49,0.127233
1298.24,0.12978
721.817,0.0721771
1621.73,0.162105
2416.86,0.241555
627.246,0.0627102
843.497,0.0843372
791.782,0.0791058
786.532,0.0786433
935.42,0.0935316
1715.47,0.171538
1160.93,0.116
1485.34,0.148466
1258.94,0.125882
1088.42,0.108827
723.004,0.0722741
1286.63,0.128579
969.924,0.0969361
1418.11,0.141751
1605.1,0.160422
1001.9,0.10017
12747,1.27428
1946.87,0.194618
865.774,0.0865617
1004.46,0.100411
3087.43,0.308697
3138.75,0.31352
588.29,0.0587828
1432.11,0.143067
793.312,0.0793044
2115.81,0.211476
614.016,0.0613678
1082.35,0.108213
871.698,0.0871233
1445.73,0.143039
1208.9,0.120865
1019.6,0.10192
1560.09,0.155987
873.142,0.0872965
992.5,0.0992426
7605.93,6.20764
1930.24,0.192836
4142.21,0.413698
1086.12,0.108571
6324.67,0.62981
1699.16,0.169753
1404.91,0.140431
1143.31,0.114302
810.939,0.0810721
917.792,0.0917685
2714.34,0.271274
1279.61,0.127947
1036.13,0.103558
1107.56,0.110698
2312.21,0.231082
544.684,0.0544261
909.372,0.0909341
943.903,0.0941683
935.267,0.0935133
715.027,0.0714602
1013.21,0.101318
1953.23,0.19528
2231.23,0.223115
2274.65,0.226321
1781.97,0.178143
1372.13,0.137116
2319.49,0.231784
1651.81,0.16514
970.732,0.0969463
570.371,0.0569506
1568.31,0.156571
1156.71,0.114298
862.912,0.0862824
1714.7,0.171426
1223.12,0.122265
659.924,0.0659782
1379.6,0.137846
2678.29,0.267783
1091.81,0.109147
1155.39,0.11553
1816.84,0.181607
5080.6,0.507674
2981.08,0.297866
1451.28,0.145102
1738.2,0.173813
1305.13,0.130495
1515.12,0.151295
707.686,0.0706505
1553.21,0.155276
2635.07,0.263454
1032.53,0.103211
1096.88,0.109554
906.282,0.0905073
13335.8,1.33062
1181.7,0.118159
3772.82,0.377123
1288.5,0.128818
1594.06,0.158674
889.127,0.0889053
929.203,0.0928645
1847.65,0.184758
1527.82,0.152704
520.341,0.0520291
1307.27,0.130568
693.687,0.0693625
858.483,0.0857175
3120.45,0.311711
1279.92,0.127981
1355.06,0.135449
913.482,0.091345
2740.39,0.272601
860.804,0.0860466
1302.53,0.129885
2210.55,0.220926
1996,0.199565
1268.76,0.126848
1172.5,0.117229
2562.98,0.255969
1291.96,0.129162
645.392,0.0644431
1438.92,0.143776
1486.99,0.148593
1238.87,0.123696
894.089,0.0894011
2094.04,0.209136
847.597,0.0847079
1015.49,0.101515
829.674,0.0829581
2201.05,0.21985
2575.16,0.454808
1935.61,0.193434
992.443,0.0991233
762.397,0.0762298
1137.77,0.113328
1542.05,0.154136
1213.7,0.121354
1647.83,0.164684
2613.96,0.261176
1686.83,0.168622
1136.89,0.113508
3481.13,0.347533
2476.98,0.247674
1130.99,0.113075
649.16,0.0649126
3063.11,0.306109
1516.35,0.151171
1396.99,0.139673
1285.92,0.128375
4465.31,0.445823
903.455,0.0902945
1147.52,0.114722
549.018,0.0548676
1069.15,0.104713
931.099,0.0930366
834.869,0.0832741
2000.01,0.199707
1386.09,0.138564
1456.89,0.145547
12956.4,1.29466
1904.22,0.190361
7109.41,0.709826
1317.18,0.131682
1030.46,0.102278
782.924,0.0782636
2624.04,0.262359
2222.86,0.222256
1200.62,0.119977
809.063,0.0808574
5179.63,0.51724
1738.48,0.173698
992.792,0.0992705
758.05,0.0757849
974.651,0.0971889
753.138,0.0753043
1040.03,0.103982
1203.4,0.117149
3179.05,0.317724
790.402,0.0790339
1642.32,0.164158
1303.63,0.130064
1678.2,0.167791
2064.01,0.206367
936.044,0.0935599
655.738,0.0654988
1069.56,0.105537
636.22,0.0635969
922.115,0.0921026
1447.81,0.14477
2396.17,0.239111
1481.54,0.14813
2643.66,0.263706
2740.25,0.27374
1456.68,0.145642
1374.68,0.137418
2634.97,0.263363
1046.69,0.104626
994.793,0.0994709
2392.47,0.239018
1420.95,0.142078
3484.25,0.34742
1483.47,0.148304
2231.08,0.222809
1138.55,0.113836
2769.39,0.277428
830.886,0.0830221
915.957,0.0915863
1532.68,0.153082
3310.61,0.330749
3868.92,0.386796
2190.58,0.218858
2086.47,0.208531
1096.57,0.109634
1184.49,0.118426
951.06,0.0949941
780.583,0.077993
628.191,0.0628143
1862.58,0.186128
932.346,0.0932263
1260.63,0.125921
1182.08,0.11818
815.304,0.0815127
1231.95,0.123102
956.717,0.0956229
773.072,0.0773042
2250.14,0.22489
996.006,0.0995064
1274.35,0.127421
1715.32,0.171503
1645.55,0.164529
1118.38,0.111827
1961.45,0.195916
1896.04,0.189474
939.483,0.0939417
1410.83,0.141074
967.415,0.0966859
1089.97,0.108968
1189,0.118704
882.034,0.0881325
789.363,0.0788334
1958.02,0.195417
2322.2,0.232045
690.542,0.0690234
1806.63,0.180643
962.822,0.0962423
1307.21,0.13061
2254.43,0.225384
1929.78,0.192865
821.631,0.0821111
647.879,0.0647705
1091.19,0.109098
1144.04,0.114334
1726.66,0.172526
927.988,0.0927694
1206.53,0.120534
632.265,0.0632156
4056.78,0.405109
8696.72,0.868755
685.768,0.0685736
786.63,0.0785693
696.948,0.0689025
1778.12,0.177775
1183.16,0.118189
1231.23,0.123077
4023.89,0.401996
2318.74,0.23152
1143.47,0.114176
826.221,0.0822911
2094.1,0.209398
1216.82,0.121649
3213.87,0.321032
1382.66,0.138219
1646.98,0.16459
1148.65,0.114786
1292.98,0.12805
2706.77,0.270648
1055.94,0.105538
2816.97,0.28146
1165.5,0.116287
3586.63,0.358546
1405.18,0.139874
1305.23,0.129181
983.212,0.0979488
3413.39,0.341149
1155.35,0.115521
713.097,0.0712974
1065.27,0.106419
1006.01,0.100579
1404.58,0.140288
2473.34,0.245786
28373.5,2.81608
1044.81,0.10446
1146.8,0.114654
1655.06,0.165268
658.785,0.0658591
920.281,0.0919884
1431.6,0.142966
914.894,0.0914874
4916.38,0.491045
1203.75,0.120337
1070.61,0.107046
686.767,0.0686688
1346.6,0.134511
1124.32,0.112369
745.66,0.0745615
1414,0.141382
846.441,0.0842752
6733.19,0.672138
1547.21,0.154686
1271,0.127032
1024.42,0.102421
2528.56,0.250155
948.155,0.0946785
1019.49,0.101847
835.25,0.0835211
1183.81,0.118356
671.185,0.0670963
1697.52,0.16947
1028.84,0.102862
1448.97,0.144893
1199.91,0.119874
652.86,0.0652302
1121.97,0.112171
747.45,0.0747277
1434.12,0.143146
661.752,0.0661548
758.998,0.0751025
790.082,0.0789905
1027.32,0.102693
838.056,0.0837153
1879.91,0.18774
821.616,0.0821547
2640.33,0.262259
1188.01,0.118783
1671.6,0.167044
968.854,0.0968714
5380.22,0.537608
1929.35,0.192897
1231.11,0.123068
1451.34,0.14509
1570.72,0.156986
1313.86,0.131285
582.541,0.0582399
1339.77,0.133972
7186.66,0.718486
3164.26,0.316369
1707.77,0.170717
3499.41,0.349484
1538.13,0.153722
1493.18,0.149313
2915.78,0.290967
2313.49,0.231267
2815.66,0.281522
2387.78,0.238555
1387.54,0.138369
947.527,0.0947337
998.078,0.0997692
1237.94,0.123769
10155.4,5.38136
540.596,0.0540423
1240.06,0.123995
1004.64,0.100315
1312.18,0.131206
1109.34,0.110893
976.073,0.0975608
6678.09,2.4285
933.888,0.0933718
1243.22,0.124309
968.274,0.0967791
4371.55,0.436475
1034.9,0.103473
2054.19,0.205375
1339.67,0.133952
1036.58,0.10363
1712.71,0.171165
947.629,0.0947186
1242.89,0.124042
1082.63,0.108239
928.018,0.0926576
1257.39,0.125707
894.493,0.0894448
1852.8,0.185198
937.671,0.0937103
952.349,0.0951053
1439.22,0.143854
1320.67,0.132053
1366.26,0.136548
687.862,0.0687789
1044.1,0.104359
957.511,0.0953956
1334.17,0.13336
3040.53,0.303812
1274.87,0.127431
1621.56,0.162098
873.576,0.0872217
837.246,0.0836761
1568.13,0.156785
743.454,0.0743319
662.929,0.0662562
1574.24,0.157408
1185.22,0.118461
1193.38,0.119321
1644.79,0.164393
966.219,0.0965832
820.878,0.0820856
763.12,0.0763031
799.526,0.0799495
988.68,0.0988429
1632.48,0.163239
785.212,0.0781865
1905.12,0.190228
801.958,0.0801846
968.349,0.0966439
1189.96,0.11897
1880.51,0.187983
1506.63,0.150156
1719.55,0.171881
1912.66,0.191228
871.445,0.0850119
887.959,0.088733
1097.52,0.109738
775.481,0.0774946
2804.04,0.280351
1887.8,0.188687
1001.51,0.100127
3884.93,0.388362
3359.2,0.335342
1596.52,0.159282
1063.14,0.10615
1569.14,0.156807
1389.09,0.138848
996.128,0.0996035
2897.02,0.28893
422.452,0.0422169
1821.08,0.182009
950.18,0.0949818
1072.25,0.107194
1463.46,0.14627
3984.65,0.398015
1177.81,0.11776
1513.7,0.151166
561.913,0.056113
6843.37,0.683453
2762.88,0.276129
1687.06,0.168643
3669.85,0.36682
1595.7,0.159461
1548.41,0.15477
1255.35,0.125358
1934.06,0.192474
958.126,0.0957799
1065.13,0.106383
1024.61,0.102402
1057.57,0.10542
758.675,0.0758152
1233.82,0.123358
3424.97,0.342286
1213.26,0.121278
1058.77,0.105811
1282.52,0.128235
774.528,0.0774339
3031.81,0.302972
783.407,0.0783353
956.352,0.095586
1832.87,0.18271
878.349,0.0878096
506.879,0.0504823
1191.61,0.119062
1104.08,0.110377
1452.37,0.14486
4573.84,0.456547
2467.28,0.24669
1721.93,0.172112
2886.5,0.284227
721.083,0.0721029
1929.54,0.192826
845.506,0.0845241
1059.1,0.105867
849.954,0.0849282
1182,0.118112
884.764,0.0884688
1256.37,0.125614
1426.36,0.141905
1224.13,0.12239
2206.54,0.219866
970.839,0.0970613
1313.86,0.131328
1103.43,0.110291
358.721,0.0358655
883.754,0.0883512
803.305,0.0802865
2044.03,0.204192
1344.49,0.134427
1224.5,4.17581
1056.3,0.105586
955.329,0.0955227
1702.98,0.170128
711.613,0.0711525
705.673,0.070554
2936.41,0.293512
862.255,0.0860565
853.038,0.0852823
826.777,0.0826158
3321.3,0.331636
1218.43,0.121708
586.073,0.0583604
1815.22,0.181448
1126.72,0.112621
1309.04,0.130896
4381.74,0.437156
1538.21,0.153804
1245.18,0.124495
1459.35,0.145835
1246.03,0.124594
749.125,0.074906
1348.55,0.134804
869.18,0.0868941
703.657,0.0703576
1056.91,0.105654
1221.42,0.122036
1200.78,0.12002
1761.39,0.176116
1282,0.128138
840.957,0.0840326
817.471,0.0817192
1236.97,0.123622
2161.32,0.215905
1477.64,0.147751
2907.65,0.2906
896.373,0.0883659
1043.01,0.104295
870.287,0.0870124
1356.07,0.135602
680.066,0.0679964
1834.91,0.183174
671.675,0.0671583
2523.92,0.252238
764.772,0.0764653
1297.69,0.129691
5957.28,5.60581
744.87,0.0744381
721.857,0.0718083
855.118,0.0852227
1786.58,0.178586
762.516,0.0762205
1859.36,0.185838
1819.38,0.181639
705.347,0.0694145
1260.29,0.125925
2441.24,0.243555
1103.39,0.11031
27694.7,2.76286
1144.54,0.114263
1081.33,0.108083
959.761,0.0953043
1403.35,0.140131
1116.84,0.111633
1614.47,0.161362
1235.17,0.123507
744.064,0.0743966
763.342,0.0760567
1901.92,0.190063
2230.17,0.222973
959.133,0.0959082
1197.05,0.119656
1195.76,0.119147
3717.82,0.371587
950.756,0.0950619
922.277,0.0922066
1405.71,0.139907
1051.97,0.10517
1159.27,0.115915
985.155,0.0981747
815.219,0.0812187
816.765,0.0816585
901.307,0.0900948
1334.23,0.133365
1428.71,0.142719
654.727,0.0647611
1574.22,0.157345
1399.75,0.139894
778.291,0.0778049
1706.86,0.170553
5483.82,0.548028
3447.58,0.344529
942.911,0.0942623
867.251,0.0866926
911.974,0.0911062
925.215,0.0924925
1908.54,0.19033
4158.1,0.415226
802.264,0.0802137
1612.31,0.161203
1687.54,0.168655
1097.66,0.109742
2401.93,0.239875
907.515,0.0907321
1265.53,0.126471
674.938,0.0674876
1022.09,0.101938
704.103,0.0703661
721.164,0.0721037
3780.15,0.37782
2535.03,0.253009
796.805,0.0791979
818.377,0.0818253
899.002,0.089881
3328.96,0.332826
1362.66,0.134181
4076.04,0.407131
2376.01,0.237399
1373.01,0.137266
1463.6,0.146219
722.702,0.0722671
631.582,0.0631044
798.392,0.0798184
910.947,0.0910189
1275,0.127467
653.482,0.0653327
1103.79,0.110361
1010.4,0.100946
703.779,0.0703593
2714.38,0.271169
811.123,0.0810303
1986.8,0.198591
1007.11,0.100696
853.809,0.0853482
977.101,0.0976597
1251.47,0.125047
1383.97,0.137949
1319.99,0.13184
1365.76,0.136492
1432.93,0.14323
996.222,0.0996025
617.882,0.061754
1130.18,0.112993
1871.3,0.187022
740.596,0.0739739
2006.1,0.200522
1703.89,0.170325
1685.57,0.168001
1911.59,0.191118
805.538,0.0805009
1991.32,0.199035
2150.85,0.214954
599.806,0.0599559
1611.31,0.160923
2755.41,0.27537
7125.06,0.71222
9172.52,0.908465
3603.93,0.36031
1534.52,0.15333
897.316,0.0896598
1774.65,0.17741
949.868,0.0949686
2739.78,0.273817
686.988,0.0686955
677.479,0.0675711
936.192,0.0935296
731.736,0.0731656
1029.29,0.102815
943.457,0.0943377
851.421,0.084734
435.045,0.0434934
851.744,0.0851498
2174.75,0.217466
1376.31,0.137551
1304.58,0.130417
1097.57,0.109728
834.462,0.083405
1125.67,0.112266
997.071,0.0996886
1186.98,0.117994
1085.12,0.108367
1050.05,0.104995
786.034,0.0785772
1661.57,0.165978
2613.08,0.260435
2261.92,0.226036
1296.2,0.129581
1130.43,0.113028
736.574,0.0736396
1188.96,0.118868
854.608,0.0852594
941.975,0.0940638
1126.31,0.11252
1309.75,0.130953
763.237,0.0763151
824.218,0.0799157
3651.15,0.364544
2179.31,0.217625
2073.86,0.207355
3414,0.340564
987.46,0.0985296
2266.64,0.226264
1265.9,0.126579
1417.31,0.141562
1712.33,0.171062
1206.11,0.120594
1366.69,0.136625
1145.88,0.114463
1549.33,0.154888
1702.25,0.17017
2060.34,0.205944
2122.18,0.212196
805.664,0.0805141
474.968,0.0474943
1523.33,0.152289
4373.54,0.437253
1660.23,0.165983
2054.99,0.205387
697.42,0.069444
1233.04,0.123149
586.799,0.0586718
579.234,0.0578846
1829.29,0.182773
2021.88,0.20207
961.279,0.0961144
1836.58,0.183639
1711.97,0.171118
5046.4,0.497111
3154.56,0.315349
801.395,0.0801221
895.715,0.0895639
3250.57,0.324876
1091.49,0.108979
2983.56,0.298109
2342.72,0.234148
799.897,0.0799533
1800.41,0.179973
461.115,0.0460548
1867.44,0.186704
869.124,0.0868982
1240.91,0.123989
1416.36,0.141627
507.083,0.0506505
2187.17,0.218667
995.498,0.0989038
750.556,0.0749666
4801.87,0.479804
2160.78,0.215926
9551.14,0.954117
947.774,0.0947737
1236.64,0.123487
1161.25,0.115996
2471.38,0.247074
805.846,0.0804265
6328.71,0.632432
851.176,0.0851064
891.634,0.0891475
1928.15,0.19248
1201.59,0.120151
1391.82,0.139039
603.278,0.0603207
751.028,0.0750951
888.203,0.0887863
2031.04,0.202999
918.869,0.0918662
1461.41,0.145868
1260.93,0.126078
1074.82,0.107308
1043.81,0.104376
981.544,0.0981042
15960.4,1.59529
918.364,0.0917615
1559.59,0.155878
1518.73,0.15178
1155.32,0.115247
742.623,0.0742132
1043.88,0.104373
888.388,0.0887929
3410.27,0.340552
1666.68,0.166633
867.017,0.086692
1115.72,0.111564
1200.23,0.119992
2662.54,0.266149
3010.23,0.300569
1717.32,0.171716
635.434,0.0633793
863.609,0.0863015
1813.04,0.181285
17486.1,1.73869
578.067,0.0578012
932.108,0.0931222
767.583,0.0767054
1734.21,0.173379
560.811,0.0560738
787.718,0.0786598
733.316,0.0733244
1046.47,0.104645
940.758,0.0940594
711.535,0.0711266
1015.38,0.101501
1155.09,0.115454
587.194,0.0587113
1549.38,0.154581
1111.37,0.111081
2529.1,0.252555
953.456,0.0951145
2157.78,0.215746
3985.29,0.398335
2318.38,0.231666
984.008,0.0983967
1496.63,0.149609
992.926,0.0992774
3963.11,0.395244
699.228,0.069914
969.64,0.0966081
716.823,0.0716632
2424.33,0.242413
1581.09,0.158081
1496.96,0.14967
1936.97,0.19368
1764.15,0.176384
1212.71,0.121209
1017.27,0.101704
1102.17,0.11018
1540.84,0.154057
6255.43,0.625385
925.162,0.0924588
1026.81,0.102671
1038.7,0.103838
6053.26,0.604031
710.247,0.0700893
1327.03,0.132567
1689.8,0.168855
1648.59,0.164809
1393.49,0.139321
808.992,0.080842
1656.6,0.165479
4227.75,0.422449
841.068,0.0839893
587.349,0.0587145
1854.37,0.185424
642.719,0.0642492
1117.36,0.111729
886.601,0.0886325
980.947,0.0974133
1462.3,0.146205
3984.13,0.389076
1006.65,0.100647
1885.56,0.188508
2963.56,0.296297
943.565,0.0942991
2959.73,0.295862
3074.89,0.307262
1543.98,0.154334
1718.86,0.171832
2884.28,0.28833
1185.89,0.118482
1217.59,0.121724
956.313,0.0956136
2114.3,0.211026
1546.99,0.244492
1098.79,0.109836
1140.29,0.113968
848.009,0.0847763
1222.26,0.121729
851.654,0.0851509
998.643,0.0998494
762.547,0.0762258
1996.84,0.199648
1348.02,0.134732
973.201,0.0972136
3805.51,0.380154
1343.11,0.134284
1330.12,0.132258
541.019,0.0540905
903.26,0.0903158
2706.37,0.270499
1067.01,0.106693
1207.06,0.1207
3042.45,0.304202
554.095,0.0551904
1790.93,0.17896
3076.57,0.307407
537.427,0.0537307
1149.38,0.114498
1519.38,0.151799
1582.5,0.1582
1295.35,0.129523
1019.19,0.101913
1853.69,0.185362
1096.76,0.109663
1425.6,0.142526
1776,0.177511
1223.89,0.122264
5580.55,0.556201
992.448,0.0992228
1840.41,0.18396
3218.14,0.320854
938.924,0.0938516
1407.06,0.14061
1089.21,0.0993723
812.816,0.0807023
545.506,0.05455
1038.52,0.103841
876.471,0.0876111
1544.75,0.154431
775.357,0.0773601
1769.72,0.171452
848.246,0.0846699
1845.15,0.183667
1365.84,0.136551
1812.87,0.180818
951.37,0.0950738
2547.52,0.254559
1660.21,0.165881
1328.12,0.132785
2529.73,0.252746
838.337,0.0838048
1145.67,0.114455
1288.31,0.1288
901.521,0.0901166
3887.5,0.388243
1965.17,0.196413
2817.6,0.281581
1698.83,0.169862
1245.08,0.124328
807.224,0.0806576
2459.76,0.245586
1203.61,0.120275
1302.74,0.130208
1729,0.172819
1226.83,0.122636
1604.93,0.160453
2173.72,0.217168
1337.87,0.133778
1551.36,0.154455
551.5,0.0551354
3832.19,0.382914
1213.86,0.121374
1252.84,0.125081
1380.97,0.138082
1468.38,0.146799
1077.92,0.107788
785.127,0.0784895
2560.33,0.255977
1847.44,0.184618
2069.72,0.206725
1276.46,0.127597
796.588,0.0796409
1746.94,0.174651
1223.34,0.122312
1149.99,0.114899
5013.88,0.500754
1013.87,0.101378
2214.21,0.221273
1491.43,0.149121
1048.79,0.104866
1698.98,0.166644
1362.56,0.136186
6097.79,0.607325
600.08,0.0600021
1074.39,0.107328
585.752,0.0585615
1044.8,0.104413
2064.46,0.206433
945.906,0.09411
1633.71,0.163257
1556.42,0.155628
2333.5,0.233324
1196.63,0.119632
1062.28,0.106197
994.464,0.0994147
1089.36,0.108826
13696.9,1.36372
1365.48,0.136541
446.992,0.0445069
1219.67,0.121953
869.737,0.0869689
2439.67,0.24392
849.969,0.0849673
2297.19,0.229693
1344.95,0.134475
1009.12,0.100861
1351.01,0.135078
1551.11,0.155048
1688.53,0.168689
987.98,0.0987761
2780.91,0.274476
878.585,0.0877835
1254.82,0.124791
1669.54,0.166848
1551.76,0.154461
537.788,0.053765
1030.12,0.103
1031.49,0.103099
1158.47,0.115802
1101.81,0.110153
710.571,0.0710511
2388.53,0.238836
1296.81,0.129658
1796.82,0.179613
1556.16,0.155513
994.099,0.0993756
28994.9,2.89279
786.497,0.0785049
609.812,0.0609741
5607.9,0.559921
887.372,0.0886878
1207.89,0.120032
1094.3,0.109362
1155.24,0.115484
1634.96,0.163419
1843.85,0.184356
1191.11,0.11904
1512.37,0.151197
915.695,0.0915503
859.792,0.085959
2192.52,0.218954
982.351,0.0981743
2381.05,0.23803
757.564,0.0757484
2385.3,0.238223
3378.4,0.33761
1765.5,0.176527
2276,0.227504
2222.56,0.222142
701.417,0.0700584
1736.28,0.173503
4966.08,0.49611
936.195,0.0936143
1268.32,0.126807
11807.1,1.17758
736.935,0.0736855
857.333,0.0857267
1243.29,0.122569
1226.7,0.122664
2995.6,0.299026
1266.85,0.126621
1098.91,0.109873
887.737,0.0887087
1603.35,0.160129
2297.97,0.229431
774.974,0.0774639
848.48,0.0846338
1269.56,0.126775
1124.11,0.112389
1896.38,0.189455
958.92,0.0958692
3417.17,0.341476
1001.08,0.0998531
1277.42,0.127669
2253.68,0.22509
3988.85,0.398647
683.139,0.0682849
662.642,0.0662421
1014.31,0.101406
1271.04,0.12702
5446.31,0.543931
1777.74,0.177606
1113.45,0.111305
2461.92,0.246127
913.145,0.0913001
932.307,0.0932249
1083.24,0.108247
1154.54,0.115442
2108.97,0.210636
815.704,0.0815421
1614.54,0.161425
4489.07,0.448857
1237.31,0.123387
995.502,0.0995413
1097.08,0.109663
1484.27,0.148374
1236.82,0.123478
944.711,0.0944115
2748.8,0.274782
1411.49,0.14109
2254.85,0.225423
1821.81,0.181925
1122.29,0.112155
2335.71,0.233518
711.976,0.0711863
826.721,0.0826629
1293.48,0.129216
1057.36,0.105655
3835.68,0.383309
1310.69,0.131039
1238.16,0.123707
990.817,0.0990561
1663.64,0.166315
1271.58,0.127142
2747.28,0.274665
743.487,0.0743378
882.804,0.0882573
6587.24,0.65817
1165.32,0.116474
1041.18,0.103995
1066.74,0.106665
1935.15,0.193484
684.596,0.0684398
1134.09,0.113363
7502.03,1.56468
1019.44,0.101754
1010.77,0.101052
2118,0.211665
686.16,0.0685739
653.327,0.0653145
1311.88,0.131179
2563.9,0.25617
619.525,0.0619077
867.916,0.0867018
1245.15,0.124466
859.831,0.0858277
928.003,0.092785
818.374,0.0818114
883.616,0.088349
1354.26,0.135407
767.905,0.0767472
1333.52,0.13331
2168.05,0.215569
833.477,0.083322
3696.21,0.362698
2334.91,0.227847
756.006,0.0755939
2154.82,0.214227
834.078,0.0834019
845.781,0.0844997
1310.64,0.130971
1790.19,0.178879
2251.48,0.225088
934.378,0.0933651
657.704,0.0655847
499.582,0.0499534
1538.03,0.153704
1858.26,0.185776
998.837,0.0997585
1924.32,0.192203
1634.93,0.163446
2435.22,0.243468
509.427,0.0509387
1035.25,0.103507
1062.06,0.106145
1579.7,0.157892
2198.75,0.219833
851.522,0.0850884
1148.81,0.114852
729.133,0.072907
918.506,0.0918091
1686.6,0.168571
1404.28,0.13918
1440.02,0.143958
2132.14,0.21314
1993.24,0.196152
2201,0.22006
1404.04,0.140335
1165.94,0.116502
760.977,0.0760781
2672.56,0.266848
599.561,0.0599308
1234.25,0.123416
914.716,0.0914654
593.027,0.0592821
29998.9,2.98634
1547.17,0.154609
1582.66,0.158214
2327.21,0.232612
1184.57,0.118447
978.394,0.0978174
3482.33,0.348056
879.824,0.0879573
1206.66,0.120506
1232.56,0.123195
1050.47,0.104558
1121.14,0.112009
5837.05,0.583337
1237.28,0.123491
2349.08,0.234828
1055.43,0.105507
879.361,0.0879314
738.035,0.0737888
652.342,0.0646769
1413.05,0.141251
892.673,0.0890639
1198.7,0.11981
1621.64,0.16212
1256.67,0.125654
733.242,0.0732922
1479.22,0.147139
1085.79,0.108562
920.771,0.0920594
2504.03,0.250255
754.247,0.0754087
2743.36,0.274053
679.929,0.0679888
1385.45,0.13832
2029.96,0.202942
2526.51,0.252601
3731.34,0.372968
2235.86,0.223288
2542.72,0.254124
1755.74,0.175528
5297.01,0.5288
1448.06,0.1448
1105.04,0.110444
1393.05,0.139203
1545.29,0.154492
825.319,0.0824829
1558.83,0.155876
586.776,0.0586601
1523.04,0.152282
1204.29,0.120304
2490.32,0.24891
970.776,0.097062
1357.54,0.135707
1661.86,0.166147
1455.21,0.145305
1218.16,0.12178
1197.1,0.119662
1645.19,0.164385
869.866,0.0869801
906.248,0.0906005
1466.02,0.146581
1190.58,0.119051
1057.63,0.105736
1728.39,0.172734
2365.96,0.236452
1283.84,0.12835
1187.48,0.118183
831.757,0.0831542
9525.7,2.68744
2853.31,0.284611
1366.45,0.136575
2431.36,0.240472
1125.03,0.112474
659.623,0.0659409
2477.49,0.247629
1015.44,0.101488
1435.81,0.14354
1384.89,0.138465
962.325,0.0961952
813.662,0.0811382
994.978,0.0994542
2285.07,0.228387
1247.89,0.124603
1128.29,0.112638
1378.32,0.137806
1039.19,0.10387
2062.11,0.129322
716.15,0.0715916
1241.75,0.124131
716.98,0.0716771
1635.2,0.163163
3544.38,0.353896
1534.98,0.153471
1000.92,0.100077
887.256,0.088698
998.347,0.0997516
1156.1,0.115592
919.702,0.0919258
1091.11,0.109047
1366.04,0.136559
1617.25,0.16171
1523.4,0.152105
684.498,0.0684387
1428.2,0.142716
5288.11,0.526675
1939.96,0.19393
1422.25,0.142199
774.073,0.0773893
1700.82,0.17002
1061.68,0.106047
1190.44,0.11902
1831.81,0.183111
4263.33,0.425976
3350.71,0.334975
991.057,0.0990062
1437.34,0.143641
1995.25,0.199347
1150.56,0.114925
820.405,0.0820065
863.369,0.0862854
1043.9,0.104317
1036.82,0.103667
601.095,0.0600753
824.853,0.0824454
2106.6,0.210534
1077.23,0.10764
2131.11,0.212843
973.025,0.0972554
578.773,0.0578581
931.455,0.0931082
1579.13,0.157696
1266.82,0.126659
1061.94,0.106155
1363.49,0.136221
960.211,0.0959223
1945.63,0.194524
838.234,0.083771
1426.88,0.14263
807.109,0.0807055
501.641,0.0501356
1126.08,0.112606
829.452,0.0829228
857.973,0.0857728
3936.14,0.393308
1441.81,0.144153
1726.48,0.172545
1561.68,0.156026
2862.09,0.284995
1565.37,0.156491
1234.31,0.123341
483.002,0.0482916
1782.32,0.178147
1026.3,0.103636
8729.08,0.870596
5021.94,0.501995
2033.95,0.203309
6831.4,4.6411
856.642,0.0855925
1025.68,0.10241
1907.47,0.190637
1857.9,0.185714
4092.14,0.408891
1265.71,0.126518
1444.25,0.144335
1487.19,0.148687
1462.87,0.14606
3643.62,0.364262
1161.01,0.116031
5049.27,0.504411
1365.46,0.136298
1837.53,0.183588
1752.61,0.175226
534.802,0.0534607
1745.38,0.174495
1327.58,0.132431
678.923,0.0677999
8614.47,0.86003
1125.2,0.112499
1357.09,0.13565
707.176,0.0706764
2466.25,0.246125
1163.79,0.116242
1661.73,0.166148
2642.56,0.263967
729.598,0.0729115
1864.76,0.186141
973.03,0.097291
1952.58,0.195208
1702.98,0.170276
1374.1,0.137346
1801.36,0.180105
689.032,0.0688855
871.006,0.139351
1258.05,0.125756
1419.21,0.141881
2457.6,0.245387
804.014,0.0803942
1094.39,0.109419
2010.3,0.200781
1511.86,0.151115
1609.36,0.160845
778.77,0.0778624
838.635,0.0838423
563.074,0.0562962
4384.43,0.438106
691.28,0.0691065
2781.53,0.277883
780.06,0.0778428
1228.62,0.122822
1751.48,0.17513
2482.76,0.248233
578.141,0.0577923
966.39,0.0966336
980.915,0.098069
1021.14,0.102102
885.029,0.088488
627.757,0.0648533
1231.7,0.122938
778.992,0.0778813
908.252,0.0908009
1189.53,0.118827
848.919,0.0848778
1604.94,0.16043
1290.87,0.128896
1298.47,0.129572
714.032,0.0713972
5125.68,0.512162
2010.13,0.20091
2451.78,0.245135
1737.54,0.173522
1122.95,0.112277
1548.08,0.154792
5425.17,0.540625
985.568,0.0985342
1696.1,0.169475
1238.24,0.123808
2204.57,0.220401
748.908,0.0747867
3764.65,0.376174
2173.9,0.217026
1654.06,0.165239
1358.13,0.135725
3456.16,0.345336
2861.15,0.286062
559.938,0.05599
965.763,0.0965548
1373.53,0.137256
912.796,0.091124
3962.78,0.395923
1926.09,0.192314
1321.25,0.132067
2722.4,0.27194
1332.34,0.133211
1120.42,0.112014
1889.3,0.188798
2058.36,0.204217
916.153,0.0916109
1650.92,0.165068
2185.68,0.21828
1132.86,0.11327
3087.54,0.308526
2584.22,0.258252
1499.71,0.149824
729.107,0.0728833
868.459,0.0868281
1245.6,0.124531
924.787,0.0924748
2177.18,0.217619
1799.02,0.179803
993.902,0.0993079
2045.72,0.204509
1200.02,0.108922
1397.47,0.139698
1346.82,0.134663
4372.04,0.436849
1280.04,0.127967
1227.51,0.122711
4042.94,0.40391
2683.39,0.268227
3008.65,0.300573
1427.35,0.142695
1097.89,0.109784
2056.94,0.205655
946.198,0.0946062
2186.44,0.218597
1208.15,0.120779
1219.11,0.121837
2391.32,0.239055
2384.26,0.238274
275.087,0.0275003
2045.17,0.204378
3178.01,0.317666
1135.65,0.113429
843.967,0.0770726
723.317,0.0722279
1939.84,0.193933
7937.89,0.793121
1611.91,0.16102
822.338,0.0822216
1692.64,0.1692
1307.77,0.130513
2529.35,0.25256
1205.78,0.120385
1351.45,0.135069
1280.88,0.127348
1378.1,0.13758
956.808,0.0956714
1291.87,0.129134
1466.65,0.146572
1001.81,0.100174
978.284,0.0978158
1017.88,0.10176
1523.78,0.152147
1072.5,0.107184
1805.82,0.180482
1959.62,0.195844
1822.9,0.181994
3947.06,0.394016
805.999,0.0803993
1463.79,0.146354
1606.25,0.160599
1002.79,0.100228
1432.51,0.143238
1077.6,0.107613
3619.38,0.361563
1401.72,0.140114
1347.31,0.134709
6349.47,0.634646
1832.61,0.183246
1614.9,0.161444
845.427,0.0845342
1050.11,0.105004
1437.84,0.14367
1150.73,0.114976
819.776,0.081975
1286.09,0.128527
625.533,0.0625502
1002.13,0.100197
1624.9,0.161753
861.888,0.085959
14700.2,1.46598
1823.43,0.182008
1205,0.120425
926.511,0.0926029
1064.04,0.106341
849.615,0.0849277
1317.33,0.131658
1119.61,0.111948
1395.97,0.139526
1646.83,0.16463
1366.08,0.135953
609.143,0.0609011
2402.38,0.240128
15275.5,1.52618
844.182,0.0843861
709.201,0.070822
1521.2,0.151382
5823.34,0.581712
1543.77,0.154349
1795.73,0.179541
4768.51,0.476232
1041.09,0.104059
1612.51,0.16027
1084.16,0.108367
1337.62,0.133753
1210.7,0.121027
988.29,0.0987602
1469.83,0.146964
1510.12,0.150916
3151.69,0.315033
1404.27,0.140414
2010.71,0.20106
2248.02,0.224747
618.05,0.0617884
1298.08,0.129796
2232.47,0.222997
1424,0.142319
1649.06,0.164857
1843.99,0.184362
1178.7,0.117839
669.423,0.0669397
1604.91,0.15886
1252.41,0.125207
1014.61,0.101451
941.085,0.093349
953.662,0.0952522
1163.75,0.11589
1513.34,0.151323
1487.94,0.148685
1505.69,0.150372
1101.52,0.110128
2320.49,0.232023
959.747,0.0959694
1534.57,0.15344
1304.77,0.13043
1126.8,0.112645
1907.71,0.190755
2307.69,0.230732
2853.81,0.284656
5941.5,0.593825
1409.92,0.140976
1663.4,0.166254
1238.38,0.123822
1311.96,0.131192
1186.42,0.118441
1056.49,0.105502
626.314,0.0626264
1668.85,0.166758
1251.63,0.125131
1040.64,0.104038
966.399,0.0965722
1220.83,0.121954
1726.23,0.172493
1410.15,0.140996
1240.33,0.124026
1494.39,0.149419
1809.32,0.18082
1280.51,0.127931
1470.09,0.146963
1233.17,0.123266
3111.24,0.311086
1866.81,0.18648
2692.26,0.269069
2261.11,0.226005
1586.76,0.15861
891.661,0.0891602
2716.59,0.271459
3906.21,0.390305
2447.23,0.244687
1015.29,0.101446
1140.72,0.11298
575.932,0.0575214
1099.89,0.109931
576.539,0.0576509
5495.49,0.549009
1575.58,0.157522
750.462,0.075043
4098.06,0.409447
3601.03,0.359875
1235.34,0.123285
1649.36,0.164894
3683.31,0.367539
1161.03,0.116096
2130.5,0.212537
739.762,0.0739399
845.775,0.0845432
8009.4,0.799786
2180.58,0.217987
929.387,0.0928347
1267.71,0.126665
1315.27,0.131519
3662.88,0.363688
1152.48,0.115128
966.469,0.0966308
1021.83,0.102075
1049.08,0.104865
1667.39,0.16663
2540.47,0.253918
1799.69,0.179959
1004.52,0.100168
2192,0.219192
1061.6,0.106152
2178.71,0.206676
1032.21,0.103173
916.678,0.0916522
988.617,0.0987913
2130.01,0.212882
1094.91,0.109298
1217.33,0.121722
1180.3,0.117999
783.211,0.0782706
1332.41,0.133181
778.867,0.077876
2991.27,0.29902
1218.21,0.121702
596.349,0.0596196
1244.01,0.124354
1088.1,0.108803
1974.93,0.197426
567.012,0.0566844
2018.2,0.201455
1465.58,0.146549
5261.93,0.525444
1806.18,0.180556
838.66,0.0838501
2170.88,0.217053
1064.35,0.106407
2156.71,0.214786
3184.39,0.318283
2954.67,0.295396
5165.36,5.71598
715.748,0.0715563
699.373,0.069928
1603.95,0.1603
860.029,0.0859893
694.102,0.0691637
1046.16,0.104604
1952.06,0.194891
1342.91,0.134237
883.865,0.0883675
811.935,0.0811733
1031.48,0.103117
603.415,0.0602902
885.408,0.0885174
720.975,0.0720822
1457.42,0.145658
1411.91,0.14108
895.99,0.0895755
1084.2,0.108358
1139.15,0.113887
462.353,0.0462227
863.163,0.0863122
2363.32,0.236233
1593.46,0.15931
1136.03,0.113482
710.701,0.0710435
836.291,0.0835044
1539.56,0.153779
1223.74,0.122348
1341.06,0.134086
1303.19,0.13029
927.01,0.0925657
883.117,0.088251
1003.7,0.100133
1024.24,0.102395
913.811,0.0913683
1604.69,0.160142
2043.41,0.203979
1743.3,0.174286
1039.67,0.103961
922.46,0.0922223
2558.75,0.255316
1951.15,0.195077
2899.48,0.288976
1488.05,0.148721
1047.78,0.104679
2396.8,0.239473
1893.59,0.186055
2469.05,0.246884
1519.53,0.151736
960.075,0.0959813
2807.19,0.280622
3583.35,0.357308
2387.71,0.238536
1047.78,0.10473
2669.57,0.26671
3358.48,0.33508
3530.84,0.352725
1699.01,0.169887
451.582,0.0451299
6604.15,0.657188
1124.31,0.112327
666.551,0.0666499
1292.21,0.129197
1342.34,0.133936
1092.64,0.109257
3772.27,0.37713
982.322,0.0981116
946.25,0.0946135
1872.67,0.187226
1122.7,0.112257
1513.54,0.151309
827.51,0.0827431
636.521,0.0636467
1227.8,0.122768
786.892,0.078648
1668.85,0.166851
1761.23,0.176062
4597.56,0.458933
1079.03,0.107826
1026.78,0.10261
2077.15,0.207667
1338.5,0.133825
869.042,0.0868417
2244.63,0.22426
896.796,0.0896548
1484.86,0.148314
540.798,0.0540296
865.507,0.0865448
2519.96,0.251919
836.329,0.0835745
1646.21,0.1646
707.921,0.0707866
746.745,0.0745849
1716.66,0.171643
1063.76,0.106327
1039.52,0.103548
4412.55,0.440019
1056.86,0.105666
2006.15,0.200518
2475.53,0.246422
1154.44,0.115246
1104.28,0.11038
913.667,0.0913194
1916.09,0.191504
1605.12,0.160487
772.543,0.0772199
1203.86,0.120159
3478.67,0.347816
906.498,0.0906222
920.259,0.0920076
1709.25,0.170903
4080.88,0.407826
996.117,0.0995017
1363.72,0.136332
3229.48,0.322313
1339.26,0.133906
1587.47,0.158728
1704.08,0.170207
577.679,0.0574523
927.681,0.0927516
1436.7,0.143365
2331.57,0.231888
1781.82,0.177463
7862,0.785637
793.482,0.0792804
689.118,0.0688767
1760.58,0.175939
1407.39,0.14068
1729.6,0.172891
759.812,0.0759606
989.667,0.0989345
806.975,0.0802843
1959.22,0.195891
3005.23,0.300399
2906.4,0.285481
1570.85,0.156948
743.761,0.0743328
818.566,0.0817415
1458.43,0.145822
1366.17,0.13659
1353.91,0.135372
1117.87,0.111763
1023.91,0.102377
1417.79,0.141741
1573.73,0.157317
2027.39,0.202723
748.615,0.0748557
4644.26,0.464191
871.006,0.0870958
1051.5,0.105108
930.645,0.0929769
1557.3,0.155656
2206.15,0.220518
1081.79,0.108145
2203.21,0.220142
753.695,0.0753576
2241.94,0.223899
886.926,0.0886747
1743.59,0.174189
1071.35,0.107115
6240.28,5.5248
864.638,0.0864512
1211.31,0.121
1209.9,0.120944
787.869,0.0787718
1176.14,0.117557
780.845,0.0780758
1816.93,0.181657
977.103,0.0977054
962.585,0.0962253
1657.33,0.16572
1251.98,0.125158
1776.41,0.177268
1668.26,0.166736
1208.02,0.120702
1172.87,0.117218
1110.32,0.110961
3293.38,0.328929
1000.93,0.0999854
1770.14,0.176983
918.746,0.0918486
886.212,0.0884535
821.96,0.0821499
851.467,0.0851277
771.941,0.0771758
1234.76,0.123467
845.962,0.0845802
859.741,0.085962
1166.1,0.116547
1318.32,0.131766
1121.27,0.112106
1665.07,0.166392
1075.35,0.107519
2671.86,0.267095
960.82,0.0960002
1262.36,0.126214
1029.02,0.1028
783.876,0.0783832
1467.87,0.146607
881.621,0.0881493
946.202,0.0946171
948.291,0.0948253
2660.75,0.266005
1226.53,0.122624
744.298,0.0744273
1883.59,0.188345
2063.09,0.20601
1658.03,0.165769
1112.83,0.11058
1349.82,0.134751
611.959,0.0611645
756.289,0.075587
1273.45,0.127279
5471.16,0.546641
825.459,0.0825159
962.32,0.0960916
1204.58,0.12036
1146.55,0.114628
1351.81,0.134712
1070.32,0.107021
599.99,0.0599676
1235.59,0.123552
979.757,0.0979586
855.764,0.0855682
1036.38,0.103632
1211.84,0.121036
650.633,0.0648821
1245.92,0.124551
1269.14,0.12689
1110.53,0.111023
1013.54,0.101338
2857.95,0.285726
1157.47,0.115739
1201.48,0.120058
977.138,0.0976821
1909.47,0.190661
1508.11,0.150782
1148.71,0.11484
1053.48,0.105168
1324.58,0.132402
1196.17,0.119553
2501.66,0.250132
1538.34,0.153734
1308.97,0.130738
1438.18,0.143758
1689.93,0.168886
1191.13,0.11911
735.145,0.0734635
943.715,0.0942111
1006.94,0.100674
2645.83,0.26413
1041.73,0.104155
2576.37,0.257461
1414.37,0.141384
1736.75,0.173495
1075.43,0.107529
932.914,0.0932831
5891.57,0.588643
4274.41,0.426858
10275.8,1.02483
1141.89,0.114156
1743.95,0.174348
1509.64,0.150833
1004.94,0.100482
9420.98,0.93995
1372.37,0.137201
1361.36,0.136099
1306.33,0.130617
999.469,0.0998799
960.81,0.0960543
1353.22,0.134994
921.44,0.0920715
7157.3,0.713838
2283.24,0.228288
3525.39,0.351996
1662.09,0.165721
1289.26,0.128772
4186.42,0.416853
1097.46,0.10972
1808.61,0.180825
891.264,0.0891065
942.433,0.0941263
1748.7,0.174849
798.563,0.0798482
1420.63,0.141958
1090.19,0.108998
3784.44,0.377094
1909.35,0.19088
1051.78,0.105141
1319.45,0.131814
1125.25,0.112508
2031.18,0.203082
2408.1,0.240722
943.501,0.0943031
950.087,0.0949416
746.945,0.0746222
1340.57,0.133993
9683.18,0.966878
19368.2,3.61056
881.289,0.0881243
2305.96,0.229865
951.811,0.0951433
2009.9,0.200612
1097.35,0.109726
2082.87,0.208199
3218.03,0.321634
734.788,0.073467
1048.11,0.104679
812.205,0.0812147
2602.28,0.260139
742.117,0.0741658
1331.32,0.133113
1269.33,0.126921
1101.84,0.110117
1192.4,0.119132
1324.79,0.132459
743.871,0.0743639
13756.4,1.36962
2081.89,0.208135
10293.6,1.02788
9049.89,0.892809
5159.71,0.515548
2454.53,0.245363
1477.41,0.147674
858.966,0.0858761
687.01,0.0684151
1830.08,0.181744
7843.63,0.782502
2682.66,0.268182
2143.01,0.214108
1206.04,0.120566
1007.75,0.100766
833.143,0.0833057
1707.29,0.170606
1080.92,0.108072
2968.58,0.296767
1004.82,0.10047
1410.99,0.140934
1236.6,0.122964
1224.71,0.122443
1360.56,0.135902
1761.49,0.228415
1298.23,0.129794
924.378,0.0924347
1135.79,0.113568
1213.18,0.121292
1044.37,0.104402
1353.9,0.135143
3424.21,0.342269
1292.43,0.129161
971.42,0.0970917
1336.42,0.133617
916.636,0.091574
3087.72,0.30857
728.152,0.0728036
2707.93,0.269759
766.126,0.076583
1285.43,0.128506
777.224,0.0768729
1423.97,0.142375
1112.3,0.111217
1905.36,0.190425
622.805,0.0622721
925.827,0.0925442
1828.99,0.181235
1336.76,0.133648
1314.82,0.131366
8908.07,0.886979
1427.16,0.142657
1383.51,0.13834
901.777,0.0900807
1049.2,0.104864
1980.95,0.198064
1800.98,0.179983
1074.84,0.107467
2336.76,0.233542
801.246,0.0800403
1353.16,0.135189
1318.98,0.131846
985.886,0.0985829
2341.03,0.234058
780.2,0.0778705
3394.91,0.339076
1241.55,0.123995
2995.59,0.299273
1549.96,0.154798
5708.55,0.569751
1032.65,0.103208
1328.08,0.132705
1299.93,0.129837
742.905,0.0742822
1001.52,0.100136
749.093,0.0748233
1497.87,0.149774
1385.42,0.138534
1162.09,0.116196
2488.09,0.248789
2061.9,0.206163
759.678,0.0759595
4764.67,0.474893
1187.7,0.118729
964.199,0.0963724
2029.58,0.202893
1135.65,0.113562
689.837,0.0689462
3645.5,0.364271
1459.96,0.145929
430.92,0.0430829
844.051,0.0843736
507.35,0.050715
1377.21,0.137584
2624.59,0.262094
1457.37,0.145682
1694.46,0.169429
869.071,0.0868944
639.074,0.0639023
1980.9,0.198071
1507.52,0.150353
2835.1,0.282998
800.203,0.0799513
1132.27,0.113201
2656.85,0.264584
1271.9,0.127143
870.333,0.0866154
1768.72,0.176831
1526.58,0.150842
1333.58,0.1333
802.115,0.0799117
917.82,0.0917735
610.231,0.0609766
2285.16,0.228396
839.191,0.0838494
2220.12,0.221807
2086.32,0.208538
780.108,0.0779699
859.128,0.085769
1841.61,0.184148
917.121,0.0916888
2121.83,0.212057
3986.95,0.398437
701.726,0.0701571
1559.37,0.155914
1151,0.114938
996.952,0.099634
907.851,0.0907834
822.042,0.0820385
1955.04,0.195286
743.317,0.0743216
1303.49,0.130294
1469.96,0.146893
601.063,0.0601051
998.663,0.0998398
1152.5,0.115039
2288.34,0.228799
575.796,0.0575625
1007.92,0.100788
894.989,0.0894865
1336.92,0.133632
709.25,0.0709082
2042.67,0.204217
1160.07,0.115864
633.093,0.0632643
1820.76,0.181943
1061.36,0.106104
606.611,0.0606491
2048.55,0.204635
4062.9,0.406213
1122.65,0.112248
1796.39,0.179551
2201.84,0.220119
962.088,0.0961695
1676.92,0.167629
742.853,0.0742496
5300.33,0.528109
656.753,0.0656558
5112.66,0.509543
570.424,0.0569967
1357.3,0.135613
631.845,0.0631461
1538.65,0.153645
2641.83,0.263706
1895.72,0.189431
1311.55,0.131114
1099.77,0.109968
606.151,0.0606125
967.107,0.0964924
2630.75,0.262598
3062.29,0.306003
2219.63,0.221936
693.612,0.0693555
782.972,0.0782203
989.438,0.0989086
1057.85,0.105501
9388.94,1.5601
466.855,0.0466814
783.193,0.0782969
2315.65,0.229582
1981.01,0.197927
1173.18,0.117282
1314.92,0.131432
2129.31,0.21262
4171.43,0.416391
5600.56,0.559775
2956.52,0.295364
741.451,0.0741172
1384.97,0.138383
969.333,0.0968572
911.71,0.0911623
1988.04,0.198735
2998.94,0.299818
1525.21,0.152429
1635.71,0.163551
967.729,0.096768
2944.84,0.294268
1885.3,0.188505
809.598,0.0809413
938.276,0.0935642
806.989,0.0806813
1862.03,0.186032
997.764,0.0997033
1324.35,0.132418
800.014,0.0799684
1083.5,0.10822
758.981,0.0758711
1580.98,0.15804
817.821,0.0817558
1324.68,0.132449
1669.63,0.166677
692.833,0.0692209
1170.27,0.116996
6890,0.684756
9812.37,0.974502
1348.17,0.13479
1332.31,0.133071
1864.21,0.186279
1028.29,0.102777
1232.63,0.122902
944.036,0.0942746
905.855,0.0905705
1493.08,0.149225
3333.87,0.329892
798.572,0.0798032
1268.62,0.126647
920.616,0.0919569
1512.28,0.151179
1343.64,0.13424
1682.27,0.168202
1630.34,0.16299
668.544,0.0665351
2911.53,0.291005
2642.01,0.26384
1004.11,0.1004
3095.04,0.309367
1137.9,0.113537
698.429,0.0698285
948.611,0.094817
1375.34,0.137514
1309.92,0.130967
1313.42,0.13121
1049.37,0.104922
795.616,0.0795097
1401.21,0.139771
4918.11,0.49161
1195.24,0.119484
756.562,0.07561
1472.83,0.147266
841.81,0.0841719
1597.29,0.159699
1613.73,0.161322
1891.19,0.189078
1479.11,0.147879
2078.24,0.20766
1191.57,0.119107
1979.14,0.197771
1197.69,0.119737
773.171,0.0773151
1232.05,0.123189
924.131,0.0923906
884.069,0.0883893
1604.36,0.160001
1764.13,0.176105
1910.24,0.190992
17954,1.7927
1215.47,0.12152
2006.13,0.200552
1863.71,0.186317
740.805,0.0740608
1125.74,0.112533
1161.68,0.116096
1132.3,0.113213
1009.93,0.100949
21387.2,2.12322
2956.38,0.295415
1050.56,0.105019
1164.25,0.116327
968.933,0.0968181
953.764,0.0953399
2140.59,0.21373
737.084,0.0736615
918.801,0.0918752
985.891,0.0985524
1534.16,0.15335
1965.65,0.196509
813.804,0.0813359
631.798,0.0631683
1598.28,0.15981
1046.26,0.104615
1051.2,0.105089
1027.88,0.102747
1233.23,0.123163
1073.7,0.107362
1129.94,0.112939
774.868,0.0774745
2528.45,0.251189
1467.75,0.146532
949.144,0.0948897
963.29,0.0962668
625.925,0.0625821
3201.92,0.3199
2288.04,0.228717
916.294,0.0916251
1222.3,0.122014
1848.03,0.184533
1199.19,0.119654
890.65,0.0885447
800.988,0.0800906
823.929,0.082391
773.092,0.0765275
904.229,0.0904145
1967.75,0.19648
868.851,0.0868691
3401.15,0.339801
734.354,0.0734328
2737.4,0.27349
1109.29,0.110921
1795.95,0.17901
1098.52,0.109792
7388.35,0.737485
836.932,0.0836664
1865.35,0.186471
1849.08,0.184646
4222.58,0.421389
1104.16,0.110399
1949.87,0.194929
983.539,0.0983139
1006.12,0.100599
1839.48,0.183885
808.847,0.0808597
2435.69,0.243152
964.784,0.0964246
961.229,0.0960937
9516.53,0.933882
827.374,0.0827039
4921.19,0.491513
884.376,0.0884239
741.642,0.0740469
1217.06,0.12156
1517.05,0.151651
3396.66,0.338558
1053.51,0.105109
1195.45,0.119527
1033.04,0.103299
866.106,0.0865421
1963.63,0.19634
1921.44,0.192012
1728.46,0.172782
2029.48,0.202378
1563.14,0.156266
2533.04,0.253256
2017.34,0.201722
1572.68,0.15726
16937.2,1.68602
1143.46,0.114313
632.022,0.063106
679.929,0.0679846
1260.51,0.125912
3294.19,0.329051
1160.89,0.115858
562.62,0.056235
2218.78,0.2218
5756.12,0.575048
1375.09,0.13732
1919.09,0.191806
607.277,0.0606955
956.198,0.0956008
988.288,0.0986867
1799.99,0.179979
640.059,0.0639947
1090.52,0.109033
1900.93,0.189943
995.447,0.0995402
2509.86,0.250793
7147.56,0.713068
990.823,0.0990749
1692.37,0.168837
1250.42,0.126784
1092.83,0.109245
893.214,0.0893172
2101.1,0.209656
1410.18,0.141008
26286.2,2.75555
1273.43,0.127338
1959.64,0.195795
673.268,0.06718
1701.38,0.169915
883.617,0.0883588
1200.74,0.120046
1606.38,0.160558
1220.61,0.122033
1641.34,0.164104
1307.97,0.130791
1229.61,0.122946
974.407,0.0974186
1320.73,0.132058
691.283,0.0691194
1639.81,0.163955
1383.01,0.138266
1008.77,0.100773
1428.56,0.142814
934.036,0.0933249
726.016,0.0725237
2650.75,0.264568
2086.75,0.208523
1816.1,0.181588
1581.47,0.158128
1277.65,0.127758
1265.41,0.126489
6908,0.68854
942.243,0.0940908
961.126,0.0961092
1082.32,0.108183
2415.49,0.24107
941.331,0.0941029
5532.23,0.551399
2505.35,0.250339
1418.54,0.141832
1336.85,0.133245
834.061,0.0833649
853.469,0.085329
1559.09,0.155809
2306.73,0.230525
1510.07,0.150799
1105.5,0.11048
1008.03,0.10067
935.988,0.0935573
1235.31,0.123191
1262.17,0.126163
1481.73,0.151074
865.53,0.0865042
814.47,0.0814403
1095.82,0.109578
811.48,0.0810569
1279.66,0.127958
1137.66,0.113758
1283.69,0.128356
1953.86,0.195352
1191.43,0.119118
1485.81,0.148195
1734.03,0.173276
1241.61,0.124143
2497.87,0.249718
1245.75,0.124564
9065.35,4.49562
5181.94,0.516989
942.24,0.0941786
1477.05,0.147692
1077.28,0.10707
1207.23,0.120702
4518.59,0.451743
2114.08,0.182725
907.455,0.0907281
740.673,0.0740409
722.994,0.072285
3420.19,0.340589
808.226,0.0808103
1228.76,0.122804
1609.24,0.160907
2318.48,0.231748
1144.49,0.114406
3127.5,0.312491
1275.88,0.127571
1534.94,0.15338
1259.43,0.125878
1385.78,0.138504
1516.41,0.151591
1404.82,0.140425
1450.68,0.14453
1893.82,0.189338
1989.71,0.198818
968.047,0.0967915
884.146,0.0883679
1214.57,0.121386
1026.68,0.102666
1441.75,0.144068
1651.25,0.165085
3499,0.349272
2067.5,0.206707
830.257,0.0830244
1129.63,0.112929
1176.26,0.117508
1129.43,0.112817
1027.46,0.102721
2429.02,0.24246
1301.92,0.130125
1072.65,0.107258
4963.8,0.496041
2052.73,0.20445
1152.3,0.115219
11901.6,1.18705
1364.22,0.136324
1054.03,0.105246
1930.13,0.18823
810.842,0.0810112
817.965,0.0817719
1151.54,0.114957
1284.01,0.128334
1025.45,0.102493
725.644,0.0725566
1248.82,0.124857
1302.03,0.130194
2725.7,0.2723
1511.66,0.150941
962.399,0.096238
719.268,0.0719147
2408.6,0.240733
1102.43,0.11023
1782.44,0.17822
995.384,0.0995145
1383.59,0.138294
1976.23,0.197539
986.746,0.0986291
1819.02,0.18188
817.742,0.0817081
875.092,0.0874923
1088.03,0.10873
1203.84,0.120313
1076.07,0.107549
2348.63,0.234687
1612.4,0.160575
1251.11,0.125094
935.326,0.0935292
1798.37,0.179777
679.15,0.0678475
978.888,0.0978814
1347.07,0.134591
2748.74,0.274296
803.322,0.0801378
962.525,0.0961908
1223.55,0.12232
970.525,0.0970213
1710.48,0.170978
1379.81,0.137941
1251.48,0.125131
1336.65,0.1336
1303.47,0.13008
1273.82,0.127329
908.659,0.0908024
893.443,0.0892844
1327.54,0.132744
722.511,0.072119
3938.98,0.39384
770.088,0.0769464
716.636,0.0716514
2481.49,0.248101
1096.49,0.109516
886.875,0.0886009
2621.47,0.262108
869.749,0.0869629
1014.53,0.101358
933.369,0.0933239
670.036,0.0669168
1669.42,0.166902
1050.11,0.104973
967.376,0.0967305
1895.71,0.189486
1399.69,0.139324
765.183,0.0764407
1288.85,0.128837
1044.82,0.104478
824.074,0.082399
569.173,0.056915
781.91,0.0781274
1581.14,0.15779
1040.28,0.103997
1217.37,0.121729
939.303,0.0938817
1355.76,0.135238
1843.16,0.184271
1248.4,0.124346
1037.83,0.103535
726.544,0.0726429
1333.69,0.133325
1357.74,0.135565
3692.54,0.368202
1365.15,0.136473
1277.2,0.127688
2568,0.256383
678.385,0.0678172
5368.24,0.536046
2436.37,0.243593
1426.21,0.142501
1406.56,0.140472
2049.22,0.204824
641.983,0.0640295
1890.03,0.188935
798.102,0.0798
2451.99,0.245076
1388.25,0.138749
668.613,0.0668399
1449.82,0.144795
4102.75,0.410143
2492.66,0.248996
1016.81,0.101626
1083.48,0.108148
786.25,0.0785773
2045.18,0.204091
1110.28,0.111002
875.402,0.0875253
1046.06,0.104587
896.812,0.0896393
812.999,0.0812709
613.975,0.0612829
1870.75,0.187051
1142.63,0.114242
1376.89,0.137623
1306.67,0.130586
1044.33,0.104359
1347.65,0.134701
1033.18,0.103247
4490.54,0.448826
2630.89,0.26262
1145.33,0.114485
1639.38,0.163911
2145.87,0.214133
564.09,0.0563896
11565.5,1.15568
1223.16,0.122029
847.204,0.0847032
812.567,0.0811789
828.461,0.0828397
738.427,0.0735456
706.656,0.0706398
1636.67,0.163641
1554.05,0.155199
2148.34,0.214757
902.178,0.0901876
2252.56,0.22513
2336.15,0.233523
1049.6,0.104723
1015.82,0.101482
1008.8,0.100757
757.352,0.0757273
1733.33,0.173314
3552.67,0.355093
906.365,0.0906326
1411.28,0.141096
1179.81,0.117924
1072.61,0.107258
2022.69,0.202111
970.799,0.0970556
1624.76,0.162407
808.903,0.0808478
785.292,0.0784648
1087.58,0.108594
2417.77,0.241754
1269.23,0.126909
1177.48,0.117699
4066.16,0.406172
1530.31,0.152977
1057.72,0.105757
3164.86,0.316103
693.879,0.0693845
895.233,0.0895113
2162.91,0.215978
1704.91,0.17035
1209.85,0.120947
1681.15,0.168018
905.655,0.0905145
2237.44,0.223704
1305.69,0.130546
1597,0.159681
1625.74,0.162539
883.972,0.0882934
483.156,0.0482704
1323.27,0.132283
1016.43,0.101547
1152.99,0.115049
1369.47,0.136746
1169.95,0.116966
660.456,0.0660317
626.193,0.0625911
1119.61,0.111883
1701.79,0.170101
2269.51,0.226698
1460.62,0.146014
914.488,0.0914389
830.217,0.0830017
1340.25,0.13379
954.902,0.0954745
1217.61,0.121734
551.939,0.0551742
1373.35,0.137303
1313.7,0.131288
2733.55,0.273105
1250.64,0.125022
787.19,0.0787131
1710.8,0.171051
2072.37,0.207096
777.757,0.0777587
919.071,0.0919041
922.979,0.0921297
2404.95,0.240466
1064.47,0.106377
1135.37,0.113522
3341.74,0.333557
14687.7,1.4655
7572.6,0.755467
695.1,0.0695055
3408.51,0.340278
1334.66,0.133166
836.763,0.08363
876.971,0.0876927
788.793,0.0788613
1153.53,0.115307
793.205,0.0792996
1099.37,0.109921
1166.63,0.116586
949.559,0.0949495
1685.84,0.168457
739.793,0.0739734
697.203,0.0697033
1785.52,0.178498
2320.03,0.231865
1258.5,0.125802
1115.6,0.111555
1185.11,0.118474
783.547,0.0783484
776.027,0.0775761
917.127,0.0916496
1265.07,0.126493
629.735,0.0629671
729.368,0.0729301
2169.9,0.216976
1377.87,0.137731
872.428,0.0872237
752.993,0.0752396
1148.57,0.113682
1650.3,0.164974
1171.91,0.117151
1593,0.159245
1719.15,0.171868
1677.24,0.167659
1488.43,0.148468
1634.48,0.163381
1321.54,0.132133
1005.94,0.10058
20096.9,2.00359
1226.11,0.122583
1020.48,0.101843
1749.99,0.173731
1034.36,0.103368
2223.19,0.222213
2310.73,0.230901
1538.88,0.153859
2425.37,0.242507
1787.24,0.178188
1091.9,0.108934
1205.41,0.120528
1718.29,0.169235
3987.7,0.398621
1001.27,0.0991462
1753.18,0.175249
827.277,0.0827198
1132.27,0.113218
1322.73,0.132214
2263.25,0.225059
890.86,0.0890817
1431.57,0.143134
936.718,0.0936695
1273.59,0.127335
1720.35,0.171992
1185.86,0.118541
966.29,0.096613
838.429,0.083768
7479.17,0.747331
1095.14,0.109438
2375.23,0.237445
3960.2,0.395438
1260.12,0.125978
1435.08,0.143395
3358.04,0.335747
2049.36,0.204786
1126.31,0.112275
1132.7,0.113257
4175.34,0.417079
1102.08,0.110188
3088.43,0.308518
872.775,0.0872011
1643.09,0.164212
608.388,0.0608352
2010.61,0.200853
1666.23,0.166465
2241.05,0.223925
1479.58,0.147917
1568.32,0.156758
1915.66,0.191347
3236.28,0.32358
876.089,0.087565
7645.33,0.763475
829.031,0.0827015
1119.31,0.11192
3428.94,0.342462
476.444,0.0476308
6190.52,0.617843
1278.25,0.12778
732.509,0.0731708
754.83,0.0754681
1014.78,0.101463
1198.98,0.119788
1799.14,0.179862
897.639,0.0897608
990.807,0.0990651
1178.14,0.117794
967.707,0.0967313
2216.32,0.221584
2986.15,0.28894
924.771,0.0924697
544.765,0.0544168
966.172,0.096599
1383.3,0.138305
1199.04,0.11987
3523.69,0.351906
1867.08,0.186604
1629.84,0.162918
1123.07,0.112284
806.58,0.0806469
1803.49,0.180295
916.72,0.0915771
711.721,0.0711488
605.656,0.0605571
693.165,0.0692389
3685.45,0.368443
1260.26,0.125909
1061.11,0.106096
2884.53,0.28831
1083.77,0.108296
1728.86,0.172755
1312.07,0.131199
957.442,0.0957147
1205.16,0.120083
22807.6,2.27479
1104.61,0.110453
1486.97,0.148265
1339.05,0.133862
2303.7,0.230233
1116.55,0.111625
2628.52,0.262618
1151.07,0.114987
1895.44,0.189429
1306.87,0.13056
917.483,0.0916909
1453.41,0.145239
1069.05,0.106901
1275.08,0.127364
860.668,0.0859106
1185.77,0.118375
731.253,0.0730925
955.504,0.0954681
1110.18,0.110828
20776.6,2.07257
783.873,0.0783839
1693.58,0.169281
1089.77,0.105043
1074.6,0.107264
2168.11,0.216784
1929.34,0.19283
2783.71,0.278186
2831.14,0.282953
1040.79,0.10404
1114.05,0.111357
983.07,0.0982286
1242.37,0.12407
935.445,0.0934763
777.679,0.0773628
1061.01,0.105941
5861.95,0.585948
810.222,0.0810049
1541.05,0.154032
3096.55,0.309335
1143.72,0.114324
1105.64,0.110536
1735.81,0.172838
821.011,0.0820382
4564.78,0.456338
1467.77,0.146671
886.356,0.0886197
2253.98,0.22537
1703.69,0.170126
1819.07,0.181665
826.607,0.0826302
947.106,0.0946142
896.872,0.0895887
2277.25,0.227686
836.731,0.0834682
998.04,0.0997895
1245.28,0.124495
1128.55,0.112799
772.948,0.0772833
1016.04,0.101438
869.916,0.0869895
1015.56,0.10154
936.159,0.093573
1035.2,0.103463
1817.74,0.181529
736.162,0.0735422
575.287,0.0575192
2104.29,0.210366
1369.37,0.136928
1728.57,0.172828
1257.74,0.125715
1913.24,0.191268
1233.81,0.123263
1182.79,0.118258
1376.98,0.137671
2720.63,0.271357
1619.03,0.16178
1949.68,0.194882
2115.81,0.211393
1139.26,0.113893
1676.63,0.167483
904.392,0.0904252
2002.69,0.20024
2051.05,0.205019
1194.14,0.119309
4968.82,0.496107
919.297,0.0917709
2101.41,0.210122
1068.08,0.106732
1065.72,0.106556
2260.75,0.225956
2031.69,0.202951
1018.14,0.101787
5897.5,0.589097
1393.62,0.139342
1047.01,0.104342
529.948,0.0529898
1203.14,0.120289
769.91,0.076988
1570.62,0.15699
764.532,0.0758753
10310.8,1.02855
1091.33,0.109119
1405.77,0.140497
1090.72,0.10905
751.516,0.0751102
905.466,0.0905184
905.06,0.0905033
1288.76,0.128824
1318.38,0.131756
1083.79,0.108296
1282.17,0.128076
1792.4,0.179202
1119.66,0.111869
850.802,0.0850545
1020.36,0.10203
1297,0.129688
1655.84,0.162621
1892.22,0.189178
1405.08,0.140501
1870.98,0.186991
1850.81,0.184537
6041.68,0.603893
4538.64,0.452998
4348.62,0.433897
1064.62,0.106432
1305.94,0.130538
1282.43,0.12791
918.113,0.0917897
1570.96,0.156937
1079.36,0.107918
707.354,0.0707103
1372.69,0.137251
1308.59,0.130717
2060.91,0.206047
483.672,0.0483524
1484.24,0.148376
1213.28,0.121177
1197.96,0.119713
914.119,0.0913953
1373.18,0.137118
1388.75,0.138789
917.949,0.0917143
1165.49,0.116535
618.693,0.0618513
631.962,0.063187
1483.15,0.148146
665.564,0.06654
1077.31,0.107681
890.856,0.0890414
1659.19,0.1658
1841.53,0.183642
868.11,0.0867735
923.203,0.0922678
702.195,0.0702129
4187.77,0.418557
924.598,0.0924567
1533.65,0.153353
1858.37,0.175628
1549.58,0.15494
1689,0.168512
1131.3,0.113019
1092.33,0.109137
628.881,0.0628833
1116.08,0.110538
510.507,0.0504992
1354.8,0.135431
5036.57,0.503497
3060.03,0.305605
2534.28,0.252859
824.175,0.0823212
878.631,0.0878444
1171.26,0.117107
1061.12,0.106031
1030.4,0.103033
804.443,0.0804319
2051.83,0.205068
1782.43,0.178188
3307.8,0.330669
1209.44,0.120902
806.237,0.0806117
1295.2,0.129496
683.81,0.0683437
3769.37,0.376321
1022.04,0.102137
1140.28,0.113979
1696.51,0.169598
729.183,0.0728905
1133.57,0.11332
1068.2,0.106807
1134.84,0.113481
1272.85,0.127261
675.818,0.0671214
395.333,0.0394996
756.81,0.0756213
924.073,0.0923745
977.815,0.0977629
1088.15,0.108804
3893.39,0.38915
4503.54,0.449671
1919.71,0.191965
1828.73,0.182813
727.158,0.0726902
844.675,0.0844277
1805.63,0.180514
1299.54,0.129923
1126.92,0.11268
860.891,0.0857287
841.712,0.0839751
3726,0.372034
4520.06,0.451006
4097.16,0.409421
890.618,0.0890562
856.429,0.0854854
1003.82,0.100227
2390.86,0.239045
1798.35,0.179755
869.826,0.0869272
3527.68,0.352172
680.432,0.0680254
5767.07,0.576469
1238.85,0.123875
1779.25,0.177798
2693.53,0.268904
2670.65,0.266976
4813.09,0.480101
1219.51,0.121875
705.662,0.0704892
1526.83,0.15265
1503.57,0.150181
1612.48,0.161234
1741.4,0.174083
1886.85,0.188648
895.561,0.0893643
967.833,0.0967688
2510.08,0.250711
932.791,0.0932628
997.963,0.0997719
709.853,0.0709612
1152.85,0.115252
904.205,0.0903922
768.814,0.0768361
800.477,0.07985
6707.02,0.670472
2020.51,0.202017
4981.46,0.497854
1130.28,0.112932
805.408,0.0805348
2064.78,0.206265
1932.09,0.193192
934.126,0.0933056
1832.08,0.183118
1047.62,0.104736
1053.01,0.105248
725.097,0.0725077
901.565,0.0901475
1504.28,0.149735
1420.84,0.141999
2406.73,0.24033
991.771,0.099159
619.441,0.0619323
1415.57,0.141505
975.417,0.0975174
1704.71,0.170433
735.493,0.0734981
1620.07,0.161924
2740.55,0.273879
1318.23,0.131661
785.249,0.078465
989.023,0.0988846
1308.31,0.130794
1400.38,0.139985
834.417,0.0834135
829.823,0.0829405
1740.01,0.173852
3418.37,0.340505
1112.43,0.109715
646.082,0.0663724
1797.8,0.179708
2284.57,0.228433
21182.9,2.11364
1256.81,0.125619
952.38,0.0951759
976.852,0.0976425
1154.86,0.115478
1997.63,0.199412
744.551,0.074253
792.285,0.0792063
2323.94,0.669952
962.552,0.0961978
989.996,0.0989246
683.276,0.0682918
1162.06,0.116186
1200.88,0.120078
1578.44,0.157807
707.434,0.0707338
1094.8,0.109456
3210.6,0.320884
1044.62,0.104456
686.309,0.0686092
2677.36,0.267669
732.652,0.0732283
1310.54,0.131039
1127.18,0.112704
1406.59,0.137919
779.949,0.0779851
691.494,0.0691403
3355.87,0.334359
2187.96,0.218727
1057.22,0.105717
3844.17,0.383816
1363.23,0.136292
1121.67,0.112139
1267.18,0.128259
2367.94,0.236678
1735.16,0.173206
995.276,0.0995106
1128.31,0.11277
1075.75,0.107524
946.77,0.094579
1038.08,0.103773
895.951,0.0895127
1439.49,0.143886
1203.02,0.120277
3078.99,0.307723
1749.76,0.17495
857.112,0.0855634
1390.3,0.138992
1200.27,0.119996
6020.19,0.601713
1118.27,0.111819
1702.1,0.170148
869.683,0.0869229
901.505,0.0900211
1184.27,0.118301
1852.07,0.18494
920.169,0.0920089
1479.89,0.147675
1190.79,0.119046
698.045,0.0695603
811.044,0.0810866
1809.65,0.18078
2243.5,0.224255
1095.52,0.10944
1331.62,0.133143
1299.91,0.129957
1060.08,0.105922
1742.11,0.173718
2101.74,0.210094
2042.86,0.204156
1961.15,0.196066
774.746,0.0774687
1257.24,0.125521
1349.47,0.134871
7647.01,0.76406
1458.47,0.145093
815.83,0.0815128
1579.23,0.156883
1746.9,0.174555
1083.15,0.108293
889.043,0.0887716
1192.64,0.119252
988.158,0.0987627
2098,0.209765
1529.79,0.152933
1121.35,0.112114
937.337,0.0934123
917.081,0.0916902
1653.86,0.16529
1250.04,0.124745
893.191,0.0892527
1464.4,0.145952
1205.14,0.12048
1610.62,0.160856
3286.76,0.328436
1168.55,0.116809
954.675,0.0953475
3277.8,0.327712
2543.17,0.254217
1150.4,0.115017
1874.06,0.187333
532.086,0.0531997
14162.9,1.41351
863.261,0.0863184
2890.2,0.288996
887.125,0.0886962
1198.32,0.119805
1522.74,0.152126
1205.59,0.120549
751.767,0.0747411
878.818,0.0878353
1415.95,0.141581
1613.15,0.161296
3802.78,0.379549
864.091,0.0861065
2496.83,0.249653
1577.24,0.1576
1813.27,0.18117
3002.57,0.300126
843.461,0.0834515
1166.48,0.116546
1175.76,0.117532
980.499,0.0980386
766.687,0.076662
2090.78,0.208915
1228.26,0.122802
6752.57,0.668436
1072.04,0.107141
1842.6,0.184254
3585.91,0.35807
1569.38,0.156404
3396,0.339474
1260.99,0.126072
9879.04,0.985093
966.069,0.0965784
9170.66,0.914517
696.214,0.0695864
1063.97,0.106379
3331.2,0.332779
1157.29,0.115511
876.163,0.0875972
1684.25,0.168316
1300.23,0.129999
1007.2,0.100707
1684.14,0.168378
1089.45,0.10887
1611.2,0.161107
1068.87,0.106829
1119.29,0.111713
987.392,0.0987238
864.65,0.0861452
1918.37,0.191765
2049.16,0.204793
731.123,0.073075
1077.15,0.107463
1082.83,0.108194
1022.98,0.102252
1368.38,0.136775
2611,0.261044
1373.53,0.13731
922.605,0.0922474
930.83,0.0930551
5022.32,0.501955
1156.23,0.115556
799.971,0.0799874
713.339,0.0712605
608.287,0.0608249
735.389,0.0735118
802.181,0.0802061
917.407,0.0916876
1318.88,0.13186
640.653,0.0640559
1689.27,0.1689
1110.62,0.110995
1209.51,0.120928
1052.73,0.105192
1083.95,0.108371
1167.6,0.116751
1237.71,0.123621
1212.8,0.121219
5953,0.592627
1525.54,0.152438
897.617,0.0897227
5456.8,0.544396
1733.19,0.173272
769.306,0.0769089
787.537,0.0787463
923.952,0.0923852
1063.32,0.106298
2908.06,0.290423
1153.75,0.115348
1335.21,0.133401
3202.77,0.320167
736.673,0.0736623
4189.21,0.418288
1429.63,0.142539
2099.15,0.209293
1249.11,0.124897
1781.26,0.178006
1713.1,0.17126
854.004,0.085398
861.192,0.0858166
842.545,0.0841858
5050.68,0.500141
1563.95,0.156354
2722.04,0.270229
1855.47,0.185501
922.949,0.0921988
1098.8,0.109872
2826.03,0.282232
1024.94,0.102473
1241.97,0.124173
674.488,0.0674451
785.722,0.0785368
1188.99,0.118577
1108.64,0.110842
848.411,0.0848134
1010.42,0.101019
1022,0.102076
1877.51,0.187736
933.381,0.092555
525.512,0.0525311
864.961,0.08647
948.176,0.0947945
1615.14,0.160779
1670.3,0.16689
1383.02,0.13828
1555.72,0.155315
830.836,0.0829907
1039.88,0.10395
1191.3,0.118908
1864.59,0.186437
760.698,0.0760277
1390.65,0.13903
14395.3,1.43482
1868.82,0.18685
1011.07,0.101091
1143.37,0.114298
22733.6,2.25595
621.478,0.0621255
5207.09,0.520172
1042.4,0.104236
2743.3,0.272988
1025.14,0.102502
