EnergyDeposit(eV),LET(keV/um)
2381.93,0.238184
750.507,0.0749898
1997.01,0.199677
2858.29,0.285683
1185.98,0.118573
434.512,0.0434015
1016.32,0.101538
1119.85,0.111967
954.335,0.0954219
1356.74,0.135667
942.215,0.0942082
950.773,0.0949768
2846.04,0.284177
2406.59,0.240238
925.25,0.0924834
816.926,0.0815658
2398.78,0.239644
2517.76,0.25169
1057.41,0.105595
1253.6,0.125349
1005.87,0.100547
1090.12,0.108872
1236.93,0.12364
2403.3,0.240088
763.596,0.0763537
1471.75,0.147143
385.151,0.038491
1107.67,0.110715
1660.33,0.16601
3508.65,0.350339
1052.45,0.105177
756.623,0.0756572
1990.21,0.19899
1040.5,0.104023
1521.1,0.152084
1879.1,0.186951
1966.92,0.196159
1120.41,0.111977
587.068,0.0586772
2734.43,0.273344
978.986,0.0887343
1399.55,0.139734
1544.09,0.153484
950.321,0.0950299
749.804,0.0749788
1778.19,0.177802
1276.23,0.125791
2185.48,0.218448
811.302,0.0809794
671.835,0.0671592
1060.06,0.105739
1416.44,0.14163
1291.83,0.129174
1140.44,0.114034
914.747,0.0914595
780.114,0.0780088
1262.65,0.126238
766.119,0.0761822
1086.61,0.108566
1250.47,0.125009
418.302,0.0418295
1153.21,0.115295
2039.28,0.203854
537.174,0.0535891
902.929,0.0902874
1217.21,0.121697
1162.23,0.116204
1606.3,0.160597
3621.45,0.36144
792.54,0.0792294
1514.46,0.151425
1662.65,0.166179
789.357,0.0789307
1085.49,0.108495
1611.46,0.161088
1612.09,0.161188
1109.23,0.110911
8859.2,0.884654
1973.02,0.197274
6649.44,0.664047
2004.17,0.20022
994.921,0.0993792
732.462,0.0732112
12125.4,1.21126
1285.95,0.128576
1043.9,0.104379
1068.69,0.106857
644.271,0.0644071
1053.15,0.100359
988.127,0.0985356
1593.58,0.15934
538.494,0.0538098
1360.2,0.13601
959.141,0.0958171
882.48,0.0882471
1212.68,0.121056
487.115,0.0487061
1113.07,0.111304
1050.93,0.105001
983.128,0.0982635
2311.23,0.230976
630.823,0.0630778
1044.36,0.104429
4287.39,0.428223
847.496,0.0847331
868.02,0.0867982
2257.99,0.225706
1327.09,0.132525
653.963,0.0653769
1089.18,0.10891
1115.97,0.111592
681.23,0.0681023
2988.25,0.298503
1500.11,0.149545
2181.79,0.218122
1924.11,0.192235
1752.51,0.174858
1087.17,0.108625
1055.71,0.105395
3757.09,0.375337
855.555,0.085542
977.683,0.0977527
960.402,0.0959956
995.96,0.0995941
1039.29,0.103858
762.05,0.0761682
809.825,0.0809707
840.952,0.0840147
1038.74,0.103786
1249.42,0.124935
945.11,0.0944144
1384.2,0.138382
866.674,0.0866599
625.762,0.0625434
1424.61,0.14245
802.424,0.0798482
606.033,0.0606025
561.986,0.0560798
963.957,0.0963696
1161.14,0.116059
1151.15,0.115092
879.007,0.0877027
1123.95,0.112352
1696.39,0.169591
832.076,0.0831708
862.785,0.0862039
1390.69,0.13902
902.417,0.0902295
968.367,0.0968223
1984.86,0.19841
1471.9,0.147154
938.332,0.0937712
660.769,0.0660703
1215.61,0.121496
1706.45,0.170621
1201.22,0.119882
11565.3,1.14933
2001.72,0.200143
1438.87,0.143869
888.823,0.0888433
4652.11,0.465129
1571.29,0.157034
3981.4,0.397939
1092.96,0.109288
1072.26,0.107192
5757.78,7.10099
1134.87,0.113477
1271.97,0.127034
2155.71,0.215063
1042.08,0.10415
1115.74,0.11151
693.548,0.0690037
1128.93,0.112642
1800.19,0.179834
2908.76,0.290844
1570.59,0.156971
3393.91,0.338768
555.373,0.0554749
1034.92,0.10349
838.302,0.0838039
4652.18,0.464818
1408.99,0.140877
1137.18,0.113711
1539.31,0.15389
1003.14,0.099937
773.873,0.0773837
1222.81,0.121935
868.402,0.0868043
960.996,0.0960972
1025.59,0.102488
1568.83,0.156697
738.825,0.073871
2840.21,0.284005
1128.37,0.112518
660.211,0.0659634
773.395,0.0773292
2334.75,0.233286
1481.74,0.148135
2048.57,0.20476
859.465,0.0859294
1053.48,0.10533
1328.37,0.132802
1256.55,0.125521
3076.35,0.307314
2676.12,0.267038
1305.54,0.130486
1403.52,0.140319
858.332,0.0857999
916.598,0.0915929
1986.41,0.198229
985.629,0.0982342
1962.27,0.196061
1515.72,0.15082
1307.01,0.13065
1088.73,0.108841
1273.55,0.127278
987.96,0.0987215
1864.31,0.18577
3322.97,0.332175
718.525,0.071677
689.448,0.0689248
439.757,0.0439745
893.252,0.0892604
832.696,0.0832594
1757.76,0.175614
1913.97,0.191247
2290.54,0.229011
6151.24,0.614618
2202.64,0.220116
1886.68,0.188655
2639.77,0.263554
1129.09,0.112846
539.812,0.0539334
3583.17,0.358246
1847.06,0.184625
1538.25,0.153781
875.995,0.0875704
1853.76,0.185329
1030.77,0.103046
964.471,0.0964234
906.4,0.0906163
14281.6,1.42421
1786.3,0.178589
9268.4,0.925229
2396.75,0.239615
1382.66,0.138129
992.065,0.0991845
669.575,0.0665134
3334.06,0.333172
1578.92,0.157851
1341.27,0.134032
1069.49,0.106925
1450.24,0.144986
946.531,0.0946421
1943.71,0.193879
2950.57,0.294802
951.7,0.095164
1020.87,0.10208
923.564,0.0923381
2129.69,0.212907
706.44,0.070626
919.266,0.0919009
2051.35,0.205126
931.027,0.093072
1097.38,0.109734
1376.77,0.137633
8550.06,0.848595
2152.08,0.215161
1517.71,0.151522
881.889,0.0880756
1741.74,0.173928
1897.83,0.189425
1267.59,0.126736
599.4,0.0598873
1688.77,0.168842
882.134,0.0882061
1666.76,0.166522
887.49,0.0887232
931.938,0.0930765
1236.72,0.123511
3137.65,0.313569
1707.05,0.170503
4997.07,0.499372
561.259,0.0561238
857.325,0.0856616
1615.66,0.161449
933.457,0.093302
722.373,0.0722346
900.693,0.0900063
3041.32,0.304076
4409.15,0.44018
970.127,0.0969414
15586.2,1.55474
1119.23,0.111847
1086.03,0.108589
4719.94,0.47064
1596.2,0.156467
462.9,0.0462838
1235.21,0.123513
1022.11,0.102207
948.466,0.0947871
1152.03,0.115118
2089.68,0.208863
1123.78,0.11224
853.772,0.0849102
1232.25,0.123209
1227.86,0.122677
1616.61,0.161596
1669.88,0.166831
697.907,0.0697884
1337.87,0.133557
3340.28,0.333295
974.397,0.0974349
1284.01,0.128374
3127.97,0.312582
1174.3,0.11742
700.93,0.0700754
815.675,0.0814765
1100.24,0.110016
1026.66,0.102643
1579.4,0.156355
8706.14,0.867815
1837.87,0.183607
956.868,0.0954044
837.158,0.0833745
987.642,0.0727824
4640.54,0.463846
833.97,0.083366
743.728,0.0738579
1276.57,0.127645
1016.86,0.101528
3955.32,0.394657
1112.58,0.110915
1171,0.117061
1955.15,0.195337
1400.74,0.14001
1174.84,0.117475
3485.35,0.345735
1708.73,0.166527
1217.59,0.121668
1052.96,0.10527
875.146,0.0873262
528.459,0.0528414
2464.37,0.246395
1281.74,0.128153
1798.71,0.179805
975.385,0.0975273
678.243,0.0678119
896.198,0.0896138
3766.39,0.376359
845.834,0.0844874
2116.5,0.211417
713.525,0.0712656
827.955,0.0827911
1055.59,0.105539
1394.68,0.139463
1323.24,0.132302
1648.83,0.164827
563.019,0.0562983
1799.26,0.179835
4441.72,0.442308
933.392,0.0932386
1018.82,0.101777
1939.9,0.193967
1100.63,0.109348
950.308,0.0950102
1123.16,0.112307
744.571,0.0744337
851.838,0.0825486
462.38,0.0462114
1078.75,0.107863
790.114,0.0787799
1332.56,0.133176
1400.02,0.139995
1993.99,0.199159
1874.2,0.187367
1054.39,0.105431
1439.36,0.143889
857.683,0.085743
2789.53,0.27877
924.253,0.092301
776.342,0.077554
1066.89,0.106654
750.344,0.0750205
1541.04,0.154036
1096.44,0.109598
1561.14,0.156048
801.642,0.0801635
812.794,0.081269
484.362,0.0484358
1870.65,0.186888
2795.02,0.279246
762.05,0.0761478
1887.78,0.18862
759.857,0.07594
1107.75,0.110719
873.433,0.0873385
661.755,0.0661736
934.498,0.0934392
1340.31,0.134007
1916.17,0.19154
1604.68,0.160431
709.955,0.0709832
726.659,0.0726426
1978.43,0.197378
853.722,0.0853516
1224.24,0.122361
618.294,0.0618195
3832.22,0.380672
1751.86,0.175161
1226.86,0.122624
1236.68,0.123526
865.625,0.0865273
1083.46,0.108334
1039.17,0.103886
1634.14,0.163288
1312.52,0.131207
576.046,0.0575601
2685.12,2.01378
718.481,0.0718091
1104.48,0.110417
783.281,0.0783266
989.345,0.0989276
3923.41,0.391738
889.779,0.0889733
1028.65,0.102858
783.833,0.0783564
1853.58,0.185351
611.461,0.0611454
1846.36,0.184151
853.785,0.0852715
1122.96,0.112249
1213.7,0.121015
1342.88,0.134143
1355.94,0.13517
1207.5,0.120717
843.614,0.0843159
628.884,0.062885
1891.45,0.189113
1366.41,0.136617
1333.6,0.133326
1873.81,0.187336
738.135,0.0738099
1257.04,0.125701
737.986,0.0737564
1043.81,0.104315
1681.11,0.168078
771.223,0.0771164
1363.05,0.136247
886.774,0.0886531
1937.56,0.193739
775.219,0.077413
1765.58,0.176326
834.028,0.0833116
1331.3,0.133037
2250.68,0.225051
957.483,0.0957459
2070.03,0.206792
1864.94,0.186412
1197.47,0.119715
983.348,0.0983266
918.497,0.0918146
4264.37,0.426026
1857.81,0.185729
1426.43,0.142617
1255.77,0.125504
765.481,0.0762327
845.239,0.0845118
868.446,0.0868261
821.211,0.0821139
985.518,0.0985453
1534.85,0.153231
2373.58,0.236727
1245.62,0.124423
713.126,0.0712888
877.271,0.0876973
1824.75,0.182161
1264.08,0.126311
825.455,0.0825399
1326.82,0.132652
1359.64,0.135925
693.905,0.0693677
1319.17,0.131816
1593.04,0.159282
841.558,0.0841447
1016.03,0.101602
1122.05,0.112184
866.767,0.0866272
821.221,0.0820647
1815.69,0.180656
1951,0.194799
1103.63,0.110345
1119.51,0.111902
1916.63,0.19059
1348.43,0.134827
1399.52,0.139926
963.75,0.0963302
1711.56,0.171011
1133.72,0.113241
859.678,0.0858778
2144.85,0.21444
957.337,0.0956406
1980.42,0.197873
890.091,0.0889954
1520.7,0.151901
1939.32,0.193902
1402.07,0.140154
2200.29,0.219751
1201.93,0.115969
3262.9,0.326023
2829.32,0.28231
1456.4,0.145462
1784.57,0.178391
1562.16,0.155902
784.783,0.0784462
3721.38,0.372014
2228.65,0.222296
1348.48,0.134058
928.431,0.0928379
3139.05,0.313783
1305.04,0.130454
1470.53,0.146892
858.151,0.0857801
1656.92,0.165486
849.494,0.0849436
694.062,0.0693664
1058.52,0.105808
1485.84,0.148554
1306.9,0.130676
1151.84,0.115178
1012.07,0.101095
1078.52,0.107747
823.625,0.0823528
950.388,0.095028
882.664,0.0882183
1064.92,0.106367
1052.9,0.105281
1103.5,0.110326
9037.77,0.902037
1514.37,0.151364
1605.64,0.16046
1133.91,0.113271
2693.58,0.269298
1463.3,0.145472
1455.01,0.145454
1093.29,0.109312
723.365,0.0723324
1170.96,0.11662
968.111,0.0967525
11039.9,1.10023
934.779,0.0934625
1789.89,0.178937
2151.22,0.215034
2560.24,0.255884
891.371,0.0890553
1076.82,0.107614
10012.1,0.998502
1053.95,0.105315
786.202,0.0784673
645.162,0.0644844
1971.95,0.197134
900.198,0.0899889
1579.7,0.157946
994.059,0.0992275
1669.02,0.166761
878.315,0.0877994
2783.29,0.27796
3633.11,0.363211
826.804,0.0824665
1444.08,0.14409
712.01,0.0711868
691.105,0.0690867
739.626,0.0739249
1044.5,0.104417
3498.99,0.349818
1969.77,0.19694
942.356,0.0942232
3046.79,0.303408
1502.21,0.150156
1164.81,0.116303
853.519,0.0853349
1265.57,0.126545
4632.88,0.462949
1204.75,0.120254
638.671,0.0638069
2798.47,0.279361
1216.96,0.121675
1508.35,0.150756
9465.73,0.942952
1093.55,0.109332
1167.9,0.116731
1153.27,0.115267
1526.2,0.152578
1660.13,0.165916
923.957,0.0923716
1656.99,0.165684
843.509,0.0843257
768.519,0.0768394
2114.68,0.21141
887.899,0.0887041
1553.54,0.155322
905.72,0.0905652
1472.65,0.14721
970.919,0.0970184
928.554,0.0928384
1782.78,0.177397
2042.18,0.203932
1293.31,0.129289
1811.2,0.181048
552.654,0.0552615
533.483,0.0532919
1221.74,0.122168
970.729,0.0970717
846.578,0.0846462
966.537,0.0963165
591.94,0.059171
1174.23,0.11734
1577.97,0.157716
1936.42,0.193568
1225.85,0.122523
1965.95,0.196574
2115.29,0.211362
1400.78,0.179278
564.247,0.0564194
1858.91,0.18567
1386.48,0.138553
1821.34,0.181966
1281.15,0.128079
993.717,0.0993663
1513.23,0.151289
562.724,0.0562653
1601.09,0.160089
945.65,0.0944641
1031.88,0.103072
1234.62,0.123267
793.917,0.0793865
1522.49,0.152232
1071.65,0.107146
3285.63,0.328447
782.707,0.0782565
1177.56,0.117741
1102.54,0.109953
744.946,0.074476
1062.97,0.106279
1274.86,0.127427
2156.67,0.21556
552.787,0.0552769
1611.12,0.160781
1297.19,0.129339
1043.28,0.10429
4934,0.543352
960.827,0.096049
2834.69,1.1782
3605.49,0.359617
1443.74,0.144255
1236.89,0.123469
842.714,0.0842365
1317.72,0.131701
1587.78,0.158712
1178.58,0.117786
543.984,0.054379
891.511,0.0891399
1185.85,0.118575
3647.03,0.364528
1531.34,0.153036
1326.02,0.132585
713.467,0.0711675
3433.5,0.342978
1288.46,0.128812
923.586,0.0923523
1125.82,0.111189
1878.88,0.134565
1452.85,0.145279
1813.5,2.68918
2132.4,0.213189
1875.26,0.187425
5115.51,0.51125
1624.12,0.162179
886.488,0.0886359
5322.14,0.531532
1347.3,0.134704
1052.44,0.105237
680.747,0.0680084
1789.85,0.178928
1196.37,0.11957
824.462,0.0824409
1631.84,0.163108
850.054,0.0849722
1665.09,0.166456
754.563,0.0754349
1897.83,0.189721
1232.82,0.123133
1168.13,0.11681
1355.17,0.135446
1282.73,0.128224
1250.18,0.124888
1078.75,0.107869
766.272,0.0764408
2042.2,0.204163
699.361,0.069935
797.395,0.0797286
661.693,0.0661505
1208.75,0.119833
1403.53,0.14021
2436.81,0.243659
2630.91,0.262457
867.394,0.0866617
1748.58,0.17483
403.781,0.0403776
1329.38,0.132751
472.91,0.0472195
1021.62,0.101794
955.626,0.0955222
1252.58,0.125201
2812.22,0.281093
393.782,0.0393639
964.987,0.0964721
2324.28,0.232392
1523.42,0.152055
2496.45,0.249382
1398.81,0.139022
1128.47,0.112693
1289.95,0.128982
1148.75,0.114838
873.931,0.0873905
872.957,0.0869823
888.758,0.0888555
867.318,0.0867165
1214.44,0.121158
789.885,0.0788517
1500.08,0.149902
1847.97,0.184562
3209.37,0.320491
1781.12,0.177374
3882.73,0.388146
2644.74,0.263992
21953.9,2.17351
1721.4,0.172012
5874.56,0.587209
706.204,0.0705851
1687.26,0.168331
1824.91,0.182231
1653.9,0.165345
1502.7,0.149915
953.016,0.0952709
11752.4,1.17192
1283.72,0.128102
1975.36,0.197493
1103.22,0.110202
1421.94,0.142178
1576.52,0.157535
1124.83,0.11248
9805.14,0.975456
3171.91,2.18858
1978.52,0.197791
994.05,0.0990029
1389.49,0.138901
1327.66,0.132685
812.075,0.0811643
678.863,0.0678315
1662.62,0.166078
946.09,0.0945672
2022.86,0.202206
1161.22,0.11574
1174.93,0.117487
958.744,0.0958378
1057.53,0.105704
1308.08,0.130696
3925.85,0.392135
1358.51,0.135842
878.408,0.0878268
868.099,0.0867886
817.529,0.0817474
3191,0.318467
813.538,0.0813202
782.213,0.0781973
986.942,0.0986643
1410.39,0.140624
2166.21,0.216605
1944.4,0.193544
819.649,0.0818544
3730.37,0.372787
1289.52,0.128859
952.943,0.0952881
1226.12,0.122606
872.393,0.0863318
1587.01,0.158682
1374.16,0.137334
1314.68,0.131308
931.065,0.0930887
671.957,0.0671565
1574.58,0.157317
773.198,0.0771893
693.279,0.0693202
1064.62,0.106446
1574.28,0.157389
2187.14,0.218645
687.617,0.0681286
2552.41,0.255101
1396.91,0.139569
4033.72,0.403205
4366.24,0.436379
1473.13,0.147184
933.003,0.0932627
1204.59,0.120441
1156.63,0.115634
1203.25,0.120322
9487.48,0.533231
2038.56,0.203666
2922.26,0.291876
1488.68,0.148711
1555.77,0.155543
1016.17,0.101576
961.49,0.0961443
929.852,0.0929701
964.031,0.0963866
1012.19,0.101146
1690.97,0.168492
1474.24,0.147397
866.333,0.0845833
572.487,0.0572405
542.306,0.0542146
1387.91,0.138736
1080.14,0.107403
2028.35,0.202751
3728.38,0.371807
1308.33,0.130829
1686.5,0.168451
1430.09,0.142884
953.407,0.0953269
2126.81,0.212595
2068.6,0.206818
4188.04,0.417907
796.807,0.0796762
674.432,0.0673311
1286.13,0.128544
2201.09,0.219563
1151.74,0.115171
1900.49,0.189918
1200.75,0.120007
1059.2,0.105909
888.884,0.088865
1159.57,0.115934
1391.68,0.139154
872.038,0.0871911
954.076,0.095391
803.525,0.0802954
1047.55,0.104686
2047.87,0.204646
1254.96,0.125474
1152.45,0.115046
1288.39,0.128831
1647.63,0.164682
1005.62,0.100519
957.828,0.0957652
885.664,0.0885463
987.919,0.0987812
1150.8,0.114607
595.212,0.0595143
2837.08,0.283429
1001.08,0.100088
2192.18,0.21907
2006.25,0.20059
1025.06,0.102481
895.977,0.0895133
1359.64,0.135951
1231.4,0.123111
855.522,0.0855434
783.515,0.078343
1423.35,0.142214
836.641,0.0836204
1051.74,0.105093
1099.93,0.109987
2440.44,0.244009
1385.88,0.138579
1256.38,0.125624
2607.47,0.260533
1026.7,0.102667
4052.85,0.404773
5459.55,0.544403
908.908,0.090887
1464.27,0.146301
1722.62,0.171659
1319.4,0.131797
2342.19,0.234072
4317.69,0.43171
7226.98,0.721004
1765.84,0.176544
968.339,0.0968165
1080.76,0.108067
2104.63,0.210442
1334.74,0.133462
1703.53,0.170236
947.31,0.094685
875.46,0.087516
1166.01,0.116599
1107.73,0.110763
643.478,0.0643409
1812.74,0.181234
1717.09,0.171656
1170.32,0.117027
2785.07,0.278471
923.481,0.0921894
874.142,0.087406
1830.48,0.182954
1335.07,0.133482
1705.9,0.170565
1243.82,0.124311
1957.24,0.195619
1069.81,0.106879
1594.48,0.159386
767.581,0.0766315
15525.4,1.55066
1615.13,0.161409
863.329,0.0862964
2264.64,0.226174
1337.85,0.133776
1182.13,0.118199
1023.69,0.10228
958.632,0.0958577
1168.4,0.116827
1109.82,0.110922
622.419,0.0622054
4568.55,0.456208
1337.9,0.133777
1293.38,0.128883
1219.19,0.121736
1336.2,0.133554
813.379,0.081197
1195.65,0.119527
819.984,0.0819741
1362.01,0.136035
1136.63,0.113609
4223.58,0.422088
545.804,0.0545754
1990.37,0.198788
1100.41,0.110013
851.2,0.0851046
920.342,0.091977
1057.34,0.105732
1586.91,0.158091
1389.72,0.138932
1589.83,0.158967
700.34,0.0700329
1347.62,0.134665
756.867,0.0756771
914.732,0.0914702
4952.69,0.494007
912.023,0.0911964
5771.15,0.573215
1236.58,0.123573
1795.99,0.17955
729.606,0.0729448
2589.47,0.258566
3038.19,0.303467
498.522,0.0498023
769.27,0.0768361
1591.23,0.159077
849.016,0.0847311
1781.83,0.178146
862.515,0.0861123
1330.73,0.132957
1047.2,0.104682
1155.01,0.115468
4481.03,0.444872
674.826,0.0673934
4116.82,0.411333
1799.25,0.179777
3592.37,0.358882
915.369,0.0915197
2188.24,0.21878
2715.21,0.271276
1326,0.132595
1031.8,0.103172
1309.64,0.130904
1850.54,0.184736
1112.37,0.111213
832.689,0.0832559
512.062,0.0511521
979.802,0.0969649
1812.63,0.18119
1675.21,0.167459
1010.52,0.097441
554.292,0.0553671
733.238,0.0732812
1416.66,0.141636
2751.19,0.275056
2847.95,0.284457
842.801,0.0842552
962.386,0.0961328
952.619,0.0952508
929.186,0.0929065
914.194,0.0913905
954.672,0.0954326
1499.69,0.149909
3239.75,0.323908
1287.69,0.128681
2105.57,0.210508
1163.31,0.116326
1116.54,0.111287
3400.27,0.339818
943.589,0.0943444
1164.04,0.116391
606.025,0.0605948
963.892,0.0963554
804.334,0.0804163
2700.11,0.235603
674.909,0.0674901
2453.68,0.245335
2882.96,0.288284
1351.77,0.134861
1491.51,0.149136
2997.84,0.299662
664.795,0.0664751
755.814,0.0755311
1200.68,0.119954
1145.17,0.114436
4628.39,0.462482
2074.15,0.207348
2866.03,0.286568
884.381,0.0884318
1332.45,0.133046
962.504,0.0962442
2434.92,0.243357
2071,0.206985
2071.55,0.207131
1014.33,0.101418
1312.58,0.131241
1565.5,0.156537
1357.72,0.135733
808.621,0.0808366
1283.6,0.128336
1002.91,0.100269
1387.67,0.138659
1345.88,0.134561
1665.01,0.166387
2511.96,0.251062
8294.25,0.826336
5071.16,0.506893
1083.62,0.108282
1776.89,0.177641
2424.27,0.242271
5910.7,0.590827
2367.93,0.236736
2496.63,0.24938
2124.89,0.211815
606.713,0.0606677
1189.18,0.11888
2700.77,0.266946
2077.88,0.207738
728.297,0.0728146
889.604,0.0889315
688.012,0.068762
1510.51,0.150978
981.103,0.0980568
1431.2,0.142964
1732.03,0.17297
2018.8,0.201749
1752.97,0.175274
2147.13,0.214529
1713.56,0.17124
1370.57,0.137767
6458.06,0.645651
978.389,0.0978228
2178.69,0.216954
2077.18,1.52667
2180.72,0.217936
1126.33,0.11251
3921.08,0.391942
2377.79,0.237513
696.186,0.0695146
1108.55,0.110712
738.707,0.0738649
851.448,0.085094
1690.67,0.16905
614.368,0.0614275
672.493,0.0672438
1142.39,0.114236
1616.02,0.161595
1315.56,0.131539
9338.55,0.930261
935.679,0.0790679
1097.16,0.109636
1760.73,0.175996
1175.94,0.117543
587.918,0.0587423
1131.14,0.112993
1111.77,0.111141
1236.98,0.123615
1496.41,0.149603
922.542,0.0922008
538.69,0.0528958
1843.12,0.184079
750.427,0.0750422
1346.39,0.13459
1260.96,0.125744
845.219,0.0845197
880.008,0.0879792
1075.72,0.10755
2221.13,0.221766
1472.23,0.147142
1106.48,0.110639
1654.76,0.165395
1588.27,0.158723
2669.56,0.266877
1004.03,0.100371
1667.2,0.166645
933.894,0.0932888
1063.28,0.106318
676.853,0.0676837
1460.01,0.145841
2708.54,0.270711
4555.32,0.454646
1190.75,0.119053
2267.77,0.226758
1863.83,0.186314
1130.85,0.112959
1254.65,0.125414
1113.93,0.111353
1307.75,0.130761
1616.93,0.161619
1112.3,0.111163
2065.26,0.205953
509.131,0.0508989
714.558,0.0714218
1293.82,0.129353
805.174,0.0805011
1305.23,0.130411
1179.69,0.117868
1265,0.126217
1277.45,0.127688
921.115,0.0920724
1220.41,0.12197
1009.07,0.100862
952.931,0.0952059
4545.72,0.454167
1097.35,0.109713
3527.33,0.350989
1191.44,0.119132
718.752,0.0718438
1079.4,0.107904
713.177,0.071248
12463.6,1.24498
697.688,0.069758
2445.14,0.244463
1099.11,0.109856
1508.6,0.150755
875.028,0.0874483
559.552,0.0559341
1416.28,0.14121
1825.42,0.182322
1309.94,0.130984
2107.17,0.209643
2861.27,0.28608
1308.3,0.13079
1818.67,0.18159
1212.71,0.121237
993.637,0.0993368
1710.24,0.170947
3078.66,0.307595
1517.79,0.151699
817.694,0.0817684
9358.61,0.935123
1241.41,0.124051
5175.31,0.516926
1607.32,0.160725
595.33,0.0595138
2154.78,0.215334
873.892,0.0873571
1556.05,0.155555
8192.17,0.816874
797.709,0.0797533
1462.64,0.146237
1153.03,0.113649
2006.72,0.200448
1317.61,0.131533
812.422,0.0812322
1141.53,0.1141
2275.66,0.227311
1192.5,0.119204
2134.97,0.213362
2353.95,0.235199
1749.31,0.163979
1201.23,0.120112
2180.17,0.217958
1086.83,0.108672
1125.9,0.11249
2273,0.227208
1088.73,0.108861
589.724,0.0588901
762.783,0.0715878
573.832,0.0555953
1657.97,0.165768
1336.6,0.13358
1364.56,0.136415
774.495,0.0774437
1206.08,0.120528
2261.49,0.224976
883.86,0.0883551
1195.32,0.119481
11888.6,1.18579
968.503,0.0968351
447.898,0.0447768
1436.4,0.143449
1396.87,0.13961
6567.03,0.656341
1206.06,0.120466
1152.68,0.115217
880.786,0.0879255
1927.36,0.192661
1449.2,0.14486
17094.7,1.69867
2286.85,0.228673
1057.58,0.105703
1474.64,0.146344
713.136,0.0713111
8499.2,0.828112
1564.84,0.156279
1303.66,0.130294
2215.27,0.221304
1076.68,0.109196
957.76,0.0957004
3622.84,0.360731
1822.03,0.18213
1654.97,0.165269
3575.6,0.357246
1425.39,0.126493
3954.92,0.394907
1246.98,0.124566
1439.21,0.143886
1050.56,0.105035
1057.97,0.105725
1836.35,0.183556
902.622,0.0902471
1251.06,0.125094
1815.49,0.181495
3434.12,0.343315
1131.15,0.113021
1258.12,0.125767
863.349,0.0861907
1444.56,0.144399
1045.46,0.104422
1530.8,0.153038
746.464,0.0745784
1180.45,0.11788
739.934,0.0739286
1058.34,0.105818
961.72,0.0958903
5079.4,0.507742
4411.65,0.440548
1506.25,0.150613
389.901,0.038866
1332.57,0.13323
1435,0.143486
758.405,0.075822
1069,0.106841
745.779,0.0745738
557.576,0.0556527
1067.47,0.106687
1544.16,0.154403
1001.42,0.100127
1517.2,0.15171
1518.08,0.151783
923.939,0.0923824
1044.18,0.104364
879.936,0.0878933
725.079,0.0724919
964.476,0.096393
542.783,0.0542774
1148.45,0.114122
927.427,0.0927246
876.688,0.0876097
640.832,0.0640765
2379.85,0.23792
1068.66,0.106846
839.632,0.0839383
858.17,0.0857886
1737.79,0.172098
1197.59,0.119726
2363.48,0.236226
753.4,0.0753092
2273.1,0.227203
1225.05,0.122463
1001.49,0.100128
1120.63,0.112047
625.456,0.062543
721.78,0.0721603
1188.18,0.118752
1539.27,0.153916
586.02,0.0585828
937.762,0.0933894
880.518,0.0880265
2306.09,0.230404
1724.7,0.172212
1538.83,0.153865
743.059,0.0742855
1134.85,0.113305
1540.26,0.153973
1279.84,0.12797
3035.88,0.302994
1255.91,0.125498
1054.25,0.105383
1977.44,0.197706
1001.05,0.0995325
865.085,0.0865054
1473.09,0.147297
1308.75,0.130813
800.511,0.0800238
1974.74,0.197357
972.383,0.0972034
1050.01,0.104996
829.911,0.0829534
1518.05,0.15169
1918.85,0.191484
1274.83,0.127323
825.282,0.0825215
929.74,0.0929692
1093.62,0.109322
3053.03,0.305078
689.684,0.0689602
1152.53,0.115247
2190.74,0.219014
1173.57,0.117321
1536.39,0.153543
1379.77,0.137913
10726.8,1.07116
2702.96,0.27024
1080.16,0.107992
1004.33,0.100417
1293.69,0.128985
711.118,0.071101
540.942,0.0540933
699.583,0.06994
931.045,0.0928994
1141.49,0.114119
1412.91,0.141272
1244.41,0.124434
2117.96,0.211779
1099.88,0.109984
805.789,0.0805698
1979.2,0.19785
1585,0.158391
922.32,0.0921216
959.274,0.0959251
1010.59,0.100932
1226.64,0.122653
1677.25,0.167702
1985.19,0.198457
4041.57,0.40364
3088.77,0.308683
2928.93,0.29282
963.304,0.0962248
2963.73,0.296118
494.623,0.0494596
3673.95,0.367023
1087.85,0.108586
8130.06,0.810705
1273.28,0.127257
2913.62,0.290616
1315.56,0.131533
2057.58,0.205672
1069.28,0.106918
744.039,0.0743438
1906.01,0.190536
959.849,0.0954386
5797.38,0.579068
985.291,0.0982963
2051.62,0.205065
491.059,0.0490911
1544.48,0.154437
1096.33,0.109626
1034.75,0.103137
2655.81,0.265106
1752.36,0.174698
1146.29,0.114564
1313.38,0.131314
3841.15,0.384001
549.31,0.0549157
1378.16,0.137812
1050.19,0.10497
1371.48,0.137065
776.688,0.0776237
1345.21,0.13445
733.178,0.0732931
773.422,0.0768416
4957.43,0.494732
1485.5,0.148465
859.969,0.0859158
739.578,0.0739395
1241.88,0.124159
21076.7,2.09898
1926.58,0.191203
1057.9,0.105666
1450.32,0.144986
679.88,0.0679298
3901.59,0.389523
1586.58,0.158601
925.526,0.0925315
1248.86,0.124861
2630.1,0.26294
715.548,0.0714897
1911.08,0.190901
1252.32,0.125179
1378.87,0.137861
571.615,0.0571434
2414.79,0.241217
1003.75,0.100324
1040.2,0.104014
2697.21,0.269497
971.757,0.0971339
895.356,0.0895215
1154.58,0.115455
1644.66,0.164424
1181.14,0.118089
2598.86,0.259395
1495.96,0.14883
4138.43,0.413645
1242.15,0.124177
1192.96,0.119218
999.868,0.0999819
1793.51,0.179326
1497.32,0.14917
2793.66,0.279099
2225.5,0.222485
1751.75,0.174819
1361.32,0.136097
2821.71,0.281874
1791.04,0.178368
2799.58,0.279663
876.521,0.0876075
837.584,0.0837424
1261.26,0.126088
1662.46,0.823749
740.309,0.0740161
1331.83,0.132999
1750.51,0.174962
904.43,0.0904278
1451.22,0.145118
2135.2,0.213109
1039.85,0.103981
1034.38,0.10336
17991.1,1.79377
2112.38,0.211187
5220.72,0.521737
837.964,0.0837939
692.452,0.0692351
2800.39,0.27998
1036.52,0.103648
1594.84,0.159459
2031.91,0.202931
1686.7,0.16865
1543.77,0.154357
1178.2,0.11776
978.38,0.097817
2502.14,0.250172
1012.7,0.101256
793.188,0.0801037
628.123,0.0627877
1381.85,0.138082
922.65,0.0921741
1299.06,0.129747
1551.57,0.155026
1668.23,0.166503
2069.23,0.206882
1846.78,0.184324
2504.58,0.248266
2387.76,0.238527
1316.22,0.131493
2278.36,0.227795
1446.17,0.144575
1854.08,0.185124
2632.74,0.263179
1080.09,0.107981
1499.22,0.149897
2025.15,0.202431
755.094,0.0753028
861.88,0.0861664
1295.14,0.129446
1132.68,0.113262
1003.35,0.100293
1909.6,0.189694
3870.63,0.386815
1155.93,0.115015
1996.16,0.199573
1214.69,0.121401
5291.99,0.528517
1277.06,0.12765
4639.91,0.463179
934.74,0.0934099
1004.61,0.100441
728.232,0.0727442
549.836,0.0549697
1178.21,0.117812
1006.98,0.100647
1327.18,0.132678
2047.46,0.204465
683.751,0.0683468
2459.1,0.245798
1917.06,0.191552
794.39,0.0794289
1526.3,0.152562
1015.77,0.101534
940.433,0.0940228
3658.17,0.365424
2973.29,0.297012
1073.66,0.107258
1802.5,0.178817
2045.25,0.204225
1142.32,0.11422
1267.51,0.126573
706.836,0.0706746
764.869,0.076428
1799.81,0.179938
1519.14,0.151897
1799.39,0.179759
1030.25,0.103013
1033.93,0.103366
808.012,0.0807936
864.148,0.0862649
1038.24,0.103786
861.311,0.086078
829.294,0.0829268
1022.08,0.1022
2037.47,0.203587
2913.56,0.290945
836.079,0.0836036
13520,1.35028
972.531,0.0972164
1315.05,0.131495
1421.33,0.142035
1163.17,0.116287
1150.61,0.115044
918.682,0.0918453
1919.26,0.167565
1050.52,0.105021
635.452,0.0632106
713.623,0.0713599
7380.55,0.736304
1002.12,0.100206
2130.87,0.213028
1709.23,0.170895
1332.4,0.133148
1544.21,0.154399
723.083,0.0722628
1071.08,0.107098
907.779,0.0907146
1908.38,0.190585
651.609,0.0651579
5370.83,0.536427
1744.85,0.174419
14417.6,1.43576
1188.6,0.118476
1544.88,0.154475
2696.77,0.26949
1002.98,0.100231
2198.46,0.219724
1022.42,0.101823
2596.21,0.259546
3827.54,0.382612
6695.08,0.668871
646.514,0.0646281
1326.65,0.132628
569.963,0.0569948
1191.31,0.11205
1015.05,0.101437
1382.93,0.138279
1506.62,0.150626
1158.73,0.115793
833.945,0.0833745
889.136,0.0888376
930.781,0.0930614
812.325,0.0812011
831.074,0.0830978
1100.55,0.110023
5030.61,0.50267
2723.38,0.272098
1792.23,0.179141
1800.62,0.180052
1681.74,0.167601
1244.52,0.124435
1289.91,0.128977
2362.78,0.236204
1069.13,0.106903
619.986,0.0619869
1467.14,0.146344
1246.08,0.12459
1192.67,0.118908
915.905,0.0915463
955.221,0.0955077
857.503,0.0857425
7801.85,0.779885
1236.01,0.123526
1026.19,0.102527
1868.89,0.186878
845.448,0.0845406
1453.79,0.145242
784.857,0.0784313
1062.51,0.106244
1743.45,0.174293
1311.64,0.130861
1530.91,0.152975
4095.24,0.409076
1567.61,0.156702
1214.55,0.118885
1279.61,0.127851
1447.7,0.144746
788.797,0.0786324
2876.02,0.287487
1028.61,0.0976019
1054.71,0.105468
1926.14,0.192568
1480.06,0.147846
2122.93,0.211746
967.768,0.0967711
1140.81,0.113946
1044.43,0.104407
1092.87,0.109273
919.72,0.091961
1524.4,0.152402
519.731,0.0519672
866.983,0.0866897
1237.87,0.123709
880.228,0.0878931
2250,0.224963
1944.67,0.194196
987.198,0.0987029
1503.92,0.150166
1420.15,0.140105
533.541,0.0532993
2321.2,0.231944
750.185,0.0749759
1690.66,0.168608
1201.19,0.120012
849.707,0.0849465
1333.22,0.133312
14532.5,1.44689
1435.78,0.143536
2338.97,0.233842
743.035,0.0742617
1121.06,0.112055
824.212,0.0823874
1615.97,0.161544
698.389,0.0696794
1807.46,0.180689
445.252,0.0444744
1726.75,0.172214
1058.15,0.10581
1444.25,0.144378
946.099,0.0946028
1541.6,0.154145
1095.8,0.109557
1023.28,0.102308
1122.88,0.112212
2855.08,0.285343
986.35,0.0985705
912.901,0.0912
851.982,0.0851787
1404.08,0.140383
1207.86,0.120647
1218.58,0.121799
1105.85,0.110513
1976.9,0.197581
509.826,0.0509821
1326.78,0.132647
875.588,0.0875192
2613.05,0.260079
1045.57,0.10442
979.404,0.097793
624.537,0.0624432
860.341,0.0859565
1031.33,0.103047
1205.84,0.120479
728.05,0.0728008
1121.04,0.112095
2215.86,0.226879
874.274,0.0874237
600.796,0.0600493
2390.75,0.239006
1855.33,0.185401
1360.93,0.136077
873.148,0.0871981
676.087,0.0675107
1404.51,0.140388
1216.21,0.121594
1963.73,0.196271
3876.16,0.387116
2122.54,0.212197
8132.68,0.812651
1346.56,0.134639
882.961,0.0881746
1428.97,0.142887
698.723,0.0698031
912.11,0.0912025
1775.62,0.177497
935.727,0.0926103
632.365,0.0631236
970.058,0.0969816
1679.2,0.167867
825.452,0.0825435
1115.63,0.111556
956.582,0.0956473
2012.74,0.201227
1899.58,0.189914
3145.95,0.314268
714.456,0.0714344
1088.41,0.108781
880.987,0.0880969
1388.29,0.138774
761.983,0.0761843
1051.07,0.105102
9572.94,0.955884
1066.19,0.106588
4447.85,0.444417
940.599,0.0940231
1144.04,0.114386
1093.19,0.109225
912.325,0.0911931
2511.73,0.25058
1434.2,0.143389
2738.3,0.273146
1026.67,0.10264
1497.11,0.149614
756.715,0.0756423
1006.87,0.100648
1098.26,0.109821
662.3,0.0662242
2199.69,0.219261
890.252,0.0890038
1905.38,0.189924
1064.21,0.106395
919.206,0.0919191
792.047,0.0788147
423.507,0.0423181
2255.2,0.222385
1800.85,0.180067
678.574,0.067814
1842.51,0.184162
1478.01,0.147789
604.419,0.0604341
3709.17,0.353881
23251.9,2.30311
1056.97,0.105515
1522.44,0.152149
3235.56,0.323197
630.69,0.0630624
557.683,0.0557673
836.064,0.0832568
837.09,0.0836449
1817.42,0.181467
997.424,0.0997173
690.032,0.0689901
1105.54,0.110466
4697.28,0.468302
1183.07,0.11828
1949.47,0.194829
1865.04,0.18131
1823.36,0.181904
733.177,0.0731195
934.055,0.0933625
974.944,0.0974626
3409.41,0.340516
1042.07,0.104133
1383.67,0.13835
2601.83,0.260029
697.704,0.0697521
652.129,0.0651767
737.199,0.07371
1974.91,0.197372
1042.32,0.104202
1047.02,0.0979915
943.755,0.0941517
3796.66,0.378422
2929.98,0.292966
523.971,0.0523424
773.443,0.0771764
1762.89,0.176259
1336.77,0.133661
782.056,0.0781185
763.861,0.0763848
487.536,0.0487004
1427.51,0.142712
1004.46,0.100438
9851.9,0.979381
1124.68,0.112421
1025.17,0.102478
1208.34,0.120609
785.803,0.0785775
982.27,0.0982119
779.715,0.0779688
753.328,0.0752913
4288.31,0.428705
1486.85,0.148613
2286.95,0.228478
1181.37,0.117953
1300.76,0.130042
801.046,0.0801023
5362.22,0.536118
1058.05,0.105725
1474.96,0.147442
976.304,0.0973619
760.468,0.0760318
2560.09,0.253911
876.262,0.0876232
846.657,0.084566
1091.44,0.109116
1111.18,0.111112
803.232,0.0802883
1483.72,0.148342
1200.93,0.120059
868.642,0.086852
897.288,0.0896959
1305.96,0.130385
1297.93,0.129759
2439.02,0.242922
1501.06,0.149734
1337.12,0.133657
633.175,0.0633112
1702.53,0.170204
1472.24,0.147087
3929.86,0.392831
4022.58,0.40174
2044.32,0.204253
2660.37,0.265943
517.51,0.0517478
1480.6,0.14779
4824.01,0.478775
1415.3,0.141294
1782.62,0.178218
1633.43,0.163191
3280.28,0.327408
1308.81,0.130831
4428.82,0.441547
1839,0.183819
968.989,0.0968862
1324.58,0.132311
1112.81,0.117703
2943.81,0.293391
760.4,0.0759703
1836.41,0.183398
795.184,0.0794418
1144.57,0.114411
1693.81,0.169366
3520.18,0.350931
2577.4,0.257583
760.207,0.0759736
1709.54,0.170949
1711.32,0.171104
1835.05,0.167889
1072.91,0.10722
1361.17,0.136088
744.216,0.0736738
481.398,0.0481322
1173.37,0.117311
1233.08,0.123251
1881.73,0.188045
755.185,0.0755163
3342.13,0.33387
3126.81,0.312325
1996.33,0.199544
3978.25,0.397467
1335.56,0.133486
1529,0.152784
1360.37,0.135979
1114.18,0.110703
1756.58,0.175481
1140.18,0.114007
2111.71,0.211056
4487.87,0.448416
1527.11,0.152259
966.513,0.0965884
1377.21,0.137521
1144.93,0.114396
1249.88,0.123911
1075.91,0.106457
12076.1,1.20702
1570.24,0.15695
1601.51,0.160128
3608.25,0.360473
1145.43,0.114531
4780.89,0.473946
451.352,0.0450307
765.131,0.0765014
2057.84,0.467026
1504.79,0.150235
1438.65,0.14353
2205.43,0.155665
882.534,0.0882341
1325.79,0.132552
927.559,0.0924778
1412.65,0.141104
1290.03,0.128973
1274.35,0.127405
1520.23,0.151947
864.45,0.0864435
799.93,0.0786115
1906.71,0.19062
1939.4,0.193739
8531.86,0.851587
3048.99,0.304426
1307.19,0.13069
1535.79,0.153539
2971.66,0.297007
1380.2,0.137925
852.914,0.0852397
579.092,0.0578599
1157.57,0.11573
1349.28,0.13484
1454.02,0.145343
1893.56,0.189352
2223.34,0.222298
798.545,0.0797963
882.853,0.0882416
1078.99,0.107832
10395.2,1.03689
1330.38,0.132978
2974.18,0.295102
1316.92,0.131556
1017.68,0.101732
1672,0.167194
1330.99,0.131294
2120.69,0.211977
1524.62,0.152277
1122.1,0.112203
1268.72,0.126859
742.202,0.0742029
919.58,0.0919453
665.714,0.0665361
1004.8,0.100412
2181.64,0.217998
2205.77,0.22044
1214.14,0.121333
1289.71,0.128954
907.186,0.0906825
1350.85,0.135054
1012.64,0.101144
1098.87,0.109864
2743.83,0.274243
361.125,0.0360965
1066.8,0.106613
1040.79,0.104053
769.701,0.0767843
812.579,0.0811448
1002.52,0.100196
847.521,0.084728
1050.7,0.105025
4307.61,0.430492
1886.42,0.188589
921.578,0.0921498
1819.79,0.179946
632.151,0.0631523
914.604,0.0913675
2190.33,0.217545
730.195,0.072843
1934.9,0.193291
2228.47,0.222754
1880.93,0.188044
1780.46,0.178038
2162.01,0.216111
801.23,0.0801141
921.396,0.0921242
996.762,0.0995156
1255.08,0.125477
2693.6,0.269279
1947.88,0.194436
1982.08,0.198161
2996.69,1.04889
3801.78,0.379512
613.068,0.0612668
4160.73,0.415884
3427.57,0.342471
1609.73,0.160845
1146.59,0.114533
1350.54,0.135017
1489.19,0.148708
3042.8,0.304123
1663.28,0.166317
893.975,0.089355
1339.34,0.133886
1043.02,0.104288
579.771,0.0579565
852.126,0.0851936
1046.03,0.104443
858.621,0.0857799
847.722,0.0847643
1281.85,0.128102
1291.13,0.129106
1355.45,0.135476
1811.47,0.181066
3902.16,0.389972
1816.09,0.181477
937.152,0.0937106
2197.18,0.219331
1188.86,0.118023
1340.29,0.134014
1381.54,0.138109
997.342,0.0996829
2699.44,0.269359
870.26,0.0869795
883.152,0.088294
628.817,0.0628604
1543.69,0.154058
2397.04,0.239667
7358.63,0.733912
781.728,0.0780466
1973.85,0.197217
2110.28,0.210927
856.483,0.0854882
2004.69,0.20006
1474,0.147265
767.138,0.0767058
671.224,0.0670834
917.832,0.0917818
704.885,0.070471
578.135,0.0578005
966.424,0.0966374
1395.06,0.139192
865.111,0.0865085
1779.3,0.177593
1115.14,0.111482
8979.31,0.896451
1339.43,0.133915
1131.98,0.112841
1996.28,0.199487
1212.75,0.121249
1784.82,0.177592
1572.98,0.156792
929.958,0.0914887
813.254,0.0813084
896.06,0.0893671
1475.76,0.147569
903.666,0.0902151
1078.63,0.107856
830.899,0.0830557
2468.33,0.244633
1606.88,0.160464
1129.45,0.112658
2015.2,0.201426
2127.49,0.212124
579.662,0.057905
2672.06,0.266558
1582.07,0.158104
865.923,0.0865738
644.893,0.0644798
1236.08,0.123595
1478.14,0.146798
1142.78,0.114174
980.714,0.0980564
950.363,0.0949824
1622.12,0.161679
1284.98,0.128485
1275.3,0.127498
1254.73,0.121589
2229.01,0.222437
2957.66,0.295033
763.907,0.0749135
986.475,0.098639
2292.19,0.229145
2313.05,0.231245
1202.12,0.12009
1085.34,0.10853
1412.45,0.141196
1998.73,0.199451
1539.32,0.153919
1333.86,0.133373
12981.6,2.84706
817.964,0.0817672
1010.33,0.100993
900.639,0.0900504
1068.68,0.106812
1931.6,0.193144
1010.94,0.101088
614.298,0.0614178
631.837,0.0631654
2755.05,0.275446
931.413,0.0928889
1255.64,0.125546
2394.61,0.239424
2270.81,0.226872
1781.91,0.17818
1136.65,0.1136
2092.66,0.208973
1245.52,0.124488
1656.36,0.165556
1485.14,0.148451
735.56,0.0735406
1518.39,0.151777
1385.02,0.138495
1112.06,0.111136
632.997,0.0632931
9066.64,0.905507
2675.55,0.267357
1163.03,0.116272
2065.03,0.206378
975.635,0.0975461
596.243,0.0596204
1139.77,0.113958
596.483,0.0596237
1253.87,0.125378
961.012,0.0960927
3257.01,0.325363
1020.8,0.102075
1226.96,0.122677
833.303,0.083314
1918.29,0.19161
1904.11,0.190399
1058.27,0.105665
1949.08,0.194821
1749.52,0.174069
1298.75,0.128736
1064.12,0.106369
1819.55,0.181937
1152.19,0.11482
701.414,0.0700958
1572.09,0.157126
1688.3,0.168798
1282.26,0.128184
1490.93,0.14907
1858.21,0.185784
2676.3,0.267384
910.708,0.0910323
1819.97,0.181718
991.73,0.0990125
929.006,0.0928235
3029.72,0.302141
854.516,0.0854035
1097.51,0.109746
849.88,0.0849599
859.774,0.0859764
4087.32,0.408629
3035.25,0.303471
1264.1,0.125891
812.228,0.0812049
1615.5,0.161543
5574.96,0.55711
667.204,0.0667104
1484.01,0.148358
2012.67,0.201245
1020.97,0.102029
1321.54,0.132151
966.232,0.0954634
1019.3,0.10192
747.168,0.0746765
1005.53,0.100526
765.264,0.0762232
1109.91,0.110972
768.268,0.0767628
986.289,0.0985467
7282.91,0.726893
910.723,0.0910378
1824.79,0.181934
854.699,0.0853843
1251.28,0.125104
1133.82,0.113351
846.407,0.0846063
2088.33,0.208758
2077.73,0.207306
1776.9,0.17751
2116.12,0.211324
892.665,0.0892299
1070.1,0.10594
13098.1,1.30797
6122.17,0.610616
1397.67,0.139707
1514.28,0.151393
1833.15,0.183047
1335.06,0.133475
1039.64,0.103897
1100.56,0.109999
9032.2,3.97347
1217.91,0.121783
3212.37,0.320979
774.575,0.077417
1042.86,0.104281
867.217,0.0867011
1490.51,0.148918
672.888,0.0672843
843.777,0.084292
1651.18,0.16498
1270.45,0.125938
1614.28,0.161349
1039.91,0.103897
1014.55,0.101348
1784.47,0.178327
1228.66,0.122781
1422.25,0.142203
879.809,0.087883
1679.36,0.167868
846.732,0.0846483
1076.63,0.107657
1008.16,0.118352
1956.31,0.19559
1562.37,0.155584
1094.84,0.109438
4844.49,0.484076
807.104,0.0806044
765.926,0.0765511
1298.4,0.129447
1409.55,0.1409
2579.87,0.257834
1139.65,0.113687
680.948,0.0680539
1182.81,0.118232
1014.14,0.101399
754.669,0.0754621
730.069,0.072683
1507.16,0.150121
3137.66,0.313466
2355.37,0.235502
1073.77,0.107373
1273.7,0.127161
1032.67,0.103259
1942.29,0.194198
1612.98,0.161171
2033.31,0.203309
2010.08,0.200908
1492.98,0.149257
1365.98,0.136484
826.243,0.0825562
2230.19,0.222997
8216,0.961702
2744.23,0.274302
2351.37,0.234954
964.904,0.0964516
2238.4,0.223759
1231.34,0.123115
809.248,0.08089
3163.04,0.315863
953.166,0.0953035
1371.49,0.137136
980.157,0.0980095
923.558,0.0923246
1917.46,0.191227
863.983,0.0862566
475.649,0.0475552
1317.37,0.131731
743.574,0.074224
2368.87,0.236878
938.839,0.0938529
710.977,0.071086
619.225,0.0618276
1624.9,0.16229
2603.85,0.260172
827.811,0.0827389
1776.5,0.177571
831.374,0.0831313
1130.23,0.110844
2778.55,0.27779
1404.99,0.139885
704.487,0.0704259
1337.04,0.133673
2214.38,0.221365
1437.66,0.143537
860.26,0.0859861
1325.8,0.132565
1027.91,0.102782
1488.64,0.148803
16880.9,1.67956
583.836,0.0583823
1276.82,0.127662
1407.24,0.1407
1003.76,0.10024
1265.35,0.126446
962.561,0.0961103
637.349,0.0637213
1134.32,0.113412
3964.19,0.395974
733.02,0.0724118
744.269,0.0743538
1094.59,0.109418
379.552,0.0379524
1335.02,0.13348
947.671,0.0811494
1993.56,0.198811
1289.87,0.128904
718.504,0.0717935
1361.78,0.136157
2133.12,0.213232
1029.94,0.102888
851.369,0.0851355
1787.39,0.178698
681.753,0.0681091
1670.68,0.167044
1242.63,0.124122
1628.32,0.162815
2150.31,0.214943
2036.01,0.203446
1399.3,0.139809
1166.1,0.116574
1119.65,0.111767
1035.68,0.103308
1375.85,0.137556
2056.42,0.205625
1209.11,0.120735
977.82,0.09777
3172.95,0.316792
1169.86,0.116981
802.663,0.0802455
1504.63,0.150437
436.307,0.0436216
1128.39,0.112802
1099.86,0.109974
1061.24,0.105248
8596.84,0.859415
2296.85,0.229525
774.779,0.0774763
1504.98,0.150014
624.763,0.06247
1564.21,0.156355
1726.39,0.172538
1903.8,0.190312
1880.76,0.187863
1128.78,0.112843
781.943,0.078111
2522.02,0.251985
2117.98,0.21094
805.669,0.0805587
1323.81,0.132355
1441.38,0.144116
1908.6,0.190767
1813.08,0.181237
912.188,0.0911346
2224.53,0.217921
1183.74,0.117238
1622.2,0.162163
1709.66,0.17076
1521.35,0.152132
929.761,0.0929639
927.57,0.092685
1576.19,0.157431
1192.02,0.119133
1347.11,0.134678
1687.03,0.168389
1082.43,0.108128
863.644,0.0863549
633.008,0.0632958
1569.91,0.15697
1083.95,0.108137
1425.84,0.142297
1106.89,0.110636
4914.19,0.491019
592.981,0.0592684
1522.12,0.151907
1341.07,0.133808
809.043,0.080871
6497.46,0.648078
1427.45,0.142601
807.185,0.0807127
1275.99,0.127589
1148.59,0.114809
958.339,0.0958205
1135.6,0.113543
739.946,0.073975
1248.68,0.124834
540.035,0.0540026
1249.41,0.124794
1189.44,0.118711
1008.05,0.100793
1114.29,0.111383
1179.44,0.117913
563.67,0.0563492
757.802,0.0757337
2545.77,0.252733
1315.22,0.131498
1007.74,0.10076
832.951,0.0832846
1057.08,0.105695
1021.02,0.102082
730.49,0.0730241
1044.49,0.104422
1640.22,0.163966
865.273,0.0865234
1259.1,0.125882
1559.92,0.15591
563.751,0.0563705
777.407,0.0775089
1977.56,0.197705
3303.02,0.330257
3919.7,0.391505
2586.86,0.258291
1720.89,0.171881
1436.71,0.143648
1107.4,0.110716
994.605,0.0994285
1735.74,0.173364
1067.87,0.106767
953.566,0.0953297
2675.93,0.267334
691.339,0.069059
8571.87,0.856606
634.117,0.0633995
1008.67,0.100862
654.416,0.06533
2360.2,0.23589
1640.74,0.164066
745.021,0.0741158
1138.46,0.113838
660.507,0.0659013
1256.84,0.125629
771.683,0.077165
1968.67,0.196696
8140.78,0.812079
1808.53,0.180729
888.319,0.0886575
996.959,0.099361
615.308,0.0615194
709.363,0.0709167
976.859,0.0976808
1080.9,0.107991
1932.77,0.190293
2104.87,0.21045
1905.21,0.190058
1822.49,0.182214
2810.43,0.280664
2284.6,0.228029
2636.3,0.263439
1202.94,0.12027
835.932,0.0835851
2008.12,0.200776
1322.65,0.132197
2405.92,0.240369
1049.77,0.104975
939.788,0.0939745
707.139,0.070697
1642.09,0.164157
1921.34,0.192015
1302.46,0.130224
1144.49,0.114345
580.054,0.057974
946.948,0.0946679
940.225,0.0939582
3266.59,0.326573
1104.12,0.11039
1050.94,0.105029
1408.09,0.140644
847.426,0.0847318
1585.97,0.158587
1853.14,0.185198
1159.63,0.115912
2589.39,0.258639
3829.88,0.382838
1041.01,0.104086
1381.62,0.138141
1242.32,0.12418
1213.96,0.121292
1310.3,0.130921
795.038,0.0794605
1645.44,0.164435
1725.5,0.172509
2605.47,0.260199
1746.57,0.174518
1290.9,0.129015
1324.9,0.132344
1014.7,0.101424
1218.46,0.12176
2463.71,0.246323
890.545,0.0890388
673.596,0.0673575
1167.42,0.116666
1891.32,0.18905
1629.59,0.16293
1628.35,0.162771
686.844,0.068025
1262.39,0.126166
1440.41,0.143972
1038.39,0.103814
960.219,0.0959889
826.105,0.0826087
649.234,0.0648903
1140.58,0.114005
505.552,0.0505417
1212.82,0.121257
865.023,0.0865002
1071.25,0.107039
2219.01,0.221684
1298.3,0.129568
1970.16,0.196948
955.48,0.0955456
865.743,0.0865654
1235.25,0.12346
1712.73,0.171133
1400.02,0.139872
1161.54,0.116132
1955.2,0.195482
1680.21,0.16793
869.306,0.0868581
2833.35,0.282965
1572.09,0.157135
661.901,0.0661321
690.824,0.0690767
1534.04,0.15339
2176.99,0.217609
777.645,0.0777514
605.612,0.0605462
8841.38,0.882492
1073.54,0.107262
1074.14,0.107317
913.474,0.0912994
948.685,0.0948583
1081.39,0.108124
631.986,0.0631919
1367.09,0.136526
2244.43,0.224241
1216.81,0.121568
1442.28,0.144197
2131.55,0.21245
852.047,0.0851939
1142.27,0.114217
3007.21,0.300498
701.159,0.0701137
2319.24,0.231491
850.015,0.0849927
849.953,0.0849856
2225.66,0.222537
2219.14,0.221633
1878.07,0.187749
1115.5,0.111526
908.081,0.0907906
1015.07,0.101482
741.749,0.074067
1997.3,0.199534
3370.94,0.336976
1130.74,0.112959
884.895,0.0883551
1633,0.163295
3086.81,0.308624
1631.82,0.163059
887.289,0.0886688
617.451,0.0616103
1378.85,0.137763
1429.64,0.143849
1430.25,0.143016
689.998,0.0689849
2248.09,0.224658
1259.25,0.125911
1333.19,0.133301
1086.37,0.108607
1400.87,0.140057
920.229,0.0919968
814.922,0.0814354
1808.58,0.180807
1851.42,0.18513
1061.57,0.106123
1070.13,0.10665
1062.56,0.106203
2460.31,0.245889
3019.08,0.301735
1376.67,0.137604
558.472,0.0558441
822.628,0.0822365
899.147,0.0898794
767.904,0.0767388
1619.73,0.161938
929.87,0.0929298
1199.4,0.1197
2802.87,0.279962
2309.21,0.230759
1239.11,0.123709
8053.57,1.47632
2433.4,0.243197
995.836,0.099538
745.726,0.0740613
971.866,0.0970971
980.511,0.0980158
3156.88,0.315377
1371.06,0.13709
2067.65,0.206718
1376.07,0.137591
4412.08,0.441097
1139.07,0.113877
1130.63,0.113057
731.432,0.0731375
1553.34,0.155258
1579.12,0.157876
2109.86,0.210854
7948.25,0.844963
834.903,0.083483
1204.45,0.119622
572.659,0.0572475
4461.32,0.44489
1296.8,0.128949
2035.5,0.203233
1865.55,0.186404
1691.5,0.168959
8298.27,0.827977
1601.98,0.160179
1086.37,0.108607
1609.51,0.160944
1274.68,0.127429
1097.05,0.109594
825.408,0.0825128
2480.6,0.248035
1426.7,0.142345
5933.33,0.589693
931.85,0.0931449
1143.89,0.114332
1050.64,0.10504
1104.57,0.110353
2203.26,0.220256
1558.79,0.155818
1854.34,0.185108
1299.61,0.129869
602.226,0.0601337
1144.02,0.114297
1669.57,0.16678
913.694,0.0904347
2122.52,0.212009
647.585,0.0647457
965.813,0.0965489
1069.96,0.106983
685.214,0.0684967
614.237,0.0613611
533.924,0.0533569
2613.42,0.264712
780.346,0.077927
1068.4,0.106675
1160.66,0.116054
1837.85,0.18311
2483.8,0.247998
8705.66,0.86832
948.188,0.0948126
2254.56,0.22544
1563.51,0.156313
872.182,0.0871659
853.964,0.0852402
1047.62,0.10466
608.245,0.0606694
1261.19,0.125926
749.66,0.0749546
1154.02,0.115326
1260.49,0.126026
763.443,0.0763194
824.656,0.0824618
1289.36,0.128765
1248.09,0.124676
1048.48,0.10477
1080.95,0.10809
700.839,0.0700744
918.052,0.0917884
2575.87,0.257546
723.574,0.0723425
766.94,0.076629
1141.09,0.114052
2005.23,0.200397
2017.01,0.201675
1052.09,0.105184
1752.73,0.175009
1069.07,0.106901
4006.26,0.400444
1154.9,0.115462
1376.34,0.137624
1604.29,0.160417
1179.14,0.117836
1067.53,0.106653
2034.96,0.203234
2098.92,0.209479
1306.2,0.130506
1864.37,0.186324
950.198,0.0949985
1111.4,0.111137
1418.93,0.141858
1837.29,0.183671
1149.85,0.114885
1117.15,0.111535
745.14,0.0744173
1764.71,0.176434
972.723,0.0972515
849.642,0.0849174
733.549,0.0733364
1428.32,0.142571
874.74,0.0872021
1702.43,0.170117
1357.9,0.13575
20896.9,3.48266
935.221,0.0935095
1440.02,0.143956
881.172,0.0881139
993.714,0.0993564
1011.63,0.10116
876.682,0.0876653
3034.45,0.303407
1365.85,0.136567
1210.04,0.120873
1601.48,0.160091
7105.32,0.709666
1186,0.117398
919.164,0.0918252
2351.81,0.235053
583.505,0.0583
1127.07,0.112697
525.658,0.052519
475.912,0.0475906
2305,0.230493
1211.59,0.121069
888.928,0.0887711
2552.53,0.254977
814.578,0.0814106
968.947,0.0968462
2109.62,0.210714
2798.43,0.279698
3024.41,0.302362
1276.01,0.12755
1323.09,0.132206
1117.08,0.111696
1421.69,0.141914
1266.69,0.126659
1248.41,0.124559
783.515,0.0783491
3323.03,0.332127
1557.27,0.155714
3504.52,0.350241
1300.49,0.130028
1132.89,0.113279
1525.17,0.152475
1198.49,0.11976
777.543,0.0776974
764.471,0.0764303
1862.91,0.186271
1629.93,0.162895
1993.76,0.199319
832.804,0.0832657
735.78,0.073567
1287.4,0.128709
1033.96,0.103373
1863.41,0.186271
1984.23,0.197571
856.948,0.085671
1102.13,0.110193
1170.84,0.116967
877.444,0.0875391
2231.96,0.22261
958.97,0.0958408
769.879,0.076987
1428.83,0.142843
1172.15,0.117189
1443.69,0.144327
2049.24,0.204864
1453.36,0.145197
1035.81,0.102017
1842.53,0.184187
609.747,0.0604995
738.052,0.0738044
1174.51,0.117159
840.538,0.0840166
928.413,0.107461
2191.43,0.218995
855.104,0.0854951
1516.07,0.150728
1327.13,0.132673
5344.85,0.746918
2359.26,0.238292
1321.43,0.13213
871.933,0.0871541
1194.28,0.119413
761.36,0.0760993
3581.46,0.357645
6399.79,0.639759
7095.21,0.708118
4199.97,0.418995
1182.54,0.118193
811.62,0.0811482
1267.82,0.113273
1039.24,0.103865
5023.89,0.502125
2054.24,0.205314
679.027,0.0678904
1123.82,0.112352
634.79,0.0633976
1275.08,0.127292
2437.62,0.24352
1022.32,0.102227
1127.82,0.112638
1217.01,0.12165
2172.64,0.216257
2257.89,0.225421
1203.79,0.120353
1173.27,0.117277
2482.23,0.248044
2784.83,0.278411
5735.75,0.57161
613.004,0.0612651
1101.05,0.110098
3061.3,0.306028
980.871,0.0980717
1404.87,0.140479
739.859,0.073982
1093.79,0.109357
1173.99,0.117302
1262.71,0.126085
1946.08,0.194451
1261.36,0.126065
721.329,0.0720192
994.308,0.0994217
9360.49,0.934648
2648.35,0.264791
2165.55,0.216022
1573.67,0.157239
2518.49,0.251826
731.497,0.073129
1709.71,0.170802
786.492,0.078613
718.19,0.0717992
1222.02,0.122122
1045.69,0.104554
2429.42,0.242819
1491.69,0.149151
864.833,0.0864782
707.967,0.0707939
2233.43,0.223229
1083.11,0.108301
6461.85,0.64584
951.406,0.095009
1053.3,0.10529
853.429,0.0853383
3015.71,0.301183
1267.47,0.126689
724.393,0.0723625
1277.53,0.127735
2218.3,0.221752
691.566,0.0691526
2186.21,0.218385
1073.7,0.107277
642.867,0.064278
1097.04,0.109698
4751.54,0.474632
3199.17,0.319057
3685.24,0.367521
830.468,0.08303
2609.28,0.260784
1327.22,0.132642
851.059,0.0851003
1648.29,0.164223
1283.69,0.128355
1487.08,0.148701
1104.14,0.110379
17303,1.7264
1566.04,0.156581
661.068,0.0661065
493.327,0.049287
1019.04,0.101852
2976.78,0.297624
2179.85,0.216177
1192.87,0.119175
1986.33,0.198128
752.222,0.0751992
1337.95,0.13361
824.5,0.0824402
2971.28,0.296882
819.841,0.0819596
1821.21,0.181906
807.521,0.0807191
836.186,0.0827102
1558.58,0.155842
1361.29,0.136104
844.07,0.0843185
1302.05,0.130181
1461.31,0.146032
1218.16,0.12181
719.38,0.0714275
877.625,0.0877475
1839.99,0.18334
971.695,0.0971551
1183.52,0.118338
2569.18,0.256864
1741.3,0.173878
3730.87,0.371525
1496.17,0.149407
1415.97,0.141287
2783.66,0.278137
5076.51,0.507454
842.965,0.0842925
905.685,0.0905343
2320.02,0.231913
1858.43,0.18549
1738.22,0.173815
1294.82,0.129432
2378.3,0.237795
1446.79,0.144673
975.487,0.0974897
1544.56,0.154413
691.305,0.0689637
1302.32,0.130227
1870.81,0.186906
930.343,0.0930093
1284.05,0.12814
1044.64,0.104453
627.039,0.0626998
552.297,0.0550278
1507.32,0.15052
1118.84,0.111821
2089.63,0.151241
813.619,0.0812936
3445.99,0.343972
845.315,0.0845187
948.977,0.0948852
1286.12,0.128151
1313.19,0.131279
981.678,0.0981594
523.961,0.0523692
2005.51,0.199758
1253.63,0.124768
1746.93,0.17458
1545.15,0.154462
1116.65,0.111591
1725.59,0.172287
1567.07,0.156691
1038.85,0.103788
4215.46,0.421385
1006.25,0.10059
833.01,0.0832865
2446.89,0.244582
1628.69,0.162773
1026.47,0.102355
1243.99,0.12432
1096.84,0.109682
1835.3,0.182856
1790.02,0.178899
835.71,0.0835599
1575.17,0.15749
875.964,0.0873547
21078,2.10102
1884.21,0.188408
3465.4,0.34647
2802.47,0.280198
734.212,0.0733829
1012.44,0.101181
1253.37,0.125331
1075.05,0.107458
1521.75,0.152168
1367.85,0.136715
1430.6,0.143037
723.328,0.0723055
729.709,0.0729539
907.968,0.0907255
595.491,0.0595334
1659.9,0.165884
3081.91,0.308054
1293.46,0.129114
1240.93,0.123855
2603.96,0.260317
1320.01,0.131987
1749.77,0.174812
1229.64,0.122822
1127.44,0.112613
905.57,0.0903448
2743.22,0.259041
2358.6,0.235826
978.39,0.0978208
669.488,0.066941
1627.55,0.162472
1473.83,0.147178
1600.49,0.159908
881.086,0.0880764
614.596,0.0614397
660.048,0.0659676
1016.87,0.101634
957.808,0.0957779
1164.84,0.11646
680.566,0.0680216
1976.73,0.197591
764.487,0.0741781
1382.05,0.138173
4048.84,0.404528
1437.68,0.143697
1032.4,0.103046
3433.14,0.343239
452.478,0.0452469
1244.26,0.124422
439.099,0.0438546
1232.82,0.123241
1123.63,0.112205
1060.71,0.106052
1713.94,0.171335
867.18,0.0866922
1149.38,0.114858
605.851,0.0604129
810.409,0.0809429
966.937,0.0966927
728.293,0.0728136
917.804,0.0917657
2554.65,0.255381
862.793,0.086215
547.234,0.0547116
1198.89,0.119885
1657.19,0.165439
3509.6,0.35083
855.28,0.0855235
1300.72,0.13004
1756.85,0.175667
646.611,0.0646557
1688.29,0.168814
1940.43,0.193109
1442.84,0.144216
1393.87,0.139322
715.96,0.0715671
2002.88,0.200183
1307.41,0.130626
1339.28,0.133847
799.453,0.0799355
900.881,0.0900815
1068.94,0.106889
2034.03,0.20335
2276.88,0.227649
2169.64,0.216947
1846.47,0.184631
930.921,0.0929638
858.901,0.0858583
1913.94,0.191289
2720.55,0.271863
2375.67,0.237416
901.168,0.0900811
977.56,0.0977472
1860.62,0.185617
1163.17,0.11629
5471.92,0.54656
527.821,0.0527256
889.199,0.0888895
1932.25,0.193115
977.866,0.0977743
1946.88,0.194562
8254.6,0.824485
1618.9,0.161869
1172.74,0.117255
1770.4,0.177031
1071.95,0.107058
691.789,0.0691656
2498.01,0.248652
1090.84,0.109074
958.66,0.0958041
2168.21,0.216732
3735.61,0.37339
913.246,0.0911413
1402.78,0.14027
1567.93,0.1567
1001.43,0.100131
648.004,0.0647701
1657.88,0.165645
819.269,0.0818461
1041.74,0.104168
1359.43,0.135839
970.996,0.0970841
996.502,0.099497
3170.27,0.181535
1044.47,0.104406
1657.62,0.165729
1263.22,0.126112
1101.05,0.11002
1987.74,0.198646
1986.35,0.198255
1337.39,0.133478
1192.55,0.119196
1156.91,0.115655
2127.32,0.212635
839.937,0.0839731
1153.88,0.11533
1685.49,0.168534
373.907,0.0373893
1179.66,0.117932
2408.95,0.240745
2554.59,0.255373
1051.23,0.105053
2848.24,0.284583
927.334,0.0927123
1311.01,0.131073
1096.64,0.109589
1545.13,0.154475
1372.1,0.137178
1910.79,0.190925
931.154,0.0924165
1401.69,0.140106
1148.31,0.114786
872.839,0.0872465
936.841,0.0934161
1031.54,0.102744
797.604,0.0797345
935.337,0.0934773
2704.1,0.270229
1177.33,0.118519
979.87,0.0979807
866.161,0.0865691
2236.22,0.223519
1408.35,0.140688
1408.09,0.140735
931.004,0.0930237
1008.56,0.100191
11148.6,1.11388
1258.74,0.125865
4222.74,0.422107
3480.9,0.347839
2375.25,0.237413
845.598,0.0845457
1128.22,0.112761
2783.28,0.278304
1040.18,0.103995
662.776,0.0662681
1615.17,0.161393
859.1,0.0858994
885.025,0.0884704
716.165,0.0715274
2686.87,0.268539
14471.5,1.44227
1309.97,0.130559
1576.76,0.157182
3531.7,0.352967
1130.62,0.113024
929.63,0.0929531
774.532,0.0773754
1172.86,0.117192
4283.34,0.427856
1064.01,0.106345
3276.71,0.327582
3826.27,0.38164
1135.11,0.113487
944.313,0.0942538
900.378,0.0899794
992.287,0.0992115
837.25,0.0836819
1130.93,0.112423
1682.84,0.168261
965.069,0.0964113
4104.26,0.410119
2013.14,0.201195
1090.75,0.108931
1024.48,0.0993294
1383.84,0.138351
649.626,0.0648328
1047.69,0.104745
563.595,0.0563347
1469.35,0.146884
1895.57,0.189157
803.994,0.0803395
1984.82,0.198055
775.911,0.0775809
948.818,0.094154
1062.12,0.106191
1341.75,0.133945
1236.09,0.123584
1071.11,0.107081
6526.17,0.647713
2756.81,0.27535
1004.31,0.1004
1019.91,0.101978
705.965,0.0705592
2374.87,0.237461
12391.1,1.23014
1121.76,0.111532
691.836,0.0691776
1485.23,0.148504
1811.45,0.181113
1099.69,0.109963
1013.89,0.101336
1963.44,0.196313
755.026,0.075502
901.667,0.0900776
2268.14,0.226768
2327.99,0.232752
753.751,0.0753298
945.971,0.0945107
1185.94,0.118562
1081.83,0.108112
2501.71,0.249557
1301.95,0.130156
953.452,0.0952849
2112.56,0.211238
472.934,0.0472399
4393.53,0.437151
2224.6,0.222022
910.805,0.0910718
1125.83,0.112578
594.162,0.0593083
1246.6,0.124652
1107.03,0.110658
1088.02,0.10878
897.145,0.0897027
3278.32,0.327692
1020.62,0.10195
971.368,0.0970497
1984.28,0.198399
1886.2,0.188577
1038.87,0.103298
1143.32,0.114296
453.639,0.0453416
1630.33,0.162988
1370.66,0.136793
2004.95,0.200441
1622.61,0.162216
904.713,0.0904586
1569.25,0.15684
1294.76,0.129402
1266.34,0.126439
4018.92,0.401626
1156.82,0.115638
660.37,0.0660016
2696.75,0.269438
1084.71,0.108423
1373.63,0.137077
984.079,0.0983416
1109.23,0.110862
1408.12,0.14075
1899.02,0.189898
2140.57,0.213957
3483.55,0.34823
871.697,0.0871543
994.692,0.0994138
4125.46,0.412477
1612.79,0.161184
1007.77,0.0999229
1242.76,0.124226
891.715,0.0891413
19245,1.91454
1222.52,0.122175
956.243,0.0956185
1491.53,0.149064
1176.61,0.117629
800.28,0.0798751
1083.03,0.108231
863.117,0.086307
5741.42,0.561617
3684.11,0.368265
1496.48,0.14952
2194.35,0.218782
1194.87,0.119458
1176.96,0.11763
1599.92,0.159925
1113.08,0.111301
843.251,0.0843021
839.451,0.0838979
1558.45,0.155751
923.126,0.0922889
1110.64,0.111052
2930.05,0.292898
675.794,0.0674571
545.398,0.0545334
636.927,0.0636603
1097.24,0.109549
3517.24,0.351348
1224.32,0.122305
1372.57,0.137179
1242.43,0.124128
2737.93,0.273657
1058.44,0.105794
1100.86,0.109931
5128.72,0.510941
5450.49,0.544618
1214.03,0.121191
1036.6,0.103642
1331.66,0.133052
891.962,0.0891421
1249.99,0.12494
3491.73,0.348999
928.608,0.0928481
1116.69,0.111614
751.707,0.0751631
1344.95,0.134424
1208.2,0.120601
1050.97,0.104831
1048.45,0.104817
975.621,0.0975569
1503.26,0.150272
887.509,0.0887201
603.629,0.0600696
905.159,0.0904969
783.228,0.0780636
1306.95,0.130543
1501.92,0.150105
459.383,0.0459294
1087.69,0.108735
813.025,0.0812594
719.853,0.0719149
2337.96,0.233761
726.179,0.0725725
1155.91,0.115581
852.881,0.0851981
2300.62,0.229354
2262.97,0.226172
1280.5,0.128028
989.152,0.0987146
952.395,0.0952296
1328.65,0.132845
3101.47,0.309824
1291.39,0.12894
5204.79,0.516017
1111.99,0.111182
2195.72,0.219484
1217.37,0.121714
865.078,0.0864863
2258.76,0.225534
650.892,0.0649522
2126.59,0.212617
2408.03,0.239858
1270.27,0.126748
1114.3,0.111384
1443.48,0.144323
962.554,0.0961838
1260.15,0.126005
869.441,0.0867741
941.401,0.0940935
598.192,0.0598045
885.83,0.0885498
1112.6,0.111119
1026.53,0.102622
1026.58,0.102624
1859.3,0.185843
1043.61,0.104346
15025,1.50008
999.996,0.0999497
1090.16,0.109011
1379.33,0.137568
1061.05,0.105989
1352.68,0.135233
749.953,0.0749912
1832.43,0.183055
3289.44,0.32892
732.805,0.0732521
1572.11,0.157189
1445.39,0.144486
1159.83,0.115909
728.44,0.0728002
1660.78,0.165818
986.88,0.0986737
1021.86,0.102177
1180.9,0.118047
2003.33,0.200143
5600.6,0.559531
1094.24,0.10941
2062.44,0.206218
3092.72,0.308979
1056.62,0.105636
1308.42,0.130543
1081.93,0.108079
1425.95,0.142542
1797.8,0.179721
895.016,0.0895004
1515.76,0.151373
1884.64,0.188434
886.929,0.088674
918.252,0.0918086
1398.03,0.139715
1695.4,0.169512
953.3,0.0952468
955.852,0.095447
1264.72,0.126458
2853.2,0.285056
2041.17,0.204059
8147.19,0.81397
623.033,0.0622004
1100,0.10999
1784.75,0.17836
1284.86,0.128458
1029.86,0.102939
1579.65,0.157813
1188.96,0.118584
1509.74,0.150784
683.941,0.0683786
1502.94,0.150283
631.687,0.0631672
2652.46,0.265183
1049.59,0.104942
4204.99,0.420383
3609.41,0.36082
4705.11,0.470446
488.623,0.04882
6817.19,0.681225
1052.46,0.105138
1314.2,0.131294
765.736,0.0765666
942.813,0.0942796
975.817,0.0975679
912.264,0.0912186
794.955,0.0794919
2198.88,0.219611
1799.1,0.179855
1770.47,0.176925
4981.12,0.4979
1213.57,0.121015
1063.2,0.106316
1981.84,0.197902
2949.37,0.294849
1119.43,0.108796
1563.23,0.156295
1951.17,0.194987
1710.86,0.171035
1310.62,0.130926
1040.15,0.104011
1573.66,0.156704
1779.82,0.177642
776.599,0.0776592
1137.45,0.112777
2141.86,0.214064
1209.97,0.120977
1005.14,0.100466
1009.69,0.100929
1155.09,0.114738
2785.74,0.278396
889.368,0.0889143
1961.97,0.196093
746.962,0.0746789
972.498,0.0972294
560.837,0.0560759
3271.54,0.325501
916.46,0.0916193
2090.65,0.209024
2378.71,0.237718
970.545,0.096975
1133.55,0.113305
751.745,0.0750441
2045.17,0.204432
1219.58,0.121834
1535.49,0.153508
3988.99,0.398667
3996.71,0.398586
2032.02,0.203116
1623.41,0.162267
2589.61,0.258732
1186.63,0.118649
1106.96,0.110624
1178.66,0.117792
6100.44,0.609466
2623.48,0.261663
2748.8,0.274724
2310.07,0.230987
1191.76,0.118526
1230.96,0.123045
1769.33,0.176927
1217.17,0.12155
808.278,0.0807414
608.433,0.0607982
994.046,0.0993712
1305.98,0.130496
502.874,0.0502739
681.111,0.0680939
2864.38,0.286216
998.746,0.099723
1880.12,0.187974
1225.06,0.122467
965.898,0.0965554
1261.41,0.126065
1990.89,0.198961
1092.54,0.108648
1230.25,0.123008
980.359,0.0979994
871.57,0.0868375
864.423,0.086413
814.295,0.0812239
2108.86,0.210658
1359.92,0.135984
737.297,0.0737238
1108.74,0.110823
1665.8,0.166538
1200.27,0.119949
1156.11,0.115548
1131.56,0.113116
1084.78,0.108437
1173.89,0.117359
2413.09,0.241145
806.871,0.0803317
5529.41,0.55267
2718.39,0.271758
1071.18,0.107038
854.422,0.0854131
683.832,0.0683212
1650.56,0.164933
1938.94,0.193811
2102.11,0.210008
1730.26,0.173018
889.163,0.0888755
1121.43,0.0968737
1480.58,0.148042
1258.95,0.125886
932.251,0.0932079
592.967,0.0592902
917.219,0.0916011
970.607,0.0970166
867.864,0.0867399
891.304,0.0890897
15274.7,1.52646
1801.64,0.180116
1384.51,0.138423
1631.4,0.162683
922.936,0.0920967
872.37,0.0872172
742.766,0.0742739
1023.62,0.102236
1357.22,0.135721
1045.02,0.104173
1446.9,0.144473
1247.03,0.124408
1314.84,0.130548
885.95,0.0885308
1311.35,0.130899
918.542,0.0918424
1314.59,0.13135
3848.58,0.384785
1562.64,0.156155
1164.25,0.116388
944.454,0.0944329
2758.2,0.275697
787.252,0.0786892
1107.1,0.110707
1702.28,0.169979
2003.94,0.200136
1059.89,0.105965
6968.14,5.24707
14353,1.43255
618.777,0.0618751
958.41,0.0958188
3827.03,0.379912
1005.48,0.100529
1202.39,0.120236
13250.2,1.32357
2338.97,0.233821
967.972,0.0967689
1757.78,0.175666
2211.57,0.221102
634.126,0.0633973
836.804,0.0836738
1408.63,0.140718
636.178,0.0636158
564.795,0.0564549
1804.87,0.180365
2001.1,0.200004
570.35,0.0570111
1969.8,0.196516
616.586,0.061651
1708.84,0.170746
900.854,0.0900731
819.743,0.0819673
1280.27,0.127737
790.582,0.0790513
1729.06,0.172842
4826.74,0.482091
3414.87,0.340714
5724.35,0.571377
1255.6,0.12551
1535.57,0.153547
1422.74,0.141842
1210.98,0.120997
1247.84,0.12475
1405.62,0.140516
909.941,0.0909118
3748.69,0.374794
1287.93,0.128733
1641.44,0.164138
2656.13,0.265178
905.901,0.0905533
2765.4,0.276358
656.708,0.0656703
1189.54,0.118925
4172.4,0.417188
1401.11,0.139957
1621.83,0.162138
1400.5,0.140022
844.23,0.0843687
1266.32,0.126569
1959.35,0.195902
2129.22,0.212774
932.102,0.0932005
1099.72,0.109929
1073.82,0.107138
9980.99,0.995083
1477.79,0.14738
739.88,0.0739627
1143.07,0.114268
4021.31,0.400799
936.788,0.0933322
1051.89,0.10517
2191.06,0.187792
1426.44,0.137004
2486.03,0.248355
774.032,0.0773859
842.204,0.0842093
1097.82,0.109672
2708.22,0.270745
1363.56,0.13633
1016.06,0.101591
877.664,0.0876041
966.563,0.0966495
1900.29,0.189945
1017.41,0.101707
1518.72,0.151844
827.363,0.0827103
875.387,0.0875251
883.146,0.0882149
1163.79,0.116361
981.484,0.0981297
877.209,0.0876874
2426.42,0.242316
1155.41,0.115288
969.624,0.0969369
938.894,0.0938873
1402.83,0.140252
1733.01,0.172762
4531.16,0.452782
833.75,0.0833701
1099.52,0.109909
18495.1,4.02184
1268.45,0.126814
738.338,0.073548
4180.04,0.417749
876.34,0.0875787
749.036,0.0748899
1379.31,0.137912
1131.92,0.113118
2161.95,0.216154
2216.03,0.217974
763.424,0.0763136
4303.68,0.430007
592.914,0.0592792
7275.82,0.726901
692.135,0.0691891
691.39,0.0691372
935.527,0.0935436
5780.98,2.49198
2696.21,0.269447
953.743,0.0953045
1698.83,0.169772
1034.82,0.103468
3342.92,0.333938
2954.37,0.295159
384.535,0.0384393
1144.38,0.114417
450.239,0.0450125
1130.14,0.112981
2489.08,0.248769
1612.68,0.161202
1156.22,0.115573
1355.05,0.13543
2527.23,0.252587
2071.02,0.206918
2091.02,0.209007
2099.77,0.209837
1345.46,0.134405
1428.14,0.142755
1083.11,0.10823
1323.67,0.132299
759.711,0.0758769
798.857,0.0798537
3633.03,0.363065
1877.03,0.187375
432.956,0.0429731
2795.84,0.279508
2091.38,0.20878
1149.7,0.11493
3791.67,0.378369
1047.31,0.104712
26103.8,2.5838
1431.49,0.14245
1024.82,0.102394
4465.95,0.446223
1139.43,0.11393
2004.36,0.20041
858.194,0.085763
733.326,0.0733175
1406.74,0.140609
1945.9,0.194458
617.512,0.0616838
1040.54,0.104035
1014.25,0.101373
2051.3,0.2051
1706.64,0.167257
798.818,0.0798762
1186.56,0.118543
1699.88,0.169954
1024.02,0.102384
1330.53,0.133032
2580.29,0.257932
1227,0.122528
2076.23,0.206905
1467.41,0.146543
694.189,0.0693528
1051.57,0.105094
952.496,0.0951605
913.004,0.0911837
1085.88,0.108462
1819.14,0.179935
3529.39,0.352761
932.646,0.0930344
929.464,0.0928898
900.125,0.0899996
1177.18,0.117577
694.503,0.0694443
1138.63,0.11385
1130.15,0.112997
609.754,0.0609715
2265.28,0.226354
1996.51,0.199546
2066.66,0.206604
978.916,0.0978687
2848.16,0.284567
900.55,0.0900449
764.062,0.076393
1035.35,0.1035
3062.39,0.305954
800.079,0.0799798
1773.49,0.177303
1196.82,0.11965
1340.68,0.134039
812.178,0.0809684
819.646,0.081964
752.165,0.0752149
1948.98,0.19455
5076.82,0.504788
1233.3,0.123123
1066.26,0.106107
1521.49,0.152049
1772.88,0.17722
4144.89,0.414151
3931.18,0.392997
1253.37,0.125288
2538.14,0.253754
901.774,0.0900183
928.207,0.092816
893.66,0.0893636
732.065,0.0731549
831.804,0.0831299
1112.35,0.111225
2336.32,0.233438
941.858,0.0941621
4872.6,0.486855
1323.85,0.131891
1284.8,0.128401
1849.33,0.184913
1126.85,0.112658
759.24,0.0759096
4061.59,0.405359
2196.17,0.219504
916.644,0.0916547
2281.02,0.22788
807.288,0.0806604
2170.5,0.216901
1086.61,0.108626
741.413,0.0741325
914.332,0.0914244
1293.46,0.129227
1033.58,0.103248
1051.84,0.103179
1668.37,0.166783
1584,0.158374
3503.03,0.350164
867.269,0.0867161
910.032,0.0908883
738.245,0.0727027
1263.65,0.126295
1249.96,0.124961
3259.15,0.325814
4210.17,0.42059
882.548,0.0882407
1124.94,0.11247
864.476,0.0864336
1854.79,0.185461
2443.95,0.244379
1061.76,0.106169
9354.86,0.933943
551.915,0.0551037
744.382,0.0744202
1954.89,0.195428
1040.54,0.103818
10424.1,1.0394
2090.73,0.208895
2161.95,0.216094
817.878,0.0816881
1239.83,0.123912
2047.95,0.204789
2256.24,0.225458
1265.66,0.12545
670.654,0.0670411
2077.73,0.207653
1394.32,0.139368
2854.73,0.285274
1256.67,0.12563
1859.94,0.185926
1392.78,0.13919
1002.19,0.100205
2110.85,0.211068
1547.26,0.154706
490.618,0.0489487
1435.65,0.143483
2563.33,0.256115
920.375,0.09202
2015.3,0.198134
751.945,0.0750993
1495.43,0.151822
1572.59,0.157145
695.776,0.0695527
1138.99,0.113824
4326.02,0.432255
518.811,0.051853
1191.25,0.11904
1349.41,0.13491
1442.23,0.144203
1137.22,0.113712
1142.54,0.114245
1196.03,0.119513
1112.25,0.111218
856.029,0.0854997
1224.4,0.122319
3004.67,0.300162
4035.68,0.403052
1222.94,0.121894
554.389,0.0553697
1336.23,0.133588
3588.26,0.358463
4829.67,0.482341
2231.79,0.223083
1341.72,0.134101
1407.78,0.140745
810.365,0.0810316
886.064,0.0880329
1450.63,0.144781
963.358,0.0963231
781.637,0.0781624
1277.09,0.127683
5963.93,1.68606
1254.77,0.125423
804.575,0.0800556
1261.66,0.126143
809.887,0.0809739
1626.79,0.162607
2100.7,0.209534
5721.09,0.571278
769.366,0.0769141
1407.22,0.140617
1637.06,0.163699
1164.66,0.116387
2650.25,0.264936
3040.39,0.303875
1643.73,0.164304
2216.16,0.26398
1041.74,0.104022
4355.52,0.435028
1147.03,0.114689
1291.66,0.129122
615.17,0.0614309
1071.82,0.107175
1138.46,0.113838
1686.79,0.168592
1346.84,0.134653
1477.02,0.147671
608.334,0.0608307
929.763,0.0929695
910.263,0.0909487
880.118,0.0879624
2735.17,0.273471
680.848,0.0680836
755.732,0.0755716
1137.54,0.113719
1002.01,0.100152
1198.89,0.119874
3283.91,0.327905
901.296,0.09007
1080.59,0.107852
924.101,0.0924073
948.034,0.0947561
1249.08,0.124899
592.956,0.0592632
1696.99,0.169411
794.703,0.079445
2531.44,0.247705
976.639,0.0976529
1300.59,0.130051
1857.64,0.22013
1088.39,0.108832
16698,1.66832
994.334,0.0993217
1527.06,0.152418
14814.5,1.47732
1224.38,0.122427
965.242,0.0963164
816.99,0.081633
712.362,0.0712345
635.051,0.0633421
961.849,0.0961535
1256.89,0.124825
1135.65,0.113555
1214.29,0.121386
1019.25,0.101879
739.351,0.0738996
1025.54,0.102422
1929.04,0.192797
786.111,0.0785873
1913.46,0.191092
4156.01,0.415333
1818.59,0.181814
881.27,0.088085
800.172,0.0799523
1417.47,0.141623
4380.96,0.437872
697.463,0.0697033
1989.33,0.19876
734.179,0.0732153
990.446,0.0990203
2188.92,0.212478
2059.25,0.205801
1281.77,0.128125
1702.2,0.170195
713.191,0.0713002
1452.9,0.145266
2467.44,0.246733
4273.05,0.425847
15105.5,1.50634
2376.36,0.237593
1469.62,0.146889
1804.63,0.180091
1965.72,0.196284
3999.29,0.399597
946.866,0.0946612
1410.48,0.140976
3672.74,0.365705
2278.56,0.227683
1026.44,0.102228
1686.24,0.168528
1089.84,0.10863
3405.69,0.340518
617.31,0.0617123
513.269,0.0513024
4683.47,0.468032
1011.5,0.100474
1161.04,0.116078
722.907,0.0722817
970.774,0.0933439
1093.48,0.108901
1591.8,0.159134
4416.14,0.441112
653.387,0.0652941
2202.87,0.220202
1563.43,0.156127
1984.46,0.198332
2424.94,0.241823
880.439,0.088035
594.185,0.0586569
787.197,0.0787091
867.842,0.0864022
1908.68,0.190816
1056.68,0.10566
765.344,0.0765103
2044.71,0.204352
1055.06,0.10544
904.939,0.0902984
1745.48,0.174507
1025.96,0.102586
3605.27,0.359871
1397.27,0.139664
1330.65,0.132494
1981.06,0.197445
1001.86,0.100179
780.821,0.0778965
3882.2,0.387973
885.315,0.0884918
1811.01,0.179325
993.687,0.0993551
1437.44,0.1437
1226.57,0.122622
1250.15,0.124991
1012.59,0.101242
5351.84,0.532461
676.319,0.067622
860.117,0.0859912
3914.5,0.391068
1000.68,0.100037
3239.67,0.323214
1307.59,0.13063
1124.71,0.112459
1048.68,0.104846
1395.89,0.139457
1031.88,0.103181
1010.71,0.101041
1600.77,0.160022
876.048,0.0875548
2056.37,0.205612
2219.12,0.221832
934.362,0.093419
2444.03,0.244372
899.075,0.0898573
1096.65,0.109609
2442.24,0.244046
10824.3,1.08072
1307.47,0.13057
924.784,0.0923512
1077.02,0.107651
1196.99,0.119567
1019.5,0.101902
470.372,0.0469815
845.074,0.0844537
579.08,0.0578749
877.062,0.087665
786.294,0.0786198
828.882,0.0828152
976.989,0.0976375
2972.67,0.297219
1063.59,0.106335
1134.93,0.113477
16989.5,1.69512
1760.11,0.175892
1041.48,0.104109
886.151,0.0886132
1715.07,0.171351
1045.94,0.104447
532.141,0.0532007
1203.19,0.120306
2660.99,0.265873
1327.02,0.132688
3543.01,0.354219
1120.94,0.112089
772.93,0.0772196
1804.58,0.18023
2128.48,0.212814
1537.04,0.153503
1498.74,0.149856
715.476,0.0714838
785.907,0.0785701
1113.63,0.111315
1919.55,0.191899
1272.39,0.127203
2629.23,0.262769
1262.58,0.126214
1054.04,0.105402
1068.98,0.106874
1273.39,0.127111
975.901,0.097487
1504.06,0.150376
1311.18,0.131116
1514.49,0.151282
2343.93,0.233324
2738.55,0.273599
1076.42,0.107335
1284.63,0.127957
1400.12,0.13999
888.977,0.0888577
1148.72,0.114683
1171.86,0.11716
703.086,0.0698499
788.136,0.0787969
1614.95,0.161342
1152.6,0.115242
2127.29,0.212449
1051.81,0.105173
1840.65,0.184029
2188.1,0.21864
763.744,0.0763695
1202.01,0.120151
799.234,0.0798876
1146.27,0.115739
1639.87,0.16391
2313.17,0.231
1831.98,0.183145
1123.2,0.112315
752.202,0.0751188
1989.78,0.198843
944.211,0.094415
1065.43,0.106499
10806.2,1.07541
1050.74,0.105065
1147.53,0.114704
1506.19,0.150518
1520.84,0.151917
2025.93,0.202245
1415.43,0.141479
2184.01,0.218372
1092.63,0.109251
4399.23,0.439462
1354.01,0.135326
4622.18,0.461651
1682.81,0.168147
1163.88,0.117289
1452.23,0.145191
961.437,0.0961383
715.565,0.0714416
1374.98,0.137477
1579.67,0.157783
1470.64,0.147023
848.277,0.0848163
1071.28,0.10708
875.306,0.0874946
2040.74,0.204056
4178.47,0.415614
1406.03,0.140455
1153.58,0.115335
768.372,0.0767428
1590.75,0.158903
836.529,0.0836394
1606.57,0.160404
1594.03,0.15933
1435.13,0.14322
1590.08,0.158953
5573.49,0.556313
1086.25,0.108584
895.15,0.0894914
2371.3,0.237012
703.554,0.070337
1672.19,0.167096
18333,1.71023
541.162,0.0540933
1018.24,0.101755
1234.55,0.123309
642.461,0.0641967
2383.29,0.237375
937.858,0.0937758
974.794,0.0974177
495.214,0.0493752
1559.47,0.155905
865.029,0.0864831
2050.64,0.204984
841.796,0.0841656
1203.43,0.120285
1204.74,0.120465
580.441,0.0580192
2747.93,0.274665
1255.28,0.125183
2701.85,0.270102
1428.87,0.142874
1890.56,0.189017
1201.52,0.119909
1358.46,0.135575
1312.66,0.131186
1082.71,0.108262
989.191,0.0988722
1203.92,0.120375
752.54,0.0752454
615.301,0.0615053
1047.34,0.104643
582.283,0.0582215
1445.4,0.144337
597.916,0.0596179
3393.64,0.339329
1222.3,0.122202
895.597,0.0894994
746.323,0.0745978
884.231,0.0883669
1264.11,0.125647
957.508,0.0957458
1194.01,0.119384
7729.8,0.771846
1072.82,0.105153
953.446,0.0952837
951.918,0.0951524
2101.83,0.209374
1145.06,0.114468
1411.18,0.141095
1461.57,0.146106
1026.89,0.102666
658.54,0.0658439
1720.23,0.171984
923.43,0.092337
832.74,0.0831148
1778.19,0.177357
903.06,0.090273
2056.33,0.205539
1706.89,0.170683
801.649,0.0801603
1086.04,0.109474
1056.2,0.105382
1339.37,0.133746
1131.03,0.112976
957.068,0.0956288
2013.96,0.201319
540.195,0.0540192
1733.8,0.173281
1579.64,0.157803
1057.22,0.105717
879.24,0.0878616
1829.65,0.182724
5038.82,0.503637
2072.95,0.206233
1330.92,0.132956
799.304,0.0799286
2223.57,0.222325
1294.93,0.129346
1298.27,0.129816
2792.1,0.278723
947.602,0.0945882
902.088,0.0901969
1720.69,0.171966
870.501,0.0869264
771.577,0.0771158
2384.6,0.238378
690.345,0.0690164
1170.4,0.117035
1065.08,0.10568
1381.81,0.13807
1137.34,0.113454
1012.27,0.100677
1596.44,0.159469
1574.88,0.154076
616.307,0.0615636
2415.33,0.241176
1568.11,0.156732
2491.95,0.247983
1300.99,0.130082
1101.42,0.110132
12228,2.10215
1428.04,0.142771
1217.27,0.121715
678.29,0.0677647
1033.73,0.103372
1097.19,0.109548
4370.65,0.436013
1109.37,0.110932
1784.26,0.178158
563.992,0.0563969
784.96,0.0783648
1756.53,0.175518
1086.77,0.108492
1756.82,0.175641
2665.47,0.266327
1586.19,0.158554
1247.13,0.124456
1074.6,0.107455
16097.4,1.59888
1071.63,0.107151
1103.16,0.110016
1252.39,0.125068
854.304,0.0853049
1022.06,0.10202
4683.92,0.467663
1444.46,0.144206
809.091,0.0808681
1406.44,0.14064
732.284,0.0732273
1173.23,0.117202
1112.83,0.111152
1931.73,0.193037
1062.73,0.10618
1730.47,0.173002
1102.33,0.110151
1358.4,0.135763
2635.22,0.263308
830.3,0.0829805
2627.35,0.272398
471.66,0.0471648
1042.34,0.104213
1214.22,0.121375
1326.52,0.132606
4377.65,0.437477
1996.63,0.199609
2463.62,0.246277
1127.46,0.112704
919.915,0.0919845
2468.62,0.2461
1485.27,0.148422
992.075,0.0991659
562.873,0.0562867
2405.6,0.24043
1019.89,0.101813
1046.12,0.104583
815.54,0.0815493
949.484,0.0948728
954.402,0.0953974
1760.56,0.175976
2256.33,0.224535
1476.87,0.147645
7806.85,0.7751
1162.1,0.116158
861.747,0.0861057
1222.73,0.122194
1376.09,0.137482
2739.35,0.273749
1067.28,0.10661
1166.17,0.116604
958.767,0.0958367
1122.85,0.112239
1468.32,0.146783
1496.12,0.149122
1705.47,0.170489
754.149,0.0754086
3135.94,0.313134
1472.72,0.147212
2569.33,0.254122
1119.93,0.11192
574.662,0.057414
1046.58,0.103852
1795.16,0.179448
1645.15,0.164478
1931.11,0.193011
1136.61,0.113447
2600.89,0.259811
783.914,0.0783396
1586.89,0.158588
1114.14,0.111259
1481.24,0.148069
787.69,0.0785424
1564.32,0.155015
733.346,0.0732503
1872.09,0.186739
920.553,0.0920493
1424.09,0.142394
898.256,0.0897716
7500.15,0.749869
2497.18,0.249643
1532.81,0.153262
2623.98,0.262343
2065.84,0.206556
409.472,0.0409286
841.261,0.0841173
1645.95,0.164573
805.412,0.0804603
1182.21,0.118211
646.378,0.0645541
1165.25,0.116518
1382.56,0.137972
778.745,0.0777706
1485.84,0.14856
524.887,0.0524828
1508.18,0.149862
1979.69,0.197923
925.429,0.0924842
641.979,0.0640645
546.198,0.0546147
538.698,0.0538533
1041.31,0.104128
594.542,0.0594035
744.791,0.0744541
996.511,0.0991036
1072.97,0.107275
1878.03,0.187667
851.856,0.0851561
1542.47,0.154148
14842.3,1.47786
3992.35,0.399124
1110.34,0.111006
942.61,0.094255
1629.67,0.162819
2359.14,0.235795
1509.7,0.150957
1056.83,0.10568
797.3,0.0797144
1339.26,0.133866
553.831,0.055342
1892.27,0.189036
806.904,0.0806847
979.393,0.0974181
959.676,0.0959638
1074.18,0.107407
1697.41,0.169705
1064.64,0.106441
1347.71,0.134707
1802.33,0.180151
1163.43,0.116313
818.5,0.081216
736.414,0.0736331
712.002,0.0710504
789.074,0.0788846
1145.37,0.11452
1082.47,0.108154
2643.4,0.264194
930.933,0.0930521
1486.24,0.148538
23290.4,2.31288
1223.12,0.122057
1148.9,0.114879
1442.21,0.144051
2189.14,0.218781
1476.52,0.1476
1425.47,0.142504
1402.45,0.140209
1298.74,0.129813
2191.94,0.219092
2487.17,0.248581
770.81,0.07703
1788.04,0.178777
757.672,0.0757504
774.23,0.077393
1281.82,0.128134
1176.05,0.117508
3076.2,0.307559
1281.88,0.12797
15929.4,1.58733
1224.5,0.122302
1250.48,0.124973
483.283,0.0481945
1242.51,0.123728
1549.54,0.148813
835.961,0.0835921
1249.33,0.124917
5075.09,0.507034
2294.4,0.228974
804.612,0.0804521
1114.35,0.111365
754.859,0.075362
658.126,0.0657807
1076.24,0.10761
6631.54,0.66269
1002.8,0.100248
1640.38,0.163863
2308.25,0.230541
1479.6,0.147876
7736.19,0.771194
3525.16,0.352434
1017.24,0.10146
2493.45,0.249301
1732.48,0.172781
897.439,0.0872113
1037.72,0.103704
1163,0.116294
5569.52,0.556095
1012.48,0.101212
1285.15,0.12843
1302.45,0.130236
6465.39,0.644652
1486.86,0.148395
1034.11,0.102428
1022.79,0.102172
1379.46,0.137827
1064.62,0.106447
1951.96,0.195081
967.877,0.0967654
663.596,0.0663388
668.687,0.0668573
1411.45,0.141106
1158.72,0.115868
774.894,0.0774033
1271.35,0.127107
912.77,0.0912625
883.743,0.0882441
1618.22,0.161708
3605.97,0.360485
2858.35,0.285578
2334.94,0.233463
979.97,0.09795
1188.11,0.118804
2501.43,0.250119
1642.02,0.164093
564.034,0.0563973
850.064,0.0849876
14585,1.45029
2238.05,0.223629
880.568,0.0880223
744.428,0.0736433
2628.43,0.262779
1720.36,0.171816
1052,0.105188
1093.27,0.109303
1100.5,0.110028
657.918,0.0657879
1415.33,0.14152
752.165,0.0747306
1638.47,0.163832
4537.79,0.453466
2570.01,0.256984
1112.16,0.110809
918.935,0.0917631
1413.34,0.141261
1671.98,0.167135
1431.64,0.143153
1334.07,0.133163
1995.38,0.199473
2068.92,0.206747
1295.77,0.129574
940.451,0.0940385
2423.9,0.237286
2971.61,0.297101
2461.15,0.245919
1397.58,0.139638
1864.22,0.186406
1805.46,0.180504
2394.78,0.238876
988.862,0.0988797
1044.91,0.104387
1213.01,0.121183
783.831,0.0783677
1785.3,0.17851
1153.37,0.115295
1142.12,0.114161
1236.49,0.123584
944.975,0.0944863
1037.13,0.102942
2053.13,0.20496
1905.57,0.190538
3250.87,0.324941
1212.22,0.121207
1606.62,0.160639
890.72,0.0890482
889.428,0.0889371
1075.28,0.107506
1879.38,0.187924
1814.32,0.181054
1944.75,0.194429
831.489,0.0831439
1085.92,0.108585
954.27,0.0953206
1141.27,0.114115
2767.56,0.276671
855.165,0.0854311
1435.3,0.143455
2146.41,0.214188
820.533,0.0818473
1021.26,0.102044
1567.01,0.156681
402.892,0.0402865
2295.19,0.228876
1063.02,0.106284
3323.85,0.332084
902.908,0.0902884
828.027,0.0825756
1191.06,0.118735
789.612,0.0788398
12457.4,1.24272
1012.17,0.101156
400.502,0.0400466
1266.23,0.126581
1050.88,0.105054
3266.24,0.326196
3104.01,0.310299
1016.94,0.101611
1412.12,0.141164
1125.12,0.1125
1215.43,0.121426
7000.6,0.698661
868.063,0.0867608
3797.38,0.379593
2011.61,0.20104
6907.97,0.690284
4542.75,0.453793
870.238,0.0869562
800.332,0.0799666
1351.07,0.135084
681.723,0.0681616
1119.4,0.111883
3771.05,0.37683
2280.93,0.227791
957.984,0.0957909
2036.03,0.203571
1028.13,0.102688
2093.15,0.208829
580.676,0.0580332
880.338,0.0880275
870.897,0.0870587
889.707,0.0889262
1547.58,0.15467
828.377,0.0827024
1365.88,0.13658
1111.55,0.111128
828.818,0.0828759
848.621,0.0848288
1335.04,0.13349
1242.64,0.124245
1441.27,0.103945
807.782,0.0807114
1193.97,0.119355
1378.38,0.137526
1144.25,0.114264
2543.67,0.253737
3156.69,0.315209
1119.39,0.111933
1627.33,0.162634
1003.63,0.100223
2143.39,0.214304
1112.26,0.111167
951.921,0.0951813
3594.45,0.358301
2113.05,0.211012
1541.59,0.153842
1813.7,0.181309
893.726,0.0893535
923.461,0.0923318
642.779,0.0640891
3986.25,0.397174
895.701,0.0895044
1689.55,0.168697
2518.39,0.249968
1721.69,0.172102
4735.15,0.472998
1054.18,0.105249
744.776,0.0744706
1819.02,0.181647
1728.22,0.1717
3316.73,0.331421
1040.19,0.104007
1761.29,0.175969
937.388,0.0936959
857.056,0.0856899
1570.34,0.156843
1084.85,0.108133
2162.38,0.215061
790.584,0.0789431
1825.83,0.1823
3232.58,0.323121
980.482,0.0979949
1826.8,0.182525
1605.69,0.160398
2638.38,0.263608
1390.69,0.139031
831.305,0.0830737
1820.98,0.182074
2144.55,0.213737
1163.48,0.194056
845.031,0.0844509
685.571,0.0684587
1725.34,0.172498
1164.57,0.116384
654.661,0.0654419
1970.79,0.196632
3184.5,0.317766
1899.9,0.180886
1050.38,0.104993
2027.34,0.202613
890.975,0.089078
9019.72,0.898717
1894.2,0.189347
824.193,0.0823658
1067.76,0.106737
1950.47,0.194876
1000.73,0.0992167
2402.6,0.240096
961.23,0.096098
1620.98,0.162057
784.18,0.0784114
2032.2,0.203181
622.969,0.062285
1015.81,0.101504
857.069,0.0856911
783.623,0.078296
688.871,0.068633
1578.93,0.1578
1485.36,0.148467
1102.61,0.110208
1056.75,0.105635
822.064,0.0822029
1252.87,0.125272
1091.4,0.109083
763.515,0.0763324
1163.95,0.116281
1335.63,0.133548
2539.36,0.253815
718.637,0.0718544
552.419,0.0552246
685.615,0.0678069
874.139,0.087396
1124.27,0.112357
1018.41,0.10182
1672.83,0.16728
1136.28,0.113596
1292.24,0.12913
1187.25,0.118704
1432.01,0.142154
2397.7,0.239626
1521.64,0.151989
4534.49,0.453185
1040.26,0.103903
1159.05,0.115891
932.161,0.0932078
930.662,0.0930437
1080.63,0.108052
1576.94,0.157582
7674.81,0.766923
1341.62,0.133874
770.192,0.0770121
2244.16,0.224144
2814.84,0.281308
1288.76,0.128858
1334.74,0.133393
1642.73,0.164147
990.146,0.0989752
746.479,0.0746436
960.584,0.0960197
1296.86,0.129674
968.291,0.0967854
1389.9,0.138884
931.255,0.092947
1138.72,0.113831
1293.28,0.129218
915.176,0.0914961
1268.01,0.126799
1310.75,0.130987
2517.99,0.251619
668.765,0.0668692
847.589,0.0847449
517.029,0.0516792
679.418,0.0679329
1210.91,0.121059
1049.23,0.104814
1086.65,0.108655
1303.46,0.130321
3791.5,0.378274
1276.5,0.127604
1245.16,0.124434
700.676,0.07006
2853.85,0.285242
1273.13,0.127308
5939.54,0.593699
2510.02,0.249698
1491.97,0.149072
1254.52,0.125268
2115.88,0.211541
906.963,0.0906162
612.315,0.06122
732.547,0.0731824
713.748,0.0713716
1258.14,0.125775
3300.55,0.32985
1253.94,0.126735
1024.02,0.102358
2191.6,0.219101
2037.89,0.20371
830.427,0.08303
861.946,0.0861594
945.192,0.0945106
701.53,0.0701478
707.437,0.0707376
1520.44,0.152033
1565.06,0.156325
1957.96,0.195504
7214.26,0.720344
4176.73,0.416599
925.321,0.0925126
829.992,0.0829061
2224.88,0.222474
2026.1,0.202556
839.684,0.0837828
999.206,0.0999128
2013.48,0.200997
1188.46,0.11884
1547,0.154653
3469.28,0.346729
6885,0.686925
973.998,0.0971305
962.549,0.0962411
1455.37,0.145486
882.328,0.0882293
970.844,0.0970652
1475.3,0.14744
2082.04,0.20811
1158.09,0.115796
1488.36,0.148785
1375.22,0.137445
729.502,0.0728748
1125.69,0.112552
2372.63,0.236994
515.151,0.0515102
1694.01,0.169364
842.07,0.0841548
1267.83,0.126765
1071.33,0.10701
606.827,0.0606773
2291.61,0.229107
1132.2,0.113128
1196.14,0.119571
3446.89,0.344501
940.417,0.0940398
689.013,0.0688564
627.96,0.0627841
849.891,0.0849718
1776.55,0.17756
724.006,0.0723988
1456.34,0.145611
942.154,0.0941213
1571.37,0.157124
1101.3,0.110066
1416.27,0.141563
2811.55,0.280465
898.334,0.0894642
1628.49,0.162815
1827.93,0.182683
1861.28,0.186035
715.444,0.071544
1377.45,0.137503
3031.66,0.303056
1135.9,0.113579
27252.3,5.53056
1969,0.196804
1422.31,0.142152
2247.55,0.224707
795.389,0.0795297
1530.14,0.15295
758.943,0.0758836
1149.02,0.114897
1088.85,0.108881
1445.96,0.144559
1921.56,0.191781
1636.14,0.163525
797.482,0.0796588
1537.76,0.153633
1062.28,0.106146
784.611,0.0784117
1001.07,0.0999995
1759.98,0.175973
1256.07,0.12545
1198.57,0.119776
1121.16,0.111946
997.396,0.0997205
769.195,0.0768302
1674.42,0.166885
1778.45,0.177816
1557.29,0.155573
3216.32,0.321492
1369.13,0.136828
2451,0.24499
1026.34,0.102629
2651.23,0.2651
784.467,0.0784319
3909.98,0.390094
854.452,0.085421
1289.98,0.1289
978.486,0.0978001
974.233,0.0973723
2227.07,0.222032
1504.72,0.150465
1334.52,0.133298
19184.1,1.89463
1674.94,0.167346
1054.42,0.105424
1000.72,0.0998654
2834.31,0.283052
1801.53,0.180014
1500.92,0.150067
3952.3,0.394937
1741.5,0.17399
1338.59,0.133808
886.249,0.0885963
1718.93,0.171506
936.764,0.0936409
454.127,0.0453994
598.156,0.059806
1196.76,0.119635
1113.29,0.111232
870.105,0.0869873
618.789,0.0614662
1012.85,0.101272
1875.37,0.187397
2421.28,0.242078
1592.12,0.159152
879.131,0.0877828
5024.58,0.501848
766.457,0.0766404
1795.26,0.17948
1004.22,0.100412
660.185,0.0658602
1840.74,0.183981
1038.94,0.103886
786.051,0.0785897
832.752,0.0832483
1151.56,0.115119
1580.94,0.158069
791.02,0.0790906
3718.63,0.371675
1103.18,0.110248
575.781,0.0574716
1222.17,0.122211
862.85,0.0862473
1339.25,0.133883
2119.43,0.211704
1241.11,0.1241
824.597,0.0824451
1036.85,0.103576
1578.08,0.157355
1768.53,0.176802
2126.17,0.212486
1421.47,0.13994
1836.43,0.183636
567.109,0.0567038
2717.32,0.27168
1796.78,0.179267
3500.91,0.34994
678.348,0.0678
820.717,0.0820354
1896.43,0.189466
1834.61,0.1821
920.661,0.0920344
1156.75,0.115657
1857.93,0.186538
1540.15,0.153929
843.818,0.084231
861.497,0.0861242
933.608,0.0933365
545.145,0.0544566
1098.98,0.109728
1085.3,0.108512
2600.08,0.259642
1004,0.100233
1251.1,0.124896
1137.92,0.113691
1934.56,0.193378
819.608,0.0819587
1756.11,0.17546
1143.02,0.114217
829.506,0.0829204
1334.01,0.133393
1291.32,0.129071
1875.46,0.187538
1386.06,0.138527
4413.91,0.441121
1271.08,0.127058
661.269,0.0660692
614.258,0.0614238
684.558,0.068421
968.07,0.0967872
599.362,0.0599178
819.314,0.0818872
959.946,0.0958899
506.54,0.0506506
7367.07,0.733012
1020.47,0.101925
1370.09,0.136991
960.226,0.0960049
623.088,0.0622992
1208.58,0.120789
1312.76,0.131256
955.528,0.0955219
707.333,0.0705897
4598.48,0.458998
1052.49,0.105223
1227.03,0.122631
1075.61,0.107554
1583.51,0.158311
4621.74,0.461682
1728.94,0.172737
1177.02,0.117666
986.52,0.0985923
907.806,0.0907605
1058.82,0.104718
920.681,0.0920207
881.764,0.0881081
679.823,0.0679599
842.094,0.0840689
653.519,0.0653186
1302,0.130194
2556.83,0.255617
1195.93,0.119589
2094.41,0.209376
754.094,0.0753223
825.415,0.0825324
1945.55,0.194321
2296.97,0.22962
901.293,0.090088
1273.97,0.127372
1046.06,0.10459
2684.49,0.267996
939.435,0.093941
1063.58,0.106333
1404.13,0.140365
1778.17,0.176436
1175.89,0.117536
2288.1,0.228689
876.894,0.0876856
478.083,0.0477992
1323.4,0.132304
785.353,0.0784966
808.392,0.0805705
1010.6,0.100977
10100.6,3.55944
690.533,0.0688893
935.966,0.0935912
521.814,0.052069
786.766,0.0786333
1760.87,0.176017
1017.43,0.101414
931.321,0.0931194
775.46,0.0775376
1268.51,0.126848
1120.62,0.111912
1199.94,0.119873
888.432,0.088591
1257.49,0.125737
898.694,0.0897772
1160.87,0.115894
2022.82,0.202232
1356.18,0.135498
9795.29,0.978818
835.218,0.0832483
1112.17,0.111188
1247.89,0.124637
1401.58,0.140122
2105.43,0.210351
862.655,0.0862575
1090.77,0.10903
2505.93,0.248551
3120.14,0.311088
967.759,0.0967734
1629.98,0.162971
876.46,0.0875986
1061.79,0.106126
1953.4,0.195271
787.733,0.0787185
292.403,0.0292286
2234.36,0.222954
1186.43,0.118515
488.393,0.0488283
579.685,0.057935
1289.24,0.12889
821.178,0.0821024
1968.43,0.196748
570.661,0.0570652
899.024,0.0897713
1158.61,0.115301
2770.55,0.27681
558.032,0.0558
1988.13,0.198415
786.438,0.0786391
595.314,0.0595306
2216.36,0.221214
4958.29,0.495587
1356.6,0.136579
1013.97,0.100594
1176.93,0.117519
870.215,0.0862036
1213.61,0.121273
1169.72,0.116883
11956.4,3.39902
975.735,0.0975677
1476.25,0.147392
1395.88,0.139487
5878.73,7.30606
1146.8,0.114639
1571.4,0.157093
10763.7,1.07325
907.184,0.0906822
1768.35,0.176687
1069.93,0.106911
724.348,0.0724208
826.011,0.0825757
2306.99,0.230625
1038.8,0.103872
1476.12,0.147394
3601.06,0.359572
880.084,0.0716884
3505.55,0.350368
1098.33,0.109817
3251.34,0.325002
1298.29,0.129819
486.792,0.0486788
674.273,0.0674136
2345.92,0.234226
3670.71,0.367035
975.979,0.0975911
587.365,0.0586737
1240.94,0.12407
375.394,0.0375297
5675.65,0.566776
2461.19,0.246087
2678.8,0.267223
4959.18,0.494295
582.323,0.0582178
2264.46,0.22632
872.232,0.0871822
1027.35,0.102566
709.034,0.070882
1502.81,0.150257
618.058,0.0617812
1023.62,0.102336
682.529,0.0682175
582.969,0.0582873
2432.27,0.243118
1232.32,0.123222
1150.18,0.114972
1446.64,0.14464
1773.9,0.17729
880.764,0.0880462
1363.6,0.136329
3751.74,0.37501
1100.52,0.110046
3797.47,0.379286
1231.07,0.123042
1961.41,0.195988
1035.99,0.103528
1279.48,0.127862
1089.24,0.108903
1162.31,0.116209
876.664,0.0876488
932.241,0.0932172
1303.37,0.130249
3123.51,0.31222
700.54,0.070027
1042.88,0.104281
878.93,0.0878814
1649.17,0.164833
1948.83,0.194875
1058.44,0.105828
2421.02,0.241988
1021.19,0.102117
3919.55,0.391294
1931.23,0.193088
1053.99,0.105375
1500.63,0.14988
779.934,0.0779864
1823.13,0.179471
465.184,0.0465113
1313.97,0.131346
1688.37,0.168819
12250.1,1.22356
739.012,0.0738936
851.294,0.0851201
1494.98,0.149461
1034.92,0.103474
948.586,0.0948529
1144.73,0.114354
2026.63,0.202536
2801.43,0.28009
1001.57,0.100151
807.121,0.080609
1706.28,0.170128
728.935,0.0728897
2009.4,0.200902
1106.31,0.110567
1237.66,0.123718
1164.46,0.116402
619.362,0.0619225
1908.89,0.190864
1684.6,0.167491
1523.9,0.152355
1356.95,0.135621
1354.95,0.135478
995.205,0.0990016
3264.23,0.326292
856.392,0.085631
1287.7,0.128754
535.057,0.053502
1388.57,0.138789
1398.85,0.139876
1029.12,0.102906
2186.81,0.218612
1544.03,0.154389
26200.4,2.60671
1735.71,0.172733
1017.21,0.101666
3953.73,0.395012
900.976,0.0900807
1289.3,0.128858
1157.89,0.115742
1679.57,0.167383
1529.87,0.152855
4403.85,0.439849
1484.8,0.148298
3761.09,0.375396
1695.19,0.169506
8066.09,0.805481
850.553,0.08505
1230.4,0.123035
2302.33,0.229911
4124.9,0.4112
1144.79,0.114471
1398.19,0.139758
1688.55,0.168593
1645.28,0.164336
728.17,0.0728026
875.618,0.0875449
882.586,0.088249
1140.33,0.114021
937.874,0.0936293
2292.65,0.229202
744.32,0.0744201
746.896,0.073509
1219.75,0.121951
785.25,0.0785093
2142.84,0.214256
861.817,0.0861075
943.121,0.0942793
2013.71,0.201319
1112.92,0.111285
1440.09,0.143956
1152.51,0.115223
4069.82,0.406714
1124.46,0.11244
1137.05,0.113602
2061.52,0.206004
1220.22,0.122014
2396.57,0.23949
842.985,0.0842953
1849.04,0.184685
1548.86,0.154876
1536.65,0.153529
594.729,0.0594724
1524.54,0.152363
1296.89,0.129339
1289.84,0.128957
2219.71,0.220815
3185.61,0.317927
2003.57,0.20034
1311.96,0.131122
813.515,0.0812797
886.227,0.088574
6966.62,0.695284
1317.04,0.131665
1026.56,0.102631
1177.65,0.117761
610.423,0.0610377
698.655,0.0698492
6347.73,0.634305
977.259,0.0976309
1154.1,0.115386
3057.78,0.303854
1249.07,0.124863
953.67,0.0952389
2135.82,0.213266
1094.62,0.109419
1109.92,0.110898
11873.2,1.18551
1619.81,0.161909
1640.23,0.164007
1452.84,0.145205
9301.27,0.927443
1857.34,0.185689
1178.85,0.117855
1910.75,0.190448
2179.96,0.217902
11852.8,1.18426
1322.77,0.131964
912.74,0.0906351
1370.19,0.137004
844.986,0.0844206
1026.73,0.102628
1036.26,0.103585
681.03,0.0680898
1053.01,0.105228
975.291,0.0975206
1612.3,0.161144
856.345,0.0849522
1387.92,0.138757
1951.08,0.194933
3392.38,0.33906
702.813,0.0702188
1083.02,0.108283
1162.16,0.116177
1224.15,0.122403
980.29,0.0980179
1953.84,0.195372
1041.49,0.105339
967.375,0.0967207
1369.19,0.136812
2268.25,0.226659
2872.04,0.287142
1939.61,0.193932
2553.88,0.255185
1058.97,0.105861
4022.56,0.400175
2324.09,0.229472
2116.08,0.211592
358.861,0.0358668
2020.34,0.20197
1618.34,0.161753
1300.25,0.129951
839.238,0.0837095
3462.05,0.343201
944.77,0.0939957
1452.05,0.145128
1839.94,0.183822
3122.02,0.311609
694.891,0.0694842
565.881,0.0564014
873.452,0.0873374
717.736,0.0716489
1349.74,0.134937
713.879,0.0713852
1177.69,0.117714
3874.11,0.387303
797.005,0.0796774
6512.27,0.650376
2566.36,0.256372
3181.98,0.318081
1245.51,0.12439
2561.62,0.255911
1021.17,0.102095
2053.92,0.205299
1781.79,0.177844
3132.9,0.312946
6373.58,4.29195
806.613,0.0806598
1414.15,0.14077
722.576,0.0722378
759.906,0.0759692
631.66,0.0631502
1244.76,0.124441
758.838,0.0758545
1750.01,0.174966
3366.75,0.336145
701.802,0.0701784
1885.69,0.188298
1696.56,0.169548
968.958,0.0968903
1592.26,0.159125
791.593,0.079094
2383.61,0.237963
732.078,0.0731836
1184.92,0.11848
580.663,0.0580653
1605.03,0.160226
623.447,0.0623046
1623.29,0.162237
1220.32,0.122011
1551.69,0.155138
1671.24,0.1671
1163.94,0.116364
984.484,0.0984005
4098.29,0.409701
791.039,0.0791016
4993.82,0.497944
1258.29,0.125797
1241.52,0.124143
1503.15,0.150304
1559.27,0.155746
2067.89,0.206413
643.592,0.0643237
1840.6,0.18384
2659.81,0.265918
1538.54,0.153818
689.043,0.0695894
1385.99,0.138583
898.892,0.0898726
829.772,0.0829332
3024.02,0.301838
1052.91,0.10528
2006.87,0.200586
888.636,0.0888173
1016.8,0.101497
1707.89,0.170746
837.053,0.0836964
1555.65,0.155443
1250.83,0.125023
1407.25,0.140682
1011.68,0.101161
3726.22,0.37259
1136.29,0.113559
1544.23,0.154411
2551.29,0.255022
860.083,0.0859234
1373.75,0.137344
1424.63,0.142401
1351.68,0.135097
795.6,0.0795507
1438.46,0.143229
3117.55,0.311691
1963.41,0.196243
1766.42,0.176452
982.314,0.0981795
1564.14,0.156221
925.097,0.0924978
849.843,0.084982
1801.83,0.17924
1329.02,0.132823
1470.21,0.14694
818.803,0.0818695
1455.49,0.14548
961.112,0.0960793
1157.88,0.115759
775.681,0.0775655
9068.78,0.905847
1967.1,0.196145
1409.37,0.140523
1417.61,0.141734
1963.14,0.196268
736.352,0.0735481
2457.49,0.245345
4382.75,0.437778
4294.15,0.428877
741.155,0.0740951
1117.65,0.111656
1582.97,0.158285
966.757,0.0966446
979.013,0.0978874
653.238,0.0653179
609.988,0.0609781
4497.17,0.449608
744.697,0.0744354
756.318,0.075581
2198.31,0.216333
10891,1.08701
1546.63,0.154558
1036.87,0.103673
673.637,0.0662292
640.227,0.0639903
1885.79,0.188561
2853.04,0.28509
1427.48,0.142727
3566.94,0.3563
929.166,0.0929031
3153.83,0.314282
1010.99,0.101096
1767.17,0.176653
1407.21,0.14069
860.679,0.0860639
4842.27,0.48339
1663.69,0.166317
729.728,0.0729316
1305.12,0.130476
1576.3,0.157586
1101.36,0.109925
810.403,0.0810149
877.47,0.0877066
2046.73,0.204631
1291.88,0.128962
4274.64,0.407741
775.223,0.0774911
1023.98,0.102384
1658.9,0.165863
2695.69,0.269503
1105.29,0.110479
753.913,0.0753865
737.037,0.073492
1980.4,0.197841
7109.78,0.706293
678.927,0.0678577
675.362,0.0661031
2029.88,0.201882
987.413,0.0987331
1111.83,0.100015
663.527,0.0663385
2778.18,0.27743
8991.6,0.898625
1171.63,0.117136
4367.5,0.436622
2040.26,0.20389
758.668,0.0758605
2676.45,0.267233
19679.3,1.96102
2020.03,0.201947
2452.78,0.24518
748.523,0.0748068
954.703,0.0950391
651.902,0.0651851
1741.49,0.173989
1079.43,0.115532
1205.21,0.120484
751.496,0.0751386
813.199,0.0813073
956.957,0.0956191
682.42,0.0682324
938.098,0.0937831
1080.09,0.107999
1923.4,0.192323
939.291,0.0937026
933.571,0.0932935
1084.07,0.108355
917.795,0.0915331
841.705,0.0841638
8455.15,0.84083
748.094,0.0745064
1414,0.141381
2457.67,0.245679
1926.06,0.192554
1781.6,0.178103
1178.88,0.117673
1267.97,0.126758
2744.94,0.274366
954.173,0.0954094
911.587,0.0910209
1225.52,0.122402
2402.14,0.240189
2124.61,0.212414
869.576,0.0869191
4967.76,0.496527
1256.29,0.125561
1055.88,0.105574
1117.13,0.111637
2066.31,0.206527
5464.9,0.546223
920.131,0.0919996
1673.33,0.167188
1759.29,0.175556
4316.49,5.51357
865.058,0.0864883
1267.76,0.126708
521.753,0.0521647
1226.41,0.122443
952.732,0.0952487
855.952,0.0855194
1073.02,0.107212
940.32,0.0940184
572.861,0.0572836
2010.7,0.200983
1198.39,0.106718
983.133,0.0983046
2045.24,0.204346
5419.34,0.541805
1745.37,0.174509
1452.74,0.145256
628.684,0.0628589
1356.29,0.135471
1502.95,0.149579
2872.76,0.287228
1597.57,0.15971
941.02,0.0936905
995.531,0.0994909
1317.01,0.131684
2601.93,0.260157
849.266,0.0848705
1210.96,0.120965
1181.53,0.117921
518.483,0.0518126
618.296,0.0618048
1166.03,0.116564
612.346,0.0612299
1773.8,0.177208
2131.51,0.213116
1229.33,0.122902
745.8,0.0745524
1424.52,0.142349
1812.92,0.180945
752.521,0.0752207
634.067,0.0633963
4347.49,0.434421
1659.77,0.165742
1572.12,0.156714
1227.62,0.122584
941.327,0.093947
968.141,0.0965155
998.163,0.0998003
1148.32,0.11478
1298.38,0.129817
2876.89,0.287386
9565.2,0.954918
1732.29,0.173211
837.575,0.0837081
4108.64,0.410726
863.984,0.0863928
2208.04,0.220741
1227.84,0.122756
939.266,0.0938694
1488.99,0.148795
1826.09,0.182554
1073.16,0.107285
972.688,0.0972098
739.923,0.0739901
1773.62,0.177055
819.253,0.0819096
1717.63,0.171484
809.036,0.0808698
4286.85,0.428114
1597.69,0.159732
649.008,0.0648683
509.58,0.0508737
1569.99,0.15697
926.082,0.0921208
1030.76,0.103059
1881.63,0.18811
1271.51,0.127076
678.63,0.0678212
1850.88,0.185048
1102.33,0.110222
851.556,0.0851487
684.288,0.0684057
1053.82,0.105358
1202.96,0.12026
7665.53,0.761674
1572.26,0.156912
1310.5,0.130959
834.37,0.0834242
1067.59,0.106726
1789.24,0.178867
735.79,0.07353
23358.2,2.32351
1019.44,0.101774
929.144,0.0929116
1779.29,0.172062
1808.16,0.180646
2351.21,0.235003
3306.16,0.330542
919.857,0.091872
1573.29,0.157237
942.078,0.0940822
897.597,0.089731
4226.29,0.421227
642.39,0.0642139
623.862,0.0623504
990.547,0.0990449
4388.11,0.438503
1276.07,0.127586
2145.36,0.214399
1122.54,0.112232
926.692,0.0922961
1414.53,0.140947
1278.98,0.127895
1381.26,0.138111
469.886,0.0469817
9400.18,0.9359
841.602,0.0841475
1339.28,0.133819
728.022,0.0727854
562.993,0.0562757
1255.59,0.125494
955.253,0.093925
1050.4,0.104715
2963.01,0.313532
851.441,0.085077
781.676,0.0779449
1105.74,0.110451
11041.6,1.10231
1033.87,0.103383
1754.76,0.175429
1383.18,0.138265
2665.09,0.266431
1290.57,0.128848
2583.32,0.258014
7118.82,0.710052
6821.83,0.681965
1044.72,0.104449
2592.79,0.25872
916.847,0.0914996
1364.64,0.136422
973.066,0.0972673
1024.74,0.101796
779.472,0.0779427
1802.26,0.179325
1113.54,0.111306
1004.1,0.100406
3357.37,0.334718
1373.78,0.137316
1461.36,0.146082
1588.56,0.158724
821.089,0.0820959
1343.72,0.134302
941.755,0.0941571
1180.03,0.117727
2432.59,0.242845
1259.92,0.125827
1044.32,0.104428
1031.78,0.103154
1271.87,0.127159
6191.13,0.618236
738.01,0.0737804
1047.22,0.104661
2246.21,0.224337
1509.53,0.150919
1515.02,0.151494
1052.87,0.105254
1182.69,0.118242
1813.62,0.181346
576.313,0.0576299
979.476,0.0979342
1931.05,0.192688
6985.28,0.697585
4458.4,0.445476
824.999,0.0824924
1302.91,0.130282
616.877,0.061661
863.081,0.0862869
7882.77,0.787574
1733.88,0.173351
580.773,0.0580746
3769.47,0.376508
1407.57,0.140745
1252.27,0.125167
953.872,0.095369
2307.84,0.230568
865.198,0.0865158
1485.94,0.148439
861.573,0.0861471
1536.12,0.153479
878.604,0.0878482
999.82,0.0999581
636.387,0.0636302
1476.43,0.147557
1546.24,0.15458
3159.17,0.31581
1694.38,0.169405
710.156,0.0709332
1317.09,0.131692
1005.89,0.100406
1316.47,0.131642
775.537,0.077548
696.918,0.0696854
1774.03,0.177355
622.883,0.0622027
713.503,0.0704576
1761.89,0.176162
812.024,0.0792143
1225.69,0.122398
2178.04,0.217771
732.241,0.0732072
8497.14,0.848183
1878.94,0.187675
794.889,0.0794832
950.751,0.0950675
1875.96,0.187459
1036.45,0.103611
1057.65,0.10576
683.341,0.068314
1754.61,0.17522
722.971,0.0722244
2471.61,0.246987
957.218,0.0957207
1168.45,0.116508
1252.17,0.125186
919.023,0.0918802
1762.82,0.176263
1961.81,0.19609
978.637,0.0974774
940.608,0.0940517
776.164,0.0775959
1039.5,0.10392
560.835,0.0558637
775.585,0.0774968
1011.74,0.101163
852.037,0.0851568
1366.86,0.136436
2605.15,0.259631
1904.6,0.190383
2771.91,0.27698
2627.41,0.262702
1098.37,0.10972
1667.22,0.166714
1296.68,0.129659
972.123,0.0972057
1132.82,0.113229
714.848,0.07145
876.377,0.087588
875.405,0.0875151
1886.55,0.188622
1780.72,0.178005
1017.45,0.101687
716.834,0.0716197
785.678,0.0778679
1186.19,0.118422
1349.55,0.129892
1141.19,0.114092
4571.18,0.457013
1393.93,0.139369
596.396,0.0596266
2010.2,0.200861
5209.03,0.520154
961.685,0.0960318
1213.32,0.121304
935.233,0.0935074
2148.72,0.214763
2583.22,0.258229
874.602,0.0874517
814.446,0.0814201
3040.38,0.303976
1457.34,0.145721
558.623,0.0558583
850.494,0.0847938
1379.57,0.137894
1888.82,0.188377
1433.31,0.143076
1382.7,0.138199
1964.33,0.196397
2082.34,0.208123
1170.47,0.116806
2403.12,0.240192
841.813,0.0841476
1302.52,0.130019
1265.21,0.126401
1066.59,0.106508
875.664,0.087448
564.054,0.0563329
1056.25,0.105569
1113.9,0.111067
1010,0.100757
2686.68,0.268523
981.555,0.0980613
2199.76,0.219756
1657.86,0.165391
784.965,0.0784911
3325.08,0.332394
1148.57,0.114841
1037.51,0.103689
6824.64,0.681748
691.184,0.0684099
895.176,0.0895058
1815.63,0.181555
1325.83,0.132557
2657.08,0.265588
1157.99,0.115551
1237.9,0.123491
1681.91,0.168144
1285.31,0.128528
1597.1,0.159072
1360.5,0.136039
1068.86,0.106832
1363.44,0.136241
1234.24,0.1234
1877.63,0.187737
3022.03,0.302113
10223.7,1.02123
1303.74,0.130344
1305.95,0.130564
794.245,0.0794235
2992.99,0.299103
1034.71,0.103391
1374.42,0.137414
895.115,0.0895056
768.338,0.0768078
1481.37,0.148056
1622.79,0.162251
1680.14,0.167928
680.231,0.0680073
1228.52,0.122731
1794.49,0.179328
1254.73,0.125456
1105.86,0.110576
1685.87,0.168508
1260.54,0.126029
2194.87,0.219333
1991.82,0.199129
553.949,0.0553707
1097.32,0.109624
995.555,0.0995315
1433.95,0.143382
990.047,0.0988588
1331.5,0.133111
2272.3,0.227021
1003.06,0.100267
1174.57,0.117437
1360.65,0.135959
1687.36,0.168538
1871.76,0.187157
1535.15,0.153142
1325.68,0.132445
1505.03,0.150452
1239.31,0.123747
1073.7,0.107345
1701.69,0.170148
816.138,0.0816091
5051.84,6.51553
1819.22,0.181665
1374.54,0.137444
1167.01,0.11663
1043.18,0.104309
664.368,0.066344
1510.64,0.15105
670.427,0.0670387
1995.42,0.199147
1065.91,0.106562
1340.89,0.134041
985.781,0.0985513
1309.42,0.130882
1442.14,0.144193
1113.64,0.111325
1401.23,0.140108
1236.83,0.123679
2855.89,0.283241
1471.09,0.147089
1500.3,0.149998
1526.95,0.152595
1031.99,0.103196
415.514,0.0415452
2881.25,0.288083
1564.33,0.156368
1104.87,0.110458
1713.06,0.170452
804.847,0.0804001
1511.99,0.150893
770.464,0.0770363
1011.66,0.101145
12513.5,1.24677
2689.01,0.268682
1779.29,0.177888
1602.61,0.160224
1077.28,0.107717
762.418,0.0762312
1900.71,0.190051
863.306,0.0863159
958.387,0.0958234
1602.79,0.160226
772.936,0.0772168
1937.93,0.193769
856.104,0.0855878
1908.96,0.190864
1690.98,0.168831
3503.63,0.349751
1048.64,0.104627
1355.08,0.135465
1553.27,0.155292
1006.13,0.100606
1248.95,0.124701
1897.9,0.189768
1974.9,0.197421
838.459,0.0838081
1336.09,0.133576
834.95,0.0834833
1174.96,0.117455
469.344,0.0469171
2784.06,0.278206
782.178,0.0781939
2627.95,0.261924
2182.35,0.218205
2092.16,0.208908
1248.15,0.124796
859.75,0.0859652
1412.15,0.141182
2747.8,0.274609
1012.94,0.101277
2027.57,0.20261
2392.17,0.239038
846.769,0.0846503
1608.53,0.160778
985.039,0.0984774
2362.56,0.236043
1993.89,0.199333
774.08,0.0773691
989.079,0.098871
1414.36,0.141293
1011.46,0.101098
976.307,0.0975515
1563.27,0.156264
919.042,0.0905824
1073.52,0.107313
1217.72,0.121757
1266.84,0.126651
874.415,0.0874368
1032.09,0.103175
654.925,0.0654907
2477.85,0.247714
1741.65,0.173776
1026.91,0.101837
939.607,0.093919
3098.01,0.309391
3053.65,0.30509
3119.31,0.311625
664.464,0.0663858
832.375,0.08322
1290.25,0.128969
1374.42,0.137404
1187,0.118508
2480.98,0.247852
1282.52,0.12559
624.554,0.0623941
864.073,0.0863279
1557.13,0.155674
3150.28,0.314856
840.301,0.0840172
1201.35,0.120128
747.9,0.0747804
1525.42,0.152212
1446.3,0.144616
1253.95,0.12531
1115.08,0.111498
1101.67,0.110132
1528.05,0.152764
1859.4,0.185838
1053.41,0.105287
994.351,0.0994263
1184.96,0.118493
2521.16,0.25197
1564.1,0.156384
1072.89,0.107226
2438.98,0.243675
503.338,0.0503211
1025.17,0.102335
1044.56,0.104454
1924.23,0.191929
894.17,0.089388
2141.81,0.214122
1829.23,0.182779
815.847,0.0815389
1928.38,0.192826
1281.89,0.128182
1163.12,0.116268
3248.71,0.324362
744.088,0.073992
1975.22,0.197485
1953.64,0.195147
985.902,0.0985761
750.844,0.0750314
1533.36,0.153254
960.639,0.0960156
1060.37,0.105901
1257.83,0.12576
1283.96,0.128304
1710.29,0.170757
1283.48,0.128333
1637.12,0.163695
2257.57,0.225661
2052.24,0.205024
1532.62,0.153252
3004.73,0.299803
1071.89,0.107153
910.273,0.0908983
1126.42,0.112635
779.32,0.0777976
2055.76,0.20549
1230,0.122979
1654.58,0.165445
1175.31,0.117514
1382.93,0.138284
1562.29,0.152236
1595.76,0.159557
1137.56,0.113653
771.206,0.0770892
1671.65,0.167115
830.666,0.082977
1717.43,0.171637
1441.43,0.144076
1165.11,0.116429
687.865,0.0687757
1396.27,0.139465
713.798,0.0713253
999.683,0.0999082
1249.44,0.12474
906.302,0.0906248
718.027,0.0718004
2376.85,0.237589
1044.89,0.104481
1612.16,0.161069
1894.98,0.189419
1546.35,0.154428
1093.73,0.109316
961.101,0.0960778
1481.92,0.148088
1343.16,0.134271
748.139,0.0747021
802.663,0.0802497
925.455,0.0925384
1390.63,0.139005
774.595,0.0774057
693.227,0.0693077
1973.86,0.197331
973.047,0.0971159
1050.34,0.103095
689.945,0.06899
1263.97,0.126354
2551.66,0.255119
1891.31,0.189047
1253.67,0.125365
1288.99,0.128639
900.122,0.0900043
1107.43,0.110715
1873.99,0.187373
1127.4,0.112675
735.706,0.0734081
4480.32,0.447527
2028.56,0.202752
1265.92,0.126574
4828.88,0.481602
831.152,0.0830755
3740.71,0.373539
4671.99,0.466999
1147.34,0.114695
684.835,0.0684776
1132.34,0.113224
940.68,0.0940363
3012.95,0.301011
1010.2,0.100997
928.441,0.0925318
1576.86,0.157649
10701.9,2.72063
611.188,0.0610981
1342,0.133996
1294.87,0.129413
1407.43,0.140725
2270.61,0.226975
889.185,0.0888203
978.886,0.0978777
1980.75,0.198046
660.491,0.0660414
1513.47,0.151311
1353.5,0.135319
665.954,0.0665854
4008.2,0.400295
5607.62,0.560427
2160.14,0.215731
1680.72,0.168032
733.317,0.0733212
861.645,0.0860956
982.638,0.0982561
1618.18,0.161762
1559.81,0.155956
2598.79,0.259701
1185.1,0.118484
2225.28,0.222471
964.251,0.0963744
885.396,0.0884945
802.605,0.0802382
1162.66,0.116193
1000.2,0.100008
1011.78,0.10113
1127.26,0.112692
1356.68,0.135645
1433.99,0.141816
1745.4,0.174444
6617.4,0.660272
720.562,0.0719998
1004.72,0.100415
3795.15,0.379425
994.717,0.100405
2631.9,0.262997
1522.15,0.152121
783.782,0.0783628
1624.28,0.162382
1643.08,0.163819
969.164,0.09676
1653.43,0.165175
1108.28,0.110661
956.717,0.0956504
1460.69,0.146039
2396.29,0.239002
1995.59,0.19899
1248.14,0.124549
1396.9,0.139544
1370.77,0.136768
1074.72,0.107414
632.344,0.0632293
1210.75,0.121033
1581,0.158086
609.782,0.0609613
921.224,0.0920937
759.939,0.0759919
867.241,0.0867164
2765.53,0.276451
2947.05,0.294342
1431.33,0.142973
1434.58,0.143435
2733.17,0.272999
4612.68,0.460899
838.447,0.0838314
917.708,0.0917538
1305.36,0.130485
1627.21,0.162571
24423.4,2.43256
12269.3,1.22437
1417.63,0.141686
884.432,0.0883315
919.801,0.0919509
674.486,0.0672716
634.316,0.0634044
849.15,0.0846698
694.304,0.0694295
1647.45,0.164693
2826.55,0.282376
1078.46,0.107814
645.71,0.0645634
1836.76,0.183629
834.894,0.0834743
947.8,0.0947547
2163.74,0.216263
1315.61,0.13155
1183.99,0.117887
1469.13,0.146836
5235.99,0.52291
2056.17,0.205564
1102.1,0.110143
5165.32,0.516435
800.471,0.0799106
1745.91,0.174522
1151.08,0.11507
963.234,0.0963197
1056.68,0.105649
1984.02,0.19837
1564.57,0.156216
1800.88,0.180044
1110.42,0.110993
2099.67,0.209538
819.704,0.0819537
964.79,0.096362
907.951,0.0907522
4121.88,0.411363
772.016,0.077062
1366.34,0.136541
1706.66,0.170619
1211.31,0.121123
3192.51,0.319063
1856.46,0.185602
1158.77,0.115782
1909.74,0.188503
880.114,0.0879843
1471.83,0.146702
775.718,0.0775676
848.26,0.0848083
1364.02,0.136287
1274.22,0.127357
1902.16,0.19015
1421.94,0.141971
2340.07,0.23391
1478.7,0.14781
1749.9,0.173457
1360.72,0.135829
2511.63,0.251099
1320.07,0.131872
641.367,0.0641222
1127.24,0.1126
1652.85,0.16527
1394.45,0.139328
983.68,0.0983127
2042.98,0.20424
653.63,0.06536
2598.11,0.259637
862.112,0.0862028
1546.8,0.15458
931.332,0.0930857
1833.31,0.183116
952.452,0.0952442
2202.93,0.219344
1297.22,0.129296
1722.74,0.172243
568.695,0.0568386
5450.97,0.544854
932.314,0.0931977
1045.63,0.104493
1006.6,0.100657
855.634,0.0855457
823.147,0.0823033
4145.71,0.412298
5943.47,0.593544
747.893,0.0747865
1718.64,0.171839
430.937,0.0429188
1963.27,0.196183
978.186,0.0978112
1676.02,0.167586
922.43,0.0922372
980.48,0.0980433
1960.01,0.195958
1217,0.121646
963.824,0.0963809
1286.87,0.128646
1724.65,0.172374
748.161,0.0748148
1737.28,0.173623
1972.14,0.197134
876.753,0.0875822
1007.29,0.100684
981.6,0.0979989
1177.38,0.117636
1357.12,0.135639
1281.73,0.128139
1159.4,0.115903
782.502,0.0781936
908.987,0.0908938
1040.7,0.104016
1311.02,0.131092
487.556,0.0487352
1365.69,0.136411
1012.6,0.101148
779.181,0.0778851
1541.41,0.154123
1161.28,0.115989
1032.81,0.103211
2679.94,0.267863
6180.31,0.617566
1852.26,0.185219
1351.99,0.135191
691.184,0.069055
1238.26,0.123708
2100.92,0.209991
2126.76,0.212149
1170.78,0.11703
878.467,0.0878397
483.186,0.0482692
742.38,0.0742313
1415.81,0.141479
2167.67,0.216674
2189.16,0.218759
1066.35,0.106511
1288.33,0.128797
869.623,0.0867101
1260.24,0.126009
3240.93,0.323817
780.323,0.0779825
839.669,0.0838878
1636.7,0.163582
1540.25,0.15343
1075.95,0.107558
2403.99,0.240053
971.378,0.0971012
1038.41,0.103813
3895.24,0.38922
859.058,0.0857814
1556.08,0.152658
3178.7,0.317798
1488.86,0.14855
901.51,0.0901009
665.973,0.0665862
815.534,0.0815138
833.796,0.0833745
867.798,0.0867609
862.347,0.086224
1794.92,0.179464
1362.59,0.136101
745.179,0.0745056
1756.78,0.175627
4358.83,0.435435
951.516,0.0951347
883.79,0.088086
449.144,0.0448952
1254.53,0.125439
2364.95,0.236419
579.707,0.0579292
1587.98,0.158777
1791.3,0.179114
866.556,0.0866498
1858.76,0.185811
450.633,0.0448798
1650.67,0.164682
1212.94,0.121207
1016.09,0.104398
1053.69,0.105353
896.514,0.089572
1826.83,0.18206
958.404,0.0958385
1156.15,0.115585
4767.88,0.476429
2372.27,0.237101
1528.34,0.152152
808.796,0.0808667
2711.65,0.270906
1473.19,0.147276
694.503,0.0691085
1563.66,0.156326
673.729,0.0672804
980.356,0.0980174
1839.95,0.183919
1735.39,0.173359
647.024,0.0646747
1203.81,0.120366
1238.51,0.123746
1736.4,1.35292
1238.91,0.121855
764.941,0.0764935
1202.09,0.120143
3322.85,0.329429
1026.18,0.101837
770.075,0.0769833
1160.74,0.115998
1455.61,0.145321
10589.1,1.05215
539.687,0.0539429
1441.18,0.143985
813.439,0.0812828
1428.08,0.142675
1314.34,0.131394
2461.59,0.245253
2014.55,0.201287
970.407,0.097023
1263.85,0.126143
966.422,0.0965609
1023.63,0.102339
800.43,0.0799432
2097.85,0.209713
1591.92,0.159154
1404.63,0.140442
1137.55,0.113668
1273.27,0.127276
1124,0.112381
697.15,0.069676
972.568,0.0968449
958.568,0.0956806
2269.13,0.226611
1327.16,0.132668
2935.06,0.293331
1134.79,0.113395
1136.31,0.113626
1967.75,0.196691
2291.76,0.228806
1058.59,0.105838
1035.92,0.103558
1440.61,0.143994
1463.61,0.145904
852.788,0.085265
1150.06,0.114986
729.494,0.0729325
861.38,0.0861237
871.941,0.0870682
1362.02,0.136195
1116.6,0.111639
1244.13,0.124318
2426.53,0.241957
847.524,0.084738
682.359,0.0682305
676.403,0.0676343
551.496,0.0551453
2519.5,0.251723
1226.28,0.122556
1068.19,0.106691
1529.42,0.152577
1499,0.14969
607.411,0.0607265
841.491,0.0841133
867.087,0.0866955
952.92,0.0952832
1220.94,0.122074
3509.31,0.350702
1721.81,0.172151
904.901,0.0903923
711.818,0.071172
879.196,0.0878572
1861.3,0.186028
1246.79,0.124542
735.294,0.0734897
2365.47,0.235187
1820.9,0.182039
1865.71,0.186558
1134.24,0.11337
5134.43,0.513131
803.523,0.0803138
3665.62,0.366178
2264.62,0.226444
1420.17,0.141921
1563.06,0.156055
1555.56,0.155489
2229.2,0.222843
1449.16,0.144864
1615.31,0.161516
848.895,0.0848697
922.998,0.0922809
1015.41,0.101518
727.935,0.0727599
1083.55,0.107687
3343.33,0.334082
4052.12,0.405038
835.062,0.0834737
1337.09,0.133703
802.487,0.0802391
1130.92,0.113033
1156.25,0.115578
3998.45,0.399665
4272.24,0.427124
1230.99,0.123073
749.709,0.0749563
1991.37,0.19907
1144.5,0.114377
877.813,0.0877645
1092.99,0.109249
1212.18,0.121171
1661.17,0.166071
1057.35,0.105596
1122.02,0.111983
1087.02,0.107689
879.83,0.0879531
1381.1,0.138093
3481.48,0.347544
2219.84,0.22195
1573.46,0.157256
20113.3,1.99089
1470.57,0.146638
978.953,0.0978423
649.672,0.0649503
1870.92,0.187041
1021.82,0.102113
1023.47,0.102192
1197.8,0.119552
1507.84,0.150597
1389.13,0.138887
1188.3,0.118544
1662.51,0.166198
1087.81,0.10872
4763.57,0.476277
933.99,0.0932945
1737.83,0.173596
1165.98,0.116498
1409.53,0.140888
2639.21,0.261748
1035.45,0.103535
2816.59,0.281369
458.66,0.0458169
1026.73,0.102607
1244.87,0.124344
1268.48,0.126757
814.538,0.0814253
833.607,0.0832728
602.348,0.0600593
953.14,0.0952841
993.902,0.0993862
978.681,0.0978011
1065.92,0.106537
2229.88,0.222831
864.875,0.0853211
11915.7,1.19113
1686.73,0.168639
909.478,0.0909136
19708.5,2.7321
1618.39,0.161763
1287.11,0.128241
828.022,0.0827849
772.672,0.0771219
1104.59,0.110457
1332.44,0.133097
2244.61,0.22425
4179.08,0.417545
10342.1,1.03104
752.27,0.0752191
574.249,0.0573831
1460.08,0.145829
20375.7,2.01609
2015.54,0.201508
1009.45,0.10093
1442.52,0.144192
1138.35,0.113751
1812.04,0.181167
3049,0.304545
1093.52,0.109331
2317.82,0.23075
1085.15,0.108477
1090.86,0.108926
1432.29,0.143183
1061.81,0.106157
1493.58,0.149315
983.636,0.0983199
1630.54,0.162621
2185.51,0.21826
651.927,0.065192
1881.23,0.188084
1107.97,0.110786
1277.09,0.127603
808.401,0.0807733
713.286,0.0712913
1127.23,0.112609
1405.82,0.140577
4742.8,0.473855
913.745,0.091341
1772.66,0.177237
968.896,0.0968403
706.567,0.0706254
974.31,0.0974024
1037.35,0.103734
1171.24,0.117079
935.124,0.0934962
1135.88,0.113535
859.499,0.0859428
1233.66,0.123347
641.034,0.0637111
726.354,0.0725437
1245.02,0.124451
3096.68,0.309403
492.797,0.049257
1161.95,0.116145
1047.1,0.10396
984.413,0.0983877
949.073,0.0949011
1001.79,0.100134
791.199,0.0791014
950.294,0.0950282
1120.74,0.112067
1385.02,0.138476
2504.81,0.250319
1455.74,0.145564
1185.92,0.118516
778.532,0.0778249
2992.52,0.299177
771.425,0.0771412
1047.78,0.104349
1921.73,0.192129
2676.43,0.267181
790.731,0.0789821
2055.6,0.205279
1204.41,0.12042
1434.11,0.143353
3300.03,0.329852
22557.6,2.24617
1763.38,0.176136
1424.86,0.142434
1546.04,0.154395
1918.28,0.191795
3461.07,0.345872
2065.75,0.206309
1280.1,0.12797
14676,1.46478
3641.66,0.363894
840.43,0.0840277
2204.8,0.220442
876.016,0.0875923
1301.4,0.129891
534.363,0.0533987
642.131,0.0642095
1551.27,0.155066
639.41,0.063119
1232.83,0.123245
1588.5,0.158841
2838.78,0.283413
876.538,0.0874663
1267.61,0.126635
622.558,0.0622386
820.354,0.0819787
1373.2,0.137295
932.495,0.0932283
1771.32,0.176829
978.506,0.0977981
1420.68,0.141991
1289.93,0.128973
5978.99,0.597716
1510.36,0.150851
1488.3,0.148798
3183.53,0.315541
780.367,0.0780346
742.4,0.0735096
1835.62,0.183327
972.067,0.0971592
893.233,0.0893
1800.1,0.179821
1137.73,0.113545
1046.83,0.104583
1359.66,0.135945
1092.98,0.108325
3481.09,0.347163
1208.77,0.120808
1088.19,0.108775
1873.35,0.187307
1148.85,0.114882
1748.89,0.174827
1872.64,0.187159
841.948,0.0841864
1065.97,0.106563
1039.15,0.103905
843.285,0.0842347
3880.58,0.387162
1362.74,0.136261
1533.13,0.153118
1129,0.112856
1317.48,0.131739
4342.01,0.433375
1940.33,0.193577
1130.76,0.112981
1291.46,0.129056
2075.51,0.207381
1012,0.101187
1649.51,0.164832
2534.13,0.25324
3823.87,0.382097
877.686,0.0872844
1817.45,0.181303
592.161,0.0592123
4395.54,0.439495
1353.74,0.135223
1884.21,0.18789
1075.6,0.107541
812.902,0.0812677
2700,0.269829
3318.26,0.331763
2433.55,0.24319
1213.04,0.121284
871.806,0.0871251
673.906,0.0673887
983.829,0.0982421
1754.82,0.175463
1596.89,0.159426
601.432,0.0601223
720.24,0.0720097
1845.08,0.184393
979.658,0.0979513
1697.48,0.309586
1006.81,0.100664
969.909,0.0969565
1255.5,0.125519
4388.32,0.438714
2108.03,0.210683
1661.52,0.166143
1361.51,0.136121
1224.14,0.122383
2329.03,0.232886
811.601,0.0810297
2266.59,0.226543
3943.55,0.394075
7982.31,0.796128
2914.72,0.290312
1324.54,0.132273
740.995,0.0740975
1038.75,0.103569
856.258,0.0855913
783.518,0.0783389
1001.69,0.100164
1068.2,0.106817
1776.05,0.177421
750.593,0.0750511
790.754,0.0788458
1497.7,0.149734
1473.56,0.146932
3484.04,0.347774
1387.23,0.13865
951.22,0.095118
7880.78,0.787855
1374.27,0.137301
3264.33,0.325891
1356.97,0.137148
948.391,0.0947956
1537.78,0.153637
871.797,0.0871017
2300.22,0.229384
3739.54,0.373873
679.025,0.0679015
1060.08,0.105991
992.37,0.0992179
650.08,0.0649903
904.81,0.0904785
2266.42,0.226579
1846.66,0.18451
1237.55,0.123743
1672.15,0.167182
1060.47,0.105867
943.059,0.0942892
1666.17,0.166462
1094.86,0.109385
2177.55,0.217384
2576.55,0.257564
992.556,0.0991565
1989.16,0.198899
733.129,0.0733095
1077.62,0.107624
861.727,0.0861694
1596.83,0.15961
1030.01,0.102988
2010.84,0.201008
2233.11,0.223181
1478.74,0.147863
928.909,0.0928214
945.292,0.0943365
3409.06,0.340834
7654.94,0.764007
1544.62,0.154438
1561.81,0.156011
1329.79,0.132893
1284.19,0.128403
2109.93,0.210907
5632.14,0.562865
1033.37,0.103332
10052.6,3.39007
1067.79,0.106646
818.919,0.0818861
1170.04,0.116964
848.234,0.0843199
2884.47,0.288289
880.222,0.0880207
1015.43,0.101498
3505.6,0.350425
8529.43,0.851176
3571.37,0.355087
589.966,0.0589957
1197.42,0.119724
1614.41,0.16139
712.958,0.0712935
736.268,0.0735289
1440.02,0.143498
1064.43,0.106338
1329.74,0.132963
793.157,0.0792405
772.31,0.0771567
1498.48,0.149609
1144.18,0.114402
1054.84,0.104868
1475.12,0.14747
2475.3,0.247163
1262.6,0.126249
2455.35,0.245463
1957.76,0.195686
5713.7,0.570884
7343.19,6.32758
1482.98,0.148288
2319.73,0.231793
842.109,0.0841246
1112.33,0.111213
1838.67,0.183772
1260.73,0.126042
2162.56,0.216185
2012.83,0.201213
2662.4,0.266112
936.971,0.0927436
1002.94,0.100111
1484.32,0.148405
2901.05,0.289661
893.936,0.0892969
4524.84,0.45203
1545.39,0.15418
1367.83,0.136722
987.143,0.0986527
3359.32,0.335858
2625.35,0.262106
1523.75,0.152214
845.824,0.0845725
1908.39,0.190771
3357.46,0.335696
2516.44,0.251582
3085.47,0.308317
1891.3,0.189054
4198.92,0.418948
1513.99,0.151392
1494.98,0.149234
2244.69,0.224315
256.492,0.0256478
1067.08,0.106453
1255.97,0.125554
1345.68,0.134538
667.317,0.0666798
2285.07,0.228467
1615.83,0.161521
2027.04,0.202679
1073.38,0.107316
1090.91,0.109084
1694.11,0.169375
1493.55,0.149297
1728.88,0.172711
1054.97,0.105444
783.089,0.0783054
1450.8,0.144784
1969.52,0.196898
1378.53,0.137799
2525.92,0.252498
807.368,0.0806393
1524.74,0.15223
911.38,0.0910989
1565.53,0.156479
547.507,0.0547355
1241.73,0.124124
20694.1,2.06611
4848.68,0.484775
949.507,0.0948832
1618.58,0.161801
1303.55,0.130298
1430.3,0.142974
1302.18,0.130166
1116.84,0.11164
1156.51,0.115636
919.808,0.091978
991.58,0.0990903
1849.93,0.184923
1259.66,0.125753
2554.59,0.255426
1862.99,0.186234
1196.09,0.119576
1943.67,0.19423
4261.19,0.425946
3986.66,0.398318
2212.83,0.210199
1000.89,0.100051
3739.33,0.372811
1628.48,0.162731
1190.73,0.119025
872.475,0.0871896
1787.91,0.178724
1972.57,0.195409
1645.39,0.16452
584.44,0.0584436
3263.51,0.326165
1667.54,0.166581
789.397,0.0788802
1814.42,0.181392
765.001,0.0764328
1884.96,0.188433
4682.58,0.467905
1190.99,0.119088
582.388,0.0582372
1031.33,0.103092
777.645,0.0777516
2136.62,0.212934
818.57,0.0818307
779.234,0.0778581
988.445,0.098729
880.628,0.0880441
802.571,0.0783111
876.291,0.087627
918.915,0.0918685
776.357,0.0773353
801.526,0.0801263
733.052,0.0720058
5498.11,0.549742
790.355,0.0790265
767.937,0.0767658
1085.72,0.108552
993.221,0.0993173
1272.8,0.127216
1682.02,0.168184
1045.66,0.104535
1500.75,0.149913
1321.22,0.132118
1325.91,0.132581
1727.31,0.172442
2843.96,0.284234
2686.29,0.268074
1516.75,0.151571
1006.96,0.101792
2762.71,0.933375
1296.79,0.129474
1958.12,0.19558
4422.7,0.441754
673.119,0.0672409
1129.9,0.112967
1125.7,0.112534
8727.32,0.87236
1026.56,0.102612
1028.55,0.102788
3335.69,0.331738
1091.07,0.108941
11473.8,1.13967
1456.01,0.145564
2870.07,0.28688
624.281,0.0624182
1186.19,0.118612
1936.33,0.193512
1242.81,0.124262
1105.93,0.106893
697.477,0.069741
2321.11,0.231255
1338.86,0.133841
3243.81,0.323966
5354.19,0.534928
1649,0.164831
1289.34,0.128914
906.419,0.0905093
2039.91,0.203884
1239,0.12437
1085.39,0.108501
2007.65,0.200298
932.424,0.0931683
2511.18,0.251092
1113.87,0.111366
999.703,0.0994478
2126.96,0.212656
2948.06,0.294653
1386.67,0.13863
1051.83,0.10508
1962.87,0.195422
1360.02,0.135922
7654.77,0.764405
516.804,0.051676
681.572,0.0681404
1046.65,0.104637
2150.77,0.214836
777.474,0.0777396
1467.35,0.146604
3017.6,0.301431
788.623,0.0787864
1309.45,0.130899
1093.04,0.109189
1282.46,0.128239
1189.55,0.118425
978.074,0.0977843
720.037,0.0719968
10795.8,1.07377
1219.38,0.121908
949.347,0.0949045
1570.28,0.157
1970.17,0.19691
3203.28,0.320149
1351.42,0.134353
1315.57,0.131466
1073.68,0.107332
940.526,0.0940052
1532.62,0.153205
2019.69,0.201942
1873.13,0.187285
1006,0.100347
2028.41,0.202727
1391.53,0.139027
869.642,0.0869568
2243.71,0.223757
4682.78,0.467192
666.997,0.0666413
1868.24,0.186818
1782.21,0.178167
1254.85,0.125471
809.513,0.080942
1198.01,0.119701
1830.65,0.183021
631.92,0.0631711
1086.94,0.108682
1633.92,0.163375
1895.82,0.189371
2846.87,0.284297
2226.59,0.222606
2825.55,0.282417
2652,0.263682
1674.49,0.87845
4100.33,0.409038
854.045,0.0853513
1824.71,0.18241
840.54,0.0838054
1806.08,0.180398
2103.17,0.210099
1522.21,0.152202
1132.79,0.113149
1291.16,0.129113
952.597,0.0952553
858.211,0.085636
2021.82,0.202061
531.717,0.0531091
808.653,0.0807647
710.493,0.0710307
570.606,0.0570559
1031.21,0.103073
1910.79,0.190842
898.642,0.0898569
1073.99,0.10734
937.497,0.0933608
1297.27,0.129647
1090.88,0.109053
1776.2,0.177486
1518.51,0.151822
3050.13,0.304091
1147.46,0.11471
1075.74,0.107562
3502.03,0.350126
1736.13,0.173425
2113.97,0.211276
942.707,0.0941214
2352.05,0.235166
716.019,0.071591
1240.95,0.123846
581.979,0.0578078
1545.41,0.154345
1020.74,0.102069
1380.59,0.138055
1020.33,0.102027
842.273,0.0842186
1694.65,0.169454
2086.34,0.208418
1732.43,0.173235
1393.11,0.139094
1064.56,0.106409
900.847,0.0900743
629.811,0.062978
7040.83,0.703071
2183.4,0.218188
825.034,0.0824832
1276.38,0.127631
773.366,0.077334
1031.78,0.102568
1069.74,0.106934
6950.96,0.693662
750.848,0.0750385
2531.14,0.252899
1270.16,0.12699
3475.74,0.347511
3046.2,0.30438
2362.73,0.236141
923.568,0.0923535
1283.39,0.12832
739.93,0.073988
934.531,0.0934267
1636.88,0.163663
3090.09,0.308943
1429.15,0.142889
821.566,0.082103
1095.32,0.109506
712.815,0.0712798
922.151,0.0921942
1654.28,0.164737
937.877,0.093769
1318.26,0.131806
1045.94,0.104528
919.813,0.0919512
1481.28,0.148109
1710.61,0.170995
735.53,0.0732054
2581.84,0.258132
1653.33,0.163377
9597.3,0.954829
890.347,0.0889938
981.349,0.0980209
623.5,0.0623237
1225.94,0.122481
976.587,0.0976019
483.511,0.0483206
2670.98,0.267087
6838.44,0.683104
1057.15,0.105674
4682.54,0.466806
1616.3,0.161562
2164.61,0.216432
1754.27,0.175189
2929.8,0.292906
688.468,0.0688285
1418.18,0.14177
935.472,0.09352
15224.6,1.52022
994.657,0.0994623
2345.32,0.234481
1030.55,0.103052
1131.51,0.113072
1024.71,0.102459
1573.73,0.157066
1247.07,0.124656
1278,0.127781
1059.91,0.105494
10393,3.47816
1034.98,0.103463
984.699,0.0984535
1570.18,0.156997
521.232,0.0520367
1267.38,0.12671
1165.33,0.116484
1398.47,0.139728
679.312,0.0679148
3277.82,0.327658
2022.3,0.20215
3327.65,0.332054
10872,1.08432
1162.82,0.116209
1205.4,0.119547
1080.85,0.107895
1430.9,0.142879
911.002,0.0910212
869.126,0.0869044
752.375,0.0750075
2529.49,0.252844
1055.18,0.105469
1013.22,0.101288
1430.58,0.143049
1205.48,0.120499
1082.41,0.108233
723.163,0.0722817
3143.04,0.314253
1115.54,0.111472
2666.74,0.266122
3331.39,0.332767
1635.48,0.16349
1282.67,0.128208
1880.56,0.187745
1186.99,0.118669
1273.11,0.127045
827.568,0.0827426
1324.44,0.132411
620.599,0.0620399
2089.45,0.208762
1901.71,0.190073
2199.13,0.219758
1819.76,0.181955
701.961,0.0701875
1486.87,0.148652
819.758,0.0819705
2399.78,0.236304
1775.26,0.177514
799.176,0.0799145
2222.8,0.221055
1771.29,0.176492
1849.77,0.184955
686.73,0.0684598
1040.91,0.10393
1002.24,0.10022
873.245,0.0872897
1144.56,0.114119
1008.44,0.10082
700.096,0.0697327
2317.23,0.231693
1556.57,0.15559
3635.92,0.363547
1584.91,0.158429
11592.3,1.15358
1007.25,0.10064
1082.37,0.108064
1184.55,0.118392
4379.81,0.437636
720.55,0.0720342
7196.02,0.718208
727.758,0.0727201
1173.59,0.117344
964.222,0.0956009
768.762,0.0768614
1096.46,0.109622
1093.23,0.109321
1262.96,0.125977
2163.07,0.216087
1006.21,0.100449
901.534,0.0901027
1599.35,0.159883
689.936,0.068987
751.244,0.0750607
1953.08,0.19528
1280.29,0.127874
1066.87,0.106662
1360.72,0.135221
1356.79,0.135536
1057.28,0.10569
1724.33,0.172368
926.105,0.0921593
2193.04,0.21897
999.806,0.0999588
818.863,0.0817064
1056.6,0.105214
1060.14,0.105973
1134.29,0.113211
1139.73,0.113946
1499.66,0.149719
819.123,0.0819101
3783.87,0.378308
1267.28,0.124747
3226.46,0.322518
816.726,0.0816612
2903.13,0.29018
878.266,0.0877707
946.104,0.0946094
890.932,0.0890444
1372.42,0.136983
2872,0.286968
1111.85,0.111168
1321.02,0.13201
974.415,0.0974274
941.022,0.0940564
1424.38,0.142414
1356.42,0.135444
1364.9,0.136385
1350.5,0.135027
1349.91,0.134955
2122.57,0.212093
886.507,0.0885645
5412.38,0.540865
840.557,0.0840435
1076.79,0.107636
2022.9,0.202031
837.896,0.0837717
4078.54,0.407169
790.261,0.0790037
1153,0.115232
2278.01,0.227573
1703.51,0.170318
1252.75,0.12527
959.447,0.0959327
807.963,0.0807295
945.281,0.0944697
6981.63,0.696247
7271.52,0.726043
1074.36,0.107405
688.929,0.0688682
890.995,0.0890518
962.784,0.096161
766.955,0.0766722
630.403,0.0629864
666.213,0.0666152
1169.92,0.116976
855.352,0.085531
705.148,0.0705034
999.875,0.0999392
1653.17,0.165279
1705.4,0.170381
1370.27,0.137005
935.483,0.0935402
1072.52,0.106816
1617.21,0.161549
1609.13,0.160881
2476.12,0.247497
1610.41,0.160385
1011,0.10079
1772.64,0.177237
823.287,0.0822847
2436.87,0.243658
2536.03,0.253528
1224.61,0.122437
933.689,0.0933185
1153.84,0.115343
702.732,0.0702634
963.612,0.0963333
2200.17,0.219974
2034.83,0.203435
10796.8,1.0779
694.409,0.0694363
672.678,0.0672669
1755.02,0.175381
905.249,0.0900009
2150.41,0.214788
1668.52,0.166573
924.525,0.0924452
587.033,0.0586969
3149.84,0.314644
549.344,0.0549243
1349.83,0.134968
1349.71,0.134895
1007.51,0.100737
1285.4,0.128534
3769.85,0.376716
1302.04,0.129883
750.422,0.0750323
2709.76,0.270876
887.019,0.0885463
854.785,0.0854682
949.327,0.0949274
2285.24,0.228207
1328.57,0.132741
1930.29,0.192998
1989.19,0.198819
725.805,0.0725371
1640.52,0.163868
3916.72,0.391519
2235.19,0.223147
1021.17,0.102073
1939.18,0.193809
1647.44,0.16473
794.574,0.079455
574.643,0.0574255
11236.8,1.12326
828.627,0.0827357
1632.86,0.163163
1074.45,0.10743
947.268,0.0945328
1617.32,0.16162
1639.77,0.163906
1153.33,0.115138
878.238,0.0878032
1194.79,0.119455
1986.47,0.198303
1036.23,0.103592
742.892,0.0742528
977.391,0.0977152
1344.18,0.129293
13709.2,3.49883
1121.39,0.112045
1980.57,0.19798
1229.61,0.122882
3239.17,0.323646
707.016,0.070692
4112.68,0.407348
883.839,0.0883059
1368.95,0.13661
1297.17,0.129693
2169.64,0.216941
1533.47,0.153317
932.62,0.0932599
3453.23,0.345191
1187.31,0.118723
1071.48,0.107108
1529.41,0.15281
1295.24,0.12912
3334.02,0.333108
1136.82,0.113628
2530.77,0.252928
1448.24,0.144802
1708.2,0.17067
1203.19,0.120242
809.413,0.0806467
906.364,0.0906198
1016.93,0.101688
987.803,0.0987608
1684.77,0.16837
8893.08,0.885922
1616.75,0.161541
2235.78,0.223327
826.088,0.0825397
1045.73,0.104571
1000.72,0.100067
2265.01,0.226118
958.841,0.0958762
1066.76,0.106576
1079.33,0.107862
1357.13,0.135566
1431.96,0.143171
980.788,0.0980608
822.549,0.082239
1056.65,0.105607
1142.18,0.114101
995.428,0.0995221
999.541,0.0999441
1101.3,0.110035
1186.15,0.118575
5968.89,0.596516
749.328,0.0748977
1205.03,0.120363
735.657,0.0735637
1799.1,0.179895
1838.41,0.183643
1365.33,0.136516
879.139,0.0878175
1386.44,0.138302
4115.17,0.411157
966.9,0.0965964
1886.83,0.188579
1665.2,0.166415
1480.29,0.14796
1634.72,0.163449
719.081,0.0718855
1158.16,0.115771
1476.65,0.147523
2014.06,0.200457
1929.2,0.192815
882.712,0.0882627
1326.55,0.132647
2122.48,5.20294
759.426,0.0759184
837.387,0.0836894
1438.4,0.143809
1113.86,0.111365
8445.1,0.84309
1300.08,0.129949
9879.22,0.986662
1297.92,0.129779
954.858,0.0954758
764.311,0.076349
3389.21,0.338895
786.362,0.0786335
828.831,0.0828762
1253.51,0.12521
992.239,0.0991915
1457.13,0.145689
1783.66,0.178233
2081.56,0.208014
1654.22,0.165323
1078.03,0.10773
1388.28,0.138786
1080.69,0.108055
6371.71,0.637115
757.981,0.075785
1406.03,0.140532
1837.29,0.183532
3418.56,0.341785
1097.81,0.109735
1583.24,0.158146
1249.91,0.124965
2194.04,0.219238
803.724,0.0803319
5448.55,0.5444
4045.81,0.404208
1177.73,0.117768
804.103,0.080327
1510.58,0.151046
6267.72,0.625993
2611.7,0.260964
1561.98,0.156184
2863.37,0.286001
2137.45,0.213733
462.598,0.0462479
2392.69,0.238923
1176.55,0.117505
887.174,0.0886403
1275.18,0.127318
7172.55,0.716857
919.521,0.0919353
1775.7,0.177533
913.483,0.0913333
2533.61,0.253278
1167.35,0.116668
3373.08,0.337193
1033.17,0.103256
645.844,0.0645814
3926.25,0.392015
7880.54,0.785958
1006.4,0.10032
1216.11,0.121559
2908.06,0.290678
1561.98,0.156175
4745.7,0.474247
1061.09,0.106102
1388.88,0.137876
957.015,0.0956946
1145.75,0.114557
973.398,0.0973249
667.32,0.0654855
6125.07,0.611698
1299.97,0.129937
2757.77,0.275755
656.141,0.0655187
1089.22,0.108539
1695.93,0.169539
1733.27,0.173249
2758.56,0.275775
2372.89,0.237221
2326.32,0.232564
951.987,0.0951915
1312.73,0.131188
817.789,0.0816829
1572.84,0.157133
1893.71,0.189328
1316.07,0.131553
1270.16,0.126935
793.01,0.0792898
1115.06,0.111431
1085.44,0.108242
3540.32,0.353989
1055.66,0.105487
1611.45,0.161099
2737.78,0.273499
1478.49,0.147709
1235.83,0.123576
2408.15,0.24066
945.237,0.0945018
5344.97,0.534196
1027.97,0.102778
770.127,0.0769433
848.869,0.0848708
1056.93,0.105664
2911.13,0.290716
1174.41,0.117398
1637.16,0.163598
2333.81,0.232391
706.724,0.0706089
736.511,0.0736389
694.102,0.0693713
498.687,0.0498519
845.784,0.084565
1667.01,0.166692
2023.65,0.202294
2127.95,0.212433
1584.34,0.158358
16936.4,1.67987
1377.15,0.137599
1373.25,0.137286
1440.62,0.144038
904.424,0.0901271
1726.53,0.172578
1451.12,0.144931
1109.85,0.110936
2257.67,0.22544
558.157,0.0558048
2459.41,0.245843
2244.52,0.224414
1522.46,0.151799
2256.56,0.225632
900.836,0.0900618
1449.33,0.144779
710.051,0.0708739
989.184,0.0989044
531.991,0.0531848
1588.32,0.158596
8177.29,0.817235
1082.86,0.108272
3966.41,0.39657
1811.55,0.180743
6558.59,4.3036
1391.18,0.13904
1146.76,0.114288
2097.98,0.209764
1597.87,0.15977
899.103,0.0899041
1101.09,0.110004
1245.77,0.124548
1189.75,0.118969
1662.17,0.165853
1411.21,0.141036
1297.91,0.129765
1314.5,0.131417
980.629,0.097942
1522.8,0.152259
902.923,0.0902033
1248.69,0.120403
783.298,0.0782652
696.008,0.0689545
1636.49,0.16362
1304.87,0.130455
1880.91,0.187456
1122.12,0.112204
728.891,0.0728817
1839.59,0.183884
1427.15,0.14267
560.064,0.0560038
2095.5,0.209468
933.344,0.0932587
1524.08,0.152364
2684.6,0.268304
1719.79,0.171967
772.969,0.0771964
780.925,0.0779837
2527.01,0.252666
13855,1.35316
1300.96,0.129625
1225,0.122313
919.014,0.0918776
972.593,0.0972374
663.962,0.0663224
1116.42,0.111622
2919.1,0.291591
1107.32,0.109823
824.732,0.082427
1156.99,0.115602
856.678,0.0856274
6508.59,6.86238
1918.56,0.191714
1089.88,0.108915
984.357,0.0983569
2158.98,0.215853
2004.72,0.200277
981.566,0.0978999
2566.07,0.256529
771.183,0.0770935
806.104,0.0805749
745.911,0.0745863
1024.62,0.102398
1472.17,0.147089
1374.16,0.137369
1846.8,0.184598
3553.63,0.355195
3332.56,0.332704
1294.61,0.129413
1212.8,0.121277
1905.9,0.190502
1005.51,0.100528
941.035,0.094065
1024.28,0.102375
944.542,0.0944505
1182.65,0.118211
994.904,0.0994686
831.167,0.0830755
755.954,0.0755381
605.73,0.0605702
748.431,0.0747898
2173.81,0.21729
1112.58,0.111237
1174.5,0.117432
3141.89,0.309348
976.442,0.0976303
2055.85,0.205528
1263.13,0.125186
774.361,0.0774011
767.236,0.0767059
678.29,0.0677268
4514.49,0.451193
868.785,0.0868562
2152.73,0.215071
1302.94,0.130287
813.094,0.0813073
962.938,0.096258
305.494,0.0305454
1141.66,0.114104
851.593,0.0851068
1329.46,0.132917
1579.77,0.157842
2916.27,0.291064
2067.04,0.206583
780.603,0.0780532
901.983,0.0901339
2241.61,0.224106
898.056,0.0898008
1904.81,0.190471
1518.78,0.151826
4072.8,0.406929
921.586,0.0921314
881.357,0.0880993
985.974,0.0985878
1557.76,0.155599
1144.79,0.114443
703.97,0.0703828
1940.2,0.193967
1619.77,0.161946
875.112,0.0874127
2766.19,0.276033
1361.5,0.136084
1925.67,0.192253
1903.09,0.190296
2359.13,0.235852
1060.43,0.105997
959.073,0.0956575
869.785,0.0869731
1016.12,0.101594
658.444,0.0656038
1134.12,0.11334
2249.12,0.224813
1085.72,0.10762
3103.86,0.309842
1569.76,0.156947
22762.7,2.27065
1615.31,0.161494
2281.35,0.228076
857.042,0.0856642
1440.22,0.144011
1943.16,0.194035
1369.31,0.135438
1087.33,0.108729
1085.9,0.108537
888.109,0.088793
1649.73,0.164938
2046.27,0.204554
583.468,0.0583424
1076.35,0.107611
4852.17,0.48188
922.186,0.0922168
733.179,0.0733045
1401.84,0.140155
2212.76,0.22116
1049.46,0.10485
761.979,0.0761966
789.548,0.0789387
1528.81,0.152829
741.916,0.0741758
936.549,0.0935425
1205.19,0.120501
1080.72,0.108029
907.242,0.0907112
1760.46,0.175918
1381.62,0.13811
1236.95,0.1236
1604.25,0.160387
1099.82,0.109939
795.107,0.0786887
975.825,0.0964299
778.551,0.0778303
1468.7,0.146853
1730.59,0.172765
703.184,0.0702653
1899.93,0.189972
1102.03,0.110123
894.687,0.0894393
1449.75,0.144873
1171.84,0.117158
830.423,0.0830347
4172.86,0.41535
1822.4,0.18205
634.08,0.0633346
2955.1,0.295349
639.878,0.0639865
739.361,0.0738581
1615.23,0.161519
9292.56,0.92852
978.964,0.0978498
1030.81,0.103076
1161.17,0.115978
492.371,0.0492343
1881.15,0.188083
1499.02,0.149872
532.017,0.0527301
790.25,0.07901
1895.2,0.188522
1415.49,0.141506
615.807,0.0615712
1684.03,0.168289
1224.6,0.122377
789.026,0.0788281
1182.93,0.118285
642.273,0.0640237
1419.78,0.141934
1382.13,0.138054
1457.25,0.145664
1170.15,0.116986
2059.44,0.205812
691.686,0.0691444
1310.14,0.130934
813.655,0.0810998
1223.41,0.122319
1215.82,0.121519
1294.32,0.129411
4725.71,0.472483
988.846,0.0988328
1400.44,0.139759
2819.23,0.281756
791.917,0.0789675
877.351,0.0877106
3812.51,0.380855
722.864,0.072271
798.386,0.0798319
1420.19,0.141953
2182.06,0.218077
815.065,0.0814914
929.403,0.0928976
1805.9,0.180574
1284.91,0.128199
764.677,0.0764449
777.742,0.0777369
691.074,0.0689445
1634.3,0.16339
1094.82,0.109462
2031.86,0.203163
3421.53,0.342092
1105.98,0.109806
7755.43,5.36685
734.409,0.073436
1163.01,0.116271
2909.91,0.290798
858.505,0.0858083
1467.22,0.14665
975.474,0.0975373
817.682,0.0817536
814.248,0.0813787
1594.03,0.15932
1119.63,0.111932
1091.3,0.109129
1496.23,0.149581
1201.1,0.120025
2122.56,0.212131
1229.28,0.122849
1359.15,0.135866
784.878,0.078398
1090.7,0.109068
1000.65,0.0996173
2644.72,0.264394
899.56,0.0899212
1125.04,0.112501
1058.67,0.10583
1804.16,0.179728
1790.75,0.178989
1114.43,0.11142
730.069,0.0729978
2840.78,0.283109
1460.09,0.145983
895.174,0.0894891
960.975,0.0960851
1223.01,0.122159
946.282,0.0946242
1661.75,0.165869
1065.17,0.106508
502.527,0.0502477
1735.11,0.173289
1213.39,0.121205
725.905,0.0725265
1112.93,0.111108
1062.99,0.106285
3869.87,0.386033
1170.21,0.116913
1019.06,0.101901
3036.73,0.30323
1589.51,0.158724
1728.8,0.172869
658.625,0.0658464
978.926,0.0978468
1344.74,0.134413
1199.4,0.119923
983.49,0.0982933
1003.05,0.100214
12825.1,3.44703
5988.05,0.598568
2564.34,0.256301
734.307,0.0733542
1321.24,0.132111
896.08,0.0895953
891.226,0.0890806
612.177,0.061198
914.111,0.0911497
1606.9,0.160661
1034.53,0.103425
2481.6,0.24762
704.864,0.0704657
907.388,0.0906946
1082.3,0.109238
1644.22,0.164337
952.685,0.0952668
920.761,0.0918566
1702.29,0.170181
1080.32,0.108005
1690.17,0.168966
1415.64,0.141091
846.564,0.0845699
1675.34,0.166785
1556.83,0.155668
1535.06,0.153406
992.692,0.099267
755.102,0.0754623
994.841,0.0990459
3817.21,0.381477
1053.46,0.105342
1498.35,0.149461
2957.72,0.295307
3241.92,0.323984
1265.48,0.126224
1403.73,0.140334
1177,0.117689
4049.74,0.404857
708.249,0.0707718
1560.59,0.156039
1239.2,0.123908
2345.93,0.234409
1618.52,0.161793
16891.7,1.68499
2249,0.224833
994.342,0.099363
1173.33,0.117316
1938.93,0.193826
1157.29,0.115671
923.225,0.092312
1235.09,0.123441
1079.34,0.107829
654.664,0.0654591
1679.19,0.167797
1523.37,0.152265
1486.26,0.148529
768.715,0.0768658
1108.27,0.11081
4051.66,0.404211
811.158,0.0810819
1048.46,0.104749
1105.84,0.110549
839.106,0.0838863
1492.19,0.149165
1035.32,0.103522
999.887,0.0999698
1966.06,0.196405
752.02,0.074849
1074.71,0.107382
1049.97,0.104989
1658.29,0.165793
1743.84,0.174298
843.171,0.0842488
1353.38,0.135144
1305.05,0.130449
1763.48,0.17625
2405.07,0.240258
1871.02,0.186944
715.754,0.0715681
485.91,0.048469
1291.17,0.129106
1925.7,0.191319
873.803,0.0873754
1561.04,0.156077
3104.44,0.310063
2488.01,0.248609
4768.13,0.474541
1071.03,0.107083
534.276,0.0532959
1587.08,0.158649
862.859,0.0862633
1923.48,0.192288
796.761,0.079671
719.933,0.0719868
1636.65,0.163457
1277.44,0.127723
1233.3,0.12329
1834.3,0.183346
970.18,0.0967768
658.905,0.0658804
3274.45,0.326211
1259.41,0.125861
1889.57,0.18889
1119.5,0.111916
1334.11,0.133371
960.134,0.0959223
825.179,0.0825018
1442.89,0.144286
1794.52,0.179366
4893.12,0.481122
860.767,0.0860618
1294.88,0.129465
715.069,0.0714384
2233.07,0.223087
848.689,0.0848194
2751.91,0.27501
1309.03,0.130877
2310.12,0.230966
946.006,0.0945959
1011.46,0.101135
1399.19,0.139888
1518,0.151657
5244.46,0.520449
1103.12,0.110296
1192.85,0.11928
768.149,0.0768114
1069.56,0.106888
1440.17,0.142563
1507.95,0.150432
1826.56,0.18265
1755.68,0.175527
2210,0.220076
663.536,0.0662469
1823.44,0.18229
4370.37,0.43579
1310.95,0.131057
1237.79,0.123755
1293.46,0.12932
721.076,0.0720584
2932.46,0.29314
1116.08,0.111589
768.584,0.0768458
682.223,0.0682108
882.861,0.088194
1466.23,0.14659
1453.49,0.145281
2632.78,0.263258
1168.92,0.1167
5165.98,0.51512
945.977,0.094572
688.564,0.068805
2473.32,0.247107
2418.26,0.241787
1026.08,0.10259
1639.6,0.163924
1528.32,0.15275
1049.17,0.104874
866.869,0.0866239
1259.31,0.125882
1435,0.143363
527.143,0.0526639
1725.28,0.172515
1788.83,0.17873
678.719,0.0678403
1516.75,0.151627
1398,0.139705
1226.29,0.122607
1263.59,0.126287
1187.36,0.118689
1345.03,0.134488
1622.99,0.162292
886.218,0.0885729
892.878,0.0892826
1005.44,0.100528
1069.07,0.106682
1571.94,0.157087
973.642,0.0973044
933.274,0.0933049
969.351,0.0967116
1688.68,0.168641
711.975,0.0710965
855.13,0.0855014
611.41,0.0610493
2027.98,0.202365
901.255,0.0900863
1004.45,0.100438
1021.03,0.102053
2260.84,0.225205
825.088,0.082495
1067.37,0.106663
751.766,0.0751497
987.959,0.0987763
2138.56,0.213828
2359.09,0.235636
794.965,0.0672202
1477.16,0.147711
2946.94,0.294608
1190.97,0.11904
1325.45,0.132531
1066.57,0.106512
22245.4,2.21089
9597.64,0.957839
1394.95,0.13942
1921.45,0.191365
717.684,0.0717455
1276.19,0.127369
1417.73,0.14129
2123.83,0.212366
1058.2,0.105716
1752.38,0.175182
1521.73,0.152149
1294.34,0.129403
1852.52,0.185089
1248.56,0.124799
1194.32,0.119333
2223.05,0.22214
773.64,0.0773169
571.34,0.0571126
1806.98,0.180219
2229.5,0.222765
670.905,0.0668604
1144.27,0.114336
1311.06,0.131079
891.498,0.0891273
1446.24,0.144594
958.998,0.0956841
863.349,0.0862809
6380.66,0.63758
1262.34,0.126206
653.201,0.0653167
1143.85,0.114342
1542.13,0.154166
2573.75,0.257329
1078.39,0.107787
1978.67,0.197547
2808.67,0.280755
5025.67,0.502192
16058.4,1.6011
719.873,0.0719573
485.937,0.0485918
1256.71,0.125647
1005.78,0.100566
2170.05,0.216922
3120.71,0.311935
511.098,0.0511015
701.997,0.0701138
1624.87,0.162448
2094.43,0.209241
608.101,0.0608055
1773.54,0.177242
1287.87,0.128778
1532.02,0.152744
940.375,0.0940232
1669.09,0.166878
1018.19,0.101803
2176,0.217555
1023.91,0.102385
1879.19,0.187477
565.536,0.0565332
4197.55,0.419329
2106.63,0.210608
1110.85,0.110921
1161.75,0.116098
2291.23,0.229034
1719.9,0.171902
704.675,0.0704385
645.336,0.0645301
1257.77,0.125754
696.106,0.0696039
1251.62,0.125147
1602.29,0.942606
739.168,0.0737582
1875.14,0.187502
1896.43,0.189579
885.864,0.0885721
601.132,0.0600655
839.227,0.0838716
791.238,0.0790698
641.962,0.0641932
872.048,0.0872031
1119.15,0.111892
2016.17,0.201584
632.537,0.0632258
1789.77,0.17875
5321.31,0.531888
2145.12,0.214253
1006.15,0.100593
1042.31,0.104206
840.021,0.0839966
1361.13,0.135377
1809.34,0.180888
1017.46,0.10174
1002.77,0.100272
4984.8,0.497681
1525.91,0.152572
538.859,0.0535292
1043.62,0.103979
1044.98,0.104304
614.748,0.0614733
1567.78,0.156768
894.868,0.089452
455.24,0.0455225
1406.21,0.140573
3023.46,0.303034
867.848,0.0866396
1548.43,0.154819
796.454,0.0795643
760.372,0.0760287
2277.46,0.227513
1065.67,0.106378
4787.19,0.478178
1201.67,0.120098
1273.88,0.127361
3175.67,0.317527
1924.37,0.192417
489.252,0.0488558
1377.41,0.137707
488.436,0.0488431
1060.82,0.10601
740.41,0.0740317
1111.93,0.110673
1459.04,0.145667
1409.92,0.140929
1527.9,0.152726
749.624,0.0731293
1676.01,0.167366
2059.04,0.205766
2084.54,0.206554
976.864,0.0976622
1707.07,0.170431
769.535,0.076896
756.076,0.0751948
1176.91,0.117653
734.634,0.0734507
1253.7,0.12535
917.092,0.0916995
1038.77,0.103575
1604.12,0.160373
940.164,0.0939999
812.535,0.0812198
1435.45,0.143478
1946.62,0.194456
2410.86,0.240652
976.262,0.0976169
1281.95,0.128097
973.047,0.0972377
1166.31,0.116628
1345.86,0.134525
868.734,0.0859548
1245.39,0.12447
1074.96,0.107479
18713.5,1.8688
1349.14,0.134787
1356.63,0.135184
592.601,0.0592276
1011.81,0.101163
1097.95,0.109787
1166.68,0.116465
1782.82,0.177974
996.888,0.0994421
1477.63,0.147749
989.185,0.098909
4378.48,0.437117
5917.48,0.591462
707.212,0.0704454
646.738,0.0646195
2162.51,0.216133
2026.11,0.202591
1567.92,0.155986
2077.34,0.207391
1388.72,0.138862
820.93,0.0820672
974.054,0.0973975
3727.67,0.372506
1661.96,0.159778
1781.72,0.178154
1061.68,0.106152
1125.72,0.112567
1072.04,0.107173
1387.58,0.13872
1536.05,0.15354
1966.95,0.196584
1482.35,0.14796
1731.98,0.173097
1341.79,0.133995
1287.38,0.128538
1810.01,0.180722
1152.55,0.115026
2852.94,0.284065
1795.79,0.179559
4142.19,0.413875
729.967,0.0729864
1050.91,0.104977
1591.13,0.159066
867.633,0.0867271
1741.12,0.171017
3301.55,0.329979
1565.36,0.156512
652.812,0.0652472
883.042,0.0882864
853.434,0.0853307
1070.78,0.107014
674.621,0.0674597
755.771,0.075513
1973.73,0.197341
3588.93,0.358734
2979.13,0.297704
993.501,0.0990495
921.973,0.0921769
1088.72,0.108819
3011.73,0.301103
1027.78,0.102668
745.777,0.074465
587.487,0.0587104
2426.01,0.242297
2606.23,0.260411
845.906,0.0845841
1618.65,0.161788
1896.75,0.189637
1129.5,0.112888
862.497,0.0862448
911.196,0.0909436
1591.35,0.158102
1492.1,0.149193
1102.26,0.110215
1205.19,0.120516
953.899,0.0953868
1786.85,0.178612
2580.02,0.257988
1527.9,0.152751
1519.97,0.15198
1991.15,0.199022
613.087,0.0613065
780.953,0.0780479
1145.56,0.114499
705.156,0.0705114
1270.37,0.127016
1328.71,0.132307
1164.18,0.116244
1205.81,0.120554
828.368,0.0822287
853.948,0.0852504
785.347,0.0785121
756.356,0.0756114
2960.46,0.29573
2269.8,0.226381
1259.21,0.125865
917.112,0.0915257
990.424,0.0990268
994.784,0.0994224
1006.17,0.100484
1518.17,0.151779
747.196,0.0746999
1205.16,0.120077
1457.08,0.145612
1235.12,0.123287
1781.82,0.176994
1858.14,0.185796
1342.07,0.134189
5771.85,0.573821
1890.6,0.189027
1103.78,0.110326
1008.79,0.100856
1441.67,0.144091
855.883,0.0855096
904.831,0.0904589
2504.31,0.250373
723.669,0.0722881
1357.12,0.135684
697.777,0.0697667
1257.05,0.123835
758.633,0.0758584
1327.2,0.132706
933.71,0.0933286
714.569,0.0714504
3655.04,0.365318
2626.29,0.262463
1256.32,0.125593
1305.32,0.130508
1493.68,0.149188
1723.13,0.172266
1226.76,0.122655
712.915,0.0712338
5703.79,0.570252
4069.72,0.406474
776.122,0.0774926
1471.44,0.147028
1410.63,0.141041
1541.57,0.153804
1702.5,0.170106
879.327,0.087931
3273.76,0.327219
932.965,0.0932297
3096.69,0.309532
1427.75,0.142767
888.062,0.0887957
1352.37,0.135172
1490.09,0.148874
1804.71,0.180347
1108.03,0.110798
1205.48,0.120405
1121.5,0.112052
2310.31,0.230961
1430.49,0.143032
625.661,0.0625615
1552.88,0.155175
1658.25,0.165664
1139.55,0.113874
1548.53,0.154835
2562.33,0.256198
1331.39,0.13308
3546.64,0.35436
1271.65,0.127147
1449.37,0.144147
1099.57,0.109946
1085.48,0.108404
1504.3,0.150317
1175.02,0.117456
1472.02,0.147142
867.888,0.0867259
1502.76,0.150263
755.082,0.0754837
2140.81,0.213277
677.424,0.0677087
3056.72,0.305268
1012.28,0.101163
1789.49,0.177953
1474.35,0.147403
1232.81,0.123263
1046.36,0.104425
931.878,0.0931737
10784.9,1.07482
1165.58,0.116535
829.561,0.0829457
1177.65,0.117682
785.846,0.07857
1083.36,0.108237
1639.06,0.163858
1492.65,0.149187
928.562,0.0928347
12201.8,1.21456
2339.33,0.233911
2545.78,0.254469
8031.15,0.802181
968.93,0.0968229
2116.27,0.210232
2321.23,0.231722
1046.05,0.104552
628.351,0.0627701
1181.71,0.118126
5686.84,0.568329
1768.49,0.176305
1803.5,0.180196
20897.7,2.08753
7326.22,0.731649
1089.58,0.108942
1216.84,0.121581
2375.09,0.237239
936.463,0.0934402
1004.48,0.0989241
971.73,0.0971427
4212.55,0.421152
1263.61,0.126271
1170.5,0.117021
1100.2,0.109947
1795.81,0.179478
809.8,0.0809641
13537.4,1.35081
2800.83,0.279958
802.926,0.0799996
2081.63,0.20804
1192.4,0.11921
776.937,0.0773899
812.1,0.0811051
782.914,0.0782873
801.682,0.0799895
840.089,0.0839117
1650.42,0.165026
1663.47,0.166184
982.881,0.0982478
819.098,0.0819084
1365.39,0.136515
1525,0.152232
2603.08,0.259596
1232.05,0.123095
1715.04,0.171465
818.62,0.0817958
1046.55,0.104631
2645.89,0.264552
778.959,0.0777804
1065.19,0.106516
1065.61,0.106496
6109.41,0.610605
1192.41,0.115956
843.166,0.084238
952.904,0.0950314
666.909,0.0666737
1425.08,0.14248
2165.78,0.216468
1475.73,0.147548
919.631,0.0919355
1128.63,0.11282
950.339,0.094977
3008.03,0.300737
804.784,0.0804612
3304.38,0.329773
1349.11,0.134833
2009.74,0.200816
1073.35,0.107322
1111.84,0.110901
2553.86,0.255367
1443,0.1442
575.194,0.0575168
1194.31,0.119376
989.056,0.0988816
897.476,0.0895968
672.373,0.0670939
1003.55,0.100116
2721.88,0.272159
2118.34,0.211593
886.138,0.0885542
1685.45,0.168291
1203.02,0.120128
836.344,0.0835812
3128.79,0.312846
1171.04,0.117019
1621.26,0.162116
938.926,0.0937861
1655.62,0.165445
697.301,0.0697151
1235.05,0.123428
1024.73,0.102357
1088.56,0.108771
1602.17,0.160025
1093.3,0.109317
885.319,0.0883681
1278.48,0.127765
1555.66,0.154544
1176.32,0.117626
948.38,0.0948332
511.876,0.0511844
1812.76,0.181098
1191.3,0.119098
1235.99,0.123549
1540.54,0.154039
468.475,0.0468364
571.019,0.057092
869.558,0.0869373
792.776,0.0791035
529.839,0.0529734
2366.87,0.236612
3899.43,0.38962
887.081,0.0885448
717.048,0.0716968
1061.27,0.106113
1274.8,0.127442
1107.35,0.110724
3339.97,0.333532
810.715,0.0810682
938.476,0.0938287
2704.88,0.270362
1649.91,0.164761
1356.52,0.134881
915.014,0.0914848
1006.42,0.100621
619.099,0.0617318
1383.38,0.138222
1611.2,0.161098
745.213,0.0745037
1179.14,0.117882
2093.29,0.209283
741.482,0.0741385
746.832,0.0746773
1636.79,0.163602
1077.64,0.107608
1277.36,0.127651
1140.71,0.114004
775.604,0.0766224
1927.45,0.192458
1003.36,0.100178
2268.55,0.226619
796.156,0.0795866
2424.91,0.242387
3777.79,0.37764
2186.14,0.218407
814.677,0.0814588
2666.95,0.266414
815.708,0.0815621
1532.37,0.15318
1227.17,0.122569
903.698,0.090236
1187.46,0.11872
757.527,0.0757425
742.355,0.0742217
963.085,0.0956238
495.406,0.0495289
1188.4,0.118808
849.011,0.0848134
992.381,0.099042
1853.47,0.185231
1600.93,0.160053
1377.42,0.137703
913.534,0.0913482
1053.17,0.105148
898.345,0.0897895
597.474,0.0597385
3880.04,0.387755
1807.23,0.179768
1426.09,0.14244
2269.67,0.226953
683.134,0.0683011
906.412,0.0906198
956.48,0.095629
937.132,0.0937121
1064.33,0.106354
1116.59,0.111615
3193.67,0.3191
595.212,0.0595061
414.573,0.0410796
1344.12,0.134405
5978.68,1.67748
673.003,0.0672504
976.741,0.0976627
2324.74,0.231983
1098.54,0.109821
1270.81,0.127071
3765.72,0.375217
1703.25,0.170284
1787.44,0.178655
766.877,0.0766828
4156.05,0.415406
1330.11,0.13254
1004.73,0.100354
1067.35,0.10646
598.657,0.0597729
1787.26,0.178703
835.023,0.0834937
2036.17,0.202955
1654.53,0.165408
2083.46,0.207902
900.813,0.0900047
821.196,0.0821078
985.435,0.0985069
1117.57,0.111722
1991.96,0.199135
1247.64,0.124386
1887.72,0.188561
836.063,0.0835248
5904.12,0.589091
2842.48,0.284153
4219.81,0.422557
992.126,0.0990827
11872.9,1.18547
1707.78,0.170722
790.016,0.0788869
818.313,0.081446
1878.94,0.187846
1912.97,0.191104
1225.59,0.122521
836.332,0.0836181
1817.52,0.181701
2761.94,0.27249
1891.95,0.189163
1223.6,0.122311
710.356,0.0710336
1831.84,0.182959
688.029,0.0687143
942.448,0.0942084
3194.4,0.319287
1361.7,0.136154
2425.78,0.242458
897.872,0.0892089
546.911,0.0546051
696.57,0.0696564
964.127,0.0942956
1015.81,0.101482
1070.75,0.10707
829.833,0.0829243
588.126,0.0588034
895.163,0.0893484
1229,0.122867
927.075,0.0926921
2728.31,0.272705
1548.16,0.154761
910.875,0.0908834
863.223,0.0849392
1233.78,0.123353
793.633,0.0793453
687.151,0.0684635
1055.12,0.105508
875.424,0.0875251
1709.02,0.170848
715.037,0.0714186
1046.69,0.10465
797.7,0.0797694
876.71,0.0876612
2590.38,0.2589
1807.32,0.180699
1297.95,0.129787
654.505,0.0654403
1442.77,0.144243
1082.45,0.108212
1410.22,0.140781
1670.4,0.166329
1645.07,0.164264
1045.4,0.104523
1983.36,0.198317
1164.2,0.116389
1409.68,0.135685
1878.83,0.186657
1020.21,0.101892
2570.84,0.256835
446.613,0.0446156
673.065,0.0672784
1609.2,0.160793
999.182,0.0996717
1454.12,0.145155
1029.56,0.102946
1089.97,0.108986
1295.98,0.129557
12044.9,1.20185
1177.09,0.117493
993.394,0.0992615
1104.68,0.110435
662.301,0.0662167
801.28,0.080125
873.382,0.0872211
3873.7,0.387272
735.795,0.0735691
1519.41,0.1519
1399.14,0.139831
918.237,0.0918194
1260.42,0.126002
2202.63,0.219839
1848.32,0.1848
2455.02,0.245272
5117.45,0.511496
3841.65,0.38386
1765.38,0.176337
1443.62,0.144214
1590.42,0.159009
685.254,0.0685224
862.405,0.08622
1761.87,0.175581
1451.63,0.144987
581.05,0.0581022
1004.49,0.100442
1405.11,0.140413
1027.36,0.102699
733.624,0.0733501
3314.25,0.331356
1094.8,0.109475
2680.66,0.267366
1675.46,0.166746
1817.2,0.181602
576.791,0.0576383
608.991,0.0608783
1989.16,0.198886
1164.33,0.116423
1114.54,0.111424
813.906,0.0813876
739.121,0.0738502
644.008,0.0643921
904.764,0.0902353
1231.6,0.123146
3413.73,0.341123
1061.93,0.106184
1650.97,0.165038
1331.76,0.132975
2562.31,0.256165
853.464,0.0850602
1416.76,0.141611
2450.96,0.245038
1279.33,0.127919
1019.95,0.101963
2453.43,0.245292
3267.1,0.32645
762.217,0.0762114
1016.23,0.101587
787.713,0.0787256
1541.74,0.154165
979.602,0.0976727
1076.12,0.107579
1198.29,0.119681
1141.87,0.114025
1752.27,0.175024
754.047,0.0754001
1068.11,0.106639
751.97,0.0749741
631.882,0.063148
1500.89,0.149502
980.38,0.0975398
1570.12,0.156987
1136.88,0.113686
1717.74,0.171517
1623.09,0.162194
3597.45,0.359379
1490.74,0.148786
1325.07,0.132503
927.592,0.0927399
3618.84,0.36131
1984.35,0.19829
2429.72,0.24257
2046.32,0.204455
873.068,0.0872878
1063.71,0.106196
1921.19,0.191975
2144.77,0.214302
15815.4,1.5773
485.379,0.0485322
4685.37,0.467351
3448,0.343339
1393.12,0.139294
3738.88,0.373388
793.992,0.0792806
871.268,0.0870511
1643.38,0.164313
3923.61,0.392053
10737.4,1.07148
2577.1,0.257474
7710.83,5.25948
11109.4,3.32069
616.968,0.0616858
1166.45,0.11661
1777.41,0.177719
2352.99,0.233941
1995.48,0.199356
1664.18,0.166395
3152.71,0.314829
1108.51,0.110621
8985.03,0.896857
845.259,0.08438
2118.09,0.211746
1538.67,0.153772
649.828,0.0649786
1812.05,0.180956
1115.33,0.111527
1256.05,0.122902
2286.98,0.228503
1389.77,0.138113
1457.88,0.145717
1005.98,0.100583
1150,0.114896
1542.08,0.154194
837.248,0.0837123
1252.57,0.125125
692.421,0.069106
1695.77,0.169387
1046.88,0.104685
1592.24,0.159053
1641.28,0.16226
852.08,0.0851776
1131.12,0.113092
1864.89,0.18644
2144.99,0.214448
4392.82,0.438887
1285.78,0.128555
2634.98,0.262471
1573.88,0.157373
1185.92,0.118362
5404.63,0.531195
2067.54,0.20605
1140.72,0.114061
997.028,0.0995963
575.284,0.057199
1179.23,0.11792
1254.69,0.125353
1744.05,0.174394
1280.25,0.127921
558.532,0.0558512
2925,0.29245
1701.98,0.170065
1055.16,0.105382
701.555,0.0701213
835.297,0.0834943
1500.19,0.149992
3853.05,0.385074
908.75,0.0906768
2011.7,0.200856
3808.85,0.380664
2164.79,0.216209
2081.15,0.208074
1073.08,0.107091
2659.99,0.261694
1442.06,0.144138
704.872,0.070422
1028.97,0.102888
1092.8,0.109115
4266.77,0.426459
1563,0.156107
1755.38,0.175289
1819.48,0.181843
1289.24,0.128786
1380.63,0.137814
1501.54,0.150031
1051.93,0.10484
2135.98,0.213463
666.801,0.0665943
816.148,0.0816089
1052.24,0.10496
1091.03,0.109078
932.87,0.0932248
17304,3.178
1112.16,0.111127
691.16,0.0691106
908.364,0.0908287
671.968,0.067184
1576.18,0.1576
525.568,0.0516714
1956.57,0.195566
1327.56,0.13274
1093.25,0.109277
1088.01,0.108712
2037.73,0.203698
1084.94,0.108457
995.945,0.0995857
809.905,0.0809846
1088.36,0.108784
1234.25,0.123358
929.242,0.0928984
967.196,0.096343
4002.54,0.400081
2255.51,0.225478
987.381,0.0986622
1111.2,0.111102
1220.11,0.121976
1803.61,0.180346
927.726,0.0927566
1833.84,0.183353
1898.76,0.18985
1860.55,0.18598
1087.18,0.108475
782.605,0.0782189
1125.16,0.112387
942.203,0.0941519
939.355,0.0938749
951.352,0.0951108
1375.59,0.137415
2830.83,0.283034
1243.38,0.124267
967.847,0.0962295
20908.6,2.08513
2324.64,0.232445
864.208,0.0864182
2378.58,0.237649
999.64,0.0999577
1279.68,0.127899
719.834,0.0718234
1160.46,0.115926
754.527,0.0754522
979.723,0.0979318
1180.25,0.117959
533.95,0.0533794
1407.6,0.140655
809.608,0.0809456
1391.64,0.139158
841.334,0.084096
1108.64,0.110848
2302,0.230143
1350.83,0.135077
995.939,0.0995337
817.829,0.0817412
870.509,0.0868223
1077.75,0.107763
3348.43,0.334361
2511.46,0.251026
1658.76,0.165792
1012.37,0.101152
917.202,0.091704
1676.25,0.16745
3296.21,0.329519
1019.76,0.101956
1133.48,0.113339
2354.69,0.235381
1033.73,0.103211
594.16,0.0594113
1896.21,0.189616
1726.93,0.172597
2260.18,0.225922
1529.16,0.152851
1426.25,0.142579
1782.18,0.178167
1471.7,0.147079
780.044,0.0779634
1071.91,0.10708
943.661,0.0943321
1625.17,0.162118
1057.34,0.105721
2184.27,0.218182
793.109,0.079282
2388.49,0.238799
1589.93,0.158987
707.019,0.0706555
1209.82,0.120925
1184.92,0.118484
841.279,0.0840864
980.188,0.0979421
1510.11,0.150994
657.024,0.0655862
628.683,0.0613611
874.355,0.0874017
1692.49,0.169172
1788.28,0.178813
789.113,0.0788949
6241.22,0.621339
1195.28,0.119499
766.765,0.0766488
1861.81,0.185863
1954.19,0.195383
1413.2,0.141235
1374.28,0.137191
1035.85,0.103532
1304.69,0.129951
1546.52,0.15427
1318.47,0.131815
1042.86,0.104274
751.345,0.0749804
1587.42,0.15872
729.743,0.0729639
1373.69,0.137021
534.183,0.0534081
853.359,0.0853179
1833.14,0.18325
1544.54,0.154368
2565.56,0.256309
946.345,0.0946105
5004.72,0.50005
2056.07,0.205414
1140.48,0.113938
2564.25,0.256319
939.084,0.0938911
1902.89,0.190222
2581.37,0.257956
2470.69,0.246899
2542.32,0.254186
953.589,0.0953502
1860.34,0.18591
1780.25,0.177948
1650.27,0.165017
1837.09,0.124935
3773.56,0.376524
2026.41,0.202599
1023.06,0.102136
850.816,0.0848283
1692.84,0.169191
1238.65,0.123709
4237.72,0.4237
4356.67,0.435043
3949.38,0.394741
1111.3,0.0960382
677.011,0.067679
1194.65,0.119325
889.884,0.0889813
1388.91,0.138848
873.301,0.0873187
1384.3,0.13805
577.519,0.0577127
894.361,0.0894267
874.958,0.0873276
1957.7,0.195731
987.146,0.0986068
852.747,0.0852443
1179.33,0.117921
1080.13,0.107889
1273.25,0.127309
1258.73,0.125705
1944.83,0.194475
1855.55,0.185484
1252.22,0.125112
2221.71,0.221718
3223.36,0.32181
1184.94,0.118414
1493.01,0.149258
882.92,0.0882665
797.282,0.0797117
2086.75,0.208517
692.1,0.0692087
1313.06,0.131258
2198.74,0.219786
3112.32,0.310438
917.133,0.0917004
696.473,0.0696363
930.432,0.0930047
1588.21,0.158789
1827.95,0.182771
792.25,0.0792197
1295.74,0.129525
683.694,0.0683307
1849.06,0.18487
1715.92,0.171552
1029.53,0.102948
1644.24,0.164396
1154.49,0.115446
1924.73,0.192422
814.12,0.0813686
540.26,0.054021
3978.37,5.06187
3365.52,0.336408
1430.18,0.142947
963.619,0.0962164
783.521,0.0783138
2408.79,0.240772
1152.07,0.115201
883.116,0.0882796
830.956,0.0829893
1360.39,0.135973
687.395,0.0687304
2858.92,0.285653
7401.63,0.739905
1366.65,0.136576
1212.58,0.120517
1116.3,0.111616
1313.66,0.131179
2239.36,6.76978
998.305,0.0997781
866.32,0.086534
869.098,0.0868603
989.585,0.0979439
1493.29,0.149267
872.734,0.087199
1034.07,0.103373
566.385,0.0566334
2506.66,0.250555
673.373,0.0673219
986.964,0.0986661
1105.93,0.110586
1156.3,0.115628
1861.7,0.18561
1748.17,0.17479
629.006,0.0628981
1060.54,0.106817
951.189,0.0951136
638.897,0.0638608
1594.55,0.159424
1916.65,0.191472
513.05,0.0512993
676.185,0.0675885
1154.32,0.115392
1434.31,0.143067
941.29,0.0937477
1364.03,0.136208
712.142,0.0712097
639.907,0.0639713
1923.35,0.192303
525.16,0.0524711
816.153,0.0816101
962.296,0.0961959
1720.26,0.171952
1136.55,0.113638
1655.11,0.165412
1410.6,0.141032
1270.02,0.12693
1082.02,0.108181
887.825,0.0886968
1035.76,0.103505
1185.28,0.118429
1501.86,0.150179
959.611,0.0959547
838.095,0.0838011
1122.29,0.112186
2607.73,0.260624
1084.78,0.108393
585.819,0.058547
1841.35,0.184051
1454.8,0.145265
938.911,0.0938574
843.629,0.084341
1692.7,0.169113
786.918,0.0786594
1124.36,0.111683
1525.96,0.152546
981.675,0.0981564
2449.75,0.244906
982.049,0.0981335
984.768,0.0982946
668.477,0.0668366
873.312,0.0873104
2188.95,0.218763
986.312,0.0986049
1368.95,0.136864
682.279,0.0681192
1047.62,0.104695
896.09,0.0895336
992.348,0.0992281
2353.58,0.235284
1377.22,0.137658
1949.24,0.194369
857.481,0.0856879
1261.04,0.126082
5403,0.539863
629.057,0.061946
2955.35,0.295436
1493.33,0.149317
2080.18,0.20683
1289.53,0.128906
1753.22,0.17526
1113.34,0.111278
892.446,0.0892388
1083.18,0.10831
1061.57,0.106135
884.88,0.0884791
691.884,0.0691361
938.312,0.093453
1249.04,0.124845
2579.58,0.257799
1691.21,0.169099
4497.52,0.449389
1846.53,0.184502
1301.64,0.130158
4353.48,0.435154
1242.32,0.124183
2712.11,0.271084
1288.13,0.128759
822.79,0.082276
1267.84,0.126622
1330.85,0.133005
841.495,0.0841408
899.832,0.0899596
4135.63,0.412847
510.089,0.0509609
1382.42,0.138186
1045.77,0.104539
1115.36,0.11152
865.404,0.0865242
1274.69,0.127418
1173.03,0.117298
1770.45,0.176715
1193.56,0.119224
975.388,0.0975323
1230.44,0.122997
1569.16,0.156799
2447.89,0.244598
671.084,0.0670971
1822.52,0.182096
2320.11,0.231919
1789,0.178887
4127.78,0.412203
1555.49,0.155517
1147.45,0.11473
1789.43,0.178852
1512.23,0.151125
831.473,0.0830257
947.176,0.0946872
1554.94,0.155481
832.999,0.0832782
792.691,0.0792649
1163.61,0.11594
684.237,0.0683423
2205.5,0.220247
1261.25,0.125918
523.558,0.0523426
719.798,0.07355
1017.16,0.101669
2487.9,0.248495
1055.52,0.105518
1188.17,0.118634
2082.67,0.207951
2023.91,0.202202
1106.53,0.110612
1002.71,0.100244
843.319,0.0843008
748.571,0.0747971
1961.83,0.196155
1429.03,0.142855
1121.98,0.112173
831.673,0.0831601
1018.97,0.101854
1597.99,0.159698
13410.3,1.33875
1338.01,0.133731
1574.48,0.157435
1760.57,0.176003
1408.54,0.140677
1664.17,0.166393
952.697,0.0952223
1373.03,0.137275
1667.47,0.166723
1201.21,0.120079
722.222,0.0722052
2739.58,0.273835
2067.71,0.206674
2511.91,0.251079
827.744,0.08273
984.119,0.0983675
2118.57,0.211812
1941.73,0.194122
1223.01,0.122281
3183.26,0.318148
2548.05,0.251873
1043.51,0.104242
799.368,0.0798893
1865.58,0.186173
1072.41,0.107207
1677.46,0.167644
518.716,0.0518124
10882.7,1.075
787.431,0.0787196
956.826,0.0956351
1880.12,0.187993
730.736,0.0730406
1951.84,0.194989
1354.68,0.135392
1633.14,0.162974
1151.77,0.11494
974.583,0.0973523
1096.93,0.109631
1503.61,0.15035
974,0.0973445
1171.55,0.116827
7387.5,0.733459
1280.91,0.127988
1175.37,0.117482
668.805,0.0668622
871.106,0.0879109
750.527,0.0749788
922.548,0.0922489
1254.8,0.125462
670.321,0.0669822
841.137,0.0841017
2023.4,0.202297
670.997,0.0670448
908.614,0.0908203
1175.24,0.117514
891.243,0.0891137
1195.65,0.1195
1544.27,0.154247
2108.99,0.210846
1647.25,0.164652
971.085,0.0971055
2223.84,0.222319
1482.48,0.148073
1769.52,0.176834
662.468,0.0662352
1486.08,0.148567
435.403,0.0435279
660.094,0.0659693
1909.36,0.190857
1505.42,0.150525
1082.04,0.108186
660.698,0.0660253
948.448,0.0948347
1884.29,0.1884
1832.96,0.183068
1102.32,0.110214
657.234,0.0657208
2688.11,0.268624
1496.08,0.149539
659.951,0.0659858
1220.09,0.121977
647.883,0.0647848
5400.38,0.539235
1119.69,0.111932
1419.4,0.141701
721.325,0.0719675
1208.22,0.120789
724.617,0.0724472
2138.54,0.213725
3201.12,0.319888
905.723,0.0905384
871.974,0.0871911
2179.95,0.217908
623.627,0.062277
5030.87,0.50282
2098.82,0.209742
916.862,0.0915199
1239.23,0.123907
1017.8,0.101657
1498.17,0.149687
1111.69,0.111122
1699.67,0.169837
1412.22,0.141036
6372.31,0.636138
1304,0.130358
5571.5,0.556961
1219.68,0.121961
1189.25,0.118908
971.605,0.097014
1780.76,0.177722
2172.43,0.216811
1317.71,0.131084
818.755,0.0788549
822.751,0.0821492
1715.11,0.171334
1843.74,0.184177
1105.21,0.110443
428.588,0.0428562
1407.58,0.140632
1518.05,0.151796
15832.8,1.57847
1003.95,0.10036
1037.95,0.103769
702.222,0.0702076
2060.11,0.205736
1126.54,0.112605
2639.93,0.839045
751.739,0.075163
1022,0.102186
2464.17,0.246294
1892.64,0.188968
1786.82,0.178487
1789.39,0.178911
868.277,0.0868086
1320.5,0.132031
931.229,0.0930363
1080.39,0.108025
1162.01,0.115948
1376.32,0.137595
750.791,0.0750043
19258,3.49011
1535.46,0.153329
723.639,0.0722868
847.909,0.084682
1017.5,0.101529
1805.06,0.180058
1032.29,0.103225
813.219,0.0810687
1962.24,0.196149
661.99,0.0661696
1190.87,0.119043
2275.42,0.227133
10096.6,1.0082
2485.19,0.247905
1054.43,0.105324
22746.6,2.26658
2701.1,0.269835
1223.65,0.122351
3321.05,0.332028
1477.21,0.147379
1136.52,0.113641
1630.09,0.162942
919.19,0.0918701
1204.35,0.0852795
1160.16,0.115989
858.775,0.0858046
947.761,0.0947705
1322.01,0.132072
785.065,0.0785004
1135.87,0.113584
1180.56,0.117899
1075.53,0.107519
997.934,0.0997828
6300.37,0.628731
1164.33,0.116419
810.455,0.0810412
727.459,0.0727384
2712.06,0.27115
1455.32,0.145413
1234.63,0.122781
1503.79,0.150358
836.132,0.0835899
1099.34,0.109017
1010.3,0.100984
1132.64,0.113239
706.523,0.070638
1151.36,0.114748
1214.96,0.12147
2753.81,0.275268
1544.35,0.154421
868.623,0.0867857
1064.4,0.106193
1118.39,0.111797
1105.3,0.110528
1457.97,0.145609
1274.94,0.126818
9532.12,0.952337
1585.44,0.158396
7588.16,0.757607
691.213,0.0690707
2643.69,0.26264
1763,0.176053
1218.83,0.121721
860.962,0.0859946
1290.51,0.128987
1942.69,0.194167
910.584,0.0910567
1096.24,0.109565
1227.51,0.122652
2515.17,0.251118
661.141,0.0661103
19409.3,1.89403
1814.86,0.179109
1355.96,0.135558
2068.24,0.206769
3372.99,0.336841
1547.35,0.1547
682.047,0.0681941
2743.77,0.2743
1374.56,0.136898
929.903,0.0929793
1443.69,0.14429
1187.55,0.118138
1974.98,0.171767
3155.36,0.315245
675.738,0.0675636
1141.25,0.114114
1691.28,0.168837
1742.74,0.174258
1358.59,0.135848
1336.27,0.133285
1890.61,0.188643
1466.93,0.14646
1049.51,0.104918
758.91,0.0757462
1147.32,0.114655
5073.94,0.506959
4615.27,0.460732
563.608,0.0563588
1069.93,0.106963
646.419,0.0603515
1797.78,0.179332
818.586,0.0818509
1011.1,0.101107
2286.75,0.22846
703.979,0.0702306
11753.9,1.17102
1252.99,0.125153
2724.52,0.271356
1224.27,0.122385
960.725,0.0960514
814.407,0.0814394
1458.25,0.145777
1548.88,0.154816
1270.74,0.126975
857.464,0.0856197
711.718,0.0709612
580.123,0.0579971
2063.29,0.206299
792.284,0.0792009
1581.64,0.158155
1527.56,0.152722
1404.09,0.139844
668.291,0.0667991
880,0.0879786
812.106,0.0809128
712.3,0.0708838
943.924,0.0943383
890.882,0.0890272
10009.1,0.99828
1100.91,0.109987
1017.29,0.101618
479.086,0.0478457
925.613,0.0925225
8654.79,0.864033
1306.23,0.130542
1004.47,0.100278
1157.73,0.115751
2197.52,0.219735
842.507,0.0841196
578.844,0.05786
620.141,0.062008
957.155,0.095482
914.963,0.0914541
5931.12,0.590864
1923.38,0.192325
829.015,0.0828756
1066.47,0.10649
1784.92,0.178486
730.791,0.0730755
1010.29,0.100738
995.357,0.0995205
1357.43,0.135701
1558.89,0.155837
2652.95,0.265091
1643.65,0.164107
1858.99,0.185699
1043.69,0.104334
1819.36,0.181907
2075.36,0.208489
1431.01,0.14299
1332.37,0.133161
1096.14,0.109573
5516.71,0.550357
1227.08,0.122703
1103.35,0.110274
2845.48,0.284499
899.024,0.0898318
20137.4,2.00847
1689.36,0.168891
2599.04,0.259873
2091.61,0.208814
2847.6,0.284479
1104.56,0.110441
1196.95,0.119608
1723.85,0.172242
704.377,0.0704347
1016.01,0.101559
1427.77,0.142743
2210.08,0.219888
1180.21,0.11799
928.731,0.0927909
1242.5,0.124197
1034.82,0.103453
1952.98,0.194844
948.27,0.0948029
2797.52,0.279643
449.143,0.044879
989.612,0.0989022
1062.61,0.106166
2286.42,0.185617
1118.19,0.111777
1942.71,0.194217
822.447,0.0822078
934.64,0.0934476
1371.5,0.137031
3654.94,0.365372
3409.29,0.340624
731.41,0.0731262
929.791,0.0927925
1583.11,0.158289
1394.86,0.138543
1522.1,0.152192
963.391,0.096313
1260.92,0.126071
1403.81,0.140334
2705.19,0.270442
5109.61,0.510748
1671.52,0.166851
1487.98,0.148759
2874.93,0.286289
1029.13,0.102589
817.087,0.0816598
834.535,0.0834297
954.516,0.0954459
1046.32,0.104589
1128.05,0.112726
1742.05,0.173889
2537.89,0.253741
2559.89,0.255881
1536.37,0.153587
1166.61,0.116637
2484.42,0.248266
2434.86,0.243446
26582.4,2.63861
1044.38,0.104374
1279.36,0.127913
1401.55,0.140046
749.065,0.0748967
2031.98,0.203167
841.442,0.0841047
1080.57,0.108048
1734.3,0.173395
1504.42,0.150334
6265.61,0.625759
1095.29,0.109491
848.913,0.0848562
887.164,0.0886641
1225.81,0.122538
1194.39,0.119348
987.043,0.0986986
549.688,0.0549648
1453.55,0.145277
807.569,0.0807334
1733.5,0.173222
1074.35,0.10728
1924.1,0.192116
551.206,0.0551168
1276.85,0.127677
765.024,0.0764397
1592.42,0.159124
1596.77,0.159672
1465.78,0.146512
935.931,0.0935707
2430.14,0.242558
656.075,0.0656065
1471.11,0.146987
2257.72,0.225393
1460.9,0.146074
858.39,0.0858184
635.072,0.0634597
1846.15,0.184318
2365.58,0.236529
1137.07,0.113613
2763.42,0.276136
757.387,0.0757177
1118.14,0.110958
1903.73,0.190301
1631.27,0.163112
809.251,0.0809063
795.18,0.0794213
3200.83,0.319968
640.356,0.0640268
1351.23,0.135114
4509.05,0.450469
954.546,0.0953023
2034.42,0.203287
915.502,0.0915385
825.338,0.0823036
992.082,0.0992046
743.35,0.0742948
1136.48,0.113622
870.635,0.0870342
505.742,0.0505677
1549.41,0.154919
1079.22,0.1079
10444.9,1.04323
1082.73,0.108265
865.497,0.0865367
7117.69,0.710358
2235.52,0.223379
1927.62,0.192552
1502.71,0.149832
901.662,0.0901629
958.987,0.0958323
1257.7,0.125601
787.334,0.0786503
1093.14,0.109299
1442.98,0.144136
1773.04,0.177166
1012.4,0.101233
1084.17,0.108407
971.125,0.096731
1143.02,0.114093
11488.3,6.13072
1584.66,0.158382
1069.61,0.106827
3608.17,0.360525
600.284,0.059988
1735.97,0.173539
1010.76,0.101066
1117.21,0.111714
1541.83,0.15414
1054.14,0.105321
3329.08,0.332816
809.782,0.0809368
811.267,0.081104
1643.79,0.163292
1137.36,0.113538
1155.32,0.115379
2087.9,0.208167
745.568,0.0745499
2679,0.253979
910.292,0.0909843
1247.6,0.124745
1207.9,0.120781
923.907,0.0923638
814.735,0.0814637
998.864,0.0998668
1909.98,0.190822
2763.67,0.275998
7390.98,0.737027
1930.87,0.193031
761.349,0.0756564
940.754,0.0940732
1717.36,0.171719
1093.62,0.109223
471.084,0.0471066
1635.23,0.163491
2218.8,0.221273
1086.9,0.108675
1203.89,0.120353
859.915,0.0859717
2896.27,0.289415
770.935,0.0770898
1915.49,0.19146
3443.03,0.344212
2420.88,0.242049
704.225,0.0703909
1065.61,0.106549
714.655,0.0714238
907.097,0.0906784
755.454,0.0755082
621.623,0.062141
1649.78,0.164913
1232.96,0.123063
1120.47,0.111968
3177.83,0.317122
5382.99,0.537249
2281.19,0.227862
861.932,0.086144
1086.7,0.108555
821.627,0.08211
1193.73,0.119346
1784.82,0.178366
2013.72,0.201266
1152.24,0.115218
1570.77,0.156969
774.253,0.0773707
1091.2,0.109103
1248.63,0.124858
827.209,0.0825769
2582.49,0.257735
1838.17,0.183501
1160.49,0.115865
1214.35,0.121419
1405.21,0.140429
2804.73,0.280303
1312.08,0.130174
1456.25,0.145537
5566.23,0.555918
1124.83,0.112436
1198.13,0.119797
2777.65,0.277674
714.327,0.071432
1555.31,0.155479
1993.35,0.199179
1524.6,0.152248
899.889,0.0899462
1529.69,0.152894
662.699,0.0662597
809.428,0.0809243
1303.21,0.130268
994.743,0.0990382
893.962,0.0893906
2554.52,0.2554
997.413,0.0996426
13866.5,1.38223
1559.38,0.155897
874.398,0.0874141
1794.06,0.179377
4655.47,0.465246
1412.62,0.141206
1235.55,0.123535
1207.8,0.12077
1580.81,0.159531
1102.15,0.110185
643.95,0.0636085
1521.43,0.152131
2145.27,0.214461
609.773,0.0605726
1250.97,0.125066
1254.42,0.12543
898.723,0.0898425
2002.48,0.200082
4985.82,0.498374
912.218,0.0911966
1493.87,0.14928
1193.51,0.119331
871.07,0.0870366
792.647,0.0791796
1421.24,0.14211
3485.8,0.347573
881.162,0.0877309
1100.35,0.109955
455.557,0.0455284
2479.75,0.247877
695.343,0.06952
3820.59,0.381965
998.639,0.0998187
1676.51,0.167477
960.269,0.0960058
11257.9,1.12212
6420.04,0.641652
622.3,0.0622116
764.555,0.0763896
1827.39,0.182715
1375.93,0.137187
4628.12,0.461823
1916.6,0.191554
1755.36,0.175516
734.61,0.0734246
878.66,0.0878604
1183.98,0.11817
1172.95,0.117289
993.715,0.0992866
800.791,0.0799855
682.164,0.0682046
1036.04,0.103576
1334.23,0.132936
903.987,0.0903923
2973.87,0.297224
1451.65,0.145151
1689.18,0.168875
1183.82,0.118355
1319.93,0.131835
1396.91,0.139665
1991.12,0.199081
2517.73,0.243631
981.025,0.0980353
1650.46,0.165013
548.016,0.0548012
1760.75,0.176025
1506.67,0.150651
1157.76,0.115773
618.214,0.0618117
814.787,0.0814706
1069.24,0.106909
654.146,0.0654047
3825.98,0.382266
524.124,0.0523949
1341.66,0.134099
1282.92,0.128266
3701.25,0.369461
773.837,0.0773162
1499.57,0.149926
2283.91,0.227825
480.569,0.0480544
684.907,0.0684607
1386.07,0.138578
1176.92,0.117543
782.416,0.0782271
1500.88,0.150037
5227.27,0.522548
694.705,0.0693705
1154.18,0.115377
19447.2,1.93767
1060.72,0.105978
1551.72,0.155043
787.624,0.0787309
883.204,0.0881818
558.03,0.0557614
1506.61,0.150568
1494.65,0.148823
1590.48,0.158899
1181.01,0.118085
1022.15,0.102172
845.617,0.0845508
2718.38,0.271543
870.434,0.0870137
4412.97,0.439694
1628,0.162691
1155.91,0.11555
1372.07,0.1372
2362.42,0.236161
1280.19,0.127925
1768.24,0.176777
932.758,0.093263
685.578,0.0685258
2016.26,0.201293
823.372,0.0823332
1316.34,0.131579
1008.84,0.10081
998.12,0.0997886
940.76,0.0940604
629.613,0.0629293
477.177,0.0477164
864.964,0.0864713
2469.18,0.24653
3512.67,0.351199
2638.52,0.263734
1107.53,0.110672
1295.25,0.128562
976.552,0.0976299
947.281,0.0947196
804.537,0.080433
2240.02,0.223921
997.824,0.099773
1682.9,0.168274
3154.86,0.315336
1343.31,0.134309
1053.53,0.105076
1807.02,0.180688
1669.57,0.165212
2145.84,0.21455
1289.65,0.128811
750.629,0.0749816
681.934,0.0681728
717.054,0.0715739
847.748,0.0847428
2565.61,0.256546
1274.91,0.127423
1376.12,0.137338
2217.33,0.221558
818.691,0.0818418
9260.61,0.925291
2195.22,0.535345
1846.89,0.184652
1136.33,0.113596
1374.34,0.137357
1478.34,0.14686
976.398,0.0976191
1137.22,0.113567
1264.69,0.126346
1478.31,0.1477
2108.29,0.210753
1017.57,0.10175
997.924,0.0997671
794.315,0.079411
1072.79,0.104296
792.537,0.0792073
1095.17,0.109279
865.889,0.0865808
1322.37,0.132197
1008.36,0.10062
1323.65,0.132347
662.625,0.066077
1285.96,0.128365
1353.85,0.135346
828.256,0.0828176
1327.27,0.132534
2139.19,0.207887
1038.61,0.103853
1106.66,0.110414
1290.05,0.12895
630.638,0.0630623
855.102,0.0854364
1742.92,0.174238
2195.37,0.219523
1462.3,0.146134
1246.05,0.124523
759.147,0.0759071
1488.03,0.148684
1294.11,0.129258
999.897,0.0999171
713.411,0.0711616
1987.93,0.198629
2392.03,0.238737
956.289,0.0956216
8652.59,0.860593
626.338,0.0626321
679.777,0.0679304
1817.44,0.18163
1131.81,0.113092
1323.04,0.132284
3114.09,0.311081
1702.17,0.169685
3008.42,0.300806
571.888,0.0571753
661.201,0.0661146
1122.42,0.112227
3421.01,0.341872
995.209,0.0995173
1001.29,0.100107
1232.47,0.123239
1268.35,0.126794
1834.93,0.183475
7418.73,0.741628
1062.18,0.106215
1239.1,0.123698
862.915,0.0862666
1063.27,0.106295
824.243,0.0824107
1181.62,0.118125
2853.49,0.285307
992.669,0.0989521
1382.96,0.138293
2205.6,0.220394
1303.75,0.130173
2031.98,0.203085
1156.3,0.115514
1425.97,0.142585
1356.49,0.13558
1789.28,0.178822
1297.55,0.129733
1311.27,0.131078
905.408,0.0904601
2669.21,0.26621
1840.96,0.184085
2816.26,0.281405
584.424,0.0584413
2026.06,0.202521
1146.76,0.114633
1082.93,0.10828
1261.64,0.126162
2536.66,0.253574
1331.05,0.132954
916.814,0.0915765
2697.73,0.269625
3350.34,0.332851
855.597,0.0855368
1098.83,0.109829
1247.14,0.124636
3348.79,0.334775
2171.13,0.217104
2984.44,0.297953
1239.77,0.123836
1280.66,0.127548
1092.85,0.109281
1793.96,0.179355
973.944,0.0973876
1923.61,0.192332
726.311,0.0726232
909.952,0.0909523
1249.56,0.124875
903.891,0.0903868
1241.64,0.124006
857.946,0.0857286
860.079,0.0859486
1161.13,0.116062
1569.63,0.156888
4879.93,0.487876
2205.06,0.219965
860.117,0.0860096
921.455,0.092089
933.499,0.0932111
1036.78,0.103642
1360.53,0.136041
1161.64,0.116155
1937.5,0.193732
1107.51,0.110739
1605.13,0.160493
924.278,0.0924204
2288.57,0.228758
808.507,0.0808437
3843.92,0.38357
1077.58,0.10771
2311.42,0.230736
1427.57,0.142269
2488.09,0.248774
1297.73,0.129698
363.365,0.0363309
5347.87,0.534167
1119.1,0.111807
6078.29,0.607513
1300.13,0.130007
1490.65,0.149033
2752.68,0.275211
1398.94,0.139876
1521.82,0.152164
1512.15,0.151153
472.7,0.0472669
852.913,0.085072
1157.33,0.115716
614.656,0.061464
2541.25,0.253762
1418.92,0.141882
971.234,0.0969502
824.332,0.0820723
1018.08,0.101775
1041.71,0.0996568
5328.25,0.530788
1574.01,0.157389
1562.42,0.156075
1680.56,0.167713
899.74,0.0897071
3295.31,0.328175
701.965,0.0701861
5705.62,0.569471
769.717,0.0769544
1104.09,0.110197
3805.95,0.380421
1663.58,0.166271
796.334,0.0796286
960.376,0.0960211
5256.25,0.524966
2007.59,0.200517
