EnergyDeposit(eV),LET(keV/um)
1489.55,0.148934
990.963,0.0990253
1604.56,0.160378
1357.74,0.135755
876.956,0.087694
755.486,0.0754498
1504.88,0.150288
1028.56,0.102844
721.404,0.0721049
613.897,0.06132
5485.11,0.547356
1394.39,0.139403
6951.89,0.694124
1117.35,0.111466
729.773,0.0728913
1524.09,0.15239
1227.9,0.122701
1284.35,0.128406
1308.55,0.130822
828.595,0.0823735
1542.33,0.1542
945.706,0.0940793
1927.27,0.192541
943.816,0.0942467
2667.88,0.266298
2093.9,0.209184
557.898,0.0557882
761.257,0.0760847
1688.68,0.16873
2243.12,0.224141
676.432,0.0676353
1354.99,0.135431
2651.03,0.265075
1094.03,0.109363
1422.71,0.142258
823.2,0.0822631
2555.2,0.255456
1640.07,0.163991
1269.91,0.126982
1013.89,0.100824
1118.9,0.111532
1918.17,0.191548
1302.09,0.12432
1168.87,0.116812
1583.48,0.15563
1036.7,0.103529
1322.06,0.131937
1342.01,0.134193
1196.56,0.119605
1518.3,0.151761
1333.02,0.133248
834.169,0.08341
1407.96,0.140725
2382.79,0.238096
1461.43,0.146062
1147.41,0.11419
1143.91,0.114362
1335.11,0.133491
1030.9,0.102878
802.33,0.0802159
902.2,0.0901681
1651.84,0.164027
1537.04,0.15365
2644.37,0.264235
2160.52,0.215852
24874.2,2.47122
2647.48,0.264724
575.877,0.0575427
1382.26,0.138214
10703.2,1.06613
1408.87,0.140833
978.84,0.0978788
7697.19,1.85369
1880.58,0.187993
1090.57,0.109015
1095.53,0.109493
2257.59,0.225709
1293.07,0.129024
553.247,0.0553065
689.317,0.0689264
441.102,0.0441056
837.897,0.0837023
1746.43,0.174589
4043.75,0.403898
1158.89,0.115885
4013.87,0.400326
1441.78,0.14397
1217.55,0.121733
2220.45,0.221977
1254.6,0.125341
758.267,0.075812
1640.79,0.159748
1907.5,0.190723
2416.09,0.241459
1237.78,0.123639
1405.93,0.140585
947.321,0.0947194
630.268,0.0630252
1234.08,0.123391
1614.56,0.161436
980.64,0.0980313
882.973,0.0882838
882.534,0.0882477
1227.9,0.122767
1149.73,0.114965
807.481,0.0807326
510.904,0.0509117
3499.53,0.348757
2267.47,0.226603
1276.94,0.127683
1802.42,0.180159
1793.73,0.179347
1307.36,0.130547
1297.32,0.129449
2405.61,0.240396
651.903,0.0651488
569.666,0.0569318
752.487,0.0752411
867.108,0.0866604
1452.65,0.145214
1504.3,0.150309
755.374,0.0754528
874.018,0.0873878
1939.84,0.19393
2257.46,0.225701
523.308,0.0523082
2241.44,0.224064
1954.91,0.195147
513.557,0.0513314
18288.1,1.82509
1252.78,0.125266
739.672,0.0739608
2780.98,0.277433
856.97,0.085525
2207.49,0.220326
2622.3,0.262114
890.492,0.0890465
1255.6,0.125455
575.089,0.0574839
1342.57,0.134192
1070.86,0.107077
7082.41,0.708034
2301.24,0.229677
1369.43,0.136887
1442.25,0.144134
405.8,0.0405602
3889.86,0.387983
1124.01,0.112375
1879.08,0.187872
1188.21,0.118812
689.439,0.0689394
1020.65,0.101998
1262.35,0.126155
1571.45,0.157135
733.536,0.0733179
962.422,0.0962339
460.691,0.0460602
877.512,0.0877319
3283.14,0.32778
631.034,0.0630706
1909.15,0.190623
1502.12,0.149942
802.858,0.0802787
1047.82,0.104744
896.255,0.0895422
927.645,0.0924694
954.719,0.09546
2777.24,0.27764
1511.21,0.151107
1271.03,0.127097
2132.6,0.212707
3602.05,0.359904
1305.92,0.130587
1932.49,0.192887
917.857,0.0917715
1347.01,0.134603
995.582,0.099552
825.299,0.0825109
2245.17,0.224392
759.264,0.0759197
1492.75,0.149218
1261.27,0.126113
1102.37,0.110195
1089.37,0.108873
1132.51,0.113236
1286.66,0.128362
841.684,0.0841174
822.128,0.0821449
5016.48,0.501304
481.476,0.0481422
1421,0.142076
2400.96,0.239972
1375.78,0.137571
612.633,0.0612606
1074.41,0.107408
1877.66,0.187564
1464.25,0.146407
1588.22,0.158643
1550.53,0.154986
1493.3,0.14925
3012.5,0.301037
1294.7,0.129408
3270.69,0.325941
1856.67,0.185315
940.159,0.093996
4287.27,0.428378
1374.25,0.137418
2286.16,0.228533
1610.54,0.161043
1834.22,0.183078
973.485,0.0973465
3461.6,0.344544
1167.67,0.116596
1820.97,0.181951
984.728,0.0984701
930.396,0.0929909
1118.29,0.111816
936.761,0.0936436
780.609,0.078043
990.631,0.0989302
966.614,0.0966559
1366.81,0.136646
1891.18,0.189016
1541.53,0.15398
730.877,0.0730309
648.545,0.064738
984.391,0.0981475
1505.13,0.150349
605.583,0.0605565
658.078,0.0656985
1245.73,0.124562
1724.1,0.172221
845.931,0.084571
855.724,0.0855583
1503.36,0.150333
724.338,0.0724132
1646.87,0.164611
841.988,0.0841188
1496.05,0.149551
1987.43,0.198685
1192.39,0.119198
1198.24,0.119695
2007.98,0.200699
1215.22,0.121478
10122.5,1.00879
793.996,0.0793462
2429.6,0.242425
1489.09,0.148814
1358.08,0.135802
1346.74,0.13465
1577.74,0.157748
961.589,0.0909861
929.441,0.0929428
962.364,0.0960123
1005.91,0.100459
1109.51,0.110848
1003.09,0.100276
632.776,0.063269
2398.42,0.239766
1058.53,0.105845
2510.74,0.251036
819.044,0.0818794
9267.43,0.919392
474.643,0.0474629
1822.2,0.18213
2977.31,0.297383
693.537,0.0693181
1097.51,0.109595
1518.91,0.151873
2149.52,0.214703
1420.36,0.14193
1095.16,0.109499
1285.82,0.128515
1625.94,0.162569
926.203,0.0926112
2728.1,0.272768
686.773,0.0686674
4194.61,0.352485
1173.1,0.117275
2502.17,0.249911
1153.2,0.115309
713.857,0.0713686
695.065,0.0694135
1617.44,0.161711
1079.28,0.107589
2241.83,0.22405
383.685,0.038354
360.932,0.0360855
1679.56,0.167889
1749.37,0.17493
1113.59,0.111308
1522.29,0.152147
1206.41,0.120576
957.054,0.0942986
3004.69,0.300218
800.386,0.0797295
1549.78,0.154912
818.699,0.0818596
883.641,0.088276
463.411,0.0463395
1231.32,0.121797
1230.33,0.122773
6711.65,0.67086
1053.84,0.10537
1493.66,0.149336
1955.94,0.1951
3537.04,0.353388
1717.88,0.171724
1513.08,0.151129
893.407,0.0893086
6066.97,0.605874
870.156,0.0870125
2115.52,0.211464
1463.5,0.146325
1049.43,0.104938
814.088,0.080297
2034.11,0.202958
808.145,0.0808105
718.245,0.0718189
896.125,0.0895338
1196.48,0.11956
2438.33,0.243747
1128.77,0.112852
1044.8,0.104453
1231.92,0.123912
1054.45,0.105399
899.9,0.0899781
1291.46,0.129136
728.383,0.0728346
1958.76,0.195478
673.165,0.0673063
717.426,0.0717237
1233.95,0.123266
1400.98,0.140086
381.06,0.0381058
1376.93,0.137658
871.749,0.0871711
12296,1.22911
1601.96,0.159876
1167.43,0.116542
4711.41,0.4698
619.309,0.0619096
1336.82,0.133601
4758.62,0.475673
851.138,0.0850428
1313.13,0.130997
626.105,0.0625875
1625.28,0.162513
837.161,0.0837096
735.22,0.0735126
2917.34,0.291706
1380.79,0.133458
1465.97,0.146594
1471.38,0.147068
22598.1,2.25416
1142.74,0.114206
568.392,0.0568231
699.415,0.069938
1115.94,0.111563
1141.25,0.114086
3165.16,0.316438
980.915,0.0980845
1831.91,0.183133
2471.74,0.247055
2077.51,0.207584
1251.95,0.125178
641.654,0.06349
4190.43,0.418824
1063.24,0.103527
1519.47,0.151901
1536.39,0.153596
1170.16,0.116807
2142.46,0.214186
1696.47,0.169592
1791.28,0.179049
1389.95,0.138979
6344.31,0.633184
912.337,0.0912093
365.193,0.036508
1259.3,0.125922
935.129,0.0934872
1034.38,0.103416
1588.69,0.158762
2126.18,0.21246
2056.57,0.205619
17697.3,5.52288
1012.46,0.101234
976.905,0.0976775
1106.47,0.110601
910.589,0.0910531
641.751,0.0640537
791.85,0.0791762
894.34,0.0894021
875.775,0.0875302
4160.26,0.41588
1563.45,0.156274
1422.11,0.142077
2463.01,0.178359
983.776,0.0982619
1519.08,0.151865
2508.88,0.250857
2033.06,0.20305
1511.45,0.151105
1196.85,0.119639
1586.67,0.158546
1806.65,0.180615
1288.4,0.128823
690.025,0.0689906
1461.86,0.146151
3394.8,0.339021
1016.33,0.101594
1374.48,0.137415
2464.85,0.246406
832.746,0.0832305
987.01,0.0986801
716.924,0.0716547
1153,0.115193
11774.6,1.68622
1009.6,0.100934
985.505,0.0983961
2481.1,0.248049
889.277,0.0888859
1558.05,0.155593
1634.39,0.163404
2625.59,0.259281
1492.83,0.149271
1193.67,0.119329
1053.49,0.105304
1216.76,0.121608
1491.92,0.149167
842.104,0.084181
1186.89,0.118645
1263.59,0.125729
1407.23,0.140623
874.151,0.0874059
1336.8,0.13352
2125.41,0.212258
1504.14,0.150275
996.495,0.0995996
1157.19,0.115612
964.433,0.0962849
902.667,0.0900832
1461.27,0.145959
716.716,0.0715626
960.427,0.0959821
1358.75,0.135837
2717.85,0.271708
1383.54,0.138301
1077.86,0.107752
1403,0.140188
1014.31,0.101239
1022.63,0.101821
1019.54,0.101874
1548.69,0.154076
2479.43,0.247753
1032.94,0.103142
799.246,0.0799086
801.478,0.0800845
4987.65,0.498439
1493.93,0.149229
1492.07,0.149165
654.308,0.0653864
1073.59,0.107224
446.801,0.0445709
1016.32,0.101599
1741.64,0.174111
3701.83,0.370025
1087.82,0.10876
633.225,0.063302
4510.62,0.450764
1376.84,0.13767
1467.95,0.146758
2329.85,0.232867
1926.53,0.192465
1921.28,0.192094
809.884,0.080948
347.511,0.0346264
1233.86,0.123335
2216.6,0.221483
560.304,0.0559673
1394.49,0.139435
1081.33,0.108089
2009.92,0.200983
2880.57,0.287104
2419.78,0.241946
2288.9,0.228514
2822.02,0.282176
999.112,0.099888
889.263,0.0889244
1405.94,0.140514
1925.86,0.191681
3599.3,0.358836
1029.87,0.0998772
1254.09,0.125325
971.085,0.0961144
1709.82,0.170882
1101.38,0.110124
1964.92,0.196258
1269.34,0.126905
1010.65,0.100957
787.065,0.0786733
1161.65,0.116125
907.023,0.0906369
1108.09,0.110641
832.476,0.083233
973.399,0.0973295
1109.35,0.110896
2815.6,0.280992
1953.05,0.195
1130.24,0.112977
2655.39,0.26537
2419.35,0.241842
790.322,0.0790199
523.932,0.0523584
1305.48,0.130529
1697.9,0.169786
989.729,0.098966
804.881,0.0804792
1923.13,0.192249
856.395,0.0856336
3173.53,0.317273
1635.57,0.163548
655.632,0.0655613
3552.86,0.355227
2147.52,0.214674
1700.58,0.169211
796.755,0.0796704
3990.02,0.398958
3705.39,0.370461
497.785,0.0497753
1209.5,0.120731
925.761,0.0924916
4865.47,0.486171
867.906,0.0867632
1389.6,0.138918
885.12,0.0884763
2860.86,0.285958
1040.35,0.104019
1040.94,0.104087
698.399,0.0698349
1016.34,0.101571
1376.41,0.13757
1030.96,0.103071
801.142,0.0801077
886.268,0.0886091
855.662,0.0855333
4975.75,0.496895
1908.32,0.190753
828.465,0.082787
1162.6,0.116254
1064.45,0.106411
1337.4,0.133585
737.037,0.0736874
1694.99,0.169488
886.296,0.0886029
11135.4,1.11276
1183.06,0.118041
2564.48,0.256147
1280.01,0.127973
1041.07,0.104083
1160.23,0.115989
2825.97,0.282509
2007.35,0.200684
1310.14,0.130926
1765.63,0.176536
1100.67,0.109788
703.394,0.0703354
1415.32,0.141491
1129.05,0.112866
636.741,0.0635433
1929.61,0.192815
806.291,0.080339
2638.37,0.263808
2866.27,0.286491
1517.85,0.151701
823.025,0.0820496
932.611,0.0932449
825.995,0.0825804
546.347,0.0546305
977.244,0.0977185
1452.41,0.145172
1448.94,0.144783
17360.4,1.72
863.649,0.0862306
719.604,0.0719511
1244.65,0.124453
1558.08,0.155761
1045.96,0.104508
1556.24,0.155604
803.064,0.0802632
709.664,0.0709613
879.245,0.0878839
871.716,0.0871143
700.837,0.0700719
1190.34,0.118845
1779.2,0.177633
4096.1,0.408702
723.559,0.0723532
1623.68,0.162051
1018.96,0.101881
6291.3,0.627914
2285.35,0.228324
1370.67,0.136544
805.195,0.080511
1303.96,0.130391
1182.97,0.118172
767.285,0.0767224
1332.93,0.133281
776.939,0.0776405
1516.74,0.151665
1122.14,0.112125
735.831,0.0735396
1382.44,0.138185
4376.69,0.436894
1704.39,0.170319
1662.79,0.166046
1109.69,0.110966
2089.55,0.208897
934.281,0.0933068
1153.07,0.115248
1770.91,0.177078
1382.35,0.13823
1373.42,0.137273
810.141,0.0808573
802.665,0.0802536
830.324,0.0830091
3287.98,0.328527
797.655,0.0797609
1525.36,0.152532
1056.53,0.105616
880.968,0.0880184
1137.06,0.113694
1145.08,0.114423
1035.28,0.103459
2859.17,0.285881
993.435,0.0993252
838.476,0.0837513
1028.59,0.102841
901.891,0.0901675
1091.06,0.109068
1038.28,0.103605
1958.35,0.195679
1052.57,0.10502
1449.3,0.144865
577.367,0.0577137
1080.47,0.107931
1720.78,0.17185
1847.13,0.184637
2805.91,0.279931
2288.14,0.22843
1176.36,0.11759
3147.94,0.314578
1548.61,0.154797
1234.02,0.123357
1078.77,0.107866
14439.7,1.43826
2192.06,0.218935
883.828,0.0883449
3107.78,0.310676
1282.66,0.128222
1020.56,0.102044
1283.17,0.128266
1099.68,0.109871
2607,0.260489
785.061,0.0785041
1443.39,0.144318
1552.28,0.154656
1002.4,0.100233
1448.4,0.14473
1892.99,0.188952
2713.76,0.270741
914.661,0.0913722
3871.75,0.386939
982.442,0.0982174
4513.62,0.449933
1698.07,0.169626
1567.74,0.156744
1142.77,0.114249
1040.09,0.103789
1439.73,0.143965
1823.92,0.182377
1126.45,0.112642
783.572,0.0783162
9086.57,0.906583
1988.69,0.1988
949.122,0.0947334
1270.65,0.127054
1574.09,0.149479
926.386,0.0926011
1249.74,0.124766
678.396,0.0678258
1861.8,0.185651
1047.8,0.104692
666.021,0.066462
1024.24,0.10236
1861.23,0.186051
957.756,0.0957397
672.873,0.0672847
1445.21,0.144503
993.506,0.0993394
788.643,0.0765645
1021.11,0.102085
1156.85,0.115544
1210.86,0.121013
1662.73,0.166058
2345.19,0.234462
1553.58,0.15532
711.016,0.0710865
1161.13,0.115744
1162.12,0.116143
2138.86,0.213264
447.656,0.0447642
843.911,0.0843797
1435.31,0.14325
1396.69,0.138206
4218.25,0.421495
943.565,0.0942899
1973.08,0.196983
2281.43,0.226644
983.439,0.0982452
825.835,0.0825303
3680.61,0.367812
1214.63,0.121449
644.537,0.0644519
542.118,0.0541726
1543.91,0.154374
1426.68,0.142658
1989.53,0.198918
650.443,0.0650384
1510.44,0.151022
1584.34,0.158394
1864.73,0.186438
2202.47,0.219906
1213.76,0.121359
3370.69,0.337004
1429.59,0.142884
1365.95,0.136493
1745.14,0.174466
791.035,0.0790984
1259.9,0.125748
1178.8,0.117399
3322.91,0.332205
1714.62,0.171413
1844.15,0.184364
1330.92,0.13198
956.775,0.0956725
11057.4,1.10106
2229.22,0.222863
725.192,0.0724921
1028.84,0.102305
988.218,0.0987934
797.615,0.0794921
968.696,0.0966332
770.329,0.0745747
1437.32,0.143674
841.547,0.0841001
2107.83,0.210538
826.988,0.0826449
7905.84,0.789402
1410.33,0.140877
2068.25,0.206708
1393.75,0.139231
721.052,0.0721004
671.206,0.0671094
2448.03,0.244521
2565.18,0.256299
872.48,0.0872412
776.144,0.0775992
1442.67,0.143838
1040.36,0.103933
4141.25,0.413524
1282.59,0.127966
1261.44,0.126088
1312.06,0.131192
1050.59,0.104901
1095.03,0.10941
740.122,0.0738024
1969.3,0.196913
954.399,0.0954036
1009.59,0.100939
5854.25,0.584069
650.081,0.0648101
1323.81,0.132288
1929.6,0.192932
886.436,0.0879235
853.542,0.085349
1047.36,0.104442
1150.51,0.115008
1380.76,0.137989
1935.09,0.193003
1867.29,0.186712
953.071,0.0952955
2889.98,0.288496
1272.89,0.127247
502.241,0.0501938
1336.28,0.133193
3015.66,0.301348
1145.93,0.114402
1020.88,0.101767
1656.12,0.165455
2991.6,0.297979
1665.93,0.166505
1379.48,0.137897
1527.51,0.152606
1299.17,0.129682
878.181,0.0878109
1158.63,0.115842
1012.05,0.101199
746.893,0.0746
1035.51,0.103549
1100.48,0.110014
1495.9,0.149493
1897.78,0.189715
703.731,0.0703618
906.948,0.0906556
1191.77,0.119144
2693.6,0.268937
918.682,0.091833
5454.56,0.543973
1537.62,0.153464
3781.65,4.46463
1076.1,0.107486
1357.35,0.135698
1638.04,0.163674
784.41,0.078423
1053.16,0.105302
2184.77,0.218307
1089.67,0.108916
1060.2,0.105992
1396.83,0.139452
1974.5,0.197345
2641.65,0.264014
1145.44,0.114537
996.617,0.0996377
1992.4,0.198893
1047.81,0.104726
1365.81,0.136544
873.536,0.0861623
685.183,0.0685048
757.16,0.0754065
1439.8,0.143961
1093.28,0.109126
2022.29,0.202041
1172.66,0.117253
3375.17,0.337137
1445.42,0.144345
1396.84,0.139672
1113.92,0.111388
825.588,0.0825242
1540.95,0.154004
924.539,0.0924059
1344.62,0.134417
1660.06,0.165941
1890.49,0.189021
920.497,0.0920132
891.95,0.0891882
1308.97,0.130651
2910.01,0.290792
16582,1.6485
1340.23,0.133982
799.736,0.0799378
897.299,0.0897266
968.763,0.0968419
771.176,0.0770952
1295.14,0.12946
846.597,0.0844542
1854.11,0.185292
1595.65,0.159517
1224.88,0.122474
1391.74,0.139162
8252.98,0.825084
1665.79,0.166572
1169.69,0.116944
4291.18,0.428928
1869.56,0.186835
1355.97,0.135541
1515.08,0.151462
1543.72,0.15421
22945.1,2.28526
1004.12,0.100402
993.533,0.0993021
1001.04,0.100076
1504.69,0.150458
671.13,0.0671012
1276.11,0.127575
1312.86,0.131279
1328.05,0.132798
1027.18,0.102554
2668.3,0.265647
1570.88,0.156972
2006.31,0.20058
2075.87,0.207554
1176.17,0.117608
1309.32,0.130723
759.088,0.0758598
1097.83,0.109748
1041.51,0.10342
1236.2,0.123598
1892.92,0.189236
1451.17,0.145099
1040.39,0.1039
1623.02,0.16216
1043.79,0.104301
1231.01,0.122561
4508.31,1.77209
1359.56,0.135926
724.435,0.0723915
2468.26,0.246643
864.754,0.0864608
1554.91,0.155481
625.977,0.0625954
962.077,0.0960907
922.15,0.0919937
1203.07,0.120119
677.411,0.0676957
871.623,0.087147
1237.8,0.123754
864.952,0.0864772
1069.47,0.106895
1223.11,0.122242
979.001,0.0978934
1173,0.11727
30642.7,3.05382
848.139,0.0847527
991.168,0.0990354
1297.38,0.129673
1258.96,0.125865
745.508,0.0745467
1353.89,0.135329
761.249,0.0760735
2957.97,0.293717
431.217,0.042977
926.648,0.0925424
785.497,0.0785202
1003.36,0.100331
2051.59,0.205084
1405.83,0.14012
1823.8,0.182329
1957.36,0.195689
1053.63,0.105343
1056.83,0.105588
1586.59,0.158574
1503.23,0.150316
996.054,0.0995816
820.527,0.082037
3092.47,0.309016
1199.51,0.119186
1155.99,0.115565
1396.61,0.139576
5254.34,0.524554
876.815,0.0876782
860.186,0.0858435
479.129,0.047902
760.473,0.0760335
1015.71,0.101067
1764.04,0.176339
1122.48,0.11224
706.215,0.070588
772.331,0.077218
855.528,0.0855497
732.896,0.0732682
905.292,0.0904987
878.964,0.0878731
1166.75,0.11665
1917.99,0.189872
1753.93,0.175147
838.473,0.0837782
1864.91,0.186463
1694.99,0.169328
1357.16,0.135609
1575.24,0.157435
1037.46,0.103653
964.716,0.0964459
1184.85,0.118445
2335.45,0.233494
1454.76,0.145442
1019.84,0.101712
1920.89,0.191925
1154.28,0.115364
1358.87,0.135858
827.704,0.0827615
639.725,0.0639387
1998.27,0.199711
1092.67,0.109261
1158.42,0.115687
3282.21,0.325157
3285.64,0.328242
965.061,0.0964818
852.386,0.0852159
783.427,0.0783017
3303.77,0.330208
912.66,0.0912571
1398.2,0.139738
6528.86,0.651639
1192.94,0.116074
964.172,0.0962776
1705.59,0.170401
656.094,0.0655754
1232,0.123168
2325.99,0.232328
962.503,0.0962199
1065.93,0.106582
850.994,0.0850428
941.41,0.0940621
1543.89,0.154357
3172.35,0.316951
1025.22,0.102425
1173.35,0.117237
1606.06,0.160122
833.437,0.0832768
786.356,0.0785956
1914.43,0.19141
1115.52,0.109206
1195.9,0.119236
1602.97,0.160264
943.597,0.0942992
1147.38,0.114704
4315.31,0.431419
1629.77,0.162936
1434.61,0.143263
1127.36,0.112726
706.319,0.0706275
3088.46,0.308752
1274.41,0.127425
1238.87,0.123737
780.154,0.0780036
1147.82,0.114725
1122.16,0.112212
1391.18,0.138989
1686.96,0.168684
944.804,0.0944723
966.031,0.0965679
1358.26,0.135699
1025.12,0.101181
2633.17,0.262984
2479.83,0.247964
1867.54,0.186462
849.788,0.0849667
1357.05,0.135688
1401.49,0.140144
1275.56,0.127508
827.357,0.0827244
1150.79,0.115051
751.642,0.0751487
1159.8,0.115906
999.358,0.0991138
1424.18,0.141795
1128.15,0.112806
1498.14,0.14977
1757.07,0.175581
1483.78,0.148362
804.643,0.0804582
1778.15,0.177793
1170.2,0.116994
1009.29,0.100888
848.832,0.0848816
1072.5,0.107235
1053.17,0.105273
3158.91,0.314314
787.333,0.0787058
603.318,0.0603141
550.292,0.054963
2336.65,0.2334
2263.39,0.226166
2297.73,0.229732
1779.48,0.177161
1102.39,0.110217
977.866,0.0977745
1654.23,0.165358
3777.77,0.375993
1067.04,0.105637
1228.2,0.122692
871.494,0.087145
1618.82,0.161778
459.165,0.0459145
1338.14,0.133798
2893.72,0.289253
1123.52,0.112324
1177.01,0.117608
2189.8,0.218819
1371.62,0.137104
996.787,0.0996736
848.227,0.0847661
803.786,0.0803585
1007.54,0.100705
1851.37,0.185116
847.548,0.0846497
3585,0.358378
1035.6,0.103527
2918.03,0.289189
3756.78,0.375501
794.065,0.0794043
3137.14,0.312983
950.066,0.0949892
2684.15,0.268208
999.725,0.0997572
1630.67,0.162677
1373.19,0.13731
1995,0.199258
583.871,0.0583432
816.052,0.0815726
599.933,0.0599856
684.696,0.0684526
1178.53,0.11784
1058.39,0.105805
1250.24,0.124997
1482.7,0.148254
908.337,0.090791
1648.96,0.164667
1341.12,0.133549
1447.21,0.144714
961.262,0.0960823
1347.88,0.134772
895.974,0.0895456
3283.89,0.328288
3209.41,0.320866
1048,0.104797
1823.12,0.182229
754.468,0.0754335
1820.94,0.182054
6734.57,0.672893
1028.95,0.102891
1147.23,0.114686
3857.99,0.385511
1001.45,0.100128
1024.11,0.102409
650.724,0.0645029
2342.33,0.234066
1921.49,0.192124
758.604,0.0758558
1378.85,0.137759
2489.42,0.248703
928.057,0.0927989
1058.87,0.105107
882.622,0.0882255
1234.1,0.12335
1254.72,0.125238
1520.4,0.151936
959.218,0.095893
1053.84,0.105354
494.046,0.0493995
1205.6,0.120519
634.819,0.063476
1242.66,0.124244
946.576,0.0946049
1963.65,0.196333
1535.1,0.153482
3209.69,0.320664
1298.27,0.129766
3303.36,0.330278
804.354,0.0803861
1135.61,0.113499
2648.83,0.264716
1903.75,0.190321
907.688,0.0906942
481.556,0.0481026
1358.62,0.135807
1881.93,0.188072
5426.54,0.536441
1190.24,0.118997
3253.54,0.324576
609.431,0.0609389
651.024,0.0650277
723.574,0.0723378
999.157,0.0998712
2220.15,0.221589
2979.02,0.297627
840.387,0.0839692
664.999,0.0664808
743.564,0.0743421
3522.77,0.352091
1912.79,0.190359
1610.34,0.161015
1699.09,0.169843
2460.11,0.245773
1259.26,0.125782
2088.6,0.208798
1809.04,0.180193
1780.93,0.178069
2167.03,0.216677
1424,0.142356
16376.9,1.63267
2078.22,0.206991
2998.05,0.299743
860.313,0.0857637
746.905,0.0744982
1089.79,0.10864
856.965,0.0856898
2361.17,0.236064
1138.7,0.113836
1180.61,0.118046
1059.2,0.105838
13638.4,6.94948
737.525,0.0732302
1235.91,0.123586
1932.33,0.19275
559.437,0.0559353
1725.48,0.172532
1791.58,0.179119
1320.38,0.131797
2053.86,0.205364
1054.91,0.105414
1656.88,0.165585
1433.8,0.143375
1971.04,0.196997
1722,0.172066
827.111,0.0826798
3307.79,0.330757
1657.29,0.165713
12917.1,1.28524
1613.16,0.161206
5176.58,0.517357
905.095,0.0904833
995.002,0.0994538
754.7,0.0749114
957.637,0.0957469
1247.12,0.124625
754.68,0.0754077
1491.62,0.149147
705.848,0.0704775
2004.95,0.20005
752.32,0.0760179
1240.03,0.123979
672.342,0.0671964
745.291,0.0745121
1470.07,0.146982
895.735,0.0895313
922.517,0.0922396
1382.65,0.138192
986.048,0.0985872
1689.79,0.168437
2205.74,0.220544
712.976,0.0712856
1506.46,0.150607
1045.16,0.104503
1699.93,0.169031
1146.73,0.11462
1479.17,0.147435
1307.44,0.130681
2561.4,0.256059
1048.14,0.104779
1680.94,0.16775
951.801,0.094904
801.966,0.0801771
1075.16,0.107447
1274.72,0.127201
922.427,0.0922315
1464.77,0.14638
1305.18,0.130481
934.559,0.0934529
1169.61,0.116902
953.568,0.0953443
638.358,0.0638228
3834.83,0.383114
941.808,0.094162
756.5,0.0756112
2789.99,0.278681
1526.2,0.152538
2571.17,0.25607
931.287,0.0930447
689.742,0.0689627
1157.96,0.115761
2955.82,0.295429
2180.04,0.217886
7993.32,0.799235
845.939,0.0845927
3659.02,0.365864
1327.58,0.132674
889.364,0.0883683
1408.38,0.14082
886.352,0.0886214
3577.4,0.357327
1184.44,0.118387
1502.01,0.150174
1498.46,0.149762
725.82,0.0725787
1552.27,0.155005
1113.9,0.111348
1533.85,0.153366
1882.39,0.188205
1646.56,0.164629
466.565,0.0466536
2201.69,0.220084
1743.92,0.174366
1123.72,0.112275
4913.73,0.491039
1274.94,0.127388
1836.63,0.183652
1336.2,0.133617
718.688,0.071853
581.833,0.0581138
4305.9,0.429466
15515.4,3.93165
1213.21,0.121265
1071.07,0.107094
1633.93,0.163258
941.148,0.0940795
5400.35,5.06161
876.06,0.0875718
7289.78,0.728153
1017.1,0.101639
868.378,0.0866878
2609.15,0.260609
973.638,0.0973393
1050.63,0.105034
2781.48,0.27778
824.07,0.0823252
2012.3,0.201154
1101.05,0.110018
1155.91,0.115512
1070.82,0.107072
1000.56,0.100052
895.696,0.089565
1197.82,0.119664
1444.27,0.144361
666.059,0.0665901
715.214,0.0715196
4335.79,0.43291
1228.34,0.122627
777.015,0.0776687
1253.44,0.125329
1422.56,0.142135
1116.65,0.111649
2651.87,0.265075
1811.29,0.181111
2186.67,0.218484
762.635,0.0762608
3900.14,0.389872
851.755,0.0851696
766.158,0.0765178
1308.49,0.130806
1336.05,0.133601
1010.78,0.101061
1215.05,0.121499
3535.67,0.348007
6522.9,0.651531
4693.17,0.468934
1314.77,0.131463
1706.42,0.170467
1225.22,0.122466
678.562,0.0678468
690.558,0.0689313
2138.57,0.213466
787.254,0.077252
2551.68,0.255078
788.191,0.0788005
637.423,0.0637294
1825.91,0.182523
1024.71,0.10244
1819.55,0.181188
658.718,0.065862
1253.92,0.125342
948.809,0.0948543
1953.89,0.194994
959.909,0.0959846
1694.98,0.169333
869.898,0.0869245
807.386,0.0806152
1034.55,0.103439
2279.83,0.227937
1467.01,0.146573
1463.05,0.146291
900.031,0.0899603
6273.35,0.626499
2171.21,0.217087
1314.71,0.131457
631.789,0.0631529
3639.31,0.363832
599.266,0.0599154
787.661,0.0787443
9806.85,0.979334
956.015,0.0952558
1085.94,0.108587
2002.65,0.200246
895.9,0.0895721
1557.22,0.155638
1793.68,0.179341
1145.63,0.114481
1539.55,0.153877
3375.15,0.33736
905.278,0.0904036
3647.86,0.364563
1168.66,0.116817
1020.19,0.10177
1225.7,0.122542
704.761,0.0704731
883.317,0.0882903
740.225,0.0740213
788.272,0.0788222
1604.33,0.160408
808.021,0.0807135
1183.9,0.118378
2946.33,0.294504
983.807,0.098348
1573.31,0.157064
3402.64,0.340202
1171.93,0.117055
10250.1,1.02313
1128.24,0.112776
1164.6,0.116457
1232.55,0.123229
1488.22,0.148636
1563.01,0.156246
874.685,0.0874248
1164.97,0.116477
2530.86,0.253036
1310.15,0.130937
2088.91,0.208865
430.361,0.0430256
1933.47,0.193128
672.554,0.0672058
1060.36,0.105942
692.519,0.0692079
928.716,0.0928536
1023.82,0.101918
789.871,0.0788728
699.372,0.0698334
905.438,0.0901894
1549.35,0.154915
1356.18,0.135612
787.114,0.0786638
1338.98,0.133295
840.439,0.0840403
940.841,0.0940543
1170.65,0.116987
3519.66,0.351514
1331.18,0.13309
1030.43,0.103038
742.892,0.074268
928.782,0.0928571
2068.43,0.206775
1565.5,0.156538
1830.89,0.183015
866.413,0.0866176
1197.09,0.119675
1229.28,0.122865
931.847,0.0931611
2777.51,0.277265
1703.1,0.170222
2672.54,0.267023
2374.25,0.23649
1833.14,0.18327
1125.85,0.112569
1249.18,0.124903
2254.01,0.225284
961.331,0.0961003
1567.08,0.156658
1025.81,0.102299
1018.87,0.101877
2339.61,0.233853
2072.63,0.207182
1850.21,0.184744
986.12,0.0983846
974.908,0.0974771
775.592,0.0775272
984.017,0.0983424
833.547,0.0830237
1484.44,0.148372
1206.77,0.120642
4849.18,0.484566
1451.91,0.145186
1542.94,0.154207
1873.89,0.187089
3249.52,0.32583
5623.83,0.561974
994.44,0.0992977
7200.69,0.717047
14412.2,3.46494
1466.77,0.146378
1586.99,0.158446
1579.06,0.157766
863.767,0.0863708
1770.25,0.176962
2972.44,0.296949
941.96,0.0940038
967.672,0.0965759
875.018,0.0874859
1427.55,0.142693
1537.8,0.153748
1292.17,0.129179
2369.96,0.236957
1393.33,0.139304
1325.05,0.132468
1584.63,0.158397
753.402,0.0752596
959.983,0.095922
1172.79,0.117192
1358.33,0.135795
1919.26,0.190947
1102.56,0.109884
1168.1,0.116517
1407.51,0.140672
2135.1,0.213125
1537.79,0.153535
979.958,0.0979199
1236.76,0.123617
1444.27,0.144001
2953.07,0.295004
1630.89,0.163009
2235.89,0.223488
3214.76,0.32077
3666.55,0.36655
2239.55,0.223912
1859.76,0.185693
1615.14,0.161475
2230.52,0.222714
1700.96,0.16996
1533.2,0.153302
1780.8,0.178031
1203.95,0.120273
1094.44,0.10931
859.289,0.0858725
4665.03,0.466385
1073.18,0.107285
3401.95,0.339797
926.644,0.0926422
1292.06,0.129124
1510.7,0.150838
1252.65,0.125243
1212.36,0.12119
799.6,0.0799007
1151.6,0.115129
8830.32,0.880846
1381.28,0.138118
1125.55,0.112543
848.177,0.0848033
1596.28,0.15959
1134.58,0.113366
4299.09,0.429551
1448.08,0.144616
1027.88,0.102777
1616.32,0.161609
998.355,0.0997913
1177.5,0.117741
981.399,0.0980841
1304.96,0.130114
2331.68,0.231943
1873.17,0.18715
1030.72,0.10304
475.068,0.0471748
2845.65,0.284121
2994.84,0.298908
1101.33,0.110131
1719.11,0.171891
1201.45,0.119956
1079.76,0.107836
1751.56,0.175094
994.089,0.0993902
1130.48,0.112981
737.843,0.0737145
6979.29,0.697691
1700.47,0.169986
997.824,0.0996561
965.82,0.0965651
1586.3,0.158548
4520.02,0.451932
720.442,0.0720377
1201.41,0.120134
1510.27,0.151018
2033.66,0.202924
4493.2,0.449095
910.603,0.0909933
1220.08,0.121989
618.456,0.0617746
2508.94,0.250598
593.297,0.0593201
1934.43,0.19309
1956.83,0.195663
442.487,0.0440755
1207.15,0.120712
907.059,0.0906968
1859.56,0.185917
20455.8,2.03957
810.197,0.0809586
1289.94,0.128985
1810.37,0.180975
1070.42,0.106985
817.562,0.0812504
1267.58,0.126683
975.614,0.0974841
710.819,0.071012
1179.92,0.117856
1202.67,0.120238
1146.32,0.114356
1390.49,0.138965
8867.6,0.885673
838.143,0.0838045
1613.46,0.160273
1024.71,0.102092
1316.06,0.131441
1358.87,0.135843
773.472,0.0772904
1343.83,0.134369
1168.54,0.116779
937.837,0.0937049
4596.7,0.458601
562.636,0.0562375
1463.11,0.146301
2946.61,0.294269
1041.61,0.104013
4373.49,0.437166
803.225,0.0801225
2531.91,0.252917
920.76,0.0920051
1495.06,0.149357
680.72,0.0680461
1331.15,0.133109
1263.33,0.12632
5683.62,0.566572
684.963,0.068492
2785.54,0.27834
2048.72,0.204831
1150.16,0.114976
536.751,0.0536702
2631.49,0.263095
6115.46,0.610377
2189.87,0.218694
4212.82,0.420952
1613.31,0.161292
624.109,0.0624057
1892.01,0.188692
1328.02,0.132644
1582.96,0.158274
891.673,0.0891658
4437.78,0.443616
924.816,0.0924113
1388.68,0.138852
565.586,0.0565342
1011.38,0.101009
913.453,0.0913194
994.808,0.0994498
936.32,0.093619
836.41,0.0835986
769.749,0.0764364
1696.35,0.16939
1163.68,0.117166
1641.77,0.164125
922.406,0.0922395
1265.45,0.126514
2189.58,0.218612
1489.7,0.148601
893.772,0.0893753
1602.16,0.160171
1072.72,0.107268
643.142,0.0643009
1152.95,0.115271
730.251,0.0729683
704.727,0.0704697
961.074,0.0960826
761.294,0.0761253
1044.65,0.103952
528.597,0.0528433
1233.91,0.123353
978.85,0.0970234
3591.65,0.357278
1419.86,0.141827
728.029,0.0727939
863.901,0.0863849
1095.96,0.109543
1159.05,0.115808
2278.21,0.227608
980.616,0.0980432
2700.81,0.269304
509.782,0.0509611
1296.28,0.129618
1296.23,0.129418
1548.96,0.15477
5539.81,0.553724
673.29,0.0662666
1219.97,0.121964
2494.69,0.249222
1144.35,0.11409
3180.78,0.317998
1737.8,0.173659
1144.71,0.114325
1040.7,0.104058
1310.93,0.131037
1113.44,0.110936
18452.8,1.84241
1149.57,0.114944
645.955,0.064487
1305.98,0.130449
1500.78,0.119657
1075.23,0.107505
722.524,0.0721669
7049.06,0.7048
1304.49,0.130306
985.437,0.0985199
1978.72,0.197756
746.835,0.0746743
14956.1,1.48817
2794.79,0.279175
1008.55,0.10076
1319.61,0.131919
941.268,0.094021
910.78,0.0910377
965.89,0.0963485
2082.59,0.208098
657.02,0.0656919
1333.17,0.133134
1785.88,0.178575
708.158,0.0708126
1623,0.162265
1471.98,0.14713
662.963,0.0662827
1679.76,0.167755
1945.94,0.194283
999.989,0.0999732
1688.19,0.168759
1003.61,0.100355
2396.28,0.239608
1166.57,0.116645
1343.17,0.134299
1082.67,0.108211
3679.45,0.367865
661.925,0.0661512
1169.54,0.116917
764.237,0.0764017
1931.24,0.193086
5407.74,0.538434
851.146,0.0851028
1284.51,0.12801
1304.22,0.130396
8039.14,0.8028
1435.54,0.143404
2139.22,0.213833
731.015,0.0730888
1345.79,0.134327
853.159,0.0853062
1116.65,0.111142
1340.43,0.133965
3577.96,0.356831
1370.63,0.136069
1672.39,0.167231
803.955,0.0820733
904.749,0.0904315
794.098,0.0793946
3566.78,0.35659
1122.43,0.11222
2000.1,0.199933
1324.32,0.132352
12832.1,3.03748
1313.76,0.131369
998.019,0.0997797
1044.59,0.104381
1024.21,0.102323
1819.93,0.181848
740.408,0.0740298
839.842,0.0839625
3166.9,0.316571
1408.54,0.140808
1012.37,0.101206
2240.62,0.223986
863.399,0.0863174
710.625,0.0710381
9105.55,0.908467
1214.62,0.121292
1191.14,0.119097
920.847,0.0920747
7165.56,0.712815
1352.22,0.135212
1634.45,0.163372
4908.62,0.490652
2322.11,0.23214
1241.73,0.124109
1741.61,0.174126
863.146,0.0862535
1666.55,0.166522
1450.55,0.145041
1802.53,0.180163
860.869,0.0860141
950.151,0.0950072
1013.32,0.101155
2617.94,0.261687
575.53,0.0575374
3652.03,0.364856
1108.61,0.11085
1119.74,0.111966
792.494,0.0791183
1925.12,0.191471
2447.46,0.244078
1760.14,0.175902
1331.43,0.133045
988.078,0.0987792
1027.14,0.102677
1534.17,0.152905
2720.39,0.271593
3287.18,0.328309
20340.3,2.02456
1457.51,0.145594
1420.87,0.141965
606.064,0.0605561
947.964,0.0947793
931.42,0.093094
804.587,0.0803798
1446.61,0.14433
1216.8,0.121391
1615.28,0.161464
4332.56,0.432935
1499.64,0.149128
1234.46,0.123164
1064.55,0.10645
2118,0.211716
1257.38,0.125655
752.17,0.0752123
908.94,0.090884
1106.9,0.110678
1091.79,0.10895
3117.82,0.311222
1847.18,0.184498
1016.08,0.101528
973.31,0.0973026
2137.7,0.212844
682.192,0.0682175
609.088,0.0608972
1268.54,0.126846
1290.21,0.128996
7934.24,0.787257
2187.06,0.21868
884.576,0.0884106
1423.72,0.141653
1113.32,0.111258
1408.54,0.140775
1834.48,0.183427
4094.77,0.409147
2464.04,0.244509
920.7,0.091831
2291.83,0.229123
1629.53,0.162627
1932.19,0.193162
967.42,0.0966326
2579.7,0.257855
1111.36,0.111128
659.025,0.0658849
987.717,0.0982082
589.296,0.058928
1237.81,0.123734
1000.46,0.0998986
851.489,0.0851345
1597.4,0.159667
1692.55,0.169242
3202.17,0.320132
4630.26,0.462861
576.318,0.0572379
720.904,0.0720797
1107.1,0.110632
1794.25,0.179379
1442.19,0.144157
981.329,0.0981074
10740.6,1.06936
1201.74,0.120145
2609.08,0.259602
1049.31,0.104927
1049.21,0.104073
1566.47,0.156412
1869.38,0.186633
587.224,0.058713
1154.95,0.115429
955.143,0.0955063
1549.62,0.154767
1197.17,0.119681
2415.66,0.24154
2344.04,0.23427
779.617,0.0779227
1354.3,0.135252
1026.05,0.10259
1143.4,0.114305
1134.69,0.113416
812.918,0.0811517
1935.11,0.193389
972.939,0.0972063
1194.23,0.119398
853.594,0.0852967
1184.77,0.118467
1036.87,0.101975
1365.41,0.136531
996.503,0.0995015
771.097,0.0769952
1939.06,0.193774
1835.36,0.181759
888.127,0.0887822
719.845,0.0719391
2587.39,0.258313
761.166,0.0760147
1234.83,0.12346
572.036,0.0571885
538.913,0.0538859
1351.11,0.134846
1164.92,0.116451
3784.99,0.378463
1030.21,0.102982
1042.19,0.104015
2113.23,0.211267
1413.16,0.140993
532.467,0.0532404
1287.89,0.128777
2243.6,0.224263
1773.76,0.177353
2299.71,0.229885
1482.61,0.148247
2456.37,0.245609
792.64,0.0791838
963.696,0.0957831
1063.01,0.106292
1358.87,0.135629
1272.01,0.126747
7439.56,0.742371
1698.12,0.169656
1072.66,0.107106
1044.89,0.104464
2615.79,0.198292
1399.47,0.13987
1000.69,0.100056
4940.13,0.493809
860.276,0.0860008
742.743,0.0737741
915.403,0.0913572
1147.12,0.115554
2462.99,0.246202
1496.13,0.149546
5635.92,0.563277
2769.12,0.276882
1847.75,0.184757
2658.32,0.26467
3017.26,0.301632
927.938,0.0927792
1703.84,0.169631
550.69,0.0550672
1244.94,0.115971
4180.95,0.417876
8680.27,0.820259
1277.87,0.127754
1455.53,0.14543
840.201,0.0840184
6244.22,0.623138
1528.75,0.152638
2093.65,0.209266
2325.6,0.232504
1481.41,0.148044
1238.55,0.123845
1104.46,0.110342
1428.76,0.142712
5270.59,0.525237
1478.86,0.146883
861.514,0.0861188
1049.66,0.104937
2216.09,0.221378
711.857,0.0710479
735.669,0.0735391
513.195,0.051315
1709.62,0.169914
811.371,0.0805219
1626.84,0.162402
3928.34,0.392121
1354.55,0.135449
750.011,0.0749879
949.326,0.0949227
988.212,0.0988131
1169.92,0.116947
2115.22,0.211421
1615.52,0.161523
1504.55,0.150396
1477.82,0.14762
995.768,0.0995746
1434.95,0.143447
2115.94,0.211393
1043.39,0.10432
2085.31,0.207771
1963.46,0.196215
1132.81,0.113141
940.828,0.0921789
1150.97,0.114943
915.785,0.0915596
10930.4,1.08945
1491.13,0.149088
1113.02,0.11127
846.444,0.0842589
1929.9,0.192951
867.8,0.0867077
1094.41,0.109357
942.529,0.0942302
1425.68,0.142446
1227.83,0.122697
2185.82,0.21855
1497.82,0.149627
2406.13,0.240439
1654.8,0.178562
1379.57,0.137903
1726.81,0.172643
1287.7,0.12867
1260.25,0.126011
1802.17,0.179823
1478.28,0.147658
2661.72,0.265969
2554.18,0.255238
790.727,0.0789805
10045.6,1.00278
627.531,0.0627429
1017.2,0.101716
1126.75,0.112653
1373.3,0.137291
2311.51,0.231113
1074.87,0.107449
1544.35,0.154403
642.975,0.0642903
1022.14,0.102207
587.19,0.0586708
943.113,0.0938226
1475.62,0.147438
1348.27,0.134708
868.816,0.0868628
3491.24,0.348889
845.52,0.0842977
717.518,0.0714766
1198.17,0.11974
1761.07,0.17582
1883.14,0.188291
610.918,0.0610808
714.529,0.0714352
1112.1,0.111146
706.518,0.0705934
3113.2,0.311039
787.139,0.078587
1036.35,0.10355
3316.25,0.331536
19617.9,1.95826
1098.17,0.109791
1175.69,0.117505
956.933,0.0956599
1264.15,0.126128
5923.45,0.592203
13005.7,1.28617
1231.56,0.12308
1691.54,0.169113
1260.92,0.126076
778.468,0.0778449
2601.59,0.260123
968.703,0.0968613
1105.68,0.110276
1028.38,0.102824
1514.17,0.151402
753.591,0.0753516
1131.94,0.113185
516.373,0.0516055
1857.74,0.185296
1889.15,0.188897
554.9,0.0554873
558.684,0.0557925
8405.44,3.17947
1156.66,0.115521
2042.66,0.204247
1301.97,0.13016
633.678,0.0631917
1056.49,0.105637
2060.9,0.206001
686.459,0.0686378
918.268,0.0915095
792.992,0.0792938
1159.99,0.115831
942.009,0.0941015
745.652,0.0744903
2427.98,0.242706
1435.96,0.143488
1358.37,0.13583
1150.35,0.11499
1034.51,0.103374
1705,0.170305
1165.44,0.116524
1616.33,0.161553
1464.96,0.14642
1181.2,0.11782
1378.96,0.137768
1107.71,0.110754
992.779,0.0991992
1189.77,0.118802
1071.47,0.107141
4533.37,0.452955
1220.17,0.121947
1015.56,0.101536
635.818,0.0634108
1581.17,0.157996
1243.07,0.124298
845.715,0.0845141
1029.77,0.102914
1776.86,0.177517
1306.3,0.130593
3808.78,0.380397
2509.07,0.250745
1192.31,0.119215
1555.21,0.155507
1122.26,0.112158
3624.49,0.361937
2533.91,0.253116
2569.75,0.256906
1859.97,0.185783
1469.34,0.146645
1348.19,0.13479
1913.4,0.191303
1285.04,0.128481
1653.92,0.165272
817.636,0.0816767
1248.52,0.124765
2128.56,0.212841
1300.37,0.130004
1338.47,0.133809
3892.39,0.388222
1096.93,0.109482
1604.16,0.160405
703.941,0.0703596
1018.03,0.101559
1097.93,0.109732
3299.97,0.329752
507.001,0.050662
1290.85,0.129009
1512.89,0.151201
1377.14,0.137703
1421.65,0.142066
909.679,0.0909623
1133.63,0.113353
1453.99,0.145377
957.797,0.0904852
1819.68,0.180257
640.157,0.0640123
807.09,0.0806399
828.962,0.0826604
1545.09,0.154481
1070.01,0.106976
1133.11,0.11329
12864.3,3.80351
1494.57,0.149406
2232.96,0.222986
4072.86,0.407109
826.549,0.0826503
2076.7,0.207524
1044.9,0.104467
1742.52,0.226362
2331.13,0.233075
981.613,0.0980856
716.551,0.0716502
1180.05,0.117926
2077.43,0.207675
2853.48,0.285272
1767.48,0.176729
922.888,0.0922864
965.134,0.096492
1520.74,0.151885
1095.7,0.109472
860.309,0.086005
652.494,0.0651936
887.27,0.0887118
1435.43,0.143428
1019.44,0.10194
4163.42,0.416245
1420.74,0.142042
2184.52,0.218392
1920.47,0.191905
1228.07,0.122768
954.875,0.0954043
1847.43,0.184593
584.586,0.0584523
827.673,0.0827315
1696.7,0.16963
844.637,0.0844406
1702.29,0.170145
1050.04,0.104984
1435.17,0.143487
1345.44,0.134439
1708.18,0.170798
1303.08,0.129744
1044.44,0.104397
953.623,0.0953099
1287.05,0.128698
2091.45,0.208986
1259.08,0.125793
1828.57,0.182753
997.198,0.0996828
867.41,0.0867349
1770.82,0.176956
916.397,0.0916338
1130.78,0.113069
1293.22,0.129294
617.009,0.0616965
1159.6,0.115929
785.713,0.0783942
2944.33,0.294344
1549.41,0.154884
2175.09,0.217297
2372.7,0.237252
1055.05,0.105452
1323.54,0.13224
827.305,0.0827015
794.115,0.0794042
1422.19,0.142169
1276.09,0.127594
2057.47,0.205644
918.139,0.0917654
1262.94,0.126069
1153.23,0.115037
1401.47,0.140133
1148.33,0.114808
879.464,0.0879436
1269.6,0.129719
683.68,0.0683578
8014.4,0.798244
882.446,0.0882265
756.168,0.0755989
3277.01,0.327157
884.93,0.0884534
1359.12,0.135909
886.329,0.0886142
638.148,0.0637729
846.965,0.0846778
1058.29,0.105783
3255.45,0.325203
893.527,0.0890742
3281.87,0.327771
9864.96,0.985588
995.298,0.0993843
1635.8,0.163419
981.972,0.0980736
1640.27,0.163782
2113.18,0.211258
1402.26,0.140219
1351.76,0.135158
1097.03,0.109612
1142.03,0.114022
2375.48,0.237395
564.827,0.0563085
2822.78,0.282104
1982.19,0.19807
694.384,0.0694172
898.694,0.089845
1211.09,0.120945
1037.51,0.103688
1255.69,0.125557
1554.61,0.155453
1577.16,0.15762
803.115,0.0803085
1170.89,0.116982
595.246,0.0595079
19659.9,2.91279
904.987,0.090492
6782.06,0.675207
2078.96,0.207815
999.578,0.0998852
946.458,0.0946143
1310.76,0.131024
811.141,0.0810669
932.064,0.0931723
1036.59,0.103357
943.105,0.0942564
1044.78,0.104453
1143.27,0.11404
2884.86,0.28795
860.317,0.0856161
1698.24,0.169817
568.127,0.0567693
2308.77,0.230815
6905.58,5.10365
1059.91,0.105474
1261.41,0.126132
1708.69,0.170354
18630.8,3.50015
727.184,0.072717
857.616,0.0857309
724.714,0.0722652
654.285,0.0652357
668.542,0.0668368
1037.96,0.103788
1038.09,0.103773
2456.72,0.245063
1138.02,0.113746
1152.17,0.114847
1939.73,0.193827
1129.5,0.112927
744.832,0.0744404
1074.52,0.107401
782.005,0.0781915
879.758,0.0879511
1563.73,0.156327
1874.53,0.187243
1049.85,0.104886
2891.89,0.288999
1369.21,0.136874
1131.16,0.112802
758.114,0.0758109
437.197,0.0437059
1352.62,0.135232
1332.58,0.13323
2580.77,0.258021
1270.14,0.126944
3034.66,0.303241
951.199,0.0950683
1559.17,0.15586
1618.63,0.16181
782.229,0.0782113
2556.33,0.255555
2078.94,0.207422
1953.79,0.195357
838.479,0.0837716
1004.93,0.100227
8659.14,0.861412
669.903,0.0669853
1024.78,0.102474
1338.74,0.133865
1416.75,0.141641
550.338,0.0550294
1322.69,0.13217
2518.61,0.251824
1382.55,0.138153
815.126,0.0815072
4130.34,0.412363
2791.49,0.278767
1258.13,0.125757
780.187,0.0779536
852.864,0.085266
900.859,0.0900476
3852.6,0.385117
4548.62,0.454615
952.94,0.0952534
1296.23,0.129588
1459.98,0.145788
1036.3,0.103564
660.061,0.0659128
1133.54,0.113201
1729.7,0.172885
985.369,0.0985107
1496.63,0.149647
4447.06,0.443792
753.006,0.0751577
917.847,0.0917364
610.823,0.0610744
5919.25,0.590904
2395.53,0.239516
959.6,0.0958749
1136.33,0.113598
2910.46,0.290989
1912.55,0.191235
1322.53,0.132235
2401.67,0.239641
1091.3,0.109077
3502.16,0.349261
1561.37,0.156113
1502.65,0.150234
1155.3,0.115506
811.071,0.0810612
1960.74,0.195877
1591.24,0.158371
909.636,0.0909446
1290.32,0.129021
887.851,0.0887776
625.995,0.0625912
476.66,0.0476635
1562.1,0.155904
965.784,0.0965732
1302.27,0.130062
1004.77,0.100333
1843.31,0.183984
2012.93,0.201224
1119.73,0.111921
2296.58,0.229497
2235.68,0.222783
552.463,0.0551468
4439.93,0.443121
1142.49,0.114211
1625.71,0.162559
735.005,0.073497
7789.57,0.778169
319.593,0.0319563
2548.46,0.254326
976.228,0.0976181
1659.44,0.165881
961.288,0.0961067
1438.38,0.143717
705.544,0.0705521
4715.6,0.471409
800.99,0.0800956
2358.73,0.235827
947.163,0.0945155
941.428,0.0940974
934.303,0.0933921
661.783,0.0661452
1849.26,0.184908
1046.74,0.10444
886.205,0.0886161
1234.72,0.123427
2957.36,0.294914
1821.24,0.182047
682.203,0.0682118
1308.33,0.130784
1310.17,0.130915
1029.37,0.102931
7484.96,0.747847
1957.94,0.195763
8545.19,0.853489
1994.33,0.199155
1377.81,0.137704
1174.12,0.117378
2165.76,0.216515
1543.32,0.15428
1458.75,0.145823
4331.58,0.432747
2035.41,0.444084
1083.9,0.108378
947.963,0.0947919
1878.73,0.187841
836.299,0.0835895
1081.13,0.108024
1126.81,0.112661
921.7,0.0921578
3496.55,0.348932
1124.61,0.112216
2299.84,0.229791
1469.19,0.146792
4788.94,0.477837
2580.51,0.258011
2206.69,0.220614
3334.82,0.332839
606.05,0.0604491
1237.93,0.123698
677.112,0.0675934
2556.01,0.255423
4449.63,0.444197
906.735,0.0891942
1122.09,0.112193
1280.43,0.127961
1389.07,0.138856
2583.77,0.258336
781.526,0.0780842
2538.06,0.253761
1744.9,0.174449
902.548,0.0902479
785.219,0.0784068
716.128,0.0716024
1966.9,0.196519
1741.11,0.162675
8942.08,0.893056
1721.08,0.172037
1592.54,0.159211
520.947,0.0520747
845.562,0.0845503
1009.42,0.100644
1925.11,0.17133
1044.63,0.104428
2811.6,0.281109
1339.89,0.133489
475.395,0.0475339
4970.43,0.496781
2018.78,0.201765
2493.52,0.249189
1339.45,0.133925
876.353,0.0875254
934.926,0.0934742
1390.76,0.139064
1598.66,0.159785
998.555,0.0998401
1698.27,0.169791
4209.85,0.420711
977.906,0.0977872
2012.26,0.200512
1651.65,0.165154
1809.18,0.180834
1636.66,0.1636
1554.38,0.155245
589.071,0.0588989
1113.52,0.111277
1927.04,0.192647
805.715,0.0805627
911.056,0.0910642
2805.56,0.280138
2190.77,0.219037
709.367,0.0709363
749.157,0.074795
1274.49,0.127431
1915.3,0.191226
3631.62,0.362924
448.762,0.0448634
1889.66,0.188866
1207.49,0.126248
997.358,0.099712
824.347,0.0824171
1315.39,0.131398
1167.48,0.116675
1404.67,0.140422
1043.95,0.104198
1100.03,0.104073
18743.4,1.87204
1098.27,0.10982
1198.25,0.119764
1017.12,0.101683
3083.79,0.308147
1033.72,0.10323
1177.47,0.117728
1292.52,0.128563
942.843,0.0775767
1512.58,0.15125
1484.72,0.14843
1386.66,0.138591
999.728,0.0999614
2299.17,0.229785
859.273,0.0859086
740.417,0.0740064
1116.18,0.11154
1649.87,0.164871
934.09,0.093377
1143.52,0.113997
653.677,0.065362
1066.2,0.106106
1196.84,0.119671
5800.47,0.339493
751.048,0.0750764
984.394,0.0984319
1994.65,0.199071
1266.8,0.12664
875.631,0.0875436
3268.11,0.32667
603.91,0.0603464
840.79,0.0839927
805.103,0.0804927
1163.71,0.116305
2235.32,0.223519
1260.5,0.125924
2719.6,0.271818
1143.46,0.11434
581.256,0.0581246
1113.92,0.110992
1730.39,0.172463
8325.66,0.830967
831.379,0.0830069
1177.44,0.117681
8174.45,0.817033
2147.24,0.214385
951.385,0.0951257
1179.18,0.117902
1723.02,0.172206
2264.65,0.226436
1113.04,0.11126
1003.7,0.100365
1787.06,0.178426
1122.43,0.112206
1616.34,0.161594
1056.85,0.105626
1050.25,0.105004
1059.59,0.0991389
935.281,0.0933997
2482.6,0.248016
1408.24,0.140745
1366.2,0.136586
860.491,0.0853624
959.376,0.0958492
953.47,0.0953413
831.317,0.0825346
1133.16,0.11329
11735.7,1.15448
786.216,0.0786177
1791.87,0.178962
1903.51,0.188845
1456.48,0.135939
1112.73,0.111254
1604.14,0.160023
1663.81,0.16637
19219.5,1.91714
2125.45,0.212365
466.915,0.0466901
1213.74,0.121271
1253.83,0.125367
973.332,0.097267
1963.44,0.196295
998.142,0.0996916
2149.82,0.214885
2510.83,0.250915
845.393,0.0844994
1115.58,0.111542
828.697,0.0828672
2222.73,0.22213
786.5,0.0783893
961.5,0.0961452
1231.58,0.12296
968.668,0.0968243
2870.33,0.286989
4705.52,0.470432
1725.68,0.17247
1047.91,0.104694
962.376,0.0962273
1521.19,0.152099
1492.32,0.149211
1161.36,0.116108
930.392,0.0930373
1682.41,0.168197
704.541,0.0704522
873.014,0.0872635
1869.84,0.186906
639.845,0.0639051
3111.63,0.310999
1584.54,0.157474
1466,0.146534
911.716,0.0911657
647.434,0.0647423
1354.43,0.135418
1078.61,0.107658
1321.53,0.132085
531.502,0.0530841
1755.7,0.175423
1250.94,0.12508
1442.67,0.144108
915.926,0.0915253
1352.64,0.13523
2314.23,0.231406
926.395,0.0925818
689.619,0.0689003
1508.21,0.150768
624.614,0.0624571
1150.47,0.115018
734.01,0.073388
1433.04,0.143288
1535.89,0.153292
1373.93,0.137351
1529.95,0.15298
735.033,0.0734806
2581.04,0.258075
6178.14,0.617774
1748.19,0.174735
2016.86,0.201653
776.423,0.0775805
843.689,0.0843148
1304.1,0.129726
1319.2,0.131898
1467.46,0.146696
2233.76,0.223273
983.112,0.098298
666.133,0.066603
2310.32,0.230867
1620.81,0.161472
993.934,0.0993912
950.989,0.0950926
1192.98,0.11916
1021.98,0.102142
1382.84,0.138096
852.465,0.137482
897.078,0.0896685
1248.2,0.124791
983.345,0.0982872
999.161,0.099891
3096.73,0.309609
1491.8,0.149165
798.645,0.0798614
999.312,0.0952331
1962.7,0.196175
776.925,0.0765512
730.201,0.0729774
1142.34,0.114104
1298.49,0.129701
1228.04,0.122779
1195.28,0.119454
1868.81,0.186791
773.496,0.0773029
1131.09,0.113051
1148.56,0.114777
2987.41,0.298558
1358.87,0.135821
925.246,0.0922058
3950.52,0.394703
818.457,0.0818133
1209.95,0.120964
1649.51,0.164755
3422.31,0.342195
1243.33,0.12419
1528.46,0.152795
1669.22,0.16679
852.79,0.0852447
1405.42,0.140535
932.772,0.0932704
2595.41,0.259329
773.261,0.0772609
787.278,0.078667
869.918,0.0869897
888.59,0.0888466
10193.9,1.01699
807.844,0.0807326
1810.51,0.180972
899.802,0.0898387
2942.22,0.293624
1152.02,0.115179
1973.65,0.197354
1497.7,0.149463
1178.21,0.117777
6208.98,0.620278
837.004,0.0836628
2086.87,0.208671
1445.66,0.144328
1080.83,0.108044
669.974,0.066987
718.144,0.0717528
976.122,0.0975963
996.408,0.09959
813.272,0.081313
1502.36,0.150133
1296.31,0.129475
1178.41,0.11783
3663.6,0.366183
1083.91,0.108294
1135.69,0.113492
985.193,0.0984633
2258.75,0.225384
1228.71,0.122863
5307.68,0.530607
1785.62,0.178465
1806.66,0.180224
1018.34,0.101782
1351.17,0.135076
1431.97,0.143132
1820.5,0.18196
832.435,0.083234
1382.44,0.0770922
1021.63,0.102159
930.489,0.0927428
2280.5,0.227805
1000.72,0.100047
777.062,0.0776864
1278.5,0.13057
1020.33,0.102021
2413.94,0.241063
1331.13,0.133049
780.651,0.0780462
2269.34,0.226911
1009.21,0.100882
1029.96,0.102966
21417.6,2.13813
710.472,0.0710349
783.911,0.0783765
1389.4,0.138924
938.054,0.0936297
787.919,0.0787845
2521.67,0.252081
887.286,0.0886377
1931.37,0.193038
1237.3,0.123715
1543.3,0.154221
1547.7,0.154697
1019.19,0.1019
1333.93,0.13317
1091.73,0.109132
3967.22,0.396527
595.935,0.059589
1046.99,0.104628
1674.29,0.167226
1027.16,0.102667
1297.21,0.129693
1318.38,0.13177
985.299,0.0984235
881.979,0.0881941
1135.37,0.113533
1423.75,0.142292
8246.53,0.824175
1849.19,0.1849
843.608,0.084349
1006.79,0.10067
2384.3,0.238368
872.473,0.0872435
1890.92,0.187878
2044.5,0.203279
976.231,0.0976186
1074.13,0.107373
798.21,0.0797824
1135.52,0.113536
1372.23,0.137195
2532.7,0.25326
967.906,0.0967553
2097.96,0.209535
2040.14,0.203877
755.846,0.0754897
1426.74,0.142502
1835.6,0.18348
830.276,0.0829964
821.005,0.0820332
12451.9,1.24344
759.622,0.0759503
1546.05,0.154538
513.855,0.0512964
2255.82,0.225514
3531.99,0.351611
1292,0.12917
752.042,0.0751691
1087.43,0.108706
5478.49,0.546975
743.415,0.074262
1296.46,0.12962
595.429,0.0595279
1435.96,0.143587
1049.69,0.104964
1368.23,0.136582
1206.87,0.120679
2378.13,0.23433
3172.92,0.317141
1230.94,0.123022
1116.53,0.11158
1700.14,0.169968
919.66,0.0919633
4352.83,0.434623
1810.5,0.181017
2343.17,0.234139
826.904,0.082687
922.963,0.0914567
1061.37,0.106011
1350.55,0.134991
1000.78,0.100039
1315.57,0.131501
1289.35,0.128865
1279.42,0.12791
916.31,0.09163
1289.03,0.128896
1486.61,0.136811
863.85,0.0860038
1325.99,0.132575
2383.65,0.23824
3108.94,0.309602
2586.48,0.257384
1106.78,0.110615
1917.48,0.191686
1044.19,0.104376
1000.42,0.0999939
2337.79,0.23252
2138.58,0.213731
907.788,0.0907674
991.047,0.0990862
2127.24,0.213902
776.222,0.0775536
1111.34,0.111121
885.794,0.0885769
2282.05,0.226703
2037.92,0.203724
1762.56,0.176242
1726.54,0.171748
948.89,0.0946714
1563.49,0.156072
654.995,0.0654916
813.982,0.0813759
445.172,0.0445129
1578.45,0.157797
1951.44,0.195112
1351.74,0.135113
364.289,0.0364282
2531.81,0.253063
3797.47,0.378968
957.712,0.09575
1027.65,0.102753
912.829,0.0912626
711.658,0.0711482
945.374,0.0943968
1647.41,0.164722
508.691,0.0507932
1542.75,0.154255
1776.83,0.177669
735.312,0.0735061
535.212,0.0535192
1447.21,0.144672
1308.07,0.130701
1353.84,0.135325
2527.51,0.249203
994.323,0.0989916
806.249,0.0805694
1089.57,0.108945
1350.83,0.134715
3636.92,0.364295
1017.18,0.101594
721.963,0.072
965.995,0.0965957
590.472,0.0590358
3247.88,0.324516
730.021,0.07298
658.824,0.0658808
1211.37,0.121095
854.832,0.0853553
886.639,0.0886469
1227.83,0.122732
788.297,0.0787841
1395.97,0.139531
869.579,0.0869468
1018.1,0.101795
1396.03,0.139575
1159.83,0.11594
787.185,0.0786839
1063.9,0.106207
1256.72,0.125651
866.792,0.0866208
1573.77,0.157245
1656.17,0.165566
1453.5,0.145064
5999.21,0.599781
958.078,0.0957533
634.142,0.0634123
549.091,0.0549003
937.261,0.0937236
994.408,0.099427
1146.71,0.11465
1931.34,0.193072
1101.14,0.109982
1623.01,0.153122
1103.67,0.110361
1111.23,0.111113
4212.66,0.420803
645.171,0.0642254
22976.5,2.28874
1163.73,0.116311
1011.83,0.101179
1205,0.120475
2795.92,0.279089
1135.71,0.113546
2557.58,0.255704
1921.2,0.192012
597.36,0.0597171
1267.87,0.126709
3026.09,0.30163
1026.71,0.102663
930.516,0.0930363
1968.59,0.196613
988.683,0.0988406
909.119,0.0906512
1057.35,0.105709
1048.55,0.104172
917.245,0.0917111
1861.66,0.186146
1033.3,0.103326
1366.85,0.136651
657.353,0.0657012
792.781,0.0792498
1187.28,0.11872
1188.23,0.118809
745.372,0.0745097
1946.76,0.194561
663.45,0.0663426
1018.96,0.101889
1081.59,0.108146
2738.3,0.273504
642.958,0.0642557
1262.11,0.126192
3562.47,0.356055
1687.16,0.168455
935.125,0.0934799
1057.22,0.105709
1588.46,0.158828
1027.44,0.102703
4745.9,0.474289
2149.6,0.214807
4156.59,0.41495
3039.36,0.303801
1435.39,0.1435
1393.54,0.139286
1535.31,0.153499
876.377,0.0875182
1043.96,0.104387
963.276,0.0962251
939.763,0.0939678
998.475,0.0997826
2005.43,0.200413
1572.41,0.156656
1467.27,0.146692
4484.49,0.447515
1438.13,0.143777
1286.07,0.128317
1312.6,0.131251
1280.45,0.128
927.493,0.0927409
2917.43,0.291637
1441.39,0.144122
852.503,0.0852384
1462.27,0.146055
987.8,0.0987506
1266.88,0.126638
6569.65,0.65592
571.493,0.0571486
3387.28,0.338472
1579.49,0.157887
3492.32,0.348869
2274.93,0.224943
1180.1,0.117993
901.072,0.089996
1648.61,0.164828
1344.75,0.134459
705.016,0.0704632
1442.96,0.144162
2544.39,0.254417
2056.37,0.205537
1513.1,0.151232
846.445,0.0846204
663.926,0.0663861
2076.62,0.207604
1064.64,0.106408
878.226,0.0878177
1415.16,0.141492
1068.13,0.106734
3460.17,0.345848
760.313,0.0760235
1038.5,0.103843
716.397,0.0716198
801.841,0.079472
1534.69,0.153415
1447.95,0.14429
751.29,0.0751224
568.798,0.0568626
1122.63,0.112249
2554.63,0.255435
1236.74,0.123507
1352.26,0.135223
686.068,0.068606
2711.49,0.271111
1801.81,0.180143
1707.5,0.170734
2126.04,0.212434
1025.74,0.102572
961.249,0.0961194
3112.35,0.310962
1001.55,0.100134
8064.62,0.804971
908.655,0.0907421
1968.43,0.196716
491.494,0.0491441
1705.22,0.170418
1183.7,0.118352
2291.42,0.22867
964.234,0.096386
890.489,0.0889511
1035.73,0.103545
1138.27,0.113762
1269,0.12689
10382.5,1.03598
1047.7,0.104761
3714.08,0.370942
839.177,0.0839108
2317.95,0.231066
1766.19,0.176415
1655.98,0.165576
946.874,0.0945119
1676.06,0.16755
774.828,0.0774467
1072.33,0.107213
889.47,0.0889189
3826.18,0.382494
2476.36,0.247164
684.635,0.0683759
1594.38,0.159364
1537.05,0.153609
5009.89,0.500438
625.808,0.0625497
2239.94,0.223981
839.669,0.0839548
945.539,0.0945123
890.949,0.0890393
2292.51,0.229166
859.369,0.0869066
1358.59,0.135834
858.039,0.0857353
1000.01,0.0998396
1017.76,0.101684
1049.35,0.104921
1336.24,0.132644
1502.44,0.150097
419.214,0.0419029
1190.32,0.118987
1099.43,0.109932
878.17,0.087812
2238.79,0.223841
1291.29,0.129118
1141.68,0.114146
2054.3,0.205159
909.734,0.0909103
1392.68,0.139211
1158.66,0.115857
919.76,0.0919023
1235.53,0.123501
1288.92,0.12886
9807.08,0.97903
979.54,0.097923
2350.57,0.234782
772.152,0.0772113
1150.56,0.115011
1243.94,0.124349
1415.84,0.141545
3008.77,0.300787
1534.23,0.15332
1437.26,0.1437
1436.24,0.143611
872.951,0.0872506
3332.27,0.332829
651.511,0.0651079
1039.94,0.103935
1433.38,0.143319
3103.89,0.310368
721.094,0.0720582
887.145,0.0886815
1403.94,0.140333
2548.29,0.254602
920.364,0.0919813
2204.97,0.22043
1813,0.181258
2092.48,0.209132
1475.86,0.147501
1700.03,0.169952
1117.28,0.111688
1452.47,0.1452
754.635,0.0754485
2129.93,0.212925
918.686,0.0912695
661.082,0.0660331
624.377,0.0624361
661.222,0.0660965
1273.49,0.127301
601.82,0.0601753
720.822,0.0720751
907.514,0.0906407
1267.26,0.126703
1479.32,0.147894
1609.15,0.160234
1385.61,0.13853
2469.34,0.245296
667.145,0.0667
2045.63,0.203881
1366.27,0.13659
2680.02,0.267967
2269.65,0.226736
663.166,0.0662781
1417.71,0.141674
1558.86,0.155804
809.602,0.0809581
19117.7,1.90582
1381.12,0.138104
1122.06,0.111822
761.89,0.0761653
6678.67,0.666473
1358.74,0.135868
2841.84,0.28413
1592.44,0.159218
1849.42,0.184694
884.47,0.0884167
8848.17,0.883701
1156.01,0.115585
1696.9,0.169468
1064.89,0.106433
902.556,0.0902392
1021.06,0.102087
2721.85,0.271376
479.699,0.0479657
3712.65,0.37019
894.595,0.089449
868.62,0.0868608
1299.92,0.129972
13447.2,1.3286
1358.66,0.135785
1220.19,0.121989
1221.72,0.122052
869.762,0.0867564
988.47,0.0988438
813.054,0.0802564
7188.67,0.717568
984.268,0.0983971
1449.23,0.144877
2232.51,0.223108
1041.91,0.104081
1100.11,0.109995
983.945,0.0982689
1120.02,0.111994
1817.01,0.18165
996.849,0.0996785
794.59,0.0794533
1079.81,0.107955
666.472,0.0666387
2036.58,0.203381
1462.86,0.146273
651.928,0.0651853
1593.25,0.159296
5212.54,0.520814
844.975,0.0843516
1212.18,0.121195
2602.74,0.260157
2021.22,0.202009
1270.6,0.126859
864.465,0.0864273
1969.51,0.196817
762.067,0.0761853
565.317,0.0564955
443.791,0.0443739
1810.85,0.181052
376.748,0.0376554
4949.2,0.493635
4663.62,0.466232
946.733,0.0946311
2556.73,0.255565
828.528,0.0828321
24412.3,2.42803
501.027,0.0501015
1577.75,0.157753
1340.04,0.133978
2706.42,0.270506
965.253,0.096514
1147.62,0.111302
1474.48,0.147366
916.98,0.0916888
885.62,0.0884923
1740.47,0.17393
1468.51,0.146826
406.387,0.040624
885.241,0.088361
1990.31,0.199003
2356.19,0.235539
1440.93,0.144061
1167.23,0.116687
2108.27,0.210794
1127.59,0.112645
2915.25,0.291382
1267.31,0.126692
39926.4,3.96904
2244.21,0.22375
1592.61,0.15908
811.033,0.0810596
1737.75,0.173716
979.722,0.0979632
941.05,0.0940455
1732.98,0.173249
6748.73,0.674082
2299.57,0.229769
1381.94,0.138164
1188.17,0.118793
824.012,0.0823619
791.174,0.0790387
2116.87,0.211591
1197.75,0.119749
641.223,0.0640989
984.236,0.0983714
1123.2,0.112307
1108.75,0.110807
706.142,0.0706056
2315.16,0.231282
1717.1,0.171602
1358.36,0.135798
1580.56,0.158007
785.497,0.078424
982.452,0.0981768
1416.92,0.141685
640.051,0.0639982
2805.61,0.280524
1215.71,0.121563
4605.32,0.460086
5374.24,0.534426
1284.54,0.12841
817.961,0.0817924
1639.31,0.163833
864.308,0.0864019
776.628,0.0776161
2157.3,0.215698
1035.26,0.103501
1806.35,0.180511
1826.55,0.182304
1014.78,0.101406
2153.58,0.214804
11586.4,1.15513
1217.54,0.121739
871.432,0.0871398
1674.18,0.165908
920.887,0.0920562
9495.07,0.947803
2214.26,0.221283
777.983,0.0777746
2834.25,0.283118
583.295,0.0581169
756.037,0.0755882
828.974,0.0828065
503.763,0.0503177
2035.44,0.203526
1045.9,0.10458
1696.44,0.169307
741.246,0.0741156
678.403,0.0677589
1386.74,0.138662
1045.84,0.104013
871.957,0.0871884
1508.91,0.150883
2229.93,0.222479
1771.82,0.173781
1055.54,0.105551
1257.94,0.125746
583.771,0.0583691
1488.64,0.148811
885.894,0.088579
1495.77,0.149553
1004.94,0.100444
998.356,0.0998066
2126.25,0.212428
1412.32,0.141227
1199.93,0.119973
2955.31,0.291627
1008.29,0.100799
1159.66,0.113571
977.695,0.0977683
1084.17,0.108392
1868.34,0.186768
1271.22,0.127118
613.095,0.0612536
1013.85,0.101377
1371.53,0.137121
1039.08,0.103893
1318.51,0.131796
924.095,0.0923896
6029.06,0.601676
10037.9,1.00083
1284.64,0.128451
1032.67,0.103173
1982.03,0.198055
930.502,0.0929386
777.636,0.077752
854.887,0.0854115
1473.81,0.147279
711.073,0.0710978
1739.08,0.173729
747.467,0.0747426
634.686,0.0634619
9613.03,0.960334
1684.73,0.168384
827.674,0.0827117
3308.53,0.330454
1070.14,0.106915
875.371,0.0874902
2141.75,0.214051
4866.56,0.486164
2647.45,0.264511
2535.28,0.253412
1072.89,0.10728
936.378,0.093463
1213.12,0.121258
1794.32,0.179373
1210.19,0.120998
6929.45,0.692685
1036.9,0.103665
1652.32,0.165182
2315.36,0.231426
1297.7,0.12974
3772.88,0.375933
6362.21,0.635039
1119.77,0.111702
2100.75,0.20993
2636.95,0.263548
1482.7,0.147294
1089.06,0.108869
1309.15,0.130902
1571.98,0.117217
1973.38,0.197219
1965.41,0.196505
809.553,0.0809145
1835.43,0.183389
4457.55,0.445533
1315.4,0.131065
531.933,0.0531769
1089.12,0.108862
1395.61,0.139528
865.953,0.0865562
1682.67,0.168036
1053.55,0.105342
839.438,0.0839087
3502.45,0.349812
862.89,0.0862854
802.322,0.0801648
1368.52,0.136586
1173.01,0.117259
1089.25,0.108842
987.246,0.09872
2845.81,0.284559
1252.68,0.125261
1056.51,0.105634
833.362,0.0832491
9216.23,0.9214
985.9,0.0985688
4568.97,0.456534
1539.85,0.153796
550.102,0.0550071
897.566,0.0897277
19243.8,3.45724
1160,0.115942
1508.94,0.150869
1150.39,0.115024
2036.28,0.203576
2061.82,0.205303
482.669,0.0482074
879.11,0.08789
1101.93,0.110182
1143.31,0.114135
2198.68,0.219811
1710.66,0.17097
950.7,0.0950003
1108.89,0.110847
1452.34,0.145162
1946.69,0.194329
951.749,0.0951155
865.294,0.086513
2335.95,0.2335
1528.66,0.152778
1136.36,0.11361
656.64,0.0656406
1905.35,0.190496
716.801,0.0716421
3110.1,0.310686
2581.07,0.257879
626.544,0.0626199
603.402,0.0603319
713.153,0.0712932
1143.26,0.114274
1069.6,0.106944
795.754,0.0795297
551.328,0.0548463
1350.36,0.135018
803.997,0.0803892
2426,0.242461
1646.48,0.164257
829.289,0.0828686
1137.19,0.113704
802.046,0.0801408
994.082,0.0993734
1188.8,0.118819
1038.26,0.103715
973.052,0.0971879
974.088,0.0974057
1428.25,0.142768
767.314,0.0766876
854.55,0.0854522
1377.08,0.137704
1215.81,0.121562
889.212,0.0889045
1674.64,0.167436
1640.34,0.163975
1073,0.107282
6051.83,0.602165
1269.14,0.126768
1203.66,0.120346
972.657,0.0971809
1664.15,0.166381
1022.06,0.102203
1150.85,0.115062
640.293,0.0639824
818.233,0.0817992
425.319,0.0424233
833.138,0.0832936
615.691,0.0615629
434.354,0.0434254
988.666,0.098847
2409.9,0.240735
1175.36,0.116793
1640.99,0.164081
1070.28,0.106606
801.663,0.0798852
3130.45,0.312896
1297.42,0.129726
1405.61,0.140536
2534.23,0.253245
1408.19,0.140808
1025.52,0.102527
8305.36,0.829022
2346.7,0.234405
1295.17,0.129506
757.714,0.0757305
609.014,0.060872
5157.68,0.515178
8900.12,0.889285
924.209,0.0923766
944.445,0.0943548
993.297,0.0992355
1122.76,0.112269
1497.99,0.149784
1144.94,0.114468
1720.16,0.171913
1454.33,0.145059
1974.17,0.197365
3218.04,0.321736
1111.96,0.111142
1385.52,0.138344
4792.34,0.478949
1350,0.134991
1196.48,0.119608
972.689,0.0971392
908.183,0.0907933
774.061,0.0773729
1766.69,0.176066
6217.29,0.620075
772.332,0.0771545
2268.92,0.226795
2048.58,0.204763
1042.81,0.103513
1801.05,0.179928
879.767,0.0879417
3452.53,0.345032
703.742,0.0703728
425.86,0.0425768
2249.09,0.224715
1062.53,0.106219
849.059,0.0848988
1220.46,0.122036
23180.4,2.29798
749.134,0.0748023
1362.29,0.136013
1142.1,0.114027
2913.12,0.291223
392.476,0.0392337
754.548,0.0754489
976.156,0.0975758
1396.02,0.139586
1963.54,0.196286
1193.38,0.119211
1075.51,0.107414
1092.21,0.109127
925.783,0.0911607
720.031,0.0719338
1994.56,0.199349
1053.64,0.105232
1696.01,0.169384
1122.83,0.112159
3531.78,0.352825
645.062,0.0644634
1129.32,0.112732
1182.19,0.118182
655.896,0.0655208
3559.76,0.355869
862.274,0.0860515
2500.67,0.249945
1758.9,0.17587
2088.45,0.208726
1970.04,0.196799
1705.7,0.1705
2484.57,0.248426
1980.38,0.197956
1356.76,0.135594
2449.12,0.244884
627.292,0.0622443
2188.94,0.218639
5160.87,0.516036
3536.39,0.353305
3262.32,0.325841
1935.4,0.19341
888.87,0.0888509
638.913,0.0638906
1072.38,0.106786
1112.72,0.111267
1212.21,0.121201
586.796,0.0586718
3836.33,0.382969
1064.48,0.106427
1471.35,0.146992
1939.2,0.193914
839.928,0.0839768
811.84,0.0811776
877.606,0.0877394
732.426,0.0727636
939.924,0.0936588
697.339,0.069713
1148.45,0.113244
1886.85,0.188237
923.496,0.0923269
1107.85,0.110742
690.944,0.0690824
2728.11,0.272754
2044.01,0.204218
831.639,0.0831553
1790.81,0.179076
2996.05,0.299472
2973.25,0.296571
1681.2,0.168078
2310.12,0.223417
1257.69,0.12575
2447.54,0.24462
1722.15,0.159894
3902.99,0.389758
1042.37,0.104234
2223.02,0.222274
2297.23,0.229634
877.817,0.0877344
1322.96,0.132269
4292.62,0.428774
1212.17,0.121091
1009.83,0.100953
1590.85,0.159059
1123.21,0.112285
1162.34,0.116232
1235.78,0.123564
2508.15,0.250713
3364.66,0.336382
2817.23,0.281625
1703.51,0.170101
926.521,0.0926446
3104.27,0.310316
4931.1,0.49268
1494.52,0.149438
1067.13,0.106683
1304.6,0.130294
1097.02,0.109663
1071.48,0.106988
985.402,0.098478
1081.93,0.108174
866.652,0.0863917
2498.89,6.20328
4060.1,0.405723
886.123,0.0885733
908.03,0.0908014
941.011,0.0937878
840.509,0.0840501
542.117,0.0541859
1361.62,0.136104
1866.96,0.186657
2939.17,0.293683
772.338,0.0771842
2409.76,0.240842
1359.78,0.135791
879.376,0.0879264
600.459,0.0600376
1329.98,0.132742
1601.62,0.160121
2128.7,0.2123
2040.55,0.204028
1190.02,0.118967
927.887,0.0925557
1269.75,0.126962
3502.32,0.349645
1496.74,0.149604
967.392,0.0967346
989.657,0.0989536
1839.85,0.183852
683.402,0.0683156
616.939,0.0616507
2298.62,0.229836
558.573,0.0558481
1564.33,0.156318
606.531,0.0606136
1207.39,0.120567
2619.15,0.261725
492.181,0.0492135
1009.13,0.100909
659.758,0.0658964
1608.27,0.160797
20285.8,2.01823
863.089,0.086241
871.747,0.0871686
824.315,0.082377
3395.3,0.339099
1331.34,0.133093
2525.87,0.252535
849.313,0.0848488
1192.43,0.119238
742.867,0.0742777
3326.53,0.332146
1091.88,0.109154
2234.51,0.223309
569.632,0.0569243
3121.84,0.312047
724.81,0.0724778
1277.05,0.127665
1151.41,0.115098
725.108,0.0724556
783.533,0.0783476
1785.83,0.178521
1353.57,0.135221
14050.2,1.40479
930.808,0.0930092
1163.42,0.115428
2147.45,0.214404
2339.99,0.233946
2507.69,0.250631
1973.38,0.197324
1474.81,0.147414
1349.62,0.134602
837.001,0.0836861
1454.38,0.145412
1059.4,0.105933
1085.05,0.108458
1143.34,0.11432
1495.42,0.149537
1088.07,0.108739
770.51,0.0770385
2800.42,0.278978
1004.33,0.100423
743.214,0.0741631
1687.71,0.168641
787.195,0.0786974
1271.42,0.127083
1121.16,0.112105
750.345,0.0750324
1032.22,0.103006
671.868,0.067138
1189.3,0.118819
1467.9,0.146748
1052.16,0.105212
1552,0.155186
2050.92,0.205056
1461.88,0.146156
787.623,0.0787402
1242.72,0.124044
658.107,0.0658032
1041,0.104088
803.828,0.0795131
1780.43,0.178007
2908.77,0.290446
9599.91,0.957035
697.844,0.0697676
1591.03,0.159075
2415.19,0.24121
780.846,0.077952
903.112,0.0902732
2341.57,0.233863
2122,0.211803
2142.65,0.214026
1135.75,0.113325
929.37,0.0922346
1731.03,0.173076
784.187,0.0784026
1036.8,0.105089
1705.69,0.170226
2868.08,0.286746
887.049,0.0886801
657.521,0.0657485
996.879,0.0995764
1519.6,0.151854
932.452,0.0932095
1088.69,0.108849
781.989,0.0781958
1142.9,0.11417
798.986,0.0798239
1292.97,0.129214
1233.79,0.123374
1794.44,0.179354
958.921,0.0957753
1316.02,0.131578
735.837,0.073573
1372.61,0.136518
1261.93,0.125862
752.067,0.0751762
1017.41,0.100543
718.081,0.0717474
890.457,0.0890153
1605.36,0.160148
1374.72,0.137084
16301.1,1.96837
578.236,0.0578088
1271.28,0.12695
987.484,0.098691
756.743,0.0756513
1985.69,0.198378
5230.83,0.522676
1060.24,0.105778
750.34,0.0749391
968.126,0.0967929
2352.63,0.235191
1044.87,0.104227
5522.82,0.550599
597.682,0.0597663
1384.18,0.138382
1393.5,0.139139
1280.83,0.127979
1655.66,0.165534
1286.96,0.128671
720.816,0.0720618
2794.56,0.279396
2121.51,0.211667
1084.16,0.108324
2139.35,0.213892
1222.1,0.121952
920.614,0.0919282
1447.46,0.144706
2140.8,0.21378
1335.13,0.133435
1497.38,0.149504
1064.33,0.106326
1320.56,0.131999
3546.55,0.35456
1495.49,0.149474
824.842,0.0824742
1381.61,0.138149
1515.85,0.15157
3882.77,0.38812
1602.32,0.160199
1482.02,0.148133
1578.35,0.157797
15935.3,2.8378
1009.22,0.100879
885.507,0.0885312
3122.48,0.312109
1950.64,0.194689
1887.38,0.188453
2201,0.220057
1791.08,0.179069
1230.91,0.123054
832.88,0.0832826
9445.87,3.06927
1659.72,0.165937
1055.91,0.105316
1563.76,0.156268
1028.31,0.102798
1933.48,0.193307
2670.26,0.266965
1495.52,0.149494
1122.12,0.112168
906.366,0.0905219
602.954,0.0602944
1356.41,0.13549
766.578,0.0766452
1150.94,0.115011
1323.3,0.132165
954.764,0.0945621
1087.29,0.108719
576.43,0.0576416
1015.28,0.101517
1247.24,0.124418
1557.37,0.155728
8901.8,5.26559
12825.9,1.27503
1486.13,0.148577
601.991,0.0601942
878.353,0.0878271
2382.1,0.237981
6515.7,0.650868
1716.6,0.171611
3191.28,0.318683
710.792,0.0710711
1473.04,0.14725
955.801,0.0953622
1702.5,0.170208
1052.92,0.105286
1157.65,0.115719
1972.54,0.197192
1210.31,0.120973
1615.88,0.161563
3336.05,0.333502
2489.72,0.248948
794.559,0.0794522
716.011,0.0715343
3482.06,0.34169
1565.8,0.156533
1475.64,0.14743
3493.2,0.348988
683.692,0.0683494
1001.64,0.100122
424.448,0.0424163
1324.15,0.132243
19537.9,3.013
1206.28,0.120577
1645.47,0.164258
1518.18,0.15174
2488.1,0.248757
1771.04,0.177024
1713.18,0.171231
716.458,0.0714923
1608.15,0.160715
2170.18,0.216934
731.529,0.0731504
1221.66,0.122006
858.259,0.0857736
1141.69,0.114127
2115.62,0.211539
1021.97,0.10216
930.732,0.0929386
1227.58,0.122754
1688.41,0.168323
1826.69,0.182498
1072.09,0.107196
1386.42,0.13863
1892.9,0.189016
1225.86,0.122558
1328.71,0.132532
1849.93,0.184944
1035.28,0.103403
1170.61,0.116578
1695.69,0.169268
1806.71,0.180095
2227.3,0.2227
1691.85,0.169119
1754.57,0.175425
791.011,0.0790955
777.548,0.07772
511.991,0.0511978
2382.66,0.238154
2177.01,0.217544
2060.27,0.205797
851.285,0.085126
938.414,0.093828
1311.23,0.131042
2357.92,0.234718
1188.57,0.118838
2347.54,0.234624
7236.82,0.722592
717.231,0.0716935
1584.66,0.158422
956.125,0.0956059
837.313,0.0836956
1166.55,0.116576
1087.34,0.108703
1788.43,0.178723
2476.96,0.247653
1500,0.149874
718.74,0.0718716
862.746,0.0862716
671.655,0.067159
707.903,0.070757
1333.37,0.133248
1961.82,0.196085
2657.22,0.26569
3189.36,0.318598
1946.41,0.194528
1596.7,0.159595
2300,0.229908
3054.78,0.305111
952.441,0.0952328
924.082,0.0924021
1525.2,0.152487
618.928,0.0618637
1887.73,0.188674
1005.85,0.100578
2693.31,0.269235
864.184,0.0863973
836.043,0.0835431
734.385,0.0734366
766.912,0.0766394
482.573,0.0482536
1745.23,0.174491
1021.21,0.102018
1020.11,0.101942
1031,0.101808
1108.28,0.110399
6317.26,0.631145
2109.52,0.210863
789.759,0.0789622
1192.71,0.119169
1978.2,0.197594
1078.2,0.107768
1481.53,0.14812
833.14,0.0832675
2580.09,0.256347
2068.65,0.206808
3905.65,0.390305
1391,0.138938
436.926,0.043682
1152.81,0.115226
784.219,0.0777718
843.438,0.0843072
4465.61,0.446431
21130.5,2.08623
1519.42,0.151742
1015.38,0.101403
909.658,0.0909615
975.605,0.09755
1846.75,0.184542
1444.44,0.144335
1952.85,0.195029
7818.8,0.781277
592.094,0.0592056
2834.83,0.283409
3264.11,0.326348
1781.59,0.178043
1729.76,0.172456
1135.45,0.112679
785.094,0.0785043
1193.01,0.119254
3940.92,0.39392
1002.53,0.100248
1404.12,0.14024
1095.58,0.110535
1129.44,0.112777
1145.69,0.114534
1043.38,0.104226
1891.64,0.189096
612.395,0.0611669
1724.53,0.172419
764.54,0.0758613
589.961,0.0589302
1444.7,0.141371
1049.85,0.104669
3221.13,0.321722
844.454,0.0844354
1211.95,0.121173
1937.64,0.193671
3284.93,0.32836
1114.13,0.111394
884.438,0.0883042
812.526,0.0812413
815.612,0.0815518
688.459,0.068746
753.065,0.0751506
3018.15,0.301795
1602.96,0.160171
777.562,0.0777126
1331.97,0.133112
1090.69,0.108969
1031.43,0.103139
595.02,0.0594827
871.508,0.0846462
822.82,0.0822414
1224.47,0.122382
2654.9,0.265431
2403.72,0.240356
969.016,0.0968942
2136.52,0.213492
3438.07,0.343114
3354.85,0.3352
783.885,0.0783808
1374.45,0.137431
1299.92,0.129969
1404.46,0.140423
601.065,0.0600976
2468.53,0.246698
870.055,0.0869879
612.851,0.0612526
1434.51,0.143418
1932.8,0.193196
1365.01,0.136083
1062.03,0.105435
1083.42,0.108313
545.757,0.0545323
2505.37,0.250447
3455.13,0.344572
3390.43,0.338269
1425.81,0.14257
965.383,0.096525
888.621,0.0887063
2055.02,0.205433
4706.1,0.469864
1138.76,0.113774
1176.49,0.117617
3210.15,0.320813
1804.61,0.180452
1676.47,0.167582
1024.51,0.102396
1349.87,0.134953
1097.09,0.109632
1322.84,0.132262
769.301,0.0769023
1471.68,0.147105
1175.67,0.117511
1584.89,0.157731
884.673,0.0884561
2919.28,0.291846
4292.26,0.427299
2313.41,0.23113
987.153,0.0986742
3118.4,0.310266
1054.4,0.105402
832.201,0.0832155
907.831,0.0890906
881.501,0.0880475
1649.81,0.164133
1021.23,0.102084
735.525,0.0735297
1306.96,0.130522
1720.35,0.171998
5019.55,0.499741
1050.93,0.102411
687.087,0.0686515
898.532,0.0897832
3020.43,0.301978
1379.28,0.137892
1739.23,0.173879
1025.39,0.102531
1633.94,0.163307
1179.18,0.117864
1770.24,0.176981
635.148,0.0634534
3015.99,0.297808
1267.29,0.126485
1470.84,0.147052
2994.93,0.299374
1170.77,0.116998
584.344,0.0584286
1239.27,0.123903
1348.26,0.134708
1146.18,0.114607
800.327,0.0797955
2018.93,0.20178
875.818,0.0875691
1455.67,0.145549
694.275,0.069401
1297.18,0.129458
1394.04,0.13908
690.054,0.0689954
890.55,0.0890514
2676.99,0.267386
827.972,0.0827388
1456.96,0.145572
1898.75,0.189799
847.2,0.0846949
1231.15,0.123097
1869.39,0.186704
11750.4,1.17319
3043.33,0.303548
738.121,0.0737009
1990.62,0.196436
1137.57,0.113574
1001.15,0.0999283
3813.9,0.380203
806.86,0.0806717
1218.88,0.121812
1086.65,0.108657
881.921,0.0879198
1185.68,0.118541
1298.57,0.129806
1271.84,0.127129
1251.8,0.12517
931.575,0.0930136
1493.06,0.147946
855.479,0.085475
1368.33,0.136824
662.095,0.0662053
1749.11,0.174857
2667.1,0.26617
1962.74,0.196168
764.153,0.0763913
1022.68,0.102121
1623.54,0.1623
714.955,0.0714677
722.766,0.0722596
1810.12,0.180911
2947.9,0.29423
1979.36,0.197857
855.026,0.0846446
970.916,0.0970769
1240.57,0.124022
871.259,0.0870995
2148.53,0.214801
1199.54,0.119924
2975.96,0.296635
724.111,0.0722576
6094.68,0.60826
1207.97,0.120695
2327.12,0.23243
683.363,0.0683184
740.963,0.0740876
1061.48,0.106142
869.999,0.0877939
2893.29,0.288675
1665.27,0.166094
985.241,0.0983612
1088.42,0.108831
1117.21,0.111705
1529.08,0.152681
1021.61,0.10215
973.31,0.0972288
1187.6,0.118728
1862.38,0.186104
902.442,0.0901834
1931.93,0.193155
1139.16,0.113892
7351.5,0.735056
790.692,0.0790024
748.643,0.0748493
754.139,0.0753946
747.655,0.0747609
1832.42,0.183067
1281.12,0.128099
6697.82,0.669069
943.709,0.0943513
1000.84,0.100071
893.235,0.0892761
836.036,0.0835957
709.915,0.0709413
2288.38,0.228698
1393.13,0.139244
2198.08,0.219647
856.342,0.0855767
1258.81,0.124673
1672.44,0.167218
911.838,0.0911077
578.029,0.0577866
2106.53,0.210588
2429.24,0.242735
1006.69,0.100629
2029.53,0.202837
3716.15,0.263156
828.873,0.082803
3268.81,0.326832
2114.23,0.211349
2240.03,0.223879
9009.41,0.896128
1065.66,0.106524
775.959,0.077587
1419.67,0.141915
2160.38,0.215844
1115.83,0.109272
1902.97,0.190221
978.912,0.0978818
861.276,0.0860839
1938.29,0.193823
459.265,0.0459214
1952.7,0.195262
1707.31,0.170604
1020.17,0.101995
976.172,0.0975388
1177.84,0.117776
674.631,0.0674494
4049.52,0.404385
696.937,0.0696696
1580.83,0.158058
1861.88,0.186116
1062.85,0.104693
1261.58,0.126108
1699.2,0.169544
1795.8,0.179503
837.832,0.0837781
1391.04,0.138915
1695.39,0.169482
814.797,0.0814693
2604.24,0.26027
3795.44,0.379483
766.613,0.0766509
812.889,0.0812849
956.856,0.0956746
598.511,0.0597896
1080.41,0.107991
451.702,0.044906
614.337,0.0601885
1981.43,0.1981
1807.79,0.180609
3023.72,0.302312
1520.5,0.151489
898.363,0.089769
1011.39,0.100973
2441.81,0.243965
974.426,0.097398
1602.26,0.161035
996.545,0.0995859
1298.46,0.129839
936.61,0.0936542
6580.99,0.657775
882.888,0.0882824
2788.54,0.278757
2573.2,0.257314
2462.69,0.245773
992.16,0.0991702
1281.11,0.128095
1103.66,0.110311
971.456,0.097075
663.484,0.0663362
1350.26,0.134938
9184.36,4.33903
1210.98,0.121077
637.307,0.0636585
8273.45,0.825495
1626.63,0.162506
1235.72,0.123552
1333.79,0.133359
599.631,0.0598948
804.855,0.0804719
912.926,0.0912413
1183.58,0.118248
984.445,0.0984111
1811.71,0.181136
1242.48,0.124176
1375.27,0.137434
1346.89,0.134593
1164.34,0.116412
3947.37,0.393318
918.956,0.0918767
681.855,0.0681627
951.817,0.0951766
1631.58,0.163148
1758.5,0.175835
1018.54,0.101848
1574.5,0.157399
1280.56,0.127999
1505.75,0.150547
1421.66,0.141718
2494.2,0.249251
753.634,0.0753432
1256.83,0.125592
4678.49,0.466754
1376.38,0.137618
2375.28,0.237475
1828.25,0.182742
4608.85,0.460621
1031.14,0.102999
1607.1,0.160619
1298.27,0.129818
2602.11,0.260122
1371.11,0.136931
916.46,0.0916393
822.739,0.082245
1352.35,0.13522
1138.85,0.113787
1754.58,0.175428
2597.56,0.259628
2884.36,0.288043
1098.59,0.109845
1811.19,0.181043
2324.77,0.232463
954.347,0.0954159
1123.62,0.112349
1306.68,0.13066
771.408,0.077133
844.118,0.084403
774.599,0.0773796
6001.74,0.599371
2093.6,0.209292
909.256,0.0909229
1009.42,0.100833
1574.98,0.157469
799.767,0.0798766
1184.77,0.11845
1318.7,0.131796
1372.44,0.137207
1115.45,0.111541
645.539,0.0645001
1260.51,0.12603
932.315,0.093215
1569.62,0.156816
2126.77,0.212657
977.995,0.0977863
1477.86,0.147665
1114.11,0.111326
2409.3,0.240494
974.35,0.0973537
771.362,0.0770736
903.544,0.0902721
1142.41,0.114215
1296.71,0.107473
1804.25,0.180142
2992.5,0.299196
2295.98,0.229521
1928.23,0.192801
1119.76,0.111901
898.046,0.0897677
889.602,0.0888483
809.322,0.0807713
1212.74,0.121269
842.08,0.0841453
876.971,0.0876875
1313.57,0.131301
2182.39,0.218189
1530.29,0.153004
1106.09,0.109542
5189.95,2.48886
1755.38,0.175374
878.306,0.087804
1230.33,0.122891
1469.87,0.146915
935.789,0.0935371
732.621,0.073125
1639.59,0.163862
529.271,0.052923
5479.89,0.547882
826.092,0.0825609
1211,0.121082
1505.38,0.150462
634.55,0.0634506
971.67,0.0971591
1956.36,0.193866
930.299,0.093017
1819.2,0.181849
915.906,0.0915626
1243.65,0.124274
1770.89,0.176935
1997.91,0.1994
924.054,0.0923923
865.531,0.0865159
814.447,0.0814379
1341.16,0.133683
2327.01,0.232514
1022.2,0.102216
982.866,0.0982286
1036.12,0.103516
3714.35,0.371182
900.3,0.090018
1435.09,0.14347
983.601,0.0982573
919.434,0.090712
1171.62,0.117018
738.987,0.0738236
1287.5,0.128699
4176.93,0.417559
1385.88,0.138535
677.162,0.0676807
1183.76,0.118303
1098.18,0.109772
1144.72,0.113293
1327.64,0.132631
700.829,0.0700572
2591.4,0.25911
659.469,0.0659412
2821.55,0.281949
1316.81,0.131669
767.132,0.0766981
532.697,0.0532623
892.291,0.0892093
1658.29,0.165679
2091.01,0.208605
5749,0.470305
1060.53,0.105963
3973,0.39595
912.848,0.0912578
2080.74,0.208038
678.423,0.0678415
752.351,0.075186
1014.39,0.101427
2207.17,0.220565
2317.67,0.23169
2055.23,0.205467
2163.09,0.216135
981.25,0.098073
1334.04,0.133186
703.605,0.0702159
4348.6,0.434302
2216.02,0.221473
875.786,0.08756
887.282,0.0886061
1798.72,0.179791
1166.35,0.116542
1361.38,0.135725
1966.33,0.196604
1814.24,0.181401
2424.87,0.242092
1973.11,0.194812
543.723,0.0543716
1266.72,0.126639
3913.77,0.391238
1145.59,0.114521
657.972,0.065684
1789.85,0.178962
788.471,0.0788378
1061.07,0.106092
536.78,0.0536752
1687.6,0.168745
988.649,0.0988396
702.096,0.070121
721.729,0.0715901
836.633,0.0836404
743.878,0.0743859
1109.96,0.110907
972.992,0.0972761
1655.26,0.165518
1209.93,0.120938
752.693,0.075264
2217.5,0.2217
1660.69,0.166009
804.294,0.0804163
1544.92,0.154402
939.189,0.0938053
1706.55,0.170178
1099.59,0.109936
3468.01,0.346648
2975.22,0.297125
3091.28,0.309092
2225.72,0.493848
1255.49,0.1255
1009.93,0.100974
1607.29,0.16057
1329.75,0.132963
2553.97,0.255314
1552.31,0.155215
1095.47,0.109438
3550.03,0.352289
7575.04,0.756681
832.429,0.0830975
1233.43,0.123331
586.883,0.058537
1366.56,0.13633
1367.96,0.13675
1004.55,0.100438
2059.82,0.205685
869.863,0.0869784
1846.53,0.184284
1363.26,0.136076
5610.61,0.560718
874.335,0.0874149
1370.94,0.136589
2716.32,0.271594
2336.72,0.233622
926.875,0.0895399
966.149,0.0965955
1213.82,0.121311
913.875,0.0913091
636.297,0.0636206
755.077,0.075286
1379.98,0.137959
11578.6,1.15211
1249.92,0.124917
1200.6,0.120017
1030.32,0.10299
1306.28,0.13057
1010.62,0.101002
579.422,0.0579242
8557.01,0.853698
2748.49,0.274652
1070.56,0.107046
652.942,0.0652811
646.514,0.0646234
672.675,0.0672662
1603.12,0.160305
1884.01,0.188224
1086.27,0.108485
1133.72,0.113199
1349.14,0.134718
1785.48,0.178475
746.019,0.0745638
2502.64,0.247366
689.923,0.0689719
2095.19,0.209417
868.755,0.086784
1261.69,0.126117
974.521,0.0974458
1155.98,0.115577
1038.67,0.103862
1382.87,0.138259
2414.87,0.241426
3141.68,0.313957
1282.31,0.128224
8321.65,0.830732
1913.94,0.191327
2761.97,0.275149
1596.9,0.159675
1283.32,0.128293
783.821,0.0782016
738.586,0.0738567
1270.31,0.126993
1333.65,0.132935
2337.68,0.233398
761.608,0.0761028
1272.52,0.12715
1073.12,0.107277
1340.41,0.134027
2323.92,0.231943
1498.81,0.14985
655.196,0.065224
2636.09,0.263293
1960.73,0.195817
970.919,0.0970833
4343.25,0.433967
1616.75,0.161387
3007.84,0.300705
1836.6,0.183616
17803.2,1.76877
1098.97,0.109853
1261.3,0.126121
2272.21,0.22718
1574.83,0.15743
1998.91,0.199711
2513.08,0.251216
2627.48,0.262612
4552.67,0.454736
726.478,0.0726337
1536.05,0.153507
1960.44,0.195961
1823.36,0.182273
2256.89,0.22521
885.393,0.0885185
871.867,0.0871736
1244.2,0.124347
1340.99,0.133927
532.649,0.0531784
1328.44,0.132812
2811.46,0.280943
558.974,0.0558764
1259.13,0.125897
1092.53,0.108801
766.404,0.076617
1211.78,0.12114
1736.56,0.173496
18201,1.81605
1037.64,0.103754
1412.46,0.14118
1807.54,0.180574
697.536,0.0697129
979.021,0.0978784
1295.56,0.129523
1334.99,0.133395
890.343,0.0890245
1227.81,0.122758
1080.46,0.107882
2308.42,0.230637
782.828,0.0782379
5301.68,0.528763
10050.6,1.00311
658.834,0.06588
2243.05,0.224004
1393.57,0.1393
1186.21,0.118559
1808.94,0.18055
1060.32,0.106003
1029.27,0.102922
1871.23,0.186982
3141.76,0.314018
8200.47,0.819169
1443.34,0.144245
1036.98,0.103664
776.041,0.0775814
1457.99,0.145533
727.803,0.0727756
1050.97,0.105093
1099.62,0.109952
2892.67,0.289226
2226.87,0.222589
1446.4,0.144563
1730.51,0.172891
524.069,0.0523858
1408.79,0.140856
1334.87,0.133449
722.541,0.0722146
963.173,0.0962931
1273.86,0.127261
1350.49,0.135022
4673.95,0.466093
1242.03,0.123496
1769.45,0.176446
2112.95,0.211246
580.151,0.0579856
1153.29,0.115318
891.861,0.0882257
704.218,0.0704049
2357.68,0.235325
1228.08,0.122727
2461.67,0.24586
969.971,0.0969904
1285.15,0.128495
1778.06,0.177751
1116.7,0.111159
771.758,0.0771705
902.022,0.0901527
1415.67,0.141202
1858.58,0.185848
786.593,0.0786481
1132.34,0.113213
12973.9,1.29592
2011.17,0.200992
771.867,0.0771584
1669.59,0.166954
2553.43,0.254832
629.991,0.0629986
1349.9,0.134971
744.407,0.074406
939.577,0.093834
4653.23,0.464848
1315.59,0.13155
836.691,0.0836674
1222.24,0.122195
758.129,0.0757362
1374.27,0.137387
502.188,0.0502101
1381.35,0.137694
1269.37,0.126874
760.112,0.0759832
782.873,0.0782698
927.782,0.0927743
1516.17,0.151599
3036.36,0.297362
1221.24,0.122113
2517.07,0.251098
681.115,0.0678976
921.688,0.092093
5224.74,0.522
2101.87,0.209667
4829.9,0.480951
692.661,0.0692461
904.933,0.0904768
1121.67,0.111852
857.481,0.0857402
1000.48,0.100028
702.283,0.0702255
3898.11,0.389502
1345.92,0.134579
1175.36,0.117524
995.059,0.0994974
895.416,0.0895301
839.297,0.0839185
834.863,0.0834511
1688.73,0.168773
637.709,0.065721
745.004,0.0744784
2239.13,0.223872
994.897,0.0994836
1786.64,0.177928
2062.92,0.205897
589.405,0.0589267
648.302,0.0648232
927.429,0.0925623
1447.92,0.144716
857.959,0.0857931
1388.15,0.138709
1440.14,0.143842
1384.26,0.138374
1026.33,0.102623
867.936,0.0867373
2704.66,0.265796
946.379,0.0946182
563.182,0.0563171
1042.01,0.104198
1856.65,0.185625
1999.33,0.199891
1150.49,0.114983
1815.68,0.181499
932.735,0.0931093
2761.95,0.276141
1065.87,0.10648
4048.67,0.404175
891.161,0.0890971
1080.44,0.10801
921.756,0.0921246
1062.69,0.10622
5675.53,0.566357
1038.83,0.103851
1250.72,0.125066
862.922,0.0862588
629.613,0.0629438
2023.46,0.202157
872.436,0.0870834
2806.26,0.280196
2410.7,0.24046
2346.9,0.234578
731.769,0.0731345
1399.46,0.139914
1918.03,0.191742
789.571,0.0789397
1268.67,0.126851
2942.78,0.293757
2082.36,0.208029
1608.7,0.160735
817.839,0.081753
2237.2,0.223254
3682.77,0.367648
1210.19,0.120967
1328.21,0.132279
824.503,0.0824296
974.775,0.0984836
1675.29,0.167434
1405.23,0.140422
1679.48,0.167623
1259.77,0.125953
892.06,0.0891913
2754.08,0.2748
1562.8,0.156252
506.11,0.0506084
1144.08,0.11265
1077.02,0.107642
1094.22,0.109395
1211.81,0.121129
922.214,0.0921491
1588.54,0.158519
2215.9,0.221546
787.926,0.0787756
753.718,0.0753358
4348.31,0.434327
1670.94,0.167045
872.209,0.0871516
997.326,0.099578
774.933,0.0774517
767.585,0.0767463
2295.59,0.229508
892.072,0.0890559
1157.57,0.115729
5963.59,0.595767
1148.63,0.114852
1538.05,0.153786
1019.46,0.101941
970.626,0.0969999
684.195,0.0683806
1218.52,0.121692
839.966,0.0839503
1172.95,0.11709
1070.19,0.107003
1100.49,0.110029
1006.9,0.100635
1575.37,0.157501
1145.87,0.114511
1008.76,0.100861
2154.49,0.215282
2276.58,0.227622
1630.03,0.162898
2365.4,0.236149
1039.79,0.104982
1285.38,0.128424
1408.57,0.140743
5293.33,0.528703
4657.45,0.464067
824.975,0.082473
1366.33,0.136618
1713.59,0.170828
1321.21,0.13189
980.196,0.0980143
5628.94,0.5625
2493.94,0.249185
1203.23,0.12011
19451.2,1.94193
987.404,0.0986632
1567.84,0.156507
1369.18,0.136887
1931.48,0.193119
2235.73,0.223418
706.001,0.0705883
5692.78,0.568733
899.459,0.0899276
1545.99,0.154489
912.882,0.0912444
1228.25,0.122751
1048.31,0.104822
4963.02,0.48832
2110.27,0.21085
821.019,0.0820869
847.028,0.0846602
2010.69,0.200898
1911.58,0.190098
1067.69,0.106615
980.406,0.097983
2267.7,0.226754
610.07,0.0607869
723.051,0.0722353
1728.48,0.172548
1063.84,0.106328
1233.08,0.123248
3397.41,0.339702
1558.62,0.15584
1795.25,0.179404
2362.85,0.236149
1712.46,0.170978
2453.29,0.245027
2754.48,0.275254
829.81,0.0829302
1749.12,0.174864
4583.69,0.457961
730.838,0.0730378
1290.79,0.129015
2773.58,0.276988
905.914,0.0904557
1629.5,0.162929
1560.93,0.15576
3583.44,0.357865
958.741,0.0958125
1708.19,0.170785
904.208,0.0904066
1406.02,0.140577
1040.5,0.103649
1706.74,0.170628
1456.12,0.145529
2150.78,0.215063
744.054,0.0743914
1083.89,0.108188
1049.6,0.0936464
1568.55,0.156819
1157.37,0.115554
907.38,0.0907136
1527.89,0.152757
984.228,0.0983935
744.314,0.0744146
1717.27,0.171665
2904.84,0.290287
1059.7,0.105932
1457.11,0.145278
2005.08,0.200482
799.181,0.0799045
2043.58,0.204156
1708.45,0.170804
1013.35,0.10104
1422.25,0.142177
1388.35,0.138565
4482.87,0.44794
1758.55,0.175766
1300.39,0.129617
2176.69,0.216664
2360.05,0.235993
2253.14,0.2252
1076.96,0.107644
3062.58,0.305861
1598.53,0.159562
1434.04,0.143382
3463.05,0.345757
1728.75,0.172797
48793,4.84621
2219.55,0.221838
993.644,0.0993464
5546.61,0.552828
1270.07,0.126999
889.515,0.088943
659.02,0.065882
901.359,0.0901219
1180.28,0.117983
1200.38,0.119897
1065.02,0.106403
1066.16,0.10653
1410.76,0.140979
1000.14,0.0999727
758.469,0.0757993
704.481,0.0704056
14116.9,1.41003
556.927,0.0556921
4000.32,7.22591
9951.64,0.993953
905.535,0.0905274
868.409,0.086792
1253.3,0.125264
1735.4,0.173527
866.298,0.0865913
1655.38,0.165188
1103.78,0.110307
2326.38,0.232524
1215.85,0.121552
929.884,0.0928908
1437.21,0.1437
764.342,0.0764243
1283.54,0.128305
2759.03,0.275829
13284.9,1.3264
1074.54,0.10743
1579.41,0.157794
9548.02,0.953669
975.759,0.0971918
1579.55,0.157616
3201.24,0.319545
2385.47,0.238504
824.374,0.0824245
701.002,0.0699765
1035.43,0.103516
1024.89,0.102467
832.194,0.0832098
7303.23,3.64363
1201.58,0.120136
1271.35,0.126996
4027.08,0.402459
4874.1,0.486677
5029.09,0.502722
849.079,0.0848506
1107.28,0.110612
3234.58,0.32306
2419.43,0.241811
2984.11,0.298307
1195.47,0.119425
751.942,0.0751818
2859.24,0.282702
1367.78,0.136702
3157.87,0.315725
2172.65,0.217184
1028.29,0.102745
1245.13,0.124484
967.73,0.096742
1020.07,0.101881
1770.74,0.176667
1090.14,0.109009
913.813,0.0913784
3429.94,0.342936
1664.93,0.166355
5148.92,0.514611
1714.58,0.170616
1465.07,0.146398
938.623,0.0937246
1366.08,0.136555
1667.36,0.166699
948.118,0.0946605
987.013,0.0986792
1422.12,0.142197
824.774,0.0824458
864.481,0.0862902
868.22,0.0868178
941.138,0.0941103
948.748,0.0948642
1109.79,0.109419
959.173,0.0959102
609.749,0.0609729
700.687,0.0696637
980.076,0.0979981
1450.24,0.14495
1216.01,0.121573
10998.7,1.09942
1164.98,0.116463
2485.34,0.248491
1614.17,0.161395
2026.93,0.202473
1235.71,0.123503
2754.42,0.275121
1563.05,0.156078
1261.75,0.126167
1582.53,0.158232
580.865,0.0566184
618.859,0.0618838
1183.11,0.118306
1620.76,0.162036
27501.6,2.71983
863.304,0.0862923
778.014,0.0777349
1190.39,0.119009
1373.8,0.137354
2116.13,0.211387
4412.4,0.441128
1700.82,0.170053
1349.21,0.134893
838.794,0.0838003
788.532,0.0788146
1734.52,0.173287
1574.74,0.157459
1371.4,0.137075
524.773,0.0524113
1405.52,0.140535
1400.58,0.140012
995.447,0.099508
1237.85,0.123751
562.939,0.0562745
4143.5,0.414279
3302.45,0.32857
1655.06,0.165449
854.693,0.0854253
800.182,0.0800057
1045.76,0.104309
975.28,0.0975253
1144.42,0.114386
642.69,0.0642638
832.735,0.0821543
1407.87,0.140577
629.523,0.0628843
1882.8,0.188085
950.426,0.0950377
535.691,0.0534339
1291.62,0.129112
1378.83,0.137824
535.542,0.0535232
1351.91,0.135069
1079.85,0.107824
1008.79,0.100519
1135.12,0.113487
2224.12,0.221944
1340.23,0.133944
759.442,0.0759261
917.829,0.0917299
1437.29,0.143658
1573.62,0.157217
954.832,0.0953879
794.186,0.079349
735.16,0.0735112
3011.73,0.300954
4327.73,0.43187
1450.4,0.144766
734.823,0.0734758
1144.92,0.114452
1088.11,0.108592
1148.88,0.114866
959.909,0.095977
1565.19,0.156493
2452.82,0.245211
5256.54,0.52427
1763.8,0.176159
1463.69,0.146319
2312.66,0.230964
1456.3,0.145602
1099.96,0.109978
1867.61,0.186697
1282.48,0.128167
1496.35,0.14956
1399.69,0.139834
512.549,0.0512158
779.619,0.0779589
3283.57,0.327677
1398.89,0.13983
1511.24,0.151073
1629.77,0.162845
865.079,0.0864889
1011.47,0.101077
662.939,0.0662808
1122.65,0.112208
2485.57,0.248512
1393.42,0.13921
1428.38,0.142827
547.184,0.0547086
1804.04,0.180386
725.811,0.0725588
1159.32,0.115909
1317.15,0.131701
3769.74,0.376405
587.455,0.0587389
2479.25,0.24782
1255.59,0.125506
771.602,0.0768302
2100.17,0.209781
1427.02,0.142622
1238.98,0.123678
764.461,0.0762531
2976.43,0.297451
1258.04,0.125731
1570.48,0.156899
1082.39,0.108228
785.514,0.078508
1382.66,0.138253
1003.14,0.100268
1503.86,0.150245
1088.95,0.108815
670.245,0.0670228
1150.55,0.115027
1005.16,0.100185
1040.78,0.10403
879.014,0.0878442
819.23,0.0818718
2727.96,0.272501
636.878,0.0635137
905.668,0.0905488
967.611,0.0967049
1282.22,0.128216
972.292,0.0969449
1304.37,0.130405
712.463,0.0712327
1651.08,0.16505
855.889,0.0855763
1864.61,0.185978
1466.84,0.146645
661.229,0.0661199
1389.53,0.138937
1249.41,0.120023
2812.76,0.281251
1361.57,0.136142
718.531,0.0717291
1825.15,0.182484
795.366,0.07951
1532.76,0.153024
1044.46,0.104213
893.5,0.089186
1209.09,0.120625
999.674,0.0998859
886.086,0.0885984
1165.24,0.116345
584.51,0.0584252
1038.81,0.103879
928.93,0.0927687
1864.71,0.18645
1910.44,0.1905
1510.76,0.151057
1129.47,0.112939
1219.5,0.121864
1651.27,0.164993
919.443,0.0919332
995.21,0.0995121
1655.11,0.165262
1703.58,0.170342
928.116,0.0927863
1333.98,0.133365
3486.69,0.347769
1193.66,0.119195
665.131,0.0665087
3009.03,0.300871
987.263,0.098329
1172.86,0.117196
2027.94,0.202769
1545.45,0.154511
1277.31,0.127706
763.602,0.0763468
852.65,0.0850196
1245.81,0.124513
1371.7,0.137168
953.406,0.0953198
960.712,0.0960446
2712.51,0.270819
2407.3,0.24041
593.514,0.0593458
2235.61,0.223318
1535.44,0.153516
1158.91,0.115886
854.589,0.0854197
1021.32,0.102082
2289.07,0.228477
863.442,0.0862297
1635.4,0.163389
1070.57,0.10686
10474.8,1.04409
2777.16,0.277144
3452.49,0.345203
676.053,0.0675677
1302.81,0.130276
1478.35,0.147772
999.442,0.0998969
876.667,0.0875599
1002.81,0.100219
1520.09,0.15196
1170.46,0.117036
1536.83,0.153623
491.746,0.0491693
3480.29,0.347679
3970.78,0.396339
1188.65,0.118844
2171.84,0.216859
1834.64,0.183433
813.811,0.0825791
796.779,0.0796681
1011.71,0.101129
1021.62,0.100967
18207.4,1.8178
6550.12,0.632799
675.88,0.0675462
793.451,0.0792887
1238.21,0.123804
880.739,0.0879627
1859.14,0.185498
1125.98,0.112539
1506.17,0.150558
1642.02,0.164187
622.476,0.061113
672.085,0.0672005
736.059,0.0734309
952.571,0.0952203
2165.89,0.216527
1449.26,0.144694
1126.19,0.112593
746.871,0.0745583
1113.74,0.111363
1472.05,0.146708
1243.12,0.12421
1278.86,0.127843
861.524,0.0861417
881.259,0.0881189
2056.58,0.204049
1023.62,0.102297
699.579,0.0716211
1165.37,0.116529
1265.1,0.126501
1846.48,0.184563
823.814,0.0823787
1178.84,0.116721
836.012,0.0835993
1074.43,0.107435
2472.39,0.247089
1731.03,0.173038
678.113,0.0678047
1045.55,0.104484
751.675,0.0751276
930.838,0.0929325
649.713,0.0649293
2693.43,0.269202
1864.71,0.186408
1176.58,0.117549
1471.7,0.14712
963.957,0.0963856
1662.09,0.166188
1425.17,0.142402
5915.33,0.590181
1135.56,0.113523
4291.42,0.428283
562.849,0.0562488
1877.08,0.187661
2080.09,0.207971
1118.67,0.11182
863.196,0.086318
873.647,0.0871558
944.186,0.0944133
629.445,0.0629401
954.413,0.0954345
2651.46,0.265009
3408.67,0.3408
1248.33,0.124808
807.437,0.0806932
1820.07,0.181909
1236.04,0.123578
1360.19,0.135938
1075.64,0.107494
581.867,0.0581382
1060.13,0.105995
877.956,0.0875538
1504.44,0.150379
1608.13,0.160427
718.455,0.0718443
1729.52,0.172915
11687.8,1.16816
2894.8,0.289285
1623.25,0.161966
827.884,0.0826812
1269.48,0.126869
963.59,0.0963544
2493.98,0.249347
841.69,0.0840717
1214.62,0.121399
924.653,0.0924501
1450.7,0.145033
1108.4,0.109734
1828.68,0.182816
608.075,0.0607813
1270.87,0.127065
3201.39,0.32091
1301.61,0.12988
4567.97,0.456272
1077.02,0.108625
1024.87,0.10087
1253.02,0.125294
2694.3,0.269261
2030.36,0.202898
1046.04,0.104034
2655.04,0.265275
961.877,0.0961853
9208.02,0.916064
4923.22,0.492271
1055.65,0.10553
2221.18,0.221756
1636.89,0.163588
1884.17,0.188393
768.914,0.0768423
1725.55,0.17251
751.653,0.0750204
990.769,0.0989357
1051.07,0.104999
1245.69,0.124506
2911.83,0.291105
1548.85,0.154622
2388.47,0.238762
2059.32,0.205907
1246.54,0.124602
1237.86,0.123766
1313.89,0.131375
1446.78,0.144332
2387.69,0.238705
1853.16,0.185184
835.959,0.0835672
1079.29,0.107856
933.491,0.093301
1350.1,0.134881
822.615,0.0822081
1589.44,0.158917
1528.39,0.152559
1157.07,0.115682
819.073,0.0818986
982.158,0.0981514
1828.1,0.182793
1755.35,0.175501
1819.59,0.181902
3527.39,0.352595
1038.59,0.103781
2535.51,0.253501
749.505,0.0749094
453.983,0.0453904
1119.61,0.111793
1150.62,0.115025
3324.58,0.332389
2437.43,0.243593
1817.19,0.180714
584.876,0.0584817
1794.45,0.179366
1667.81,0.16666
1400.56,0.13979
828.253,0.0828238
5050.27,0.504428
2001.68,0.200119
2400.52,0.239829
1739.76,0.173795
1342.07,0.134086
1004.44,0.100284
1878.4,0.18763
614.71,0.0614481
779.233,0.0778024
744.436,0.0744202
1006.26,0.1006
1302.08,0.130077
682.403,0.0682021
1693.43,0.168451
701.843,0.0701752
4956.55,0.493935
1458.37,0.145725
2247.19,0.224688
1314.31,0.130359
1012.13,0.101177
2487.97,0.248115
1188.7,0.118825
2131.7,0.21309
1295.09,0.129499
830.652,0.0830493
1377.19,0.137698
1599.66,0.159703
1680.97,0.159387
1192.57,0.119242
2289.87,0.228703
749.257,0.0748949
741.139,0.0738959
1207.49,0.120713
801.724,0.0798836
1208.3,0.120767
866.125,0.0862006
418.975,0.0418845
800.735,0.0800024
1394.96,0.139469
1378.13,0.137802
1354.73,0.135424
935.741,0.0935703
2416.41,0.241569
1110.94,0.110974
4516.78,0.451477
1702.63,0.170188
1161.35,0.11476
1244.38,0.124433
1193.66,0.119238
1833.26,0.183163
852.593,0.0852562
1173.17,0.117212
1349.4,0.134921
1215.11,0.121481
835.594,0.0833726
1174.26,0.117384
1995.34,0.199518
978.077,0.0978
960.876,0.096072
1835.28,0.183491
898.732,0.0898495
1242.72,0.124082
1180.76,0.118054
969.725,0.0969595
502.543,0.0502262
1030.94,0.103048
773.978,0.0773692
818.317,0.0818258
1126.21,0.112552
1101.57,0.110147
1624.85,0.162391
616.702,0.0616689
1678.48,0.167839
1022.11,0.102188
4116.3,0.411325
16404,1.63881
2640.2,0.263867
763.222,0.0762982
1703.33,0.170307
1485.84,0.148524
2025.15,0.202339
1020.41,0.102035
1690.62,0.168722
1384.89,0.138376
874.119,0.0874041
2623.02,0.262145
781.659,0.0780957
2601.74,0.259983
3095.8,0.309477
1031.14,0.103107
1084.04,0.108249
742.741,0.0741196
855.162,0.0855079
2288.89,0.228718
914.901,0.0914675
802.82,0.0802701
5026.73,0.502462
1212.67,0.121111
1056.93,0.105691
1478.92,0.147398
1969.3,0.196806
699.295,0.0685001
1471.4,0.147129
2536.86,0.253062
745.234,0.07451
666.806,0.0666056
1154.84,0.114885
885.418,0.0885185
800.035,0.0799974
1297.28,0.129295
1854.88,0.184946
1575.5,0.157525
1423.52,0.142315
933.995,0.0933861
2247.62,0.224184
1484.87,0.148461
1561.22,0.155578
925.998,0.0925825
1042.41,0.104178
1152.62,0.115168
1114.81,0.111276
931.199,0.0931097
1065.66,0.106561
846.533,0.0846426
823.775,0.082369
754.417,0.0754145
734.267,0.0734161
2407.98,0.240703
1107.94,0.110771
1222.69,0.122218
956.782,0.0956059
884.54,0.0884335
1302.29,0.13013
1193.98,0.115157
524.64,0.0524588
1398.06,0.139799
1123.95,0.112385
2029,0.202847
944.726,0.0942924
1766.66,0.176544
1123.59,0.112327
875.354,0.0874283
628.386,0.0627491
3287.98,0.328504
1073.46,0.107255
1831.23,0.18304
1815.01,0.181395
4031.23,0.403013
1865.86,0.186543
1299.77,0.129882
1391.83,0.139177
1131.27,0.113096
2102.83,0.210136
3000.11,0.299423
834.965,0.0834663
855.458,0.085413
1445.09,0.144254
1020.84,0.102019
484.264,0.0484261
1145.21,0.114412
1138.24,0.113796
1179.32,0.117893
1523.63,0.15214
995.607,0.0995058
1947.54,0.194682
826.129,0.0825866
1124.77,0.112161
1743.48,0.174263
443.183,0.0442694
1107.85,0.110782
1271.1,0.126588
983.077,0.0981805
1496.83,0.149493
1913.3,0.191252
2450.67,0.240994
1155.35,0.115499
510.865,0.0510736
1556.02,0.15558
854.099,0.0852912
1241.88,0.124111
2201.18,0.220058
1261.55,0.126056
1249.29,0.124904
706.047,0.0705295
10851,1.08335
1019.91,0.101975
1252.57,0.124605
850.394,0.0850104
1536.64,0.153623
1053.28,0.105178
882.644,0.0882613
837.152,0.083681
948.337,0.0946223
904.274,0.0904211
938.798,0.093821
2342.45,0.234164
1649.22,0.164863
2448.22,0.244652
3047.8,0.304415
948.631,0.0948292
2350.96,0.235066
939.419,0.0939299
907.207,0.0905954
2413.22,0.24127
778.469,0.0778391
831.547,0.0831514
1788.15,0.177793
2326.27,0.231799
2568.9,0.256831
640.041,0.0639874
4607.89,0.460361
2054.07,0.204613
1817.22,0.181637
1815.73,0.181391
1898.1,0.189695
1227.71,0.122428
919.611,0.0916965
1071.23,0.107112
883.807,0.0883731
939.438,0.0939229
4790.96,0.478694
1128.01,0.112739
1870.62,0.187042
1095.51,0.109502
693.736,0.0693691
607.296,0.0607272
1303.19,0.130166
936.383,0.0936155
1129.64,0.112662
1281.07,0.128046
1191.65,0.118649
545.654,0.0545471
1290.73,0.129053
709.685,0.0709611
2922.89,0.292196
2002.68,0.200236
2896.44,0.289607
1115.27,0.111402
2517.33,0.251708
1179.3,0.117923
952.461,0.0952083
1369.83,0.136814
2429.5,0.242927
936.775,0.0936239
1031.61,0.103146
623.9,0.0623745
1319.06,0.131899
1320.61,0.131474
4577.53,0.45716
1652.3,0.165223
3793.93,0.379181
1331.74,0.133151
830.895,0.0826349
1336.92,0.133666
1319.82,0.131843
1275.84,0.12632
1265.09,0.126459
1705.98,0.169234
1295.2,0.129477
1378.78,0.137864
2466.7,0.246299
856.375,0.0855866
1328.13,0.13275
889.662,0.088915
1019.8,0.101968
922.833,0.0922547
1171.38,0.117012
3835.45,0.383377
1668.24,0.166818
1109.28,0.110902
826.184,0.0826106
1655,0.165427
1240.43,0.123892
2532.97,0.252901
2342.26,0.234116
803.901,0.0803329
1094.59,0.109419
605.219,0.0605202
1455.17,0.145428
1507.46,0.150715
1984.72,0.19835
998.267,0.099779
1456.19,0.145587
1506.15,0.15049
1086.22,0.108585
1708.46,0.17076
889.067,0.0885899
1124.46,0.11242
943.201,0.09431
3147.22,0.314474
3308.63,0.330193
835.822,0.0835709
1952.55,0.195072
2549.53,0.25475
1205.49,0.12054
2220.19,0.221929
1312.64,0.131192
948.396,0.0947425
1092.69,0.107017
1550.21,0.155009
945.669,0.0944717
2746.46,0.274514
1689.74,0.168486
923.005,0.0922707
589.874,0.0586381
1033.56,0.103178
813.784,0.0811843
2425.67,0.242527
5235.4,0.523335
926.433,0.092384
1095.64,0.109521
1164.14,0.116081
1916.85,0.191391
975.877,0.0974629
1390.4,0.138832
1000.54,0.100048
1123.01,0.11229
618.936,0.0618918
1346.85,0.134676
745.852,0.0745088
451.588,0.0451294
1869.99,0.186806
1411.22,0.141113
1064.12,0.106193
1411.87,0.141157
1186.94,0.118679
2053.06,0.205179
968.044,0.0967854
1696.37,0.169003
1246.67,0.12464
2277.55,0.22747
2239.97,0.223869
964.988,0.0964286
860.359,0.086032
976.032,0.0974975
2842.8,0.284177
1577.91,0.157651
3039.83,0.30392
942.879,0.094208
1827.79,0.182709
1201.79,0.118495
2053.09,0.205155
847.99,0.0847023
716.971,0.0716954
1005.58,0.100517
1224.65,0.122191
2005.56,0.200527
1286.84,0.128463
1713.8,0.171222
854.703,0.0854496
1131.96,0.112996
1686.71,0.168624
1066.06,0.10634
789.178,0.0788875
1555.59,0.155502
945.877,0.0945631
1304.64,0.130262
1161.31,0.115886
690.588,0.0690475
2443.13,0.244276
1055.19,0.105435
1172.93,0.117184
1915.69,0.191518
862.616,0.0861166
669.719,0.0669685
964.905,0.0964843
783.656,0.0783642
1729.1,0.172255
3900.25,0.389968
2756.58,0.275445
1594.92,0.159333
2963.03,0.29609
1559.06,0.155812
1315.92,0.13134
1727.73,0.172744
3572.85,0.357158
974.216,0.0974171
919.78,0.091883
1536.49,0.153279
3115.33,0.311216
1765.52,0.176545
905.821,0.0905227
1411.78,0.141065
1748.76,0.174719
825.107,0.0824286
1821.67,0.172902
4275.13,0.426676
1696.22,0.169449
2615.32,0.261452
3043.94,0.304311
1333.57,0.133245
2195.13,0.219155
1600.32,0.159695
1600.89,0.159743
1569.86,0.156943
4544.19,0.454227
864.337,0.0863852
11966.2,1.18794
650.504,0.0650453
748.269,0.0748185
666.701,0.0666521
917.918,0.0914351
722.757,0.0722649
1331.79,0.133145
1000.95,0.100012
984.606,0.0983523
1193.81,0.119171
1760.03,0.175673
1910.4,0.189308
1829.52,0.182929
2508.18,0.250731
1578.94,0.157831
1741.79,0.173879
1619.54,0.161925
1326.72,0.132622
1066.3,0.106624
1181.63,0.118004
2299.42,0.229917
2337.43,0.233624
1112.36,0.111166
1296.77,0.129637
1888.76,0.188756
884.917,0.0884623
5555.57,0.555024
1441,0.144085
441.426,0.0439203
4767.57,0.476538
2003.3,0.20024
1150.42,0.114878
965.278,0.0965064
2878.57,0.287785
1428.29,0.142756
617.081,0.0616989
847.503,0.0847282
1474.32,0.147421
1286.66,0.128563
1781.99,0.177786
3479.9,0.347569
2152.97,0.215025
2020.09,0.201781
4682.48,0.465496
1024.23,0.102407
696.373,0.0668152
1717.72,0.17169
2150.6,0.215023
1016.81,0.101621
1448.89,0.144791
1861.68,0.186098
1399.97,0.139973
1801.64,0.179794
5534.26,0.552821
854.055,0.0853997
4310.48,0.430828
1012.76,0.0999457
1115.34,0.111503
1155.19,0.115502
907.301,0.0907186
1067.58,0.106737
3934.74,0.390562
3248.15,0.32244
1096.88,0.10967
1027.82,0.10271
3334.97,0.333356
1833.5,0.183169
802.101,0.0801896
3492.72,0.349198
15849.7,2.6282
894.008,0.0893922
1007.2,0.100701
1405.91,0.140583
1324.03,0.132356
624.582,0.0624535
1353.9,0.135232
897.021,0.089699
1668.49,0.166225
1217.67,0.12176
1763.17,0.176286
584.903,0.0584781
587.323,0.0587305
975.591,0.0975236
647.356,0.0647098
742.2,0.0742096
2173.02,0.217272
1285.42,0.128423
1180.51,0.117966
1349.31,0.134908
1049.49,0.104938
1801.02,0.180018
1054.75,0.105353
1200,0.119963
1711.74,0.171165
987.75,0.0986786
1032.45,0.103225
1079.38,0.107916
1025.84,0.0846568
1216.65,0.121623
1515.91,0.151569
1027.57,0.102592
1279.91,0.740063
1360.37,0.135895
2198.93,0.219737
8592.52,0.857103
1967.59,0.196316
948.772,0.0948574
1666.19,0.166509
1034.83,0.103474
1037.06,0.103617
669.028,0.0668636
1799.64,0.179765
2241.6,0.224116
1427.21,0.142681
1012.31,0.101207
1675.49,0.167524
4468.96,0.446409
1059.42,0.105888
1111.6,0.111158
1538.96,0.15376
919.808,0.0919211
1104.07,0.110395
1082.57,0.108233
1757.09,0.175582
719.285,0.0719092
1182.87,0.11815
1047.3,0.104686
925.826,0.0924176
2503.44,0.250322
1255.54,0.125514
1130.65,0.113051
1320.17,0.131982
1468.05,0.146689
2104.31,0.210385
1522.33,0.152197
1322.53,0.132211
810.669,0.0810641
942.54,0.0940145
913.805,0.091351
1672.11,0.167184
978.366,0.0975015
814.129,0.0813981
2063.7,0.206194
1056.52,0.105612
1565.88,0.156566
1258.67,0.125807
754.759,0.0754192
1697.85,0.169755
1529.93,0.152925
1863.1,0.186022
600.511,0.0607766
1209.37,0.12088
2013.31,0.201097
1059.17,0.105904
1200.96,0.120057
1297.07,0.129673
1218.1,0.121779
3621.38,0.360771
2015.64,0.201557
1198.65,0.119832
1059.22,0.105727
916.626,0.0916516
4641.19,0.463334
2099.55,0.209934
1009.38,0.100928
811.567,0.0811411
1323.26,0.116205
858.77,0.0858707
3230.26,0.32283
1556.81,0.155592
1098.74,0.109855
1401.48,0.140139
6914.07,0.690641
4443.17,0.443037
1975.08,0.197458
1817.86,0.173739
1282.08,0.128203
735.464,0.0734903
650.579,0.0650502
2465.26,0.246505
9124.02,0.909429
706.367,0.070633
860.225,0.085996
876.259,0.0876168
6436.23,0.642037
1101.14,0.110039
4131.37,0.4129
1034.65,0.103461
1288.08,0.128743
16648.9,1.66236
1450.53,0.138898
1077.82,0.107759
1941.05,0.193937
3284.33,0.32804
1944.86,0.194364
1189.29,0.118882
3859.58,0.385718
729.441,0.0729075
652.406,0.0636481
1212.29,0.121164
1173.41,0.117194
1484.6,0.103981
1651.03,0.165063
1041.47,0.104012
1642.67,0.164231
2654.55,0.265429
8258.51,0.824362
1193.9,0.119385
1181.39,0.118134
3126.39,0.312408
2035.98,0.203405
1156.66,0.115616
954.526,0.0954074
704.546,0.0704481
1666.54,0.166619
646.133,0.0646075
2188.69,0.218489
833.745,0.0833412
8470.01,0.846717
679.86,0.0679537
1458.68,0.14585
715.583,0.0715471
5116.64,0.511241
506.797,0.0506275
2167.13,0.216557
916.011,0.0914478
813.604,0.081357
946.681,0.0945317
2332.2,0.233204
2114.36,0.194561
3716.55,0.371494
1086.25,0.108459
1103.4,0.110332
678.684,0.0678655
1126.71,0.112646
1769.28,0.176908
1042.86,0.104268
1210.76,0.121063
1166.73,0.116613
807.935,0.0807919
4240.14,0.421687
2058.98,0.205744
1117.94,0.111747
1086.14,0.108549
845.357,0.0845092
658.794,0.0658395
1790.48,0.17901
1373.64,0.137339
846.37,0.0831178
2457.7,0.245563
1059.71,0.105877
1973.71,0.197071
3096.15,0.309331
1759.76,0.175871
717.077,0.0716854
745.319,0.0745122
2182.67,0.218224
847.281,0.0847249
3091.63,0.308945
1300.47,0.129963
1122.11,0.112153
1205.11,0.120467
1451.57,0.145117
2271.59,0.227073
3609.91,0.36069
1656.53,0.165594
979.423,0.0979004
1376.39,0.137559
584.706,0.0584692
820.302,0.0820105
1657.74,0.165652
1833.4,0.183134
4487.69,0.448134
553.732,0.0551704
2101.64,0.210056
3434.17,0.343245
794.676,0.079439
678.901,0.0675852
2123.74,0.211968
1326.38,0.132537
3444.18,0.344058
883.677,0.0883345
929.922,0.0929897
1810.24,0.180751
945.876,0.0943452
1481.29,0.147978
4286.85,0.428439
1557.31,0.155665
1130.19,0.112993
880.715,0.0880499
1728.37,0.172799
1089.64,0.108866
4121.43,0.412125
2893.09,0.288516
1106.92,0.110604
2489.2,0.248889
3985.07,0.398178
1180.26,0.117754
960.49,0.0960454
1169.14,0.116873
11361.1,1.13446
1101.61,0.10993
627.79,0.0627497
948.921,0.0947981
657.643,0.0657504
8910.04,0.88838
3335.39,0.332672
1122.21,0.112165
1126.77,0.112462
2481.9,0.248105
459.159,0.0458761
2001.02,0.199963
1362.28,0.134639
1110.52,0.110942
471.791,0.0471768
629.443,0.0629426
1953.16,1.9719
1067.84,0.106645
1911.78,0.191138
1188.86,0.118716
2010.75,0.200968
1369.16,0.13684
716.167,0.0715786
2941.55,0.294037
1980.11,0.197944
733.528,0.0733399
2329.07,0.232795
2426.3,0.242571
1174.87,0.117475
855.696,0.0855608
2375.4,0.237105
1604.06,0.15998
1518.15,0.15153
2550.41,0.253988
1925.12,0.192458
4935.21,0.493251
1164.92,0.11645
1210.7,0.121019
1102.67,0.110242
3282.1,0.325647
2153.79,0.215223
2634.21,0.263385
939.157,0.093906
877.108,0.0876897
1190.14,0.1121
683.195,0.0677682
1073.42,0.107307
1663.24,0.166239
3992.8,0.399094
956.168,0.0956097
1382.62,0.138229
992.357,0.0991674
1955.43,0.195481
1298.29,0.129753
1210.74,0.121013
1538.82,0.153875
3780.34,0.377756
966.782,0.0966744
1097.03,0.109544
1946.2,0.194553
1559.3,0.15588
2030.17,0.202637
1406.85,0.140569
6788.47,0.678712
3040.88,0.304017
1112.09,0.110053
920.158,0.0919666
959.327,0.095929
1843.89,0.184119
770.677,0.0770349
1364.13,0.136403
881.699,0.0872016
1192.71,0.119195
1700.61,0.169698
1625.27,0.162444
867.347,0.0866793
1755.15,0.175508
6697.68,0.669634
1564.2,0.156342
948.478,0.0946609
1169.83,0.11697
898.279,0.0898204
1217.48,0.121466
710.032,0.0709969
3523.4,5.74667
1031.2,0.103068
860.29,0.0860043
780.624,0.0780451
745.138,0.0745039
1267.78,0.126738
808.306,0.0741262
680.759,0.0680692
1215.59,0.121531
866.75,0.0865954
1612.13,0.161204
1913.94,0.19128
7243,4.86264
3993.23,0.398667
3663.71,0.366268
1294.73,0.129442
1574.02,0.157363
934.898,0.0934473
1002.86,0.100112
930.718,0.0929912
4935.11,0.492048
2932.75,0.293072
1863.74,0.186343
1441.05,0.144093
1274.68,0.127417
1216.94,0.121178
4263.76,0.426328
4909.77,0.485976
1213.73,0.121363
1245.89,0.12453
1773.2,0.17724
2455.12,0.244716
955.457,0.0954966
802.412,0.0802357
986.99,0.0986425
848.141,0.0806631
740.908,0.0740302
2181.42,0.217903
1423.97,0.142394
705.42,0.0705394
1124.78,0.112412
935.67,0.0935241
1678.09,0.167731
1343.58,0.134146
1356.86,0.135607
1081.95,0.108136
668.505,0.0663321
1017.78,0.101651
1504.68,0.150459
1303.42,0.130325
21070.3,3.22955
1467.43,0.146634
919.099,0.091904
973.73,0.0973686
1015.46,0.101542
1014.22,0.101346
1555.91,0.155543
1088.51,0.108821
1849.6,0.184875
8337.51,0.830622
2361.26,0.236077
1116.37,0.111615
518.852,0.0518576
1010.58,0.101047
770.889,0.0770693
859.195,0.0858956
4987.55,0.498537
4042.29,0.403695
1030.64,0.103059
527.095,0.052709
750.056,0.0749457
703.039,0.0701573
995.883,0.0995461
1237.93,0.123776
544.07,0.0543471
1082.98,0.108231
1759.57,0.175817
876.801,0.0876543
877.985,0.0877192
969.828,0.0969764
1281.1,0.128091
685.095,0.0684804
1135.38,0.113461
2098.7,0.209647
1398.35,0.139784
2033.9,0.201978
4516.23,0.45116
737.976,0.0737592
1123.42,0.112279
1133.63,0.113317
1835.15,0.1835
1059.53,0.105736
885.445,0.0884801
1179.29,0.117915
6136.22,0.613432
732.274,0.0731902
863.076,0.0862272
1749.93,0.174959
1112.92,0.111235
1203.48,0.120302
801.851,0.0801576
1358.36,0.135792
1297.39,0.12951
1224.34,0.122342
1824.9,0.182266
965.476,0.0963457
923.636,0.0923575
953.099,0.0952831
961.469,0.0968694
1217.95,0.121786
1261.94,0.126111
1825.89,0.182279
645.216,0.0643705
853.615,0.0853544
1091.91,0.109139
1140.44,0.114004
1153.67,0.114973
2071.82,0.207134
1062.29,0.106207
618.125,0.0617591
946.247,0.0945295
1592.4,0.158978
1276.79,0.127564
775.064,0.0773803
1517,0.151645
1495.17,0.1478
1112.26,0.111225
3501.11,0.349675
1970.02,0.19693
1064.09,0.106366
1368.34,0.136831
4038.65,0.403374
998.205,0.0997229
1576.03,0.157575
815.615,0.0815574
965.715,0.0965269
707.183,0.070717
1372.33,0.137163
832.665,0.0830304
1007.53,0.100674
518.381,0.0518338
835.041,0.0834901
1275.8,0.127572
1287.64,0.128719
1310.79,0.13035
1470.25,0.145978
1321.45,0.131988
1030.11,0.102923
1319.09,0.131891
626.558,0.0626162
1130.69,0.112925
1328.77,0.132732
977.174,0.0977031
3785,0.37816
1332.01,0.133188
1105.02,0.108151
917.51,0.0917105
731.4,0.0731126
1055.46,0.105275
608.539,0.0605955
1015.72,0.101563
1749.5,0.174886
1825.49,0.182393
1021.18,0.101967
737.581,0.0737478
988.729,0.0988407
1130.97,0.112969
1340.05,0.13391
819.842,0.0818966
1082.95,0.108229
816.779,0.0816745
1037.47,0.103721
1501.69,0.14987
1543.79,0.154357
1024.84,0.102422
1011.45,0.10111
1270.23,0.126988
3087.36,0.308003
1466.01,0.146591
710.453,0.0709683
795.934,0.0793252
1465.72,0.146435
2085,0.208323
1228.92,0.12244
1211.03,0.121088
1486.24,0.148612
1611.22,0.161099
1031.14,0.103083
820.949,0.0820845
1985.54,0.198489
829.466,0.0829146
890.221,0.0889851
1325.53,0.132504
1223.39,0.122044
3822.75,0.382086
996.91,0.0995916
836.853,0.0836823
2187.54,0.218735
1058.47,0.105245
2354.18,0.232075
1219.85,0.121959
1317.12,0.131552
916.282,0.0916142
1150.23,0.11495
870.791,0.0870736
2989.89,0.298598
959.296,0.0953676
616.006,0.0615844
3011.77,0.298787
1333.14,0.133307
2681.96,0.268171
1038.58,0.103843
1356.74,0.135288
1577.93,0.157755
901.943,0.0901698
877.212,0.0875038
895.197,0.0894955
2112.29,0.211125
1136,0.113565
887.46,0.0887126
1125.68,0.112543
1063.74,0.106278
1288.48,0.128722
2133.59,0.213336
706.03,0.0705565
1242.53,0.12418
1193.89,0.119337
1324.97,0.132139
1827.97,0.180951
1493.17,0.149073
705.822,0.0705382
1054.65,0.105447
1597.12,0.159684
3141.61,0.313755
930.027,0.0929659
872.402,0.0870472
891.202,0.0890301
1098.39,0.109829
667.633,0.0667493
977.422,0.0977395
1723.83,0.172361
1137.41,0.113708
1929.34,0.192139
5383.23,0.537962
1669.44,0.166877
460.13,0.0456065
1235.37,0.123411
1090.94,0.109058
871.298,0.0871122
1387.72,0.138526
3040.45,0.304012
1966.05,0.196495
1046.73,0.10457
1151.99,0.115145
942.359,0.0942016
988.559,0.0987937
1297.02,0.129583
1485.16,0.148444
1571.71,0.157139
814.287,0.0814276
1069.57,0.106825
1799.84,0.179912
821.695,0.0820971
1808.11,0.180109
834.818,0.0834608
660.919,0.0660563
750.553,0.0750392
1006.56,0.100633
2792.45,0.279141
1650.1,0.164861
1465.5,0.146468
2888.95,0.288356
1772.12,0.177096
1039.86,0.10397
1624.03,0.161394
1439.45,0.143919
1025.13,0.102297
969.72,0.0969606
1002.35,0.0910075
1184.92,0.11842
1280.56,0.12804
763.598,0.0763539
1707.39,0.170676
28337.2,2.82457
3056.04,0.305503
1447.9,0.14477
2111.75,0.210743
970.565,0.0970331
851.393,0.0851251
1351.65,0.134876
936.992,0.0936786
844.968,0.0844764
1260.38,0.125667
1049.87,0.104982
1584.95,0.158194
1112.87,0.110913
1608.74,0.160836
4893.45,0.488821
670.3,0.0670178
893.167,0.0892654
789.574,0.0789547
26657.9,2.65279
1056.02,0.105588
1485.44,0.148387
523.12,0.0522876
1303.44,0.130326
1674.26,0.167393
2082.44,0.208199
1396.27,0.13958
2131.31,0.213009
1193.57,0.118968
5961.24,0.594459
870.324,0.087019
3193.17,0.31923
1276.31,0.127606
1329.12,0.132907
1517.85,0.151771
491.058,0.0491034
873.443,0.0872854
883.031,0.0882552
1124.37,0.112429
2469.32,0.246835
2280.95,0.228077
1407.6,0.140733
1118.06,0.111725
1445.44,0.144443
25022.9,2.48242
654.119,0.0654023
669.86,0.0669804
963.138,0.0962471
1569.66,0.156932
1195.65,0.119499
5623.51,0.561849
933.893,0.0933365
1678.86,0.167834
811.46,0.0811392
1689.98,0.168847
1323.55,0.132196
969.485,0.0969279
1825.22,0.18249
779.973,0.0779963
8724.93,0.869144
1306.46,0.130564
1850.7,0.185011
1455.72,0.145473
1185.53,0.118469
3459.81,0.34553
1577.93,0.157602
532.684,0.0532619
999.981,0.099975
3167.8,0.316628
1275.42,0.127525
1304.01,0.130374
3796.36,0.379171
1097.22,0.109655
2799.75,0.279781
1000.59,0.100034
772.525,0.0772393
2246.67,0.22462
3006.16,0.300556
913.684,0.0912716
390.124,0.0389795
1364.71,0.136413
633.614,0.0633234
874.314,0.0874167
1104.25,0.110391
1944.76,0.1942
984.266,0.098406
2104.39,0.210331
805.483,0.0805244
2092.25,0.209153
1186.32,0.118624
1289.01,0.128548
1215.78,0.121541
672.441,0.0671343
1170.38,0.116968
7919.78,0.79131
1698.47,0.169731
1042.88,0.104006
932.557,0.093248
4076.91,0.407455
2458.51,0.245774
777.05,0.0776747
4410.88,0.440764
1227.11,0.122676
1878.05,0.187631
1189.09,0.118674
5958.73,0.595392
1534.02,0.153321
910.296,0.0909979
2005.49,0.199186
695.103,0.0694783
1110.12,0.110942
476.335,0.0475658
787.155,0.0786588
2143.16,0.213572
1036.36,0.103386
1078.83,0.107858
813.694,0.0813572
1745.41,0.174321
1110.95,0.111065
721.177,0.0720017
1177.29,0.117718
3132.92,0.313119
990.267,0.099009
1040.11,0.109516
1809.33,0.180912
949.022,0.0948908
1596.59,0.159624
1380.89,0.137934
10322.8,5.49168
816.422,0.0813871
1424.52,0.142427
1205.68,0.120554
3135.18,0.313256
1962.24,0.196162
855.08,0.0854289
1213.34,0.121309
1147.8,0.114545
1291.67,0.129073
1579.93,0.157751
1521.82,0.15214
813.714,0.0809985
1189.3,0.118918
1150.52,0.115049
773.993,0.0773922
738.235,0.0737901
4412.54,0.440427
1272.45,0.12676
917.075,0.0916734
1325.74,0.13256
978.152,0.0977342
1165.76,0.116537
1801.63,0.180152
11074.7,1.10371
1195.05,0.119432
855.768,0.0855225
2625.32,0.262463
717.539,0.0717327
1357.09,0.135595
996.17,0.0995618
3561.08,0.35584
947.496,0.0946993
1944.35,0.194369
1337.61,0.133621
2890.09,0.28139
2379.23,0.237641
1425.29,0.142393
930.823,0.0930816
1506.27,0.149706
820.162,0.0818437
1260.88,0.126068
1249.97,0.124984
2735.65,0.27317
667.825,0.066112
918.729,0.0907386
2020.16,0.201981
5345.63,0.533335
792.207,0.0791434
1146.84,0.114297
3190.09,0.318105
1171.91,0.117181
2310.44,0.230942
1737.9,0.173688
868.846,0.0868813
934.886,0.0934532
3166.59,0.316428
1452.43,0.145194
842.469,0.0840293
886.568,0.0886454
1178.85,0.117881
1081.71,0.108154
5188.83,0.518051
795.19,0.0794112
1481.77,0.148101
1222.01,0.122176
1091.1,0.109007
2049.9,0.20493
1578.78,0.156766
1090.94,0.10893
795.564,0.0793587
961.765,0.096154
1151.33,0.114965
7961.48,0.795148
816.593,0.0815872
1624.63,0.162191
1760.63,0.17602
1082.03,0.108169
841.253,0.0840417
1037.66,0.103616
1369.42,0.136931
1300.6,0.129997
8598.12,0.857143
1256.56,0.12561
2516.25,0.251568
895.624,0.0895592
2162.64,0.215165
1372.86,0.13726
679.753,0.0678524
2299.31,0.229926
879.775,0.0879292
2473.41,0.247183
1892.46,0.18893
3624.98,0.361226
1587.15,0.158674
2197.12,0.21968
1450.22,0.144835
644.417,0.0644412
2507.29,0.250678
17091.4,1.70334
563.861,0.0560427
849.774,0.0844881
3727.03,0.372556
885.736,0.0884052
907.534,0.0907462
5495.99,0.548719
2434.03,0.243281
1067.38,0.106229
1236.07,0.123485
1106.3,0.11061
1328.96,0.132875
1007.03,0.100431
975.297,0.0974838
1339.8,0.133914
3133.82,0.312994
1263.5,0.126313
1333.36,0.133303
1778.22,0.177682
872.339,0.0872313
782.92,0.0782676
506.132,0.0505986
1790.18,0.177974
1271.34,0.127109
1206.57,0.120598
1118,0.111762
1691.89,0.16903
1124.35,0.112425
1153.19,0.115271
1560.67,0.156046
1410.24,0.1409
2549.86,0.254867
760.957,0.0760768
1179.75,0.117922
1973.21,0.197298
709.2,0.0709086
1497.07,0.149693
1361.71,0.136103
911.294,0.0910903
2495.31,0.249474
893.413,0.089132
798.926,0.0798489
921.752,0.0921698
1560.29,0.155768
673.653,0.067358
894.262,0.0894221
643.38,0.0643283
1303.29,0.130257
1697.35,0.169701
1623.83,0.16234
1880.1,0.188001
2005.35,0.200168
1175.09,0.11748
1220.63,0.12198
1209.43,0.12091
1405.13,0.140499
1657.37,0.165632
1652.78,0.165253
649.819,0.0648984
2908.56,0.290363
4504.39,0.449499
945.265,0.0944812
1860.35,0.185851
1257.73,0.12563
818.748,0.0818695
1009.1,0.0987132
805.638,0.0805156
3727.36,0.37234
1216.82,0.121656
2613.62,0.261263
1246.36,0.12461
1074.26,0.107249
1154.26,0.115394
853.398,0.0853003
9971.12,0.996438
5540.51,0.553741
3899.52,0.389695
793.551,0.0792848
1116.69,0.111646
1366.11,0.136504
2072.74,0.207256
1540.68,0.15382
945.11,0.094503
2184.89,0.218445
994.106,0.0993788
864.729,0.086467
3756.84,0.374681
1598.79,0.159463
830.354,0.0830131
1023.15,0.102279
693.723,0.0692825
633.726,0.0633395
1897.39,0.189735
890.023,0.0889298
1467.79,0.14674
1422.38,0.142182
2247.95,0.224618
2043.44,0.204017
1088.46,0.108832
3645.42,0.363642
1665.49,0.166495
1549.77,0.154936
1484.72,0.148466
1510.22,0.150109
2307.92,0.230699
667.16,0.0666802
2569.56,0.25683
1215.21,0.121511
1686.81,0.168635
1209.57,0.120889
680.011,0.0679436
1343.66,0.134251
2323.48,0.23226
2127.24,0.212485
8132.62,0.811634
2718.11,0.271688
779.618,0.0779357
1211.85,0.121109
3472.79,0.347033
1604.75,0.160404
1791.25,0.179087
1010.04,0.100778
1565.28,0.156482
790.539,0.0790144
828.422,0.0826983
1179.73,0.117914
1106.9,0.110513
1898.35,0.189488
949.849,0.0949042
839.076,0.083805
1731.63,0.17233
1406.35,0.14056
1328.31,0.132803
775.86,0.0775131
4701.96,0.471259
1248.26,0.124777
2109.42,0.210903
5125.56,0.512211
877.524,0.0877504
989.851,0.0989596
1222.24,0.122216
1399.49,0.139777
1876.11,0.187585
510.347,0.0510297
1414.43,0.138832
1364.41,0.136428
812.538,0.0811575
1265.52,0.126484
1577.77,0.157699
2220.72,0.221489
685.622,0.0685006
975.151,0.0974884
1538.4,0.153743
1596.12,0.159593
462.627,0.046251
516.553,0.0515126
831.019,0.0830514
1413.46,0.141276
962.952,0.0962794
961.168,0.0959656
1451.49,0.145139
1099.38,0.109798
1338.93,0.133855
879.438,0.0879346
1719.28,0.171883
1496.49,0.149579
711.026,0.0710866
1702.73,0.170199
1293.5,0.129301
1631.09,0.163046
1075.48,0.107515
419.684,0.041942
849.661,0.0849616
1219.9,0.121962
859.678,0.0859623
941.104,0.0940926
1349.49,0.134923
994.33,0.0993826
904.94,0.090462
1682.58,0.168171
707.4,0.0700897
845.194,0.0845137
1307.82,0.130721
3510.03,0.350141
893.17,0.0893069
16374.5,1.63041
1808.58,0.180549
1851.81,0.185113
971.697,0.0971119
918.839,0.0918753
773.406,0.0772706
3882.21,0.387468
871.718,0.0870003
1623.38,0.162267
6366.91,0.636432
1744.03,0.174379
1352.49,0.135207
4419.41,0.440858
1589.67,0.158903
1486.67,0.147719
3289.25,0.328479
1736.26,0.173612
1114.51,0.111433
1148.11,0.114793
2302.18,0.230121
1400.39,0.140009
787.467,0.0787335
1135.47,0.113405
955.71,0.0955564
935.426,0.0934855
518.63,0.0518586
1165.24,0.116489
2892.75,0.289108
1810.11,0.180933
2277.98,0.227685
972.184,0.0971902
694.771,0.0694736
785.771,0.0785684
1645.37,0.164186
1005.16,0.100469
1311.73,0.130251
1089.05,0.108746
709.332,0.0708986
618.318,0.06182
1775.64,0.177338
909.991,0.090969
1736.54,0.173625
791.738,0.0791349
570.961,0.057088
2610.03,0.260897
1131.35,0.113107
999.797,0.0999147
1561.92,0.156178
1040.55,0.104052
3359.61,0.335186
1295.41,0.129394
1503.21,0.150305
1505.96,0.148067
1270.08,0.126982
900.026,0.0899979
1503.45,0.150316
884.758,0.0883546
1156.59,0.115595
2511.16,0.250911
820.157,0.0820103
2452.2,0.240292
2641.79,0.264053
1508.88,0.150846
931.23,0.0930337
2434.33,0.243055
2091.37,0.208412
3513.96,0.351291
2791.85,0.279153
2082.73,0.208258
859.707,0.0859637
1370.92,0.136892
1737.18,0.173705
675.735,0.0674152
726.08,0.0707361
1596.39,0.159613
1098.24,0.109815
1085.7,0.108541
1133.69,0.113191
657.974,0.0657941
5466.4,0.546424
554.795,0.0554598
835.071,0.0834178
1449.14,0.141328
1170.54,0.116722
1067.22,0.106687
1068.37,0.106822
1450.13,0.144878
1226.37,0.122586
1825.13,0.182436
781.269,0.0781026
1098.58,0.109816
2386.15,0.238572
901.031,0.0900934
1188.99,0.118884
798.615,0.0797674
4130.77,0.412066
1402.33,0.139464
1079.51,0.107945
749.941,0.0749894
2112.69,0.211158
6708.06,0.670528
1461.43,0.145837
1791.37,0.178957
11096.3,1.1065
930.447,0.0930355
985.993,0.0985748
759.295,0.0759139
995.287,0.0994809
692.029,0.0690891
1027.75,0.102733
2333.08,0.233194
646.676,0.0646552
4749.62,0.474635
1443.64,0.144061
1786.03,0.178498
1402.38,0.140017
967.375,0.0967014
2050.79,0.204761
867.331,0.0867063
3161.74,0.315752
2222.84,0.222009
7753.34,0.774524
1896.72,0.189165
996.851,0.0996505
702.8,0.0702633
2495.96,0.249411
19268.6,1.91647
1952.39,0.195196
1857.84,0.185699
709.955,0.0709509
1104.89,0.110454
2972.86,0.297149
920.778,0.0918572
1233.06,0.123275
833.381,0.0833295
742.753,0.0742708
9682.07,0.965885
988.929,0.098841
688.219,0.0688082
620.945,0.0620811
1135.98,0.113594
1193.64,0.119352
1210.64,0.120856
1397.92,0.139712
2777.96,0.277596
3505.56,0.350308
1129.2,0.112761
771.523,0.0770428
1211.99,0.120914
1056.48,0.105641
900.716,0.0899196
1057.18,0.105504
1160.26,0.115998
859.202,0.0859004
2845.11,0.284463
1899.1,0.189845
1065.72,0.106534
989.952,0.0989378
1023.96,0.102391
1405.61,0.140252
1162.48,0.116172
1908.61,0.190477
766.081,0.0765882
4615.56,0.460378
932.625,0.0932543
1724.83,0.172475
1504.95,0.150477
1097.47,0.109685
836.492,0.0836195
1424.94,0.142293
1600.9,0.160014
1206.69,0.120653
751.762,0.0751715
1154.95,0.115488
912.857,0.0912733
1312.22,0.131211
1849.73,0.184958
2667.33,0.266667
3210.34,0.320978
815.06,0.0814444
752.999,0.0729199
981.614,0.0981413
1441.67,0.144126
1695.2,0.169478
1768.05,0.175818
912.124,0.0909144
955.902,0.0955419
592.376,0.0591999
2317.88,0.231677
1452.94,0.145238
1879.3,0.187903
814.756,0.0813927
593.669,0.0593624
1504.05,0.150296
729.948,0.0729893
870.811,0.0870514
1252.31,0.125179
1214.78,0.121472
1243.85,0.124329
1309.11,0.130895
1208.05,0.120787
1655.08,0.163875
1660.09,0.165986
557.789,0.0557613
707.908,0.0707684
2233.48,0.22299
1167,0.116528
1168.49,0.116776
985.424,0.0984902
4255.78,0.424367
2428.38,0.242644
908.769,0.0908675
870.536,0.0870395
3136.05,0.313501
1226.82,0.122666
2477.77,0.247519
2283.57,0.228325
633.786,0.0633288
8793.42,0.878868
951.225,0.0948613
1130.73,0.11299
1447.99,0.144755
910.593,0.0910497
1032.29,0.103214
1186.13,0.118574
656.336,0.0656212
1295.56,0.129516
1941.47,0.194093
1463.23,0.146285
938.944,0.0938664
596.921,0.0596901
2875.89,0.287359
690.891,0.0690831
916.198,0.0915537
1079.16,0.107903
2052.17,0.204994
2141.94,0.214165
1161.75,0.116155
851.306,0.085115
2329.01,0.232762
793.11,0.0792652
2469.03,0.246226
1276.69,0.127628
29228.9,2.88503
7684.78,0.763279
1099.56,0.109925
1480.75,0.147833
2276.85,0.225556
2489.45,0.24889
2054.8,0.205453
2300.07,0.229853
1324.3,0.132427
1164.51,0.116431
1136.35,0.11335
1602.02,0.159994
1805.12,0.180495
721.843,0.0719966
1594.94,0.15948
1197.29,0.119697
3850.24,0.384766
1103.19,0.11026
2321.01,0.232001
371.989,0.037159
1258.28,0.125815
7171.71,0.716764
872.895,0.0872741
758.922,0.0758835
11565.9,1.15304
1050.57,0.104929
1102.47,0.11013
2222.89,0.222262
1246,0.124582
2950.35,0.294869
1218.22,0.121785
808.631,0.0807608
837.895,0.0837399
1097.75,0.109684
1162.95,0.116285
934.689,0.0934139
4232.1,0.422173
738.808,0.0738703
1541.11,0.154034
1008.92,0.100876
1475.85,0.147569
1441.33,0.144125
1021.68,0.102152
1378.45,0.137812
2349.83,0.234763
960.446,0.0960198
732.099,0.0731672
1035.37,0.103504
1126,0.112228
1637.84,0.163713
825.233,0.0824847
868.493,0.0867479
1299.87,0.12994
5277.56,0.527462
584.497,0.0584054
2379.08,0.237508
1669.11,0.166903
2082.1,0.208178
1003.89,0.100277
1110.88,0.111067
2891.84,0.28899
1407.28,0.140592
813.911,0.0813844
996.37,0.0995712
2219.46,0.221859
565.444,0.0565362
1364.89,0.136294
935.993,0.0935975
2081.6,0.208076
732.825,0.0732803
1188.05,0.118732
1948.84,0.194607
734.129,0.0734044
1532.04,0.153045
1983.07,0.19816
1414.59,0.140278
2007.06,0.20038
1323.81,0.132371
1168.31,0.116788
2730.7,0.2729
1625.62,0.162541
1237.68,0.123728
1081.31,0.108112
1276.6,0.127654
1318.43,0.131822
3647.1,0.363004
1571.56,0.157117
1247.45,0.12473
1612.16,0.160994
786.319,0.0786125
997.414,0.0997332
2005.1,0.200195
873.522,0.0872779
697.884,0.0697694
1853.61,0.185212
1329.37,0.132904
835.554,0.083532
770.457,0.0769968
1025.01,0.102426
1226.97,0.122689
1809.27,0.180266
1816.36,0.181561
837.569,0.0837546
4229.29,2.13816
1466.27,0.146608
1201.86,0.120111
1963.4,0.196314
981.413,0.098101
670.959,0.0670885
867.4,0.0866874
1487.1,0.148607
979.808,0.0979734
1733.01,0.173111
795.343,0.0793591
972.257,0.0971944
1444.76,0.14381
859.498,0.0858291
5570.24,0.555904
3418.3,0.341807
911.557,0.0911521
1448.72,0.144785
979.449,0.0979372
1248.88,0.124749
609.528,0.0609394
633.255,0.0632399
1867.66,0.185883
1366.9,0.136495
513.598,0.0513349
1100.08,0.10999
832.741,0.0832712
2991.91,0.298859
8646.79,0.863216
2497.01,0.249328
623.662,0.0623405
1655.6,0.165505
855.524,0.0855238
1059.95,0.105966
998.695,0.0998499
1140.17,0.114
1387.72,0.138743
1865.47,0.186479
970.453,0.0970106
1892.65,0.188875
897.933,0.0890719
1448.72,0.144866
1020.79,0.102053
2215.57,0.217552
2137.02,0.213353
1079.28,0.10748
1531.57,0.153147
1209.7,0.120946
1553.19,0.155149
815.617,0.0815126
800.41,0.0799881
857.425,0.0856768
900.71,0.0900615
1339.22,0.13389
585.796,0.0585644
1222.94,0.122284
1660.92,0.166046
2693.24,0.269124
986.967,0.0986094
1044,0.111188
3537.94,0.353236
1045.29,0.104508
1529.07,0.152769
1695.54,0.169494
851.382,0.0851119
2132.86,0.212983
792.842,0.0791196
805.227,0.080507
1004.99,0.100429
1000.24,0.0999182
850.968,0.0850907
1225.35,0.122532
942.168,0.0941598
1238.15,0.123792
1141.58,0.114119
793.312,0.0792814
3478.7,0.347655
967.859,0.0967628
1189.35,0.118665
1236.52,0.123627
2028.14,0.201644
829.275,0.0829118
984.681,0.0983977
913.262,0.0912951
925.81,0.0924183
1096.52,0.107219
2914.34,0.291008
780.115,0.0780085
1998.07,0.199463
914.387,0.0914105
898.311,0.0868293
665.362,0.0664682
1005.41,0.100509
12724.3,1.27204
759.022,0.0758997
2622.41,0.261846
1219.13,0.121873
1052.1,0.105207
628.253,0.0628193
1520.22,0.151875
785.777,0.0785442
1182.88,0.118237
1475.64,0.147489
590.998,0.0590905
1930.51,0.192975
560.144,0.055986
1624.86,0.162303
1096.63,0.109626
889.497,0.0889288
1146.47,0.114574
1140,0.113844
1008.62,0.100848
477.707,0.0477263
1066.78,0.106474
1900.4,0.189929
1054.8,0.105478
731.869,0.0731684
943.955,0.0943368
892.221,0.0891925
9772.18,0.976609
783.537,0.0776422
2302.62,0.230204
2104.72,0.210432
2103.74,0.210319
2194.25,0.219304
2140.35,0.214011
1011.46,0.101091
1098.19,0.109817
2025.34,0.20236
1003.99,0.10039
1383.98,0.137746
2864.61,0.14004
922.704,0.0922426
926.15,0.0925963
1175.12,0.117487
1405.83,0.140186
3894.63,0.389305
5129.55,0.512366
1259,0.12693
866.304,0.0865998
763.289,0.0762523
1105.14,0.11048
825.734,0.0825655
1856.95,0.185676
1138.84,0.113849
1602.6,0.160181
1187.19,0.118612
637.104,0.0636917
537.735,0.0537332
1022.73,0.102228
854.563,0.0853912
1728.09,0.225072
940.254,0.0940077
537.959,0.0536451
1393.72,0.139297
932.997,0.0932805
1001.43,0.10014
1347.46,0.129928
748.698,0.074854
9473,0.946165
9660.63,0.964966
1881.4,0.187972
1042.19,0.104179
1317.7,0.131704
1165.87,0.116407
1120.07,0.111933
2809.38,0.280913
1156.41,0.115427
658.787,0.065788
1194.92,0.119445
886.085,0.0884622
13617.3,1.35723
2122.2,0.212207
986.5,0.0982021
1000.71,0.100024
2131.74,0.213139
2200.71,0.219836
1809.23,0.180721
1497.18,0.149492
1121.59,0.112134
654.085,0.0612722
1267.14,0.125852
1154.52,0.115449
1104.9,0.110418
1082.67,0.107928
1468.61,0.14665
1387.98,0.138763
1409.9,0.140932
909.125,0.090835
635.467,0.0634446
1371.25,0.137111
1671.37,0.16713
2174.11,0.217309
853.239,0.0853218
1220.76,0.122011
2083.15,0.208192
878.071,0.0876991
758.718,0.0753434
3178.75,0.317694
1535.56,0.153186
1902.34,0.190191
757.817,0.0756726
3360.62,0.335552
699.769,0.0699501
933.435,0.0932179
1078.57,0.10785
2787.66,0.278675
2090.2,0.208998
670.722,0.0670451
1033.08,0.103282
752.189,0.0752118
1641.04,0.163078
839.422,0.0837428
8725.38,0.870978
1748.32,0.174738
912.951,0.0911931
1291.98,0.12892
4099.53,0.40981
2465.22,0.246473
1143.14,0.114235
2853.92,0.284687
1053.8,0.105338
2584.48,0.257756
896.504,0.0896465
1856.29,0.185022
1143.67,0.11427
676.063,0.0676015
738.761,0.0738727
1045.91,0.104455
2976.01,0.297506
906.532,0.0905461
1151.16,0.11508
922.227,0.0922204
688.783,0.0688721
1277.78,0.127241
1757.6,0.174501
4184.69,0.418175
868.494,0.0868185
1493.5,0.149311
1052.75,0.105024
464.816,0.0464809
1493.35,0.149301
827.932,0.0827503
2003.92,0.199993
1322.56,0.132216
1336.71,0.133665
1074.88,0.107459
2572.37,0.257084
1031.84,0.103157
713.273,0.0712027
1174.32,0.11734
1045.44,0.104539
1271.74,0.126609
1433.41,0.143205
966.378,0.0975652
1150.48,0.115017
1167.34,0.116719
1696.48,0.169295
1639.78,0.163968
1475.2,0.147314
2457.45,0.245712
820.565,0.0820524
985.751,0.0985422
860.169,0.0860049
1623.13,0.162237
879.008,0.0878856
1907.66,0.190607
2786.7,0.278465
929.956,0.0929141
895.453,0.0895331
563.887,0.0563877
1261.43,0.126044
958.881,0.095848
2149.71,0.214703
1256.72,0.125261
801.696,0.0801011
1374.27,0.137072
946.891,0.0946776
689.23,0.0689047
1165.12,0.116439
882.727,0.0882625
2675.25,0.266809
1004.5,0.100263
441.02,0.0440874
916.248,0.0913643
1776.32,0.17758
2472.41,0.247118
951.637,0.095148
726.428,0.0725801
5152.35,0.513438
823.542,0.082316
1586.33,0.158092
1551.26,0.1549
1274.36,0.127408
22807.5,3.115
1920.47,0.191965
1002.17,0.100091
1178.75,0.117858
1961.15,0.196002
1145.18,0.114509
823.459,0.0823238
625.436,0.0625173
1187.25,0.11855
1101.34,0.110113
1063.99,0.106363
1244.46,0.124409
872.375,0.0872033
1505.88,0.14996
2128.3,0.21282
2963.74,0.296145
1174.7,0.116143
1428.87,0.142869
1655.7,0.165546
1115.26,0.111512
902.777,0.0901234
1175.05,0.117473
821.369,0.0821311
1878.1,0.187609
591.115,0.0589987
595.261,0.0595129
1033.95,0.103382
1016.68,0.101448
4645.12,0.456675
836.488,0.0836423
847.925,0.0847892
1762.49,0.176226
1012.48,0.101244
996.843,0.0996492
1481.31,0.147551
986.113,0.0984966
2281.31,0.227973
971.42,0.0970863
712.418,0.0712228
2062.65,0.206248
2678.3,0.267457
3132.32,0.313097
2110.66,0.210653
878.957,0.0878917
963.849,0.0963539
1998.71,0.199663
1275.36,0.127532
1103.21,0.110144
2264.3,0.22567
731.586,0.0731484
1268.67,0.126807
6434.21,0.642862
769.657,0.0769271
841.106,0.0838731
4454.28,0.444012
584.072,0.0582899
1465.48,0.146321
725.24,0.0725034
1815.08,0.181491
1100.77,0.109956
3822.11,0.382037
1056.18,0.105499
1831.46,0.183082
1643.38,0.164205
1182.88,0.11822
1507.69,0.150737
1283.45,0.128332
1101.19,0.110067
2299.71,0.228743
1053.79,0.105363
2244.82,0.224405
914.603,0.0914329
1051.46,0.105093
1062.41,0.106206
1228.15,0.122771
2829.37,0.282878
1123.15,0.112301
831.872,0.0831824
1204.5,0.120319
274.073,0.0273943
844.723,0.0843669
2704.94,0.270136
888.715,0.0888667
2579.01,0.257852
1023.52,0.102327
1840.31,0.182959
504.385,0.0503844
1838.35,0.183812
1106.89,0.110592
1042.21,0.104205
1004.99,0.100397
1320.92,0.132081
1166.19,0.116106
772.156,0.0772098
1879.88,0.188045
1181.02,0.118019
1586.59,0.158375
1109.76,0.110973
700.897,0.0700833
1875.84,0.187492
1167.02,0.116688
670.145,0.0669896
1241.03,0.12393
1265.97,0.126566
669.682,0.0669469
2859.16,0.285635
776.495,0.0776471
974.492,0.097434
1395.04,0.139287
737.78,0.0737613
1421.17,0.142113
1053.07,0.105154
1488.08,0.148767
1128.34,0.112811
1225.89,0.122555
1528.3,0.152697
492.591,0.0492551
1037.13,0.103685
1169.58,0.116946
2869.38,0.28535
873.43,0.0872952
1152.79,0.115248
8098.43,0.806552
1982.14,0.198024
1488.46,0.148792
1027.89,0.102659
1916.88,0.187846
4214.63,0.420403
1039.74,0.103969
1007.57,0.100749
1445.8,0.143989
813.894,0.0813734
1227.01,0.12268
1166.35,0.116621
778.247,0.0777874
1134.95,0.113453
890.524,0.0890061
1450.29,0.144912
1213.43,0.121238
1252.6,0.125221
783.801,0.0783794
1334.26,0.133251
6615.66,0.659923
590.278,0.0590087
996.897,0.0996756
773.949,0.0773868
768.007,0.0767797
1239.05,0.123792
1079.47,0.107937
1136.8,0.11367
3809.41,0.380797
580.343,0.0580302
1101.14,0.110004
1780.74,0.17801
879.67,0.0879649
3740.3,0.373945
6852.93,0.683541
1451.73,0.144976
1015.16,0.101364
6558.64,0.653945
1050.17,0.105012
944.868,0.0935987
2387.54,0.238556
1138.48,0.113842
1082.75,0.108184
1326.22,0.13258
2876.69,0.287103
1008.82,0.100788
898.811,0.0897877
1216.96,0.121686
1038.49,0.103842
844.39,0.0844368
2570.78,0.256765
2093.14,0.209237
777.573,0.0777135
683.589,0.0683558
1141.9,0.114142
1512.96,0.151238
1638.47,0.163801
1088.18,0.108783
5262.93,0.525636
3483.21,0.348002
951.391,0.0767766
1389.26,0.138917
1442.65,0.14407
851.923,0.0851831
763.701,0.0763616
944.253,0.0943507
2499.65,0.249831
2318.99,0.231618
1144.97,0.114462
810.352,0.0809681
740.716,0.0740591
1163.79,0.116151
1133.7,0.113308
987.999,0.0982814
1588.75,0.158851
2579.5,0.257888
1014.98,0.101323
2297.97,0.229787
2119.26,0.211878
853.866,0.0852799
6183.76,0.617906
3515.03,0.351284
1577.62,0.15775
858.707,0.0858619
745.706,0.0744454
1701.4,0.170053
866.347,0.0865677
1508.56,0.150626
840.253,0.0840201
6522.11,0.650618
1303.24,0.13027
614.179,0.0614164
1088.21,0.108736
1219.63,0.121939
1680.21,0.164721
1817.05,0.181485
2889.4,0.288863
1372.85,0.137159
22791.9,2.35105
812.964,0.0812907
1014.96,0.101448
589.98,0.0585438
3184.38,0.318313
2956.5,0.295523
1136.8,0.11359
1368.83,0.136773
2782.86,0.278072
1794.55,0.179425
1149.07,0.11488
933.148,0.0933122
1646.69,0.164243
21305,2.1161
1033.16,0.103196
982.086,0.0981792
1188.89,0.118765
2990.74,0.298618
1425.88,0.142399
1206.85,0.120246
885.748,0.0884975
6669.78,0.666482
9968.49,6.94122
3020.37,0.30183
2200.69,0.219996
1865.56,0.18654
1163.77,0.116315
1318.1,0.131794
1827.07,0.182703
3798.62,0.379564
1147.99,0.114495
1296.1,0.129587
1598.59,0.159734
1267.59,0.126727
1002.66,0.100096
2375.89,0.237233
1321.81,0.132149
1550.45,0.154967
3649.02,0.364484
1610.3,0.160914
755.191,0.07544
3073.29,0.306948
2508.46,0.250709
2542.64,0.254025
1394,0.139393
3332.03,0.332536
838.55,0.0838214
2298.79,0.227972
988.986,0.0987646
7410.01,0.740206
837.477,0.0836091
846.539,0.0846068
1392.43,0.13924
1410.95,0.140979
759.704,0.0688105
1567.35,0.156695
1386.66,0.138195
1140.5,0.11403
1042.46,0.104167
1213.1,0.121297
460.638,0.0460387
947.765,0.0944169
1184.84,0.118422
2530.5,0.253013
726.191,0.0725696
1558.61,0.155826
811.465,0.0811409
4558.01,0.455486
727.148,0.072699
7029.12,0.702154
1361.28,0.136086
1271.81,0.127155
7590.61,0.758563
1033.14,0.103306
704.059,0.0703583
2245.55,0.223828
1967.44,0.196732
2483.19,0.248121
1288.8,0.128873
820.929,0.0820695
701.174,0.0700859
3648.51,0.364791
2429.48,0.242677
943.546,0.09404
2422.62,0.242
1951.04,0.195078
894.085,0.0893899
853.35,0.0851845
1944.86,0.194284
1072.01,0.10719
1408.75,0.140624
540.465,0.0540015
1715.41,0.17145
1351.87,0.13513
1117.32,0.111506
1815.45,0.181512
853.507,0.0853441
1077.31,0.107728
1240.28,0.124002
1313.83,0.131356
1694.09,0.169345
1015.39,0.101531
20819,4.49515
852.099,0.0851813
782.687,0.0782614
1676.53,0.166487
647.244,0.0647146
777.775,0.0777116
1089.96,0.108978
928.032,0.092799
1138.48,0.113843
708.816,0.0708789
1396.32,0.139591
1032.53,0.103197
1043.86,0.104311
1568.52,0.156752
859.816,0.0859783
956.714,0.0956488
962.229,0.0961912
4075.5,0.407051
2143.14,0.214246
1554.04,0.155364
2678,0.267678
3620.68,0.361786
990.369,0.0986605
801.957,0.0801545
1080.68,0.107691
1292.86,0.129213
1546.8,0.154628
581.556,0.0581126
811.557,0.081138
1672.54,0.167175
9998.8,0.992532
3510.83,0.350877
986.096,0.0985999
1839.14,0.183892
796.7,0.0794188
934.62,0.0933705
1093,0.109276
2122.9,0.212182
681.542,0.0680278
1596.9,0.159563
1125.65,0.112557
980.493,0.0980162
948.516,0.094818
1096.02,0.109576
3661.53,0.366059
1004.9,0.100404
1892.1,0.189166
2255.27,0.225098
953.093,0.0952437
1791.07,0.179078
716.413,0.0715873
1234.13,0.123359
2269.88,0.226407
21078.8,2.08253
2318.39,0.231777
1180.87,0.117924
1653.29,0.16507
875.44,0.0875425
1205.22,0.120472
957.192,0.0957166
5295.53,0.528441
1905.07,0.190227
4409.39,0.440713
1334.13,0.133383
1849.48,0.184794
1897.23,0.189682
830.589,0.0830137
15685.2,1.56308
589.849,0.0589146
754.736,0.0754724
1197.12,0.119709
1372.58,0.137081
930.506,0.0929636
1464.7,0.146382
871.063,0.0870594
1329.18,0.132895
985.705,0.0985595
891.936,0.0891817
2454.43,4.52008
1782.83,0.178172
518.657,0.0518603
1205.49,0.120507
813.675,0.0813643
2008.85,0.200685
1005.77,0.100484
1181.77,0.117994
799.714,0.0811315
975.774,0.0974582
7850.74,0.784188
1531.44,0.15306
1122.72,0.112226
983.589,0.0980891
3986.03,0.397461
987.935,0.0987809
3625.25,0.362066
5159.52,0.515651
829.777,0.0826549
635.782,0.0635123
1341.98,0.134165
1567.82,0.156754
1500.55,0.150023
1618.59,0.161722
1301.23,0.129973
1659.02,0.165888
742.818,0.0741571
5034.2,0.501848
869.028,0.0868379
2883.13,0.286397
1272.29,0.127046
1251.29,0.125121
1037.93,0.103728
1429.2,0.142536
1350.65,0.135014
1244.34,0.124419
828.817,0.0828448
1738.77,0.173771
2344.32,0.234283
2244.71,0.223824
1417.03,0.141523
1223.58,0.113988
1399.75,0.139746
1244.47,0.124199
999.068,0.0998835
1503.24,0.150259
865.767,0.0865709
2797.86,0.279738
1639.8,0.163943
1920.89,0.192012
3131.56,0.312404
635.366,0.063532
932.713,0.0932352
1642.04,0.164194
1252.24,0.125201
1042.76,0.104231
5253.33,0.524119
1931.15,0.193101
1725.04,0.172331
888.203,0.0888191
853.342,0.0853295
1458.3,0.145592
827.757,0.0827524
596.207,0.0596155
1508.56,0.150176
570.936,0.0570838
3722.32,0.372144
616.224,0.0616183
1356.63,0.135254
825.655,0.0824374
1816.21,0.1816
642.392,0.0642371
980.177,0.097893
1336.06,0.133581
4875.24,0.486677
782.006,0.0781959
1660.48,0.165766
767.072,0.07663
1225.91,0.122546
1180.19,0.117804
840.398,0.0838925
803.286,0.0803253
1929,0.192871
991.448,0.0990184
1235.39,0.123537
853.291,0.0850998
1537.56,0.153719
1234.18,0.123233
928.11,0.0922157
1506.13,0.150597
1738.62,0.173837
1674.05,0.167364
2898.13,0.289496
827.548,0.0826585
4664.9,0.465748
865.703,0.0865374
773.545,0.0773274
1948.34,0.194358
1552.78,0.155255
1327.3,0.132104
948.665,0.0948163
2775.89,0.27754
976.795,0.0976688
4691.72,0.46842
1069.41,0.106891
1372.22,0.137166
2276.38,0.227452
1232.2,0.123185
9112.06,0.910891
1175.63,0.117496
2185.28,0.218404
903.815,0.0903256
1946.87,0.194619
1132.26,0.113188
1590.51,0.15883
1118.19,0.111807
2495.96,0.249502
1588.69,0.158356
568.996,0.0568692
1191.09,0.119102
705.875,0.0705382
833.584,0.0739022
1484.38,0.148168
5094.89,0.50904
1469.63,0.14696
3752.61,0.37394
2916.96,0.291301
3276.66,0.327393
837.299,0.0835634
753.482,0.0753032
892.964,0.0892776
828.604,0.082849
729.213,0.0728918
1568.97,0.156687
1850.74,0.173546
503.805,0.0503781
480.348,0.0480279
664.029,0.0664015
6170.76,0.616556
966.322,0.0963357
3230.51,0.322668
972.152,0.0971151
3513.52,0.351139
1399.05,0.139864
757.401,0.0757289
780.806,0.0780785
1472.29,0.147189
994.055,0.0993937
37482.5,3.72513
1042.87,0.104263
1349.03,0.134839
743.893,0.074366
2272.74,0.227084
745.626,0.0744633
1158.02,0.115725
801.307,0.0801228
1354.19,0.135402
1376.62,0.137619
3247.37,0.324616
1787.22,0.178541
1302.41,0.130234
1695.85,0.168382
2227.4,0.222342
946.849,0.0946675
1214.52,0.121366
2299.41,0.229826
1171.18,0.11709
1334.99,0.133456
604.951,0.0604327
2655.75,0.264318
849.877,0.0849667
923.913,0.0923581
1745.42,0.174114
1398.58,0.139839
3671.61,0.366592
2781.58,0.277956
1298.43,0.129836
1223.71,0.12221
1134.62,0.113362
2056.8,0.205517
872.268,0.0872206
697.217,0.0697027
698.443,0.0698406
304.703,0.0304233
1103.65,0.110316
1854.36,0.185407
2624.01,0.264872
1350.53,0.134955
1527.02,0.152666
1285.78,0.128503
1506.19,0.150614
1044.39,0.104375
1087.58,0.108732
664.41,0.0663278
1663.8,0.165967
1617.27,0.161687
2673.16,0.266769
1457.03,0.14562
2002.01,0.199551
1883.35,0.188298
739.159,0.0739139
1452,0.145167
2090.89,0.208874
1115.4,0.111496
865.399,0.0864964
1080.14,0.107934
1906.99,0.190567
855.974,0.085549
659.426,0.0657178
2039.26,0.20344
6163.67,0.616094
1310.89,0.131066
6342.13,0.630922
1640.34,0.163925
1195.93,0.119484
1051.86,0.105126
2810.16,0.280571
1990.22,0.198803
1438.51,0.143831
1060.23,0.106019
1433.01,0.143262
5838.47,0.583717
3515.9,0.351555
1587.86,0.158771
1711.88,0.169067
942.445,0.094224
1349.57,0.134903
841.84,0.0839478
5662.26,0.565322
1618.46,0.161758
893.835,0.0893564
632.248,0.0632169
886.074,0.0867938
4313.71,0.43093
772.753,0.0771728
899.084,0.089878
1865.86,0.186411
653.068,0.0652827
1408.68,0.140798
950.681,0.0950565
1017.42,0.101732
1576.54,0.157541
1639.95,0.163931
3003.08,0.298762
1393.06,0.139275
1978.43,0.194982
1670.28,0.167024
1859.02,0.185781
1025.66,0.102219
933.249,0.0932162
2689.77,0.268903
1900.42,0.18987
3960.74,0.395653
595.637,0.0595538
1473.81,0.14736
1685.6,0.168392
1894.6,0.187514
1879.46,0.187841
1006.76,0.10063
1185.73,0.118551
944.183,0.0942969
717.018,0.0713385
2596.68,0.259457
1306.56,0.13065
1167.7,0.116733
2108.51,0.210835
1449.36,0.144909
11772.1,1.17607
1034.28,0.103408
1878.42,0.18783
1170.36,0.11691
1098.14,0.109799
896.209,0.0895944
3038.39,0.30295
619.547,0.0619013
1295.51,0.129499
2215.47,0.221343
814.29,0.0813882
826.556,0.0825656
658.528,0.0658244
973.268,0.0968923
914.903,0.0913941
2457.54,0.245653
1863.9,0.186303
922.685,0.0921678
3404.5,0.340381
1682.65,0.167963
962.312,0.0962143
1457.67,0.145464
11286,1.12341
1524.55,0.152202
738.691,0.0738454
1091.78,0.109168
843.356,0.0843005
855.245,0.0855122
1376.15,0.137407
782.928,0.0782524
1455.76,0.145243
885.926,0.0884952
2156.14,0.215475
1180.98,0.118092
1290.92,0.129068
1707.72,0.170744
954.109,0.0954044
2297.75,0.229299
428.712,0.0428116
1461.14,0.146055
724.207,0.0724035
1833.38,0.182943
1924.23,0.19236
1665.09,0.165985
767.928,0.0767779
1380.8,0.137908
625.275,0.0625181
1240.61,0.124021
773.374,0.0773055
791.139,0.0791012
1648.48,0.164786
899.882,0.0897507
744.662,0.074464
2513.23,0.251238
1101.46,0.110042
430.499,0.042997
663.227,0.0662518
732.185,0.0732175
2183.44,0.217723
2060.7,0.205784
1757.46,0.175447
1168.08,0.116782
1638.7,0.163846
1469.72,0.146958
1118.98,0.111878
8583.66,0.856376
1263.15,0.126241
833.99,0.0831792
5782.98,0.577293
1536.85,0.15367
724.619,0.0724435
910.499,0.0906036
602.195,0.0601791
2307.77,0.230725
2005.51,0.200435
582.203,0.0582187
1361.81,0.135889
1189.31,0.118908
1210.96,0.120644
5280.84,0.52699
736.902,0.0736525
1237.22,0.123684
804.923,0.080448
1160.63,0.116057
998.245,0.0998177
1482.83,0.148263
1217.07,0.121583
857.454,0.0856116
1065.3,0.104139
1085.01,0.108471
2509.76,0.250667
1283.91,0.128348
1275.17,0.127498
724.323,0.0718996
1256.29,0.125612
2372.07,0.2361
1650.8,0.498612
1548.57,0.154391
777.132,0.0776937
1057.77,0.105638
1125.98,0.11249
2733.89,0.273362
458.492,0.0458134
1420.86,0.14204
2369.42,0.236503
880.579,0.0880008
734.003,0.0733985
1683.16,0.168068
1201.41,0.120128
1646.74,0.164642
1104.17,0.110135
901.206,0.0901162
3054.8,0.302522
1281.9,0.128084
5743.74,0.57352
1087.95,0.108774
1931.53,0.193073
1205.62,0.120509
1779.04,0.177898
2127.36,0.211047
1641.7,0.164148
1054.51,0.105415
1399.89,0.13997
1574.2,0.157359
1233.35,0.123244
2465.98,0.246341
473.124,0.0473115
703.483,0.0703356
818.895,0.0813858
955.435,0.0955104
927.083,0.0926377
1116.6,0.111643
2628.65,0.262612
1292.6,0.129209
815.564,0.0815305
1123.86,0.112348
2666.58,0.266237
1131.7,0.113161
1278.32,0.127788
816.398,0.0816328
993.589,0.0992486
1074.26,0.107409
1377.88,0.137613
1180.9,0.118057
2703.82,0.269454
511.41,0.0511228
840.947,0.0840863
2105.72,0.21026
861.731,0.086167
777.31,0.0776924
790.848,0.0790659
1688.56,0.168821
964.702,0.0963924
1059.99,0.105951
1115.67,0.111537
671.616,0.0671595
766.431,0.0766413
4064.53,0.406355
2955.73,0.295301
1260.75,0.125967
1323.07,0.13223
967.571,0.0965182
1378.21,0.137813
4703.18,0.469089
2740.13,0.273836
1337.74,0.13375
29300.7,2.87092
1447.77,0.144562
2023.82,0.202371
3338.34,0.333666
936.227,0.0936119
754.095,0.0754064
1213.79,0.121297
593.699,0.0585986
1214.12,0.12132
893.617,0.0893389
1111.22,0.110993
1108.79,0.112294
1577.05,0.157694
1345.65,0.134535
1295.87,0.129527
848.155,0.0848073
5561.56,7.09322
1712.57,0.171195
772.939,0.077285
739.159,0.0738797
1710.1,0.170728
501.002,0.0500337
11983.2,1.1964
394.189,0.0394027
1987.93,0.198777
785.52,0.0785506
1292.33,0.129177
844.567,0.0844022
684.758,0.0684604
2071.97,0.205471
1054.33,0.105428
6824.81,0.680879
1678.28,0.167789
1620.5,0.162016
793.074,0.0792779
589.563,0.0589213
771.386,0.0770946
863.198,0.0857597
1100.4,0.110003
894.194,0.0893896
2474.31,0.246163
1058.73,0.105658
2174.32,0.217304
1304.44,0.130373
831.197,0.0818647
2114.02,0.211357
1153.14,0.115259
1035.22,0.103499
2332.99,0.23284
783.281,0.0782895
838.91,0.0837998
3671.5,0.366913
4795.19,0.47866
513.648,0.0513396
1703.07,0.170277
1339.98,0.133985
1119.25,0.111849
1121.55,0.112102
860.633,0.0860334
7311.59,0.781803
2859.8,0.285848
1435.31,0.143228
1889.81,0.188659
1021.42,0.10214
931.315,0.0930851
629.457,0.0629375
544.536,0.0544479
1137.91,0.113754
1058.18,0.105722
903.118,0.0903063
1350.02,0.134709
2186.97,0.218627
2020.18,0.20199
1257.27,0.12454
1072.5,0.107139
852.395,0.0851397
1879.97,0.187984
1419.39,0.141876
1629.8,0.162917
1805.08,0.180482
1323.01,0.132252
1203.9,0.120308
1596.42,0.15958
1289.7,0.128965
1221.39,0.122102
3274.53,0.327098
768.63,0.0768521
1222.09,0.122161
1057.85,0.105758
1220.45,0.121882
763.446,0.0763375
2124.45,0.204696
1099.73,0.109932
1210.33,0.12099
734.231,0.0733575
1121.39,0.112125
1518.89,1.48989
864.741,0.0864418
11154.3,1.11492
1249.28,0.124925
861.837,0.0861569
914.055,0.0913576
1055.45,0.105502
4000.18,0.399843
1317.74,0.131712
2106.96,0.210622
8213.29,0.815504
1527.35,0.152634
1804.3,0.180217
2718.52,0.270748
930.937,0.0918023
1396.3,0.139608
554.986,0.0554954
1870.35,0.186777
4375.02,0.437035
1039.17,0.103904
2207.34,0.220618
1613.15,0.160877
506.537,0.0506368
1626.41,0.162195
1199.17,0.119903
1360.35,0.136008
745.52,0.0745456
1023,0.10147
863.25,0.0863231
1125.66,0.112428
1226.05,0.122568
563.593,0.0563465
1408.15,0.14075
2544.81,0.254118
4194.75,0.418068
1111.52,0.111135
1004.12,0.100112
1789.01,0.17872
1461.23,0.146103
1404.48,0.140406
964.686,0.0962983
1351.36,0.135102
11954.8,1.19443
942.825,0.0942576
1139.34,0.113853
1188.98,0.118872
711.948,0.0711834
3663.71,0.366338
1124.61,0.11232
2153.38,0.215107
917.972,0.09175
1683.65,0.168326
2850.14,0.284974
1586.74,0.15861
1183.84,0.11837
1084.62,0.108429
2876.06,0.287107
987.939,0.0987819
1899.6,0.189686
1077.48,0.107734
891.475,0.0891301
1112.21,0.111199
1213.16,0.121291
1459.63,0.14587
2220.07,0.221654
1187.88,0.118778
1008.1,0.100767
2147.84,0.214542
1338.84,0.13275
1067.25,0.106714
1353.73,0.134801
665.28,0.0665136
1386.37,0.138572
841.962,0.084177
750.736,0.0750447
990.284,0.0989978
1442.3,0.144178
990.745,0.0990271
762.572,0.0762405
2189.86,0.218956
725.12,0.0725002
950.458,0.0949996
983.322,0.0983219
945.089,0.0944886
889.463,0.0889375
1906.14,0.190552
1421.78,0.141346
1763.8,0.176204
1006.69,0.100658
1037.24,0.103695
1141.47,0.114087
902.514,0.0902459
780.272,0.0780194
2743.71,0.274226
3152.52,0.315173
955.634,0.095525
5515.42,0.551063
10424.7,1.03923
1069.64,0.106888
1800.08,0.179988
1445.01,0.144486
1294.78,0.129275
913.688,0.0913642
855.594,0.0855561
625.47,0.0625272
657.436,0.0657428
1477.07,0.147658
889.192,0.0888949
893.998,0.0893714
850.71,0.0850085
685.836,0.0685801
1040.86,0.104071
1567.39,0.156634
789.148,0.0789048
1301.12,0.130061
966.392,0.0966281
2470.72,0.246833
3349.49,0.334461
596.14,0.0594697
1969.42,0.196778
4151.87,0.414975
1113.68,0.111356
583.236,0.0583021
882.962,0.0882836
619.706,0.0619405
1312.38,0.131211
1811.31,0.181076
1153.58,0.115322
822.063,0.0821858
2159.46,0.215728
1222.85,0.122266
1041.98,0.104188
1139.53,0.113522
1995.57,0.19948
3924.03,0.391489
1165.26,0.116411
814.72,0.0814041
761.707,0.0752503
870.242,0.0869405
1325.8,0.132467
767.523,0.0767413
2997.97,0.299706
915.979,0.0915035
2177.75,0.217467
1243.04,0.12427
897.092,0.0896935
1927.9,0.192769
998.05,0.099768
1277.23,0.127715
1164.39,0.116359
837.167,0.0837083
843.792,0.0843043
787.333,0.0786996
1459.86,0.145959
717.75,0.0717526
2217.62,0.221432
2256.67,0.223409
1087.64,0.108726
947.871,0.0947823
748.117,0.0747823
1568.29,0.156779
1675.22,0.167468
806.65,0.080627
2537.68,0.25358
915.328,0.0915293
1247.79,0.12444
938.827,0.093848
2379.77,0.237811
599.72,0.0596171
858.857,0.0858653
839.585,0.0839437
5979.08,0.59746
789.636,0.0788999
1696.62,0.169651
785.684,0.0785487
1159.44,0.115922
999.043,0.0998367
1171.12,0.117062
1142.69,0.114192
1428.58,0.140462
1390.6,0.139046
1682.48,0.168048
706.124,0.0704402
806.419,0.0806375
631.511,0.0630923
831.272,0.0827509
3485.42,0.34811
618.356,0.0618321
1067.78,0.106721
998.436,0.0998295
1780.85,0.177944
1822.33,0.182188
1732.85,0.173187
852.967,0.0852326
2185.37,0.218524
2152.73,0.215143
2044.95,0.204298
1623.13,0.162268
831.908,0.0831749
2996.4,0.298378
1052.72,0.105165
1016.96,0.101659
2729.42,0.272909
1231.86,0.123166
1206.13,0.120384
892.005,0.0891909
989.169,0.0989078
1029.46,0.10294
1095.02,0.109492
3784.81,0.378336
813,0.0812933
929.139,0.0929099
1654.15,0.165391
2661.34,0.266099
3690.86,0.368095
1323.58,0.132246
1573.09,0.157246
1007.01,0.100624
999.856,0.099975
707.23,0.070703
3038.78,0.303748
1023.99,0.102314
1271.73,0.127104
1196.59,0.119654
1828.2,0.182774
1563.47,0.155915
1613.64,0.161355
489.548,0.0489364
553.628,0.0553529
825.538,0.0825431
1405.36,0.140517
834.549,0.08345
1260.39,0.126025
1872.7,0.187034
984.159,0.0984124
2529.61,0.252878
1473.93,0.147339
2612.4,0.261046
892.834,0.0892787
1018.24,0.101621
728.024,0.0727933
1365.71,0.136531
1207.85,0.120643
837.713,0.0837601
1415.93,0.141395
2848.7,0.284423
1709.92,0.170945
1044.66,0.104463
2045.94,0.204529
772.746,0.0772569
1070.14,0.106827
956.354,0.0955352
1289.56,0.128916
5984.11,0.598114
912.685,0.0912593
1471.18,0.147101
1186.03,0.118571
824.435,0.0824401
2022.95,0.202281
8554.07,0.850458
1644.38,0.164379
734.377,0.0734302
4015.89,0.401397
2075.54,0.20746
943.174,0.0942644
902.066,0.0901704
1080.13,0.107781
1488.34,0.148821
3182.36,0.31795
1752.25,0.175215
535.074,0.0534642
1488.02,0.148387
666.611,0.065186
2060.81,0.206036
1695.99,0.169557
1241.25,0.124111
1405.26,0.139794
1859.81,0.185859
5100.66,0.268246
1096.92,0.109691
1299.7,0.12983
819.748,0.0819557
1236.03,0.123544
1038.5,0.104699
941.147,0.0940582
1333.36,0.133315
1145.07,0.114484
2079.45,0.207922
2088.42,0.194768
1628.98,0.162663
1349.71,0.134922
1144,0.114393
1840.05,0.18397
1044.12,0.104366
1129.66,0.112926
1295.86,0.129414
2292.15,0.228972
1172.18,0.1172
827.017,0.0826914
11664.6,1.16229
486.881,0.0486851
1075.63,0.107553
763.01,0.0762135
1091.07,0.108999
2107,0.210587
940.106,0.0934372
1291.44,0.128917
787.752,0.078188
1932.49,0.193199
993.568,0.0992992
1442.38,0.144221
748.478,0.0747953
1300.46,0.130018
1383.35,0.137982
3051.98,3.28692
547.976,0.0547597
12236.1,1.2197
1109.08,0.110833
1143.17,0.113806
1903.01,0.189955
1732.63,0.173068
1926.4,0.192588
1142.95,0.114263
954.292,0.0953581
951.216,0.094967
1425.75,0.142496
968.477,0.0968363
1059.53,0.105937
1511.17,0.151107
1414.39,0.141426
997.518,0.0996295
4500.17,0.448793
779.931,0.0779399
1148.75,0.113956
2210.92,0.220162
761.86,0.0761253
1279.89,0.127981
858.375,0.0858166
1234.21,0.123401
1050.94,0.105026
4452.94,0.444502
1878.99,0.187753
843.868,0.08437
767.825,0.0766581
1279.95,0.127967
1565.76,0.156546
2383.38,0.237787
1044.03,0.104274
1481.63,0.148078
1008.68,0.100829
1074.07,0.107239
1713.29,0.171317
2318.62,0.231467
1083.73,0.107932
934.536,0.0934006
2053,0.20495
9568.46,0.954587
1961.87,0.195577
922.826,0.0922726
1227.84,0.122764
1853.97,0.18533
25049.4,2.49329
1942.06,0.194136
1078.7,0.107763
1762.02,0.176119
1044.33,0.104423
832.397,0.0832345
1550.78,0.15502
1100.86,0.110066
1195.43,0.119495
2999.5,0.299638
1738.84,0.173547
2030.38,0.203001
1646.86,0.164634
605.404,0.0605366
551.672,0.0551629
883.931,0.0882626
476.525,0.0476448
1805.61,0.1805
1201.3,0.120103
1662,0.166106
1125.68,0.112136
1547.08,0.15466
1039.98,0.103853
1048.95,0.10423
1136.89,0.113675
1204.8,0.120163
2720.95,0.272066
1914.38,0.190595
569.968,0.0569898
1399.08,0.139703
1723.14,0.172194
537.551,0.053736
2010.49,0.200076
1311.96,0.131177
1479.51,0.147901
1063.43,0.106328
1208.66,0.120792
985.517,0.0984425
1571.96,0.155548
1143.17,0.114123
999.886,0.0992293
1184.28,0.118412
1206.48,0.12061
946.428,0.094424
1287.59,0.128706
1067.62,0.106528
1118.04,0.111765
2142.52,0.214123
898.536,0.0898472
2095.59,0.209507
3447.97,0.344309
1096.95,0.109675
1365.86,0.136561
7831.41,0.782195
2219.98,0.221971
951.732,0.0951561
1571.26,0.156998
702.894,0.0702802
1309.61,0.130866
1544.51,0.154385
1983.31,0.19826
670.35,0.0669178
2022.53,0.202138
1507.99,0.150622
650.314,0.0649403
1002.24,0.0998833
5184.16,0.518114
3000.2,0.299928
686.069,0.0685507
2589.65,0.258812
911.005,0.0910647
1600.79,0.159726
1718.35,0.171739
1271.51,0.127087
3182.34,0.318146
1479.62,0.147895
1268.28,0.126782
765.313,0.0763899
1461.8,0.14615
1544.35,0.154291
1316.33,0.13159
1963.14,0.196267
1013.12,0.101304
1162.66,0.11576
910.709,0.0910655
2028.61,0.202784
1427.17,0.142683
1946.38,0.194387
996.52,0.0996415
680.095,0.0680068
5636.67,0.56328
1052.31,0.105227
1765.39,0.176449
1021.56,0.102048
2298.23,0.229186
1003.5,0.100233
1290.69,0.129031
1053.84,0.105337
953.224,0.0952699
1878.98,0.187601
1077.87,0.107775
579.948,0.0579855
1048.38,0.104826
1176.97,0.11759
1361.96,0.136116
1084.86,0.108455
1594.32,0.159413
899.543,0.0899133
1723.52,0.172307
1078.05,0.107757
2002.35,0.200144
8970.92,0.894381
4003.3,0.400127
655.593,0.0655469
1235.62,0.123381
1130.62,0.11298
1407.1,0.140671
1106.56,0.110158
890.264,0.0889524
1294.55,0.129431
2592.15,0.259139
2426.25,0.241631
1242.5,0.124233
1901.56,0.190095
843.142,0.0843126
1715.08,0.171459
1018.02,0.101796
984.712,0.0984554
1393.47,0.139252
1177.98,0.117749
1072.59,0.107202
3175.67,0.317119
2220.79,0.221812
1234.23,0.123113
599.279,0.059926
1061.17,0.10609
1293,0.129176
1390.3,0.139022
1111.03,0.111083
646.369,0.0646274
3439.62,0.343825
1065.66,0.106548
884.08,0.0883038
1154.83,0.115465
3477.32,0.34757
831.837,0.0831533
927.34,0.0908353
1172.97,0.117274
2179.6,0.217541
1670.62,0.166933
3126.99,0.312332
1125.13,0.112474
974.29,0.0974226
1362.92,0.136253
736.439,0.0715127
1554.16,0.155212
1109.03,0.110818
712.572,0.0712324
1647.92,0.163891
1961.38,0.196107
2059.42,0.205819
1982.09,0.19789
1302.47,0.130188
1522.27,0.152046
2062.28,0.206034
2592.15,0.259056
1669.29,0.166883
1515.98,0.151369
1965.16,0.196339
865.91,0.0865614
1825.54,0.18244
958.976,0.0958957
1016.51,0.101631
3417.1,2.27089
2225.99,0.222515
1500.44,0.149935
1767.53,0.176677
2455.01,0.231146
827.552,0.0826437
1131.64,0.113153
564.627,0.0564456
933.084,0.0931848
1296.37,0.129624
986.649,0.0986204
1885.47,0.188513
934.981,0.0934526
831.034,0.0829892
797.891,0.0797702
1023.52,0.102344
1682.57,0.168241
1318.89,0.13183
1850.34,0.184976
1604.88,0.160468
2881.49,0.287704
1503.29,0.1501
743.708,0.0743258
11628.5,2.63034
826.084,0.0825817
1029.99,0.102988
807.685,0.0807579
720.34,0.0720222
6281.71,0.627156
3354.16,0.33524
1662.17,0.166159
2097.05,0.20964
1554.59,0.155346
1127.18,0.112558
5641.23,0.56265
1849.84,0.184958
1517.43,0.151284
1523.83,0.152234
808.272,0.0808093
2553.03,0.255253
1063.27,0.106315
1338.14,0.133787
1357.38,0.135676
1143.51,0.114343
1038.91,0.10383
924.067,0.0923467
1058.5,0.105689
1522.74,0.152231
1278.21,0.127769
1164.77,0.116452
933.018,0.0932768
1217.98,0.121764
2164.59,0.216447
1338.63,0.133852
1699.2,0.168195
1433.97,0.143313
712.44,0.0712049
955.843,0.0955786
1112.07,0.111135
2350.32,0.235015
2237.87,0.223097
1545.14,0.154473
903.061,0.0903024
674.971,0.0674727
1549.15,0.154843
505.715,0.0504876
1121.7,0.112026
1175.18,0.1171
712.259,0.071222
1029.57,0.102843
1179.89,0.117946
2345.04,0.234471
706.415,0.0706334
1367.98,0.136713
2306.74,0.230651
1067.58,0.106688
1209.54,0.120768
1068.56,0.106832
8777.52,0.877002
692.241,0.0692219
983.584,0.0982627
778.011,0.0777324
2137.07,0.212609
808.369,0.080382
902.816,0.0902799
2204.3,0.2203
1310.66,0.130953
989.553,0.0988736
966.079,0.0966008
972.173,0.0971497
1061.53,0.106114
1454.38,0.145415
1841.92,0.18406
2156.3,0.215488
1498.39,0.149817
1361.33,0.136116
2430.36,0.242873
2030.45,0.202986
1094.17,0.11022
1303.59,0.130331
731.871,0.0731467
846.774,0.0844998
792.341,0.0792073
1465.58,0.14636
1289.82,0.128939
1381.61,0.138088
1379.64,0.137912
1421.47,0.142114
1471.75,0.147079
4625.73,0.46189
984.111,0.0983911
736.191,0.073482
1198.49,0.119587
1807.11,0.180491
1291.31,0.129107
1450.56,0.144958
1121.56,0.11215
1045.04,0.104484
2503.29,0.250269
772.426,0.0771416
1219.29,0.121843
1044.55,0.104453
559.994,0.055987
473.85,0.047375
1946.99,0.1946
5747.43,0.57451
1149.7,0.114957
1727.26,0.171396
1547.03,0.154666
1257.06,0.125701
925.442,0.0914837
857.717,0.0857622
1241.74,0.124042
1143.57,0.114343
1446.13,0.143926
1106.08,0.110563
878.5,0.0877442
1654.74,0.165449
2133.14,0.212976
999.11,0.0998308
2277.29,0.227291
16964.9,1.68651
818.455,0.0818442
2570.79,0.257045
1485.04,0.148463
1605.15,0.160432
727.894,0.0727296
1649.7,0.155144
1300.53,0.129998
1194.12,0.119307
1351.91,0.135173
1247.78,0.124465
1345.13,0.134452
472.183,0.0471746
795.969,0.0793673
1201.32,0.120123
1034.84,0.103464
2005.52,0.200487
1312.52,0.132353
1478.39,0.14749
825.902,0.0824714
602.643,0.0602261
805.769,0.0805577
951.998,0.0951172
1085.25,0.108519
544.618,0.0544591
1492.38,0.149224
2138.52,0.213715
1752.89,0.175269
882.13,0.0881965
1710.73,0.171002
1297.5,0.129289
988.92,0.0988583
1396.75,0.139635
1860.08,0.185907
1017.05,0.101702
1070.37,0.106963
790.001,0.0789566
821.061,0.0820847
1465.69,0.146236
3702.01,0.369699
838.387,0.083826
880.353,0.0880138
1069.16,0.106212
1269.7,0.126894
1313.37,0.131286
891.346,0.0891013
12958.2,1.28885
1839.79,0.183955
1252.57,0.125252
1048.18,0.104669
692.908,0.0692814
3091.95,0.309005
1429.86,0.142942
1755.46,0.17553
1578.35,0.157721
957.567,0.0957308
1727.92,0.17278
997.739,0.0997224
776.031,0.0775841
2173.81,0.214436
829.532,0.0828668
6029.53,0.60232
596.768,0.0596177
1428.62,0.142843
805.399,0.0804855
905.068,0.0904895
1826.12,0.182596
1209.75,0.120844
1630.4,0.162925
858.135,0.0841846
2043.66,0.204224
5239.84,0.523691
2196.34,0.219534
743.456,0.0743407
1028.35,0.102819
1363.68,0.136296
1179.73,0.11797
1523.65,0.151892
879.342,0.0879283
1086.55,0.108561
3686.3,0.368295
3723.25,0.371887
1774.79,0.177343
1903.41,0.190057
2217.76,0.221621
2648.95,0.264828
1484.86,0.148455
1057.77,0.105752
19551.8,1.94196
1288.84,0.128811
1908.24,0.190682
962.252,0.0962167
1699.21,0.169904
1014.42,0.101295
1112.52,0.11114
893.832,0.0892681
1203.27,0.120298
2258.36,0.225559
961.003,0.0959749
1221.91,0.122002
1554.4,0.155411
1356.38,0.135479
835.618,0.0764868
1994.32,0.199386
2016.13,0.20159
1602.29,0.160135
896.33,0.0896224
1696.84,0.169489
13362.3,1.33324
1168.88,0.116885
1906.74,0.19066
3691.11,0.34022
1127.21,0.112704
521.868,0.052136
1341.75,0.134082
2621.39,0.260688
2022.07,0.201862
669.969,0.0684446
1263.55,0.126224
981.191,0.0977877
968.776,0.0968722
2109.22,0.210485
1670.98,0.167087
1139.89,0.11392
1676.19,0.167527
1243.89,0.124258
1833.98,0.183121
2040.11,0.203976
1420.96,0.141986
2262.48,0.226205
645.55,0.0645439
1278.64,0.127848
2770.05,0.276845
1106.08,0.110586
860.507,0.0860493
1028.57,0.102701
1194.82,0.119453
533.222,0.0533118
607.154,0.0607107
1150.43,0.114845
989.115,0.0986027
1485.25,0.148178
1020.28,0.101964
1420.51,0.141823
969.7,0.0969374
780.982,0.0780508
3430.1,0.342912
874.244,0.0873573
2045.04,0.204141
1605.36,0.156922
1078.29,0.107793
1375.22,0.137489
1222.99,0.122252
1605.58,0.160534
929.216,0.0929001
2473.2,0.246878
1112.49,0.111213
1344.9,0.134457
793.366,0.0792848
1414.92,0.14072
852.25,0.0851924
1027.97,0.102792
1066.4,0.106602
724.897,0.0724866
880.977,0.088091
2310.59,0.230282
830.874,0.0830588
688.664,0.0688305
894.449,0.0893842
900.056,0.0899652
1008.79,0.100842
2490.15,0.245845
808.433,0.0807945
645.999,0.0645668
1262.14,0.126171
1638.11,0.163791
1121.37,0.111976
1945.44,0.194276
1309.15,0.130871
1827.61,0.182679
2931.83,0.292866
1124.96,0.112485
1531.58,0.153145
809.377,0.0809353
1067.1,0.106657
710.262,0.0710029
925.059,0.0924901
1071.96,0.107119
1060.62,0.106004
1264.65,0.126396
1172.75,0.117263
1324.22,0.132031
1034.07,0.103358
1180.89,0.118008
1303.2,0.130302
828.715,0.0827555
900.774,0.0900332
10558.5,4.06051
804.715,0.0804634
865.234,0.0865083
1497.02,0.149691
1667.49,0.166368
2437.08,0.243593
1923,0.192223
1260.33,0.125995
1058.87,0.1044
1666.82,0.166639
1279.07,0.127859
1388.38,0.138808
931.36,0.0930102
1519.22,0.151911
1296.72,0.129573
1310.68,0.131042
1604.59,0.160392
968.302,0.0967771
2177.82,0.217616
25235,2.51132
1323.6,0.132353
1047.48,0.104738
949.331,0.0949249
3236.86,0.323509
775.686,0.0775431
1112.85,0.111249
994.865,0.0994844
975.087,0.0975028
1091.76,0.10917
1511.36,0.15102
653.566,0.0652345
1181.07,0.118021
478.448,0.047833
1611.97,0.161182
1794.94,0.179421
1011.13,0.101106
1182.55,0.118162
1257.32,0.125596
1063.92,0.106384
1720.97,0.172042
871.179,0.086945
665.653,0.0665609
1057.45,0.105736
1749.17,0.174487
712.283,0.0712015
1033.82,0.103344
1383.24,0.138202
4783.47,0.477472
2495.95,0.248748
1017.22,0.101715
1247.13,0.124687
662.001,0.066097
834.673,0.0834225
1257.85,0.125519
845.948,0.0845878
835.202,0.0834538
2643.75,0.26409
1189.29,0.11891
6950.37,0.694553
1285.26,0.12833
718.197,0.0716741
1815.62,0.181542
808.865,0.0808812
2136.76,0.213489
784.128,0.0782899
1438.34,0.143804
1106.64,0.110618
1246.6,0.124652
1482.42,0.148237
818.653,0.0818188
1030.96,0.103068
1966.74,0.196626
996.012,0.0995272
1885.2,0.188452
1038.27,0.103801
2401.01,0.239821
1250.27,0.125013
2420,0.241621
2105.07,0.210451
1974.57,0.197286
4475.67,0.447334
892.458,0.0892182
589.297,0.0589085
1478.59,0.147694
1081.98,0.108165
2031.96,0.20313
845.899,0.0845371
3912.38,0.391205
1640.6,0.163967
1554.17,0.155251
1483.35,0.148284
653.291,0.0653221
916.062,0.091601
2441.27,0.243836
1145.97,0.114579
1720.43,0.171954
1790.84,0.179067
880.795,0.0880772
6282.45,0.627544
3702.32,0.370047
1820.6,0.182047
1472.34,0.147031
1085.21,0.108389
553.843,0.0553669
982.134,0.0982034
4019.53,0.401403
1246.5,0.124539
2010.1,0.200795
1412.74,0.141199
661.924,0.0661915
13157.1,1.31507
2201.32,0.220117
1527.75,0.152635
930.168,0.0929992
998.072,0.0997957
646.12,0.06456
1074.91,0.10745
11509,1.14807
1619.84,0.161804
1803.89,0.180292
1966.64,0.196563
1075.17,0.107494
637.514,0.0636158
1110.7,0.110913
1831.76,0.183146
1902.75,0.190222
8628.39,0.869465
696.654,0.0696504
1164.56,0.116436
1235.96,0.123487
1251,0.124511
1056.49,0.105646
836.902,0.0836258
1047.14,0.104701
776.614,0.0776562
624.658,0.0624507
1178.95,0.117265
558.913,0.0551356
1589.98,0.158832
1335.91,0.133539
1653.54,0.16531
876.201,0.0875004
1452.62,0.145217
2464.34,0.246283
1084.55,0.108378
1393.31,0.138662
1038.41,0.103734
914.102,0.0913444
1185.88,0.11858
11791.6,1.17581
744.478,0.0744359
1223.5,0.122324
1322.15,0.1319
2599.42,0.259578
800.618,0.0800585
682.923,0.0682818
1538.74,0.153696
1200.36,0.119973
731.862,0.0731842
624.18,0.0623801
1233.55,0.123165
1056.84,0.105615
1469.3,0.146855
2027.32,0.202685
1216.58,0.121644
962.008,0.0961298
4378.68,0.43678
923.763,0.0923673
1415.54,0.141454
1986.35,0.198335
857.45,0.0857357
718.01,0.0717992
1350.39,0.134973
1467.13,0.146677
2771.65,0.277033
1394.73,0.139465
6019.68,0.601396
2812.49,0.281091
4212.78,0.420822
1112.65,0.111178
1503.81,0.150343
848.869,0.0841949
892.626,0.0892315
1118.3,0.111823
1536.46,0.153499
1428.49,0.14275
1067.74,0.106765
1440.5,0.14397
1571.27,0.157032
1026.87,0.10268
1114.24,0.111399
3407.68,0.340522
364.212,0.0363873
936.822,0.0936273
1256.03,0.125488
1013.72,0.101045
996.984,0.0996835
915.164,0.0914807
1650.56,0.165027
1067.7,0.106472
1941.94,0.194064
1040.38,0.104033
1249.01,0.124822
647.613,0.064759
925.822,0.0924817
1105.82,0.110564
910.903,0.0910572
757.166,0.0757047
680.148,0.0680024
435.291,0.0435086
1132.21,0.113182
1036.52,0.10365
1726.49,0.172443
891.902,0.0891359
1294.22,0.129375
1564.82,0.156391
553.394,0.05533
996.253,0.0996113
1269.62,0.126928
1455.53,0.145519
1368.6,0.136708
1414.48,0.141191
3549.9,0.35474
870.564,0.086656
2150.66,0.214962
1128.46,0.112816
1320.16,0.13148
951.642,0.0950218
2191.19,0.219098
740.442,0.0740003
1253.4,0.125284
3014.29,0.30119
888.399,0.0888299
793.481,0.0791516
2255.64,0.225344
986.17,0.0985385
1360.52,0.136035
1692.4,0.168918
847.513,0.0847484
767.814,0.0767601
2347.73,0.234652
1429.55,0.142939
1936.17,0.193481
2000.76,0.199979
3465.68,0.346269
791,0.0790516
903.344,0.0903277
1517.31,0.151684
1365.65,0.136543
1279.19,0.127894
4791.03,0.478316
1355.33,0.135504
1002.83,0.100232
919.743,0.0919533
887.813,0.0884003
1006.53,0.100635
1427.72,0.142744
1707.73,0.17048
883.844,0.0881713
2709.95,0.270878
1263.56,0.126334
1347.84,0.134759
1339.57,0.133866
529.602,0.0527059
1288.9,0.12873
4740.61,0.473869
2516.73,0.251642
4534.12,0.451917
11480.9,1.14251
1124.45,0.112234
4324.41,0.431862
1877.29,0.187671
1381.4,0.138072
738.081,0.0733153
1651.6,0.165129
1456.54,0.145626
13286.1,1.32223
2319.56,0.23189
2253.85,0.225224
948.874,0.0948397
1865.79,0.186543
1596.07,0.15956
702.562,0.0702122
1591.21,0.159024
2107.97,0.210641
2056.85,0.20551
2085.24,0.208406
1080.2,0.107977
1221.36,0.122037
561.154,0.0561131
1955.54,0.195342
15486.9,1.54522
717.634,0.0717012
2079.16,0.20766
1750.85,0.174953
661.777,0.066062
1975.56,0.19708
1179.5,0.117928
2092.48,0.209008
1042.7,0.103992
974.661,0.0973758
1373.79,0.137323
1901.84,0.190164
5703.95,4.5624
1567.1,0.156404
986.607,0.0986573
8278.01,0.825669
1521.88,0.152168
911.421,0.0908993
1441.94,0.143933
793.051,0.0792906
1209.59,0.120943
1149.69,0.114808
3216.92,0.321471
939.835,0.0938706
685.334,0.0685018
2772.46,0.277145
2508.91,0.250829
973.131,0.097217
881.293,0.0880966
1240.1,0.123977
922.675,0.0922404
4032.16,5.98602
1266.89,0.126671
1253.46,0.125032
1634.39,0.163413
1143.25,0.114312
1477.51,0.14772
1192.37,0.119196
904.193,0.0904169
4779.55,0.477528
1314.12,0.131165
1090.64,0.108992
698.12,0.06981
678.57,0.0678522
710.588,0.0710488
1086.24,0.108218
1294.49,0.129431
2377.19,0.237635
597.989,0.0597962
1342.06,0.134155
807.425,0.08074
1657.39,0.165671
1611.46,0.161125
750.344,0.0749513
1848.21,0.181721
577.136,0.0576915
2108.33,0.210636
892.15,0.0892136
1755.34,0.175373
882.284,0.0882168
728.811,0.0728281
1901.07,0.190005
469.983,0.0469955
884.922,0.0884746
1417.17,0.141476
2561.62,0.255961
851.566,0.0851537
2390.12,0.238976
2307.8,0.230692
629.915,0.0629855
1023.75,0.102317
1140.96,0.114087
753.964,0.0749407
896.001,0.0895919
3085.93,0.308494
1619.74,0.161961
466.508,0.0466025
1730.35,0.172934
831.169,0.083064
2033.47,0.20328
1452.92,0.145222
1000.7,0.100042
1758.59,0.175829
860.146,0.0857347
1306.12,0.130556
1261.13,0.126062
2124.89,0.212419
828.194,0.0828156
821.642,0.0821542
605.121,0.0605118
1002.77,0.100251
843.135,0.0843118
1785.31,0.178456
2064.62,0.206397
1094.96,0.109295
1813.18,0.180994
1422.68,0.142212
1749,0.174814
2282.41,0.228124
2032.46,0.202944
1362.84,0.136261
1004.36,0.100416
994.736,0.0992946
858.1,0.0857837
1062.02,0.106162
1333.81,0.133208
1966.08,0.196596
1780.69,0.178047
1459.14,0.145903
876.255,0.0874426
1436.79,0.143498
1464.47,0.145937
960.316,0.0960057
578.357,0.0578036
2456.09,0.245479
2421.82,0.242014
1603.45,0.160245
1074.17,0.107402
899.744,0.0899517
532.072,0.0532004
966.769,0.0966091
1746.54,0.174624
4302.95,0.430045
942.847,0.0941794
1065.55,0.106439
922.474,0.0922446
1736.99,0.173673
846.224,0.0846132
713.254,0.0713039
850.383,0.085009
1141.22,0.113965
1515.87,0.151528
687.357,0.0687316
1220.18,0.121856
961.272,0.0959764
2923.29,0.291957
1257.39,0.125677
2578.57,0.257671
1869.85,0.186742
1578.91,0.157827
1158.66,0.115806
1011.12,0.100645
971.306,0.0971217
658.083,0.0657764
3257.03,0.325451
1575.95,0.157547
753.834,0.0751742
787.759,0.0787166
1207.13,0.120376
698.799,0.069866
2255.99,0.225256
1560.42,0.155614
917.056,0.0917022
1157.69,0.115746
1199.94,0.119971
831.849,0.0830263
903.929,0.0903708
1399.6,0.139918
754.862,0.0754776
849.542,0.0848362
1808.1,0.180502
1123.28,0.112225
411.238,0.0411149
1701.65,0.170086
2442.66,0.244044
1453.36,0.145284
857.703,0.0857289
1051.5,0.105147
2858.41,0.28499
750.457,0.0750343
1064.27,0.106413
668.909,0.0668385
1334.54,0.133437
1156.22,0.115612
521.365,0.0521149
1453.45,0.145302
979.155,0.097696
876.57,0.0872564
1144.43,0.114242
1767.2,0.176375
2114.05,0.211177
1770.99,0.177055
954.006,0.0953308
1843.6,0.184
967.906,0.0967833
1303.24,0.130299
1244.04,0.124245
1331.71,0.133104
968.507,0.0968286
1142.27,0.114157
935.851,0.0935489
1361.29,0.136103
2585.41,0.258416
1169.15,0.116775
829.473,0.0829225
1348.2,0.134777
10663.2,1.06336
792.791,0.0791221
1769.19,0.176718
3080.86,0.30729
2290.2,0.228809
896.213,0.0895917
1228.76,0.122849
497.119,0.0497013
677.158,0.0673369
2192.58,0.218818
1705.67,0.170543
767.966,0.0767708
1055.02,0.105461
2659.9,0.265962
572.094,0.057166
1457.08,0.145692
1396.06,0.139574
1020.51,0.101801
1109.32,0.110836
910.067,0.0909645
2617.35,0.261648
1078.71,0.107864
1895.91,0.189462
864.522,0.0864447
1131.99,0.113183
975.079,0.0971698
1165.3,0.116495
765.91,0.0765332
920.101,0.09197
2131.43,0.213008
1813.09,0.181293
931.643,0.0931549
766.764,0.0766698
935.811,0.082248
981.462,0.0980318
728.786,0.0728491
1082.67,0.10808
1454.79,0.145469
573.481,0.0573052
1903.1,0.190034
3653.83,0.365139
1131.85,0.112937
1481.82,0.148156
728.417,0.0728375
799.569,0.0799107
1182.17,0.118187
930.747,0.0929595
749.699,0.0747867
812.986,0.0812972
1046.12,0.10448
1455.65,0.145502
1830.28,0.183011
833.407,0.0833206
1004.91,0.100448
438.969,0.0438881
1517.92,0.151667
2274.04,0.227991
1780.03,0.177991
1493.94,0.149348
1069.22,0.106588
905.618,0.0905543
975.723,0.0975464
684.423,0.0684261
712.737,0.0712249
5296.17,0.528899
1280.62,0.127864
2618.74,0.261723
1106.96,0.110678
877.856,0.0877423
900.96,0.0900093
931.506,0.0928398
3281.29,0.327354
1233.75,0.123363
1069.07,0.106891
1186.77,0.118413
1145.72,0.114465
897.546,0.0897504
1306.5,0.130639
1561.13,0.156093
1018.76,0.101853
998.974,0.0998009
916.853,0.0916725
1538.39,0.153828
3055.27,0.305372
1200.3,0.120014
2439.99,0.24392
968.418,0.0968356
1926.29,0.192584
707.383,0.0707314
1385.71,0.138558
1227.95,0.122206
994.031,0.0993493
1613.71,0.161181
6471.1,0.646797
2095.47,0.20922
1222.56,0.122205
2673.87,0.267344
964.532,0.0964129
1058.49,0.105778
889.185,0.08891
2197.67,0.219664
3205.16,0.320448
1432.61,0.143132
842.525,0.0841429
2023.1,0.197665
1071.94,0.106838
958.127,0.0953824
907.02,0.0906984
938.749,0.0938658
765.269,0.076516
1335.91,0.13353
912.685,0.0912513
1405.35,0.140398
1061.85,0.105916
1121.77,0.112141
1445.62,0.144272
2165.45,0.216255
1799.85,0.179782
2487,0.24856
2119.99,0.211953
1889.72,0.188896
1780.61,0.178009
1628.5,0.162808
843.432,0.0843351
2500.58,0.249961
776.015,0.0775763
857.581,0.0857546
1032.12,0.103111
1069.56,0.106828
949.455,0.0949427
1670.66,0.166706
3047.86,0.30461
1025.84,0.102556
1015.73,0.101536
1622.91,0.162265
1459.1,0.145879
1599.47,0.159938
1416.17,0.140558
962.405,0.0962372
1326.41,0.132594
569.997,0.0569766
3213.4,0.321049
1435.04,0.142868
1309.07,0.130727
802.692,0.0802558
1972.13,0.197171
2822.16,0.28187
999.472,0.0998994
1491.82,0.149158
988.344,0.0986146
866.878,0.086649
619.872,0.0619624
1202.85,0.120281
1760.86,0.175947
2243.15,0.224297
1057.02,0.105669
884.591,0.0883174
18688.4,1.86084
1307.96,0.130317
1343.44,0.134235
1453.78,0.145252
1024.75,0.102414
832.811,0.0832522
647.285,0.0647155
656.158,0.0654385
769.225,0.0768939
2789.89,0.278391
893.386,0.0893303
3527.23,0.352502
1714.69,0.171378
865.292,0.0864917
1364.26,0.136413
2466.17,0.246446
902.196,0.0901713
1234.31,0.123392
911.21,0.0911047
4749.39,0.474769
1351.3,0.13511
7370.78,0.736264
796.707,0.0796431
797.458,0.0797413
860.085,0.0859261
1806.12,0.180519
1568.25,0.156811
12001.9,1.19704
1039.15,0.103853
862.762,0.0862327
1014.44,0.101271
617.948,0.0617794
779.179,0.0778502
954.393,0.0953872
1252.52,0.125202
3719.78,0.371618
1059.84,0.105926
1309.26,0.130917
1705.97,0.170522
1188.91,0.118832
706.759,0.0706706
1616.57,0.161549
990.699,0.0990461
17158.4,2.95029
4951.17,0.494417
1055.76,0.105525
670.15,0.0662276
2030.8,0.203012
817.92,0.0817684
839.695,0.0838979
1036.45,0.103452
890.483,0.0889365
1186.5,0.118634
766.249,0.0766233
2049.33,0.18032
1222.16,0.12189
889.887,0.0889673
14977.9,1.49458
757.751,0.0757703
879.775,0.0879403
976.227,0.0976183
1052.75,0.105244
5938.21,0.593486
2453.94,0.245103
1112.76,0.111266
978.563,0.0978466
697.1,0.0697024
1062.34,0.106171
1895.8,0.189573
1752.72,0.17526
1983.45,0.19832
771.247,0.0769028
797.073,0.0797022
2572.02,0.256861
1005.65,0.10034
1040.04,0.103838
1127.87,0.112763
1039.79,0.103877
1059.12,0.105853
1328.91,0.132626
1466.37,0.144731
1170.12,0.116999
1378.92,0.137881
1261.68,0.126154
1913.2,0.190934
4191.19,0.418958
1458.07,0.145796
756.82,0.075618
603.813,0.0603494
1476.3,0.147207
891.049,0.0890528
1013.13,0.101254
3082.08,0.307918
1919.08,0.19168
1134.99,0.113454
612.52,0.0612237
1191.78,0.119152
1359.91,0.13591
2155.99,0.215485
767.117,0.0767054
1179.41,0.117905
2165.95,0.216427
1574.19,0.157377
594.425,0.0591471
977.959,0.0977827
1481.12,0.148059
